time,open,high,low,close,volume
2018-01-01 20:00:00+00:00,0.77979,0.78163,0.77955,0.7799,10413
2018-01-02 00:00:00+00:00,0.78008,0.78033,0.78008,0.78033,1093
2018-01-02 04:00:00+00:00,0.78323,0.78439,0.78301,0.78353,14215
2018-01-02 08:00:00+00:00,0.78367,0.78443,0.78222,0.78222,15924
2018-01-02 12:00:00+00:00,0.78215,0.78344,0.78172,0.78314,23873
2018-01-02 16:00:00+00:00,0.78312,0.78322,0.7822,0.78314,14864
2018-01-02 20:00:00+00:00,0.78303,0.78362,0.78258,0.78305,10138
2018-01-03 00:00:00+00:00,0.78312,0.78361,0.78054,0.78114,22891
2018-01-03 04:00:00+00:00,0.78114,0.78235,0.78083,0.78204,17440
2018-01-03 08:00:00+00:00,0.78186,0.78389,0.78156,0.78325,16553
2018-01-03 12:00:00+00:00,0.78324,0.78427,0.78246,0.78327,22465
2018-01-03 16:00:00+00:00,0.78337,0.78445,0.78253,0.78406,19332
2018-01-03 20:00:00+00:00,0.78402,0.7844,0.78246,0.78268,10213
2018-01-04 00:00:00+00:00,0.78262,0.78329,0.7815,0.78317,18212
2018-01-04 04:00:00+00:00,0.78326,0.78552,0.78316,0.78522,18119
2018-01-04 08:00:00+00:00,0.78502,0.78514,0.78337,0.78473,18321
2018-01-04 12:00:00+00:00,0.78468,0.78612,0.78253,0.78601,27012
2018-01-04 16:00:00+00:00,0.78613,0.78655,0.78522,0.78655,18519
2018-01-04 20:00:00+00:00,0.78652,0.78678,0.78587,0.78636,9671
2018-01-05 00:00:00+00:00,0.78635,0.78692,0.78431,0.78574,18662
2018-01-05 04:00:00+00:00,0.78572,0.78583,0.78356,0.78385,15523
2018-01-05 08:00:00+00:00,0.78408,0.78531,0.78388,0.78473,13665
2018-01-05 12:00:00+00:00,0.78462,0.78671,0.78404,0.78573,43166
2018-01-05 16:00:00+00:00,0.78574,0.78694,0.78548,0.78694,13838
2018-01-05 20:00:00+00:00,0.78686,0.78744,0.78589,0.78589,4503
2018-01-07 20:00:00+00:00,0.78619,0.78704,0.7859,0.78591,4408
2018-01-08 00:00:00+00:00,0.78609,0.78725,0.78443,0.78513,13278
2018-01-08 04:00:00+00:00,0.78515,0.78515,0.78271,0.78292,14824
2018-01-08 08:00:00+00:00,0.78314,0.78423,0.7827,0.78355,15208
2018-01-08 12:00:00+00:00,0.78361,0.78423,0.78284,0.78366,19301
2018-01-08 16:00:00+00:00,0.78368,0.78419,0.78352,0.78414,11208
2018-01-08 20:00:00+00:00,0.78405,0.78453,0.78384,0.78451,6015
2018-01-09 00:00:00+00:00,0.78434,0.78635,0.78425,0.78626,20567
2018-01-09 04:00:00+00:00,0.78619,0.78623,0.78474,0.78474,16723
2018-01-09 08:00:00+00:00,0.78465,0.78465,0.78126,0.78298,27207
2018-01-09 12:00:00+00:00,0.78308,0.78353,0.78075,0.78199,26299
2018-01-09 16:00:00+00:00,0.78215,0.78273,0.78162,0.78241,16176
2018-01-09 20:00:00+00:00,0.78244,0.78267,0.78103,0.78108,10591
2018-01-10 00:00:00+00:00,0.78118,0.78296,0.78086,0.78264,22120
2018-01-10 04:00:00+00:00,0.78256,0.78291,0.78107,0.78234,22992
2018-01-10 08:00:00+00:00,0.78238,0.78658,0.78223,0.78572,40244
2018-01-10 12:00:00+00:00,0.78559,0.78597,0.78329,0.78479,36475
2018-01-10 16:00:00+00:00,0.7848,0.78488,0.78299,0.78369,26853
2018-01-10 20:00:00+00:00,0.78369,0.78472,0.78364,0.78465,14699
2018-01-11 00:00:00+00:00,0.78469,0.78809,0.78383,0.78707,31715
2018-01-11 04:00:00+00:00,0.78704,0.7886,0.78624,0.7868,22290
2018-01-11 08:00:00+00:00,0.78679,0.78776,0.78649,0.78689,22795
2018-01-11 12:00:00+00:00,0.78693,0.78848,0.78598,0.78736,45832
2018-01-11 16:00:00+00:00,0.78736,0.78945,0.7873,0.78936,20891
2018-01-11 20:00:00+00:00,0.78924,0.7895,0.7885,0.7886,10275
2018-01-12 00:00:00+00:00,0.7886,0.7902,0.78757,0.7881,22656
2018-01-12 04:00:00+00:00,0.78817,0.78887,0.78744,0.78754,17430
2018-01-12 08:00:00+00:00,0.78736,0.78868,0.78652,0.78714,30409
2018-01-12 12:00:00+00:00,0.78703,0.78949,0.78486,0.78918,53792
2018-01-12 16:00:00+00:00,0.78894,0.79158,0.78829,0.79119,30221
2018-01-12 20:00:00+00:00,0.79119,0.79226,0.791,0.79136,7293
2018-01-14 20:00:00+00:00,0.79032,0.79168,0.79032,0.79081,4400
2018-01-15 00:00:00+00:00,0.79085,0.79419,0.79074,0.79409,32397
2018-01-15 04:00:00+00:00,0.79418,0.79596,0.79387,0.79449,27617
2018-01-15 08:00:00+00:00,0.79457,0.79666,0.79431,0.79444,24814
2018-01-15 12:00:00+00:00,0.79446,0.79737,0.79432,0.79726,23200
2018-01-15 16:00:00+00:00,0.79785,0.79785,0.79679,0.79679,19595
2018-01-15 20:00:00+00:00,0.79687,0.79705,0.79602,0.79602,9628
2018-01-16 00:00:00+00:00,0.79601,0.79742,0.79503,0.79618,22170
2018-01-16 04:00:00+00:00,0.79635,0.79747,0.79534,0.79616,26978
2018-01-16 08:00:00+00:00,0.79632,0.79694,0.794,0.79475,28917
2018-01-16 12:00:00+00:00,0.79475,0.79585,0.79381,0.79572,30859
2018-01-16 16:00:00+00:00,0.79574,0.79667,0.79512,0.79601,23478
2018-01-16 20:00:00+00:00,0.79602,0.79739,0.79552,0.79705,10565
2018-01-17 00:00:00+00:00,0.7971,0.79979,0.79638,0.7965,35810
2018-01-17 04:00:00+00:00,0.7965,0.7967,0.79412,0.79484,34389
2018-01-17 08:00:00+00:00,0.79493,0.79851,0.79493,0.7969,29405
2018-01-17 12:00:00+00:00,0.79692,0.79765,0.79624,0.79765,38039
2018-01-17 16:00:00+00:00,0.79764,0.80223,0.79737,0.80077,33929
2018-01-17 20:00:00+00:00,0.80059,0.8006,0.79542,0.79711,23731
2018-01-18 00:00:00+00:00,0.79722,0.79827,0.79421,0.79522,39395
2018-01-18 04:00:00+00:00,0.79543,0.79777,0.79543,0.79749,27824
2018-01-18 08:00:00+00:00,0.79767,0.79944,0.79744,0.79895,23847
2018-01-18 12:00:00+00:00,0.79905,0.80047,0.79835,0.79856,36405
2018-01-18 16:00:00+00:00,0.79841,0.80066,0.79841,0.79984,28807
2018-01-18 20:00:00+00:00,0.79985,0.80112,0.799,0.80057,14384
2018-01-19 00:00:00+00:00,0.80056,0.80199,0.80018,0.80175,31388
2018-01-19 04:00:00+00:00,0.80153,0.80206,0.80076,0.80162,23426
2018-01-19 08:00:00+00:00,0.80146,0.80375,0.80081,0.80118,29926
2018-01-19 12:00:00+00:00,0.80121,0.80145,0.79932,0.80015,41611
2018-01-19 16:00:00+00:00,0.80019,0.80053,0.7995,0.80007,21575
2018-01-19 20:00:00+00:00,0.80005,0.80018,0.79827,0.79838,7014
2018-01-21 20:00:00+00:00,0.8,0.80024,0.79933,0.80015,5050
2018-01-22 00:00:00+00:00,0.80025,0.80027,0.79791,0.79944,21550
2018-01-22 04:00:00+00:00,0.79944,0.79991,0.79856,0.79983,17200
2018-01-22 08:00:00+00:00,0.79992,0.80174,0.79948,0.8013,18562
2018-01-22 12:00:00+00:00,0.80119,0.80262,0.80045,0.80215,22730
2018-01-22 16:00:00+00:00,0.80194,0.80209,0.7999,0.80117,20829
2018-01-22 20:00:00+00:00,0.80119,0.80175,0.80066,0.80075,8078
2018-01-23 00:00:00+00:00,0.80077,0.80292,0.79857,0.79873,29245
2018-01-23 04:00:00+00:00,0.79869,0.79945,0.79665,0.79665,26428
2018-01-23 08:00:00+00:00,0.79665,0.7973,0.79575,0.79608,27704
2018-01-23 12:00:00+00:00,0.79629,0.79983,0.79606,0.79974,35279
2018-01-23 16:00:00+00:00,0.79964,0.79968,0.79805,0.79968,25100
2018-01-23 20:00:00+00:00,0.79965,0.80064,0.79942,0.80046,9589
2018-01-24 00:00:00+00:00,0.80044,0.80106,0.79938,0.79999,23877
2018-01-24 04:00:00+00:00,0.80007,0.80284,0.80007,0.80184,27210
2018-01-24 08:00:00+00:00,0.80197,0.80746,0.80197,0.80661,39792
2018-01-24 12:00:00+00:00,0.80662,0.80822,0.80615,0.80697,45144
2018-01-24 16:00:00+00:00,0.80689,0.8079,0.80565,0.8078,31635
2018-01-24 20:00:00+00:00,0.80788,0.808,0.80443,0.80499,16569
2018-01-25 00:00:00+00:00,0.80526,0.81047,0.80512,0.80953,42206
2018-01-25 04:00:00+00:00,0.80948,0.81185,0.80787,0.80864,49841
2018-01-25 08:00:00+00:00,0.8082,0.80865,0.80697,0.80741,37726
2018-01-25 12:00:00+00:00,0.80738,0.8105,0.80696,0.80946,78279
2018-01-25 16:00:00+00:00,0.80939,0.8096,0.80118,0.80238,75227
2018-01-25 20:00:00+00:00,0.80204,0.80407,0.80055,0.80288,33522
2018-01-26 00:00:00+00:00,0.80305,0.80576,0.80255,0.80551,37370
2018-01-26 04:00:00+00:00,0.80566,0.80826,0.80439,0.80756,33598
2018-01-26 08:00:00+00:00,0.80779,0.80935,0.80773,0.80773,39402
2018-01-26 12:00:00+00:00,0.80794,0.81062,0.80617,0.80934,69652
2018-01-26 16:00:00+00:00,0.80938,0.81356,0.80897,0.81197,47262
2018-01-26 20:00:00+00:00,0.81195,0.81195,0.81067,0.81086,10186
2018-01-28 20:00:00+00:00,0.81003,0.81172,0.81003,0.81166,5736
2018-01-29 00:00:00+00:00,0.81157,0.81171,0.8079,0.80902,33319
2018-01-29 04:00:00+00:00,0.8091,0.81013,0.80802,0.80856,27777
2018-01-29 08:00:00+00:00,0.8088,0.81051,0.80781,0.80968,36173
2018-01-29 12:00:00+00:00,0.80971,0.81015,0.80835,0.80959,36159
2018-01-29 16:00:00+00:00,0.80956,0.81017,0.80743,0.81014,35748
2018-01-29 20:00:00+00:00,0.8099,0.80993,0.80903,0.80957,9753
2018-01-30 00:00:00+00:00,0.80975,0.80997,0.80704,0.80843,30960
2018-01-30 04:00:00+00:00,0.80853,0.80881,0.80439,0.80455,32044
2018-01-30 08:00:00+00:00,0.80463,0.81117,0.8045,0.81045,39545
2018-01-30 12:00:00+00:00,0.81041,0.81123,0.80815,0.80858,42922
2018-01-30 16:00:00+00:00,0.809,0.80924,0.80727,0.80849,28295
2018-01-30 20:00:00+00:00,0.8085,0.81035,0.80774,0.80995,10817
2018-01-31 00:00:00+00:00,0.80958,0.81002,0.80483,0.80747,42436
2018-01-31 04:00:00+00:00,0.80767,0.81007,0.80698,0.80901,32461
2018-01-31 08:00:00+00:00,0.80858,0.81097,0.80824,0.81067,28518
2018-01-31 12:00:00+00:00,0.8108,0.81157,0.80938,0.80966,45874
2018-01-31 16:00:00+00:00,0.80942,0.80971,0.80353,0.80492,67534
2018-01-31 20:00:00+00:00,0.80514,0.80645,0.80514,0.80592,20338
2018-02-01 00:00:00+00:00,0.80613,0.80671,0.8036,0.80516,30208
2018-02-01 04:00:00+00:00,0.80517,0.80517,0.80061,0.80108,32834
2018-02-01 08:00:00+00:00,0.80128,0.80268,0.79884,0.79945,39386
2018-02-01 12:00:00+00:00,0.79934,0.8025,0.79911,0.8025,50547
2018-02-01 16:00:00+00:00,0.80271,0.80391,0.80143,0.80348,37732
2018-02-01 20:00:00+00:00,0.80356,0.80448,0.80328,0.80393,22588
2018-02-02 00:00:00+00:00,0.80394,0.80394,0.79993,0.80098,33017
2018-02-02 04:00:00+00:00,0.80093,0.80143,0.79956,0.80064,25626
2018-02-02 08:00:00+00:00,0.80092,0.80106,0.79779,0.79888,31873
2018-02-02 12:00:00+00:00,0.79891,0.79943,0.79215,0.79416,81093
2018-02-02 16:00:00+00:00,0.79406,0.79588,0.79276,0.79361,55260
2018-02-02 20:00:00+00:00,0.79354,0.79383,0.79182,0.79202,18772
2018-02-04 20:00:00+00:00,0.79102,0.79159,0.78922,0.79045,13782
2018-02-05 00:00:00+00:00,0.79058,0.79327,0.79026,0.79267,30572
2018-02-05 04:00:00+00:00,0.79255,0.79388,0.79216,0.79216,26900
2018-02-05 08:00:00+00:00,0.79251,0.79529,0.79216,0.79334,31452
2018-02-05 12:00:00+00:00,0.79327,0.7951,0.79164,0.7939,54281
2018-02-05 16:00:00+00:00,0.7937,0.79371,0.79001,0.79003,45701
2018-02-05 20:00:00+00:00,0.78995,0.79123,0.78724,0.78774,83164
2018-02-06 00:00:00+00:00,0.78754,0.78878,0.7853,0.78555,59942
2018-02-06 04:00:00+00:00,0.78549,0.78685,0.78357,0.78633,61124
2018-02-06 08:00:00+00:00,0.78602,0.78866,0.78542,0.78542,51715
2018-02-06 12:00:00+00:00,0.78532,0.78788,0.78386,0.78763,93158
2018-02-06 16:00:00+00:00,0.78764,0.78937,0.7871,0.78856,59605
2018-02-06 20:00:00+00:00,0.78858,0.79089,0.78832,0.78934,24760
2018-02-07 00:00:00+00:00,0.78913,0.79075,0.78796,0.78822,24662
2018-02-07 04:00:00+00:00,0.78831,0.78868,0.78646,0.78725,24420
2018-02-07 08:00:00+00:00,0.78677,0.78806,0.78545,0.78692,27238
2018-02-07 12:00:00+00:00,0.78684,0.78752,0.785,0.78516,48295
2018-02-07 16:00:00+00:00,0.78506,0.78598,0.78173,0.78253,52319
2018-02-07 20:00:00+00:00,0.78203,0.78325,0.78113,0.78163,24398
2018-02-08 00:00:00+00:00,0.78171,0.78317,0.78147,0.78147,29154
2018-02-08 04:00:00+00:00,0.78153,0.78427,0.78037,0.78316,40735
2018-02-08 08:00:00+00:00,0.78303,0.78346,0.78001,0.78001,38051
2018-02-08 12:00:00+00:00,0.7806,0.78279,0.77888,0.77964,74761
2018-02-08 16:00:00+00:00,0.77965,0.78124,0.77833,0.77985,80876
2018-02-08 20:00:00+00:00,0.7798,0.78014,0.77684,0.77884,27593
2018-02-09 00:00:00+00:00,0.77845,0.77923,0.7759,0.77824,40256
2018-02-09 04:00:00+00:00,0.7779,0.77941,0.77716,0.77927,28685
2018-02-09 08:00:00+00:00,0.77914,0.77998,0.77701,0.77879,33560
2018-02-09 12:00:00+00:00,0.7787,0.78298,0.77824,0.78012,79261
2018-02-09 16:00:00+00:00,0.77985,0.78183,0.77736,0.77888,87609
2018-02-09 20:00:00+00:00,0.77884,0.78187,0.77831,0.78126,27267
2018-02-11 20:00:00+00:00,0.7815,0.78208,0.78119,0.78203,5622
2018-02-12 00:00:00+00:00,0.78195,0.78344,0.78167,0.78343,19800
2018-02-12 04:00:00+00:00,0.78353,0.78385,0.78129,0.78129,18905
2018-02-12 08:00:00+00:00,0.78131,0.78359,0.78099,0.78342,27703
2018-02-12 12:00:00+00:00,0.78327,0.78453,0.78236,0.78253,48628
2018-02-12 16:00:00+00:00,0.78239,0.7846,0.78224,0.78422,30324
2018-02-12 20:00:00+00:00,0.78424,0.78635,0.78424,0.78579,17611
2018-02-13 00:00:00+00:00,0.78575,0.78729,0.78491,0.78691,22102
2018-02-13 04:00:00+00:00,0.78698,0.78732,0.78523,0.78617,28895
2018-02-13 08:00:00+00:00,0.78594,0.78759,0.78548,0.78589,32489
2018-02-13 12:00:00+00:00,0.78586,0.78666,0.78295,0.78594,42948
2018-02-13 16:00:00+00:00,0.78567,0.786,0.78524,0.78568,24644
2018-02-13 20:00:00+00:00,0.78575,0.78643,0.78541,0.78615,12250
2018-02-14 00:00:00+00:00,0.78613,0.78889,0.78539,0.78877,30748
2018-02-14 04:00:00+00:00,0.78872,0.78874,0.78692,0.78706,27643
2018-02-14 08:00:00+00:00,0.78708,0.78747,0.78603,0.78603,22314
2018-02-14 12:00:00+00:00,0.78605,0.78865,0.77761,0.78786,112256
2018-02-14 16:00:00+00:00,0.78815,0.79159,0.78694,0.79121,59266
2018-02-14 20:00:00+00:00,0.79141,0.79341,0.79141,0.79297,22210
2018-02-15 00:00:00+00:00,0.79295,0.79446,0.79103,0.79334,33888
2018-02-15 04:00:00+00:00,0.79354,0.79657,0.79301,0.79632,32007
2018-02-15 08:00:00+00:00,0.79623,0.7966,0.79212,0.79255,36872
2018-02-15 12:00:00+00:00,0.79252,0.79366,0.78954,0.78954,62034
2018-02-15 16:00:00+00:00,0.78952,0.79357,0.78923,0.79357,42813
2018-02-15 20:00:00+00:00,0.79356,0.79485,0.79356,0.79429,15226
2018-02-16 00:00:00+00:00,0.79423,0.79591,0.79337,0.79589,20405
2018-02-16 04:00:00+00:00,0.79577,0.7979,0.79577,0.79696,27227
2018-02-16 08:00:00+00:00,0.79737,0.79875,0.79502,0.79502,34398
2018-02-16 12:00:00+00:00,0.79495,0.79505,0.79038,0.79241,64614
2018-02-16 16:00:00+00:00,0.79244,0.79389,0.78945,0.79067,45261
2018-02-16 20:00:00+00:00,0.79058,0.79138,0.79015,0.79073,9925
2018-02-18 20:00:00+00:00,0.79046,0.79155,0.79045,0.79115,3462
2018-02-19 00:00:00+00:00,0.79117,0.79347,0.79104,0.79253,18393
2018-02-19 04:00:00+00:00,0.79262,0.79275,0.79083,0.79194,23169
2018-02-19 08:00:00+00:00,0.79218,0.79309,0.79171,0.79292,18113
2018-02-19 12:00:00+00:00,0.79292,0.79301,0.78997,0.79085,27273
2018-02-19 16:00:00+00:00,0.7906,0.79153,0.7906,0.79115,10440
2018-02-19 20:00:00+00:00,0.7911,0.79187,0.79057,0.79089,7184
2018-02-20 00:00:00+00:00,0.79093,0.79193,0.78902,0.7907,24349
2018-02-20 04:00:00+00:00,0.79078,0.7933,0.79078,0.79141,28893
2018-02-20 08:00:00+00:00,0.79147,0.79231,0.7882,0.7901,36863
2018-02-20 12:00:00+00:00,0.79023,0.79052,0.78805,0.78994,53222
2018-02-20 16:00:00+00:00,0.79001,0.79085,0.78774,0.78774,36165
2018-02-20 20:00:00+00:00,0.78788,0.78845,0.78744,0.78806,12535
2018-02-21 00:00:00+00:00,0.78806,0.78978,0.78546,0.78587,28235
2018-02-21 04:00:00+00:00,0.78588,0.78636,0.78427,0.7844,24042
2018-02-21 08:00:00+00:00,0.78416,0.7861,0.78414,0.7848,28241
2018-02-21 12:00:00+00:00,0.78467,0.78593,0.78395,0.78444,50986
2018-02-21 16:00:00+00:00,0.78458,0.78763,0.78215,0.78215,63709
2018-02-21 20:00:00+00:00,0.78153,0.78183,0.77972,0.77973,32126
2018-02-22 00:00:00+00:00,0.77974,0.78031,0.77909,0.77987,23129
2018-02-22 04:00:00+00:00,0.77983,0.78133,0.77969,0.78011,18896
2018-02-22 08:00:00+00:00,0.77999,0.78238,0.77954,0.78219,27628
2018-02-22 12:00:00+00:00,0.78245,0.78596,0.78141,0.78515,63931
2018-02-22 16:00:00+00:00,0.7852,0.78575,0.78419,0.78447,37130
2018-02-22 20:00:00+00:00,0.78453,0.78471,0.78379,0.78379,17467
2018-02-23 00:00:00+00:00,0.78373,0.78431,0.78266,0.78289,23566
2018-02-23 04:00:00+00:00,0.78278,0.78293,0.7815,0.7823,20264
2018-02-23 08:00:00+00:00,0.78242,0.78302,0.78098,0.78196,26636
2018-02-23 12:00:00+00:00,0.782,0.78336,0.78051,0.78229,39662
2018-02-23 16:00:00+00:00,0.78231,0.7835,0.78136,0.78343,28239
2018-02-23 20:00:00+00:00,0.78353,0.78395,0.78316,0.78365,9506
2018-02-25 20:00:00+00:00,0.78401,0.78444,0.78371,0.78385,6196
2018-02-26 00:00:00+00:00,0.78383,0.78683,0.78293,0.78609,20930
2018-02-26 04:00:00+00:00,0.78605,0.78929,0.7855,0.7882,22279
2018-02-26 08:00:00+00:00,0.78819,0.78889,0.78585,0.78594,24129
2018-02-26 12:00:00+00:00,0.78579,0.7859,0.78258,0.78406,43321
2018-02-26 16:00:00+00:00,0.78397,0.7852,0.78388,0.78508,23636
2018-02-26 20:00:00+00:00,0.78502,0.78568,0.7846,0.78497,10235
2018-02-27 00:00:00+00:00,0.78509,0.78684,0.78404,0.78419,19662
2018-02-27 04:00:00+00:00,0.78418,0.78533,0.78409,0.78496,18779
2018-02-27 08:00:00+00:00,0.78521,0.78543,0.78368,0.78417,26160
2018-02-27 12:00:00+00:00,0.78411,0.78447,0.77945,0.78093,80728
2018-02-27 16:00:00+00:00,0.78097,0.78181,0.77949,0.77955,48695
2018-02-27 20:00:00+00:00,0.77958,0.77987,0.77834,0.77933,16348
2018-02-28 00:00:00+00:00,0.77903,0.77969,0.77836,0.77891,26589
2018-02-28 04:00:00+00:00,0.77907,0.78087,0.77853,0.78035,19175
2018-02-28 08:00:00+00:00,0.78045,0.78126,0.77975,0.78065,33294
2018-02-28 12:00:00+00:00,0.78073,0.78189,0.77897,0.77908,47915
2018-02-28 16:00:00+00:00,0.77907,0.78036,0.77787,0.77787,35206
2018-02-28 20:00:00+00:00,0.7778,0.7778,0.77566,0.77631,20264
2018-03-01 00:00:00+00:00,0.77618,0.77651,0.7718,0.77323,24864
2018-03-01 04:00:00+00:00,0.77326,0.77374,0.77243,0.77284,18565
2018-03-01 08:00:00+00:00,0.77293,0.77405,0.77134,0.77348,28989
2018-03-01 12:00:00+00:00,0.77348,0.7762,0.77224,0.77454,60622
2018-03-01 16:00:00+00:00,0.7746,0.77639,0.77168,0.77607,78128
2018-03-01 20:00:00+00:00,0.77595,0.77676,0.77538,0.77646,32141
2018-03-02 00:00:00+00:00,0.77649,0.7773,0.77504,0.7754,23073
2018-03-02 04:00:00+00:00,0.77539,0.77662,0.77534,0.77604,19878
2018-03-02 08:00:00+00:00,0.77607,0.77715,0.77464,0.77616,35300
2018-03-02 12:00:00+00:00,0.77572,0.77617,0.77392,0.77434,62993
2018-03-02 16:00:00+00:00,0.77436,0.77565,0.77389,0.77539,41565
2018-03-02 20:00:00+00:00,0.77534,0.77633,0.77486,0.77605,12111
2018-03-04 20:00:00+00:00,0.776,0.77676,0.77452,0.77559,6004
2018-03-05 00:00:00+00:00,0.77568,0.77693,0.77415,0.77508,19865
2018-03-05 04:00:00+00:00,0.77511,0.77543,0.77348,0.77348,22763
2018-03-05 08:00:00+00:00,0.77354,0.77529,0.77345,0.77438,30325
2018-03-05 12:00:00+00:00,0.77436,0.77483,0.77269,0.77482,39553
2018-03-05 16:00:00+00:00,0.77485,0.77667,0.77485,0.77606,31553
2018-03-05 20:00:00+00:00,0.77616,0.77721,0.77594,0.77646,11169
2018-03-06 00:00:00+00:00,0.77657,0.77916,0.77639,0.77789,24297
2018-03-06 04:00:00+00:00,0.77795,0.77823,0.77589,0.77633,19898
2018-03-06 08:00:00+00:00,0.77626,0.7805,0.77571,0.7805,30973
2018-03-06 12:00:00+00:00,0.78071,0.78417,0.7805,0.78136,56509
2018-03-06 16:00:00+00:00,0.78147,0.78272,0.78084,0.78201,39212
2018-03-06 20:00:00+00:00,0.78192,0.7828,0.77761,0.77859,21009
2018-03-07 00:00:00+00:00,0.77855,0.78095,0.77729,0.78036,34304
2018-03-07 04:00:00+00:00,0.78037,0.78119,0.77988,0.78076,22508
2018-03-07 08:00:00+00:00,0.7806,0.78181,0.77989,0.78072,26311
2018-03-07 12:00:00+00:00,0.78075,0.78288,0.78016,0.78092,55202
2018-03-07 16:00:00+00:00,0.78085,0.78236,0.77886,0.78165,33807
2018-03-07 20:00:00+00:00,0.78157,0.7828,0.78157,0.78264,15937
2018-03-08 00:00:00+00:00,0.7828,0.78382,0.78178,0.78318,21165
2018-03-08 04:00:00+00:00,0.78322,0.78355,0.78155,0.78189,18269
2018-03-08 08:00:00+00:00,0.7819,0.78201,0.77945,0.77997,25915
2018-03-08 12:00:00+00:00,0.78009,0.78115,0.77794,0.77797,62475
2018-03-08 16:00:00+00:00,0.77805,0.77916,0.77731,0.77875,33436
2018-03-08 20:00:00+00:00,0.77913,0.77947,0.77833,0.77908,23477
2018-03-09 00:00:00+00:00,0.77903,0.77912,0.77774,0.77814,19677
2018-03-09 04:00:00+00:00,0.77825,0.77996,0.77818,0.77996,19200
2018-03-09 08:00:00+00:00,0.77988,0.78079,0.77967,0.78031,18081
2018-03-09 12:00:00+00:00,0.78038,0.78444,0.77901,0.78358,60745
2018-03-09 16:00:00+00:00,0.78368,0.7853,0.78331,0.78481,23739
2018-03-09 20:00:00+00:00,0.78476,0.78497,0.78452,0.7846,7488
2018-03-11 20:00:00+00:00,0.7848,0.78655,0.78452,0.78608,5784
2018-03-12 00:00:00+00:00,0.7861,0.78697,0.78549,0.78653,16267
2018-03-12 04:00:00+00:00,0.78651,0.78783,0.78647,0.7873,16098
2018-03-12 08:00:00+00:00,0.78727,0.78774,0.78555,0.78613,17064
2018-03-12 12:00:00+00:00,0.78614,0.78745,0.78602,0.78633,27757
2018-03-12 16:00:00+00:00,0.78634,0.78786,0.78605,0.78786,18077
2018-03-12 20:00:00+00:00,0.7879,0.78797,0.78674,0.78713,6441
2018-03-13 00:00:00+00:00,0.78742,0.78847,0.78716,0.78759,13861
2018-03-13 04:00:00+00:00,0.78766,0.78793,0.78622,0.78622,17676
2018-03-13 08:00:00+00:00,0.78613,0.78778,0.78598,0.78658,20187
2018-03-13 12:00:00+00:00,0.78657,0.78973,0.78648,0.78804,70203
2018-03-13 16:00:00+00:00,0.78796,0.7886,0.78465,0.7852,33227
2018-03-13 20:00:00+00:00,0.78528,0.78614,0.78516,0.78597,13203
2018-03-14 00:00:00+00:00,0.78576,0.78759,0.78568,0.78737,16788
2018-03-14 04:00:00+00:00,0.78728,0.78827,0.78664,0.78802,17258
2018-03-14 08:00:00+00:00,0.78821,0.79029,0.78782,0.7902,28931
2018-03-14 12:00:00+00:00,0.79003,0.79144,0.78697,0.78761,54029
2018-03-14 16:00:00+00:00,0.78743,0.78862,0.78731,0.7881,25888
2018-03-14 20:00:00+00:00,0.7881,0.78826,0.7872,0.78801,9256
2018-03-15 00:00:00+00:00,0.78812,0.78845,0.78701,0.78807,15703
2018-03-15 04:00:00+00:00,0.78808,0.78808,0.7861,0.78658,16553
2018-03-15 08:00:00+00:00,0.78668,0.78716,0.78421,0.78448,24688
2018-03-15 12:00:00+00:00,0.78451,0.78478,0.78094,0.78138,47380
2018-03-15 16:00:00+00:00,0.78153,0.78172,0.77959,0.77995,21691
2018-03-15 20:00:00+00:00,0.77991,0.78013,0.77885,0.77891,11967
2018-03-16 00:00:00+00:00,0.77883,0.77917,0.77711,0.77786,19835
2018-03-16 04:00:00+00:00,0.77775,0.78042,0.77775,0.77943,15181
2018-03-16 08:00:00+00:00,0.77897,0.77985,0.7762,0.77636,20749
2018-03-16 12:00:00+00:00,0.77627,0.77711,0.77192,0.77322,44059
2018-03-16 16:00:00+00:00,0.77336,0.77341,0.77121,0.77124,17293
2018-03-16 20:00:00+00:00,0.77125,0.77149,0.77082,0.77082,3007
2018-03-18 20:00:00+00:00,0.77182,0.77194,0.7712,0.77175,5103
2018-03-19 00:00:00+00:00,0.77146,0.77194,0.76982,0.77006,21413
2018-03-19 04:00:00+00:00,0.77007,0.77048,0.76869,0.76979,17073
2018-03-19 08:00:00+00:00,0.76956,0.77163,0.7691,0.77036,25054
2018-03-19 12:00:00+00:00,0.77099,0.7717,0.76937,0.77022,46672
2018-03-19 16:00:00+00:00,0.77026,0.77253,0.77007,0.77175,29872
2018-03-19 20:00:00+00:00,0.77176,0.77207,0.77058,0.7708,9347
2018-03-20 00:00:00+00:00,0.77085,0.77161,0.76988,0.77084,20126
2018-03-20 04:00:00+00:00,0.7708,0.77102,0.76975,0.76999,18559
2018-03-20 08:00:00+00:00,0.76984,0.77206,0.76936,0.77053,26740
2018-03-20 12:00:00+00:00,0.77031,0.77121,0.76837,0.76895,40515
2018-03-20 16:00:00+00:00,0.76912,0.76982,0.76792,0.76824,21059
2018-03-20 20:00:00+00:00,0.7681,0.76893,0.76793,0.76893,5988
2018-03-21 00:00:00+00:00,0.76887,0.77014,0.76886,0.7693,14981
2018-03-21 04:00:00+00:00,0.76941,0.7708,0.76926,0.77006,12695
2018-03-21 08:00:00+00:00,0.77002,0.77002,0.76725,0.76774,31182
2018-03-21 12:00:00+00:00,0.76777,0.77114,0.76756,0.77071,39387
2018-03-21 16:00:00+00:00,0.77075,0.77797,0.77037,0.7768,94815
2018-03-21 20:00:00+00:00,0.77656,0.77759,0.77621,0.77744,10552
2018-03-22 00:00:00+00:00,0.77724,0.77808,0.77383,0.77454,26274
2018-03-22 04:00:00+00:00,0.77445,0.77617,0.7738,0.77491,21087
2018-03-22 08:00:00+00:00,0.77481,0.77629,0.77203,0.77255,37123
2018-03-22 12:00:00+00:00,0.77255,0.77266,0.76901,0.76946,66598
2018-03-22 16:00:00+00:00,0.76923,0.77234,0.76885,0.77067,49961
2018-03-22 20:00:00+00:00,0.77065,0.77082,0.7688,0.76952,18815
2018-03-23 00:00:00+00:00,0.76962,0.77224,0.76959,0.77123,30073
2018-03-23 04:00:00+00:00,0.77126,0.77232,0.77068,0.77214,24429
2018-03-23 08:00:00+00:00,0.77204,0.77283,0.77101,0.77211,33562
2018-03-23 12:00:00+00:00,0.77235,0.77415,0.77196,0.77196,58999
2018-03-23 16:00:00+00:00,0.77218,0.7736,0.77017,0.77017,45733
2018-03-23 20:00:00+00:00,0.77038,0.77048,0.76954,0.76957,3920
2018-03-25 20:00:00+00:00,0.77041,0.77137,0.76959,0.77098,6501
2018-03-26 00:00:00+00:00,0.77105,0.77307,0.77105,0.77284,18424
2018-03-26 04:00:00+00:00,0.77267,0.7745,0.77172,0.77335,22945
2018-03-26 08:00:00+00:00,0.77317,0.77477,0.77299,0.77353,21310
2018-03-26 12:00:00+00:00,0.77329,0.77418,0.77136,0.77263,47380
2018-03-26 16:00:00+00:00,0.77257,0.7748,0.77236,0.7745,20666
2018-03-26 20:00:00+00:00,0.77439,0.7756,0.77421,0.77547,15961
2018-03-27 00:00:00+00:00,0.77548,0.77567,0.77307,0.77413,17464
2018-03-27 04:00:00+00:00,0.77411,0.77434,0.77249,0.77306,20549
2018-03-27 08:00:00+00:00,0.77295,0.77295,0.7704,0.7704,28677
2018-03-27 12:00:00+00:00,0.77033,0.7717,0.76976,0.77157,43298
2018-03-27 16:00:00+00:00,0.77146,0.77156,0.76759,0.76767,29569
2018-03-27 20:00:00+00:00,0.76765,0.76879,0.76755,0.76863,15273
2018-03-28 00:00:00+00:00,0.76863,0.77018,0.76839,0.77018,16227
2018-03-28 04:00:00+00:00,0.77018,0.77021,0.76618,0.76633,26221
2018-03-28 08:00:00+00:00,0.76639,0.76861,0.76567,0.76861,23030
2018-03-28 12:00:00+00:00,0.76851,0.76876,0.76543,0.76794,51394
2018-03-28 16:00:00+00:00,0.76807,0.76807,0.76583,0.76606,35065
2018-03-28 20:00:00+00:00,0.76604,0.76642,0.76541,0.76612,9100
2018-03-29 00:00:00+00:00,0.76607,0.76607,0.76434,0.76571,16599
2018-03-29 04:00:00+00:00,0.76594,0.76786,0.76592,0.76757,20112
2018-03-29 08:00:00+00:00,0.76775,0.76858,0.7664,0.76843,17787
2018-03-29 12:00:00+00:00,0.76846,0.76866,0.76633,0.76695,37496
2018-03-29 16:00:00+00:00,0.76712,0.76892,0.76695,0.76816,20745
2018-03-29 20:00:00+00:00,0.76786,0.7685,0.76745,0.7685,21020
2018-03-30 00:00:00+00:00,0.76851,0.76866,0.76735,0.76813,17752
2018-03-30 04:00:00+00:00,0.76814,0.77025,0.76775,0.77007,25724
2018-03-30 08:00:00+00:00,0.77011,0.7704,0.76929,0.76968,26819
2018-03-30 12:00:00+00:00,0.76968,0.76968,0.76824,0.76824,37092
2018-03-30 16:00:00+00:00,0.76814,0.76881,0.76799,0.76807,68973
2018-03-30 20:00:00+00:00,0.76806,0.76846,0.7679,0.7679,1703
2018-04-01 20:00:00+00:00,0.76888,0.76933,0.76812,0.76831,3082
2018-04-02 00:00:00+00:00,0.76841,0.76944,0.76754,0.76792,11901
2018-04-02 04:00:00+00:00,0.76785,0.76852,0.76723,0.76852,6825
2018-04-02 08:00:00+00:00,0.76836,0.76884,0.76774,0.76836,5416
2018-04-02 12:00:00+00:00,0.76834,0.76841,0.76535,0.76567,29080
2018-04-02 16:00:00+00:00,0.76568,0.76637,0.76502,0.76637,26773
2018-04-02 20:00:00+00:00,0.76616,0.7662,0.76525,0.76526,10318
2018-04-03 00:00:00+00:00,0.76535,0.76835,0.76535,0.76825,15680
2018-04-03 04:00:00+00:00,0.76832,0.77065,0.76814,0.76945,21827
2018-04-03 08:00:00+00:00,0.76968,0.76991,0.76791,0.76836,17560
2018-04-03 12:00:00+00:00,0.76842,0.77026,0.76671,0.7673,36759
2018-04-03 16:00:00+00:00,0.7674,0.7688,0.7674,0.7681,21182
2018-04-03 20:00:00+00:00,0.76801,0.76882,0.76792,0.76814,8800
2018-04-04 00:00:00+00:00,0.76818,0.77169,0.76812,0.77129,18256
2018-04-04 04:00:00+00:00,0.77129,0.77147,0.76757,0.76761,21209
2018-04-04 08:00:00+00:00,0.76728,0.76847,0.76638,0.76809,30262
2018-04-04 12:00:00+00:00,0.7682,0.77071,0.7676,0.77011,38920
2018-04-04 16:00:00+00:00,0.77001,0.77213,0.7694,0.77162,19150
2018-04-04 20:00:00+00:00,0.77146,0.77264,0.77121,0.77204,9813
2018-04-05 00:00:00+00:00,0.77202,0.77231,0.76965,0.77024,16552
2018-04-05 04:00:00+00:00,0.77016,0.77023,0.7685,0.76892,17945
2018-04-05 08:00:00+00:00,0.76928,0.76944,0.76789,0.76846,17123
2018-04-05 12:00:00+00:00,0.76867,0.76942,0.76743,0.7687,34159
2018-04-05 16:00:00+00:00,0.76871,0.76892,0.76741,0.76789,21019
2018-04-05 20:00:00+00:00,0.76787,0.76867,0.76578,0.76686,14496
2018-04-06 00:00:00+00:00,0.76706,0.76922,0.76705,0.76788,24411
2018-04-06 04:00:00+00:00,0.7678,0.76832,0.76669,0.76798,19296
2018-04-06 08:00:00+00:00,0.76791,0.76903,0.76756,0.76771,16116
2018-04-06 12:00:00+00:00,0.76765,0.76985,0.7673,0.76826,56190
2018-04-06 16:00:00+00:00,0.76814,0.76836,0.76681,0.76766,28985
2018-04-06 20:00:00+00:00,0.76767,0.76767,0.76713,0.76716,1768
2018-04-08 20:00:00+00:00,0.76784,0.7681,0.76692,0.76782,4249
2018-04-09 00:00:00+00:00,0.76773,0.7696,0.76773,0.76928,15882
2018-04-09 04:00:00+00:00,0.76935,0.76973,0.76646,0.76727,25030
2018-04-09 08:00:00+00:00,0.76722,0.76755,0.76528,0.76615,21230
2018-04-09 12:00:00+00:00,0.76612,0.77078,0.76594,0.7707,29092
2018-04-09 16:00:00+00:00,0.77072,0.77102,0.76933,0.7695,18728
2018-04-09 20:00:00+00:00,0.76954,0.7702,0.76947,0.7699,7655
2018-04-10 00:00:00+00:00,0.76997,0.77378,0.76938,0.77308,26816
2018-04-10 04:00:00+00:00,0.77297,0.77387,0.77176,0.77176,22025
2018-04-10 08:00:00+00:00,0.77217,0.77423,0.77203,0.77372,24562
2018-04-10 12:00:00+00:00,0.77394,0.77643,0.77323,0.77615,38845
2018-04-10 16:00:00+00:00,0.77599,0.77675,0.77542,0.77638,26141
2018-04-10 20:00:00+00:00,0.77638,0.77685,0.77587,0.77633,10459
2018-04-11 00:00:00+00:00,0.77627,0.77671,0.77479,0.77567,17714
2018-04-11 04:00:00+00:00,0.77577,0.77577,0.77401,0.77471,17118
2018-04-11 08:00:00+00:00,0.77481,0.77566,0.77435,0.77482,25536
2018-04-11 12:00:00+00:00,0.77482,0.77725,0.77403,0.77643,40511
2018-04-11 16:00:00+00:00,0.77647,0.77688,0.77449,0.77561,23178
2018-04-11 20:00:00+00:00,0.77563,0.77641,0.775,0.77622,5845
2018-04-12 00:00:00+00:00,0.77633,0.77711,0.77491,0.77531,13722
2018-04-12 04:00:00+00:00,0.77524,0.77593,0.77452,0.77534,17044
2018-04-12 08:00:00+00:00,0.77532,0.776,0.77386,0.77533,25370
2018-04-12 12:00:00+00:00,0.77524,0.77597,0.77444,0.77561,41787
2018-04-12 16:00:00+00:00,0.77563,0.77646,0.7753,0.77538,17480
2018-04-12 20:00:00+00:00,0.77545,0.77586,0.77516,0.77578,6077
2018-04-13 00:00:00+00:00,0.77613,0.77775,0.77598,0.77725,14982
2018-04-13 04:00:00+00:00,0.77727,0.7802,0.77684,0.77994,20043
2018-04-13 08:00:00+00:00,0.78018,0.78098,0.77937,0.77965,20371
2018-04-13 12:00:00+00:00,0.77954,0.78,0.77629,0.7767,30358
2018-04-13 16:00:00+00:00,0.7768,0.77691,0.77591,0.77681,19331
2018-04-13 20:00:00+00:00,0.77677,0.77677,0.77596,0.776,2395
2018-04-15 20:00:00+00:00,0.77659,0.77785,0.7762,0.77726,4898
2018-04-16 00:00:00+00:00,0.77732,0.77825,0.77688,0.77753,11234
2018-04-16 04:00:00+00:00,0.77752,0.77752,0.7753,0.77748,15991
2018-04-16 08:00:00+00:00,0.77753,0.77787,0.77675,0.7768,15902
2018-04-16 12:00:00+00:00,0.7768,0.77804,0.77612,0.7777,30375
2018-04-16 16:00:00+00:00,0.77767,0.77812,0.77751,0.77799,11140
2018-04-16 20:00:00+00:00,0.77799,0.77843,0.77723,0.77748,5891
2018-04-17 00:00:00+00:00,0.77741,0.77873,0.7761,0.77652,13573
2018-04-17 04:00:00+00:00,0.77657,0.77908,0.77626,0.77838,14106
2018-04-17 08:00:00+00:00,0.77828,0.77852,0.77696,0.77719,19806
2018-04-17 12:00:00+00:00,0.77719,0.7775,0.77605,0.77683,32092
2018-04-17 16:00:00+00:00,0.77674,0.77758,0.77637,0.77692,15837
2018-04-17 20:00:00+00:00,0.7769,0.7773,0.77625,0.7767,5701
2018-04-18 00:00:00+00:00,0.77672,0.77705,0.77601,0.77695,12000
2018-04-18 04:00:00+00:00,0.7769,0.77713,0.77452,0.77536,16147
2018-04-18 08:00:00+00:00,0.77533,0.77625,0.77457,0.77592,18716
2018-04-18 12:00:00+00:00,0.77593,0.77973,0.77593,0.77833,35603
2018-04-18 16:00:00+00:00,0.7785,0.77864,0.77773,0.77833,19716
2018-04-18 20:00:00+00:00,0.77832,0.77944,0.77805,0.77877,6937
2018-04-19 00:00:00+00:00,0.77883,0.77982,0.77645,0.77963,21446
2018-04-19 04:00:00+00:00,0.77964,0.78122,0.77942,0.7797,21818
2018-04-19 08:00:00+00:00,0.77961,0.78003,0.77896,0.77925,20812
2018-04-19 12:00:00+00:00,0.77931,0.7794,0.77491,0.77502,36161
2018-04-19 16:00:00+00:00,0.77471,0.77489,0.77193,0.77307,29965
2018-04-19 20:00:00+00:00,0.77319,0.77347,0.77203,0.77203,7990
2018-04-20 00:00:00+00:00,0.77213,0.77261,0.77069,0.7715,20031
2018-04-20 04:00:00+00:00,0.77149,0.77188,0.77006,0.77037,18219
2018-04-20 08:00:00+00:00,0.77027,0.77091,0.76851,0.7697,17798
2018-04-20 12:00:00+00:00,0.76979,0.7702,0.76558,0.76698,39329
2018-04-20 16:00:00+00:00,0.76702,0.76763,0.76638,0.76672,20155
2018-04-20 20:00:00+00:00,0.76688,0.76711,0.76659,0.76696,2610
2018-04-22 20:00:00+00:00,0.76691,0.76738,0.76586,0.76589,6514
2018-04-23 00:00:00+00:00,0.76594,0.76795,0.7659,0.76763,16255
2018-04-23 04:00:00+00:00,0.76765,0.76826,0.76486,0.76561,17600
2018-04-23 08:00:00+00:00,0.76561,0.76569,0.76341,0.76466,21913
2018-04-23 12:00:00+00:00,0.76458,0.76479,0.76095,0.76125,37950
2018-04-23 16:00:00+00:00,0.76138,0.76165,0.75999,0.76041,17762
2018-04-23 20:00:00+00:00,0.76039,0.7607,0.76017,0.76021,7142
2018-04-24 00:00:00+00:00,0.76019,0.76134,0.75853,0.76088,30836
2018-04-24 04:00:00+00:00,0.76089,0.76123,0.7594,0.76016,21897
2018-04-24 08:00:00+00:00,0.7602,0.762,0.76005,0.76196,22931
2018-04-24 12:00:00+00:00,0.76193,0.76193,0.75914,0.7598,46872
2018-04-24 16:00:00+00:00,0.75989,0.76092,0.75966,0.76059,30196
2018-04-24 20:00:00+00:00,0.76059,0.76061,0.76013,0.76059,5340
2018-04-25 00:00:00+00:00,0.76032,0.76032,0.7582,0.75848,16717
2018-04-25 04:00:00+00:00,0.75849,0.75849,0.75632,0.75642,24512
2018-04-25 08:00:00+00:00,0.75644,0.75865,0.75576,0.75595,24394
2018-04-25 12:00:00+00:00,0.75576,0.75675,0.75527,0.7558,47710
2018-04-25 16:00:00+00:00,0.75581,0.75713,0.75562,0.75653,22969
2018-04-25 20:00:00+00:00,0.75651,0.75729,0.75619,0.75688,8554
2018-04-26 00:00:00+00:00,0.7568,0.75798,0.75642,0.75759,22585
2018-04-26 04:00:00+00:00,0.75749,0.75799,0.75572,0.75613,25493
2018-04-26 08:00:00+00:00,0.75604,0.75833,0.75574,0.75692,28669
2018-04-26 12:00:00+00:00,0.7569,0.75874,0.75479,0.7559,77244
2018-04-26 16:00:00+00:00,0.75593,0.75661,0.75482,0.75496,21043
2018-04-26 20:00:00+00:00,0.75485,0.75583,0.75485,0.7554,6932
2018-04-27 00:00:00+00:00,0.75538,0.75585,0.75392,0.75543,18665
2018-04-27 04:00:00+00:00,0.7554,0.75555,0.75331,0.75441,22842
2018-04-27 08:00:00+00:00,0.75449,0.75623,0.75407,0.75527,29329
2018-04-27 12:00:00+00:00,0.75528,0.75727,0.75457,0.7565,54403
2018-04-27 16:00:00+00:00,0.75656,0.75831,0.75633,0.758,22133
2018-04-27 20:00:00+00:00,0.75801,0.75814,0.75769,0.75801,1495
2018-04-29 20:00:00+00:00,0.75757,0.75794,0.75713,0.7573,5101
2018-04-30 00:00:00+00:00,0.75721,0.75815,0.75595,0.75637,17415
2018-04-30 04:00:00+00:00,0.75644,0.75716,0.75527,0.7556,22372
2018-04-30 08:00:00+00:00,0.75565,0.7557,0.75386,0.75429,22332
2018-04-30 12:00:00+00:00,0.75418,0.75491,0.7536,0.75429,41233
2018-04-30 16:00:00+00:00,0.75418,0.75503,0.75254,0.75274,28110
2018-04-30 20:00:00+00:00,0.75292,0.75343,0.75267,0.75317,8162
2018-05-01 00:00:00+00:00,0.75317,0.75427,0.75299,0.7541,9379
2018-05-01 04:00:00+00:00,0.75409,0.75455,0.75202,0.75204,15181
2018-05-01 08:00:00+00:00,0.75207,0.75221,0.75054,0.75079,23679
2018-05-01 12:00:00+00:00,0.75086,0.75156,0.74735,0.74883,55992
2018-05-01 16:00:00+00:00,0.74879,0.74979,0.74829,0.74852,33641
2018-05-01 20:00:00+00:00,0.74851,0.74924,0.74797,0.74818,8521
2018-05-02 00:00:00+00:00,0.7484,0.75073,0.74765,0.75036,22061
2018-05-02 04:00:00+00:00,0.75041,0.75285,0.74952,0.75224,30388
2018-05-02 08:00:00+00:00,0.75252,0.75257,0.75007,0.75062,26415
2018-05-02 12:00:00+00:00,0.75065,0.7512,0.74858,0.74993,56761
2018-05-02 16:00:00+00:00,0.75023,0.75358,0.7487,0.74905,75710
2018-05-02 20:00:00+00:00,0.74888,0.7495,0.74856,0.74867,9976
2018-05-03 00:00:00+00:00,0.74867,0.75273,0.74861,0.75219,26877
2018-05-03 04:00:00+00:00,0.75232,0.75284,0.75098,0.75247,28877
2018-05-03 08:00:00+00:00,0.7524,0.75421,0.75197,0.75367,41870
2018-05-03 12:00:00+00:00,0.75361,0.7537,0.74995,0.75129,69145
2018-05-03 16:00:00+00:00,0.7513,0.75401,0.7511,0.75275,40316
2018-05-03 20:00:00+00:00,0.75287,0.75331,0.75274,0.75285,7226
2018-05-04 00:00:00+00:00,0.75288,0.75583,0.75275,0.75547,17832
2018-05-04 04:00:00+00:00,0.75549,0.75599,0.75227,0.75282,22653
2018-05-04 08:00:00+00:00,0.75289,0.75332,0.75124,0.75233,20552
2018-05-04 12:00:00+00:00,0.75243,0.75418,0.74935,0.75328,82468
2018-05-04 16:00:00+00:00,0.75326,0.75447,0.75305,0.7534,23198
2018-05-04 20:00:00+00:00,0.75327,0.75395,0.75324,0.75389,1603
2018-05-06 20:00:00+00:00,0.75414,0.75422,0.75233,0.75233,4713
2018-05-07 00:00:00+00:00,0.75233,0.75428,0.75193,0.75313,17611
2018-05-07 04:00:00+00:00,0.75293,0.75293,0.75091,0.75166,18385
2018-05-07 08:00:00+00:00,0.75167,0.75179,0.74937,0.74948,16036
2018-05-07 12:00:00+00:00,0.74958,0.75258,0.74937,0.75257,44533
2018-05-07 16:00:00+00:00,0.75257,0.753,0.75117,0.75159,25211
2018-05-07 20:00:00+00:00,0.75146,0.752,0.75093,0.75192,6671
2018-05-08 00:00:00+00:00,0.75185,0.75265,0.74921,0.74946,21377
2018-05-08 04:00:00+00:00,0.74932,0.75168,0.74916,0.74953,30004
2018-05-08 08:00:00+00:00,0.74929,0.74929,0.74506,0.74561,30706
2018-05-08 12:00:00+00:00,0.7456,0.74585,0.74337,0.7444,54720
2018-05-08 16:00:00+00:00,0.7446,0.74631,0.74458,0.74522,50403
2018-05-08 20:00:00+00:00,0.74522,0.74544,0.74469,0.7447,5233
2018-05-09 00:00:00+00:00,0.74431,0.74462,0.74247,0.74333,25167
2018-05-09 04:00:00+00:00,0.74323,0.74396,0.74138,0.74272,28009
2018-05-09 08:00:00+00:00,0.7429,0.74628,0.74236,0.74552,33804
2018-05-09 12:00:00+00:00,0.74583,0.74711,0.74491,0.74552,50578
2018-05-09 16:00:00+00:00,0.74571,0.74656,0.745,0.74607,22274
2018-05-09 20:00:00+00:00,0.74609,0.74656,0.74497,0.74572,9682
2018-05-10 00:00:00+00:00,0.74588,0.7476,0.7455,0.74672,26487
2018-05-10 04:00:00+00:00,0.74661,0.74863,0.74562,0.74824,35102
2018-05-10 08:00:00+00:00,0.74827,0.74917,0.74742,0.74882,36405
2018-05-10 12:00:00+00:00,0.74875,0.75332,0.74841,0.75146,83851
2018-05-10 16:00:00+00:00,0.75125,0.75396,0.75125,0.7536,25113
2018-05-10 20:00:00+00:00,0.75356,0.75362,0.75248,0.75255,7158
2018-05-11 00:00:00+00:00,0.75248,0.75405,0.75239,0.75348,23203
2018-05-11 04:00:00+00:00,0.75348,0.75464,0.75313,0.75386,29057
2018-05-11 08:00:00+00:00,0.75383,0.75635,0.75378,0.75542,25625
2018-05-11 12:00:00+00:00,0.75546,0.75657,0.75351,0.75443,59793
2018-05-11 16:00:00+00:00,0.75444,0.75489,0.75339,0.75471,16914
2018-05-11 20:00:00+00:00,0.75478,0.75478,0.75416,0.75418,1523
2018-05-13 20:00:00+00:00,0.75404,0.75534,0.75404,0.75502,5953
2018-05-14 00:00:00+00:00,0.75513,0.75646,0.75505,0.75569,16700
2018-05-14 04:00:00+00:00,0.75569,0.75622,0.75439,0.75524,26758
2018-05-14 08:00:00+00:00,0.75523,0.75557,0.75434,0.75555,24196
2018-05-14 12:00:00+00:00,0.75577,0.75609,0.75438,0.75529,38007
2018-05-14 16:00:00+00:00,0.75515,0.75539,0.75268,0.75293,17161
2018-05-14 20:00:00+00:00,0.75295,0.75296,0.75221,0.75257,5797
2018-05-15 00:00:00+00:00,0.75269,0.7537,0.7523,0.75284,15123
2018-05-15 04:00:00+00:00,0.7529,0.75299,0.75051,0.75155,28511
2018-05-15 08:00:00+00:00,0.75145,0.75214,0.74862,0.74893,29391
2018-05-15 12:00:00+00:00,0.74872,0.75014,0.74498,0.74763,75969
2018-05-15 16:00:00+00:00,0.74744,0.74824,0.74659,0.74715,37212
2018-05-15 20:00:00+00:00,0.74713,0.74744,0.74668,0.74677,9410
2018-05-16 00:00:00+00:00,0.7468,0.74773,0.74481,0.74754,22801
2018-05-16 04:00:00+00:00,0.74744,0.74934,0.74699,0.74913,32239
2018-05-16 08:00:00+00:00,0.7491,0.74966,0.74777,0.74841,41613
2018-05-16 12:00:00+00:00,0.74835,0.75185,0.74778,0.75032,59877
2018-05-16 16:00:00+00:00,0.75023,0.75223,0.75017,0.75136,21617
2018-05-16 20:00:00+00:00,0.75138,0.75231,0.75131,0.75168,7902
2018-05-17 00:00:00+00:00,0.7517,0.75462,0.75128,0.75423,22875
2018-05-17 04:00:00+00:00,0.75419,0.75444,0.75225,0.75384,38144
2018-05-17 08:00:00+00:00,0.7538,0.7538,0.7516,0.75248,26705
2018-05-17 12:00:00+00:00,0.7524,0.75293,0.74979,0.75078,50832
2018-05-17 16:00:00+00:00,0.75079,0.75176,0.75033,0.75105,20285
2018-05-17 20:00:00+00:00,0.75102,0.75153,0.75051,0.75051,7520
2018-05-18 00:00:00+00:00,0.75051,0.75159,0.75039,0.7514,18747
2018-05-18 04:00:00+00:00,0.75143,0.75277,0.75108,0.75134,20923
2018-05-18 08:00:00+00:00,0.75127,0.75168,0.75023,0.75158,23963
2018-05-18 12:00:00+00:00,0.75159,0.75191,0.74898,0.75108,59362
2018-05-18 16:00:00+00:00,0.75102,0.75144,0.75077,0.75086,13204
2018-05-18 20:00:00+00:00,0.7509,0.75129,0.75068,0.7507,1032
2018-05-20 20:00:00+00:00,0.752,0.75303,0.75161,0.75228,7642
2018-05-21 00:00:00+00:00,0.75212,0.75333,0.75118,0.75239,21567
2018-05-21 04:00:00+00:00,0.75249,0.75249,0.75035,0.75158,21321
2018-05-21 08:00:00+00:00,0.75138,0.75373,0.75134,0.75304,24657
2018-05-21 12:00:00+00:00,0.75318,0.75689,0.75267,0.75647,40976
2018-05-21 16:00:00+00:00,0.75638,0.75802,0.75634,0.75802,17400
2018-05-21 20:00:00+00:00,0.75803,0.75874,0.75791,0.75814,4461
2018-05-22 00:00:00+00:00,0.75803,0.75908,0.75784,0.75794,17427
2018-05-22 04:00:00+00:00,0.75795,0.76048,0.75732,0.76009,33860
2018-05-22 08:00:00+00:00,0.76036,0.76046,0.75904,0.75988,31270
2018-05-22 12:00:00+00:00,0.7597,0.76011,0.75844,0.75946,48293
2018-05-22 16:00:00+00:00,0.75934,0.75934,0.75665,0.75761,15601
2018-05-22 20:00:00+00:00,0.75758,0.75808,0.7574,0.75783,7894
2018-05-23 00:00:00+00:00,0.75788,0.75819,0.75376,0.75441,33333
2018-05-23 04:00:00+00:00,0.75427,0.75503,0.75244,0.75271,40435
2018-05-23 08:00:00+00:00,0.75264,0.75442,0.75232,0.75313,45138
2018-05-23 12:00:00+00:00,0.753,0.75537,0.75266,0.7534,60955
2018-05-23 16:00:00+00:00,0.75347,0.75651,0.75317,0.75618,37029
2018-05-23 20:00:00+00:00,0.75617,0.75732,0.75579,0.75659,10422
2018-05-24 00:00:00+00:00,0.75638,0.7574,0.75438,0.75652,33302
2018-05-24 04:00:00+00:00,0.75685,0.7571,0.75519,0.75609,46183
2018-05-24 08:00:00+00:00,0.75595,0.75663,0.75528,0.7553,35309
2018-05-24 12:00:00+00:00,0.75531,0.75738,0.75526,0.75666,65150
2018-05-24 16:00:00+00:00,0.75661,0.75825,0.75647,0.75788,16079
2018-05-24 20:00:00+00:00,0.75788,0.7582,0.75706,0.75706,7103
2018-05-25 00:00:00+00:00,0.75703,0.7577,0.75642,0.7568,21758
2018-05-25 04:00:00+00:00,0.75668,0.7569,0.75577,0.75663,29843
2018-05-25 08:00:00+00:00,0.75691,0.75897,0.75691,0.75714,42414
2018-05-25 12:00:00+00:00,0.75712,0.75722,0.75496,0.75576,58675
2018-05-25 16:00:00+00:00,0.75587,0.75606,0.75429,0.75462,10007
2018-05-25 20:00:00+00:00,0.75464,0.75537,0.75442,0.75451,1676
2018-05-27 20:00:00+00:00,0.75594,0.75618,0.75552,0.75567,8377
2018-05-28 00:00:00+00:00,0.75569,0.7576,0.75519,0.75745,27491
2018-05-28 04:00:00+00:00,0.75747,0.75808,0.7562,0.75649,30465
2018-05-28 08:00:00+00:00,0.75629,0.75705,0.75559,0.7557,35894
2018-05-28 12:00:00+00:00,0.75579,0.75589,0.75441,0.75465,35240
2018-05-28 16:00:00+00:00,0.75465,0.75486,0.75406,0.75434,4320
2018-05-28 20:00:00+00:00,0.75434,0.75478,0.75411,0.75454,6063
2018-05-29 00:00:00+00:00,0.75461,0.75523,0.75163,0.7528,26663
2018-05-29 04:00:00+00:00,0.7527,0.7545,0.75269,0.7534,33145
2018-05-29 08:00:00+00:00,0.75355,0.75412,0.75111,0.75253,58589
2018-05-29 12:00:00+00:00,0.7524,0.7535,0.75103,0.75132,53535
2018-05-29 16:00:00+00:00,0.75113,0.7514,0.74981,0.75042,37349
2018-05-29 20:00:00+00:00,0.7505,0.75078,0.74777,0.7483,10115
2018-05-30 00:00:00+00:00,0.74849,0.7503,0.7483,0.74934,34374
2018-05-30 04:00:00+00:00,0.74927,0.75245,0.74891,0.75225,40950
2018-05-30 08:00:00+00:00,0.75275,0.75534,0.75232,0.75483,41921
2018-05-30 12:00:00+00:00,0.75498,0.75734,0.75319,0.75724,62613
2018-05-30 16:00:00+00:00,0.75745,0.75838,0.75666,0.75777,21607
2018-05-30 20:00:00+00:00,0.75769,0.75796,0.75699,0.75699,7738
2018-05-31 00:00:00+00:00,0.75716,0.7576,0.75531,0.75622,25533
2018-05-31 04:00:00+00:00,0.75642,0.75897,0.75583,0.75766,38908
2018-05-31 08:00:00+00:00,0.75752,0.75924,0.75695,0.75899,35641
2018-05-31 12:00:00+00:00,0.75889,0.75921,0.75557,0.75693,73358
2018-05-31 16:00:00+00:00,0.757,0.7571,0.7555,0.75619,29342
2018-05-31 20:00:00+00:00,0.75621,0.75733,0.75612,0.75617,7967
2018-06-01 00:00:00+00:00,0.75609,0.75695,0.75469,0.75501,25263
2018-06-01 04:00:00+00:00,0.75493,0.75635,0.75376,0.75516,28342
2018-06-01 08:00:00+00:00,0.7555,0.75552,0.75309,0.75331,30234
2018-06-01 12:00:00+00:00,0.75339,0.75643,0.75179,0.75632,70279
2018-06-01 16:00:00+00:00,0.75649,0.75723,0.75571,0.75686,17173
2018-06-01 20:00:00+00:00,0.75696,0.75718,0.7565,0.7565,1891
2018-06-03 20:00:00+00:00,0.75643,0.75717,0.75603,0.75674,6151
2018-06-04 00:00:00+00:00,0.75697,0.76149,0.75697,0.76123,26383
2018-06-04 04:00:00+00:00,0.76135,0.76376,0.76088,0.76281,28976
2018-06-04 08:00:00+00:00,0.76284,0.76604,0.76265,0.76604,29550
2018-06-04 12:00:00+00:00,0.7662,0.76659,0.76395,0.76474,49594
2018-06-04 16:00:00+00:00,0.76466,0.76533,0.76413,0.76481,12362
2018-06-04 20:00:00+00:00,0.76487,0.76548,0.76443,0.76514,6478
2018-06-05 00:00:00+00:00,0.76536,0.76552,0.76312,0.76354,22902
2018-06-05 04:00:00+00:00,0.76347,0.76486,0.76262,0.76402,30191
2018-06-05 08:00:00+00:00,0.76394,0.76417,0.7613,0.76167,28060
2018-06-05 12:00:00+00:00,0.76141,0.76169,0.7595,0.76059,57498
2018-06-05 16:00:00+00:00,0.76088,0.76243,0.76079,0.76122,25879
2018-06-05 20:00:00+00:00,0.76122,0.76281,0.76121,0.76237,12380
2018-06-06 00:00:00+00:00,0.76252,0.76624,0.7624,0.76583,26189
2018-06-06 04:00:00+00:00,0.76579,0.76722,0.76395,0.76455,37062
2018-06-06 08:00:00+00:00,0.76414,0.76595,0.76414,0.76579,26706
2018-06-06 12:00:00+00:00,0.76585,0.76761,0.76554,0.76759,48312
2018-06-06 16:00:00+00:00,0.76742,0.76743,0.76608,0.76644,12063
2018-06-06 20:00:00+00:00,0.7664,0.76704,0.76627,0.76637,7851
2018-06-07 00:00:00+00:00,0.76627,0.76727,0.76442,0.7649,25269
2018-06-07 04:00:00+00:00,0.76485,0.76641,0.76469,0.76559,22576
2018-06-07 08:00:00+00:00,0.76559,0.76559,0.76468,0.76555,20261
2018-06-07 12:00:00+00:00,0.7655,0.76575,0.76274,0.76291,54815
2018-06-07 16:00:00+00:00,0.76278,0.76305,0.76138,0.7619,28556
2018-06-07 20:00:00+00:00,0.76187,0.76267,0.76129,0.76153,6741
2018-06-08 00:00:00+00:00,0.76147,0.76269,0.76028,0.76096,16044
2018-06-08 04:00:00+00:00,0.7608,0.76133,0.7578,0.75943,32423
2018-06-08 08:00:00+00:00,0.75928,0.75928,0.75612,0.75862,31754
2018-06-08 12:00:00+00:00,0.75844,0.76009,0.75807,0.76002,60040
2018-06-08 16:00:00+00:00,0.76003,0.76041,0.7597,0.7597,9788
2018-06-08 20:00:00+00:00,0.7597,0.75993,0.75947,0.75947,1496
2018-06-10 20:00:00+00:00,0.75886,0.76024,0.75886,0.76024,2434
2018-06-11 00:00:00+00:00,0.76023,0.76124,0.75958,0.76072,12764
2018-06-11 04:00:00+00:00,0.76068,0.76145,0.76012,0.76123,15842
2018-06-11 08:00:00+00:00,0.76125,0.76156,0.76002,0.76056,17428
2018-06-11 12:00:00+00:00,0.76062,0.76211,0.76004,0.76162,34492
2018-06-11 16:00:00+00:00,0.76152,0.76153,0.76036,0.76094,10652
2018-06-11 20:00:00+00:00,0.76085,0.76106,0.76035,0.76035,6810
2018-06-12 00:00:00+00:00,0.7603,0.76203,0.75847,0.76131,28902
2018-06-12 04:00:00+00:00,0.76141,0.76236,0.76049,0.76182,24065
2018-06-12 08:00:00+00:00,0.76176,0.76209,0.76054,0.761,20400
2018-06-12 12:00:00+00:00,0.76084,0.76167,0.75967,0.76045,39277
2018-06-12 16:00:00+00:00,0.7603,0.76051,0.75661,0.75724,19591
2018-06-12 20:00:00+00:00,0.75715,0.7576,0.75676,0.75741,5732
2018-06-13 00:00:00+00:00,0.75746,0.75766,0.75569,0.75647,13957
2018-06-13 04:00:00+00:00,0.75648,0.75744,0.75614,0.75671,16747
2018-06-13 08:00:00+00:00,0.75697,0.75868,0.75614,0.75836,24219
2018-06-13 12:00:00+00:00,0.75855,0.76087,0.75806,0.76031,26473
2018-06-13 16:00:00+00:00,0.76023,0.76057,0.75343,0.75757,75892
2018-06-13 20:00:00+00:00,0.75762,0.75824,0.75672,0.75693,8380
2018-06-14 00:00:00+00:00,0.7568,0.75739,0.75534,0.75626,20747
2018-06-14 04:00:00+00:00,0.75628,0.75655,0.75475,0.75612,22638
2018-06-14 08:00:00+00:00,0.75618,0.75643,0.75475,0.75558,30734
2018-06-14 12:00:00+00:00,0.75579,0.7566,0.75098,0.75132,64473
2018-06-14 16:00:00+00:00,0.75129,0.75145,0.74816,0.74847,32414
2018-06-14 20:00:00+00:00,0.74869,0.74869,0.74652,0.74652,11207
2018-06-15 00:00:00+00:00,0.74645,0.74682,0.74541,0.74619,20682
2018-06-15 04:00:00+00:00,0.7462,0.74712,0.74535,0.74664,28409
2018-06-15 08:00:00+00:00,0.74647,0.74798,0.74578,0.74728,37211
2018-06-15 12:00:00+00:00,0.74743,0.7476,0.74467,0.74543,51702
2018-06-15 16:00:00+00:00,0.74532,0.74541,0.74434,0.74456,17325
2018-06-15 20:00:00+00:00,0.74435,0.74448,0.74402,0.74403,1475
2018-06-17 20:00:00+00:00,0.7441,0.74426,0.74371,0.74407,5967
2018-06-18 00:00:00+00:00,0.74393,0.74458,0.74263,0.74436,16473
2018-06-18 04:00:00+00:00,0.74433,0.7452,0.7436,0.7436,18190
2018-06-18 08:00:00+00:00,0.74358,0.74539,0.74348,0.74427,21199
2018-06-18 12:00:00+00:00,0.74435,0.74446,0.74177,0.74177,26154
2018-06-18 16:00:00+00:00,0.74179,0.74252,0.74138,0.74195,14055
2018-06-18 20:00:00+00:00,0.74192,0.74247,0.73979,0.74034,12653
2018-06-19 00:00:00+00:00,0.7401,0.74265,0.73956,0.74098,31405
2018-06-19 04:00:00+00:00,0.7408,0.7408,0.73552,0.73731,41418
2018-06-19 08:00:00+00:00,0.73752,0.73783,0.73483,0.73603,45882
2018-06-19 12:00:00+00:00,0.73581,0.73853,0.73488,0.73843,44004
2018-06-19 16:00:00+00:00,0.73841,0.73853,0.73731,0.73769,20282
2018-06-19 20:00:00+00:00,0.73766,0.7394,0.7375,0.73896,8928
2018-06-20 00:00:00+00:00,0.73903,0.74036,0.73693,0.73941,30659
2018-06-20 04:00:00+00:00,0.73947,0.74086,0.73891,0.73934,30674
2018-06-20 08:00:00+00:00,0.73901,0.73946,0.73811,0.73845,27926
2018-06-20 12:00:00+00:00,0.73834,0.73949,0.73711,0.73862,42650
2018-06-20 16:00:00+00:00,0.7386,0.73884,0.73672,0.73679,20769
2018-06-20 20:00:00+00:00,0.73684,0.73742,0.7366,0.73716,6203
2018-06-21 00:00:00+00:00,0.73716,0.73812,0.73554,0.73634,30134
2018-06-21 04:00:00+00:00,0.73631,0.737,0.73456,0.73691,33294
2018-06-21 08:00:00+00:00,0.73682,0.73771,0.73516,0.7372,46711
2018-06-21 12:00:00+00:00,0.73682,0.73933,0.73624,0.73737,91467
2018-06-21 16:00:00+00:00,0.73733,0.73933,0.73715,0.73841,23567
2018-06-21 20:00:00+00:00,0.73842,0.73842,0.73728,0.73762,8035
2018-06-22 00:00:00+00:00,0.73772,0.73964,0.73761,0.7396,21512
2018-06-22 04:00:00+00:00,0.73961,0.74138,0.73928,0.74106,27189
2018-06-22 08:00:00+00:00,0.74111,0.74366,0.74074,0.74284,30255
2018-06-22 12:00:00+00:00,0.74255,0.74404,0.74183,0.74236,72046
2018-06-22 16:00:00+00:00,0.74246,0.74432,0.74245,0.74372,17701
2018-06-22 20:00:00+00:00,0.74369,0.74413,0.74369,0.744,2473
2018-06-24 20:00:00+00:00,0.74392,0.74422,0.74362,0.74394,4664
2018-06-25 00:00:00+00:00,0.7438,0.74384,0.74174,0.74249,29467
2018-06-25 04:00:00+00:00,0.7425,0.74336,0.74147,0.74324,28414
2018-06-25 08:00:00+00:00,0.74319,0.74365,0.74164,0.74287,30662
2018-06-25 12:00:00+00:00,0.74285,0.7432,0.73981,0.74044,55703
2018-06-25 16:00:00+00:00,0.74048,0.74118,0.73964,0.74068,22308
2018-06-25 20:00:00+00:00,0.74056,0.74186,0.74036,0.74092,7392
2018-06-26 00:00:00+00:00,0.74086,0.7422,0.74033,0.741,29629
2018-06-26 04:00:00+00:00,0.74109,0.74185,0.73998,0.74037,29264
2018-06-26 08:00:00+00:00,0.74025,0.7408,0.73919,0.73949,35944
2018-06-26 12:00:00+00:00,0.73957,0.74055,0.73802,0.74023,56872
2018-06-26 16:00:00+00:00,0.74018,0.74027,0.73856,0.73895,22333
2018-06-26 20:00:00+00:00,0.73893,0.73939,0.73884,0.73917,4685
2018-06-27 00:00:00+00:00,0.73907,0.73969,0.7362,0.73806,34764
2018-06-27 04:00:00+00:00,0.73809,0.73899,0.73719,0.73784,32009
2018-06-27 08:00:00+00:00,0.73794,0.74059,0.73631,0.74008,45863
2018-06-27 12:00:00+00:00,0.73992,0.73992,0.73671,0.73722,59036
2018-06-27 16:00:00+00:00,0.73711,0.73733,0.73275,0.73318,43550
2018-06-27 20:00:00+00:00,0.73347,0.73446,0.73347,0.73411,9725
2018-06-28 00:00:00+00:00,0.7341,0.73609,0.73353,0.73563,35823
2018-06-28 04:00:00+00:00,0.73564,0.73582,0.73322,0.73427,36776
2018-06-28 08:00:00+00:00,0.73432,0.73547,0.73308,0.73435,39427
2018-06-28 12:00:00+00:00,0.73428,0.73567,0.73375,0.73537,56624
2018-06-28 16:00:00+00:00,0.73546,0.73577,0.73425,0.73506,27973
2018-06-28 20:00:00+00:00,0.73505,0.73542,0.73453,0.73478,8702
2018-06-29 00:00:00+00:00,0.73478,0.73841,0.73362,0.73812,48339
2018-06-29 04:00:00+00:00,0.73812,0.73942,0.73812,0.73849,41231
2018-06-29 08:00:00+00:00,0.73861,0.74001,0.73698,0.73824,48115
2018-06-29 12:00:00+00:00,0.73819,0.74014,0.7377,0.73991,50482
2018-06-29 16:00:00+00:00,0.73992,0.74019,0.73908,0.74013,24393
2018-06-29 20:00:00+00:00,0.74004,0.74086,0.74003,0.74022,2494
2018-07-01 20:00:00+00:00,0.74026,0.74052,0.73966,0.73975,9891
2018-07-02 00:00:00+00:00,0.73972,0.73976,0.73745,0.73755,28057
2018-07-02 04:00:00+00:00,0.73767,0.73833,0.73674,0.73704,31442
2018-07-02 08:00:00+00:00,0.73746,0.73795,0.73541,0.73552,25078
2018-07-02 12:00:00+00:00,0.73549,0.73574,0.73114,0.73213,37447
2018-07-02 16:00:00+00:00,0.73212,0.73321,0.73121,0.73303,15110
2018-07-02 20:00:00+00:00,0.7331,0.73421,0.7331,0.73381,8805
2018-07-03 00:00:00+00:00,0.73382,0.7346,0.73155,0.73366,37325
2018-07-03 04:00:00+00:00,0.73364,0.73863,0.73308,0.73863,50831
2018-07-03 08:00:00+00:00,0.73859,0.74031,0.73842,0.7403,32936
2018-07-03 12:00:00+00:00,0.74039,0.74039,0.73758,0.73844,29825
2018-07-03 16:00:00+00:00,0.73843,0.73874,0.73715,0.73868,7486
2018-07-03 20:00:00+00:00,0.73864,0.73879,0.73774,0.73783,7640
2018-07-04 00:00:00+00:00,0.73777,0.74238,0.73777,0.74013,37952
2018-07-04 04:00:00+00:00,0.74017,0.74132,0.73864,0.73864,29900
2018-07-04 08:00:00+00:00,0.73863,0.73884,0.73792,0.73861,20520
2018-07-04 12:00:00+00:00,0.7386,0.73884,0.73752,0.73801,20244
2018-07-04 16:00:00+00:00,0.73802,0.73893,0.73791,0.73825,18842
2018-07-04 20:00:00+00:00,0.73826,0.73856,0.73785,0.73793,5645
2018-07-05 00:00:00+00:00,0.73783,0.73872,0.73678,0.73779,33850
2018-07-05 04:00:00+00:00,0.7377,0.73858,0.73619,0.73806,35205
2018-07-05 08:00:00+00:00,0.73828,0.74011,0.73806,0.74011,28877
2018-07-05 12:00:00+00:00,0.74007,0.74078,0.73804,0.73865,41913
2018-07-05 16:00:00+00:00,0.73872,0.73905,0.73745,0.73888,16536
2018-07-05 20:00:00+00:00,0.73876,0.73899,0.73848,0.73863,5744
2018-07-06 00:00:00+00:00,0.7387,0.73962,0.73767,0.73845,26671
2018-07-06 04:00:00+00:00,0.73854,0.74119,0.73788,0.74057,40614
2018-07-06 08:00:00+00:00,0.74054,0.74174,0.74054,0.74128,24290
2018-07-06 12:00:00+00:00,0.74129,0.74437,0.74116,0.74201,51070
2018-07-06 16:00:00+00:00,0.74191,0.74296,0.74179,0.74285,10428
2018-07-06 20:00:00+00:00,0.74308,0.74319,0.74252,0.7428,1620
2018-07-08 20:00:00+00:00,0.74308,0.74367,0.74285,0.74367,7745
2018-07-09 00:00:00+00:00,0.74361,0.74637,0.74355,0.74605,23840
2018-07-09 04:00:00+00:00,0.74611,0.74717,0.74569,0.74674,23794
2018-07-09 08:00:00+00:00,0.74674,0.74811,0.74674,0.748,24498
2018-07-09 12:00:00+00:00,0.74802,0.74831,0.74657,0.74674,30371
2018-07-09 16:00:00+00:00,0.74657,0.74691,0.74557,0.7463,13354
2018-07-09 20:00:00+00:00,0.74631,0.74712,0.74602,0.74699,6835
2018-07-10 00:00:00+00:00,0.74711,0.74831,0.74698,0.74738,22771
2018-07-10 04:00:00+00:00,0.74745,0.7476,0.74539,0.74604,26442
2018-07-10 08:00:00+00:00,0.74606,0.74614,0.74307,0.74361,29019
2018-07-10 12:00:00+00:00,0.74368,0.74677,0.74364,0.7463,29725
2018-07-10 16:00:00+00:00,0.74629,0.74697,0.74592,0.74696,14848
2018-07-10 20:00:00+00:00,0.74696,0.74731,0.74137,0.74156,24513
2018-07-11 00:00:00+00:00,0.7417,0.74287,0.74081,0.74185,36401
2018-07-11 04:00:00+00:00,0.74184,0.74201,0.74046,0.74191,30561
2018-07-11 08:00:00+00:00,0.74176,0.742,0.73841,0.73905,35364
2018-07-11 12:00:00+00:00,0.73909,0.74136,0.73881,0.73991,51937
2018-07-11 16:00:00+00:00,0.7399,0.73998,0.7364,0.73665,34917
2018-07-11 20:00:00+00:00,0.7369,0.7369,0.73603,0.73651,8838
2018-07-12 00:00:00+00:00,0.73644,0.73783,0.73615,0.73776,22587
2018-07-12 04:00:00+00:00,0.73767,0.73914,0.73758,0.73869,30157
2018-07-12 08:00:00+00:00,0.73892,0.7392,0.73726,0.73861,26542
2018-07-12 12:00:00+00:00,0.73879,0.74193,0.73865,0.74172,42148
2018-07-12 16:00:00+00:00,0.74168,0.74171,0.74017,0.7407,24757
2018-07-12 20:00:00+00:00,0.74064,0.74091,0.73994,0.74069,7075
2018-07-13 00:00:00+00:00,0.74066,0.74218,0.74066,0.74159,20992
2018-07-13 04:00:00+00:00,0.74163,0.74198,0.73842,0.739,26650
2018-07-13 08:00:00+00:00,0.73873,0.7389,0.73694,0.73752,35104
2018-07-13 12:00:00+00:00,0.73765,0.74138,0.73765,0.74091,42123
2018-07-13 16:00:00+00:00,0.74106,0.74176,0.74044,0.74175,17508
2018-07-13 20:00:00+00:00,0.74187,0.74237,0.74175,0.74224,1325
2018-07-15 20:00:00+00:00,0.74186,0.7423,0.74132,0.74181,4825
2018-07-16 00:00:00+00:00,0.74182,0.74346,0.74096,0.74214,24788
2018-07-16 04:00:00+00:00,0.74221,0.74419,0.74189,0.74274,26335
2018-07-16 08:00:00+00:00,0.74294,0.74409,0.7427,0.74321,24917
2018-07-16 12:00:00+00:00,0.74289,0.74356,0.74118,0.74163,49914
2018-07-16 16:00:00+00:00,0.74143,0.74214,0.7412,0.742,13850
2018-07-16 20:00:00+00:00,0.74198,0.74214,0.74115,0.74135,6938
2018-07-17 00:00:00+00:00,0.7413,0.74355,0.74024,0.74354,28904
2018-07-17 04:00:00+00:00,0.74377,0.74377,0.74235,0.74235,29654
2018-07-17 08:00:00+00:00,0.74225,0.74279,0.74032,0.74032,27003
2018-07-17 12:00:00+00:00,0.74031,0.74064,0.73862,0.73909,63050
2018-07-17 16:00:00+00:00,0.73908,0.73919,0.73763,0.73891,22309
2018-07-17 20:00:00+00:00,0.73886,0.73897,0.73767,0.73774,5518
2018-07-18 00:00:00+00:00,0.73787,0.73938,0.73776,0.73838,20391
2018-07-18 04:00:00+00:00,0.73833,0.73834,0.73473,0.73521,27903
2018-07-18 08:00:00+00:00,0.73505,0.7363,0.73436,0.73507,29128
2018-07-18 12:00:00+00:00,0.73498,0.73921,0.73459,0.7392,48995
2018-07-18 16:00:00+00:00,0.73923,0.74074,0.73923,0.73992,19538
2018-07-18 20:00:00+00:00,0.74002,0.74004,0.73945,0.73984,5962
2018-07-19 00:00:00+00:00,0.73983,0.74354,0.73961,0.74245,33110
2018-07-19 04:00:00+00:00,0.74242,0.74259,0.7373,0.73735,35333
2018-07-19 08:00:00+00:00,0.73729,0.7379,0.73373,0.73443,48696
2018-07-19 12:00:00+00:00,0.73419,0.73466,0.73236,0.73301,63067
2018-07-19 16:00:00+00:00,0.73309,0.73795,0.73261,0.73508,58645
2018-07-19 20:00:00+00:00,0.7349,0.73635,0.73489,0.73625,8541
2018-07-20 00:00:00+00:00,0.73618,0.73743,0.73189,0.73549,60471
2018-07-20 04:00:00+00:00,0.73549,0.73829,0.73508,0.73623,46938
2018-07-20 08:00:00+00:00,0.73634,0.73807,0.73569,0.73773,44076
2018-07-20 12:00:00+00:00,0.73783,0.74192,0.73749,0.74087,95950
2018-07-20 16:00:00+00:00,0.74078,0.74299,0.74057,0.74274,21316
2018-07-20 20:00:00+00:00,0.74274,0.74279,0.74172,0.74176,2161
2018-07-22 20:00:00+00:00,0.74177,0.74375,0.74165,0.74316,9089
2018-07-23 00:00:00+00:00,0.74326,0.74358,0.74179,0.74268,33641
2018-07-23 04:00:00+00:00,0.74275,0.74287,0.74108,0.74179,30747
2018-07-23 08:00:00+00:00,0.74169,0.74194,0.73993,0.74081,25811
2018-07-23 12:00:00+00:00,0.74071,0.74079,0.73757,0.73834,52421
2018-07-23 16:00:00+00:00,0.73826,0.73848,0.73725,0.73814,22528
2018-07-23 20:00:00+00:00,0.73813,0.73845,0.73751,0.73798,7448
2018-07-24 00:00:00+00:00,0.73795,0.73886,0.73666,0.73798,33929
2018-07-24 04:00:00+00:00,0.73799,0.73825,0.7361,0.73815,34094
2018-07-24 08:00:00+00:00,0.73808,0.7413,0.73766,0.74118,30914
2018-07-24 12:00:00+00:00,0.74107,0.7434,0.73986,0.74156,57781
2018-07-24 16:00:00+00:00,0.74159,0.74209,0.741,0.74209,20859
2018-07-24 20:00:00+00:00,0.7419,0.74289,0.74164,0.74257,7240
2018-07-25 00:00:00+00:00,0.74257,0.74476,0.7393,0.73987,35239
2018-07-25 04:00:00+00:00,0.73968,0.74085,0.73921,0.74035,30571
2018-07-25 08:00:00+00:00,0.74027,0.74271,0.74004,0.74152,32908
2018-07-25 12:00:00+00:00,0.74159,0.74313,0.74015,0.74113,62404
2018-07-25 16:00:00+00:00,0.74113,0.74619,0.74063,0.74559,40754
2018-07-25 20:00:00+00:00,0.74572,0.74602,0.74438,0.7459,16326
2018-07-26 00:00:00+00:00,0.74589,0.74627,0.7433,0.744,30606
2018-07-26 04:00:00+00:00,0.74383,0.74454,0.74267,0.74361,30187
2018-07-26 08:00:00+00:00,0.74361,0.74374,0.74182,0.74201,27477
2018-07-26 12:00:00+00:00,0.74185,0.74223,0.73778,0.73831,72552
2018-07-26 16:00:00+00:00,0.73824,0.73908,0.73728,0.73748,21954
2018-07-26 20:00:00+00:00,0.73757,0.73807,0.73747,0.73807,8347
2018-07-27 00:00:00+00:00,0.73823,0.73913,0.73736,0.73875,22008
2018-07-27 04:00:00+00:00,0.73883,0.73945,0.73795,0.73885,25119
2018-07-27 08:00:00+00:00,0.73893,0.73894,0.73705,0.73746,33371
2018-07-27 12:00:00+00:00,0.73746,0.74143,0.73735,0.74084,56498
2018-07-27 16:00:00+00:00,0.74064,0.74074,0.73963,0.74041,20746
2018-07-27 20:00:00+00:00,0.74042,0.74062,0.74011,0.74011,1561
2018-07-29 20:00:00+00:00,0.73995,0.74048,0.73983,0.73983,3560
2018-07-30 00:00:00+00:00,0.73991,0.74055,0.73866,0.73913,22842
2018-07-30 04:00:00+00:00,0.73904,0.74047,0.73893,0.74027,23487
2018-07-30 08:00:00+00:00,0.74013,0.74035,0.73932,0.73963,27381
2018-07-30 12:00:00+00:00,0.73953,0.74128,0.73903,0.74081,33377
2018-07-30 16:00:00+00:00,0.74069,0.74122,0.74033,0.74036,15254
2018-07-30 20:00:00+00:00,0.7404,0.74104,0.74032,0.74077,6189
2018-07-31 00:00:00+00:00,0.74088,0.74243,0.74043,0.74238,27260
2018-07-31 04:00:00+00:00,0.74232,0.74337,0.7414,0.74188,42017
2018-07-31 08:00:00+00:00,0.74183,0.74284,0.74139,0.74272,25756
2018-07-31 12:00:00+00:00,0.7426,0.74402,0.74059,0.74358,67010
2018-07-31 16:00:00+00:00,0.74361,0.74402,0.74256,0.74292,22437
2018-07-31 20:00:00+00:00,0.74299,0.74314,0.74127,0.74192,17044
2018-08-01 00:00:00+00:00,0.74179,0.74233,0.74098,0.74133,23777
2018-08-01 04:00:00+00:00,0.7414,0.74167,0.74014,0.74038,29412
2018-08-01 08:00:00+00:00,0.74045,0.74205,0.74024,0.74133,25711
2018-08-01 12:00:00+00:00,0.74144,0.74165,0.73988,0.74011,51303
2018-08-01 16:00:00+00:00,0.74006,0.74061,0.73913,0.74003,31507
2018-08-01 20:00:00+00:00,0.74002,0.74096,0.73984,0.74052,9524
2018-08-02 00:00:00+00:00,0.74045,0.74086,0.73837,0.73837,21627
2018-08-02 04:00:00+00:00,0.73858,0.73886,0.73738,0.73757,29139
2018-08-02 08:00:00+00:00,0.73765,0.73788,0.73558,0.73648,35292
2018-08-02 12:00:00+00:00,0.73631,0.73813,0.7361,0.73784,42160
2018-08-02 16:00:00+00:00,0.73785,0.73835,0.73608,0.73666,21856
2018-08-02 20:00:00+00:00,0.73654,0.73659,0.73576,0.73597,12424
2018-08-03 00:00:00+00:00,0.7359,0.73711,0.7357,0.73687,21019
2018-08-03 04:00:00+00:00,0.7368,0.73725,0.73497,0.73497,24839
2018-08-03 08:00:00+00:00,0.73484,0.74056,0.73484,0.73948,37945
2018-08-03 12:00:00+00:00,0.73914,0.74109,0.73793,0.74053,74447
2018-08-03 16:00:00+00:00,0.74054,0.74083,0.73998,0.74013,21292
2018-08-03 20:00:00+00:00,0.74003,0.7401,0.73961,0.73989,1200
2018-08-05 20:00:00+00:00,0.73969,0.73994,0.73936,0.73936,3901
2018-08-06 00:00:00+00:00,0.73938,0.7405,0.73919,0.73921,20667
2018-08-06 04:00:00+00:00,0.73923,0.73987,0.73858,0.73965,24146
2018-08-06 08:00:00+00:00,0.73957,0.7398,0.73806,0.7386,26592
2018-08-06 12:00:00+00:00,0.7384,0.73936,0.73745,0.73924,30833
2018-08-06 16:00:00+00:00,0.73923,0.73944,0.73863,0.73893,13732
2018-08-06 20:00:00+00:00,0.73892,0.73899,0.73823,0.73858,9674
2018-08-07 00:00:00+00:00,0.73864,0.73944,0.73842,0.73919,19458
2018-08-07 04:00:00+00:00,0.7392,0.74269,0.73906,0.74255,28491
2018-08-07 08:00:00+00:00,0.74257,0.74386,0.74234,0.74368,28106
2018-08-07 12:00:00+00:00,0.7438,0.74391,0.74227,0.74274,28049
2018-08-07 16:00:00+00:00,0.74284,0.74294,0.74154,0.74226,18803
2018-08-07 20:00:00+00:00,0.74237,0.74254,0.7415,0.7425,6518
2018-08-08 00:00:00+00:00,0.74262,0.74329,0.74211,0.74292,16327
2018-08-08 04:00:00+00:00,0.74293,0.74322,0.74204,0.74246,21243
2018-08-08 08:00:00+00:00,0.74264,0.74264,0.74054,0.74061,28425
2018-08-08 12:00:00+00:00,0.74066,0.74232,0.73867,0.74198,38798
2018-08-08 16:00:00+00:00,0.74193,0.74393,0.74181,0.74342,19599
2018-08-08 20:00:00+00:00,0.74343,0.74375,0.74165,0.7426,10273
2018-08-09 00:00:00+00:00,0.74267,0.74527,0.74161,0.74424,25311
2018-08-09 04:00:00+00:00,0.74421,0.74454,0.74144,0.7415,32716
2018-08-09 08:00:00+00:00,0.7416,0.74272,0.74152,0.74169,28938
2018-08-09 12:00:00+00:00,0.74168,0.74228,0.73921,0.73923,35391
2018-08-09 16:00:00+00:00,0.73929,0.73966,0.73758,0.73758,21084
2018-08-09 20:00:00+00:00,0.73773,0.73815,0.73667,0.73724,12738
2018-08-10 00:00:00+00:00,0.73729,0.73746,0.73665,0.73702,19166
2018-08-10 04:00:00+00:00,0.737,0.73702,0.72809,0.73095,82439
2018-08-10 08:00:00+00:00,0.7309,0.73187,0.72932,0.73094,46735
2018-08-10 12:00:00+00:00,0.73079,0.73213,0.72902,0.72973,92339
2018-08-10 16:00:00+00:00,0.72971,0.73062,0.72869,0.72951,27712
2018-08-10 20:00:00+00:00,0.7297,0.73042,0.72931,0.72987,2697
2018-08-12 20:00:00+00:00,0.72745,0.72995,0.7272,0.72885,12277
2018-08-13 00:00:00+00:00,0.72874,0.72885,0.72644,0.72786,41844
2018-08-13 04:00:00+00:00,0.72791,0.72916,0.7264,0.72737,52367
2018-08-13 08:00:00+00:00,0.72718,0.72804,0.7263,0.72751,45242
2018-08-13 12:00:00+00:00,0.7277,0.72908,0.72689,0.72689,62951
2018-08-13 16:00:00+00:00,0.72685,0.72701,0.72572,0.72648,26495
2018-08-13 20:00:00+00:00,0.72653,0.72747,0.72645,0.72656,11745
2018-08-14 00:00:00+00:00,0.72639,0.72828,0.7262,0.7274,25682
2018-08-14 04:00:00+00:00,0.72749,0.72813,0.72595,0.72712,40551
2018-08-14 08:00:00+00:00,0.72695,0.72745,0.72533,0.72655,39862
2018-08-14 12:00:00+00:00,0.72641,0.72667,0.72371,0.72386,55071
2018-08-14 16:00:00+00:00,0.72394,0.72402,0.72246,0.72378,31125
2018-08-14 20:00:00+00:00,0.72377,0.72427,0.72354,0.72355,6334
2018-08-15 00:00:00+00:00,0.72347,0.72347,0.72034,0.72098,29979
2018-08-15 04:00:00+00:00,0.72077,0.72337,0.72065,0.72258,40810
2018-08-15 08:00:00+00:00,0.7226,0.72322,0.7213,0.72239,49977
2018-08-15 12:00:00+00:00,0.72251,0.72353,0.72105,0.72325,76526
2018-08-15 16:00:00+00:00,0.72326,0.7246,0.7231,0.7236,31931
2018-08-15 20:00:00+00:00,0.72365,0.72421,0.7231,0.72328,8939
2018-08-16 00:00:00+00:00,0.72331,0.7274,0.72256,0.72719,52978
2018-08-16 04:00:00+00:00,0.72683,0.72783,0.72583,0.7261,52921
2018-08-16 08:00:00+00:00,0.72592,0.72755,0.72592,0.72649,40519
2018-08-16 12:00:00+00:00,0.7266,0.72862,0.72626,0.72751,56958
2018-08-16 16:00:00+00:00,0.72758,0.72763,0.72518,0.72611,34605
2018-08-16 20:00:00+00:00,0.7262,0.72637,0.7258,0.72588,9520
2018-08-17 00:00:00+00:00,0.72596,0.72791,0.72546,0.72671,28619
2018-08-17 04:00:00+00:00,0.72678,0.72751,0.72627,0.72725,30833
2018-08-17 08:00:00+00:00,0.72721,0.7288,0.72555,0.72664,49388
2018-08-17 12:00:00+00:00,0.72664,0.72884,0.72611,0.72809,52162
2018-08-17 16:00:00+00:00,0.72806,0.73189,0.72798,0.7317,27618
2018-08-17 20:00:00+00:00,0.73149,0.73166,0.73127,0.73139,1611
2018-08-19 20:00:00+00:00,0.73149,0.73156,0.73076,0.73083,4249
2018-08-20 00:00:00+00:00,0.7308,0.73122,0.7296,0.73083,23799
2018-08-20 04:00:00+00:00,0.73076,0.73149,0.72995,0.73119,32020
2018-08-20 08:00:00+00:00,0.73132,0.73164,0.7297,0.73064,31168
2018-08-20 12:00:00+00:00,0.73065,0.73179,0.73019,0.73073,40823
2018-08-20 16:00:00+00:00,0.73093,0.7337,0.73093,0.73359,18987
2018-08-20 20:00:00+00:00,0.7335,0.73454,0.73337,0.73364,14254
2018-08-21 00:00:00+00:00,0.73362,0.73582,0.73339,0.73553,31970
2018-08-21 04:00:00+00:00,0.73561,0.73621,0.73471,0.73518,30857
2018-08-21 08:00:00+00:00,0.73532,0.73654,0.73529,0.73552,31467
2018-08-21 12:00:00+00:00,0.73552,0.73569,0.73409,0.73518,46528
2018-08-21 16:00:00+00:00,0.73519,0.73813,0.73495,0.73642,39583
2018-08-21 20:00:00+00:00,0.73651,0.73677,0.73528,0.73612,12750
2018-08-22 00:00:00+00:00,0.73613,0.73633,0.73468,0.73566,28546
2018-08-22 04:00:00+00:00,0.73549,0.7358,0.73387,0.73419,27476
2018-08-22 08:00:00+00:00,0.73408,0.73649,0.73349,0.73588,42330
2018-08-22 12:00:00+00:00,0.73571,0.7361,0.73423,0.73513,52218
2018-08-22 16:00:00+00:00,0.73512,0.73674,0.73421,0.73564,32699
2018-08-22 20:00:00+00:00,0.73564,0.73564,0.7332,0.73339,10848
2018-08-23 00:00:00+00:00,0.73328,0.73328,0.72839,0.7292,35132
2018-08-23 04:00:00+00:00,0.72923,0.73016,0.72849,0.72907,34661
2018-08-23 08:00:00+00:00,0.72889,0.72999,0.72853,0.72853,33425
2018-08-23 12:00:00+00:00,0.7286,0.7289,0.72632,0.72632,48232
2018-08-23 16:00:00+00:00,0.72635,0.72636,0.72406,0.72469,22108
2018-08-23 20:00:00+00:00,0.72478,0.72519,0.7242,0.72435,9871
2018-08-24 00:00:00+00:00,0.7244,0.72896,0.72385,0.72762,36644
2018-08-24 04:00:00+00:00,0.72778,0.72872,0.72736,0.72749,28872
2018-08-24 08:00:00+00:00,0.72758,0.73078,0.72695,0.73035,33842
2018-08-24 12:00:00+00:00,0.73019,0.73429,0.73004,0.73306,65163
2018-08-24 16:00:00+00:00,0.73317,0.73358,0.7324,0.73261,21492
2018-08-24 20:00:00+00:00,0.73261,0.73275,0.73234,0.73234,1933
2018-08-26 20:00:00+00:00,0.73251,0.73448,0.7325,0.73423,8592
2018-08-27 00:00:00+00:00,0.73427,0.73427,0.73197,0.73276,25707
2018-08-27 04:00:00+00:00,0.73273,0.7328,0.73079,0.73079,25273
2018-08-27 08:00:00+00:00,0.73111,0.73218,0.73081,0.73218,23311
2018-08-27 12:00:00+00:00,0.73208,0.73487,0.73204,0.73452,43673
2018-08-27 16:00:00+00:00,0.73455,0.7356,0.73431,0.73493,18782
2018-08-27 20:00:00+00:00,0.73494,0.73518,0.7344,0.73492,7876
2018-08-28 00:00:00+00:00,0.73495,0.73534,0.73294,0.73334,22179
2018-08-28 04:00:00+00:00,0.73334,0.73479,0.73221,0.73394,30436
2018-08-28 08:00:00+00:00,0.73403,0.73558,0.73403,0.73545,32283
2018-08-28 12:00:00+00:00,0.73547,0.73618,0.73417,0.73508,49028
2018-08-28 16:00:00+00:00,0.73518,0.73547,0.73329,0.73366,28261
2018-08-28 20:00:00+00:00,0.73376,0.73447,0.73328,0.73447,16207
2018-08-29 00:00:00+00:00,0.73447,0.7348,0.73348,0.73448,21297
2018-08-29 04:00:00+00:00,0.73437,0.73458,0.72985,0.73061,40776
2018-08-29 08:00:00+00:00,0.73066,0.73142,0.7293,0.72933,33219
2018-08-29 12:00:00+00:00,0.72934,0.73024,0.7276,0.72911,68131
2018-08-29 16:00:00+00:00,0.72929,0.7307,0.72925,0.7306,32421
2018-08-29 20:00:00+00:00,0.73052,0.73146,0.73052,0.73108,10873
2018-08-30 00:00:00+00:00,0.73099,0.731,0.728,0.72868,31116
2018-08-30 04:00:00+00:00,0.7287,0.73009,0.72763,0.72902,29877
2018-08-30 08:00:00+00:00,0.72901,0.73012,0.72803,0.72971,33532
2018-08-30 12:00:00+00:00,0.72954,0.73024,0.72618,0.72618,63686
2018-08-30 16:00:00+00:00,0.72623,0.72705,0.72504,0.72681,35656
2018-08-30 20:00:00+00:00,0.72683,0.72683,0.72598,0.72621,13607
2018-08-31 00:00:00+00:00,0.72615,0.72643,0.72442,0.72519,37899
2018-08-31 04:00:00+00:00,0.72517,0.7261,0.72437,0.72517,37935
2018-08-31 08:00:00+00:00,0.7252,0.72545,0.72192,0.72247,43305
2018-08-31 12:00:00+00:00,0.72256,0.72343,0.71883,0.71915,76081
2018-08-31 16:00:00+00:00,0.71904,0.71919,0.71767,0.71878,38529
2018-08-31 20:00:00+00:00,0.71895,0.71948,0.71894,0.71894,2259
2018-09-02 20:00:00+00:00,0.71896,0.71921,0.71834,0.71886,4319
2018-09-03 00:00:00+00:00,0.71884,0.71912,0.7168,0.71879,28728
2018-09-03 04:00:00+00:00,0.71868,0.72071,0.71868,0.72029,30285
2018-09-03 08:00:00+00:00,0.72049,0.72177,0.7203,0.7206,30846
2018-09-03 12:00:00+00:00,0.72069,0.72232,0.72042,0.7213,27108
2018-09-03 16:00:00+00:00,0.72139,0.72145,0.72075,0.72133,13255
2018-09-03 20:00:00+00:00,0.72135,0.7214,0.72075,0.72075,8188
2018-09-04 00:00:00+00:00,0.7205,0.7205,0.71876,0.7193,28040
2018-09-04 04:00:00+00:00,0.71927,0.72341,0.71795,0.71805,46913
2018-09-04 08:00:00+00:00,0.71808,0.71872,0.71582,0.71835,44467
2018-09-04 12:00:00+00:00,0.71836,0.71913,0.71693,0.7174,53633
2018-09-04 16:00:00+00:00,0.71745,0.71854,0.71742,0.71807,26818
2018-09-04 20:00:00+00:00,0.71822,0.71847,0.71735,0.71847,12984
2018-09-05 00:00:00+00:00,0.7185,0.72161,0.71733,0.71972,39762
2018-09-05 04:00:00+00:00,0.71967,0.71967,0.71497,0.71605,43050
2018-09-05 08:00:00+00:00,0.71613,0.71788,0.71557,0.71724,38577
2018-09-05 12:00:00+00:00,0.71743,0.71932,0.71724,0.7188,65258
2018-09-05 16:00:00+00:00,0.71889,0.71984,0.71847,0.71947,26079
2018-09-05 20:00:00+00:00,0.71958,0.71988,0.71899,0.71953,9897
2018-09-06 00:00:00+00:00,0.71958,0.721,0.71741,0.71789,40397
2018-09-06 04:00:00+00:00,0.71793,0.71826,0.71662,0.7173,34473
2018-09-06 08:00:00+00:00,0.71743,0.72,0.71743,0.71965,39943
2018-09-06 12:00:00+00:00,0.71968,0.72092,0.71872,0.71979,56538
2018-09-06 16:00:00+00:00,0.7196,0.72045,0.71916,0.7199,30044
2018-09-06 20:00:00+00:00,0.71996,0.72009,0.71901,0.71901,11600
2018-09-07 00:00:00+00:00,0.71906,0.71921,0.71554,0.71638,45750
2018-09-07 04:00:00+00:00,0.71638,0.71692,0.71404,0.71576,44521
2018-09-07 08:00:00+00:00,0.7157,0.71688,0.71517,0.71567,39171
2018-09-07 12:00:00+00:00,0.71574,0.71638,0.71302,0.71337,74168
2018-09-07 16:00:00+00:00,0.71333,0.71336,0.7099,0.71053,39880
2018-09-07 20:00:00+00:00,0.71047,0.71098,0.71024,0.71024,2024
2018-09-09 20:00:00+00:00,0.7102,0.71144,0.71008,0.71143,5316
2018-09-10 00:00:00+00:00,0.71133,0.7117,0.71017,0.71044,31430
2018-09-10 04:00:00+00:00,0.71039,0.71219,0.70995,0.71219,28927
2018-09-10 08:00:00+00:00,0.71235,0.71264,0.71115,0.71183,23324
2018-09-10 12:00:00+00:00,0.71168,0.71305,0.71156,0.71178,36693
2018-09-10 16:00:00+00:00,0.71171,0.71171,0.71068,0.71129,16789
2018-09-10 20:00:00+00:00,0.71124,0.71154,0.7109,0.71091,13818
2018-09-11 00:00:00+00:00,0.71074,0.71214,0.70941,0.71195,30550
2018-09-11 04:00:00+00:00,0.71199,0.71283,0.71153,0.71244,29006
2018-09-11 08:00:00+00:00,0.71254,0.71275,0.70944,0.71005,36252
2018-09-11 12:00:00+00:00,0.70997,0.71038,0.70856,0.71038,45586
2018-09-11 16:00:00+00:00,0.71043,0.71094,0.70992,0.71094,19081
2018-09-11 20:00:00+00:00,0.71095,0.71255,0.71095,0.71104,12389
2018-09-12 00:00:00+00:00,0.71099,0.71101,0.70937,0.70979,21396
2018-09-12 04:00:00+00:00,0.7098,0.71172,0.70955,0.71154,28176
2018-09-12 08:00:00+00:00,0.71164,0.71244,0.71121,0.71153,40274
2018-09-12 12:00:00+00:00,0.71161,0.71801,0.71151,0.71602,56628
2018-09-12 16:00:00+00:00,0.71614,0.71817,0.71614,0.71727,28695
2018-09-12 20:00:00+00:00,0.71737,0.71755,0.71672,0.71704,10160
2018-09-13 00:00:00+00:00,0.717,0.71985,0.71683,0.71905,26480
2018-09-13 04:00:00+00:00,0.71903,0.71945,0.71775,0.71857,24572
2018-09-13 08:00:00+00:00,0.71884,0.71966,0.71762,0.71875,31263
2018-09-13 12:00:00+00:00,0.71883,0.72285,0.71814,0.71909,73757
2018-09-13 16:00:00+00:00,0.71923,0.72036,0.71892,0.71922,21297
2018-09-13 20:00:00+00:00,0.71917,0.7196,0.71866,0.71866,11016
2018-09-14 00:00:00+00:00,0.71868,0.71957,0.71776,0.71934,20758
2018-09-14 04:00:00+00:00,0.71922,0.72156,0.71913,0.72121,27665
2018-09-14 08:00:00+00:00,0.72127,0.72128,0.71856,0.71874,28526
2018-09-14 12:00:00+00:00,0.71889,0.71914,0.71707,0.71778,47286
2018-09-14 16:00:00+00:00,0.7165,0.71711,0.71506,0.71507,30859
2018-09-14 20:00:00+00:00,0.71518,0.71556,0.71512,0.71512,2772
2018-09-16 20:00:00+00:00,0.7153,0.71563,0.71426,0.71426,3986
2018-09-17 00:00:00+00:00,0.71421,0.71581,0.71419,0.71565,18574
2018-09-17 04:00:00+00:00,0.71565,0.71688,0.71523,0.7167,21345
2018-09-17 08:00:00+00:00,0.71673,0.71787,0.71672,0.71787,26858
2018-09-17 12:00:00+00:00,0.71781,0.71962,0.71756,0.71841,31616
2018-09-17 16:00:00+00:00,0.71852,0.71936,0.71762,0.71771,19379
2018-09-17 20:00:00+00:00,0.71773,0.71821,0.71446,0.71446,16494
2018-09-18 00:00:00+00:00,0.71444,0.72057,0.71444,0.71939,43527
2018-09-18 04:00:00+00:00,0.71947,0.72203,0.71885,0.71998,50011
2018-09-18 08:00:00+00:00,0.71998,0.72172,0.71944,0.72035,31890
2018-09-18 12:00:00+00:00,0.72036,0.72189,0.71908,0.72189,50794
2018-09-18 16:00:00+00:00,0.72191,0.72214,0.72045,0.72184,28545
2018-09-18 20:00:00+00:00,0.72185,0.72336,0.72151,0.72241,17018
2018-09-19 00:00:00+00:00,0.72245,0.72505,0.72134,0.72391,32705
2018-09-19 04:00:00+00:00,0.7238,0.72543,0.72363,0.72436,35335
2018-09-19 08:00:00+00:00,0.72418,0.72599,0.72409,0.72515,34662
2018-09-19 12:00:00+00:00,0.72515,0.72737,0.72394,0.72733,51324
2018-09-19 16:00:00+00:00,0.72731,0.72746,0.72631,0.72636,19771
2018-09-19 20:00:00+00:00,0.72641,0.72689,0.72568,0.72587,14169
2018-09-20 00:00:00+00:00,0.72591,0.72667,0.72547,0.72547,24896
2018-09-20 04:00:00+00:00,0.7256,0.72721,0.72544,0.72697,28180
2018-09-20 08:00:00+00:00,0.72679,0.72801,0.72594,0.72801,36548
2018-09-20 12:00:00+00:00,0.72805,0.7288,0.72732,0.72754,45843
2018-09-20 16:00:00+00:00,0.72745,0.72927,0.72734,0.72917,19469
2018-09-20 20:00:00+00:00,0.72918,0.72921,0.7285,0.72862,8268
2018-09-21 00:00:00+00:00,0.72864,0.72958,0.72813,0.72952,24753
2018-09-21 04:00:00+00:00,0.72953,0.73021,0.72834,0.72881,35349
2018-09-21 08:00:00+00:00,0.72891,0.72998,0.72813,0.72846,32687
2018-09-21 12:00:00+00:00,0.72845,0.72892,0.7263,0.72772,50977
2018-09-21 16:00:00+00:00,0.72759,0.72862,0.72756,0.72845,15468
2018-09-21 20:00:00+00:00,0.72846,0.72899,0.72843,0.72852,1404
2018-09-23 20:00:00+00:00,0.726,0.72782,0.726,0.72762,5350
2018-09-24 00:00:00+00:00,0.72774,0.72807,0.72652,0.72683,18474
2018-09-24 04:00:00+00:00,0.72677,0.72748,0.72531,0.7268,25315
2018-09-24 08:00:00+00:00,0.72714,0.72787,0.72702,0.72735,24701
2018-09-24 12:00:00+00:00,0.72736,0.72784,0.72576,0.72624,46079
2018-09-24 16:00:00+00:00,0.72635,0.72635,0.72535,0.72542,15776
2018-09-24 20:00:00+00:00,0.7254,0.72548,0.72485,0.72522,7402
2018-09-25 00:00:00+00:00,0.72521,0.72628,0.72366,0.72422,19428
2018-09-25 04:00:00+00:00,0.7242,0.72555,0.72367,0.72432,28141
2018-09-25 08:00:00+00:00,0.7244,0.72543,0.72376,0.72543,31352
2018-09-25 12:00:00+00:00,0.72557,0.72621,0.72478,0.72504,35318
2018-09-25 16:00:00+00:00,0.72502,0.72532,0.72417,0.72503,18191
2018-09-25 20:00:00+00:00,0.72501,0.72525,0.72461,0.72478,5458
2018-09-26 00:00:00+00:00,0.72477,0.72828,0.72468,0.72745,26618
2018-09-26 04:00:00+00:00,0.72742,0.72742,0.72529,0.72549,23137
2018-09-26 08:00:00+00:00,0.72547,0.72602,0.72446,0.72451,20859
2018-09-26 12:00:00+00:00,0.72447,0.72611,0.72416,0.72591,32345
2018-09-26 16:00:00+00:00,0.72593,0.73067,0.7255,0.72638,71423
2018-09-26 20:00:00+00:00,0.7263,0.72634,0.72519,0.72563,10799
2018-09-27 00:00:00+00:00,0.72542,0.7268,0.72445,0.72609,27387
2018-09-27 04:00:00+00:00,0.72608,0.72609,0.72223,0.72254,52375
2018-09-27 08:00:00+00:00,0.72282,0.72355,0.72257,0.72264,28744
2018-09-27 12:00:00+00:00,0.72273,0.72275,0.72094,0.72169,40449
2018-09-27 16:00:00+00:00,0.72178,0.72254,0.72083,0.72091,25906
2018-09-27 20:00:00+00:00,0.72099,0.72101,0.72023,0.72049,7206
2018-09-28 00:00:00+00:00,0.72042,0.72165,0.7204,0.72156,24395
2018-09-28 04:00:00+00:00,0.72161,0.72237,0.72043,0.72175,27492
2018-09-28 08:00:00+00:00,0.72168,0.7224,0.72078,0.72126,30324
2018-09-28 12:00:00+00:00,0.72126,0.72408,0.72114,0.72367,42259
2018-09-28 16:00:00+00:00,0.72374,0.72385,0.72218,0.72281,19092
2018-09-28 20:00:00+00:00,0.7229,0.7229,0.72159,0.72227,2039
2018-09-30 20:00:00+00:00,0.72247,0.72313,0.72216,0.72234,5564
2018-10-01 00:00:00+00:00,0.72232,0.72277,0.72164,0.72183,17781
2018-10-01 04:00:00+00:00,0.72184,0.72197,0.72071,0.72197,17763
2018-10-01 08:00:00+00:00,0.72186,0.72236,0.72118,0.72162,24492
2018-10-01 12:00:00+00:00,0.72161,0.72248,0.72096,0.72212,39904
2018-10-01 16:00:00+00:00,0.72223,0.72285,0.72174,0.72253,16971
2018-10-01 20:00:00+00:00,0.72262,0.72303,0.72187,0.72275,15284
2018-10-02 00:00:00+00:00,0.72282,0.72355,0.72236,0.7228,23266
2018-10-02 04:00:00+00:00,0.72275,0.72338,0.71857,0.71927,40191
2018-10-02 08:00:00+00:00,0.71917,0.71941,0.71628,0.71764,32811
2018-10-02 12:00:00+00:00,0.71749,0.72004,0.71749,0.71981,41950
2018-10-02 16:00:00+00:00,0.71979,0.72022,0.71841,0.71895,17111
2018-10-02 20:00:00+00:00,0.71895,0.71915,0.71843,0.71867,6327
2018-10-03 00:00:00+00:00,0.71861,0.71962,0.71661,0.71753,42810
2018-10-03 04:00:00+00:00,0.71753,0.7185,0.71624,0.71676,35547
2018-10-03 08:00:00+00:00,0.71684,0.71689,0.71462,0.71484,27937
2018-10-03 12:00:00+00:00,0.71492,0.71554,0.71345,0.71377,45028
2018-10-03 16:00:00+00:00,0.71377,0.71396,0.71135,0.71204,26188
2018-10-03 20:00:00+00:00,0.71207,0.71208,0.70956,0.70957,14708
2018-10-04 00:00:00+00:00,0.70962,0.71013,0.70878,0.70883,27724
2018-10-04 04:00:00+00:00,0.70885,0.70924,0.70768,0.70855,41132
2018-10-04 08:00:00+00:00,0.70846,0.70885,0.70664,0.70858,33754
2018-10-04 12:00:00+00:00,0.70859,0.70964,0.70755,0.70772,49363
2018-10-04 16:00:00+00:00,0.70762,0.70788,0.70656,0.70754,30435
2018-10-04 20:00:00+00:00,0.70762,0.70813,0.70709,0.70805,12568
2018-10-05 00:00:00+00:00,0.70804,0.70839,0.70621,0.70633,33132
2018-10-05 04:00:00+00:00,0.70626,0.70719,0.70543,0.70615,26988
2018-10-05 08:00:00+00:00,0.70612,0.70782,0.70587,0.70737,23040
2018-10-05 12:00:00+00:00,0.70736,0.70861,0.70474,0.70474,74611
2018-10-05 16:00:00+00:00,0.7049,0.70549,0.70426,0.70488,29277
2018-10-05 20:00:00+00:00,0.70487,0.70525,0.70487,0.70488,1778
2018-10-07 20:00:00+00:00,0.7057,0.70593,0.70481,0.70546,11003
2018-10-08 00:00:00+00:00,0.70548,0.70593,0.70463,0.70571,28754
2018-10-08 04:00:00+00:00,0.7057,0.70638,0.7046,0.7046,23483
2018-10-08 08:00:00+00:00,0.70466,0.70718,0.70427,0.70718,26411
2018-10-08 12:00:00+00:00,0.70721,0.70771,0.70575,0.70635,36829
2018-10-08 16:00:00+00:00,0.70609,0.70812,0.70609,0.70811,24609
2018-10-08 20:00:00+00:00,0.70811,0.70811,0.70717,0.70717,8564
2018-10-09 00:00:00+00:00,0.70728,0.70908,0.70666,0.70848,30946
2018-10-09 04:00:00+00:00,0.70846,0.70929,0.70684,0.70728,26440
2018-10-09 08:00:00+00:00,0.70745,0.70768,0.70549,0.70584,32365
2018-10-09 12:00:00+00:00,0.70579,0.70934,0.7055,0.70914,54387
2018-10-09 16:00:00+00:00,0.70923,0.71026,0.7085,0.71021,30498
2018-10-09 20:00:00+00:00,0.71023,0.71168,0.70981,0.71152,9303
2018-10-10 00:00:00+00:00,0.71136,0.71264,0.71113,0.71173,27478
2018-10-10 04:00:00+00:00,0.71175,0.71298,0.7104,0.71088,29021
2018-10-10 08:00:00+00:00,0.71107,0.71108,0.70899,0.70964,28762
2018-10-10 12:00:00+00:00,0.70972,0.71094,0.70882,0.70993,64068
2018-10-10 16:00:00+00:00,0.70982,0.71017,0.70704,0.70727,48567
2018-10-10 20:00:00+00:00,0.70734,0.70743,0.70442,0.70634,22499
2018-10-11 00:00:00+00:00,0.70646,0.70794,0.70606,0.70776,66762
2018-10-11 04:00:00+00:00,0.70776,0.70923,0.7067,0.70855,47853
2018-10-11 08:00:00+00:00,0.70865,0.71005,0.70811,0.70967,36074
2018-10-11 12:00:00+00:00,0.70989,0.71269,0.7092,0.71123,109418
2018-10-11 16:00:00+00:00,0.71128,0.71241,0.71017,0.7113,82296
2018-10-11 20:00:00+00:00,0.71136,0.71278,0.71126,0.71242,13989
2018-10-12 00:00:00+00:00,0.71253,0.71291,0.71156,0.71244,39709
2018-10-12 04:00:00+00:00,0.71238,0.71279,0.71119,0.71238,36449
2018-10-12 08:00:00+00:00,0.71225,0.71321,0.71159,0.7127,34622
2018-10-12 12:00:00+00:00,0.71269,0.71387,0.71135,0.71158,62108
2018-10-12 16:00:00+00:00,0.71158,0.71176,0.71025,0.71114,50766
2018-10-12 20:00:00+00:00,0.71105,0.71166,0.71094,0.71101,3135
2018-10-14 20:00:00+00:00,0.711,0.71111,0.71045,0.71069,8290
2018-10-15 00:00:00+00:00,0.71054,0.71123,0.70989,0.71052,31638
2018-10-15 04:00:00+00:00,0.71044,0.71291,0.71025,0.71263,29041
2018-10-15 08:00:00+00:00,0.71263,0.71437,0.71236,0.71328,35321
2018-10-15 12:00:00+00:00,0.71338,0.71482,0.71335,0.7142,56121
2018-10-15 16:00:00+00:00,0.71412,0.71412,0.7128,0.71291,28671
2018-10-15 20:00:00+00:00,0.71305,0.71436,0.71281,0.71355,17806
2018-10-16 00:00:00+00:00,0.71363,0.71413,0.71258,0.7127,31441
2018-10-16 04:00:00+00:00,0.71276,0.71306,0.71127,0.7125,32854
2018-10-16 08:00:00+00:00,0.71248,0.71335,0.71186,0.71335,28539
2018-10-16 12:00:00+00:00,0.71335,0.71501,0.71302,0.71392,44596
2018-10-16 16:00:00+00:00,0.714,0.7143,0.7137,0.71412,18779
2018-10-16 20:00:00+00:00,0.71408,0.71448,0.7137,0.71385,9065
2018-10-17 00:00:00+00:00,0.71395,0.71423,0.713,0.71356,23128
2018-10-17 04:00:00+00:00,0.71355,0.71445,0.71335,0.71386,30913
2018-10-17 08:00:00+00:00,0.71393,0.71597,0.71192,0.71203,39142
2018-10-17 12:00:00+00:00,0.7118,0.71298,0.71124,0.71296,46409
2018-10-17 16:00:00+00:00,0.71286,0.71314,0.71095,0.71156,35412
2018-10-17 20:00:00+00:00,0.71154,0.71155,0.71051,0.71107,11433
2018-10-18 00:00:00+00:00,0.71098,0.71365,0.71098,0.71321,38325
2018-10-18 04:00:00+00:00,0.71321,0.71356,0.71155,0.71298,34817
2018-10-18 08:00:00+00:00,0.71303,0.71508,0.71256,0.71438,39110
2018-10-18 12:00:00+00:00,0.71438,0.71438,0.71173,0.71173,52217
2018-10-18 16:00:00+00:00,0.7118,0.71208,0.70976,0.70998,50138
2018-10-18 20:00:00+00:00,0.71009,0.71049,0.70916,0.70959,9742
2018-10-19 00:00:00+00:00,0.70956,0.71095,0.70899,0.71086,34607
2018-10-19 04:00:00+00:00,0.71092,0.71201,0.71045,0.71101,37988
2018-10-19 08:00:00+00:00,0.711,0.71394,0.71074,0.71364,41233
2018-10-19 12:00:00+00:00,0.71369,0.71488,0.71241,0.71316,55603
2018-10-19 16:00:00+00:00,0.71316,0.71319,0.71155,0.7118,41266
2018-10-19 20:00:00+00:00,0.7118,0.7121,0.71156,0.71187,3387
2018-10-21 20:00:00+00:00,0.7115,0.71241,0.71116,0.71133,8286
2018-10-22 00:00:00+00:00,0.71147,0.7118,0.70882,0.71162,35065
2018-10-22 04:00:00+00:00,0.71164,0.71248,0.71048,0.71101,36948
2018-10-22 08:00:00+00:00,0.71099,0.71104,0.70996,0.71048,34733
2018-10-22 12:00:00+00:00,0.71056,0.7107,0.70827,0.7085,43010
2018-10-22 16:00:00+00:00,0.70856,0.70871,0.70766,0.70833,24605
2018-10-22 20:00:00+00:00,0.70839,0.70849,0.70719,0.70721,9750
2018-10-23 00:00:00+00:00,0.70712,0.70743,0.70638,0.70652,31558
2018-10-23 04:00:00+00:00,0.7065,0.7089,0.70558,0.70851,43105
2018-10-23 08:00:00+00:00,0.70841,0.70869,0.70644,0.70653,53025
2018-10-23 12:00:00+00:00,0.70644,0.70747,0.70565,0.70726,57664
2018-10-23 16:00:00+00:00,0.70729,0.70903,0.70729,0.7089,37597
2018-10-23 20:00:00+00:00,0.70896,0.7092,0.70806,0.70918,8595
2018-10-24 00:00:00+00:00,0.70925,0.71062,0.70826,0.71036,35869
2018-10-24 04:00:00+00:00,0.71032,0.7105,0.70882,0.70882,51216
2018-10-24 08:00:00+00:00,0.70865,0.70988,0.70805,0.70952,52015
2018-10-24 12:00:00+00:00,0.70942,0.70942,0.70681,0.70722,58299
2018-10-24 16:00:00+00:00,0.70732,0.70765,0.7061,0.70625,50753
2018-10-24 20:00:00+00:00,0.70642,0.70666,0.70564,0.70629,11788
2018-10-25 00:00:00+00:00,0.70635,0.70841,0.70631,0.70832,37593
2018-10-25 04:00:00+00:00,0.70814,0.70814,0.70577,0.70636,44428
2018-10-25 08:00:00+00:00,0.70625,0.70912,0.70577,0.70907,48058
2018-10-25 12:00:00+00:00,0.70921,0.70991,0.70759,0.7084,70210
2018-10-25 16:00:00+00:00,0.70845,0.70856,0.70736,0.70836,33578
2018-10-25 20:00:00+00:00,0.70817,0.70818,0.70756,0.70809,13778
2018-10-26 00:00:00+00:00,0.7078,0.7078,0.70297,0.70313,48116
2018-10-26 04:00:00+00:00,0.70313,0.70425,0.70239,0.70359,59889
2018-10-26 08:00:00+00:00,0.70368,0.70391,0.70211,0.7028,61379
2018-10-26 12:00:00+00:00,0.70296,0.7088,0.70269,0.70863,64032
2018-10-26 16:00:00+00:00,0.70917,0.71019,0.70895,0.70941,57574
2018-10-26 20:00:00+00:00,0.70946,0.70946,0.70867,0.70867,3144
2018-10-28 20:00:00+00:00,0.70953,0.71017,0.70875,0.7097,7298
2018-10-29 00:00:00+00:00,0.70968,0.71018,0.70846,0.70996,34671
2018-10-29 04:00:00+00:00,0.70997,0.71071,0.70885,0.71064,33622
2018-10-29 08:00:00+00:00,0.71061,0.71072,0.70866,0.70867,60368
2018-10-29 12:00:00+00:00,0.70867,0.70921,0.70737,0.70743,47359
2018-10-29 16:00:00+00:00,0.70736,0.70751,0.70517,0.70598,59034
2018-10-29 20:00:00+00:00,0.70594,0.70632,0.70528,0.70623,11080
2018-10-30 00:00:00+00:00,0.70618,0.70941,0.70593,0.70877,41068
2018-10-30 04:00:00+00:00,0.70878,0.70987,0.70837,0.70882,32823
2018-10-30 08:00:00+00:00,0.70887,0.70968,0.70845,0.7094,49137
2018-10-30 12:00:00+00:00,0.70961,0.7121,0.70888,0.71111,54624
2018-10-30 16:00:00+00:00,0.71109,0.71162,0.70961,0.7107,39088
2018-10-30 20:00:00+00:00,0.7107,0.71083,0.70978,0.70979,12844
2018-10-31 00:00:00+00:00,0.7098,0.7104,0.70728,0.70857,32272
2018-10-31 04:00:00+00:00,0.70867,0.70984,0.70796,0.70836,27066
2018-10-31 08:00:00+00:00,0.70837,0.71049,0.70768,0.71048,42064
2018-10-31 12:00:00+00:00,0.71061,0.71061,0.70801,0.70899,53669
2018-10-31 16:00:00+00:00,0.70853,0.70869,0.70689,0.70804,43155
2018-10-31 20:00:00+00:00,0.70805,0.70847,0.70714,0.70827,10178
2018-11-01 00:00:00+00:00,0.70817,0.71329,0.70805,0.71309,38561
2018-11-01 04:00:00+00:00,0.71309,0.7148,0.71222,0.7147,31454
2018-11-01 08:00:00+00:00,0.7145,0.71719,0.7144,0.7169,48673
2018-11-01 12:00:00+00:00,0.71709,0.72088,0.71697,0.71886,53543
2018-11-01 16:00:00+00:00,0.71876,0.7212,0.71865,0.72093,33759
2018-11-01 20:00:00+00:00,0.72091,0.72092,0.7199,0.72048,10318
2018-11-02 00:00:00+00:00,0.72038,0.72132,0.7193,0.71958,30206
2018-11-02 04:00:00+00:00,0.7197,0.72481,0.7197,0.72376,62158
2018-11-02 08:00:00+00:00,0.72344,0.72582,0.72305,0.72357,47877
2018-11-02 12:00:00+00:00,0.72358,0.72379,0.71973,0.71982,73476
2018-11-02 16:00:00+00:00,0.72002,0.72002,0.7183,0.7199,40656
2018-11-02 20:00:00+00:00,0.72,0.72005,0.71974,0.71977,3670
2018-11-04 20:00:00+00:00,0.71929,0.72045,0.71902,0.71985,4607
2018-11-05 00:00:00+00:00,0.7197,0.72038,0.71834,0.7186,31060
2018-11-05 04:00:00+00:00,0.71857,0.71987,0.71848,0.71958,27308
2018-11-05 08:00:00+00:00,0.71955,0.72057,0.71902,0.71913,41282
2018-11-05 12:00:00+00:00,0.71913,0.72135,0.71865,0.72066,35935
2018-11-05 16:00:00+00:00,0.72053,0.72164,0.71955,0.72164,23769
2018-11-05 20:00:00+00:00,0.72147,0.72152,0.72076,0.72117,13803
2018-11-06 00:00:00+00:00,0.72112,0.72197,0.72056,0.72103,25569
2018-11-06 04:00:00+00:00,0.72105,0.72252,0.72079,0.72229,28494
2018-11-06 08:00:00+00:00,0.72233,0.72392,0.72231,0.72353,46529
2018-11-06 12:00:00+00:00,0.72361,0.72406,0.72206,0.72267,35954
2018-11-06 16:00:00+00:00,0.72251,0.72268,0.72148,0.72148,22435
2018-11-06 20:00:00+00:00,0.72154,0.72456,0.72154,0.72427,19034
2018-11-07 00:00:00+00:00,0.7243,0.72603,0.72145,0.72589,67934
2018-11-07 04:00:00+00:00,0.72576,0.72707,0.72389,0.72492,37585
2018-11-07 08:00:00+00:00,0.72519,0.72998,0.725,0.72929,55810
2018-11-07 12:00:00+00:00,0.7293,0.72981,0.72797,0.72812,43974
2018-11-07 16:00:00+00:00,0.72809,0.72864,0.72749,0.7285,27946
2018-11-07 20:00:00+00:00,0.72847,0.72868,0.7271,0.72745,16061
2018-11-08 00:00:00+00:00,0.72755,0.72834,0.72653,0.72809,31191
2018-11-08 04:00:00+00:00,0.7281,0.72955,0.72728,0.7295,48403
2018-11-08 08:00:00+00:00,0.72959,0.7297,0.72783,0.72885,51913
2018-11-08 12:00:00+00:00,0.72894,0.72994,0.7287,0.72906,47032
2018-11-08 16:00:00+00:00,0.72894,0.7296,0.72493,0.72496,42469
2018-11-08 20:00:00+00:00,0.72511,0.72665,0.7248,0.72654,20888
2018-11-09 00:00:00+00:00,0.7266,0.72702,0.72395,0.72395,51211
2018-11-09 04:00:00+00:00,0.72381,0.72504,0.72356,0.72419,43141
2018-11-09 08:00:00+00:00,0.72403,0.72472,0.72363,0.72434,48295
2018-11-09 12:00:00+00:00,0.72426,0.72497,0.72342,0.72484,41032
2018-11-09 16:00:00+00:00,0.72483,0.72491,0.72196,0.72263,34894
2018-11-09 20:00:00+00:00,0.72242,0.72302,0.72231,0.72255,8674
2018-11-11 20:00:00+00:00,0.7219,0.72279,0.72152,0.72265,10364
2018-11-12 00:00:00+00:00,0.72265,0.72366,0.72214,0.72315,30794
2018-11-12 04:00:00+00:00,0.72312,0.72312,0.71942,0.71954,40248
2018-11-12 08:00:00+00:00,0.71937,0.72058,0.71883,0.72034,44101
2018-11-12 12:00:00+00:00,0.72038,0.72208,0.72004,0.72021,38562
2018-11-12 16:00:00+00:00,0.72029,0.72029,0.71882,0.71885,28695
2018-11-12 20:00:00+00:00,0.71894,0.71916,0.71703,0.71745,17619
2018-11-13 00:00:00+00:00,0.71744,0.72146,0.71642,0.72104,39380
2018-11-13 04:00:00+00:00,0.7215,0.72179,0.72044,0.72112,36086
2018-11-13 08:00:00+00:00,0.7211,0.7217,0.71894,0.71999,53014
2018-11-13 12:00:00+00:00,0.71991,0.72122,0.71959,0.72082,54867
2018-11-13 16:00:00+00:00,0.72065,0.72229,0.71946,0.72026,44641
2018-11-13 20:00:00+00:00,0.72029,0.7236,0.72027,0.72306,21080
2018-11-14 00:00:00+00:00,0.72289,0.72371,0.72141,0.72251,35966
2018-11-14 04:00:00+00:00,0.72251,0.72279,0.72108,0.7219,39003
2018-11-14 08:00:00+00:00,0.7218,0.7218,0.71884,0.72009,42461
2018-11-14 12:00:00+00:00,0.72011,0.72296,0.72011,0.72178,58609
2018-11-14 16:00:00+00:00,0.72181,0.72467,0.72106,0.72467,72452
2018-11-14 20:00:00+00:00,0.72455,0.72537,0.72277,0.72328,22210
2018-11-15 00:00:00+00:00,0.72347,0.72807,0.72326,0.72731,41068
2018-11-15 04:00:00+00:00,0.72733,0.72885,0.72689,0.7287,32087
2018-11-15 08:00:00+00:00,0.7286,0.72979,0.72505,0.72657,62302
2018-11-15 12:00:00+00:00,0.72658,0.72774,0.72516,0.72585,61551
2018-11-15 16:00:00+00:00,0.72573,0.72972,0.72563,0.72915,52720
2018-11-15 20:00:00+00:00,0.72895,0.72895,0.72712,0.72712,21867
2018-11-16 00:00:00+00:00,0.72713,0.72874,0.72616,0.72714,32698
2018-11-16 04:00:00+00:00,0.72704,0.72822,0.72641,0.72701,26847
2018-11-16 08:00:00+00:00,0.7272,0.72853,0.72502,0.72543,39372
2018-11-16 12:00:00+00:00,0.72535,0.73197,0.72511,0.73122,57340
2018-11-16 16:00:00+00:00,0.73126,0.7334,0.73081,0.73305,41651
2018-11-16 20:00:00+00:00,0.73291,0.73368,0.73291,0.733,8313
2018-11-18 20:00:00+00:00,0.7308,0.73243,0.7308,0.73174,10778
2018-11-19 00:00:00+00:00,0.73162,0.73247,0.73112,0.73113,26983
2018-11-19 04:00:00+00:00,0.73122,0.73169,0.73033,0.73146,27161
2018-11-19 08:00:00+00:00,0.73145,0.73245,0.72955,0.72955,33426
2018-11-19 12:00:00+00:00,0.72959,0.73046,0.72864,0.73003,39383
2018-11-19 16:00:00+00:00,0.73018,0.73026,0.72777,0.72896,34501
2018-11-19 20:00:00+00:00,0.72898,0.7297,0.72897,0.72951,16974
2018-11-20 00:00:00+00:00,0.72959,0.73,0.72827,0.72879,31720
2018-11-20 04:00:00+00:00,0.72885,0.72899,0.72697,0.72878,35561
2018-11-20 08:00:00+00:00,0.72896,0.72993,0.72515,0.72775,55007
2018-11-20 12:00:00+00:00,0.72786,0.72786,0.72331,0.72591,64311
2018-11-20 16:00:00+00:00,0.72625,0.72625,0.72139,0.72178,47923
2018-11-20 20:00:00+00:00,0.72188,0.7222,0.72024,0.72166,21798
2018-11-21 00:00:00+00:00,0.72166,0.72332,0.72104,0.72332,39605
2018-11-21 04:00:00+00:00,0.72322,0.72416,0.72282,0.72328,33177
2018-11-21 08:00:00+00:00,0.7232,0.72471,0.72278,0.72398,55001
2018-11-21 12:00:00+00:00,0.72408,0.72751,0.72376,0.72615,51759
2018-11-21 16:00:00+00:00,0.72615,0.72767,0.72576,0.72631,28006
2018-11-21 20:00:00+00:00,0.7265,0.72653,0.72575,0.72619,12526
2018-11-22 00:00:00+00:00,0.72624,0.72677,0.72476,0.72494,25673
2018-11-22 04:00:00+00:00,0.72497,0.72563,0.72425,0.72432,21888
2018-11-22 08:00:00+00:00,0.72404,0.72608,0.72346,0.72608,33955
2018-11-22 12:00:00+00:00,0.72604,0.72604,0.7235,0.72472,23377
2018-11-22 16:00:00+00:00,0.72437,0.72563,0.72437,0.72534,23674
2018-11-22 20:00:00+00:00,0.72541,0.72583,0.72489,0.725,11365
2018-11-23 00:00:00+00:00,0.72497,0.72545,0.72446,0.72532,20844
2018-11-23 04:00:00+00:00,0.72536,0.72546,0.7242,0.72467,21707
2018-11-23 08:00:00+00:00,0.72494,0.72495,0.72207,0.7227,36606
2018-11-23 12:00:00+00:00,0.72276,0.72368,0.72195,0.72277,38332
2018-11-23 16:00:00+00:00,0.72287,0.72347,0.72219,0.72263,21981
2018-11-23 20:00:00+00:00,0.72267,0.72348,0.72267,0.723,13608
2018-11-25 20:00:00+00:00,0.7227,0.72369,0.7227,0.72323,5527
2018-11-26 00:00:00+00:00,0.72319,0.7249,0.72248,0.72447,32201
2018-11-26 04:00:00+00:00,0.72459,0.72655,0.72422,0.72655,30635
2018-11-26 08:00:00+00:00,0.72629,0.72756,0.72571,0.7258,34449
2018-11-26 12:00:00+00:00,0.72592,0.7264,0.72328,0.72343,36058
2018-11-26 16:00:00+00:00,0.7234,0.7237,0.72257,0.72276,22136
2018-11-26 20:00:00+00:00,0.72277,0.72317,0.72136,0.72233,16970
2018-11-27 00:00:00+00:00,0.72234,0.72306,0.72141,0.72252,26939
2018-11-27 04:00:00+00:00,0.7226,0.72659,0.72248,0.72314,43444
2018-11-27 08:00:00+00:00,0.72329,0.72435,0.72277,0.72414,42999
2018-11-27 12:00:00+00:00,0.72419,0.72509,0.72189,0.72206,42295
2018-11-27 16:00:00+00:00,0.72195,0.7226,0.72003,0.72228,30916
2018-11-27 20:00:00+00:00,0.72222,0.72312,0.72222,0.72284,16916
2018-11-28 00:00:00+00:00,0.72275,0.72364,0.72233,0.72337,23610
2018-11-28 04:00:00+00:00,0.72341,0.72419,0.72308,0.72323,22503
2018-11-28 08:00:00+00:00,0.72324,0.72389,0.72233,0.72382,29861
2018-11-28 12:00:00+00:00,0.72403,0.72464,0.72218,0.72218,33840
2018-11-28 16:00:00+00:00,0.72231,0.7327,0.72228,0.73149,77195
2018-11-28 20:00:00+00:00,0.73123,0.73144,0.7301,0.7301,15723
2018-11-29 00:00:00+00:00,0.73013,0.73097,0.72953,0.73064,27375
2018-11-29 04:00:00+00:00,0.73066,0.73286,0.73066,0.73265,27914
2018-11-29 08:00:00+00:00,0.73273,0.73328,0.73063,0.73127,39805
2018-11-29 12:00:00+00:00,0.73112,0.73436,0.73091,0.73133,60365
2018-11-29 16:00:00+00:00,0.73136,0.73271,0.72993,0.73195,40926
2018-11-29 20:00:00+00:00,0.73181,0.7322,0.73127,0.7322,11727
2018-11-30 00:00:00+00:00,0.7322,0.73255,0.73122,0.73189,27236
2018-11-30 04:00:00+00:00,0.73197,0.73206,0.73109,0.73116,22059
2018-11-30 08:00:00+00:00,0.73116,0.73148,0.72958,0.73004,37310
2018-11-30 12:00:00+00:00,0.73004,0.7314,0.72855,0.73026,52506
2018-11-30 16:00:00+00:00,0.73006,0.73146,0.72932,0.73026,27685
2018-11-30 20:00:00+00:00,0.73017,0.73143,0.73005,0.73082,5522
2018-12-02 20:00:00+00:00,0.73767,0.73784,0.73557,0.73738,7720
2018-12-03 00:00:00+00:00,0.7372,0.7372,0.73484,0.73605,21950
2018-12-03 04:00:00+00:00,0.73602,0.7384,0.73584,0.73815,32731
2018-12-03 08:00:00+00:00,0.73816,0.73925,0.73662,0.73721,31227
2018-12-03 12:00:00+00:00,0.73709,0.7383,0.73571,0.73571,42457
2018-12-03 16:00:00+00:00,0.73572,0.73674,0.73471,0.73482,24606
2018-12-03 20:00:00+00:00,0.73486,0.73603,0.73486,0.73561,12373
2018-12-04 00:00:00+00:00,0.73555,0.73704,0.73491,0.73694,36281
2018-12-04 04:00:00+00:00,0.73688,0.73828,0.73655,0.73786,37683
2018-12-04 08:00:00+00:00,0.73814,0.73934,0.73773,0.73833,42234
2018-12-04 12:00:00+00:00,0.73833,0.73872,0.73536,0.73536,44992
2018-12-04 16:00:00+00:00,0.73555,0.73598,0.73282,0.73378,42410
2018-12-04 20:00:00+00:00,0.73377,0.73456,0.7334,0.73446,12847
2018-12-05 00:00:00+00:00,0.73458,0.73545,0.72981,0.72992,37221
2018-12-05 04:00:00+00:00,0.73009,0.73009,0.72825,0.72984,29331
2018-12-05 08:00:00+00:00,0.72934,0.73006,0.72828,0.72952,24703
2018-12-05 12:00:00+00:00,0.72951,0.73001,0.72603,0.72681,27632
2018-12-05 16:00:00+00:00,0.72685,0.72756,0.72634,0.72638,15673
2018-12-05 20:00:00+00:00,0.72658,0.72727,0.72579,0.72644,16146
2018-12-06 00:00:00+00:00,0.72643,0.72643,0.72187,0.72204,48096
2018-12-06 04:00:00+00:00,0.72209,0.72402,0.7218,0.7232,43600
2018-12-06 08:00:00+00:00,0.72315,0.72343,0.71935,0.72048,46332
2018-12-06 12:00:00+00:00,0.72045,0.72324,0.72,0.72119,68494
2018-12-06 16:00:00+00:00,0.72149,0.72303,0.72058,0.72216,44188
2018-12-06 20:00:00+00:00,0.72233,0.72367,0.72233,0.72335,21040
2018-12-07 00:00:00+00:00,0.72362,0.72404,0.72196,0.72361,32949
2018-12-07 04:00:00+00:00,0.72374,0.72376,0.72115,0.72115,23790
2018-12-07 08:00:00+00:00,0.72075,0.72281,0.72075,0.72196,35177
2018-12-07 12:00:00+00:00,0.72203,0.72406,0.72042,0.72173,81706
2018-12-07 16:00:00+00:00,0.72197,0.72205,0.71989,0.72092,37355
2018-12-07 20:00:00+00:00,0.72092,0.72095,0.71979,0.71987,10076
2018-12-09 20:00:00+00:00,0.71863,0.71948,0.71794,0.71804,11966
2018-12-10 00:00:00+00:00,0.71821,0.72224,0.71805,0.722,40878
2018-12-10 04:00:00+00:00,0.72173,0.72261,0.72073,0.72175,33159
2018-12-10 08:00:00+00:00,0.72195,0.72254,0.72127,0.72214,37562
2018-12-10 12:00:00+00:00,0.72234,0.72241,0.71847,0.71847,53629
2018-12-10 16:00:00+00:00,0.71843,0.71926,0.71806,0.71856,40277
2018-12-10 20:00:00+00:00,0.71857,0.71941,0.71839,0.71908,12242
2018-12-11 00:00:00+00:00,0.71909,0.7215,0.71848,0.72077,35141
2018-12-11 04:00:00+00:00,0.72055,0.7208,0.71957,0.71957,25988
2018-12-11 08:00:00+00:00,0.71988,0.72232,0.71922,0.72216,41577
2018-12-11 12:00:00+00:00,0.72211,0.72246,0.72014,0.72016,55115
2018-12-11 16:00:00+00:00,0.72013,0.72067,0.71919,0.72048,39811
2018-12-11 20:00:00+00:00,0.72042,0.72198,0.71978,0.72125,21937
2018-12-12 00:00:00+00:00,0.72126,0.72296,0.72101,0.72203,31511
2018-12-12 04:00:00+00:00,0.7222,0.72232,0.72046,0.72087,26562
2018-12-12 08:00:00+00:00,0.72118,0.7219,0.72047,0.72048,42617
2018-12-12 12:00:00+00:00,0.7205,0.72298,0.72019,0.72264,59127
2018-12-12 16:00:00+00:00,0.72251,0.72373,0.72123,0.72193,30413
2018-12-12 20:00:00+00:00,0.72192,0.72257,0.72098,0.72171,20381
2018-12-13 00:00:00+00:00,0.72151,0.72303,0.7213,0.72289,25020
2018-12-13 04:00:00+00:00,0.72281,0.72461,0.72247,0.7243,22966
2018-12-13 08:00:00+00:00,0.72421,0.72448,0.72241,0.72251,29976
2018-12-13 12:00:00+00:00,0.72263,0.72372,0.72159,0.72262,52582
2018-12-13 16:00:00+00:00,0.7226,0.72348,0.72212,0.72269,32820
2018-12-13 20:00:00+00:00,0.72251,0.72299,0.72192,0.72224,15280
2018-12-14 00:00:00+00:00,0.72223,0.72282,0.71795,0.71933,35204
2018-12-14 04:00:00+00:00,0.71925,0.71936,0.71757,0.71774,24381
2018-12-14 08:00:00+00:00,0.71784,0.71807,0.71561,0.71634,46640
2018-12-14 12:00:00+00:00,0.71641,0.71731,0.71523,0.7171,37778
2018-12-14 16:00:00+00:00,0.71743,0.71815,0.71717,0.71785,24877
2018-12-14 20:00:00+00:00,0.71799,0.71815,0.71728,0.71753,8403
2018-12-16 20:00:00+00:00,0.71731,0.71791,0.71713,0.71754,25524
2018-12-17 00:00:00+00:00,0.71754,0.71814,0.71693,0.71796,44135
2018-12-17 04:00:00+00:00,0.7179,0.71796,0.71706,0.71772,19640
2018-12-17 08:00:00+00:00,0.71767,0.71844,0.71722,0.71784,26683
2018-12-17 12:00:00+00:00,0.71793,0.71854,0.71741,0.71808,34093
2018-12-17 16:00:00+00:00,0.71794,0.71869,0.71751,0.71779,25372
2018-12-17 20:00:00+00:00,0.71768,0.718,0.71733,0.71765,15992
2018-12-18 00:00:00+00:00,0.71779,0.71997,0.71731,0.71895,35879
2018-12-18 04:00:00+00:00,0.71893,0.71954,0.71814,0.71875,34301
2018-12-18 08:00:00+00:00,0.71863,0.72033,0.71857,0.71938,41027
2018-12-18 12:00:00+00:00,0.71948,0.72023,0.71718,0.71718,36107
2018-12-18 16:00:00+00:00,0.71722,0.71802,0.71653,0.71709,32484
2018-12-18 20:00:00+00:00,0.71703,0.71893,0.71703,0.71892,19457
2018-12-19 00:00:00+00:00,0.71891,0.72002,0.71863,0.71944,37889
2018-12-19 04:00:00+00:00,0.71946,0.7198,0.71894,0.7192,31237
2018-12-19 08:00:00+00:00,0.71929,0.72003,0.71841,0.71852,37121
2018-12-19 12:00:00+00:00,0.71859,0.71943,0.71717,0.71761,39850
2018-12-19 16:00:00+00:00,0.71756,0.71819,0.71116,0.71145,74871
2018-12-19 20:00:00+00:00,0.71076,0.71176,0.70874,0.71129,40465
2018-12-20 00:00:00+00:00,0.71122,0.71253,0.71001,0.71057,39405
2018-12-20 04:00:00+00:00,0.71046,0.71125,0.70864,0.711,46669
2018-12-20 08:00:00+00:00,0.71103,0.71484,0.71051,0.71438,53993
2018-12-20 12:00:00+00:00,0.71449,0.7146,0.71062,0.711,54656
2018-12-20 16:00:00+00:00,0.71112,0.71239,0.7099,0.71206,53198
2018-12-20 20:00:00+00:00,0.71181,0.71236,0.71042,0.7116,23216
2018-12-21 00:00:00+00:00,0.71171,0.7122,0.7111,0.7114,28759
2018-12-21 04:00:00+00:00,0.71141,0.71193,0.71043,0.71144,33669
2018-12-21 08:00:00+00:00,0.71131,0.71131,0.70731,0.70937,43485
2018-12-21 12:00:00+00:00,0.7093,0.7108,0.70801,0.70801,58801
2018-12-21 16:00:00+00:00,0.70789,0.70838,0.70425,0.7046,43702
2018-12-21 20:00:00+00:00,0.70471,0.70471,0.70301,0.70301,11457
2018-12-23 20:00:00+00:00,0.7039,0.7051,0.70335,0.7049,7341
2018-12-24 00:00:00+00:00,0.7048,0.70656,0.7048,0.70622,29350
2018-12-24 04:00:00+00:00,0.70623,0.70667,0.70576,0.70576,18295
2018-12-24 08:00:00+00:00,0.70576,0.7068,0.70564,0.70578,30698
2018-12-24 12:00:00+00:00,0.70576,0.70608,0.70457,0.70483,45710
2018-12-24 16:00:00+00:00,0.70491,0.70587,0.70453,0.70503,27206
2018-12-26 04:00:00+00:00,0.70446,0.70561,0.70446,0.70561,7646
2018-12-26 08:00:00+00:00,0.70561,0.70589,0.70504,0.70586,10818
2018-12-26 12:00:00+00:00,0.70589,0.70665,0.70532,0.70532,25155
2018-12-26 16:00:00+00:00,0.70561,0.70694,0.70512,0.70572,35076
2018-12-26 20:00:00+00:00,0.70562,0.70773,0.70535,0.70739,30067
2018-12-27 00:00:00+00:00,0.70723,0.70768,0.70551,0.70589,53492
2018-12-27 04:00:00+00:00,0.70589,0.70627,0.70394,0.70413,49462
2018-12-27 08:00:00+00:00,0.70443,0.70573,0.7035,0.70472,53317
2018-12-27 12:00:00+00:00,0.70472,0.70486,0.70176,0.70257,45604
2018-12-27 16:00:00+00:00,0.70252,0.70323,0.70171,0.702,43789
2018-12-27 20:00:00+00:00,0.70181,0.70348,0.70181,0.70343,23335
2018-12-28 00:00:00+00:00,0.70351,0.70525,0.7031,0.70493,40209
2018-12-28 04:00:00+00:00,0.70493,0.70561,0.70437,0.70534,28483
2018-12-28 08:00:00+00:00,0.70537,0.70682,0.70419,0.70652,41949
2018-12-28 12:00:00+00:00,0.70643,0.70687,0.70314,0.70374,38430
2018-12-28 16:00:00+00:00,0.7036,0.70475,0.7036,0.70465,33801
2018-12-28 20:00:00+00:00,0.70474,0.7049,0.70359,0.70359,11600
2018-12-30 20:00:00+00:00,0.70417,0.70487,0.70415,0.70433,8921
2018-12-31 00:00:00+00:00,0.70428,0.70668,0.70428,0.70617,23496
2018-12-31 04:00:00+00:00,0.70671,0.70696,0.70567,0.70658,24761
2018-12-31 08:00:00+00:00,0.70646,0.70712,0.70489,0.70581,26434
2018-12-31 12:00:00+00:00,0.70578,0.70613,0.70396,0.70396,34873
2018-12-31 16:00:00+00:00,0.70378,0.70498,0.70368,0.70423,22518
2019-01-02 04:00:00+00:00,0.70243,0.70435,0.70223,0.70328,34693
2019-01-02 08:00:00+00:00,0.70359,0.70368,0.70082,0.70082,67703
2019-01-02 12:00:00+00:00,0.70076,0.70122,0.69828,0.69985,51331
2019-01-02 16:00:00+00:00,0.69975,0.70098,0.69888,0.6998,37086
2019-01-02 20:00:00+00:00,0.69971,0.69999,0.67445,0.69165,39754
2019-01-03 00:00:00+00:00,0.69205,0.69439,0.69195,0.69337,56777
2019-01-03 04:00:00+00:00,0.69325,0.69653,0.69303,0.69617,51926
2019-01-03 08:00:00+00:00,0.69604,0.69729,0.69513,0.69542,72034
2019-01-03 12:00:00+00:00,0.6954,0.69963,0.6954,0.69963,49549
2019-01-03 16:00:00+00:00,0.69955,0.70192,0.69898,0.70018,46676
2019-01-03 20:00:00+00:00,0.70022,0.70138,0.69976,0.70059,21789
2019-01-04 00:00:00+00:00,0.70058,0.70298,0.69945,0.70293,42212
2019-01-04 04:00:00+00:00,0.70296,0.70296,0.70158,0.70229,32929
2019-01-04 08:00:00+00:00,0.70239,0.70527,0.70225,0.70433,54865
2019-01-04 12:00:00+00:00,0.70432,0.71052,0.70303,0.71052,74254
2019-01-04 16:00:00+00:00,0.70986,0.71224,0.70945,0.71162,43038
2019-01-04 20:00:00+00:00,0.71163,0.71212,0.71112,0.71147,8854
2019-01-06 20:00:00+00:00,0.71139,0.71241,0.711,0.71234,10278
2019-01-07 00:00:00+00:00,0.71225,0.71375,0.7115,0.71351,42249
2019-01-07 04:00:00+00:00,0.7135,0.71385,0.71225,0.71366,36744
2019-01-07 08:00:00+00:00,0.71356,0.71415,0.71222,0.71251,40972
2019-01-07 12:00:00+00:00,0.71262,0.714,0.71236,0.71371,39710
2019-01-07 16:00:00+00:00,0.71333,0.71495,0.7127,0.71428,25868
2019-01-07 20:00:00+00:00,0.71422,0.71482,0.7141,0.71443,12787
2019-01-08 00:00:00+00:00,0.71452,0.71495,0.71234,0.71277,41986
2019-01-08 04:00:00+00:00,0.71275,0.71318,0.71175,0.71204,31017
2019-01-08 08:00:00+00:00,0.7122,0.71383,0.71214,0.71371,49294
2019-01-08 12:00:00+00:00,0.71392,0.71457,0.7118,0.71281,49302
2019-01-08 16:00:00+00:00,0.71286,0.71447,0.71267,0.71395,26866
2019-01-08 20:00:00+00:00,0.71395,0.71651,0.71347,0.71651,17639
2019-01-09 00:00:00+00:00,0.71626,0.71679,0.71439,0.71617,41270
2019-01-09 04:00:00+00:00,0.71616,0.71616,0.71462,0.71549,24537
2019-01-09 08:00:00+00:00,0.71544,0.71708,0.71536,0.71698,44393
2019-01-09 12:00:00+00:00,0.71679,0.71926,0.71572,0.71658,50888
2019-01-09 16:00:00+00:00,0.71667,0.71899,0.71645,0.71798,43108
2019-01-09 20:00:00+00:00,0.71813,0.71872,0.71688,0.71746,15230
2019-01-10 00:00:00+00:00,0.71763,0.71872,0.71482,0.71865,36742
2019-01-10 04:00:00+00:00,0.71854,0.71908,0.71726,0.71726,28276
2019-01-10 08:00:00+00:00,0.71714,0.71899,0.71714,0.71867,42270
2019-01-10 12:00:00+00:00,0.7187,0.71971,0.71785,0.71915,39188
2019-01-10 16:00:00+00:00,0.71894,0.71942,0.71736,0.71826,33444
2019-01-10 20:00:00+00:00,0.71825,0.71885,0.71804,0.71868,13207
2019-01-11 00:00:00+00:00,0.71901,0.72057,0.71832,0.72046,32366
2019-01-11 04:00:00+00:00,0.72028,0.72185,0.72002,0.72138,26729
2019-01-11 08:00:00+00:00,0.72138,0.72343,0.72091,0.72276,43048
2019-01-11 12:00:00+00:00,0.7227,0.72328,0.71846,0.72005,55657
2019-01-11 16:00:00+00:00,0.72001,0.72098,0.71973,0.72067,21151
2019-01-11 20:00:00+00:00,0.72054,0.72152,0.72018,0.72144,8152
2019-01-13 20:00:00+00:00,0.72109,0.7211,0.72013,0.72013,7001
2019-01-14 00:00:00+00:00,0.72012,0.72172,0.71799,0.71875,23525
2019-01-14 04:00:00+00:00,0.71888,0.71888,0.71761,0.71862,22145
2019-01-14 08:00:00+00:00,0.71872,0.71994,0.71822,0.71952,37888
2019-01-14 12:00:00+00:00,0.71951,0.72085,0.7189,0.7205,35820
2019-01-14 16:00:00+00:00,0.72027,0.72065,0.71958,0.71984,19402
2019-01-14 20:00:00+00:00,0.71982,0.72003,0.71915,0.71991,10098
2019-01-15 00:00:00+00:00,0.72005,0.72216,0.72,0.72126,24077
2019-01-15 04:00:00+00:00,0.72133,0.72221,0.72072,0.72167,20380
2019-01-15 08:00:00+00:00,0.72185,0.72245,0.71958,0.71987,43936
2019-01-15 12:00:00+00:00,0.71978,0.72114,0.71861,0.72032,43291
2019-01-15 16:00:00+00:00,0.72022,0.72022,0.71803,0.71932,39061
2019-01-15 20:00:00+00:00,0.7194,0.72074,0.71921,0.72068,16584
2019-01-16 00:00:00+00:00,0.72044,0.72051,0.71889,0.71979,23511
2019-01-16 04:00:00+00:00,0.71982,0.72102,0.71948,0.72071,19857
2019-01-16 08:00:00+00:00,0.72069,0.72089,0.71626,0.71686,27309
2019-01-16 12:00:00+00:00,0.71687,0.71881,0.71687,0.71806,31613
2019-01-16 16:00:00+00:00,0.71796,0.71877,0.71743,0.7179,24329
2019-01-16 20:00:00+00:00,0.71759,0.71821,0.71659,0.7172,13998
2019-01-17 00:00:00+00:00,0.71697,0.71746,0.71583,0.71662,25140
2019-01-17 04:00:00+00:00,0.71653,0.71661,0.71472,0.71583,23990
2019-01-17 08:00:00+00:00,0.71594,0.71736,0.71521,0.71702,24808
2019-01-17 12:00:00+00:00,0.71703,0.71733,0.71525,0.71588,33762
2019-01-17 16:00:00+00:00,0.71592,0.72198,0.71587,0.72005,36765
2019-01-17 20:00:00+00:00,0.71968,0.72011,0.71858,0.71894,19989
2019-01-18 00:00:00+00:00,0.7191,0.7205,0.71864,0.71904,29642
2019-01-18 04:00:00+00:00,0.71918,0.71968,0.7187,0.71881,16576
2019-01-18 08:00:00+00:00,0.71868,0.71922,0.71754,0.71894,17090
2019-01-18 12:00:00+00:00,0.71892,0.72024,0.71777,0.71842,41810
2019-01-18 16:00:00+00:00,0.71852,0.7186,0.71678,0.71678,22536
2019-01-18 20:00:00+00:00,0.71677,0.71717,0.71591,0.71591,7994
2019-01-20 20:00:00+00:00,0.7165,0.7166,0.71601,0.71629,2921
2019-01-21 00:00:00+00:00,0.71619,0.71723,0.715,0.71657,25011
2019-01-21 04:00:00+00:00,0.71647,0.71766,0.7162,0.71706,15405
2019-01-21 08:00:00+00:00,0.71707,0.71708,0.71525,0.7156,16096
2019-01-21 12:00:00+00:00,0.71564,0.71589,0.71403,0.71541,16827
2019-01-21 16:00:00+00:00,0.71574,0.71598,0.71534,0.7158,29178
2019-01-21 20:00:00+00:00,0.71583,0.71594,0.71548,0.71587,13290
2019-01-22 00:00:00+00:00,0.71588,0.71603,0.71378,0.71378,17843
2019-01-22 04:00:00+00:00,0.71356,0.714,0.71248,0.7127,21551
2019-01-22 08:00:00+00:00,0.71253,0.71324,0.7122,0.71239,20739
2019-01-22 12:00:00+00:00,0.71238,0.71394,0.71232,0.7137,27338
2019-01-22 16:00:00+00:00,0.7137,0.71412,0.71172,0.7118,23657
2019-01-22 20:00:00+00:00,0.71167,0.71264,0.7116,0.71211,19124
2019-01-23 00:00:00+00:00,0.71211,0.71403,0.71199,0.71357,29069
2019-01-23 04:00:00+00:00,0.71356,0.71416,0.71319,0.71345,24768
2019-01-23 08:00:00+00:00,0.71322,0.71427,0.7131,0.71393,16660
2019-01-23 12:00:00+00:00,0.71396,0.71396,0.71242,0.71318,33694
2019-01-23 16:00:00+00:00,0.71321,0.71438,0.71288,0.71422,20342
2019-01-23 20:00:00+00:00,0.71417,0.7147,0.71371,0.7147,12475
2019-01-24 00:00:00+00:00,0.71477,0.71666,0.71212,0.71216,40051
2019-01-24 04:00:00+00:00,0.7122,0.71228,0.70958,0.70975,21190
2019-01-24 08:00:00+00:00,0.70962,0.71079,0.709,0.70976,27745
2019-01-24 12:00:00+00:00,0.70988,0.71151,0.70876,0.71037,56984
2019-01-24 16:00:00+00:00,0.7104,0.71049,0.70811,0.70876,30891
2019-01-24 20:00:00+00:00,0.70869,0.70961,0.70777,0.70925,20016
2019-01-25 00:00:00+00:00,0.70878,0.7113,0.70766,0.71085,42421
2019-01-25 04:00:00+00:00,0.71089,0.71089,0.70931,0.71018,28854
2019-01-25 08:00:00+00:00,0.70997,0.7117,0.7096,0.7117,23444
2019-01-25 12:00:00+00:00,0.71165,0.71749,0.71125,0.71659,44000
2019-01-25 16:00:00+00:00,0.71671,0.71831,0.71671,0.71784,29418
2019-01-25 20:00:00+00:00,0.71788,0.71844,0.71771,0.71786,7346
2019-01-27 20:00:00+00:00,0.7176,0.7185,0.71738,0.71783,4818
2019-01-28 00:00:00+00:00,0.71781,0.72026,0.71775,0.72012,28521
2019-01-28 04:00:00+00:00,0.72011,0.72038,0.71844,0.71865,23648
2019-01-28 08:00:00+00:00,0.71861,0.71888,0.71724,0.71724,19834
2019-01-28 12:00:00+00:00,0.71715,0.71757,0.71633,0.71671,31843
2019-01-28 16:00:00+00:00,0.71672,0.71727,0.71607,0.7165,19227
2019-01-28 20:00:00+00:00,0.71663,0.71686,0.71595,0.71657,12096
2019-01-29 00:00:00+00:00,0.71657,0.71668,0.71394,0.71643,36154
2019-01-29 04:00:00+00:00,0.71638,0.71728,0.71586,0.71599,22216
2019-01-29 08:00:00+00:00,0.7161,0.71754,0.71591,0.7165,22955
2019-01-29 12:00:00+00:00,0.71639,0.7167,0.71457,0.71494,34103
2019-01-29 16:00:00+00:00,0.71517,0.71566,0.71472,0.71484,24352
2019-01-29 20:00:00+00:00,0.7148,0.71575,0.71468,0.7157,20025
2019-01-30 00:00:00+00:00,0.71587,0.71949,0.71504,0.71924,40677
2019-01-30 04:00:00+00:00,0.71924,0.72009,0.71907,0.71975,32409
2019-01-30 08:00:00+00:00,0.71972,0.72034,0.71917,0.72002,44860
2019-01-30 12:00:00+00:00,0.7201,0.72033,0.71811,0.71917,37079
2019-01-30 16:00:00+00:00,0.71907,0.72719,0.71907,0.727,54779
2019-01-30 20:00:00+00:00,0.72654,0.7267,0.72423,0.72536,31448
2019-01-31 00:00:00+00:00,0.72534,0.72692,0.7246,0.72669,35100
2019-01-31 04:00:00+00:00,0.72685,0.72743,0.72603,0.72695,32826
2019-01-31 08:00:00+00:00,0.72683,0.72788,0.72635,0.72766,55489
2019-01-31 12:00:00+00:00,0.72754,0.72947,0.72694,0.72901,40896
2019-01-31 16:00:00+00:00,0.72909,0.72927,0.72595,0.72646,28440
2019-01-31 20:00:00+00:00,0.72635,0.72759,0.72623,0.72718,14943
2019-02-01 00:00:00+00:00,0.72723,0.72775,0.72393,0.72405,37852
2019-02-01 04:00:00+00:00,0.72397,0.72491,0.72367,0.72491,24877
2019-02-01 08:00:00+00:00,0.72508,0.72648,0.72436,0.72598,34653
2019-02-01 12:00:00+00:00,0.72605,0.7284,0.72432,0.7258,53395
2019-02-01 16:00:00+00:00,0.72545,0.72657,0.72494,0.72494,20793
2019-02-01 20:00:00+00:00,0.72496,0.7251,0.7246,0.72464,5861
2019-02-03 20:00:00+00:00,0.72462,0.72491,0.72432,0.72478,4753
2019-02-04 00:00:00+00:00,0.72489,0.7253,0.72288,0.72318,29598
2019-02-04 04:00:00+00:00,0.72306,0.72382,0.72235,0.72382,22512
2019-02-04 08:00:00+00:00,0.72367,0.72387,0.72241,0.72264,33979
2019-02-04 12:00:00+00:00,0.72258,0.72269,0.72114,0.72191,25487
2019-02-04 16:00:00+00:00,0.72198,0.72258,0.72135,0.72238,19118
2019-02-04 20:00:00+00:00,0.72239,0.72271,0.72126,0.72126,13047
2019-02-05 00:00:00+00:00,0.72129,0.72532,0.71945,0.72519,38714
2019-02-05 04:00:00+00:00,0.72529,0.72642,0.72486,0.72589,26837
2019-02-05 08:00:00+00:00,0.72581,0.72581,0.72375,0.72488,31954
2019-02-05 12:00:00+00:00,0.72483,0.72494,0.72311,0.72347,26970
2019-02-05 16:00:00+00:00,0.72356,0.72383,0.7229,0.7229,16550
2019-02-05 20:00:00+00:00,0.72292,0.72436,0.72276,0.72423,24526
2019-02-06 00:00:00+00:00,0.72415,0.72454,0.71554,0.71582,52148
2019-02-06 04:00:00+00:00,0.71575,0.71575,0.71341,0.71341,31785
2019-02-06 08:00:00+00:00,0.7133,0.71378,0.71232,0.71297,37852
2019-02-06 12:00:00+00:00,0.71318,0.71386,0.71274,0.71333,28874
2019-02-06 16:00:00+00:00,0.71347,0.7135,0.71099,0.71142,20300
2019-02-06 20:00:00+00:00,0.71154,0.71188,0.71025,0.71104,23746
2019-02-07 00:00:00+00:00,0.71111,0.71132,0.70971,0.7106,23480
2019-02-07 04:00:00+00:00,0.71071,0.71073,0.70936,0.7096,21729
2019-02-07 08:00:00+00:00,0.70946,0.71072,0.70925,0.71061,32706
2019-02-07 12:00:00+00:00,0.71057,0.71169,0.71029,0.71083,39170
2019-02-07 16:00:00+00:00,0.71089,0.71108,0.70893,0.70993,28198
2019-02-07 20:00:00+00:00,0.71014,0.71063,0.70902,0.7094,17582
2019-02-08 00:00:00+00:00,0.70939,0.70975,0.70615,0.70749,41254
2019-02-08 04:00:00+00:00,0.70756,0.70868,0.70723,0.70855,21346
2019-02-08 08:00:00+00:00,0.70818,0.70916,0.70745,0.70802,29764
2019-02-08 12:00:00+00:00,0.70807,0.71013,0.70787,0.70907,36778
2019-02-08 16:00:00+00:00,0.70896,0.70967,0.70857,0.70857,20470
2019-02-08 20:00:00+00:00,0.70865,0.70894,0.70834,0.70846,7027
2019-02-10 20:00:00+00:00,0.70864,0.71074,0.70827,0.71002,5762
2019-02-11 00:00:00+00:00,0.70973,0.71066,0.70917,0.70925,19838
2019-02-11 04:00:00+00:00,0.70926,0.71052,0.709,0.70967,20375
2019-02-11 08:00:00+00:00,0.70944,0.70992,0.70812,0.70813,30279
2019-02-11 12:00:00+00:00,0.70804,0.70822,0.70602,0.70657,39497
2019-02-11 16:00:00+00:00,0.70653,0.70663,0.70581,0.70625,18715
2019-02-11 20:00:00+00:00,0.70627,0.70656,0.70591,0.70622,12840
2019-02-12 00:00:00+00:00,0.7062,0.7087,0.70543,0.70773,39626
2019-02-12 04:00:00+00:00,0.70763,0.70843,0.70663,0.70816,22717
2019-02-12 08:00:00+00:00,0.7083,0.70872,0.70751,0.70851,25591
2019-02-12 12:00:00+00:00,0.70841,0.70976,0.70807,0.70893,29707
2019-02-12 16:00:00+00:00,0.70888,0.71026,0.70883,0.70988,22095
2019-02-12 20:00:00+00:00,0.70985,0.71069,0.70916,0.71036,13124
2019-02-13 00:00:00+00:00,0.71021,0.71309,0.70924,0.71307,43262
2019-02-13 04:00:00+00:00,0.71295,0.71348,0.71205,0.71211,22118
2019-02-13 08:00:00+00:00,0.71201,0.71227,0.7109,0.71185,27272
2019-02-13 12:00:00+00:00,0.71183,0.71201,0.71017,0.71127,33897
2019-02-13 16:00:00+00:00,0.71137,0.71143,0.70936,0.70948,19225
2019-02-13 20:00:00+00:00,0.70954,0.70957,0.70849,0.70913,13711
2019-02-14 00:00:00+00:00,0.7091,0.71205,0.7085,0.7119,29206
2019-02-14 04:00:00+00:00,0.71171,0.71314,0.71141,0.71292,25101
2019-02-14 08:00:00+00:00,0.71279,0.71279,0.71009,0.7103,35369
2019-02-14 12:00:00+00:00,0.71043,0.71202,0.70768,0.70955,59635
2019-02-14 16:00:00+00:00,0.70948,0.71076,0.70875,0.71049,34037
2019-02-14 20:00:00+00:00,0.71057,0.71068,0.70996,0.71039,18079
2019-02-15 00:00:00+00:00,0.71038,0.71044,0.70814,0.70906,27686
2019-02-15 04:00:00+00:00,0.70902,0.70948,0.70824,0.70859,22657
2019-02-15 08:00:00+00:00,0.70868,0.71127,0.70832,0.71084,32291
2019-02-15 12:00:00+00:00,0.71099,0.71236,0.71009,0.71191,45267
2019-02-15 16:00:00+00:00,0.71192,0.71484,0.71173,0.71401,28363
2019-02-15 20:00:00+00:00,0.71399,0.71423,0.71377,0.714,7804
2019-02-17 20:00:00+00:00,0.7133,0.71472,0.71329,0.71449,6147
2019-02-18 00:00:00+00:00,0.7144,0.71583,0.71433,0.71545,31374
2019-02-18 04:00:00+00:00,0.71544,0.71566,0.71456,0.71496,27289
2019-02-18 08:00:00+00:00,0.71496,0.7159,0.71422,0.71581,21753
2019-02-18 12:00:00+00:00,0.7157,0.71603,0.71359,0.71363,19073
2019-02-18 16:00:00+00:00,0.71339,0.71363,0.7125,0.71309,15962
2019-02-18 20:00:00+00:00,0.71311,0.71334,0.71252,0.7131,15674
2019-02-19 00:00:00+00:00,0.71298,0.71394,0.71082,0.71094,27885
2019-02-19 04:00:00+00:00,0.71095,0.71201,0.71074,0.71165,18343
2019-02-19 08:00:00+00:00,0.71172,0.71226,0.71037,0.71067,32503
2019-02-19 12:00:00+00:00,0.71065,0.71416,0.71046,0.71416,36082
2019-02-19 16:00:00+00:00,0.71401,0.71736,0.71397,0.71687,36662
2019-02-19 20:00:00+00:00,0.71695,0.71713,0.7161,0.71673,19120
2019-02-20 00:00:00+00:00,0.71684,0.71764,0.71522,0.71633,41035
2019-02-20 04:00:00+00:00,0.71641,0.71674,0.71585,0.71642,26903
2019-02-20 08:00:00+00:00,0.71619,0.71687,0.71494,0.71506,30884
2019-02-20 12:00:00+00:00,0.71509,0.71721,0.71426,0.7166,41586
2019-02-20 16:00:00+00:00,0.71667,0.71826,0.71575,0.71736,46572
2019-02-20 20:00:00+00:00,0.71684,0.71715,0.71592,0.71685,19044
2019-02-21 00:00:00+00:00,0.71697,0.72061,0.71444,0.71648,62855
2019-02-21 04:00:00+00:00,0.71646,0.71679,0.7087,0.71114,62251
2019-02-21 08:00:00+00:00,0.71152,0.71199,0.70986,0.71125,42565
2019-02-21 12:00:00+00:00,0.71127,0.7117,0.70843,0.70904,46091
2019-02-21 16:00:00+00:00,0.709,0.709,0.70714,0.70795,33058
2019-02-21 20:00:00+00:00,0.70789,0.71098,0.70784,0.7108,27124
2019-02-22 00:00:00+00:00,0.71083,0.71103,0.70849,0.70943,43936
2019-02-22 04:00:00+00:00,0.70948,0.7117,0.70907,0.7117,38062
2019-02-22 08:00:00+00:00,0.71148,0.71165,0.71014,0.71128,33564
2019-02-22 12:00:00+00:00,0.7112,0.71406,0.71073,0.71348,46262
2019-02-22 16:00:00+00:00,0.71352,0.71487,0.71293,0.71333,38578
2019-02-22 20:00:00+00:00,0.71347,0.7136,0.71248,0.71248,10290
2019-02-24 20:00:00+00:00,0.71344,0.71569,0.71318,0.71569,7800
2019-02-25 00:00:00+00:00,0.71545,0.71617,0.71347,0.71439,33572
2019-02-25 04:00:00+00:00,0.71432,0.71588,0.71418,0.71577,28456
2019-02-25 08:00:00+00:00,0.71572,0.71807,0.71519,0.71745,32608
2019-02-25 12:00:00+00:00,0.7175,0.7184,0.71669,0.71727,32140
2019-02-25 16:00:00+00:00,0.71729,0.71803,0.71657,0.71753,34613
2019-02-25 20:00:00+00:00,0.71753,0.71763,0.71655,0.7172,15585
2019-02-26 00:00:00+00:00,0.71698,0.71728,0.71525,0.71605,31733
2019-02-26 04:00:00+00:00,0.71609,0.71627,0.71537,0.71559,26861
2019-02-26 08:00:00+00:00,0.71543,0.71578,0.71426,0.71487,28242
2019-02-26 12:00:00+00:00,0.71486,0.71745,0.71457,0.71745,39051
2019-02-26 16:00:00+00:00,0.71742,0.71944,0.71728,0.7193,35989
2019-02-26 20:00:00+00:00,0.71928,0.71974,0.71806,0.71933,12316
2019-02-27 00:00:00+00:00,0.71944,0.71948,0.71753,0.71827,42468
2019-02-27 04:00:00+00:00,0.71827,0.71922,0.71768,0.71784,37053
2019-02-27 08:00:00+00:00,0.7179,0.71802,0.7164,0.71688,30295
2019-02-27 12:00:00+00:00,0.7169,0.71712,0.71278,0.71423,44233
2019-02-27 16:00:00+00:00,0.71421,0.71425,0.71306,0.71397,30309
2019-02-27 20:00:00+00:00,0.71388,0.71488,0.71354,0.71483,14476
2019-02-28 00:00:00+00:00,0.71434,0.71602,0.71309,0.71463,46244
2019-02-28 04:00:00+00:00,0.71466,0.71478,0.71281,0.71351,31294
2019-02-28 08:00:00+00:00,0.71363,0.71442,0.7131,0.71413,31992
2019-02-28 12:00:00+00:00,0.71414,0.71449,0.71021,0.7115,48179
2019-02-28 16:00:00+00:00,0.71143,0.71143,0.70917,0.7092,34532
2019-02-28 20:00:00+00:00,0.70952,0.71029,0.70913,0.71013,16873
2019-03-01 00:00:00+00:00,0.70993,0.71073,0.70853,0.70937,27577
2019-03-01 04:00:00+00:00,0.70934,0.70988,0.70849,0.70978,19524
2019-03-01 08:00:00+00:00,0.70999,0.71182,0.70883,0.71149,20034
2019-03-01 12:00:00+00:00,0.71149,0.71214,0.7094,0.7094,41274
2019-03-01 16:00:00+00:00,0.70942,0.70942,0.70709,0.70726,27868
2019-03-01 20:00:00+00:00,0.70722,0.7081,0.70706,0.70766,8759
2019-03-03 20:00:00+00:00,0.71059,0.71068,0.70939,0.70991,8557
2019-03-04 00:00:00+00:00,0.70989,0.71002,0.70802,0.71002,26924
2019-03-04 04:00:00+00:00,0.70997,0.70997,0.70817,0.70865,27158
2019-03-04 08:00:00+00:00,0.70828,0.70874,0.70753,0.70839,41619
2019-03-04 12:00:00+00:00,0.7084,0.70936,0.70778,0.70845,28500
2019-03-04 16:00:00+00:00,0.70848,0.70908,0.70774,0.70856,30545
2019-03-04 20:00:00+00:00,0.70858,0.7093,0.70853,0.70897,12800
2019-03-05 00:00:00+00:00,0.70907,0.70921,0.70674,0.70736,38319
2019-03-05 04:00:00+00:00,0.70744,0.70817,0.70709,0.70817,24256
2019-03-05 08:00:00+00:00,0.70818,0.70858,0.70758,0.70786,30661
2019-03-05 12:00:00+00:00,0.70786,0.70835,0.70608,0.70706,31939
2019-03-05 16:00:00+00:00,0.70695,0.70887,0.70676,0.70857,20791
2019-03-05 20:00:00+00:00,0.70857,0.70885,0.70754,0.70872,15029
2019-03-06 00:00:00+00:00,0.70874,0.70887,0.70295,0.70321,38260
2019-03-06 04:00:00+00:00,0.70322,0.70413,0.70287,0.70319,25927
2019-03-06 08:00:00+00:00,0.70306,0.70392,0.70245,0.70273,33110
2019-03-06 12:00:00+00:00,0.70276,0.70415,0.7024,0.70266,33032
2019-03-06 16:00:00+00:00,0.7027,0.70282,0.70214,0.70272,20402
2019-03-06 20:00:00+00:00,0.70273,0.70331,0.70262,0.70319,9311
2019-03-07 00:00:00+00:00,0.70321,0.70467,0.70267,0.70409,24014
2019-03-07 04:00:00+00:00,0.70425,0.70503,0.70384,0.704,16836
2019-03-07 08:00:00+00:00,0.704,0.70498,0.70383,0.70455,19503
2019-03-07 12:00:00+00:00,0.70458,0.70483,0.70308,0.70313,40005
2019-03-07 16:00:00+00:00,0.70321,0.70352,0.70104,0.7011,36283
2019-03-07 20:00:00+00:00,0.70112,0.70238,0.70051,0.70237,14627
2019-03-08 00:00:00+00:00,0.70224,0.70277,0.70106,0.70131,29452
2019-03-08 04:00:00+00:00,0.70124,0.70137,0.70036,0.70069,26079
2019-03-08 08:00:00+00:00,0.70075,0.70297,0.70062,0.70279,22943
2019-03-08 12:00:00+00:00,0.70277,0.70467,0.70263,0.70401,47241
2019-03-08 16:00:00+00:00,0.70392,0.70517,0.70392,0.70478,25776
2019-03-08 20:00:00+00:00,0.70487,0.70499,0.70426,0.70433,6589
2019-03-10 20:00:00+00:00,0.70302,0.70429,0.70302,0.70376,6936
2019-03-11 00:00:00+00:00,0.70356,0.70398,0.70269,0.70373,20956
2019-03-11 04:00:00+00:00,0.70374,0.70504,0.70366,0.70503,15424
2019-03-11 08:00:00+00:00,0.70506,0.70519,0.70408,0.70468,21571
2019-03-11 12:00:00+00:00,0.70489,0.70654,0.70454,0.70562,27745
2019-03-11 16:00:00+00:00,0.70547,0.70732,0.7052,0.70695,24647
2019-03-11 20:00:00+00:00,0.70684,0.70775,0.70649,0.70719,11763
2019-03-12 00:00:00+00:00,0.70716,0.70766,0.70605,0.70705,19137
2019-03-12 04:00:00+00:00,0.70704,0.70727,0.70648,0.70727,13726
2019-03-12 08:00:00+00:00,0.70731,0.70799,0.7063,0.70647,31339
2019-03-12 12:00:00+00:00,0.7065,0.70914,0.70638,0.70816,31875
2019-03-12 16:00:00+00:00,0.70816,0.70884,0.70802,0.70837,32466
2019-03-12 20:00:00+00:00,0.70836,0.70837,0.7055,0.70624,12544
2019-03-13 00:00:00+00:00,0.70626,0.70689,0.70499,0.70578,19624
2019-03-13 04:00:00+00:00,0.70568,0.70606,0.70503,0.70537,15284
2019-03-13 08:00:00+00:00,0.70526,0.70711,0.70526,0.70648,19766
2019-03-13 12:00:00+00:00,0.70654,0.70881,0.70558,0.7086,31838
2019-03-13 16:00:00+00:00,0.70866,0.70972,0.70787,0.70955,38540
2019-03-13 20:00:00+00:00,0.70945,0.70977,0.7086,0.7086,9279
2019-03-14 00:00:00+00:00,0.70858,0.70858,0.70659,0.70664,22419
2019-03-14 04:00:00+00:00,0.70663,0.70674,0.70585,0.70637,16674
2019-03-14 08:00:00+00:00,0.70642,0.70684,0.70419,0.70523,31501
2019-03-14 12:00:00+00:00,0.70533,0.70623,0.70453,0.70607,39926
2019-03-14 16:00:00+00:00,0.70593,0.70675,0.70545,0.70651,29315
2019-03-14 20:00:00+00:00,0.70642,0.70705,0.70619,0.70677,9241
2019-03-15 00:00:00+00:00,0.70707,0.70927,0.70668,0.70831,25219
2019-03-15 04:00:00+00:00,0.70828,0.70925,0.70788,0.70919,15910
2019-03-15 08:00:00+00:00,0.70921,0.70921,0.70738,0.7079,19743
2019-03-15 12:00:00+00:00,0.70785,0.70959,0.70705,0.70894,37126
2019-03-15 16:00:00+00:00,0.70861,0.70897,0.70816,0.70846,22434
2019-03-15 20:00:00+00:00,0.70835,0.70871,0.70817,0.70817,6646
2019-03-17 20:00:00+00:00,0.70843,0.70873,0.70784,0.70833,5021
2019-03-18 00:00:00+00:00,0.70827,0.71145,0.70827,0.7113,22272
2019-03-18 04:00:00+00:00,0.71124,0.71194,0.71106,0.71194,15162
2019-03-18 08:00:00+00:00,0.71185,0.71188,0.70981,0.711,20652
2019-03-18 12:00:00+00:00,0.7109,0.71107,0.70878,0.70991,32793
2019-03-18 16:00:00+00:00,0.70996,0.71038,0.70901,0.71038,20590
2019-03-18 20:00:00+00:00,0.71044,0.71058,0.70956,0.70986,12621
2019-03-19 00:00:00+00:00,0.70978,0.71106,0.70939,0.71065,28694
2019-03-19 04:00:00+00:00,0.71066,0.71069,0.70924,0.70941,18734
2019-03-19 08:00:00+00:00,0.70943,0.71031,0.70943,0.70969,19557
2019-03-19 12:00:00+00:00,0.70971,0.71068,0.70961,0.71013,35559
2019-03-19 16:00:00+00:00,0.71018,0.71026,0.70875,0.70915,35862
2019-03-19 20:00:00+00:00,0.70905,0.7091,0.70856,0.70875,9391
2019-03-20 00:00:00+00:00,0.70864,0.7087,0.70568,0.70745,26339
2019-03-20 04:00:00+00:00,0.70739,0.70893,0.70722,0.7086,15255
2019-03-20 08:00:00+00:00,0.70875,0.70946,0.70823,0.70946,19511
2019-03-20 12:00:00+00:00,0.70958,0.71016,0.70837,0.7087,36343
2019-03-20 16:00:00+00:00,0.70877,0.71486,0.70854,0.71235,67164
2019-03-20 20:00:00+00:00,0.71225,0.7137,0.71131,0.71333,19667
2019-03-21 00:00:00+00:00,0.71336,0.71662,0.71336,0.71485,40832
2019-03-21 04:00:00+00:00,0.71477,0.7158,0.71417,0.71474,26259
2019-03-21 08:00:00+00:00,0.71464,0.71515,0.71266,0.71306,31074
2019-03-21 12:00:00+00:00,0.71306,0.71341,0.71015,0.71106,42752
2019-03-21 16:00:00+00:00,0.71086,0.71125,0.70907,0.71125,45783
2019-03-21 20:00:00+00:00,0.71116,0.71171,0.71048,0.71061,14743
2019-03-22 00:00:00+00:00,0.71074,0.71112,0.70951,0.71046,26878
2019-03-22 04:00:00+00:00,0.71048,0.71143,0.71032,0.71127,18448
2019-03-22 08:00:00+00:00,0.71134,0.71139,0.70857,0.70874,52623
2019-03-22 12:00:00+00:00,0.70884,0.71055,0.70763,0.70897,59790
2019-03-22 16:00:00+00:00,0.70897,0.70921,0.70765,0.70779,38082
2019-03-22 20:00:00+00:00,0.70788,0.70828,0.7078,0.7079,2999
2019-03-24 20:00:00+00:00,0.70766,0.70825,0.70743,0.70806,4881
2019-03-25 00:00:00+00:00,0.70805,0.70817,0.70663,0.70801,25484
2019-03-25 04:00:00+00:00,0.70798,0.70888,0.70763,0.70865,20996
2019-03-25 08:00:00+00:00,0.70857,0.70972,0.70849,0.70962,31980
2019-03-25 12:00:00+00:00,0.70961,0.71163,0.70956,0.71131,33865
2019-03-25 16:00:00+00:00,0.71119,0.7114,0.71042,0.71101,27119
2019-03-25 20:00:00+00:00,0.71099,0.71157,0.71072,0.71157,9757
2019-03-26 00:00:00+00:00,0.71145,0.71257,0.71145,0.71187,20025
2019-03-26 04:00:00+00:00,0.71194,0.71282,0.71165,0.71282,21227
2019-03-26 08:00:00+00:00,0.7129,0.7135,0.71221,0.71283,26096
2019-03-26 12:00:00+00:00,0.71274,0.71462,0.71262,0.71395,32985
2019-03-26 16:00:00+00:00,0.71407,0.71477,0.71381,0.71385,26654
2019-03-26 20:00:00+00:00,0.71381,0.71411,0.71313,0.71366,10952
2019-03-27 00:00:00+00:00,0.71372,0.71377,0.71005,0.71035,39176
2019-03-27 04:00:00+00:00,0.71048,0.71067,0.70916,0.70959,21460
2019-03-27 08:00:00+00:00,0.70952,0.71078,0.70917,0.70949,34664
2019-03-27 12:00:00+00:00,0.70964,0.70964,0.70703,0.70703,38961
2019-03-27 16:00:00+00:00,0.70698,0.70887,0.70694,0.70869,35010
2019-03-27 20:00:00+00:00,0.70864,0.70958,0.70792,0.70838,10865
2019-03-28 00:00:00+00:00,0.70782,0.7095,0.70736,0.70941,29819
2019-03-28 04:00:00+00:00,0.70933,0.71058,0.7091,0.7091,21851
2019-03-28 08:00:00+00:00,0.70913,0.70973,0.70819,0.70831,35246
2019-03-28 12:00:00+00:00,0.70843,0.70895,0.70709,0.70787,40522
2019-03-28 16:00:00+00:00,0.70759,0.70825,0.70651,0.7076,23781
2019-03-28 20:00:00+00:00,0.70756,0.70823,0.707,0.70823,9115
2019-03-29 00:00:00+00:00,0.70821,0.70906,0.70751,0.70859,26112
2019-03-29 04:00:00+00:00,0.70854,0.71004,0.70847,0.70897,21834
2019-03-29 08:00:00+00:00,0.70884,0.70945,0.70758,0.70919,29848
2019-03-29 12:00:00+00:00,0.70929,0.71035,0.70841,0.71035,40854
2019-03-29 16:00:00+00:00,0.71031,0.71031,0.70931,0.71002,22880
2019-03-29 20:00:00+00:00,0.71008,0.71008,0.70956,0.70956,2082
2019-03-31 20:00:00+00:00,0.71188,0.71188,0.71051,0.71121,8264
2019-04-01 00:00:00+00:00,0.71129,0.7127,0.7109,0.71168,28445
2019-04-01 04:00:00+00:00,0.71167,0.71317,0.71167,0.71306,23919
2019-04-01 08:00:00+00:00,0.71305,0.71315,0.71143,0.712,24758
2019-04-01 12:00:00+00:00,0.71195,0.71296,0.7116,0.71164,36509
2019-04-01 16:00:00+00:00,0.71164,0.71165,0.71091,0.71147,12931
2019-04-01 20:00:00+00:00,0.71125,0.71161,0.71015,0.71095,10779
2019-04-02 00:00:00+00:00,0.71096,0.71131,0.70826,0.70898,31884
2019-04-02 04:00:00+00:00,0.70907,0.7093,0.70657,0.70732,26697
2019-04-02 08:00:00+00:00,0.70742,0.70872,0.70669,0.70841,25962
2019-04-02 12:00:00+00:00,0.70851,0.70851,0.70532,0.70579,33937
2019-04-02 16:00:00+00:00,0.70587,0.70691,0.70544,0.70691,20388
2019-04-02 20:00:00+00:00,0.7069,0.70723,0.70562,0.7057,7955
2019-04-03 00:00:00+00:00,0.70554,0.71024,0.70547,0.70977,32818
2019-04-03 04:00:00+00:00,0.70985,0.71176,0.70976,0.71165,26143
2019-04-03 08:00:00+00:00,0.71166,0.71264,0.71144,0.71187,22429
2019-04-03 12:00:00+00:00,0.71187,0.71249,0.71144,0.71245,30000
2019-04-03 16:00:00+00:00,0.71239,0.71294,0.71128,0.7115,17885
2019-04-03 20:00:00+00:00,0.71128,0.71213,0.71109,0.7117,10220
2019-04-04 00:00:00+00:00,0.71181,0.71271,0.71136,0.71177,16371
2019-04-04 04:00:00+00:00,0.71173,0.71196,0.71094,0.71174,17043
2019-04-04 08:00:00+00:00,0.71168,0.71168,0.71052,0.71104,20776
2019-04-04 12:00:00+00:00,0.71094,0.71178,0.70985,0.71122,30933
2019-04-04 16:00:00+00:00,0.71124,0.71205,0.71091,0.7119,14391
2019-04-04 20:00:00+00:00,0.71194,0.71194,0.71087,0.71087,9295
2019-04-05 00:00:00+00:00,0.71077,0.71242,0.71077,0.71216,16710
2019-04-05 04:00:00+00:00,0.71215,0.71292,0.71207,0.71271,14070
2019-04-05 08:00:00+00:00,0.71274,0.71274,0.7115,0.71155,14367
2019-04-05 12:00:00+00:00,0.71156,0.7131,0.70927,0.70983,38808
2019-04-05 16:00:00+00:00,0.70978,0.7105,0.70949,0.7105,11460
2019-04-05 20:00:00+00:00,0.71042,0.71072,0.71031,0.71031,1606
2019-04-07 20:00:00+00:00,0.7103,0.71081,0.71,0.71001,4517
2019-04-08 00:00:00+00:00,0.70998,0.71004,0.70881,0.70906,18689
2019-04-08 04:00:00+00:00,0.70904,0.71004,0.70899,0.70999,13346
2019-04-08 08:00:00+00:00,0.70999,0.71082,0.70988,0.71072,17808
2019-04-08 12:00:00+00:00,0.71064,0.71275,0.71047,0.7123,26068
2019-04-08 16:00:00+00:00,0.71241,0.71302,0.71238,0.7128,10577
2019-04-08 20:00:00+00:00,0.71277,0.7128,0.71195,0.71211,6257
2019-04-09 00:00:00+00:00,0.7121,0.71352,0.71209,0.7135,15548
2019-04-09 04:00:00+00:00,0.71349,0.71492,0.71324,0.71439,18722
2019-04-09 08:00:00+00:00,0.71438,0.71503,0.71414,0.71437,19605
2019-04-09 12:00:00+00:00,0.71429,0.71522,0.71258,0.71285,25506
2019-04-09 16:00:00+00:00,0.71289,0.71309,0.71214,0.7127,12793
2019-04-09 20:00:00+00:00,0.71278,0.71301,0.71211,0.71275,8200
2019-04-10 00:00:00+00:00,0.7128,0.71316,0.71101,0.71288,22016
2019-04-10 04:00:00+00:00,0.71296,0.71499,0.71288,0.71493,24611
2019-04-10 08:00:00+00:00,0.71497,0.71572,0.71443,0.71471,24195
2019-04-10 12:00:00+00:00,0.71479,0.71601,0.71327,0.7157,38014
2019-04-10 16:00:00+00:00,0.71563,0.71747,0.7156,0.71686,23096
2019-04-10 20:00:00+00:00,0.7169,0.71705,0.71654,0.71661,6753
2019-04-11 00:00:00+00:00,0.71654,0.71681,0.71531,0.7157,18750
2019-04-11 04:00:00+00:00,0.71572,0.71653,0.71557,0.71564,26602
2019-04-11 08:00:00+00:00,0.71568,0.71621,0.71515,0.71542,25077
2019-04-11 12:00:00+00:00,0.71518,0.71523,0.71259,0.71273,26976
2019-04-11 16:00:00+00:00,0.71272,0.71273,0.7117,0.71231,15416
2019-04-11 20:00:00+00:00,0.71231,0.71263,0.71215,0.71227,7351
2019-04-12 00:00:00+00:00,0.71202,0.71318,0.71162,0.71312,25940
2019-04-12 04:00:00+00:00,0.71315,0.71365,0.71241,0.7125,21527
2019-04-12 08:00:00+00:00,0.71259,0.71742,0.71259,0.71694,40406
2019-04-12 12:00:00+00:00,0.71703,0.71922,0.71703,0.71764,29418
2019-04-12 16:00:00+00:00,0.7176,0.71807,0.7171,0.71737,13261
2019-04-12 20:00:00+00:00,0.7172,0.7173,0.71701,0.71717,1343
2019-04-14 20:00:00+00:00,0.71757,0.71791,0.71695,0.71706,5487
2019-04-15 00:00:00+00:00,0.7171,0.71797,0.71643,0.71741,19792
2019-04-15 04:00:00+00:00,0.71742,0.71762,0.71661,0.71717,22390
2019-04-15 08:00:00+00:00,0.7171,0.71796,0.7166,0.71738,24722
2019-04-15 12:00:00+00:00,0.71753,0.71817,0.7167,0.7178,24881
2019-04-15 16:00:00+00:00,0.71787,0.71807,0.71706,0.71716,13857
2019-04-15 20:00:00+00:00,0.71727,0.71734,0.71684,0.7173,7250
2019-04-16 00:00:00+00:00,0.71736,0.7175,0.71403,0.71482,27910
2019-04-16 04:00:00+00:00,0.71481,0.71519,0.71432,0.71477,24661
2019-04-16 08:00:00+00:00,0.7148,0.71677,0.71405,0.71667,31558
2019-04-16 12:00:00+00:00,0.71681,0.71788,0.71622,0.71732,28766
2019-04-16 16:00:00+00:00,0.71732,0.71755,0.71664,0.71712,11251
2019-04-16 20:00:00+00:00,0.71722,0.71774,0.71537,0.71643,14381
2019-04-17 00:00:00+00:00,0.71643,0.72014,0.71566,0.71882,31343
2019-04-17 04:00:00+00:00,0.71881,0.7203,0.71881,0.71978,26616
2019-04-17 08:00:00+00:00,0.71986,0.72043,0.71913,0.71916,23682
2019-04-17 12:00:00+00:00,0.7192,0.71992,0.71652,0.71669,30205
2019-04-17 16:00:00+00:00,0.71673,0.71732,0.71622,0.71711,12303
2019-04-17 20:00:00+00:00,0.71706,0.71793,0.71706,0.71724,10109
2019-04-18 00:00:00+00:00,0.71735,0.71906,0.71652,0.7176,25273
2019-04-18 04:00:00+00:00,0.71757,0.71877,0.71694,0.71713,21454
2019-04-18 08:00:00+00:00,0.71644,0.7167,0.71547,0.71592,29438
2019-04-18 12:00:00+00:00,0.71597,0.71644,0.71475,0.71488,28166
2019-04-18 16:00:00+00:00,0.71488,0.71488,0.71374,0.71462,13152
2019-04-18 20:00:00+00:00,0.7146,0.71516,0.71451,0.7146,8402
2019-04-19 00:00:00+00:00,0.71456,0.71501,0.71446,0.71485,9142
2019-04-19 04:00:00+00:00,0.71488,0.71571,0.71486,0.71548,8368
2019-04-19 08:00:00+00:00,0.71549,0.7155,0.71498,0.71537,2136
2019-04-19 12:00:00+00:00,0.71535,0.71538,0.71451,0.71454,7051
2019-04-19 16:00:00+00:00,0.71449,0.71509,0.71448,0.71488,9529
2019-04-19 20:00:00+00:00,0.71489,0.71508,0.71471,0.71477,2462
2019-04-21 20:00:00+00:00,0.71516,0.71517,0.71438,0.71476,3205
2019-04-22 00:00:00+00:00,0.71463,0.71507,0.7135,0.7135,16308
2019-04-22 04:00:00+00:00,0.71358,0.71429,0.71357,0.71388,11450
2019-04-22 08:00:00+00:00,0.71387,0.71388,0.71335,0.71356,5286
2019-04-22 12:00:00+00:00,0.71349,0.7137,0.71287,0.71337,13224
2019-04-22 16:00:00+00:00,0.71338,0.71373,0.71305,0.71333,8139
2019-04-22 20:00:00+00:00,0.71342,0.71391,0.71316,0.71336,5868
2019-04-23 00:00:00+00:00,0.71301,0.71313,0.71221,0.71279,20429
2019-04-23 04:00:00+00:00,0.71268,0.71275,0.71104,0.7112,18682
2019-04-23 08:00:00+00:00,0.71101,0.71167,0.71066,0.71117,17595
2019-04-23 12:00:00+00:00,0.71125,0.71129,0.70819,0.70957,27851
2019-04-23 16:00:00+00:00,0.70978,0.71017,0.70905,0.71017,12694
2019-04-23 20:00:00+00:00,0.71005,0.71025,0.70953,0.70968,11614
2019-04-24 00:00:00+00:00,0.70968,0.7099,0.70287,0.70287,39371
2019-04-24 04:00:00+00:00,0.70295,0.70473,0.70274,0.70441,22243
2019-04-24 08:00:00+00:00,0.70409,0.70489,0.7028,0.70489,25312
2019-04-24 12:00:00+00:00,0.70471,0.70471,0.70226,0.7026,33616
2019-04-24 16:00:00+00:00,0.70262,0.70262,0.70043,0.70134,24821
2019-04-24 20:00:00+00:00,0.70134,0.70154,0.70105,0.70134,9349
2019-04-25 00:00:00+00:00,0.70123,0.70227,0.70047,0.70194,17404
2019-04-25 04:00:00+00:00,0.70194,0.70218,0.70093,0.7013,22732
2019-04-25 08:00:00+00:00,0.70138,0.70173,0.69946,0.69963,30821
2019-04-25 12:00:00+00:00,0.6998,0.70172,0.69888,0.7009,32320
2019-04-25 16:00:00+00:00,0.70106,0.70141,0.70069,0.70136,12448
2019-04-25 20:00:00+00:00,0.70128,0.70223,0.70121,0.70169,7657
2019-04-26 00:00:00+00:00,0.70164,0.7031,0.70072,0.70211,30310
2019-04-26 04:00:00+00:00,0.70211,0.70334,0.70204,0.70308,22009
2019-04-26 08:00:00+00:00,0.70311,0.70419,0.70273,0.70376,18451
2019-04-26 12:00:00+00:00,0.70395,0.70603,0.70325,0.70435,49256
2019-04-26 16:00:00+00:00,0.70441,0.70455,0.70364,0.70384,10747
2019-04-26 20:00:00+00:00,0.70384,0.70454,0.70359,0.70359,2212
2019-04-28 20:00:00+00:00,0.70365,0.70443,0.70365,0.70427,3411
2019-04-29 00:00:00+00:00,0.70427,0.70564,0.70421,0.7056,12299
2019-04-29 04:00:00+00:00,0.7056,0.70605,0.70502,0.70502,14207
2019-04-29 08:00:00+00:00,0.70502,0.70539,0.70458,0.70458,13431
2019-04-29 12:00:00+00:00,0.70446,0.70546,0.70395,0.7053,23176
2019-04-29 16:00:00+00:00,0.70529,0.70599,0.70529,0.70581,10953
2019-04-29 20:00:00+00:00,0.70581,0.70584,0.70526,0.70547,4359
2019-04-30 00:00:00+00:00,0.70542,0.70671,0.70361,0.70442,25092
2019-04-30 04:00:00+00:00,0.70442,0.70473,0.70336,0.70429,17319
2019-04-30 08:00:00+00:00,0.70454,0.70589,0.70437,0.7055,20604
2019-04-30 12:00:00+00:00,0.7056,0.70566,0.7032,0.70398,33846
2019-04-30 16:00:00+00:00,0.70407,0.70581,0.70394,0.705,19642
2019-04-30 20:00:00+00:00,0.70493,0.70539,0.70413,0.70493,10826
2019-05-01 00:00:00+00:00,0.70487,0.70561,0.70487,0.70519,7991
2019-05-01 04:00:00+00:00,0.7052,0.70577,0.70476,0.70577,9213
2019-05-01 08:00:00+00:00,0.70578,0.7061,0.70483,0.70503,11003
2019-05-01 12:00:00+00:00,0.70496,0.70496,0.70351,0.70377,25919
2019-05-01 16:00:00+00:00,0.70364,0.70532,0.70095,0.70122,54782
2019-05-01 20:00:00+00:00,0.70155,0.70191,0.70109,0.70137,7164
2019-05-02 00:00:00+00:00,0.70129,0.7028,0.70107,0.70255,16871
2019-05-02 04:00:00+00:00,0.70246,0.70285,0.70179,0.70258,18334
2019-05-02 08:00:00+00:00,0.7025,0.70283,0.70185,0.70199,19772
2019-05-02 12:00:00+00:00,0.70213,0.70216,0.69952,0.70018,35151
2019-05-02 16:00:00+00:00,0.70008,0.70061,0.69961,0.69978,17985
2019-05-02 20:00:00+00:00,0.69981,0.70005,0.69932,0.69932,7568
2019-05-03 00:00:00+00:00,0.6993,0.70004,0.69872,0.6997,17133
2019-05-03 04:00:00+00:00,0.69968,0.70005,0.69889,0.69973,18549
2019-05-03 08:00:00+00:00,0.69986,0.70001,0.69909,0.69964,15759
2019-05-03 12:00:00+00:00,0.69957,0.70237,0.69879,0.70178,42078
2019-05-03 16:00:00+00:00,0.70167,0.70218,0.70152,0.70214,14369
2019-05-03 20:00:00+00:00,0.70212,0.7024,0.70201,0.70201,1458
2019-05-05 20:00:00+00:00,0.697,0.69977,0.6968,0.6974,21345
2019-05-06 00:00:00+00:00,0.69716,0.69833,0.69631,0.69757,36590
2019-05-06 04:00:00+00:00,0.69761,0.70005,0.69761,0.69894,28778
2019-05-06 08:00:00+00:00,0.699,0.6994,0.69867,0.6991,20214
2019-05-06 12:00:00+00:00,0.69894,0.6998,0.69814,0.69943,27189
2019-05-06 16:00:00+00:00,0.69943,0.70021,0.69914,0.69992,18349
2019-05-06 20:00:00+00:00,0.69993,0.69993,0.69794,0.69924,9965
2019-05-07 00:00:00+00:00,0.69918,0.70036,0.69889,0.69951,27641
2019-05-07 04:00:00+00:00,0.69954,0.70477,0.69954,0.70249,51107
2019-05-07 08:00:00+00:00,0.70248,0.70265,0.7013,0.70177,22869
2019-05-07 12:00:00+00:00,0.70181,0.70195,0.70021,0.70039,31645
2019-05-07 16:00:00+00:00,0.70033,0.70106,0.69991,0.70068,24685
2019-05-07 20:00:00+00:00,0.7008,0.70141,0.70069,0.70079,10294
2019-05-08 00:00:00+00:00,0.70081,0.7026,0.70052,0.70186,42065
2019-05-08 04:00:00+00:00,0.70186,0.70253,0.70181,0.70199,23840
2019-05-08 08:00:00+00:00,0.70197,0.70229,0.69951,0.70031,32723
2019-05-08 12:00:00+00:00,0.70029,0.70132,0.69985,0.70035,47079
2019-05-08 16:00:00+00:00,0.70043,0.70043,0.69879,0.69884,26073
2019-05-08 20:00:00+00:00,0.69879,0.69951,0.6986,0.69916,9203
2019-05-09 00:00:00+00:00,0.69919,0.69926,0.69686,0.69761,35763
2019-05-09 04:00:00+00:00,0.69749,0.69793,0.69688,0.69714,27982
2019-05-09 08:00:00+00:00,0.69717,0.69811,0.69653,0.69736,25476
2019-05-09 12:00:00+00:00,0.69744,0.69806,0.69658,0.69756,39777
2019-05-09 16:00:00+00:00,0.69759,0.69976,0.69749,0.6991,37856
2019-05-09 20:00:00+00:00,0.69916,0.69935,0.69842,0.69875,13963
2019-05-10 00:00:00+00:00,0.69887,0.70175,0.69887,0.69928,74796
2019-05-10 04:00:00+00:00,0.69945,0.70029,0.69852,0.69951,39004
2019-05-10 08:00:00+00:00,0.69956,0.70003,0.69916,0.69916,23435
2019-05-10 12:00:00+00:00,0.69911,0.70084,0.69911,0.69972,43520
2019-05-10 16:00:00+00:00,0.69977,0.7006,0.69942,0.69998,40385
2019-05-10 20:00:00+00:00,0.69988,0.70023,0.69981,0.69981,2677
2019-05-12 20:00:00+00:00,0.69901,0.70003,0.69836,0.69836,10895
2019-05-13 00:00:00+00:00,0.69829,0.6986,0.69741,0.69767,23967
2019-05-13 04:00:00+00:00,0.69773,0.69799,0.69681,0.69724,18396
2019-05-13 08:00:00+00:00,0.69722,0.6985,0.69672,0.69684,23175
2019-05-13 12:00:00+00:00,0.69688,0.69772,0.69442,0.69486,55045
2019-05-13 16:00:00+00:00,0.69466,0.6952,0.69412,0.69457,35502
2019-05-13 20:00:00+00:00,0.69462,0.6948,0.69401,0.69446,8749
2019-05-14 00:00:00+00:00,0.69453,0.69585,0.69453,0.69537,28040
2019-05-14 04:00:00+00:00,0.69535,0.69562,0.6945,0.69452,20785
2019-05-14 08:00:00+00:00,0.69451,0.69493,0.69403,0.69467,23144
2019-05-14 12:00:00+00:00,0.69465,0.69514,0.69356,0.69454,37160
2019-05-14 16:00:00+00:00,0.6946,0.69511,0.69414,0.69414,20519
2019-05-14 20:00:00+00:00,0.69421,0.69455,0.69374,0.69377,6844
2019-05-15 00:00:00+00:00,0.6937,0.6937,0.69225,0.69303,31824
2019-05-15 04:00:00+00:00,0.69301,0.69339,0.69188,0.69245,20364
2019-05-15 08:00:00+00:00,0.69241,0.69296,0.69151,0.69163,24579
2019-05-15 12:00:00+00:00,0.69162,0.69355,0.69158,0.69283,48926
2019-05-15 16:00:00+00:00,0.69303,0.69303,0.69212,0.69259,20562
2019-05-15 20:00:00+00:00,0.69247,0.69327,0.69241,0.69257,8167
2019-05-16 00:00:00+00:00,0.69252,0.69252,0.69013,0.69137,36394
2019-05-16 04:00:00+00:00,0.6914,0.69186,0.69064,0.69173,17137
2019-05-16 08:00:00+00:00,0.69171,0.69328,0.69161,0.69225,25308
2019-05-16 12:00:00+00:00,0.69214,0.69222,0.69006,0.69044,31719
2019-05-16 16:00:00+00:00,0.69048,0.69064,0.68887,0.68917,22621
2019-05-16 20:00:00+00:00,0.68927,0.68937,0.68888,0.68917,7552
2019-05-17 00:00:00+00:00,0.68915,0.6897,0.68837,0.6885,24627
2019-05-17 04:00:00+00:00,0.68841,0.6892,0.68797,0.68868,25229
2019-05-17 08:00:00+00:00,0.68867,0.68869,0.68732,0.68788,24882
2019-05-17 12:00:00+00:00,0.68805,0.68849,0.68714,0.68732,36823
2019-05-17 16:00:00+00:00,0.68726,0.68766,0.6865,0.68651,23771
2019-05-17 20:00:00+00:00,0.68652,0.68678,0.68649,0.6866,2049
2019-05-19 20:00:00+00:00,0.69107,0.69107,0.68902,0.69016,10700
2019-05-20 00:00:00+00:00,0.6901,0.69193,0.68998,0.69165,25089
2019-05-20 04:00:00+00:00,0.69165,0.69325,0.69163,0.6931,20931
2019-05-20 08:00:00+00:00,0.6931,0.69339,0.69141,0.69177,19499
2019-05-20 12:00:00+00:00,0.69178,0.69229,0.69097,0.69127,28812
2019-05-20 16:00:00+00:00,0.69126,0.69144,0.69044,0.69086,18735
2019-05-20 20:00:00+00:00,0.69089,0.69286,0.69034,0.692,14220
2019-05-21 00:00:00+00:00,0.69211,0.69235,0.68866,0.68882,37603
2019-05-21 04:00:00+00:00,0.68871,0.68871,0.68703,0.68765,22425
2019-05-21 08:00:00+00:00,0.68775,0.6884,0.68716,0.68752,21808
2019-05-21 12:00:00+00:00,0.68753,0.68849,0.68666,0.68757,41852
2019-05-21 16:00:00+00:00,0.68767,0.68846,0.68757,0.68842,17659
2019-05-21 20:00:00+00:00,0.68843,0.68862,0.68806,0.68826,6988
2019-05-22 00:00:00+00:00,0.68826,0.68862,0.68739,0.68813,18044
2019-05-22 04:00:00+00:00,0.68817,0.68827,0.68713,0.68805,19017
2019-05-22 08:00:00+00:00,0.68797,0.6895,0.68797,0.68839,21330
2019-05-22 12:00:00+00:00,0.68841,0.68905,0.68743,0.68787,31180
2019-05-22 16:00:00+00:00,0.68795,0.6888,0.68776,0.68817,18239
2019-05-22 20:00:00+00:00,0.68817,0.68828,0.68771,0.68771,5587
2019-05-23 00:00:00+00:00,0.68778,0.68778,0.68666,0.6876,16077
2019-05-23 04:00:00+00:00,0.68752,0.68775,0.68686,0.68732,21080
2019-05-23 08:00:00+00:00,0.68705,0.68775,0.68652,0.68767,23830
2019-05-23 12:00:00+00:00,0.68776,0.68977,0.68665,0.6896,45343
2019-05-23 16:00:00+00:00,0.68963,0.68999,0.68912,0.68962,28356
2019-05-23 20:00:00+00:00,0.68967,0.69034,0.68964,0.68982,7901
2019-05-24 00:00:00+00:00,0.68982,0.69046,0.68817,0.68837,23949
2019-05-24 04:00:00+00:00,0.68841,0.69006,0.68835,0.69006,20331
2019-05-24 08:00:00+00:00,0.69004,0.69114,0.68962,0.69022,22450
2019-05-24 12:00:00+00:00,0.69022,0.69218,0.69022,0.69132,29934
2019-05-24 16:00:00+00:00,0.69137,0.69344,0.69134,0.69311,16253
2019-05-24 20:00:00+00:00,0.69311,0.69311,0.69252,0.69252,1435
2019-05-26 20:00:00+00:00,0.69301,0.69355,0.6927,0.69296,7518
2019-05-27 00:00:00+00:00,0.69296,0.69356,0.6925,0.69338,31962
2019-05-27 04:00:00+00:00,0.69338,0.69384,0.69244,0.69261,23452
2019-05-27 08:00:00+00:00,0.69261,0.69261,0.69211,0.69254,12822
2019-05-27 12:00:00+00:00,0.69256,0.69258,0.6915,0.69151,9866
2019-05-27 16:00:00+00:00,0.69152,0.69172,0.69133,0.69149,2054
2019-05-27 20:00:00+00:00,0.69149,0.69212,0.69126,0.69201,10668
2019-05-28 00:00:00+00:00,0.69195,0.69277,0.69173,0.69266,20976
2019-05-28 04:00:00+00:00,0.69264,0.69301,0.69207,0.69254,26234
2019-05-28 08:00:00+00:00,0.69235,0.69266,0.69165,0.69265,26521
2019-05-28 12:00:00+00:00,0.69266,0.69348,0.6921,0.69297,29835
2019-05-28 16:00:00+00:00,0.69296,0.693,0.69205,0.69228,23705
2019-05-28 20:00:00+00:00,0.69232,0.69259,0.69204,0.69251,8577
2019-05-29 00:00:00+00:00,0.69259,0.69304,0.69238,0.69294,27550
2019-05-29 04:00:00+00:00,0.69296,0.69313,0.69142,0.69144,27174
2019-05-29 08:00:00+00:00,0.69135,0.69231,0.69115,0.69226,26485
2019-05-29 12:00:00+00:00,0.69224,0.69287,0.69051,0.69106,35415
2019-05-29 16:00:00+00:00,0.6911,0.69169,0.69089,0.69163,21679
2019-05-29 20:00:00+00:00,0.69165,0.69209,0.69157,0.69183,10932
2019-05-30 00:00:00+00:00,0.69189,0.69279,0.69189,0.69258,27945
2019-05-30 04:00:00+00:00,0.69256,0.69363,0.69256,0.69308,21401
2019-05-30 08:00:00+00:00,0.69309,0.69336,0.69174,0.69175,17673
2019-05-30 12:00:00+00:00,0.69175,0.69223,0.69007,0.691,25818
2019-05-30 16:00:00+00:00,0.69099,0.69177,0.69078,0.69124,19921
2019-05-30 20:00:00+00:00,0.69122,0.69155,0.69031,0.69052,14443
2019-05-31 00:00:00+00:00,0.69046,0.6918,0.69021,0.69139,42489
2019-05-31 04:00:00+00:00,0.69131,0.69256,0.69094,0.69236,31515
2019-05-31 08:00:00+00:00,0.69232,0.69277,0.69027,0.69081,29358
2019-05-31 12:00:00+00:00,0.69098,0.69431,0.69083,0.6929,57712
2019-05-31 16:00:00+00:00,0.69298,0.69437,0.69298,0.69371,30535
2019-05-31 20:00:00+00:00,0.69359,0.69359,0.6933,0.69359,2623
2019-06-02 20:00:00+00:00,0.69261,0.69341,0.69261,0.69288,13635
2019-06-03 00:00:00+00:00,0.69279,0.69592,0.69279,0.69544,33805
2019-06-03 04:00:00+00:00,0.69545,0.69554,0.69406,0.69441,27073
2019-06-03 08:00:00+00:00,0.69446,0.69624,0.69428,0.6956,20789
2019-06-03 12:00:00+00:00,0.69572,0.69661,0.69533,0.6954,52041
2019-06-03 16:00:00+00:00,0.69532,0.69813,0.6952,0.69782,44784
2019-06-03 20:00:00+00:00,0.69775,0.69783,0.69701,0.69702,10154
2019-06-04 00:00:00+00:00,0.69701,0.69755,0.69636,0.69751,24581
2019-06-04 04:00:00+00:00,0.69753,0.69924,0.69662,0.69771,43983
2019-06-04 08:00:00+00:00,0.69765,0.6991,0.69667,0.69855,36881
2019-06-04 12:00:00+00:00,0.69861,0.69915,0.69708,0.69868,70106
2019-06-04 16:00:00+00:00,0.69856,0.7004,0.69845,0.69959,28613
2019-06-04 20:00:00+00:00,0.69957,0.69967,0.69895,0.69906,9745
2019-06-05 00:00:00+00:00,0.69906,0.70035,0.69893,0.70014,30590
2019-06-05 04:00:00+00:00,0.70012,0.70071,0.69938,0.7,25620
2019-06-05 08:00:00+00:00,0.70008,0.70067,0.69817,0.69828,29596
2019-06-05 12:00:00+00:00,0.69829,0.70021,0.69723,0.69734,86014
2019-06-05 16:00:00+00:00,0.69725,0.69747,0.69627,0.69681,27623
2019-06-05 20:00:00+00:00,0.69679,0.69729,0.69621,0.69699,21430
2019-06-06 00:00:00+00:00,0.69705,0.69728,0.69642,0.69698,55885
2019-06-06 04:00:00+00:00,0.69699,0.69767,0.69658,0.69765,34852
2019-06-06 08:00:00+00:00,0.69768,0.69842,0.69718,0.69831,27126
2019-06-06 12:00:00+00:00,0.6984,0.69925,0.69776,0.69841,79719
2019-06-06 16:00:00+00:00,0.69832,0.69868,0.69747,0.69764,31631
2019-06-06 20:00:00+00:00,0.69752,0.69793,0.69736,0.6974,26152
2019-06-07 00:00:00+00:00,0.69738,0.69816,0.69715,0.69729,70759
2019-06-07 04:00:00+00:00,0.69729,0.69781,0.69691,0.69737,34365
2019-06-07 08:00:00+00:00,0.69727,0.6973,0.69641,0.69685,17999
2019-06-07 12:00:00+00:00,0.69683,0.70212,0.6968,0.70021,77376
2019-06-07 16:00:00+00:00,0.70017,0.70086,0.69974,0.69983,21897
2019-06-07 20:00:00+00:00,0.69979,0.7001,0.69972,0.6998,1791
2019-06-09 20:00:00+00:00,0.70045,0.70065,0.69931,0.69953,12260
2019-06-10 00:00:00+00:00,0.69958,0.69988,0.69731,0.69731,70266
2019-06-10 04:00:00+00:00,0.69734,0.69745,0.69615,0.69644,32930
2019-06-10 08:00:00+00:00,0.69646,0.69711,0.69599,0.69599,21236
2019-06-10 12:00:00+00:00,0.69604,0.69724,0.69603,0.6964,34928
2019-06-10 16:00:00+00:00,0.69633,0.69655,0.69576,0.69611,20535
2019-06-10 20:00:00+00:00,0.69611,0.6963,0.69568,0.69609,15098
2019-06-11 00:00:00+00:00,0.69621,0.69659,0.69529,0.69568,52440
2019-06-11 04:00:00+00:00,0.69569,0.69589,0.6948,0.69568,26660
2019-06-11 08:00:00+00:00,0.69554,0.696,0.69509,0.69526,26417
2019-06-11 12:00:00+00:00,0.69522,0.69624,0.69498,0.69554,50019
2019-06-11 16:00:00+00:00,0.69556,0.69653,0.69542,0.69594,21821
2019-06-11 20:00:00+00:00,0.69599,0.69633,0.69592,0.69608,13146
2019-06-12 00:00:00+00:00,0.69604,0.69623,0.69474,0.69485,59721
2019-06-12 04:00:00+00:00,0.69486,0.69545,0.69438,0.69542,38157
2019-06-12 08:00:00+00:00,0.69542,0.69549,0.69463,0.69498,26178
2019-06-12 12:00:00+00:00,0.69497,0.69571,0.69419,0.6942,49559
2019-06-12 16:00:00+00:00,0.69428,0.69437,0.69256,0.69265,20869
2019-06-12 20:00:00+00:00,0.6926,0.69327,0.69257,0.69298,17055
2019-06-13 00:00:00+00:00,0.69293,0.69354,0.69052,0.69064,83793
2019-06-13 04:00:00+00:00,0.69064,0.69148,0.69048,0.69122,37937
2019-06-13 08:00:00+00:00,0.69117,0.69159,0.69017,0.69157,18793
2019-06-13 12:00:00+00:00,0.69142,0.69158,0.69087,0.6909,34310
2019-06-13 16:00:00+00:00,0.69096,0.69187,0.69086,0.69149,17473
2019-06-13 20:00:00+00:00,0.6915,0.69176,0.69108,0.69108,15663
2019-06-14 00:00:00+00:00,0.69111,0.69138,0.68927,0.68993,38609
2019-06-14 04:00:00+00:00,0.68993,0.69054,0.68957,0.68995,27653
2019-06-14 08:00:00+00:00,0.68995,0.69025,0.6895,0.69008,21870
2019-06-14 12:00:00+00:00,0.69008,0.69019,0.68708,0.68718,52065
2019-06-14 16:00:00+00:00,0.68717,0.68725,0.68617,0.68692,17227
2019-06-14 20:00:00+00:00,0.6869,0.68747,0.68688,0.68691,3102
2019-06-16 20:00:00+00:00,0.68731,0.68794,0.68705,0.68775,10782
2019-06-17 00:00:00+00:00,0.6877,0.68836,0.68769,0.68805,31320
2019-06-17 04:00:00+00:00,0.68809,0.68814,0.68699,0.68727,23820
2019-06-17 08:00:00+00:00,0.68731,0.68753,0.68663,0.68676,13423
2019-06-17 12:00:00+00:00,0.68689,0.68734,0.68505,0.68595,29346
2019-06-17 16:00:00+00:00,0.68602,0.68607,0.68492,0.68513,16753
2019-06-17 20:00:00+00:00,0.6852,0.68564,0.68508,0.68517,7782
2019-06-18 00:00:00+00:00,0.68519,0.68568,0.68342,0.68352,34850
2019-06-18 04:00:00+00:00,0.68352,0.68418,0.68336,0.68342,21597
2019-06-18 08:00:00+00:00,0.68342,0.68476,0.68327,0.68466,30843
2019-06-18 12:00:00+00:00,0.68459,0.68798,0.68416,0.68709,59320
2019-06-18 16:00:00+00:00,0.68706,0.68763,0.68684,0.68755,21649
2019-06-18 20:00:00+00:00,0.68755,0.68811,0.68741,0.68811,9950
2019-06-19 00:00:00+00:00,0.68812,0.68856,0.68735,0.68763,33526
2019-06-19 04:00:00+00:00,0.6876,0.68785,0.6871,0.68735,26743
2019-06-19 08:00:00+00:00,0.6873,0.68757,0.68681,0.68731,17391
2019-06-19 12:00:00+00:00,0.6873,0.68745,0.6856,0.68697,32594
2019-06-19 16:00:00+00:00,0.68699,0.69054,0.68678,0.68769,71895
2019-06-19 20:00:00+00:00,0.68769,0.68908,0.68766,0.68852,12983
2019-06-20 00:00:00+00:00,0.68846,0.69064,0.68833,0.68957,70557
2019-06-20 04:00:00+00:00,0.68951,0.69165,0.68879,0.69165,43058
2019-06-20 08:00:00+00:00,0.6918,0.69285,0.69144,0.69265,31880
2019-06-20 12:00:00+00:00,0.69275,0.69344,0.69138,0.69161,57166
2019-06-20 16:00:00+00:00,0.69159,0.69263,0.69122,0.6922,30044
2019-06-20 20:00:00+00:00,0.69212,0.69258,0.69168,0.69208,14401
2019-06-21 00:00:00+00:00,0.69197,0.69376,0.69193,0.69298,56431
2019-06-21 04:00:00+00:00,0.69298,0.69344,0.69166,0.6919,43457
2019-06-21 08:00:00+00:00,0.69172,0.69206,0.69037,0.69072,23867
2019-06-21 12:00:00+00:00,0.6907,0.69232,0.69041,0.692,46615
2019-06-21 16:00:00+00:00,0.69193,0.69338,0.69193,0.69275,32151
2019-06-21 20:00:00+00:00,0.69274,0.69307,0.6924,0.6924,1739
2019-06-23 20:00:00+00:00,0.693,0.69462,0.6929,0.69462,19365
2019-06-24 00:00:00+00:00,0.69458,0.69602,0.69458,0.69563,62090
2019-06-24 04:00:00+00:00,0.69563,0.69606,0.69441,0.69456,33097
2019-06-24 08:00:00+00:00,0.6947,0.69555,0.69439,0.69526,18453
2019-06-24 12:00:00+00:00,0.69527,0.69683,0.69483,0.69632,35212
2019-06-24 16:00:00+00:00,0.69627,0.69681,0.69597,0.69619,17837
2019-06-24 20:00:00+00:00,0.69618,0.6969,0.69602,0.69655,15688
2019-06-25 00:00:00+00:00,0.69672,0.69725,0.69538,0.69567,112229
2019-06-25 04:00:00+00:00,0.69565,0.69649,0.6956,0.69611,58216
2019-06-25 08:00:00+00:00,0.6963,0.69728,0.6963,0.69664,18970
2019-06-25 12:00:00+00:00,0.69669,0.69745,0.69665,0.69743,35515
2019-06-25 16:00:00+00:00,0.69744,0.69778,0.69438,0.69588,63279
2019-06-25 20:00:00+00:00,0.69595,0.69654,0.69546,0.69606,27886
2019-06-26 00:00:00+00:00,0.69611,0.69691,0.69565,0.69637,66542
2019-06-26 04:00:00+00:00,0.69638,0.69848,0.69626,0.69842,41986
2019-06-26 08:00:00+00:00,0.69833,0.69946,0.69786,0.69791,28419
2019-06-26 12:00:00+00:00,0.69786,0.69899,0.69753,0.69897,45914
2019-06-26 16:00:00+00:00,0.69889,0.69924,0.69831,0.6988,19195
2019-06-26 20:00:00+00:00,0.69869,0.69881,0.69834,0.69851,5678
2019-06-27 00:00:00+00:00,0.69865,0.69991,0.69844,0.69938,57862
2019-06-27 04:00:00+00:00,0.69928,0.69987,0.69874,0.69958,32881
2019-06-27 08:00:00+00:00,0.69958,0.69992,0.69876,0.69932,21745
2019-06-27 12:00:00+00:00,0.69942,0.70063,0.69933,0.69975,33317
2019-06-27 16:00:00+00:00,0.69982,0.70073,0.69968,0.70073,14291
2019-06-27 20:00:00+00:00,0.70076,0.70085,0.70027,0.70048,12068
2019-06-28 00:00:00+00:00,0.70061,0.70098,0.69986,0.70089,56983
2019-06-28 04:00:00+00:00,0.70093,0.70168,0.70085,0.70156,24395
2019-06-28 08:00:00+00:00,0.70158,0.70165,0.70026,0.70047,18298
2019-06-28 12:00:00+00:00,0.70045,0.70174,0.70028,0.70086,38562
2019-06-28 16:00:00+00:00,0.70091,0.70203,0.70091,0.70203,16829
2019-06-28 20:00:00+00:00,0.70205,0.7023,0.70183,0.70219,2946
2019-06-30 20:00:00+00:00,0.7028,0.70332,0.70224,0.70225,18317
2019-07-01 00:00:00+00:00,0.70217,0.70237,0.69971,0.70027,42887
2019-07-01 04:00:00+00:00,0.70026,0.70051,0.6991,0.69964,28926
2019-07-01 08:00:00+00:00,0.69966,0.70008,0.69942,0.69951,22769
2019-07-01 12:00:00+00:00,0.69946,0.69964,0.69607,0.69619,33567
2019-07-01 16:00:00+00:00,0.69624,0.69629,0.69566,0.69617,15652
2019-07-01 20:00:00+00:00,0.69617,0.69683,0.69617,0.69648,15887
2019-07-02 00:00:00+00:00,0.69641,0.6979,0.69622,0.69751,34039
2019-07-02 04:00:00+00:00,0.69749,0.69886,0.69638,0.69836,30654
2019-07-02 08:00:00+00:00,0.69831,0.69942,0.69778,0.69928,21766
2019-07-02 12:00:00+00:00,0.69934,0.69997,0.69886,0.69912,25767
2019-07-02 16:00:00+00:00,0.69918,0.69947,0.69856,0.69887,20961
2019-07-02 20:00:00+00:00,0.69882,0.69952,0.69872,0.69942,9984
2019-07-03 00:00:00+00:00,0.69931,0.69982,0.6986,0.69972,28472
2019-07-03 04:00:00+00:00,0.69977,0.69991,0.6989,0.69931,17827
2019-07-03 08:00:00+00:00,0.69931,0.70242,0.69931,0.70195,19881
2019-07-03 12:00:00+00:00,0.70194,0.70384,0.70137,0.70328,36191
2019-07-03 16:00:00+00:00,0.70318,0.7039,0.70313,0.7034,6452
2019-07-03 20:00:00+00:00,0.70339,0.70351,0.70277,0.70307,10805
2019-07-04 00:00:00+00:00,0.70309,0.70476,0.70302,0.70337,24489
2019-07-04 04:00:00+00:00,0.70343,0.70369,0.7022,0.70271,14505
2019-07-04 08:00:00+00:00,0.70265,0.70278,0.70159,0.70212,12949
2019-07-04 12:00:00+00:00,0.70215,0.70277,0.70178,0.70192,11154
2019-07-04 16:00:00+00:00,0.70198,0.70227,0.7016,0.70227,2055
2019-07-04 20:00:00+00:00,0.70221,0.70264,0.70208,0.70247,10249
2019-07-05 00:00:00+00:00,0.70254,0.70287,0.70214,0.7025,16244
2019-07-05 04:00:00+00:00,0.70252,0.70262,0.70142,0.7018,15435
2019-07-05 08:00:00+00:00,0.70172,0.70237,0.70126,0.70126,16249
2019-07-05 12:00:00+00:00,0.70124,0.70144,0.69576,0.69676,50661
2019-07-05 16:00:00+00:00,0.69678,0.69827,0.69678,0.69813,18183
2019-07-05 20:00:00+00:00,0.69803,0.69813,0.69776,0.69776,2167
2019-07-07 20:00:00+00:00,0.69752,0.69835,0.69752,0.69811,3449
2019-07-08 00:00:00+00:00,0.69807,0.69871,0.69792,0.69846,13301
2019-07-08 04:00:00+00:00,0.69837,0.69938,0.69823,0.69925,13999
2019-07-08 08:00:00+00:00,0.69934,0.69935,0.69798,0.69855,13018
2019-07-08 12:00:00+00:00,0.69857,0.69892,0.69676,0.69676,22539
2019-07-08 16:00:00+00:00,0.69675,0.69732,0.69673,0.69705,10739
2019-07-08 20:00:00+00:00,0.69714,0.69751,0.69694,0.6972,5964
2019-07-09 00:00:00+00:00,0.69713,0.69741,0.69548,0.69557,12286
2019-07-09 04:00:00+00:00,0.69556,0.69627,0.69439,0.69447,17187
2019-07-09 08:00:00+00:00,0.69453,0.69461,0.69294,0.69315,18669
2019-07-09 12:00:00+00:00,0.69324,0.69378,0.69213,0.69263,24150
2019-07-09 16:00:00+00:00,0.69261,0.69327,0.69223,0.69281,13097
2019-07-09 20:00:00+00:00,0.69282,0.69311,0.69251,0.69251,7517
2019-07-10 00:00:00+00:00,0.69237,0.69272,0.69191,0.692,12428
2019-07-10 04:00:00+00:00,0.69197,0.69255,0.69107,0.69107,16228
2019-07-10 08:00:00+00:00,0.69113,0.69286,0.69109,0.69199,16075
2019-07-10 12:00:00+00:00,0.69211,0.69641,0.69167,0.69628,59730
2019-07-10 16:00:00+00:00,0.69626,0.69688,0.69568,0.69593,22897
2019-07-10 20:00:00+00:00,0.69595,0.69662,0.69538,0.6958,6906
2019-07-11 00:00:00+00:00,0.69579,0.69776,0.69545,0.69757,17441
2019-07-11 04:00:00+00:00,0.69753,0.69779,0.69691,0.6976,17161
2019-07-11 08:00:00+00:00,0.69755,0.69855,0.69747,0.69829,17820
2019-07-11 12:00:00+00:00,0.69854,0.69873,0.6973,0.69815,46225
2019-07-11 16:00:00+00:00,0.69815,0.69822,0.69681,0.69773,23301
2019-07-11 20:00:00+00:00,0.69773,0.69774,0.69707,0.69715,6786
2019-07-12 00:00:00+00:00,0.69723,0.6993,0.69719,0.69912,13647
2019-07-12 04:00:00+00:00,0.69917,0.70032,0.69905,0.6999,18762
2019-07-12 08:00:00+00:00,0.70009,0.70083,0.69834,0.6988,21390
2019-07-12 12:00:00+00:00,0.69874,0.7008,0.6984,0.70065,36062
2019-07-12 16:00:00+00:00,0.70065,0.70245,0.70065,0.70203,13842
2019-07-12 20:00:00+00:00,0.70203,0.70234,0.70178,0.70178,2669
2019-07-14 20:00:00+00:00,0.70131,0.70231,0.70131,0.70166,3890
2019-07-15 00:00:00+00:00,0.70175,0.70348,0.70122,0.70341,18544
2019-07-15 04:00:00+00:00,0.70339,0.70349,0.70284,0.70346,10507
2019-07-15 08:00:00+00:00,0.70348,0.70379,0.70264,0.70275,15895
2019-07-15 12:00:00+00:00,0.70279,0.7037,0.70268,0.70354,24091
2019-07-15 16:00:00+00:00,0.70351,0.70398,0.70338,0.70397,9173
2019-07-15 20:00:00+00:00,0.70396,0.70438,0.70371,0.70376,5870
2019-07-16 00:00:00+00:00,0.70386,0.70426,0.70328,0.70361,13451
2019-07-16 04:00:00+00:00,0.7037,0.70392,0.70275,0.70286,15665
2019-07-16 08:00:00+00:00,0.703,0.70331,0.70239,0.70317,23688
2019-07-16 12:00:00+00:00,0.70313,0.70346,0.70188,0.70188,32859
2019-07-16 16:00:00+00:00,0.70182,0.70226,0.70117,0.70127,29404
2019-07-16 20:00:00+00:00,0.70131,0.70167,0.70101,0.70157,5725
2019-07-17 00:00:00+00:00,0.70163,0.70199,0.70026,0.70097,14841
2019-07-17 04:00:00+00:00,0.70098,0.70141,0.70045,0.70083,20972
2019-07-17 08:00:00+00:00,0.70076,0.70125,0.70035,0.70063,20913
2019-07-17 12:00:00+00:00,0.70053,0.70217,0.69967,0.702,27295
2019-07-17 16:00:00+00:00,0.70208,0.70245,0.70098,0.70113,15371
2019-07-17 20:00:00+00:00,0.7012,0.70136,0.7008,0.70083,5941
2019-07-18 00:00:00+00:00,0.70081,0.70332,0.70064,0.70307,21112
2019-07-18 04:00:00+00:00,0.70304,0.70385,0.70272,0.70327,17847
2019-07-18 08:00:00+00:00,0.70324,0.70384,0.70268,0.70353,31569
2019-07-18 12:00:00+00:00,0.70348,0.70438,0.70285,0.70425,30126
2019-07-18 16:00:00+00:00,0.70428,0.70758,0.70375,0.70717,40111
2019-07-18 20:00:00+00:00,0.70711,0.70813,0.70538,0.70679,15187
2019-07-19 00:00:00+00:00,0.70678,0.70771,0.70657,0.70709,18812
2019-07-19 04:00:00+00:00,0.70712,0.7072,0.70615,0.70635,21792
2019-07-19 08:00:00+00:00,0.70641,0.70641,0.7049,0.70548,24005
2019-07-19 12:00:00+00:00,0.70545,0.70647,0.70414,0.70428,36746
2019-07-19 16:00:00+00:00,0.70431,0.70538,0.70385,0.70432,33506
2019-07-19 20:00:00+00:00,0.7043,0.70444,0.70385,0.70385,2211
2019-07-21 20:00:00+00:00,0.70411,0.70462,0.70411,0.70429,5709
2019-07-22 00:00:00+00:00,0.70426,0.70464,0.70365,0.70413,15336
2019-07-22 04:00:00+00:00,0.7042,0.70426,0.70313,0.7039,19024
2019-07-22 08:00:00+00:00,0.70387,0.70545,0.70361,0.70489,22741
2019-07-22 12:00:00+00:00,0.70487,0.70567,0.70396,0.70412,27419
2019-07-22 16:00:00+00:00,0.70398,0.70428,0.70333,0.70369,17898
2019-07-22 20:00:00+00:00,0.70353,0.70367,0.70281,0.70292,8626
2019-07-23 00:00:00+00:00,0.70311,0.70346,0.70228,0.70239,13810
2019-07-23 04:00:00+00:00,0.70236,0.70241,0.70172,0.70218,15121
2019-07-23 08:00:00+00:00,0.70219,0.70339,0.70177,0.70265,23933
2019-07-23 12:00:00+00:00,0.7028,0.70293,0.69966,0.69987,27124
2019-07-23 16:00:00+00:00,0.6999,0.70081,0.69981,0.70039,19922
2019-07-23 20:00:00+00:00,0.70027,0.70059,0.69932,0.6995,6835
2019-07-24 00:00:00+00:00,0.69942,0.69953,0.6978,0.69803,17524
2019-07-24 04:00:00+00:00,0.698,0.69867,0.69787,0.69812,17478
2019-07-24 08:00:00+00:00,0.69803,0.69878,0.6973,0.698,19795
2019-07-24 12:00:00+00:00,0.698,0.69907,0.6977,0.6977,26742
2019-07-24 16:00:00+00:00,0.69777,0.69814,0.6973,0.69787,20251
2019-07-24 20:00:00+00:00,0.69777,0.6979,0.69754,0.69777,6521
2019-07-25 00:00:00+00:00,0.69769,0.69838,0.69652,0.69712,15895
2019-07-25 04:00:00+00:00,0.69706,0.69721,0.69644,0.69687,12256
2019-07-25 08:00:00+00:00,0.69681,0.69716,0.69633,0.69681,20149
2019-07-25 12:00:00+00:00,0.69682,0.69769,0.69506,0.69535,57840
2019-07-25 16:00:00+00:00,0.69545,0.69545,0.69431,0.69489,31455
2019-07-25 20:00:00+00:00,0.69496,0.69542,0.69484,0.69504,6691
2019-07-26 00:00:00+00:00,0.69511,0.69551,0.69413,0.69429,14371
2019-07-26 04:00:00+00:00,0.69429,0.69469,0.69306,0.69306,13508
2019-07-26 08:00:00+00:00,0.69303,0.69319,0.69266,0.69291,12346
2019-07-26 12:00:00+00:00,0.69282,0.69282,0.69038,0.69073,33557
2019-07-26 16:00:00+00:00,0.69073,0.69108,0.69028,0.69076,18088
2019-07-26 20:00:00+00:00,0.69081,0.69105,0.69072,0.69089,3278
2019-07-28 20:00:00+00:00,0.69055,0.69127,0.69051,0.69055,4159
2019-07-29 00:00:00+00:00,0.6906,0.69158,0.69034,0.69055,12172
2019-07-29 04:00:00+00:00,0.69058,0.69097,0.69048,0.69086,6966
2019-07-29 08:00:00+00:00,0.69085,0.69088,0.69011,0.69011,7400
2019-07-29 12:00:00+00:00,0.69002,0.69098,0.68948,0.69074,20840
2019-07-29 16:00:00+00:00,0.69054,0.69054,0.68987,0.69012,11548
2019-07-29 20:00:00+00:00,0.69017,0.6904,0.6898,0.6898,4713
2019-07-30 00:00:00+00:00,0.68974,0.69076,0.68955,0.69037,11420
2019-07-30 04:00:00+00:00,0.69036,0.69039,0.68948,0.68976,16164
2019-07-30 08:00:00+00:00,0.68976,0.6899,0.68817,0.68861,16916
2019-07-30 12:00:00+00:00,0.68866,0.68897,0.68688,0.68709,26328
2019-07-30 16:00:00+00:00,0.68708,0.6879,0.68704,0.68749,17000
2019-07-30 20:00:00+00:00,0.68743,0.68764,0.68699,0.68745,7057
2019-07-31 00:00:00+00:00,0.68733,0.68923,0.68625,0.68918,20848
2019-07-31 04:00:00+00:00,0.68933,0.6899,0.68872,0.68872,19545
2019-07-31 08:00:00+00:00,0.68889,0.68964,0.68885,0.68931,17982
2019-07-31 12:00:00+00:00,0.68931,0.68955,0.68814,0.68869,28565
2019-07-31 16:00:00+00:00,0.6886,0.68893,0.68334,0.68379,112589
2019-07-31 20:00:00+00:00,0.68382,0.68516,0.68358,0.68451,10132
2019-08-01 00:00:00+00:00,0.68444,0.68577,0.68296,0.68487,26605
2019-08-01 04:00:00+00:00,0.68487,0.68519,0.68422,0.68442,20244
2019-08-01 08:00:00+00:00,0.68442,0.68573,0.68395,0.68396,27574
2019-08-01 12:00:00+00:00,0.68402,0.68631,0.68327,0.68575,37904
2019-08-01 16:00:00+00:00,0.68574,0.68677,0.67965,0.68033,85080
2019-08-01 20:00:00+00:00,0.68024,0.68061,0.67957,0.68017,12529
2019-08-02 00:00:00+00:00,0.68048,0.68185,0.67993,0.68059,34450
2019-08-02 04:00:00+00:00,0.68061,0.68164,0.67947,0.68048,34197
2019-08-02 08:00:00+00:00,0.68038,0.68041,0.67865,0.67898,33244
2019-08-02 12:00:00+00:00,0.67898,0.68053,0.67633,0.68053,65235
2019-08-02 16:00:00+00:00,0.68038,0.68055,0.67936,0.67967,38227
2019-08-02 20:00:00+00:00,0.67957,0.67998,0.67955,0.67981,3483
2019-08-04 20:00:00+00:00,0.67926,0.67954,0.67896,0.67903,5522
2019-08-05 00:00:00+00:00,0.67894,0.68038,0.67485,0.67835,49318
2019-08-05 04:00:00+00:00,0.67834,0.67849,0.67611,0.67621,28951
2019-08-05 08:00:00+00:00,0.67628,0.67685,0.67525,0.6768,33725
2019-08-05 12:00:00+00:00,0.67665,0.67821,0.67625,0.67792,35588
2019-08-05 16:00:00+00:00,0.67797,0.6783,0.6759,0.67655,41205
2019-08-05 20:00:00+00:00,0.67645,0.67677,0.67501,0.67625,19663
2019-08-06 00:00:00+00:00,0.67649,0.67919,0.67629,0.67902,35819
2019-08-06 04:00:00+00:00,0.67881,0.68006,0.67723,0.67949,45853
2019-08-06 08:00:00+00:00,0.67942,0.67958,0.67825,0.67928,28404
2019-08-06 12:00:00+00:00,0.67925,0.67947,0.67634,0.67684,37816
2019-08-06 16:00:00+00:00,0.67692,0.67692,0.67537,0.67594,29692
2019-08-06 20:00:00+00:00,0.67604,0.67657,0.67549,0.67621,8250
2019-08-07 00:00:00+00:00,0.67625,0.67812,0.66844,0.67,49073
2019-08-07 04:00:00+00:00,0.66984,0.67242,0.66957,0.67227,24859
2019-08-07 08:00:00+00:00,0.67229,0.67385,0.67229,0.67364,29804
2019-08-07 12:00:00+00:00,0.67366,0.67586,0.67233,0.67529,61060
2019-08-07 16:00:00+00:00,0.67538,0.67707,0.67538,0.67631,52343
2019-08-07 20:00:00+00:00,0.6763,0.67688,0.67558,0.67571,11114
2019-08-08 00:00:00+00:00,0.67567,0.67819,0.67527,0.6774,29005
2019-08-08 04:00:00+00:00,0.67728,0.67802,0.67675,0.67801,23334
2019-08-08 08:00:00+00:00,0.67802,0.67901,0.67769,0.67861,21887
2019-08-08 12:00:00+00:00,0.67863,0.68175,0.67847,0.68105,52825
2019-08-08 16:00:00+00:00,0.6811,0.68179,0.68042,0.68068,25880
2019-08-08 20:00:00+00:00,0.68064,0.68145,0.67788,0.68106,18234
2019-08-09 00:00:00+00:00,0.68117,0.68163,0.67943,0.68055,30714
2019-08-09 04:00:00+00:00,0.68057,0.68179,0.68043,0.68076,15668
2019-08-09 08:00:00+00:00,0.68066,0.68136,0.6801,0.68065,25617
2019-08-09 12:00:00+00:00,0.6807,0.68161,0.67953,0.67954,37143
2019-08-09 16:00:00+00:00,0.67961,0.68,0.67836,0.67836,26494
2019-08-09 20:00:00+00:00,0.67832,0.67845,0.67801,0.67845,2810
2019-08-11 20:00:00+00:00,0.67805,0.67855,0.67759,0.67769,5063
2019-08-12 00:00:00+00:00,0.67793,0.67957,0.67713,0.67882,36094
2019-08-12 04:00:00+00:00,0.67888,0.67912,0.67754,0.67762,24994
2019-08-12 08:00:00+00:00,0.67764,0.67764,0.67458,0.67461,34798
2019-08-12 12:00:00+00:00,0.67461,0.6761,0.67455,0.67553,30728
2019-08-12 16:00:00+00:00,0.67554,0.67561,0.67487,0.67524,21750
2019-08-12 20:00:00+00:00,0.67513,0.67556,0.67466,0.67556,19855
2019-08-13 00:00:00+00:00,0.67555,0.67632,0.67544,0.67596,62824
2019-08-13 04:00:00+00:00,0.67591,0.67642,0.67532,0.67578,38622
2019-08-13 08:00:00+00:00,0.67588,0.67735,0.67578,0.67661,40559
2019-08-13 12:00:00+00:00,0.67658,0.68166,0.67487,0.6797,84299
2019-08-13 16:00:00+00:00,0.67967,0.67995,0.6791,0.67953,49689
2019-08-13 20:00:00+00:00,0.67947,0.67996,0.67925,0.67967,21194
2019-08-14 00:00:00+00:00,0.67968,0.68022,0.6783,0.67937,92514
2019-08-14 04:00:00+00:00,0.67954,0.67972,0.67741,0.67792,56234
2019-08-14 08:00:00+00:00,0.67792,0.67813,0.67465,0.67491,52952
2019-08-14 12:00:00+00:00,0.6749,0.6758,0.67359,0.67419,59825
2019-08-14 16:00:00+00:00,0.67408,0.67514,0.67383,0.67463,44953
2019-08-14 20:00:00+00:00,0.67491,0.67547,0.67453,0.67543,20484
2019-08-15 00:00:00+00:00,0.67554,0.67865,0.67546,0.67807,81796
2019-08-15 04:00:00+00:00,0.67807,0.6788,0.67739,0.67797,59846
2019-08-15 08:00:00+00:00,0.67783,0.67806,0.67658,0.67751,74572
2019-08-15 12:00:00+00:00,0.67741,0.67867,0.67716,0.67826,61293
2019-08-15 16:00:00+00:00,0.6783,0.67842,0.67729,0.67792,51338
2019-08-15 20:00:00+00:00,0.67792,0.67796,0.67711,0.67722,22457
2019-08-16 00:00:00+00:00,0.67713,0.67952,0.67711,0.67909,68431
2019-08-16 04:00:00+00:00,0.67901,0.67942,0.67792,0.67793,44260
2019-08-16 08:00:00+00:00,0.67781,0.67909,0.67762,0.67887,47864
2019-08-16 12:00:00+00:00,0.67872,0.6788,0.6773,0.67811,56752
2019-08-16 16:00:00+00:00,0.67818,0.67892,0.67797,0.67799,20277
2019-08-16 20:00:00+00:00,0.67799,0.67818,0.67745,0.67745,5518
2019-08-18 20:00:00+00:00,0.67772,0.67867,0.67771,0.67859,14864
2019-08-19 00:00:00+00:00,0.67855,0.67871,0.67742,0.6782,60286
2019-08-19 04:00:00+00:00,0.67823,0.67884,0.67768,0.67775,35962
2019-08-19 08:00:00+00:00,0.67768,0.67786,0.67673,0.67786,26581
2019-08-19 12:00:00+00:00,0.67792,0.6781,0.67706,0.67713,23544
2019-08-19 16:00:00+00:00,0.67705,0.67744,0.67622,0.67625,23922
2019-08-19 20:00:00+00:00,0.67626,0.67676,0.67547,0.67553,18728
2019-08-20 00:00:00+00:00,0.67561,0.67834,0.67561,0.6779,59374
2019-08-20 04:00:00+00:00,0.6779,0.6795,0.67779,0.67783,32771
2019-08-20 08:00:00+00:00,0.67796,0.67822,0.67715,0.6775,18301
2019-08-20 12:00:00+00:00,0.6776,0.67833,0.67702,0.67761,33814
2019-08-20 16:00:00+00:00,0.67756,0.67797,0.67746,0.67775,17856
2019-08-20 20:00:00+00:00,0.67766,0.67784,0.67737,0.67737,41279
2019-08-21 00:00:00+00:00,0.67735,0.67897,0.67735,0.67818,42460
2019-08-21 04:00:00+00:00,0.6782,0.67846,0.67735,0.67776,25703
2019-08-21 08:00:00+00:00,0.67784,0.67983,0.67784,0.67955,20300
2019-08-21 12:00:00+00:00,0.67959,0.67987,0.67873,0.67915,22936
2019-08-21 16:00:00+00:00,0.67919,0.67966,0.67734,0.67792,26700
2019-08-21 20:00:00+00:00,0.67795,0.6787,0.67787,0.67843,22351
2019-08-22 00:00:00+00:00,0.67827,0.6784,0.67638,0.67655,41325
2019-08-22 04:00:00+00:00,0.67654,0.67761,0.67585,0.67747,41556
2019-08-22 08:00:00+00:00,0.67743,0.67744,0.67612,0.67675,32582
2019-08-22 12:00:00+00:00,0.67665,0.67746,0.67512,0.67632,45354
2019-08-22 16:00:00+00:00,0.67639,0.67655,0.67563,0.67571,24559
2019-08-22 20:00:00+00:00,0.67574,0.676,0.67542,0.67557,21522
2019-08-23 00:00:00+00:00,0.67556,0.67636,0.67474,0.67567,56844
2019-08-23 04:00:00+00:00,0.67567,0.67607,0.67504,0.67545,41373
2019-08-23 08:00:00+00:00,0.67548,0.67605,0.67536,0.67545,28904
2019-08-23 12:00:00+00:00,0.67484,0.6777,0.67382,0.67473,120391
2019-08-23 16:00:00+00:00,0.67462,0.6755,0.67462,0.6751,60040
2019-08-23 20:00:00+00:00,0.67501,0.67544,0.67479,0.67485,2576
2019-08-25 20:00:00+00:00,0.6736,0.67407,0.66902,0.67063,81493
2019-08-26 00:00:00+00:00,0.67105,0.67495,0.67105,0.67416,142733
2019-08-26 04:00:00+00:00,0.67426,0.67592,0.67264,0.67495,101186
2019-08-26 08:00:00+00:00,0.67502,0.67695,0.67472,0.67654,60647
2019-08-26 12:00:00+00:00,0.67651,0.67877,0.67604,0.67809,78267
2019-08-26 16:00:00+00:00,0.67808,0.67854,0.67724,0.67736,28222
2019-08-26 20:00:00+00:00,0.67738,0.67787,0.67689,0.67696,20519
2019-08-27 00:00:00+00:00,0.67695,0.67762,0.67555,0.6761,58160
2019-08-27 04:00:00+00:00,0.67613,0.67642,0.67478,0.67528,52430
2019-08-27 08:00:00+00:00,0.67528,0.67662,0.67467,0.67631,36189
2019-08-27 12:00:00+00:00,0.67631,0.67718,0.67522,0.67569,55668
2019-08-27 16:00:00+00:00,0.67571,0.67589,0.67516,0.67524,29931
2019-08-27 20:00:00+00:00,0.67522,0.67549,0.6749,0.67544,24569
2019-08-28 00:00:00+00:00,0.67553,0.67593,0.67354,0.67371,63708
2019-08-28 04:00:00+00:00,0.67373,0.6745,0.67351,0.67444,28117
2019-08-28 08:00:00+00:00,0.67452,0.67519,0.67399,0.67466,39762
2019-08-28 12:00:00+00:00,0.67455,0.67502,0.67369,0.67457,51572
2019-08-28 16:00:00+00:00,0.67453,0.67463,0.67348,0.67348,23079
2019-08-28 20:00:00+00:00,0.67338,0.67397,0.67326,0.67395,25622
2019-08-29 00:00:00+00:00,0.67394,0.67438,0.67249,0.67282,65440
2019-08-29 04:00:00+00:00,0.67281,0.67393,0.67172,0.67381,40980
2019-08-29 08:00:00+00:00,0.67382,0.67518,0.67348,0.67501,38928
2019-08-29 12:00:00+00:00,0.67497,0.67532,0.67269,0.67329,46999
2019-08-29 16:00:00+00:00,0.67338,0.67359,0.67257,0.67276,19743
2019-08-29 20:00:00+00:00,0.67273,0.67359,0.67261,0.67355,22511
2019-08-30 00:00:00+00:00,0.67341,0.67351,0.67077,0.67159,57183
2019-08-30 04:00:00+00:00,0.67164,0.67243,0.67099,0.67201,39561
2019-08-30 08:00:00+00:00,0.67187,0.67299,0.67176,0.67297,27689
2019-08-30 12:00:00+00:00,0.67299,0.67395,0.67188,0.67296,42062
2019-08-30 16:00:00+00:00,0.67299,0.67342,0.67179,0.67342,23281
2019-08-30 20:00:00+00:00,0.67342,0.67382,0.67336,0.67336,2718
2019-09-01 20:00:00+00:00,0.6724,0.67342,0.67227,0.67256,47533
2019-09-02 00:00:00+00:00,0.6727,0.67342,0.67191,0.67279,43886
2019-09-02 04:00:00+00:00,0.67278,0.67314,0.67242,0.67289,20661
2019-09-02 08:00:00+00:00,0.67291,0.67303,0.67137,0.6716,22544
2019-09-02 12:00:00+00:00,0.67149,0.67293,0.67101,0.67158,16074
2019-09-02 16:00:00+00:00,0.67161,0.67172,0.67133,0.6717,3057
2019-09-02 20:00:00+00:00,0.67166,0.67195,0.671,0.67115,23518
2019-09-03 00:00:00+00:00,0.67122,0.67143,0.66883,0.66962,50827
2019-09-03 04:00:00+00:00,0.66941,0.67252,0.66932,0.67213,49675
2019-09-03 08:00:00+00:00,0.67221,0.67339,0.67201,0.67317,27188
2019-09-03 12:00:00+00:00,0.67314,0.67576,0.67283,0.67575,39711
2019-09-03 16:00:00+00:00,0.67594,0.67634,0.67535,0.67582,20221
2019-09-03 20:00:00+00:00,0.67574,0.67639,0.67541,0.67633,13268
2019-09-04 00:00:00+00:00,0.67653,0.67836,0.67592,0.67809,51247
2019-09-04 04:00:00+00:00,0.67808,0.67835,0.67705,0.67835,34787
2019-09-04 08:00:00+00:00,0.67843,0.67918,0.67797,0.67917,27074
2019-09-04 12:00:00+00:00,0.679,0.67987,0.67832,0.67955,29386
2019-09-04 16:00:00+00:00,0.67955,0.68005,0.67933,0.67977,21184
2019-09-04 20:00:00+00:00,0.67978,0.67995,0.67937,0.67967,17984
2019-09-05 00:00:00+00:00,0.67974,0.68247,0.6797,0.68192,71967
2019-09-05 04:00:00+00:00,0.68194,0.68217,0.68074,0.68134,31136
2019-09-05 08:00:00+00:00,0.6813,0.68258,0.68094,0.68254,28046
2019-09-05 12:00:00+00:00,0.6825,0.68296,0.68082,0.68203,44645
2019-09-05 16:00:00+00:00,0.6819,0.68232,0.6814,0.68171,22165
2019-09-05 20:00:00+00:00,0.68163,0.68192,0.681,0.68115,14360
2019-09-06 00:00:00+00:00,0.68122,0.68213,0.68073,0.68206,38559
2019-09-06 04:00:00+00:00,0.68212,0.6833,0.6817,0.68303,29992
2019-09-06 08:00:00+00:00,0.68298,0.68385,0.68271,0.68306,27035
2019-09-06 12:00:00+00:00,0.6832,0.68612,0.68309,0.68566,38518
2019-09-06 16:00:00+00:00,0.6855,0.6859,0.68445,0.68469,25725
2019-09-06 20:00:00+00:00,0.68474,0.685,0.68452,0.68452,1711
2019-09-08 20:00:00+00:00,0.6837,0.68489,0.6837,0.68459,16949
2019-09-09 00:00:00+00:00,0.68458,0.68544,0.68382,0.68539,45636
2019-09-09 04:00:00+00:00,0.68543,0.68615,0.68533,0.68555,27645
2019-09-09 08:00:00+00:00,0.68551,0.68721,0.68551,0.68697,20383
2019-09-09 12:00:00+00:00,0.68693,0.68749,0.68663,0.68737,25627
2019-09-09 16:00:00+00:00,0.68754,0.68754,0.68613,0.68637,13171
2019-09-09 20:00:00+00:00,0.68638,0.68664,0.68599,0.68639,27907
2019-09-10 00:00:00+00:00,0.6864,0.68686,0.68506,0.6855,40713
2019-09-10 04:00:00+00:00,0.68555,0.68687,0.6853,0.6863,22884
2019-09-10 08:00:00+00:00,0.6863,0.6863,0.68534,0.68536,18075
2019-09-10 12:00:00+00:00,0.68539,0.6869,0.68489,0.6868,27272
2019-09-10 16:00:00+00:00,0.68681,0.68701,0.68574,0.68609,14764
2019-09-10 20:00:00+00:00,0.68607,0.68633,0.68579,0.68579,17743
2019-09-11 00:00:00+00:00,0.68574,0.68666,0.68491,0.68634,37559
2019-09-11 04:00:00+00:00,0.68634,0.6879,0.68623,0.68684,31053
2019-09-11 08:00:00+00:00,0.68684,0.687,0.68608,0.68669,18174
2019-09-11 12:00:00+00:00,0.68678,0.6871,0.68561,0.68573,22048
2019-09-11 16:00:00+00:00,0.68568,0.68626,0.68563,0.68625,11459
2019-09-11 20:00:00+00:00,0.68625,0.68759,0.686,0.68747,17727
2019-09-12 00:00:00+00:00,0.6876,0.68824,0.68678,0.68811,41944
2019-09-12 04:00:00+00:00,0.6881,0.68871,0.68796,0.68847,22411
2019-09-12 08:00:00+00:00,0.68849,0.6887,0.68756,0.6879,14495
2019-09-12 12:00:00+00:00,0.68778,0.68932,0.6863,0.68709,65665
2019-09-12 16:00:00+00:00,0.6871,0.68803,0.68608,0.68631,22377
2019-09-12 20:00:00+00:00,0.68632,0.6867,0.68619,0.68627,30303
2019-09-13 00:00:00+00:00,0.68629,0.68733,0.68591,0.68726,32534
2019-09-13 04:00:00+00:00,0.68732,0.68757,0.68681,0.68697,21632
2019-09-13 08:00:00+00:00,0.68688,0.68778,0.68685,0.68763,12300
2019-09-13 12:00:00+00:00,0.68772,0.68904,0.68651,0.68863,27613
2019-09-13 16:00:00+00:00,0.6885,0.68865,0.68778,0.68813,13760
2019-09-13 20:00:00+00:00,0.68812,0.68851,0.68777,0.68796,2754
2019-09-15 20:00:00+00:00,0.68623,0.68834,0.68622,0.68779,22812
2019-09-16 00:00:00+00:00,0.68791,0.68791,0.68663,0.68784,52996
2019-09-16 04:00:00+00:00,0.68795,0.68795,0.68683,0.68765,22166
2019-09-16 08:00:00+00:00,0.68764,0.68833,0.68672,0.68672,14064
2019-09-16 12:00:00+00:00,0.68682,0.68732,0.68541,0.68644,28872
2019-09-16 16:00:00+00:00,0.68643,0.68701,0.68598,0.68659,16666
2019-09-16 20:00:00+00:00,0.68659,0.68697,0.68611,0.68616,29833
2019-09-17 00:00:00+00:00,0.68629,0.68647,0.68348,0.68397,61395
2019-09-17 04:00:00+00:00,0.68395,0.68424,0.68306,0.68422,25557
2019-09-17 08:00:00+00:00,0.68409,0.68453,0.68315,0.68427,11072
2019-09-17 12:00:00+00:00,0.68431,0.68597,0.68336,0.68577,39854
2019-09-17 16:00:00+00:00,0.68586,0.68675,0.68547,0.68662,11491
2019-09-17 20:00:00+00:00,0.68669,0.6869,0.68626,0.68654,23957
2019-09-18 00:00:00+00:00,0.68656,0.68656,0.68475,0.68489,40024
2019-09-18 04:00:00+00:00,0.68487,0.6851,0.6835,0.68365,20355
2019-09-18 08:00:00+00:00,0.68364,0.684,0.68296,0.68398,12479
2019-09-18 12:00:00+00:00,0.68391,0.6847,0.68379,0.68431,17004
2019-09-18 16:00:00+00:00,0.68429,0.68576,0.68143,0.68315,42464
2019-09-18 20:00:00+00:00,0.68309,0.68323,0.68231,0.68231,27539
2019-09-19 00:00:00+00:00,0.68231,0.68231,0.67819,0.67898,57428
2019-09-19 04:00:00+00:00,0.67913,0.67918,0.67805,0.67881,24103
2019-09-19 08:00:00+00:00,0.67892,0.67981,0.6787,0.67922,13795
2019-09-19 12:00:00+00:00,0.67924,0.68044,0.67902,0.67945,17093
2019-09-19 16:00:00+00:00,0.67946,0.68087,0.67932,0.67943,11410
2019-09-19 20:00:00+00:00,0.67946,0.67963,0.67906,0.67911,23177
2019-09-20 00:00:00+00:00,0.67904,0.67967,0.67789,0.67964,41136
2019-09-20 04:00:00+00:00,0.67965,0.68085,0.67941,0.68034,30778
2019-09-20 08:00:00+00:00,0.68037,0.68048,0.67871,0.67898,15547
2019-09-20 12:00:00+00:00,0.67923,0.67924,0.6767,0.67693,20201
2019-09-20 16:00:00+00:00,0.67694,0.67696,0.67604,0.67632,13097
2019-09-20 20:00:00+00:00,0.67633,0.67654,0.67607,0.67626,3764
2019-09-22 20:00:00+00:00,0.6772,0.67726,0.6765,0.67684,12001
2019-09-23 00:00:00+00:00,0.67679,0.67813,0.67662,0.6779,38463
2019-09-23 04:00:00+00:00,0.67785,0.67793,0.67659,0.67661,31770
2019-09-23 08:00:00+00:00,0.67672,0.67734,0.6766,0.677,13310
2019-09-23 12:00:00+00:00,0.6769,0.67772,0.67665,0.67709,16059
2019-09-23 16:00:00+00:00,0.67698,0.6776,0.67678,0.67729,8741
2019-09-23 20:00:00+00:00,0.67707,0.6778,0.677,0.67733,19371
2019-09-24 00:00:00+00:00,0.67741,0.67776,0.67657,0.67731,31107
2019-09-24 04:00:00+00:00,0.6773,0.67823,0.6771,0.67802,23909
2019-09-24 08:00:00+00:00,0.67802,0.68046,0.67782,0.67946,17965
2019-09-24 12:00:00+00:00,0.67937,0.68041,0.67889,0.67916,18967
2019-09-24 16:00:00+00:00,0.67923,0.68028,0.67907,0.67988,15086
2019-09-24 20:00:00+00:00,0.67989,0.68021,0.67962,0.67973,15263
2019-09-25 00:00:00+00:00,0.67972,0.68022,0.67843,0.67852,54370
2019-09-25 04:00:00+00:00,0.67867,0.67874,0.67733,0.67792,27709
2019-09-25 08:00:00+00:00,0.67782,0.67824,0.67654,0.67654,12155
2019-09-25 12:00:00+00:00,0.67656,0.67667,0.67391,0.67493,26430
2019-09-25 16:00:00+00:00,0.67486,0.67568,0.67454,0.67519,11217
2019-09-25 20:00:00+00:00,0.67524,0.67566,0.67486,0.67542,15815
2019-09-26 00:00:00+00:00,0.67541,0.67603,0.6747,0.67583,44340
2019-09-26 04:00:00+00:00,0.67576,0.67641,0.67487,0.67569,34762
2019-09-26 08:00:00+00:00,0.67576,0.67645,0.67514,0.6763,13572
2019-09-26 12:00:00+00:00,0.67624,0.67798,0.67536,0.67537,26458
2019-09-26 16:00:00+00:00,0.67539,0.67556,0.67487,0.67503,12526
2019-09-26 20:00:00+00:00,0.67505,0.67541,0.67461,0.67531,10704
2019-09-27 00:00:00+00:00,0.67524,0.67584,0.67441,0.67583,38230
2019-09-27 04:00:00+00:00,0.67584,0.67632,0.67543,0.67571,28772
2019-09-27 08:00:00+00:00,0.6757,0.6763,0.67476,0.67552,14068
2019-09-27 12:00:00+00:00,0.67533,0.67783,0.67533,0.67624,30306
2019-09-27 16:00:00+00:00,0.67613,0.67639,0.67551,0.67638,13253
2019-09-27 20:00:00+00:00,0.67638,0.67677,0.67616,0.67616,2044
2019-09-29 20:00:00+00:00,0.67581,0.6766,0.67574,0.67615,13955
2019-09-30 00:00:00+00:00,0.67612,0.67684,0.67544,0.67576,35448
2019-09-30 04:00:00+00:00,0.67575,0.67578,0.6746,0.67533,26044
2019-09-30 08:00:00+00:00,0.6752,0.67585,0.67472,0.67585,15434
2019-09-30 12:00:00+00:00,0.6757,0.6764,0.67418,0.67458,25308
2019-09-30 16:00:00+00:00,0.67458,0.67531,0.67451,0.67493,11547
2019-09-30 20:00:00+00:00,0.67493,0.67521,0.67488,0.67503,8459
2019-10-01 00:00:00+00:00,0.67508,0.67594,0.67333,0.67401,30586
2019-10-01 04:00:00+00:00,0.67398,0.67621,0.66997,0.66997,40374
2019-10-01 08:00:00+00:00,0.66996,0.67055,0.66947,0.66976,24653
2019-10-01 12:00:00+00:00,0.66966,0.67028,0.66726,0.67028,40482
2019-10-01 16:00:00+00:00,0.67011,0.67059,0.66978,0.67048,18581
2019-10-01 20:00:00+00:00,0.67043,0.67119,0.66987,0.67079,20480
2019-10-02 00:00:00+00:00,0.67075,0.67184,0.67075,0.67174,36310
2019-10-02 04:00:00+00:00,0.67172,0.67173,0.66959,0.67034,22295
2019-10-02 08:00:00+00:00,0.67014,0.67014,0.66716,0.66825,23303
2019-10-02 12:00:00+00:00,0.66821,0.67042,0.66795,0.66977,29382
2019-10-02 16:00:00+00:00,0.66982,0.67082,0.66937,0.6706,14026
2019-10-02 20:00:00+00:00,0.67062,0.67101,0.67032,0.6708,37537
2019-10-03 00:00:00+00:00,0.6709,0.67168,0.67075,0.67139,39406
2019-10-03 04:00:00+00:00,0.67143,0.67196,0.67025,0.67099,24461
2019-10-03 08:00:00+00:00,0.67076,0.67274,0.67075,0.67201,21405
2019-10-03 12:00:00+00:00,0.67209,0.67531,0.67181,0.67507,39087
2019-10-03 16:00:00+00:00,0.67489,0.67525,0.67393,0.67419,15403
2019-10-03 20:00:00+00:00,0.67417,0.6748,0.67399,0.67445,21508
2019-10-04 00:00:00+00:00,0.67454,0.67586,0.67435,0.67539,45430
2019-10-04 04:00:00+00:00,0.67531,0.67588,0.67488,0.6754,27614
2019-10-04 08:00:00+00:00,0.67543,0.67654,0.67539,0.67618,18111
2019-10-04 12:00:00+00:00,0.67603,0.67694,0.6747,0.67634,42387
2019-10-04 16:00:00+00:00,0.67626,0.67737,0.67626,0.67703,12112
2019-10-04 20:00:00+00:00,0.67703,0.67706,0.67652,0.67684,1863
2019-10-06 20:00:00+00:00,0.6755,0.67652,0.6755,0.67634,23167
2019-10-07 00:00:00+00:00,0.6764,0.67642,0.67476,0.67503,33410
2019-10-07 04:00:00+00:00,0.67506,0.67546,0.67468,0.675,21682
2019-10-07 08:00:00+00:00,0.67499,0.67509,0.67323,0.674,20695
2019-10-07 12:00:00+00:00,0.674,0.67502,0.67367,0.67408,23652
2019-10-07 16:00:00+00:00,0.67405,0.67438,0.67299,0.67309,14203
2019-10-07 20:00:00+00:00,0.67318,0.67332,0.67289,0.67324,21706
2019-10-08 00:00:00+00:00,0.67331,0.6749,0.67293,0.67456,36139
2019-10-08 04:00:00+00:00,0.67457,0.67562,0.67449,0.67449,18873
2019-10-08 08:00:00+00:00,0.67477,0.67555,0.67369,0.6745,25177
2019-10-08 12:00:00+00:00,0.67451,0.67481,0.67235,0.67261,31688
2019-10-08 16:00:00+00:00,0.67264,0.67344,0.67248,0.67314,23544
2019-10-08 20:00:00+00:00,0.67307,0.67325,0.67241,0.67283,16949
2019-10-09 00:00:00+00:00,0.67291,0.67422,0.6726,0.67405,42169
2019-10-09 04:00:00+00:00,0.67412,0.67443,0.67313,0.67409,24012
2019-10-09 08:00:00+00:00,0.67403,0.67482,0.67391,0.67439,25529
2019-10-09 12:00:00+00:00,0.67428,0.67482,0.6727,0.67292,25221
2019-10-09 16:00:00+00:00,0.67293,0.67335,0.67251,0.67277,13881
2019-10-09 20:00:00+00:00,0.67269,0.6727,0.67108,0.67192,34190
2019-10-10 00:00:00+00:00,0.67195,0.67561,0.67143,0.67484,84275
2019-10-10 04:00:00+00:00,0.67485,0.67521,0.67424,0.67472,23864
2019-10-10 08:00:00+00:00,0.67468,0.67689,0.67452,0.67615,19429
2019-10-10 12:00:00+00:00,0.67617,0.67693,0.67485,0.67688,40867
2019-10-10 16:00:00+00:00,0.67695,0.67737,0.676,0.67627,17313
2019-10-10 20:00:00+00:00,0.67621,0.6764,0.67534,0.67625,27244
2019-10-11 00:00:00+00:00,0.67625,0.67809,0.67598,0.67795,40717
2019-10-11 04:00:00+00:00,0.67785,0.6787,0.67713,0.6787,28329
2019-10-11 08:00:00+00:00,0.67858,0.68047,0.67854,0.68033,28426
2019-10-11 12:00:00+00:00,0.68033,0.681,0.67902,0.68035,43284
2019-10-11 16:00:00+00:00,0.68047,0.68048,0.67919,0.67922,22409
2019-10-11 20:00:00+00:00,0.67909,0.67941,0.67892,0.67904,4879
2019-10-13 20:00:00+00:00,0.67885,0.67975,0.67877,0.67975,20307
2019-10-14 00:00:00+00:00,0.67944,0.67968,0.67722,0.67885,62335
2019-10-14 04:00:00+00:00,0.67884,0.67914,0.67642,0.67643,30336
2019-10-14 08:00:00+00:00,0.67642,0.67669,0.67521,0.6755,17110
2019-10-14 12:00:00+00:00,0.6755,0.67699,0.67512,0.67685,23668
2019-10-14 16:00:00+00:00,0.67697,0.67779,0.67677,0.6774,10232
2019-10-14 20:00:00+00:00,0.67739,0.67793,0.67729,0.6775,26328
2019-10-15 00:00:00+00:00,0.67727,0.67882,0.67654,0.67762,36814
2019-10-15 04:00:00+00:00,0.67762,0.67765,0.67642,0.6765,21643
2019-10-15 08:00:00+00:00,0.67636,0.67697,0.67526,0.67545,21294
2019-10-15 12:00:00+00:00,0.67533,0.67687,0.6743,0.6757,39245
2019-10-15 16:00:00+00:00,0.67566,0.67594,0.67489,0.67519,23459
2019-10-15 20:00:00+00:00,0.67523,0.67584,0.67481,0.67531,23960
2019-10-16 00:00:00+00:00,0.67524,0.67533,0.67274,0.67315,48989
2019-10-16 04:00:00+00:00,0.67326,0.67445,0.6731,0.67329,26696
2019-10-16 08:00:00+00:00,0.67314,0.67432,0.67273,0.67275,24065
2019-10-16 12:00:00+00:00,0.67266,0.67546,0.67237,0.67546,22181
2019-10-16 16:00:00+00:00,0.67556,0.67655,0.67555,0.67607,16227
2019-10-16 20:00:00+00:00,0.67607,0.67625,0.67529,0.67559,24152
2019-10-17 00:00:00+00:00,0.67552,0.67904,0.6754,0.6784,40333
2019-10-17 04:00:00+00:00,0.67843,0.67904,0.6776,0.67904,23260
2019-10-17 08:00:00+00:00,0.67894,0.68329,0.67894,0.68281,36388
2019-10-17 12:00:00+00:00,0.68271,0.68308,0.68159,0.68246,26778
2019-10-17 16:00:00+00:00,0.68255,0.68278,0.682,0.68257,11310
2019-10-17 20:00:00+00:00,0.68246,0.68314,0.68215,0.68247,15671
2019-10-18 00:00:00+00:00,0.68261,0.68382,0.68229,0.68307,34344
2019-10-18 04:00:00+00:00,0.68303,0.68345,0.68279,0.68342,20204
2019-10-18 08:00:00+00:00,0.68352,0.68456,0.68332,0.68446,16723
2019-10-18 12:00:00+00:00,0.68449,0.68525,0.68428,0.68451,17073
2019-10-18 16:00:00+00:00,0.68456,0.68563,0.68388,0.68532,9891
2019-10-18 20:00:00+00:00,0.68532,0.68568,0.68532,0.68568,2996
2019-10-20 20:00:00+00:00,0.68452,0.68524,0.68407,0.68484,30668
2019-10-21 00:00:00+00:00,0.68483,0.68655,0.68483,0.6863,28548
2019-10-21 04:00:00+00:00,0.68638,0.68695,0.68582,0.68688,22547
2019-10-21 08:00:00+00:00,0.68684,0.68798,0.68676,0.68792,19012
2019-10-21 12:00:00+00:00,0.6879,0.688,0.68623,0.68664,19283
2019-10-21 16:00:00+00:00,0.68664,0.68723,0.68632,0.68669,11434
2019-10-21 20:00:00+00:00,0.68678,0.68704,0.68637,0.68704,12049
2019-10-22 00:00:00+00:00,0.68702,0.68826,0.68633,0.68741,33790
2019-10-22 04:00:00+00:00,0.68736,0.68808,0.68672,0.68682,22779
2019-10-22 08:00:00+00:00,0.68683,0.68704,0.68548,0.68548,18971
2019-10-22 12:00:00+00:00,0.6856,0.68691,0.68506,0.6863,23595
2019-10-22 16:00:00+00:00,0.68629,0.68699,0.68509,0.6859,26709
2019-10-22 20:00:00+00:00,0.6859,0.6862,0.6851,0.68607,21953
2019-10-23 00:00:00+00:00,0.68592,0.68605,0.68341,0.68386,36217
2019-10-23 04:00:00+00:00,0.68387,0.68479,0.68372,0.68424,24790
2019-10-23 08:00:00+00:00,0.6844,0.68461,0.68372,0.68428,20808
2019-10-23 12:00:00+00:00,0.68422,0.68497,0.68389,0.68467,23676
2019-10-23 16:00:00+00:00,0.68487,0.68571,0.68437,0.68536,13914
2019-10-23 20:00:00+00:00,0.68541,0.68546,0.68496,0.68499,15965
2019-10-24 00:00:00+00:00,0.68496,0.68572,0.68447,0.68475,27343
2019-10-24 04:00:00+00:00,0.68472,0.68484,0.68376,0.6841,26907
2019-10-24 08:00:00+00:00,0.68375,0.68391,0.68255,0.68346,20589
2019-10-24 12:00:00+00:00,0.68352,0.68439,0.68135,0.68164,37154
2019-10-24 16:00:00+00:00,0.68158,0.68231,0.68115,0.68173,15139
2019-10-24 20:00:00+00:00,0.68175,0.68194,0.68128,0.68163,17490
2019-10-25 00:00:00+00:00,0.68169,0.68203,0.681,0.6818,24224
2019-10-25 04:00:00+00:00,0.68181,0.68317,0.68165,0.68314,20809
2019-10-25 08:00:00+00:00,0.68321,0.68333,0.68222,0.68245,16900
2019-10-25 12:00:00+00:00,0.68243,0.68361,0.68211,0.6829,25436
2019-10-25 16:00:00+00:00,0.68291,0.683,0.68181,0.6823,10412
2019-10-25 20:00:00+00:00,0.68228,0.68229,0.68189,0.68203,1314
2019-10-27 20:00:00+00:00,0.68178,0.68253,0.68178,0.68224,19562
2019-10-28 00:00:00+00:00,0.6822,0.6824,0.6811,0.68134,28461
2019-10-28 04:00:00+00:00,0.68134,0.68206,0.68129,0.68197,19558
2019-10-28 08:00:00+00:00,0.68183,0.68332,0.68183,0.68273,19417
2019-10-28 12:00:00+00:00,0.68287,0.68387,0.68219,0.68387,21165
2019-10-28 16:00:00+00:00,0.68397,0.68452,0.68352,0.68405,12725
2019-10-28 20:00:00+00:00,0.68405,0.68405,0.68357,0.68392,15627
2019-10-29 00:00:00+00:00,0.68394,0.68504,0.68393,0.68479,36859
2019-10-29 04:00:00+00:00,0.68479,0.68588,0.68456,0.68532,29131
2019-10-29 08:00:00+00:00,0.68531,0.68543,0.68431,0.68515,22613
2019-10-29 12:00:00+00:00,0.68514,0.68716,0.68492,0.68616,23072
2019-10-29 16:00:00+00:00,0.68618,0.68657,0.68572,0.68647,12889
2019-10-29 20:00:00+00:00,0.68652,0.68661,0.68554,0.68559,13102
2019-10-30 00:00:00+00:00,0.68566,0.68711,0.68488,0.68592,41485
2019-10-30 04:00:00+00:00,0.68591,0.68737,0.68579,0.68719,25232
2019-10-30 08:00:00+00:00,0.68721,0.68754,0.68605,0.68642,21796
2019-10-30 12:00:00+00:00,0.68638,0.6872,0.68538,0.68715,36752
2019-10-30 16:00:00+00:00,0.68711,0.68949,0.68502,0.68924,40111
2019-10-30 20:00:00+00:00,0.68924,0.69027,0.68921,0.68972,18219
2019-10-31 00:00:00+00:00,0.68991,0.69272,0.68987,0.6926,44110
2019-10-31 04:00:00+00:00,0.69265,0.69289,0.69151,0.69195,30977
2019-10-31 08:00:00+00:00,0.69198,0.69215,0.68881,0.68944,39750
2019-10-31 12:00:00+00:00,0.68933,0.69135,0.68878,0.68878,42611
2019-10-31 16:00:00+00:00,0.68881,0.6893,0.68838,0.6893,21080
2019-10-31 20:00:00+00:00,0.6894,0.68942,0.68878,0.68924,10483
2019-11-01 00:00:00+00:00,0.68931,0.69094,0.68843,0.69078,39028
2019-11-01 04:00:00+00:00,0.69068,0.69099,0.69013,0.69072,24271
2019-11-01 08:00:00+00:00,0.69076,0.69115,0.68923,0.69,21937
2019-11-01 12:00:00+00:00,0.68997,0.69208,0.68903,0.6913,49874
2019-11-01 16:00:00+00:00,0.69138,0.6917,0.69059,0.69133,19615
2019-11-01 20:00:00+00:00,0.69124,0.69143,0.6912,0.69126,2295
2019-11-03 20:00:00+00:00,0.69141,0.69153,0.69078,0.69151,7023
2019-11-04 00:00:00+00:00,0.69166,0.69228,0.69044,0.69206,29812
2019-11-04 04:00:00+00:00,0.69204,0.69247,0.69163,0.69232,21495
2019-11-04 08:00:00+00:00,0.6923,0.6923,0.69059,0.69124,23518
2019-11-04 12:00:00+00:00,0.69118,0.69129,0.68997,0.69014,21550
2019-11-04 16:00:00+00:00,0.69017,0.69023,0.68774,0.68809,14995
2019-11-04 20:00:00+00:00,0.688,0.68942,0.68768,0.68889,29208
2019-11-05 00:00:00+00:00,0.68874,0.69044,0.68783,0.69021,41498
2019-11-05 04:00:00+00:00,0.69024,0.69165,0.68976,0.69113,38982
2019-11-05 08:00:00+00:00,0.69113,0.6928,0.69109,0.692,32517
2019-11-05 12:00:00+00:00,0.69192,0.69192,0.68848,0.68952,40116
2019-11-05 16:00:00+00:00,0.68957,0.68999,0.68894,0.68908,17864
2019-11-05 20:00:00+00:00,0.68907,0.68981,0.68895,0.68895,11574
2019-11-06 00:00:00+00:00,0.68891,0.69003,0.68865,0.68966,31684
2019-11-06 04:00:00+00:00,0.68963,0.68997,0.68845,0.68926,23443
2019-11-06 08:00:00+00:00,0.68928,0.69069,0.68904,0.68986,18020
2019-11-06 12:00:00+00:00,0.6899,0.69038,0.6889,0.68916,29760
2019-11-06 16:00:00+00:00,0.68903,0.68936,0.68704,0.68787,20874
2019-11-06 20:00:00+00:00,0.68796,0.68856,0.68765,0.68765,9021
2019-11-07 00:00:00+00:00,0.68761,0.68802,0.68621,0.68652,36225
2019-11-07 04:00:00+00:00,0.6864,0.68946,0.6864,0.68894,31860
2019-11-07 08:00:00+00:00,0.68893,0.69108,0.68893,0.68978,30516
2019-11-07 12:00:00+00:00,0.68973,0.69041,0.68839,0.68861,37857
2019-11-07 16:00:00+00:00,0.68853,0.69128,0.68828,0.69003,25863
2019-11-07 20:00:00+00:00,0.68999,0.69013,0.68903,0.68989,16555
2019-11-08 00:00:00+00:00,0.68981,0.69053,0.68762,0.68845,43403
2019-11-08 04:00:00+00:00,0.68842,0.68842,0.68773,0.68813,24582
2019-11-08 08:00:00+00:00,0.68811,0.68866,0.6862,0.68657,20441
2019-11-08 12:00:00+00:00,0.68665,0.68707,0.68525,0.68598,31947
2019-11-08 16:00:00+00:00,0.68582,0.68591,0.68482,0.68545,11610
2019-11-08 20:00:00+00:00,0.68555,0.68596,0.68555,0.68561,3157
2019-11-10 20:00:00+00:00,0.68551,0.6861,0.6855,0.68575,6745
2019-11-11 00:00:00+00:00,0.68584,0.68605,0.68485,0.68551,24283
2019-11-11 04:00:00+00:00,0.68552,0.6858,0.68489,0.68579,13608
2019-11-11 08:00:00+00:00,0.68581,0.6865,0.68532,0.68532,19255
2019-11-11 12:00:00+00:00,0.68527,0.68569,0.68479,0.68489,20977
2019-11-11 16:00:00+00:00,0.68485,0.68578,0.68485,0.68531,9086
2019-11-11 20:00:00+00:00,0.68537,0.68537,0.68455,0.68484,10662
2019-11-12 00:00:00+00:00,0.68484,0.68538,0.68344,0.68426,24354
2019-11-12 04:00:00+00:00,0.6843,0.68572,0.68411,0.68515,22998
2019-11-12 08:00:00+00:00,0.68495,0.68495,0.68341,0.68398,26539
2019-11-12 12:00:00+00:00,0.68388,0.68495,0.68324,0.68426,28702
2019-11-12 16:00:00+00:00,0.68391,0.68487,0.68381,0.68436,20602
2019-11-12 20:00:00+00:00,0.68437,0.68447,0.68385,0.68415,9301
2019-11-13 00:00:00+00:00,0.68415,0.68559,0.68307,0.68374,48283
2019-11-13 04:00:00+00:00,0.68379,0.6849,0.68379,0.68454,21421
2019-11-13 08:00:00+00:00,0.68452,0.68459,0.68241,0.68271,23809
2019-11-13 12:00:00+00:00,0.68272,0.68337,0.68218,0.68327,28070
2019-11-13 16:00:00+00:00,0.6832,0.68363,0.68261,0.68308,14570
2019-11-13 20:00:00+00:00,0.68302,0.68399,0.68302,0.68392,12444
2019-11-14 00:00:00+00:00,0.68384,0.68407,0.67962,0.67978,44637
2019-11-14 04:00:00+00:00,0.67963,0.68057,0.67924,0.68057,24522
2019-11-14 08:00:00+00:00,0.68048,0.68059,0.67824,0.67852,25561
2019-11-14 12:00:00+00:00,0.67843,0.67895,0.677,0.67741,28245
2019-11-14 16:00:00+00:00,0.67743,0.67848,0.67731,0.67843,15794
2019-11-14 20:00:00+00:00,0.67842,0.6788,0.67831,0.67867,14629
2019-11-15 00:00:00+00:00,0.67866,0.67984,0.67848,0.67979,28392
2019-11-15 04:00:00+00:00,0.67979,0.67979,0.67905,0.67916,16825
2019-11-15 08:00:00+00:00,0.6791,0.67967,0.67809,0.67965,21007
2019-11-15 12:00:00+00:00,0.67968,0.68144,0.67947,0.68127,25833
2019-11-15 16:00:00+00:00,0.6813,0.68164,0.68077,0.68147,9555
2019-11-15 20:00:00+00:00,0.68152,0.6821,0.68141,0.68175,4046
2019-11-17 20:00:00+00:00,0.6812,0.68165,0.68109,0.68148,5190
2019-11-18 00:00:00+00:00,0.68148,0.68197,0.68106,0.68135,24258
2019-11-18 04:00:00+00:00,0.68131,0.68187,0.68076,0.6813,19512
2019-11-18 08:00:00+00:00,0.68129,0.68196,0.68078,0.68126,18582
2019-11-18 12:00:00+00:00,0.68124,0.68145,0.67989,0.68145,24758
2019-11-18 16:00:00+00:00,0.68144,0.68219,0.68108,0.68108,11461
2019-11-18 20:00:00+00:00,0.68118,0.68136,0.68044,0.68044,8320
2019-11-19 00:00:00+00:00,0.68046,0.6807,0.6785,0.67966,29045
2019-11-19 04:00:00+00:00,0.67961,0.68041,0.67955,0.67982,14462
2019-11-19 08:00:00+00:00,0.67991,0.68234,0.67991,0.68205,19499
2019-11-19 12:00:00+00:00,0.68206,0.68321,0.68188,0.68264,24188
2019-11-19 16:00:00+00:00,0.68254,0.68328,0.68237,0.68267,14823
2019-11-19 20:00:00+00:00,0.68264,0.68287,0.68196,0.68244,12654
2019-11-20 00:00:00+00:00,0.68256,0.68299,0.68109,0.68163,26967
2019-11-20 04:00:00+00:00,0.68161,0.68218,0.68132,0.68151,13802
2019-11-20 08:00:00+00:00,0.68144,0.68144,0.68016,0.681,20991
2019-11-20 12:00:00+00:00,0.68096,0.68201,0.68038,0.68038,21397
2019-11-20 16:00:00+00:00,0.68039,0.68079,0.67904,0.67947,19940
2019-11-20 20:00:00+00:00,0.67957,0.68028,0.67945,0.67976,13281
2019-11-21 00:00:00+00:00,0.67986,0.68007,0.67868,0.67973,40255
2019-11-21 04:00:00+00:00,0.67973,0.68011,0.67943,0.67976,21545
2019-11-21 08:00:00+00:00,0.67988,0.6811,0.67968,0.68091,23649
2019-11-21 12:00:00+00:00,0.681,0.68136,0.67932,0.67954,32059
2019-11-21 16:00:00+00:00,0.67945,0.67989,0.67843,0.67847,13931
2019-11-21 20:00:00+00:00,0.67845,0.67894,0.67843,0.67884,8810
2019-11-22 00:00:00+00:00,0.67878,0.67952,0.67856,0.6787,20137
2019-11-22 04:00:00+00:00,0.67874,0.679,0.6785,0.67883,15914
2019-11-22 08:00:00+00:00,0.67875,0.6802,0.67834,0.67878,25920
2019-11-22 12:00:00+00:00,0.6788,0.67948,0.67806,0.67849,25788
2019-11-22 16:00:00+00:00,0.6784,0.67871,0.67818,0.67842,11923
2019-11-22 20:00:00+00:00,0.67852,0.67866,0.6781,0.6781,3409
2019-11-24 20:00:00+00:00,0.679,0.67917,0.67869,0.67915,6345
2019-11-25 00:00:00+00:00,0.67917,0.67992,0.67917,0.67953,16828
2019-11-25 04:00:00+00:00,0.67955,0.67992,0.67935,0.67955,14519
2019-11-25 08:00:00+00:00,0.6796,0.67961,0.67837,0.67906,13835
2019-11-25 12:00:00+00:00,0.67912,0.67921,0.67709,0.67717,21303
2019-11-25 16:00:00+00:00,0.67716,0.67771,0.67682,0.67752,10975
2019-11-25 20:00:00+00:00,0.67759,0.67797,0.67724,0.67767,11764
2019-11-26 00:00:00+00:00,0.67751,0.67854,0.67723,0.67811,25966
2019-11-26 04:00:00+00:00,0.67803,0.67853,0.6778,0.67784,21265
2019-11-26 08:00:00+00:00,0.67782,0.67934,0.67751,0.6779,23226
2019-11-26 12:00:00+00:00,0.67793,0.67849,0.67724,0.67841,21303
2019-11-26 16:00:00+00:00,0.67847,0.67891,0.67828,0.67883,12410
2019-11-26 20:00:00+00:00,0.67882,0.67898,0.6783,0.67868,10560
2019-11-27 00:00:00+00:00,0.67877,0.67907,0.67827,0.6783,16566
2019-11-27 04:00:00+00:00,0.6783,0.67832,0.6772,0.67751,16091
2019-11-27 08:00:00+00:00,0.67745,0.67855,0.67736,0.67854,15997
2019-11-27 12:00:00+00:00,0.67858,0.67888,0.67777,0.67801,19852
2019-11-27 16:00:00+00:00,0.67802,0.67813,0.67748,0.67777,12053
2019-11-27 20:00:00+00:00,0.67777,0.67793,0.67607,0.67683,12808
2019-11-28 00:00:00+00:00,0.67681,0.67736,0.67635,0.67642,23682
2019-11-28 04:00:00+00:00,0.6764,0.67685,0.67619,0.67647,14698
2019-11-28 08:00:00+00:00,0.67636,0.67722,0.67619,0.67706,12743
2019-11-28 12:00:00+00:00,0.67713,0.67724,0.67642,0.67651,10993
2019-11-28 16:00:00+00:00,0.67651,0.67675,0.6764,0.67673,3640
2019-11-28 20:00:00+00:00,0.67674,0.6771,0.67652,0.67677,12130
2019-11-29 00:00:00+00:00,0.67677,0.6772,0.67638,0.6772,17586
2019-11-29 04:00:00+00:00,0.6772,0.67777,0.67714,0.67777,14711
2019-11-29 08:00:00+00:00,0.67781,0.67794,0.67739,0.67749,9942
2019-11-29 12:00:00+00:00,0.67753,0.67771,0.67605,0.67647,19674
2019-11-29 16:00:00+00:00,0.67629,0.67648,0.67543,0.67642,10799
2019-11-29 20:00:00+00:00,0.67641,0.67683,0.67589,0.676,4715
2019-12-01 20:00:00+00:00,0.6768,0.67692,0.67622,0.67652,9902
2019-12-02 00:00:00+00:00,0.67647,0.67774,0.67644,0.67763,17018
2019-12-02 04:00:00+00:00,0.67764,0.67775,0.67728,0.67734,13844
2019-12-02 08:00:00+00:00,0.67742,0.67899,0.67742,0.6785,14538
2019-12-02 12:00:00+00:00,0.67854,0.68172,0.67846,0.68137,28365
2019-12-02 16:00:00+00:00,0.68138,0.68228,0.68138,0.68217,13703
2019-12-02 20:00:00+00:00,0.68214,0.68255,0.68155,0.68177,13307
2019-12-03 00:00:00+00:00,0.6817,0.68412,0.68162,0.68397,21347
2019-12-03 04:00:00+00:00,0.68385,0.68487,0.68381,0.68403,16872
2019-12-03 08:00:00+00:00,0.68415,0.68614,0.68404,0.6851,22885
2019-12-03 12:00:00+00:00,0.68518,0.68518,0.68346,0.68382,31019
2019-12-03 16:00:00+00:00,0.68377,0.68435,0.68366,0.68416,12305
2019-12-03 20:00:00+00:00,0.68415,0.68507,0.68405,0.68497,15965
2019-12-04 00:00:00+00:00,0.68505,0.68534,0.6829,0.68304,33609
2019-12-04 04:00:00+00:00,0.68304,0.68305,0.68143,0.68156,17185
2019-12-04 08:00:00+00:00,0.68159,0.68325,0.68134,0.6831,24107
2019-12-04 12:00:00+00:00,0.68319,0.68511,0.68318,0.68511,28996
2019-12-04 16:00:00+00:00,0.68518,0.68551,0.68484,0.68517,14998
2019-12-04 20:00:00+00:00,0.68511,0.68528,0.68448,0.68491,15322
2019-12-05 00:00:00+00:00,0.68486,0.68544,0.68337,0.68374,29358
2019-12-05 04:00:00+00:00,0.68379,0.68453,0.68354,0.6844,13383
2019-12-05 08:00:00+00:00,0.68443,0.68473,0.68245,0.68277,14024
2019-12-05 12:00:00+00:00,0.68267,0.68294,0.68214,0.68249,19728
2019-12-05 16:00:00+00:00,0.68242,0.6836,0.68239,0.68309,11932
2019-12-05 20:00:00+00:00,0.68307,0.6837,0.68302,0.68323,15142
2019-12-06 00:00:00+00:00,0.68339,0.68434,0.68312,0.68393,32323
2019-12-06 04:00:00+00:00,0.68394,0.68453,0.68394,0.68403,21807
2019-12-06 08:00:00+00:00,0.684,0.6851,0.684,0.68502,9673
2019-12-06 12:00:00+00:00,0.68507,0.68565,0.68243,0.683,36023
2019-12-06 16:00:00+00:00,0.68295,0.68431,0.68295,0.68382,11024
2019-12-06 20:00:00+00:00,0.68382,0.68429,0.68379,0.68396,3414
2019-12-08 20:00:00+00:00,0.6831,0.68382,0.68305,0.68352,5375
2019-12-09 00:00:00+00:00,0.6836,0.6836,0.683,0.68307,19754
2019-12-09 04:00:00+00:00,0.68312,0.68355,0.68291,0.68299,14355
2019-12-09 08:00:00+00:00,0.68293,0.68293,0.68215,0.68234,11282
2019-12-09 12:00:00+00:00,0.6824,0.68357,0.6821,0.68305,15718
2019-12-09 16:00:00+00:00,0.68307,0.68346,0.68296,0.68316,11749
2019-12-09 20:00:00+00:00,0.68319,0.68324,0.68208,0.68262,10607
2019-12-10 00:00:00+00:00,0.68255,0.68367,0.68222,0.68308,23344
2019-12-10 04:00:00+00:00,0.68318,0.68328,0.68227,0.68297,13457
2019-12-10 08:00:00+00:00,0.68292,0.68292,0.6811,0.68138,17362
2019-12-10 12:00:00+00:00,0.68137,0.68157,0.68003,0.68076,26966
2019-12-10 16:00:00+00:00,0.68088,0.68161,0.68083,0.68145,13854
2019-12-10 20:00:00+00:00,0.68135,0.6815,0.68053,0.6811,20798
2019-12-11 00:00:00+00:00,0.6813,0.68156,0.68066,0.68139,28831
2019-12-11 04:00:00+00:00,0.68135,0.6821,0.68131,0.68196,13629
2019-12-11 08:00:00+00:00,0.68204,0.68398,0.68189,0.68376,14206
2019-12-11 12:00:00+00:00,0.68373,0.68528,0.68366,0.68517,19421
2019-12-11 16:00:00+00:00,0.68532,0.68887,0.68525,0.68887,21107
2019-12-11 20:00:00+00:00,0.68869,0.68889,0.68676,0.68699,17079
2019-12-12 00:00:00+00:00,0.687,0.6889,0.687,0.68848,21817
2019-12-12 04:00:00+00:00,0.68847,0.68853,0.68781,0.68823,11319
2019-12-12 08:00:00+00:00,0.68814,0.68918,0.688,0.68913,15781
2019-12-12 12:00:00+00:00,0.68911,0.69081,0.68852,0.69002,47084
2019-12-12 16:00:00+00:00,0.69007,0.69016,0.68871,0.6899,30476
2019-12-12 20:00:00+00:00,0.68994,0.69377,0.6899,0.69255,40011
2019-12-13 00:00:00+00:00,0.69249,0.69286,0.69114,0.69281,44362
2019-12-13 04:00:00+00:00,0.69285,0.69285,0.69189,0.69234,23216
2019-12-13 08:00:00+00:00,0.69243,0.69278,0.69119,0.69141,22169
2019-12-13 12:00:00+00:00,0.69139,0.69187,0.68716,0.68731,74504
2019-12-13 16:00:00+00:00,0.6873,0.68781,0.68639,0.68684,20163
2019-12-13 20:00:00+00:00,0.68685,0.68758,0.68657,0.68735,5475
2019-12-15 20:00:00+00:00,0.68811,0.68836,0.68701,0.68746,19668
2019-12-16 00:00:00+00:00,0.68745,0.68849,0.68708,0.68788,30445
2019-12-16 04:00:00+00:00,0.68774,0.6879,0.68685,0.68776,16913
2019-12-16 08:00:00+00:00,0.68769,0.68877,0.68694,0.68872,16908
2019-12-16 12:00:00+00:00,0.68872,0.6897,0.68865,0.68948,16331
2019-12-16 16:00:00+00:00,0.6894,0.6896,0.68861,0.68904,11626
2019-12-16 20:00:00+00:00,0.68902,0.68914,0.68689,0.68724,14392
2019-12-17 00:00:00+00:00,0.68734,0.68765,0.68626,0.68668,25651
2019-12-17 04:00:00+00:00,0.68667,0.68713,0.68578,0.68578,13742
2019-12-17 08:00:00+00:00,0.68571,0.6859,0.68445,0.6852,21573
2019-12-17 12:00:00+00:00,0.68527,0.68565,0.68391,0.6855,22509
2019-12-17 16:00:00+00:00,0.68544,0.68563,0.68456,0.68487,12140
2019-12-17 20:00:00+00:00,0.6849,0.68596,0.68462,0.68506,9724
2019-12-18 00:00:00+00:00,0.68504,0.68525,0.68409,0.68444,20153
2019-12-18 04:00:00+00:00,0.6844,0.68527,0.68394,0.68401,15861
2019-12-18 08:00:00+00:00,0.68438,0.68589,0.6843,0.68526,15818
2019-12-18 12:00:00+00:00,0.68527,0.68638,0.68482,0.68606,19516
2019-12-18 16:00:00+00:00,0.68625,0.68625,0.68513,0.68529,11423
2019-12-18 20:00:00+00:00,0.68509,0.6855,0.68487,0.6855,16989
2019-12-19 00:00:00+00:00,0.68552,0.68772,0.68544,0.68768,29183
2019-12-19 04:00:00+00:00,0.6877,0.68833,0.68754,0.68766,13534
2019-12-19 08:00:00+00:00,0.6876,0.68794,0.68703,0.68715,13209
2019-12-19 12:00:00+00:00,0.68743,0.68796,0.68614,0.68786,24033
2019-12-19 16:00:00+00:00,0.68786,0.6888,0.68759,0.6886,15576
2019-12-19 20:00:00+00:00,0.68868,0.68909,0.68831,0.68899,10218
2019-12-20 00:00:00+00:00,0.68909,0.69005,0.68878,0.68952,18270
2019-12-20 04:00:00+00:00,0.6896,0.68961,0.68845,0.68902,15962
2019-12-20 08:00:00+00:00,0.68917,0.68987,0.68904,0.68966,13201
2019-12-20 12:00:00+00:00,0.68971,0.69047,0.68911,0.69047,20685
2019-12-20 16:00:00+00:00,0.69042,0.69065,0.68981,0.69023,11102
2019-12-20 20:00:00+00:00,0.69037,0.69039,0.68977,0.68977,4401
2019-12-22 20:00:00+00:00,0.6894,0.69058,0.6893,0.69058,6889
2019-12-23 00:00:00+00:00,0.69059,0.69114,0.68974,0.69066,22346
2019-12-23 04:00:00+00:00,0.69052,0.69136,0.69032,0.69121,16979
2019-12-23 08:00:00+00:00,0.69105,0.69281,0.6909,0.69275,15673
2019-12-23 12:00:00+00:00,0.69269,0.69279,0.69078,0.69172,18090
2019-12-23 16:00:00+00:00,0.69167,0.69241,0.6913,0.69241,11634
2019-12-23 20:00:00+00:00,0.6923,0.69257,0.69141,0.69257,13235
2019-12-24 00:00:00+00:00,0.69259,0.69298,0.69135,0.69155,30960
2019-12-24 04:00:00+00:00,0.69166,0.69217,0.69128,0.69203,16888
2019-12-24 08:00:00+00:00,0.69189,0.69236,0.6913,0.69187,14507
2019-12-24 12:00:00+00:00,0.69195,0.69276,0.69167,0.69276,13540
2019-12-24 16:00:00+00:00,0.69275,0.69297,0.69199,0.6921,6873
2019-12-26 04:00:00+00:00,0.6929,0.69307,0.69288,0.69299,725
2019-12-26 08:00:00+00:00,0.69302,0.69302,0.69219,0.69228,3111
2019-12-26 12:00:00+00:00,0.69232,0.69399,0.69232,0.69391,4774
2019-12-26 16:00:00+00:00,0.69384,0.69465,0.69374,0.69451,4677
2019-12-26 20:00:00+00:00,0.69445,0.69493,0.69412,0.69466,11872
2019-12-27 00:00:00+00:00,0.69476,0.69544,0.69444,0.69544,23413
2019-12-27 04:00:00+00:00,0.69547,0.69553,0.69468,0.69508,20952
2019-12-27 08:00:00+00:00,0.69517,0.69762,0.69517,0.69684,19157
2019-12-27 12:00:00+00:00,0.6968,0.69847,0.69653,0.69825,24745
2019-12-27 16:00:00+00:00,0.69818,0.69862,0.69728,0.69862,15878
2019-12-27 20:00:00+00:00,0.6984,0.6987,0.6977,0.69804,5385
2019-12-29 20:00:00+00:00,0.6981,0.69855,0.69784,0.69819,6090
2019-12-30 00:00:00+00:00,0.69837,0.69988,0.69837,0.69889,35409
2019-12-30 04:00:00+00:00,0.69888,0.69943,0.6984,0.69863,19849
2019-12-30 08:00:00+00:00,0.69866,0.6998,0.69846,0.69965,19027
2019-12-30 12:00:00+00:00,0.69965,0.70015,0.69897,0.69955,26499
2019-12-30 16:00:00+00:00,0.6996,0.70042,0.6996,0.69979,15470
2019-12-30 20:00:00+00:00,0.69984,0.70019,0.69929,0.70012,11589
2019-12-31 00:00:00+00:00,0.7003,0.7007,0.7,0.70031,24968
2019-12-31 04:00:00+00:00,0.70031,0.70118,0.70022,0.70086,15115
2019-12-31 08:00:00+00:00,0.70085,0.70138,0.70045,0.70138,14537
2019-12-31 12:00:00+00:00,0.70138,0.70299,0.70124,0.70278,23644
2019-12-31 16:00:00+00:00,0.70298,0.70318,0.70159,0.70162,13485
2020-01-02 04:00:00+00:00,0.7,0.70019,0.69974,0.70005,3800
2020-01-02 08:00:00+00:00,0.70011,0.70057,0.69834,0.69845,17945
2020-01-02 12:00:00+00:00,0.69835,0.70023,0.69835,0.70023,24550
2020-01-02 16:00:00+00:00,0.70023,0.70023,0.69787,0.69817,16141
2020-01-02 20:00:00+00:00,0.69822,0.69917,0.69808,0.69833,11606
2020-01-03 00:00:00+00:00,0.69814,0.69866,0.69632,0.69682,41789
2020-01-03 04:00:00+00:00,0.69702,0.69714,0.69528,0.69541,24957
2020-01-03 08:00:00+00:00,0.69536,0.69592,0.6931,0.69323,24851
2020-01-03 12:00:00+00:00,0.69322,0.69618,0.69313,0.69553,27572
2020-01-03 16:00:00+00:00,0.69558,0.69647,0.69532,0.69584,17655
2020-01-03 20:00:00+00:00,0.69564,0.69574,0.69448,0.69448,4806
2020-01-05 20:00:00+00:00,0.6941,0.69443,0.69336,0.69435,13435
2020-01-06 00:00:00+00:00,0.69454,0.69558,0.69381,0.69419,36269
2020-01-06 04:00:00+00:00,0.69416,0.69477,0.69333,0.69456,24412
2020-01-06 08:00:00+00:00,0.69474,0.69575,0.6939,0.69473,23886
2020-01-06 12:00:00+00:00,0.69478,0.69539,0.69261,0.69333,22799
2020-01-06 16:00:00+00:00,0.69328,0.69382,0.69289,0.69338,11403
2020-01-06 20:00:00+00:00,0.69344,0.69421,0.69336,0.69368,12897
2020-01-07 00:00:00+00:00,0.69372,0.69389,0.69278,0.69364,28517
2020-01-07 04:00:00+00:00,0.69363,0.69363,0.68987,0.69004,37112
2020-01-07 08:00:00+00:00,0.69032,0.69123,0.68705,0.68763,26988
2020-01-07 12:00:00+00:00,0.68782,0.68832,0.68624,0.68685,30645
2020-01-07 16:00:00+00:00,0.68674,0.68712,0.68601,0.68688,13691
2020-01-07 20:00:00+00:00,0.68696,0.68703,0.68504,0.68596,17291
2020-01-08 00:00:00+00:00,0.68589,0.68829,0.68504,0.68715,105004
2020-01-08 04:00:00+00:00,0.68709,0.68847,0.68676,0.68818,26558
2020-01-08 08:00:00+00:00,0.68804,0.68841,0.68642,0.68709,36070
2020-01-08 12:00:00+00:00,0.68709,0.68727,0.68493,0.6855,31512
2020-01-08 16:00:00+00:00,0.6856,0.68793,0.68494,0.68715,21576
2020-01-08 20:00:00+00:00,0.68708,0.68752,0.68631,0.68752,11563
2020-01-09 00:00:00+00:00,0.68749,0.68798,0.6869,0.68709,30538
2020-01-09 04:00:00+00:00,0.68717,0.68781,0.68669,0.68755,20312
2020-01-09 08:00:00+00:00,0.68753,0.68753,0.68553,0.68582,21652
2020-01-09 12:00:00+00:00,0.6858,0.6867,0.68516,0.68536,21413
2020-01-09 16:00:00+00:00,0.6853,0.68559,0.68505,0.68512,13177
2020-01-09 20:00:00+00:00,0.6851,0.68584,0.6851,0.68533,10760
2020-01-10 00:00:00+00:00,0.68525,0.68695,0.68509,0.68695,30802
2020-01-10 04:00:00+00:00,0.68725,0.68823,0.68699,0.68778,17978
2020-01-10 08:00:00+00:00,0.68763,0.68866,0.68704,0.68835,21054
2020-01-10 12:00:00+00:00,0.68821,0.69056,0.68736,0.69056,31469
2020-01-10 16:00:00+00:00,0.69025,0.69107,0.68953,0.69095,14370
2020-01-10 20:00:00+00:00,0.69094,0.69094,0.68986,0.68997,5187
2020-01-12 20:00:00+00:00,0.68973,0.69053,0.68959,0.68998,5598
2020-01-13 00:00:00+00:00,0.69,0.69194,0.6898,0.69166,27937
2020-01-13 04:00:00+00:00,0.69175,0.69184,0.69122,0.69148,18484
2020-01-13 08:00:00+00:00,0.69142,0.69158,0.68951,0.68999,21103
2020-01-13 12:00:00+00:00,0.69006,0.69091,0.68949,0.69043,26813
2020-01-13 16:00:00+00:00,0.69057,0.69163,0.69054,0.6906,12426
2020-01-13 20:00:00+00:00,0.69064,0.69069,0.68973,0.68973,13809
2020-01-14 00:00:00+00:00,0.6899,0.69082,0.68855,0.68991,31920
2020-01-14 04:00:00+00:00,0.68994,0.69056,0.68952,0.69056,24386
2020-01-14 08:00:00+00:00,0.69074,0.69075,0.68914,0.6904,23793
2020-01-14 12:00:00+00:00,0.69034,0.69081,0.68943,0.69004,27018
2020-01-14 16:00:00+00:00,0.69006,0.69061,0.68991,0.69032,14796
2020-01-14 20:00:00+00:00,0.69038,0.69048,0.68927,0.68947,9812
2020-01-15 00:00:00+00:00,0.68938,0.69012,0.6892,0.68962,26277
2020-01-15 04:00:00+00:00,0.68962,0.69008,0.68939,0.68953,17781
2020-01-15 08:00:00+00:00,0.68946,0.68958,0.68827,0.68948,20668
2020-01-15 12:00:00+00:00,0.6894,0.69045,0.68783,0.69045,28534
2020-01-15 16:00:00+00:00,0.69048,0.69164,0.69025,0.69032,15630
2020-01-15 20:00:00+00:00,0.69028,0.69073,0.6899,0.69073,11430
2020-01-16 00:00:00+00:00,0.69071,0.69178,0.6903,0.69053,24139
2020-01-16 04:00:00+00:00,0.69054,0.69089,0.69019,0.69055,13454
2020-01-16 08:00:00+00:00,0.69057,0.69283,0.69057,0.69261,23380
2020-01-16 12:00:00+00:00,0.6926,0.69328,0.68921,0.68973,30721
2020-01-16 16:00:00+00:00,0.6899,0.68992,0.68879,0.68939,14406
2020-01-16 20:00:00+00:00,0.68938,0.69008,0.68936,0.68983,12690
2020-01-17 00:00:00+00:00,0.68962,0.69031,0.68839,0.68927,25518
2020-01-17 04:00:00+00:00,0.68928,0.69087,0.68918,0.69076,17303
2020-01-17 08:00:00+00:00,0.69068,0.69103,0.68924,0.68993,22783
2020-01-17 12:00:00+00:00,0.68994,0.68994,0.68723,0.68797,26066
2020-01-17 16:00:00+00:00,0.68794,0.68794,0.68746,0.68761,10493
2020-01-17 20:00:00+00:00,0.68768,0.68779,0.68711,0.6873,3774
2020-01-19 20:00:00+00:00,0.6872,0.68829,0.6872,0.68813,8644
2020-01-20 00:00:00+00:00,0.68818,0.6884,0.6877,0.6883,21914
2020-01-20 04:00:00+00:00,0.68834,0.68881,0.68767,0.68767,15041
2020-01-20 08:00:00+00:00,0.68769,0.68777,0.68619,0.68659,16489
2020-01-20 12:00:00+00:00,0.68658,0.68665,0.68555,0.68665,12897
2020-01-20 16:00:00+00:00,0.68663,0.6874,0.68657,0.68727,7015
2020-01-20 20:00:00+00:00,0.68728,0.68778,0.68716,0.68756,10940
2020-01-21 00:00:00+00:00,0.68762,0.68802,0.68533,0.68653,37713
2020-01-21 04:00:00+00:00,0.68647,0.68655,0.68544,0.6857,22596
2020-01-21 08:00:00+00:00,0.6856,0.68673,0.68451,0.68648,25284
2020-01-21 12:00:00+00:00,0.68641,0.68744,0.68515,0.68593,28080
2020-01-21 16:00:00+00:00,0.68587,0.68607,0.6843,0.68451,15624
2020-01-21 20:00:00+00:00,0.6845,0.68478,0.68423,0.68474,9602
2020-01-22 00:00:00+00:00,0.6847,0.6847,0.68275,0.68416,41249
2020-01-22 04:00:00+00:00,0.68419,0.68439,0.68359,0.68389,24715
2020-01-22 08:00:00+00:00,0.6838,0.68475,0.68323,0.68468,18145
2020-01-22 12:00:00+00:00,0.68468,0.68562,0.68365,0.68381,27482
2020-01-22 16:00:00+00:00,0.68389,0.68451,0.68333,0.68422,13341
2020-01-22 20:00:00+00:00,0.6844,0.68464,0.68409,0.68414,8823
2020-01-23 00:00:00+00:00,0.68416,0.68785,0.68392,0.68696,42746
2020-01-23 04:00:00+00:00,0.68695,0.68757,0.6857,0.68721,27937
2020-01-23 08:00:00+00:00,0.68702,0.68742,0.68661,0.68686,17216
2020-01-23 12:00:00+00:00,0.68695,0.68747,0.68465,0.68473,48944
2020-01-23 16:00:00+00:00,0.68473,0.68473,0.68297,0.68416,19575
2020-01-23 20:00:00+00:00,0.68415,0.68494,0.6838,0.68482,13760
2020-01-24 00:00:00+00:00,0.68471,0.68509,0.68409,0.6848,27184
2020-01-24 04:00:00+00:00,0.68479,0.68502,0.68413,0.68452,14985
2020-01-24 08:00:00+00:00,0.68467,0.68556,0.68353,0.68482,23546
2020-01-24 12:00:00+00:00,0.68479,0.6848,0.68194,0.68275,33569
2020-01-24 16:00:00+00:00,0.68285,0.68299,0.68178,0.68232,18314
2020-01-24 20:00:00+00:00,0.68231,0.68274,0.68214,0.68247,5945
2020-01-26 20:00:00+00:00,0.6811,0.68175,0.68014,0.68014,31940
2020-01-27 00:00:00+00:00,0.68027,0.68164,0.68019,0.68078,48497
2020-01-27 04:00:00+00:00,0.68079,0.68087,0.67904,0.67904,22514
2020-01-27 08:00:00+00:00,0.67905,0.67923,0.67681,0.67698,23423
2020-01-27 12:00:00+00:00,0.67705,0.67756,0.67562,0.67594,36676
2020-01-27 16:00:00+00:00,0.67585,0.67622,0.6753,0.67575,18819
2020-01-27 20:00:00+00:00,0.6758,0.67619,0.67571,0.67618,14863
2020-01-28 00:00:00+00:00,0.67608,0.67608,0.67483,0.67576,39555
2020-01-28 04:00:00+00:00,0.67577,0.6765,0.67544,0.67555,25389
2020-01-28 08:00:00+00:00,0.67536,0.67556,0.6737,0.67515,21908
2020-01-28 12:00:00+00:00,0.67501,0.67582,0.6747,0.67519,28940
2020-01-28 16:00:00+00:00,0.67527,0.67543,0.67473,0.67516,13168
2020-01-28 20:00:00+00:00,0.67519,0.67652,0.67519,0.67638,19787
2020-01-29 00:00:00+00:00,0.67639,0.67773,0.67593,0.67762,35306
2020-01-29 04:00:00+00:00,0.67753,0.67753,0.67559,0.67591,15433
2020-01-29 08:00:00+00:00,0.67583,0.67619,0.67457,0.67491,16552
2020-01-29 12:00:00+00:00,0.67484,0.67517,0.67359,0.67405,26870
2020-01-29 16:00:00+00:00,0.67413,0.67622,0.674,0.67599,18035
2020-01-29 20:00:00+00:00,0.6761,0.6761,0.67473,0.67533,19852
2020-01-30 00:00:00+00:00,0.67523,0.67526,0.67315,0.67355,37287
2020-01-30 04:00:00+00:00,0.67355,0.67395,0.67222,0.67261,27462
2020-01-30 08:00:00+00:00,0.67253,0.67356,0.67245,0.6731,20685
2020-01-30 12:00:00+00:00,0.673,0.67307,0.67006,0.67047,37638
2020-01-30 16:00:00+00:00,0.67042,0.67178,0.67037,0.67096,24257
2020-01-30 20:00:00+00:00,0.67123,0.67233,0.67055,0.67055,22334
2020-01-31 00:00:00+00:00,0.67069,0.67287,0.67069,0.67128,35759
2020-01-31 04:00:00+00:00,0.67144,0.67233,0.67099,0.671,20637
2020-01-31 08:00:00+00:00,0.67096,0.67096,0.66833,0.66919,24198
2020-01-31 12:00:00+00:00,0.66928,0.67059,0.66878,0.66943,35440
2020-01-31 16:00:00+00:00,0.66953,0.67024,0.66882,0.66968,33140
2020-01-31 20:00:00+00:00,0.66954,0.66957,0.6686,0.66866,8744
2020-02-02 20:00:00+00:00,0.66835,0.66953,0.66835,0.66927,14799
2020-02-03 00:00:00+00:00,0.66914,0.6705,0.66853,0.66932,50678
2020-02-03 04:00:00+00:00,0.66938,0.67067,0.66922,0.67002,22380
2020-02-03 08:00:00+00:00,0.66998,0.67007,0.66863,0.66988,30146
2020-02-03 12:00:00+00:00,0.66984,0.67068,0.66891,0.66939,30737
2020-02-03 16:00:00+00:00,0.66956,0.66976,0.66839,0.66878,18418
2020-02-03 20:00:00+00:00,0.66879,0.66926,0.66873,0.66896,11406
2020-02-04 00:00:00+00:00,0.66891,0.67246,0.66795,0.67151,48974
2020-02-04 04:00:00+00:00,0.67131,0.67261,0.67131,0.67146,30496
2020-02-04 08:00:00+00:00,0.67123,0.6732,0.67059,0.67144,26390
2020-02-04 12:00:00+00:00,0.67157,0.67338,0.67144,0.6727,29820
2020-02-04 16:00:00+00:00,0.67257,0.6739,0.67257,0.67364,16053
2020-02-04 20:00:00+00:00,0.67364,0.67415,0.67311,0.67311,14145
2020-02-05 00:00:00+00:00,0.67325,0.67446,0.67244,0.67382,40928
2020-02-05 04:00:00+00:00,0.67383,0.67434,0.67349,0.67403,18409
2020-02-05 08:00:00+00:00,0.6739,0.67736,0.67363,0.67576,39793
2020-02-05 12:00:00+00:00,0.67553,0.67713,0.67423,0.67449,41176
2020-02-05 16:00:00+00:00,0.67452,0.67537,0.67426,0.67449,15681
2020-02-05 20:00:00+00:00,0.67446,0.67523,0.67443,0.67514,10543
2020-02-06 00:00:00+00:00,0.67512,0.67623,0.67479,0.6752,32828
2020-02-06 04:00:00+00:00,0.67527,0.67642,0.67491,0.67507,26812
2020-02-06 08:00:00+00:00,0.675,0.67518,0.67388,0.6749,21742
2020-02-06 12:00:00+00:00,0.67493,0.67584,0.67314,0.67374,27241
2020-02-06 16:00:00+00:00,0.67372,0.67438,0.67303,0.67303,15176
2020-02-06 20:00:00+00:00,0.67312,0.67354,0.67273,0.67313,10490
2020-02-07 00:00:00+00:00,0.67312,0.67312,0.67124,0.67204,33137
2020-02-07 04:00:00+00:00,0.67207,0.6724,0.67043,0.67043,19469
2020-02-07 08:00:00+00:00,0.67053,0.67064,0.66733,0.66834,24856
2020-02-07 12:00:00+00:00,0.66836,0.66891,0.66639,0.66864,38760
2020-02-07 16:00:00+00:00,0.66885,0.66885,0.66741,0.66771,15109
2020-02-07 20:00:00+00:00,0.6677,0.66792,0.66717,0.66717,5316
2020-02-09 20:00:00+00:00,0.6665,0.66785,0.6665,0.66701,15563
2020-02-10 00:00:00+00:00,0.66696,0.67056,0.66696,0.66994,43073
2020-02-10 04:00:00+00:00,0.66996,0.67069,0.66954,0.66956,21708
2020-02-10 08:00:00+00:00,0.66947,0.66996,0.66892,0.66912,24730
2020-02-10 12:00:00+00:00,0.66928,0.66937,0.6678,0.66793,28038
2020-02-10 16:00:00+00:00,0.66793,0.66806,0.66723,0.66789,14373
2020-02-10 20:00:00+00:00,0.66796,0.66914,0.6679,0.66895,12367
2020-02-11 00:00:00+00:00,0.66883,0.67099,0.66827,0.67094,31307
2020-02-11 04:00:00+00:00,0.67095,0.67191,0.67055,0.67095,18086
2020-02-11 08:00:00+00:00,0.67079,0.67137,0.67042,0.67071,19214
2020-02-11 12:00:00+00:00,0.67083,0.67366,0.67003,0.67214,28555
2020-02-11 16:00:00+00:00,0.67214,0.67232,0.67082,0.67142,20576
2020-02-11 20:00:00+00:00,0.67129,0.67206,0.67114,0.67185,10467
2020-02-12 00:00:00+00:00,0.67192,0.67367,0.67129,0.67292,37595
2020-02-12 04:00:00+00:00,0.67294,0.67339,0.67236,0.67308,23827
2020-02-12 08:00:00+00:00,0.67306,0.67476,0.673,0.67458,23843
2020-02-12 12:00:00+00:00,0.67453,0.67486,0.67341,0.67449,18463
2020-02-12 16:00:00+00:00,0.67455,0.67498,0.67341,0.67354,18286
2020-02-12 20:00:00+00:00,0.67357,0.67381,0.67075,0.67133,18236
2020-02-13 00:00:00+00:00,0.67161,0.67311,0.6715,0.67204,37743
2020-02-13 04:00:00+00:00,0.67206,0.6724,0.67124,0.6723,19844
2020-02-13 08:00:00+00:00,0.67245,0.67372,0.67224,0.67267,22787
2020-02-13 12:00:00+00:00,0.67284,0.67448,0.67267,0.67322,30221
2020-02-13 16:00:00+00:00,0.67342,0.6735,0.67208,0.67242,13656
2020-02-13 20:00:00+00:00,0.67247,0.67249,0.67122,0.67189,12492
2020-02-14 00:00:00+00:00,0.67197,0.67301,0.67133,0.67221,22950
2020-02-14 04:00:00+00:00,0.67225,0.67292,0.67166,0.67288,14179
2020-02-14 08:00:00+00:00,0.67277,0.67283,0.6711,0.67121,15294
2020-02-14 12:00:00+00:00,0.67124,0.67251,0.67107,0.67167,22499
2020-02-14 16:00:00+00:00,0.67172,0.67193,0.67096,0.67105,11366
2020-02-14 20:00:00+00:00,0.67105,0.67151,0.67105,0.67121,4567
2020-02-16 20:00:00+00:00,0.67219,0.67292,0.67164,0.67254,7629
2020-02-17 00:00:00+00:00,0.67242,0.67281,0.6715,0.67233,16912
2020-02-17 04:00:00+00:00,0.67239,0.67333,0.67226,0.67291,12430
2020-02-17 08:00:00+00:00,0.67289,0.67289,0.67185,0.67214,13324
2020-02-17 12:00:00+00:00,0.67211,0.67233,0.67138,0.6714,11115
2020-02-17 16:00:00+00:00,0.67137,0.67205,0.67133,0.67166,4668
2020-02-17 20:00:00+00:00,0.67167,0.67181,0.67075,0.67094,9195
2020-02-18 00:00:00+00:00,0.67089,0.67091,0.66845,0.66911,28574
2020-02-18 04:00:00+00:00,0.66897,0.66936,0.66829,0.66838,15837
2020-02-18 08:00:00+00:00,0.66835,0.6688,0.6674,0.66848,23641
2020-02-18 12:00:00+00:00,0.66846,0.66986,0.66761,0.66967,22801
2020-02-18 16:00:00+00:00,0.66971,0.66971,0.66836,0.66857,10693
2020-02-18 20:00:00+00:00,0.66858,0.6694,0.66853,0.6694,11421
2020-02-19 00:00:00+00:00,0.66946,0.67013,0.66839,0.66959,20843
2020-02-19 04:00:00+00:00,0.66968,0.67034,0.66909,0.67018,12816
2020-02-19 08:00:00+00:00,0.67014,0.67072,0.66867,0.66901,17979
2020-02-19 12:00:00+00:00,0.66897,0.66939,0.66654,0.66726,20585
2020-02-19 16:00:00+00:00,0.66735,0.66786,0.66701,0.66719,12333
2020-02-19 20:00:00+00:00,0.66734,0.66837,0.66734,0.66808,11360
2020-02-20 00:00:00+00:00,0.6682,0.66911,0.66306,0.66366,49489
2020-02-20 04:00:00+00:00,0.66357,0.66539,0.66357,0.66404,25153
2020-02-20 08:00:00+00:00,0.66397,0.66412,0.66223,0.66328,27037
2020-02-20 12:00:00+00:00,0.66319,0.66356,0.66159,0.66267,30481
2020-02-20 16:00:00+00:00,0.66275,0.66276,0.66105,0.66137,20614
2020-02-20 20:00:00+00:00,0.66147,0.6618,0.66117,0.66117,10658
2020-02-21 00:00:00+00:00,0.66118,0.66237,0.65937,0.66028,32151
2020-02-21 04:00:00+00:00,0.66027,0.66052,0.65903,0.65922,20912
2020-02-21 08:00:00+00:00,0.65919,0.66049,0.65861,0.66009,33733
2020-02-21 12:00:00+00:00,0.6601,0.66349,0.65978,0.66315,33434
2020-02-21 16:00:00+00:00,0.66314,0.66386,0.66284,0.66309,15251
2020-02-21 20:00:00+00:00,0.66308,0.66317,0.66232,0.66264,7006
2020-02-23 20:00:00+00:00,0.6585,0.66087,0.6585,0.66057,17567
2020-02-24 00:00:00+00:00,0.66055,0.66193,0.66004,0.66076,36134
2020-02-24 04:00:00+00:00,0.66084,0.66103,0.65904,0.65941,25131
2020-02-24 08:00:00+00:00,0.65935,0.66053,0.65877,0.66038,38163
2020-02-24 12:00:00+00:00,0.66035,0.66189,0.65945,0.6617,33932
2020-02-24 16:00:00+00:00,0.66172,0.66191,0.65977,0.65977,23752
2020-02-24 20:00:00+00:00,0.65991,0.66127,0.65991,0.66106,19130
2020-02-25 00:00:00+00:00,0.66112,0.66222,0.66079,0.66202,37658
2020-02-25 04:00:00+00:00,0.66213,0.66213,0.66085,0.6609,22289
2020-02-25 08:00:00+00:00,0.66082,0.66178,0.6593,0.65973,31831
2020-02-25 12:00:00+00:00,0.65973,0.66053,0.65867,0.66053,33998
2020-02-25 16:00:00+00:00,0.66034,0.66078,0.65949,0.66001,28725
2020-02-25 20:00:00+00:00,0.66009,0.6605,0.65946,0.6605,19652
2020-02-26 00:00:00+00:00,0.66032,0.66056,0.65893,0.66018,37045
2020-02-26 04:00:00+00:00,0.66016,0.66016,0.65713,0.65749,31057
2020-02-26 08:00:00+00:00,0.65756,0.65803,0.65653,0.65682,41050
2020-02-26 12:00:00+00:00,0.65671,0.65775,0.65528,0.65546,42104
2020-02-26 16:00:00+00:00,0.65534,0.65623,0.65522,0.65566,29412
2020-02-26 20:00:00+00:00,0.6557,0.65576,0.65425,0.65468,23272
2020-02-27 00:00:00+00:00,0.65493,0.65604,0.65457,0.65577,52470
2020-02-27 04:00:00+00:00,0.65566,0.65641,0.65463,0.65627,32869
2020-02-27 08:00:00+00:00,0.65627,0.65805,0.65609,0.65739,34183
2020-02-27 12:00:00+00:00,0.65726,0.65895,0.65723,0.65762,48584
2020-02-27 16:00:00+00:00,0.65756,0.65896,0.65751,0.65837,35804
2020-02-27 20:00:00+00:00,0.65833,0.65851,0.65629,0.65803,31412
2020-02-28 00:00:00+00:00,0.65812,0.65844,0.65291,0.6536,63435
2020-02-28 04:00:00+00:00,0.65375,0.65383,0.65168,0.65294,59878
2020-02-28 08:00:00+00:00,0.65302,0.65442,0.64984,0.64999,81480
2020-02-28 12:00:00+00:00,0.64999,0.65116,0.64374,0.64575,68278
2020-02-28 16:00:00+00:00,0.64458,0.65256,0.64418,0.65216,72430
2020-02-28 20:00:00+00:00,0.65218,0.65314,0.65036,0.6506,27509
2020-03-01 20:00:00+00:00,0.64656,0.65236,0.64656,0.65136,19309
2020-03-02 00:00:00+00:00,0.65125,0.65455,0.64892,0.65265,48355
2020-03-02 04:00:00+00:00,0.65243,0.6546,0.65138,0.65418,38959
2020-03-02 08:00:00+00:00,0.65401,0.65677,0.65257,0.6529,66270
2020-03-02 12:00:00+00:00,0.65349,0.65507,0.65149,0.65174,75215
2020-03-02 16:00:00+00:00,0.65147,0.65377,0.6513,0.65314,45320
2020-03-02 20:00:00+00:00,0.65332,0.65489,0.65213,0.65489,27407
2020-03-03 00:00:00+00:00,0.65445,0.6563,0.65107,0.65506,60622
2020-03-03 04:00:00+00:00,0.65489,0.65607,0.654,0.65505,41803
2020-03-03 08:00:00+00:00,0.65481,0.65676,0.65476,0.65671,32743
2020-03-03 12:00:00+00:00,0.65672,0.6643,0.65606,0.66226,88226
2020-03-03 16:00:00+00:00,0.66193,0.66246,0.65905,0.65969,66088
2020-03-03 20:00:00+00:00,0.6596,0.66021,0.65777,0.65827,35422
2020-03-04 00:00:00+00:00,0.65861,0.66147,0.65861,0.6605,55505
2020-03-04 04:00:00+00:00,0.66042,0.66072,0.65916,0.6604,34846
2020-03-04 08:00:00+00:00,0.66037,0.66272,0.65978,0.66225,34925
2020-03-04 12:00:00+00:00,0.66223,0.66265,0.66075,0.66211,40388
2020-03-04 16:00:00+00:00,0.6621,0.66232,0.6604,0.66135,22363
2020-03-04 20:00:00+00:00,0.66156,0.66284,0.66141,0.66284,16340
2020-03-05 00:00:00+00:00,0.66271,0.66271,0.66086,0.66198,26764
2020-03-05 04:00:00+00:00,0.66201,0.6634,0.6618,0.66283,16079
2020-03-05 08:00:00+00:00,0.66282,0.66366,0.66181,0.66187,25453
2020-03-05 12:00:00+00:00,0.66156,0.66222,0.65848,0.66047,35492
2020-03-05 16:00:00+00:00,0.66046,0.66067,0.65885,0.65929,22656
2020-03-05 20:00:00+00:00,0.65914,0.66192,0.65899,0.66159,19174
2020-03-06 00:00:00+00:00,0.66181,0.66229,0.65858,0.65959,37066
2020-03-06 04:00:00+00:00,0.65961,0.66245,0.6594,0.66228,20775
2020-03-06 08:00:00+00:00,0.66199,0.66573,0.66199,0.66463,49909
2020-03-06 12:00:00+00:00,0.66471,0.66473,0.66248,0.66289,54255
2020-03-06 16:00:00+00:00,0.66298,0.66395,0.66257,0.66395,26008
2020-03-06 20:00:00+00:00,0.66361,0.66454,0.66343,0.66454,11697
2020-03-08 20:00:00+00:00,0.66066,0.66211,0.6594,0.66124,46328
2020-03-09 00:00:00+00:00,0.66121,0.66252,0.63356,0.65205,106855
2020-03-09 04:00:00+00:00,0.65161,0.65637,0.65086,0.65475,80449
2020-03-09 08:00:00+00:00,0.65463,0.66105,0.65397,0.66011,61574
2020-03-09 12:00:00+00:00,0.66005,0.66839,0.65931,0.66554,105165
2020-03-09 16:00:00+00:00,0.66551,0.66551,0.65812,0.65933,81516
2020-03-09 20:00:00+00:00,0.65924,0.66115,0.65819,0.65974,42524
2020-03-10 00:00:00+00:00,0.66025,0.66035,0.6552,0.6578,74662
2020-03-10 04:00:00+00:00,0.65802,0.65861,0.65446,0.65573,66725
2020-03-10 08:00:00+00:00,0.65567,0.658,0.65516,0.65569,69847
2020-03-10 12:00:00+00:00,0.65551,0.65629,0.6469,0.6469,80864
2020-03-10 16:00:00+00:00,0.64758,0.64953,0.64662,0.64844,69533
2020-03-10 20:00:00+00:00,0.64826,0.65126,0.6478,0.64943,32543
2020-03-11 00:00:00+00:00,0.64945,0.65177,0.64889,0.65141,48228
2020-03-11 04:00:00+00:00,0.65136,0.65232,0.6496,0.65194,62084
2020-03-11 08:00:00+00:00,0.65212,0.65344,0.65162,0.65261,54179
2020-03-11 12:00:00+00:00,0.65237,0.65359,0.64993,0.6512,73573
2020-03-11 16:00:00+00:00,0.65073,0.65205,0.64861,0.64878,63828
2020-03-11 20:00:00+00:00,0.6489,0.64924,0.64724,0.64769,46812
2020-03-12 00:00:00+00:00,0.64769,0.64807,0.64515,0.64586,122157
2020-03-12 04:00:00+00:00,0.64591,0.6465,0.64355,0.64528,79400
2020-03-12 08:00:00+00:00,0.64487,0.64589,0.63711,0.63845,58446
2020-03-12 12:00:00+00:00,0.63813,0.63844,0.62703,0.62781,148139
2020-03-12 16:00:00+00:00,0.62804,0.63799,0.62804,0.62997,153781
2020-03-12 20:00:00+00:00,0.62973,0.63104,0.62167,0.62744,62950
2020-03-13 00:00:00+00:00,0.62814,0.63206,0.62654,0.62903,76667
2020-03-13 04:00:00+00:00,0.62883,0.63193,0.62833,0.62848,79550
2020-03-13 08:00:00+00:00,0.6286,0.63132,0.62768,0.63033,77397
2020-03-13 12:00:00+00:00,0.6305,0.63117,0.61517,0.61596,142607
2020-03-13 16:00:00+00:00,0.61528,0.62285,0.61278,0.62285,121699
2020-03-13 20:00:00+00:00,0.62127,0.62134,0.61697,0.61836,16259
2020-03-15 20:00:00+00:00,0.61794,0.63012,0.61121,0.61784,36582
2020-03-16 00:00:00+00:00,0.6178,0.61843,0.60956,0.61666,77115
2020-03-16 04:00:00+00:00,0.61658,0.61821,0.61237,0.61485,70663
2020-03-16 08:00:00+00:00,0.61485,0.61826,0.61465,0.6173,94839
2020-03-16 12:00:00+00:00,0.61701,0.61762,0.60812,0.61323,159572
2020-03-16 16:00:00+00:00,0.61314,0.61484,0.61123,0.61266,118470
2020-03-16 20:00:00+00:00,0.61192,0.61256,0.60888,0.61018,55814
2020-03-17 00:00:00+00:00,0.61027,0.61432,0.60959,0.6124,66959
2020-03-17 04:00:00+00:00,0.61222,0.61376,0.6066,0.60838,69708
2020-03-17 08:00:00+00:00,0.60863,0.60909,0.59988,0.60032,101176
2020-03-17 12:00:00+00:00,0.60005,0.6036,0.59706,0.59769,111373
2020-03-17 16:00:00+00:00,0.59763,0.60079,0.59617,0.59929,90338
2020-03-17 20:00:00+00:00,0.59876,0.60249,0.59827,0.59896,44272
2020-03-18 00:00:00+00:00,0.59886,0.60221,0.59859,0.60189,55307
2020-03-18 04:00:00+00:00,0.60204,0.60265,0.59664,0.59691,56930
2020-03-18 08:00:00+00:00,0.59634,0.59688,0.59127,0.59141,127529
2020-03-18 12:00:00+00:00,0.59089,0.59121,0.58161,0.58212,151382
2020-03-18 16:00:00+00:00,0.58192,0.5835,0.57054,0.57987,167043
2020-03-18 20:00:00+00:00,0.57925,0.58138,0.57593,0.57909,55110
2020-03-19 00:00:00+00:00,0.58025,0.58025,0.5516,0.55582,131966
2020-03-19 04:00:00+00:00,0.5568,0.57874,0.5561,0.56685,122789
2020-03-19 08:00:00+00:00,0.56783,0.57606,0.56749,0.57468,110190
2020-03-19 12:00:00+00:00,0.5744,0.59515,0.57089,0.58515,227673
2020-03-19 16:00:00+00:00,0.58502,0.58835,0.57385,0.57525,162534
2020-03-19 20:00:00+00:00,0.57483,0.5765,0.56676,0.57433,50432
2020-03-20 00:00:00+00:00,0.57443,0.59024,0.57143,0.58662,75488
2020-03-20 04:00:00+00:00,0.58648,0.59783,0.58375,0.59585,101304
2020-03-20 08:00:00+00:00,0.59517,0.59517,0.5886,0.58899,170074
2020-03-20 12:00:00+00:00,0.5881,0.59172,0.5801,0.58397,226560
2020-03-20 16:00:00+00:00,0.58466,0.58466,0.57785,0.58002,144957
2020-03-20 20:00:00+00:00,0.58026,0.58073,0.57486,0.58067,10312
2020-03-22 20:00:00+00:00,0.581,0.58248,0.57057,0.57516,71249
2020-03-23 00:00:00+00:00,0.5763,0.57711,0.5701,0.5755,145956
2020-03-23 04:00:00+00:00,0.57606,0.58056,0.57477,0.57854,161540
2020-03-23 08:00:00+00:00,0.57854,0.57943,0.57234,0.57234,210744
2020-03-23 12:00:00+00:00,0.57437,0.58388,0.57392,0.57519,268022
2020-03-23 16:00:00+00:00,0.5755,0.5808,0.57539,0.57912,156557
2020-03-23 20:00:00+00:00,0.57908,0.58778,0.5789,0.58751,109411
2020-03-24 00:00:00+00:00,0.58758,0.59442,0.58686,0.5922,159605
2020-03-24 04:00:00+00:00,0.59217,0.59742,0.58885,0.59467,138503
2020-03-24 08:00:00+00:00,0.59543,0.59636,0.5896,0.5896,85083
2020-03-24 12:00:00+00:00,0.58948,0.59626,0.58655,0.59255,172935
2020-03-24 16:00:00+00:00,0.59267,0.59358,0.58902,0.59309,101933
2020-03-24 20:00:00+00:00,0.59315,0.5989,0.59307,0.59684,47085
2020-03-25 00:00:00+00:00,0.59637,0.59847,0.59377,0.59803,91290
2020-03-25 04:00:00+00:00,0.59802,0.60462,0.59745,0.60394,86204
2020-03-25 08:00:00+00:00,0.60379,0.6071,0.59922,0.60069,100068
2020-03-25 12:00:00+00:00,0.60035,0.60255,0.59359,0.59542,150350
2020-03-25 16:00:00+00:00,0.59621,0.59765,0.59523,0.59632,105635
2020-03-25 20:00:00+00:00,0.59595,0.59606,0.58938,0.59014,48199
2020-03-26 00:00:00+00:00,0.59012,0.59187,0.58713,0.59156,59303
2020-03-26 04:00:00+00:00,0.59194,0.59456,0.59076,0.59456,46397
2020-03-26 08:00:00+00:00,0.5947,0.60227,0.59441,0.5996,92179
2020-03-26 12:00:00+00:00,0.59962,0.60639,0.59807,0.60501,161316
2020-03-26 16:00:00+00:00,0.60455,0.60871,0.60415,0.60668,92866
2020-03-26 20:00:00+00:00,0.60655,0.60803,0.60356,0.60777,30370
2020-03-27 00:00:00+00:00,0.60744,0.61243,0.6045,0.61132,84558
2020-03-27 04:00:00+00:00,0.61067,0.61242,0.60499,0.60686,84218
2020-03-27 08:00:00+00:00,0.60722,0.60939,0.60538,0.60584,109876
2020-03-27 12:00:00+00:00,0.60526,0.61291,0.60239,0.61244,115829
2020-03-27 16:00:00+00:00,0.61263,0.61997,0.6112,0.61715,88551
2020-03-27 20:00:00+00:00,0.61715,0.61792,0.61621,0.6165,4757
2020-03-29 20:00:00+00:00,0.61466,0.6179,0.61135,0.61738,48264
2020-03-30 00:00:00+00:00,0.61711,0.61807,0.6127,0.61369,92681
2020-03-30 04:00:00+00:00,0.61375,0.61685,0.61144,0.61354,103758
2020-03-30 08:00:00+00:00,0.61355,0.6161,0.61228,0.61257,74003
2020-03-30 12:00:00+00:00,0.61238,0.61712,0.61184,0.61435,133188
2020-03-30 16:00:00+00:00,0.61409,0.61748,0.61409,0.61696,71376
2020-03-30 20:00:00+00:00,0.61657,0.61752,0.61513,0.61648,28326
2020-03-31 00:00:00+00:00,0.61628,0.61988,0.60856,0.61741,105731
2020-03-31 04:00:00+00:00,0.61738,0.62074,0.61507,0.6166,92232
2020-03-31 08:00:00+00:00,0.61592,0.61702,0.60829,0.61042,102694
2020-03-31 12:00:00+00:00,0.61006,0.61496,0.60875,0.61384,175382
2020-03-31 16:00:00+00:00,0.61372,0.61523,0.60835,0.61523,142797
2020-03-31 20:00:00+00:00,0.61482,0.61567,0.61096,0.61378,37534
2020-04-01 00:00:00+00:00,0.61395,0.61447,0.61136,0.61225,63329
2020-04-01 04:00:00+00:00,0.61242,0.61358,0.60642,0.60692,83665
2020-04-01 08:00:00+00:00,0.60692,0.60824,0.6053,0.60633,86478
2020-04-01 12:00:00+00:00,0.60616,0.61398,0.60416,0.6106,113682
2020-04-01 16:00:00+00:00,0.61058,0.61058,0.60641,0.60775,65654
2020-04-01 20:00:00+00:00,0.6078,0.60911,0.60629,0.609,30290
2020-04-02 00:00:00+00:00,0.60863,0.60926,0.60645,0.60826,52158
2020-04-02 04:00:00+00:00,0.60829,0.61176,0.60752,0.61047,62908
2020-04-02 08:00:00+00:00,0.61035,0.6112,0.60805,0.60809,59100
2020-04-02 12:00:00+00:00,0.60792,0.6082,0.60103,0.60447,156546
2020-04-02 16:00:00+00:00,0.60473,0.60608,0.60273,0.60554,98656
2020-04-02 20:00:00+00:00,0.60527,0.60688,0.6051,0.60646,22616
2020-04-03 00:00:00+00:00,0.60678,0.60678,0.60462,0.60667,46056
2020-04-03 04:00:00+00:00,0.60663,0.60751,0.60339,0.60349,55056
2020-04-03 08:00:00+00:00,0.60318,0.60397,0.59813,0.60004,80438
2020-04-03 12:00:00+00:00,0.59992,0.60226,0.59831,0.6,103353
2020-04-03 16:00:00+00:00,0.60003,0.60058,0.59893,0.59934,63187
2020-04-03 20:00:00+00:00,0.59934,0.59972,0.59887,0.59908,6967
2020-04-05 20:00:00+00:00,0.6012,0.60143,0.5992,0.5993,28455
2020-04-06 00:00:00+00:00,0.59947,0.60437,0.59912,0.60174,64515
2020-04-06 04:00:00+00:00,0.60186,0.60609,0.60066,0.6057,57434
2020-04-06 08:00:00+00:00,0.60547,0.60831,0.60408,0.60782,51913
2020-04-06 12:00:00+00:00,0.60797,0.61046,0.60636,0.60954,65358
2020-04-06 16:00:00+00:00,0.60951,0.60969,0.60821,0.60873,51497
2020-04-06 20:00:00+00:00,0.6087,0.61214,0.60761,0.61169,24628
2020-04-07 00:00:00+00:00,0.61175,0.61275,0.60985,0.6113,61326
2020-04-07 04:00:00+00:00,0.61112,0.61933,0.61084,0.61891,80769
2020-04-07 08:00:00+00:00,0.61871,0.61907,0.61665,0.61892,56856
2020-04-07 12:00:00+00:00,0.61889,0.62078,0.61676,0.61859,86079
2020-04-07 16:00:00+00:00,0.61864,0.6202,0.61848,0.61873,61157
2020-04-07 20:00:00+00:00,0.61874,0.61874,0.61513,0.61513,31344
2020-04-08 00:00:00+00:00,0.61551,0.61551,0.61237,0.61275,81885
2020-04-08 04:00:00+00:00,0.61283,0.6152,0.61171,0.61436,93619
2020-04-08 08:00:00+00:00,0.6142,0.61843,0.61297,0.61777,55367
2020-04-08 12:00:00+00:00,0.61775,0.62344,0.61766,0.62229,78793
2020-04-08 16:00:00+00:00,0.62208,0.62412,0.62203,0.62268,45176
2020-04-08 20:00:00+00:00,0.62263,0.62399,0.62212,0.62331,17851
2020-04-09 00:00:00+00:00,0.6232,0.62499,0.62114,0.6237,52739
2020-04-09 04:00:00+00:00,0.62351,0.62453,0.61953,0.6243,56113
2020-04-09 08:00:00+00:00,0.62416,0.62416,0.62185,0.62304,40156
2020-04-09 12:00:00+00:00,0.62303,0.63127,0.62292,0.63079,94243
2020-04-09 16:00:00+00:00,0.63061,0.63479,0.63049,0.63439,61563
2020-04-09 20:00:00+00:00,0.63409,0.63462,0.63268,0.63306,11748
2020-04-10 00:00:00+00:00,0.63313,0.63437,0.63128,0.63383,10713
2020-04-10 04:00:00+00:00,0.63382,0.63675,0.63382,0.63643,12288
2020-04-10 08:00:00+00:00,0.63592,0.6363,0.63367,0.63471,10384
2020-04-10 12:00:00+00:00,0.63468,0.63518,0.63423,0.63448,6863
2020-04-10 16:00:00+00:00,0.63448,0.63517,0.63447,0.63513,6078
2020-04-10 20:00:00+00:00,0.63519,0.63534,0.63488,0.63504,730
2020-04-12 20:00:00+00:00,0.63447,0.63563,0.63272,0.63346,13152
2020-04-13 00:00:00+00:00,0.63382,0.63455,0.63313,0.63361,30786
2020-04-13 04:00:00+00:00,0.63363,0.63617,0.63338,0.63461,24185
2020-04-13 08:00:00+00:00,0.63478,0.63627,0.63327,0.63627,26051
2020-04-13 12:00:00+00:00,0.63607,0.63844,0.63557,0.63791,53413
2020-04-13 16:00:00+00:00,0.63791,0.64063,0.63791,0.63942,27940
2020-04-13 20:00:00+00:00,0.63946,0.64052,0.63753,0.63993,19946
2020-04-14 00:00:00+00:00,0.63982,0.64309,0.63921,0.64274,45950
2020-04-14 04:00:00+00:00,0.64271,0.643,0.63988,0.64142,42202
2020-04-14 08:00:00+00:00,0.6412,0.64128,0.63753,0.64023,47365
2020-04-14 12:00:00+00:00,0.64027,0.64232,0.63931,0.64171,62938
2020-04-14 16:00:00+00:00,0.64187,0.6442,0.6412,0.64397,34187
2020-04-14 20:00:00+00:00,0.64398,0.64444,0.64329,0.64348,13384
2020-04-15 00:00:00+00:00,0.64339,0.64339,0.64056,0.64089,33043
2020-04-15 04:00:00+00:00,0.64087,0.64101,0.63269,0.63299,49036
2020-04-15 08:00:00+00:00,0.63284,0.63473,0.63133,0.63192,54499
2020-04-15 12:00:00+00:00,0.63163,0.63374,0.62848,0.6327,83044
2020-04-15 16:00:00+00:00,0.63262,0.63483,0.63144,0.63144,46567
2020-04-15 20:00:00+00:00,0.63158,0.63219,0.63018,0.63085,21911
2020-04-16 00:00:00+00:00,0.63094,0.63201,0.62694,0.62771,67323
2020-04-16 04:00:00+00:00,0.6278,0.63053,0.62654,0.62914,65080
2020-04-16 08:00:00+00:00,0.62891,0.63092,0.62847,0.62989,57131
2020-04-16 12:00:00+00:00,0.63023,0.63297,0.62917,0.63018,82613
2020-04-16 16:00:00+00:00,0.63024,0.63132,0.62722,0.63109,55290
2020-04-16 20:00:00+00:00,0.63116,0.63803,0.6303,0.63595,37603
2020-04-17 00:00:00+00:00,0.63591,0.63822,0.63532,0.6357,54028
2020-04-17 04:00:00+00:00,0.6355,0.63711,0.63161,0.63209,55660
2020-04-17 08:00:00+00:00,0.63219,0.63558,0.63165,0.63546,62573
2020-04-17 12:00:00+00:00,0.63538,0.63763,0.63402,0.63555,79568
2020-04-17 16:00:00+00:00,0.63546,0.63665,0.6346,0.63654,30446
2020-04-17 20:00:00+00:00,0.6364,0.63718,0.636,0.63609,6860
2020-04-19 20:00:00+00:00,0.63603,0.63656,0.63365,0.63365,15540
2020-04-20 00:00:00+00:00,0.63393,0.63523,0.63365,0.63428,37081
2020-04-20 04:00:00+00:00,0.6343,0.63689,0.63393,0.63689,45483
2020-04-20 08:00:00+00:00,0.63662,0.63923,0.63542,0.63542,50929
2020-04-20 12:00:00+00:00,0.63536,0.63932,0.63492,0.63862,60573
2020-04-20 16:00:00+00:00,0.6386,0.63896,0.63376,0.63376,34810
2020-04-20 20:00:00+00:00,0.63378,0.63467,0.633,0.63419,22757
2020-04-21 00:00:00+00:00,0.6346,0.6346,0.62843,0.6304,60093
2020-04-21 04:00:00+00:00,0.63011,0.63262,0.62885,0.62937,59495
2020-04-21 08:00:00+00:00,0.62885,0.6307,0.62696,0.62696,63563
2020-04-21 12:00:00+00:00,0.62707,0.63078,0.62536,0.62772,80661
2020-04-21 16:00:00+00:00,0.62746,0.63031,0.62684,0.62955,40082
2020-04-21 20:00:00+00:00,0.62965,0.62969,0.62771,0.62924,16500
2020-04-22 00:00:00+00:00,0.62965,0.63275,0.62812,0.63048,53895
2020-04-22 04:00:00+00:00,0.63035,0.63452,0.62951,0.63395,52450
2020-04-22 08:00:00+00:00,0.63362,0.6351,0.63237,0.63303,42574
2020-04-22 12:00:00+00:00,0.63303,0.63303,0.63034,0.63186,54709
2020-04-22 16:00:00+00:00,0.63184,0.63278,0.63097,0.63215,19570
2020-04-22 20:00:00+00:00,0.6319,0.63223,0.62947,0.62968,16744
2020-04-23 00:00:00+00:00,0.6298,0.63147,0.62884,0.63002,44189
2020-04-23 04:00:00+00:00,0.63015,0.63632,0.62995,0.63332,59607
2020-04-23 08:00:00+00:00,0.63369,0.63645,0.63345,0.63535,44623
2020-04-23 12:00:00+00:00,0.63522,0.64047,0.63516,0.63875,67853
2020-04-23 16:00:00+00:00,0.63865,0.63909,0.63673,0.6377,37832
2020-04-23 20:00:00+00:00,0.63743,0.63799,0.63659,0.6376,15285
2020-04-24 00:00:00+00:00,0.63776,0.63793,0.6351,0.63588,45123
2020-04-24 04:00:00+00:00,0.63605,0.63645,0.63379,0.63565,38346
2020-04-24 08:00:00+00:00,0.63557,0.63839,0.63475,0.63736,34418
2020-04-24 12:00:00+00:00,0.63742,0.63832,0.63607,0.63757,47208
2020-04-24 16:00:00+00:00,0.63758,0.63892,0.63697,0.63892,20665
2020-04-24 20:00:00+00:00,0.63876,0.63964,0.63867,0.6394,4811
2020-04-26 20:00:00+00:00,0.63811,0.63976,0.63806,0.63972,10931
2020-04-27 00:00:00+00:00,0.63961,0.64376,0.63938,0.6434,43775
2020-04-27 04:00:00+00:00,0.64365,0.64687,0.6434,0.64527,34002
2020-04-27 08:00:00+00:00,0.64519,0.64658,0.6445,0.64585,30928
2020-04-27 12:00:00+00:00,0.64571,0.64701,0.64493,0.64593,52059
2020-04-27 16:00:00+00:00,0.64574,0.64674,0.64511,0.64631,18378
2020-04-27 20:00:00+00:00,0.64632,0.64688,0.64442,0.64493,17961
2020-04-28 00:00:00+00:00,0.64494,0.64624,0.6435,0.6443,38898
2020-04-28 04:00:00+00:00,0.64401,0.64889,0.64367,0.64866,39437
2020-04-28 08:00:00+00:00,0.64842,0.65121,0.64782,0.65039,49815
2020-04-28 12:00:00+00:00,0.65041,0.65064,0.64822,0.64981,55509
2020-04-28 16:00:00+00:00,0.6494,0.65101,0.64924,0.64971,21133
2020-04-28 20:00:00+00:00,0.64973,0.65063,0.64861,0.65022,19205
2020-04-29 00:00:00+00:00,0.65024,0.65346,0.65012,0.65346,41760
2020-04-29 04:00:00+00:00,0.65355,0.65455,0.65267,0.65366,37487
2020-04-29 08:00:00+00:00,0.65363,0.65363,0.65066,0.65089,30009
2020-04-29 12:00:00+00:00,0.65086,0.65384,0.65068,0.65355,53436
2020-04-29 16:00:00+00:00,0.65382,0.65516,0.65223,0.65463,39520
2020-04-29 20:00:00+00:00,0.6546,0.65582,0.6544,0.65543,13617
2020-04-30 00:00:00+00:00,0.6552,0.65575,0.65307,0.65555,39278
2020-04-30 04:00:00+00:00,0.65549,0.65693,0.65374,0.65457,39219
2020-04-30 08:00:00+00:00,0.65492,0.65569,0.65364,0.6548,35287
2020-04-30 12:00:00+00:00,0.65491,0.65609,0.64914,0.65231,111464
2020-04-30 16:00:00+00:00,0.65167,0.65293,0.65055,0.65156,46220
2020-04-30 20:00:00+00:00,0.65156,0.65195,0.64831,0.64943,16627
2020-05-01 00:00:00+00:00,0.64965,0.64965,0.64563,0.64653,46643
2020-05-01 04:00:00+00:00,0.64655,0.64692,0.64392,0.64486,32224
2020-05-01 08:00:00+00:00,0.64454,0.64568,0.64393,0.64456,30753
2020-05-01 12:00:00+00:00,0.64456,0.64527,0.64183,0.64238,52996
2020-05-01 16:00:00+00:00,0.64184,0.64257,0.64114,0.64205,23271
2020-05-01 20:00:00+00:00,0.64212,0.64235,0.64162,0.64162,4996
2020-05-03 20:00:00+00:00,0.6409,0.64102,0.63748,0.63763,18670
2020-05-04 00:00:00+00:00,0.63779,0.64038,0.63727,0.64012,38856
2020-05-04 04:00:00+00:00,0.64007,0.64122,0.63776,0.64078,46405
2020-05-04 08:00:00+00:00,0.64076,0.64252,0.63991,0.64216,37066
2020-05-04 12:00:00+00:00,0.6419,0.64311,0.63938,0.64116,66919
2020-05-04 16:00:00+00:00,0.64106,0.64341,0.64084,0.64314,24685
2020-05-04 20:00:00+00:00,0.64283,0.64314,0.64191,0.64254,15451
2020-05-05 00:00:00+00:00,0.64277,0.6454,0.64277,0.6448,32303
2020-05-05 04:00:00+00:00,0.6447,0.64612,0.64377,0.64489,35499
2020-05-05 08:00:00+00:00,0.64488,0.6458,0.64183,0.64417,54304
2020-05-05 12:00:00+00:00,0.64418,0.64739,0.64396,0.64569,53452
2020-05-05 16:00:00+00:00,0.64581,0.64605,0.64373,0.64396,19181
2020-05-05 20:00:00+00:00,0.64393,0.64432,0.64272,0.64331,17229
2020-05-06 00:00:00+00:00,0.64335,0.64363,0.64198,0.64297,31837
2020-05-06 04:00:00+00:00,0.64295,0.64511,0.64283,0.64362,24565
2020-05-06 08:00:00+00:00,0.64375,0.64447,0.64164,0.64426,26355
2020-05-06 12:00:00+00:00,0.64439,0.64522,0.64076,0.64145,59989
2020-05-06 16:00:00+00:00,0.64169,0.64232,0.63969,0.63969,23766
2020-05-06 20:00:00+00:00,0.63959,0.64047,0.63787,0.63909,21717
2020-05-07 00:00:00+00:00,0.63967,0.64236,0.63954,0.64168,45087
2020-05-07 04:00:00+00:00,0.64181,0.64702,0.64118,0.64549,45749
2020-05-07 08:00:00+00:00,0.64526,0.64679,0.64512,0.64634,29523
2020-05-07 12:00:00+00:00,0.64637,0.64994,0.64419,0.64991,44074
2020-05-07 16:00:00+00:00,0.6499,0.65042,0.64829,0.64861,27201
2020-05-07 20:00:00+00:00,0.64851,0.651,0.64838,0.65006,21617
2020-05-08 00:00:00+00:00,0.65024,0.65477,0.64984,0.65337,41595
2020-05-08 04:00:00+00:00,0.65334,0.65375,0.65174,0.65208,21077
2020-05-08 08:00:00+00:00,0.65182,0.65257,0.6508,0.65199,18054
2020-05-08 12:00:00+00:00,0.65206,0.65429,0.65054,0.65429,67146
2020-05-08 16:00:00+00:00,0.6541,0.6541,0.65224,0.65305,12594
2020-05-08 20:00:00+00:00,0.65305,0.65323,0.65284,0.65306,2750
2020-05-10 20:00:00+00:00,0.65285,0.65372,0.65152,0.65352,15298
2020-05-11 00:00:00+00:00,0.65339,0.65602,0.65307,0.65549,33994
2020-05-11 04:00:00+00:00,0.65557,0.65579,0.65278,0.65314,26280
2020-05-11 08:00:00+00:00,0.65309,0.65312,0.64664,0.64691,37242
2020-05-11 12:00:00+00:00,0.64737,0.6492,0.64648,0.64711,57978
2020-05-11 16:00:00+00:00,0.64658,0.64972,0.64573,0.64886,25129
2020-05-11 20:00:00+00:00,0.64872,0.64934,0.64769,0.64841,17641
2020-05-12 00:00:00+00:00,0.64849,0.64849,0.64333,0.64567,59302
2020-05-12 04:00:00+00:00,0.64566,0.64914,0.6454,0.64857,43972
2020-05-12 08:00:00+00:00,0.64837,0.65281,0.64803,0.65281,36741
2020-05-12 12:00:00+00:00,0.65279,0.65331,0.64985,0.6507,52747
2020-05-12 16:00:00+00:00,0.65076,0.65093,0.64766,0.64784,34439
2020-05-12 20:00:00+00:00,0.64802,0.64814,0.64515,0.64515,21607
2020-05-13 00:00:00+00:00,0.64566,0.64791,0.64527,0.64702,70059
2020-05-13 04:00:00+00:00,0.64678,0.64832,0.64589,0.64766,43649
2020-05-13 08:00:00+00:00,0.6478,0.65227,0.64742,0.6516,37319
2020-05-13 12:00:00+00:00,0.65206,0.65211,0.64593,0.64629,100857
2020-05-13 16:00:00+00:00,0.64656,0.64682,0.64391,0.64477,47189
2020-05-13 20:00:00+00:00,0.64484,0.64585,0.64437,0.64529,25019
2020-05-14 00:00:00+00:00,0.64517,0.64602,0.64222,0.64365,55300
2020-05-14 04:00:00+00:00,0.64376,0.64471,0.64272,0.64318,38211
2020-05-14 08:00:00+00:00,0.64316,0.64526,0.64114,0.6417,44058
2020-05-14 12:00:00+00:00,0.64131,0.64365,0.64044,0.6421,75498
2020-05-14 16:00:00+00:00,0.64249,0.64644,0.64217,0.64622,43226
2020-05-14 20:00:00+00:00,0.64626,0.64731,0.6455,0.64705,18843
2020-05-15 00:00:00+00:00,0.64709,0.64724,0.64469,0.64557,37344
2020-05-15 04:00:00+00:00,0.64556,0.64694,0.64465,0.64692,29046
2020-05-15 08:00:00+00:00,0.64659,0.64684,0.64235,0.64235,38305
2020-05-15 12:00:00+00:00,0.64205,0.6447,0.64025,0.64095,78379
2020-05-15 16:00:00+00:00,0.641,0.64203,0.64067,0.64163,20035
2020-05-15 20:00:00+00:00,0.64146,0.64171,0.64137,0.64138,3871
2020-05-17 20:00:00+00:00,0.64189,0.6428,0.64116,0.6425,14188
2020-05-18 00:00:00+00:00,0.64259,0.64516,0.642,0.64416,30676
2020-05-18 04:00:00+00:00,0.64426,0.64467,0.64254,0.64451,25215
2020-05-18 08:00:00+00:00,0.64465,0.64703,0.6437,0.64679,29627
2020-05-18 12:00:00+00:00,0.64733,0.65172,0.64684,0.6512,68489
2020-05-18 16:00:00+00:00,0.65131,0.65272,0.64996,0.65255,26911
2020-05-18 20:00:00+00:00,0.65237,0.65271,0.65157,0.65232,15385
2020-05-19 00:00:00+00:00,0.65236,0.65492,0.65107,0.65175,51784
2020-05-19 04:00:00+00:00,0.65194,0.65629,0.6512,0.65467,48094
2020-05-19 08:00:00+00:00,0.65499,0.6557,0.65366,0.65408,38041
2020-05-19 12:00:00+00:00,0.65415,0.657,0.65278,0.65665,58313
2020-05-19 16:00:00+00:00,0.6565,0.65827,0.65347,0.65347,28536
2020-05-19 20:00:00+00:00,0.65378,0.65442,0.65256,0.65401,21658
2020-05-20 00:00:00+00:00,0.65438,0.65598,0.65415,0.65487,30462
2020-05-20 04:00:00+00:00,0.65491,0.6554,0.65286,0.65298,32301
2020-05-20 08:00:00+00:00,0.65322,0.65817,0.65322,0.65811,34156
2020-05-20 12:00:00+00:00,0.65785,0.66152,0.65718,0.66,49195
2020-05-20 16:00:00+00:00,0.66002,0.66031,0.65863,0.65977,32645
2020-05-20 20:00:00+00:00,0.65976,0.66011,0.65878,0.65912,13464
2020-05-21 00:00:00+00:00,0.65894,0.65894,0.65491,0.65598,44668
2020-05-21 04:00:00+00:00,0.65597,0.65705,0.65531,0.65645,25120
2020-05-21 08:00:00+00:00,0.65631,0.65841,0.65523,0.65756,35346
2020-05-21 12:00:00+00:00,0.65774,0.65978,0.6556,0.65599,86189
2020-05-21 16:00:00+00:00,0.6561,0.65758,0.65569,0.65705,34921
2020-05-21 20:00:00+00:00,0.65704,0.65704,0.65599,0.65664,13422
2020-05-22 00:00:00+00:00,0.65699,0.65722,0.65332,0.65425,40156
2020-05-22 04:00:00+00:00,0.65421,0.65436,0.65139,0.65145,39521
2020-05-22 08:00:00+00:00,0.65138,0.65392,0.65123,0.65313,39225
2020-05-22 12:00:00+00:00,0.65304,0.65326,0.65071,0.65267,56063
2020-05-22 16:00:00+00:00,0.65273,0.65382,0.65233,0.65365,17341
2020-05-22 20:00:00+00:00,0.6537,0.65394,0.65342,0.65342,2130
2020-05-24 20:00:00+00:00,0.65305,0.65474,0.65289,0.65453,11464
2020-05-25 00:00:00+00:00,0.6547,0.6549,0.65225,0.65343,45340
2020-05-25 04:00:00+00:00,0.65343,0.65377,0.65208,0.65255,23177
2020-05-25 08:00:00+00:00,0.65265,0.65436,0.65241,0.65436,23218
2020-05-25 12:00:00+00:00,0.6544,0.65489,0.65382,0.65469,20557
2020-05-25 16:00:00+00:00,0.65475,0.65476,0.65433,0.65439,4683
2020-05-25 20:00:00+00:00,0.65445,0.65497,0.6538,0.65497,14628
2020-05-26 00:00:00+00:00,0.65485,0.65743,0.65432,0.65733,37195
2020-05-26 04:00:00+00:00,0.65744,0.65965,0.65687,0.65965,28610
2020-05-26 08:00:00+00:00,0.6595,0.66363,0.6595,0.66351,37299
2020-05-26 12:00:00+00:00,0.6633,0.66592,0.66306,0.66431,66369
2020-05-26 16:00:00+00:00,0.6643,0.66746,0.66394,0.66481,30490
2020-05-26 20:00:00+00:00,0.66492,0.66582,0.66435,0.66455,17369
2020-05-27 00:00:00+00:00,0.66458,0.66572,0.66315,0.66456,39935
2020-05-27 04:00:00+00:00,0.66437,0.66507,0.66362,0.66459,34254
2020-05-27 08:00:00+00:00,0.66453,0.66781,0.66428,0.66509,63058
2020-05-27 12:00:00+00:00,0.66516,0.66523,0.65712,0.65898,119507
2020-05-27 16:00:00+00:00,0.65894,0.66136,0.65894,0.66127,39794
2020-05-27 20:00:00+00:00,0.66114,0.66252,0.66114,0.6621,16679
2020-05-28 00:00:00+00:00,0.66201,0.66343,0.65993,0.66006,56052
2020-05-28 04:00:00+00:00,0.65999,0.66286,0.65894,0.66094,53564
2020-05-28 08:00:00+00:00,0.66095,0.66275,0.65952,0.66185,46898
2020-05-28 12:00:00+00:00,0.66174,0.66653,0.66172,0.66635,92931
2020-05-28 16:00:00+00:00,0.66644,0.66668,0.66296,0.66342,38906
2020-05-28 20:00:00+00:00,0.66382,0.66437,0.66134,0.66323,22989
2020-05-29 00:00:00+00:00,0.66334,0.66453,0.66222,0.66431,46543
2020-05-29 04:00:00+00:00,0.66452,0.66645,0.66427,0.66544,40788
2020-05-29 08:00:00+00:00,0.66574,0.66675,0.66464,0.66675,49161
2020-05-29 12:00:00+00:00,0.66674,0.66819,0.66192,0.66401,119459
2020-05-29 16:00:00+00:00,0.66405,0.66722,0.66272,0.66619,85870
2020-05-29 20:00:00+00:00,0.66657,0.66688,0.66625,0.66653,6133
2020-05-31 20:00:00+00:00,0.66572,0.66683,0.66481,0.6658,18504
2020-06-01 00:00:00+00:00,0.66591,0.67395,0.66582,0.67192,64328
2020-06-01 04:00:00+00:00,0.67209,0.67704,0.67202,0.67701,39375
2020-06-01 08:00:00+00:00,0.67654,0.67663,0.67217,0.67372,59217
2020-06-01 12:00:00+00:00,0.67389,0.67875,0.6715,0.67848,77304
2020-06-01 16:00:00+00:00,0.67827,0.68028,0.67808,0.67993,30842
2020-06-01 20:00:00+00:00,0.67947,0.68065,0.67828,0.67838,20910
2020-06-02 00:00:00+00:00,0.67873,0.681,0.67753,0.67888,42043
2020-06-02 04:00:00+00:00,0.6788,0.68102,0.6781,0.68017,42729
2020-06-02 08:00:00+00:00,0.67988,0.6868,0.6798,0.68513,59575
2020-06-02 12:00:00+00:00,0.68531,0.68933,0.68477,0.68716,86125
2020-06-02 16:00:00+00:00,0.68712,0.68924,0.68712,0.68896,40388
2020-06-02 20:00:00+00:00,0.68885,0.6921,0.68872,0.69136,20557
2020-06-03 00:00:00+00:00,0.69149,0.69829,0.69131,0.69412,65845
2020-06-03 04:00:00+00:00,0.69398,0.69433,0.69186,0.69186,47303
2020-06-03 08:00:00+00:00,0.69185,0.69185,0.68573,0.68719,68567
2020-06-03 12:00:00+00:00,0.68757,0.6957,0.68731,0.6948,133957
2020-06-03 16:00:00+00:00,0.69439,0.69503,0.6926,0.69271,45703
2020-06-03 20:00:00+00:00,0.69244,0.6932,0.69148,0.69271,16980
2020-06-04 00:00:00+00:00,0.69279,0.69279,0.68918,0.6898,45402
2020-06-04 04:00:00+00:00,0.69002,0.6916,0.68848,0.68925,42540
2020-06-04 08:00:00+00:00,0.68939,0.69338,0.68837,0.69232,48952
2020-06-04 12:00:00+00:00,0.69227,0.69875,0.6893,0.69437,145409
2020-06-04 16:00:00+00:00,0.69426,0.69562,0.69295,0.69382,71262
2020-06-04 20:00:00+00:00,0.69371,0.69551,0.69337,0.69388,22266
2020-06-05 00:00:00+00:00,0.69387,0.69524,0.69313,0.69512,50945
2020-06-05 04:00:00+00:00,0.69532,0.70128,0.69511,0.70011,56662
2020-06-05 08:00:00+00:00,0.70026,0.70044,0.69637,0.69815,54313
2020-06-05 12:00:00+00:00,0.69798,0.69965,0.69506,0.69813,117792
2020-06-05 16:00:00+00:00,0.6984,0.6986,0.69601,0.69636,48237
2020-06-05 20:00:00+00:00,0.69637,0.6969,0.69612,0.69677,4038
2020-06-07 20:00:00+00:00,0.69674,0.70021,0.6966,0.69998,15583
2020-06-08 00:00:00+00:00,0.69918,0.69938,0.69673,0.69729,37765
2020-06-08 04:00:00+00:00,0.69727,0.69932,0.69626,0.69862,38239
2020-06-08 08:00:00+00:00,0.69853,0.70009,0.69749,0.6981,41673
2020-06-08 12:00:00+00:00,0.69808,0.70024,0.6965,0.69914,69321
2020-06-08 16:00:00+00:00,0.69947,0.70289,0.6993,0.70272,33288
2020-06-08 20:00:00+00:00,0.70258,0.70283,0.70116,0.70234,17600
2020-06-09 00:00:00+00:00,0.70208,0.70397,0.69893,0.69964,48757
2020-06-09 04:00:00+00:00,0.69968,0.69994,0.69115,0.6932,63712
2020-06-09 08:00:00+00:00,0.69338,0.69504,0.69002,0.69409,81973
2020-06-09 12:00:00+00:00,0.6939,0.69765,0.6923,0.69627,97666
2020-06-09 16:00:00+00:00,0.69636,0.69709,0.69568,0.69631,36568
2020-06-09 20:00:00+00:00,0.69633,0.69653,0.69394,0.69394,17226
2020-06-10 00:00:00+00:00,0.69398,0.69764,0.69328,0.6971,45180
2020-06-10 04:00:00+00:00,0.69709,0.7004,0.69663,0.69921,54849
2020-06-10 08:00:00+00:00,0.69924,0.70174,0.69866,0.70101,70608
2020-06-10 12:00:00+00:00,0.70122,0.70185,0.69889,0.70019,109811
2020-06-10 16:00:00+00:00,0.70038,0.70613,0.69954,0.70097,148151
2020-06-10 20:00:00+00:00,0.70083,0.70095,0.69672,0.69682,30917
2020-06-11 00:00:00+00:00,0.69672,0.69927,0.69303,0.69331,65802
2020-06-11 04:00:00+00:00,0.69341,0.69401,0.6906,0.69228,89286
2020-06-11 08:00:00+00:00,0.69177,0.69622,0.69087,0.69132,93267
2020-06-11 12:00:00+00:00,0.69134,0.69266,0.68802,0.68877,140754
2020-06-11 16:00:00+00:00,0.68857,0.68904,0.68404,0.68427,126646
2020-06-11 20:00:00+00:00,0.68461,0.68548,0.68193,0.68292,41090
2020-06-12 00:00:00+00:00,0.68302,0.68398,0.67999,0.6835,86408
2020-06-12 04:00:00+00:00,0.68381,0.68917,0.68381,0.68891,85730
2020-06-12 08:00:00+00:00,0.68916,0.69103,0.68784,0.68869,79584
2020-06-12 12:00:00+00:00,0.68881,0.69064,0.68239,0.68515,150673
2020-06-12 16:00:00+00:00,0.68515,0.68653,0.68127,0.68587,132991
2020-06-12 20:00:00+00:00,0.68575,0.68728,0.68557,0.68668,10510
2020-06-14 20:00:00+00:00,0.6841,0.68446,0.68135,0.68254,41783
2020-06-15 00:00:00+00:00,0.68269,0.6844,0.68097,0.6831,93270
2020-06-15 04:00:00+00:00,0.68308,0.68315,0.67772,0.67968,118063
2020-06-15 08:00:00+00:00,0.67978,0.68397,0.67957,0.68291,90551
2020-06-15 12:00:00+00:00,0.68335,0.68677,0.6824,0.68508,158463
2020-06-15 16:00:00+00:00,0.68501,0.6923,0.68501,0.69181,103156
2020-06-15 20:00:00+00:00,0.69182,0.69621,0.69096,0.69621,40327
2020-06-16 00:00:00+00:00,0.69637,0.69734,0.69352,0.69557,68566
2020-06-16 04:00:00+00:00,0.69568,0.69606,0.69056,0.69056,76359
2020-06-16 08:00:00+00:00,0.68988,0.6936,0.68988,0.69205,72273
2020-06-16 12:00:00+00:00,0.69183,0.69565,0.68405,0.68855,183331
2020-06-16 16:00:00+00:00,0.68871,0.69027,0.68753,0.68881,78462
2020-06-16 20:00:00+00:00,0.68853,0.68967,0.68727,0.68933,30118
2020-06-17 00:00:00+00:00,0.68932,0.68932,0.68533,0.68659,73945
2020-06-17 04:00:00+00:00,0.68662,0.69217,0.68662,0.6905,66831
2020-06-17 08:00:00+00:00,0.69041,0.69157,0.68708,0.68867,86213
2020-06-17 12:00:00+00:00,0.68887,0.69193,0.68771,0.68963,125781
2020-06-17 16:00:00+00:00,0.68957,0.69125,0.68771,0.68844,55687
2020-06-17 20:00:00+00:00,0.68846,0.6896,0.68715,0.68762,28195
2020-06-18 00:00:00+00:00,0.68784,0.68855,0.68405,0.68725,71735
2020-06-18 04:00:00+00:00,0.68713,0.68848,0.68605,0.68744,60116
2020-06-18 08:00:00+00:00,0.68724,0.69014,0.68647,0.68671,82241
2020-06-18 12:00:00+00:00,0.68623,0.68674,0.68381,0.68464,91672
2020-06-18 16:00:00+00:00,0.68476,0.68528,0.68362,0.68463,40531
2020-06-18 20:00:00+00:00,0.68462,0.68661,0.68452,0.68563,28805
2020-06-19 00:00:00+00:00,0.68557,0.68638,0.68415,0.68632,43130
2020-06-19 04:00:00+00:00,0.68629,0.68765,0.68551,0.68702,42854
2020-06-19 08:00:00+00:00,0.68683,0.68863,0.68532,0.68863,41688
2020-06-19 12:00:00+00:00,0.68885,0.69105,0.68509,0.68542,84338
2020-06-19 16:00:00+00:00,0.68543,0.68572,0.68323,0.68446,75598
2020-06-19 20:00:00+00:00,0.68442,0.68457,0.68331,0.68331,10639
2020-06-21 20:00:00+00:00,0.68077,0.68308,0.68077,0.68196,27935
2020-06-22 00:00:00+00:00,0.68245,0.68597,0.6817,0.68571,45378
2020-06-22 04:00:00+00:00,0.68572,0.6884,0.68539,0.68823,47235
2020-06-22 08:00:00+00:00,0.68829,0.68933,0.68647,0.68794,43440
2020-06-22 12:00:00+00:00,0.68814,0.6911,0.68751,0.69023,62313
2020-06-22 16:00:00+00:00,0.69034,0.69224,0.69022,0.69052,32552
2020-06-22 20:00:00+00:00,0.6905,0.69343,0.69014,0.6929,24867
2020-06-23 00:00:00+00:00,0.69305,0.69317,0.68591,0.69131,109168
2020-06-23 04:00:00+00:00,0.6911,0.69367,0.68953,0.69367,58130
2020-06-23 08:00:00+00:00,0.69366,0.69484,0.69145,0.69466,58264
2020-06-23 12:00:00+00:00,0.69477,0.69744,0.69475,0.69529,70233
2020-06-23 16:00:00+00:00,0.69531,0.69554,0.6925,0.69271,36192
2020-06-23 20:00:00+00:00,0.69292,0.69431,0.69257,0.69431,17714
2020-06-24 00:00:00+00:00,0.69442,0.69616,0.69385,0.69407,52909
2020-06-24 04:00:00+00:00,0.69414,0.69474,0.69133,0.69182,44111
2020-06-24 08:00:00+00:00,0.69206,0.69215,0.68993,0.69022,62878
2020-06-24 12:00:00+00:00,0.69032,0.69178,0.68632,0.68751,102952
2020-06-24 16:00:00+00:00,0.68749,0.68905,0.68663,0.6868,69965
2020-06-24 20:00:00+00:00,0.68703,0.68731,0.68555,0.68555,28872
2020-06-25 00:00:00+00:00,0.6858,0.68744,0.68516,0.68627,58454
2020-06-25 04:00:00+00:00,0.68623,0.68778,0.68486,0.68636,62169
2020-06-25 08:00:00+00:00,0.68646,0.68886,0.68556,0.68575,78234
2020-06-25 12:00:00+00:00,0.68596,0.68821,0.68571,0.68664,109424
2020-06-25 16:00:00+00:00,0.68695,0.68922,0.68662,0.68888,50648
2020-06-25 20:00:00+00:00,0.68882,0.68947,0.68824,0.68882,19868
2020-06-26 00:00:00+00:00,0.68893,0.68901,0.68633,0.68887,46359
2020-06-26 04:00:00+00:00,0.68873,0.68952,0.68763,0.68852,37700
2020-06-26 08:00:00+00:00,0.6884,0.68891,0.68728,0.6873,47892
2020-06-26 12:00:00+00:00,0.68738,0.68814,0.68414,0.68602,68216
2020-06-26 16:00:00+00:00,0.68587,0.68753,0.68507,0.686,54092
2020-06-26 20:00:00+00:00,0.68625,0.68639,0.68582,0.68611,4662
2020-06-28 20:00:00+00:00,0.68564,0.68664,0.68474,0.68602,16222
2020-06-29 00:00:00+00:00,0.68612,0.68864,0.68555,0.68737,43061
2020-06-29 04:00:00+00:00,0.68742,0.68888,0.68683,0.68766,56210
2020-06-29 08:00:00+00:00,0.68761,0.68819,0.68653,0.68772,53310
2020-06-29 12:00:00+00:00,0.68792,0.68811,0.68419,0.685,69635
2020-06-29 16:00:00+00:00,0.68512,0.6864,0.68499,0.6864,33032
2020-06-29 20:00:00+00:00,0.6864,0.68764,0.68595,0.68717,18090
2020-06-30 00:00:00+00:00,0.687,0.68837,0.6861,0.68815,27488
2020-06-30 04:00:00+00:00,0.68841,0.6885,0.6847,0.68567,44451
2020-06-30 08:00:00+00:00,0.68576,0.68613,0.68339,0.68508,54588
2020-06-30 12:00:00+00:00,0.68521,0.69113,0.68465,0.68912,80341
2020-06-30 16:00:00+00:00,0.6892,0.69076,0.68871,0.68993,40320
2020-06-30 20:00:00+00:00,0.69002,0.69065,0.68963,0.68995,15884
2020-07-01 00:00:00+00:00,0.69003,0.69162,0.68944,0.68979,37262
2020-07-01 04:00:00+00:00,0.68995,0.69112,0.6887,0.69084,41147
2020-07-01 08:00:00+00:00,0.69087,0.69205,0.68785,0.68848,51417
2020-07-01 12:00:00+00:00,0.68847,0.69427,0.68826,0.69163,81992
2020-07-01 16:00:00+00:00,0.69147,0.69243,0.69075,0.69153,41507
2020-07-01 20:00:00+00:00,0.69141,0.69207,0.69105,0.69111,20522
2020-07-02 00:00:00+00:00,0.69126,0.69266,0.69053,0.69181,43120
2020-07-02 04:00:00+00:00,0.69179,0.69316,0.69159,0.69308,45042
2020-07-02 08:00:00+00:00,0.69305,0.69365,0.69181,0.69299,42366
2020-07-02 12:00:00+00:00,0.69291,0.69503,0.69034,0.69192,97141
2020-07-02 16:00:00+00:00,0.69157,0.69264,0.69128,0.69213,30099
2020-07-02 20:00:00+00:00,0.69221,0.69273,0.6916,0.69189,12367
2020-07-03 00:00:00+00:00,0.692,0.6931,0.69141,0.69304,29271
2020-07-03 04:00:00+00:00,0.693,0.69403,0.69234,0.6939,40479
2020-07-03 08:00:00+00:00,0.69377,0.69413,0.69269,0.69359,38463
2020-07-03 12:00:00+00:00,0.6935,0.69422,0.69312,0.69399,26620
2020-07-03 16:00:00+00:00,0.69404,0.69475,0.69377,0.69424,9135
2020-07-03 20:00:00+00:00,0.6942,0.69442,0.69349,0.69427,3900
2020-07-05 20:00:00+00:00,0.69288,0.69498,0.69288,0.6948,9364
2020-07-06 00:00:00+00:00,0.69475,0.69672,0.69469,0.69647,30611
2020-07-06 04:00:00+00:00,0.69657,0.69816,0.69604,0.69707,40664
2020-07-06 08:00:00+00:00,0.69698,0.69759,0.69508,0.69754,38877
2020-07-06 12:00:00+00:00,0.69725,0.6987,0.69679,0.69722,54704
2020-07-06 16:00:00+00:00,0.6973,0.69797,0.69701,0.69727,18927
2020-07-06 20:00:00+00:00,0.69736,0.69794,0.69695,0.69746,9681
2020-07-07 00:00:00+00:00,0.6971,0.69968,0.69561,0.69653,45538
2020-07-07 04:00:00+00:00,0.69646,0.69741,0.69362,0.69448,43716
2020-07-07 08:00:00+00:00,0.6945,0.69463,0.69235,0.694,51114
2020-07-07 12:00:00+00:00,0.69422,0.69774,0.69396,0.69712,59727
2020-07-07 16:00:00+00:00,0.6973,0.69762,0.69397,0.69398,34762
2020-07-07 20:00:00+00:00,0.69422,0.69502,0.69418,0.69419,19383
2020-07-08 00:00:00+00:00,0.69384,0.695,0.69333,0.69424,44906
2020-07-08 04:00:00+00:00,0.69427,0.69496,0.69291,0.69475,43348
2020-07-08 08:00:00+00:00,0.69466,0.69551,0.69305,0.69522,47569
2020-07-08 12:00:00+00:00,0.69532,0.69742,0.69391,0.69664,66093
2020-07-08 16:00:00+00:00,0.69651,0.69821,0.69651,0.69817,35578
2020-07-08 20:00:00+00:00,0.69799,0.69878,0.69793,0.69855,11728
2020-07-09 00:00:00+00:00,0.69853,0.69947,0.697,0.69866,36242
2020-07-09 04:00:00+00:00,0.69868,0.69941,0.69783,0.69907,51592
2020-07-09 08:00:00+00:00,0.69903,0.69991,0.69736,0.69841,44209
2020-07-09 12:00:00+00:00,0.69836,0.69918,0.69516,0.69574,95894
2020-07-09 16:00:00+00:00,0.69596,0.69676,0.6954,0.69608,40906
2020-07-09 20:00:00+00:00,0.69604,0.69648,0.69577,0.69596,10395
2020-07-10 00:00:00+00:00,0.69596,0.69596,0.69376,0.69437,35582
2020-07-10 04:00:00+00:00,0.69426,0.69431,0.69245,0.69426,37621
2020-07-10 08:00:00+00:00,0.69439,0.6961,0.69404,0.69474,35765
2020-07-10 12:00:00+00:00,0.69474,0.69672,0.69392,0.69584,78822
2020-07-10 16:00:00+00:00,0.69573,0.69573,0.69347,0.69487,23899
2020-07-10 20:00:00+00:00,0.69493,0.69493,0.69454,0.69462,3930
2020-07-12 20:00:00+00:00,0.6951,0.69587,0.69489,0.69494,15518
2020-07-13 00:00:00+00:00,0.69474,0.69733,0.69415,0.69697,35632
2020-07-13 04:00:00+00:00,0.69708,0.69838,0.69686,0.69724,35127
2020-07-13 08:00:00+00:00,0.697,0.69796,0.69582,0.69756,40614
2020-07-13 12:00:00+00:00,0.69741,0.69916,0.69642,0.69819,47453
2020-07-13 16:00:00+00:00,0.69819,0.69858,0.69407,0.69448,51085
2020-07-13 20:00:00+00:00,0.69439,0.69464,0.69362,0.69362,18641
2020-07-14 00:00:00+00:00,0.69357,0.69442,0.6927,0.69397,44461
2020-07-14 04:00:00+00:00,0.694,0.6953,0.69226,0.69319,38174
2020-07-14 08:00:00+00:00,0.69357,0.69625,0.69326,0.69623,45834
2020-07-14 12:00:00+00:00,0.69641,0.69725,0.69346,0.69689,124123
2020-07-14 16:00:00+00:00,0.69698,0.69774,0.69627,0.69711,52805
2020-07-14 20:00:00+00:00,0.6971,0.69936,0.69708,0.69878,19938
2020-07-15 00:00:00+00:00,0.69886,0.7016,0.69861,0.69919,44485
2020-07-15 04:00:00+00:00,0.69927,0.70102,0.69898,0.70044,36142
2020-07-15 08:00:00+00:00,0.70052,0.70231,0.69956,0.70221,44099
2020-07-15 12:00:00+00:00,0.70237,0.7037,0.70023,0.70023,65882
2020-07-15 16:00:00+00:00,0.70017,0.70068,0.69954,0.70035,37782
2020-07-15 20:00:00+00:00,0.7004,0.70104,0.70026,0.70081,15138
2020-07-16 00:00:00+00:00,0.70031,0.70035,0.6984,0.69921,53009
2020-07-16 04:00:00+00:00,0.6991,0.69985,0.69849,0.69941,39706
2020-07-16 08:00:00+00:00,0.69942,0.6999,0.69711,0.69867,39421
2020-07-16 12:00:00+00:00,0.69863,0.70123,0.69774,0.70079,67442
2020-07-16 16:00:00+00:00,0.7006,0.701,0.69642,0.69721,36262
2020-07-16 20:00:00+00:00,0.69722,0.69782,0.69674,0.69755,14192
2020-07-17 00:00:00+00:00,0.69751,0.69893,0.69751,0.69884,33466
2020-07-17 04:00:00+00:00,0.69892,0.69914,0.69817,0.69852,28529
2020-07-17 08:00:00+00:00,0.69855,0.69924,0.69791,0.69818,30079
2020-07-17 12:00:00+00:00,0.69809,0.69932,0.69736,0.69932,36489
2020-07-17 16:00:00+00:00,0.69934,0.70048,0.69919,0.70032,18262
2020-07-17 20:00:00+00:00,0.70009,0.7003,0.69932,0.69936,4964
2020-07-19 20:00:00+00:00,0.69874,0.70041,0.69848,0.7003,8915
2020-07-20 00:00:00+00:00,0.70018,0.70018,0.69736,0.69824,29263
2020-07-20 04:00:00+00:00,0.69826,0.69931,0.69811,0.6991,31958
2020-07-20 08:00:00+00:00,0.69935,0.70052,0.6989,0.69996,28992
2020-07-20 12:00:00+00:00,0.70005,0.70159,0.69926,0.70082,40778
2020-07-20 16:00:00+00:00,0.70092,0.7016,0.70039,0.70151,14726
2020-07-20 20:00:00+00:00,0.70147,0.70253,0.70114,0.70219,8646
2020-07-21 00:00:00+00:00,0.70247,0.70343,0.70175,0.7023,30310
2020-07-21 04:00:00+00:00,0.70231,0.70526,0.70157,0.70476,38129
2020-07-21 08:00:00+00:00,0.70473,0.70862,0.70473,0.70809,39410
2020-07-21 12:00:00+00:00,0.70806,0.71169,0.70787,0.71111,62799
2020-07-21 16:00:00+00:00,0.71119,0.71467,0.71108,0.71225,46371
2020-07-21 20:00:00+00:00,0.71237,0.71392,0.71217,0.71381,15540
2020-07-22 00:00:00+00:00,0.71386,0.71439,0.71246,0.71382,36114
2020-07-22 04:00:00+00:00,0.71382,0.71665,0.71157,0.71249,55435
2020-07-22 08:00:00+00:00,0.7128,0.71755,0.71147,0.71715,64860
2020-07-22 12:00:00+00:00,0.71706,0.71803,0.71342,0.7147,74924
2020-07-22 16:00:00+00:00,0.7147,0.71491,0.71326,0.71429,31140
2020-07-22 20:00:00+00:00,0.71413,0.71453,0.71345,0.71365,18045
2020-07-23 00:00:00+00:00,0.71395,0.71477,0.71337,0.71447,43339
2020-07-23 04:00:00+00:00,0.71448,0.71611,0.71418,0.71536,45841
2020-07-23 08:00:00+00:00,0.71543,0.71604,0.71156,0.71197,46089
2020-07-23 12:00:00+00:00,0.71174,0.71357,0.70918,0.71357,79371
2020-07-23 16:00:00+00:00,0.71338,0.71341,0.70962,0.71005,82645
2020-07-23 20:00:00+00:00,0.70984,0.71108,0.70928,0.70987,17390
2020-07-24 00:00:00+00:00,0.70985,0.7124,0.70909,0.70962,41444
2020-07-24 04:00:00+00:00,0.70947,0.70968,0.70742,0.7083,65252
2020-07-24 08:00:00+00:00,0.70822,0.70897,0.7065,0.70844,57888
2020-07-24 12:00:00+00:00,0.70833,0.71045,0.70759,0.70934,69473
2020-07-24 16:00:00+00:00,0.70931,0.7103,0.70824,0.70973,35173
2020-07-24 20:00:00+00:00,0.70972,0.71062,0.70972,0.71049,3546
2020-07-26 20:00:00+00:00,0.70882,0.71071,0.7088,0.70966,24519
2020-07-27 00:00:00+00:00,0.70977,0.71451,0.70977,0.71375,46401
2020-07-27 04:00:00+00:00,0.71375,0.71415,0.71227,0.71292,37998
2020-07-27 08:00:00+00:00,0.71303,0.71422,0.71195,0.71415,50372
2020-07-27 12:00:00+00:00,0.71394,0.71495,0.71231,0.7132,58887
2020-07-27 16:00:00+00:00,0.7132,0.71492,0.71306,0.71435,26579
2020-07-27 20:00:00+00:00,0.71425,0.71595,0.71402,0.71583,14538
2020-07-28 00:00:00+00:00,0.71575,0.7175,0.71309,0.71354,47061
2020-07-28 04:00:00+00:00,0.71375,0.71429,0.71154,0.71263,45870
2020-07-28 08:00:00+00:00,0.71284,0.71526,0.71226,0.71307,45683
2020-07-28 12:00:00+00:00,0.71308,0.71645,0.71308,0.71612,69119
2020-07-28 16:00:00+00:00,0.71606,0.71675,0.7153,0.7154,28473
2020-07-28 20:00:00+00:00,0.71548,0.71626,0.71517,0.71582,13046
2020-07-29 00:00:00+00:00,0.71607,0.71727,0.71491,0.71675,34080
2020-07-29 04:00:00+00:00,0.71668,0.71926,0.71579,0.71858,34654
2020-07-29 08:00:00+00:00,0.71861,0.71878,0.71679,0.71681,36619
2020-07-29 12:00:00+00:00,0.71677,0.71902,0.71584,0.71676,52662
2020-07-29 16:00:00+00:00,0.71669,0.71947,0.71598,0.71807,70014
2020-07-29 20:00:00+00:00,0.71811,0.71902,0.71717,0.71717,11812
2020-07-30 00:00:00+00:00,0.7172,0.71849,0.7172,0.71797,23815
2020-07-30 04:00:00+00:00,0.71795,0.718,0.71302,0.71487,39176
2020-07-30 08:00:00+00:00,0.71467,0.71555,0.71332,0.71459,45217
2020-07-30 12:00:00+00:00,0.71458,0.71612,0.71237,0.71383,92071
2020-07-30 16:00:00+00:00,0.71404,0.71822,0.71397,0.71797,36663
2020-07-30 20:00:00+00:00,0.71792,0.72044,0.71782,0.72022,24627
2020-07-31 00:00:00+00:00,0.72044,0.72227,0.71931,0.72067,65176
2020-07-31 04:00:00+00:00,0.72055,0.72265,0.71942,0.71984,59707
2020-07-31 08:00:00+00:00,0.71995,0.72025,0.71765,0.71815,47956
2020-07-31 12:00:00+00:00,0.71833,0.71877,0.71555,0.71589,99997
2020-07-31 16:00:00+00:00,0.71541,0.71541,0.71342,0.71455,49305
2020-07-31 20:00:00+00:00,0.71419,0.71443,0.71392,0.71392,5184
2020-08-02 20:00:00+00:00,0.71258,0.71493,0.71258,0.7145,29486
2020-08-03 00:00:00+00:00,0.71473,0.71489,0.71203,0.71355,68811
2020-08-03 04:00:00+00:00,0.71364,0.71459,0.7103,0.71162,43824
2020-08-03 08:00:00+00:00,0.71176,0.71278,0.70973,0.71054,39218
2020-08-03 12:00:00+00:00,0.71059,0.71105,0.70773,0.71074,55126
2020-08-03 16:00:00+00:00,0.71086,0.71252,0.71076,0.71252,24130
2020-08-03 20:00:00+00:00,0.71252,0.71272,0.7114,0.71162,20179
2020-08-04 00:00:00+00:00,0.71144,0.71319,0.71062,0.71253,27635
2020-08-04 04:00:00+00:00,0.71261,0.71489,0.71167,0.71379,50773
2020-08-04 08:00:00+00:00,0.7138,0.71531,0.71243,0.71344,53735
2020-08-04 12:00:00+00:00,0.71335,0.71585,0.7116,0.71492,60435
2020-08-04 16:00:00+00:00,0.71509,0.71665,0.71456,0.71654,26954
2020-08-04 20:00:00+00:00,0.71636,0.71761,0.7154,0.71761,14565
2020-08-05 00:00:00+00:00,0.71759,0.71902,0.71668,0.71886,35002
2020-08-05 04:00:00+00:00,0.71883,0.7202,0.71737,0.71965,31335
2020-08-05 08:00:00+00:00,0.71968,0.72244,0.71836,0.72244,52562
2020-08-05 12:00:00+00:00,0.72226,0.72396,0.7214,0.72149,75073
2020-08-05 16:00:00+00:00,0.7217,0.72176,0.71897,0.71913,21503
2020-08-05 20:00:00+00:00,0.71896,0.7203,0.71878,0.71977,11344
2020-08-06 00:00:00+00:00,0.71987,0.72125,0.71839,0.71978,30376
2020-08-06 04:00:00+00:00,0.71976,0.72139,0.71834,0.71855,54478
2020-08-06 08:00:00+00:00,0.71827,0.71961,0.71745,0.71811,45961
2020-08-06 12:00:00+00:00,0.71805,0.72284,0.71782,0.72268,79308
2020-08-06 16:00:00+00:00,0.72275,0.72392,0.72265,0.72387,37753
2020-08-06 20:00:00+00:00,0.72385,0.72387,0.72256,0.72312,10550
2020-08-07 00:00:00+00:00,0.72287,0.72419,0.71975,0.71994,45828
2020-08-07 04:00:00+00:00,0.71985,0.72216,0.71957,0.72216,39278
2020-08-07 08:00:00+00:00,0.72184,0.72201,0.71989,0.72069,43623
2020-08-07 12:00:00+00:00,0.72058,0.72182,0.71587,0.71618,90932
2020-08-07 16:00:00+00:00,0.71624,0.71653,0.71448,0.71564,33792
2020-08-07 20:00:00+00:00,0.71552,0.71613,0.71541,0.71572,3722
2020-08-09 20:00:00+00:00,0.7161,0.7161,0.7148,0.7156,17282
2020-08-10 00:00:00+00:00,0.71571,0.71719,0.71559,0.71646,23628
2020-08-10 04:00:00+00:00,0.71635,0.71705,0.71497,0.71547,24109
2020-08-10 08:00:00+00:00,0.71544,0.71624,0.71406,0.71463,31016
2020-08-10 12:00:00+00:00,0.71465,0.71833,0.71465,0.71612,49624
2020-08-10 16:00:00+00:00,0.71621,0.71648,0.71468,0.71522,23308
2020-08-10 20:00:00+00:00,0.71519,0.71552,0.71446,0.71551,8289
2020-08-11 00:00:00+00:00,0.71552,0.71802,0.71458,0.71801,27129
2020-08-11 04:00:00+00:00,0.71787,0.71852,0.71557,0.71699,34740
2020-08-11 08:00:00+00:00,0.71708,0.71891,0.71638,0.71783,47546
2020-08-11 12:00:00+00:00,0.71802,0.71884,0.71535,0.7154,73495
2020-08-11 16:00:00+00:00,0.71541,0.71665,0.71354,0.714,40048
2020-08-11 20:00:00+00:00,0.71368,0.71504,0.71355,0.71449,17273
2020-08-12 00:00:00+00:00,0.71447,0.71503,0.7112,0.71199,47914
2020-08-12 04:00:00+00:00,0.71194,0.71318,0.71104,0.71289,39930
2020-08-12 08:00:00+00:00,0.71278,0.71413,0.71211,0.71302,38347
2020-08-12 12:00:00+00:00,0.71319,0.71724,0.71219,0.71668,71873
2020-08-12 16:00:00+00:00,0.71661,0.7175,0.71577,0.71585,26411
2020-08-12 20:00:00+00:00,0.71587,0.71671,0.71561,0.71643,14807
2020-08-13 00:00:00+00:00,0.71659,0.71864,0.7164,0.7169,39514
2020-08-13 04:00:00+00:00,0.71696,0.71721,0.71579,0.71654,30409
2020-08-13 08:00:00+00:00,0.71659,0.71791,0.71569,0.71602,36171
2020-08-13 12:00:00+00:00,0.71598,0.71806,0.71569,0.71605,52603
2020-08-13 16:00:00+00:00,0.71609,0.71642,0.71366,0.71425,31128
2020-08-13 20:00:00+00:00,0.71418,0.71534,0.71411,0.71477,12649
2020-08-14 00:00:00+00:00,0.71479,0.71486,0.71327,0.71437,27521
2020-08-14 04:00:00+00:00,0.71444,0.71626,0.71444,0.71502,27214
2020-08-14 08:00:00+00:00,0.71493,0.71553,0.71377,0.71511,31360
2020-08-14 12:00:00+00:00,0.71525,0.71737,0.71477,0.71672,48718
2020-08-14 16:00:00+00:00,0.71669,0.71751,0.71667,0.71732,18389
2020-08-14 20:00:00+00:00,0.71733,0.71747,0.71703,0.71703,3505
2020-08-16 20:00:00+00:00,0.71619,0.71929,0.71611,0.71924,10731
2020-08-17 00:00:00+00:00,0.719,0.71959,0.71823,0.71835,21323
2020-08-17 04:00:00+00:00,0.71837,0.71866,0.71742,0.71807,22340
2020-08-17 08:00:00+00:00,0.71808,0.7191,0.71711,0.71891,30897
2020-08-17 12:00:00+00:00,0.71856,0.72261,0.71856,0.72112,40880
2020-08-17 16:00:00+00:00,0.72109,0.72185,0.72063,0.72185,15719
2020-08-17 20:00:00+00:00,0.72164,0.72204,0.7211,0.72139,11463
2020-08-18 00:00:00+00:00,0.72146,0.72301,0.72098,0.72189,30708
2020-08-18 04:00:00+00:00,0.72193,0.72344,0.72184,0.72256,33679
2020-08-18 08:00:00+00:00,0.72272,0.7239,0.72248,0.72377,35009
2020-08-18 12:00:00+00:00,0.72379,0.72635,0.72163,0.72339,68943
2020-08-18 16:00:00+00:00,0.7232,0.72462,0.72274,0.72385,23040
2020-08-18 20:00:00+00:00,0.72396,0.7257,0.72354,0.72547,15326
2020-08-19 00:00:00+00:00,0.72521,0.72592,0.72354,0.72361,32323
2020-08-19 04:00:00+00:00,0.72361,0.7267,0.72327,0.7267,36086
2020-08-19 08:00:00+00:00,0.72667,0.72751,0.72629,0.72675,38221
2020-08-19 12:00:00+00:00,0.72639,0.72671,0.7228,0.72337,47561
2020-08-19 16:00:00+00:00,0.72327,0.72368,0.71798,0.71837,61678
2020-08-19 20:00:00+00:00,0.71835,0.71908,0.71775,0.71868,16953
2020-08-20 00:00:00+00:00,0.71833,0.71923,0.71668,0.71839,43622
2020-08-20 04:00:00+00:00,0.71841,0.71871,0.71619,0.71716,40704
2020-08-20 08:00:00+00:00,0.71701,0.71707,0.71458,0.71633,46032
2020-08-20 12:00:00+00:00,0.71629,0.71773,0.7136,0.71769,70103
2020-08-20 16:00:00+00:00,0.71772,0.72002,0.71757,0.72002,32042
2020-08-20 20:00:00+00:00,0.72005,0.72072,0.71837,0.72036,12721
2020-08-21 00:00:00+00:00,0.72057,0.72157,0.71965,0.71987,36241
2020-08-21 04:00:00+00:00,0.71985,0.7206,0.7184,0.71932,38656
2020-08-21 08:00:00+00:00,0.71898,0.71901,0.71626,0.71626,49562
2020-08-21 12:00:00+00:00,0.71605,0.71736,0.71404,0.71556,66172
2020-08-21 16:00:00+00:00,0.7153,0.71653,0.71427,0.71641,22892
2020-08-21 20:00:00+00:00,0.71645,0.71661,0.71589,0.71589,2618
2020-08-23 20:00:00+00:00,0.71648,0.71688,0.71574,0.71596,11493
2020-08-24 00:00:00+00:00,0.71594,0.71767,0.7154,0.71674,32407
2020-08-24 04:00:00+00:00,0.71666,0.71839,0.71617,0.71839,30537
2020-08-24 08:00:00+00:00,0.7185,0.71986,0.71786,0.71978,28564
2020-08-24 12:00:00+00:00,0.71978,0.72028,0.71662,0.71735,50549
2020-08-24 16:00:00+00:00,0.71709,0.71759,0.71544,0.71635,23789
2020-08-24 20:00:00+00:00,0.71616,0.71693,0.71591,0.71693,13623
2020-08-25 00:00:00+00:00,0.71689,0.71816,0.71559,0.71731,37580
2020-08-25 04:00:00+00:00,0.71745,0.7178,0.71656,0.71705,26601
2020-08-25 08:00:00+00:00,0.71711,0.71843,0.71522,0.71739,32892
2020-08-25 12:00:00+00:00,0.71752,0.719,0.71679,0.71789,54075
2020-08-25 16:00:00+00:00,0.71782,0.71972,0.71695,0.71915,21166
2020-08-25 20:00:00+00:00,0.71925,0.72059,0.71899,0.71976,16798
2020-08-26 00:00:00+00:00,0.71976,0.72056,0.71878,0.719,35629
2020-08-26 04:00:00+00:00,0.71907,0.72042,0.71877,0.71967,29460
2020-08-26 08:00:00+00:00,0.71982,0.72109,0.71957,0.72007,29378
2020-08-26 12:00:00+00:00,0.72007,0.72297,0.71883,0.72218,45855
2020-08-26 16:00:00+00:00,0.72222,0.72394,0.72222,0.72329,28543
2020-08-26 20:00:00+00:00,0.7233,0.72447,0.72271,0.72447,15632
2020-08-27 00:00:00+00:00,0.72442,0.72499,0.72288,0.72359,29021
2020-08-27 04:00:00+00:00,0.72367,0.72616,0.72341,0.72547,23985
2020-08-27 08:00:00+00:00,0.72543,0.72598,0.72408,0.72467,27997
2020-08-27 12:00:00+00:00,0.72461,0.72897,0.72196,0.72598,141347
2020-08-27 16:00:00+00:00,0.72581,0.72691,0.72419,0.72562,64933
2020-08-27 20:00:00+00:00,0.72571,0.72694,0.72541,0.72694,14364
2020-08-28 00:00:00+00:00,0.727,0.72905,0.72559,0.7289,42734
2020-08-28 04:00:00+00:00,0.72891,0.73142,0.72848,0.73118,57426
2020-08-28 08:00:00+00:00,0.73074,0.73478,0.73029,0.73439,48165
2020-08-28 12:00:00+00:00,0.73428,0.73563,0.73281,0.73518,87871
2020-08-28 16:00:00+00:00,0.73506,0.73591,0.73397,0.73563,27193
2020-08-28 20:00:00+00:00,0.73562,0.73663,0.73561,0.73649,2724
2020-08-30 20:00:00+00:00,0.73566,0.73714,0.73566,0.73701,11441
2020-08-31 00:00:00+00:00,0.73732,0.73793,0.73473,0.73664,35554
2020-08-31 04:00:00+00:00,0.73658,0.73658,0.73412,0.73491,33371
2020-08-31 08:00:00+00:00,0.73511,0.73708,0.73476,0.7368,31968
2020-08-31 12:00:00+00:00,0.73652,0.74004,0.73578,0.73876,61028
2020-08-31 16:00:00+00:00,0.7388,0.73928,0.73743,0.73743,34218
2020-08-31 20:00:00+00:00,0.7376,0.73818,0.73721,0.73772,15468
2020-09-01 00:00:00+00:00,0.73796,0.74122,0.73693,0.74045,67069
2020-09-01 04:00:00+00:00,0.74049,0.74125,0.73895,0.74079,55852
2020-09-01 08:00:00+00:00,0.74013,0.74024,0.73747,0.73811,51551
2020-09-01 12:00:00+00:00,0.73802,0.73931,0.73671,0.73743,84826
2020-09-01 16:00:00+00:00,0.73726,0.73794,0.73599,0.73709,43437
2020-09-01 20:00:00+00:00,0.73709,0.73803,0.73694,0.73772,17359
2020-09-02 00:00:00+00:00,0.73769,0.73788,0.73376,0.73518,54625
2020-09-02 04:00:00+00:00,0.73519,0.73646,0.73423,0.73426,38468
2020-09-02 08:00:00+00:00,0.73416,0.73495,0.73267,0.73337,41602
2020-09-02 12:00:00+00:00,0.73352,0.73451,0.73019,0.73188,79134
2020-09-02 16:00:00+00:00,0.73169,0.73337,0.7314,0.7333,44230
2020-09-02 20:00:00+00:00,0.7331,0.73394,0.7328,0.7328,12534
2020-09-03 00:00:00+00:00,0.73271,0.73326,0.73114,0.73174,44596
2020-09-03 04:00:00+00:00,0.7317,0.73212,0.72969,0.73111,47013
2020-09-03 08:00:00+00:00,0.73121,0.73174,0.72843,0.72864,37608
2020-09-03 12:00:00+00:00,0.7284,0.73098,0.72678,0.72708,101324
2020-09-03 16:00:00+00:00,0.72707,0.72807,0.72654,0.72701,58210
2020-09-03 20:00:00+00:00,0.72699,0.72755,0.72522,0.7254,21833
2020-09-04 00:00:00+00:00,0.72594,0.7278,0.72584,0.72707,36051
2020-09-04 04:00:00+00:00,0.72698,0.72832,0.72613,0.72823,34276
2020-09-04 08:00:00+00:00,0.72823,0.72958,0.7271,0.7271,34577
2020-09-04 12:00:00+00:00,0.72728,0.72793,0.72229,0.72643,133667
2020-09-04 16:00:00+00:00,0.72644,0.72981,0.72616,0.72944,72593
2020-09-04 20:00:00+00:00,0.72946,0.72952,0.72811,0.72812,4028
2020-09-06 20:00:00+00:00,0.72863,0.72904,0.72736,0.7281,22263
2020-09-07 00:00:00+00:00,0.72814,0.72973,0.72813,0.72864,55927
2020-09-07 04:00:00+00:00,0.72862,0.72878,0.7271,0.72771,42499
2020-09-07 08:00:00+00:00,0.7276,0.72882,0.7273,0.72844,30085
2020-09-07 12:00:00+00:00,0.7285,0.72853,0.72776,0.72799,22631
2020-09-07 16:00:00+00:00,0.72799,0.7282,0.72756,0.72756,9165
2020-09-07 20:00:00+00:00,0.72762,0.72818,0.72731,0.72802,10735
2020-09-08 00:00:00+00:00,0.72804,0.72863,0.72718,0.72773,22237
2020-09-08 04:00:00+00:00,0.72764,0.73076,0.72748,0.72924,37736
2020-09-08 08:00:00+00:00,0.72928,0.72932,0.72415,0.7245,52148
2020-09-08 12:00:00+00:00,0.72443,0.72474,0.72186,0.72285,118691
2020-09-08 16:00:00+00:00,0.72294,0.72423,0.72107,0.72135,53343
2020-09-08 20:00:00+00:00,0.72171,0.72189,0.71928,0.72092,20613
2020-09-09 00:00:00+00:00,0.721,0.72246,0.72074,0.72194,42172
2020-09-09 04:00:00+00:00,0.7219,0.72321,0.72069,0.723,37034
2020-09-09 08:00:00+00:00,0.72295,0.72412,0.72233,0.72349,33528
2020-09-09 12:00:00+00:00,0.72322,0.72825,0.72322,0.7274,76718
2020-09-09 16:00:00+00:00,0.72735,0.72864,0.727,0.72807,32851
2020-09-09 20:00:00+00:00,0.72802,0.72854,0.72754,0.72754,9834
2020-09-10 00:00:00+00:00,0.72756,0.72803,0.72626,0.72702,27074
2020-09-10 04:00:00+00:00,0.72689,0.72826,0.72664,0.72697,28073
2020-09-10 08:00:00+00:00,0.72688,0.72781,0.7266,0.72732,25667
2020-09-10 12:00:00+00:00,0.72731,0.73234,0.72731,0.7286,86150
2020-09-10 16:00:00+00:00,0.7288,0.72907,0.72486,0.72526,69299
2020-09-10 20:00:00+00:00,0.72533,0.72673,0.72523,0.72613,20109
2020-09-11 00:00:00+00:00,0.72656,0.72771,0.72594,0.72753,32784
2020-09-11 04:00:00+00:00,0.72758,0.72957,0.72741,0.72882,24903
2020-09-11 08:00:00+00:00,0.72892,0.73048,0.72872,0.72961,29399
2020-09-11 12:00:00+00:00,0.72975,0.72987,0.7272,0.72763,50134
2020-09-11 16:00:00+00:00,0.72767,0.72828,0.72593,0.72791,49399
2020-09-11 20:00:00+00:00,0.72795,0.72831,0.72768,0.72825,2713
2020-09-13 20:00:00+00:00,0.72774,0.72886,0.72746,0.72818,9674
2020-09-14 00:00:00+00:00,0.72832,0.72853,0.72694,0.72807,25175
2020-09-14 04:00:00+00:00,0.72797,0.72875,0.72774,0.72815,23817
2020-09-14 08:00:00+00:00,0.72811,0.72843,0.72646,0.72706,23103
2020-09-14 12:00:00+00:00,0.72694,0.73033,0.72694,0.7298,36270
2020-09-14 16:00:00+00:00,0.72984,0.73001,0.72835,0.72902,28638
2020-09-14 20:00:00+00:00,0.72921,0.72927,0.72821,0.7283,13243
2020-09-15 00:00:00+00:00,0.72825,0.7318,0.7268,0.73175,45746
2020-09-15 04:00:00+00:00,0.73175,0.73343,0.73105,0.73126,28102
2020-09-15 08:00:00+00:00,0.73151,0.73376,0.73109,0.7329,28440
2020-09-15 12:00:00+00:00,0.73293,0.73423,0.72933,0.72947,41292
2020-09-15 16:00:00+00:00,0.72978,0.73088,0.72957,0.73027,26790
2020-09-15 20:00:00+00:00,0.73015,0.73057,0.72944,0.72953,12537
2020-09-16 00:00:00+00:00,0.72948,0.73199,0.72887,0.73168,29210
2020-09-16 04:00:00+00:00,0.73176,0.73244,0.73079,0.73244,21752
2020-09-16 08:00:00+00:00,0.73237,0.73415,0.73237,0.73365,24162
2020-09-16 12:00:00+00:00,0.73375,0.73435,0.73148,0.73346,43800
2020-09-16 16:00:00+00:00,0.73347,0.73362,0.72787,0.72884,118384
2020-09-16 20:00:00+00:00,0.72894,0.73081,0.72887,0.72965,14277
2020-09-17 00:00:00+00:00,0.72955,0.73104,0.7263,0.72635,75059
2020-09-17 04:00:00+00:00,0.72634,0.7291,0.72567,0.72884,55243
2020-09-17 08:00:00+00:00,0.72891,0.73108,0.72853,0.73098,42840
2020-09-17 12:00:00+00:00,0.73079,0.73079,0.72794,0.72885,64802
2020-09-17 16:00:00+00:00,0.72903,0.73147,0.72813,0.73145,53712
2020-09-17 20:00:00+00:00,0.73149,0.73191,0.73051,0.73132,11420
2020-09-18 00:00:00+00:00,0.73165,0.73322,0.7308,0.73228,46372
2020-09-18 04:00:00+00:00,0.73225,0.73255,0.73094,0.73145,33130
2020-09-18 08:00:00+00:00,0.73126,0.73169,0.72914,0.72959,28172
2020-09-18 12:00:00+00:00,0.72957,0.73156,0.72837,0.73113,57575
2020-09-18 16:00:00+00:00,0.73109,0.73223,0.7294,0.72951,50073
2020-09-18 20:00:00+00:00,0.72935,0.72961,0.72885,0.72899,5337
2020-09-20 20:00:00+00:00,0.72831,0.72974,0.72831,0.72936,13790
2020-09-21 00:00:00+00:00,0.72937,0.73189,0.72896,0.73177,37215
2020-09-21 04:00:00+00:00,0.73177,0.73231,0.72839,0.72858,36848
2020-09-21 08:00:00+00:00,0.72859,0.72859,0.72561,0.72658,52214
2020-09-21 12:00:00+00:00,0.72649,0.72651,0.72003,0.7212,81461
2020-09-21 16:00:00+00:00,0.7214,0.72243,0.72034,0.7221,47289
2020-09-21 20:00:00+00:00,0.72221,0.72301,0.72202,0.72284,14906
2020-09-22 00:00:00+00:00,0.72273,0.72346,0.71931,0.72232,49255
2020-09-22 04:00:00+00:00,0.72221,0.72235,0.71783,0.71861,46071
2020-09-22 08:00:00+00:00,0.7186,0.72327,0.7186,0.72156,48701
2020-09-22 12:00:00+00:00,0.72156,0.72272,0.71656,0.71718,70722
2020-09-22 16:00:00+00:00,0.71721,0.71793,0.71548,0.71743,36955
2020-09-22 20:00:00+00:00,0.71741,0.71773,0.7164,0.71723,19021
2020-09-23 00:00:00+00:00,0.71732,0.71739,0.71269,0.71285,49364
2020-09-23 04:00:00+00:00,0.71274,0.71363,0.71141,0.7125,47248
2020-09-23 08:00:00+00:00,0.71253,0.71342,0.71129,0.71167,43794
2020-09-23 12:00:00+00:00,0.71165,0.71196,0.709,0.70943,61645
2020-09-23 16:00:00+00:00,0.7095,0.7105,0.70693,0.7074,63989
2020-09-23 20:00:00+00:00,0.70761,0.70802,0.7061,0.70641,18621
2020-09-24 00:00:00+00:00,0.70678,0.708,0.70478,0.70493,34225
2020-09-24 04:00:00+00:00,0.70495,0.70535,0.70288,0.70505,43353
2020-09-24 08:00:00+00:00,0.7052,0.70534,0.70306,0.70341,38874
2020-09-24 12:00:00+00:00,0.70323,0.70476,0.7016,0.70453,88563
2020-09-24 16:00:00+00:00,0.70461,0.70722,0.704,0.70511,68917
2020-09-24 20:00:00+00:00,0.70511,0.70578,0.70425,0.70549,17558
2020-09-25 00:00:00+00:00,0.70568,0.70624,0.70471,0.70592,30680
2020-09-25 04:00:00+00:00,0.7058,0.70853,0.7055,0.70771,38317
2020-09-25 08:00:00+00:00,0.70769,0.70785,0.70257,0.70346,48101
2020-09-25 12:00:00+00:00,0.70314,0.70407,0.70074,0.70117,72416
2020-09-25 16:00:00+00:00,0.70121,0.70339,0.70115,0.7033,38692
2020-09-25 20:00:00+00:00,0.70325,0.70328,0.70237,0.70237,4679
2020-09-27 20:00:00+00:00,0.70289,0.70447,0.70289,0.70399,10705
2020-09-28 00:00:00+00:00,0.70401,0.70594,0.70327,0.7057,27752
2020-09-28 04:00:00+00:00,0.70574,0.70629,0.70429,0.70429,26671
2020-09-28 08:00:00+00:00,0.704,0.70737,0.70377,0.7072,40600
2020-09-28 12:00:00+00:00,0.70728,0.70729,0.70478,0.70669,56122
2020-09-28 16:00:00+00:00,0.70644,0.7074,0.70586,0.70721,31636
2020-09-28 20:00:00+00:00,0.7072,0.70954,0.70685,0.70936,15406
2020-09-29 00:00:00+00:00,0.70909,0.70941,0.70751,0.70836,23973
2020-09-29 04:00:00+00:00,0.70837,0.70998,0.70757,0.70998,32275
2020-09-29 08:00:00+00:00,0.7097,0.7131,0.70876,0.7131,38790
2020-09-29 12:00:00+00:00,0.7129,0.71357,0.7108,0.7108,56439
2020-09-29 16:00:00+00:00,0.71067,0.71374,0.71019,0.71271,38667
2020-09-29 20:00:00+00:00,0.7126,0.71452,0.71241,0.71452,12695
2020-09-30 00:00:00+00:00,0.71472,0.71492,0.711,0.71139,38891
2020-09-30 04:00:00+00:00,0.7114,0.71213,0.7101,0.71184,40143
2020-09-30 08:00:00+00:00,0.71185,0.71331,0.71069,0.71172,38043
2020-09-30 12:00:00+00:00,0.71183,0.71711,0.71137,0.71597,72782
2020-09-30 16:00:00+00:00,0.71599,0.71751,0.71513,0.71596,65142
2020-09-30 20:00:00+00:00,0.71593,0.7173,0.71555,0.7165,20348
2020-10-01 00:00:00+00:00,0.71657,0.71833,0.71552,0.71775,29566
2020-10-01 04:00:00+00:00,0.71769,0.71968,0.71754,0.71829,35954
2020-10-01 08:00:00+00:00,0.71822,0.72084,0.71753,0.72029,47910
2020-10-01 12:00:00+00:00,0.72019,0.72047,0.71625,0.71889,78219
2020-10-01 16:00:00+00:00,0.71868,0.71937,0.71709,0.71902,59939
2020-10-01 20:00:00+00:00,0.71902,0.71922,0.71803,0.7181,35875
2020-10-02 00:00:00+00:00,0.71817,0.71844,0.71569,0.7159,85163
2020-10-02 04:00:00+00:00,0.71581,0.71739,0.71333,0.71553,121869
2020-10-02 08:00:00+00:00,0.71566,0.71633,0.71438,0.71581,45443
2020-10-02 12:00:00+00:00,0.71597,0.71722,0.71397,0.71459,80076
2020-10-02 16:00:00+00:00,0.71469,0.71657,0.71449,0.71571,62375
2020-10-02 20:00:00+00:00,0.71569,0.71641,0.71552,0.71607,3726
2020-10-04 20:00:00+00:00,0.71658,0.71742,0.71566,0.71732,27314
2020-10-05 00:00:00+00:00,0.71745,0.71905,0.71734,0.71798,28306
2020-10-05 04:00:00+00:00,0.71775,0.71835,0.71628,0.71694,27922
2020-10-05 08:00:00+00:00,0.717,0.71861,0.717,0.71833,28998
2020-10-05 12:00:00+00:00,0.71826,0.7193,0.71767,0.718,43831
2020-10-05 16:00:00+00:00,0.7181,0.71877,0.71719,0.71837,22539
2020-10-05 20:00:00+00:00,0.71827,0.71934,0.71706,0.71933,17750
2020-10-06 00:00:00+00:00,0.71941,0.72084,0.71839,0.71901,65033
2020-10-06 04:00:00+00:00,0.71888,0.71941,0.71477,0.71547,34412
2020-10-06 08:00:00+00:00,0.71564,0.71664,0.71451,0.71569,38537
2020-10-06 12:00:00+00:00,0.71568,0.71689,0.7149,0.7149,54440
2020-10-06 16:00:00+00:00,0.71485,0.71551,0.711,0.71182,81346
2020-10-06 20:00:00+00:00,0.71191,0.71191,0.70965,0.71091,25316
2020-10-07 00:00:00+00:00,0.71062,0.71195,0.70989,0.71167,38907
2020-10-07 04:00:00+00:00,0.71167,0.71434,0.71167,0.71426,34882
2020-10-07 08:00:00+00:00,0.71423,0.71423,0.71209,0.713,30917
2020-10-07 12:00:00+00:00,0.71286,0.71506,0.71286,0.714,53006
2020-10-07 16:00:00+00:00,0.71396,0.71461,0.71333,0.71338,31594
2020-10-07 20:00:00+00:00,0.71338,0.71428,0.71338,0.71358,31357
2020-10-08 00:00:00+00:00,0.71348,0.71441,0.71238,0.71417,55430
2020-10-08 04:00:00+00:00,0.71421,0.71693,0.71378,0.71661,49367
2020-10-08 08:00:00+00:00,0.71651,0.71666,0.71557,0.71588,27784
2020-10-08 12:00:00+00:00,0.71586,0.71694,0.71476,0.71569,47476
2020-10-08 16:00:00+00:00,0.71579,0.71681,0.71575,0.71652,17082
2020-10-08 20:00:00+00:00,0.71658,0.71758,0.71618,0.71751,24420
2020-10-09 00:00:00+00:00,0.71751,0.71861,0.71689,0.7181,88673
2020-10-09 04:00:00+00:00,0.71809,0.71879,0.71728,0.71849,43003
2020-10-09 08:00:00+00:00,0.71887,0.71933,0.71829,0.71879,29571
2020-10-09 12:00:00+00:00,0.71875,0.72394,0.71875,0.7237,45064
2020-10-09 16:00:00+00:00,0.7235,0.72388,0.72289,0.7238,19303
2020-10-09 20:00:00+00:00,0.72369,0.72428,0.72358,0.72396,8102
2020-10-11 20:00:00+00:00,0.72179,0.7233,0.72179,0.72246,17790
2020-10-12 00:00:00+00:00,0.72217,0.72309,0.7214,0.72283,36651
2020-10-12 04:00:00+00:00,0.72288,0.72347,0.7221,0.72306,42930
2020-10-12 08:00:00+00:00,0.72302,0.72321,0.72053,0.72112,25437
2020-10-12 12:00:00+00:00,0.72129,0.72192,0.7206,0.72069,31345
2020-10-12 16:00:00+00:00,0.72039,0.72176,0.72039,0.72121,24644
2020-10-12 20:00:00+00:00,0.72111,0.72129,0.72049,0.72087,23090
2020-10-13 00:00:00+00:00,0.72076,0.72076,0.71651,0.71753,113372
2020-10-13 04:00:00+00:00,0.71749,0.71894,0.71734,0.71768,56380
2020-10-13 08:00:00+00:00,0.71785,0.7202,0.71772,0.71881,34413
2020-10-13 12:00:00+00:00,0.71871,0.71941,0.71559,0.71647,51799
2020-10-13 16:00:00+00:00,0.71637,0.7164,0.71505,0.71592,34012
2020-10-13 20:00:00+00:00,0.71589,0.71644,0.7156,0.71641,16628
2020-10-14 00:00:00+00:00,0.71641,0.71732,0.71561,0.717,79295
2020-10-14 04:00:00+00:00,0.71713,0.71741,0.71553,0.71707,44018
2020-10-14 08:00:00+00:00,0.71706,0.71812,0.71647,0.71754,36841
2020-10-14 12:00:00+00:00,0.71751,0.71901,0.71673,0.71689,42493
2020-10-14 16:00:00+00:00,0.71683,0.71709,0.71535,0.71632,34206
2020-10-14 20:00:00+00:00,0.71641,0.71689,0.71295,0.71409,39301
2020-10-15 00:00:00+00:00,0.71432,0.71484,0.71248,0.71309,53391
2020-10-15 04:00:00+00:00,0.71309,0.71384,0.70961,0.71044,57161
2020-10-15 08:00:00+00:00,0.71022,0.71025,0.70674,0.70712,46052
2020-10-15 12:00:00+00:00,0.70703,0.7083,0.70568,0.70789,63751
2020-10-15 16:00:00+00:00,0.70792,0.70961,0.70786,0.70929,29361
2020-10-15 20:00:00+00:00,0.7093,0.70962,0.70854,0.70879,11934
2020-10-16 00:00:00+00:00,0.70878,0.7089,0.70766,0.70768,37103
2020-10-16 04:00:00+00:00,0.7077,0.70934,0.70706,0.7088,38887
2020-10-16 08:00:00+00:00,0.70873,0.7092,0.70752,0.70875,43417
2020-10-16 12:00:00+00:00,0.70889,0.70961,0.7073,0.70816,38805
2020-10-16 16:00:00+00:00,0.70801,0.70878,0.70792,0.70812,17758
2020-10-16 20:00:00+00:00,0.70804,0.70807,0.7076,0.7076,3166
2020-10-18 20:00:00+00:00,0.70771,0.70948,0.70717,0.7093,10331
2020-10-19 00:00:00+00:00,0.70948,0.7108,0.70849,0.70858,37097
2020-10-19 04:00:00+00:00,0.70863,0.71005,0.70844,0.70966,29506
2020-10-19 08:00:00+00:00,0.70965,0.71147,0.70921,0.71114,29441
2020-10-19 12:00:00+00:00,0.71105,0.71116,0.70842,0.70894,38581
2020-10-19 16:00:00+00:00,0.70893,0.70912,0.7059,0.70609,31221
2020-10-19 20:00:00+00:00,0.7062,0.70711,0.70464,0.70539,17548
2020-10-20 00:00:00+00:00,0.7053,0.70582,0.70389,0.7048,36062
2020-10-20 04:00:00+00:00,0.70479,0.70479,0.70319,0.70432,31964
2020-10-20 08:00:00+00:00,0.70432,0.70498,0.70262,0.7031,24854
2020-10-20 12:00:00+00:00,0.70299,0.70578,0.70211,0.70569,45451
2020-10-20 16:00:00+00:00,0.70529,0.70724,0.70523,0.70529,33098
2020-10-20 20:00:00+00:00,0.70523,0.70582,0.70447,0.70499,15533
2020-10-21 00:00:00+00:00,0.70501,0.70811,0.70501,0.70792,32858
2020-10-21 04:00:00+00:00,0.7079,0.70909,0.707,0.70863,32772
2020-10-21 08:00:00+00:00,0.70848,0.70912,0.70716,0.70835,35809
2020-10-21 12:00:00+00:00,0.70843,0.71261,0.70816,0.71197,50740
2020-10-21 16:00:00+00:00,0.71218,0.71359,0.71161,0.71168,36508
2020-10-21 20:00:00+00:00,0.71189,0.71192,0.70987,0.71043,17457
2020-10-22 00:00:00+00:00,0.71038,0.71074,0.70892,0.70902,38437
2020-10-22 04:00:00+00:00,0.709,0.71171,0.70853,0.71141,32506
2020-10-22 08:00:00+00:00,0.71123,0.71125,0.70937,0.71044,31852
2020-10-22 12:00:00+00:00,0.7107,0.71149,0.70929,0.7108,55823
2020-10-22 16:00:00+00:00,0.71066,0.71246,0.71054,0.71151,24361
2020-10-22 20:00:00+00:00,0.71143,0.71339,0.71127,0.71272,19785
2020-10-23 00:00:00+00:00,0.71261,0.71261,0.71107,0.71137,36180
2020-10-23 04:00:00+00:00,0.71137,0.71384,0.7103,0.71341,31909
2020-10-23 08:00:00+00:00,0.71333,0.71572,0.7133,0.71434,28545
2020-10-23 12:00:00+00:00,0.71461,0.7154,0.71016,0.71175,39942
2020-10-23 16:00:00+00:00,0.71151,0.71394,0.71075,0.71394,19683
2020-10-23 20:00:00+00:00,0.7139,0.71442,0.71332,0.71332,2838
2020-10-25 20:00:00+00:00,0.71321,0.71406,0.71165,0.71313,18638
2020-10-26 00:00:00+00:00,0.71309,0.71361,0.71137,0.71137,35807
2020-10-26 04:00:00+00:00,0.71136,0.7121,0.71043,0.71095,29838
2020-10-26 08:00:00+00:00,0.71083,0.71463,0.71075,0.71336,38878
2020-10-26 12:00:00+00:00,0.71349,0.71349,0.7109,0.71195,46790
2020-10-26 16:00:00+00:00,0.71203,0.71297,0.71055,0.71266,32629
2020-10-26 20:00:00+00:00,0.71257,0.71297,0.71146,0.71167,12380
2020-10-27 00:00:00+00:00,0.71198,0.71371,0.71176,0.7132,31663
2020-10-27 04:00:00+00:00,0.71322,0.71411,0.71259,0.7127,28039
2020-10-27 08:00:00+00:00,0.71261,0.71372,0.71183,0.71345,38856
2020-10-27 12:00:00+00:00,0.71343,0.71442,0.71228,0.71428,38313
2020-10-27 16:00:00+00:00,0.71408,0.71468,0.71311,0.71344,20150
2020-10-27 20:00:00+00:00,0.7134,0.71358,0.71132,0.71228,19828
2020-10-28 00:00:00+00:00,0.71207,0.7138,0.71161,0.7138,34807
2020-10-28 04:00:00+00:00,0.714,0.71564,0.71371,0.71372,30866
2020-10-28 08:00:00+00:00,0.71361,0.71361,0.70745,0.70771,51161
2020-10-28 12:00:00+00:00,0.70737,0.70756,0.70396,0.70663,65728
2020-10-28 16:00:00+00:00,0.70652,0.70698,0.70407,0.7043,38958
2020-10-28 20:00:00+00:00,0.70433,0.70603,0.70407,0.70549,17260
2020-10-29 00:00:00+00:00,0.7055,0.70674,0.70541,0.70666,35996
2020-10-29 04:00:00+00:00,0.70669,0.70755,0.70588,0.70599,31365
2020-10-29 08:00:00+00:00,0.70627,0.70635,0.70245,0.70251,51118
2020-10-29 12:00:00+00:00,0.70248,0.70464,0.70048,0.70053,75140
2020-10-29 16:00:00+00:00,0.70044,0.70404,0.70035,0.70365,35912
2020-10-29 20:00:00+00:00,0.70371,0.70398,0.70224,0.70375,24777
2020-10-30 00:00:00+00:00,0.70366,0.70551,0.70293,0.70502,41779
2020-10-30 04:00:00+00:00,0.70508,0.70512,0.7012,0.70235,49376
2020-10-30 08:00:00+00:00,0.70264,0.7046,0.70264,0.70431,50360
2020-10-30 12:00:00+00:00,0.70437,0.70707,0.7018,0.70221,78770
2020-10-30 16:00:00+00:00,0.70209,0.70389,0.70158,0.70289,47781
2020-10-30 20:00:00+00:00,0.70301,0.70308,0.70262,0.70266,5703
2020-11-01 20:00:00+00:00,0.7005,0.7022,0.7,0.7007,1817
2020-11-02 00:00:00+00:00,0.7009,0.7025,0.6999,0.7014,15016
2020-11-02 04:00:00+00:00,0.7009,0.70153,0.69959,0.70093,28123
2020-11-02 08:00:00+00:00,0.70082,0.70451,0.69932,0.7041,50811
2020-11-02 12:00:00+00:00,0.70416,0.70532,0.70371,0.7039,48267
2020-11-02 16:00:00+00:00,0.70402,0.7053,0.70359,0.7049,29707
2020-11-02 20:00:00+00:00,0.70527,0.70573,0.70498,0.7053,14306
2020-11-03 00:00:00+00:00,0.7054,0.70615,0.70359,0.70454,34959
2020-11-03 04:00:00+00:00,0.70439,0.70708,0.7028,0.70699,28259
2020-11-03 08:00:00+00:00,0.70669,0.71302,0.70661,0.71296,40866
2020-11-03 12:00:00+00:00,0.71316,0.71684,0.7125,0.71656,44455
2020-11-03 16:00:00+00:00,0.71646,0.7174,0.71389,0.71408,31888
2020-11-03 20:00:00+00:00,0.71419,0.72048,0.71373,0.71965,31435
2020-11-04 00:00:00+00:00,0.71967,0.72148,0.70508,0.71073,186172
2020-11-04 04:00:00+00:00,0.71099,0.71334,0.70607,0.70823,115902
2020-11-04 08:00:00+00:00,0.70818,0.71334,0.70658,0.71312,84193
2020-11-04 12:00:00+00:00,0.7132,0.71728,0.71254,0.71593,97379
2020-11-04 16:00:00+00:00,0.71589,0.71977,0.71488,0.71891,63586
2020-11-04 20:00:00+00:00,0.71899,0.7192,0.71627,0.71799,28656
2020-11-05 00:00:00+00:00,0.71747,0.71887,0.71468,0.71758,60151
2020-11-05 04:00:00+00:00,0.7175,0.71936,0.71601,0.71928,51076
2020-11-05 08:00:00+00:00,0.71906,0.72196,0.71867,0.72146,77700
2020-11-05 12:00:00+00:00,0.72129,0.72752,0.72082,0.72725,97612
2020-11-05 16:00:00+00:00,0.72713,0.72892,0.72504,0.72849,54666
2020-11-05 20:00:00+00:00,0.72818,0.72882,0.72554,0.72622,34435
2020-11-06 00:00:00+00:00,0.72619,0.72798,0.72504,0.7254,72461
2020-11-06 04:00:00+00:00,0.7256,0.72766,0.72493,0.72766,43041
2020-11-06 08:00:00+00:00,0.72774,0.72873,0.7247,0.72687,58570
2020-11-06 12:00:00+00:00,0.727,0.7279,0.72407,0.72683,95970
2020-11-06 16:00:00+00:00,0.72719,0.72738,0.72653,0.72668,41569
2020-11-06 20:00:00+00:00,0.72661,0.72666,0.72567,0.72577,13444
2020-11-08 20:00:00+00:00,0.72756,0.72898,0.72719,0.72863,13625
2020-11-09 00:00:00+00:00,0.72871,0.72895,0.72689,0.72888,45738
2020-11-09 04:00:00+00:00,0.72885,0.72993,0.72802,0.72864,37973
2020-11-09 08:00:00+00:00,0.72896,0.73267,0.72679,0.73196,65493
2020-11-09 12:00:00+00:00,0.73132,0.73393,0.72787,0.7297,167880
2020-11-09 16:00:00+00:00,0.72925,0.72928,0.72693,0.72906,89830
2020-11-09 20:00:00+00:00,0.72917,0.72987,0.72674,0.72793,41486
2020-11-10 00:00:00+00:00,0.72773,0.72878,0.7269,0.72767,71528
2020-11-10 04:00:00+00:00,0.72785,0.72925,0.72756,0.72757,44076
2020-11-10 08:00:00+00:00,0.72805,0.72926,0.72694,0.72868,63500
2020-11-10 12:00:00+00:00,0.72856,0.72895,0.7253,0.72704,88200
2020-11-10 16:00:00+00:00,0.72725,0.72864,0.72666,0.72817,55652
2020-11-10 20:00:00+00:00,0.72803,0.72888,0.72736,0.72815,22083
2020-11-11 00:00:00+00:00,0.72833,0.73175,0.72776,0.7313,56382
2020-11-11 04:00:00+00:00,0.73134,0.73134,0.72924,0.72924,32145
2020-11-11 08:00:00+00:00,0.72937,0.73037,0.72789,0.72789,50528
2020-11-11 12:00:00+00:00,0.72767,0.72809,0.72616,0.72642,53144
2020-11-11 16:00:00+00:00,0.72627,0.72808,0.72626,0.7275,23592
2020-11-11 20:00:00+00:00,0.72747,0.72841,0.72725,0.72835,14371
2020-11-12 00:00:00+00:00,0.72828,0.72935,0.72749,0.72749,34479
2020-11-12 04:00:00+00:00,0.72759,0.72782,0.72481,0.72539,32365
2020-11-12 08:00:00+00:00,0.72553,0.72816,0.72519,0.72617,35291
2020-11-12 12:00:00+00:00,0.72641,0.72713,0.72483,0.72634,53396
2020-11-12 16:00:00+00:00,0.72618,0.72706,0.72314,0.72368,41361
2020-11-12 20:00:00+00:00,0.72365,0.72407,0.72244,0.72396,26112
2020-11-13 00:00:00+00:00,0.72412,0.72415,0.7222,0.72237,34138
2020-11-13 04:00:00+00:00,0.72237,0.72442,0.72224,0.72442,23723
2020-11-13 08:00:00+00:00,0.72438,0.72634,0.72298,0.7249,31410
2020-11-13 12:00:00+00:00,0.72471,0.72561,0.72388,0.72465,37902
2020-11-13 16:00:00+00:00,0.72467,0.72727,0.72467,0.72637,24806
2020-11-13 20:00:00+00:00,0.72652,0.7272,0.72637,0.7264,8179
2020-11-15 16:00:00+00:00,0.72639,0.72956,0.72635,0.72887,23383
2020-11-15 20:00:00+00:00,0.72902,0.72979,0.72868,0.72897,32418
2020-11-16 00:00:00+00:00,0.72888,0.73045,0.72807,0.72969,28930
2020-11-16 04:00:00+00:00,0.7298,0.73076,0.72819,0.73002,53974
2020-11-16 08:00:00+00:00,0.72997,0.73249,0.7287,0.73225,55178
2020-11-16 12:00:00+00:00,0.73216,0.73227,0.73092,0.73196,23477
2020-11-16 16:00:00+00:00,0.73189,0.73291,0.73125,0.73239,22168
2020-11-16 20:00:00+00:00,0.7325,0.73255,0.73129,0.73214,26299
2020-11-17 00:00:00+00:00,0.73214,0.73252,0.73011,0.73252,29658
2020-11-17 04:00:00+00:00,0.73273,0.73389,0.73136,0.73181,33158
2020-11-17 08:00:00+00:00,0.73206,0.73227,0.72898,0.72976,50814
2020-11-17 12:00:00+00:00,0.72978,0.73083,0.72945,0.73013,21688
2020-11-17 16:00:00+00:00,0.73012,0.7306,0.72733,0.72808,24259
2020-11-17 20:00:00+00:00,0.72798,0.72953,0.72753,0.72943,30879
2020-11-18 00:00:00+00:00,0.72945,0.73219,0.72921,0.73178,19638
2020-11-18 04:00:00+00:00,0.73183,0.73279,0.73061,0.73154,34548
2020-11-18 08:00:00+00:00,0.73147,0.73261,0.72961,0.73242,41671
2020-11-18 12:00:00+00:00,0.73249,0.73308,0.73013,0.73013,28633
2020-11-18 16:00:00+00:00,0.73041,0.73066,0.72849,0.72893,26177
2020-11-18 20:00:00+00:00,0.729,0.7298,0.72881,0.72944,30161
2020-11-19 00:00:00+00:00,0.72951,0.72971,0.72695,0.72696,32535
2020-11-19 04:00:00+00:00,0.72673,0.72775,0.7255,0.72714,37096
2020-11-19 08:00:00+00:00,0.72691,0.72808,0.72574,0.72644,47443
2020-11-19 12:00:00+00:00,0.72633,0.72965,0.72619,0.72952,26399
2020-11-19 16:00:00+00:00,0.7295,0.72969,0.72667,0.72786,24238
2020-11-19 20:00:00+00:00,0.72771,0.72945,0.72771,0.72942,30183
2020-11-20 00:00:00+00:00,0.72939,0.7302,0.7282,0.72921,40173
2020-11-20 04:00:00+00:00,0.72927,0.73148,0.72859,0.73137,38755
2020-11-20 08:00:00+00:00,0.73131,0.73233,0.73016,0.73139,43933
2020-11-20 12:00:00+00:00,0.73132,0.73163,0.73058,0.73102,21182
2020-11-20 16:00:00+00:00,0.73094,0.73102,0.73022,0.73022,3962
2020-11-22 16:00:00+00:00,0.73005,0.7321,0.72999,0.73205,14742
2020-11-22 20:00:00+00:00,0.73198,0.73271,0.73115,0.73126,22374
2020-11-23 00:00:00+00:00,0.73119,0.73305,0.73067,0.73282,26585
2020-11-23 04:00:00+00:00,0.73262,0.73364,0.73254,0.73291,24131
2020-11-23 08:00:00+00:00,0.7329,0.73317,0.72662,0.72789,54070
2020-11-23 12:00:00+00:00,0.72762,0.72951,0.72747,0.72843,22093
2020-11-23 16:00:00+00:00,0.72845,0.7305,0.72833,0.72975,18590
2020-11-23 20:00:00+00:00,0.73038,0.73198,0.73012,0.73166,36322
2020-11-24 00:00:00+00:00,0.73175,0.73647,0.73119,0.73586,35484
2020-11-24 04:00:00+00:00,0.73592,0.73665,0.73334,0.73388,27878
2020-11-24 08:00:00+00:00,0.73366,0.73568,0.7311,0.73498,41099
2020-11-24 12:00:00+00:00,0.73507,0.73625,0.73435,0.7362,19327
2020-11-24 16:00:00+00:00,0.73601,0.73732,0.73551,0.73614,21913
2020-11-24 20:00:00+00:00,0.7361,0.73669,0.7353,0.73546,39466
2020-11-25 00:00:00+00:00,0.73551,0.73618,0.73255,0.73475,41462
2020-11-25 04:00:00+00:00,0.73498,0.73517,0.73358,0.73463,24462
2020-11-25 08:00:00+00:00,0.73499,0.7359,0.73262,0.7359,35960
2020-11-25 12:00:00+00:00,0.73574,0.73734,0.7355,0.73682,20088
2020-11-25 16:00:00+00:00,0.73673,0.73687,0.73564,0.7365,15416
2020-11-25 20:00:00+00:00,0.7366,0.7373,0.73588,0.73602,24195
2020-11-26 00:00:00+00:00,0.73607,0.73735,0.73558,0.73579,23767
2020-11-26 04:00:00+00:00,0.7358,0.73689,0.73545,0.73619,21393
2020-11-26 08:00:00+00:00,0.73612,0.73646,0.73546,0.73633,14704
2020-11-26 12:00:00+00:00,0.73619,0.73664,0.73562,0.73562,8935
2020-11-26 16:00:00+00:00,0.73561,0.73644,0.73546,0.73614,14881
2020-11-26 20:00:00+00:00,0.73611,0.73759,0.7353,0.73747,30651
2020-11-27 00:00:00+00:00,0.73742,0.73851,0.73714,0.73844,25069
2020-11-27 04:00:00+00:00,0.73833,0.73851,0.73644,0.73725,21111
2020-11-27 08:00:00+00:00,0.73724,0.73984,0.73671,0.73852,31027
2020-11-27 12:00:00+00:00,0.73849,0.73913,0.73824,0.73824,15533
2020-11-27 16:00:00+00:00,0.73843,0.73901,0.73765,0.73765,7076
2020-11-29 16:00:00+00:00,0.73824,0.7404,0.73824,0.74023,17113
2020-11-29 20:00:00+00:00,0.74025,0.74072,0.73842,0.73905,42508
2020-11-30 00:00:00+00:00,0.73918,0.73919,0.73744,0.73744,35421
2020-11-30 04:00:00+00:00,0.73748,0.73877,0.73696,0.73744,26070
2020-11-30 08:00:00+00:00,0.73728,0.73847,0.73487,0.73511,55409
2020-11-30 12:00:00+00:00,0.73519,0.73576,0.73392,0.73392,26194
2020-11-30 16:00:00+00:00,0.73398,0.73616,0.73398,0.73609,23075
2020-11-30 20:00:00+00:00,0.73618,0.73705,0.73527,0.73681,38330
2020-12-01 00:00:00+00:00,0.73674,0.73715,0.73581,0.73636,29307
2020-12-01 04:00:00+00:00,0.73653,0.73653,0.73434,0.73526,27479
2020-12-01 08:00:00+00:00,0.73533,0.73675,0.7343,0.73545,50001
2020-12-01 12:00:00+00:00,0.73549,0.73706,0.73549,0.73692,23584
2020-12-01 16:00:00+00:00,0.73692,0.73877,0.73634,0.73856,26048
2020-12-01 20:00:00+00:00,0.73821,0.73839,0.73672,0.73743,32355
2020-12-02 00:00:00+00:00,0.73739,0.7392,0.73652,0.73752,38157
2020-12-02 04:00:00+00:00,0.73755,0.73885,0.73516,0.73565,30580
2020-12-02 08:00:00+00:00,0.73598,0.73956,0.7353,0.73941,43692
2020-12-02 12:00:00+00:00,0.73932,0.74094,0.73917,0.7405,20994
2020-12-02 16:00:00+00:00,0.74064,0.74195,0.73992,0.73992,16381
2020-12-02 20:00:00+00:00,0.73993,0.74159,0.73981,0.7409,29382
2020-12-03 00:00:00+00:00,0.74081,0.74359,0.74066,0.74289,28917
2020-12-03 04:00:00+00:00,0.74284,0.74308,0.74095,0.74297,28950
2020-12-03 08:00:00+00:00,0.74284,0.74487,0.74251,0.74438,44810
2020-12-03 12:00:00+00:00,0.74417,0.74482,0.74321,0.74405,26780
2020-12-03 16:00:00+00:00,0.74398,0.74452,0.74339,0.74382,21230
2020-12-03 20:00:00+00:00,0.74392,0.744,0.74234,0.74276,30383
2020-12-04 00:00:00+00:00,0.74279,0.74354,0.74185,0.74186,29275
2020-12-04 04:00:00+00:00,0.74181,0.74283,0.74146,0.74196,32348
2020-12-04 08:00:00+00:00,0.74201,0.74401,0.74108,0.74375,55495
2020-12-04 12:00:00+00:00,0.74371,0.74432,0.74271,0.74322,22907
2020-12-04 16:00:00+00:00,0.74316,0.7432,0.74233,0.74256,3049
2020-12-06 16:00:00+00:00,0.743,0.74358,0.74259,0.74322,19914
2020-12-06 20:00:00+00:00,0.74314,0.74337,0.74252,0.7429,29392
2020-12-07 00:00:00+00:00,0.74294,0.74309,0.73957,0.73957,34084
2020-12-07 04:00:00+00:00,0.73937,0.73996,0.73725,0.73996,31898
2020-12-07 08:00:00+00:00,0.74006,0.74513,0.74006,0.74485,41169
2020-12-07 12:00:00+00:00,0.74481,0.74533,0.74184,0.74221,25730
2020-12-07 16:00:00+00:00,0.74229,0.74251,0.74108,0.74138,18268
2020-12-07 20:00:00+00:00,0.74153,0.74291,0.74153,0.74247,32144
2020-12-08 00:00:00+00:00,0.74256,0.74269,0.74046,0.74262,28340
2020-12-08 04:00:00+00:00,0.74281,0.7435,0.74104,0.74151,29584
2020-12-08 08:00:00+00:00,0.7416,0.74247,0.73995,0.7413,49685
2020-12-08 12:00:00+00:00,0.74129,0.7418,0.74038,0.74101,17606
2020-12-08 16:00:00+00:00,0.74098,0.74193,0.74052,0.74142,18279
2020-12-08 20:00:00+00:00,0.74133,0.74424,0.74094,0.74413,27490
2020-12-09 00:00:00+00:00,0.74407,0.74693,0.74381,0.74693,29601
2020-12-09 04:00:00+00:00,0.74698,0.7484,0.74644,0.74822,29313
2020-12-09 08:00:00+00:00,0.74789,0.74839,0.74454,0.74509,40563
2020-12-09 12:00:00+00:00,0.74522,0.74524,0.74233,0.74414,35574
2020-12-09 16:00:00+00:00,0.74391,0.74464,0.74252,0.74449,20651
2020-12-09 20:00:00+00:00,0.7445,0.74771,0.7443,0.7477,33887
2020-12-10 00:00:00+00:00,0.74767,0.74847,0.7456,0.74791,30576
2020-12-10 04:00:00+00:00,0.74784,0.74944,0.74754,0.7493,33065
2020-12-10 08:00:00+00:00,0.74936,0.75279,0.74855,0.75185,66441
2020-12-10 12:00:00+00:00,0.75209,0.75381,0.75207,0.75361,30014
2020-12-10 16:00:00+00:00,0.75359,0.75397,0.75226,0.75332,20565
2020-12-10 20:00:00+00:00,0.75345,0.75694,0.75345,0.75597,35871
2020-12-11 00:00:00+00:00,0.75615,0.7568,0.75211,0.75311,32054
2020-12-11 04:00:00+00:00,0.7533,0.75422,0.7523,0.75329,35190
2020-12-11 08:00:00+00:00,0.75341,0.75444,0.75303,0.75313,39527
2020-12-11 12:00:00+00:00,0.75309,0.7539,0.75266,0.75361,20583
2020-12-11 16:00:00+00:00,0.75356,0.75373,0.75309,0.75309,2892
2020-12-13 16:00:00+00:00,0.7548,0.75579,0.75259,0.75259,16119
2020-12-13 20:00:00+00:00,0.75296,0.75404,0.75296,0.75404,23899
2020-12-14 00:00:00+00:00,0.75414,0.75727,0.75358,0.75639,32183
2020-12-14 04:00:00+00:00,0.75659,0.75763,0.75571,0.75707,25616
2020-12-14 08:00:00+00:00,0.75718,0.75776,0.75334,0.75354,45970
2020-12-14 12:00:00+00:00,0.75352,0.75479,0.75313,0.75336,22518
2020-12-14 16:00:00+00:00,0.75355,0.75446,0.753,0.75389,15281
2020-12-14 20:00:00+00:00,0.754,0.75459,0.75075,0.75092,29041
2020-12-15 00:00:00+00:00,0.75113,0.75299,0.75113,0.75213,28589
2020-12-15 04:00:00+00:00,0.75219,0.75363,0.75171,0.75239,22838
2020-12-15 08:00:00+00:00,0.75256,0.7555,0.75256,0.75548,35711
2020-12-15 12:00:00+00:00,0.75553,0.75712,0.75532,0.75604,21842
2020-12-15 16:00:00+00:00,0.75581,0.75597,0.75496,0.75517,14958
2020-12-15 20:00:00+00:00,0.75529,0.75631,0.75458,0.75628,26464
2020-12-16 00:00:00+00:00,0.7562,0.75769,0.75508,0.75759,29978
2020-12-16 04:00:00+00:00,0.75743,0.75785,0.7564,0.75704,21631
2020-12-16 08:00:00+00:00,0.75705,0.75705,0.75513,0.75645,32342
2020-12-16 12:00:00+00:00,0.75643,0.75777,0.75408,0.75705,36826
2020-12-16 16:00:00+00:00,0.75711,0.75822,0.75679,0.75793,17646
2020-12-16 20:00:00+00:00,0.75799,0.75924,0.75773,0.75868,27112
2020-12-17 00:00:00+00:00,0.75864,0.76267,0.75864,0.76244,25704
2020-12-17 04:00:00+00:00,0.76248,0.76394,0.76229,0.76285,21463
2020-12-17 08:00:00+00:00,0.76289,0.76329,0.76143,0.76191,32331
2020-12-17 12:00:00+00:00,0.76191,0.76317,0.76165,0.76187,19516
2020-12-17 16:00:00+00:00,0.76197,0.76284,0.76104,0.76108,13829
2020-12-17 20:00:00+00:00,0.76104,0.7617,0.75927,0.75927,26432
2020-12-18 00:00:00+00:00,0.75945,0.76113,0.75831,0.76041,28685
2020-12-18 04:00:00+00:00,0.76041,0.76189,0.75889,0.76137,23478
2020-12-18 08:00:00+00:00,0.76117,0.76182,0.75948,0.76147,39460
2020-12-18 12:00:00+00:00,0.76145,0.76219,0.76096,0.76194,25847
2020-12-18 16:00:00+00:00,0.76185,0.76239,0.7618,0.76208,3107
2020-12-20 16:00:00+00:00,0.75847,0.76054,0.75829,0.75917,16399
2020-12-20 20:00:00+00:00,0.75925,0.76017,0.75663,0.75689,39257
2020-12-21 00:00:00+00:00,0.75663,0.75671,0.75225,0.75413,47783
2020-12-21 04:00:00+00:00,0.75408,0.75408,0.74634,0.75154,59048
2020-12-21 08:00:00+00:00,0.75142,0.75774,0.75112,0.7575,66159
2020-12-21 12:00:00+00:00,0.75761,0.75991,0.75722,0.75832,42108
2020-12-21 16:00:00+00:00,0.7582,0.75909,0.75662,0.75662,24746
2020-12-21 20:00:00+00:00,0.75684,0.75751,0.75524,0.75565,38035
2020-12-22 00:00:00+00:00,0.75567,0.75674,0.75465,0.75544,44095
2020-12-22 04:00:00+00:00,0.75566,0.75686,0.75298,0.75568,34435
2020-12-22 08:00:00+00:00,0.75582,0.75633,0.75174,0.75303,48071
2020-12-22 12:00:00+00:00,0.75318,0.7536,0.75185,0.75246,29625
2020-12-22 16:00:00+00:00,0.75245,0.75544,0.7517,0.75284,29456
2020-12-22 20:00:00+00:00,0.75239,0.7555,0.75239,0.75514,38974
2020-12-23 00:00:00+00:00,0.75515,0.75748,0.75468,0.75664,27754
2020-12-23 04:00:00+00:00,0.75647,0.75756,0.75604,0.75604,25400
2020-12-23 08:00:00+00:00,0.75605,0.7589,0.7543,0.75851,51072
2020-12-23 12:00:00+00:00,0.75853,0.75853,0.75697,0.75837,23826
2020-12-23 16:00:00+00:00,0.75812,0.75908,0.75692,0.75843,17698
2020-12-23 20:00:00+00:00,0.75858,0.75959,0.75805,0.75811,37570
2020-12-24 00:00:00+00:00,0.75815,0.76026,0.75794,0.75957,26141
2020-12-24 04:00:00+00:00,0.75956,0.76063,0.75913,0.75985,24451
2020-12-24 08:00:00+00:00,0.76001,0.76043,0.75925,0.7599,24068
2020-12-24 12:00:00+00:00,0.7599,0.76027,0.75891,0.75937,7882
2020-12-27 16:00:00+00:00,0.76002,0.76138,0.7585,0.75957,18368
2020-12-27 20:00:00+00:00,0.75961,0.76157,0.75928,0.76085,34549
2020-12-28 00:00:00+00:00,0.76074,0.7622,0.76072,0.76121,22553
2020-12-28 04:00:00+00:00,0.76117,0.76135,0.75779,0.75943,26225
2020-12-28 08:00:00+00:00,0.75948,0.75985,0.75602,0.75672,29760
2020-12-28 12:00:00+00:00,0.75673,0.75784,0.75632,0.75784,22181
2020-12-28 16:00:00+00:00,0.75782,0.7596,0.75743,0.75906,16208
2020-12-28 20:00:00+00:00,0.75895,0.75989,0.75853,0.75942,25730
2020-12-29 00:00:00+00:00,0.75945,0.76073,0.75914,0.76021,22223
2020-12-29 04:00:00+00:00,0.76015,0.76071,0.75933,0.76049,21541
2020-12-29 08:00:00+00:00,0.76031,0.76243,0.75989,0.76228,39726
2020-12-29 12:00:00+00:00,0.76223,0.76243,0.76069,0.76077,26407
2020-12-29 16:00:00+00:00,0.76071,0.76211,0.7602,0.76181,19487
2020-12-29 20:00:00+00:00,0.76167,0.76593,0.76167,0.76561,27792
2020-12-30 00:00:00+00:00,0.76558,0.76635,0.76467,0.76489,24689
2020-12-30 04:00:00+00:00,0.7649,0.76738,0.76461,0.76668,22331
2020-12-30 08:00:00+00:00,0.76675,0.76857,0.76629,0.76818,39849
2020-12-30 12:00:00+00:00,0.76786,0.76843,0.76751,0.76763,20422
2020-12-30 16:00:00+00:00,0.76756,0.77012,0.76756,0.77012,12505
2020-12-30 20:00:00+00:00,0.7702,0.77082,0.76881,0.77001,28947
2020-12-31 00:00:00+00:00,0.77009,0.77157,0.76979,0.77081,26312
2020-12-31 04:00:00+00:00,0.7708,0.77402,0.76969,0.77228,31020
2020-12-31 08:00:00+00:00,0.77236,0.77388,0.77031,0.7708,39590
2020-12-31 12:00:00+00:00,0.77077,0.77089,0.76942,0.77002,12960
2021-01-03 20:00:00+00:00,0.77002,0.77137,0.76934,0.77112,13342
2021-01-04 00:00:00+00:00,0.77108,0.77205,0.7682,0.77167,48650
2021-01-04 04:00:00+00:00,0.77163,0.77337,0.76903,0.77234,37283
2021-01-04 08:00:00+00:00,0.77241,0.77404,0.77195,0.77229,40906
2021-01-04 12:00:00+00:00,0.77212,0.77254,0.76805,0.76844,56281
2021-01-04 16:00:00+00:00,0.76819,0.76824,0.7644,0.76707,59914
2021-01-04 20:00:00+00:00,0.76697,0.7671,0.76556,0.76694,28729
2021-01-05 00:00:00+00:00,0.76684,0.77087,0.7661,0.76994,51837
2021-01-05 04:00:00+00:00,0.76991,0.7724,0.76919,0.77027,46714
2021-01-05 08:00:00+00:00,0.77069,0.77243,0.77045,0.7711,42089
2021-01-05 12:00:00+00:00,0.77099,0.77302,0.76913,0.77272,67200
2021-01-05 16:00:00+00:00,0.77297,0.77768,0.77237,0.7772,46174
2021-01-05 20:00:00+00:00,0.77738,0.77744,0.77513,0.77626,23565
2021-01-06 00:00:00+00:00,0.77639,0.77704,0.77342,0.77486,78600
2021-01-06 04:00:00+00:00,0.77493,0.77984,0.77489,0.77982,54988
2021-01-06 08:00:00+00:00,0.77952,0.78187,0.77842,0.78053,56262
2021-01-06 12:00:00+00:00,0.78038,0.78129,0.77625,0.77716,84927
2021-01-06 16:00:00+00:00,0.77691,0.78024,0.77638,0.77883,73824
2021-01-06 20:00:00+00:00,0.77894,0.78167,0.77859,0.78156,48762
2021-01-07 00:00:00+00:00,0.78145,0.78145,0.77899,0.77958,57440
2021-01-07 04:00:00+00:00,0.77962,0.78005,0.7776,0.77882,42436
2021-01-07 08:00:00+00:00,0.77864,0.77878,0.77346,0.77369,55016
2021-01-07 12:00:00+00:00,0.77335,0.77534,0.77272,0.77481,65261
2021-01-07 16:00:00+00:00,0.77489,0.77618,0.77384,0.77596,44697
2021-01-07 20:00:00+00:00,0.77599,0.7773,0.77532,0.77687,24253
2021-01-08 00:00:00+00:00,0.77663,0.77729,0.7739,0.77631,23356
2021-01-08 04:00:00+00:00,0.77615,0.77879,0.77576,0.77657,21091
2021-01-08 08:00:00+00:00,0.77603,0.7787,0.7752,0.77863,27456
2021-01-08 12:00:00+00:00,0.7783,0.77969,0.77469,0.77821,38652
2021-01-08 16:00:00+00:00,0.77829,0.77829,0.773,0.77491,37891
2021-01-08 20:00:00+00:00,0.77511,0.77672,0.77369,0.77372,7938
2021-01-09 08:00:00+00:00,0.7758,0.7758,0.77412,0.77412,2
2021-01-09 12:00:00+00:00,0.7758,0.7758,0.77412,0.77412,2
2021-01-10 20:00:00+00:00,0.77582,0.77642,0.77153,0.77201,4773
2021-01-11 00:00:00+00:00,0.77194,0.77305,0.7694,0.77071,23876
2021-01-11 04:00:00+00:00,0.77076,0.77109,0.7693,0.76982,23275
2021-01-11 08:00:00+00:00,0.77061,0.77205,0.77,0.77094,24284
2021-01-11 12:00:00+00:00,0.77114,0.7713,0.7664,0.76925,35500
2021-01-11 16:00:00+00:00,0.7693,0.77156,0.7686,0.7707,20605
2021-01-11 20:00:00+00:00,0.77076,0.77105,0.7692,0.77073,10924
2021-01-12 00:00:00+00:00,0.77065,0.77097,0.76898,0.76979,20031
2021-01-12 04:00:00+00:00,0.77001,0.77313,0.7686,0.77262,19393
2021-01-12 08:00:00+00:00,0.77267,0.77393,0.7713,0.77228,22385
2021-01-12 12:00:00+00:00,0.772,0.77294,0.76994,0.77253,29460
2021-01-12 16:00:00+00:00,0.77245,0.77709,0.77174,0.77699,23886
2021-01-12 20:00:00+00:00,0.77684,0.77774,0.77642,0.7773,9922
2021-01-13 00:00:00+00:00,0.7773,0.7781,0.77609,0.77652,17206
2021-01-13 04:00:00+00:00,0.77617,0.7778,0.7756,0.77625,15821
2021-01-13 08:00:00+00:00,0.77616,0.77647,0.7734,0.77387,21763
2021-01-13 12:00:00+00:00,0.77401,0.77535,0.77225,0.77392,30257
2021-01-13 16:00:00+00:00,0.77389,0.7754,0.77265,0.77418,20427
2021-01-13 20:00:00+00:00,0.77435,0.77463,0.7729,0.77461,8913
2021-01-14 00:00:00+00:00,0.77455,0.77552,0.7726,0.77408,19699
2021-01-14 04:00:00+00:00,0.77409,0.77641,0.7738,0.77554,18829
2021-01-14 08:00:00+00:00,0.77559,0.77694,0.775,0.77634,21538
2021-01-14 12:00:00+00:00,0.77648,0.77738,0.7739,0.77697,28928
2021-01-14 16:00:00+00:00,0.77689,0.78036,0.7767,0.77836,20661
2021-01-14 20:00:00+00:00,0.77885,0.77916,0.7771,0.7772,10417
2021-01-15 00:00:00+00:00,0.77755,0.77879,0.776,0.77645,20857
2021-01-15 04:00:00+00:00,0.7763,0.77733,0.7741,0.77465,20453
2021-01-15 08:00:00+00:00,0.77484,0.77514,0.77297,0.77362,22046
2021-01-15 12:00:00+00:00,0.77367,0.77371,0.7678,0.77024,32128
2021-01-15 16:00:00+00:00,0.77013,0.77248,0.76967,0.7705,22808
2021-01-15 20:00:00+00:00,0.77086,0.7711,0.76221,0.76221,5739
2021-01-16 08:00:00+00:00,0.7701,0.7701,0.76231,0.76231,6
2021-01-16 12:00:00+00:00,0.7701,0.7701,0.76231,0.76231,2
2021-01-17 20:00:00+00:00,0.77048,0.77099,0.768,0.76828,3651
2021-01-18 00:00:00+00:00,0.76806,0.7703,0.7678,0.76942,22978
2021-01-18 04:00:00+00:00,0.76935,0.76949,0.7675,0.76794,20323
2021-01-18 08:00:00+00:00,0.76781,0.7684,0.7656,0.76729,22999
2021-01-18 12:00:00+00:00,0.76736,0.76881,0.7665,0.76844,19139
2021-01-18 16:00:00+00:00,0.76844,0.76886,0.7675,0.7681,10027
2021-01-18 20:00:00+00:00,0.76808,0.7686,0.76698,0.76847,9919
2021-01-19 00:00:00+00:00,0.76862,0.7717,0.76862,0.77126,19174
2021-01-19 04:00:00+00:00,0.77118,0.7718,0.77025,0.77162,16876
2021-01-19 08:00:00+00:00,0.7718,0.77245,0.76972,0.77128,21601
2021-01-19 12:00:00+00:00,0.7712,0.77234,0.76984,0.7704,26392
2021-01-19 16:00:00+00:00,0.77031,0.7708,0.7685,0.76942,17047
2021-01-19 20:00:00+00:00,0.76944,0.77125,0.7689,0.77125,8114
2021-01-20 00:00:00+00:00,0.77099,0.7724,0.77015,0.77193,17830
2021-01-20 04:00:00+00:00,0.7718,0.77407,0.7713,0.77391,16880
2021-01-20 08:00:00+00:00,0.77386,0.77398,0.7722,0.77254,21693
2021-01-20 12:00:00+00:00,0.77253,0.77596,0.7719,0.77441,28647
2021-01-20 16:00:00+00:00,0.77422,0.77455,0.77315,0.77455,19163
2021-01-20 20:00:00+00:00,0.77441,0.77629,0.7739,0.7752,8708
2021-01-21 00:00:00+00:00,0.77538,0.77767,0.7748,0.77758,16629
2021-01-21 04:00:00+00:00,0.77756,0.77765,0.7754,0.77581,16370
2021-01-21 08:00:00+00:00,0.77596,0.77746,0.77528,0.77737,21197
2021-01-21 12:00:00+00:00,0.77738,0.77815,0.7752,0.77642,31298
2021-01-21 16:00:00+00:00,0.77659,0.77703,0.7739,0.7758,17557
2021-01-21 20:00:00+00:00,0.77579,0.77686,0.7755,0.77598,10156
2021-01-22 00:00:00+00:00,0.77593,0.77688,0.7741,0.77437,18476
2021-01-22 04:00:00+00:00,0.7742,0.77481,0.77259,0.77307,16363
2021-01-22 08:00:00+00:00,0.77308,0.77398,0.7707,0.7709,25437
2021-01-22 12:00:00+00:00,0.77101,0.77303,0.7701,0.77204,29217
2021-01-22 16:00:00+00:00,0.77172,0.77273,0.7707,0.77173,20248
2021-01-22 20:00:00+00:00,0.77146,0.77187,0.76588,0.76588,5401
2021-01-24 20:00:00+00:00,0.77198,0.77208,0.77048,0.7709,3201
2021-01-25 00:00:00+00:00,0.77168,0.77348,0.7709,0.7729,18579
2021-01-25 04:00:00+00:00,0.77334,0.7747,0.7733,0.77387,19124
2021-01-25 08:00:00+00:00,0.77379,0.77379,0.7718,0.7729,22961
2021-01-25 12:00:00+00:00,0.77279,0.77329,0.77047,0.77053,30320
2021-01-25 16:00:00+00:00,0.77049,0.77135,0.76832,0.77,29249
2021-01-25 20:00:00+00:00,0.7704,0.77155,0.7699,0.77135,8892
2021-01-26 00:00:00+00:00,0.77123,0.7716,0.76971,0.77008,15236
2021-01-26 04:00:00+00:00,0.77001,0.77022,0.76696,0.76713,17822
2021-01-26 08:00:00+00:00,0.76752,0.77147,0.76733,0.77122,23762
2021-01-26 12:00:00+00:00,0.7713,0.77535,0.7713,0.77463,27937
2021-01-26 16:00:00+00:00,0.77474,0.77506,0.77337,0.77463,16390
2021-01-26 20:00:00+00:00,0.77465,0.77533,0.77418,0.7751,7973
2021-01-27 00:00:00+00:00,0.7753,0.776,0.7731,0.77371,17509
2021-01-27 04:00:00+00:00,0.7737,0.77445,0.7727,0.77402,14544
2021-01-27 08:00:00+00:00,0.77364,0.77404,0.77048,0.77082,24667
2021-01-27 12:00:00+00:00,0.77097,0.77128,0.76445,0.76865,40703
2021-01-27 16:00:00+00:00,0.76824,0.76992,0.76629,0.76632,35215
2021-01-27 20:00:00+00:00,0.7656,0.76687,0.764,0.76485,23495
2021-01-28 00:00:00+00:00,0.76499,0.7653,0.76231,0.76282,29596
2021-01-28 04:00:00+00:00,0.7627,0.76372,0.7603,0.76154,25568
2021-01-28 08:00:00+00:00,0.76184,0.7627,0.7591,0.76025,35583
2021-01-28 12:00:00+00:00,0.76024,0.76743,0.7595,0.76686,41567
2021-01-28 16:00:00+00:00,0.76696,0.76962,0.7667,0.76952,25763
2021-01-28 20:00:00+00:00,0.76935,0.76975,0.76693,0.7672,13473
2021-01-29 00:00:00+00:00,0.7671,0.76768,0.7641,0.76434,23668
2021-01-29 04:00:00+00:00,0.76441,0.76622,0.7634,0.76529,27169
2021-01-29 08:00:00+00:00,0.76544,0.76749,0.7637,0.76693,36446
2021-01-29 12:00:00+00:00,0.76694,0.77038,0.76593,0.76726,44238
2021-01-29 16:00:00+00:00,0.76701,0.76719,0.76319,0.7638,40617
2021-01-29 20:00:00+00:00,0.76435,0.76529,0.7635,0.7638,12039
2021-01-30 20:00:00+00:00,0.764,0.764,0.7638,0.7638,2
2021-01-31 00:00:00+00:00,0.764,0.764,0.764,0.764,1
2021-01-31 20:00:00+00:00,0.76266,0.76282,0.76058,0.76205,6784
2021-02-01 00:00:00+00:00,0.76229,0.76524,0.7622,0.76501,28229
2021-02-01 04:00:00+00:00,0.76504,0.76627,0.76469,0.76502,24348
2021-02-01 08:00:00+00:00,0.76445,0.76544,0.7617,0.76334,31780
2021-02-01 12:00:00+00:00,0.76355,0.7641,0.76126,0.76187,34893
2021-02-01 16:00:00+00:00,0.76152,0.76454,0.7615,0.76409,25665
2021-02-01 20:00:00+00:00,0.76394,0.76394,0.7616,0.763,11251
2021-02-02 00:00:00+00:00,0.76321,0.766,0.7625,0.76327,24391
2021-02-02 04:00:00+00:00,0.76327,0.76335,0.76037,0.76134,20323
2021-02-02 08:00:00+00:00,0.76127,0.76369,0.75959,0.75959,27230
2021-02-02 12:00:00+00:00,0.7596,0.76062,0.75643,0.75781,32487
2021-02-02 16:00:00+00:00,0.7577,0.75918,0.75767,0.75908,19837
2021-02-02 20:00:00+00:00,0.7587,0.76146,0.7587,0.7602,11833
2021-02-03 00:00:00+00:00,0.76063,0.7619,0.76,0.76111,20915
2021-02-03 04:00:00+00:00,0.76111,0.76258,0.7606,0.7624,17100
2021-02-03 08:00:00+00:00,0.76247,0.7626,0.76021,0.7618,20774
2021-02-03 12:00:00+00:00,0.76162,0.76234,0.7607,0.76127,29556
2021-02-03 16:00:00+00:00,0.76155,0.76257,0.7613,0.7619,18640
2021-02-03 20:00:00+00:00,0.76217,0.76351,0.7614,0.76349,10563
2021-02-04 00:00:00+00:00,0.76349,0.76476,0.7623,0.76263,20015
2021-02-04 04:00:00+00:00,0.76236,0.76337,0.7618,0.76303,20798
2021-02-04 08:00:00+00:00,0.76352,0.76374,0.76072,0.76072,21641
2021-02-04 12:00:00+00:00,0.76096,0.76288,0.7587,0.7596,28788
2021-02-04 16:00:00+00:00,0.75986,0.76012,0.7588,0.76007,14709
2021-02-04 20:00:00+00:00,0.76002,0.76083,0.75911,0.76001,8217
2021-02-05 00:00:00+00:00,0.7601,0.76072,0.75839,0.75924,18480
2021-02-05 04:00:00+00:00,0.75931,0.76078,0.7588,0.76051,15584
2021-02-05 08:00:00+00:00,0.7607,0.76252,0.76031,0.76073,20338
2021-02-05 12:00:00+00:00,0.76058,0.76582,0.76,0.76574,30518
2021-02-05 16:00:00+00:00,0.76571,0.767,0.7649,0.76678,17880
2021-02-05 20:00:00+00:00,0.76668,0.76777,0.7663,0.7675,5229
2021-02-07 20:00:00+00:00,0.76622,0.76808,0.76572,0.7678,3732
2021-02-08 00:00:00+00:00,0.76778,0.76793,0.7666,0.76739,15531
2021-02-08 04:00:00+00:00,0.76753,0.76814,0.76703,0.7673,12309
2021-02-08 08:00:00+00:00,0.76743,0.76804,0.7649,0.76557,15813
2021-02-08 12:00:00+00:00,0.76546,0.77142,0.7651,0.771,23131
2021-02-08 16:00:00+00:00,0.7708,0.7709,0.7693,0.77041,14761
2021-02-08 20:00:00+00:00,0.7701,0.77068,0.7696,0.77068,8017
2021-02-09 00:00:00+00:00,0.77049,0.77312,0.77028,0.77274,17479
2021-02-09 04:00:00+00:00,0.7724,0.77295,0.7716,0.7719,13424
2021-02-09 08:00:00+00:00,0.77177,0.77297,0.7707,0.7723,6844
2021-02-09 12:00:00+00:00,0.77203,0.77279,0.77131,0.77253,7097
2021-02-09 16:00:00+00:00,0.77234,0.77399,0.771,0.77379,15088
2021-02-09 20:00:00+00:00,0.7735,0.77417,0.7731,0.7739,8233
2021-02-10 00:00:00+00:00,0.77387,0.77415,0.77255,0.774,15812
2021-02-10 04:00:00+00:00,0.77397,0.77493,0.7734,0.77472,12103
2021-02-10 08:00:00+00:00,0.77461,0.77512,0.77187,0.77329,19815
2021-02-10 12:00:00+00:00,0.77327,0.77542,0.7722,0.77328,28165
2021-02-10 16:00:00+00:00,0.77332,0.77376,0.772,0.77279,22068
2021-02-10 20:00:00+00:00,0.7726,0.77296,0.7717,0.77235,9607
2021-02-11 00:00:00+00:00,0.7724,0.77328,0.771,0.77328,10607
2021-02-11 04:00:00+00:00,0.7734,0.7752,0.7731,0.77466,11032
2021-02-11 08:00:00+00:00,0.77493,0.77493,0.7733,0.7745,14743
2021-02-11 12:00:00+00:00,0.77452,0.77711,0.7744,0.77603,19851
2021-02-11 16:00:00+00:00,0.7759,0.77604,0.7743,0.77486,19438
2021-02-11 20:00:00+00:00,0.77472,0.7759,0.7743,0.77516,7545
2021-02-12 00:00:00+00:00,0.7751,0.77548,0.7734,0.77382,10571
2021-02-12 04:00:00+00:00,0.77384,0.77502,0.7736,0.7738,10213
2021-02-12 08:00:00+00:00,0.77392,0.77436,0.7717,0.77253,15980
2021-02-12 12:00:00+00:00,0.7726,0.77499,0.7717,0.77489,20352
2021-02-12 16:00:00+00:00,0.7749,0.77636,0.77455,0.77555,13760
2021-02-12 20:00:00+00:00,0.7754,0.77621,0.7749,0.7757,3824
2021-02-13 00:00:00+00:00,0.7754,0.7757,0.7754,0.7757,2
2021-02-13 12:00:00+00:00,0.7754,0.7754,0.7754,0.7754,1
2021-02-14 20:00:00+00:00,0.77474,0.7767,0.77473,0.7759,3497
2021-02-15 00:00:00+00:00,0.77633,0.77837,0.77581,0.77821,12489
2021-02-15 04:00:00+00:00,0.77836,0.7787,0.77708,0.77774,11932
2021-02-15 08:00:00+00:00,0.77789,0.77862,0.7772,0.77762,14616
2021-02-15 12:00:00+00:00,0.7774,0.77834,0.7766,0.77834,14323
2021-02-15 16:00:00+00:00,0.77818,0.77885,0.77685,0.7783,7488
2021-02-15 20:00:00+00:00,0.77838,0.77883,0.7777,0.7784,6556
2021-02-16 00:00:00+00:00,0.77855,0.78048,0.7781,0.78029,13777
2021-02-16 04:00:00+00:00,0.78024,0.78036,0.7773,0.77776,15302
2021-02-16 08:00:00+00:00,0.7781,0.78006,0.7775,0.77963,18823
2021-02-16 12:00:00+00:00,0.7794,0.7799,0.77454,0.7774,30161
2021-02-16 16:00:00+00:00,0.77744,0.77768,0.7746,0.77624,18582
2021-02-16 20:00:00+00:00,0.77606,0.77635,0.773,0.77355,10412
2021-02-17 00:00:00+00:00,0.77366,0.7756,0.77339,0.77515,16072
2021-02-17 04:00:00+00:00,0.77503,0.77576,0.77432,0.77443,15274
2021-02-17 08:00:00+00:00,0.77462,0.77694,0.7736,0.77411,19903
2021-02-17 12:00:00+00:00,0.77406,0.77501,0.7723,0.77344,30588
2021-02-17 16:00:00+00:00,0.77332,0.77524,0.77254,0.77483,21106
2021-02-17 20:00:00+00:00,0.77482,0.77582,0.7744,0.77574,6639
2021-02-18 00:00:00+00:00,0.7759,0.77692,0.7747,0.7751,19345
2021-02-18 04:00:00+00:00,0.77504,0.77604,0.7746,0.77586,15621
2021-02-18 08:00:00+00:00,0.77572,0.77816,0.77548,0.77771,22202
2021-02-18 12:00:00+00:00,0.77776,0.77895,0.77318,0.77406,31646
2021-02-18 16:00:00+00:00,0.77396,0.77676,0.77396,0.77671,17390
2021-02-18 20:00:00+00:00,0.7767,0.77725,0.77627,0.7768,6948
2021-02-19 00:00:00+00:00,0.77673,0.77752,0.7756,0.77612,16974
2021-02-19 04:00:00+00:00,0.77615,0.78016,0.7758,0.7798,15030
2021-02-19 08:00:00+00:00,0.7799,0.7843,0.7797,0.7842,23464
2021-02-19 12:00:00+00:00,0.7841,0.7866,0.7841,0.78623,27778
2021-02-19 16:00:00+00:00,0.78615,0.78763,0.7856,0.78648,19040
2021-02-19 20:00:00+00:00,0.78652,0.78705,0.7861,0.7868,4899
2021-02-20 20:00:00+00:00,0.7867,0.7867,0.7867,0.7867,1
2021-02-21 20:00:00+00:00,0.78679,0.78888,0.7859,0.78822,3262
2021-02-22 00:00:00+00:00,0.78823,0.79032,0.7872,0.78775,23431
2021-02-22 04:00:00+00:00,0.7876,0.78866,0.7855,0.78665,20747
2021-02-22 08:00:00+00:00,0.7868,0.78905,0.78571,0.78863,23747
2021-02-22 12:00:00+00:00,0.7882,0.7918,0.7879,0.79048,29922
2021-02-22 16:00:00+00:00,0.79049,0.79291,0.79,0.79239,17631
2021-02-22 20:00:00+00:00,0.79225,0.79225,0.791,0.7914,9890
2021-02-23 00:00:00+00:00,0.79142,0.79342,0.7909,0.79143,18658
2021-02-23 04:00:00+00:00,0.79139,0.79232,0.7908,0.79152,15482
2021-02-23 08:00:00+00:00,0.79154,0.7918,0.7889,0.79045,26745
2021-02-23 12:00:00+00:00,0.7904,0.79179,0.7881,0.79082,27797
2021-02-23 16:00:00+00:00,0.79032,0.79173,0.7895,0.79107,23007
2021-02-23 20:00:00+00:00,0.79098,0.79175,0.7901,0.79069,10266
2021-02-24 00:00:00+00:00,0.7909,0.79443,0.79055,0.79206,27522
2021-02-24 04:00:00+00:00,0.79194,0.79241,0.7904,0.79162,23625
2021-02-24 08:00:00+00:00,0.79185,0.79281,0.7908,0.7925,27041
2021-02-24 12:00:00+00:00,0.79233,0.79317,0.78963,0.79183,36100
2021-02-24 16:00:00+00:00,0.79185,0.79485,0.79176,0.79428,19814
2021-02-24 20:00:00+00:00,0.79448,0.79777,0.7942,0.79757,12084
2021-02-25 00:00:00+00:00,0.79745,0.79745,0.7952,0.796,19987
2021-02-25 04:00:00+00:00,0.7962,0.79878,0.796,0.79878,19839
2021-02-25 08:00:00+00:00,0.79871,0.80066,0.79777,0.79794,27219
2021-02-25 12:00:00+00:00,0.79782,0.79894,0.79525,0.79577,37357
2021-02-25 16:00:00+00:00,0.79543,0.79612,0.78762,0.79035,47332
2021-02-25 20:00:00+00:00,0.79057,0.79057,0.7856,0.78622,22945
2021-02-26 00:00:00+00:00,0.78668,0.78708,0.78271,0.78541,32188
2021-02-26 04:00:00+00:00,0.78548,0.78577,0.7806,0.78244,31667
2021-02-26 08:00:00+00:00,0.78238,0.78446,0.77311,0.77495,33217
2021-02-26 12:00:00+00:00,0.77484,0.77979,0.7736,0.77443,47638
2021-02-26 16:00:00+00:00,0.77356,0.77482,0.7707,0.77084,38322
2021-02-26 20:00:00+00:00,0.77138,0.77145,0.7694,0.76969,10593
2021-02-28 20:00:00+00:00,0.77097,0.77576,0.77018,0.77521,4729
2021-03-01 00:00:00+00:00,0.77512,0.77689,0.77408,0.7754,24665
2021-03-01 04:00:00+00:00,0.77555,0.77723,0.7736,0.77532,21511
2021-03-01 08:00:00+00:00,0.77552,0.77552,0.7721,0.77285,25849
2021-03-01 12:00:00+00:00,0.77264,0.77852,0.7723,0.77827,32922
2021-03-01 16:00:00+00:00,0.77835,0.77859,0.77585,0.77739,23887
2021-03-01 20:00:00+00:00,0.77771,0.77771,0.7762,0.777,10824
2021-03-02 00:00:00+00:00,0.77709,0.77745,0.7737,0.7763,27761
2021-03-02 04:00:00+00:00,0.77631,0.77678,0.77398,0.77452,25198
2021-03-02 08:00:00+00:00,0.77435,0.78025,0.7734,0.78,29755
2021-03-02 12:00:00+00:00,0.7801,0.78136,0.77904,0.78128,18299
2021-03-02 16:00:00+00:00,0.78119,0.78334,0.7804,0.78283,26818
2021-03-02 20:00:00+00:00,0.78305,0.78371,0.781,0.78238,11427
2021-03-03 00:00:00+00:00,0.78219,0.78366,0.782,0.78247,19877
2021-03-03 04:00:00+00:00,0.78248,0.78366,0.7807,0.78307,18316
2021-03-03 08:00:00+00:00,0.7827,0.78359,0.7807,0.78119,26220
2021-03-03 12:00:00+00:00,0.78093,0.78165,0.77716,0.77966,42234
2021-03-03 16:00:00+00:00,0.77983,0.78111,0.7785,0.77924,32535
2021-03-03 20:00:00+00:00,0.77896,0.77955,0.7752,0.77527,14226
2021-03-04 00:00:00+00:00,0.7753,0.77914,0.7753,0.77826,22914
2021-03-04 04:00:00+00:00,0.77821,0.78133,0.77742,0.78018,25015
2021-03-04 08:00:00+00:00,0.78023,0.78084,0.77679,0.77788,30797
2021-03-04 12:00:00+00:00,0.77801,0.78026,0.7774,0.77995,37570
2021-03-04 16:00:00+00:00,0.78016,0.78106,0.7706,0.77277,54833
2021-03-04 20:00:00+00:00,0.77249,0.77297,0.77059,0.77127,21449
2021-03-05 00:00:00+00:00,0.77148,0.77172,0.7687,0.7715,29118
2021-03-05 04:00:00+00:00,0.77137,0.77254,0.76948,0.76982,26863
2021-03-05 08:00:00+00:00,0.77013,0.77013,0.76529,0.76685,32546
2021-03-05 12:00:00+00:00,0.76698,0.77073,0.76267,0.76624,49439
2021-03-05 16:00:00+00:00,0.7662,0.76901,0.76518,0.76883,41233
2021-03-05 20:00:00+00:00,0.76884,0.76992,0.76653,0.76693,8774
2021-03-07 20:00:00+00:00,0.76855,0.77201,0.76845,0.7705,4083
2021-03-08 00:00:00+00:00,0.7704,0.77127,0.76863,0.76902,18682
2021-03-08 04:00:00+00:00,0.76919,0.77134,0.7668,0.7675,18329
2021-03-08 08:00:00+00:00,0.76774,0.76804,0.7633,0.7655,18113
2021-03-08 12:00:00+00:00,0.7658,0.76838,0.76434,0.76678,27439
2021-03-08 16:00:00+00:00,0.76717,0.76785,0.7649,0.76621,17170
2021-03-08 20:00:00+00:00,0.76577,0.76582,0.76336,0.7653,8113
2021-03-09 00:00:00+00:00,0.76561,0.76619,0.7622,0.7658,19116
2021-03-09 04:00:00+00:00,0.76654,0.7684,0.76449,0.7675,14859
2021-03-09 08:00:00+00:00,0.76748,0.77185,0.7672,0.77086,17509
2021-03-09 12:00:00+00:00,0.77077,0.77124,0.769,0.76976,20948
2021-03-09 16:00:00+00:00,0.76961,0.7717,0.7692,0.77169,11442
2021-03-09 20:00:00+00:00,0.77167,0.77248,0.77048,0.77151,6654
2021-03-10 00:00:00+00:00,0.77141,0.77141,0.7674,0.7677,12747
2021-03-10 04:00:00+00:00,0.76809,0.7694,0.7668,0.76939,11856
2021-03-10 08:00:00+00:00,0.7688,0.77125,0.7678,0.7692,13818
2021-03-10 12:00:00+00:00,0.76925,0.77425,0.7687,0.77126,26041
2021-03-10 16:00:00+00:00,0.77138,0.77388,0.7703,0.77347,27466
2021-03-10 20:00:00+00:00,0.77369,0.77402,0.7727,0.77303,9741
2021-03-11 00:00:00+00:00,0.77309,0.77487,0.772,0.77443,17929
2021-03-11 04:00:00+00:00,0.77427,0.77765,0.7735,0.77742,18234
2021-03-11 08:00:00+00:00,0.77731,0.77841,0.7765,0.7771,21653
2021-03-11 12:00:00+00:00,0.77726,0.77828,0.7739,0.77648,33308
2021-03-11 16:00:00+00:00,0.77675,0.77896,0.7761,0.7785,20740
2021-03-11 20:00:00+00:00,0.77869,0.77937,0.77801,0.77854,8388
2021-03-12 00:00:00+00:00,0.77848,0.77994,0.7771,0.77793,20401
2021-03-12 04:00:00+00:00,0.77796,0.77856,0.77488,0.77531,21859
2021-03-12 08:00:00+00:00,0.77533,0.77571,0.7729,0.77323,28211
2021-03-12 12:00:00+00:00,0.77316,0.77599,0.7726,0.77497,30605
2021-03-12 16:00:00+00:00,0.775,0.77746,0.77468,0.77569,20896
2021-03-12 20:00:00+00:00,0.77566,0.77646,0.77483,0.7756,5900
2021-03-14 12:00:00+00:00,0.7764,0.7764,0.7764,0.7764,1
2021-03-14 20:00:00+00:00,0.77502,0.7763,0.77468,0.77617,4506
2021-03-15 00:00:00+00:00,0.7762,0.77735,0.7743,0.77486,23163
2021-03-15 04:00:00+00:00,0.77489,0.77506,0.7718,0.77335,22036
2021-03-15 08:00:00+00:00,0.77367,0.77591,0.7729,0.77342,22838
2021-03-15 12:00:00+00:00,0.7732,0.77383,0.77072,0.77289,30380
2021-03-15 16:00:00+00:00,0.77297,0.77564,0.77296,0.77564,14563
2021-03-15 20:00:00+00:00,0.77572,0.776,0.7742,0.7744,6596
2021-03-16 00:00:00+00:00,0.7748,0.77545,0.77414,0.7752,16526
2021-03-16 04:00:00+00:00,0.77519,0.77559,0.77212,0.77236,17051
2021-03-16 08:00:00+00:00,0.77194,0.77464,0.77105,0.77448,20770
2021-03-16 12:00:00+00:00,0.77446,0.77552,0.77179,0.77463,29068
2021-03-16 16:00:00+00:00,0.77486,0.77561,0.7739,0.77475,19383
2021-03-16 20:00:00+00:00,0.77475,0.77497,0.77373,0.77459,6530
2021-03-17 00:00:00+00:00,0.77458,0.77458,0.7723,0.7732,16739
2021-03-17 04:00:00+00:00,0.7731,0.77376,0.7726,0.7728,14523
2021-03-17 08:00:00+00:00,0.77281,0.77371,0.7712,0.77134,19666
2021-03-17 12:00:00+00:00,0.77127,0.77313,0.77059,0.7708,26876
2021-03-17 16:00:00+00:00,0.77074,0.781,0.76997,0.7799,35386
2021-03-17 20:00:00+00:00,0.78023,0.78145,0.77937,0.78145,10938
2021-03-18 00:00:00+00:00,0.78123,0.78358,0.7804,0.78217,23914
2021-03-18 04:00:00+00:00,0.78229,0.78488,0.7796,0.78028,22905
2021-03-18 08:00:00+00:00,0.78019,0.78214,0.7794,0.78031,28582
2021-03-18 12:00:00+00:00,0.78034,0.78073,0.7759,0.77942,34685
2021-03-18 16:00:00+00:00,0.77945,0.78033,0.77492,0.77534,25677
2021-03-18 20:00:00+00:00,0.77559,0.77642,0.7751,0.7751,8783
2021-03-19 00:00:00+00:00,0.77531,0.7755,0.77244,0.77439,21730
2021-03-19 04:00:00+00:00,0.7741,0.77663,0.7739,0.7761,22355
2021-03-19 08:00:00+00:00,0.77646,0.77717,0.7742,0.77547,23082
2021-03-19 12:00:00+00:00,0.77571,0.77587,0.77185,0.77447,40501
2021-03-19 16:00:00+00:00,0.77467,0.7756,0.7742,0.77451,17577
2021-03-19 20:00:00+00:00,0.77447,0.77468,0.76824,0.7735,2994
2021-03-21 20:00:00+00:00,0.77118,0.77293,0.77036,0.7722,3752
2021-03-22 00:00:00+00:00,0.77223,0.77332,0.7703,0.77255,19874
2021-03-22 04:00:00+00:00,0.7724,0.77318,0.7709,0.77193,20703
2021-03-22 08:00:00+00:00,0.77183,0.77461,0.77124,0.77453,21039
2021-03-22 12:00:00+00:00,0.7746,0.7754,0.77302,0.77494,26519
2021-03-22 16:00:00+00:00,0.77503,0.77558,0.7743,0.7747,12558
2021-03-22 20:00:00+00:00,0.77469,0.77481,0.7731,0.7743,6796
2021-03-23 00:00:00+00:00,0.77461,0.77461,0.7707,0.77131,16792
2021-03-23 04:00:00+00:00,0.7712,0.77151,0.7672,0.76891,17257
2021-03-23 08:00:00+00:00,0.76855,0.76919,0.76561,0.7665,26429
2021-03-23 12:00:00+00:00,0.767,0.76864,0.7667,0.76819,27264
2021-03-23 16:00:00+00:00,0.76802,0.76802,0.76256,0.76262,21934
2021-03-23 20:00:00+00:00,0.76265,0.76332,0.75758,0.76063,10231
2021-03-24 00:00:00+00:00,0.7611,0.7616,0.75968,0.76038,18399
2021-03-24 04:00:00+00:00,0.76024,0.7606,0.75843,0.75936,18563
2021-03-24 08:00:00+00:00,0.75914,0.76276,0.7587,0.76232,22282
2021-03-24 12:00:00+00:00,0.76237,0.76272,0.76023,0.76217,26274
2021-03-24 16:00:00+00:00,0.76235,0.76273,0.7584,0.75876,21326
2021-03-24 20:00:00+00:00,0.75875,0.75913,0.7577,0.75906,7744
2021-03-25 00:00:00+00:00,0.7593,0.76137,0.75864,0.76037,18725
2021-03-25 04:00:00+00:00,0.76032,0.76078,0.7587,0.75877,16840
2021-03-25 08:00:00+00:00,0.7586,0.76126,0.7582,0.75897,22429
2021-03-25 12:00:00+00:00,0.75902,0.76031,0.75639,0.75696,35875
2021-03-25 16:00:00+00:00,0.7571,0.7588,0.7571,0.7578,25604
2021-03-25 20:00:00+00:00,0.7577,0.7594,0.75711,0.759,7548
2021-03-26 00:00:00+00:00,0.75932,0.76141,0.7586,0.761,15690
2021-03-26 04:00:00+00:00,0.761,0.76265,0.7608,0.7621,15285
2021-03-26 08:00:00+00:00,0.76197,0.76246,0.7607,0.7613,19954
2021-03-26 12:00:00+00:00,0.7612,0.76371,0.76064,0.76263,25454
2021-03-26 16:00:00+00:00,0.76261,0.76338,0.7614,0.76333,17983
2021-03-26 20:00:00+00:00,0.76333,0.7643,0.75705,0.7629,2916
2021-03-28 16:00:00+00:00,0.76313,0.76343,0.76313,0.76317,9
2021-03-28 20:00:00+00:00,0.76326,0.7644,0.76248,0.76366,3271
2021-03-29 00:00:00+00:00,0.7634,0.76449,0.7618,0.76362,19641
2021-03-29 04:00:00+00:00,0.76369,0.76452,0.7612,0.76395,21662
2021-03-29 08:00:00+00:00,0.76372,0.76535,0.76264,0.7649,20368
2021-03-29 12:00:00+00:00,0.76531,0.7654,0.7623,0.76428,28897
2021-03-29 16:00:00+00:00,0.76431,0.76442,0.7628,0.76343,18119
2021-03-29 20:00:00+00:00,0.7629,0.76387,0.76258,0.7635,6548
2021-03-30 00:00:00+00:00,0.7636,0.76628,0.7628,0.7655,16056
2021-03-30 04:00:00+00:00,0.76573,0.76578,0.7634,0.7634,13147
2021-03-30 12:00:00+00:00,0.76146,0.7622,0.75983,0.76071,23566
2021-03-30 16:00:00+00:00,0.76075,0.76075,0.7584,0.75936,15632
2021-03-30 20:00:00+00:00,0.75924,0.76088,0.75874,0.76081,7198
2021-03-31 00:00:00+00:00,0.76074,0.7616,0.7596,0.7604,17187
2021-03-31 04:00:00+00:00,0.76055,0.76166,0.75887,0.76092,19810
2021-03-31 08:00:00+00:00,0.76099,0.76215,0.7606,0.76129,18603
2021-03-31 12:00:00+00:00,0.76129,0.7636,0.7603,0.76119,30856
2021-03-31 16:00:00+00:00,0.76144,0.76195,0.7593,0.75955,17227
2021-03-31 20:00:00+00:00,0.75953,0.75994,0.7586,0.75926,7240
2021-04-01 00:00:00+00:00,0.75943,0.75943,0.7567,0.757,18609
2021-04-01 04:00:00+00:00,0.7569,0.75728,0.7532,0.75705,24282
2021-04-01 08:00:00+00:00,0.75707,0.75746,0.75572,0.7569,20753
2021-04-01 12:00:00+00:00,0.7569,0.76088,0.7567,0.76,30004
2021-04-01 16:00:00+00:00,0.76042,0.76186,0.76039,0.76178,15003
2021-04-01 20:00:00+00:00,0.7618,0.762,0.7612,0.7615,5539
2021-04-02 00:00:00+00:00,0.76169,0.76357,0.76169,0.7628,7717
2021-04-02 04:00:00+00:00,0.76292,0.7633,0.7612,0.76195,6842
2021-04-02 08:00:00+00:00,0.76199,0.76219,0.7607,0.76154,7134
2021-04-02 12:00:00+00:00,0.761,0.76267,0.7596,0.7602,9582
2021-04-02 16:00:00+00:00,0.76,0.7605,0.7595,0.76,3092
2021-04-02 20:00:00+00:00,0.76,0.7615,0.75927,0.7609,901
2021-04-04 16:00:00+00:00,0.75872,0.76152,0.75872,0.76068,27
2021-04-04 20:00:00+00:00,0.76068,0.76208,0.76012,0.7617,4173
2021-04-05 00:00:00+00:00,0.7615,0.76235,0.7613,0.76212,11528
2021-04-05 04:00:00+00:00,0.76194,0.7621,0.7598,0.76146,12664
2021-04-05 08:00:00+00:00,0.76136,0.76291,0.76136,0.7627,11645
2021-04-05 12:00:00+00:00,0.76274,0.7659,0.7624,0.76563,22113
2021-04-05 16:00:00+00:00,0.7655,0.76567,0.7646,0.76512,11245
2021-04-05 20:00:00+00:00,0.76505,0.76595,0.76332,0.7654,6340
2021-04-06 00:00:00+00:00,0.76574,0.76605,0.7629,0.76328,14287
2021-04-06 04:00:00+00:00,0.76335,0.76559,0.76234,0.76345,18770
2021-04-06 08:00:00+00:00,0.763,0.76339,0.7605,0.76254,18977
2021-04-06 12:00:00+00:00,0.76234,0.76615,0.7622,0.7659,25496
2021-04-06 16:00:00+00:00,0.76589,0.7666,0.7648,0.76645,15145
2021-04-06 20:00:00+00:00,0.76641,0.7668,0.76519,0.7661,7121
2021-04-07 00:00:00+00:00,0.76662,0.7676,0.7651,0.7659,18274
2021-04-07 04:00:00+00:00,0.7652,0.76632,0.763,0.76369,19731
2021-04-07 08:00:00+00:00,0.76341,0.76377,0.7618,0.7626,19872
2021-04-07 12:00:00+00:00,0.76274,0.76449,0.7611,0.76255,27660
2021-04-07 16:00:00+00:00,0.7621,0.76273,0.7598,0.76088,16585
2021-04-07 20:00:00+00:00,0.76109,0.7616,0.76058,0.7612,7153
2021-04-08 00:00:00+00:00,0.7611,0.76232,0.7601,0.76192,14441
2021-04-08 04:00:00+00:00,0.76201,0.76478,0.7618,0.76359,16665
2021-04-08 08:00:00+00:00,0.76343,0.76473,0.7622,0.76473,18038
2021-04-08 12:00:00+00:00,0.76434,0.76483,0.76329,0.76388,27268
2021-04-08 16:00:00+00:00,0.76388,0.76589,0.7637,0.7651,12620
2021-04-08 20:00:00+00:00,0.76504,0.76574,0.7643,0.7655,7056
2021-04-09 00:00:00+00:00,0.7655,0.76603,0.7634,0.76399,15184
2021-04-09 04:00:00+00:00,0.76391,0.76391,0.75892,0.76148,19929
2021-04-09 08:00:00+00:00,0.76131,0.76398,0.7603,0.76342,19084
2021-04-09 12:00:00+00:00,0.7632,0.76329,0.7608,0.7627,26606
2021-04-09 16:00:00+00:00,0.76309,0.76309,0.7621,0.76263,12105
2021-04-09 20:00:00+00:00,0.76261,0.76265,0.7615,0.7617,2339
2021-04-10 08:00:00+00:00,0.762,0.762,0.762,0.762,1
2021-04-10 12:00:00+00:00,0.7618,0.762,0.7618,0.7618,5
2021-04-11 16:00:00+00:00,0.76172,0.76172,0.76112,0.76123,20
2021-04-11 20:00:00+00:00,0.76134,0.76273,0.76085,0.7621,3425
2021-04-12 00:00:00+00:00,0.76199,0.7621,0.7594,0.76088,19131
2021-04-12 04:00:00+00:00,0.76087,0.76186,0.7596,0.76134,18783
2021-04-12 08:00:00+00:00,0.76142,0.76349,0.7608,0.76287,16469
2021-04-12 12:00:00+00:00,0.76286,0.76349,0.76127,0.76192,20934
2021-04-12 16:00:00+00:00,0.7619,0.76265,0.7611,0.76195,12440
2021-04-12 20:00:00+00:00,0.7621,0.76299,0.7618,0.7625,6962
2021-04-13 00:00:00+00:00,0.7624,0.7624,0.7597,0.7597,14808
2021-04-13 04:00:00+00:00,0.75991,0.76132,0.7593,0.76083,17666
2021-04-13 08:00:00+00:00,0.76063,0.76212,0.75988,0.7602,19411
2021-04-13 12:00:00+00:00,0.75992,0.76312,0.7591,0.7625,28873
2021-04-13 16:00:00+00:00,0.76341,0.76482,0.7629,0.76476,13761
2021-04-13 20:00:00+00:00,0.76471,0.76503,0.76352,0.7644,7152
2021-04-14 00:00:00+00:00,0.76462,0.76632,0.76345,0.7655,16737
2021-04-14 04:00:00+00:00,0.76579,0.76853,0.7655,0.76772,18617
2021-04-14 08:00:00+00:00,0.76759,0.76947,0.76759,0.7687,19236
2021-04-14 12:00:00+00:00,0.76857,0.77323,0.76809,0.77299,25533
2021-04-14 16:00:00+00:00,0.77285,0.77369,0.77199,0.7729,17085
2021-04-14 20:00:00+00:00,0.77293,0.77293,0.77187,0.77247,7045
2021-04-15 00:00:00+00:00,0.7723,0.77433,0.7707,0.7711,17317
2021-04-15 04:00:00+00:00,0.7708,0.77528,0.7705,0.77518,17910
2021-04-15 08:00:00+00:00,0.7751,0.77611,0.7737,0.7742,19433
2021-04-15 12:00:00+00:00,0.7744,0.77581,0.7735,0.7742,28279
2021-04-15 16:00:00+00:00,0.77456,0.77568,0.77389,0.77568,14321
2021-04-15 20:00:00+00:00,0.7755,0.77569,0.77448,0.77511,6786
2021-04-16 00:00:00+00:00,0.7752,0.77545,0.7722,0.77323,17062
2021-04-16 04:00:00+00:00,0.773,0.77455,0.77282,0.77442,18228
2021-04-16 08:00:00+00:00,0.77421,0.77577,0.7734,0.7749,18698
2021-04-16 12:00:00+00:00,0.77526,0.77551,0.7727,0.77334,21495
2021-04-16 16:00:00+00:00,0.77348,0.77373,0.7728,0.77315,10176
2021-04-16 20:00:00+00:00,0.77311,0.7737,0.7728,0.7737,2257
2021-04-17 08:00:00+00:00,0.7732,0.7734,0.7732,0.7732,11
2021-04-17 12:00:00+00:00,0.7732,0.7734,0.7732,0.7732,20
2021-04-17 16:00:00+00:00,0.7734,0.7734,0.7732,0.7732,18
2021-04-17 20:00:00+00:00,0.7734,0.7734,0.7732,0.7732,20
2021-04-18 00:00:00+00:00,0.7734,0.7734,0.7732,0.7732,18
2021-04-18 04:00:00+00:00,0.7734,0.7734,0.7732,0.7732,20
2021-04-18 08:00:00+00:00,0.7734,0.7734,0.7732,0.7732,8
2021-04-18 16:00:00+00:00,0.77264,0.77324,0.77243,0.77258,20
2021-04-18 20:00:00+00:00,0.77264,0.77303,0.77131,0.77131,3009
2021-04-19 00:00:00+00:00,0.77136,0.77327,0.7706,0.77289,17384
2021-04-19 04:00:00+00:00,0.77302,0.77665,0.7728,0.77665,19356
2021-04-19 08:00:00+00:00,0.77654,0.77831,0.77642,0.77756,20401
2021-04-19 12:00:00+00:00,0.77723,0.77763,0.7754,0.77575,22799
2021-04-19 16:00:00+00:00,0.77595,0.77644,0.755,0.7753,13275
2021-04-19 20:00:00+00:00,0.77561,0.7766,0.7748,0.77646,6489
2021-04-20 00:00:00+00:00,0.77656,0.78007,0.7763,0.78007,15801
2021-04-20 04:00:00+00:00,0.77985,0.78149,0.7789,0.7805,20638
2021-04-20 08:00:00+00:00,0.7803,0.78039,0.7763,0.7779,20318
2021-04-20 12:00:00+00:00,0.77785,0.77826,0.7728,0.774,27628
2021-04-20 16:00:00+00:00,0.77403,0.77455,0.7707,0.77209,14932
2021-04-20 20:00:00+00:00,0.7719,0.7731,0.7715,0.77219,6803
2021-04-21 00:00:00+00:00,0.77213,0.77353,0.7708,0.7714,17739
2021-04-21 04:00:00+00:00,0.77163,0.77229,0.77013,0.7714,19859
2021-04-21 08:00:00+00:00,0.77168,0.77295,0.77108,0.77241,19224
2021-04-21 12:00:00+00:00,0.77235,0.77616,0.7705,0.77544,26431
2021-04-21 16:00:00+00:00,0.77545,0.77565,0.7746,0.77544,10837
2021-04-21 20:00:00+00:00,0.77531,0.77566,0.7746,0.77539,5188
2021-04-22 00:00:00+00:00,0.77541,0.77644,0.7749,0.77538,15463
2021-04-22 04:00:00+00:00,0.77537,0.77615,0.7738,0.77499,18148
2021-04-22 08:00:00+00:00,0.77479,0.77534,0.7739,0.7741,17667
2021-04-22 12:00:00+00:00,0.77423,0.77423,0.7708,0.77236,28133
2021-04-22 16:00:00+00:00,0.7722,0.77341,0.7694,0.77067,25039
2021-04-22 20:00:00+00:00,0.77079,0.7712,0.7696,0.7701,6827
2021-04-23 00:00:00+00:00,0.77073,0.77289,0.77003,0.77289,14780
2021-04-23 04:00:00+00:00,0.77308,0.7744,0.7725,0.77397,17330
2021-04-23 08:00:00+00:00,0.77391,0.77413,0.7725,0.77388,16268
2021-04-23 12:00:00+00:00,0.7735,0.77443,0.77254,0.77377,24643
2021-04-23 16:00:00+00:00,0.77397,0.776,0.7733,0.77565,12448
2021-04-23 20:00:00+00:00,0.77557,0.77572,0.76509,0.76509,2114
2021-04-24 04:00:00+00:00,0.7745,0.7745,0.76619,0.76619,4
2021-04-25 16:00:00+00:00,0.77332,0.77422,0.77299,0.77418,37
2021-04-25 20:00:00+00:00,0.7742,0.77517,0.77343,0.77421,2775
2021-04-26 00:00:00+00:00,0.77422,0.77798,0.77422,0.77737,15372
2021-04-26 04:00:00+00:00,0.77755,0.77807,0.7762,0.77785,19592
2021-04-26 08:00:00+00:00,0.77766,0.77972,0.777,0.77816,18677
2021-04-26 12:00:00+00:00,0.77827,0.78145,0.7781,0.78011,22974
2021-04-26 16:00:00+00:00,0.78002,0.78067,0.7795,0.78027,12285
2021-04-26 20:00:00+00:00,0.78024,0.7803,0.7792,0.7793,6977
2021-04-27 00:00:00+00:00,0.77959,0.7803,0.7778,0.77838,15779
2021-04-27 04:00:00+00:00,0.7781,0.77994,0.778,0.7781,16082
2021-04-27 08:00:00+00:00,0.77818,0.77863,0.7764,0.77863,18701
2021-04-27 12:00:00+00:00,0.778,0.77844,0.77637,0.77741,23345
2021-04-27 16:00:00+00:00,0.77744,0.77749,0.7759,0.7766,13132
2021-04-27 20:00:00+00:00,0.77677,0.77714,0.7761,0.7766,6563
2021-04-28 00:00:00+00:00,0.77657,0.77657,0.7723,0.7738,16690
2021-04-28 04:00:00+00:00,0.77403,0.77486,0.7732,0.7739,16477
2021-04-28 08:00:00+00:00,0.77425,0.77525,0.77371,0.77461,18456
2021-04-28 12:00:00+00:00,0.77475,0.77729,0.7741,0.77675,23877
2021-04-28 16:00:00+00:00,0.7766,0.78003,0.77521,0.77925,25417
2021-04-28 20:00:00+00:00,0.77924,0.78054,0.77783,0.78011,8037
2021-04-29 00:00:00+00:00,0.78012,0.78181,0.7781,0.77841,15939
2021-04-29 04:00:00+00:00,0.77836,0.77968,0.778,0.77871,17093
2021-04-29 08:00:00+00:00,0.77876,0.7801,0.7772,0.77977,19573
2021-04-29 12:00:00+00:00,0.77964,0.78006,0.7749,0.77579,31314
2021-04-29 16:00:00+00:00,0.77565,0.77768,0.77513,0.77738,15231
2021-04-29 20:00:00+00:00,0.77716,0.77778,0.77605,0.7776,7535
2021-04-30 00:00:00+00:00,0.77773,0.7783,0.7768,0.7777,15376
2021-04-30 04:00:00+00:00,0.77804,0.77832,0.7765,0.77676,16745
2021-04-30 08:00:00+00:00,0.77635,0.77723,0.7754,0.7756,19334
2021-04-30 12:00:00+00:00,0.77571,0.77636,0.7701,0.77149,32276
2021-04-30 16:00:00+00:00,0.77155,0.77184,0.7694,0.77044,17243
2021-04-30 20:00:00+00:00,0.7704,0.77122,0.7698,0.7702,2712
2021-05-01 04:00:00+00:00,0.7715,0.7715,0.7708,0.7708,2
2021-05-02 16:00:00+00:00,0.77087,0.77163,0.77082,0.77163,15
2021-05-02 20:00:00+00:00,0.77159,0.77228,0.77112,0.7719,2572
2021-05-03 00:00:00+00:00,0.77176,0.77319,0.7712,0.77243,15941
2021-05-03 04:00:00+00:00,0.77233,0.77312,0.7707,0.77228,17330
2021-05-03 08:00:00+00:00,0.77227,0.77369,0.7717,0.77338,17599
2021-05-03 12:00:00+00:00,0.7733,0.77646,0.7729,0.77574,25790
2021-05-03 16:00:00+00:00,0.77544,0.77664,0.7749,0.77617,12896
2021-05-03 20:00:00+00:00,0.77617,0.77641,0.7755,0.7758,6047
2021-05-04 00:00:00+00:00,0.77595,0.77603,0.7733,0.7739,14118
2021-05-04 04:00:00+00:00,0.7739,0.77509,0.77132,0.77214,18663
2021-05-04 08:00:00+00:00,0.77204,0.77278,0.7698,0.77065,22171
2021-05-04 12:00:00+00:00,0.77046,0.77206,0.76768,0.76878,36246
2021-05-04 16:00:00+00:00,0.76893,0.77116,0.76893,0.77116,21405
2021-05-04 20:00:00+00:00,0.77103,0.7715,0.76998,0.77129,7121
2021-05-05 00:00:00+00:00,0.7711,0.77379,0.771,0.77345,13920
2021-05-05 04:00:00+00:00,0.77342,0.77352,0.7705,0.77181,19169
2021-05-05 08:00:00+00:00,0.7718,0.7741,0.7712,0.7734,19492
2021-05-05 12:00:00+00:00,0.77375,0.77528,0.7726,0.77485,26734
2021-05-05 16:00:00+00:00,0.7748,0.77493,0.7737,0.77474,13190
2021-05-05 20:00:00+00:00,0.77463,0.77532,0.77408,0.7751,6295
2021-05-06 00:00:00+00:00,0.77523,0.77572,0.77019,0.77237,19858
2021-05-06 04:00:00+00:00,0.77249,0.7755,0.7721,0.77395,19510
2021-05-06 08:00:00+00:00,0.774,0.77573,0.7737,0.77541,20264
2021-05-06 12:00:00+00:00,0.7751,0.77736,0.77396,0.77661,29884
2021-05-06 16:00:00+00:00,0.77659,0.77874,0.77648,0.77874,15538
2021-05-06 20:00:00+00:00,0.77853,0.77879,0.7777,0.77866,6818
2021-05-07 00:00:00+00:00,0.77861,0.77919,0.7772,0.7774,15878
2021-05-07 04:00:00+00:00,0.7774,0.77789,0.7759,0.77677,16169
2021-05-07 08:00:00+00:00,0.77671,0.77802,0.77667,0.7773,14342
2021-05-07 12:00:00+00:00,0.77715,0.78606,0.7766,0.78603,39614
2021-05-07 16:00:00+00:00,0.78566,0.78566,0.7836,0.7849,16402
2021-05-07 20:00:00+00:00,0.78485,0.78485,0.784,0.7844,2123
2021-05-08 04:00:00+00:00,0.7842,0.7845,0.7842,0.7845,2
2021-05-08 12:00:00+00:00,0.7842,0.7845,0.7842,0.7845,4
2021-05-09 16:00:00+00:00,0.78417,0.78475,0.78414,0.78438,21
2021-05-09 20:00:00+00:00,0.7844,0.78606,0.78412,0.7856,3876
2021-05-10 00:00:00+00:00,0.78553,0.78615,0.7835,0.7842,18702
2021-05-10 04:00:00+00:00,0.78429,0.78641,0.784,0.78532,19943
2021-05-10 08:00:00+00:00,0.78547,0.78879,0.785,0.7879,19468
2021-05-10 12:00:00+00:00,0.78799,0.78905,0.7861,0.78747,27805
2021-05-10 16:00:00+00:00,0.78747,0.78747,0.7836,0.78391,16177
2021-05-10 20:00:00+00:00,0.7837,0.78406,0.7825,0.784,7998
2021-05-11 00:00:00+00:00,0.78413,0.78444,0.7822,0.78328,21692
2021-05-11 04:00:00+00:00,0.78329,0.78417,0.7822,0.783,21802
2021-05-11 08:00:00+00:00,0.7828,0.7852,0.7827,0.78466,21482
2021-05-11 12:00:00+00:00,0.78478,0.78553,0.78208,0.78425,35640
2021-05-11 16:00:00+00:00,0.78408,0.78474,0.7832,0.7838,20059
2021-05-11 20:00:00+00:00,0.78412,0.7844,0.7834,0.78373,7314
2021-05-12 00:00:00+00:00,0.7839,0.78417,0.7784,0.77868,22508
2021-05-12 04:00:00+00:00,0.77879,0.78163,0.7783,0.78098,21666
2021-05-12 08:00:00+00:00,0.78104,0.78108,0.7791,0.7803,19638
2021-05-12 12:00:00+00:00,0.7802,0.78105,0.7732,0.7732,45652
2021-05-12 16:00:00+00:00,0.77329,0.77452,0.7719,0.77243,26682
2021-05-12 20:00:00+00:00,0.77275,0.7736,0.77207,0.7729,8111
2021-05-13 00:00:00+00:00,0.77299,0.77449,0.7717,0.7722,21726
2021-05-13 04:00:00+00:00,0.7719,0.77369,0.7704,0.77071,23569
2021-05-13 08:00:00+00:00,0.77071,0.77169,0.7688,0.7699,25482
2021-05-13 12:00:00+00:00,0.77045,0.77404,0.77034,0.77221,33360
2021-05-13 16:00:00+00:00,0.77209,0.77365,0.7705,0.77318,27849
2021-05-13 20:00:00+00:00,0.77289,0.77321,0.77186,0.77237,7030
2021-05-14 00:00:00+00:00,0.77239,0.77334,0.7712,0.77218,19522
2021-05-14 04:00:00+00:00,0.77216,0.77463,0.77216,0.7735,21145
2021-05-14 08:00:00+00:00,0.77342,0.7752,0.77304,0.77498,20132
2021-05-14 12:00:00+00:00,0.77515,0.77793,0.77476,0.77758,31039
2021-05-14 16:00:00+00:00,0.77747,0.77864,0.7772,0.7776,14156
2021-05-14 20:00:00+00:00,0.77806,0.77833,0.77563,0.77708,2261
2021-05-16 16:00:00+00:00,0.77794,0.77847,0.77734,0.77776,29
2021-05-16 20:00:00+00:00,0.77773,0.77833,0.77557,0.77779,2932
2021-05-17 00:00:00+00:00,0.77759,0.77759,0.7748,0.7749,21716
2021-05-17 04:00:00+00:00,0.77519,0.77671,0.7744,0.77522,21021
2021-05-17 08:00:00+00:00,0.775,0.77623,0.77394,0.77413,17944
2021-05-17 12:00:00+00:00,0.7742,0.77681,0.77313,0.77655,30705
2021-05-17 16:00:00+00:00,0.7761,0.7773,0.7759,0.77706,16389
2021-05-17 20:00:00+00:00,0.7768,0.77735,0.7758,0.7772,4990
2021-05-18 00:00:00+00:00,0.77743,0.77969,0.7771,0.77965,2076
2021-05-18 04:00:00+00:00,0.77957,0.78134,0.7782,0.78023,15806
2021-05-18 08:00:00+00:00,0.7801,0.78051,0.779,0.77997,17300
2021-05-18 12:00:00+00:00,0.77999,0.78096,0.7779,0.7781,28997
2021-05-18 16:00:00+00:00,0.77802,0.78049,0.7778,0.77975,16989
2021-05-18 20:00:00+00:00,0.77964,0.78,0.7785,0.77875,7172
2021-05-19 00:00:00+00:00,0.77877,0.77962,0.7777,0.77906,19129
2021-05-19 04:00:00+00:00,0.77911,0.7794,0.7758,0.7761,22285
2021-05-19 08:00:00+00:00,0.7764,0.77646,0.7731,0.77406,23473
2021-05-19 12:00:00+00:00,0.77406,0.7762,0.7732,0.77528,38005
2021-05-19 16:00:00+00:00,0.77509,0.77612,0.771,0.7722,30814
2021-05-19 20:00:00+00:00,0.77271,0.77298,0.7717,0.7718,8136
2021-05-20 00:00:00+00:00,0.7715,0.77438,0.7715,0.77389,20724
2021-05-20 04:00:00+00:00,0.7739,0.77619,0.7733,0.776,19730
2021-05-20 08:00:00+00:00,0.77611,0.77627,0.7734,0.77557,20227
2021-05-20 12:00:00+00:00,0.77563,0.77806,0.7752,0.77779,26309
2021-05-20 16:00:00+00:00,0.77764,0.77774,0.7762,0.7773,16763
2021-05-20 20:00:00+00:00,0.77715,0.77757,0.7768,0.77694,6345
2021-05-21 00:00:00+00:00,0.77699,0.7778,0.775,0.77567,17828
2021-05-21 04:00:00+00:00,0.77556,0.77603,0.7737,0.77439,19142
2021-05-21 08:00:00+00:00,0.77451,0.77812,0.774,0.77677,19436
2021-05-21 12:00:00+00:00,0.7766,0.77816,0.7728,0.77305,29014
2021-05-21 16:00:00+00:00,0.77297,0.7738,0.7719,0.77329,16146
2021-05-21 20:00:00+00:00,0.7732,0.77361,0.77213,0.77257,2275
2021-05-24 12:00:00+00:00,0.77348,0.77542,0.7731,0.77401,17295
2021-05-24 16:00:00+00:00,0.77422,0.77573,0.7736,0.77557,10927
2021-05-24 20:00:00+00:00,0.7754,0.77563,0.7748,0.7748,6283
2021-05-25 00:00:00+00:00,0.77507,0.77594,0.7746,0.77574,17984
2021-05-25 04:00:00+00:00,0.7757,0.77758,0.7749,0.77634,20138
2021-05-25 08:00:00+00:00,0.77626,0.77691,0.7754,0.7764,17877
2021-05-25 12:00:00+00:00,0.77673,0.77714,0.7736,0.7737,27210
2021-05-25 16:00:00+00:00,0.7741,0.77582,0.7734,0.7747,15934
2021-05-25 20:00:00+00:00,0.77495,0.77535,0.7745,0.7746,6406
2021-05-26 00:00:00+00:00,0.77499,0.77884,0.7746,0.77875,21206
2021-05-26 04:00:00+00:00,0.7785,0.77953,0.7771,0.7776,19984
2021-05-26 08:00:00+00:00,0.7774,0.77839,0.7769,0.77715,20195
2021-05-26 12:00:00+00:00,0.77697,0.77737,0.77307,0.77424,28421
2021-05-26 16:00:00+00:00,0.77423,0.77469,0.7735,0.774,15009
2021-05-26 20:00:00+00:00,0.77434,0.77443,0.7732,0.77397,6828
2021-05-27 00:00:00+00:00,0.77391,0.77424,0.772,0.7741,16734
2021-05-27 04:00:00+00:00,0.7739,0.77537,0.7735,0.77513,18460
2021-05-27 08:00:00+00:00,0.77526,0.77548,0.7734,0.77469,17933
2021-05-27 12:00:00+00:00,0.77509,0.77554,0.7733,0.7733,30344
2021-05-27 16:00:00+00:00,0.77349,0.77467,0.77264,0.77422,14330
2021-05-27 20:00:00+00:00,0.77439,0.77446,0.7735,0.77422,6165
2021-05-28 00:00:00+00:00,0.77411,0.77468,0.7736,0.7744,14371
2021-05-28 04:00:00+00:00,0.7744,0.77463,0.7714,0.77262,17340
2021-05-28 08:00:00+00:00,0.77272,0.77334,0.7691,0.76964,18512
2021-05-28 12:00:00+00:00,0.76945,0.77141,0.7675,0.77048,30491
2021-05-28 16:00:00+00:00,0.7703,0.77149,0.7701,0.77074,13860
2021-05-28 20:00:00+00:00,0.77087,0.7709,0.76718,0.76727,2315
2021-05-30 16:00:00+00:00,0.77076,0.77077,0.76968,0.77077,14
2021-05-30 20:00:00+00:00,0.77073,0.7713,0.7692,0.77075,2040
2021-05-31 00:00:00+00:00,0.77083,0.77284,0.7699,0.77239,16383
2021-05-31 04:00:00+00:00,0.77234,0.77369,0.772,0.77334,15313
2021-05-31 08:00:00+00:00,0.77335,0.77386,0.7728,0.7732,15079
2021-05-31 12:00:00+00:00,0.77337,0.77405,0.7729,0.77398,13447
2021-05-31 16:00:00+00:00,0.77405,0.7741,0.773,0.7731,8272
2021-05-31 20:00:00+00:00,0.77325,0.77456,0.77285,0.77433,6369
2021-06-01 00:00:00+00:00,0.77437,0.77673,0.7736,0.77622,15233
2021-06-01 04:00:00+00:00,0.77636,0.77672,0.7734,0.77634,18422
2021-06-01 08:00:00+00:00,0.776,0.77604,0.7729,0.77383,18016
2021-06-01 12:00:00+00:00,0.77368,0.77687,0.7732,0.77642,26029
2021-06-01 16:00:00+00:00,0.77633,0.7764,0.7752,0.77553,12753
2021-06-01 20:00:00+00:00,0.7751,0.77556,0.77449,0.77545,6339
2021-06-02 00:00:00+00:00,0.77562,0.77712,0.77557,0.77611,13840
2021-06-02 04:00:00+00:00,0.7761,0.7761,0.77268,0.7732,18668
2021-06-02 08:00:00+00:00,0.77334,0.77347,0.7714,0.7728,18462
2021-06-02 12:00:00+00:00,0.7729,0.77556,0.7728,0.77512,20709
2021-06-02 16:00:00+00:00,0.77499,0.77557,0.7742,0.77533,10418
2021-06-02 20:00:00+00:00,0.77525,0.77532,0.7741,0.77442,5063
2021-06-03 00:00:00+00:00,0.7742,0.77531,0.7735,0.77446,10922
2021-06-03 04:00:00+00:00,0.7741,0.77462,0.77173,0.77193,14584
2021-06-03 08:00:00+00:00,0.77183,0.77406,0.7716,0.77189,19462
2021-06-03 12:00:00+00:00,0.7718,0.77191,0.76491,0.76516,34169
2021-06-03 16:00:00+00:00,0.76525,0.7659,0.7645,0.76582,13579
2021-06-03 20:00:00+00:00,0.76579,0.76656,0.76444,0.7661,6200
2021-06-04 00:00:00+00:00,0.76606,0.76635,0.765,0.76593,15033
2021-06-04 04:00:00+00:00,0.7656,0.76707,0.76521,0.76648,16113
2021-06-04 08:00:00+00:00,0.76647,0.76696,0.7657,0.76658,14963
2021-06-04 12:00:00+00:00,0.76673,0.77434,0.7663,0.77412,32037
2021-06-04 16:00:00+00:00,0.7741,0.77449,0.7735,0.77433,9859
2021-06-04 20:00:00+00:00,0.77433,0.77446,0.77222,0.77332,1633
2021-06-06 16:00:00+00:00,0.77408,0.77408,0.77202,0.77255,12
2021-06-06 20:00:00+00:00,0.77264,0.77434,0.77106,0.774,1586
2021-06-07 00:00:00+00:00,0.7738,0.77483,0.7731,0.77353,15696
2021-06-07 04:00:00+00:00,0.77354,0.77466,0.77269,0.7746,16574
2021-06-07 08:00:00+00:00,0.77454,0.7759,0.7739,0.7756,16835
2021-06-07 12:00:00+00:00,0.77586,0.77647,0.7752,0.77637,20894
2021-06-07 16:00:00+00:00,0.77642,0.7765,0.7755,0.77591,9218
2021-06-07 20:00:00+00:00,0.77593,0.77595,0.7751,0.7756,6092
2021-06-08 00:00:00+00:00,0.7753,0.77632,0.7743,0.77463,13929
2021-06-08 04:00:00+00:00,0.77449,0.77535,0.77368,0.7744,14622
2021-06-08 08:00:00+00:00,0.77457,0.77502,0.7734,0.77497,17588
2021-06-08 12:00:00+00:00,0.77498,0.77558,0.7729,0.77403,25521
2021-06-08 16:00:00+00:00,0.77398,0.77435,0.7733,0.77396,10913
2021-06-08 20:00:00+00:00,0.77392,0.77401,0.773,0.77354,5658
2021-06-09 00:00:00+00:00,0.7733,0.77437,0.7732,0.7732,12296
2021-06-09 04:00:00+00:00,0.7734,0.77522,0.7733,0.77459,13373
2021-06-09 08:00:00+00:00,0.77476,0.77523,0.774,0.77512,14431
2021-06-09 12:00:00+00:00,0.77516,0.77617,0.7725,0.77302,23339
2021-06-09 16:00:00+00:00,0.77274,0.77373,0.7723,0.77281,12278
2021-06-09 20:00:00+00:00,0.77277,0.77322,0.7724,0.77293,5096
2021-06-10 00:00:00+00:00,0.7725,0.77365,0.772,0.7733,12497
2021-06-10 04:00:00+00:00,0.77353,0.77426,0.7726,0.7731,15938
2021-06-10 08:00:00+00:00,0.7732,0.77415,0.77282,0.77407,8791
2021-06-10 12:00:00+00:00,0.77552,0.77627,0.7725,0.77511,24683
2021-06-10 16:00:00+00:00,0.7749,0.77588,0.77444,0.77525,14833
2021-06-10 20:00:00+00:00,0.7754,0.77561,0.7746,0.77473,5708
2021-06-11 00:00:00+00:00,0.77491,0.77574,0.7743,0.7752,11312
2021-06-11 04:00:00+00:00,0.775,0.77743,0.7748,0.77671,13353
2021-06-11 08:00:00+00:00,0.77656,0.77682,0.7731,0.77336,18384
2021-06-11 12:00:00+00:00,0.77312,0.77348,0.7689,0.76951,25366
2021-06-11 16:00:00+00:00,0.7693,0.77058,0.76887,0.77058,10655
2021-06-11 20:00:00+00:00,0.7704,0.77067,0.76972,0.76972,1506
2021-06-13 16:00:00+00:00,0.7695,0.77,0.76614,0.77,12
2021-06-13 20:00:00+00:00,0.77009,0.77091,0.77,0.7705,1509
2021-06-14 00:00:00+00:00,0.7708,0.7708,0.7692,0.7699,10931
2021-06-14 04:00:00+00:00,0.7699,0.77137,0.7697,0.77137,14970
2021-06-14 08:00:00+00:00,0.7712,0.77222,0.7702,0.77138,15431
2021-06-14 12:00:00+00:00,0.77151,0.77253,0.7711,0.77166,21000
2021-06-14 16:00:00+00:00,0.77168,0.77174,0.7702,0.77137,9178
2021-06-14 20:00:00+00:00,0.77131,0.77156,0.7707,0.77116,6338
2021-06-15 00:00:00+00:00,0.7712,0.77166,0.7693,0.77061,14685
2021-06-15 04:00:00+00:00,0.77074,0.77157,0.7698,0.77039,14992
2021-06-15 08:00:00+00:00,0.77039,0.77063,0.7683,0.76904,17913
2021-06-15 12:00:00+00:00,0.76895,0.76982,0.76748,0.76756,24624
2021-06-15 16:00:00+00:00,0.76758,0.76858,0.7673,0.7682,12442
2021-06-15 20:00:00+00:00,0.76842,0.76893,0.76806,0.76855,5959
2021-06-16 00:00:00+00:00,0.76858,0.76953,0.7683,0.76942,13404
2021-06-16 04:00:00+00:00,0.76948,0.77027,0.7686,0.77001,16735
2021-06-16 08:00:00+00:00,0.76998,0.77093,0.7696,0.77055,15282
2021-06-16 12:00:00+00:00,0.7705,0.77149,0.77,0.77104,19173
2021-06-16 16:00:00+00:00,0.77126,0.77137,0.7609,0.7614,36631
2021-06-16 20:00:00+00:00,0.7615,0.76206,0.7605,0.7614,11701
2021-06-17 00:00:00+00:00,0.76113,0.76383,0.75993,0.76266,22750
2021-06-17 04:00:00+00:00,0.76266,0.76349,0.7607,0.76138,21046
2021-06-17 08:00:00+00:00,0.76165,0.76225,0.7562,0.75645,26252
2021-06-17 12:00:00+00:00,0.75677,0.75901,0.7551,0.75546,35914
2021-06-17 16:00:00+00:00,0.75529,0.75601,0.75404,0.75475,23887
2021-06-17 20:00:00+00:00,0.75478,0.75593,0.75419,0.75567,7501
2021-06-18 00:00:00+00:00,0.7556,0.75608,0.7547,0.755,16856
2021-06-18 04:00:00+00:00,0.7549,0.75512,0.7509,0.75392,24520
2021-06-18 08:00:00+00:00,0.75413,0.75494,0.7521,0.75278,22854
2021-06-18 12:00:00+00:00,0.75271,0.75271,0.74791,0.7495,44806
2021-06-18 16:00:00+00:00,0.74983,0.75098,0.749,0.7492,20565
2021-06-18 20:00:00+00:00,0.74925,0.74935,0.7475,0.7476,3091
2021-06-20 16:00:00+00:00,0.74774,0.74833,0.74734,0.74833,24
2021-06-20 20:00:00+00:00,0.74814,0.75046,0.7473,0.75,4226
2021-06-21 00:00:00+00:00,0.75011,0.75216,0.7482,0.74909,28937
2021-06-21 04:00:00+00:00,0.74889,0.7506,0.7479,0.7495,26425
2021-06-21 08:00:00+00:00,0.7498,0.75196,0.7491,0.75184,24457
2021-06-21 12:00:00+00:00,0.75162,0.75364,0.7506,0.7525,31299
2021-06-21 16:00:00+00:00,0.75293,0.75459,0.75279,0.75418,15401
2021-06-21 20:00:00+00:00,0.75403,0.75447,0.7517,0.75345,7392
2021-06-22 00:00:00+00:00,0.75325,0.75335,0.7509,0.75157,16708
2021-06-22 04:00:00+00:00,0.7513,0.75217,0.75024,0.7504,20219
2021-06-22 08:00:00+00:00,0.7499,0.75226,0.7493,0.75182,21055
2021-06-22 12:00:00+00:00,0.75165,0.75299,0.7499,0.75272,26671
2021-06-22 16:00:00+00:00,0.75273,0.75635,0.7526,0.75553,17188
2021-06-22 20:00:00+00:00,0.75529,0.75598,0.7543,0.75544,7926
2021-06-23 00:00:00+00:00,0.75549,0.75573,0.7535,0.7545,16113
2021-06-23 04:00:00+00:00,0.7546,0.75552,0.7538,0.75529,20046
2021-06-23 08:00:00+00:00,0.75552,0.75757,0.7553,0.75755,22000
2021-06-23 12:00:00+00:00,0.75745,0.75985,0.7572,0.75883,26625
2021-06-23 16:00:00+00:00,0.7583,0.75869,0.7564,0.75718,14469
2021-06-23 20:00:00+00:00,0.7572,0.75788,0.7569,0.75729,6599
2021-06-24 00:00:00+00:00,0.7574,0.75782,0.7565,0.7574,15139
2021-06-24 04:00:00+00:00,0.75742,0.75848,0.75666,0.75726,18380
2021-06-24 08:00:00+00:00,0.75724,0.75838,0.7566,0.75782,20971
2021-06-24 12:00:00+00:00,0.75771,0.75906,0.7569,0.75725,27454
2021-06-24 16:00:00+00:00,0.75731,0.75874,0.757,0.75856,14365
2021-06-24 20:00:00+00:00,0.7585,0.75871,0.7578,0.75815,6590
2021-06-25 00:00:00+00:00,0.75803,0.75935,0.758,0.75927,15656
2021-06-25 04:00:00+00:00,0.7591,0.76012,0.7585,0.76008,16979
2021-06-25 08:00:00+00:00,0.75984,0.7602,0.7585,0.75931,17621
2021-06-25 12:00:00+00:00,0.75948,0.76155,0.7592,0.75945,29285
2021-06-25 16:00:00+00:00,0.7593,0.75973,0.758,0.75958,12540
2021-06-25 20:00:00+00:00,0.7596,0.75976,0.75531,0.75571,2578
2021-06-27 00:00:00+00:00,0.7585,0.7585,0.75631,0.7585,7
2021-06-27 04:00:00+00:00,0.75631,0.7585,0.75631,0.7585,10
2021-06-27 08:00:00+00:00,0.75631,0.7585,0.75631,0.7585,8
2021-06-27 16:00:00+00:00,0.75854,0.75854,0.75742,0.7585,40
2021-06-27 20:00:00+00:00,0.75762,0.75944,0.75638,0.75944,3078
2021-06-28 00:00:00+00:00,0.75904,0.75937,0.75772,0.75788,9687
2021-06-28 12:00:00+00:00,0.75624,0.75787,0.75624,0.75732,13071
2021-06-28 16:00:00+00:00,0.75731,0.75735,0.75597,0.7563,11584
2021-06-28 20:00:00+00:00,0.7565,0.75685,0.7562,0.7568,4700
2021-06-29 00:00:00+00:00,0.7569,0.75693,0.7548,0.7553,15502
2021-06-29 04:00:00+00:00,0.7553,0.7564,0.7544,0.75472,16387
2021-06-29 08:00:00+00:00,0.75475,0.75475,0.7511,0.75157,20798
2021-06-29 12:00:00+00:00,0.7513,0.75261,0.7504,0.7514,27043
2021-06-29 16:00:00+00:00,0.75161,0.75182,0.7506,0.7511,10351
2021-06-29 20:00:00+00:00,0.751,0.7514,0.7507,0.75134,6127
2021-06-30 00:00:00+00:00,0.75132,0.75241,0.7508,0.7522,13879
2021-06-30 04:00:00+00:00,0.7521,0.75267,0.7513,0.7517,15881
2021-06-30 08:00:00+00:00,0.75161,0.75163,0.7496,0.75054,19538
2021-06-30 12:00:00+00:00,0.75052,0.75115,0.7489,0.74954,28285
2021-06-30 16:00:00+00:00,0.74949,0.7504,0.7492,0.74982,12804
2021-06-30 20:00:00+00:00,0.74993,0.75009,0.7493,0.7497,6541
2021-07-01 00:00:00+00:00,0.74946,0.74946,0.7483,0.749,12840
2021-07-01 04:00:00+00:00,0.7491,0.75028,0.7475,0.74942,16017
2021-07-01 08:00:00+00:00,0.74956,0.75018,0.7476,0.75017,21514
2021-07-01 12:00:00+00:00,0.75006,0.75066,0.746,0.74713,28860
2021-07-01 16:00:00+00:00,0.7471,0.74757,0.7459,0.74663,13046
2021-07-01 20:00:00+00:00,0.74655,0.74716,0.7461,0.74651,5141
2021-07-02 00:00:00+00:00,0.74669,0.74688,0.7458,0.74632,13733
2021-07-02 04:00:00+00:00,0.7462,0.74707,0.7451,0.74527,15367
2021-07-02 08:00:00+00:00,0.7452,0.74674,0.7446,0.74641,18584
2021-07-02 12:00:00+00:00,0.74648,0.74996,0.74569,0.74974,35092
2021-07-02 16:00:00+00:00,0.74965,0.75325,0.7493,0.75281,13758
2021-07-02 20:00:00+00:00,0.75281,0.75301,0.75171,0.75179,2141
2021-07-03 08:00:00+00:00,0.7524,0.7524,0.7523,0.7523,2
2021-07-04 16:00:00+00:00,0.75226,0.75244,0.75201,0.75204,15
2021-07-04 20:00:00+00:00,0.75219,0.7528,0.7516,0.75179,3348
2021-07-05 00:00:00+00:00,0.7516,0.75231,0.75088,0.75119,15046
2021-07-05 04:00:00+00:00,0.75115,0.75288,0.7509,0.7528,16791
2021-07-05 08:00:00+00:00,0.75302,0.75363,0.7525,0.75305,14615
2021-07-05 12:00:00+00:00,0.75302,0.75322,0.7517,0.75319,14667
2021-07-05 16:00:00+00:00,0.7532,0.7534,0.7523,0.753,12318
2021-07-05 20:00:00+00:00,0.75323,0.75475,0.75241,0.7539,6935
2021-07-06 00:00:00+00:00,0.7536,0.75686,0.7536,0.75679,15663
2021-07-06 04:00:00+00:00,0.75664,0.75984,0.75459,0.75796,23140
2021-07-06 08:00:00+00:00,0.75779,0.75845,0.7564,0.75739,21135
2021-07-06 12:00:00+00:00,0.75779,0.75804,0.7488,0.74977,35449
2021-07-06 16:00:00+00:00,0.74935,0.75001,0.7481,0.74935,16999
2021-07-06 20:00:00+00:00,0.74953,0.74966,0.7488,0.74946,6543
2021-07-07 00:00:00+00:00,0.7491,0.74953,0.7481,0.74917,17046
2021-07-07 04:00:00+00:00,0.74909,0.7512,0.749,0.75091,18246
2021-07-07 08:00:00+00:00,0.75078,0.75252,0.74995,0.75237,17765
2021-07-07 12:00:00+00:00,0.75231,0.75335,0.7464,0.74841,32249
2021-07-07 16:00:00+00:00,0.74847,0.75046,0.74795,0.74829,21512
2021-07-07 20:00:00+00:00,0.7479,0.749,0.74726,0.74819,6846
2021-07-08 00:00:00+00:00,0.74814,0.74824,0.7454,0.74639,20074
2021-07-08 04:00:00+00:00,0.74634,0.74673,0.74266,0.74389,26441
2021-07-08 08:00:00+00:00,0.74346,0.74437,0.7416,0.74228,33110
2021-07-08 12:00:00+00:00,0.74233,0.74502,0.74164,0.74364,42449
2021-07-08 16:00:00+00:00,0.7434,0.7443,0.7419,0.74293,18852
2021-07-08 20:00:00+00:00,0.7429,0.74362,0.74182,0.74328,7933
2021-07-09 00:00:00+00:00,0.7432,0.74363,0.7409,0.74232,22000
2021-07-09 04:00:00+00:00,0.74233,0.74437,0.7415,0.74395,23775
2021-07-09 08:00:00+00:00,0.74392,0.74705,0.7435,0.7465,24253
2021-07-09 12:00:00+00:00,0.74666,0.74855,0.7464,0.74783,26638
2021-07-09 16:00:00+00:00,0.74787,0.74925,0.7477,0.74925,11401
2021-07-09 20:00:00+00:00,0.74934,0.74935,0.74272,0.74272,2244
2021-07-10 08:00:00+00:00,0.7484,0.7484,0.74792,0.74792,4
2021-07-11 16:00:00+00:00,0.74795,0.74795,0.74753,0.74785,6
2021-07-11 20:00:00+00:00,0.7476,0.74914,0.74684,0.74891,1447
2021-07-12 00:00:00+00:00,0.7489,0.7489,0.74695,0.74711,3497
2021-07-12 04:00:00+00:00,0.74694,0.74735,0.7463,0.7469,4034
2021-07-12 08:00:00+00:00,0.74729,0.7475,0.7447,0.745,16216
2021-07-12 12:00:00+00:00,0.74557,0.74946,0.7453,0.74899,26345
2021-07-12 16:00:00+00:00,0.7489,0.74899,0.7468,0.7481,12532
2021-07-12 20:00:00+00:00,0.748,0.7482,0.74693,0.74774,5927
2021-07-13 00:00:00+00:00,0.74803,0.75021,0.7478,0.74948,15042
2021-07-13 04:00:00+00:00,0.74954,0.74959,0.7483,0.74852,16688
2021-07-13 08:00:00+00:00,0.74839,0.74873,0.7471,0.74791,14266
2021-07-13 12:00:00+00:00,0.7472,0.74802,0.74273,0.74716,35799
2021-07-13 16:00:00+00:00,0.7468,0.74739,0.7442,0.74442,17505
2021-07-13 20:00:00+00:00,0.74438,0.74501,0.7438,0.7438,6712
2021-07-14 00:00:00+00:00,0.74376,0.74662,0.7434,0.74592,19360
2021-07-14 04:00:00+00:00,0.74578,0.74699,0.745,0.74501,19176
2021-07-14 08:00:00+00:00,0.74487,0.7461,0.74338,0.7461,20528
2021-07-14 12:00:00+00:00,0.74613,0.74846,0.746,0.74681,36565
2021-07-14 16:00:00+00:00,0.74683,0.74852,0.7468,0.74795,17610
2021-07-14 20:00:00+00:00,0.74794,0.74856,0.74744,0.74802,6424
2021-07-15 00:00:00+00:00,0.7476,0.74823,0.74534,0.746,19610
2021-07-15 04:00:00+00:00,0.74621,0.74839,0.7456,0.74688,19356
2021-07-15 08:00:00+00:00,0.74661,0.74802,0.7443,0.7448,22534
2021-07-15 12:00:00+00:00,0.7444,0.7447,0.7433,0.74347,30836
2021-07-15 16:00:00+00:00,0.74361,0.74361,0.741,0.74217,20111
2021-07-15 20:00:00+00:00,0.74199,0.74313,0.7416,0.74228,8508
2021-07-16 00:00:00+00:00,0.7424,0.74383,0.7412,0.74374,17597
2021-07-16 04:00:00+00:00,0.74369,0.74397,0.74232,0.7428,17897
2021-07-16 08:00:00+00:00,0.7426,0.74421,0.7414,0.74167,20357
2021-07-16 12:00:00+00:00,0.74164,0.7423,0.73981,0.74089,33509
2021-07-16 16:00:00+00:00,0.74086,0.74158,0.739,0.73953,18458
2021-07-16 20:00:00+00:00,0.73969,0.73974,0.73823,0.73881,2708
2021-07-17 08:00:00+00:00,0.7401,0.7401,0.73941,0.73941,4
2021-07-18 16:00:00+00:00,0.73916,0.7401,0.73916,0.73997,14
2021-07-18 20:00:00+00:00,0.73979,0.74227,0.7383,0.7387,3690
2021-07-19 00:00:00+00:00,0.7385,0.73877,0.7373,0.7384,19964
2021-07-19 04:00:00+00:00,0.7385,0.73884,0.7364,0.73675,21765
2021-07-19 08:00:00+00:00,0.73678,0.73739,0.7339,0.73457,28607
2021-07-19 12:00:00+00:00,0.73415,0.73679,0.73296,0.73435,45401
2021-07-19 16:00:00+00:00,0.73412,0.73419,0.73215,0.73369,27870
2021-07-19 20:00:00+00:00,0.73353,0.73466,0.73255,0.73368,7677
2021-07-20 00:00:00+00:00,0.73376,0.7356,0.732,0.73226,20742
2021-07-20 04:00:00+00:00,0.73225,0.73327,0.7308,0.73153,25636
2021-07-20 08:00:00+00:00,0.73157,0.73337,0.7311,0.73301,27404
2021-07-20 12:00:00+00:00,0.733,0.73324,0.73002,0.73247,36926
2021-07-20 16:00:00+00:00,0.7324,0.73351,0.7321,0.73305,17014
2021-07-20 20:00:00+00:00,0.73301,0.73389,0.7326,0.73385,7101
2021-07-21 00:00:00+00:00,0.7335,0.73398,0.7301,0.7313,18235
2021-07-21 04:00:00+00:00,0.73116,0.73143,0.7289,0.73042,22190
2021-07-21 08:00:00+00:00,0.73031,0.73213,0.7295,0.73146,23511
2021-07-21 12:00:00+00:00,0.73152,0.73599,0.73118,0.73557,29279
2021-07-21 16:00:00+00:00,0.73552,0.73622,0.7344,0.73598,14684
2021-07-21 20:00:00+00:00,0.73589,0.73593,0.73309,0.73513,6162
2021-07-22 00:00:00+00:00,0.73504,0.73581,0.734,0.73575,13790
2021-07-22 04:00:00+00:00,0.7356,0.73786,0.7352,0.7366,18255
2021-07-22 08:00:00+00:00,0.73667,0.73869,0.736,0.73837,21284
2021-07-22 12:00:00+00:00,0.73844,0.73967,0.73564,0.73634,37229
2021-07-22 16:00:00+00:00,0.7364,0.73882,0.7357,0.7381,16069
2021-07-22 20:00:00+00:00,0.73833,0.73848,0.73678,0.73801,6581
2021-07-23 00:00:00+00:00,0.73821,0.73889,0.7374,0.7376,12644
2021-07-23 04:00:00+00:00,0.73755,0.73781,0.73594,0.73684,18828
2021-07-23 08:00:00+00:00,0.73681,0.73822,0.7363,0.73744,21754
2021-07-23 12:00:00+00:00,0.73757,0.73882,0.73572,0.736,26063
2021-07-23 16:00:00+00:00,0.73643,0.73721,0.7361,0.73672,13955
2021-07-23 20:00:00+00:00,0.73671,0.737,0.73572,0.73627,2457
2021-07-24 04:00:00+00:00,0.7363,0.7363,0.7362,0.7362,4
2021-07-24 08:00:00+00:00,0.7363,0.7363,0.7362,0.7362,2
2021-07-25 16:00:00+00:00,0.73622,0.73622,0.73554,0.73564,17
2021-07-25 20:00:00+00:00,0.73592,0.73697,0.73494,0.73675,2416
2021-07-26 00:00:00+00:00,0.73659,0.73659,0.7344,0.7345,20919
2021-07-26 04:00:00+00:00,0.73493,0.73539,0.73385,0.73443,22351
2021-07-26 08:00:00+00:00,0.73411,0.73622,0.7331,0.73618,22050
2021-07-26 12:00:00+00:00,0.73629,0.739,0.7349,0.73858,27555
2021-07-26 16:00:00+00:00,0.7385,0.73856,0.7375,0.73845,12425
2021-07-26 20:00:00+00:00,0.73839,0.73877,0.73764,0.73837,7330
2021-07-27 00:00:00+00:00,0.7381,0.73884,0.7369,0.73812,16365
2021-07-27 04:00:00+00:00,0.73819,0.7383,0.7339,0.73493,21643
2021-07-27 08:00:00+00:00,0.73488,0.73654,0.7337,0.73654,21676
2021-07-27 12:00:00+00:00,0.73667,0.73839,0.7345,0.73673,34574
2021-07-27 16:00:00+00:00,0.73646,0.73665,0.7355,0.73651,19573
2021-07-27 20:00:00+00:00,0.73643,0.73671,0.7355,0.73655,8190
2021-07-28 00:00:00+00:00,0.73675,0.73749,0.7353,0.73595,19931
2021-07-28 04:00:00+00:00,0.73601,0.73637,0.7341,0.73481,20162
2021-07-28 08:00:00+00:00,0.73467,0.73555,0.73346,0.734,20540
2021-07-28 12:00:00+00:00,0.73417,0.73478,0.73237,0.7345,29372
2021-07-28 16:00:00+00:00,0.73473,0.73805,0.73221,0.73725,33636
2021-07-28 20:00:00+00:00,0.7373,0.73788,0.73649,0.73769,9538
2021-07-29 00:00:00+00:00,0.73778,0.73811,0.7358,0.73765,20335
2021-07-29 04:00:00+00:00,0.7375,0.73951,0.7374,0.73928,19816
2021-07-29 08:00:00+00:00,0.73906,0.74135,0.7385,0.73915,20184
2021-07-29 12:00:00+00:00,0.73929,0.74086,0.7374,0.73995,28957
2021-07-29 16:00:00+00:00,0.73991,0.7402,0.7389,0.73981,13479
2021-07-29 20:00:00+00:00,0.73984,0.74033,0.73815,0.73955,7902
2021-07-30 00:00:00+00:00,0.73956,0.73983,0.7379,0.7385,21722
2021-07-30 04:00:00+00:00,0.73876,0.73921,0.7374,0.73913,20282
2021-07-30 08:00:00+00:00,0.7387,0.74038,0.7362,0.73665,21494
2021-07-30 12:00:00+00:00,0.73656,0.73752,0.7342,0.73507,31296
2021-07-30 16:00:00+00:00,0.73505,0.7351,0.73299,0.73376,16835
2021-07-30 20:00:00+00:00,0.7334,0.7347,0.73042,0.73376,3127
2021-08-01 16:00:00+00:00,0.73416,0.73416,0.73302,0.73336,22
2021-08-01 20:00:00+00:00,0.73325,0.73456,0.7323,0.734,3075
2021-08-02 00:00:00+00:00,0.73413,0.73491,0.7327,0.7341,20131
2021-08-02 04:00:00+00:00,0.73423,0.73569,0.7334,0.73514,17128
2021-08-02 08:00:00+00:00,0.73529,0.73633,0.7348,0.73633,17641
2021-08-02 12:00:00+00:00,0.73622,0.73815,0.736,0.73636,28690
2021-08-02 16:00:00+00:00,0.73636,0.73665,0.7355,0.736,17702
2021-08-02 20:00:00+00:00,0.7358,0.7368,0.73557,0.73604,6167
2021-08-03 00:00:00+00:00,0.7362,0.73704,0.7358,0.7367,18601
2021-08-03 04:00:00+00:00,0.7367,0.74071,0.73619,0.73971,23514
2021-08-03 08:00:00+00:00,0.73975,0.73986,0.7382,0.73981,16295
2021-08-03 12:00:00+00:00,0.73961,0.73975,0.736,0.73844,31763
2021-08-03 16:00:00+00:00,0.73845,0.73969,0.7384,0.73966,13839
2021-08-03 20:00:00+00:00,0.73935,0.74008,0.73867,0.73966,7014
2021-08-04 00:00:00+00:00,0.7396,0.7411,0.7386,0.7404,15138
2021-08-04 04:00:00+00:00,0.74045,0.74235,0.7392,0.74235,14302
2021-08-04 08:00:00+00:00,0.74225,0.74242,0.7408,0.74113,15802
2021-08-04 12:00:00+00:00,0.7409,0.74259,0.7369,0.73796,31452
2021-08-04 16:00:00+00:00,0.73768,0.7386,0.7374,0.73792,15373
2021-08-04 20:00:00+00:00,0.738,0.7384,0.7375,0.7382,5833
2021-08-05 00:00:00+00:00,0.7381,0.73927,0.7376,0.73906,14262
2021-08-05 04:00:00+00:00,0.73916,0.74052,0.7385,0.74051,15891
2021-08-05 08:00:00+00:00,0.74051,0.74142,0.7394,0.74132,20056
2021-08-05 12:00:00+00:00,0.74135,0.74151,0.7392,0.74086,25977
2021-08-05 16:00:00+00:00,0.7408,0.74082,0.7398,0.74047,11874
2021-08-05 20:00:00+00:00,0.74032,0.74058,0.73903,0.74028,5011
2021-08-06 00:00:00+00:00,0.7401,0.74034,0.7376,0.73883,13203
2021-08-06 04:00:00+00:00,0.73872,0.73967,0.7382,0.73929,13554
2021-08-06 08:00:00+00:00,0.7391,0.7395,0.7385,0.739,14337
2021-08-06 12:00:00+00:00,0.7389,0.7395,0.7347,0.73556,34335
2021-08-06 16:00:00+00:00,0.73553,0.73579,0.7349,0.73521,11430
2021-08-06 20:00:00+00:00,0.73516,0.73543,0.7348,0.7349,1934
2021-08-07 16:00:00+00:00,0.7349,0.735,0.7349,0.7349,3
2021-08-07 20:00:00+00:00,0.735,0.735,0.7349,0.735,11
2021-08-08 00:00:00+00:00,0.7349,0.735,0.7349,0.735,6
2021-08-08 16:00:00+00:00,0.73514,0.73535,0.73514,0.73514,7
2021-08-08 20:00:00+00:00,0.73525,0.73556,0.7327,0.7334,5223
2021-08-09 00:00:00+00:00,0.7332,0.7357,0.7327,0.7353,15621
2021-08-09 04:00:00+00:00,0.73546,0.73596,0.73462,0.73462,16539
2021-08-09 08:00:00+00:00,0.73462,0.73575,0.7334,0.73554,19285
2021-08-09 12:00:00+00:00,0.7352,0.73632,0.73329,0.73392,25704
2021-08-09 16:00:00+00:00,0.73396,0.73408,0.7328,0.73293,11309
2021-08-09 20:00:00+00:00,0.73295,0.73327,0.73223,0.73298,5732
2021-08-10 00:00:00+00:00,0.73289,0.73328,0.7313,0.73235,13663
2021-08-10 04:00:00+00:00,0.7322,0.73425,0.7318,0.73352,15818
2021-08-10 08:00:00+00:00,0.73351,0.7348,0.7326,0.73475,16359
2021-08-10 12:00:00+00:00,0.73443,0.73552,0.7333,0.73453,24660
2021-08-10 16:00:00+00:00,0.73438,0.73505,0.7341,0.7348,10524
2021-08-10 20:00:00+00:00,0.73467,0.7349,0.734,0.734,5333
2021-08-11 00:00:00+00:00,0.73444,0.73471,0.7333,0.73396,12356
2021-08-11 04:00:00+00:00,0.73398,0.73435,0.7322,0.73293,14567
2021-08-11 08:00:00+00:00,0.73297,0.73384,0.7323,0.73384,13456
2021-08-11 12:00:00+00:00,0.73378,0.73855,0.7336,0.73731,29598
2021-08-11 16:00:00+00:00,0.7374,0.73871,0.7371,0.73769,13514
2021-08-11 20:00:00+00:00,0.73754,0.73761,0.73675,0.7369,5637
2021-08-12 00:00:00+00:00,0.73714,0.73724,0.7361,0.737,12181
2021-08-12 04:00:00+00:00,0.7368,0.73703,0.7353,0.73684,14365
2021-08-12 08:00:00+00:00,0.73659,0.73689,0.7352,0.7354,14569
2021-08-12 12:00:00+00:00,0.73542,0.7358,0.7333,0.73441,22976
2021-08-12 16:00:00+00:00,0.7343,0.73484,0.7329,0.73373,12067
2021-08-12 20:00:00+00:00,0.73364,0.7347,0.73295,0.73409,5337
2021-08-13 00:00:00+00:00,0.734,0.7347,0.7332,0.73433,10717
2021-08-13 04:00:00+00:00,0.73428,0.73438,0.7332,0.73415,11792
2021-08-13 08:00:00+00:00,0.73414,0.73474,0.7333,0.7344,13375
2021-08-13 12:00:00+00:00,0.7345,0.73785,0.7345,0.73765,21703
2021-08-13 16:00:00+00:00,0.73762,0.7381,0.7367,0.73754,10945
2021-08-13 20:00:00+00:00,0.73728,0.73736,0.73533,0.73596,1880
2021-08-15 16:00:00+00:00,0.73676,0.73676,0.73607,0.73666,7
2021-08-15 20:00:00+00:00,0.73666,0.73725,0.73552,0.73649,2077
2021-08-16 00:00:00+00:00,0.73662,0.73662,0.7336,0.73382,14971
2021-08-16 04:00:00+00:00,0.73379,0.73441,0.733,0.73344,14644
2021-08-16 08:00:00+00:00,0.73344,0.73432,0.73257,0.7327,16165
2021-08-16 12:00:00+00:00,0.73285,0.73404,0.7318,0.7336,24379
2021-08-16 16:00:00+00:00,0.73374,0.73407,0.733,0.73389,9353
2021-08-16 20:00:00+00:00,0.73388,0.73405,0.73293,0.73391,5141
2021-08-17 00:00:00+00:00,0.73373,0.73384,0.7302,0.73083,17501
2021-08-17 04:00:00+00:00,0.73085,0.73133,0.7279,0.72887,19752
2021-08-17 08:00:00+00:00,0.72917,0.72978,0.7281,0.72897,17360
2021-08-17 12:00:00+00:00,0.72896,0.72927,0.7253,0.72532,28854
2021-08-17 16:00:00+00:00,0.72526,0.72569,0.72432,0.72554,17734
2021-08-17 20:00:00+00:00,0.72524,0.72583,0.72456,0.72549,6909
2021-08-18 00:00:00+00:00,0.72547,0.72694,0.7238,0.72632,18350
2021-08-18 04:00:00+00:00,0.72642,0.72684,0.7254,0.72571,15151
2021-08-18 08:00:00+00:00,0.72572,0.72612,0.724,0.72526,16342
2021-08-18 12:00:00+00:00,0.72525,0.72549,0.7229,0.72343,23966
2021-08-18 16:00:00+00:00,0.72346,0.72576,0.7227,0.72382,23435
2021-08-18 20:00:00+00:00,0.72407,0.7242,0.7229,0.72307,7931
2021-08-19 00:00:00+00:00,0.72314,0.72321,0.7198,0.72045,20139
2021-08-19 04:00:00+00:00,0.72053,0.72053,0.7161,0.7171,24096
2021-08-19 08:00:00+00:00,0.7168,0.7171,0.7145,0.7168,25686
2021-08-19 12:00:00+00:00,0.71668,0.71798,0.7151,0.71691,32954
2021-08-19 16:00:00+00:00,0.71684,0.71684,0.71436,0.71471,21981
2021-08-19 20:00:00+00:00,0.71463,0.7151,0.7141,0.71462,7727
2021-08-20 00:00:00+00:00,0.71467,0.71558,0.71264,0.71443,21393
2021-08-20 04:00:00+00:00,0.71422,0.71461,0.71068,0.71136,25704
2021-08-20 08:00:00+00:00,0.7112,0.71297,0.7107,0.71277,20075
2021-08-20 12:00:00+00:00,0.71256,0.71488,0.71198,0.7129,26639
2021-08-20 16:00:00+00:00,0.71317,0.71432,0.7128,0.71426,12830
2021-08-20 20:00:00+00:00,0.714,0.7143,0.71039,0.71079,3064
2021-08-21 08:00:00+00:00,0.7133,0.7133,0.71139,0.71139,2
2021-08-22 04:00:00+00:00,0.7133,0.7133,0.7133,0.7133,1
2021-08-22 08:00:00+00:00,0.71139,0.7133,0.71139,0.7133,2
2021-08-22 16:00:00+00:00,0.71373,0.71373,0.7108,0.71092,39
2021-08-22 20:00:00+00:00,0.711,0.71399,0.71086,0.71379,3215
2021-08-23 00:00:00+00:00,0.7141,0.71652,0.714,0.71609,18531
2021-08-23 04:00:00+00:00,0.7158,0.71654,0.7149,0.71608,18162
2021-08-23 08:00:00+00:00,0.71606,0.71854,0.7157,0.71825,17939
2021-08-23 12:00:00+00:00,0.7179,0.72085,0.7179,0.72067,23016
2021-08-23 16:00:00+00:00,0.72074,0.72175,0.7206,0.72146,11725
2021-08-23 20:00:00+00:00,0.72157,0.72157,0.7204,0.72071,6874
2021-08-24 00:00:00+00:00,0.72085,0.72223,0.72,0.7217,14317
2021-08-24 04:00:00+00:00,0.72175,0.72375,0.7213,0.72315,17952
2021-08-24 08:00:00+00:00,0.72295,0.72464,0.7218,0.72446,15889
2021-08-24 12:00:00+00:00,0.72454,0.72702,0.72384,0.7251,25404
2021-08-24 16:00:00+00:00,0.7252,0.72569,0.7249,0.72554,11224
2021-08-24 20:00:00+00:00,0.72553,0.72587,0.72447,0.7245,6316
2021-08-25 00:00:00+00:00,0.7249,0.72592,0.7237,0.72415,16931
2021-08-25 04:00:00+00:00,0.72415,0.72529,0.7235,0.72495,15484
2021-08-25 08:00:00+00:00,0.72487,0.72642,0.7245,0.72521,17702
2021-08-25 12:00:00+00:00,0.72535,0.72669,0.7243,0.72648,24093
2021-08-25 16:00:00+00:00,0.72644,0.72799,0.7261,0.72767,12712
2021-08-25 20:00:00+00:00,0.72764,0.72776,0.72444,0.7276,6648
2021-08-26 00:00:00+00:00,0.72777,0.72794,0.7254,0.72606,15550
2021-08-26 04:00:00+00:00,0.72604,0.72667,0.7249,0.7262,17958
2021-08-26 08:00:00+00:00,0.7259,0.72647,0.7251,0.7262,15643
2021-08-26 12:00:00+00:00,0.7262,0.72667,0.72417,0.72485,30970
2021-08-26 16:00:00+00:00,0.72485,0.72502,0.7232,0.72386,16367
2021-08-26 20:00:00+00:00,0.72382,0.7244,0.72309,0.72382,5836
2021-08-27 00:00:00+00:00,0.72348,0.72429,0.7221,0.7236,15615
2021-08-27 04:00:00+00:00,0.72387,0.72564,0.7234,0.72533,15581
2021-08-27 08:00:00+00:00,0.7251,0.72591,0.7246,0.72518,14833
2021-08-27 12:00:00+00:00,0.7251,0.73077,0.7235,0.73077,35845
2021-08-27 16:00:00+00:00,0.73081,0.73163,0.7304,0.73143,12689
2021-08-27 20:00:00+00:00,0.7311,0.73147,0.73064,0.7309,1920
2021-08-29 16:00:00+00:00,0.73092,0.73092,0.73025,0.73028,19
2021-08-29 20:00:00+00:00,0.73045,0.73156,0.73,0.73149,2506
2021-08-30 00:00:00+00:00,0.7313,0.73182,0.72969,0.73023,17352
2021-08-30 04:00:00+00:00,0.73009,0.73067,0.7284,0.73036,15231
2021-08-30 08:00:00+00:00,0.72994,0.7306,0.7286,0.72975,14008
2021-08-30 12:00:00+00:00,0.72978,0.73039,0.7288,0.7292,20474
2021-08-30 16:00:00+00:00,0.72932,0.7298,0.7288,0.7295,8523
2021-08-30 20:00:00+00:00,0.7292,0.72962,0.7286,0.72901,4964
2021-08-31 00:00:00+00:00,0.7289,0.73091,0.7286,0.73073,18472
2021-08-31 04:00:00+00:00,0.73072,0.73409,0.7301,0.73305,20014
2021-08-31 08:00:00+00:00,0.73285,0.73352,0.732,0.7328,21182
2021-08-31 12:00:00+00:00,0.73267,0.73284,0.7303,0.73069,32189
2021-08-31 16:00:00+00:00,0.7304,0.732,0.7303,0.73137,14785
2021-08-31 20:00:00+00:00,0.73151,0.73196,0.7309,0.73178,6545
2021-09-01 00:00:00+00:00,0.7315,0.7323,0.7305,0.73158,17924
2021-09-01 04:00:00+00:00,0.7313,0.73485,0.7309,0.73459,17999
2021-09-01 08:00:00+00:00,0.73437,0.73468,0.733,0.734,15376
2021-09-01 12:00:00+00:00,0.73431,0.73719,0.7342,0.73678,26645
2021-09-01 16:00:00+00:00,0.7369,0.73828,0.7364,0.73662,12797
2021-09-01 20:00:00+00:00,0.73659,0.7369,0.73586,0.7364,5607
2021-09-02 00:00:00+00:00,0.73685,0.73734,0.7353,0.73652,15837
2021-09-02 04:00:00+00:00,0.7364,0.73876,0.7361,0.73868,16682
2021-09-02 08:00:00+00:00,0.73853,0.73921,0.7381,0.73878,15716
2021-09-02 12:00:00+00:00,0.73874,0.74084,0.7381,0.73998,23421
2021-09-02 16:00:00+00:00,0.7399,0.74038,0.7395,0.74028,14250
2021-09-02 20:00:00+00:00,0.74021,0.74039,0.73949,0.73974,5980
2021-09-03 00:00:00+00:00,0.73961,0.74082,0.7393,0.7399,17099
2021-09-03 04:00:00+00:00,0.74019,0.74294,0.74,0.74293,15724
2021-09-03 08:00:00+00:00,0.74285,0.74391,0.7428,0.74368,15615
2021-09-03 12:00:00+00:00,0.7435,0.74741,0.74242,0.74415,36101
2021-09-03 16:00:00+00:00,0.74413,0.74637,0.7438,0.74519,11073
2021-09-03 20:00:00+00:00,0.7449,0.74524,0.73882,0.73882,1978
2021-09-05 16:00:00+00:00,0.74461,0.74461,0.74242,0.74312,9
2021-09-05 20:00:00+00:00,0.74488,0.74542,0.74342,0.74425,2644
2021-09-06 00:00:00+00:00,0.7442,0.7442,0.7429,0.74343,16519
2021-09-06 04:00:00+00:00,0.7434,0.74426,0.7426,0.74317,15661
2021-09-06 08:00:00+00:00,0.74318,0.74398,0.7425,0.74392,13986
2021-09-06 12:00:00+00:00,0.74379,0.74397,0.7428,0.74351,11906
2021-09-06 16:00:00+00:00,0.74353,0.74385,0.74242,0.7435,29239
2021-09-06 20:00:00+00:00,0.7433,0.74394,0.74316,0.7436,8218
2021-09-07 00:00:00+00:00,0.74368,0.7456,0.7436,0.7437,16683
2021-09-07 04:00:00+00:00,0.74397,0.74646,0.7411,0.74256,23951
2021-09-07 08:00:00+00:00,0.74237,0.74237,0.7391,0.73934,23181
2021-09-07 12:00:00+00:00,0.73933,0.74042,0.73762,0.73924,25800
2021-09-07 16:00:00+00:00,0.7392,0.73969,0.7381,0.73852,13737
2021-09-07 20:00:00+00:00,0.73864,0.7389,0.73801,0.73863,5725
2021-09-08 00:00:00+00:00,0.73867,0.74028,0.7382,0.73882,14763
2021-09-08 04:00:00+00:00,0.73885,0.73905,0.7362,0.7362,20814
2021-09-08 08:00:00+00:00,0.73614,0.73825,0.73516,0.7377,23152
2021-09-08 12:00:00+00:00,0.73778,0.73849,0.7343,0.73683,33332
2021-09-08 16:00:00+00:00,0.7366,0.73814,0.7365,0.73681,18364
2021-09-08 20:00:00+00:00,0.7364,0.73695,0.7359,0.7359,6397
2021-09-09 00:00:00+00:00,0.73593,0.73647,0.7349,0.73558,15950
2021-09-09 04:00:00+00:00,0.73562,0.73786,0.7344,0.73747,21697
2021-09-09 08:00:00+00:00,0.73759,0.7383,0.7367,0.73827,22650
2021-09-09 12:00:00+00:00,0.73816,0.73939,0.73694,0.73797,31503
2021-09-09 16:00:00+00:00,0.738,0.73871,0.7365,0.73686,19386
2021-09-09 20:00:00+00:00,0.7366,0.73704,0.7363,0.7365,5665
2021-09-10 00:00:00+00:00,0.73692,0.73864,0.7359,0.7381,17069
2021-09-10 04:00:00+00:00,0.73829,0.73978,0.7373,0.7396,18588
2021-09-10 08:00:00+00:00,0.73994,0.7409,0.7392,0.73988,18591
2021-09-10 12:00:00+00:00,0.73995,0.74066,0.736,0.73657,28984
2021-09-10 16:00:00+00:00,0.73642,0.73734,0.7348,0.7348,14312
2021-09-10 20:00:00+00:00,0.73526,0.7354,0.73221,0.7354,2399
2021-09-12 16:00:00+00:00,0.73482,0.73518,0.73482,0.73517,7
2021-09-12 20:00:00+00:00,0.73515,0.73679,0.73394,0.73649,2455
2021-09-13 12:00:00+00:00,0.73699,0.73753,0.7353,0.73698,21998
2021-09-13 16:00:00+00:00,0.73694,0.73704,0.7353,0.73656,18271
2021-09-13 20:00:00+00:00,0.7363,0.73717,0.73406,0.73656,6281
2021-09-14 00:00:00+00:00,0.7363,0.73725,0.7348,0.7349,17882
2021-09-14 04:00:00+00:00,0.73511,0.73542,0.733,0.73497,20910
2021-09-14 08:00:00+00:00,0.73523,0.73523,0.73249,0.733,18188
2021-09-14 12:00:00+00:00,0.7328,0.73686,0.7324,0.73336,36644
2021-09-14 16:00:00+00:00,0.73337,0.73382,0.7311,0.73196,18953
2021-09-14 20:00:00+00:00,0.73195,0.73225,0.7314,0.7315,5953
2021-09-15 00:00:00+00:00,0.73183,0.73244,0.73,0.7319,17641
2021-09-15 04:00:00+00:00,0.7321,0.73296,0.73083,0.73211,19573
2021-09-15 08:00:00+00:00,0.73228,0.7336,0.73135,0.73167,18520
2021-09-15 12:00:00+00:00,0.7318,0.73373,0.7315,0.73235,32098
2021-09-15 16:00:00+00:00,0.73225,0.73336,0.7318,0.73336,14902
2021-09-15 20:00:00+00:00,0.73318,0.73421,0.73284,0.73409,5736
2021-09-16 00:00:00+00:00,0.73377,0.73436,0.7318,0.7324,16273
2021-09-16 04:00:00+00:00,0.73247,0.73266,0.7308,0.73138,20679
2021-09-16 08:00:00+00:00,0.73137,0.7322,0.73099,0.732,18239
2021-09-16 12:00:00+00:00,0.73193,0.73212,0.7272,0.7287,31943
2021-09-16 16:00:00+00:00,0.72868,0.72998,0.72839,0.72942,15052
2021-09-16 20:00:00+00:00,0.72958,0.7297,0.72778,0.7291,6399
2021-09-17 00:00:00+00:00,0.72916,0.72987,0.72801,0.72952,18203
2021-09-17 04:00:00+00:00,0.72956,0.73169,0.7286,0.73164,18631
2021-09-17 08:00:00+00:00,0.73142,0.73212,0.7297,0.7309,20798
2021-09-17 12:00:00+00:00,0.73095,0.73176,0.72669,0.72752,31564
2021-09-17 16:00:00+00:00,0.72746,0.72814,0.7264,0.72718,17671
2021-09-17 20:00:00+00:00,0.72701,0.72701,0.72424,0.72434,2740
2021-09-19 16:00:00+00:00,0.72613,0.72645,0.72613,0.72645,16
2021-09-19 20:00:00+00:00,0.72641,0.72656,0.7257,0.72623,2382
2021-09-20 00:00:00+00:00,0.72644,0.7268,0.7227,0.72322,18859
2021-09-20 04:00:00+00:00,0.7231,0.72421,0.7226,0.72371,25223
2021-09-20 08:00:00+00:00,0.72356,0.7242,0.72222,0.72233,23971
2021-09-20 12:00:00+00:00,0.72221,0.7262,0.7218,0.72465,38138
2021-09-20 16:00:00+00:00,0.72461,0.72629,0.7232,0.72625,24506
2021-09-20 20:00:00+00:00,0.72616,0.72634,0.7244,0.72595,8548
2021-09-21 00:00:00+00:00,0.7257,0.72689,0.725,0.72681,20315
2021-09-21 04:00:00+00:00,0.72698,0.72772,0.7264,0.727,22074
2021-09-21 08:00:00+00:00,0.72683,0.72823,0.7256,0.72639,20749
2021-09-21 12:00:00+00:00,0.726,0.72633,0.7222,0.72399,37250
2021-09-21 16:00:00+00:00,0.7241,0.72417,0.72276,0.72334,23652
2021-09-21 20:00:00+00:00,0.72331,0.72351,0.7223,0.7228,7686
2021-09-22 00:00:00+00:00,0.72273,0.72669,0.7221,0.72397,25309
2021-09-22 04:00:00+00:00,0.72396,0.72546,0.7236,0.7242,19870
2021-09-22 08:00:00+00:00,0.72433,0.72541,0.7238,0.72497,18663
2021-09-22 12:00:00+00:00,0.72501,0.72638,0.72366,0.7262,27341
2021-09-22 16:00:00+00:00,0.72617,0.72906,0.72345,0.72395,39694
2021-09-22 20:00:00+00:00,0.72384,0.72425,0.72291,0.723,8631
2021-09-23 00:00:00+00:00,0.72335,0.72394,0.7221,0.72367,16553
2021-09-23 04:00:00+00:00,0.7236,0.72621,0.7232,0.72621,20071
2021-09-23 08:00:00+00:00,0.72607,0.72888,0.72583,0.72783,28632
2021-09-23 12:00:00+00:00,0.72779,0.73119,0.727,0.7296,33140
2021-09-23 16:00:00+00:00,0.72952,0.73152,0.7291,0.73024,15222
2021-09-23 20:00:00+00:00,0.7302,0.73024,0.729,0.72965,6926
2021-09-24 00:00:00+00:00,0.72994,0.73157,0.7286,0.72996,19333
2021-09-24 04:00:00+00:00,0.72976,0.73005,0.7272,0.72783,20090
2021-09-24 08:00:00+00:00,0.72762,0.72833,0.72479,0.72479,22582
2021-09-24 12:00:00+00:00,0.72499,0.72595,0.7234,0.7253,29577
2021-09-24 16:00:00+00:00,0.72557,0.72646,0.7251,0.72554,15346
2021-09-24 20:00:00+00:00,0.72566,0.72625,0.72469,0.72496,2656
2021-09-26 16:00:00+00:00,0.72545,0.72545,0.72392,0.72526,41
2021-09-26 20:00:00+00:00,0.72499,0.72664,0.72454,0.72636,2495
2021-09-27 00:00:00+00:00,0.72636,0.72894,0.72636,0.72782,18117
2021-09-27 04:00:00+00:00,0.72773,0.72867,0.72626,0.72626,19303
2021-09-27 08:00:00+00:00,0.7263,0.72712,0.72503,0.72526,23000
2021-09-27 12:00:00+00:00,0.72559,0.72863,0.72504,0.72837,33291
2021-09-27 16:00:00+00:00,0.72812,0.72936,0.728,0.72896,14703
2021-09-27 20:00:00+00:00,0.72891,0.72901,0.7278,0.72802,5584
2021-09-28 00:00:00+00:00,0.72798,0.73042,0.7263,0.72964,16399
2021-09-28 04:00:00+00:00,0.72963,0.73095,0.7262,0.72747,24724
2021-09-28 08:00:00+00:00,0.72736,0.72736,0.724,0.72542,27212
2021-09-28 12:00:00+00:00,0.7252,0.72555,0.7227,0.72355,45661
2021-09-28 16:00:00+00:00,0.72353,0.72424,0.7224,0.72392,26141
2021-09-28 20:00:00+00:00,0.7239,0.72437,0.72284,0.72436,7052
2021-09-29 00:00:00+00:00,0.72447,0.72502,0.7229,0.72496,24389
2021-09-29 04:00:00+00:00,0.72485,0.72622,0.7236,0.7248,28151
2021-09-29 08:00:00+00:00,0.72491,0.72562,0.7224,0.72305,23061
2021-09-29 12:00:00+00:00,0.723,0.72361,0.718,0.71887,35535
2021-09-29 16:00:00+00:00,0.71915,0.71924,0.717,0.7174,21458
2021-09-29 20:00:00+00:00,0.71737,0.71804,0.717,0.7176,6530
2021-09-30 00:00:00+00:00,0.71781,0.72071,0.71781,0.72031,19237
2021-09-30 04:00:00+00:00,0.72032,0.72122,0.71897,0.72059,22699
2021-09-30 08:00:00+00:00,0.7206,0.7214,0.7184,0.71934,22707
2021-09-30 12:00:00+00:00,0.71958,0.7257,0.7192,0.72282,42374
2021-09-30 16:00:00+00:00,0.723,0.72362,0.72074,0.72261,31644
2021-09-30 20:00:00+00:00,0.72295,0.72307,0.72195,0.72287,7614
2021-10-01 00:00:00+00:00,0.72321,0.7239,0.7216,0.72179,24046
2021-10-01 04:00:00+00:00,0.72177,0.72189,0.7191,0.7205,29412
2021-10-01 08:00:00+00:00,0.72051,0.72598,0.72032,0.72597,28768
2021-10-01 12:00:00+00:00,0.72593,0.7273,0.72469,0.727,43751
2021-10-01 16:00:00+00:00,0.72687,0.72754,0.7262,0.72667,21920
2021-10-01 20:00:00+00:00,0.72662,0.72689,0.72004,0.72026,2964
2021-10-03 16:00:00+00:00,0.72535,0.72549,0.72502,0.72549,8
2021-10-03 20:00:00+00:00,0.72559,0.72819,0.72511,0.72744,4265
2021-10-04 00:00:00+00:00,0.7272,0.7282,0.7252,0.72615,22885
2021-10-04 04:00:00+00:00,0.72616,0.72748,0.7252,0.72649,27898
2021-10-04 08:00:00+00:00,0.72673,0.72888,0.72518,0.7285,26091
2021-10-04 12:00:00+00:00,0.72878,0.7303,0.7269,0.72824,36656
2021-10-04 16:00:00+00:00,0.72833,0.7291,0.728,0.72886,26299
2021-10-04 20:00:00+00:00,0.72886,0.7294,0.72729,0.72892,6784
2021-10-05 00:00:00+00:00,0.72887,0.72917,0.7261,0.72675,24141
2021-10-05 04:00:00+00:00,0.72673,0.72711,0.725,0.72686,24840
2021-10-05 08:00:00+00:00,0.72699,0.72818,0.7265,0.72792,20636
2021-10-05 12:00:00+00:00,0.72799,0.72981,0.72682,0.72949,33051
2021-10-05 16:00:00+00:00,0.72937,0.73007,0.7284,0.72878,16034
2021-10-05 20:00:00+00:00,0.72886,0.7293,0.72809,0.7285,7124
2021-10-06 00:00:00+00:00,0.72869,0.7288,0.726,0.72658,25243
2021-10-06 04:00:00+00:00,0.7266,0.72678,0.723,0.72328,28101
2021-10-06 08:00:00+00:00,0.72321,0.72455,0.7225,0.72427,27592
2021-10-06 12:00:00+00:00,0.72452,0.72665,0.7239,0.72565,39802
2021-10-06 16:00:00+00:00,0.72571,0.72761,0.7245,0.72746,23712
2021-10-06 20:00:00+00:00,0.7273,0.72829,0.7268,0.7279,7777
2021-10-07 00:00:00+00:00,0.72826,0.72898,0.7273,0.7284,19514
2021-10-07 04:00:00+00:00,0.72848,0.73017,0.7268,0.72941,23957
2021-10-07 08:00:00+00:00,0.72936,0.73114,0.7278,0.73045,22844
2021-10-07 12:00:00+00:00,0.73036,0.73232,0.72786,0.73209,30879
2021-10-07 16:00:00+00:00,0.7321,0.73213,0.7307,0.73126,16719
2021-10-07 20:00:00+00:00,0.73121,0.73172,0.73061,0.73166,6680
2021-10-08 00:00:00+00:00,0.73162,0.73234,0.7303,0.73058,21680
2021-10-08 04:00:00+00:00,0.7306,0.73097,0.7287,0.72936,25068
2021-10-08 08:00:00+00:00,0.7289,0.73053,0.7287,0.7302,18768
2021-10-08 12:00:00+00:00,0.73026,0.7337,0.72986,0.7307,44395
2021-10-08 16:00:00+00:00,0.73062,0.73147,0.7297,0.73105,17229
2021-10-08 20:00:00+00:00,0.73099,0.73104,0.73037,0.7307,2342
2021-10-09 04:00:00+00:00,0.7308,0.7308,0.7307,0.7308,3
2021-10-09 08:00:00+00:00,0.7307,0.7308,0.7307,0.7308,6
2021-10-10 16:00:00+00:00,0.73057,0.73057,0.73005,0.73015,27
2021-10-10 20:00:00+00:00,0.73028,0.73113,0.729,0.72942,3612
2021-10-11 00:00:00+00:00,0.7291,0.73302,0.7291,0.7316,22657
2021-10-11 04:00:00+00:00,0.73163,0.73442,0.7314,0.7342,24394
2021-10-11 08:00:00+00:00,0.73416,0.73487,0.7331,0.73429,21801
2021-10-11 12:00:00+00:00,0.73436,0.73724,0.7338,0.73667,26719
2021-10-11 16:00:00+00:00,0.73649,0.73655,0.7341,0.7341,18242
2021-10-11 20:00:00+00:00,0.73433,0.73523,0.734,0.73482,7484
2021-10-12 00:00:00+00:00,0.73483,0.73485,0.7329,0.7337,20603
2021-10-12 04:00:00+00:00,0.7338,0.73615,0.7337,0.73547,22421
2021-10-12 08:00:00+00:00,0.73555,0.73835,0.735,0.73834,21049
2021-10-12 12:00:00+00:00,0.73827,0.73838,0.7347,0.73638,34484
2021-10-12 16:00:00+00:00,0.7361,0.73657,0.7346,0.73534,18285
2021-10-12 20:00:00+00:00,0.73507,0.73527,0.7333,0.7333,8074
2021-10-13 00:00:00+00:00,0.73326,0.73446,0.7329,0.73352,16507
2021-10-13 04:00:00+00:00,0.7337,0.73457,0.7331,0.7342,14224
2021-10-13 12:00:00+00:00,0.733,0.73758,0.73259,0.73702,28613
2021-10-13 16:00:00+00:00,0.73701,0.7381,0.7368,0.73795,20926
2021-10-13 20:00:00+00:00,0.73811,0.73831,0.7373,0.73829,6179
2021-10-14 00:00:00+00:00,0.73867,0.73913,0.7372,0.7388,15176
2021-10-14 04:00:00+00:00,0.7388,0.74055,0.7381,0.7398,17256
2021-10-14 08:00:00+00:00,0.74022,0.74189,0.7402,0.74116,19359
2021-10-14 12:00:00+00:00,0.7409,0.7426,0.7405,0.74191,27176
2021-10-14 16:00:00+00:00,0.742,0.7421,0.7406,0.7415,12874
2021-10-14 20:00:00+00:00,0.74142,0.7421,0.74114,0.74135,6311
2021-10-15 00:00:00+00:00,0.74142,0.74246,0.7403,0.74161,17346
2021-10-15 04:00:00+00:00,0.74157,0.74391,0.7413,0.74232,19434
2021-10-15 08:00:00+00:00,0.74227,0.74291,0.7412,0.74181,19214
2021-10-15 12:00:00+00:00,0.74187,0.74271,0.7402,0.7412,33194
2021-10-15 16:00:00+00:00,0.74155,0.74217,0.7411,0.74207,14245
2021-10-15 20:00:00+00:00,0.7421,0.74226,0.73665,0.73665,2406
2021-10-17 16:00:00+00:00,0.74155,0.74169,0.74148,0.74159,12
2021-10-17 20:00:00+00:00,0.74171,0.74359,0.74085,0.7424,4993
2021-10-18 00:00:00+00:00,0.74238,0.7425,0.7399,0.74035,15364
2021-10-18 04:00:00+00:00,0.74043,0.74066,0.7391,0.74054,15262
2021-10-18 08:00:00+00:00,0.74052,0.74061,0.7378,0.73865,15949
2021-10-18 12:00:00+00:00,0.7383,0.74168,0.7376,0.74168,21155
2021-10-18 16:00:00+00:00,0.74153,0.74184,0.741,0.74147,8691
2021-10-18 20:00:00+00:00,0.74144,0.7415,0.7405,0.7412,5247
2021-10-19 00:00:00+00:00,0.7416,0.745,0.7415,0.74477,11569
2021-10-19 04:00:00+00:00,0.7445,0.74756,0.7445,0.74625,15508
2021-10-19 08:00:00+00:00,0.74646,0.74741,0.7462,0.74679,15654
2021-10-19 12:00:00+00:00,0.7467,0.74826,0.7454,0.74807,21096
2021-10-19 16:00:00+00:00,0.7481,0.74852,0.747,0.74757,9818
2021-10-19 20:00:00+00:00,0.7475,0.74755,0.74669,0.7473,5621
2021-10-20 00:00:00+00:00,0.7476,0.74912,0.7465,0.74896,12380
2021-10-20 04:00:00+00:00,0.749,0.75003,0.7479,0.7485,14528
2021-10-20 08:00:00+00:00,0.74878,0.7495,0.7478,0.74807,12704
2021-10-20 12:00:00+00:00,0.7481,0.75155,0.748,0.75115,18940
2021-10-20 16:00:00+00:00,0.7511,0.75222,0.7505,0.75201,11567
2021-10-20 20:00:00+00:00,0.75191,0.75213,0.75056,0.75151,7284
2021-10-21 00:00:00+00:00,0.75166,0.75452,0.75166,0.7532,17580
2021-10-21 04:00:00+00:00,0.7532,0.7532,0.7481,0.74915,24590
2021-10-21 08:00:00+00:00,0.74918,0.7497,0.7476,0.74935,16624
2021-10-21 12:00:00+00:00,0.74923,0.75041,0.74823,0.7491,31392
2021-10-21 16:00:00+00:00,0.74914,0.74914,0.7457,0.74646,15143
2021-10-21 20:00:00+00:00,0.7463,0.74709,0.7458,0.74633,7798
2021-10-22 00:00:00+00:00,0.74646,0.74892,0.7454,0.7474,20293
2021-10-22 04:00:00+00:00,0.74761,0.75012,0.747,0.7496,24189
2021-10-22 08:00:00+00:00,0.7495,0.75117,0.7495,0.75031,19836
2021-10-22 12:00:00+00:00,0.75025,0.75029,0.74554,0.746,32130
2021-10-22 16:00:00+00:00,0.74608,0.74711,0.7455,0.74695,20910
2021-10-22 20:00:00+00:00,0.7469,0.7469,0.74424,0.74474,2558
2021-10-23 20:00:00+00:00,0.7463,0.7463,0.74534,0.74534,4
2021-10-24 16:00:00+00:00,0.74599,0.74643,0.74578,0.74614,20
2021-10-24 20:00:00+00:00,0.74609,0.74703,0.74605,0.74683,2813
2021-10-25 00:00:00+00:00,0.7466,0.74881,0.7464,0.74869,20903
2021-10-25 04:00:00+00:00,0.74866,0.74998,0.7478,0.7498,19622
2021-10-25 08:00:00+00:00,0.7501,0.75045,0.7476,0.7486,19527
2021-10-25 12:00:00+00:00,0.74848,0.74975,0.7476,0.74939,28931
2021-10-25 16:00:00+00:00,0.7492,0.74971,0.7487,0.74935,12109
2021-10-25 20:00:00+00:00,0.7491,0.74947,0.7483,0.7489,5435
2021-10-26 00:00:00+00:00,0.74943,0.75143,0.7492,0.75137,17918
2021-10-26 04:00:00+00:00,0.75139,0.7517,0.74888,0.74943,19482
2021-10-26 08:00:00+00:00,0.74922,0.75179,0.7492,0.75133,18852
2021-10-26 12:00:00+00:00,0.75136,0.75244,0.7493,0.74971,26923
2021-10-26 16:00:00+00:00,0.74942,0.75088,0.74916,0.75041,15894
2021-10-26 20:00:00+00:00,0.75042,0.75129,0.74944,0.75123,7386
2021-10-27 00:00:00+00:00,0.75141,0.75354,0.75047,0.75182,19169
2021-10-27 04:00:00+00:00,0.75195,0.75309,0.75103,0.75132,19729
2021-10-27 08:00:00+00:00,0.75143,0.75152,0.7488,0.7507,24526
2021-10-27 12:00:00+00:00,0.75073,0.75275,0.7502,0.75145,34352
2021-10-27 16:00:00+00:00,0.75155,0.75341,0.7512,0.7519,17979
2021-10-27 20:00:00+00:00,0.75178,0.7522,0.7496,0.74997,7833
2021-10-28 00:00:00+00:00,0.75021,0.75106,0.74803,0.7506,20629
2021-10-28 04:00:00+00:00,0.7505,0.75231,0.7501,0.75183,22225
2021-10-28 08:00:00+00:00,0.75175,0.7528,0.7504,0.7521,23795
2021-10-28 12:00:00+00:00,0.7521,0.75537,0.7507,0.75462,38432
2021-10-28 16:00:00+00:00,0.75449,0.75553,0.7534,0.7543,18233
2021-10-28 20:00:00+00:00,0.75432,0.7546,0.7526,0.7529,9031
2021-10-29 00:00:00+00:00,0.75343,0.75478,0.7523,0.75471,19896
2021-10-29 04:00:00+00:00,0.75463,0.7554,0.7535,0.75462,21490
2021-10-29 08:00:00+00:00,0.7543,0.75464,0.7528,0.7534,23125
2021-10-29 12:00:00+00:00,0.75367,0.7538,0.74999,0.75087,39703
2021-10-29 16:00:00+00:00,0.7509,0.75258,0.7502,0.75219,21125
2021-10-29 20:00:00+00:00,0.75223,0.75261,0.7501,0.75065,2994
2021-10-31 20:00:00+00:00,0.75088,0.75199,0.74881,0.75174,2432
2021-11-01 00:00:00+00:00,0.75202,0.75241,0.7503,0.75058,13999
2021-11-01 04:00:00+00:00,0.75061,0.75134,0.74867,0.74908,17711
2021-11-01 08:00:00+00:00,0.74927,0.75174,0.749,0.75149,20777
2021-11-01 12:00:00+00:00,0.75154,0.75341,0.751,0.7531,27909
2021-11-01 16:00:00+00:00,0.75331,0.75352,0.7513,0.75197,16241
2021-11-01 20:00:00+00:00,0.75197,0.7524,0.74982,0.7518,7028
2021-11-02 00:00:00+00:00,0.75214,0.75307,0.74915,0.75046,17708
2021-11-02 04:00:00+00:00,0.7505,0.7505,0.7465,0.7473,22869
2021-11-02 08:00:00+00:00,0.74729,0.74741,0.7454,0.7462,23471
2021-11-02 12:00:00+00:00,0.74668,0.74677,0.74285,0.74287,27865
2021-11-02 16:00:00+00:00,0.74269,0.74327,0.7418,0.7429,16430
2021-11-02 20:00:00+00:00,0.7432,0.74358,0.74216,0.7434,6995
2021-11-03 00:00:00+00:00,0.7433,0.74399,0.7425,0.7434,13676
2021-11-03 04:00:00+00:00,0.7437,0.7448,0.74299,0.74464,14406
2021-11-03 08:00:00+00:00,0.74459,0.74498,0.7436,0.74409,18611
2021-11-03 12:00:00+00:00,0.74403,0.74423,0.7413,0.74298,28779
2021-11-03 16:00:00+00:00,0.74313,0.74577,0.74099,0.74532,35784
2021-11-03 20:00:00+00:00,0.7446,0.74691,0.74344,0.74688,8935
2021-11-04 00:00:00+00:00,0.74698,0.74698,0.745,0.74529,14639
2021-11-04 04:00:00+00:00,0.7452,0.74565,0.7427,0.74385,15551
2021-11-04 08:00:00+00:00,0.74408,0.74428,0.74106,0.7416,22614
2021-11-04 12:00:00+00:00,0.74156,0.74182,0.738,0.74019,34369
2021-11-04 16:00:00+00:00,0.74021,0.74043,0.7392,0.74043,19945
2021-11-04 20:00:00+00:00,0.7401,0.74083,0.7394,0.7407,6864
2021-11-05 00:00:00+00:00,0.7408,0.7408,0.7379,0.7396,18142
2021-11-05 04:00:00+00:00,0.73959,0.73998,0.7382,0.73895,14973
2021-11-05 08:00:00+00:00,0.73872,0.73885,0.7364,0.73708,21209
2021-11-05 12:00:00+00:00,0.73698,0.74099,0.73634,0.74065,33259
2021-11-05 16:00:00+00:00,0.74076,0.74113,0.7391,0.74017,19564
2021-11-05 20:00:00+00:00,0.74,0.74022,0.72976,0.738,2838
2021-11-07 20:00:00+00:00,0.73919,0.7405,0.73907,0.73948,1781
2021-11-08 00:00:00+00:00,0.7394,0.74001,0.7384,0.73976,12428
2021-11-08 04:00:00+00:00,0.73982,0.74087,0.7393,0.7403,13940
2021-11-08 08:00:00+00:00,0.74027,0.74117,0.7386,0.74065,17912
2021-11-08 12:00:00+00:00,0.74066,0.74266,0.73996,0.74202,23976
2021-11-08 16:00:00+00:00,0.74203,0.74307,0.74175,0.74246,15983
2021-11-08 20:00:00+00:00,0.74245,0.74259,0.7412,0.74146,8762
2021-11-09 00:00:00+00:00,0.74149,0.74165,0.739,0.74007,15755
2021-11-09 04:00:00+00:00,0.74016,0.7427,0.74,0.7417,16540
2021-11-09 08:00:00+00:00,0.7416,0.742,0.7415,0.742,1042
2021-11-09 12:00:00+00:00,0.73965,0.74105,0.7368,0.73739,22459
2021-11-09 16:00:00+00:00,0.73736,0.73791,0.73609,0.73784,22795
2021-11-09 20:00:00+00:00,0.73803,0.73816,0.7369,0.7374,10522
2021-11-10 00:00:00+00:00,0.7375,0.73782,0.736,0.73662,14443
2021-11-10 04:00:00+00:00,0.7365,0.73688,0.7351,0.73622,15763
2021-11-10 08:00:00+00:00,0.73617,0.73781,0.7354,0.73561,20301
2021-11-10 12:00:00+00:00,0.73557,0.73926,0.73435,0.73584,35774
2021-11-10 16:00:00+00:00,0.73585,0.73707,0.73309,0.73309,31536
2021-11-10 20:00:00+00:00,0.73334,0.73336,0.7322,0.73336,12890
2021-11-11 00:00:00+00:00,0.73334,0.73404,0.72955,0.73056,18004
2021-11-11 04:00:00+00:00,0.73052,0.73197,0.72977,0.73032,14505
2021-11-11 08:00:00+00:00,0.7302,0.73047,0.7287,0.73,23441
2021-11-11 12:00:00+00:00,0.72971,0.73108,0.7295,0.73069,25142
2021-11-11 16:00:00+00:00,0.7305,0.7306,0.7288,0.72917,17093
2021-11-11 20:00:00+00:00,0.7292,0.7296,0.72758,0.7288,8949
2021-11-12 00:00:00+00:00,0.72905,0.72958,0.7275,0.72828,14771
2021-11-12 04:00:00+00:00,0.72824,0.7306,0.7281,0.7306,13942
2021-11-12 08:00:00+00:00,0.73061,0.73066,0.7288,0.72962,20227
2021-11-12 12:00:00+00:00,0.72963,0.73205,0.7292,0.73205,25698
2021-11-12 16:00:00+00:00,0.73211,0.73336,0.7317,0.73297,16548
2021-11-12 20:00:00+00:00,0.7331,0.73347,0.7326,0.73314,5105
2021-11-14 20:00:00+00:00,0.73221,0.73357,0.73203,0.73317,1516
2021-11-15 00:00:00+00:00,0.73318,0.73437,0.73229,0.73394,12823
2021-11-15 04:00:00+00:00,0.73394,0.73539,0.7337,0.73537,13829
2021-11-15 08:00:00+00:00,0.73515,0.73689,0.7346,0.73664,19930
2021-11-15 12:00:00+00:00,0.7366,0.73685,0.7352,0.73595,23294
2021-11-15 16:00:00+00:00,0.736,0.73652,0.7349,0.73501,18475
2021-11-15 20:00:00+00:00,0.73499,0.73502,0.73381,0.73449,9545
2021-11-16 00:00:00+00:00,0.73465,0.7367,0.7344,0.7358,15140
2021-11-16 04:00:00+00:00,0.7356,0.73598,0.7333,0.73414,16144
2021-11-16 08:00:00+00:00,0.73401,0.7346,0.7331,0.73431,20723
2021-11-16 12:00:00+00:00,0.734,0.73457,0.7308,0.73166,30379
2021-11-16 16:00:00+00:00,0.7316,0.73181,0.73,0.73005,18949
2021-11-16 20:00:00+00:00,0.73002,0.7304,0.72924,0.73011,11091
2021-11-17 00:00:00+00:00,0.73003,0.73016,0.72638,0.72744,17477
2021-11-17 04:00:00+00:00,0.72765,0.7304,0.72737,0.72939,18115
2021-11-17 08:00:00+00:00,0.729,0.72936,0.72717,0.72923,20935
2021-11-17 12:00:00+00:00,0.72915,0.72978,0.72664,0.72757,24502
2021-11-17 16:00:00+00:00,0.72758,0.72759,0.7258,0.72599,19173
2021-11-17 20:00:00+00:00,0.7256,0.72687,0.7256,0.72679,9091
2021-11-18 00:00:00+00:00,0.72686,0.72708,0.7251,0.72674,16392
2021-11-18 04:00:00+00:00,0.7266,0.7292,0.7266,0.72896,14890
2021-11-18 08:00:00+00:00,0.72881,0.72902,0.7273,0.72865,19153
2021-11-18 12:00:00+00:00,0.72864,0.7291,0.72503,0.72588,27306
2021-11-18 16:00:00+00:00,0.72568,0.72825,0.7255,0.72754,18224
2021-11-18 20:00:00+00:00,0.7274,0.728,0.72695,0.7275,9230
2021-11-19 00:00:00+00:00,0.7273,0.72803,0.7266,0.7271,12869
2021-11-19 04:00:00+00:00,0.72724,0.72907,0.727,0.72822,12489
2021-11-19 08:00:00+00:00,0.7284,0.72851,0.723,0.72378,31332
2021-11-19 12:00:00+00:00,0.72402,0.72645,0.7227,0.72537,33055
2021-11-19 16:00:00+00:00,0.725,0.72583,0.723,0.72348,21775
2021-11-19 20:00:00+00:00,0.72343,0.7237,0.71984,0.71984,6324
2021-11-22 04:00:00+00:00,0.7247,0.7256,0.7244,0.72488,12050
2021-11-22 08:00:00+00:00,0.72499,0.72624,0.7243,0.72567,24683
2021-11-22 12:00:00+00:00,0.72558,0.72712,0.72392,0.72468,30744
2021-11-22 16:00:00+00:00,0.72474,0.725,0.7223,0.72255,20185
2021-11-22 20:00:00+00:00,0.72252,0.72287,0.7219,0.7227,9764
2021-11-23 00:00:00+00:00,0.72276,0.72362,0.7217,0.72266,14575
2021-11-23 04:00:00+00:00,0.72267,0.72284,0.7212,0.72265,19011
2021-11-23 08:00:00+00:00,0.72237,0.72316,0.72114,0.72176,29869
2021-11-23 12:00:00+00:00,0.72178,0.72287,0.72088,0.72185,32204
2021-11-23 16:00:00+00:00,0.72164,0.72252,0.7205,0.72223,24144
2021-11-23 20:00:00+00:00,0.72233,0.72296,0.7219,0.72215,9458
2021-11-24 00:00:00+00:00,0.7219,0.72258,0.7204,0.7206,17450
2021-11-24 04:00:00+00:00,0.72056,0.72225,0.7198,0.72171,16716
2021-11-24 08:00:00+00:00,0.72167,0.72267,0.7207,0.7213,25110
2021-11-24 12:00:00+00:00,0.721,0.72158,0.71866,0.71911,36063
2021-11-24 16:00:00+00:00,0.71911,0.72011,0.7184,0.71917,21049
2021-11-24 20:00:00+00:00,0.71927,0.72017,0.719,0.72014,8701
2021-11-25 00:00:00+00:00,0.72024,0.72089,0.7198,0.72032,12497
2021-11-25 04:00:00+00:00,0.7201,0.72082,0.7194,0.7203,10751
2021-11-25 08:00:00+00:00,0.72026,0.72033,0.718,0.7189,17066
2021-11-25 12:00:00+00:00,0.7189,0.71927,0.7177,0.71883,16996
2021-11-25 16:00:00+00:00,0.71882,0.71914,0.71766,0.71794,20600
2021-11-25 20:00:00+00:00,0.71872,0.7195,0.7171,0.7173,14619
2021-11-26 00:00:00+00:00,0.71746,0.7176,0.7134,0.71417,23886
2021-11-26 04:00:00+00:00,0.7142,0.7144,0.71197,0.71229,25845
2021-11-26 08:00:00+00:00,0.71222,0.71464,0.71133,0.71393,41237
2021-11-26 12:00:00+00:00,0.71389,0.71546,0.71249,0.7126,37440
2021-11-26 16:00:00+00:00,0.71251,0.7135,0.71108,0.71184,25146
2021-11-26 20:00:00+00:00,0.71168,0.7137,0.71072,0.712,4567
2021-11-28 20:00:00+00:00,0.71359,0.7145,0.71147,0.71421,3477
2021-11-29 00:00:00+00:00,0.71409,0.71461,0.713,0.71457,21082
2021-11-29 04:00:00+00:00,0.71454,0.71484,0.7129,0.71464,21917
2021-11-29 08:00:00+00:00,0.71476,0.71586,0.7135,0.71495,28365
2021-11-29 12:00:00+00:00,0.71498,0.71498,0.71158,0.71158,32278
2021-11-29 16:00:00+00:00,0.71157,0.71335,0.71144,0.71285,20063
2021-11-29 20:00:00+00:00,0.71299,0.71503,0.71073,0.71454,10675
2021-11-30 00:00:00+00:00,0.7145,0.71543,0.7139,0.7146,14115
2021-11-30 04:00:00+00:00,0.71423,0.71455,0.7092,0.71191,31952
2021-11-30 08:00:00+00:00,0.71205,0.71351,0.71093,0.71311,31908
2021-11-30 12:00:00+00:00,0.71322,0.71696,0.70913,0.70926,38287
2021-11-30 16:00:00+00:00,0.70836,0.71222,0.70663,0.71213,40396
2021-11-30 20:00:00+00:00,0.71219,0.71315,0.71195,0.71248,16130
2021-12-01 00:00:00+00:00,0.71266,0.71605,0.71214,0.7158,20975
2021-12-01 04:00:00+00:00,0.71575,0.71724,0.7145,0.71513,21748
2021-12-01 08:00:00+00:00,0.71532,0.71616,0.714,0.71527,29735
2021-12-01 12:00:00+00:00,0.71523,0.71725,0.71368,0.71443,34190
2021-12-01 16:00:00+00:00,0.7148,0.71486,0.71098,0.71098,34408
2021-12-01 20:00:00+00:00,0.71105,0.71105,0.7095,0.71075,16541
2021-12-02 00:00:00+00:00,0.71075,0.71189,0.70954,0.71137,21664
2021-12-02 04:00:00+00:00,0.71144,0.71152,0.7093,0.71041,21097
2021-12-02 08:00:00+00:00,0.71052,0.71129,0.70967,0.71055,30942
2021-12-02 12:00:00+00:00,0.7105,0.71138,0.70849,0.70959,39992
2021-12-02 16:00:00+00:00,0.70945,0.71039,0.7084,0.70884,34077
2021-12-02 20:00:00+00:00,0.70896,0.70968,0.70835,0.70872,13016
2021-12-03 00:00:00+00:00,0.7086,0.70867,0.706,0.70698,17810
2021-12-03 04:00:00+00:00,0.70683,0.70827,0.7059,0.70653,18303
2021-12-03 08:00:00+00:00,0.70645,0.70672,0.7048,0.70599,25034
2021-12-03 12:00:00+00:00,0.706,0.70812,0.7012,0.70155,39857
2021-12-03 16:00:00+00:00,0.70141,0.70254,0.6997,0.6997,31691
2021-12-03 20:00:00+00:00,0.69969,0.70047,0.6962,0.69685,10368
2021-12-04 08:00:00+00:00,0.7,0.7,0.69845,0.69845,2
2021-12-06 12:00:00+00:00,0.7044,0.70528,0.70328,0.7047,18458
2021-12-06 16:00:00+00:00,0.70437,0.70516,0.7039,0.70414,22765
2021-12-06 20:00:00+00:00,0.7041,0.7054,0.7037,0.70487,10174
2021-12-07 00:00:00+00:00,0.7047,0.70699,0.7038,0.70649,16892
2021-12-07 04:00:00+00:00,0.70662,0.70927,0.7064,0.70921,17325
2021-12-07 08:00:00+00:00,0.70901,0.71052,0.70822,0.71011,22672
2021-12-07 12:00:00+00:00,0.71,0.71158,0.7088,0.71156,24912
2021-12-07 16:00:00+00:00,0.71158,0.71216,0.71031,0.71155,17417
2021-12-07 20:00:00+00:00,0.7112,0.71233,0.7107,0.7121,10036
2021-12-08 00:00:00+00:00,0.71222,0.71416,0.7115,0.71364,16606
2021-12-08 04:00:00+00:00,0.71396,0.71396,0.71177,0.7125,16092
2021-12-08 08:00:00+00:00,0.71329,0.71384,0.7117,0.71357,30944
2021-12-08 12:00:00+00:00,0.7133,0.71619,0.7127,0.71598,30809
2021-12-08 16:00:00+00:00,0.71622,0.71811,0.7155,0.7177,17282
2021-12-08 20:00:00+00:00,0.7177,0.71792,0.716,0.71684,9817
2021-12-09 00:00:00+00:00,0.71685,0.71706,0.7156,0.71659,12486
2021-12-09 04:00:00+00:00,0.71651,0.71864,0.71651,0.71677,14815
2021-12-09 08:00:00+00:00,0.71646,0.71717,0.71366,0.71406,21326
2021-12-09 12:00:00+00:00,0.714,0.7156,0.7134,0.71427,22974
2021-12-09 16:00:00+00:00,0.71426,0.71538,0.714,0.71439,19459
2021-12-09 20:00:00+00:00,0.71462,0.71502,0.71385,0.71463,9349
2021-12-10 00:00:00+00:00,0.71471,0.71617,0.7131,0.71569,14240
2021-12-10 04:00:00+00:00,0.71566,0.71566,0.71404,0.71501,15429
2021-12-10 08:00:00+00:00,0.71514,0.71572,0.7142,0.71546,17505
2021-12-10 12:00:00+00:00,0.71563,0.71812,0.7145,0.7166,26612
2021-12-10 16:00:00+00:00,0.71681,0.71809,0.7156,0.71683,14057
2021-12-10 20:00:00+00:00,0.71688,0.71727,0.71609,0.71715,4518
2021-12-11 04:00:00+00:00,0.717,0.717,0.717,0.717,1
2021-12-11 08:00:00+00:00,0.7171,0.7171,0.7171,0.7171,1
2021-12-13 08:00:00+00:00,0.7131,0.71395,0.7131,0.71379,3911
2021-12-13 12:00:00+00:00,0.7137,0.71442,0.7111,0.71139,25895
2021-12-13 16:00:00+00:00,0.71143,0.71382,0.7109,0.71382,15604
2021-12-13 20:00:00+00:00,0.7137,0.71385,0.71246,0.713,8700
2021-12-14 00:00:00+00:00,0.71322,0.71322,0.70902,0.70982,11769
2021-12-14 04:00:00+00:00,0.7095,0.71257,0.7095,0.7117,12443
2021-12-14 08:00:00+00:00,0.7119,0.71349,0.71158,0.7132,20731
2021-12-14 12:00:00+00:00,0.71343,0.7135,0.7105,0.71164,28788
2021-12-14 16:00:00+00:00,0.71173,0.71215,0.71,0.71052,17127
2021-12-14 20:00:00+00:00,0.71056,0.71077,0.70957,0.71039,9646
2021-12-15 00:00:00+00:00,0.71049,0.71122,0.7101,0.71082,12734
2021-12-15 04:00:00+00:00,0.7108,0.7126,0.7106,0.71198,12814
2021-12-15 08:00:00+00:00,0.71225,0.71345,0.712,0.71296,18513
2021-12-15 12:00:00+00:00,0.7128,0.71497,0.71101,0.71224,28075
2021-12-15 16:00:00+00:00,0.71229,0.71456,0.70963,0.71427,33314
2021-12-15 20:00:00+00:00,0.71431,0.71764,0.7141,0.71662,19368
2021-12-16 00:00:00+00:00,0.7166,0.71797,0.7143,0.71563,19078
2021-12-16 04:00:00+00:00,0.71573,0.71761,0.7149,0.71735,17595
2021-12-16 08:00:00+00:00,0.71713,0.72089,0.71713,0.7205,23421
2021-12-16 12:00:00+00:00,0.72083,0.72228,0.71851,0.71901,36142
2021-12-16 16:00:00+00:00,0.71889,0.71945,0.71683,0.71712,20474
2021-12-16 20:00:00+00:00,0.71716,0.71846,0.7165,0.7175,13896
2021-12-17 00:00:00+00:00,0.71764,0.71811,0.71601,0.71609,17108
2021-12-17 04:00:00+00:00,0.71596,0.71753,0.7151,0.71587,19280
2021-12-17 08:00:00+00:00,0.71592,0.71741,0.7146,0.7156,24420
2021-12-17 12:00:00+00:00,0.71585,0.71652,0.71369,0.71514,28857
2021-12-17 16:00:00+00:00,0.71496,0.71578,0.71324,0.71335,23362
2021-12-17 20:00:00+00:00,0.71336,0.71375,0.7118,0.7124,8439
2021-12-18 08:00:00+00:00,0.7123,0.7124,0.7123,0.7124,2
2021-12-19 20:00:00+00:00,0.71274,0.71358,0.7106,0.71159,3451
2021-12-20 00:00:00+00:00,0.7118,0.71252,0.7111,0.71145,21138
2021-12-20 04:00:00+00:00,0.71148,0.71174,0.7081,0.70923,23382
2021-12-20 08:00:00+00:00,0.70933,0.71135,0.70836,0.71106,27961
2021-12-20 12:00:00+00:00,0.71121,0.71268,0.71,0.71085,28891
2021-12-20 16:00:00+00:00,0.71073,0.71222,0.7107,0.71101,19889
2021-12-20 20:00:00+00:00,0.71109,0.7113,0.7101,0.71093,1921
2021-12-21 00:00:00+00:00,0.71106,0.71197,0.7099,0.71121,2314
2021-12-21 04:00:00+00:00,0.71115,0.7124,0.7108,0.71117,2119
2021-12-21 08:00:00+00:00,0.71111,0.71368,0.71096,0.7133,7055
2021-12-21 12:00:00+00:00,0.7132,0.71396,0.7125,0.71323,24253
2021-12-21 16:00:00+00:00,0.71317,0.71549,0.7129,0.71536,18382
2021-12-21 20:00:00+00:00,0.71537,0.7157,0.7142,0.71475,10040
2021-12-22 00:00:00+00:00,0.71477,0.71537,0.7127,0.7131,15128
2021-12-22 04:00:00+00:00,0.71307,0.71401,0.7118,0.71397,14512
2021-12-22 08:00:00+00:00,0.71408,0.71651,0.71368,0.71626,22124
2021-12-22 12:00:00+00:00,0.71631,0.72083,0.71631,0.72023,26017
2021-12-22 16:00:00+00:00,0.72018,0.72196,0.72015,0.72146,17398
2021-12-22 20:00:00+00:00,0.7213,0.72197,0.7201,0.721,11008
2021-12-23 00:00:00+00:00,0.72126,0.72182,0.7195,0.7205,13856
2021-12-23 04:00:00+00:00,0.72049,0.72288,0.7203,0.72251,11613
2021-12-23 08:00:00+00:00,0.72256,0.72444,0.72256,0.72392,19103
2021-12-23 12:00:00+00:00,0.72413,0.72438,0.7218,0.72428,25150
2021-12-23 16:00:00+00:00,0.7237,0.72512,0.72312,0.72483,14561
2021-12-23 20:00:00+00:00,0.72467,0.72493,0.7229,0.723,13606
2021-12-24 00:00:00+00:00,0.72309,0.72391,0.7225,0.7225,17458
2021-12-24 04:00:00+00:00,0.72296,0.72366,0.7226,0.72347,8471
2021-12-24 08:00:00+00:00,0.7233,0.72442,0.7232,0.72354,16619
2021-12-24 12:00:00+00:00,0.7233,0.72358,0.72207,0.72225,28632
2021-12-24 16:00:00+00:00,0.72244,0.7232,0.72123,0.72238,12520
2021-12-24 20:00:00+00:00,0.72238,0.7236,0.72021,0.7221,1459
2021-12-26 20:00:00+00:00,0.72218,0.7237,0.72066,0.72282,1088
2021-12-27 00:00:00+00:00,0.72285,0.72414,0.72258,0.72386,11201
2021-12-27 04:00:00+00:00,0.7237,0.72389,0.7218,0.7226,12857
2021-12-27 08:00:00+00:00,0.7229,0.72301,0.7203,0.72156,13926
2021-12-27 12:00:00+00:00,0.72148,0.72432,0.7208,0.72372,17906
2021-12-27 16:00:00+00:00,0.72378,0.72413,0.723,0.72401,11172
2021-12-27 20:00:00+00:00,0.7237,0.72446,0.72279,0.7233,7994
2021-12-28 00:00:00+00:00,0.72348,0.72402,0.7226,0.72349,10328
2021-12-28 04:00:00+00:00,0.72365,0.72464,0.7234,0.7236,8879
2021-12-28 08:00:00+00:00,0.72369,0.72518,0.7234,0.72518,12570
2021-12-28 12:00:00+00:00,0.72512,0.72633,0.7219,0.72288,19279
2021-12-28 16:00:00+00:00,0.72288,0.72347,0.7218,0.7226,14375
2021-12-28 20:00:00+00:00,0.72301,0.7234,0.71914,0.7229,9190
2021-12-29 00:00:00+00:00,0.72331,0.7236,0.7213,0.7229,11829
2021-12-29 04:00:00+00:00,0.723,0.72333,0.7216,0.72319,10907
2021-12-29 08:00:00+00:00,0.72309,0.72359,0.7214,0.72256,16160
2021-12-29 12:00:00+00:00,0.72259,0.72718,0.7219,0.72589,23837
2021-12-29 16:00:00+00:00,0.726,0.72637,0.7238,0.72519,14029
2021-12-29 20:00:00+00:00,0.7248,0.72581,0.72401,0.72581,7658
2021-12-30 00:00:00+00:00,0.7258,0.7267,0.7248,0.72572,11604
2021-12-30 04:00:00+00:00,0.7257,0.72595,0.7242,0.72552,11238
2021-12-30 08:00:00+00:00,0.72553,0.72664,0.72489,0.7261,17039
2021-12-30 12:00:00+00:00,0.7265,0.72755,0.72485,0.7254,19921
2021-12-30 16:00:00+00:00,0.72536,0.72605,0.7243,0.72556,11741
2021-12-30 20:00:00+00:00,0.7254,0.72587,0.72345,0.72491,9395
2021-12-31 00:00:00+00:00,0.72492,0.7256,0.7246,0.72524,9456
2021-12-31 04:00:00+00:00,0.72526,0.72601,0.7249,0.72592,9853
2021-12-31 08:00:00+00:00,0.72586,0.72728,0.72497,0.72504,14865
2021-12-31 12:00:00+00:00,0.7249,0.72718,0.7244,0.72694,24121
2021-12-31 16:00:00+00:00,0.72698,0.72771,0.72588,0.72706,14410
2021-12-31 20:00:00+00:00,0.7269,0.72731,0.726,0.726,4261
2022-01-02 20:00:00+00:00,0.72552,0.72741,0.72413,0.72673,1641
2022-01-03 00:00:00+00:00,0.72676,0.72767,0.7237,0.7245,14212
2022-01-03 04:00:00+00:00,0.7245,0.72571,0.7243,0.72564,11549
2022-01-03 08:00:00+00:00,0.7257,0.72631,0.7243,0.72481,16181
2022-01-03 12:00:00+00:00,0.72471,0.72471,0.7185,0.71864,25278
2022-01-03 16:00:00+00:00,0.71875,0.72004,0.7184,0.71904,16577
2022-01-03 20:00:00+00:00,0.71925,0.7197,0.7181,0.7194,10573
2022-01-04 00:00:00+00:00,0.71966,0.72061,0.7189,0.72028,13047
2022-01-04 04:00:00+00:00,0.7203,0.72159,0.72,0.7208,12285
2022-01-04 08:00:00+00:00,0.72088,0.72169,0.71948,0.71983,18887
2022-01-04 12:00:00+00:00,0.71977,0.72475,0.7183,0.7246,25729
2022-01-04 16:00:00+00:00,0.72467,0.72467,0.723,0.72419,17316
2022-01-04 20:00:00+00:00,0.72425,0.72434,0.72234,0.7237,9380
2022-01-05 00:00:00+00:00,0.72403,0.72441,0.7225,0.72348,13038
2022-01-05 04:00:00+00:00,0.72345,0.72373,0.7221,0.72343,12955
2022-01-05 08:00:00+00:00,0.72337,0.72583,0.7232,0.72572,19267
2022-01-05 12:00:00+00:00,0.72562,0.72713,0.7247,0.72694,25729
2022-01-05 16:00:00+00:00,0.72698,0.72698,0.72218,0.72228,25209
2022-01-05 20:00:00+00:00,0.72227,0.72242,0.7213,0.7219,14518
2022-01-06 00:00:00+00:00,0.7219,0.72204,0.7188,0.71914,16415
2022-01-06 04:00:00+00:00,0.71915,0.71915,0.7155,0.71561,18398
2022-01-06 08:00:00+00:00,0.71552,0.71749,0.7145,0.71683,27433
2022-01-06 12:00:00+00:00,0.71712,0.718,0.71498,0.7158,32451
2022-01-06 16:00:00+00:00,0.71578,0.7173,0.71559,0.7164,21778
2022-01-06 20:00:00+00:00,0.71655,0.71671,0.71574,0.71624,11632
2022-01-07 00:00:00+00:00,0.71633,0.71772,0.7161,0.71664,15002
2022-01-07 04:00:00+00:00,0.71643,0.71657,0.7148,0.71539,13012
2022-01-07 08:00:00+00:00,0.71527,0.71602,0.71432,0.71553,18707
2022-01-07 12:00:00+00:00,0.71547,0.71737,0.71307,0.71641,16242
2022-01-07 16:00:00+00:00,0.71652,0.71873,0.7161,0.7181,16726
2022-01-07 20:00:00+00:00,0.71844,0.71848,0.71748,0.71758,5276
2022-01-08 08:00:00+00:00,0.7177,0.71798,0.7177,0.71798,2
2022-01-09 20:00:00+00:00,0.71639,0.71832,0.71567,0.7178,3078
2022-01-10 00:00:00+00:00,0.71775,0.71971,0.71775,0.7188,14240
2022-01-10 04:00:00+00:00,0.7187,0.72004,0.7187,0.71963,15060
2022-01-10 08:00:00+00:00,0.71958,0.72013,0.7174,0.71905,22762
2022-01-10 12:00:00+00:00,0.71922,0.71927,0.71489,0.71609,27605
2022-01-10 16:00:00+00:00,0.71615,0.71729,0.71569,0.71699,22101
2022-01-10 20:00:00+00:00,0.7169,0.71804,0.71657,0.7177,11078
2022-01-11 00:00:00+00:00,0.7178,0.71958,0.7172,0.71895,17571
2022-01-11 04:00:00+00:00,0.71891,0.71932,0.7165,0.71889,16569
2022-01-11 08:00:00+00:00,0.71895,0.71921,0.71728,0.71782,21661
2022-01-11 12:00:00+00:00,0.71777,0.71827,0.7153,0.71788,24878
2022-01-11 16:00:00+00:00,0.71819,0.72132,0.71819,0.72079,18330
2022-01-11 20:00:00+00:00,0.7206,0.72133,0.7206,0.72097,8649
2022-01-12 00:00:00+00:00,0.7209,0.72191,0.7204,0.72191,15491
2022-01-12 04:00:00+00:00,0.72183,0.72223,0.72018,0.72048,12935
2022-01-12 08:00:00+00:00,0.72067,0.72132,0.7199,0.721,19828
2022-01-12 12:00:00+00:00,0.72104,0.72773,0.7206,0.72687,28378
2022-01-12 16:00:00+00:00,0.72684,0.72918,0.72666,0.72918,21131
2022-01-12 20:00:00+00:00,0.72909,0.72909,0.7279,0.72805,10645
2022-01-13 00:00:00+00:00,0.72811,0.72888,0.7271,0.72882,15744
2022-01-13 04:00:00+00:00,0.7286,0.73029,0.7279,0.73007,15740
2022-01-13 08:00:00+00:00,0.73025,0.73135,0.7298,0.73001,21507
2022-01-13 12:00:00+00:00,0.73002,0.73125,0.72877,0.72983,28000
2022-01-13 16:00:00+00:00,0.73004,0.7304,0.7282,0.72904,20162
2022-01-13 20:00:00+00:00,0.72893,0.72893,0.72729,0.72811,11269
2022-01-14 00:00:00+00:00,0.7277,0.72796,0.7263,0.72746,21442
2022-01-14 04:00:00+00:00,0.72756,0.72914,0.7274,0.72813,19044
2022-01-14 08:00:00+00:00,0.72803,0.72931,0.72616,0.72616,22578
2022-01-14 12:00:00+00:00,0.726,0.72627,0.7231,0.72322,34588
2022-01-14 16:00:00+00:00,0.72305,0.72324,0.7196,0.72078,23577
2022-01-14 20:00:00+00:00,0.72083,0.72169,0.71827,0.71837,7649
2022-01-17 00:00:00+00:00,0.7199,0.72145,0.7193,0.7211,10459
2022-01-17 04:00:00+00:00,0.72107,0.7217,0.7199,0.7217,18071
2022-01-17 08:00:00+00:00,0.7215,0.72286,0.7209,0.722,21745
2022-01-17 12:00:00+00:00,0.72197,0.72231,0.72053,0.7212,23866
2022-01-17 16:00:00+00:00,0.72103,0.72148,0.7206,0.72105,10908
2022-01-17 20:00:00+00:00,0.7209,0.72118,0.71973,0.72113,6110
2022-01-18 00:00:00+00:00,0.72114,0.72272,0.71814,0.71861,20153
2022-01-18 04:00:00+00:00,0.71869,0.72043,0.71798,0.72,23583
2022-01-18 08:00:00+00:00,0.7198,0.72027,0.7182,0.71861,29022
2022-01-18 12:00:00+00:00,0.7186,0.71939,0.71755,0.71883,32627
2022-01-18 16:00:00+00:00,0.71869,0.71887,0.7167,0.71857,22592
2022-01-18 20:00:00+00:00,0.71849,0.71885,0.7176,0.71871,11706
2022-01-19 00:00:00+00:00,0.71887,0.71938,0.7176,0.71836,21868
2022-01-19 04:00:00+00:00,0.71837,0.71958,0.718,0.71804,21237
2022-01-19 08:00:00+00:00,0.71813,0.7215,0.71784,0.72114,25170
2022-01-19 12:00:00+00:00,0.7211,0.72376,0.7206,0.72206,27761
2022-01-19 16:00:00+00:00,0.72206,0.72318,0.7218,0.72244,21356
2022-01-19 20:00:00+00:00,0.72245,0.72269,0.7207,0.7213,12225
2022-01-20 00:00:00+00:00,0.72181,0.72555,0.7213,0.72353,23012
2022-01-20 04:00:00+00:00,0.72366,0.72399,0.72213,0.72335,19059
2022-01-20 08:00:00+00:00,0.72333,0.72426,0.7228,0.72402,23797
2022-01-20 12:00:00+00:00,0.72407,0.72751,0.7234,0.72722,28713
2022-01-20 16:00:00+00:00,0.72719,0.72734,0.7237,0.72417,19448
2022-01-20 20:00:00+00:00,0.72432,0.72432,0.7205,0.7215,16089
2022-01-21 00:00:00+00:00,0.72173,0.72173,0.71814,0.7188,29525
2022-01-21 04:00:00+00:00,0.71922,0.7199,0.7184,0.71977,22952
2022-01-21 08:00:00+00:00,0.719,0.72052,0.7182,0.7194,28300
2022-01-21 12:00:00+00:00,0.71936,0.72143,0.7183,0.71989,32137
2022-01-21 16:00:00+00:00,0.71977,0.7206,0.7176,0.71762,31626
2022-01-21 20:00:00+00:00,0.7174,0.71804,0.71569,0.71571,11422
2022-01-23 20:00:00+00:00,0.71738,0.71872,0.71695,0.7187,3099
2022-01-24 00:00:00+00:00,0.71854,0.71873,0.7174,0.71798,21510
2022-01-24 04:00:00+00:00,0.71806,0.71825,0.7153,0.71621,22530
2022-01-24 08:00:00+00:00,0.716,0.71699,0.71269,0.71321,30841
2022-01-24 12:00:00+00:00,0.71309,0.7138,0.7091,0.71085,39979
2022-01-24 16:00:00+00:00,0.71082,0.71308,0.7094,0.71279,39059
2022-01-24 20:00:00+00:00,0.7129,0.71533,0.7128,0.7152,17087
2022-01-25 00:00:00+00:00,0.7152,0.71722,0.7134,0.71424,26805
2022-01-25 04:00:00+00:00,0.7142,0.71457,0.7129,0.71422,23442
2022-01-25 08:00:00+00:00,0.71397,0.71532,0.7123,0.71274,29905
2022-01-25 12:00:00+00:00,0.71285,0.71542,0.7121,0.71401,34932
2022-01-25 16:00:00+00:00,0.71374,0.7169,0.7129,0.7169,29011
2022-01-25 20:00:00+00:00,0.71684,0.71684,0.71391,0.71583,16826
2022-01-26 00:00:00+00:00,0.71579,0.71647,0.7149,0.7158,19764
2022-01-26 04:00:00+00:00,0.71575,0.71623,0.7151,0.71535,17798
2022-01-26 08:00:00+00:00,0.71552,0.71764,0.7154,0.7175,22919
2022-01-26 12:00:00+00:00,0.71737,0.71754,0.7145,0.71597,25339
2022-01-26 16:00:00+00:00,0.71588,0.71802,0.71164,0.71255,25420
2022-01-26 20:00:00+00:00,0.71197,0.71213,0.70974,0.71212,19197
2022-01-27 00:00:00+00:00,0.71175,0.71175,0.7071,0.70805,29900
2022-01-27 04:00:00+00:00,0.7079,0.70847,0.7061,0.7069,28175
2022-01-27 08:00:00+00:00,0.70664,0.70984,0.7066,0.70752,30767
2022-01-27 12:00:00+00:00,0.70746,0.70883,0.7042,0.70495,35507
2022-01-27 16:00:00+00:00,0.70536,0.70593,0.7023,0.70247,30464
2022-01-27 20:00:00+00:00,0.70277,0.70398,0.7021,0.7033,14171
2022-01-28 00:00:00+00:00,0.70356,0.70456,0.7028,0.70382,22129
2022-01-28 04:00:00+00:00,0.70376,0.70417,0.7014,0.70166,23929
2022-01-28 08:00:00+00:00,0.70148,0.70182,0.69679,0.69796,30727
2022-01-28 12:00:00+00:00,0.69786,0.70078,0.6967,0.69955,39164
2022-01-28 16:00:00+00:00,0.69962,0.70067,0.6973,0.6979,29358
2022-01-28 20:00:00+00:00,0.69825,0.6997,0.69619,0.69669,9429
2022-01-30 00:00:00+00:00,0.6985,0.6985,0.6985,0.6985,1
2022-01-30 20:00:00+00:00,0.69873,0.69966,0.69815,0.6993,2978
2022-01-31 00:00:00+00:00,0.69936,0.70164,0.6992,0.7007,17346
2022-01-31 04:00:00+00:00,0.70079,0.70437,0.7004,0.70437,17192
2022-01-31 08:00:00+00:00,0.70424,0.7057,0.70355,0.70473,26373
2022-01-31 12:00:00+00:00,0.70459,0.70753,0.70368,0.70497,33435
2022-01-31 16:00:00+00:00,0.70446,0.70738,0.70421,0.70738,24806
2022-01-31 20:00:00+00:00,0.70727,0.70745,0.70616,0.7066,13610
2022-02-01 00:00:00+00:00,0.70657,0.70732,0.70346,0.70375,17201
2022-02-01 04:00:00+00:00,0.70377,0.70827,0.70377,0.708,20421
2022-02-01 08:00:00+00:00,0.70856,0.71029,0.7078,0.70979,27226
2022-02-01 12:00:00+00:00,0.7096,0.71123,0.70778,0.71105,34442
2022-02-01 16:00:00+00:00,0.7115,0.71168,0.7101,0.7116,24456
2022-02-01 20:00:00+00:00,0.71152,0.71375,0.7114,0.71334,12199
2022-02-02 00:00:00+00:00,0.7131,0.71443,0.7124,0.71287,14880
2022-02-02 04:00:00+00:00,0.71292,0.71406,0.7128,0.71375,14498
2022-02-02 08:00:00+00:00,0.7139,0.71529,0.7121,0.71483,25473
2022-02-02 12:00:00+00:00,0.7147,0.71578,0.7119,0.71235,32771
2022-02-02 16:00:00+00:00,0.7118,0.7145,0.7117,0.71447,21460
2022-02-02 20:00:00+00:00,0.71437,0.71476,0.7117,0.71205,12986
2022-02-03 00:00:00+00:00,0.71203,0.71291,0.7115,0.7127,16508
2022-02-03 04:00:00+00:00,0.71281,0.713,0.7117,0.713,16551
2022-02-03 08:00:00+00:00,0.71295,0.71306,0.7109,0.71143,23282
2022-02-03 12:00:00+00:00,0.71145,0.71672,0.7111,0.71485,43119
2022-02-03 16:00:00+00:00,0.7147,0.71551,0.7128,0.71325,27417
2022-02-03 20:00:00+00:00,0.71327,0.71466,0.71258,0.7141,13152
2022-02-04 00:00:00+00:00,0.71416,0.7147,0.7127,0.71447,18102
2022-02-04 04:00:00+00:00,0.7143,0.71513,0.7114,0.71152,18978
2022-02-04 08:00:00+00:00,0.711,0.71134,0.7105,0.71095,6535
2022-02-04 12:00:00+00:00,0.70618,0.70716,0.7051,0.7058,13411
2022-02-04 16:00:00+00:00,0.70572,0.70804,0.7053,0.70749,23858
2022-02-04 20:00:00+00:00,0.70766,0.70818,0.70382,0.70382,8410
2022-02-06 20:00:00+00:00,0.70705,0.70844,0.70673,0.70792,2555
2022-02-07 00:00:00+00:00,0.7079,0.70838,0.7065,0.7075,21602
2022-02-07 04:00:00+00:00,0.7076,0.71036,0.7076,0.71036,19972
2022-02-07 08:00:00+00:00,0.71028,0.71043,0.7085,0.70973,27889
2022-02-07 12:00:00+00:00,0.70996,0.71217,0.7096,0.71167,29975
2022-02-07 16:00:00+00:00,0.71179,0.71297,0.7104,0.71284,20242
2022-02-07 20:00:00+00:00,0.71274,0.71295,0.71032,0.7126,11427
2022-02-08 00:00:00+00:00,0.7125,0.71376,0.7123,0.71335,17083
2022-02-08 04:00:00+00:00,0.7131,0.7136,0.7104,0.71165,18705
2022-02-08 08:00:00+00:00,0.7118,0.71366,0.7114,0.71226,25348
2022-02-08 12:00:00+00:00,0.7117,0.71363,0.7111,0.71267,29073
2022-02-08 16:00:00+00:00,0.71281,0.71433,0.7125,0.71348,19058
2022-02-08 20:00:00+00:00,0.7132,0.71473,0.7132,0.71438,11179
2022-02-09 00:00:00+00:00,0.71442,0.71639,0.7141,0.71608,14588
2022-02-09 04:00:00+00:00,0.71607,0.71675,0.7143,0.71544,15261
2022-02-09 08:00:00+00:00,0.7153,0.71794,0.71517,0.71782,22699
2022-02-09 12:00:00+00:00,0.71782,0.71937,0.7172,0.71816,26356
2022-02-09 16:00:00+00:00,0.71802,0.71897,0.7175,0.71853,16814
2022-02-09 20:00:00+00:00,0.71849,0.71849,0.7174,0.7174,9937
2022-02-10 00:00:00+00:00,0.71763,0.71798,0.7158,0.71686,14875
2022-02-10 04:00:00+00:00,0.71699,0.71863,0.7167,0.71863,13679
2022-02-10 08:00:00+00:00,0.71876,0.71938,0.71864,0.71897,3381
2022-02-10 12:00:00+00:00,0.71733,0.72414,0.71733,0.72363,17646
2022-02-10 16:00:00+00:00,0.72337,0.72477,0.71693,0.71693,40292
2022-02-10 20:00:00+00:00,0.7168,0.71809,0.7153,0.71614,19279
2022-02-11 00:00:00+00:00,0.71594,0.71594,0.71339,0.714,21174
2022-02-11 04:00:00+00:00,0.71392,0.71406,0.7107,0.7124,22778
2022-02-11 08:00:00+00:00,0.71229,0.71392,0.71204,0.71375,26386
2022-02-11 12:00:00+00:00,0.71367,0.7183,0.71367,0.71764,33790
2022-02-11 16:00:00+00:00,0.71775,0.71811,0.71219,0.71249,44853
2022-02-11 20:00:00+00:00,0.71282,0.7141,0.70993,0.70993,17975
2022-02-12 08:00:00+00:00,0.7134,0.7134,0.71153,0.71153,4
2022-02-13 20:00:00+00:00,0.71245,0.71494,0.71245,0.71441,4396
2022-02-14 00:00:00+00:00,0.71455,0.71455,0.71168,0.7119,23828
2022-02-14 04:00:00+00:00,0.7117,0.71319,0.71122,0.71221,21786
2022-02-14 08:00:00+00:00,0.71191,0.71191,0.70862,0.70969,35814
2022-02-14 12:00:00+00:00,0.70949,0.71324,0.709,0.71187,44448
2022-02-14 16:00:00+00:00,0.71173,0.71419,0.71092,0.71206,37499
2022-02-14 20:00:00+00:00,0.7123,0.71316,0.7118,0.7129,15283
2022-02-15 00:00:00+00:00,0.7129,0.714,0.71217,0.71261,19705
2022-02-15 04:00:00+00:00,0.71269,0.71319,0.7101,0.711,21720
2022-02-15 08:00:00+00:00,0.71124,0.71559,0.71124,0.71372,34536
2022-02-15 12:00:00+00:00,0.7135,0.71503,0.71149,0.71399,35179
2022-02-15 16:00:00+00:00,0.71396,0.71522,0.7136,0.71518,20025
2022-02-15 20:00:00+00:00,0.71521,0.71543,0.714,0.71467,12263
2022-02-16 00:00:00+00:00,0.71486,0.71611,0.7141,0.7152,15733
2022-02-16 04:00:00+00:00,0.71525,0.71751,0.7146,0.71745,15110
2022-02-16 08:00:00+00:00,0.71769,0.71821,0.7164,0.71775,27495
2022-02-16 12:00:00+00:00,0.7176,0.71802,0.7156,0.71698,33268
2022-02-16 16:00:00+00:00,0.71689,0.72032,0.7163,0.72026,28157
2022-02-16 20:00:00+00:00,0.72034,0.72073,0.7189,0.71922,13845
2022-02-17 00:00:00+00:00,0.7193,0.72146,0.71566,0.71566,22377
2022-02-17 04:00:00+00:00,0.71502,0.72058,0.71502,0.72058,32918
2022-02-17 08:00:00+00:00,0.72069,0.72124,0.7185,0.72039,34389
2022-02-17 12:00:00+00:00,0.72059,0.7217,0.71891,0.71985,40621
2022-02-17 16:00:00+00:00,0.71972,0.72031,0.719,0.71929,21420
2022-02-17 20:00:00+00:00,0.7192,0.71925,0.71809,0.71869,13810
2022-02-18 00:00:00+00:00,0.7188,0.72044,0.7176,0.72034,23140
2022-02-18 04:00:00+00:00,0.72027,0.72157,0.7197,0.72149,19308
2022-02-18 08:00:00+00:00,0.72172,0.72272,0.7196,0.7205,27799
2022-02-18 12:00:00+00:00,0.72057,0.7217,0.71764,0.7177,37825
2022-02-18 16:00:00+00:00,0.71766,0.719,0.7164,0.71845,30484
2022-02-18 20:00:00+00:00,0.71862,0.71867,0.71575,0.71635,10654
2022-02-20 20:00:00+00:00,0.71633,0.71761,0.71621,0.71712,3508
2022-02-21 00:00:00+00:00,0.71696,0.72101,0.7167,0.7206,25270
2022-02-21 04:00:00+00:00,0.7205,0.72214,0.7203,0.7213,21312
2022-02-21 08:00:00+00:00,0.7216,0.722,0.71925,0.7198,27989
2022-02-21 12:00:00+00:00,0.71962,0.7219,0.7192,0.7214,35650
2022-02-21 16:00:00+00:00,0.72138,0.72153,0.7185,0.71944,17569
2022-02-21 20:00:00+00:00,0.71928,0.71963,0.71726,0.71839,10082
2022-02-22 00:00:00+00:00,0.71842,0.7201,0.7177,0.71884,27694
2022-02-22 04:00:00+00:00,0.71933,0.72102,0.719,0.71942,29072
2022-02-22 08:00:00+00:00,0.71921,0.72314,0.719,0.72223,39454
2022-02-22 12:00:00+00:00,0.72223,0.72274,0.7205,0.72248,37112
2022-02-22 16:00:00+00:00,0.7226,0.72313,0.72,0.72202,32627
2022-02-22 20:00:00+00:00,0.722,0.7228,0.7211,0.72268,15063
2022-02-23 00:00:00+00:00,0.7227,0.72402,0.7217,0.72269,22130
2022-02-23 04:00:00+00:00,0.7223,0.72439,0.722,0.72439,18692
2022-02-23 08:00:00+00:00,0.72445,0.72668,0.7241,0.72574,27574
2022-02-23 12:00:00+00:00,0.72584,0.72831,0.72419,0.72434,32697
2022-02-23 16:00:00+00:00,0.72408,0.72532,0.7228,0.7233,29061
2022-02-23 20:00:00+00:00,0.72345,0.72363,0.7221,0.72274,14735
2022-02-24 00:00:00+00:00,0.72279,0.72279,0.7174,0.71849,43459
2022-02-24 04:00:00+00:00,0.71854,0.7202,0.71686,0.71774,50699
2022-02-24 08:00:00+00:00,0.71761,0.71895,0.716,0.71724,54929
2022-02-24 12:00:00+00:00,0.71701,0.71763,0.70953,0.70953,53057
2022-02-24 16:00:00+00:00,0.7097,0.71687,0.7095,0.71574,48336
2022-02-24 20:00:00+00:00,0.71597,0.71777,0.7157,0.7158,22559
2022-02-25 00:00:00+00:00,0.71605,0.71851,0.7145,0.71851,36337
2022-02-25 04:00:00+00:00,0.71855,0.72097,0.7181,0.72068,28864
2022-02-25 08:00:00+00:00,0.72045,0.7207,0.7185,0.72009,40653
2022-02-25 12:00:00+00:00,0.7201,0.72351,0.7196,0.72243,49905
2022-02-25 16:00:00+00:00,0.7224,0.72329,0.7205,0.72321,29446
2022-02-25 20:00:00+00:00,0.72303,0.72358,0.71876,0.71876,10788
2022-02-26 16:00:00+00:00,0.7232,0.7232,0.72056,0.72056,2
2022-02-27 00:00:00+00:00,0.7232,0.7232,0.72056,0.72056,2
2022-02-27 04:00:00+00:00,0.7232,0.7232,0.72056,0.72056,2
2022-02-27 20:00:00+00:00,0.71753,0.71886,0.71544,0.7185,9340
2022-02-28 00:00:00+00:00,0.71805,0.7277,0.7169,0.71752,37135
2022-02-28 04:00:00+00:00,0.71772,0.72043,0.7174,0.72029,34566
2022-02-28 08:00:00+00:00,0.72036,0.7221,0.7187,0.7214,39241
2022-02-28 12:00:00+00:00,0.72165,0.72566,0.7213,0.72566,40717
2022-02-28 16:00:00+00:00,0.7258,0.72633,0.7244,0.72631,32512
2022-02-28 20:00:00+00:00,0.7261,0.72672,0.7252,0.72585,15623
2022-03-01 00:00:00+00:00,0.72598,0.72673,0.7244,0.72519,19839
2022-03-01 04:00:00+00:00,0.72517,0.72893,0.72517,0.7284,21701
2022-03-01 08:00:00+00:00,0.72835,0.72858,0.7261,0.72731,36667
2022-03-01 12:00:00+00:00,0.72717,0.72786,0.7258,0.72597,43217
2022-03-01 16:00:00+00:00,0.72598,0.72605,0.724,0.72466,36742
2022-03-01 20:00:00+00:00,0.7248,0.72612,0.724,0.72596,16943
2022-03-02 00:00:00+00:00,0.72601,0.72812,0.72566,0.7268,22435
2022-03-02 04:00:00+00:00,0.72711,0.72734,0.72456,0.72529,27480
2022-03-02 08:00:00+00:00,0.72546,0.72662,0.72435,0.72649,40724
2022-03-02 12:00:00+00:00,0.72633,0.72791,0.7247,0.72518,44669
2022-03-02 16:00:00+00:00,0.72496,0.73055,0.72486,0.7293,37900
2022-03-02 20:00:00+00:00,0.72971,0.73041,0.7288,0.7293,15995
2022-03-03 00:00:00+00:00,0.72924,0.72966,0.7274,0.7289,20494
2022-03-03 04:00:00+00:00,0.72906,0.73216,0.7288,0.73171,20512
2022-03-03 08:00:00+00:00,0.73146,0.73157,0.7293,0.73,30034
2022-03-03 12:00:00+00:00,0.73005,0.73464,0.7298,0.73201,39290
2022-03-03 16:00:00+00:00,0.73185,0.73318,0.73,0.7322,36378
2022-03-03 20:00:00+00:00,0.7323,0.73367,0.7316,0.7335,13412
2022-03-04 00:00:00+00:00,0.73381,0.73381,0.7301,0.7336,39131
2022-03-04 04:00:00+00:00,0.7332,0.73615,0.7332,0.73527,25909
2022-03-04 08:00:00+00:00,0.73543,0.73739,0.73495,0.73627,35273
2022-03-04 12:00:00+00:00,0.73628,0.73651,0.73145,0.73483,44804
2022-03-04 16:00:00+00:00,0.73491,0.738,0.73405,0.73708,30555
2022-03-04 20:00:00+00:00,0.73659,0.73763,0.7336,0.7346,11850
2022-03-05 20:00:00+00:00,0.7369,0.7369,0.7346,0.7346,2
2022-03-06 20:00:00+00:00,0.73622,0.73936,0.73442,0.73936,6089
2022-03-07 00:00:00+00:00,0.73914,0.74365,0.73873,0.74117,39795
2022-03-07 04:00:00+00:00,0.74143,0.74284,0.74076,0.74096,34613
2022-03-07 08:00:00+00:00,0.74136,0.74191,0.73933,0.7405,44808
2022-03-07 12:00:00+00:00,0.74074,0.74131,0.73282,0.73282,53245
2022-03-07 16:00:00+00:00,0.7327,0.73374,0.7312,0.73251,38202
2022-03-07 20:00:00+00:00,0.73261,0.73293,0.7308,0.7329,15008
2022-03-08 00:00:00+00:00,0.73296,0.73476,0.73175,0.7324,28130
2022-03-08 04:00:00+00:00,0.73276,0.73276,0.72724,0.72754,34870
2022-03-08 08:00:00+00:00,0.72727,0.72985,0.72672,0.72965,38036
2022-03-08 12:00:00+00:00,0.72973,0.73038,0.72618,0.7263,44705
2022-03-08 16:00:00+00:00,0.72641,0.72846,0.72457,0.72756,44935
2022-03-08 20:00:00+00:00,0.72729,0.72781,0.72578,0.72672,16464
2022-03-09 00:00:00+00:00,0.7267,0.72827,0.7266,0.72721,24758
2022-03-09 04:00:00+00:00,0.727,0.72987,0.727,0.72957,25719
2022-03-09 08:00:00+00:00,0.72924,0.73336,0.72912,0.73249,34479
2022-03-09 12:00:00+00:00,0.73247,0.73366,0.7316,0.73184,38515
2022-03-09 16:00:00+00:00,0.73156,0.73281,0.7311,0.73186,25542
2022-03-09 20:00:00+00:00,0.73215,0.73306,0.7308,0.73167,12358
2022-03-10 00:00:00+00:00,0.73188,0.73231,0.72886,0.73227,21563
2022-03-10 04:00:00+00:00,0.73225,0.73448,0.73094,0.73448,20733
2022-03-10 08:00:00+00:00,0.73452,0.73452,0.7326,0.73307,38606
2022-03-10 12:00:00+00:00,0.73271,0.73601,0.73271,0.73601,45064
2022-03-10 16:00:00+00:00,0.73569,0.7367,0.7348,0.73646,23524
2022-03-10 20:00:00+00:00,0.73641,0.73666,0.7341,0.73654,11625
2022-03-11 00:00:00+00:00,0.73652,0.73654,0.73347,0.73444,20516
2022-03-11 04:00:00+00:00,0.73447,0.73564,0.73283,0.73455,25301
2022-03-11 08:00:00+00:00,0.73447,0.73447,0.73064,0.73262,37206
2022-03-11 12:00:00+00:00,0.73269,0.73297,0.7312,0.73197,39412
2022-03-11 16:00:00+00:00,0.7318,0.73192,0.7296,0.7296,28360
2022-03-11 20:00:00+00:00,0.72943,0.72957,0.72434,0.72434,9323
2022-03-13 20:00:00+00:00,0.72923,0.72983,0.72802,0.72961,3921
2022-03-14 00:00:00+00:00,0.72951,0.72961,0.7248,0.72525,24401
2022-03-14 04:00:00+00:00,0.72526,0.72591,0.72343,0.72442,24178
2022-03-14 08:00:00+00:00,0.72439,0.72596,0.72296,0.72307,31516
2022-03-14 12:00:00+00:00,0.72331,0.72549,0.72278,0.72293,33090
2022-03-14 16:00:00+00:00,0.7227,0.72391,0.71902,0.71959,27570
2022-03-14 20:00:00+00:00,0.71957,0.7207,0.71804,0.7197,10188
2022-03-15 00:00:00+00:00,0.7199,0.72048,0.71664,0.71874,25988
2022-03-15 04:00:00+00:00,0.7186,0.71941,0.7167,0.71923,26427
2022-03-15 08:00:00+00:00,0.71899,0.72097,0.71821,0.72055,29800
2022-03-15 12:00:00+00:00,0.7206,0.72262,0.71942,0.71949,32859
2022-03-15 16:00:00+00:00,0.71946,0.72001,0.7174,0.7199,24341
2022-03-15 20:00:00+00:00,0.71983,0.72005,0.71886,0.71899,8031
2022-03-16 00:00:00+00:00,0.71898,0.72097,0.71807,0.71993,21454
2022-03-16 04:00:00+00:00,0.71995,0.72322,0.71973,0.72188,22326
2022-03-16 08:00:00+00:00,0.72189,0.72531,0.72163,0.72506,30030
2022-03-16 12:00:00+00:00,0.7251,0.72726,0.7243,0.72501,37185
2022-03-16 16:00:00+00:00,0.72505,0.72968,0.72108,0.72968,44732
2022-03-16 20:00:00+00:00,0.7295,0.7295,0.72827,0.72884,11680
2022-03-17 00:00:00+00:00,0.72894,0.73198,0.7284,0.7308,33244
2022-03-17 04:00:00+00:00,0.73112,0.73239,0.73024,0.73239,23679
2022-03-17 08:00:00+00:00,0.73237,0.73457,0.7319,0.73381,33717
2022-03-17 12:00:00+00:00,0.73364,0.73877,0.73319,0.73871,35561
2022-03-17 16:00:00+00:00,0.73889,0.73926,0.73717,0.7379,23076
2022-03-17 20:00:00+00:00,0.73787,0.73825,0.73701,0.73809,9161
2022-03-18 00:00:00+00:00,0.73815,0.73931,0.737,0.73767,21490
2022-03-18 04:00:00+00:00,0.73764,0.74085,0.7374,0.73991,22200
2022-03-18 08:00:00+00:00,0.73998,0.73998,0.7374,0.73788,27223
2022-03-18 12:00:00+00:00,0.73788,0.74098,0.73604,0.7402,35338
2022-03-18 16:00:00+00:00,0.73997,0.74172,0.73978,0.74111,21841
2022-03-18 20:00:00+00:00,0.74123,0.7418,0.74021,0.7418,2784
2022-03-20 20:00:00+00:00,0.73939,0.7414,0.73488,0.74093,3141
2022-03-21 00:00:00+00:00,0.74095,0.74247,0.7395,0.73997,16603
2022-03-21 04:00:00+00:00,0.73994,0.74077,0.7384,0.73956,17725
2022-03-21 08:00:00+00:00,0.73963,0.74034,0.7371,0.73858,23826
2022-03-21 12:00:00+00:00,0.73891,0.74195,0.7386,0.74157,30960
2022-03-21 16:00:00+00:00,0.7418,0.742,0.73819,0.73984,32602
2022-03-21 20:00:00+00:00,0.73988,0.7402,0.73897,0.7394,6304
2022-03-22 00:00:00+00:00,0.73939,0.74015,0.7375,0.73997,20996
2022-03-22 04:00:00+00:00,0.73992,0.74084,0.7376,0.73877,19654
2022-03-22 08:00:00+00:00,0.73871,0.743,0.73871,0.74281,26432
2022-03-22 12:00:00+00:00,0.74321,0.74477,0.74298,0.74365,29956
2022-03-22 16:00:00+00:00,0.7434,0.74677,0.74314,0.74673,18977
2022-03-22 20:00:00+00:00,0.74667,0.74767,0.74598,0.74621,9687
2022-03-23 00:00:00+00:00,0.74633,0.74762,0.7449,0.7457,20613
2022-03-23 04:00:00+00:00,0.74562,0.74649,0.7449,0.74597,18433
2022-03-23 08:00:00+00:00,0.74604,0.74807,0.7452,0.74767,24677
2022-03-23 12:00:00+00:00,0.74725,0.74983,0.7452,0.74973,30857
2022-03-23 16:00:00+00:00,0.74976,0.75064,0.7488,0.74988,21305
2022-03-23 20:00:00+00:00,0.74994,0.75049,0.74828,0.74985,7885
2022-03-24 00:00:00+00:00,0.75018,0.75018,0.74785,0.74793,21770
2022-03-24 04:00:00+00:00,0.74794,0.7488,0.7468,0.74772,20233
2022-03-24 08:00:00+00:00,0.7478,0.74995,0.74667,0.74943,26928
2022-03-24 12:00:00+00:00,0.74922,0.75259,0.74794,0.75058,34617
2022-03-24 16:00:00+00:00,0.7505,0.75181,0.7493,0.75144,22681
2022-03-24 20:00:00+00:00,0.75141,0.75183,0.7507,0.75086,7362
2022-03-25 00:00:00+00:00,0.75109,0.75247,0.7502,0.75202,25656
2022-03-25 04:00:00+00:00,0.752,0.75357,0.75006,0.75092,20420
2022-03-25 08:00:00+00:00,0.75085,0.75173,0.74958,0.75129,22547
2022-03-25 12:00:00+00:00,0.75134,0.75284,0.74994,0.74999,33635
2022-03-25 16:00:00+00:00,0.74991,0.75249,0.74991,0.75249,25051
2022-03-25 20:00:00+00:00,0.75258,0.75265,0.72031,0.751,2616
2022-03-26 12:00:00+00:00,0.7511,0.7514,0.7511,0.7514,2
2022-03-26 16:00:00+00:00,0.7511,0.7514,0.7511,0.7514,2
2022-03-27 16:00:00+00:00,0.75024,0.7506,0.75013,0.75046,31
2022-03-27 20:00:00+00:00,0.7503,0.75203,0.74957,0.75171,4081
2022-03-28 00:00:00+00:00,0.7518,0.75252,0.7499,0.75252,25790
2022-03-28 04:00:00+00:00,0.75229,0.75316,0.7508,0.7527,25611
2022-03-28 08:00:00+00:00,0.75233,0.7539,0.7506,0.75104,29304
2022-03-28 12:00:00+00:00,0.75102,0.75204,0.74665,0.74838,37574
2022-03-28 16:00:00+00:00,0.74846,0.75004,0.7477,0.74937,23094
2022-03-28 20:00:00+00:00,0.7493,0.75068,0.74859,0.74967,8370
2022-03-29 00:00:00+00:00,0.74977,0.7499,0.74742,0.74824,24481
2022-03-29 04:00:00+00:00,0.74825,0.75153,0.74807,0.75006,24803
2022-03-29 08:00:00+00:00,0.75002,0.7512,0.74798,0.75043,30400
2022-03-29 12:00:00+00:00,0.75039,0.75109,0.74613,0.75053,45344
2022-03-29 16:00:00+00:00,0.75008,0.75163,0.7483,0.751,21906
2022-03-29 20:00:00+00:00,0.75129,0.75243,0.75007,0.75139,8590
2022-03-30 00:00:00+00:00,0.75123,0.75172,0.75045,0.7516,27234
2022-03-30 04:00:00+00:00,0.75186,0.75353,0.7506,0.75135,27338
2022-03-30 08:00:00+00:00,0.75133,0.75302,0.7502,0.75178,28731
2022-03-30 12:00:00+00:00,0.75177,0.75356,0.75051,0.75072,33548
2022-03-30 16:00:00+00:00,0.75067,0.75166,0.7503,0.75095,20109
2022-03-30 20:00:00+00:00,0.75108,0.75172,0.7493,0.7498,8922
2022-03-31 00:00:00+00:00,0.75015,0.7514,0.7482,0.7486,25513
2022-03-31 04:00:00+00:00,0.74856,0.74897,0.7471,0.74842,26798
2022-03-31 08:00:00+00:00,0.74841,0.74951,0.7469,0.74828,26591
2022-03-31 12:00:00+00:00,0.74822,0.75122,0.748,0.74971,37436
2022-03-31 16:00:00+00:00,0.74983,0.74994,0.7481,0.74825,22783
2022-03-31 20:00:00+00:00,0.74865,0.74996,0.74778,0.7489,9763
2022-04-01 00:00:00+00:00,0.74914,0.74914,0.7471,0.74868,21974
2022-04-01 04:00:00+00:00,0.74864,0.74864,0.7471,0.74766,13380
2022-04-01 12:00:00+00:00,0.7497,0.75047,0.7478,0.74935,18596
2022-04-01 16:00:00+00:00,0.74928,0.75038,0.7478,0.75038,22602
2022-04-01 20:00:00+00:00,0.75024,0.75029,0.74676,0.74716,3066
2022-04-02 08:00:00+00:00,0.7498,0.7498,0.74776,0.74776,2
2022-04-03 16:00:00+00:00,0.74878,0.74895,0.74878,0.74894,7
2022-04-03 20:00:00+00:00,0.74895,0.74941,0.7483,0.7483,2554
2022-04-04 00:00:00+00:00,0.7482,0.75155,0.7482,0.75143,17788
2022-04-04 04:00:00+00:00,0.75125,0.75208,0.7503,0.75208,21224
2022-04-04 08:00:00+00:00,0.75189,0.75221,0.7503,0.75068,21548
2022-04-04 12:00:00+00:00,0.75083,0.75557,0.75083,0.75484,27563
2022-04-04 16:00:00+00:00,0.75478,0.75517,0.7535,0.75432,16276
2022-04-04 20:00:00+00:00,0.7543,0.75473,0.7538,0.75431,7366
2022-04-05 00:00:00+00:00,0.7538,0.75471,0.7534,0.7536,14638
2022-04-05 04:00:00+00:00,0.7536,0.7638,0.7536,0.76305,29861
2022-04-05 08:00:00+00:00,0.76301,0.76388,0.7618,0.76346,24601
2022-04-05 12:00:00+00:00,0.76341,0.76598,0.7593,0.75948,34223
2022-04-05 16:00:00+00:00,0.7594,0.76007,0.7572,0.75782,26688
2022-04-05 20:00:00+00:00,0.75778,0.75879,0.75737,0.75849,8910
2022-04-06 00:00:00+00:00,0.75865,0.7592,0.7562,0.75726,22947
2022-04-06 04:00:00+00:00,0.75728,0.75917,0.7566,0.7578,25283
2022-04-06 08:00:00+00:00,0.75758,0.75863,0.7561,0.75713,24613
2022-04-06 12:00:00+00:00,0.75731,0.75763,0.7533,0.7539,30751
2022-04-06 16:00:00+00:00,0.754,0.75491,0.74865,0.7509,36849
2022-04-06 20:00:00+00:00,0.7508,0.75187,0.74972,0.75046,10330
2022-04-07 00:00:00+00:00,0.75044,0.75124,0.7478,0.74802,22974
2022-04-07 04:00:00+00:00,0.74787,0.74919,0.7473,0.74852,26117
2022-04-07 08:00:00+00:00,0.74841,0.74879,0.7472,0.74846,23116
2022-04-07 12:00:00+00:00,0.74866,0.74913,0.7466,0.74708,33983
2022-04-07 16:00:00+00:00,0.74719,0.74849,0.7466,0.74776,23521
2022-04-07 20:00:00+00:00,0.74761,0.74831,0.7475,0.74779,7113
2022-04-08 00:00:00+00:00,0.74778,0.7486,0.7472,0.7474,21928
2022-04-08 04:00:00+00:00,0.7475,0.74914,0.7457,0.74608,24089
2022-04-08 08:00:00+00:00,0.74588,0.74686,0.7455,0.74586,20627
2022-04-08 12:00:00+00:00,0.74598,0.74665,0.7426,0.74591,32860
2022-04-08 16:00:00+00:00,0.74592,0.74631,0.7451,0.74575,19568
2022-04-08 20:00:00+00:00,0.74584,0.74617,0.74078,0.74078,2147
2022-04-10 20:00:00+00:00,0.74612,0.74621,0.74451,0.74452,1739
2022-04-11 00:00:00+00:00,0.7443,0.74489,0.7419,0.7433,22409
2022-04-11 04:00:00+00:00,0.7435,0.74508,0.74218,0.7437,25891
2022-04-11 08:00:00+00:00,0.7438,0.74594,0.743,0.74446,22337
2022-04-11 12:00:00+00:00,0.7441,0.7442,0.74194,0.74194,30005
2022-04-11 16:00:00+00:00,0.7415,0.74302,0.7413,0.74174,19014
2022-04-11 20:00:00+00:00,0.74185,0.74232,0.7411,0.7414,7981
2022-04-12 00:00:00+00:00,0.74171,0.74269,0.7399,0.742,21335
2022-04-12 04:00:00+00:00,0.7424,0.74384,0.7421,0.74345,25216
2022-04-12 08:00:00+00:00,0.74329,0.74444,0.7423,0.74444,21276
2022-04-12 12:00:00+00:00,0.7444,0.7492,0.74192,0.74819,40777
2022-04-12 16:00:00+00:00,0.7478,0.74878,0.7449,0.74558,27859
2022-04-12 20:00:00+00:00,0.74542,0.74588,0.74423,0.74534,7519
2022-04-13 00:00:00+00:00,0.74551,0.7474,0.7441,0.7461,22804
2022-04-13 04:00:00+00:00,0.74639,0.74639,0.74257,0.74422,28022
2022-04-13 08:00:00+00:00,0.74387,0.74397,0.7413,0.74156,24055
2022-04-13 12:00:00+00:00,0.74144,0.74287,0.73924,0.7426,35350
2022-04-13 16:00:00+00:00,0.74294,0.74502,0.7424,0.7446,22623
2022-04-13 20:00:00+00:00,0.7444,0.74545,0.74408,0.74499,8719
2022-04-14 00:00:00+00:00,0.74566,0.7468,0.74447,0.74589,22599
2022-04-14 04:00:00+00:00,0.7456,0.74655,0.74426,0.74446,22104
2022-04-14 08:00:00+00:00,0.74434,0.7452,0.7435,0.74389,23857
2022-04-14 12:00:00+00:00,0.74402,0.74457,0.7397,0.74037,39401
2022-04-14 16:00:00+00:00,0.74045,0.74239,0.74045,0.74148,19314
2022-04-14 20:00:00+00:00,0.74147,0.74189,0.7404,0.74076,6245
2022-04-15 00:00:00+00:00,0.74075,0.74091,0.73973,0.74012,8415
2022-04-15 04:00:00+00:00,0.74009,0.74041,0.7393,0.74033,14331
2022-04-15 08:00:00+00:00,0.74023,0.74122,0.73959,0.74049,15835
2022-04-15 12:00:00+00:00,0.74048,0.7408,0.739,0.739,11612
2022-04-15 16:00:00+00:00,0.7395,0.7395,0.739,0.73915,5918
2022-04-15 20:00:00+00:00,0.73908,0.7397,0.73892,0.73922,1539
2022-04-17 16:00:00+00:00,0.73787,0.73937,0.73396,0.73896,21
2022-04-17 20:00:00+00:00,0.73894,0.74028,0.73852,0.7392,3768
2022-04-18 00:00:00+00:00,0.73959,0.73959,0.73578,0.73578,20260
2022-04-18 04:00:00+00:00,0.7357,0.73671,0.7348,0.73671,17662
2022-04-18 08:00:00+00:00,0.73652,0.73705,0.73611,0.7364,14950
2022-04-18 12:00:00+00:00,0.73669,0.73759,0.73485,0.73507,22662
2022-04-18 16:00:00+00:00,0.7352,0.73572,0.7342,0.73481,16403
2022-04-18 20:00:00+00:00,0.7348,0.73595,0.7342,0.73566,7634
2022-04-19 00:00:00+00:00,0.7355,0.73677,0.7343,0.73655,21360
2022-04-19 04:00:00+00:00,0.73646,0.73865,0.7363,0.73854,24201
2022-04-19 08:00:00+00:00,0.73871,0.73987,0.73511,0.73639,22630
2022-04-19 12:00:00+00:00,0.73636,0.73878,0.7354,0.73712,29805
2022-04-19 16:00:00+00:00,0.7369,0.73805,0.7365,0.73805,18852
2022-04-19 20:00:00+00:00,0.7375,0.73939,0.73595,0.73931,10110
2022-04-20 00:00:00+00:00,0.73949,0.74142,0.7375,0.74126,27053
2022-04-20 04:00:00+00:00,0.74108,0.74295,0.7409,0.74158,25286
2022-04-20 08:00:00+00:00,0.74128,0.74457,0.7407,0.7431,24065
2022-04-20 12:00:00+00:00,0.74321,0.74568,0.7415,0.7451,27923
2022-04-20 16:00:00+00:00,0.74504,0.74556,0.7437,0.74492,19862
2022-04-20 20:00:00+00:00,0.74496,0.74539,0.7441,0.74439,8986
2022-04-21 00:00:00+00:00,0.7444,0.74454,0.74219,0.74266,21339
2022-04-21 04:00:00+00:00,0.74258,0.74566,0.7424,0.74566,27394
2022-04-21 08:00:00+00:00,0.74545,0.74551,0.7425,0.7425,20410
2022-04-21 12:00:00+00:00,0.74261,0.74384,0.7372,0.73757,28062
2022-04-21 16:00:00+00:00,0.73754,0.7379,0.7364,0.73739,25062
2022-04-21 20:00:00+00:00,0.73732,0.73771,0.73263,0.73599,10645
2022-04-22 00:00:00+00:00,0.7359,0.7368,0.73334,0.73462,23335
2022-04-22 04:00:00+00:00,0.73455,0.73471,0.7306,0.7314,29036
2022-04-22 08:00:00+00:00,0.7309,0.73157,0.7295,0.73052,25290
2022-04-22 12:00:00+00:00,0.73062,0.73071,0.7247,0.72556,32275
2022-04-22 16:00:00+00:00,0.72576,0.72581,0.7231,0.72393,21916
2022-04-22 20:00:00+00:00,0.72398,0.72456,0.71526,0.71526,2983
2022-04-23 08:00:00+00:00,0.72046,0.7237,0.72046,0.72046,6
2022-04-24 16:00:00+00:00,0.72301,0.72554,0.72291,0.72477,65
2022-04-24 20:00:00+00:00,0.72477,0.72533,0.723,0.723,5155
2022-04-25 00:00:00+00:00,0.72297,0.72297,0.71786,0.71853,30082
2022-04-25 04:00:00+00:00,0.7185,0.71874,0.7148,0.71799,36135
2022-04-25 08:00:00+00:00,0.71833,0.7201,0.71448,0.71816,34129
2022-04-25 12:00:00+00:00,0.71769,0.71844,0.7134,0.71477,39061
2022-04-25 16:00:00+00:00,0.7147,0.71788,0.7147,0.71749,30891
2022-04-25 20:00:00+00:00,0.71746,0.71839,0.7171,0.71767,10511
2022-04-26 00:00:00+00:00,0.71764,0.72271,0.7168,0.7216,28124
2022-04-26 04:00:00+00:00,0.72156,0.72287,0.71792,0.71838,30114
2022-04-26 08:00:00+00:00,0.71844,0.72163,0.71844,0.72016,28039
2022-04-26 12:00:00+00:00,0.72009,0.72012,0.71425,0.71425,35870
2022-04-26 16:00:00+00:00,0.7143,0.71603,0.7131,0.71372,25797
2022-04-26 20:00:00+00:00,0.7138,0.71444,0.7118,0.71416,11854
2022-04-27 00:00:00+00:00,0.7141,0.71723,0.7127,0.71629,28761
2022-04-27 04:00:00+00:00,0.71628,0.71894,0.71358,0.71606,31169
2022-04-27 08:00:00+00:00,0.71574,0.71631,0.71362,0.71362,29617
2022-04-27 12:00:00+00:00,0.71356,0.71428,0.71,0.71237,40041
2022-04-27 16:00:00+00:00,0.71253,0.71493,0.71158,0.71217,30481
2022-04-27 20:00:00+00:00,0.71226,0.71275,0.7116,0.71215,10143
2022-04-28 00:00:00+00:00,0.71185,0.71249,0.7093,0.70937,27390
2022-04-28 04:00:00+00:00,0.70928,0.71603,0.7074,0.71528,38378
2022-04-28 08:00:00+00:00,0.71531,0.71531,0.708,0.70822,31920
2022-04-28 12:00:00+00:00,0.70831,0.71007,0.70568,0.7073,43130
2022-04-28 16:00:00+00:00,0.70763,0.71097,0.7068,0.71027,23044
2022-04-28 20:00:00+00:00,0.71014,0.7109,0.70856,0.7109,9226
2022-04-29 00:00:00+00:00,0.71122,0.71375,0.7108,0.7128,24448
2022-04-29 04:00:00+00:00,0.71267,0.71637,0.7124,0.71601,30714
2022-04-29 08:00:00+00:00,0.7157,0.71789,0.71448,0.71649,25571
2022-04-29 12:00:00+00:00,0.7164,0.71717,0.7093,0.71017,37266
2022-04-29 16:00:00+00:00,0.70989,0.71032,0.7061,0.70644,25403
2022-04-29 20:00:00+00:00,0.70658,0.70658,0.70321,0.70333,2823
2022-05-01 16:00:00+00:00,0.70629,0.70696,0.70629,0.70696,14
2022-05-01 20:00:00+00:00,0.70672,0.70752,0.7057,0.706,6616
2022-05-02 00:00:00+00:00,0.70675,0.70818,0.70333,0.70511,24763
2022-05-02 04:00:00+00:00,0.70504,0.7062,0.7033,0.70468,26342
2022-05-02 08:00:00+00:00,0.70483,0.70759,0.7044,0.70657,25135
2022-05-02 12:00:00+00:00,0.70663,0.7067,0.7033,0.70576,35715
2022-05-02 16:00:00+00:00,0.70575,0.70653,0.7028,0.70523,29425
2022-05-02 20:00:00+00:00,0.70525,0.70543,0.7045,0.70508,8517
2022-05-03 00:00:00+00:00,0.7053,0.70992,0.7053,0.709,25451
2022-05-03 04:00:00+00:00,0.7086,0.71425,0.7083,0.71122,35675
2022-05-03 08:00:00+00:00,0.7112,0.71178,0.7078,0.71162,26693
2022-05-03 12:00:00+00:00,0.71213,0.71258,0.7094,0.7097,34360
2022-05-03 16:00:00+00:00,0.70981,0.71037,0.70794,0.70959,27528
2022-05-03 20:00:00+00:00,0.70974,0.71047,0.7091,0.71007,8866
2022-05-04 00:00:00+00:00,0.71,0.71178,0.70894,0.7108,20394
2022-05-04 04:00:00+00:00,0.71122,0.71219,0.71,0.71081,24492
2022-05-04 08:00:00+00:00,0.71072,0.71365,0.71072,0.71349,21502
2022-05-04 12:00:00+00:00,0.71365,0.71494,0.71175,0.7145,31357
2022-05-04 16:00:00+00:00,0.71449,0.72634,0.71322,0.72567,51826
2022-05-04 20:00:00+00:00,0.7254,0.72649,0.7238,0.72509,13439
2022-05-05 00:00:00+00:00,0.72533,0.72645,0.72364,0.72436,27332
2022-05-05 04:00:00+00:00,0.724,0.72489,0.72114,0.72259,32763
2022-05-05 08:00:00+00:00,0.7221,0.72255,0.71898,0.7192,32509
2022-05-05 12:00:00+00:00,0.71913,0.72047,0.709,0.7091,48937
2022-05-05 16:00:00+00:00,0.70878,0.71142,0.7078,0.71139,46831
2022-05-05 20:00:00+00:00,0.71131,0.71242,0.70966,0.71189,12158
2022-05-06 00:00:00+00:00,0.71216,0.71317,0.70836,0.71117,32179
2022-05-06 04:00:00+00:00,0.71125,0.71158,0.7063,0.70738,33668
2022-05-06 08:00:00+00:00,0.70753,0.71118,0.70667,0.70913,36837
2022-05-06 12:00:00+00:00,0.7092,0.71301,0.70592,0.70896,62055
2022-05-06 16:00:00+00:00,0.70904,0.71051,0.7063,0.7082,47627
2022-05-06 20:00:00+00:00,0.7077,0.70798,0.7066,0.7076,3694
2022-05-08 16:00:00+00:00,0.70624,0.70789,0.70624,0.70789,14
2022-05-08 20:00:00+00:00,0.7075,0.70792,0.704,0.70443,6085
2022-05-09 00:00:00+00:00,0.7041,0.70425,0.70036,0.7012,27619
2022-05-09 04:00:00+00:00,0.7012,0.7018,0.6995,0.70095,27158
2022-05-09 08:00:00+00:00,0.7003,0.70128,0.69845,0.70036,34977
2022-05-09 12:00:00+00:00,0.70034,0.70273,0.69694,0.69889,48366
2022-05-09 16:00:00+00:00,0.69866,0.70166,0.69457,0.69525,41540
2022-05-09 20:00:00+00:00,0.69549,0.69623,0.69379,0.69535,12475
2022-05-10 00:00:00+00:00,0.69521,0.69722,0.69114,0.69694,41997
2022-05-10 04:00:00+00:00,0.6967,0.6985,0.69409,0.69436,38404
2022-05-10 08:00:00+00:00,0.69468,0.69761,0.69441,0.69559,34536
2022-05-10 12:00:00+00:00,0.69562,0.69785,0.69184,0.69248,51039
2022-05-10 16:00:00+00:00,0.69242,0.69556,0.6913,0.69397,45875
2022-05-10 20:00:00+00:00,0.69391,0.6943,0.6931,0.69323,10197
2022-05-11 00:00:00+00:00,0.69311,0.6961,0.693,0.69604,25847
2022-05-11 04:00:00+00:00,0.69591,0.69812,0.69525,0.6975,29528
2022-05-11 08:00:00+00:00,0.69772,0.70187,0.69757,0.70145,31137
2022-05-11 12:00:00+00:00,0.70138,0.70508,0.69291,0.69928,63866
2022-05-11 16:00:00+00:00,0.6987,0.6994,0.6929,0.69325,52263
2022-05-11 20:00:00+00:00,0.69324,0.69417,0.69262,0.69262,12962
2022-05-12 00:00:00+00:00,0.69243,0.69525,0.69049,0.69228,35629
2022-05-12 04:00:00+00:00,0.69229,0.69246,0.6875,0.68912,43358
2022-05-12 08:00:00+00:00,0.6892,0.6892,0.68527,0.68562,40553
2022-05-12 12:00:00+00:00,0.68556,0.68922,0.68434,0.68501,57337
2022-05-12 16:00:00+00:00,0.68494,0.68777,0.6829,0.68574,49595
2022-05-12 20:00:00+00:00,0.68551,0.68721,0.68419,0.6868,10864
2022-05-13 00:00:00+00:00,0.68677,0.68918,0.6863,0.68819,29529
2022-05-13 04:00:00+00:00,0.6882,0.69039,0.6875,0.68982,33659
2022-05-13 08:00:00+00:00,0.68994,0.6903,0.6866,0.68928,29905
2022-05-13 12:00:00+00:00,0.68936,0.69217,0.68752,0.69187,38617
2022-05-13 16:00:00+00:00,0.69172,0.69313,0.69033,0.69285,27643
2022-05-13 20:00:00+00:00,0.6926,0.69401,0.69224,0.69264,3423
2022-05-15 16:00:00+00:00,0.68926,0.68926,0.68851,0.68904,7
2022-05-15 20:00:00+00:00,0.69055,0.69521,0.68909,0.6947,5241
2022-05-16 00:00:00+00:00,0.69496,0.69581,0.68765,0.68806,34220
2022-05-16 04:00:00+00:00,0.68848,0.69095,0.6879,0.68978,31594
2022-05-16 08:00:00+00:00,0.68997,0.69292,0.6899,0.69216,29344
2022-05-16 12:00:00+00:00,0.69204,0.69491,0.6918,0.69435,45260
2022-05-16 16:00:00+00:00,0.69406,0.69814,0.6932,0.69712,32663
2022-05-16 20:00:00+00:00,0.69705,0.69767,0.6963,0.6972,10657
2022-05-17 00:00:00+00:00,0.69765,0.70094,0.6972,0.6995,28977
2022-05-17 04:00:00+00:00,0.6994,0.70188,0.6993,0.70103,32308
2022-05-17 08:00:00+00:00,0.70128,0.70399,0.7012,0.7027,35032
2022-05-17 12:00:00+00:00,0.70299,0.70342,0.6995,0.7012,37097
2022-05-17 16:00:00+00:00,0.70103,0.70308,0.69901,0.70205,38336
2022-05-17 20:00:00+00:00,0.70193,0.70363,0.7016,0.7027,8438
2022-05-18 00:00:00+00:00,0.70308,0.70453,0.69972,0.70022,28845
2022-05-18 04:00:00+00:00,0.70022,0.70355,0.6996,0.7009,32454
2022-05-18 08:00:00+00:00,0.70083,0.70283,0.69974,0.70143,27061
2022-05-18 12:00:00+00:00,0.70144,0.70267,0.6981,0.69962,38495
2022-05-18 16:00:00+00:00,0.69944,0.70035,0.6958,0.6959,34749
2022-05-18 20:00:00+00:00,0.69609,0.69759,0.6948,0.69578,14765
2022-05-19 00:00:00+00:00,0.6964,0.70147,0.69556,0.70119,35399
2022-05-19 04:00:00+00:00,0.70097,0.70231,0.69612,0.69922,39479
2022-05-19 08:00:00+00:00,0.69886,0.70134,0.69768,0.69996,40446
2022-05-19 12:00:00+00:00,0.70012,0.70687,0.69869,0.7054,54422
2022-05-19 16:00:00+00:00,0.70565,0.7072,0.7048,0.70557,46767
2022-05-19 20:00:00+00:00,0.70546,0.70546,0.7038,0.7038,10904
2022-05-20 00:00:00+00:00,0.7044,0.70469,0.7006,0.7007,29778
2022-05-20 04:00:00+00:00,0.7004,0.70677,0.7004,0.70602,36882
2022-05-20 08:00:00+00:00,0.70567,0.70718,0.7048,0.70587,29904
2022-05-20 12:00:00+00:00,0.7058,0.70654,0.70212,0.70311,43326
2022-05-20 16:00:00+00:00,0.70313,0.70451,0.70046,0.70388,44439
2022-05-20 20:00:00+00:00,0.70393,0.70465,0.69605,0.69795,4659
2022-05-22 16:00:00+00:00,0.70314,0.70611,0.70314,0.70611,26
2022-05-22 20:00:00+00:00,0.7058,0.70687,0.70314,0.70611,6100
2022-05-23 00:00:00+00:00,0.70631,0.70968,0.7058,0.7087,19142
2022-05-23 04:00:00+00:00,0.7086,0.71251,0.7083,0.71028,26714
2022-05-23 08:00:00+00:00,0.71081,0.71266,0.70895,0.71123,31423
2022-05-23 12:00:00+00:00,0.71152,0.71221,0.7096,0.70994,39681
2022-05-23 16:00:00+00:00,0.70991,0.7114,0.7087,0.71039,26687
2022-05-23 20:00:00+00:00,0.7102,0.71102,0.7084,0.70863,10977
2022-05-24 00:00:00+00:00,0.70844,0.70885,0.7066,0.70876,23130
2022-05-24 04:00:00+00:00,0.70875,0.71015,0.7076,0.71015,25917
2022-05-24 08:00:00+00:00,0.71024,0.71041,0.70626,0.70741,27786
2022-05-24 12:00:00+00:00,0.70752,0.70937,0.7058,0.708,42697
2022-05-24 16:00:00+00:00,0.70794,0.71119,0.7079,0.71073,39154
2022-05-24 20:00:00+00:00,0.71082,0.71177,0.70924,0.71012,10560
2022-05-25 00:00:00+00:00,0.71015,0.71178,0.7082,0.71142,28000
2022-05-25 04:00:00+00:00,0.71145,0.71173,0.70902,0.70937,28307
2022-05-25 08:00:00+00:00,0.70959,0.70959,0.70469,0.70515,31626
2022-05-25 12:00:00+00:00,0.70504,0.70835,0.7035,0.70648,40070
2022-05-25 16:00:00+00:00,0.7063,0.70976,0.7052,0.70891,38285
2022-05-25 20:00:00+00:00,0.7087,0.71,0.7081,0.70892,10371
2022-05-26 00:00:00+00:00,0.70909,0.7109,0.7074,0.70919,28183
2022-05-26 04:00:00+00:00,0.70909,0.70981,0.7057,0.70981,29584
2022-05-26 08:00:00+00:00,0.7098,0.71025,0.70773,0.7083,25402
2022-05-26 12:00:00+00:00,0.70868,0.70988,0.70708,0.7077,35677
2022-05-26 16:00:00+00:00,0.70794,0.70939,0.7079,0.70937,23838
2022-05-26 20:00:00+00:00,0.70942,0.71024,0.7087,0.70979,7862
2022-05-27 00:00:00+00:00,0.70985,0.71435,0.7091,0.71391,29424
2022-05-27 04:00:00+00:00,0.7137,0.71439,0.7122,0.7134,25076
2022-05-27 08:00:00+00:00,0.71339,0.71471,0.7133,0.71428,24781
2022-05-27 12:00:00+00:00,0.71431,0.71658,0.7139,0.71532,34255
2022-05-27 16:00:00+00:00,0.71536,0.71592,0.714,0.71592,17651
2022-05-27 20:00:00+00:00,0.71589,0.71611,0.71361,0.71401,2289
2022-05-29 16:00:00+00:00,0.71365,0.71624,0.71365,0.71585,18
2022-05-29 20:00:00+00:00,0.71585,0.71636,0.71455,0.71581,4791
2022-05-30 00:00:00+00:00,0.71585,0.71876,0.7155,0.7173,24962
2022-05-30 04:00:00+00:00,0.71759,0.71918,0.7166,0.71736,27799
2022-05-30 08:00:00+00:00,0.71727,0.71925,0.7172,0.71854,19614
2022-05-30 12:00:00+00:00,0.71864,0.71978,0.7171,0.71964,22352
2022-05-30 16:00:00+00:00,0.7197,0.71995,0.7191,0.71974,9570
2022-05-30 20:00:00+00:00,0.7194,0.71985,0.7186,0.7194,8774
2022-05-31 00:00:00+00:00,0.7195,0.7202,0.7163,0.71875,28304
2022-05-31 04:00:00+00:00,0.7183,0.71965,0.71745,0.71817,26549
2022-05-31 08:00:00+00:00,0.71835,0.71976,0.7172,0.71786,24109
2022-05-31 12:00:00+00:00,0.71751,0.71876,0.71496,0.7185,38040
2022-05-31 16:00:00+00:00,0.71877,0.71928,0.7171,0.71757,25499
2022-05-31 20:00:00+00:00,0.7178,0.71838,0.71581,0.71826,7748
2022-06-01 00:00:00+00:00,0.71832,0.71947,0.717,0.7179,22253
2022-06-01 04:00:00+00:00,0.7179,0.71873,0.7154,0.7184,25258
2022-06-01 08:00:00+00:00,0.7184,0.71972,0.7174,0.7193,18342
2022-06-01 12:00:00+00:00,0.71944,0.72281,0.7154,0.71619,39575
2022-06-01 16:00:00+00:00,0.71619,0.71934,0.7159,0.7176,30016
2022-06-01 20:00:00+00:00,0.71782,0.71809,0.71701,0.71713,9033
2022-06-02 00:00:00+00:00,0.71718,0.71773,0.7159,0.71654,24830
2022-06-02 04:00:00+00:00,0.7164,0.71869,0.71423,0.71835,24608
2022-06-02 08:00:00+00:00,0.71819,0.72106,0.71819,0.72083,17226
2022-06-02 12:00:00+00:00,0.72082,0.72573,0.72082,0.7248,37267
2022-06-02 16:00:00+00:00,0.7251,0.72695,0.7249,0.72664,18843
2022-06-02 20:00:00+00:00,0.7263,0.72692,0.7261,0.72651,8519
2022-06-03 00:00:00+00:00,0.72631,0.72812,0.7252,0.7258,20915
2022-06-03 04:00:00+00:00,0.72568,0.72614,0.7247,0.72559,19732
2022-06-03 08:00:00+00:00,0.72558,0.72635,0.72402,0.72409,19916
2022-06-03 12:00:00+00:00,0.7242,0.72506,0.72059,0.72077,41576
2022-06-03 16:00:00+00:00,0.72087,0.72198,0.72,0.72099,23054
2022-06-03 20:00:00+00:00,0.7206,0.721,0.71888,0.71928,2757
2022-06-04 04:00:00+00:00,0.7205,0.7205,0.71988,0.71988,2
2022-06-05 16:00:00+00:00,0.72029,0.72134,0.72029,0.72114,12
2022-06-05 20:00:00+00:00,0.72097,0.72156,0.72002,0.72002,4934
2022-06-06 00:00:00+00:00,0.72013,0.72128,0.71895,0.71914,20536
2022-06-06 04:00:00+00:00,0.71897,0.72192,0.7189,0.7218,22688
2022-06-06 08:00:00+00:00,0.72178,0.72303,0.7211,0.72245,19537
2022-06-06 12:00:00+00:00,0.7224,0.72295,0.7189,0.7204,29775
2022-06-06 16:00:00+00:00,0.72045,0.72092,0.71865,0.71956,21358
2022-06-06 20:00:00+00:00,0.71949,0.71956,0.7181,0.71857,8161
2022-06-07 00:00:00+00:00,0.71849,0.71849,0.7158,0.71753,25036
2022-06-07 04:00:00+00:00,0.7172,0.72471,0.71693,0.71838,36587
2022-06-07 08:00:00+00:00,0.71843,0.72013,0.7166,0.7167,26754
2022-06-07 12:00:00+00:00,0.71666,0.72207,0.7156,0.72105,12942
2022-06-07 16:00:00+00:00,0.72116,0.72405,0.7207,0.72358,19320
2022-06-07 20:00:00+00:00,0.72337,0.72359,0.722,0.7221,8986
2022-06-08 00:00:00+00:00,0.72215,0.72332,0.7196,0.7201,25217
2022-06-08 04:00:00+00:00,0.72015,0.72074,0.71939,0.71939,26466
2022-06-08 08:00:00+00:00,0.71903,0.7207,0.7176,0.72012,26069
2022-06-08 12:00:00+00:00,0.7199,0.72257,0.7187,0.72193,34578
2022-06-08 16:00:00+00:00,0.72183,0.72218,0.7187,0.719,21757
2022-06-08 20:00:00+00:00,0.7191,0.72004,0.71839,0.71859,8606
2022-06-09 00:00:00+00:00,0.71867,0.719,0.71604,0.71801,24985
2022-06-09 04:00:00+00:00,0.7178,0.71854,0.7164,0.71672,27454
2022-06-09 08:00:00+00:00,0.71665,0.71932,0.7162,0.71751,28658
2022-06-09 12:00:00+00:00,0.7171,0.71735,0.7114,0.71198,46496
2022-06-09 16:00:00+00:00,0.71197,0.71269,0.7095,0.70958,24651
2022-06-09 20:00:00+00:00,0.7094,0.71026,0.7093,0.70973,8128
2022-06-10 00:00:00+00:00,0.70964,0.71066,0.7085,0.71017,22990
2022-06-10 04:00:00+00:00,0.7098,0.7137,0.7097,0.71254,30473
2022-06-10 08:00:00+00:00,0.71257,0.71338,0.7111,0.71152,28887
2022-06-10 12:00:00+00:00,0.71136,0.71307,0.7037,0.70527,52873
2022-06-10 16:00:00+00:00,0.70524,0.7063,0.7039,0.70516,31162
2022-06-10 20:00:00+00:00,0.7052,0.70524,0.6937,0.6937,3224
2022-06-11 04:00:00+00:00,0.705,0.705,0.7003,0.7003,2
2022-06-12 16:00:00+00:00,0.70141,0.70351,0.70141,0.7035,28
2022-06-12 20:00:00+00:00,0.7035,0.70467,0.70161,0.70194,6405
2022-06-13 00:00:00+00:00,0.70185,0.70259,0.7001,0.70259,31766
2022-06-13 04:00:00+00:00,0.7025,0.70326,0.69981,0.69981,36973
2022-06-13 08:00:00+00:00,0.69958,0.70046,0.6957,0.6959,35086
2022-06-13 12:00:00+00:00,0.69653,0.69908,0.6923,0.69435,45107
2022-06-13 16:00:00+00:00,0.69431,0.69607,0.69121,0.69212,39852
2022-06-13 20:00:00+00:00,0.6918,0.69408,0.6915,0.6937,13568
2022-06-14 00:00:00+00:00,0.69409,0.69609,0.69287,0.6956,36603
2022-06-14 04:00:00+00:00,0.69595,0.69694,0.6943,0.69512,37817
2022-06-14 08:00:00+00:00,0.69483,0.69483,0.68825,0.68825,40012
2022-06-14 12:00:00+00:00,0.68877,0.69151,0.6876,0.68878,52471
2022-06-14 16:00:00+00:00,0.68834,0.68895,0.68519,0.68648,39474
2022-06-14 20:00:00+00:00,0.68644,0.68893,0.68595,0.6887,12772
2022-06-15 00:00:00+00:00,0.68887,0.6918,0.6885,0.69087,33649
2022-06-15 04:00:00+00:00,0.69092,0.69148,0.6892,0.6907,39418
2022-06-15 08:00:00+00:00,0.69085,0.69518,0.69061,0.69442,35079
2022-06-15 12:00:00+00:00,0.69419,0.69565,0.69239,0.69455,43590
2022-06-15 16:00:00+00:00,0.69468,0.70213,0.6916,0.70048,52113
2022-06-15 20:00:00+00:00,0.70074,0.70174,0.69932,0.70174,15630
2022-06-16 00:00:00+00:00,0.70179,0.70347,0.70023,0.70148,32179
2022-06-16 04:00:00+00:00,0.70145,0.70205,0.69519,0.6969,37129
2022-06-16 08:00:00+00:00,0.69677,0.69888,0.695,0.695,44494
2022-06-16 12:00:00+00:00,0.69533,0.69976,0.69458,0.69976,44767
2022-06-16 16:00:00+00:00,0.69959,0.7068,0.69907,0.70558,41279
2022-06-16 20:00:00+00:00,0.70554,0.70554,0.70105,0.70401,15884
2022-06-17 00:00:00+00:00,0.70402,0.70402,0.70143,0.70154,40318
2022-06-17 04:00:00+00:00,0.70181,0.70275,0.69722,0.69922,36468
2022-06-17 08:00:00+00:00,0.69916,0.70024,0.69796,0.69796,34392
2022-06-17 12:00:00+00:00,0.69781,0.69924,0.69014,0.6919,44254
2022-06-17 16:00:00+00:00,0.69214,0.69426,0.69174,0.69318,36050
2022-06-17 20:00:00+00:00,0.6932,0.69389,0.68528,0.68528,3551
2022-06-18 04:00:00+00:00,0.6929,0.6929,0.68718,0.68718,2
2022-06-18 08:00:00+00:00,0.68718,0.6929,0.68718,0.68718,4
2022-06-19 16:00:00+00:00,0.68949,0.69104,0.689,0.69104,20
2022-06-19 20:00:00+00:00,0.69038,0.69558,0.69038,0.6947,7002
2022-06-20 00:00:00+00:00,0.69492,0.69592,0.69274,0.6952,39519
2022-06-20 04:00:00+00:00,0.69538,0.69861,0.69523,0.69798,33875
2022-06-20 08:00:00+00:00,0.69809,0.69957,0.6977,0.69872,25822
2022-06-20 12:00:00+00:00,0.69897,0.69897,0.69618,0.6977,24468
2022-06-20 16:00:00+00:00,0.6977,0.69794,0.6941,0.6951,10403
2022-06-20 20:00:00+00:00,0.69503,0.69723,0.69411,0.6968,10303
2022-06-21 00:00:00+00:00,0.69658,0.69822,0.69529,0.69776,32030
2022-06-21 04:00:00+00:00,0.6976,0.69865,0.6948,0.69781,30169
2022-06-21 08:00:00+00:00,0.69777,0.69817,0.69363,0.69458,29304
2022-06-21 12:00:00+00:00,0.69465,0.69919,0.6945,0.69731,38857
2022-06-21 16:00:00+00:00,0.69737,0.69811,0.6964,0.6968,26975
2022-06-21 20:00:00+00:00,0.6968,0.69736,0.6954,0.69594,10116
2022-06-22 00:00:00+00:00,0.69598,0.69608,0.69177,0.69245,31218
2022-06-22 04:00:00+00:00,0.69243,0.69323,0.68871,0.68961,35044
2022-06-22 08:00:00+00:00,0.68973,0.69112,0.6881,0.68924,33073
2022-06-22 12:00:00+00:00,0.68939,0.6946,0.6891,0.69318,44399
2022-06-22 16:00:00+00:00,0.69353,0.69473,0.69242,0.69302,29317
2022-06-22 20:00:00+00:00,0.6929,0.6932,0.69021,0.69049,9184
2022-06-23 00:00:00+00:00,0.69073,0.692,0.68838,0.6892,35522
2022-06-23 04:00:00+00:00,0.68929,0.69033,0.6869,0.68778,33775
2022-06-23 08:00:00+00:00,0.68793,0.68974,0.6873,0.68953,31170
2022-06-23 12:00:00+00:00,0.6894,0.69253,0.68913,0.68913,47562
2022-06-23 16:00:00+00:00,0.68899,0.69061,0.6875,0.6901,29902
2022-06-23 20:00:00+00:00,0.69025,0.69075,0.68812,0.69024,9757
2022-06-24 00:00:00+00:00,0.69026,0.69115,0.68914,0.69031,28724
2022-06-24 04:00:00+00:00,0.6902,0.69183,0.6899,0.6899,30875
2022-06-24 08:00:00+00:00,0.69001,0.69179,0.6887,0.68992,26538
2022-06-24 12:00:00+00:00,0.68979,0.69562,0.6896,0.69454,45816
2022-06-24 16:00:00+00:00,0.69468,0.69497,0.69325,0.69497,22942
2022-06-24 20:00:00+00:00,0.69492,0.69496,0.69041,0.69041,2739
2022-06-26 16:00:00+00:00,0.69059,0.69337,0.69059,0.69109,6
2022-06-26 20:00:00+00:00,0.6934,0.69578,0.69169,0.69437,6266
2022-06-27 00:00:00+00:00,0.69438,0.69438,0.6911,0.69195,34723
2022-06-27 04:00:00+00:00,0.69197,0.6945,0.69148,0.69387,34426
2022-06-27 08:00:00+00:00,0.6937,0.69419,0.69192,0.69241,26438
2022-06-27 12:00:00+00:00,0.69243,0.6948,0.69099,0.69399,39430
2022-06-27 16:00:00+00:00,0.69392,0.69397,0.6915,0.69187,25387
2022-06-27 20:00:00+00:00,0.69179,0.6929,0.69145,0.69208,8323
2022-06-28 00:00:00+00:00,0.69243,0.69373,0.69161,0.6927,32241
2022-06-28 04:00:00+00:00,0.69284,0.69625,0.6924,0.69461,34491
2022-06-28 08:00:00+00:00,0.69439,0.69615,0.6936,0.69416,28093
2022-06-28 12:00:00+00:00,0.69413,0.69475,0.69117,0.69156,41358
2022-06-28 16:00:00+00:00,0.69157,0.69256,0.6903,0.69084,29244
2022-06-28 20:00:00+00:00,0.69099,0.691,0.69008,0.69031,10659
2022-06-29 00:00:00+00:00,0.69042,0.69198,0.68984,0.69062,30857
2022-06-29 04:00:00+00:00,0.69064,0.69136,0.68784,0.68854,35413
2022-06-29 08:00:00+00:00,0.6885,0.68965,0.68624,0.68965,33439
2022-06-29 12:00:00+00:00,0.68974,0.6899,0.68624,0.68867,49415
2022-06-29 16:00:00+00:00,0.68869,0.68883,0.6871,0.6875,30884
2022-06-29 20:00:00+00:00,0.6875,0.68842,0.68692,0.68781,10486
2022-06-30 00:00:00+00:00,0.68733,0.69019,0.68533,0.68906,31506
2022-06-30 04:00:00+00:00,0.6889,0.68964,0.687,0.68806,32327
2022-06-30 08:00:00+00:00,0.68798,0.68951,0.6865,0.68799,30369
2022-06-30 12:00:00+00:00,0.68804,0.6914,0.68693,0.69055,44131
2022-06-30 16:00:00+00:00,0.69046,0.69177,0.6889,0.69044,34357
2022-06-30 20:00:00+00:00,0.69023,0.69048,0.6892,0.68976,11825
2022-07-01 00:00:00+00:00,0.68985,0.69018,0.68257,0.68318,36482
2022-07-01 04:00:00+00:00,0.68308,0.6836,0.67985,0.67987,40385
2022-07-01 08:00:00+00:00,0.6799,0.68174,0.67785,0.67831,33874
2022-07-01 12:00:00+00:00,0.67815,0.67985,0.6763,0.6788,50715
2022-07-01 16:00:00+00:00,0.67887,0.68273,0.6784,0.68181,30344
2022-07-01 20:00:00+00:00,0.68185,0.68185,0.68027,0.68087,2074
2022-07-03 16:00:00+00:00,0.68002,0.68042,0.67989,0.68029,10
2022-07-03 20:00:00+00:00,0.68053,0.68247,0.68029,0.68126,6930
2022-07-04 00:00:00+00:00,0.68192,0.68268,0.67947,0.68043,37949
2022-07-04 04:00:00+00:00,0.68039,0.68622,0.68033,0.68613,28718
2022-07-04 08:00:00+00:00,0.68599,0.68882,0.6847,0.68784,26400
2022-07-04 12:00:00+00:00,0.68775,0.68784,0.68445,0.68619,23405
2022-07-04 16:00:00+00:00,0.68618,0.68708,0.6858,0.68627,13221
2022-07-04 20:00:00+00:00,0.68624,0.68791,0.685,0.6868,13621
2022-07-05 00:00:00+00:00,0.68704,0.68937,0.68671,0.68752,33595
2022-07-05 04:00:00+00:00,0.68746,0.68824,0.68064,0.68166,36680
2022-07-05 08:00:00+00:00,0.68148,0.68173,0.6777,0.6781,38020
2022-07-05 12:00:00+00:00,0.67831,0.67876,0.67646,0.67717,48175
2022-07-05 16:00:00+00:00,0.67714,0.67973,0.6762,0.67969,30837
2022-07-05 20:00:00+00:00,0.6795,0.68033,0.6788,0.67938,11383
2022-07-06 00:00:00+00:00,0.67901,0.68183,0.6785,0.68051,36843
2022-07-06 04:00:00+00:00,0.68044,0.6819,0.6779,0.68099,38925
2022-07-06 08:00:00+00:00,0.68109,0.68199,0.6787,0.67925,30174
2022-07-06 12:00:00+00:00,0.68047,0.6825,0.6765,0.67735,46041
2022-07-06 16:00:00+00:00,0.67714,0.67971,0.676,0.67862,37102
2022-07-06 20:00:00+00:00,0.67866,0.67882,0.67704,0.67819,11269
2022-07-07 00:00:00+00:00,0.67756,0.68202,0.6762,0.68149,36805
2022-07-07 04:00:00+00:00,0.68173,0.68301,0.68043,0.68172,31989
2022-07-07 08:00:00+00:00,0.68168,0.68474,0.68054,0.68403,33018
2022-07-07 12:00:00+00:00,0.684,0.68408,0.6814,0.68261,36138
2022-07-07 16:00:00+00:00,0.6827,0.6848,0.6827,0.68415,22252
2022-07-07 20:00:00+00:00,0.68397,0.6848,0.68348,0.68472,10833
2022-07-08 00:00:00+00:00,0.68467,0.68603,0.68237,0.68281,34847
2022-07-08 04:00:00+00:00,0.6828,0.68314,0.6802,0.6818,32870
2022-07-08 08:00:00+00:00,0.68128,0.68372,0.6808,0.6832,29452
2022-07-08 12:00:00+00:00,0.68322,0.68737,0.67918,0.68585,47088
2022-07-08 16:00:00+00:00,0.68563,0.68563,0.68317,0.68497,25474
2022-07-08 20:00:00+00:00,0.68497,0.68568,0.68136,0.68136,2606
2022-07-09 08:00:00+00:00,0.6855,0.6855,0.68146,0.68146,2
2022-07-10 16:00:00+00:00,0.68299,0.6857,0.68299,0.68525,22
2022-07-10 20:00:00+00:00,0.68512,0.68534,0.68267,0.68445,7744
2022-07-11 00:00:00+00:00,0.68413,0.68442,0.6815,0.68243,37588
2022-07-11 04:00:00+00:00,0.68255,0.6829,0.68017,0.68037,31600
2022-07-11 08:00:00+00:00,0.68024,0.68124,0.6766,0.6766,29650
2022-07-11 12:00:00+00:00,0.677,0.67746,0.67159,0.6749,44545
2022-07-11 16:00:00+00:00,0.67482,0.67529,0.6724,0.67356,27650
2022-07-11 20:00:00+00:00,0.67361,0.67435,0.67282,0.67404,9592
2022-07-12 00:00:00+00:00,0.67412,0.67448,0.67158,0.673,39425
2022-07-12 04:00:00+00:00,0.6729,0.67346,0.6709,0.6719,36059
2022-07-12 08:00:00+00:00,0.67203,0.67442,0.6712,0.67345,35391
2022-07-12 12:00:00+00:00,0.67366,0.67776,0.67319,0.67709,43932
2022-07-12 16:00:00+00:00,0.67699,0.67748,0.67526,0.67601,24209
2022-07-12 20:00:00+00:00,0.67611,0.67611,0.67128,0.67456,11246
2022-07-13 00:00:00+00:00,0.67481,0.67785,0.6742,0.6767,34473
2022-07-13 04:00:00+00:00,0.67719,0.67749,0.6753,0.67728,33921
2022-07-13 08:00:00+00:00,0.67758,0.67956,0.6768,0.67937,29582
2022-07-13 12:00:00+00:00,0.67913,0.68021,0.67272,0.67823,63943
2022-07-13 16:00:00+00:00,0.67852,0.67927,0.6755,0.67609,38630
2022-07-13 20:00:00+00:00,0.67597,0.67617,0.6728,0.67327,14013
2022-07-14 00:00:00+00:00,0.67336,0.67846,0.6731,0.6778,36474
2022-07-14 04:00:00+00:00,0.6778,0.67807,0.67489,0.67692,38772
2022-07-14 08:00:00+00:00,0.67672,0.67703,0.6709,0.67186,37976
2022-07-14 12:00:00+00:00,0.67157,0.67495,0.6681,0.67415,55930
2022-07-14 16:00:00+00:00,0.67392,0.67584,0.67153,0.67458,40489
2022-07-14 20:00:00+00:00,0.6745,0.67556,0.67176,0.6755,12429
2022-07-15 00:00:00+00:00,0.6757,0.6763,0.6735,0.67419,36384
2022-07-15 04:00:00+00:00,0.67429,0.67478,0.67191,0.67279,35019
2022-07-15 08:00:00+00:00,0.67265,0.67613,0.67196,0.6752,32066
2022-07-15 12:00:00+00:00,0.67538,0.68026,0.67468,0.67921,51967
2022-07-15 16:00:00+00:00,0.67916,0.67963,0.6781,0.67942,21550
2022-07-15 20:00:00+00:00,0.6794,0.6795,0.67616,0.67616,1819
2022-07-16 16:00:00+00:00,0.67796,0.67796,0.67796,0.67796,2
2022-07-17 16:00:00+00:00,0.67791,0.67856,0.67764,0.67822,19
2022-07-17 20:00:00+00:00,0.67846,0.6813,0.67735,0.6812,6827
2022-07-18 00:00:00+00:00,0.6809,0.68184,0.6796,0.6809,31470
2022-07-18 04:00:00+00:00,0.68078,0.68349,0.67934,0.68306,32711
2022-07-18 08:00:00+00:00,0.68302,0.68429,0.6824,0.6828,28404
2022-07-18 12:00:00+00:00,0.68273,0.68532,0.68161,0.68378,37632
2022-07-18 16:00:00+00:00,0.68356,0.6843,0.68076,0.68124,25067
2022-07-18 20:00:00+00:00,0.68139,0.68139,0.6802,0.6808,9834
2022-07-19 00:00:00+00:00,0.6807,0.68407,0.6801,0.68382,25199
2022-07-19 04:00:00+00:00,0.68402,0.6879,0.6834,0.6879,33043
2022-07-19 08:00:00+00:00,0.68791,0.69017,0.68791,0.68976,32653
2022-07-19 12:00:00+00:00,0.68973,0.69073,0.6884,0.69025,37824
2022-07-19 16:00:00+00:00,0.6899,0.69117,0.6888,0.68977,19355
2022-07-19 20:00:00+00:00,0.68971,0.69061,0.68902,0.68953,10623
2022-07-20 00:00:00+00:00,0.689,0.69197,0.689,0.69153,23110
2022-07-20 04:00:00+00:00,0.69145,0.69252,0.6898,0.69066,30082
2022-07-20 08:00:00+00:00,0.6904,0.69289,0.68931,0.69008,30725
2022-07-20 12:00:00+00:00,0.68994,0.69134,0.68841,0.6896,39692
2022-07-20 16:00:00+00:00,0.68963,0.69,0.6872,0.68858,29481
2022-07-20 20:00:00+00:00,0.6885,0.68907,0.6878,0.68837,11795
2022-07-21 00:00:00+00:00,0.68826,0.68975,0.68811,0.6888,26596
2022-07-21 04:00:00+00:00,0.6889,0.6916,0.68716,0.68744,31639
2022-07-21 08:00:00+00:00,0.68735,0.68799,0.68589,0.68694,30406
2022-07-21 12:00:00+00:00,0.68695,0.69071,0.68657,0.68973,54248
2022-07-21 16:00:00+00:00,0.68952,0.69202,0.6888,0.69202,25216
2022-07-21 20:00:00+00:00,0.69188,0.69368,0.6916,0.69218,13764
2022-07-22 00:00:00+00:00,0.69209,0.69283,0.6903,0.69121,26342
2022-07-22 04:00:00+00:00,0.691,0.69247,0.68948,0.69073,27883
2022-07-22 08:00:00+00:00,0.69077,0.69429,0.6905,0.694,32839
2022-07-22 12:00:00+00:00,0.694,0.69742,0.6937,0.69459,47066
2022-07-22 16:00:00+00:00,0.69451,0.69478,0.6907,0.69194,29806
2022-07-22 20:00:00+00:00,0.69184,0.69255,0.68717,0.68717,2424
2022-07-23 08:00:00+00:00,0.6924,0.6924,0.68757,0.68817,4
2022-07-24 16:00:00+00:00,0.69079,0.69292,0.69079,0.69292,11
2022-07-24 20:00:00+00:00,0.6932,0.69321,0.6901,0.69035,6972
2022-07-25 00:00:00+00:00,0.69073,0.69124,0.68834,0.69067,33779
2022-07-25 04:00:00+00:00,0.6904,0.69253,0.6896,0.692,29423
2022-07-25 08:00:00+00:00,0.69215,0.69597,0.692,0.69526,29209
2022-07-25 12:00:00+00:00,0.6952,0.69635,0.69415,0.6951,37515
2022-07-25 16:00:00+00:00,0.69518,0.69623,0.6948,0.69611,18466
2022-07-25 20:00:00+00:00,0.69607,0.6961,0.69348,0.6947,8680
2022-07-26 00:00:00+00:00,0.695,0.69812,0.6947,0.69602,25495
2022-07-26 04:00:00+00:00,0.69603,0.69708,0.6954,0.69642,24190
2022-07-26 08:00:00+00:00,0.69652,0.69671,0.69227,0.693,27027
2022-07-26 12:00:00+00:00,0.69311,0.69585,0.6924,0.69385,36907
2022-07-26 16:00:00+00:00,0.6937,0.69452,0.6928,0.69327,19897
2022-07-26 20:00:00+00:00,0.69347,0.69512,0.69319,0.69453,11160
2022-07-27 00:00:00+00:00,0.69456,0.69572,0.69137,0.6918,25353
2022-07-27 04:00:00+00:00,0.69211,0.69438,0.692,0.6935,23006
2022-07-27 08:00:00+00:00,0.6933,0.69545,0.6933,0.69469,23465
2022-07-27 12:00:00+00:00,0.69471,0.69482,0.6915,0.69189,30694
2022-07-27 16:00:00+00:00,0.69203,0.70101,0.69141,0.6994,42113
2022-07-27 20:00:00+00:00,0.69927,0.70018,0.69832,0.69935,13630
2022-07-28 00:00:00+00:00,0.69941,0.69985,0.698,0.69949,30695
2022-07-28 04:00:00+00:00,0.69962,0.70134,0.6983,0.69981,28876
2022-07-28 08:00:00+00:00,0.69959,0.70046,0.6964,0.69693,32486
2022-07-28 12:00:00+00:00,0.6969,0.69937,0.69558,0.69721,49962
2022-07-28 16:00:00+00:00,0.69713,0.69823,0.6955,0.69805,20894
2022-07-28 20:00:00+00:00,0.69811,0.70003,0.6979,0.69974,12407
2022-07-29 00:00:00+00:00,0.69982,0.70114,0.6992,0.7006,27864
2022-07-29 04:00:00+00:00,0.70079,0.70307,0.7,0.70241,33910
2022-07-29 08:00:00+00:00,0.70217,0.70217,0.69707,0.69719,32375
2022-07-29 12:00:00+00:00,0.69708,0.69839,0.69134,0.69837,50933
2022-07-29 16:00:00+00:00,0.69823,0.6998,0.69689,0.69867,20919
2022-07-29 20:00:00+00:00,0.69856,0.69962,0.6918,0.6918,3011
2022-07-31 16:00:00+00:00,0.69296,0.69672,0.69296,0.69672,10
2022-07-31 20:00:00+00:00,0.69672,0.69854,0.69551,0.69705,5970
2022-08-01 00:00:00+00:00,0.69716,0.69996,0.6967,0.69829,26128
2022-08-01 04:00:00+00:00,0.69838,0.7016,0.6978,0.7016,22877
2022-08-01 08:00:00+00:00,0.70178,0.7046,0.70139,0.70388,26698
2022-08-01 12:00:00+00:00,0.7037,0.70449,0.70087,0.70331,39796
2022-08-01 16:00:00+00:00,0.7035,0.70366,0.7011,0.7023,21001
2022-08-01 20:00:00+00:00,0.7022,0.70308,0.70046,0.70237,9854
2022-08-02 00:00:00+00:00,0.70241,0.70307,0.7007,0.70163,35085
2022-08-02 04:00:00+00:00,0.7015,0.70195,0.6924,0.69272,39394
2022-08-02 08:00:00+00:00,0.69288,0.69422,0.6915,0.69349,31350
2022-08-02 12:00:00+00:00,0.69339,0.69643,0.69141,0.69515,47949
2022-08-02 16:00:00+00:00,0.69522,0.69609,0.692,0.69222,27374
2022-08-02 20:00:00+00:00,0.69215,0.69254,0.68896,0.68904,14266
2022-08-03 00:00:00+00:00,0.68911,0.6934,0.6886,0.6933,30383
2022-08-03 04:00:00+00:00,0.69333,0.69393,0.69209,0.69296,30473
2022-08-03 08:00:00+00:00,0.6931,0.69451,0.69215,0.69412,26579
2022-08-03 12:00:00+00:00,0.6943,0.6945,0.69064,0.69291,41244
2022-08-03 16:00:00+00:00,0.6925,0.69545,0.6925,0.6947,21161
2022-08-03 20:00:00+00:00,0.6947,0.69523,0.69232,0.6937,10503
2022-08-04 00:00:00+00:00,0.6938,0.69622,0.6932,0.69542,24021
2022-08-04 04:00:00+00:00,0.6955,0.69745,0.6953,0.69675,26705
2022-08-04 08:00:00+00:00,0.69673,0.69894,0.69592,0.6964,28205
2022-08-04 12:00:00+00:00,0.69644,0.69724,0.69462,0.69649,42555
2022-08-04 16:00:00+00:00,0.69646,0.69822,0.6961,0.69744,19981
2022-08-04 20:00:00+00:00,0.69751,0.69751,0.6957,0.69595,11387
2022-08-05 00:00:00+00:00,0.69584,0.69698,0.6952,0.69634,24552
2022-08-05 04:00:00+00:00,0.6963,0.69748,0.6958,0.69645,25217
2022-08-05 08:00:00+00:00,0.69625,0.69634,0.694,0.69499,21980
2022-08-05 12:00:00+00:00,0.69503,0.69561,0.68707,0.68995,49686
2022-08-05 16:00:00+00:00,0.68984,0.69184,0.68972,0.69124,25733
2022-08-05 20:00:00+00:00,0.6913,0.69158,0.6891,0.68917,2381
2022-08-06 08:00:00+00:00,0.6908,0.6908,0.68957,0.6908,9
2022-08-06 12:00:00+00:00,0.68957,0.68957,0.68957,0.68957,1
2022-08-07 16:00:00+00:00,0.68669,0.6912,0.68669,0.6912,18
2022-08-07 20:00:00+00:00,0.69138,0.69138,0.68943,0.6903,6108
2022-08-08 00:00:00+00:00,0.69018,0.69314,0.68989,0.69278,26539
2022-08-08 04:00:00+00:00,0.6924,0.69699,0.6924,0.69694,25477
2022-08-08 08:00:00+00:00,0.69673,0.69769,0.6952,0.69769,23758
2022-08-08 12:00:00+00:00,0.6979,0.70081,0.6976,0.69902,30791
2022-08-08 16:00:00+00:00,0.69885,0.69927,0.69757,0.69826,23255
2022-08-08 20:00:00+00:00,0.6981,0.69927,0.69661,0.69884,8938
2022-08-09 00:00:00+00:00,0.69882,0.69931,0.69699,0.69886,20640
2022-08-09 04:00:00+00:00,0.69888,0.69888,0.6963,0.69783,21496
2022-08-09 08:00:00+00:00,0.69763,0.69932,0.6964,0.69664,25080
2022-08-09 12:00:00+00:00,0.69681,0.69845,0.6963,0.6968,32600
2022-08-09 16:00:00+00:00,0.69716,0.6974,0.6951,0.69595,15625
2022-08-09 20:00:00+00:00,0.69598,0.6966,0.69386,0.6954,7490
2022-08-10 00:00:00+00:00,0.6951,0.69647,0.6946,0.69592,16079
2022-08-10 04:00:00+00:00,0.69593,0.6971,0.6947,0.69646,17340
2022-08-10 08:00:00+00:00,0.6961,0.69829,0.6961,0.69829,17573
2022-08-10 12:00:00+00:00,0.69833,0.7101,0.69734,0.70972,37057
2022-08-10 16:00:00+00:00,0.7098,0.71074,0.7077,0.70806,19993
2022-08-10 20:00:00+00:00,0.70801,0.70865,0.70724,0.70817,9369
2022-08-11 00:00:00+00:00,0.70837,0.70872,0.7062,0.70714,19738
2022-08-11 04:00:00+00:00,0.70716,0.70996,0.7063,0.70992,23567
2022-08-11 08:00:00+00:00,0.70967,0.7116,0.7088,0.71081,23168
2022-08-11 12:00:00+00:00,0.71069,0.71357,0.7105,0.71171,37295
2022-08-11 16:00:00+00:00,0.71186,0.71201,0.7094,0.70994,19230
2022-08-11 20:00:00+00:00,0.71,0.71086,0.7095,0.71011,8213
2022-08-12 00:00:00+00:00,0.71071,0.71158,0.7088,0.7115,17203
2022-08-12 04:00:00+00:00,0.71151,0.71267,0.711,0.71264,20044
2022-08-12 08:00:00+00:00,0.7121,0.71259,0.70851,0.70859,21643
2022-08-12 12:00:00+00:00,0.70857,0.7112,0.70857,0.71044,32893
2022-08-12 16:00:00+00:00,0.71054,0.71276,0.71045,0.71245,14463
2022-08-12 20:00:00+00:00,0.71227,0.71263,0.70935,0.71263,1816
2022-08-14 16:00:00+00:00,0.70679,0.71115,0.70679,0.71069,10
2022-08-14 20:00:00+00:00,0.71121,0.71242,0.71084,0.7114,3742
2022-08-15 00:00:00+00:00,0.71158,0.71246,0.7094,0.71053,25652
2022-08-15 04:00:00+00:00,0.7106,0.7106,0.7062,0.70623,23841
2022-08-15 08:00:00+00:00,0.70631,0.7067,0.70222,0.70277,26310
2022-08-15 12:00:00+00:00,0.70267,0.70449,0.7012,0.70441,31430
2022-08-15 16:00:00+00:00,0.70432,0.70432,0.7017,0.70235,14677
2022-08-15 20:00:00+00:00,0.70229,0.70237,0.70148,0.7016,7944
2022-08-16 00:00:00+00:00,0.70165,0.70383,0.6999,0.70223,23157
2022-08-16 04:00:00+00:00,0.70225,0.70392,0.69908,0.70144,23212
2022-08-16 08:00:00+00:00,0.7013,0.7019,0.6993,0.69981,25833
2022-08-16 12:00:00+00:00,0.69985,0.70227,0.6996,0.70099,30613
2022-08-16 16:00:00+00:00,0.70092,0.70313,0.70025,0.7024,15277
2022-08-16 20:00:00+00:00,0.70231,0.7026,0.7009,0.70194,7753
2022-08-17 00:00:00+00:00,0.70185,0.70259,0.6987,0.70012,23720
2022-08-17 04:00:00+00:00,0.70011,0.70235,0.69737,0.69771,26341
2022-08-17 08:00:00+00:00,0.69761,0.69798,0.6928,0.69377,25904
2022-08-17 12:00:00+00:00,0.69401,0.69419,0.6911,0.69128,32553
2022-08-17 16:00:00+00:00,0.69151,0.69598,0.69148,0.69358,28770
2022-08-17 20:00:00+00:00,0.69364,0.6938,0.69189,0.693,7934
2022-08-18 00:00:00+00:00,0.69326,0.69499,0.69185,0.69204,21982
2022-08-18 04:00:00+00:00,0.692,0.69423,0.68989,0.69212,25157
2022-08-18 08:00:00+00:00,0.69225,0.69695,0.69225,0.69609,25660
2022-08-18 12:00:00+00:00,0.69593,0.69681,0.69278,0.69284,31983
2022-08-18 16:00:00+00:00,0.69279,0.6928,0.69054,0.69204,20740
2022-08-18 20:00:00+00:00,0.69217,0.69217,0.6908,0.6911,8455
2022-08-19 00:00:00+00:00,0.69117,0.69182,0.68882,0.69142,22413
2022-08-19 04:00:00+00:00,0.69158,0.69178,0.69,0.69099,25272
2022-08-19 08:00:00+00:00,0.69101,0.69148,0.6875,0.689,25240
2022-08-19 12:00:00+00:00,0.68915,0.69076,0.68593,0.68684,32485
2022-08-19 16:00:00+00:00,0.68692,0.68808,0.68657,0.68756,18184
2022-08-19 20:00:00+00:00,0.68768,0.68789,0.68541,0.68747,2448
2022-08-20 04:00:00+00:00,0.6872,0.68737,0.6872,0.68737,2
2022-08-21 20:00:00+00:00,0.68737,0.68737,0.68737,0.68737,1
2022-08-22 04:00:00+00:00,0.68915,0.69037,0.6886,0.68881,15627
2022-08-22 08:00:00+00:00,0.6883,0.69262,0.6881,0.69093,27139
2022-08-22 12:00:00+00:00,0.69089,0.69114,0.68622,0.68701,26749
2022-08-22 16:00:00+00:00,0.68716,0.68862,0.6864,0.68779,16462
2022-08-22 20:00:00+00:00,0.6875,0.68841,0.6872,0.68781,10809
2022-08-23 00:00:00+00:00,0.68788,0.68992,0.6873,0.68981,25195
2022-08-23 04:00:00+00:00,0.68979,0.68982,0.6854,0.68808,27711
2022-08-23 08:00:00+00:00,0.68797,0.68941,0.68671,0.68759,22967
2022-08-23 12:00:00+00:00,0.68744,0.69597,0.6862,0.69414,37632
2022-08-23 16:00:00+00:00,0.6941,0.69439,0.6916,0.69293,19754
2022-08-23 20:00:00+00:00,0.69278,0.69309,0.691,0.692,8709
2022-08-24 00:00:00+00:00,0.69175,0.69248,0.6892,0.69018,21764
2022-08-24 04:00:00+00:00,0.69,0.69224,0.6896,0.69224,22577
2022-08-24 08:00:00+00:00,0.69203,0.69284,0.6889,0.68975,23134
2022-08-24 12:00:00+00:00,0.68982,0.69178,0.6876,0.69117,35110
2022-08-24 16:00:00+00:00,0.69109,0.69169,0.6899,0.69107,18014
2022-08-24 20:00:00+00:00,0.6909,0.69131,0.68959,0.69053,8035
2022-08-25 00:00:00+00:00,0.6902,0.69472,0.6899,0.69466,21620
2022-08-25 04:00:00+00:00,0.69452,0.69818,0.6942,0.69785,30665
2022-08-25 08:00:00+00:00,0.69817,0.69897,0.6966,0.69722,28393
2022-08-25 12:00:00+00:00,0.69726,0.6979,0.69512,0.69603,36836
2022-08-25 16:00:00+00:00,0.69595,0.698,0.69563,0.69791,20936
2022-08-25 20:00:00+00:00,0.6975,0.69811,0.696,0.69619,8770
2022-08-26 00:00:00+00:00,0.69638,0.69698,0.6952,0.69668,22249
2022-08-26 04:00:00+00:00,0.69656,0.6966,0.695,0.69569,10491
2022-08-26 08:00:00+00:00,0.69568,0.69841,0.6954,0.69767,22726
2022-08-26 12:00:00+00:00,0.69793,0.70071,0.69133,0.69195,55229
2022-08-26 16:00:00+00:00,0.69203,0.69203,0.6886,0.6889,27103
2022-08-26 20:00:00+00:00,0.68917,0.68923,0.67336,0.68198,2084
2022-08-27 04:00:00+00:00,0.6889,0.6889,0.68538,0.68538,2
2022-08-28 16:00:00+00:00,0.68916,0.69011,0.68916,0.68937,23
2022-08-28 20:00:00+00:00,0.68938,0.68938,0.6859,0.68643,6937
2022-08-29 00:00:00+00:00,0.68688,0.6873,0.68492,0.68583,30315
2022-08-29 04:00:00+00:00,0.68603,0.68635,0.6839,0.68556,31718
2022-08-29 08:00:00+00:00,0.68567,0.68773,0.6845,0.6876,28237
2022-08-29 12:00:00+00:00,0.68742,0.69246,0.6868,0.69063,37195
2022-08-29 16:00:00+00:00,0.6902,0.69153,0.6897,0.69017,22560
2022-08-29 20:00:00+00:00,0.6901,0.69095,0.68897,0.69071,9207
2022-08-30 00:00:00+00:00,0.69073,0.69159,0.6874,0.68865,29293
2022-08-30 04:00:00+00:00,0.6885,0.6928,0.6882,0.69249,32875
2022-08-30 08:00:00+00:00,0.69253,0.69554,0.69253,0.69329,29276
2022-08-30 12:00:00+00:00,0.69321,0.69328,0.68598,0.68756,45895
2022-08-30 16:00:00+00:00,0.68755,0.68804,0.68461,0.6856,31155
2022-08-30 20:00:00+00:00,0.68574,0.68595,0.68425,0.68542,8589
2022-08-31 00:00:00+00:00,0.68546,0.68771,0.685,0.6876,24348
2022-08-31 04:00:00+00:00,0.68795,0.69034,0.6877,0.68791,30023
2022-08-31 08:00:00+00:00,0.68798,0.68842,0.68459,0.68564,30850
2022-08-31 12:00:00+00:00,0.68565,0.68712,0.68417,0.68629,46012
2022-08-31 16:00:00+00:00,0.68624,0.68635,0.68416,0.68419,27927
2022-08-31 20:00:00+00:00,0.68425,0.6847,0.68262,0.68278,13729
2022-09-01 00:00:00+00:00,0.68262,0.68299,0.6797,0.68033,27778
2022-09-01 04:00:00+00:00,0.68,0.68382,0.6792,0.68339,32080
2022-09-01 08:00:00+00:00,0.68337,0.68434,0.6809,0.68323,32431
2022-09-01 12:00:00+00:00,0.68329,0.6834,0.677,0.67776,46227
2022-09-01 16:00:00+00:00,0.67819,0.67949,0.67739,0.67853,29527
2022-09-01 20:00:00+00:00,0.67849,0.67954,0.67803,0.6795,9493
2022-09-02 00:00:00+00:00,0.6796,0.67997,0.6783,0.67903,24869
2022-09-02 04:00:00+00:00,0.67908,0.67995,0.6779,0.67945,26411
2022-09-02 08:00:00+00:00,0.67937,0.68128,0.67937,0.68111,22516
2022-09-02 12:00:00+00:00,0.68122,0.68543,0.68043,0.68436,49327
2022-09-02 16:00:00+00:00,0.68444,0.68444,0.67958,0.68075,36719
2022-09-02 20:00:00+00:00,0.6807,0.68138,0.67935,0.67995,3726
2022-09-04 16:00:00+00:00,0.67939,0.6805,0.67939,0.67978,23
2022-09-04 20:00:00+00:00,0.6798,0.68001,0.67748,0.67883,7405
2022-09-05 00:00:00+00:00,0.67903,0.68,0.67746,0.67941,33769
2022-09-05 04:00:00+00:00,0.67942,0.67969,0.67729,0.67748,33407
2022-09-05 08:00:00+00:00,0.67741,0.68011,0.67738,0.67911,27542
2022-09-05 12:00:00+00:00,0.67908,0.6802,0.6783,0.6802,23672
2022-09-05 16:00:00+00:00,0.68022,0.68031,0.6794,0.68001,6504
2022-09-05 20:00:00+00:00,0.6799,0.68146,0.6792,0.6811,10286
2022-09-06 00:00:00+00:00,0.68105,0.68318,0.6796,0.6796,31120
2022-09-06 04:00:00+00:00,0.68014,0.68129,0.6778,0.67907,38162
2022-09-06 08:00:00+00:00,0.67882,0.67896,0.6761,0.67732,32134
2022-09-06 12:00:00+00:00,0.67722,0.67768,0.67314,0.67489,46409
2022-09-06 16:00:00+00:00,0.67476,0.67496,0.6726,0.67328,31920
2022-09-06 20:00:00+00:00,0.67322,0.6738,0.6724,0.67277,11183
2022-09-07 00:00:00+00:00,0.6728,0.67317,0.6699,0.67062,34115
2022-09-07 04:00:00+00:00,0.67057,0.67317,0.67014,0.67305,33058
2022-09-07 08:00:00+00:00,0.67292,0.67367,0.6702,0.6702,34316
2022-09-07 12:00:00+00:00,0.67014,0.67334,0.6699,0.6728,40638
2022-09-07 16:00:00+00:00,0.67296,0.67683,0.6723,0.67676,25265
2022-09-07 20:00:00+00:00,0.67669,0.67725,0.6748,0.6752,10892
2022-09-08 00:00:00+00:00,0.67516,0.67557,0.67138,0.67198,31973
2022-09-08 04:00:00+00:00,0.67211,0.67646,0.67211,0.67328,33194
2022-09-08 08:00:00+00:00,0.67344,0.67579,0.6719,0.67538,31932
2022-09-08 12:00:00+00:00,0.67551,0.67557,0.67191,0.67374,53482
2022-09-08 16:00:00+00:00,0.67376,0.6761,0.67217,0.67493,32362
2022-09-08 20:00:00+00:00,0.67495,0.67658,0.6746,0.67643,7718
2022-09-09 00:00:00+00:00,0.6762,0.68252,0.6761,0.6823,26551
2022-09-09 04:00:00+00:00,0.68206,0.68636,0.682,0.68603,33557
2022-09-09 08:00:00+00:00,0.68581,0.68758,0.68278,0.68294,32972
2022-09-09 12:00:00+00:00,0.6824,0.68541,0.68229,0.68455,39987
2022-09-09 16:00:00+00:00,0.68413,0.68481,0.6835,0.68439,19890
2022-09-09 20:00:00+00:00,0.68434,0.6847,0.67306,0.6847,2288
2022-09-10 04:00:00+00:00,0.684,0.6846,0.684,0.6846,2
2022-09-10 12:00:00+00:00,0.6847,0.6847,0.6847,0.6847,1
2022-09-11 16:00:00+00:00,0.68243,0.68464,0.68033,0.68036,57
2022-09-11 20:00:00+00:00,0.68051,0.68497,0.6803,0.68456,7381
2022-09-12 00:00:00+00:00,0.6845,0.68512,0.6824,0.6835,24546
2022-09-12 04:00:00+00:00,0.68333,0.6887,0.6826,0.68782,31538
2022-09-12 08:00:00+00:00,0.68779,0.68857,0.6859,0.6878,30600
2022-09-12 12:00:00+00:00,0.68767,0.68888,0.68709,0.6885,36971
2022-09-12 16:00:00+00:00,0.68867,0.68988,0.6873,0.68827,22316
2022-09-12 20:00:00+00:00,0.6881,0.6896,0.6881,0.68928,7570
2022-09-13 00:00:00+00:00,0.68931,0.68966,0.6861,0.68691,23306
2022-09-13 04:00:00+00:00,0.68679,0.68891,0.6863,0.68884,25635
2022-09-13 08:00:00+00:00,0.68889,0.69155,0.68869,0.69096,24479
2022-09-13 12:00:00+00:00,0.69095,0.69097,0.6762,0.6762,52455
2022-09-13 16:00:00+00:00,0.67606,0.67693,0.6726,0.67321,27094
2022-09-13 20:00:00+00:00,0.67343,0.67418,0.67248,0.67405,12454
2022-09-14 00:00:00+00:00,0.67392,0.67473,0.6724,0.67291,28428
2022-09-14 04:00:00+00:00,0.67289,0.67412,0.67058,0.67261,34618
2022-09-14 08:00:00+00:00,0.67255,0.67415,0.67075,0.67098,34312
2022-09-14 12:00:00+00:00,0.67121,0.67572,0.67111,0.67504,45688
2022-09-14 16:00:00+00:00,0.67508,0.67596,0.6732,0.67439,26736
2022-09-14 20:00:00+00:00,0.67436,0.67617,0.67319,0.675,10271
2022-09-15 00:00:00+00:00,0.67505,0.67698,0.67411,0.67584,23921
2022-09-15 04:00:00+00:00,0.6757,0.67613,0.6744,0.676,25480
2022-09-15 08:00:00+00:00,0.67595,0.67595,0.67187,0.6729,27322
2022-09-15 12:00:00+00:00,0.67289,0.67474,0.67051,0.67072,43350
2022-09-15 16:00:00+00:00,0.67059,0.67285,0.6694,0.6702,24967
2022-09-15 20:00:00+00:00,0.6703,0.6721,0.6684,0.6685,9613
2022-09-16 00:00:00+00:00,0.66885,0.67212,0.66885,0.67123,29902
2022-09-16 04:00:00+00:00,0.67132,0.67241,0.66712,0.66757,29704
2022-09-16 08:00:00+00:00,0.66731,0.66957,0.66708,0.66911,29533
2022-09-16 12:00:00+00:00,0.66917,0.67107,0.6672,0.6701,43126
2022-09-16 16:00:00+00:00,0.66991,0.67199,0.6686,0.67193,27007
2022-09-16 20:00:00+00:00,0.67209,0.6723,0.66981,0.66981,3013
2022-09-17 04:00:00+00:00,0.6767,0.6767,0.67041,0.67041,2
2022-09-18 16:00:00+00:00,0.66899,0.67099,0.66899,0.67099,13
2022-09-18 20:00:00+00:00,0.67124,0.67315,0.67049,0.67247,6160
2022-09-19 00:00:00+00:00,0.67277,0.67315,0.67002,0.67059,27674
2022-09-19 04:00:00+00:00,0.67065,0.67109,0.66827,0.66832,26030
2022-09-19 08:00:00+00:00,0.6682,0.66907,0.66726,0.66772,25707
2022-09-19 12:00:00+00:00,0.6678,0.6707,0.66738,0.66931,33609
2022-09-19 16:00:00+00:00,0.6695,0.67266,0.66914,0.67262,21800
2022-09-19 20:00:00+00:00,0.6727,0.67337,0.6721,0.67321,9692
2022-09-20 00:00:00+00:00,0.67356,0.67454,0.67128,0.67309,28877
2022-09-20 04:00:00+00:00,0.67291,0.67318,0.67066,0.67178,28734
2022-09-20 08:00:00+00:00,0.67167,0.67182,0.6692,0.67051,28889
2022-09-20 12:00:00+00:00,0.6704,0.67063,0.66846,0.67026,39587
2022-09-20 16:00:00+00:00,0.67039,0.67039,0.6676,0.66923,29034
2022-09-20 20:00:00+00:00,0.66943,0.66959,0.6684,0.66947,10159
2022-09-21 00:00:00+00:00,0.66939,0.67024,0.6673,0.66773,23959
2022-09-21 04:00:00+00:00,0.66773,0.66827,0.6653,0.66696,34109
2022-09-21 08:00:00+00:00,0.66698,0.66778,0.6662,0.66715,26814
2022-09-21 12:00:00+00:00,0.66727,0.66759,0.66538,0.66603,34698
2022-09-21 16:00:00+00:00,0.66583,0.6702,0.66219,0.66368,47503
2022-09-21 20:00:00+00:00,0.66364,0.66376,0.6606,0.661,13848
2022-09-22 00:00:00+00:00,0.6611,0.66124,0.6582,0.6589,33308
2022-09-22 04:00:00+00:00,0.65918,0.66097,0.65746,0.66088,33783
2022-09-22 08:00:00+00:00,0.6608,0.66683,0.6608,0.66506,46404
2022-09-22 12:00:00+00:00,0.66521,0.66695,0.6614,0.66351,44014
2022-09-22 16:00:00+00:00,0.66357,0.66507,0.66357,0.66436,31373
2022-09-22 20:00:00+00:00,0.66432,0.66454,0.6638,0.66436,9401
2022-09-23 00:00:00+00:00,0.66454,0.66547,0.6614,0.66177,24570
2022-09-23 04:00:00+00:00,0.66175,0.66323,0.66004,0.66008,32595
2022-09-23 08:00:00+00:00,0.65996,0.66048,0.65596,0.6575,44226
2022-09-23 12:00:00+00:00,0.65759,0.659,0.65359,0.65423,49664
2022-09-23 16:00:00+00:00,0.654,0.65447,0.65125,0.65327,33856
2022-09-23 20:00:00+00:00,0.6532,0.65345,0.64693,0.64693,3468
2022-09-24 04:00:00+00:00,0.6526,0.6526,0.65213,0.65213,4
2022-09-25 16:00:00+00:00,0.65089,0.65137,0.65089,0.65119,19
2022-09-25 20:00:00+00:00,0.65119,0.6536,0.65094,0.65307,10291
2022-09-26 00:00:00+00:00,0.65281,0.65361,0.64917,0.65019,52704
2022-09-26 04:00:00+00:00,0.65002,0.65309,0.64833,0.65023,53608
2022-09-26 08:00:00+00:00,0.65048,0.65248,0.64858,0.64892,42784
2022-09-26 12:00:00+00:00,0.64931,0.65213,0.64569,0.64636,49969
2022-09-26 16:00:00+00:00,0.64652,0.64711,0.6437,0.64593,37903
2022-09-26 20:00:00+00:00,0.64616,0.64725,0.6441,0.64713,16611
2022-09-27 00:00:00+00:00,0.64722,0.64942,0.64707,0.64806,37903
2022-09-27 04:00:00+00:00,0.64808,0.65119,0.64771,0.64917,39014
2022-09-27 08:00:00+00:00,0.64912,0.64987,0.64748,0.64885,37268
2022-09-27 12:00:00+00:00,0.64884,0.64931,0.64412,0.64433,51783
2022-09-27 16:00:00+00:00,0.64429,0.64453,0.64143,0.64294,37119
2022-09-27 20:00:00+00:00,0.64294,0.6439,0.6411,0.6434,12628
2022-09-28 00:00:00+00:00,0.64355,0.64446,0.63905,0.63991,43238
2022-09-28 04:00:00+00:00,0.63979,0.6401,0.63637,0.63917,46219
2022-09-28 08:00:00+00:00,0.63937,0.64421,0.6365,0.64038,54480
2022-09-28 12:00:00+00:00,0.64101,0.65105,0.64071,0.65105,55463
2022-09-28 16:00:00+00:00,0.65129,0.65297,0.65023,0.65168,34718
2022-09-28 20:00:00+00:00,0.65171,0.65245,0.65026,0.65026,16439
2022-09-29 00:00:00+00:00,0.65052,0.65081,0.6471,0.6487,37318
2022-09-29 04:00:00+00:00,0.6486,0.64928,0.64365,0.64471,43742
2022-09-29 08:00:00+00:00,0.64406,0.65009,0.64406,0.64863,49387
2022-09-29 12:00:00+00:00,0.64864,0.64952,0.64491,0.6489,58907
2022-09-29 16:00:00+00:00,0.64889,0.65012,0.64645,0.64955,30399
2022-09-29 20:00:00+00:00,0.64938,0.65175,0.64777,0.65082,17352
2022-09-30 00:00:00+00:00,0.65072,0.65107,0.64815,0.64843,42395
2022-09-30 04:00:00+00:00,0.64864,0.65067,0.6476,0.6502,43916
2022-09-30 08:00:00+00:00,0.65082,0.65238,0.64601,0.64642,46457
2022-09-30 12:00:00+00:00,0.64664,0.64849,0.64274,0.64355,55625
2022-09-30 16:00:00+00:00,0.64322,0.64322,0.6389,0.63962,32327
2022-09-30 20:00:00+00:00,0.63967,0.64012,0.63743,0.6397,4216
2022-10-02 16:00:00+00:00,0.63933,0.64015,0.63933,0.64013,15
2022-10-02 20:00:00+00:00,0.64021,0.64267,0.63971,0.6418,8030
2022-10-03 00:00:00+00:00,0.6416,0.64483,0.6412,0.64298,32220
2022-10-03 04:00:00+00:00,0.64281,0.64581,0.6418,0.64478,45441
2022-10-03 08:00:00+00:00,0.64456,0.64577,0.6436,0.64577,35981
2022-10-03 12:00:00+00:00,0.64562,0.65159,0.64522,0.64996,46453
2022-10-03 16:00:00+00:00,0.65015,0.65213,0.64976,0.65141,27611
2022-10-03 20:00:00+00:00,0.65143,0.65177,0.6501,0.65031,15004
2022-10-04 00:00:00+00:00,0.65027,0.65118,0.64597,0.649,33176
2022-10-04 04:00:00+00:00,0.64867,0.65472,0.64558,0.65242,43715
2022-10-04 08:00:00+00:00,0.65224,0.65228,0.64557,0.64584,37864
2022-10-04 12:00:00+00:00,0.64587,0.6512,0.6452,0.64915,41509
2022-10-04 16:00:00+00:00,0.64918,0.65098,0.64619,0.65027,26917
2022-10-04 20:00:00+00:00,0.65002,0.65134,0.64768,0.65134,13067
2022-10-05 00:00:00+00:00,0.6508,0.65244,0.64735,0.64965,39265
2022-10-05 04:00:00+00:00,0.64974,0.65213,0.6478,0.64846,34721
2022-10-05 08:00:00+00:00,0.6482,0.6502,0.64338,0.64399,32338
2022-10-05 12:00:00+00:00,0.64397,0.64648,0.64168,0.64644,43178
2022-10-05 16:00:00+00:00,0.64616,0.65132,0.6458,0.64996,27466
2022-10-05 20:00:00+00:00,0.65016,0.65125,0.64816,0.65121,13036
2022-10-06 00:00:00+00:00,0.65127,0.65404,0.65035,0.65261,35734
2022-10-06 04:00:00+00:00,0.65252,0.65355,0.6498,0.65029,38221
2022-10-06 08:00:00+00:00,0.6502,0.65066,0.64535,0.64627,39707
2022-10-06 12:00:00+00:00,0.64613,0.64814,0.64108,0.64108,51048
2022-10-06 16:00:00+00:00,0.64092,0.64238,0.63927,0.64099,34491
2022-10-06 20:00:00+00:00,0.64105,0.64171,0.63962,0.6414,12881
2022-10-07 00:00:00+00:00,0.64155,0.64319,0.64062,0.6416,29994
2022-10-07 04:00:00+00:00,0.64166,0.64203,0.63852,0.64047,34719
2022-10-07 08:00:00+00:00,0.64063,0.64275,0.6404,0.64104,27863
2022-10-07 12:00:00+00:00,0.64106,0.64194,0.63718,0.63923,50337
2022-10-07 16:00:00+00:00,0.63896,0.63978,0.6353,0.63631,26009
2022-10-07 20:00:00+00:00,0.6363,0.63683,0.628,0.628,3827
2022-10-08 04:00:00+00:00,0.6367,0.6367,0.6367,0.6367,1
2022-10-08 08:00:00+00:00,0.6298,0.6298,0.6298,0.6298,1
2022-10-09 16:00:00+00:00,0.7364,0.7374,0.7364,0.7368,20
2022-10-09 20:00:00+00:00,0.7374,0.7374,0.7343,0.7358,611
2022-10-10 00:00:00+00:00,0.7359,0.7362,0.63435,0.6346,31775
2022-10-10 04:00:00+00:00,0.63484,0.6354,0.63056,0.63094,34918
2022-10-10 08:00:00+00:00,0.63099,0.63241,0.6286,0.63144,33365
2022-10-10 12:00:00+00:00,0.63143,0.63282,0.6274,0.62924,42470
2022-10-10 16:00:00+00:00,0.62938,0.63071,0.6277,0.62981,29395
2022-10-10 20:00:00+00:00,0.6297,0.63005,0.629,0.6293,10569
2022-10-11 00:00:00+00:00,0.629,0.63043,0.626,0.6262,38016
2022-10-11 04:00:00+00:00,0.626,0.62799,0.6247,0.62636,37803
2022-10-11 08:00:00+00:00,0.62649,0.62955,0.6251,0.62955,37078
2022-10-11 12:00:00+00:00,0.6295,0.63291,0.6263,0.63278,47595
2022-10-11 16:00:00+00:00,0.63253,0.63453,0.62587,0.62752,38615
2022-10-11 20:00:00+00:00,0.62748,0.62775,0.62506,0.62644,13054
2022-10-12 00:00:00+00:00,0.62666,0.62704,0.6238,0.62548,34249
2022-10-12 04:00:00+00:00,0.62564,0.62878,0.62554,0.62564,44663
2022-10-12 08:00:00+00:00,0.62583,0.6273,0.6252,0.62549,37142
2022-10-12 12:00:00+00:00,0.62551,0.62753,0.62396,0.62718,47309
2022-10-12 16:00:00+00:00,0.6271,0.62965,0.62635,0.62745,31351
2022-10-12 20:00:00+00:00,0.6271,0.62794,0.6269,0.62758,9837
2022-10-13 00:00:00+00:00,0.62739,0.629,0.62676,0.62725,25964
2022-10-13 04:00:00+00:00,0.62737,0.62814,0.62655,0.62778,25971
2022-10-13 08:00:00+00:00,0.62773,0.62981,0.6268,0.62892,31104
2022-10-13 12:00:00+00:00,0.62883,0.62936,0.61723,0.62823,66444
2022-10-13 16:00:00+00:00,0.62809,0.63146,0.62695,0.6294,45399
2022-10-13 20:00:00+00:00,0.62938,0.63031,0.6289,0.62949,11424
2022-10-14 00:00:00+00:00,0.62953,0.63433,0.62892,0.63321,38123
2022-10-14 04:00:00+00:00,0.63311,0.63445,0.63085,0.63239,37861
2022-10-14 08:00:00+00:00,0.63226,0.6323,0.6273,0.62759,39937
2022-10-14 12:00:00+00:00,0.62772,0.63188,0.6215,0.62191,56793
2022-10-14 16:00:00+00:00,0.6219,0.62299,0.6192,0.62058,36972
2022-10-14 20:00:00+00:00,0.6207,0.6207,0.61523,0.61562,3504
2022-10-16 16:00:00+00:00,0.62002,0.62089,0.62001,0.62089,25
2022-10-16 20:00:00+00:00,0.62094,0.62233,0.62024,0.62217,7725
2022-10-17 00:00:00+00:00,0.62215,0.62356,0.62112,0.62326,33172
2022-10-17 04:00:00+00:00,0.62312,0.62513,0.6221,0.62462,40473
2022-10-17 08:00:00+00:00,0.62446,0.62591,0.62266,0.62466,38096
2022-10-17 12:00:00+00:00,0.62482,0.63103,0.62415,0.63077,42290
2022-10-17 16:00:00+00:00,0.63049,0.63114,0.628,0.6284,26792
2022-10-17 20:00:00+00:00,0.62861,0.63012,0.62709,0.62972,14099
2022-10-18 00:00:00+00:00,0.63008,0.63123,0.6276,0.63079,31504
2022-10-18 04:00:00+00:00,0.6307,0.63285,0.6288,0.63103,38678
2022-10-18 08:00:00+00:00,0.63096,0.6318,0.6278,0.63164,37509
2022-10-18 12:00:00+00:00,0.63152,0.63386,0.62683,0.62801,43655
2022-10-18 16:00:00+00:00,0.62778,0.63071,0.62749,0.63071,34580
2022-10-18 20:00:00+00:00,0.63053,0.63249,0.62982,0.6312,15299
2022-10-19 00:00:00+00:00,0.63181,0.63232,0.63075,0.632,32440
2022-10-19 04:00:00+00:00,0.6318,0.63232,0.6289,0.63042,35580
2022-10-19 08:00:00+00:00,0.63015,0.63162,0.6276,0.62843,38983
2022-10-19 12:00:00+00:00,0.62826,0.63004,0.6267,0.62699,48561
2022-10-19 16:00:00+00:00,0.62657,0.62721,0.625,0.627,33134
2022-10-19 20:00:00+00:00,0.62696,0.6275,0.62539,0.6263,12790
2022-10-20 00:00:00+00:00,0.62645,0.62725,0.62284,0.62342,35242
2022-10-20 04:00:00+00:00,0.62344,0.62755,0.6231,0.62712,43393
2022-10-20 08:00:00+00:00,0.62714,0.6317,0.62629,0.63116,34749
2022-10-20 12:00:00+00:00,0.63121,0.63537,0.62913,0.63349,35430
2022-10-20 16:00:00+00:00,0.63329,0.63329,0.6266,0.62796,35964
2022-10-20 20:00:00+00:00,0.62806,0.62829,0.6268,0.6274,12377
2022-10-21 00:00:00+00:00,0.62752,0.62812,0.6259,0.62659,33094
2022-10-21 04:00:00+00:00,0.6263,0.62791,0.6253,0.62704,34255
2022-10-21 08:00:00+00:00,0.62688,0.6272,0.6235,0.62357,34923
2022-10-21 12:00:00+00:00,0.62368,0.63655,0.62121,0.63655,64534
2022-10-21 16:00:00+00:00,0.63685,0.63923,0.63351,0.63897,44389
2022-10-21 20:00:00+00:00,0.63896,0.6391,0.62173,0.62173,4842
2022-10-22 08:00:00+00:00,0.6376,0.6376,0.62273,0.62273,9
2022-10-23 16:00:00+00:00,0.62969,0.63732,0.62969,0.63722,26
2022-10-23 20:00:00+00:00,0.637,0.64104,0.63562,0.63685,17469
2022-10-24 00:00:00+00:00,0.63664,0.63724,0.63245,0.63299,37466
2022-10-24 04:00:00+00:00,0.63314,0.63467,0.63044,0.63079,33159
2022-10-24 08:00:00+00:00,0.63075,0.63244,0.62736,0.63065,33199
2022-10-24 12:00:00+00:00,0.63029,0.63244,0.628,0.63092,39975
2022-10-24 16:00:00+00:00,0.63099,0.63144,0.6292,0.63117,25434
2022-10-24 20:00:00+00:00,0.63121,0.63334,0.63049,0.6326,14055
2022-10-25 00:00:00+00:00,0.63269,0.6341,0.63128,0.6333,32045
2022-10-25 04:00:00+00:00,0.63315,0.63359,0.63171,0.63269,27546
2022-10-25 08:00:00+00:00,0.63294,0.63352,0.6303,0.632,26159
2022-10-25 12:00:00+00:00,0.6321,0.64112,0.63149,0.63933,35508
2022-10-25 16:00:00+00:00,0.63906,0.63986,0.63751,0.63982,26082
2022-10-25 20:00:00+00:00,0.63962,0.63976,0.6372,0.6384,14113
2022-10-26 00:00:00+00:00,0.63856,0.6408,0.63728,0.64076,32283
2022-10-26 04:00:00+00:00,0.6407,0.64716,0.6396,0.64697,31108
2022-10-26 08:00:00+00:00,0.64709,0.64956,0.6464,0.64772,31154
2022-10-26 12:00:00+00:00,0.64757,0.65098,0.64515,0.64985,30388
2022-10-26 16:00:00+00:00,0.65003,0.65085,0.64777,0.64901,28987
2022-10-26 20:00:00+00:00,0.6487,0.6499,0.6482,0.64957,14174
2022-10-27 00:00:00+00:00,0.64901,0.65014,0.64759,0.6493,29145
2022-10-27 04:00:00+00:00,0.64951,0.65211,0.64706,0.64715,30149
2022-10-27 08:00:00+00:00,0.64705,0.64854,0.644,0.64435,29323
2022-10-27 12:00:00+00:00,0.64404,0.65017,0.64273,0.64762,49356
2022-10-27 16:00:00+00:00,0.64788,0.64887,0.64565,0.64622,31754
2022-10-27 20:00:00+00:00,0.64636,0.64636,0.6447,0.64503,18568
2022-10-28 00:00:00+00:00,0.64477,0.64746,0.6442,0.6473,37562
2022-10-28 04:00:00+00:00,0.64725,0.64787,0.64157,0.64182,38371
2022-10-28 08:00:00+00:00,0.6419,0.64295,0.64029,0.64188,37998
2022-10-28 12:00:00+00:00,0.64182,0.64313,0.63775,0.63948,53127
2022-10-28 16:00:00+00:00,0.63937,0.64164,0.63926,0.64154,23414
2022-10-28 20:00:00+00:00,0.64149,0.64149,0.63705,0.63705,2938
2022-10-30 16:00:00+00:00,0.63906,0.64038,0.63859,0.63921,54
2022-10-30 20:00:00+00:00,0.63918,0.64089,0.63901,0.64005,9861
2022-10-31 00:00:00+00:00,0.6405,0.64243,0.6402,0.64231,31033
2022-10-31 04:00:00+00:00,0.64239,0.64275,0.6406,0.64107,29503
2022-10-31 08:00:00+00:00,0.64105,0.64105,0.63839,0.63887,31404
2022-10-31 12:00:00+00:00,0.63862,0.64002,0.6367,0.63932,41226
2022-10-31 16:00:00+00:00,0.63941,0.64001,0.6386,0.63969,30768
2022-10-31 20:00:00+00:00,0.63967,0.6411,0.637,0.6406,13642
2022-11-01 00:00:00+00:00,0.6406,0.64455,0.63965,0.64283,33021
2022-11-01 04:00:00+00:00,0.64247,0.64437,0.6407,0.64239,36662
2022-11-01 08:00:00+00:00,0.64241,0.64564,0.6423,0.64453,33020
2022-11-01 12:00:00+00:00,0.64497,0.64631,0.63804,0.63911,51563
2022-11-01 16:00:00+00:00,0.63924,0.64122,0.63786,0.63967,34762
2022-11-01 20:00:00+00:00,0.63972,0.63979,0.6388,0.63959,15714
2022-11-02 00:00:00+00:00,0.63994,0.64272,0.63866,0.6416,32845
2022-11-02 04:00:00+00:00,0.64204,0.64262,0.6401,0.64163,28899
2022-11-02 08:00:00+00:00,0.64168,0.64296,0.6414,0.64214,31162
2022-11-02 12:00:00+00:00,0.64226,0.64264,0.63999,0.64105,42654
2022-11-02 16:00:00+00:00,0.64099,0.6491,0.63512,0.63596,51786
2022-11-02 20:00:00+00:00,0.63566,0.6376,0.6331,0.6338,18375
2022-11-03 00:00:00+00:00,0.6337,0.63682,0.6326,0.63667,31041
2022-11-03 04:00:00+00:00,0.63688,0.63718,0.6308,0.63233,29582
2022-11-03 08:00:00+00:00,0.63192,0.63268,0.62803,0.62883,40188
2022-11-03 12:00:00+00:00,0.62841,0.63219,0.62738,0.62932,52308
2022-11-03 16:00:00+00:00,0.6292,0.63046,0.62844,0.62953,31872
2022-11-03 20:00:00+00:00,0.62948,0.6297,0.62813,0.62881,11461
2022-11-04 00:00:00+00:00,0.6286,0.63326,0.62851,0.63318,28781
2022-11-04 04:00:00+00:00,0.6331,0.63577,0.6328,0.63368,35907
2022-11-04 08:00:00+00:00,0.6341,0.6386,0.6341,0.63789,34634
2022-11-04 12:00:00+00:00,0.63757,0.64753,0.63573,0.64343,54885
2022-11-04 16:00:00+00:00,0.64353,0.64825,0.6426,0.64774,42593
2022-11-04 20:00:00+00:00,0.64771,0.64797,0.63055,0.646,4591
2022-11-05 00:00:00+00:00,0.6426,0.646,0.6426,0.646,2
2022-11-05 08:00:00+00:00,0.6465,0.6465,0.6462,0.6462,4
2022-11-05 12:00:00+00:00,0.6465,0.6465,0.6462,0.6462,2
2022-11-06 12:00:00+00:00,0.6465,0.6465,0.6465,0.6465,1
2022-11-06 16:00:00+00:00,0.64681,0.64681,0.64078,0.64078,53
2022-11-06 20:00:00+00:00,0.64079,0.64456,0.6406,0.64386,5744
2022-11-07 00:00:00+00:00,0.64397,0.64487,0.64092,0.64297,35701
2022-11-07 04:00:00+00:00,0.64282,0.6442,0.64087,0.64097,32077
2022-11-07 08:00:00+00:00,0.64088,0.64753,0.6407,0.64617,39766
2022-11-07 12:00:00+00:00,0.64619,0.6488,0.64514,0.64727,48603
2022-11-07 16:00:00+00:00,0.64697,0.64825,0.64559,0.64761,33044
2022-11-07 20:00:00+00:00,0.6477,0.64826,0.6469,0.6474,15336
2022-11-08 00:00:00+00:00,0.64735,0.64896,0.6463,0.6468,27893
2022-11-08 04:00:00+00:00,0.6469,0.64738,0.64441,0.64534,27206
2022-11-08 08:00:00+00:00,0.64561,0.64848,0.64527,0.64778,33321
2022-11-08 12:00:00+00:00,0.64768,0.65351,0.64639,0.6529,42658
2022-11-08 16:00:00+00:00,0.6529,0.65493,0.64786,0.64974,39916
2022-11-08 20:00:00+00:00,0.64996,0.65158,0.64904,0.65088,19346
2022-11-09 00:00:00+00:00,0.65062,0.6514,0.64859,0.65022,34384
2022-11-09 04:00:00+00:00,0.65014,0.65046,0.6485,0.64987,32597
2022-11-09 08:00:00+00:00,0.64998,0.65197,0.64578,0.64701,41401
2022-11-09 12:00:00+00:00,0.6469,0.64932,0.64327,0.64383,51229
2022-11-09 16:00:00+00:00,0.64399,0.64568,0.64158,0.64232,37841
2022-11-09 20:00:00+00:00,0.64239,0.64328,0.642,0.64305,15981
2022-11-10 00:00:00+00:00,0.64298,0.6437,0.64277,0.6434,5668
2022-11-10 04:00:00+00:00,0.642,0.64263,0.6392,0.64008,28860
2022-11-10 08:00:00+00:00,0.6403,0.64179,0.63883,0.639,37122
2022-11-10 12:00:00+00:00,0.63933,0.65965,0.6391,0.6596,59070
2022-11-10 16:00:00+00:00,0.65929,0.65957,0.6557,0.65919,43039
2022-11-10 20:00:00+00:00,0.659,0.66301,0.65893,0.66063,23900
2022-11-11 00:00:00+00:00,0.66084,0.66129,0.65797,0.66101,37126
2022-11-11 04:00:00+00:00,0.66075,0.66609,0.66006,0.66543,40459
2022-11-11 08:00:00+00:00,0.66525,0.66783,0.66344,0.6669,41498
2022-11-11 12:00:00+00:00,0.66647,0.66984,0.6652,0.66984,45814
2022-11-11 16:00:00+00:00,0.66994,0.67164,0.66828,0.67145,35943
2022-11-11 20:00:00+00:00,0.67121,0.67121,0.65443,0.6701,12696
2022-11-12 12:00:00+00:00,0.6703,0.6703,0.6701,0.6703,7
2022-11-13 16:00:00+00:00,0.66699,0.6721,0.66699,0.67168,55
2022-11-13 20:00:00+00:00,0.67191,0.67191,0.667,0.66947,6747
2022-11-14 00:00:00+00:00,0.66934,0.6709,0.66775,0.66922,40974
2022-11-14 04:00:00+00:00,0.6691,0.66955,0.6663,0.66955,35721
2022-11-14 08:00:00+00:00,0.66986,0.67095,0.6663,0.66751,41262
2022-11-14 12:00:00+00:00,0.6671,0.67145,0.66668,0.67091,45035
2022-11-14 16:00:00+00:00,0.67098,0.67212,0.6691,0.67196,32396
2022-11-14 20:00:00+00:00,0.67203,0.67226,0.6691,0.66925,15035
2022-11-15 00:00:00+00:00,0.6698,0.67093,0.66865,0.6702,28198
2022-11-15 04:00:00+00:00,0.67036,0.67612,0.6693,0.67612,30830
2022-11-15 08:00:00+00:00,0.67548,0.67682,0.674,0.67474,41144
2022-11-15 12:00:00+00:00,0.67463,0.67914,0.67086,0.67735,59738
2022-11-15 16:00:00+00:00,0.67781,0.67887,0.67342,0.67719,57665
2022-11-15 20:00:00+00:00,0.67727,0.67765,0.66666,0.67692,26499
2022-11-16 00:00:00+00:00,0.67693,0.67704,0.67353,0.6744,44801
2022-11-16 04:00:00+00:00,0.6745,0.6785,0.67304,0.67787,42549
2022-11-16 08:00:00+00:00,0.67799,0.67922,0.67558,0.67701,37683
2022-11-16 12:00:00+00:00,0.67719,0.67767,0.67427,0.67528,52318
2022-11-16 16:00:00+00:00,0.67537,0.67564,0.67201,0.67399,33686
2022-11-16 20:00:00+00:00,0.67385,0.67461,0.673,0.67391,16481
2022-11-17 00:00:00+00:00,0.67392,0.67437,0.6698,0.67102,30000
2022-11-17 04:00:00+00:00,0.67103,0.67415,0.67038,0.67389,30695
2022-11-17 08:00:00+00:00,0.67399,0.67501,0.66671,0.66797,40769
2022-11-17 12:00:00+00:00,0.66832,0.66832,0.66349,0.66506,54117
2022-11-17 16:00:00+00:00,0.66524,0.6695,0.66441,0.66844,34250
2022-11-17 20:00:00+00:00,0.66844,0.66942,0.65693,0.6687,17831
2022-11-18 00:00:00+00:00,0.66875,0.67237,0.66849,0.67148,29250
2022-11-18 04:00:00+00:00,0.67135,0.6717,0.66952,0.67128,29552
2022-11-18 08:00:00+00:00,0.6713,0.6726,0.66933,0.67097,37374
2022-11-18 12:00:00+00:00,0.67113,0.67296,0.66617,0.66918,42236
2022-11-18 16:00:00+00:00,0.669,0.66936,0.66642,0.66752,26865
2022-11-18 20:00:00+00:00,0.66767,0.66775,0.66499,0.6673,10081
2022-11-20 20:00:00+00:00,0.6667,0.66829,0.66574,0.66829,4602
2022-11-21 00:00:00+00:00,0.6681,0.6681,0.6637,0.66567,28719
2022-11-21 04:00:00+00:00,0.6657,0.66577,0.6634,0.66357,32521
2022-11-21 08:00:00+00:00,0.6635,0.66437,0.66054,0.66181,34280
2022-11-21 12:00:00+00:00,0.6617,0.66259,0.65899,0.65909,38096
2022-11-21 16:00:00+00:00,0.6593,0.66052,0.65852,0.65979,30643
2022-11-21 20:00:00+00:00,0.65991,0.66079,0.65921,0.66075,14368
2022-11-22 00:00:00+00:00,0.66056,0.6624,0.66056,0.66141,27390
2022-11-22 04:00:00+00:00,0.66148,0.66239,0.6604,0.66182,26275
2022-11-22 08:00:00+00:00,0.66196,0.66505,0.66129,0.66413,37210
2022-11-22 12:00:00+00:00,0.66416,0.66464,0.66196,0.66359,36983
2022-11-22 16:00:00+00:00,0.66364,0.66472,0.6623,0.66425,22230
2022-11-22 20:00:00+00:00,0.66421,0.66508,0.66285,0.6646,12501
2022-11-23 00:00:00+00:00,0.66528,0.66585,0.66356,0.66384,25435
2022-11-23 04:00:00+00:00,0.66371,0.66707,0.6634,0.66633,25146
2022-11-23 08:00:00+00:00,0.66627,0.6663,0.6637,0.66461,28657
2022-11-23 12:00:00+00:00,0.66446,0.67226,0.66408,0.67226,42607
2022-11-23 16:00:00+00:00,0.6719,0.67364,0.66975,0.67331,40666
2022-11-23 20:00:00+00:00,0.67314,0.67463,0.67139,0.67463,17390
2022-11-24 00:00:00+00:00,0.67461,0.67668,0.6734,0.67661,25425
2022-11-24 04:00:00+00:00,0.6764,0.67672,0.67458,0.67458,26410
2022-11-24 08:00:00+00:00,0.67438,0.67541,0.673,0.67511,31236
2022-11-24 12:00:00+00:00,0.67535,0.67771,0.6741,0.67696,28492
2022-11-24 16:00:00+00:00,0.67671,0.67673,0.6759,0.67667,10914
2022-11-24 20:00:00+00:00,0.67675,0.67677,0.6758,0.67651,8857
2022-11-25 00:00:00+00:00,0.6763,0.67698,0.675,0.67698,25789
2022-11-25 04:00:00+00:00,0.67701,0.67799,0.67542,0.67542,25331
2022-11-25 08:00:00+00:00,0.67521,0.67595,0.6729,0.6735,32140
2022-11-25 12:00:00+00:00,0.6738,0.67488,0.67208,0.6748,34991
2022-11-25 16:00:00+00:00,0.67481,0.67524,0.674,0.67463,27307
2022-11-25 20:00:00+00:00,0.67463,0.6751,0.67281,0.6749,4229
2022-11-27 16:00:00+00:00,0.67214,0.67214,0.67097,0.67194,68
2022-11-27 20:00:00+00:00,0.67173,0.67265,0.67102,0.67109,5024
2022-11-28 00:00:00+00:00,0.67139,0.67209,0.6666,0.66849,23437
2022-11-28 04:00:00+00:00,0.66864,0.66954,0.6672,0.66818,29838
2022-11-28 08:00:00+00:00,0.66798,0.67233,0.66772,0.67114,37417
2022-11-28 12:00:00+00:00,0.67117,0.67117,0.66773,0.66905,38738
2022-11-28 16:00:00+00:00,0.66915,0.66949,0.6646,0.66461,31441
2022-11-28 20:00:00+00:00,0.66479,0.66556,0.6641,0.6649,12790
2022-11-29 00:00:00+00:00,0.66519,0.67062,0.66406,0.67036,30819
2022-11-29 04:00:00+00:00,0.6699,0.67211,0.6692,0.67132,34505
2022-11-29 08:00:00+00:00,0.67172,0.6748,0.67117,0.67468,37088
2022-11-29 12:00:00+00:00,0.6742,0.6744,0.6699,0.67097,43513
2022-11-29 16:00:00+00:00,0.6707,0.6711,0.668,0.66866,34872
2022-11-29 20:00:00+00:00,0.66862,0.6692,0.6671,0.6683,13186
2022-11-30 00:00:00+00:00,0.66781,0.66993,0.6675,0.6695,29347
2022-11-30 04:00:00+00:00,0.6695,0.67227,0.669,0.67182,27686
2022-11-30 08:00:00+00:00,0.67168,0.67391,0.67007,0.67363,33678
2022-11-30 12:00:00+00:00,0.67391,0.67397,0.66778,0.66974,47102
2022-11-30 16:00:00+00:00,0.66972,0.67885,0.66887,0.67885,46935
2022-11-30 20:00:00+00:00,0.67859,0.68012,0.6779,0.67994,23348
2022-12-01 00:00:00+00:00,0.68007,0.68161,0.6794,0.68054,36863
2022-12-01 04:00:00+00:00,0.68034,0.68263,0.68007,0.68219,14029
2022-12-01 12:00:00+00:00,0.68003,0.68387,0.67913,0.68099,44396
2022-12-01 16:00:00+00:00,0.68099,0.68181,0.67831,0.68181,42149
2022-12-01 20:00:00+00:00,0.68149,0.68177,0.68025,0.68105,15960
2022-12-02 00:00:00+00:00,0.68086,0.68165,0.6794,0.68148,29280
2022-12-02 04:00:00+00:00,0.68151,0.68299,0.6807,0.68197,27344
2022-12-02 08:00:00+00:00,0.6814,0.68346,0.68091,0.6817,35197
2022-12-02 12:00:00+00:00,0.68167,0.68229,0.67461,0.6773,55286
2022-12-02 16:00:00+00:00,0.67704,0.681,0.67704,0.68092,35594
2022-12-02 20:00:00+00:00,0.6807,0.68134,0.67206,0.67916,10793
2022-12-03 00:00:00+00:00,0.6794,0.6794,0.67916,0.67916,2
2022-12-03 08:00:00+00:00,0.6788,0.6797,0.6788,0.6797,2
2022-12-03 12:00:00+00:00,0.6794,0.6794,0.6794,0.6794,3
2022-12-04 00:00:00+00:00,0.6794,0.6794,0.6794,0.6794,1
2022-12-04 16:00:00+00:00,0.67809,0.6801,0.676,0.6771,230
2022-12-04 20:00:00+00:00,0.6772,0.68122,0.67636,0.68122,7519
2022-12-05 00:00:00+00:00,0.68131,0.68497,0.6808,0.68478,29226
2022-12-05 04:00:00+00:00,0.6844,0.68488,0.68053,0.68057,29806
2022-12-05 08:00:00+00:00,0.68051,0.68164,0.679,0.68054,34693
2022-12-05 12:00:00+00:00,0.68053,0.68184,0.67343,0.67476,44094
2022-12-05 16:00:00+00:00,0.67479,0.6748,0.66914,0.66963,33078
2022-12-05 20:00:00+00:00,0.66977,0.6716,0.6685,0.67065,15839
2022-12-06 00:00:00+00:00,0.67081,0.67343,0.6701,0.67229,32502
2022-12-06 04:00:00+00:00,0.67233,0.67376,0.67098,0.67284,31248
2022-12-06 08:00:00+00:00,0.67289,0.67336,0.67094,0.67284,33630
2022-12-06 12:00:00+00:00,0.67282,0.67437,0.669,0.67006,40347
2022-12-06 16:00:00+00:00,0.67019,0.67193,0.6681,0.66863,32260
2022-12-06 20:00:00+00:00,0.6689,0.66985,0.66802,0.66981,13832
2022-12-07 00:00:00+00:00,0.66988,0.6714,0.6684,0.66944,27750
2022-12-07 04:00:00+00:00,0.66946,0.67086,0.6676,0.66951,31542
2022-12-07 08:00:00+00:00,0.66944,0.66948,0.6667,0.66708,33724
2022-12-07 12:00:00+00:00,0.6669,0.6733,0.6669,0.67259,49981
2022-12-07 16:00:00+00:00,0.6725,0.67417,0.67045,0.67311,34473
2022-12-07 20:00:00+00:00,0.67306,0.67321,0.6714,0.67253,14606
2022-12-08 00:00:00+00:00,0.67229,0.67257,0.66998,0.67168,30535
2022-12-08 04:00:00+00:00,0.67163,0.67379,0.6707,0.67295,28650
2022-12-08 08:00:00+00:00,0.67244,0.67318,0.6711,0.67292,29266
2022-12-08 12:00:00+00:00,0.67275,0.67793,0.67268,0.67629,40959
2022-12-08 16:00:00+00:00,0.67636,0.67732,0.67547,0.67712,30593
2022-12-08 20:00:00+00:00,0.67688,0.67763,0.6764,0.6775,14083
2022-12-09 00:00:00+00:00,0.6774,0.67994,0.6761,0.67928,30867
2022-12-09 04:00:00+00:00,0.67946,0.67972,0.6768,0.67715,25873
2022-12-09 08:00:00+00:00,0.67713,0.67891,0.67541,0.67871,29496
2022-12-09 12:00:00+00:00,0.67866,0.67967,0.67497,0.67942,46231
2022-12-09 16:00:00+00:00,0.67955,0.68122,0.67895,0.68029,29429
2022-12-09 20:00:00+00:00,0.6802,0.68043,0.67666,0.6796,9956
2022-12-10 08:00:00+00:00,0.6794,0.6795,0.6794,0.6795,2
2022-12-11 16:00:00+00:00,0.67702,0.67905,0.67702,0.67778,28
2022-12-11 20:00:00+00:00,0.67783,0.68003,0.67649,0.67785,3112
2022-12-12 00:00:00+00:00,0.67778,0.67788,0.6757,0.6774,26145
2022-12-12 04:00:00+00:00,0.67735,0.67819,0.67638,0.6781,28043
2022-12-12 08:00:00+00:00,0.67778,0.6793,0.67651,0.67685,29819
2022-12-12 12:00:00+00:00,0.67682,0.67728,0.67403,0.67422,32781
2022-12-12 16:00:00+00:00,0.67397,0.67438,0.6728,0.67412,30778
2022-12-12 20:00:00+00:00,0.67422,0.6755,0.6739,0.67515,11220
2022-12-13 00:00:00+00:00,0.67516,0.67716,0.6741,0.67433,25952
2022-12-13 04:00:00+00:00,0.67431,0.67798,0.6739,0.67767,29685
2022-12-13 08:00:00+00:00,0.67796,0.67847,0.6752,0.67681,33107
2022-12-13 12:00:00+00:00,0.67677,0.68921,0.67671,0.68768,58698
2022-12-13 16:00:00+00:00,0.68797,0.68849,0.6849,0.68574,45984
2022-12-13 20:00:00+00:00,0.68546,0.686,0.6841,0.68416,18516
2022-12-14 00:00:00+00:00,0.68448,0.6845,0.682,0.68293,26215
2022-12-14 04:00:00+00:00,0.68286,0.68559,0.6824,0.68513,25698
2022-12-14 08:00:00+00:00,0.68451,0.68738,0.68451,0.68623,38127
2022-12-14 12:00:00+00:00,0.68592,0.68702,0.68514,0.6865,39634
2022-12-14 16:00:00+00:00,0.6863,0.68778,0.68117,0.68497,46535
2022-12-14 20:00:00+00:00,0.68522,0.688,0.68482,0.6855,27692
2022-12-15 00:00:00+00:00,0.68566,0.68695,0.68345,0.68377,25979
2022-12-15 04:00:00+00:00,0.68381,0.6839,0.6812,0.68125,28522
2022-12-15 08:00:00+00:00,0.68145,0.68173,0.67545,0.67646,39329
2022-12-15 12:00:00+00:00,0.67617,0.67748,0.67075,0.67228,53426
2022-12-15 16:00:00+00:00,0.6726,0.6726,0.6678,0.67027,37644
2022-12-15 20:00:00+00:00,0.6702,0.67072,0.6693,0.67056,15630
2022-12-16 00:00:00+00:00,0.67055,0.67341,0.6699,0.67173,30347
2022-12-16 04:00:00+00:00,0.67157,0.67182,0.66928,0.66934,25327
2022-12-16 08:00:00+00:00,0.66926,0.6702,0.66793,0.6695,36352
2022-12-16 12:00:00+00:00,0.66991,0.6707,0.6676,0.66789,43718
2022-12-16 16:00:00+00:00,0.66809,0.67013,0.66801,0.66932,34786
2022-12-16 20:00:00+00:00,0.66914,0.6713,0.66233,0.6713,12790
2022-12-17 04:00:00+00:00,0.6683,0.6712,0.6683,0.6712,2
2022-12-18 16:00:00+00:00,0.66772,0.6726,0.66772,0.67062,59
2022-12-18 20:00:00+00:00,0.67062,0.67074,0.66832,0.66869,2979
2022-12-19 00:00:00+00:00,0.66881,0.67232,0.66853,0.67118,27163
2022-12-19 04:00:00+00:00,0.6712,0.67193,0.66956,0.67145,28394
2022-12-19 08:00:00+00:00,0.67196,0.67315,0.6702,0.67045,34298
2022-12-19 12:00:00+00:00,0.67046,0.67263,0.66963,0.66994,37709
2022-12-19 16:00:00+00:00,0.66974,0.67231,0.66947,0.66953,31015
2022-12-19 20:00:00+00:00,0.66942,0.6708,0.66602,0.6705,14624
2022-12-20 00:00:00+00:00,0.67032,0.6739,0.6665,0.66692,42133
2022-12-20 04:00:00+00:00,0.66742,0.66742,0.66297,0.66546,44927
2022-12-20 08:00:00+00:00,0.66573,0.66959,0.66573,0.668,42284
2022-12-20 12:00:00+00:00,0.6679,0.66813,0.6633,0.66654,43873
2022-12-20 16:00:00+00:00,0.66625,0.66783,0.6651,0.66774,29744
2022-12-20 20:00:00+00:00,0.6674,0.66949,0.66006,0.66879,13496
2022-12-21 00:00:00+00:00,0.6687,0.66965,0.66569,0.66641,32748
2022-12-21 04:00:00+00:00,0.66652,0.6685,0.66596,0.66806,31214
2022-12-21 08:00:00+00:00,0.668,0.66852,0.66674,0.66822,35786
2022-12-21 12:00:00+00:00,0.66828,0.67271,0.6682,0.67139,45289
2022-12-21 16:00:00+00:00,0.67131,0.67145,0.6688,0.6703,31665
2022-12-21 20:00:00+00:00,0.6699,0.67147,0.66919,0.67126,13799
2022-12-22 00:00:00+00:00,0.67119,0.67569,0.6707,0.67569,28341
2022-12-22 04:00:00+00:00,0.6753,0.67666,0.675,0.67625,28573
2022-12-22 08:00:00+00:00,0.67607,0.67613,0.67294,0.67329,32753
2022-12-22 12:00:00+00:00,0.67321,0.67342,0.6673,0.668,42817
2022-12-22 16:00:00+00:00,0.66786,0.66842,0.665,0.66576,33513
2022-12-22 20:00:00+00:00,0.66588,0.668,0.6643,0.6676,16808
2022-12-23 00:00:00+00:00,0.6677,0.66932,0.66608,0.66887,30002
2022-12-23 04:00:00+00:00,0.6688,0.67026,0.6674,0.66989,28408
2022-12-23 08:00:00+00:00,0.66983,0.67102,0.6683,0.66935,27342
2022-12-23 12:00:00+00:00,0.66936,0.67082,0.66617,0.67002,44652
2022-12-23 16:00:00+00:00,0.66991,0.67235,0.6695,0.67108,28905
2022-12-23 20:00:00+00:00,0.67097,0.67216,0.66222,0.66222,8797
2022-12-24 00:00:00+00:00,0.6718,0.6718,0.66402,0.66402,2
2022-12-25 16:00:00+00:00,0.66572,0.66987,0.66442,0.66762,11
2022-12-25 20:00:00+00:00,0.66972,0.67062,0.66736,0.6706,73
2022-12-26 00:00:00+00:00,0.6706,0.6708,0.66825,0.6704,2798
2022-12-26 04:00:00+00:00,0.6704,0.6726,0.66749,0.66867,4066
2022-12-26 08:00:00+00:00,0.6723,0.6734,0.66818,0.6719,2028
2022-12-26 12:00:00+00:00,0.6721,0.6726,0.66427,0.67228,2788
2022-12-26 16:00:00+00:00,0.6722,0.6726,0.67068,0.6723,2977
2022-12-26 20:00:00+00:00,0.6722,0.67552,0.6719,0.67439,7085
2022-12-27 00:00:00+00:00,0.67424,0.67544,0.6731,0.67339,25492
2022-12-27 04:00:00+00:00,0.67336,0.67749,0.6733,0.67612,26569
2022-12-27 08:00:00+00:00,0.67587,0.67678,0.67384,0.67387,27315
2022-12-27 12:00:00+00:00,0.6738,0.676,0.67247,0.67424,37163
2022-12-27 16:00:00+00:00,0.67401,0.67459,0.67257,0.67331,31182
2022-12-27 20:00:00+00:00,0.67336,0.6737,0.6725,0.67285,12852
2022-12-28 00:00:00+00:00,0.67308,0.67498,0.67194,0.67372,28062
2022-12-28 04:00:00+00:00,0.67383,0.67663,0.67383,0.67663,27508
2022-12-28 08:00:00+00:00,0.67678,0.67898,0.67562,0.67863,31937
2022-12-28 12:00:00+00:00,0.67865,0.68002,0.67547,0.67549,37637
2022-12-28 16:00:00+00:00,0.67548,0.67651,0.6739,0.67441,30229
2022-12-28 20:00:00+00:00,0.67429,0.67468,0.6732,0.67465,14145
2022-12-29 00:00:00+00:00,0.67485,0.67535,0.6736,0.67457,25146
2022-12-29 04:00:00+00:00,0.67457,0.67546,0.672,0.67269,21667
2022-12-29 08:00:00+00:00,0.67261,0.67326,0.6712,0.67144,28475
2022-12-29 12:00:00+00:00,0.67109,0.67661,0.671,0.67633,38131
2022-12-29 16:00:00+00:00,0.67618,0.67862,0.6758,0.67862,28398
2022-12-29 20:00:00+00:00,0.67845,0.67845,0.6762,0.67654,12966
2022-12-30 00:00:00+00:00,0.67653,0.67832,0.6756,0.67718,24438
2022-12-30 04:00:00+00:00,0.677,0.67845,0.6765,0.67816,32803
2022-12-30 08:00:00+00:00,0.678,0.68076,0.6778,0.6798,30918
2022-12-30 12:00:00+00:00,0.67992,0.68077,0.67593,0.67827,37685
2022-12-30 16:00:00+00:00,0.67847,0.68193,0.67834,0.68089,31713
2022-12-30 20:00:00+00:00,0.6806,0.68187,0.67438,0.6803,10041
2023-01-01 16:00:00+00:00,0.676,0.67932,0.6735,0.6774,11
2023-01-01 20:00:00+00:00,0.67919,0.68165,0.67889,0.68161,239
2023-01-02 00:00:00+00:00,0.68156,0.68162,0.67945,0.68052,3783
2023-01-02 04:00:00+00:00,0.68051,0.6811,0.67724,0.6803,3209
2023-01-02 08:00:00+00:00,0.6803,0.68101,0.67656,0.68047,13262
2023-01-02 12:00:00+00:00,0.68059,0.68174,0.6798,0.68174,7661
2023-01-02 16:00:00+00:00,0.68174,0.68186,0.67912,0.6807,9820
2023-01-02 20:00:00+00:00,0.6808,0.6811,0.67876,0.68076,9097
2023-01-03 00:00:00+00:00,0.68068,0.68342,0.67734,0.68312,35422
2023-01-03 04:00:00+00:00,0.68288,0.68342,0.67844,0.67868,32177
2023-01-03 08:00:00+00:00,0.67858,0.67868,0.66883,0.66979,42199
2023-01-03 12:00:00+00:00,0.66969,0.67651,0.6692,0.6743,42131
2023-01-03 16:00:00+00:00,0.6744,0.6744,0.6719,0.67357,32449
2023-01-03 20:00:00+00:00,0.67369,0.67382,0.6717,0.6725,15977
2023-01-04 00:00:00+00:00,0.6726,0.67825,0.6723,0.67825,28989
2023-01-04 04:00:00+00:00,0.67834,0.68487,0.6772,0.68416,34809
2023-01-04 08:00:00+00:00,0.68383,0.68857,0.6836,0.68717,41460
2023-01-04 12:00:00+00:00,0.68716,0.68843,0.68354,0.68535,48260
2023-01-04 16:00:00+00:00,0.68495,0.68623,0.68223,0.68394,39689
2023-01-04 20:00:00+00:00,0.68381,0.68422,0.62295,0.68284,17132
2023-01-05 00:00:00+00:00,0.68241,0.68449,0.68008,0.6801,28505
2023-01-05 04:00:00+00:00,0.68016,0.68322,0.68,0.68089,25680
2023-01-05 08:00:00+00:00,0.6812,0.68391,0.68011,0.68337,32842
2023-01-05 12:00:00+00:00,0.68319,0.68408,0.67362,0.67383,51044
2023-01-05 16:00:00+00:00,0.67418,0.67718,0.6739,0.67573,38126
2023-01-05 20:00:00+00:00,0.67574,0.67618,0.6746,0.67524,18301
2023-01-06 00:00:00+00:00,0.6754,0.67873,0.6751,0.6773,28233
2023-01-06 04:00:00+00:00,0.67729,0.67772,0.67404,0.67496,31097
2023-01-06 08:00:00+00:00,0.67497,0.67585,0.67251,0.6729,36058
2023-01-06 12:00:00+00:00,0.67274,0.68445,0.67221,0.68402,58092
2023-01-06 16:00:00+00:00,0.68372,0.68832,0.68334,0.68805,35738
2023-01-06 20:00:00+00:00,0.68801,0.68866,0.67916,0.6879,10038
2023-01-08 16:00:00+00:00,0.68444,0.68863,0.68444,0.68753,50
2023-01-08 20:00:00+00:00,0.68755,0.68963,0.68732,0.68955,4684
2023-01-09 00:00:00+00:00,0.68961,0.69255,0.6884,0.69141,27330
2023-01-09 04:00:00+00:00,0.69148,0.69467,0.69115,0.69157,27996
2023-01-09 08:00:00+00:00,0.69194,0.694,0.6907,0.69139,36779
2023-01-09 12:00:00+00:00,0.69133,0.69485,0.6906,0.69419,42994
2023-01-09 16:00:00+00:00,0.69416,0.6949,0.692,0.69345,34864
2023-01-09 20:00:00+00:00,0.69322,0.69322,0.69015,0.69093,16035
2023-01-10 00:00:00+00:00,0.6909,0.6927,0.6894,0.69028,31058
2023-01-10 04:00:00+00:00,0.69026,0.69189,0.6885,0.6893,31650
2023-01-10 08:00:00+00:00,0.68986,0.69102,0.6882,0.68841,37542
2023-01-10 12:00:00+00:00,0.68827,0.69054,0.68598,0.68811,47990
2023-01-10 16:00:00+00:00,0.68816,0.68944,0.68758,0.68944,31980
2023-01-10 20:00:00+00:00,0.68928,0.68974,0.6751,0.68927,10450
2023-01-11 00:00:00+00:00,0.68931,0.69104,0.6884,0.69015,28073
2023-01-11 04:00:00+00:00,0.69032,0.69248,0.69,0.69054,29481
2023-01-11 08:00:00+00:00,0.69048,0.6919,0.68925,0.68926,34915
2023-01-11 12:00:00+00:00,0.68919,0.69072,0.6872,0.69001,41562
2023-01-11 16:00:00+00:00,0.69012,0.69121,0.6891,0.69115,26828
2023-01-11 20:00:00+00:00,0.6911,0.69142,0.6846,0.6907,13500
2023-01-12 00:00:00+00:00,0.6909,0.69202,0.69073,0.6912,26008
2023-01-12 04:00:00+00:00,0.69125,0.69236,0.68908,0.69004,24974
2023-01-12 08:00:00+00:00,0.68999,0.69144,0.68882,0.69019,30374
2023-01-12 12:00:00+00:00,0.69028,0.69812,0.68919,0.69328,58671
2023-01-12 16:00:00+00:00,0.69308,0.69838,0.6928,0.69714,44354
2023-01-12 20:00:00+00:00,0.69688,0.69708,0.6957,0.69673,17439
2023-01-13 00:00:00+00:00,0.69656,0.69819,0.69463,0.69539,29633
2023-01-13 04:00:00+00:00,0.69522,0.69759,0.69447,0.69712,28948
2023-01-13 08:00:00+00:00,0.6967,0.69936,0.6945,0.6949,38235
2023-01-13 12:00:00+00:00,0.69509,0.69631,0.69111,0.69594,47645
2023-01-13 16:00:00+00:00,0.69563,0.69771,0.69416,0.69771,31224
2023-01-13 20:00:00+00:00,0.69756,0.69812,0.69674,0.698,8427
2023-01-15 16:00:00+00:00,0.69442,0.69777,0.69442,0.69748,21
2023-01-15 20:00:00+00:00,0.69745,0.69772,0.69577,0.69718,3781
2023-01-16 04:00:00+00:00,0.69776,0.69828,0.69658,0.69773,5529
2023-01-16 08:00:00+00:00,0.69749,0.69766,0.6942,0.69682,33993
2023-01-16 12:00:00+00:00,0.69659,0.69738,0.69543,0.6958,30112
2023-01-16 16:00:00+00:00,0.69575,0.69624,0.6948,0.69544,13992
2023-01-16 20:00:00+00:00,0.69547,0.69661,0.69476,0.6963,9726
2023-01-17 00:00:00+00:00,0.69623,0.69747,0.69599,0.69692,5556
2023-01-17 04:00:00+00:00,0.69687,0.69772,0.6947,0.69626,27979
2023-01-17 08:00:00+00:00,0.69659,0.69714,0.693,0.69509,34855
2023-01-17 12:00:00+00:00,0.695,0.69914,0.69424,0.69905,49349
2023-01-17 16:00:00+00:00,0.69926,0.69966,0.6974,0.69895,32200
2023-01-17 20:00:00+00:00,0.69887,0.6993,0.69637,0.69877,13516
2023-01-18 00:00:00+00:00,0.69927,0.70019,0.69734,0.69853,35073
2023-01-18 04:00:00+00:00,0.69872,0.70299,0.6975,0.70184,37175
2023-01-18 08:00:00+00:00,0.70178,0.70338,0.70036,0.70182,39589
2023-01-18 12:00:00+00:00,0.70183,0.70592,0.7006,0.7007,51285
2023-01-18 16:00:00+00:00,0.70105,0.70142,0.6939,0.69437,33258
2023-01-18 20:00:00+00:00,0.69424,0.69458,0.6934,0.69438,13844
2023-01-19 00:00:00+00:00,0.69443,0.69474,0.6892,0.6906,28613
2023-01-19 04:00:00+00:00,0.69073,0.69075,0.68789,0.68889,28056
2023-01-19 08:00:00+00:00,0.689,0.69007,0.6873,0.68822,34301
2023-01-19 12:00:00+00:00,0.68822,0.69176,0.6872,0.6889,46252
2023-01-19 16:00:00+00:00,0.68901,0.69215,0.68829,0.69173,33880
2023-01-19 20:00:00+00:00,0.69192,0.69216,0.69049,0.691,14739
2023-01-20 00:00:00+00:00,0.691,0.69327,0.6905,0.69221,23669
2023-01-20 04:00:00+00:00,0.69202,0.6938,0.6911,0.6938,27903
2023-01-20 08:00:00+00:00,0.69365,0.6947,0.69184,0.69189,35435
2023-01-20 12:00:00+00:00,0.69172,0.6964,0.69104,0.69503,41720
2023-01-20 16:00:00+00:00,0.69492,0.69728,0.6945,0.69695,29336
2023-01-20 20:00:00+00:00,0.69687,0.69732,0.68554,0.696,9345
2023-01-22 16:00:00+00:00,0.69222,0.69631,0.69222,0.69474,28
2023-01-22 20:00:00+00:00,0.6944,0.69839,0.6944,0.69833,3231
2023-01-23 00:00:00+00:00,0.69825,0.69939,0.69724,0.69834,24757
2023-01-23 04:00:00+00:00,0.69826,0.69862,0.697,0.69811,30947
2023-01-23 08:00:00+00:00,0.69792,0.7014,0.69792,0.69897,33039
2023-01-23 12:00:00+00:00,0.6991,0.70347,0.69624,0.70311,42506
2023-01-23 16:00:00+00:00,0.70352,0.7039,0.701,0.70207,32189
2023-01-23 20:00:00+00:00,0.70241,0.70322,0.7018,0.70284,15295
2023-01-24 00:00:00+00:00,0.70282,0.70448,0.70246,0.7033,17070
2023-01-24 04:00:00+00:00,0.70356,0.70489,0.7025,0.7036,22586
2023-01-24 08:00:00+00:00,0.70378,0.70395,0.7008,0.70232,34569
2023-01-24 12:00:00+00:00,0.7023,0.70555,0.69977,0.70494,43651
2023-01-24 16:00:00+00:00,0.70473,0.70542,0.7036,0.70496,27401
2023-01-24 20:00:00+00:00,0.70488,0.70502,0.70171,0.70502,14383
2023-01-25 00:00:00+00:00,0.70453,0.71051,0.70292,0.71,23487
2023-01-25 04:00:00+00:00,0.7099,0.71219,0.7093,0.70988,25386
2023-01-25 08:00:00+00:00,0.70968,0.71074,0.70776,0.70848,33677
2023-01-25 12:00:00+00:00,0.70861,0.70975,0.7063,0.70769,43274
2023-01-25 16:00:00+00:00,0.70771,0.71061,0.7065,0.71025,29267
2023-01-25 20:00:00+00:00,0.71021,0.711,0.7096,0.7104,13986
2023-01-26 00:00:00+00:00,0.71084,0.71216,0.7091,0.71104,23740
2023-01-26 04:00:00+00:00,0.7111,0.71266,0.70997,0.71184,25984
2023-01-26 08:00:00+00:00,0.71197,0.71261,0.70961,0.71169,32762
2023-01-26 12:00:00+00:00,0.7114,0.71394,0.70818,0.70848,46915
2023-01-26 16:00:00+00:00,0.70851,0.71128,0.70791,0.71124,30043
2023-01-26 20:00:00+00:00,0.71117,0.71197,0.70973,0.71134,12016
2023-01-27 00:00:00+00:00,0.71171,0.71292,0.7107,0.71088,23705
2023-01-27 04:00:00+00:00,0.71098,0.7115,0.7096,0.71033,22365
2023-01-27 08:00:00+00:00,0.71035,0.71175,0.7094,0.71069,28111
2023-01-27 12:00:00+00:00,0.71075,0.71255,0.70842,0.70924,41837
2023-01-27 16:00:00+00:00,0.70915,0.71108,0.70915,0.71106,26550
2023-01-27 20:00:00+00:00,0.71101,0.715,0.69774,0.715,6315
2023-01-28 08:00:00+00:00,0.7102,0.7149,0.7102,0.7149,2
2023-01-29 20:00:00+00:00,0.71,0.71087,0.70988,0.71074,3113
2023-01-30 00:00:00+00:00,0.71072,0.71191,0.7082,0.70854,26835
2023-01-30 04:00:00+00:00,0.70909,0.70985,0.70765,0.7082,34498
2023-01-30 08:00:00+00:00,0.70845,0.70952,0.70688,0.70745,33586
2023-01-30 12:00:00+00:00,0.70749,0.70865,0.70667,0.70803,37232
2023-01-30 16:00:00+00:00,0.70806,0.70815,0.705,0.70571,29517
2023-01-30 20:00:00+00:00,0.70569,0.70631,0.7051,0.70578,13394
2023-01-31 00:00:00+00:00,0.7057,0.70628,0.70344,0.70344,31677
2023-01-31 04:00:00+00:00,0.70364,0.70421,0.702,0.70351,27149
2023-01-31 08:00:00+00:00,0.70337,0.70346,0.6982,0.69974,33095
2023-01-31 12:00:00+00:00,0.69995,0.70511,0.6992,0.70443,46455
2023-01-31 16:00:00+00:00,0.70469,0.70598,0.70399,0.70532,29271
2023-01-31 20:00:00+00:00,0.70533,0.70588,0.7047,0.7048,15470
2023-02-01 00:00:00+00:00,0.70475,0.70553,0.7036,0.70551,22459
2023-02-01 04:00:00+00:00,0.70531,0.7076,0.70531,0.70744,24563
2023-02-01 08:00:00+00:00,0.70727,0.70829,0.70678,0.70785,28044
2023-02-01 12:00:00+00:00,0.70793,0.70905,0.7063,0.70753,38544
2023-02-01 16:00:00+00:00,0.70729,0.713,0.70499,0.71228,44860
2023-02-01 20:00:00+00:00,0.7122,0.71572,0.71094,0.71475,28506
2023-02-02 00:00:00+00:00,0.71494,0.71546,0.71346,0.71424,28620
2023-02-02 04:00:00+00:00,0.71424,0.715,0.7136,0.71404,23139
2023-02-02 08:00:00+00:00,0.714,0.71551,0.7116,0.71272,31758
2023-02-02 12:00:00+00:00,0.71304,0.71432,0.70713,0.7102,57135
2023-02-02 16:00:00+00:00,0.7104,0.71058,0.70689,0.70725,37552
2023-02-02 20:00:00+00:00,0.70723,0.7085,0.70672,0.70728,23039
2023-02-03 00:00:00+00:00,0.70717,0.70727,0.7046,0.70609,26334
2023-02-03 04:00:00+00:00,0.70607,0.70715,0.7052,0.70623,26577
2023-02-03 08:00:00+00:00,0.70631,0.7067,0.7044,0.70567,30450
2023-02-03 12:00:00+00:00,0.70575,0.70588,0.69321,0.69755,56079
2023-02-03 16:00:00+00:00,0.69754,0.69792,0.69246,0.69258,41144
2023-02-03 20:00:00+00:00,0.69248,0.69263,0.69013,0.6921,10843
2023-02-04 00:00:00+00:00,0.6922,0.6922,0.6922,0.6922,1
2023-02-04 04:00:00+00:00,0.692,0.692,0.692,0.692,1
2023-02-04 08:00:00+00:00,0.6921,0.6921,0.692,0.6921,3
2023-02-05 16:00:00+00:00,0.69192,0.69243,0.69099,0.69131,90
2023-02-05 20:00:00+00:00,0.69131,0.69291,0.68823,0.69184,5813
2023-02-06 00:00:00+00:00,0.69159,0.69304,0.6905,0.69254,26263
2023-02-06 04:00:00+00:00,0.69259,0.69477,0.6923,0.69244,27927
2023-02-06 08:00:00+00:00,0.69244,0.69303,0.6887,0.69009,31972
2023-02-06 12:00:00+00:00,0.69023,0.69145,0.6856,0.68603,38973
2023-02-06 16:00:00+00:00,0.68599,0.68929,0.68599,0.68801,29323
2023-02-06 20:00:00+00:00,0.68809,0.68885,0.6876,0.68885,14835
2023-02-07 00:00:00+00:00,0.689,0.69508,0.6887,0.69362,27686
2023-02-07 04:00:00+00:00,0.69331,0.69427,0.6924,0.69267,25957
2023-02-07 08:00:00+00:00,0.69282,0.69478,0.69102,0.69248,34529
2023-02-07 12:00:00+00:00,0.69259,0.69299,0.68866,0.69148,38041
2023-02-07 16:00:00+00:00,0.69165,0.69836,0.69053,0.6939,53311
2023-02-07 20:00:00+00:00,0.6944,0.69655,0.69321,0.69645,16470
2023-02-08 00:00:00+00:00,0.69627,0.69695,0.6949,0.69663,25792
2023-02-08 04:00:00+00:00,0.69646,0.69861,0.6957,0.69861,24995
2023-02-08 08:00:00+00:00,0.6983,0.69946,0.6967,0.6967,30868
2023-02-08 12:00:00+00:00,0.69706,0.69815,0.69318,0.69397,38964
2023-02-08 16:00:00+00:00,0.69377,0.69421,0.692,0.69246,33825
2023-02-08 20:00:00+00:00,0.69261,0.69305,0.69157,0.6926,13235
2023-02-09 00:00:00+00:00,0.69295,0.69587,0.69225,0.69571,21291
2023-02-09 04:00:00+00:00,0.69588,0.69681,0.695,0.69647,23557
2023-02-09 08:00:00+00:00,0.69667,0.69825,0.69667,0.6977,27850
2023-02-09 12:00:00+00:00,0.69781,0.70102,0.6963,0.69708,37003
2023-02-09 16:00:00+00:00,0.69711,0.69711,0.69371,0.69392,34107
2023-02-09 20:00:00+00:00,0.69392,0.69419,0.6928,0.69385,14646
2023-02-10 00:00:00+00:00,0.6935,0.69477,0.691,0.69148,26755
2023-02-10 04:00:00+00:00,0.69146,0.69419,0.6911,0.69417,29993
2023-02-10 08:00:00+00:00,0.69465,0.6959,0.6919,0.6924,36979
2023-02-10 12:00:00+00:00,0.69244,0.69474,0.6916,0.69222,42288
2023-02-10 16:00:00+00:00,0.69239,0.69281,0.69091,0.69131,27485
2023-02-10 20:00:00+00:00,0.69136,0.69212,0.68599,0.6898,7323
2023-02-11 00:00:00+00:00,0.6906,0.6906,0.6898,0.6898,2
2023-02-11 04:00:00+00:00,0.6915,0.6915,0.6908,0.6908,2
2023-02-13 04:00:00+00:00,0.69077,0.69291,0.6905,0.69291,19918
2023-02-13 08:00:00+00:00,0.69274,0.69355,0.6909,0.6931,28160
2023-02-13 12:00:00+00:00,0.69338,0.69629,0.69288,0.69609,35506
2023-02-13 16:00:00+00:00,0.69608,0.69731,0.6954,0.69631,24290
2023-02-13 20:00:00+00:00,0.69621,0.69696,0.696,0.69682,12159
2023-02-14 00:00:00+00:00,0.69659,0.69707,0.69493,0.69617,24982
2023-02-14 04:00:00+00:00,0.69609,0.69754,0.6958,0.69619,24749
2023-02-14 08:00:00+00:00,0.69588,0.69726,0.69575,0.69656,26795
2023-02-14 12:00:00+00:00,0.69662,0.70257,0.69225,0.69676,60012
2023-02-14 16:00:00+00:00,0.69721,0.69914,0.69567,0.69893,42143
2023-02-14 20:00:00+00:00,0.69891,0.69937,0.69767,0.69868,13794
2023-02-15 00:00:00+00:00,0.69842,0.69843,0.69365,0.69368,25324
2023-02-15 04:00:00+00:00,0.69367,0.69397,0.6894,0.69035,27966
2023-02-15 08:00:00+00:00,0.69034,0.69167,0.68897,0.68897,31673
2023-02-15 12:00:00+00:00,0.68895,0.69026,0.68651,0.6878,45318
2023-02-15 16:00:00+00:00,0.6878,0.69055,0.6877,0.69011,27160
2023-02-15 20:00:00+00:00,0.69015,0.69075,0.6894,0.69063,11646
2023-02-16 00:00:00+00:00,0.6904,0.69162,0.6868,0.69111,29871
2023-02-16 04:00:00+00:00,0.69126,0.69254,0.69045,0.69225,24579
2023-02-16 08:00:00+00:00,0.69201,0.69347,0.69097,0.69137,27646
2023-02-16 12:00:00+00:00,0.69147,0.69167,0.68452,0.68771,44326
2023-02-16 16:00:00+00:00,0.68768,0.69051,0.68728,0.68971,32729
2023-02-16 20:00:00+00:00,0.68966,0.68966,0.68571,0.6862,18530
2023-02-17 00:00:00+00:00,0.68619,0.68731,0.68472,0.68486,23080
2023-02-17 04:00:00+00:00,0.68484,0.68494,0.6832,0.68415,25867
2023-02-17 08:00:00+00:00,0.68387,0.68387,0.681,0.68159,32464
2023-02-17 12:00:00+00:00,0.68178,0.68724,0.6815,0.68534,41558
2023-02-17 16:00:00+00:00,0.68526,0.68816,0.68508,0.68792,28986
2023-02-17 20:00:00+00:00,0.68809,0.68837,0.68556,0.6877,7917
2023-02-18 04:00:00+00:00,0.6878,0.6878,0.6878,0.6878,1
2023-02-18 08:00:00+00:00,0.6877,0.6877,0.6877,0.6877,1
2023-02-19 16:00:00+00:00,0.68546,0.68683,0.68546,0.68637,27
2023-02-19 20:00:00+00:00,0.68635,0.68759,0.68568,0.68687,3403
2023-02-20 00:00:00+00:00,0.68681,0.68926,0.6861,0.68873,23129
2023-02-20 04:00:00+00:00,0.68884,0.69088,0.6885,0.69086,27140
2023-02-20 08:00:00+00:00,0.69085,0.69134,0.6892,0.69079,26343
2023-02-20 12:00:00+00:00,0.69059,0.69197,0.6895,0.69154,24583
2023-02-20 16:00:00+00:00,0.69161,0.69167,0.6909,0.69125,10259
2023-02-20 20:00:00+00:00,0.691,0.69149,0.68975,0.69087,8184
2023-02-21 00:00:00+00:00,0.69071,0.69176,0.6893,0.68976,26682
2023-02-21 04:00:00+00:00,0.68981,0.69001,0.6874,0.68802,25045
2023-02-21 08:00:00+00:00,0.68788,0.68973,0.68707,0.68839,37085
2023-02-21 12:00:00+00:00,0.68831,0.68964,0.68578,0.68924,42807
2023-02-21 16:00:00+00:00,0.68909,0.68909,0.6846,0.68537,31921
2023-02-21 20:00:00+00:00,0.68545,0.68643,0.68365,0.68632,13351
2023-02-22 00:00:00+00:00,0.68621,0.68638,0.683,0.68377,26795
2023-02-22 04:00:00+00:00,0.68364,0.68419,0.68228,0.6828,22110
2023-02-22 08:00:00+00:00,0.68275,0.68307,0.6811,0.68197,31471
2023-02-22 12:00:00+00:00,0.682,0.68451,0.68085,0.68174,38959
2023-02-22 16:00:00+00:00,0.68201,0.68295,0.67947,0.67947,38082
2023-02-22 20:00:00+00:00,0.67976,0.68126,0.67955,0.68112,14563
2023-02-23 00:00:00+00:00,0.68131,0.68382,0.68098,0.68331,21717
2023-02-23 04:00:00+00:00,0.68316,0.68346,0.6819,0.68292,22015
2023-02-23 08:00:00+00:00,0.6827,0.68321,0.68137,0.6827,27830
2023-02-23 12:00:00+00:00,0.68289,0.68347,0.68028,0.68074,43287
2023-02-23 16:00:00+00:00,0.68078,0.68116,0.6781,0.68054,30940
2023-02-23 20:00:00+00:00,0.68067,0.68149,0.6802,0.6807,11475
2023-02-24 00:00:00+00:00,0.6808,0.68232,0.6804,0.68152,28299
2023-02-24 04:00:00+00:00,0.68156,0.68175,0.6792,0.67941,22639
2023-02-24 08:00:00+00:00,0.67927,0.67929,0.6761,0.67663,29050
2023-02-24 12:00:00+00:00,0.67649,0.67649,0.67192,0.67216,50243
2023-02-24 16:00:00+00:00,0.67225,0.6738,0.6717,0.67261,29736
2023-02-24 20:00:00+00:00,0.67284,0.67322,0.66701,0.6724,7727
2023-02-25 08:00:00+00:00,0.6723,0.6724,0.6723,0.6723,5
2023-02-26 16:00:00+00:00,0.67185,0.67347,0.67185,0.67293,36
2023-02-26 20:00:00+00:00,0.6733,0.67376,0.67245,0.67331,3756
2023-02-27 00:00:00+00:00,0.6734,0.67409,0.6707,0.6711,23876
2023-02-27 04:00:00+00:00,0.67109,0.67175,0.6696,0.6715,27099
2023-02-27 08:00:00+00:00,0.67202,0.6726,0.6707,0.6713,29648
2023-02-27 12:00:00+00:00,0.67167,0.67426,0.67023,0.67292,37139
2023-02-27 16:00:00+00:00,0.67305,0.67441,0.67187,0.6735,25830
2023-02-27 20:00:00+00:00,0.67365,0.67409,0.67297,0.67401,11566
2023-02-28 00:00:00+00:00,0.6737,0.67496,0.6735,0.67357,23157
2023-02-28 04:00:00+00:00,0.67359,0.67379,0.67106,0.67108,23877
2023-02-28 08:00:00+00:00,0.67089,0.67336,0.67055,0.67302,29974
2023-02-28 12:00:00+00:00,0.67278,0.67486,0.67236,0.67425,38824
2023-02-28 16:00:00+00:00,0.67447,0.6757,0.6734,0.67346,28722
2023-02-28 20:00:00+00:00,0.67327,0.67342,0.6723,0.6727,13402
2023-03-01 00:00:00+00:00,0.673,0.67484,0.6695,0.67482,28905
2023-03-01 04:00:00+00:00,0.67484,0.67679,0.67443,0.67674,27895
2023-03-01 08:00:00+00:00,0.67647,0.6777,0.67521,0.6773,36004
2023-03-01 12:00:00+00:00,0.67708,0.67832,0.67265,0.67634,44429
2023-03-01 16:00:00+00:00,0.67617,0.67698,0.67456,0.67515,32664
2023-03-01 20:00:00+00:00,0.67524,0.67611,0.6749,0.67597,13098
2023-03-02 00:00:00+00:00,0.6757,0.67654,0.673,0.6743,30096
2023-03-02 04:00:00+00:00,0.67451,0.67481,0.6727,0.67303,25386
2023-03-02 08:00:00+00:00,0.67301,0.67463,0.6721,0.67338,33598
2023-03-02 12:00:00+00:00,0.67341,0.67416,0.67078,0.67273,43171
2023-03-02 16:00:00+00:00,0.67271,0.67338,0.6706,0.67265,29948
2023-03-02 20:00:00+00:00,0.67273,0.67363,0.6722,0.67316,12295
2023-03-03 00:00:00+00:00,0.6733,0.67514,0.67293,0.67403,25810
2023-03-03 04:00:00+00:00,0.67431,0.67611,0.6739,0.675,23001
2023-03-03 08:00:00+00:00,0.67541,0.67656,0.67526,0.67571,29947
2023-03-03 12:00:00+00:00,0.67585,0.67647,0.67342,0.67427,37323
2023-03-03 16:00:00+00:00,0.67432,0.67724,0.67402,0.677,24972
2023-03-03 20:00:00+00:00,0.6768,0.67741,0.67292,0.6766,7675
2023-03-05 16:00:00+00:00,0.67573,0.67573,0.67369,0.67374,87
2023-03-05 20:00:00+00:00,0.67374,0.67591,0.67369,0.67535,4022
2023-03-06 00:00:00+00:00,0.67536,0.67691,0.674,0.67665,25842
2023-03-06 04:00:00+00:00,0.67666,0.67674,0.67481,0.67548,23316
2023-03-06 08:00:00+00:00,0.67532,0.6756,0.67168,0.672,29330
2023-03-06 12:00:00+00:00,0.67203,0.67423,0.6718,0.67324,32539
2023-03-06 16:00:00+00:00,0.6732,0.67423,0.6717,0.67207,22424
2023-03-06 20:00:00+00:00,0.67228,0.6732,0.6721,0.67311,9571
2023-03-07 00:00:00+00:00,0.67303,0.67476,0.66976,0.67147,25268
2023-03-07 04:00:00+00:00,0.67125,0.67183,0.66984,0.6706,24582
2023-03-07 08:00:00+00:00,0.67075,0.67075,0.66615,0.66629,32005
2023-03-07 12:00:00+00:00,0.66627,0.66698,0.66042,0.66065,43820
2023-03-07 16:00:00+00:00,0.66067,0.6615,0.6579,0.6585,38399
2023-03-07 20:00:00+00:00,0.65865,0.6595,0.65808,0.6587,13570
2023-03-08 00:00:00+00:00,0.65898,0.65955,0.6568,0.6573,24796
2023-03-08 04:00:00+00:00,0.6573,0.66018,0.6572,0.65973,22952
2023-03-08 08:00:00+00:00,0.65985,0.66079,0.6592,0.65977,25705
2023-03-08 12:00:00+00:00,0.65972,0.66281,0.65922,0.66075,41634
2023-03-08 16:00:00+00:00,0.66082,0.66155,0.6581,0.65884,27889
2023-03-08 20:00:00+00:00,0.65891,0.65942,0.6584,0.65939,9600
2023-03-09 00:00:00+00:00,0.65934,0.65946,0.6576,0.65923,19583
2023-03-09 04:00:00+00:00,0.65912,0.6617,0.6587,0.66115,19084
2023-03-09 08:00:00+00:00,0.66094,0.66215,0.6603,0.6615,25161
2023-03-09 12:00:00+00:00,0.6615,0.66344,0.66077,0.66151,35778
2023-03-09 16:00:00+00:00,0.66149,0.66191,0.65868,0.65868,28856
2023-03-09 20:00:00+00:00,0.65868,0.65919,0.65778,0.65887,17131
2023-03-10 00:00:00+00:00,0.65895,0.65901,0.65665,0.6577,30491
2023-03-10 04:00:00+00:00,0.65789,0.66012,0.6577,0.65975,27262
2023-03-10 08:00:00+00:00,0.66006,0.6601,0.65761,0.6587,32327
2023-03-10 12:00:00+00:00,0.65889,0.66377,0.65831,0.66298,59842
2023-03-10 16:00:00+00:00,0.66278,0.66303,0.6573,0.65838,46677
2023-03-10 20:00:00+00:00,0.65849,0.65879,0.6538,0.6575,11750
2023-03-11 08:00:00+00:00,0.6576,0.6581,0.6576,0.6581,2
2023-03-12 16:00:00+00:00,0.65719,0.6603,0.65716,0.66002,116
2023-03-12 20:00:00+00:00,0.66002,0.66451,0.65974,0.66328,15301
2023-03-13 00:00:00+00:00,0.6631,0.6671,0.66021,0.66624,44111
2023-03-13 04:00:00+00:00,0.66644,0.66785,0.66548,0.6674,32862
2023-03-13 08:00:00+00:00,0.66732,0.6677,0.66146,0.66368,56931
2023-03-13 12:00:00+00:00,0.66422,0.67149,0.663,0.66844,69338
2023-03-13 16:00:00+00:00,0.6684,0.66862,0.66623,0.6667,45982
2023-03-13 20:00:00+00:00,0.66672,0.6669,0.66549,0.66549,12698
2023-03-14 00:00:00+00:00,0.66535,0.66579,0.66328,0.66432,44075
2023-03-14 04:00:00+00:00,0.66439,0.66697,0.66368,0.66697,33163
2023-03-14 08:00:00+00:00,0.66705,0.66711,0.66442,0.66659,41205
2023-03-14 12:00:00+00:00,0.66647,0.6694,0.66561,0.66618,57455
2023-03-14 16:00:00+00:00,0.66634,0.66921,0.66582,0.66848,41793
2023-03-14 20:00:00+00:00,0.66846,0.66915,0.66142,0.66871,13841
2023-03-15 00:00:00+00:00,0.66856,0.67108,0.6675,0.6695,27906
2023-03-15 04:00:00+00:00,0.6695,0.66981,0.66707,0.66766,27870
2023-03-15 08:00:00+00:00,0.66761,0.66783,0.6634,0.66399,47602
2023-03-15 12:00:00+00:00,0.66375,0.66564,0.6599,0.66103,60888
2023-03-15 16:00:00+00:00,0.66103,0.66262,0.65904,0.6619,50686
2023-03-15 20:00:00+00:00,0.66194,0.66228,0.66058,0.6617,14508
2023-03-16 00:00:00+00:00,0.66154,0.66423,0.6615,0.6629,39679
2023-03-16 04:00:00+00:00,0.66295,0.66598,0.6624,0.66584,31073
2023-03-16 08:00:00+00:00,0.66601,0.66607,0.6635,0.66486,35334
2023-03-16 12:00:00+00:00,0.66479,0.66646,0.66305,0.66512,60380
2023-03-16 16:00:00+00:00,0.66497,0.66592,0.6639,0.6657,38175
2023-03-16 20:00:00+00:00,0.66575,0.66657,0.6649,0.6662,13061
2023-03-17 00:00:00+00:00,0.66604,0.67097,0.66551,0.67055,26231
2023-03-17 04:00:00+00:00,0.6706,0.67223,0.6702,0.67114,25679
2023-03-17 08:00:00+00:00,0.67123,0.67159,0.6686,0.66937,32446
2023-03-17 12:00:00+00:00,0.66935,0.67006,0.66739,0.66822,42484
2023-03-17 16:00:00+00:00,0.66821,0.67122,0.66821,0.66957,32447
2023-03-17 20:00:00+00:00,0.66968,0.6759,0.65703,0.6758,3477
2023-03-18 04:00:00+00:00,0.6694,0.6757,0.6694,0.6757,2
2023-03-18 12:00:00+00:00,0.6694,0.6753,0.6694,0.6753,2
2023-03-19 16:00:00+00:00,0.66764,0.6739,0.66745,0.67161,121
2023-03-19 20:00:00+00:00,0.67169,0.6717,0.66953,0.67126,8601
2023-03-20 00:00:00+00:00,0.67141,0.67298,0.6689,0.6693,30980
2023-03-20 04:00:00+00:00,0.66937,0.66941,0.66695,0.66894,35806
2023-03-20 08:00:00+00:00,0.66911,0.66976,0.66662,0.66953,38528
2023-03-20 12:00:00+00:00,0.66953,0.67258,0.66909,0.67102,36776
2023-03-20 16:00:00+00:00,0.67103,0.67251,0.6702,0.67181,24274
2023-03-20 20:00:00+00:00,0.67191,0.6721,0.6708,0.67163,9389
2023-03-21 00:00:00+00:00,0.67151,0.67242,0.6689,0.66959,23886
2023-03-21 04:00:00+00:00,0.66944,0.66965,0.6675,0.6687,21797
2023-03-21 08:00:00+00:00,0.66881,0.66922,0.66715,0.66823,28677
2023-03-21 12:00:00+00:00,0.66828,0.66878,0.665,0.66511,33261
2023-03-21 16:00:00+00:00,0.66521,0.66704,0.6648,0.66692,22126
2023-03-21 20:00:00+00:00,0.66696,0.66779,0.66566,0.66779,8223
2023-03-22 00:00:00+00:00,0.66757,0.66919,0.6661,0.66911,21946
2023-03-22 04:00:00+00:00,0.66908,0.67022,0.6685,0.66936,19127
2023-03-22 08:00:00+00:00,0.6691,0.6699,0.66839,0.66862,22796
2023-03-22 12:00:00+00:00,0.66855,0.6689,0.6667,0.66846,27048
2023-03-22 16:00:00+00:00,0.66853,0.67568,0.6671,0.66873,44883
2023-03-22 20:00:00+00:00,0.6689,0.66989,0.6675,0.66975,13060
2023-03-23 00:00:00+00:00,0.66986,0.67339,0.6692,0.67301,27615
2023-03-23 04:00:00+00:00,0.67292,0.67551,0.6724,0.67362,24826
2023-03-23 08:00:00+00:00,0.67364,0.67391,0.67149,0.67203,28694
2023-03-23 12:00:00+00:00,0.67194,0.67245,0.66913,0.67183,35677
2023-03-23 16:00:00+00:00,0.67178,0.67237,0.66712,0.66847,36002
2023-03-23 20:00:00+00:00,0.66833,0.66888,0.6676,0.6681,11095
2023-03-24 00:00:00+00:00,0.66806,0.66834,0.66599,0.66824,25283
2023-03-24 04:00:00+00:00,0.66823,0.66937,0.6676,0.6688,19764
2023-03-24 08:00:00+00:00,0.66861,0.66873,0.6625,0.66365,34876
2023-03-24 12:00:00+00:00,0.66363,0.66489,0.6627,0.66419,38388
2023-03-24 16:00:00+00:00,0.66438,0.66521,0.6636,0.6647,18899
2023-03-24 20:00:00+00:00,0.66484,0.6652,0.66341,0.665,2598
2023-03-26 16:00:00+00:00,0.66134,0.66524,0.66134,0.66524,40
2023-03-26 20:00:00+00:00,0.66523,0.66581,0.66358,0.66546,5321
2023-03-27 00:00:00+00:00,0.66528,0.66608,0.66378,0.66574,23570
2023-03-27 04:00:00+00:00,0.6655,0.66644,0.6636,0.66403,24153
2023-03-27 08:00:00+00:00,0.66411,0.66524,0.6635,0.66495,21701
2023-03-27 12:00:00+00:00,0.66493,0.66563,0.6633,0.66418,28140
2023-03-27 16:00:00+00:00,0.6641,0.66498,0.6637,0.66493,15538
2023-03-27 20:00:00+00:00,0.6647,0.66605,0.6645,0.6658,11118
2023-03-28 00:00:00+00:00,0.66572,0.6694,0.6653,0.66915,21735
2023-03-28 04:00:00+00:00,0.66918,0.66932,0.668,0.66813,20257
2023-03-28 08:00:00+00:00,0.66816,0.66832,0.6666,0.66803,19810
2023-03-28 12:00:00+00:00,0.66803,0.67085,0.6673,0.6705,28102
2023-03-28 16:00:00+00:00,0.67074,0.67097,0.6695,0.67056,19481
2023-03-28 20:00:00+00:00,0.6704,0.6709,0.6699,0.67059,8638
2023-03-29 00:00:00+00:00,0.67087,0.67126,0.66881,0.66971,20043
2023-03-29 04:00:00+00:00,0.66972,0.67035,0.66707,0.66722,21830
2023-03-29 08:00:00+00:00,0.66696,0.66835,0.6661,0.66764,21694
2023-03-29 12:00:00+00:00,0.6676,0.67027,0.66653,0.66787,30439
2023-03-29 16:00:00+00:00,0.6677,0.66845,0.6675,0.66799,16672
2023-03-29 20:00:00+00:00,0.6677,0.66865,0.66741,0.66812,8129
2023-03-30 00:00:00+00:00,0.6681,0.66829,0.66621,0.66792,19827
2023-03-30 04:00:00+00:00,0.66792,0.67147,0.6676,0.67121,22755
2023-03-30 08:00:00+00:00,0.67111,0.67162,0.6691,0.66974,18626
2023-03-30 12:00:00+00:00,0.66991,0.67096,0.6688,0.67,28384
2023-03-30 16:00:00+00:00,0.66992,0.67113,0.6696,0.6711,15319
2023-03-30 20:00:00+00:00,0.67114,0.67183,0.67038,0.67154,9001
2023-03-31 00:00:00+00:00,0.67162,0.67375,0.6714,0.67189,21101
2023-03-31 04:00:00+00:00,0.67188,0.67205,0.6675,0.66798,22127
2023-03-31 08:00:00+00:00,0.66755,0.6698,0.66708,0.66858,21440
2023-03-31 12:00:00+00:00,0.66859,0.67171,0.66808,0.67033,31471
2023-03-31 16:00:00+00:00,0.67,0.6702,0.6677,0.66847,15840
2023-03-31 20:00:00+00:00,0.6682,0.6688,0.66775,0.6686,2369
2023-04-02 16:00:00+00:00,0.66759,0.66994,0.66759,0.66876,44
2023-04-02 20:00:00+00:00,0.66876,0.66913,0.6658,0.6658,8271
2023-04-03 00:00:00+00:00,0.66577,0.66802,0.66532,0.66628,30728
2023-04-03 04:00:00+00:00,0.6663,0.6696,0.6658,0.66956,22872
2023-04-03 08:00:00+00:00,0.66966,0.6761,0.6691,0.6761,23453
2023-04-03 12:00:00+00:00,0.67581,0.67866,0.6754,0.67821,34815
2023-04-03 16:00:00+00:00,0.67826,0.67893,0.67745,0.67889,19327
2023-04-03 20:00:00+00:00,0.67888,0.67928,0.6751,0.67862,9340
2023-04-04 00:00:00+00:00,0.679,0.67931,0.6772,0.67795,19711
2023-04-04 04:00:00+00:00,0.67803,0.67863,0.6742,0.67551,26361
2023-04-04 08:00:00+00:00,0.67565,0.67589,0.67356,0.67496,23786
2023-04-04 12:00:00+00:00,0.6747,0.67579,0.6721,0.67422,36145
2023-04-04 16:00:00+00:00,0.67416,0.67506,0.6733,0.67506,18638
2023-04-04 20:00:00+00:00,0.67497,0.67599,0.6748,0.67598,8194
2023-04-05 00:00:00+00:00,0.67601,0.67721,0.6748,0.67543,21113
2023-04-05 04:00:00+00:00,0.67538,0.67538,0.6708,0.67109,25382
2023-04-05 08:00:00+00:00,0.67104,0.67104,0.6675,0.66971,24811
2023-04-05 12:00:00+00:00,0.6699,0.67285,0.66687,0.6724,36955
2023-04-05 16:00:00+00:00,0.6724,0.67265,0.67038,0.672,16597
2023-04-05 20:00:00+00:00,0.6717,0.67252,0.67102,0.67163,8072
2023-04-06 00:00:00+00:00,0.67188,0.67188,0.6693,0.66996,19795
2023-04-06 04:00:00+00:00,0.66994,0.67087,0.6687,0.67076,20162
2023-04-06 08:00:00+00:00,0.67068,0.6707,0.66865,0.6694,18523
2023-04-06 12:00:00+00:00,0.66955,0.66974,0.66534,0.66724,28572
2023-04-06 16:00:00+00:00,0.66731,0.66822,0.667,0.66722,13459
2023-04-06 20:00:00+00:00,0.6672,0.66741,0.6665,0.66741,6345
2023-04-07 00:00:00+00:00,0.66747,0.66828,0.667,0.66809,10874
2023-04-07 04:00:00+00:00,0.6681,0.66906,0.6677,0.66811,10620
2023-04-07 08:00:00+00:00,0.66797,0.66857,0.6672,0.66759,11377
2023-04-07 12:00:00+00:00,0.66751,0.66768,0.66429,0.6663,18796
2023-04-07 16:00:00+00:00,0.6665,0.6672,0.66339,0.66543,5193
2023-04-07 20:00:00+00:00,0.6663,0.667,0.66507,0.6668,1075
2023-04-08 04:00:00+00:00,0.667,0.667,0.6669,0.6669,2
2023-04-09 16:00:00+00:00,0.664,0.66433,0.664,0.66433,8
2023-04-09 20:00:00+00:00,0.66636,0.66737,0.66436,0.66727,4327
2023-04-10 00:00:00+00:00,0.6674,0.6674,0.6656,0.66618,18094
2023-04-10 04:00:00+00:00,0.66618,0.66733,0.665,0.66702,16507
2023-04-10 08:00:00+00:00,0.66693,0.66797,0.6656,0.66582,15617
2023-04-10 12:00:00+00:00,0.66581,0.66581,0.6619,0.66248,22678
2023-04-10 16:00:00+00:00,0.66245,0.66425,0.6622,0.66424,10856
2023-04-10 20:00:00+00:00,0.66421,0.66498,0.66155,0.6648,8549
2023-04-11 00:00:00+00:00,0.66494,0.66729,0.6642,0.66682,21377
2023-04-11 04:00:00+00:00,0.6669,0.66793,0.66645,0.66649,22471
2023-04-11 08:00:00+00:00,0.66655,0.66728,0.66507,0.6654,21702
2023-04-11 12:00:00+00:00,0.66541,0.66683,0.66463,0.66475,24065
2023-04-11 16:00:00+00:00,0.66474,0.66569,0.6643,0.66528,12711
2023-04-11 20:00:00+00:00,0.66533,0.66548,0.6644,0.66529,8071
2023-04-12 00:00:00+00:00,0.6654,0.66647,0.6649,0.66646,18136
2023-04-12 04:00:00+00:00,0.6665,0.66766,0.66509,0.66616,18962
2023-04-12 08:00:00+00:00,0.66624,0.66774,0.6653,0.667,18768
2023-04-12 12:00:00+00:00,0.6671,0.67206,0.6665,0.66868,38331
2023-04-12 16:00:00+00:00,0.6684,0.6704,0.6684,0.66926,20658
2023-04-12 20:00:00+00:00,0.6692,0.6699,0.66752,0.6695,7978
2023-04-13 00:00:00+00:00,0.66953,0.67189,0.6684,0.67094,22783
2023-04-13 04:00:00+00:00,0.671,0.6728,0.66958,0.67235,21153
2023-04-13 08:00:00+00:00,0.67272,0.67424,0.67215,0.67361,23098
2023-04-13 12:00:00+00:00,0.6731,0.67786,0.6731,0.67773,32831
2023-04-13 16:00:00+00:00,0.67791,0.67962,0.6774,0.67861,16684
2023-04-13 20:00:00+00:00,0.67862,0.67891,0.67658,0.67836,8298
2023-04-14 00:00:00+00:00,0.6781,0.67917,0.6778,0.67846,19786
2023-04-14 04:00:00+00:00,0.67843,0.67871,0.67684,0.6776,20472
2023-04-14 08:00:00+00:00,0.67769,0.67803,0.67634,0.67734,20088
2023-04-14 12:00:00+00:00,0.6775,0.67884,0.66966,0.6701,42576
2023-04-14 16:00:00+00:00,0.67022,0.67076,0.66948,0.67072,19935
2023-04-14 20:00:00+00:00,0.67078,0.671,0.66448,0.6704,2499
2023-04-15 12:00:00+00:00,0.6707,0.6707,0.6705,0.6705,2
2023-04-16 16:00:00+00:00,0.66955,0.67005,0.66949,0.67005,18
2023-04-16 20:00:00+00:00,0.67,0.6708,0.66932,0.67052,2950
2023-04-17 00:00:00+00:00,0.67053,0.67131,0.6692,0.67075,17033
2023-04-17 04:00:00+00:00,0.6705,0.6718,0.67036,0.67039,19144
2023-04-17 08:00:00+00:00,0.67045,0.67105,0.66922,0.67085,22205
2023-04-17 12:00:00+00:00,0.6706,0.67149,0.66814,0.66912,33993
2023-04-17 16:00:00+00:00,0.66893,0.67049,0.6687,0.67049,14291
2023-04-17 20:00:00+00:00,0.67047,0.67051,0.6692,0.66981,7149
2023-04-18 00:00:00+00:00,0.67,0.67241,0.6697,0.67136,20632
2023-04-18 04:00:00+00:00,0.6713,0.67371,0.67124,0.67294,20814
2023-04-18 08:00:00+00:00,0.67303,0.67447,0.67303,0.67381,22597
2023-04-18 12:00:00+00:00,0.67374,0.67461,0.6715,0.6715,31357
2023-04-18 16:00:00+00:00,0.67175,0.673,0.67175,0.67282,15625
2023-04-18 20:00:00+00:00,0.67274,0.67378,0.66908,0.67354,7059
2023-04-19 00:00:00+00:00,0.6739,0.67403,0.6717,0.67305,17592
2023-04-19 04:00:00+00:00,0.67302,0.67334,0.67083,0.67165,23061
2023-04-19 08:00:00+00:00,0.6714,0.67152,0.66907,0.67053,25622
2023-04-19 12:00:00+00:00,0.6701,0.67348,0.6701,0.67162,26134
2023-04-19 16:00:00+00:00,0.67168,0.67238,0.6711,0.67147,13366
2023-04-19 20:00:00+00:00,0.67141,0.6724,0.66755,0.6702,11244
2023-04-20 00:00:00+00:00,0.67055,0.6709,0.6697,0.67044,21278
2023-04-20 04:00:00+00:00,0.6703,0.67265,0.6699,0.671,22660
2023-04-20 08:00:00+00:00,0.6709,0.67366,0.6697,0.672,23969
2023-04-20 12:00:00+00:00,0.67193,0.67694,0.67119,0.67528,35187
2023-04-20 16:00:00+00:00,0.67533,0.67546,0.6731,0.67368,19940
2023-04-20 20:00:00+00:00,0.6735,0.67449,0.67317,0.67426,8515
2023-04-21 00:00:00+00:00,0.6741,0.67429,0.6714,0.67178,18714
2023-04-21 04:00:00+00:00,0.67165,0.67187,0.6675,0.66867,24374
2023-04-21 08:00:00+00:00,0.66854,0.66982,0.66837,0.66967,24438
2023-04-21 12:00:00+00:00,0.66972,0.67082,0.66799,0.66893,34448
2023-04-21 16:00:00+00:00,0.66891,0.67002,0.6681,0.66923,19156
2023-04-21 20:00:00+00:00,0.66927,0.6695,0.66343,0.669,2309
2023-04-23 16:00:00+00:00,0.66772,0.67014,0.66772,0.66993,25
2023-04-23 20:00:00+00:00,0.66982,0.66994,0.66854,0.66908,3452
2023-04-24 00:00:00+00:00,0.66866,0.66949,0.6677,0.66798,22072
2023-04-24 04:00:00+00:00,0.6677,0.66849,0.66665,0.66842,22658
2023-04-24 08:00:00+00:00,0.66866,0.66942,0.6676,0.66816,22170
2023-04-24 12:00:00+00:00,0.6681,0.6697,0.6672,0.6679,27506
2023-04-24 16:00:00+00:00,0.66797,0.66948,0.6679,0.66944,14451
2023-04-24 20:00:00+00:00,0.66939,0.67044,0.66862,0.67032,6837
2023-04-25 00:00:00+00:00,0.67,0.67052,0.66778,0.66786,20923
2023-04-25 04:00:00+00:00,0.66797,0.66862,0.6656,0.6659,26016
2023-04-25 08:00:00+00:00,0.6656,0.66701,0.665,0.665,24490
2023-04-25 12:00:00+00:00,0.66521,0.66592,0.66253,0.66253,30138
2023-04-25 16:00:00+00:00,0.6625,0.66262,0.66143,0.66209,19584
2023-04-25 20:00:00+00:00,0.66207,0.66379,0.66207,0.6633,11368
2023-04-26 00:00:00+00:00,0.6638,0.6638,0.66062,0.66062,25973
2023-04-26 04:00:00+00:00,0.66064,0.66171,0.66,0.66101,26432
2023-04-26 08:00:00+00:00,0.66108,0.66126,0.6594,0.66023,30237
2023-04-26 12:00:00+00:00,0.66036,0.66177,0.65995,0.66151,38135
2023-04-26 16:00:00+00:00,0.66143,0.66149,0.659,0.6596,21492
2023-04-26 20:00:00+00:00,0.6596,0.66111,0.65674,0.66079,10106
2023-04-27 00:00:00+00:00,0.6607,0.66129,0.6599,0.66071,22436
2023-04-27 04:00:00+00:00,0.66071,0.66348,0.6605,0.66195,27260
2023-04-27 08:00:00+00:00,0.66198,0.6622,0.66068,0.66184,24438
2023-04-27 12:00:00+00:00,0.66184,0.66231,0.6595,0.66124,39881
2023-04-27 16:00:00+00:00,0.6613,0.66324,0.6611,0.66286,18223
2023-04-27 20:00:00+00:00,0.66287,0.66314,0.66133,0.66301,9633
2023-04-28 00:00:00+00:00,0.66322,0.66416,0.6623,0.66285,23435
2023-04-28 04:00:00+00:00,0.66278,0.66278,0.6586,0.65953,31981
2023-04-28 08:00:00+00:00,0.6593,0.6593,0.65786,0.6584,28378
2023-04-28 12:00:00+00:00,0.65878,0.66165,0.65754,0.66165,42880
2023-04-28 16:00:00+00:00,0.66168,0.66174,0.6607,0.6616,21479
2023-04-28 20:00:00+00:00,0.66176,0.66188,0.65865,0.6613,2464
2023-04-29 08:00:00+00:00,0.6606,0.6614,0.6606,0.6614,2
2023-04-30 16:00:00+00:00,0.65997,0.66112,0.65997,0.66096,45
2023-04-30 20:00:00+00:00,0.66118,0.66204,0.6606,0.66098,4091
2023-05-01 00:00:00+00:00,0.66096,0.66359,0.66096,0.66348,16335
2023-05-01 04:00:00+00:00,0.66349,0.6644,0.6631,0.6636,18112
2023-05-01 08:00:00+00:00,0.6633,0.66415,0.6632,0.66354,18131
2023-05-01 12:00:00+00:00,0.66346,0.6667,0.66307,0.66345,33482
2023-05-01 16:00:00+00:00,0.66336,0.66373,0.6623,0.66282,19550
2023-05-01 20:00:00+00:00,0.6627,0.6632,0.66109,0.66226,8318
2023-05-02 00:00:00+00:00,0.66246,0.66405,0.66207,0.6629,19793
2023-05-02 04:00:00+00:00,0.66291,0.67156,0.66259,0.67013,34227
2023-05-02 08:00:00+00:00,0.67004,0.67038,0.6688,0.67009,13349
2023-05-02 12:00:00+00:00,0.66973,0.66984,0.6655,0.66689,39766
2023-05-02 16:00:00+00:00,0.66682,0.66727,0.6659,0.66664,21201
2023-05-02 20:00:00+00:00,0.6664,0.66721,0.6657,0.66704,10232
2023-05-03 00:00:00+00:00,0.66707,0.66757,0.66558,0.66684,18889
2023-05-03 04:00:00+00:00,0.66678,0.66707,0.66569,0.66612,21160
2023-05-03 08:00:00+00:00,0.66626,0.6671,0.6652,0.6664,24207
2023-05-03 12:00:00+00:00,0.66632,0.66757,0.66498,0.66739,34372
2023-05-03 16:00:00+00:00,0.6674,0.67021,0.66632,0.6669,38379
2023-05-03 20:00:00+00:00,0.66685,0.6676,0.664,0.66414,19032
2023-05-04 00:00:00+00:00,0.66413,0.66922,0.66413,0.66868,27070
2023-05-04 04:00:00+00:00,0.66871,0.66993,0.66657,0.66733,29418
2023-05-04 08:00:00+00:00,0.66718,0.66818,0.6658,0.66788,29499
2023-05-04 12:00:00+00:00,0.66777,0.66801,0.6655,0.66754,48724
2023-05-04 16:00:00+00:00,0.66763,0.67061,0.66763,0.66906,28884
2023-05-04 20:00:00+00:00,0.66906,0.67023,0.6688,0.66959,9774
2023-05-05 00:00:00+00:00,0.6695,0.67361,0.6692,0.67354,21858
2023-05-05 04:00:00+00:00,0.67345,0.6743,0.6729,0.67311,23947
2023-05-05 08:00:00+00:00,0.67306,0.67332,0.672,0.672,21875
2023-05-05 12:00:00+00:00,0.67217,0.67483,0.66963,0.6744,42472
2023-05-05 16:00:00+00:00,0.67466,0.67562,0.6742,0.67494,21475
2023-05-05 20:00:00+00:00,0.67489,0.6759,0.67131,0.6759,3339
2023-05-07 16:00:00+00:00,0.67292,0.67537,0.67292,0.67469,31
2023-05-07 20:00:00+00:00,0.67426,0.67551,0.67348,0.6745,3930
2023-05-08 00:00:00+00:00,0.6743,0.67697,0.674,0.67689,21140
2023-05-08 04:00:00+00:00,0.67692,0.67891,0.6769,0.67823,19411
2023-05-08 08:00:00+00:00,0.67858,0.67963,0.67799,0.67881,21522
2023-05-08 12:00:00+00:00,0.67872,0.68027,0.6787,0.67906,27019
2023-05-08 16:00:00+00:00,0.67906,0.67924,0.6777,0.67801,16138
2023-05-08 20:00:00+00:00,0.67808,0.67831,0.67563,0.67806,8334
2023-05-09 00:00:00+00:00,0.67798,0.67843,0.677,0.67843,20768
2023-05-09 04:00:00+00:00,0.67852,0.67865,0.67577,0.6758,22994
2023-05-09 08:00:00+00:00,0.67575,0.67677,0.6753,0.67572,22337
2023-05-09 12:00:00+00:00,0.67579,0.6764,0.6747,0.67502,27970
2023-05-09 16:00:00+00:00,0.67492,0.67661,0.67477,0.67606,16821
2023-05-09 20:00:00+00:00,0.67612,0.67665,0.6753,0.67665,8270
2023-05-10 00:00:00+00:00,0.67652,0.677,0.676,0.67687,19444
2023-05-10 04:00:00+00:00,0.67688,0.67736,0.6756,0.6756,21087
2023-05-10 08:00:00+00:00,0.67547,0.6758,0.6746,0.67511,22301
2023-05-10 12:00:00+00:00,0.67498,0.68166,0.67442,0.67613,41950
2023-05-10 16:00:00+00:00,0.67613,0.67796,0.67462,0.67757,22209
2023-05-10 20:00:00+00:00,0.6774,0.67835,0.67706,0.6778,8539
2023-05-11 00:00:00+00:00,0.6784,0.67942,0.6767,0.67719,24319
2023-05-11 04:00:00+00:00,0.67719,0.67798,0.67294,0.6735,26210
2023-05-11 08:00:00+00:00,0.67351,0.67424,0.67226,0.67329,29529
2023-05-11 12:00:00+00:00,0.67312,0.67482,0.6687,0.66922,40031
2023-05-11 16:00:00+00:00,0.66918,0.67014,0.6689,0.67014,21338
2023-05-11 20:00:00+00:00,0.67008,0.67035,0.66958,0.6697,8535
2023-05-12 00:00:00+00:00,0.67001,0.6706,0.6685,0.66913,22725
2023-05-12 04:00:00+00:00,0.669,0.67039,0.66854,0.66854,24438
2023-05-12 08:00:00+00:00,0.66856,0.66953,0.6679,0.6679,22065
2023-05-12 12:00:00+00:00,0.66817,0.66892,0.6642,0.66483,30497
2023-05-12 16:00:00+00:00,0.6647,0.66494,0.6634,0.66466,19847
2023-05-12 20:00:00+00:00,0.6645,0.6656,0.6572,0.6656,3165
2023-05-13 20:00:00+00:00,0.6645,0.6646,0.6645,0.6646,2
2023-05-14 16:00:00+00:00,0.66367,0.66569,0.66367,0.6651,31
2023-05-14 20:00:00+00:00,0.66461,0.6651,0.66413,0.6644,2887
2023-05-15 00:00:00+00:00,0.66466,0.66649,0.664,0.66613,20778
2023-05-15 04:00:00+00:00,0.66626,0.66926,0.6656,0.66908,24384
2023-05-15 08:00:00+00:00,0.66886,0.66923,0.6677,0.66893,21794
2023-05-15 12:00:00+00:00,0.66896,0.6698,0.66765,0.66968,26735
2023-05-15 16:00:00+00:00,0.6698,0.67085,0.6695,0.67016,17614
2023-05-15 20:00:00+00:00,0.67,0.67034,0.6686,0.67019,8358
2023-05-16 00:00:00+00:00,0.67013,0.67089,0.668,0.6694,21506
2023-05-16 04:00:00+00:00,0.66945,0.66946,0.6665,0.66879,24317
2023-05-16 08:00:00+00:00,0.66884,0.66961,0.667,0.66722,22722
2023-05-16 12:00:00+00:00,0.66723,0.6692,0.66519,0.66613,36748
2023-05-16 16:00:00+00:00,0.66609,0.66627,0.665,0.66531,20794
2023-05-16 20:00:00+00:00,0.66534,0.6658,0.66482,0.66574,7600
2023-05-17 00:00:00+00:00,0.66592,0.66698,0.6642,0.66598,23485
2023-05-17 04:00:00+00:00,0.66598,0.66598,0.66294,0.66294,24499
2023-05-17 08:00:00+00:00,0.66331,0.66632,0.66327,0.66567,25658
2023-05-17 12:00:00+00:00,0.66567,0.66684,0.66397,0.66502,32616
2023-05-17 16:00:00+00:00,0.66513,0.66728,0.665,0.66623,20248
2023-05-17 20:00:00+00:00,0.66609,0.66633,0.6653,0.66556,8401
2023-05-18 00:00:00+00:00,0.66569,0.6667,0.66326,0.66499,24280
2023-05-18 04:00:00+00:00,0.66484,0.66557,0.66338,0.66359,22402
2023-05-18 08:00:00+00:00,0.66362,0.66456,0.6629,0.66389,23677
2023-05-18 12:00:00+00:00,0.66393,0.66434,0.6605,0.66171,34065
2023-05-18 16:00:00+00:00,0.66183,0.66246,0.6605,0.66245,21776
2023-05-18 20:00:00+00:00,0.66249,0.66295,0.66097,0.6627,10094
2023-05-19 00:00:00+00:00,0.6627,0.66409,0.6615,0.66373,24537
2023-05-19 04:00:00+00:00,0.66362,0.66527,0.66299,0.66499,25773
2023-05-19 08:00:00+00:00,0.66476,0.66628,0.66436,0.66578,27110
2023-05-19 12:00:00+00:00,0.66578,0.66727,0.6645,0.66601,38842
2023-05-19 16:00:00+00:00,0.66618,0.667,0.6643,0.66507,23740
2023-05-19 20:00:00+00:00,0.66515,0.66517,0.6597,0.6616,3587
2023-05-20 08:00:00+00:00,0.6649,0.6649,0.6634,0.6634,2
2023-05-21 16:00:00+00:00,0.66407,0.66496,0.66302,0.66476,14
2023-05-21 20:00:00+00:00,0.66476,0.66584,0.66404,0.66584,3861
2023-05-22 00:00:00+00:00,0.66574,0.66671,0.66436,0.66498,26200
2023-05-22 04:00:00+00:00,0.66493,0.66544,0.66283,0.66336,26482
2023-05-22 08:00:00+00:00,0.66324,0.66498,0.6627,0.66413,25100
2023-05-22 12:00:00+00:00,0.6639,0.66508,0.6635,0.6642,31279
2023-05-22 16:00:00+00:00,0.66442,0.66551,0.6639,0.66483,20266
2023-05-22 20:00:00+00:00,0.66483,0.66533,0.66444,0.66484,8233
2023-05-23 00:00:00+00:00,0.66515,0.66617,0.66419,0.66555,22535
2023-05-23 04:00:00+00:00,0.66544,0.66589,0.6624,0.6625,24858
2023-05-23 08:00:00+00:00,0.66273,0.66344,0.6612,0.6616,25299
2023-05-23 12:00:00+00:00,0.66169,0.66297,0.66105,0.6621,34542
2023-05-23 16:00:00+00:00,0.66198,0.66208,0.6605,0.66078,22862
2023-05-23 20:00:00+00:00,0.66078,0.66137,0.6605,0.66134,7424
2023-05-24 00:00:00+00:00,0.66136,0.66147,0.65876,0.66013,24848
2023-05-24 04:00:00+00:00,0.65998,0.66038,0.65679,0.65696,27376
2023-05-24 08:00:00+00:00,0.65682,0.65831,0.6559,0.65767,27983
2023-05-24 12:00:00+00:00,0.65769,0.65827,0.65322,0.65395,34668
2023-05-24 16:00:00+00:00,0.65397,0.65451,0.653,0.65386,25536
2023-05-24 20:00:00+00:00,0.65391,0.65455,0.6538,0.65431,12642
2023-05-25 00:00:00+00:00,0.65412,0.65435,0.65235,0.65279,23281
2023-05-25 04:00:00+00:00,0.6528,0.65419,0.6521,0.65314,23833
2023-05-25 08:00:00+00:00,0.65326,0.6535,0.6519,0.65279,21505
2023-05-25 12:00:00+00:00,0.65277,0.6535,0.65,0.65041,39073
2023-05-25 16:00:00+00:00,0.65035,0.65153,0.6498,0.6504,24367
2023-05-25 20:00:00+00:00,0.6505,0.652,0.6495,0.64981,9423
2023-05-26 00:00:00+00:00,0.65,0.65144,0.6489,0.65117,21263
2023-05-26 04:00:00+00:00,0.65103,0.65278,0.65094,0.65185,24482
2023-05-26 08:00:00+00:00,0.65179,0.65434,0.65179,0.6541,23589
2023-05-26 12:00:00+00:00,0.65418,0.65418,0.6496,0.65094,14573
2023-05-26 16:00:00+00:00,0.65102,0.65204,0.6507,0.65186,18282
2023-05-26 20:00:00+00:00,0.65184,0.65196,0.64826,0.64841,2585
2023-05-28 16:00:00+00:00,0.6516,0.65303,0.65009,0.65239,19
2023-05-28 20:00:00+00:00,0.65219,0.65308,0.65128,0.6523,3993
2023-05-29 00:00:00+00:00,0.65244,0.65433,0.6521,0.65288,19286
2023-05-29 04:00:00+00:00,0.6527,0.65522,0.6527,0.65336,20571
2023-05-29 08:00:00+00:00,0.65342,0.65446,0.6527,0.6539,16619
2023-05-29 12:00:00+00:00,0.65408,0.6542,0.6533,0.65407,12942
2023-05-29 16:00:00+00:00,0.65401,0.65403,0.6535,0.65386,6313
2023-05-29 20:00:00+00:00,0.65383,0.65422,0.6526,0.65278,7749
2023-05-30 00:00:00+00:00,0.65298,0.6558,0.6509,0.65132,23495
2023-05-30 04:00:00+00:00,0.65132,0.65312,0.6501,0.65312,27821
2023-05-30 08:00:00+00:00,0.65334,0.65523,0.6531,0.65523,28398
2023-05-30 12:00:00+00:00,0.65509,0.65543,0.6509,0.651,31948
2023-05-30 16:00:00+00:00,0.6512,0.65185,0.6502,0.65181,20292
2023-05-30 20:00:00+00:00,0.65171,0.65215,0.65022,0.65175,8160
2023-05-31 00:00:00+00:00,0.65182,0.65182,0.64903,0.64941,23860
2023-05-31 04:00:00+00:00,0.64936,0.64982,0.6473,0.64758,27635
2023-05-31 08:00:00+00:00,0.64757,0.64853,0.6473,0.64767,20772
2023-05-31 12:00:00+00:00,0.64771,0.64929,0.64632,0.6472,33884
2023-05-31 16:00:00+00:00,0.64717,0.65049,0.6458,0.65032,24677
2023-05-31 20:00:00+00:00,0.65044,0.65094,0.64884,0.65058,9613
2023-06-01 00:00:00+00:00,0.6504,0.65154,0.64844,0.6514,22655
2023-06-01 04:00:00+00:00,0.65125,0.65192,0.6485,0.64913,21363
2023-06-01 08:00:00+00:00,0.64892,0.65263,0.6488,0.65246,22458
2023-06-01 12:00:00+00:00,0.65237,0.65776,0.65095,0.6576,35936
2023-06-01 16:00:00+00:00,0.65779,0.65811,0.6566,0.65744,19079
2023-06-01 20:00:00+00:00,0.65735,0.65792,0.65342,0.65773,8309
2023-06-02 00:00:00+00:00,0.65792,0.66156,0.6573,0.66145,20504
2023-06-02 04:00:00+00:00,0.66133,0.66177,0.6603,0.66103,20923
2023-06-02 08:00:00+00:00,0.66099,0.66333,0.6607,0.66185,21566
2023-06-02 12:00:00+00:00,0.66182,0.66343,0.6607,0.66147,35246
2023-06-02 16:00:00+00:00,0.66147,0.66156,0.66018,0.66092,17331
2023-06-02 20:00:00+00:00,0.66093,0.6619,0.6537,0.6619,2517
2023-06-03 12:00:00+00:00,0.661,0.6618,0.661,0.6618,2
2023-06-04 16:00:00+00:00,0.65997,0.66036,0.65997,0.66036,14
2023-06-04 20:00:00+00:00,0.66129,0.66132,0.6593,0.65969,4532
2023-06-05 00:00:00+00:00,0.65972,0.66077,0.6588,0.66069,19029
2023-06-05 04:00:00+00:00,0.6603,0.66097,0.65894,0.65929,19250
2023-06-05 08:00:00+00:00,0.6592,0.65993,0.6579,0.65852,17101
2023-06-05 12:00:00+00:00,0.65835,0.66339,0.6581,0.66247,29438
2023-06-05 16:00:00+00:00,0.66239,0.66278,0.6613,0.66156,19620
2023-06-05 20:00:00+00:00,0.66159,0.6623,0.661,0.66126,8791
2023-06-06 00:00:00+00:00,0.66124,0.66214,0.6609,0.66172,17052
2023-06-06 04:00:00+00:00,0.66176,0.66805,0.66066,0.6663,30722
2023-06-06 08:00:00+00:00,0.66635,0.66666,0.6648,0.666,21846
2023-06-06 12:00:00+00:00,0.6662,0.6676,0.6643,0.66733,29571
2023-06-06 16:00:00+00:00,0.66738,0.66776,0.6666,0.66719,18249
2023-06-06 20:00:00+00:00,0.66718,0.66803,0.66625,0.66803,8755
2023-06-07 00:00:00+00:00,0.66815,0.66895,0.6665,0.66754,22630
2023-06-07 04:00:00+00:00,0.66762,0.66823,0.6661,0.66734,21091
2023-06-07 08:00:00+00:00,0.66741,0.67058,0.66719,0.6697,21696
2023-06-07 12:00:00+00:00,0.66964,0.67156,0.6658,0.6658,34704
2023-06-07 16:00:00+00:00,0.66596,0.66623,0.6641,0.66511,23317
2023-06-07 20:00:00+00:00,0.66504,0.66603,0.6649,0.66584,10043
2023-06-08 00:00:00+00:00,0.66599,0.66714,0.66575,0.66624,20451
2023-06-08 04:00:00+00:00,0.6662,0.66832,0.6655,0.6681,22132
2023-06-08 08:00:00+00:00,0.66805,0.66892,0.6677,0.6685,19510
2023-06-08 12:00:00+00:00,0.66853,0.67167,0.6683,0.67061,33614
2023-06-08 16:00:00+00:00,0.67059,0.67166,0.6702,0.6711,17851
2023-06-08 20:00:00+00:00,0.67135,0.67168,0.67047,0.67122,9499
2023-06-09 00:00:00+00:00,0.67125,0.67146,0.6696,0.66984,20871
2023-06-09 04:00:00+00:00,0.66974,0.67231,0.6691,0.67231,21266
2023-06-09 08:00:00+00:00,0.67227,0.67284,0.6705,0.67274,20624
2023-06-09 12:00:00+00:00,0.67291,0.67501,0.6726,0.67394,31321
2023-06-09 16:00:00+00:00,0.67381,0.67437,0.6735,0.67368,12914
2023-06-09 20:00:00+00:00,0.67403,0.67434,0.66979,0.6739,1535
2023-06-10 00:00:00+00:00,0.6738,0.6738,0.6738,0.6738,1
2023-06-10 08:00:00+00:00,0.6742,0.6742,0.6742,0.6742,1
2023-06-11 04:00:00+00:00,0.6738,0.6738,0.6738,0.6738,1
2023-06-11 08:00:00+00:00,0.6742,0.6742,0.6742,0.6742,1
2023-06-11 16:00:00+00:00,0.67244,0.67405,0.67244,0.67345,12
2023-06-11 20:00:00+00:00,0.67399,0.67452,0.67103,0.67444,2960
2023-06-12 00:00:00+00:00,0.67422,0.67474,0.6729,0.67419,17466
2023-06-12 04:00:00+00:00,0.67404,0.67643,0.6735,0.67619,18467
2023-06-12 08:00:00+00:00,0.67638,0.67732,0.67575,0.67585,20716
2023-06-12 12:00:00+00:00,0.6758,0.67649,0.6741,0.67465,26336
2023-06-12 16:00:00+00:00,0.67456,0.6755,0.674,0.67537,16357
2023-06-12 20:00:00+00:00,0.6753,0.67552,0.67428,0.6751,9978
2023-06-13 00:00:00+00:00,0.67524,0.67661,0.67387,0.67644,21360
2023-06-13 04:00:00+00:00,0.67644,0.67855,0.6757,0.6771,24280
2023-06-13 08:00:00+00:00,0.67742,0.67812,0.67696,0.6775,22582
2023-06-13 12:00:00+00:00,0.67773,0.68062,0.67669,0.67743,41262
2023-06-13 16:00:00+00:00,0.67751,0.67868,0.6755,0.67667,20801
2023-06-13 20:00:00+00:00,0.67661,0.6772,0.67554,0.677,7767
2023-06-14 00:00:00+00:00,0.67703,0.67823,0.6762,0.6774,19149
2023-06-14 04:00:00+00:00,0.6775,0.67849,0.6761,0.67836,21023
2023-06-14 08:00:00+00:00,0.67832,0.67946,0.6779,0.67903,19921
2023-06-14 12:00:00+00:00,0.67898,0.68351,0.6787,0.68308,29015
2023-06-14 16:00:00+00:00,0.68305,0.68351,0.67582,0.67904,40033
2023-06-14 20:00:00+00:00,0.67912,0.6802,0.67537,0.67963,10844
2023-06-15 00:00:00+00:00,0.67961,0.68015,0.6767,0.6799,24079
2023-06-15 04:00:00+00:00,0.67994,0.68269,0.6793,0.6817,25075
2023-06-15 08:00:00+00:00,0.6818,0.68201,0.67953,0.67953,21878
2023-06-15 12:00:00+00:00,0.67969,0.68703,0.6791,0.68695,37132
2023-06-15 16:00:00+00:00,0.68705,0.68923,0.6868,0.68873,19485
2023-06-15 20:00:00+00:00,0.68868,0.68874,0.68731,0.68792,8992
2023-06-16 00:00:00+00:00,0.68801,0.6885,0.6866,0.68706,21767
2023-06-16 04:00:00+00:00,0.68691,0.6898,0.6866,0.6876,23857
2023-06-16 08:00:00+00:00,0.68737,0.68859,0.6867,0.68743,24239
2023-06-16 12:00:00+00:00,0.68747,0.6887,0.6856,0.68639,36884
2023-06-16 16:00:00+00:00,0.68643,0.68793,0.686,0.68703,21816
2023-06-16 20:00:00+00:00,0.68709,0.68763,0.62506,0.67831,4165
2023-06-18 08:00:00+00:00,0.6876,0.6876,0.67891,0.67891,2
2023-06-18 16:00:00+00:00,0.68542,0.68735,0.68542,0.68735,16
2023-06-18 20:00:00+00:00,0.68725,0.68822,0.6851,0.6871,525
2023-06-19 00:00:00+00:00,0.6869,0.6871,0.68348,0.68379,14056
2023-06-19 04:00:00+00:00,0.68366,0.68776,0.68359,0.68672,15279
2023-06-19 08:00:00+00:00,0.68665,0.68712,0.6841,0.68447,18369
2023-06-19 12:00:00+00:00,0.6845,0.68506,0.68397,0.68473,20052
2023-06-19 16:00:00+00:00,0.68476,0.68494,0.684,0.68481,8692
2023-06-19 20:00:00+00:00,0.6846,0.68541,0.68383,0.68494,10728
2023-06-20 00:00:00+00:00,0.68513,0.68536,0.6799,0.68081,26352
2023-06-20 04:00:00+00:00,0.68074,0.68109,0.67885,0.68048,26406
2023-06-20 08:00:00+00:00,0.6802,0.68052,0.6783,0.67846,24685
2023-06-20 12:00:00+00:00,0.67852,0.67866,0.6754,0.67687,35596
2023-06-20 16:00:00+00:00,0.67687,0.679,0.67678,0.67868,21580
2023-06-20 20:00:00+00:00,0.6782,0.67931,0.67256,0.67896,9410
2023-06-21 00:00:00+00:00,0.6788,0.67983,0.6776,0.67912,27670
2023-06-21 04:00:00+00:00,0.67928,0.67976,0.67603,0.67639,28676
2023-06-21 08:00:00+00:00,0.67642,0.6774,0.6754,0.67607,28023
2023-06-21 12:00:00+00:00,0.6759,0.67822,0.67435,0.67804,41192
2023-06-21 16:00:00+00:00,0.67803,0.68038,0.6779,0.67974,26303
2023-06-21 20:00:00+00:00,0.67983,0.68025,0.67908,0.67987,10684
2023-06-22 00:00:00+00:00,0.67983,0.68057,0.6785,0.67892,21404
2023-06-22 04:00:00+00:00,0.67904,0.67916,0.6757,0.67871,27372
2023-06-22 08:00:00+00:00,0.67913,0.67977,0.6777,0.67855,26981
2023-06-22 12:00:00+00:00,0.67856,0.67897,0.67492,0.67523,38974
2023-06-22 16:00:00+00:00,0.67519,0.67613,0.6743,0.67574,23559
2023-06-22 20:00:00+00:00,0.6757,0.67654,0.67442,0.67592,10836
2023-06-23 00:00:00+00:00,0.67596,0.67668,0.6703,0.67076,29162
2023-06-23 04:00:00+00:00,0.67074,0.67097,0.6685,0.669,28640
2023-06-23 08:00:00+00:00,0.66955,0.66992,0.66804,0.66836,27176
2023-06-23 12:00:00+00:00,0.66848,0.66863,0.66627,0.66859,37102
2023-06-23 16:00:00+00:00,0.66838,0.66858,0.6674,0.668,22450
2023-06-23 20:00:00+00:00,0.66802,0.66803,0.65808,0.66171,3531
2023-06-24 16:00:00+00:00,0.6676,0.6676,0.66511,0.66511,2
2023-06-25 16:00:00+00:00,0.66742,0.6682,0.66742,0.66808,32
2023-06-25 20:00:00+00:00,0.66808,0.66816,0.6673,0.66806,4699
2023-06-26 00:00:00+00:00,0.668,0.66928,0.6671,0.66887,27799
2023-06-26 04:00:00+00:00,0.66882,0.66887,0.6666,0.6678,25121
2023-06-26 08:00:00+00:00,0.66748,0.6682,0.6669,0.6681,25152
2023-06-26 12:00:00+00:00,0.66839,0.66839,0.6667,0.668,29612
2023-06-26 16:00:00+00:00,0.66802,0.66824,0.6673,0.66774,19541
2023-06-26 20:00:00+00:00,0.6675,0.66786,0.667,0.66735,10573
2023-06-27 00:00:00+00:00,0.66713,0.67196,0.667,0.6715,28447
2023-06-27 04:00:00+00:00,0.67151,0.67204,0.6702,0.6709,26105
2023-06-27 08:00:00+00:00,0.67044,0.67059,0.668,0.6688,25209
2023-06-27 12:00:00+00:00,0.6687,0.67072,0.6679,0.66817,30100
2023-06-27 16:00:00+00:00,0.66823,0.66911,0.66784,0.66891,21704
2023-06-27 20:00:00+00:00,0.66887,0.66889,0.6678,0.66821,10395
2023-06-28 00:00:00+00:00,0.66825,0.66863,0.66219,0.66451,30346
2023-06-28 04:00:00+00:00,0.66458,0.66504,0.6632,0.66412,26506
2023-06-28 08:00:00+00:00,0.66403,0.66439,0.6623,0.66231,25297
2023-06-28 12:00:00+00:00,0.66248,0.66248,0.65985,0.66193,36358
2023-06-28 16:00:00+00:00,0.66198,0.66223,0.6598,0.66007,21795
2023-06-28 20:00:00+00:00,0.66009,0.6607,0.65767,0.6596,8807
2023-06-29 00:00:00+00:00,0.65994,0.66271,0.65959,0.66089,26801
2023-06-29 04:00:00+00:00,0.6609,0.66236,0.6602,0.66236,24442
2023-06-29 08:00:00+00:00,0.6623,0.66383,0.661,0.66351,22135
2023-06-29 12:00:00+00:00,0.66346,0.6638,0.6599,0.66321,40016
2023-06-29 16:00:00+00:00,0.66324,0.66324,0.66145,0.66187,21655
2023-06-29 20:00:00+00:00,0.66196,0.6621,0.66096,0.6616,8771
2023-06-30 00:00:00+00:00,0.66173,0.66337,0.6603,0.66275,25776
2023-06-30 04:00:00+00:00,0.6627,0.66371,0.6617,0.66212,24512
2023-06-30 08:00:00+00:00,0.66216,0.66256,0.66139,0.66193,23665
2023-06-30 12:00:00+00:00,0.66195,0.66642,0.66195,0.66618,39951
2023-06-30 16:00:00+00:00,0.66617,0.66715,0.6657,0.666,21757
2023-06-30 20:00:00+00:00,0.66606,0.66639,0.66097,0.66097,4053
2023-07-02 08:00:00+00:00,0.6665,0.6665,0.6665,0.6665,1
2023-07-02 16:00:00+00:00,0.66397,0.66666,0.66397,0.66618,23
2023-07-02 20:00:00+00:00,0.6662,0.66642,0.6654,0.6655,2068
2023-07-03 00:00:00+00:00,0.6657,0.66656,0.66376,0.66632,24480
2023-07-03 04:00:00+00:00,0.66636,0.66752,0.664,0.66414,24835
2023-07-03 08:00:00+00:00,0.66423,0.66592,0.66423,0.66502,23059
2023-07-03 12:00:00+00:00,0.66502,0.66891,0.66469,0.66768,32994
2023-07-03 16:00:00+00:00,0.6677,0.66787,0.6669,0.66708,12281
2023-07-03 20:00:00+00:00,0.66715,0.66765,0.66639,0.66739,7629
2023-07-04 00:00:00+00:00,0.66722,0.66835,0.6668,0.66759,20530
2023-07-04 04:00:00+00:00,0.6673,0.66867,0.6642,0.66796,25861
2023-07-04 08:00:00+00:00,0.66804,0.66923,0.6673,0.6688,19465
2023-07-04 12:00:00+00:00,0.66868,0.67047,0.6685,0.67033,21124
2023-07-04 16:00:00+00:00,0.67035,0.67035,0.6689,0.66938,11800
2023-07-04 20:00:00+00:00,0.669,0.66952,0.66771,0.6693,8931
2023-07-05 00:00:00+00:00,0.66956,0.66979,0.6679,0.66845,20139
2023-07-05 04:00:00+00:00,0.66832,0.66891,0.6673,0.66791,20294
2023-07-05 08:00:00+00:00,0.66627,0.66662,0.6661,0.66628,2071
2023-07-05 12:00:00+00:00,0.66615,0.66843,0.66578,0.6662,30705
2023-07-05 16:00:00+00:00,0.66614,0.66687,0.6652,0.66555,20705
2023-07-05 20:00:00+00:00,0.66565,0.66565,0.665,0.6655,7282
2023-07-06 00:00:00+00:00,0.66557,0.66713,0.6648,0.66513,22645
2023-07-06 04:00:00+00:00,0.66505,0.66853,0.6632,0.66853,23432
2023-07-06 08:00:00+00:00,0.66798,0.66877,0.6676,0.6686,8554
2023-07-06 12:00:00+00:00,0.66857,0.66857,0.66005,0.66176,42141
2023-07-06 16:00:00+00:00,0.66183,0.66272,0.66183,0.66255,22161
2023-07-06 20:00:00+00:00,0.66252,0.66309,0.6611,0.66284,7962
2023-07-07 00:00:00+00:00,0.66266,0.66356,0.662,0.66316,23537
2023-07-07 04:00:00+00:00,0.6632,0.66427,0.6624,0.66317,25017
2023-07-07 08:00:00+00:00,0.66292,0.66493,0.66261,0.66352,24960
2023-07-07 12:00:00+00:00,0.66342,0.6685,0.66218,0.66843,45030
2023-07-07 16:00:00+00:00,0.66852,0.67001,0.66838,0.66846,22257
2023-07-07 20:00:00+00:00,0.66863,0.66911,0.65869,0.6672,3269
2023-07-08 00:00:00+00:00,0.6687,0.6687,0.6676,0.6676,4
2023-07-08 04:00:00+00:00,0.6687,0.6687,0.6676,0.6676,2
2023-07-09 12:00:00+00:00,0.6687,0.6687,0.6687,0.6687,1
2023-07-09 16:00:00+00:00,0.66664,0.66753,0.6666,0.66694,13
2023-07-09 20:00:00+00:00,0.6676,0.66954,0.66644,0.6687,4536
2023-07-10 00:00:00+00:00,0.66881,0.66951,0.6661,0.66656,26279
2023-07-10 04:00:00+00:00,0.66652,0.66707,0.664,0.66494,23778
2023-07-10 08:00:00+00:00,0.66486,0.66541,0.6629,0.66435,22057
2023-07-10 12:00:00+00:00,0.66434,0.66692,0.6621,0.66668,32650
2023-07-10 16:00:00+00:00,0.66677,0.66797,0.66634,0.66771,19503
2023-07-10 20:00:00+00:00,0.66772,0.66779,0.66431,0.66764,8398
2023-07-11 00:00:00+00:00,0.66772,0.66914,0.66742,0.66876,25423
2023-07-11 04:00:00+00:00,0.66872,0.66948,0.66726,0.66726,28295
2023-07-11 08:00:00+00:00,0.66725,0.66814,0.6659,0.6664,24709
2023-07-11 12:00:00+00:00,0.66649,0.66662,0.6651,0.66625,30728
2023-07-11 16:00:00+00:00,0.66636,0.66853,0.6659,0.66853,19844
2023-07-11 20:00:00+00:00,0.66853,0.66946,0.6674,0.66929,9746
2023-07-12 00:00:00+00:00,0.66927,0.67408,0.6691,0.67184,30192
2023-07-12 04:00:00+00:00,0.67191,0.67266,0.66832,0.66881,25394
2023-07-12 08:00:00+00:00,0.66863,0.66942,0.6682,0.66879,22032
2023-07-12 12:00:00+00:00,0.6687,0.67945,0.6684,0.67817,45059
2023-07-12 16:00:00+00:00,0.67831,0.67959,0.67793,0.67894,26037
2023-07-12 20:00:00+00:00,0.67888,0.67923,0.67632,0.67923,9409
2023-07-13 00:00:00+00:00,0.6791,0.68159,0.67857,0.6812,27081
2023-07-13 04:00:00+00:00,0.68147,0.68421,0.68059,0.68421,29524
2023-07-13 08:00:00+00:00,0.68412,0.68599,0.6833,0.68572,24563
2023-07-13 12:00:00+00:00,0.68572,0.68943,0.68418,0.68712,37265
2023-07-13 16:00:00+00:00,0.68702,0.68922,0.68702,0.68876,20857
2023-07-13 20:00:00+00:00,0.6887,0.68918,0.68765,0.6888,9890
2023-07-14 00:00:00+00:00,0.68911,0.68946,0.6876,0.6893,29887
2023-07-14 04:00:00+00:00,0.68922,0.68932,0.68619,0.6875,28344
2023-07-14 08:00:00+00:00,0.68737,0.68789,0.6863,0.68663,26366
2023-07-14 12:00:00+00:00,0.6866,0.68688,0.68409,0.68419,43974
2023-07-14 16:00:00+00:00,0.68424,0.685,0.6831,0.68333,26760
2023-07-14 20:00:00+00:00,0.6833,0.6841,0.68207,0.6838,4475
2023-07-15 08:00:00+00:00,0.6837,0.6837,0.6837,0.6837,1
2023-07-16 16:00:00+00:00,0.68299,0.68299,0.68267,0.6829,16
2023-07-16 20:00:00+00:00,0.68296,0.68467,0.68205,0.68372,4329
2023-07-17 00:00:00+00:00,0.6837,0.6837,0.6806,0.68084,28293
2023-07-17 04:00:00+00:00,0.68079,0.682,0.68039,0.6817,27849
2023-07-17 08:00:00+00:00,0.6816,0.68232,0.68072,0.68148,27159
2023-07-17 12:00:00+00:00,0.68147,0.6822,0.67893,0.6819,37277
2023-07-17 16:00:00+00:00,0.6819,0.68284,0.6817,0.68227,19156
2023-07-17 20:00:00+00:00,0.68219,0.68219,0.6808,0.68099,11619
2023-07-18 00:00:00+00:00,0.68094,0.68358,0.6806,0.6827,36076
2023-07-18 04:00:00+00:00,0.68265,0.68349,0.6805,0.68066,33012
2023-07-18 08:00:00+00:00,0.68074,0.68212,0.67976,0.68042,30379
2023-07-18 12:00:00+00:00,0.68053,0.68279,0.67892,0.68155,49625
2023-07-18 16:00:00+00:00,0.68157,0.68163,0.6801,0.68114,21530
2023-07-18 20:00:00+00:00,0.68101,0.68195,0.68024,0.6813,12498
2023-07-19 00:00:00+00:00,0.68154,0.68189,0.678,0.67862,32777
2023-07-19 04:00:00+00:00,0.67863,0.6798,0.67694,0.6784,34964
2023-07-19 08:00:00+00:00,0.67832,0.67883,0.6755,0.67636,31192
2023-07-19 12:00:00+00:00,0.6763,0.6787,0.67507,0.67626,43283
2023-07-19 16:00:00+00:00,0.67635,0.67776,0.6759,0.6774,27472
2023-07-19 20:00:00+00:00,0.67736,0.67747,0.6755,0.677,11370
2023-07-20 00:00:00+00:00,0.67728,0.68379,0.67713,0.68314,36148
2023-07-20 04:00:00+00:00,0.68309,0.68344,0.68079,0.68224,34021
2023-07-20 08:00:00+00:00,0.68244,0.68467,0.68235,0.68268,30202
2023-07-20 12:00:00+00:00,0.68245,0.68246,0.67722,0.67773,46836
2023-07-20 16:00:00+00:00,0.67777,0.67873,0.67708,0.67792,27267
2023-07-20 20:00:00+00:00,0.67793,0.67813,0.67696,0.67783,11078
2023-07-21 00:00:00+00:00,0.67735,0.67826,0.67602,0.67743,31553
2023-07-21 04:00:00+00:00,0.67734,0.67867,0.67568,0.67571,32313
2023-07-21 08:00:00+00:00,0.67572,0.67572,0.67339,0.67339,31021
2023-07-21 12:00:00+00:00,0.6731,0.67422,0.67226,0.67358,39014
2023-07-21 16:00:00+00:00,0.67364,0.67378,0.67264,0.6729,20798
2023-07-21 20:00:00+00:00,0.67291,0.67321,0.66867,0.6728,3783
2023-07-22 00:00:00+00:00,0.6726,0.6727,0.6726,0.6726,3
2023-07-22 04:00:00+00:00,0.6727,0.6727,0.6726,0.6726,6
2023-07-22 08:00:00+00:00,0.6727,0.6727,0.6726,0.6727,3
2023-07-22 12:00:00+00:00,0.6726,0.6727,0.6726,0.6727,2
2023-07-23 08:00:00+00:00,0.6726,0.6726,0.6726,0.6726,1
2023-07-23 16:00:00+00:00,0.6721,0.67214,0.67183,0.67214,8
2023-07-23 20:00:00+00:00,0.67285,0.67366,0.67214,0.67252,4293
2023-07-24 00:00:00+00:00,0.67226,0.67395,0.67159,0.67329,30492
2023-07-24 04:00:00+00:00,0.67323,0.67393,0.67256,0.6734,30348
2023-07-24 08:00:00+00:00,0.67317,0.67555,0.6729,0.6743,31350
2023-07-24 12:00:00+00:00,0.67428,0.6751,0.67242,0.67493,40239
2023-07-24 16:00:00+00:00,0.67491,0.6753,0.6736,0.67378,24227
2023-07-24 20:00:00+00:00,0.67374,0.67407,0.67209,0.673,11745
2023-07-25 00:00:00+00:00,0.67321,0.67686,0.67259,0.67646,36184
2023-07-25 04:00:00+00:00,0.67646,0.67757,0.6757,0.67657,34048
2023-07-25 08:00:00+00:00,0.67653,0.67779,0.67566,0.67647,29219
2023-07-25 12:00:00+00:00,0.67656,0.67899,0.6752,0.6788,34369
2023-07-25 16:00:00+00:00,0.6784,0.67923,0.6779,0.67888,22171
2023-07-25 20:00:00+00:00,0.67892,0.67937,0.67036,0.67873,13848
2023-07-26 00:00:00+00:00,0.6787,0.67909,0.67386,0.6762,35552
2023-07-26 04:00:00+00:00,0.67625,0.67743,0.6758,0.67661,32168
2023-07-26 08:00:00+00:00,0.67672,0.677,0.67454,0.67454,29656
2023-07-26 12:00:00+00:00,0.67451,0.67621,0.6729,0.67543,36588
2023-07-26 16:00:00+00:00,0.67545,0.67818,0.67365,0.67651,44444
2023-07-26 20:00:00+00:00,0.6765,0.6765,0.6753,0.67609,12960
2023-07-27 00:00:00+00:00,0.67614,0.68179,0.67614,0.68093,32591
2023-07-27 04:00:00+00:00,0.6811,0.68204,0.6785,0.68141,33104
2023-07-27 08:00:00+00:00,0.68128,0.68178,0.67877,0.67992,30767
2023-07-27 12:00:00+00:00,0.67961,0.67968,0.672,0.67399,54100
2023-07-27 16:00:00+00:00,0.67414,0.67477,0.66984,0.67023,39065
2023-07-27 20:00:00+00:00,0.67013,0.67129,0.67,0.67115,12464
2023-07-28 00:00:00+00:00,0.67099,0.67099,0.66593,0.66656,40946
2023-07-28 04:00:00+00:00,0.66647,0.66702,0.66264,0.6628,46040
2023-07-28 08:00:00+00:00,0.66225,0.66764,0.66225,0.66705,33662
2023-07-28 12:00:00+00:00,0.667,0.66783,0.66514,0.66685,45638
2023-07-28 16:00:00+00:00,0.66693,0.66754,0.66456,0.66524,25982
2023-07-28 20:00:00+00:00,0.66522,0.66543,0.66253,0.6647,4230
2023-07-30 16:00:00+00:00,0.66394,0.6661,0.66332,0.66587,16
2023-07-30 20:00:00+00:00,0.66583,0.66657,0.66328,0.66593,5931
2023-07-31 00:00:00+00:00,0.66594,0.66806,0.6658,0.66761,38305
2023-07-31 04:00:00+00:00,0.66754,0.66996,0.667,0.66901,36704
2023-07-31 08:00:00+00:00,0.66872,0.67112,0.66853,0.67086,31485
2023-07-31 12:00:00+00:00,0.67079,0.67384,0.6703,0.6729,38800
2023-07-31 16:00:00+00:00,0.67303,0.67313,0.6713,0.67167,19470
2023-07-31 20:00:00+00:00,0.67166,0.672,0.67084,0.67156,8758
2023-08-01 00:00:00+00:00,0.67166,0.67229,0.66899,0.66928,27993
2023-08-01 04:00:00+00:00,0.66914,0.66995,0.66406,0.66443,33658
2023-08-01 08:00:00+00:00,0.66426,0.66445,0.6624,0.6627,29056
2023-08-01 12:00:00+00:00,0.66268,0.66292,0.66053,0.66099,39853
2023-08-01 16:00:00+00:00,0.66101,0.6615,0.66,0.66126,17479
2023-08-01 20:00:00+00:00,0.66122,0.66214,0.6611,0.66172,12761
2023-08-02 00:00:00+00:00,0.66126,0.66294,0.65874,0.65927,31711
2023-08-02 04:00:00+00:00,0.65913,0.65936,0.65666,0.65808,31291
2023-08-02 08:00:00+00:00,0.65818,0.65919,0.65727,0.65763,29629
2023-08-02 12:00:00+00:00,0.65776,0.65819,0.65274,0.6541,42840
2023-08-02 16:00:00+00:00,0.65408,0.65531,0.6537,0.65427,23792
2023-08-02 20:00:00+00:00,0.65419,0.65446,0.6531,0.65412,10059
2023-08-03 00:00:00+00:00,0.65395,0.6555,0.6528,0.65364,29196
2023-08-03 04:00:00+00:00,0.6534,0.65411,0.652,0.65283,34062
2023-08-03 08:00:00+00:00,0.6527,0.65388,0.65144,0.65286,35108
2023-08-03 12:00:00+00:00,0.65261,0.65579,0.65235,0.65523,48385
2023-08-03 16:00:00+00:00,0.65521,0.6568,0.65425,0.65454,20634
2023-08-03 20:00:00+00:00,0.6546,0.65616,0.65309,0.6559,14219
2023-08-04 00:00:00+00:00,0.656,0.65856,0.6553,0.65703,33214
2023-08-04 04:00:00+00:00,0.65705,0.6578,0.6558,0.65619,31062
2023-08-04 08:00:00+00:00,0.65603,0.65644,0.6545,0.65465,26910
2023-08-04 12:00:00+00:00,0.6546,0.66088,0.6546,0.66035,51314
2023-08-04 16:00:00+00:00,0.66038,0.66086,0.65623,0.65649,28687
2023-08-04 20:00:00+00:00,0.65649,0.6583,0.6528,0.6583,4530
2023-08-06 20:00:00+00:00,0.65611,0.65746,0.6561,0.6572,3984
2023-08-07 00:00:00+00:00,0.65761,0.65925,0.657,0.65815,30280
2023-08-07 04:00:00+00:00,0.65799,0.65799,0.6564,0.65787,29546
2023-08-07 08:00:00+00:00,0.65778,0.65778,0.6556,0.65724,28421
2023-08-07 12:00:00+00:00,0.65703,0.65851,0.65564,0.6561,35552
2023-08-07 16:00:00+00:00,0.65626,0.65763,0.6558,0.65736,20956
2023-08-07 20:00:00+00:00,0.657,0.65751,0.65653,0.6572,8778
2023-08-08 00:00:00+00:00,0.65745,0.65758,0.65384,0.65456,33941
2023-08-08 04:00:00+00:00,0.65444,0.65503,0.65214,0.65236,31596
2023-08-08 08:00:00+00:00,0.65221,0.65274,0.6498,0.65026,32166
2023-08-08 12:00:00+00:00,0.6502,0.65202,0.6496,0.65132,42851
2023-08-08 16:00:00+00:00,0.65138,0.6543,0.65138,0.65421,24396
2023-08-08 20:00:00+00:00,0.65419,0.65443,0.65314,0.65329,11116
2023-08-09 00:00:00+00:00,0.65329,0.65631,0.65292,0.6552,32078
2023-08-09 04:00:00+00:00,0.65539,0.65697,0.6547,0.65659,31117
2023-08-09 08:00:00+00:00,0.65662,0.65686,0.6535,0.65384,31223
2023-08-09 12:00:00+00:00,0.65368,0.65481,0.652,0.652,35941
2023-08-09 16:00:00+00:00,0.65249,0.65407,0.65235,0.65312,24790
2023-08-09 20:00:00+00:00,0.65324,0.65369,0.65035,0.6535,9786
2023-08-10 00:00:00+00:00,0.65347,0.65449,0.6528,0.65386,24249
2023-08-10 04:00:00+00:00,0.65394,0.65622,0.65378,0.6551,25543
2023-08-10 08:00:00+00:00,0.65512,0.6569,0.6549,0.65684,23113
2023-08-10 12:00:00+00:00,0.65697,0.66102,0.65515,0.65562,53891
2023-08-10 16:00:00+00:00,0.65554,0.65582,0.65204,0.65223,33733
2023-08-10 20:00:00+00:00,0.65234,0.65234,0.65098,0.65116,11178
2023-08-11 00:00:00+00:00,0.65107,0.65333,0.65097,0.65243,30673
2023-08-11 04:00:00+00:00,0.65259,0.65321,0.6516,0.6523,32293
2023-08-11 08:00:00+00:00,0.65214,0.65311,0.65116,0.65284,30633
2023-08-11 12:00:00+00:00,0.65271,0.65307,0.6485,0.64918,50205
2023-08-11 16:00:00+00:00,0.64948,0.65001,0.6485,0.6495,27801
2023-08-11 20:00:00+00:00,0.64951,0.6499,0.64734,0.6499,3976
2023-08-13 16:00:00+00:00,0.6485,0.64884,0.6485,0.64884,8
2023-08-13 20:00:00+00:00,0.64942,0.65049,0.64862,0.64946,4279
2023-08-14 00:00:00+00:00,0.64949,0.64954,0.6457,0.64668,33122
2023-08-14 04:00:00+00:00,0.64674,0.64957,0.6463,0.64957,31531
2023-08-14 08:00:00+00:00,0.64957,0.65028,0.6486,0.64945,30526
2023-08-14 12:00:00+00:00,0.64919,0.64967,0.6453,0.64949,44039
2023-08-14 16:00:00+00:00,0.64973,0.65019,0.6477,0.6483,24683
2023-08-14 20:00:00+00:00,0.6483,0.6491,0.64697,0.64879,10303
2023-08-15 00:00:00+00:00,0.64887,0.6511,0.6464,0.6507,31721
2023-08-15 04:00:00+00:00,0.65069,0.65155,0.6467,0.6467,33293
2023-08-15 08:00:00+00:00,0.6466,0.64795,0.6462,0.64688,33703
2023-08-15 12:00:00+00:00,0.64689,0.64933,0.6459,0.64832,53477
2023-08-15 16:00:00+00:00,0.64846,0.64846,0.645,0.64571,26540
2023-08-15 20:00:00+00:00,0.6457,0.64592,0.64455,0.64572,13309
2023-08-16 00:00:00+00:00,0.64537,0.64586,0.6429,0.64488,36127
2023-08-16 04:00:00+00:00,0.64489,0.64773,0.6444,0.64748,31368
2023-08-16 08:00:00+00:00,0.64744,0.64792,0.6454,0.6457,27708
2023-08-16 12:00:00+00:00,0.64588,0.64657,0.64367,0.64385,43035
2023-08-16 16:00:00+00:00,0.6439,0.64432,0.64149,0.6421,35247
2023-08-16 20:00:00+00:00,0.64217,0.6432,0.6413,0.64133,13196
2023-08-17 00:00:00+00:00,0.64126,0.64126,0.63678,0.6382,37821
2023-08-17 04:00:00+00:00,0.63829,0.64068,0.63787,0.63953,30337
2023-08-17 08:00:00+00:00,0.63946,0.64361,0.63922,0.64339,32959
2023-08-17 12:00:00+00:00,0.64322,0.64499,0.64122,0.64148,48474
2023-08-17 16:00:00+00:00,0.64149,0.64248,0.6395,0.64025,27615
2023-08-17 20:00:00+00:00,0.6403,0.64079,0.63962,0.64059,12506
2023-08-18 00:00:00+00:00,0.64053,0.6428,0.64,0.6402,33041
2023-08-18 04:00:00+00:00,0.6404,0.64156,0.63926,0.63994,32593
2023-08-18 08:00:00+00:00,0.64022,0.64094,0.6384,0.63879,32871
2023-08-18 12:00:00+00:00,0.63864,0.64148,0.63795,0.64123,44710
2023-08-18 16:00:00+00:00,0.64121,0.64163,0.6401,0.64041,28637
2023-08-18 20:00:00+00:00,0.64058,0.64058,0.63539,0.6375,4393
2023-08-20 20:00:00+00:00,0.63992,0.64138,0.63985,0.64138,4139
2023-08-21 00:00:00+00:00,0.64134,0.64168,0.63951,0.64,19998
2023-08-21 04:00:00+00:00,0.63999,0.64104,0.6394,0.64008,18591
2023-08-21 08:00:00+00:00,0.63997,0.64205,0.6392,0.64176,20348
2023-08-21 12:00:00+00:00,0.64172,0.64198,0.6387,0.63918,28077
2023-08-21 16:00:00+00:00,0.63932,0.64196,0.6391,0.64163,14379
2023-08-21 20:00:00+00:00,0.6414,0.64175,0.6409,0.64128,6381
2023-08-22 00:00:00+00:00,0.64135,0.64287,0.6403,0.6422,19435
2023-08-22 04:00:00+00:00,0.64219,0.64467,0.6413,0.64434,21886
2023-08-22 08:00:00+00:00,0.64436,0.64565,0.6433,0.64489,17046
2023-08-22 12:00:00+00:00,0.6448,0.64528,0.64102,0.64234,29950
2023-08-22 16:00:00+00:00,0.64244,0.64265,0.6414,0.64213,16310
2023-08-22 20:00:00+00:00,0.6421,0.64265,0.64189,0.6424,6334
2023-08-23 00:00:00+00:00,0.64234,0.64511,0.64226,0.64375,19077
2023-08-23 04:00:00+00:00,0.64365,0.64427,0.64166,0.64285,20715
2023-08-23 08:00:00+00:00,0.6431,0.64344,0.6409,0.64186,19339
2023-08-23 12:00:00+00:00,0.6416,0.64717,0.6411,0.6465,29208
2023-08-23 16:00:00+00:00,0.64682,0.64785,0.6464,0.64721,15245
2023-08-23 20:00:00+00:00,0.64712,0.64824,0.6469,0.64803,8857
2023-08-24 00:00:00+00:00,0.64816,0.64869,0.6467,0.648,18703
2023-08-24 04:00:00+00:00,0.64787,0.64856,0.6456,0.64571,18872
2023-08-24 08:00:00+00:00,0.64585,0.6467,0.6436,0.6436,16303
2023-08-24 12:00:00+00:00,0.6434,0.64456,0.64226,0.64244,30569
2023-08-24 16:00:00+00:00,0.64245,0.64307,0.6412,0.6414,17244
2023-08-24 20:00:00+00:00,0.64151,0.6419,0.641,0.64125,7076
2023-08-25 00:00:00+00:00,0.64123,0.64191,0.6404,0.64083,17503
2023-08-25 04:00:00+00:00,0.64094,0.64245,0.6401,0.64166,19315
2023-08-25 08:00:00+00:00,0.64152,0.64303,0.6414,0.64254,17450
2023-08-25 12:00:00+00:00,0.64238,0.64341,0.63819,0.6399,37757
2023-08-25 16:00:00+00:00,0.64007,0.64253,0.64,0.641,20077
2023-08-25 20:00:00+00:00,0.64118,0.64118,0.64,0.6401,3220
2023-08-27 16:00:00+00:00,0.63919,0.64118,0.63909,0.64017,24
2023-08-27 20:00:00+00:00,0.64016,0.64164,0.64014,0.64156,4188
2023-08-28 00:00:00+00:00,0.64173,0.64357,0.6414,0.64295,30982
2023-08-28 04:00:00+00:00,0.64293,0.6435,0.6405,0.64069,27440
2023-08-28 08:00:00+00:00,0.64078,0.64148,0.6402,0.64136,24214
2023-08-28 12:00:00+00:00,0.64158,0.64279,0.6414,0.64246,34371
2023-08-28 16:00:00+00:00,0.64245,0.64304,0.6417,0.64279,23446
2023-08-28 20:00:00+00:00,0.64279,0.64326,0.64171,0.6428,9798
2023-08-29 00:00:00+00:00,0.6429,0.64533,0.64231,0.6448,27626
2023-08-29 04:00:00+00:00,0.64487,0.64528,0.64359,0.64359,28535
2023-08-29 08:00:00+00:00,0.64375,0.64538,0.6417,0.64172,29985
2023-08-29 12:00:00+00:00,0.64161,0.6468,0.64,0.64583,47786
2023-08-29 16:00:00+00:00,0.64579,0.64862,0.6453,0.64834,26877
2023-08-29 20:00:00+00:00,0.64835,0.64839,0.64631,0.64757,8856
2023-08-30 00:00:00+00:00,0.64771,0.64805,0.645,0.64715,31990
2023-08-30 04:00:00+00:00,0.64718,0.64786,0.6455,0.64652,15319
2023-08-30 08:00:00+00:00,0.64631,0.64735,0.64544,0.64677,31886
2023-08-30 12:00:00+00:00,0.6467,0.65206,0.6467,0.64939,47875
2023-08-30 16:00:00+00:00,0.64924,0.64924,0.6469,0.64777,24443
2023-08-30 20:00:00+00:00,0.64775,0.64804,0.6469,0.6479,8159
2023-08-31 00:00:00+00:00,0.6476,0.6507,0.6476,0.64847,28255
2023-08-31 04:00:00+00:00,0.64841,0.64878,0.64769,0.64828,21124
2023-08-31 08:00:00+00:00,0.64828,0.64828,0.6463,0.64739,28262
2023-08-31 12:00:00+00:00,0.64745,0.64934,0.64613,0.64662,49225
2023-08-31 16:00:00+00:00,0.6466,0.64848,0.6463,0.64785,21696
2023-08-31 20:00:00+00:00,0.64789,0.64884,0.64726,0.64863,14155
2023-09-01 00:00:00+00:00,0.64861,0.64987,0.6466,0.6466,27753
2023-09-01 04:00:00+00:00,0.6466,0.64772,0.64461,0.64772,23024
2023-09-01 08:00:00+00:00,0.64761,0.64824,0.6468,0.64798,23879
2023-09-01 12:00:00+00:00,0.648,0.65177,0.64456,0.64456,56234
2023-09-01 16:00:00+00:00,0.64426,0.64555,0.644,0.64475,20059
2023-09-01 20:00:00+00:00,0.64489,0.6464,0.6373,0.646,3107
2023-09-03 20:00:00+00:00,0.646,0.646,0.646,0.646,1
2023-09-04 00:00:00+00:00,0.64626,0.64741,0.64539,0.64653,22674
2023-09-04 04:00:00+00:00,0.64755,0.64772,0.6461,0.64643,12542
2023-09-04 08:00:00+00:00,0.64668,0.64709,0.6457,0.64656,21490
2023-09-04 12:00:00+00:00,0.64649,0.64659,0.64523,0.64594,20327
2023-09-04 16:00:00+00:00,0.6459,0.64607,0.6456,0.64595,7114
2023-09-04 20:00:00+00:00,0.6458,0.64638,0.6456,0.64573,5296
2023-09-05 00:00:00+00:00,0.64566,0.64595,0.642,0.64261,27729
2023-09-05 04:00:00+00:00,0.64258,0.64302,0.637,0.63767,31790
2023-09-05 08:00:00+00:00,0.63737,0.63824,0.63582,0.6362,27183
2023-09-05 12:00:00+00:00,0.63661,0.63856,0.63576,0.63813,47123
2023-09-05 16:00:00+00:00,0.63833,0.63852,0.6376,0.63784,22528
2023-09-05 20:00:00+00:00,0.6379,0.63808,0.6372,0.63743,8325
2023-09-06 00:00:00+00:00,0.63733,0.63799,0.63579,0.63784,26302
2023-09-06 04:00:00+00:00,0.63784,0.6388,0.63784,0.63824,10473
2023-09-06 08:00:00+00:00,0.63814,0.64005,0.638,0.63894,27454
2023-09-06 12:00:00+00:00,0.63877,0.64008,0.63675,0.63811,47435
2023-09-06 16:00:00+00:00,0.63805,0.63838,0.6374,0.63794,24739
2023-09-06 20:00:00+00:00,0.63795,0.63839,0.633,0.63809,9307
2023-09-07 00:00:00+00:00,0.63808,0.63841,0.63654,0.6369,24700
2023-09-07 04:00:00+00:00,0.63706,0.63886,0.63706,0.6387,7870
2023-09-07 08:00:00+00:00,0.63844,0.63903,0.6379,0.63808,27656
2023-09-07 12:00:00+00:00,0.63803,0.63949,0.6367,0.63787,44985
2023-09-07 16:00:00+00:00,0.63792,0.63841,0.6373,0.63754,24762
2023-09-07 20:00:00+00:00,0.6374,0.63804,0.63664,0.63777,7436
2023-09-08 00:00:00+00:00,0.6375,0.63949,0.63687,0.63848,24373
2023-09-08 04:00:00+00:00,0.63848,0.64142,0.63848,0.63948,17815
2023-09-08 08:00:00+00:00,0.63958,0.63975,0.6388,0.63939,28927
2023-09-08 12:00:00+00:00,0.63932,0.64062,0.63828,0.63846,36473
2023-09-08 16:00:00+00:00,0.63842,0.6387,0.6368,0.63748,20302
2023-09-08 20:00:00+00:00,0.6374,0.63783,0.6337,0.63521,3954
2023-09-10 16:00:00+00:00,0.63762,0.63897,0.63762,0.63837,24
2023-09-10 20:00:00+00:00,0.63847,0.64019,0.63732,0.63963,5817
2023-09-11 00:00:00+00:00,0.63972,0.64205,0.63885,0.64171,27843
2023-09-11 04:00:00+00:00,0.64186,0.64427,0.64159,0.64343,28692
2023-09-11 08:00:00+00:00,0.64343,0.6437,0.64238,0.64307,25993
2023-09-11 12:00:00+00:00,0.64299,0.6449,0.6428,0.64323,34582
2023-09-11 16:00:00+00:00,0.64336,0.64411,0.64257,0.64319,20312
2023-09-11 20:00:00+00:00,0.6428,0.64328,0.63945,0.64294,8957
2023-09-12 00:00:00+00:00,0.64284,0.64389,0.6414,0.64353,24040
2023-09-12 04:00:00+00:00,0.6432,0.64364,0.64216,0.6428,24571
2023-09-12 08:00:00+00:00,0.64264,0.64387,0.6413,0.642,24993
2023-09-12 12:00:00+00:00,0.64223,0.64251,0.64098,0.64216,35165
2023-09-12 16:00:00+00:00,0.64228,0.64268,0.6417,0.6422,24908
2023-09-12 20:00:00+00:00,0.64219,0.64308,0.64133,0.64279,11154
2023-09-13 00:00:00+00:00,0.64281,0.64319,0.6399,0.6405,27028
2023-09-13 04:00:00+00:00,0.6404,0.64132,0.6399,0.6409,28752
2023-09-13 08:00:00+00:00,0.64098,0.64163,0.6402,0.6406,28623
2023-09-13 12:00:00+00:00,0.64032,0.64309,0.63861,0.64238,47480
2023-09-13 16:00:00+00:00,0.64244,0.6434,0.6412,0.64197,25499
2023-09-13 20:00:00+00:00,0.64195,0.6424,0.6415,0.64209,9819
2023-09-14 00:00:00+00:00,0.64205,0.64484,0.642,0.64369,27382
2023-09-14 04:00:00+00:00,0.6435,0.64466,0.6427,0.64306,25524
2023-09-14 08:00:00+00:00,0.64326,0.64467,0.6423,0.64436,27726
2023-09-14 12:00:00+00:00,0.64438,0.64573,0.6419,0.64414,54687
2023-09-14 16:00:00+00:00,0.64423,0.64493,0.6428,0.6436,23708
2023-09-14 20:00:00+00:00,0.64366,0.64416,0.64272,0.64304,12201
2023-09-15 00:00:00+00:00,0.64324,0.64673,0.643,0.64656,28572
2023-09-15 04:00:00+00:00,0.64656,0.64732,0.64553,0.64606,26931
2023-09-15 08:00:00+00:00,0.64604,0.64604,0.6446,0.6454,26832
2023-09-15 12:00:00+00:00,0.64574,0.64605,0.64318,0.64403,44889
2023-09-15 16:00:00+00:00,0.64419,0.64452,0.6428,0.64305,24656
2023-09-15 20:00:00+00:00,0.64302,0.64315,0.63563,0.6428,4570
2023-09-17 16:00:00+00:00,0.64201,0.6439,0.64201,0.6434,23
2023-09-17 20:00:00+00:00,0.64365,0.64472,0.6422,0.6439,2711
2023-09-18 00:00:00+00:00,0.644,0.64456,0.6428,0.64394,25714
2023-09-18 04:00:00+00:00,0.64383,0.64478,0.6436,0.64379,27972
2023-09-18 08:00:00+00:00,0.64353,0.64414,0.6428,0.64351,29150
2023-09-18 12:00:00+00:00,0.64338,0.64442,0.64171,0.6439,39146
2023-09-18 16:00:00+00:00,0.64414,0.64419,0.643,0.64367,22503
2023-09-18 20:00:00+00:00,0.6435,0.64393,0.64261,0.64393,10202
2023-09-19 00:00:00+00:00,0.64434,0.64471,0.6429,0.64354,22579
2023-09-19 04:00:00+00:00,0.64356,0.64522,0.6427,0.64517,24378
2023-09-19 08:00:00+00:00,0.64521,0.64649,0.6446,0.64649,23971
2023-09-19 12:00:00+00:00,0.6465,0.64734,0.6453,0.64569,36583
2023-09-19 16:00:00+00:00,0.6453,0.64598,0.6452,0.64549,23582
2023-09-19 20:00:00+00:00,0.64554,0.64643,0.645,0.64643,10048
2023-09-20 00:00:00+00:00,0.64642,0.64651,0.6446,0.6449,27247
2023-09-20 04:00:00+00:00,0.64495,0.64636,0.6447,0.64603,30597
2023-09-20 08:00:00+00:00,0.64596,0.64873,0.6456,0.64857,26193
2023-09-20 12:00:00+00:00,0.64868,0.65047,0.648,0.6498,31399
2023-09-20 16:00:00+00:00,0.64987,0.65107,0.64452,0.64462,43269
2023-09-20 20:00:00+00:00,0.64461,0.64519,0.6433,0.6434,14395
2023-09-21 00:00:00+00:00,0.64361,0.64396,0.6404,0.64119,28986
2023-09-21 04:00:00+00:00,0.64123,0.64203,0.64024,0.64126,25469
2023-09-21 08:00:00+00:00,0.64145,0.64146,0.63997,0.63997,32577
2023-09-21 12:00:00+00:00,0.64003,0.64268,0.63855,0.64208,42324
2023-09-21 16:00:00+00:00,0.64202,0.64313,0.6413,0.64137,26276
2023-09-21 20:00:00+00:00,0.64138,0.64185,0.6408,0.6409,12475
2023-09-22 00:00:00+00:00,0.64105,0.64252,0.6402,0.64232,25309
2023-09-22 04:00:00+00:00,0.6423,0.64336,0.6416,0.64322,31740
2023-09-22 08:00:00+00:00,0.64325,0.64538,0.64303,0.64512,29256
2023-09-22 12:00:00+00:00,0.64598,0.64646,0.6445,0.64508,38131
2023-09-22 16:00:00+00:00,0.6449,0.64535,0.6435,0.64409,25899
2023-09-22 20:00:00+00:00,0.64408,0.6442,0.64227,0.644,3889
2023-09-24 16:00:00+00:00,0.64378,0.64412,0.64378,0.64378,3
2023-09-24 20:00:00+00:00,0.64345,0.64439,0.64328,0.64403,4212
2023-09-25 00:00:00+00:00,0.64399,0.64455,0.6422,0.64246,21321
2023-09-25 04:00:00+00:00,0.64244,0.64286,0.6414,0.64213,20715
2023-09-25 08:00:00+00:00,0.64209,0.64351,0.6413,0.64225,26645
2023-09-25 12:00:00+00:00,0.64242,0.64294,0.64045,0.64188,37457
2023-09-25 16:00:00+00:00,0.64178,0.64265,0.6416,0.6424,21532
2023-09-25 20:00:00+00:00,0.6424,0.64255,0.64117,0.642,11435
2023-09-26 00:00:00+00:00,0.64234,0.64302,0.6416,0.6416,30958
2023-09-26 04:00:00+00:00,0.64192,0.64196,0.63879,0.64037,29650
2023-09-26 08:00:00+00:00,0.64044,0.64151,0.6397,0.64059,33179
2023-09-26 12:00:00+00:00,0.64088,0.64194,0.64004,0.64033,41838
2023-09-26 16:00:00+00:00,0.64033,0.64095,0.6391,0.63952,27897
2023-09-26 20:00:00+00:00,0.63952,0.6401,0.63895,0.63934,10505
2023-09-27 00:00:00+00:00,0.63932,0.64085,0.638,0.63816,26767
2023-09-27 04:00:00+00:00,0.63814,0.63855,0.6373,0.6379,24040
2023-09-27 08:00:00+00:00,0.63792,0.6385,0.6361,0.63668,24608
2023-09-27 12:00:00+00:00,0.6367,0.63869,0.6366,0.63665,38892
2023-09-27 16:00:00+00:00,0.6363,0.63657,0.63314,0.63533,32893
2023-09-27 20:00:00+00:00,0.6353,0.6359,0.6344,0.6348,12120
2023-09-28 00:00:00+00:00,0.63497,0.63755,0.6348,0.63728,27945
2023-09-28 04:00:00+00:00,0.63709,0.63795,0.6361,0.6368,27979
2023-09-28 08:00:00+00:00,0.63682,0.63948,0.6364,0.63917,31715
2023-09-28 12:00:00+00:00,0.63926,0.64242,0.63852,0.64242,52527
2023-09-28 16:00:00+00:00,0.6423,0.64318,0.64158,0.64243,34450
2023-09-28 20:00:00+00:00,0.64235,0.6431,0.64111,0.64265,10782
2023-09-29 00:00:00+00:00,0.64273,0.64603,0.642,0.64574,22066
2023-09-29 04:00:00+00:00,0.6455,0.64855,0.6454,0.6477,24851
2023-09-29 08:00:00+00:00,0.64798,0.64999,0.6475,0.64816,29314
2023-09-29 12:00:00+00:00,0.64782,0.64945,0.6445,0.64484,49929
2023-09-29 16:00:00+00:00,0.64485,0.64527,0.6422,0.64286,33185
2023-09-29 20:00:00+00:00,0.64287,0.64343,0.63336,0.6426,5109
2023-10-01 16:00:00+00:00,0.64319,0.64319,0.64313,0.64313,7
2023-10-01 20:00:00+00:00,0.64307,0.64404,0.64193,0.64369,5223
2023-10-02 00:00:00+00:00,0.64362,0.64447,0.6408,0.64119,19872
2023-10-02 04:00:00+00:00,0.64112,0.64255,0.6392,0.64104,24479
2023-10-02 08:00:00+00:00,0.6408,0.6415,0.6392,0.63944,27160
2023-10-02 12:00:00+00:00,0.63933,0.63978,0.63682,0.63744,44848
2023-10-02 16:00:00+00:00,0.63727,0.63754,0.63629,0.6364,32718
2023-10-02 20:00:00+00:00,0.63645,0.63665,0.6357,0.63617,13645
2023-10-03 00:00:00+00:00,0.63581,0.63629,0.6337,0.63449,23263
2023-10-03 04:00:00+00:00,0.6344,0.63444,0.63062,0.63178,27477
2023-10-03 08:00:00+00:00,0.63186,0.63315,0.62956,0.63032,28633
2023-10-03 12:00:00+00:00,0.63043,0.63174,0.6287,0.62917,53381
2023-10-03 16:00:00+00:00,0.62918,0.63063,0.62859,0.63026,30436
2023-10-03 20:00:00+00:00,0.63043,0.63091,0.6295,0.63085,11418
2023-10-04 00:00:00+00:00,0.63084,0.63138,0.62877,0.62975,29505
2023-10-04 04:00:00+00:00,0.6299,0.63255,0.6297,0.63207,31491
2023-10-04 08:00:00+00:00,0.63214,0.63328,0.63151,0.63193,33621
2023-10-04 12:00:00+00:00,0.632,0.6342,0.63069,0.63358,52663
2023-10-04 16:00:00+00:00,0.63359,0.63387,0.6316,0.63289,34479
2023-10-04 20:00:00+00:00,0.63284,0.63313,0.63194,0.63284,11228
2023-10-05 00:00:00+00:00,0.63276,0.63768,0.6325,0.63731,22231
2023-10-05 04:00:00+00:00,0.63726,0.6377,0.6338,0.63407,25791
2023-10-05 08:00:00+00:00,0.63414,0.63508,0.6328,0.6349,31233
2023-10-05 12:00:00+00:00,0.63494,0.63545,0.63278,0.63464,50037
2023-10-05 16:00:00+00:00,0.63459,0.63735,0.63459,0.63717,30393
2023-10-05 20:00:00+00:00,0.6372,0.63737,0.6359,0.6367,8985
2023-10-06 00:00:00+00:00,0.6368,0.63808,0.6362,0.63739,22850
2023-10-06 04:00:00+00:00,0.63732,0.63734,0.6353,0.63664,23929
2023-10-06 08:00:00+00:00,0.63678,0.63702,0.6354,0.63583,29859
2023-10-06 12:00:00+00:00,0.63597,0.6394,0.6315,0.63918,63689
2023-10-06 16:00:00+00:00,0.63902,0.63998,0.6375,0.63872,33172
2023-10-06 20:00:00+00:00,0.63868,0.6388,0.63624,0.6382,4965
2023-10-08 16:00:00+00:00,0.6361,0.63642,0.63605,0.63612,12
2023-10-08 20:00:00+00:00,0.63605,0.63689,0.6345,0.63689,8973
2023-10-09 00:00:00+00:00,0.63707,0.63784,0.635,0.63518,23265
2023-10-09 04:00:00+00:00,0.63526,0.63609,0.6344,0.63548,28648
2023-10-09 08:00:00+00:00,0.63553,0.63675,0.6354,0.63643,28059
2023-10-09 12:00:00+00:00,0.63619,0.63859,0.6356,0.6378,39220
2023-10-09 16:00:00+00:00,0.6377,0.64145,0.6374,0.6413,26225
2023-10-09 20:00:00+00:00,0.64134,0.64229,0.6406,0.64211,11557
2023-10-10 00:00:00+00:00,0.64236,0.64319,0.6408,0.64151,29009
2023-10-10 04:00:00+00:00,0.6414,0.64145,0.6389,0.63981,31369
2023-10-10 08:00:00+00:00,0.63956,0.6425,0.639,0.63944,37394
2023-10-10 12:00:00+00:00,0.63943,0.64306,0.63925,0.64295,43875
2023-10-10 16:00:00+00:00,0.64296,0.6431,0.6411,0.64286,30281
2023-10-10 20:00:00+00:00,0.64289,0.64353,0.642,0.64319,10446
2023-10-11 00:00:00+00:00,0.64341,0.64447,0.64191,0.64223,24144
2023-10-11 04:00:00+00:00,0.6424,0.64332,0.64105,0.64178,26267
2023-10-11 08:00:00+00:00,0.64145,0.64251,0.6412,0.64134,31457
2023-10-11 12:00:00+00:00,0.6411,0.64269,0.64042,0.64063,46533
2023-10-11 16:00:00+00:00,0.64054,0.64116,0.63881,0.64101,29158
2023-10-11 20:00:00+00:00,0.64104,0.64201,0.64044,0.64179,9614
2023-10-12 00:00:00+00:00,0.64192,0.64259,0.6409,0.64203,22370
2023-10-12 04:00:00+00:00,0.64196,0.64301,0.64059,0.64097,24987
2023-10-12 08:00:00+00:00,0.64084,0.64161,0.64,0.6406,26666
2023-10-12 12:00:00+00:00,0.64063,0.64064,0.6328,0.6333,48643
2023-10-12 16:00:00+00:00,0.63358,0.63371,0.6307,0.6314,31404
2023-10-12 20:00:00+00:00,0.63136,0.6318,0.63059,0.63159,10808
2023-10-13 00:00:00+00:00,0.63167,0.63306,0.6314,0.63269,22841
2023-10-13 04:00:00+00:00,0.6324,0.63275,0.6308,0.63261,26955
2023-10-13 08:00:00+00:00,0.63283,0.63311,0.6306,0.63167,33196
2023-10-13 12:00:00+00:00,0.63178,0.63281,0.6285,0.62888,47544
2023-10-13 16:00:00+00:00,0.62899,0.6301,0.62894,0.62986,32842
2023-10-13 20:00:00+00:00,0.6298,0.6298,0.62237,0.62302,4061
2023-10-15 16:00:00+00:00,0.62878,0.63121,0.6287,0.63002,83
2023-10-15 20:00:00+00:00,0.63003,0.63109,0.62946,0.63109,4839
2023-10-16 00:00:00+00:00,0.63114,0.63263,0.6303,0.63222,20855
2023-10-16 04:00:00+00:00,0.63221,0.63322,0.6317,0.63261,26894
2023-10-16 08:00:00+00:00,0.63274,0.63313,0.63172,0.63276,27372
2023-10-16 12:00:00+00:00,0.63268,0.63395,0.631,0.63379,37928
2023-10-16 16:00:00+00:00,0.63389,0.63446,0.6336,0.63436,20918
2023-10-16 20:00:00+00:00,0.63431,0.63432,0.63258,0.63369,12415
2023-10-17 00:00:00+00:00,0.63387,0.63666,0.6334,0.63536,24728
2023-10-17 04:00:00+00:00,0.63534,0.63627,0.6348,0.63579,24255
2023-10-17 08:00:00+00:00,0.6357,0.63654,0.6342,0.63618,29076
2023-10-17 12:00:00+00:00,0.636,0.63763,0.63368,0.63755,46769
2023-10-17 16:00:00+00:00,0.63754,0.63795,0.6351,0.63645,30608
2023-10-17 20:00:00+00:00,0.6363,0.63669,0.63474,0.63629,9925
2023-10-18 00:00:00+00:00,0.63638,0.63813,0.635,0.6373,24601
2023-10-18 04:00:00+00:00,0.63764,0.63925,0.6372,0.63818,26586
2023-10-18 08:00:00+00:00,0.63823,0.63839,0.6364,0.6367,27143
2023-10-18 12:00:00+00:00,0.63669,0.63704,0.63347,0.63347,37587
2023-10-18 16:00:00+00:00,0.6333,0.63532,0.6327,0.6336,27579
2023-10-18 20:00:00+00:00,0.63367,0.63381,0.6327,0.6329,9968
2023-10-19 00:00:00+00:00,0.6334,0.63358,0.6293,0.62996,24420
2023-10-19 04:00:00+00:00,0.62999,0.63104,0.6296,0.62983,24008
2023-10-19 08:00:00+00:00,0.62997,0.63153,0.6297,0.63117,26035
2023-10-19 12:00:00+00:00,0.6308,0.63294,0.63063,0.63239,36967
2023-10-19 16:00:00+00:00,0.63266,0.63552,0.63199,0.63333,42680
2023-10-19 20:00:00+00:00,0.63329,0.63329,0.6319,0.63242,11758
2023-10-20 00:00:00+00:00,0.6323,0.63241,0.63059,0.63194,23254
2023-10-20 04:00:00+00:00,0.6315,0.63193,0.6299,0.6299,24438
2023-10-20 08:00:00+00:00,0.63001,0.63157,0.62981,0.6313,25802
2023-10-20 12:00:00+00:00,0.63135,0.63242,0.62999,0.63181,37381
2023-10-20 16:00:00+00:00,0.63193,0.63244,0.6307,0.63115,29501
2023-10-20 20:00:00+00:00,0.6311,0.63139,0.62785,0.6312,3228
2023-10-22 20:00:00+00:00,0.63141,0.63214,0.63136,0.63198,2791
2023-10-23 00:00:00+00:00,0.63211,0.63212,0.6307,0.6311,17105
2023-10-23 04:00:00+00:00,0.63114,0.6319,0.6302,0.63044,19258
2023-10-23 08:00:00+00:00,0.63051,0.63136,0.6288,0.63102,25557
2023-10-23 12:00:00+00:00,0.63092,0.63373,0.63031,0.63355,35305
2023-10-23 16:00:00+00:00,0.63357,0.63482,0.63299,0.63321,24122
2023-10-23 20:00:00+00:00,0.6331,0.63379,0.6319,0.63364,9866
2023-10-24 00:00:00+00:00,0.63388,0.63614,0.6335,0.63569,22340
2023-10-24 04:00:00+00:00,0.63565,0.63784,0.6352,0.63648,23246
2023-10-24 08:00:00+00:00,0.63694,0.63708,0.63534,0.63637,24923
2023-10-24 12:00:00+00:00,0.63638,0.63652,0.63443,0.63482,37627
2023-10-24 16:00:00+00:00,0.635,0.63589,0.63445,0.63579,22831
2023-10-24 20:00:00+00:00,0.63574,0.63611,0.63323,0.636,11451
2023-10-25 00:00:00+00:00,0.63586,0.63993,0.6358,0.63809,23337
2023-10-25 04:00:00+00:00,0.6379,0.63866,0.63556,0.63564,21521
2023-10-25 08:00:00+00:00,0.63572,0.63604,0.6326,0.63376,23910
2023-10-25 12:00:00+00:00,0.63391,0.63466,0.63214,0.63328,36344
2023-10-25 16:00:00+00:00,0.63317,0.63317,0.6305,0.63103,26554
2023-10-25 20:00:00+00:00,0.63098,0.63112,0.6286,0.62935,15226
2023-10-26 00:00:00+00:00,0.62944,0.62976,0.6271,0.6276,23507
2023-10-26 04:00:00+00:00,0.62784,0.63077,0.6272,0.63062,24066
2023-10-26 08:00:00+00:00,0.63069,0.63163,0.6297,0.62995,24513
2023-10-26 12:00:00+00:00,0.62993,0.63282,0.62993,0.63112,42693
2023-10-26 16:00:00+00:00,0.63101,0.63303,0.6301,0.63172,28502
2023-10-26 20:00:00+00:00,0.63167,0.63336,0.63166,0.63331,12403
2023-10-27 00:00:00+00:00,0.6334,0.63421,0.63254,0.63386,20966
2023-10-27 04:00:00+00:00,0.63386,0.63491,0.633,0.63425,20712
2023-10-27 08:00:00+00:00,0.63426,0.63565,0.6334,0.6339,21520
2023-10-27 12:00:00+00:00,0.63383,0.63663,0.63383,0.6351,39383
2023-10-27 16:00:00+00:00,0.63513,0.63525,0.6331,0.6336,29303
2023-10-27 20:00:00+00:00,0.63355,0.6336,0.6328,0.6333,4076
2023-10-29 16:00:00+00:00,0.63299,0.63389,0.63234,0.63336,31
2023-10-29 20:00:00+00:00,0.63333,0.63432,0.63321,0.63383,3929
2023-10-30 00:00:00+00:00,0.63384,0.63595,0.6337,0.63548,16940
2023-10-30 04:00:00+00:00,0.63541,0.6364,0.6348,0.63555,17297
2023-10-30 08:00:00+00:00,0.6354,0.6378,0.6351,0.63747,23691
2023-10-30 12:00:00+00:00,0.63737,0.63837,0.63628,0.63726,34588
2023-10-30 16:00:00+00:00,0.63721,0.63781,0.6365,0.6376,24776
2023-10-30 20:00:00+00:00,0.63761,0.63769,0.6363,0.6368,10418
2023-10-31 00:00:00+00:00,0.63679,0.63728,0.63444,0.63484,23545
2023-10-31 04:00:00+00:00,0.63501,0.63644,0.6339,0.63588,20518
2023-10-31 08:00:00+00:00,0.63576,0.63729,0.6353,0.6364,24869
2023-10-31 12:00:00+00:00,0.63627,0.63676,0.63154,0.63305,37648
2023-10-31 16:00:00+00:00,0.63306,0.63449,0.63239,0.63431,25888
2023-10-31 20:00:00+00:00,0.63434,0.63434,0.63089,0.63364,11162
2023-11-01 00:00:00+00:00,0.63401,0.63431,0.6318,0.63356,20180
2023-11-01 04:00:00+00:00,0.63341,0.63443,0.6326,0.63352,18071
2023-11-01 08:00:00+00:00,0.63362,0.63473,0.63319,0.63419,22301
2023-11-01 12:00:00+00:00,0.63422,0.63924,0.63422,0.63624,38832
2023-11-01 16:00:00+00:00,0.6362,0.63986,0.6355,0.63913,38376
2023-11-01 20:00:00+00:00,0.63908,0.64223,0.63837,0.64223,12506
2023-11-02 00:00:00+00:00,0.64253,0.64383,0.64214,0.64321,20880
2023-11-02 04:00:00+00:00,0.64314,0.64314,0.6419,0.64269,18164
2023-11-02 08:00:00+00:00,0.64255,0.64455,0.64177,0.64363,25107
2023-11-02 12:00:00+00:00,0.64384,0.6455,0.64137,0.64211,38105
2023-11-02 16:00:00+00:00,0.64211,0.64318,0.64141,0.6431,23511
2023-11-02 20:00:00+00:00,0.64304,0.64357,0.64184,0.64278,10102
2023-11-03 00:00:00+00:00,0.64283,0.64377,0.6417,0.64294,19974
2023-11-03 04:00:00+00:00,0.64293,0.64475,0.6426,0.64422,16578
2023-11-03 08:00:00+00:00,0.64426,0.6446,0.6431,0.64438,21553
2023-11-03 12:00:00+00:00,0.64436,0.65081,0.6441,0.65035,46639
2023-11-03 16:00:00+00:00,0.6504,0.65174,0.6496,0.65091,26109
2023-11-03 20:00:00+00:00,0.65092,0.6513,0.65036,0.651,3593
2023-11-05 16:00:00+00:00,0.64999,0.65067,0.64999,0.6505,40
2023-11-05 20:00:00+00:00,0.6505,0.65166,0.64993,0.65152,2360
2023-11-06 00:00:00+00:00,0.6516,0.65191,0.6508,0.65119,18465
2023-11-06 04:00:00+00:00,0.65118,0.65192,0.6504,0.65053,19402
2023-11-06 08:00:00+00:00,0.65065,0.6522,0.6503,0.65086,22444
2023-11-06 12:00:00+00:00,0.65084,0.65089,0.649,0.65021,28845
2023-11-06 16:00:00+00:00,0.65015,0.65049,0.64874,0.64909,21895
2023-11-06 20:00:00+00:00,0.64908,0.64914,0.6483,0.6485,12214
2023-11-07 00:00:00+00:00,0.6489,0.64915,0.64566,0.64598,22308
2023-11-07 04:00:00+00:00,0.64593,0.64636,0.6418,0.64233,22470
2023-11-07 08:00:00+00:00,0.64256,0.6437,0.6408,0.64178,23690
2023-11-07 12:00:00+00:00,0.64177,0.64246,0.6405,0.6422,28512
2023-11-07 16:00:00+00:00,0.64228,0.64375,0.64125,0.64317,22413
2023-11-07 20:00:00+00:00,0.6431,0.6437,0.6428,0.6428,10831
2023-11-08 00:00:00+00:00,0.64288,0.64483,0.6421,0.64368,20022
2023-11-08 04:00:00+00:00,0.64364,0.64436,0.6426,0.64405,19212
2023-11-08 08:00:00+00:00,0.64431,0.64431,0.6419,0.6433,23322
2023-11-08 12:00:00+00:00,0.64319,0.64341,0.64074,0.64151,29208
2023-11-08 16:00:00+00:00,0.64154,0.64217,0.6399,0.63997,24802
2023-11-08 20:00:00+00:00,0.63985,0.64073,0.6395,0.64073,11811
2023-11-09 00:00:00+00:00,0.6406,0.64165,0.6401,0.64075,18598
2023-11-09 04:00:00+00:00,0.64086,0.64199,0.6406,0.64148,17666
2023-11-09 08:00:00+00:00,0.6413,0.64155,0.6391,0.6398,23658
2023-11-09 12:00:00+00:00,0.63981,0.64276,0.6394,0.64246,30152
2023-11-09 16:00:00+00:00,0.64241,0.64241,0.63633,0.63684,33781
2023-11-09 20:00:00+00:00,0.63683,0.63765,0.6357,0.63615,15926
2023-11-10 00:00:00+00:00,0.63589,0.63656,0.635,0.6353,18659
2023-11-10 04:00:00+00:00,0.63551,0.63669,0.6352,0.63618,17179
2023-11-10 08:00:00+00:00,0.63607,0.63639,0.6347,0.63508,21709
2023-11-10 12:00:00+00:00,0.6353,0.63643,0.63394,0.63492,30722
2023-11-10 16:00:00+00:00,0.63491,0.63626,0.6345,0.63554,22916
2023-11-10 20:00:00+00:00,0.63553,0.63619,0.6353,0.6359,7354
2023-11-12 16:00:00+00:00,0.63423,0.63476,0.63423,0.63476,14
2023-11-12 20:00:00+00:00,0.63466,0.63665,0.63462,0.6364,2231
2023-11-13 00:00:00+00:00,0.63645,0.63651,0.6351,0.63602,13850
2023-11-13 04:00:00+00:00,0.63604,0.63763,0.6357,0.63724,14922
2023-11-13 08:00:00+00:00,0.6372,0.63844,0.6365,0.63746,19362
2023-11-13 12:00:00+00:00,0.63745,0.63775,0.636,0.63775,26602
2023-11-13 16:00:00+00:00,0.63788,0.63901,0.63765,0.63806,19017
2023-11-13 20:00:00+00:00,0.63797,0.63808,0.6371,0.6378,9339
2023-11-14 00:00:00+00:00,0.63792,0.6383,0.6367,0.6371,15658
2023-11-14 04:00:00+00:00,0.63723,0.63759,0.6361,0.63705,14207
2023-11-14 08:00:00+00:00,0.63713,0.63797,0.6358,0.63685,21244
2023-11-14 12:00:00+00:00,0.63688,0.64858,0.63445,0.6476,39326
2023-11-14 16:00:00+00:00,0.6479,0.65082,0.64777,0.65082,25317
2023-11-14 20:00:00+00:00,0.6505,0.65123,0.6495,0.6495,13563
2023-11-15 00:00:00+00:00,0.6498,0.65045,0.6481,0.65029,20070
2023-11-15 04:00:00+00:00,0.65025,0.65102,0.64935,0.65081,18890
2023-11-15 08:00:00+00:00,0.65109,0.65316,0.6499,0.6529,24848
2023-11-15 12:00:00+00:00,0.65293,0.65351,0.64859,0.6526,33184
2023-11-15 16:00:00+00:00,0.65273,0.65299,0.6505,0.65099,23376
2023-11-15 20:00:00+00:00,0.65098,0.65131,0.6502,0.6511,12149
2023-11-16 00:00:00+00:00,0.65124,0.65165,0.6462,0.64671,23376
2023-11-16 04:00:00+00:00,0.64661,0.64836,0.6462,0.64803,17991
2023-11-16 08:00:00+00:00,0.64805,0.65032,0.6474,0.64906,23498
2023-11-16 12:00:00+00:00,0.6488,0.65077,0.6475,0.64841,37266
2023-11-16 16:00:00+00:00,0.648,0.64874,0.6459,0.64715,24661
2023-11-16 20:00:00+00:00,0.64722,0.64727,0.6461,0.6467,11739
2023-11-17 00:00:00+00:00,0.64693,0.64718,0.64585,0.64661,17679
2023-11-17 04:00:00+00:00,0.64676,0.6473,0.64531,0.64693,16370
2023-11-17 08:00:00+00:00,0.64681,0.65118,0.6462,0.65,30191
2023-11-17 12:00:00+00:00,0.64992,0.65087,0.64871,0.6502,34481
2023-11-17 16:00:00+00:00,0.65021,0.65129,0.64891,0.651,21794
2023-11-17 20:00:00+00:00,0.65091,0.65156,0.6507,0.6511,7419
2023-11-19 16:00:00+00:00,0.65077,0.65159,0.65051,0.65132,22
2023-11-19 20:00:00+00:00,0.6513,0.65181,0.64948,0.65103,2487
2023-11-20 00:00:00+00:00,0.65087,0.65497,0.65,0.65487,23471
2023-11-20 04:00:00+00:00,0.65557,0.65624,0.6544,0.65524,23247
2023-11-20 08:00:00+00:00,0.65547,0.65626,0.65468,0.65532,27574
2023-11-20 12:00:00+00:00,0.65537,0.65584,0.65351,0.65458,30125
2023-11-20 16:00:00+00:00,0.65467,0.65622,0.65447,0.6562,23553
2023-11-20 20:00:00+00:00,0.65615,0.65644,0.65253,0.65599,11552
2023-11-21 00:00:00+00:00,0.656,0.65847,0.6555,0.65835,24421
2023-11-21 04:00:00+00:00,0.6585,0.65865,0.65617,0.65724,21906
2023-11-21 08:00:00+00:00,0.65715,0.65824,0.65574,0.65678,25681
2023-11-21 12:00:00+00:00,0.65695,0.65885,0.65597,0.65621,33046
2023-11-21 16:00:00+00:00,0.65624,0.65701,0.65412,0.65575,25998
2023-11-21 20:00:00+00:00,0.6558,0.65588,0.65494,0.65577,13232
2023-11-22 00:00:00+00:00,0.65571,0.65685,0.65488,0.65537,21349
2023-11-22 04:00:00+00:00,0.65535,0.65556,0.6527,0.65384,19597
2023-11-22 08:00:00+00:00,0.65401,0.65683,0.6528,0.65635,27177
2023-11-22 12:00:00+00:00,0.65631,0.65685,0.6522,0.65329,37898
2023-11-22 16:00:00+00:00,0.65338,0.65448,0.65301,0.65402,23972
2023-11-22 20:00:00+00:00,0.654,0.6544,0.65369,0.65421,11271
2023-11-23 00:00:00+00:00,0.65434,0.65586,0.6541,0.65557,18881
2023-11-23 04:00:00+00:00,0.65556,0.65737,0.6549,0.65712,18974
2023-11-23 08:00:00+00:00,0.65678,0.6574,0.65575,0.65661,24188
2023-11-23 12:00:00+00:00,0.65657,0.65659,0.6549,0.65614,22652
2023-11-23 16:00:00+00:00,0.65608,0.6563,0.6555,0.6558,8781
2023-11-23 20:00:00+00:00,0.6559,0.65605,0.65524,0.656,7995
2023-11-24 00:00:00+00:00,0.65615,0.65691,0.655,0.6557,17708
2023-11-24 04:00:00+00:00,0.65583,0.65679,0.6553,0.65602,15652
2023-11-24 08:00:00+00:00,0.65609,0.65721,0.65581,0.65712,21413
2023-11-24 12:00:00+00:00,0.65716,0.65891,0.65614,0.65861,27078
2023-11-24 16:00:00+00:00,0.65858,0.65905,0.658,0.65893,15378
2023-11-24 20:00:00+00:00,0.65891,0.65893,0.65508,0.658,8750
2023-11-26 16:00:00+00:00,0.65635,0.65878,0.65635,0.65839,43
2023-11-26 20:00:00+00:00,0.65856,0.65856,0.65734,0.65809,1947
2023-11-27 00:00:00+00:00,0.658,0.65939,0.6569,0.65725,19153
2023-11-27 04:00:00+00:00,0.6572,0.65944,0.6565,0.65854,19382
2023-11-27 08:00:00+00:00,0.65856,0.66079,0.65848,0.66026,23881
2023-11-27 12:00:00+00:00,0.6603,0.6613,0.6587,0.65992,31428
2023-11-27 16:00:00+00:00,0.65984,0.66114,0.6588,0.66078,21929
2023-11-27 20:00:00+00:00,0.66076,0.66131,0.6601,0.66131,11790
2023-11-28 00:00:00+00:00,0.66145,0.66317,0.66086,0.66188,23023
2023-11-28 04:00:00+00:00,0.66186,0.66233,0.6604,0.66078,18947
2023-11-28 08:00:00+00:00,0.66081,0.6621,0.6595,0.66141,23417
2023-11-28 12:00:00+00:00,0.66121,0.66475,0.6606,0.66415,36833
2023-11-28 16:00:00+00:00,0.66415,0.66649,0.66326,0.66521,30697
2023-11-28 20:00:00+00:00,0.66519,0.6657,0.6639,0.6656,14216
2023-11-29 00:00:00+00:00,0.66542,0.66734,0.66402,0.66488,26575
2023-11-29 04:00:00+00:00,0.66482,0.66531,0.66261,0.66276,22062
2023-11-29 08:00:00+00:00,0.66306,0.664,0.66139,0.66217,26617
2023-11-29 12:00:00+00:00,0.66214,0.66357,0.6607,0.66209,39451
2023-11-29 16:00:00+00:00,0.6618,0.66333,0.66069,0.66225,24365
2023-11-29 20:00:00+00:00,0.66214,0.66225,0.6609,0.66174,12757
2023-11-30 00:00:00+00:00,0.6615,0.66391,0.6615,0.66369,21565
2023-11-30 04:00:00+00:00,0.66376,0.66497,0.66253,0.66353,19888
2023-11-30 08:00:00+00:00,0.66375,0.6639,0.65958,0.65989,28371
2023-11-30 12:00:00+00:00,0.65978,0.66342,0.65723,0.66303,42596
2023-11-30 16:00:00+00:00,0.66273,0.66298,0.6599,0.66085,29576
2023-11-30 20:00:00+00:00,0.66087,0.66099,0.65989,0.66066,13710
2023-12-01 00:00:00+00:00,0.66079,0.66286,0.66003,0.66037,23263
2023-12-01 04:00:00+00:00,0.66033,0.66136,0.66,0.6603,19895
2023-12-01 08:00:00+00:00,0.66049,0.6635,0.6604,0.66179,25366
2023-12-01 12:00:00+00:00,0.66182,0.6642,0.66061,0.6639,36494
2023-12-01 16:00:00+00:00,0.66327,0.66744,0.66327,0.66707,35741
2023-12-01 20:00:00+00:00,0.6671,0.66753,0.66572,0.6665,9020
2023-12-03 16:00:00+00:00,0.66199,0.66702,0.66199,0.66688,38
2023-12-03 20:00:00+00:00,0.66662,0.66889,0.66614,0.6682,3723
2023-12-04 00:00:00+00:00,0.66822,0.6687,0.66568,0.66568,22664
2023-12-04 04:00:00+00:00,0.66566,0.66633,0.6636,0.6636,22765
2023-12-04 08:00:00+00:00,0.66404,0.66555,0.66345,0.66515,28139
2023-12-04 12:00:00+00:00,0.66498,0.6654,0.66111,0.66153,38216
2023-12-04 16:00:00+00:00,0.66163,0.66244,0.6603,0.66169,26541
2023-12-04 20:00:00+00:00,0.66168,0.6621,0.66109,0.66169,13898
2023-12-05 00:00:00+00:00,0.66171,0.66211,0.6572,0.65761,26030
2023-12-05 04:00:00+00:00,0.6576,0.6585,0.65695,0.65716,21589
2023-12-05 08:00:00+00:00,0.65767,0.65826,0.6557,0.65613,28598
2023-12-05 12:00:00+00:00,0.65611,0.65763,0.65461,0.65623,39490
2023-12-05 16:00:00+00:00,0.65618,0.6566,0.65447,0.65508,28450
2023-12-05 20:00:00+00:00,0.6551,0.65563,0.6547,0.65542,12523
2023-12-06 00:00:00+00:00,0.6553,0.65948,0.6553,0.65942,22950
2023-12-06 04:00:00+00:00,0.65936,0.6597,0.65761,0.6592,19193
2023-12-06 08:00:00+00:00,0.65908,0.65918,0.6564,0.65734,26558
2023-12-06 12:00:00+00:00,0.65742,0.65902,0.657,0.65796,35065
2023-12-06 16:00:00+00:00,0.65806,0.65834,0.6552,0.65537,23768
2023-12-06 20:00:00+00:00,0.65533,0.65539,0.65449,0.65512,12678
2023-12-07 00:00:00+00:00,0.65498,0.6558,0.65257,0.65281,22477
2023-12-07 04:00:00+00:00,0.6528,0.65637,0.6526,0.656,23278
2023-12-07 08:00:00+00:00,0.65609,0.65719,0.6555,0.6563,28440
2023-12-07 12:00:00+00:00,0.65657,0.65917,0.6555,0.65899,39101
2023-12-07 16:00:00+00:00,0.65913,0.66169,0.6588,0.66037,31169
2023-12-07 20:00:00+00:00,0.6603,0.66064,0.6591,0.65937,12631
2023-12-08 00:00:00+00:00,0.65967,0.6613,0.6593,0.66107,27815
2023-12-08 04:00:00+00:00,0.661,0.66191,0.66038,0.66096,23389
2023-12-08 08:00:00+00:00,0.66118,0.66137,0.66,0.66053,27862
2023-12-08 12:00:00+00:00,0.6603,0.66086,0.65595,0.65862,47803
2023-12-08 16:00:00+00:00,0.65844,0.65866,0.65587,0.65799,30672
2023-12-08 20:00:00+00:00,0.65791,0.65807,0.65261,0.6571,8580
2023-12-10 16:00:00+00:00,0.65554,0.65754,0.6554,0.6575,36
2023-12-10 20:00:00+00:00,0.65745,0.65824,0.65614,0.65793,2518
2023-12-11 00:00:00+00:00,0.65806,0.65813,0.6555,0.65602,19787
2023-12-11 04:00:00+00:00,0.65611,0.6567,0.6551,0.65548,21334
2023-12-11 08:00:00+00:00,0.65556,0.65656,0.655,0.65645,25961
2023-12-11 12:00:00+00:00,0.6565,0.65676,0.6549,0.65635,30677
2023-12-11 16:00:00+00:00,0.65636,0.65713,0.65555,0.6565,25937
2023-12-11 20:00:00+00:00,0.65664,0.657,0.65512,0.65643,11623
2023-12-12 00:00:00+00:00,0.65662,0.65905,0.6561,0.65886,20393
2023-12-12 04:00:00+00:00,0.65881,0.65988,0.6585,0.65937,17511
2023-12-12 08:00:00+00:00,0.65911,0.65952,0.6582,0.65889,22734
2023-12-12 12:00:00+00:00,0.65895,0.66084,0.65418,0.65596,38119
2023-12-12 16:00:00+00:00,0.65599,0.65652,0.6547,0.6553,24341
2023-12-12 20:00:00+00:00,0.65553,0.65652,0.6546,0.65646,14252
2023-12-13 00:00:00+00:00,0.6561,0.65672,0.6548,0.65525,17637
2023-12-13 04:00:00+00:00,0.65517,0.65597,0.6542,0.65523,18730
2023-12-13 08:00:00+00:00,0.65533,0.6558,0.6548,0.65564,24063
2023-12-13 12:00:00+00:00,0.65579,0.65834,0.65526,0.6583,29989
2023-12-13 16:00:00+00:00,0.65835,0.66694,0.6566,0.66648,33968
2023-12-13 20:00:00+00:00,0.6661,0.66728,0.66527,0.66655,25142
2023-12-14 00:00:00+00:00,0.6666,0.67269,0.66628,0.67141,33225
2023-12-14 04:00:00+00:00,0.67143,0.67258,0.67029,0.67095,27915
2023-12-14 08:00:00+00:00,0.67106,0.6719,0.66906,0.6712,34940
2023-12-14 12:00:00+00:00,0.67161,0.6721,0.66833,0.66994,45941
2023-12-14 16:00:00+00:00,0.66979,0.67194,0.66898,0.66974,31639
2023-12-14 20:00:00+00:00,0.66973,0.67021,0.6691,0.67013,15618
2023-12-15 00:00:00+00:00,0.67016,0.6719,0.6692,0.6715,24840
2023-12-15 04:00:00+00:00,0.6715,0.6724,0.6693,0.67097,23781
2023-12-15 08:00:00+00:00,0.67132,0.67255,0.6707,0.67167,29930
2023-12-15 12:00:00+00:00,0.67169,0.67217,0.66652,0.67203,41136
2023-12-15 16:00:00+00:00,0.67215,0.67282,0.6693,0.67063,30612
2023-12-15 20:00:00+00:00,0.6707,0.67167,0.66105,0.6696,10725
2023-12-17 16:00:00+00:00,0.66849,0.66892,0.66849,0.6685,5
2023-12-17 20:00:00+00:00,0.66892,0.67018,0.6685,0.66981,2493
2023-12-18 00:00:00+00:00,0.66987,0.67186,0.6693,0.67165,19671
2023-12-18 04:00:00+00:00,0.6715,0.67273,0.6706,0.67209,19746
2023-12-18 08:00:00+00:00,0.672,0.6735,0.67137,0.67241,26750
2023-12-18 12:00:00+00:00,0.67269,0.67327,0.66909,0.66934,32565
2023-12-18 16:00:00+00:00,0.66933,0.67046,0.669,0.67014,24054
2023-12-18 20:00:00+00:00,0.67002,0.67065,0.6696,0.67038,14331
2023-12-19 00:00:00+00:00,0.67038,0.67266,0.67038,0.67185,23809
2023-12-19 04:00:00+00:00,0.67198,0.67255,0.6707,0.67121,23402
2023-12-19 08:00:00+00:00,0.67121,0.67346,0.67121,0.67326,24138
2023-12-19 12:00:00+00:00,0.67323,0.67739,0.6729,0.67629,33411
2023-12-19 16:00:00+00:00,0.67612,0.67676,0.6755,0.67594,23042
2023-12-19 20:00:00+00:00,0.67597,0.67646,0.6754,0.67582,12350
2023-12-20 00:00:00+00:00,0.67587,0.67722,0.6748,0.67691,21694
2023-12-20 04:00:00+00:00,0.67694,0.67746,0.6761,0.6767,22953
2023-12-20 08:00:00+00:00,0.67658,0.67764,0.6758,0.67708,26415
2023-12-20 12:00:00+00:00,0.6769,0.67784,0.67578,0.67712,32029
2023-12-20 16:00:00+00:00,0.67714,0.67742,0.67438,0.67467,28077
2023-12-20 20:00:00+00:00,0.67444,0.67444,0.67233,0.67396,21182
2023-12-21 00:00:00+00:00,0.67387,0.675,0.6733,0.67496,20096
2023-12-21 04:00:00+00:00,0.67482,0.67528,0.674,0.67447,18651
2023-12-21 08:00:00+00:00,0.67477,0.67574,0.6738,0.67565,26338
2023-12-21 12:00:00+00:00,0.67572,0.67894,0.6755,0.6782,39093
2023-12-21 16:00:00+00:00,0.67867,0.67992,0.67733,0.67988,33787
2023-12-21 20:00:00+00:00,0.67982,0.68033,0.6791,0.67961,16351
2023-12-22 00:00:00+00:00,0.67983,0.67988,0.6774,0.6774,22379
2023-12-22 04:00:00+00:00,0.67771,0.67842,0.6772,0.67825,21733
2023-12-22 08:00:00+00:00,0.67831,0.68096,0.67813,0.68096,26206
2023-12-22 12:00:00+00:00,0.68097,0.68243,0.67928,0.68044,36186
2023-12-22 16:00:00+00:00,0.68048,0.68093,0.67913,0.68028,28739
2023-12-22 20:00:00+00:00,0.68,0.68038,0.6747,0.68,9374
2023-12-24 20:00:00+00:00,0.67927,0.6799,0.67814,0.6784,21
2023-12-25 00:00:00+00:00,0.67819,0.6799,0.67495,0.6777,6640
2023-12-25 04:00:00+00:00,0.6781,0.681,0.67365,0.68,8764
2023-12-25 08:00:00+00:00,0.6806,0.6819,0.65439,0.65439,2803
2023-12-25 12:00:00+00:00,0.65698,0.6801,0.65138,0.65138,729
2023-12-25 16:00:00+00:00,0.65138,0.6815,0.65128,0.67825,2455
2023-12-25 20:00:00+00:00,0.67825,0.68089,0.67825,0.68034,5154
2023-12-26 00:00:00+00:00,0.6803,0.68152,0.67997,0.68152,16328
2023-12-26 04:00:00+00:00,0.6815,0.68174,0.68041,0.68041,14607
2023-12-26 08:00:00+00:00,0.68042,0.68082,0.6797,0.6806,16749
2023-12-26 12:00:00+00:00,0.68059,0.68186,0.6803,0.68066,23650
2023-12-26 16:00:00+00:00,0.68065,0.68236,0.68061,0.68236,21536
2023-12-26 20:00:00+00:00,0.68237,0.68287,0.6812,0.68238,12358
2023-12-27 00:00:00+00:00,0.68232,0.68355,0.6817,0.68326,18536
2023-12-27 04:00:00+00:00,0.68334,0.68398,0.6823,0.68286,17112
2023-12-27 08:00:00+00:00,0.68282,0.68407,0.68244,0.68401,20357
2023-12-27 12:00:00+00:00,0.6836,0.685,0.6831,0.685,26491
2023-12-27 16:00:00+00:00,0.6848,0.6851,0.6836,0.68417,24919
2023-12-27 20:00:00+00:00,0.68415,0.6854,0.684,0.6851,13158
2023-12-28 00:00:00+00:00,0.68531,0.68707,0.685,0.6857,18953
2023-12-28 04:00:00+00:00,0.68591,0.68591,0.68376,0.68519,20468
2023-12-28 08:00:00+00:00,0.68521,0.68532,0.68246,0.68375,25642
2023-12-28 12:00:00+00:00,0.68367,0.68641,0.68255,0.68604,32114
2023-12-28 16:00:00+00:00,0.68592,0.68592,0.68284,0.68336,27030
2023-12-28 20:00:00+00:00,0.68335,0.68379,0.68155,0.6825,15364
2023-12-29 00:00:00+00:00,0.68272,0.68457,0.6826,0.68381,20165
2023-12-29 04:00:00+00:00,0.68387,0.68457,0.6833,0.6833,17468
2023-12-29 08:00:00+00:00,0.68341,0.68355,0.6795,0.67997,22884
2023-12-29 12:00:00+00:00,0.67995,0.68283,0.678,0.6823,31849
2023-12-29 16:00:00+00:00,0.6823,0.68382,0.68088,0.68135,30517
2023-12-29 20:00:00+00:00,0.6813,0.68186,0.67402,0.67486,10292
2023-12-31 20:00:00+00:00,0.68036,0.68036,0.68036,0.68036,1
2024-01-01 00:00:00+00:00,0.681,0.681,0.68036,0.68036,2
2024-01-01 04:00:00+00:00,0.68046,0.68046,0.68046,0.68046,1
2024-01-01 08:00:00+00:00,0.68046,0.68046,0.68046,0.68046,2
2024-01-01 16:00:00+00:00,0.6811,0.6824,0.66827,0.68106,3818
2024-01-01 20:00:00+00:00,0.68106,0.6827,0.67852,0.6807,7737
2024-01-02 00:00:00+00:00,0.68115,0.68221,0.68,0.6811,22251
2024-01-02 04:00:00+00:00,0.68143,0.68386,0.6812,0.68193,21843
2024-01-02 08:00:00+00:00,0.68244,0.68334,0.67958,0.68002,29917
2024-01-02 12:00:00+00:00,0.67989,0.67999,0.67623,0.67677,39486
2024-01-02 16:00:00+00:00,0.6769,0.67784,0.6759,0.67605,28566
2024-01-02 20:00:00+00:00,0.67602,0.67661,0.6755,0.67661,16295
2024-01-03 00:00:00+00:00,0.6765,0.67704,0.67509,0.6766,21900
2024-01-03 04:00:00+00:00,0.6765,0.677,0.67551,0.67571,21166
2024-01-03 08:00:00+00:00,0.67588,0.67596,0.67286,0.67293,27415
2024-01-03 12:00:00+00:00,0.67294,0.67365,0.67031,0.67119,36042
2024-01-03 16:00:00+00:00,0.67114,0.67372,0.67083,0.67295,35577
2024-01-03 20:00:00+00:00,0.67292,0.67346,0.66779,0.67345,18586
2024-01-04 00:00:00+00:00,0.67338,0.67464,0.6721,0.6739,20858
2024-01-04 04:00:00+00:00,0.6738,0.67593,0.6734,0.67537,22499
2024-01-04 08:00:00+00:00,0.67514,0.67554,0.6725,0.67285,28782
2024-01-04 12:00:00+00:00,0.67279,0.67311,0.66979,0.67102,35538
2024-01-04 16:00:00+00:00,0.67101,0.67165,0.6696,0.67031,23620
2024-01-04 20:00:00+00:00,0.67029,0.67078,0.6699,0.67056,14404
2024-01-05 00:00:00+00:00,0.67046,0.67176,0.6697,0.67026,20648
2024-01-05 04:00:00+00:00,0.67035,0.6708,0.66894,0.66982,21312
2024-01-05 08:00:00+00:00,0.66997,0.67024,0.6676,0.66803,25505
2024-01-05 12:00:00+00:00,0.66819,0.67457,0.66402,0.67347,45248
2024-01-05 16:00:00+00:00,0.67337,0.67352,0.67047,0.67138,33886
2024-01-05 20:00:00+00:00,0.67124,0.67168,0.65871,0.65871,9549
2024-01-07 20:00:00+00:00,0.6714,0.67162,0.671,0.67154,1478
2024-01-08 00:00:00+00:00,0.67155,0.67338,0.6699,0.67024,17692
2024-01-08 04:00:00+00:00,0.67016,0.67141,0.6692,0.67034,19702
2024-01-08 08:00:00+00:00,0.67012,0.67013,0.66828,0.66834,29782
2024-01-08 12:00:00+00:00,0.6682,0.67117,0.6677,0.67088,32880
2024-01-08 16:00:00+00:00,0.67122,0.67226,0.67055,0.67223,24176
2024-01-08 20:00:00+00:00,0.67211,0.67226,0.6712,0.67165,13157
2024-01-09 00:00:00+00:00,0.67167,0.67334,0.6714,0.67249,22526
2024-01-09 04:00:00+00:00,0.67244,0.67244,0.67,0.67069,20556
2024-01-09 08:00:00+00:00,0.67056,0.67119,0.6686,0.66913,26155
2024-01-09 12:00:00+00:00,0.66911,0.67008,0.6682,0.66829,33384
2024-01-09 16:00:00+00:00,0.66832,0.6691,0.6676,0.6684,27992
2024-01-09 20:00:00+00:00,0.66857,0.6688,0.6678,0.6681,14521
2024-01-10 00:00:00+00:00,0.6684,0.67079,0.6681,0.6698,21952
2024-01-10 04:00:00+00:00,0.67005,0.67059,0.669,0.67005,19409
2024-01-10 08:00:00+00:00,0.67009,0.67126,0.6694,0.67047,24465
2024-01-10 12:00:00+00:00,0.67056,0.67116,0.66865,0.66962,30401
2024-01-10 16:00:00+00:00,0.66955,0.67009,0.6684,0.67002,22520
2024-01-10 20:00:00+00:00,0.6701,0.67029,0.6692,0.67019,13732
2024-01-11 00:00:00+00:00,0.6702,0.67239,0.67,0.67229,16791
2024-01-11 04:00:00+00:00,0.6721,0.67246,0.6713,0.67153,16663
2024-01-11 08:00:00+00:00,0.67139,0.67207,0.6703,0.67101,18592
2024-01-11 12:00:00+00:00,0.67105,0.67145,0.66498,0.66605,19677
2024-01-11 16:00:00+00:00,0.66589,0.66879,0.6647,0.66867,28065
2024-01-11 20:00:00+00:00,0.66869,0.66984,0.6674,0.6697,17385
2024-01-12 00:00:00+00:00,0.6695,0.67134,0.6693,0.6708,22614
2024-01-12 04:00:00+00:00,0.67063,0.67063,0.66917,0.66968,20187
2024-01-12 08:00:00+00:00,0.66972,0.67104,0.66785,0.66866,26947
2024-01-12 12:00:00+00:00,0.66877,0.6728,0.66687,0.66999,39883
2024-01-12 16:00:00+00:00,0.67001,0.67065,0.668,0.66874,28286
2024-01-12 20:00:00+00:00,0.66878,0.66883,0.66443,0.66443,8978
2024-01-14 20:00:00+00:00,0.66805,0.66907,0.66805,0.66888,2458
2024-01-15 00:00:00+00:00,0.66877,0.67029,0.66806,0.66955,18595
2024-01-15 04:00:00+00:00,0.66945,0.66947,0.66677,0.66695,16917
2024-01-15 08:00:00+00:00,0.6671,0.66738,0.66525,0.6663,23897
2024-01-15 12:00:00+00:00,0.6663,0.66644,0.6649,0.66601,23665
2024-01-15 16:00:00+00:00,0.66614,0.66625,0.6655,0.66585,9625
2024-01-15 20:00:00+00:00,0.66586,0.6663,0.6647,0.66502,6894
2024-01-16 00:00:00+00:00,0.66504,0.66504,0.6611,0.66128,25516
2024-01-16 04:00:00+00:00,0.66124,0.66249,0.6609,0.66173,21140
2024-01-16 08:00:00+00:00,0.66152,0.66262,0.6596,0.66036,31627
2024-01-16 12:00:00+00:00,0.66043,0.6616,0.65908,0.66017,37873
2024-01-16 16:00:00+00:00,0.65887,0.66085,0.6576,0.65845,34175
2024-01-16 20:00:00+00:00,0.65858,0.65889,0.6579,0.65889,11983
2024-01-17 00:00:00+00:00,0.65893,0.65937,0.65679,0.65699,23251
2024-01-17 04:00:00+00:00,0.65702,0.65735,0.6549,0.65532,25533
2024-01-17 08:00:00+00:00,0.65548,0.65639,0.65344,0.65566,29009
2024-01-17 12:00:00+00:00,0.65562,0.65646,0.65257,0.65293,37744
2024-01-17 16:00:00+00:00,0.65328,0.65465,0.6531,0.65421,28552
2024-01-17 20:00:00+00:00,0.65421,0.6554,0.65332,0.6552,12755
2024-01-18 00:00:00+00:00,0.655,0.6566,0.65379,0.65611,26008
2024-01-18 04:00:00+00:00,0.65611,0.65673,0.65487,0.6558,21222
2024-01-18 08:00:00+00:00,0.65558,0.657,0.65494,0.65688,26372
2024-01-18 12:00:00+00:00,0.65697,0.65743,0.6541,0.65562,37659
2024-01-18 16:00:00+00:00,0.65543,0.65672,0.6552,0.65592,28536
2024-01-18 20:00:00+00:00,0.65606,0.6581,0.65513,0.6581,13522
2024-01-19 00:00:00+00:00,0.65816,0.65878,0.6574,0.65836,21794
2024-01-19 04:00:00+00:00,0.6584,0.65842,0.6563,0.65799,20194
2024-01-19 08:00:00+00:00,0.65787,0.66012,0.6574,0.65992,24102
2024-01-19 12:00:00+00:00,0.65987,0.66004,0.65643,0.6584,33799
2024-01-19 16:00:00+00:00,0.65841,0.65964,0.6576,0.65962,26698
2024-01-19 20:00:00+00:00,0.6597,0.65988,0.6594,0.6594,8328
2024-01-21 20:00:00+00:00,0.65834,0.65998,0.65834,0.65947,2475
2024-01-22 00:00:00+00:00,0.6596,0.6613,0.659,0.65956,21148
2024-01-22 04:00:00+00:00,0.65949,0.6598,0.6581,0.65914,23829
2024-01-22 08:00:00+00:00,0.65897,0.65941,0.6581,0.65901,24925
2024-01-22 12:00:00+00:00,0.659,0.65975,0.6581,0.65897,32444
2024-01-22 16:00:00+00:00,0.65886,0.65886,0.65681,0.6572,25305
2024-01-22 20:00:00+00:00,0.65715,0.65731,0.6563,0.65704,13125
2024-01-23 00:00:00+00:00,0.65703,0.66007,0.6569,0.65953,26835
2024-01-23 04:00:00+00:00,0.6593,0.66118,0.6591,0.65987,23872
2024-01-23 08:00:00+00:00,0.65986,0.65991,0.6575,0.65775,23965
2024-01-23 12:00:00+00:00,0.6574,0.65994,0.6561,0.65642,30689
2024-01-23 16:00:00+00:00,0.65646,0.65734,0.655,0.65708,24565
2024-01-23 20:00:00+00:00,0.65707,0.65858,0.6569,0.65858,12266
2024-01-24 00:00:00+00:00,0.6584,0.65851,0.6563,0.65694,21975
2024-01-24 04:00:00+00:00,0.65695,0.65896,0.6566,0.65847,20248
2024-01-24 08:00:00+00:00,0.65859,0.66077,0.65859,0.6596,25805
2024-01-24 12:00:00+00:00,0.65985,0.662,0.65928,0.66031,37539
2024-01-24 16:00:00+00:00,0.66029,0.66082,0.6574,0.65804,32161
2024-01-24 20:00:00+00:00,0.6579,0.6583,0.65709,0.65754,14574
2024-01-25 00:00:00+00:00,0.6575,0.65783,0.6566,0.6574,23468
2024-01-25 04:00:00+00:00,0.65768,0.65838,0.6569,0.65828,19190
2024-01-25 08:00:00+00:00,0.65825,0.65915,0.657,0.65914,24086
2024-01-25 12:00:00+00:00,0.65912,0.66083,0.6578,0.65817,41795
2024-01-25 16:00:00+00:00,0.65812,0.65863,0.6571,0.65815,31004
2024-01-25 20:00:00+00:00,0.6579,0.65861,0.6576,0.65818,11888
2024-01-26 00:00:00+00:00,0.658,0.65935,0.6575,0.65922,19697
2024-01-26 04:00:00+00:00,0.65925,0.65966,0.6576,0.65822,19853
2024-01-26 08:00:00+00:00,0.6583,0.6601,0.65789,0.65977,23918
2024-01-26 12:00:00+00:00,0.65987,0.66086,0.6586,0.65905,35639
2024-01-26 16:00:00+00:00,0.65903,0.65913,0.6576,0.65817,23823
2024-01-26 20:00:00+00:00,0.65807,0.65828,0.65654,0.65654,7173
2024-01-28 20:00:00+00:00,0.65757,0.65823,0.65695,0.65769,1837
2024-01-29 00:00:00+00:00,0.65764,0.65947,0.6571,0.65907,17690
2024-01-29 04:00:00+00:00,0.65915,0.66032,0.6584,0.65987,17799
2024-01-29 08:00:00+00:00,0.66004,0.66051,0.6594,0.65992,22987
2024-01-29 12:00:00+00:00,0.65997,0.66043,0.65819,0.6592,27201
2024-01-29 16:00:00+00:00,0.65917,0.66001,0.6587,0.65979,20252
2024-01-29 20:00:00+00:00,0.6604,0.66157,0.66,0.66134,14932
2024-01-30 00:00:00+00:00,0.66142,0.66238,0.6607,0.66094,21170
2024-01-30 04:00:00+00:00,0.66095,0.66183,0.6604,0.66137,19965
2024-01-30 08:00:00+00:00,0.66147,0.66147,0.65944,0.65944,23264
2024-01-30 12:00:00+00:00,0.6595,0.66024,0.65751,0.65795,32806
2024-01-30 16:00:00+00:00,0.65803,0.66055,0.65785,0.66047,24515
2024-01-30 20:00:00+00:00,0.66046,0.66056,0.6593,0.65944,12706
2024-01-31 00:00:00+00:00,0.6596,0.65991,0.65592,0.65691,23696
2024-01-31 04:00:00+00:00,0.65687,0.65748,0.656,0.65732,17704
2024-01-31 08:00:00+00:00,0.65745,0.659,0.6573,0.6577,23462
2024-01-31 12:00:00+00:00,0.65809,0.66217,0.6576,0.66116,38858
2024-01-31 16:00:00+00:00,0.66121,0.66168,0.65757,0.6596,39906
2024-01-31 20:00:00+00:00,0.65923,0.65923,0.65523,0.65627,24713
2024-02-01 00:00:00+00:00,0.65646,0.65732,0.6561,0.65728,2570
2024-02-01 12:00:00+00:00,0.654,0.65452,0.6539,0.65438,4442
2024-02-01 16:00:00+00:00,0.65464,0.6574,0.6546,0.65721,36936
2024-02-01 20:00:00+00:00,0.65718,0.65766,0.6568,0.65743,13053
2024-02-02 00:00:00+00:00,0.6575,0.65991,0.6575,0.65946,19928
2024-02-02 04:00:00+00:00,0.6594,0.65992,0.65877,0.659,21367
2024-02-02 08:00:00+00:00,0.65897,0.66074,0.6588,0.66055,21043
2024-02-02 12:00:00+00:00,0.6606,0.66096,0.65069,0.6519,41811
2024-02-02 16:00:00+00:00,0.65175,0.65176,0.65026,0.65163,31033
2024-02-02 20:00:00+00:00,0.65159,0.6518,0.64901,0.64901,9177
2024-02-04 20:00:00+00:00,0.651,0.65139,0.64897,0.65044,3109
2024-02-05 00:00:00+00:00,0.64992,0.65094,0.6486,0.65056,22331
2024-02-05 04:00:00+00:00,0.65047,0.65191,0.6501,0.65129,20109
2024-02-05 08:00:00+00:00,0.65123,0.65152,0.6496,0.65018,22770
2024-02-05 12:00:00+00:00,0.65005,0.65005,0.64693,0.64721,30433
2024-02-05 16:00:00+00:00,0.64727,0.64901,0.64718,0.64814,21385
2024-02-05 20:00:00+00:00,0.64815,0.64842,0.6475,0.64802,10183
2024-02-06 00:00:00+00:00,0.64815,0.65058,0.6479,0.65,21706
2024-02-06 04:00:00+00:00,0.65008,0.65198,0.6494,0.65077,23510
2024-02-06 08:00:00+00:00,0.65071,0.65072,0.64876,0.64954,21989
2024-02-06 12:00:00+00:00,0.64963,0.6514,0.64881,0.65126,32672
2024-02-06 16:00:00+00:00,0.65107,0.65239,0.65072,0.65175,29697
2024-02-06 20:00:00+00:00,0.6517,0.65288,0.6517,0.65276,12392
2024-02-07 00:00:00+00:00,0.6527,0.65399,0.6524,0.65293,21011
2024-02-07 04:00:00+00:00,0.65289,0.65363,0.6524,0.65291,19727
2024-02-07 08:00:00+00:00,0.65284,0.65324,0.6515,0.6526,22859
2024-02-07 12:00:00+00:00,0.65262,0.65336,0.6519,0.65286,31989
2024-02-07 16:00:00+00:00,0.65284,0.65293,0.6513,0.65181,26425
2024-02-07 20:00:00+00:00,0.65186,0.65273,0.6514,0.6519,11612
2024-02-08 00:00:00+00:00,0.65211,0.65314,0.652,0.65245,19571
2024-02-08 04:00:00+00:00,0.65247,0.65285,0.6514,0.65215,17849
2024-02-08 08:00:00+00:00,0.65189,0.65212,0.6493,0.64969,22536
2024-02-08 12:00:00+00:00,0.6497,0.64992,0.648,0.6483,30271
2024-02-08 16:00:00+00:00,0.64844,0.6497,0.6481,0.6487,23279
2024-02-08 20:00:00+00:00,0.64894,0.64987,0.6488,0.64987,10536
2024-02-09 00:00:00+00:00,0.64969,0.64982,0.64874,0.64926,18323
2024-02-09 04:00:00+00:00,0.64928,0.65072,0.6488,0.6505,14285
2024-02-09 08:00:00+00:00,0.65048,0.65122,0.64989,0.65109,21862
2024-02-09 12:00:00+00:00,0.65108,0.6531,0.6506,0.65201,34355
2024-02-09 16:00:00+00:00,0.65185,0.65245,0.6513,0.65202,19800
2024-02-09 20:00:00+00:00,0.652,0.65265,0.65131,0.65131,8465
2024-02-11 20:00:00+00:00,0.6504,0.65254,0.6504,0.65244,2124
2024-02-12 00:00:00+00:00,0.65245,0.65297,0.65159,0.65191,10793
2024-02-12 04:00:00+00:00,0.65205,0.65298,0.6514,0.65259,13059
2024-02-12 08:00:00+00:00,0.65246,0.65252,0.6511,0.65227,21771
2024-02-12 12:00:00+00:00,0.65217,0.65304,0.6516,0.65301,24150
2024-02-12 16:00:00+00:00,0.65303,0.65423,0.6523,0.65275,21597
2024-02-12 20:00:00+00:00,0.65279,0.65319,0.6522,0.65285,11643
2024-02-13 00:00:00+00:00,0.6529,0.65303,0.6516,0.65182,15092
2024-02-13 04:00:00+00:00,0.65188,0.65228,0.6511,0.65196,15012
2024-02-13 08:00:00+00:00,0.65196,0.65244,0.65098,0.6518,21289
2024-02-13 12:00:00+00:00,0.65214,0.65329,0.64537,0.64596,38457
2024-02-13 16:00:00+00:00,0.64611,0.64641,0.6441,0.64436,26555
2024-02-13 20:00:00+00:00,0.64441,0.64558,0.6441,0.64531,13504
2024-02-14 00:00:00+00:00,0.64512,0.64627,0.6445,0.64606,19027
2024-02-14 04:00:00+00:00,0.64611,0.64805,0.6458,0.6476,18478
2024-02-14 08:00:00+00:00,0.64754,0.64791,0.64679,0.64767,23391
2024-02-14 12:00:00+00:00,0.64771,0.64872,0.64725,0.64859,29284
2024-02-14 16:00:00+00:00,0.64852,0.64944,0.6483,0.64902,24926
2024-02-14 20:00:00+00:00,0.64905,0.64987,0.6486,0.64986,12186
2024-02-15 00:00:00+00:00,0.64987,0.65012,0.6477,0.64842,19223
2024-02-15 04:00:00+00:00,0.64852,0.6499,0.648,0.6491,16914
2024-02-15 08:00:00+00:00,0.64947,0.65023,0.6491,0.65,19626
2024-02-15 12:00:00+00:00,0.64998,0.65287,0.6497,0.65166,33535
2024-02-15 16:00:00+00:00,0.65162,0.65236,0.6502,0.65224,25762
2024-02-15 20:00:00+00:00,0.65218,0.65277,0.6517,0.65253,11730
2024-02-16 00:00:00+00:00,0.65244,0.65247,0.6506,0.65138,17944
2024-02-16 04:00:00+00:00,0.65138,0.65287,0.651,0.652,17176
2024-02-16 08:00:00+00:00,0.6522,0.65261,0.65169,0.65253,20567
2024-02-16 12:00:00+00:00,0.65267,0.65296,0.64949,0.65261,34326
2024-02-16 16:00:00+00:00,0.6527,0.65437,0.65258,0.6533,25161
2024-02-16 20:00:00+00:00,0.65327,0.65351,0.64572,0.64572,8471
2024-02-18 20:00:00+00:00,0.65247,0.65373,0.65239,0.65366,1990
2024-02-19 00:00:00+00:00,0.65372,0.65503,0.6535,0.65374,17664
2024-02-19 04:00:00+00:00,0.65372,0.65472,0.6534,0.65426,16567
2024-02-19 08:00:00+00:00,0.65428,0.65445,0.6535,0.65363,19382
2024-02-19 12:00:00+00:00,0.65362,0.654,0.6532,0.6536,16362
2024-02-19 16:00:00+00:00,0.65355,0.65392,0.6532,0.65385,6680
2024-02-19 20:00:00+00:00,0.6538,0.6541,0.6528,0.653,7854
2024-02-20 00:00:00+00:00,0.65313,0.6536,0.652,0.65268,20427
2024-02-20 04:00:00+00:00,0.65269,0.65362,0.6525,0.65339,15803
2024-02-20 08:00:00+00:00,0.65342,0.65576,0.6529,0.6556,14945
2024-02-20 12:00:00+00:00,0.65602,0.65779,0.6554,0.6566,30529
2024-02-20 16:00:00+00:00,0.65681,0.6569,0.6548,0.65501,23362
2024-02-20 20:00:00+00:00,0.65505,0.65547,0.6543,0.65528,12882
2024-02-21 00:00:00+00:00,0.65525,0.6571,0.6546,0.65699,21580
2024-02-21 04:00:00+00:00,0.65689,0.65725,0.6557,0.65628,18951
2024-02-21 08:00:00+00:00,0.65621,0.6566,0.6549,0.65517,22363
2024-02-21 12:00:00+00:00,0.65525,0.65588,0.65431,0.65432,27065
2024-02-21 16:00:00+00:00,0.65436,0.65496,0.65342,0.65461,28355
2024-02-21 20:00:00+00:00,0.65463,0.6556,0.65411,0.6554,16911
2024-02-22 00:00:00+00:00,0.65526,0.65606,0.654,0.65494,19020
2024-02-22 04:00:00+00:00,0.65483,0.65894,0.6547,0.6589,17869
2024-02-22 08:00:00+00:00,0.65891,0.65944,0.6577,0.65803,25108
2024-02-22 12:00:00+00:00,0.658,0.65807,0.65431,0.6545,32026
2024-02-22 16:00:00+00:00,0.65446,0.65552,0.654,0.65546,23450
2024-02-22 20:00:00+00:00,0.65544,0.6562,0.6551,0.65586,11747
2024-02-23 00:00:00+00:00,0.65602,0.65735,0.65509,0.6569,18417
2024-02-23 04:00:00+00:00,0.6569,0.65754,0.6564,0.65745,15611
2024-02-23 08:00:00+00:00,0.65764,0.65791,0.6551,0.65663,21194
2024-02-23 12:00:00+00:00,0.65659,0.658,0.6554,0.65597,28986
2024-02-23 16:00:00+00:00,0.65599,0.65681,0.65545,0.65649,21256
2024-02-23 20:00:00+00:00,0.65644,0.65647,0.65177,0.65177,8491
2024-02-25 20:00:00+00:00,0.6564,0.65665,0.65517,0.65632,1758
2024-02-26 00:00:00+00:00,0.65638,0.65638,0.6547,0.655,14618
2024-02-26 04:00:00+00:00,0.65511,0.65584,0.6549,0.65516,14446
2024-02-26 08:00:00+00:00,0.65481,0.65536,0.654,0.65506,18289
2024-02-26 12:00:00+00:00,0.6549,0.65579,0.65333,0.65387,25285
2024-02-26 16:00:00+00:00,0.6539,0.65392,0.65309,0.65357,19496
2024-02-26 20:00:00+00:00,0.65363,0.6544,0.65284,0.65389,11769
2024-02-27 00:00:00+00:00,0.65388,0.65389,0.6525,0.6536,17528
2024-02-27 04:00:00+00:00,0.6536,0.6555,0.6536,0.6552,16190
2024-02-27 08:00:00+00:00,0.65528,0.65577,0.6543,0.65491,19687
2024-02-27 12:00:00+00:00,0.65507,0.65568,0.65316,0.65453,27759
2024-02-27 16:00:00+00:00,0.6546,0.65508,0.65388,0.65427,22697
2024-02-27 20:00:00+00:00,0.65423,0.65467,0.65378,0.65435,10657
2024-02-28 00:00:00+00:00,0.65448,0.65488,0.6519,0.65217,20985
2024-02-28 04:00:00+00:00,0.65225,0.65229,0.65063,0.6508,17387
2024-02-28 08:00:00+00:00,0.65083,0.65088,0.64904,0.65003,21630
2024-02-28 12:00:00+00:00,0.65007,0.65028,0.64914,0.64935,29185
2024-02-28 16:00:00+00:00,0.64934,0.64989,0.6489,0.64929,22591
2024-02-28 20:00:00+00:00,0.64932,0.64976,0.64518,0.64941,11637
2024-02-29 00:00:00+00:00,0.64941,0.65177,0.6489,0.65155,20604
2024-02-29 04:00:00+00:00,0.65148,0.65215,0.6505,0.6511,18497
2024-02-29 08:00:00+00:00,0.651,0.65131,0.64939,0.64986,24806
2024-02-29 12:00:00+00:00,0.64981,0.65294,0.6486,0.65113,32881
2024-02-29 16:00:00+00:00,0.65125,0.65125,0.6491,0.64938,24742
2024-02-29 20:00:00+00:00,0.64963,0.65004,0.6485,0.65,13232
2024-03-01 00:00:00+00:00,0.65017,0.65138,0.6497,0.65136,18189
2024-03-01 04:00:00+00:00,0.6513,0.65137,0.65022,0.65022,15232
2024-03-01 08:00:00+00:00,0.65025,0.6509,0.64907,0.65076,23289
2024-03-01 12:00:00+00:00,0.65067,0.65321,0.64905,0.65321,32702
2024-03-01 16:00:00+00:00,0.65327,0.65327,0.6524,0.65305,26168
2024-03-01 20:00:00+00:00,0.65301,0.65304,0.64964,0.64964,6561
2024-03-03 20:00:00+00:00,0.6522,0.6529,0.65202,0.65269,1971
2024-03-04 00:00:00+00:00,0.65267,0.65348,0.6518,0.65225,15110
2024-03-04 04:00:00+00:00,0.65224,0.65261,0.6516,0.65253,15441
2024-03-04 08:00:00+00:00,0.65256,0.65268,0.6515,0.65219,19224
2024-03-04 12:00:00+00:00,0.6523,0.65243,0.6507,0.65184,24822
2024-03-04 16:00:00+00:00,0.65191,0.6523,0.6505,0.65098,19151
2024-03-04 20:00:00+00:00,0.65103,0.6512,0.6502,0.65065,11263
2024-03-05 00:00:00+00:00,0.65061,0.65108,0.64978,0.65026,16575
2024-03-05 04:00:00+00:00,0.65023,0.65032,0.6478,0.6484,16085
2024-03-05 08:00:00+00:00,0.64861,0.6496,0.6478,0.64925,17834
2024-03-05 12:00:00+00:00,0.6492,0.65204,0.6486,0.65201,28855
2024-03-05 16:00:00+00:00,0.65189,0.65189,0.6501,0.65031,25022
2024-03-05 20:00:00+00:00,0.65032,0.65067,0.64982,0.65036,12763
2024-03-06 00:00:00+00:00,0.65021,0.65145,0.6492,0.65143,18057
2024-03-06 04:00:00+00:00,0.6513,0.65245,0.651,0.65182,15435
2024-03-06 08:00:00+00:00,0.65156,0.65266,0.65125,0.65258,19590
2024-03-06 12:00:00+00:00,0.65279,0.65686,0.65202,0.65653,32572
2024-03-06 16:00:00+00:00,0.65642,0.65799,0.65614,0.65662,29056
2024-03-06 20:00:00+00:00,0.65651,0.65667,0.65561,0.6564,12914
2024-03-07 00:00:00+00:00,0.6566,0.6582,0.6563,0.65818,20763
2024-03-07 04:00:00+00:00,0.65823,0.65892,0.6573,0.6586,20091
2024-03-07 08:00:00+00:00,0.65889,0.66082,0.65829,0.66039,22620
2024-03-07 12:00:00+00:00,0.66049,0.66175,0.66007,0.66164,31350
2024-03-07 16:00:00+00:00,0.66177,0.6624,0.6612,0.66216,23858
2024-03-07 20:00:00+00:00,0.662,0.66209,0.6614,0.66209,11834
2024-03-08 00:00:00+00:00,0.66212,0.6629,0.6613,0.66269,18438
2024-03-08 04:00:00+00:00,0.66265,0.66364,0.6623,0.66357,17698
2024-03-08 08:00:00+00:00,0.66356,0.6648,0.663,0.66461,23296
2024-03-08 12:00:00+00:00,0.6645,0.66655,0.66334,0.66409,37473
2024-03-08 16:00:00+00:00,0.66391,0.66391,0.6615,0.66252,31233
2024-03-08 20:00:00+00:00,0.66257,0.66262,0.65726,0.65726,9891
2024-03-10 20:00:00+00:00,0.66259,0.66259,0.66183,0.66247,2888
2024-03-11 00:00:00+00:00,0.6622,0.66264,0.6607,0.66115,17603
2024-03-11 04:00:00+00:00,0.66113,0.66185,0.66058,0.66175,17531
2024-03-11 08:00:00+00:00,0.6616,0.66202,0.6606,0.66153,21400
2024-03-11 12:00:00+00:00,0.66142,0.66154,0.65968,0.66075,27939
2024-03-11 16:00:00+00:00,0.6607,0.66114,0.6602,0.66101,20723
2024-03-11 20:00:00+00:00,0.66109,0.66152,0.6601,0.66142,9383
2024-03-12 00:00:00+00:00,0.6615,0.66198,0.66097,0.6616,18707
2024-03-12 04:00:00+00:00,0.66162,0.66201,0.6608,0.66187,16624
2024-03-12 08:00:00+00:00,0.66177,0.66199,0.661,0.66144,18485
2024-03-12 12:00:00+00:00,0.66142,0.6636,0.65852,0.65996,40320
2024-03-12 16:00:00+00:00,0.65992,0.66052,0.65917,0.66048,22418
2024-03-12 20:00:00+00:00,0.66047,0.66083,0.65996,0.66069,8321
2024-03-13 00:00:00+00:00,0.66069,0.66162,0.6599,0.66134,16787
2024-03-13 04:00:00+00:00,0.66123,0.66178,0.6605,0.66142,17520
2024-03-13 08:00:00+00:00,0.66157,0.66163,0.6601,0.66122,19183
2024-03-13 12:00:00+00:00,0.66114,0.66242,0.66065,0.662,24534
2024-03-13 16:00:00+00:00,0.66212,0.66346,0.6618,0.66207,20536
2024-03-13 20:00:00+00:00,0.66213,0.66284,0.6618,0.66273,9368
2024-03-14 00:00:00+00:00,0.66297,0.66312,0.66109,0.66128,16841
2024-03-14 04:00:00+00:00,0.6612,0.66202,0.6608,0.66191,15861
2024-03-14 08:00:00+00:00,0.66201,0.6628,0.6615,0.66237,19079
2024-03-14 12:00:00+00:00,0.66237,0.66286,0.6569,0.65836,36141
2024-03-14 16:00:00+00:00,0.6584,0.65895,0.6572,0.65828,23241
2024-03-14 20:00:00+00:00,0.65819,0.65841,0.65667,0.65784,9254
2024-03-15 00:00:00+00:00,0.65759,0.6578,0.6557,0.6562,17753
2024-03-15 04:00:00+00:00,0.6561,0.65725,0.6558,0.6558,16971
2024-03-15 08:00:00+00:00,0.65585,0.6572,0.6551,0.65685,18491
2024-03-15 12:00:00+00:00,0.65687,0.65739,0.65586,0.65676,28138
2024-03-15 16:00:00+00:00,0.6567,0.65685,0.6554,0.65604,18105
2024-03-15 20:00:00+00:00,0.65611,0.6567,0.64665,0.656,2699
2024-03-17 20:00:00+00:00,0.65597,0.65627,0.65562,0.65575,2142
2024-03-18 00:00:00+00:00,0.65573,0.65683,0.6554,0.65628,15019
2024-03-18 04:00:00+00:00,0.65632,0.65699,0.656,0.65678,13589
2024-03-18 08:00:00+00:00,0.65657,0.65733,0.6563,0.65715,15895
2024-03-18 12:00:00+00:00,0.65718,0.65735,0.6557,0.65607,20998
2024-03-18 16:00:00+00:00,0.65591,0.65591,0.6548,0.6555,15606
2024-03-18 20:00:00+00:00,0.65562,0.65596,0.65526,0.65567,7683
2024-03-19 00:00:00+00:00,0.65567,0.65628,0.65324,0.65413,22992
2024-03-19 04:00:00+00:00,0.6542,0.65427,0.6511,0.65182,25481
2024-03-19 08:00:00+00:00,0.65166,0.65191,0.6502,0.65184,21625
2024-03-19 12:00:00+00:00,0.6519,0.65334,0.65138,0.65278,22716
2024-03-19 16:00:00+00:00,0.65277,0.65348,0.6524,0.65319,18018
2024-03-19 20:00:00+00:00,0.6532,0.65334,0.65249,0.65249,9075
2024-03-20 00:00:00+00:00,0.65242,0.65405,0.6519,0.65365,16918
2024-03-20 04:00:00+00:00,0.6536,0.6536,0.6525,0.65294,15993
2024-03-20 08:00:00+00:00,0.65281,0.65281,0.6511,0.65186,17845
2024-03-20 12:00:00+00:00,0.65203,0.65308,0.65153,0.65281,20257
2024-03-20 16:00:00+00:00,0.6525,0.65857,0.65205,0.65856,35998
2024-03-20 20:00:00+00:00,0.65846,0.65986,0.65798,0.65986,12850
2024-03-21 00:00:00+00:00,0.6595,0.66276,0.65691,0.66232,22214
2024-03-21 04:00:00+00:00,0.66229,0.6634,0.6619,0.66236,17014
2024-03-21 08:00:00+00:00,0.66218,0.66218,0.6595,0.65989,26204
2024-03-21 12:00:00+00:00,0.65999,0.66048,0.65612,0.65688,30624
2024-03-21 16:00:00+00:00,0.65702,0.65735,0.6565,0.65689,17477
2024-03-21 20:00:00+00:00,0.6567,0.65718,0.6567,0.657,8407
2024-03-22 00:00:00+00:00,0.657,0.65765,0.6525,0.6525,20863
2024-03-22 04:00:00+00:00,0.65251,0.65323,0.65104,0.65154,19806
2024-03-22 08:00:00+00:00,0.65167,0.65227,0.651,0.65127,21339
2024-03-22 12:00:00+00:00,0.65127,0.65298,0.6511,0.65195,28103
2024-03-22 16:00:00+00:00,0.65203,0.65203,0.6509,0.65123,19117
2024-03-22 20:00:00+00:00,0.65126,0.6515,0.651,0.6514,3231
2024-03-24 20:00:00+00:00,0.65123,0.65189,0.6511,0.65151,2250
2024-03-25 00:00:00+00:00,0.65152,0.65431,0.65102,0.6527,21439
2024-03-25 04:00:00+00:00,0.65266,0.65297,0.6516,0.65217,17225
2024-03-25 08:00:00+00:00,0.65214,0.65346,0.6521,0.65315,18066
2024-03-25 12:00:00+00:00,0.6532,0.65466,0.653,0.65366,21777
2024-03-25 16:00:00+00:00,0.65364,0.65401,0.6533,0.65375,13350
2024-03-25 20:00:00+00:00,0.65377,0.65401,0.65154,0.65377,7133
2024-03-26 00:00:00+00:00,0.6536,0.65533,0.65317,0.65343,19879
2024-03-26 04:00:00+00:00,0.6531,0.65463,0.6531,0.65392,16338
2024-03-26 08:00:00+00:00,0.65375,0.65588,0.6535,0.65526,19328
2024-03-26 12:00:00+00:00,0.65527,0.65528,0.6531,0.65359,23878
2024-03-26 16:00:00+00:00,0.65368,0.65399,0.6529,0.65306,16890
2024-03-26 20:00:00+00:00,0.65311,0.65383,0.6529,0.6538,7546
2024-03-27 00:00:00+00:00,0.65372,0.65374,0.65127,0.65208,20882
2024-03-27 04:00:00+00:00,0.65219,0.65321,0.652,0.65271,18199
2024-03-27 08:00:00+00:00,0.65259,0.65311,0.6515,0.65223,22954
2024-03-27 12:00:00+00:00,0.65216,0.65315,0.65139,0.65242,23170
2024-03-27 16:00:00+00:00,0.65256,0.65332,0.65202,0.65332,16893
2024-03-27 20:00:00+00:00,0.65335,0.65346,0.6517,0.65234,9279
2024-03-28 00:00:00+00:00,0.65231,0.65399,0.6515,0.65317,19034
2024-03-28 04:00:00+00:00,0.65306,0.6534,0.6503,0.65057,15672
2024-03-28 08:00:00+00:00,0.65047,0.65047,0.6484,0.64887,18114
2024-03-28 12:00:00+00:00,0.64887,0.65244,0.6487,0.65233,25413
2024-03-28 16:00:00+00:00,0.65236,0.65275,0.6512,0.65162,18073
2024-03-28 20:00:00+00:00,0.6514,0.65175,0.651,0.65144,7377
2024-03-29 00:00:00+00:00,0.65143,0.65245,0.6508,0.6508,6010
2024-03-29 04:00:00+00:00,0.65131,0.65139,0.6503,0.65093,6057
2024-03-29 08:00:00+00:00,0.65088,0.6515,0.6506,0.65134,4142
2024-03-29 12:00:00+00:00,0.6513,0.65322,0.65078,0.65218,7160
2024-03-29 16:00:00+00:00,0.65218,0.65224,0.65071,0.65071,3705
2024-03-29 20:00:00+00:00,0.65071,0.6521,0.64895,0.6517,1097
2024-03-31 20:00:00+00:00,0.65234,0.6536,0.65234,0.65334,3447
2024-04-01 00:00:00+00:00,0.65324,0.65385,0.6518,0.6524,14786
2024-04-01 04:00:00+00:00,0.65262,0.65274,0.6513,0.65249,12691
2024-04-01 08:00:00+00:00,0.65245,0.65274,0.6514,0.6514,11290
2024-04-01 12:00:00+00:00,0.65161,0.65186,0.6479,0.64828,22318
2024-04-01 16:00:00+00:00,0.6481,0.64875,0.648,0.64875,12391
2024-04-01 20:00:00+00:00,0.6487,0.64912,0.64742,0.64875,9402
2024-04-02 00:00:00+00:00,0.64848,0.64983,0.6484,0.64875,17892
2024-04-02 04:00:00+00:00,0.64873,0.64992,0.6484,0.64975,16374
2024-04-02 08:00:00+00:00,0.64973,0.65106,0.64969,0.65056,16847
2024-04-02 12:00:00+00:00,0.6504,0.65224,0.64959,0.65125,23252
2024-04-02 16:00:00+00:00,0.651,0.65154,0.6505,0.65154,13052
2024-04-02 20:00:00+00:00,0.65151,0.65213,0.6512,0.65129,8037
2024-04-03 00:00:00+00:00,0.65138,0.65196,0.6504,0.65194,17070
2024-04-03 04:00:00+00:00,0.6516,0.65241,0.6507,0.65094,16338
2024-04-03 08:00:00+00:00,0.65093,0.6518,0.6501,0.65175,15420
2024-04-03 12:00:00+00:00,0.65173,0.65597,0.651,0.6556,29881
2024-04-03 16:00:00+00:00,0.65565,0.65689,0.65518,0.65619,19396
2024-04-03 20:00:00+00:00,0.65624,0.657,0.65587,0.65679,8091
2024-04-04 00:00:00+00:00,0.6569,0.65819,0.6564,0.658,13656
2024-04-04 04:00:00+00:00,0.65811,0.65982,0.6579,0.65925,15527
2024-04-04 08:00:00+00:00,0.65917,0.6613,0.6589,0.6602,15342
2024-04-04 12:00:00+00:00,0.66024,0.66182,0.6595,0.66143,21334
2024-04-04 16:00:00+00:00,0.66142,0.66174,0.6577,0.65803,21863
2024-04-04 20:00:00+00:00,0.65806,0.65893,0.65806,0.65874,11878
2024-04-05 00:00:00+00:00,0.6583,0.65919,0.6561,0.65706,20526
2024-04-05 04:00:00+00:00,0.657,0.65827,0.6567,0.65817,16830
2024-04-05 08:00:00+00:00,0.65803,0.65885,0.6576,0.6584,15698
2024-04-05 12:00:00+00:00,0.65846,0.65902,0.65497,0.658,36169
2024-04-05 16:00:00+00:00,0.65833,0.65858,0.6575,0.658,19810
2024-04-05 20:00:00+00:00,0.65795,0.6583,0.6576,0.6579,2890
2024-04-07 20:00:00+00:00,0.65726,0.65753,0.65677,0.65694,2724
2024-04-08 00:00:00+00:00,0.65654,0.65882,0.6558,0.6575,23095
2024-04-08 04:00:00+00:00,0.65767,0.65868,0.6573,0.65849,19005
2024-04-08 08:00:00+00:00,0.65848,0.65906,0.65779,0.65866,19226
2024-04-08 12:00:00+00:00,0.65865,0.66097,0.65842,0.66011,26990
2024-04-08 16:00:00+00:00,0.66004,0.66078,0.6595,0.66037,16998
2024-04-08 20:00:00+00:00,0.66038,0.66075,0.66,0.66049,7384
2024-04-09 00:00:00+00:00,0.6605,0.66118,0.6597,0.6601,17550
2024-04-09 04:00:00+00:00,0.6599,0.66108,0.6597,0.66047,15688
2024-04-09 08:00:00+00:00,0.66033,0.66255,0.66029,0.66192,17950
2024-04-09 12:00:00+00:00,0.66181,0.66433,0.6616,0.6618,29619
2024-04-09 16:00:00+00:00,0.66211,0.66262,0.6615,0.6624,19388
2024-04-09 20:00:00+00:00,0.66259,0.66296,0.66228,0.66279,7275
2024-04-10 00:00:00+00:00,0.66285,0.66304,0.6618,0.66226,16975
2024-04-10 04:00:00+00:00,0.66219,0.6628,0.6617,0.66257,16359
2024-04-10 08:00:00+00:00,0.66253,0.66271,0.6619,0.66232,10384
2024-04-10 12:00:00+00:00,0.6556,0.6569,0.65063,0.65073,36980
2024-04-10 16:00:00+00:00,0.6504,0.6517,0.64985,0.65125,32122
2024-04-10 20:00:00+00:00,0.65122,0.65151,0.6506,0.6507,10317
2024-04-11 00:00:00+00:00,0.65047,0.65211,0.65,0.65171,21996
2024-04-11 04:00:00+00:00,0.6515,0.65274,0.6513,0.65274,20480
2024-04-11 08:00:00+00:00,0.65287,0.65295,0.6517,0.6519,21303
2024-04-11 12:00:00+00:00,0.65217,0.65522,0.65096,0.65228,40940
2024-04-11 16:00:00+00:00,0.65236,0.65452,0.65187,0.65409,23595
2024-04-11 20:00:00+00:00,0.65392,0.65421,0.6535,0.65404,8784
2024-04-12 00:00:00+00:00,0.65371,0.65427,0.6525,0.65281,19974
2024-04-12 04:00:00+00:00,0.65281,0.65307,0.65095,0.65191,21992
2024-04-12 08:00:00+00:00,0.65193,0.65224,0.6488,0.64934,23051
2024-04-12 12:00:00+00:00,0.64938,0.64946,0.6463,0.6474,38428
2024-04-12 16:00:00+00:00,0.6476,0.6477,0.6455,0.6459,29716
2024-04-12 20:00:00+00:00,0.64586,0.6486,0.64049,0.6486,3163
2024-04-14 20:00:00+00:00,0.6467,0.64772,0.64649,0.64743,3504
2024-04-15 00:00:00+00:00,0.64766,0.64879,0.64613,0.6484,24027
2024-04-15 04:00:00+00:00,0.64844,0.64926,0.6476,0.64835,22791
2024-04-15 08:00:00+00:00,0.64832,0.6489,0.6478,0.64825,22407
2024-04-15 12:00:00+00:00,0.64825,0.6486,0.6453,0.64679,37495
2024-04-15 16:00:00+00:00,0.64679,0.64705,0.64376,0.6443,27705
2024-04-15 20:00:00+00:00,0.6441,0.64441,0.6438,0.64415,9670
2024-04-16 00:00:00+00:00,0.64391,0.6442,0.6408,0.64179,26416
2024-04-16 04:00:00+00:00,0.64191,0.64285,0.6411,0.64174,24452
2024-04-16 08:00:00+00:00,0.64176,0.64257,0.6409,0.64255,24901
2024-04-16 12:00:00+00:00,0.64245,0.64253,0.6397,0.64082,39218
2024-04-16 16:00:00+00:00,0.6407,0.6418,0.63907,0.64064,34690
2024-04-16 20:00:00+00:00,0.64056,0.64136,0.6397,0.6409,11925
2024-04-17 00:00:00+00:00,0.64126,0.64228,0.6408,0.64158,23145
2024-04-17 04:00:00+00:00,0.6414,0.6428,0.6401,0.64168,22001
2024-04-17 08:00:00+00:00,0.64168,0.64313,0.6415,0.64265,21173
2024-04-17 12:00:00+00:00,0.6427,0.64369,0.6414,0.64172,33704
2024-04-17 16:00:00+00:00,0.64156,0.64453,0.64089,0.64356,32919
2024-04-17 20:00:00+00:00,0.6435,0.64416,0.64308,0.64383,9944
2024-04-18 00:00:00+00:00,0.64367,0.64557,0.64316,0.64543,22908
2024-04-18 04:00:00+00:00,0.64532,0.64554,0.6439,0.64506,20570
2024-04-18 08:00:00+00:00,0.64487,0.64519,0.6439,0.64471,21029
2024-04-18 12:00:00+00:00,0.64464,0.64472,0.6426,0.64356,36216
2024-04-18 16:00:00+00:00,0.64378,0.64378,0.6416,0.64216,26636
2024-04-18 20:00:00+00:00,0.6421,0.6425,0.6416,0.6423,10268
2024-04-19 00:00:00+00:00,0.64231,0.64238,0.63644,0.639,42381
2024-04-19 04:00:00+00:00,0.63928,0.6425,0.63928,0.64226,31916
2024-04-19 08:00:00+00:00,0.64209,0.6423,0.6404,0.6408,27555
2024-04-19 12:00:00+00:00,0.6407,0.64315,0.6407,0.64217,37068
2024-04-19 16:00:00+00:00,0.64232,0.64244,0.64075,0.64181,29615
2024-04-19 20:00:00+00:00,0.6418,0.64187,0.63884,0.6414,3394
2024-04-21 20:00:00+00:00,0.64179,0.64264,0.64156,0.6425,2595
2024-04-22 00:00:00+00:00,0.6422,0.64544,0.6422,0.6434,23139
2024-04-22 04:00:00+00:00,0.64372,0.64391,0.64256,0.64293,20532
2024-04-22 08:00:00+00:00,0.64292,0.6442,0.64274,0.64376,20890
2024-04-22 12:00:00+00:00,0.6437,0.64439,0.64243,0.6436,28014
2024-04-22 16:00:00+00:00,0.6437,0.64531,0.6437,0.6449,18890
2024-04-22 20:00:00+00:00,0.64489,0.64519,0.6444,0.64517,8039
2024-04-23 00:00:00+00:00,0.64534,0.64647,0.6449,0.64581,20734
2024-04-23 04:00:00+00:00,0.64577,0.64627,0.6444,0.64486,20168
2024-04-23 08:00:00+00:00,0.64476,0.64561,0.6441,0.64542,20035
2024-04-23 12:00:00+00:00,0.64547,0.64891,0.645,0.64775,31447
2024-04-23 16:00:00+00:00,0.64787,0.64896,0.64771,0.6486,18538
2024-04-23 20:00:00+00:00,0.64854,0.64894,0.6481,0.6488,8398
2024-04-24 00:00:00+00:00,0.64881,0.65288,0.64778,0.65172,21064
2024-04-24 04:00:00+00:00,0.65174,0.65204,0.6501,0.65049,17744
2024-04-24 08:00:00+00:00,0.6503,0.65076,0.6496,0.65051,15905
2024-04-24 12:00:00+00:00,0.65049,0.65079,0.6483,0.6485,19098
2024-04-24 16:00:00+00:00,0.64864,0.65033,0.6485,0.65005,18788
2024-04-24 20:00:00+00:00,0.64995,0.64997,0.64679,0.64976,9217
2024-04-25 00:00:00+00:00,0.64983,0.65094,0.64921,0.6501,16458
2024-04-25 04:00:00+00:00,0.65032,0.65248,0.6501,0.65229,15867
2024-04-25 08:00:00+00:00,0.65231,0.65327,0.6521,0.65305,16330
2024-04-25 12:00:00+00:00,0.65295,0.65307,0.64861,0.65051,39283
2024-04-25 16:00:00+00:00,0.65048,0.65215,0.6501,0.65166,22809
2024-04-25 20:00:00+00:00,0.65171,0.65254,0.6514,0.6521,8921
2024-04-26 00:00:00+00:00,0.65203,0.65319,0.6517,0.65227,19238
2024-04-26 04:00:00+00:00,0.6522,0.65505,0.65215,0.65424,20192
2024-04-26 08:00:00+00:00,0.65454,0.65539,0.653,0.65352,22314
2024-04-26 12:00:00+00:00,0.65365,0.65509,0.6517,0.65266,35501
2024-04-26 16:00:00+00:00,0.65253,0.65399,0.65253,0.65338,16380
2024-04-26 20:00:00+00:00,0.65337,0.6536,0.65284,0.6531,3412
2024-04-28 20:00:00+00:00,0.6519,0.6541,0.6519,0.6541,1864
2024-04-29 00:00:00+00:00,0.6541,0.65665,0.65366,0.65648,20082
2024-04-29 04:00:00+00:00,0.6563,0.65856,0.65494,0.6563,32147
2024-04-29 08:00:00+00:00,0.65639,0.65695,0.65524,0.65651,22092
2024-04-29 12:00:00+00:00,0.65643,0.65689,0.6545,0.65611,25977
2024-04-29 16:00:00+00:00,0.65616,0.65728,0.65594,0.6568,21719
2024-04-29 20:00:00+00:00,0.65681,0.65691,0.65592,0.65601,7755
2024-04-30 00:00:00+00:00,0.65589,0.65641,0.6529,0.65335,21080
2024-04-30 04:00:00+00:00,0.65347,0.65349,0.6513,0.65282,19567
2024-04-30 08:00:00+00:00,0.65273,0.65361,0.6521,0.65275,18958
2024-04-30 12:00:00+00:00,0.65263,0.65299,0.64866,0.64887,38232
2024-04-30 16:00:00+00:00,0.649,0.64919,0.6477,0.64775,21120
2024-04-30 20:00:00+00:00,0.64778,0.64792,0.647,0.64746,11309
2024-05-01 00:00:00+00:00,0.64754,0.64755,0.6465,0.64673,14544
2024-05-01 04:00:00+00:00,0.64676,0.64812,0.64676,0.64766,9311
2024-05-01 08:00:00+00:00,0.64777,0.64823,0.6475,0.64812,15804
2024-05-01 12:00:00+00:00,0.64835,0.6497,0.64582,0.64936,28921
2024-05-01 16:00:00+00:00,0.6492,0.65383,0.6483,0.65008,35960
2024-05-01 20:00:00+00:00,0.65,0.65303,0.6497,0.65295,10564
2024-05-02 00:00:00+00:00,0.65334,0.65379,0.6524,0.65298,10095
2024-05-02 04:00:00+00:00,0.6527,0.65475,0.6527,0.65395,24532
2024-05-02 08:00:00+00:00,0.65392,0.65442,0.65207,0.65292,24994
2024-05-02 12:00:00+00:00,0.65298,0.65477,0.65172,0.65463,37586
2024-05-02 16:00:00+00:00,0.65451,0.65729,0.65424,0.65651,26340
2024-05-02 20:00:00+00:00,0.65652,0.65739,0.65592,0.65697,8941
2024-05-03 00:00:00+00:00,0.65708,0.65843,0.6563,0.6575,20853
2024-05-03 04:00:00+00:00,0.6575,0.65832,0.6568,0.65746,17303
2024-05-03 08:00:00+00:00,0.65753,0.6585,0.6575,0.65802,18952
2024-05-03 12:00:00+00:00,0.65812,0.66451,0.65541,0.66138,47721
2024-05-03 16:00:00+00:00,0.66138,0.66168,0.6606,0.66117,19890
2024-05-03 20:00:00+00:00,0.66117,0.66128,0.66036,0.66091,2350
2024-05-05 20:00:00+00:00,0.6599,0.66173,0.6599,0.66084,1983
2024-05-06 00:00:00+00:00,0.66079,0.66233,0.6605,0.66149,18438
2024-05-06 04:00:00+00:00,0.66148,0.66256,0.6609,0.66218,14716
2024-05-06 08:00:00+00:00,0.6618,0.66301,0.6618,0.66299,17739
2024-05-06 12:00:00+00:00,0.66312,0.66375,0.6617,0.66222,22020
2024-05-06 16:00:00+00:00,0.66217,0.66293,0.6618,0.66217,17193
2024-05-06 20:00:00+00:00,0.66216,0.66258,0.6618,0.6623,4089
2024-05-07 00:00:00+00:00,0.66319,0.66417,0.66189,0.66291,19807
2024-05-07 04:00:00+00:00,0.66291,0.66299,0.6586,0.66009,22464
2024-05-07 08:00:00+00:00,0.66,0.66096,0.6591,0.66046,19204
2024-05-07 12:00:00+00:00,0.66051,0.66235,0.66044,0.66067,25201
2024-05-07 16:00:00+00:00,0.66062,0.66112,0.6586,0.65986,20334
2024-05-07 20:00:00+00:00,0.65989,0.65989,0.6585,0.65886,8382
2024-05-08 00:00:00+00:00,0.65869,0.65938,0.6569,0.65729,20417
2024-05-08 04:00:00+00:00,0.6572,0.65814,0.6567,0.657,18000
2024-05-08 08:00:00+00:00,0.65675,0.65734,0.6561,0.65639,17165
2024-05-08 12:00:00+00:00,0.65632,0.65846,0.6555,0.658,23397
2024-05-08 16:00:00+00:00,0.65834,0.65834,0.6573,0.6577,15023
2024-05-08 20:00:00+00:00,0.6578,0.65808,0.6573,0.6575,7648
2024-05-09 00:00:00+00:00,0.6576,0.6586,0.6569,0.658,19559
2024-05-09 04:00:00+00:00,0.6581,0.65846,0.6564,0.65746,16948
2024-05-09 08:00:00+00:00,0.6571,0.65845,0.657,0.65826,19682
2024-05-09 12:00:00+00:00,0.65838,0.6612,0.65791,0.6604,30270
2024-05-09 16:00:00+00:00,0.66044,0.66204,0.6603,0.66195,17271
2024-05-09 20:00:00+00:00,0.66189,0.66225,0.6614,0.66168,7944
2024-05-10 00:00:00+00:00,0.66182,0.66185,0.6599,0.66061,18136
2024-05-10 04:00:00+00:00,0.6607,0.66158,0.6605,0.66108,18608
2024-05-10 08:00:00+00:00,0.66112,0.6615,0.66047,0.66047,19825
2024-05-10 12:00:00+00:00,0.66048,0.66219,0.65965,0.66055,28543
2024-05-10 16:00:00+00:00,0.66058,0.66092,0.66,0.66057,16481
2024-05-10 20:00:00+00:00,0.66053,0.6606,0.6601,0.6603,2124
2024-05-12 20:00:00+00:00,0.65993,0.66064,0.65987,0.65998,2184
2024-05-13 00:00:00+00:00,0.65995,0.66036,0.6584,0.65988,20545
2024-05-13 04:00:00+00:00,0.6598,0.66047,0.6591,0.66029,16393
2024-05-13 08:00:00+00:00,0.6602,0.66186,0.6599,0.66165,17940
2024-05-13 12:00:00+00:00,0.6616,0.66283,0.66056,0.66095,23903
2024-05-13 16:00:00+00:00,0.6611,0.66125,0.66016,0.66068,15610
2024-05-13 20:00:00+00:00,0.66069,0.66111,0.6603,0.6609,6979
2024-05-14 00:00:00+00:00,0.6607,0.66097,0.6598,0.66013,17862
2024-05-14 04:00:00+00:00,0.66009,0.6608,0.6596,0.6608,13750
2024-05-14 08:00:00+00:00,0.66065,0.66134,0.66,0.6609,16957
2024-05-14 12:00:00+00:00,0.661,0.66276,0.65916,0.6619,32307
2024-05-14 16:00:00+00:00,0.66221,0.66272,0.6614,0.66262,16342
2024-05-14 20:00:00+00:00,0.66268,0.66269,0.662,0.6623,7819
2024-05-15 00:00:00+00:00,0.66243,0.66499,0.6623,0.66472,16716
2024-05-15 04:00:00+00:00,0.6645,0.66474,0.66389,0.66427,16397
2024-05-15 08:00:00+00:00,0.66428,0.66477,0.6636,0.66419,17584
2024-05-15 12:00:00+00:00,0.66407,0.66862,0.66293,0.66724,38806
2024-05-15 16:00:00+00:00,0.66687,0.66944,0.6667,0.66923,21475
2024-05-15 20:00:00+00:00,0.66921,0.67008,0.66831,0.66996,9494
2024-05-16 00:00:00+00:00,0.66982,0.67131,0.6676,0.6692,25889
2024-05-16 04:00:00+00:00,0.66907,0.66907,0.6673,0.66859,19356
2024-05-16 08:00:00+00:00,0.66884,0.66891,0.6667,0.6668,18957
2024-05-16 12:00:00+00:00,0.6668,0.66822,0.66545,0.6682,28396
2024-05-16 16:00:00+00:00,0.66795,0.66826,0.6673,0.66779,17806
2024-05-16 20:00:00+00:00,0.66774,0.66826,0.6672,0.66819,7560
2024-05-17 00:00:00+00:00,0.66816,0.66825,0.6657,0.6663,18521
2024-05-17 04:00:00+00:00,0.66628,0.6676,0.6658,0.66639,16321
2024-05-17 08:00:00+00:00,0.6665,0.6665,0.6647,0.66577,15835
2024-05-17 12:00:00+00:00,0.66584,0.66913,0.6655,0.66834,23711
2024-05-17 16:00:00+00:00,0.66838,0.67002,0.6682,0.66959,15636
2024-05-17 20:00:00+00:00,0.6694,0.66962,0.66869,0.66869,3204
2024-05-19 20:00:00+00:00,0.66898,0.67029,0.66892,0.6697,2676
2024-05-20 00:00:00+00:00,0.66983,0.67065,0.6693,0.67015,20335
2024-05-20 04:00:00+00:00,0.67018,0.6709,0.66916,0.6695,18995
2024-05-20 08:00:00+00:00,0.66954,0.66964,0.66823,0.66823,16430
2024-05-20 12:00:00+00:00,0.66827,0.66827,0.66625,0.66741,28383
2024-05-20 16:00:00+00:00,0.6675,0.6679,0.6664,0.66682,17691
2024-05-20 20:00:00+00:00,0.66682,0.66715,0.66624,0.66715,6680
2024-05-21 00:00:00+00:00,0.66715,0.66749,0.66471,0.66558,21333
2024-05-21 04:00:00+00:00,0.66564,0.66686,0.665,0.66632,16673
2024-05-21 08:00:00+00:00,0.66634,0.66785,0.6657,0.6678,17754
2024-05-21 12:00:00+00:00,0.66781,0.66784,0.6662,0.6662,30671
2024-05-21 16:00:00+00:00,0.66645,0.66674,0.666,0.66669,17647
2024-05-21 20:00:00+00:00,0.66664,0.66705,0.6662,0.6664,6882
2024-05-22 00:00:00+00:00,0.6667,0.66843,0.6663,0.66668,19592
2024-05-22 04:00:00+00:00,0.6667,0.6674,0.6652,0.66607,18410
2024-05-22 08:00:00+00:00,0.66598,0.66666,0.6643,0.66475,20153
2024-05-22 12:00:00+00:00,0.66488,0.66556,0.66329,0.66344,28847
2024-05-22 16:00:00+00:00,0.66341,0.66424,0.66088,0.66167,25810
2024-05-22 20:00:00+00:00,0.66171,0.66244,0.66084,0.66181,10039
2024-05-23 00:00:00+00:00,0.66177,0.66309,0.6613,0.66306,19867
2024-05-23 04:00:00+00:00,0.6631,0.66329,0.6617,0.6619,20482
2024-05-23 08:00:00+00:00,0.6619,0.66435,0.6619,0.664,19506
2024-05-23 12:00:00+00:00,0.664,0.66526,0.6621,0.66278,36520
2024-05-23 16:00:00+00:00,0.66286,0.6632,0.6596,0.66022,27053
2024-05-23 20:00:00+00:00,0.6602,0.66065,0.66,0.66003,8405
2024-05-24 00:00:00+00:00,0.65999,0.66039,0.6591,0.65955,18355
2024-05-24 04:00:00+00:00,0.6595,0.66061,0.6592,0.66058,16407
2024-05-24 08:00:00+00:00,0.66047,0.66199,0.6601,0.66144,17623
2024-05-24 12:00:00+00:00,0.66154,0.66333,0.661,0.66265,28720
2024-05-24 16:00:00+00:00,0.66257,0.66356,0.6623,0.66293,18230
2024-05-24 20:00:00+00:00,0.66296,0.66299,0.6624,0.6624,2100
2024-05-26 20:00:00+00:00,0.66213,0.66337,0.6621,0.66225,2101
2024-05-27 00:00:00+00:00,0.66227,0.66366,0.662,0.66347,15480
2024-05-27 04:00:00+00:00,0.66348,0.66421,0.6629,0.6634,13919
2024-05-27 08:00:00+00:00,0.6634,0.66485,0.6634,0.66452,14807
2024-05-27 12:00:00+00:00,0.66461,0.66596,0.66416,0.66573,21728
2024-05-27 16:00:00+00:00,0.66573,0.66583,0.6651,0.66566,8900
2024-05-27 20:00:00+00:00,0.6656,0.66577,0.665,0.66556,6447
2024-05-28 00:00:00+00:00,0.66549,0.66729,0.6652,0.66722,17544
2024-05-28 04:00:00+00:00,0.66722,0.66728,0.66568,0.66625,16553
2024-05-28 08:00:00+00:00,0.6662,0.66703,0.6654,0.6665,16716
2024-05-28 12:00:00+00:00,0.66685,0.66792,0.6652,0.66648,27773
2024-05-28 16:00:00+00:00,0.66648,0.66654,0.6642,0.66509,21933
2024-05-28 20:00:00+00:00,0.6651,0.6656,0.65981,0.66474,8279
2024-05-29 00:00:00+00:00,0.66481,0.66637,0.6638,0.6652,20925
2024-05-29 04:00:00+00:00,0.66518,0.66614,0.6642,0.66545,19761
2024-05-29 08:00:00+00:00,0.66544,0.66571,0.6626,0.66303,22418
2024-05-29 12:00:00+00:00,0.66301,0.66368,0.6612,0.66177,32048
2024-05-29 16:00:00+00:00,0.66159,0.66223,0.661,0.6615,20651
2024-05-29 20:00:00+00:00,0.6614,0.66141,0.6605,0.66134,8128
2024-05-30 00:00:00+00:00,0.66141,0.66194,0.66,0.66088,21303
2024-05-30 04:00:00+00:00,0.66084,0.66113,0.65909,0.66084,23386
2024-05-30 08:00:00+00:00,0.6609,0.66263,0.6602,0.66213,23017
2024-05-30 12:00:00+00:00,0.66205,0.6647,0.66083,0.66406,32749
2024-05-30 16:00:00+00:00,0.66412,0.66451,0.6626,0.66329,19068
2024-05-30 20:00:00+00:00,0.66322,0.6636,0.65594,0.66294,8011
2024-05-31 00:00:00+00:00,0.66303,0.66394,0.6627,0.66359,20698
2024-05-31 04:00:00+00:00,0.66354,0.66414,0.6626,0.66314,19806
2024-05-31 08:00:00+00:00,0.66319,0.66569,0.6629,0.66509,20162
2024-05-31 12:00:00+00:00,0.665,0.66726,0.6635,0.66392,36798
2024-05-31 16:00:00+00:00,0.66379,0.66531,0.6633,0.66529,24158
2024-05-31 20:00:00+00:00,0.66533,0.66542,0.66473,0.66473,3438
2024-06-02 20:00:00+00:00,0.6636,0.66565,0.6636,0.66553,3116
2024-06-03 00:00:00+00:00,0.6652,0.66645,0.6643,0.66466,18025
2024-06-03 04:00:00+00:00,0.66463,0.66495,0.66333,0.66333,20057
2024-06-03 08:00:00+00:00,0.6633,0.6658,0.6633,0.6657,24693
2024-06-03 12:00:00+00:00,0.66562,0.66939,0.66369,0.66817,35695
2024-06-03 16:00:00+00:00,0.66829,0.66833,0.66643,0.66798,26568
2024-06-03 20:00:00+00:00,0.66807,0.6694,0.6663,0.66894,8180
2024-06-04 00:00:00+00:00,0.66942,0.66977,0.6675,0.66803,19980
2024-06-04 04:00:00+00:00,0.66792,0.66835,0.6658,0.66625,22796
2024-06-04 08:00:00+00:00,0.66617,0.66617,0.66314,0.66404,29471
2024-06-04 12:00:00+00:00,0.66425,0.66518,0.66348,0.66408,35655
2024-06-04 16:00:00+00:00,0.66413,0.66528,0.6639,0.66488,25647
2024-06-04 20:00:00+00:00,0.66483,0.66499,0.66395,0.6643,7284
2024-06-05 00:00:00+00:00,0.6641,0.66636,0.6641,0.66587,20094
2024-06-05 04:00:00+00:00,0.6657,0.66611,0.6651,0.66575,19457
2024-06-05 08:00:00+00:00,0.66591,0.66619,0.6638,0.66464,20146
2024-06-05 12:00:00+00:00,0.66477,0.6654,0.66261,0.6639,37049
2024-06-05 16:00:00+00:00,0.66396,0.66531,0.6634,0.66515,19140
2024-06-05 20:00:00+00:00,0.66514,0.66558,0.6645,0.66553,7085
2024-06-06 00:00:00+00:00,0.66567,0.66827,0.6655,0.66648,19609
2024-06-06 04:00:00+00:00,0.66644,0.66652,0.66489,0.6649,17185
2024-06-06 08:00:00+00:00,0.66485,0.6651,0.66374,0.66376,17148
2024-06-06 12:00:00+00:00,0.66376,0.66621,0.66339,0.6657,34391
2024-06-06 16:00:00+00:00,0.6657,0.66726,0.6654,0.6663,20613
2024-06-06 20:00:00+00:00,0.66665,0.667,0.6663,0.66693,7347
2024-06-07 00:00:00+00:00,0.6667,0.66743,0.6662,0.6669,17318
2024-06-07 04:00:00+00:00,0.66699,0.66805,0.6667,0.66731,17945
2024-06-07 08:00:00+00:00,0.6672,0.6672,0.6657,0.66667,20989
2024-06-07 12:00:00+00:00,0.66663,0.66692,0.65809,0.65875,42301
2024-06-07 16:00:00+00:00,0.65874,0.65925,0.658,0.65804,27721
2024-06-07 20:00:00+00:00,0.65804,0.65815,0.65135,0.65135,2820
2024-06-09 20:00:00+00:00,0.6579,0.65827,0.6577,0.65817,3139
2024-06-10 00:00:00+00:00,0.65816,0.65894,0.6574,0.65877,14312
2024-06-10 04:00:00+00:00,0.65878,0.65948,0.6584,0.65944,19173
2024-06-10 08:00:00+00:00,0.65942,0.65973,0.6583,0.65927,21028
2024-06-10 12:00:00+00:00,0.65932,0.66096,0.65857,0.66096,27710
2024-06-10 16:00:00+00:00,0.66097,0.66105,0.6599,0.66084,20173
2024-06-10 20:00:00+00:00,0.66076,0.6612,0.6603,0.66074,7431
2024-06-11 00:00:00+00:00,0.66069,0.66069,0.6589,0.65968,20161
2024-06-11 04:00:00+00:00,0.65963,0.66084,0.6595,0.6601,16442
2024-06-11 08:00:00+00:00,0.66023,0.66051,0.6588,0.65935,21629
2024-06-11 12:00:00+00:00,0.659,0.66091,0.6588,0.65965,30009
2024-06-11 16:00:00+00:00,0.6594,0.66133,0.6593,0.66072,20376
2024-06-11 20:00:00+00:00,0.6605,0.66088,0.66028,0.66075,6810
2024-06-12 00:00:00+00:00,0.66064,0.66176,0.65972,0.66164,19158
2024-06-12 04:00:00+00:00,0.6613,0.66215,0.6606,0.66165,16875
2024-06-12 08:00:00+00:00,0.66166,0.66175,0.6608,0.66128,17653
2024-06-12 12:00:00+00:00,0.66123,0.67,0.66011,0.66993,39062
2024-06-12 16:00:00+00:00,0.66993,0.67037,0.6655,0.66591,39328
2024-06-12 20:00:00+00:00,0.66582,0.66667,0.6656,0.6663,9640
2024-06-13 00:00:00+00:00,0.66637,0.66651,0.6645,0.66554,19839
2024-06-13 04:00:00+00:00,0.66559,0.66559,0.6638,0.66505,17359
2024-06-13 08:00:00+00:00,0.66512,0.6655,0.6638,0.664,17559
2024-06-13 12:00:00+00:00,0.66418,0.66738,0.6631,0.6639,36874
2024-06-13 16:00:00+00:00,0.6637,0.66394,0.6626,0.66362,24548
2024-06-13 20:00:00+00:00,0.66372,0.66373,0.66284,0.66309,8483
2024-06-14 00:00:00+00:00,0.66306,0.66408,0.6619,0.66301,21176
2024-06-14 04:00:00+00:00,0.66299,0.66328,0.661,0.66179,23619
2024-06-14 08:00:00+00:00,0.66169,0.66216,0.66037,0.66161,29544
2024-06-14 12:00:00+00:00,0.66159,0.66172,0.65923,0.6612,34453
2024-06-14 16:00:00+00:00,0.66128,0.66196,0.66047,0.66153,20894
2024-06-14 20:00:00+00:00,0.66149,0.66165,0.6612,0.6612,2321
2024-06-16 20:00:00+00:00,0.66007,0.66171,0.6598,0.661,2391
2024-06-17 00:00:00+00:00,0.66122,0.66173,0.6598,0.66039,15274
2024-06-17 04:00:00+00:00,0.6602,0.66081,0.6591,0.66026,18470
2024-06-17 08:00:00+00:00,0.66019,0.66083,0.6591,0.65926,17625
2024-06-17 12:00:00+00:00,0.65925,0.65998,0.6583,0.65965,24309
2024-06-17 16:00:00+00:00,0.65983,0.66162,0.6595,0.66143,18588
2024-06-17 20:00:00+00:00,0.66133,0.66189,0.6603,0.66176,7441
2024-06-18 00:00:00+00:00,0.6619,0.66204,0.6604,0.66076,18277
2024-06-18 04:00:00+00:00,0.66069,0.6632,0.66007,0.6612,21904
2024-06-18 08:00:00+00:00,0.66136,0.66215,0.6607,0.6611,20032
2024-06-18 12:00:00+00:00,0.6611,0.66558,0.66099,0.66504,31632
2024-06-18 16:00:00+00:00,0.66502,0.66572,0.6647,0.66558,19780
2024-06-18 20:00:00+00:00,0.6654,0.66619,0.6651,0.6661,7426
2024-06-19 00:00:00+00:00,0.666,0.6669,0.6657,0.66609,14815
2024-06-19 04:00:00+00:00,0.66602,0.66744,0.6658,0.66721,15670
2024-06-19 08:00:00+00:00,0.66708,0.66755,0.6665,0.66698,15403
2024-06-19 12:00:00+00:00,0.66704,0.66766,0.6663,0.66738,17471
2024-06-19 16:00:00+00:00,0.6672,0.66746,0.6666,0.66714,5953
2024-06-19 20:00:00+00:00,0.66711,0.66753,0.6657,0.66737,6514
2024-06-20 00:00:00+00:00,0.66738,0.66761,0.6665,0.66743,16873
2024-06-20 04:00:00+00:00,0.66736,0.66787,0.66616,0.66699,14369
2024-06-20 08:00:00+00:00,0.66699,0.66773,0.6663,0.66666,15107
2024-06-20 12:00:00+00:00,0.6667,0.6675,0.6654,0.6654,21246
2024-06-20 16:00:00+00:00,0.6652,0.66646,0.6647,0.66582,18962
2024-06-20 20:00:00+00:00,0.6656,0.66624,0.665,0.66604,7009
2024-06-21 00:00:00+00:00,0.66615,0.66669,0.6652,0.6663,13149
2024-06-21 04:00:00+00:00,0.6664,0.66689,0.66468,0.66506,13337
2024-06-21 08:00:00+00:00,0.6648,0.66649,0.66457,0.66649,16085
2024-06-21 12:00:00+00:00,0.66672,0.66675,0.6631,0.6639,23286
2024-06-21 16:00:00+00:00,0.6634,0.66454,0.6633,0.66422,15679
2024-06-21 20:00:00+00:00,0.6641,0.66435,0.6638,0.664,2524
2024-06-23 20:00:00+00:00,0.66362,0.66413,0.6632,0.66344,2314
2024-06-24 00:00:00+00:00,0.6634,0.66399,0.66261,0.66336,18247
2024-06-24 04:00:00+00:00,0.66337,0.66528,0.6632,0.66528,16063
2024-06-24 08:00:00+00:00,0.6651,0.66565,0.6642,0.66428,19656
2024-06-24 12:00:00+00:00,0.66416,0.66677,0.6637,0.66545,25784
2024-06-24 16:00:00+00:00,0.66546,0.66616,0.6647,0.66574,19840
2024-06-24 20:00:00+00:00,0.66568,0.66589,0.6648,0.66538,8398
2024-06-25 00:00:00+00:00,0.66549,0.66646,0.665,0.666,18320
2024-06-25 04:00:00+00:00,0.6658,0.66721,0.6655,0.66668,16532
2024-06-25 08:00:00+00:00,0.6667,0.66698,0.6644,0.6647,17510
2024-06-25 12:00:00+00:00,0.66497,0.66534,0.6635,0.66409,27550
2024-06-25 16:00:00+00:00,0.66391,0.66499,0.6634,0.66482,17372
2024-06-25 20:00:00+00:00,0.66475,0.66489,0.66105,0.66446,7670
2024-06-26 00:00:00+00:00,0.66431,0.66784,0.6635,0.6672,22543
2024-06-26 04:00:00+00:00,0.6671,0.66885,0.667,0.66802,17967
2024-06-26 08:00:00+00:00,0.66802,0.66844,0.665,0.66574,19796
2024-06-26 12:00:00+00:00,0.66603,0.66618,0.66416,0.66477,29909
2024-06-26 16:00:00+00:00,0.66459,0.66571,0.6644,0.66513,19872
2024-06-26 20:00:00+00:00,0.6648,0.66507,0.664,0.66452,9649
2024-06-27 00:00:00+00:00,0.66449,0.6662,0.6639,0.6661,18813
2024-06-27 04:00:00+00:00,0.66608,0.66717,0.6657,0.66628,17828
2024-06-27 08:00:00+00:00,0.6662,0.667,0.6649,0.66514,19792
2024-06-27 12:00:00+00:00,0.66526,0.66682,0.66437,0.66471,30968
2024-06-27 16:00:00+00:00,0.66469,0.66522,0.6643,0.66466,19526
2024-06-27 20:00:00+00:00,0.66475,0.66504,0.6642,0.66497,7328
2024-06-28 00:00:00+00:00,0.66495,0.66511,0.662,0.66266,22865
2024-06-28 04:00:00+00:00,0.66247,0.66364,0.6618,0.66335,17925
2024-06-28 08:00:00+00:00,0.66335,0.66603,0.663,0.6652,19426
2024-06-28 12:00:00+00:00,0.66545,0.66845,0.6654,0.66741,36203
2024-06-28 16:00:00+00:00,0.66749,0.66824,0.66635,0.66714,23353
2024-06-28 20:00:00+00:00,0.66698,0.66706,0.66642,0.66642,3354
2024-06-30 20:00:00+00:00,0.66798,0.66809,0.66729,0.66734,2830
2024-07-01 00:00:00+00:00,0.66721,0.66741,0.6663,0.66674,17446
2024-07-01 04:00:00+00:00,0.6664,0.6678,0.6662,0.66754,17282
2024-07-01 08:00:00+00:00,0.66755,0.66866,0.6669,0.66739,20011
2024-07-01 12:00:00+00:00,0.66732,0.66816,0.6642,0.66519,30852
2024-07-01 16:00:00+00:00,0.66519,0.66587,0.6646,0.66553,10401
2024-07-01 20:00:00+00:00,0.66553,0.6659,0.6649,0.6654,6599
2024-07-02 00:00:00+00:00,0.66542,0.66571,0.66344,0.66422,18337
2024-07-02 04:00:00+00:00,0.66428,0.66494,0.6636,0.66487,19313
2024-07-02 08:00:00+00:00,0.66494,0.66539,0.6642,0.66508,18594
2024-07-02 12:00:00+00:00,0.66522,0.6669,0.66509,0.66578,33518
2024-07-02 16:00:00+00:00,0.66574,0.66703,0.6655,0.66703,18483
2024-07-02 20:00:00+00:00,0.66697,0.66704,0.6663,0.66686,7527
2024-07-03 00:00:00+00:00,0.66696,0.6679,0.66654,0.6677,16158
2024-07-03 04:00:00+00:00,0.66768,0.66839,0.6668,0.66802,15911
2024-07-03 08:00:00+00:00,0.66787,0.66806,0.6667,0.66725,5018
2024-07-03 12:00:00+00:00,0.66732,0.67329,0.66699,0.6718,32672
2024-07-03 16:00:00+00:00,0.67176,0.67191,0.6699,0.67041,16130
2024-07-03 20:00:00+00:00,0.67041,0.67116,0.6701,0.67116,6753
2024-07-04 00:00:00+00:00,0.67126,0.67202,0.6709,0.67121,14162
2024-07-04 04:00:00+00:00,0.671,0.67197,0.6709,0.67195,14062
2024-07-04 08:00:00+00:00,0.67188,0.67313,0.6716,0.67286,14967
2024-07-04 12:00:00+00:00,0.67289,0.67311,0.6722,0.67272,17078
2024-07-04 16:00:00+00:00,0.67267,0.67286,0.6723,0.67274,5903
2024-07-04 20:00:00+00:00,0.67273,0.67276,0.6722,0.6724,6333
2024-07-05 00:00:00+00:00,0.67253,0.67383,0.67253,0.67365,17556
2024-07-05 04:00:00+00:00,0.67358,0.67371,0.67272,0.67333,15054
2024-07-05 08:00:00+00:00,0.6732,0.67372,0.6729,0.6731,15550
2024-07-05 12:00:00+00:00,0.6732,0.67473,0.6719,0.67422,40178
2024-07-05 16:00:00+00:00,0.67412,0.67526,0.67379,0.67521,21248
2024-07-05 20:00:00+00:00,0.67514,0.67524,0.67269,0.67269,2217
2024-07-07 20:00:00+00:00,0.67318,0.67489,0.67318,0.6743,3046
2024-07-08 00:00:00+00:00,0.67449,0.67602,0.6737,0.67546,18916
2024-07-08 04:00:00+00:00,0.67544,0.67544,0.67396,0.67446,17318
2024-07-08 08:00:00+00:00,0.6743,0.6746,0.6733,0.6739,17478
2024-07-08 12:00:00+00:00,0.67413,0.67508,0.6735,0.67375,24568
2024-07-08 16:00:00+00:00,0.67379,0.67437,0.6731,0.67354,16985
2024-07-08 20:00:00+00:00,0.6735,0.67429,0.6724,0.67426,7105
2024-07-09 00:00:00+00:00,0.67442,0.67473,0.6728,0.6735,16361
2024-07-09 04:00:00+00:00,0.67365,0.67469,0.67362,0.6742,15204
2024-07-09 08:00:00+00:00,0.6743,0.67434,0.6729,0.67329,13730
2024-07-09 12:00:00+00:00,0.673,0.67419,0.6723,0.67359,29807
2024-07-09 16:00:00+00:00,0.67367,0.67429,0.6732,0.67411,18395
2024-07-09 20:00:00+00:00,0.674,0.67429,0.6737,0.6739,6983
2024-07-10 00:00:00+00:00,0.67435,0.67448,0.6731,0.67448,18452
2024-07-10 04:00:00+00:00,0.67443,0.67501,0.67375,0.67393,16627
2024-07-10 08:00:00+00:00,0.67387,0.67429,0.6733,0.67415,17436
2024-07-10 12:00:00+00:00,0.67412,0.67504,0.6739,0.67457,24616
2024-07-10 16:00:00+00:00,0.67458,0.6749,0.6736,0.67472,16425
2024-07-10 20:00:00+00:00,0.6744,0.67517,0.67358,0.67515,6931
2024-07-11 00:00:00+00:00,0.6751,0.6763,0.6747,0.67609,15528
2024-07-11 04:00:00+00:00,0.67609,0.67622,0.6751,0.67571,14350
2024-07-11 08:00:00+00:00,0.67572,0.67608,0.6749,0.6755,15342
2024-07-11 12:00:00+00:00,0.67553,0.6798,0.675,0.67737,47429
2024-07-11 16:00:00+00:00,0.67723,0.67735,0.6753,0.6755,25943
2024-07-11 20:00:00+00:00,0.67548,0.67714,0.67485,0.67697,12412
2024-07-12 00:00:00+00:00,0.67664,0.67711,0.6753,0.67668,22186
2024-07-12 04:00:00+00:00,0.67672,0.67718,0.6758,0.67699,18524
2024-07-12 08:00:00+00:00,0.67699,0.67778,0.6767,0.67719,17159
2024-07-12 12:00:00+00:00,0.67718,0.67928,0.67651,0.67864,37191
2024-07-12 16:00:00+00:00,0.67885,0.67901,0.6782,0.67851,19134
2024-07-12 20:00:00+00:00,0.67849,0.67853,0.66748,0.66748,2977
2024-07-14 20:00:00+00:00,0.67687,0.67779,0.67644,0.677,3755
2024-07-15 00:00:00+00:00,0.6769,0.67779,0.67626,0.6776,16629
2024-07-15 04:00:00+00:00,0.67759,0.67787,0.6765,0.67787,16537
2024-07-15 08:00:00+00:00,0.6777,0.67884,0.6774,0.67775,20944
2024-07-15 12:00:00+00:00,0.67777,0.67814,0.677,0.6777,29269
2024-07-15 16:00:00+00:00,0.67744,0.67778,0.6752,0.67604,27020
2024-07-15 20:00:00+00:00,0.67606,0.67639,0.6755,0.67623,8038
2024-07-16 00:00:00+00:00,0.6762,0.67621,0.6739,0.67478,19777
2024-07-16 04:00:00+00:00,0.67485,0.675,0.67339,0.6742,18840
2024-07-16 08:00:00+00:00,0.67427,0.67478,0.6732,0.6741,20034
2024-07-16 12:00:00+00:00,0.6741,0.67447,0.6714,0.67245,31598
2024-07-16 16:00:00+00:00,0.67243,0.6736,0.672,0.67353,19629
2024-07-16 20:00:00+00:00,0.67343,0.67359,0.6728,0.67302,8335
2024-07-17 04:00:00+00:00,0.6736,0.67413,0.67292,0.67344,21916
2024-07-17 08:00:00+00:00,0.67353,0.6754,0.6732,0.6741,27920
2024-07-17 12:00:00+00:00,0.67398,0.67433,0.67243,0.67266,34426
2024-07-17 16:00:00+00:00,0.67274,0.67299,0.672,0.67263,27741
2024-07-17 20:00:00+00:00,0.67262,0.67311,0.67132,0.6728,11268
2024-07-18 00:00:00+00:00,0.67286,0.67392,0.6714,0.67369,24947
2024-07-18 04:00:00+00:00,0.67367,0.67431,0.673,0.67379,23292
2024-07-18 08:00:00+00:00,0.6735,0.6741,0.6728,0.67307,20560
2024-07-18 12:00:00+00:00,0.67306,0.6739,0.6723,0.67247,33101
2024-07-18 16:00:00+00:00,0.67239,0.67264,0.66975,0.67031,25649
2024-07-18 20:00:00+00:00,0.67051,0.6708,0.66973,0.67035,8062
2024-07-19 00:00:00+00:00,0.67021,0.67056,0.66949,0.67006,22331
2024-07-19 04:00:00+00:00,0.67012,0.67066,0.66901,0.66951,18700
2024-07-19 08:00:00+00:00,0.66934,0.66968,0.66875,0.66951,16440
2024-07-19 12:00:00+00:00,0.66948,0.66949,0.6683,0.66926,25762
2024-07-19 16:00:00+00:00,0.6692,0.66932,0.6679,0.66828,24018
2024-07-19 20:00:00+00:00,0.668,0.66842,0.668,0.6684,2105
2024-07-21 20:00:00+00:00,0.66868,0.6702,0.66833,0.66956,4284
2024-07-22 00:00:00+00:00,0.6691,0.6694,0.666,0.66705,20693
2024-07-22 04:00:00+00:00,0.66711,0.66719,0.666,0.66636,21701
2024-07-22 08:00:00+00:00,0.66635,0.66673,0.6651,0.6654,19031
2024-07-22 12:00:00+00:00,0.6653,0.66539,0.66313,0.66375,27952
2024-07-22 16:00:00+00:00,0.6638,0.66435,0.6633,0.6642,18054
2024-07-22 20:00:00+00:00,0.66414,0.66435,0.6636,0.66385,8386
2024-07-23 00:00:00+00:00,0.66401,0.66453,0.66321,0.66379,20755
2024-07-23 04:00:00+00:00,0.66378,0.66378,0.66226,0.66235,18309
2024-07-23 08:00:00+00:00,0.66236,0.66284,0.6618,0.66214,20050
2024-07-23 12:00:00+00:00,0.662,0.66255,0.66117,0.66179,23626
2024-07-23 16:00:00+00:00,0.6618,0.66201,0.6609,0.66137,19267
2024-07-23 20:00:00+00:00,0.6611,0.66167,0.66079,0.66118,8752
2024-07-24 00:00:00+00:00,0.66119,0.66122,0.6591,0.65944,21307
2024-07-24 04:00:00+00:00,0.6594,0.66045,0.65841,0.65985,25939
2024-07-24 08:00:00+00:00,0.65986,0.66064,0.6589,0.66055,22037
2024-07-24 12:00:00+00:00,0.66052,0.66093,0.65954,0.65986,30704
2024-07-24 16:00:00+00:00,0.65982,0.66008,0.6576,0.6576,23652
2024-07-24 20:00:00+00:00,0.6579,0.65822,0.65734,0.65734,9778
2024-07-25 00:00:00+00:00,0.65727,0.65738,0.6548,0.6552,27462
2024-07-25 04:00:00+00:00,0.65503,0.65516,0.65264,0.65334,25023
2024-07-25 08:00:00+00:00,0.65338,0.65414,0.6519,0.65197,28674
2024-07-25 12:00:00+00:00,0.65199,0.65574,0.6518,0.65504,39949
2024-07-25 16:00:00+00:00,0.6547,0.65597,0.6538,0.65401,29521
2024-07-25 20:00:00+00:00,0.65399,0.6541,0.6531,0.65397,10386
2024-07-26 00:00:00+00:00,0.6538,0.65544,0.6538,0.65511,20934
2024-07-26 04:00:00+00:00,0.65514,0.65592,0.6548,0.65583,17823
2024-07-26 08:00:00+00:00,0.65588,0.65663,0.65536,0.65606,18289
2024-07-26 12:00:00+00:00,0.65607,0.65678,0.65406,0.65566,30450
2024-07-26 16:00:00+00:00,0.65564,0.65643,0.6549,0.65523,22954
2024-07-26 20:00:00+00:00,0.65516,0.65535,0.65051,0.65051,3064
2024-07-28 20:00:00+00:00,0.65466,0.65601,0.65465,0.65526,3279
2024-07-29 00:00:00+00:00,0.6552,0.6568,0.6549,0.65644,19448
2024-07-29 04:00:00+00:00,0.6564,0.6564,0.654,0.65434,18151
2024-07-29 08:00:00+00:00,0.65415,0.65562,0.6539,0.65427,18074
2024-07-29 12:00:00+00:00,0.65432,0.65461,0.65246,0.65386,25014
2024-07-29 16:00:00+00:00,0.65382,0.65507,0.65359,0.65498,20171
2024-07-29 20:00:00+00:00,0.65492,0.65572,0.65413,0.65508,8309
2024-07-30 00:00:00+00:00,0.65493,0.65538,0.6532,0.65534,18423
2024-07-30 04:00:00+00:00,0.65526,0.65615,0.65497,0.65513,18975
2024-07-30 08:00:00+00:00,0.6551,0.65564,0.6535,0.65367,18022
2024-07-30 12:00:00+00:00,0.65361,0.65403,0.65298,0.65346,30508
2024-07-30 16:00:00+00:00,0.65344,0.65431,0.6531,0.65391,25354
2024-07-30 20:00:00+00:00,0.65393,0.6544,0.65211,0.654,12522
2024-07-31 00:00:00+00:00,0.6539,0.65418,0.6485,0.64974,28243
2024-07-31 04:00:00+00:00,0.64977,0.65084,0.64798,0.65044,27021
2024-07-31 08:00:00+00:00,0.65033,0.65115,0.64871,0.6506,24368
2024-07-31 12:00:00+00:00,0.65062,0.65392,0.6505,0.65331,33050
2024-07-31 16:00:00+00:00,0.65324,0.65537,0.65169,0.65386,35709
2024-07-31 20:00:00+00:00,0.65403,0.65484,0.6537,0.65481,10982
2024-08-01 00:00:00+00:00,0.65476,0.65495,0.6522,0.65272,25370
2024-08-01 04:00:00+00:00,0.65283,0.6535,0.6522,0.65235,23812
2024-08-01 08:00:00+00:00,0.65232,0.65364,0.6514,0.65343,23835
2024-08-01 12:00:00+00:00,0.65346,0.65594,0.65142,0.65191,37917
2024-08-01 16:00:00+00:00,0.65184,0.6524,0.6488,0.65049,31518
2024-08-01 20:00:00+00:00,0.6504,0.6504,0.649,0.64932,14303
2024-08-02 00:00:00+00:00,0.64908,0.6511,0.6485,0.65069,24966
2024-08-02 04:00:00+00:00,0.65071,0.65257,0.65067,0.65115,27139
2024-08-02 08:00:00+00:00,0.65109,0.65176,0.65,0.65142,27130
2024-08-02 12:00:00+00:00,0.6515,0.65471,0.64954,0.65246,50435
2024-08-02 16:00:00+00:00,0.65231,0.65231,0.65084,0.65202,33960
2024-08-02 20:00:00+00:00,0.65202,0.65202,0.64045,0.64045,3635
2024-08-04 20:00:00+00:00,0.65055,0.65162,0.64945,0.64975,6852
2024-08-05 00:00:00+00:00,0.6495,0.651,0.64828,0.6501,38919
2024-08-05 04:00:00+00:00,0.65007,0.65022,0.63639,0.64489,53421
2024-08-05 08:00:00+00:00,0.64413,0.6459,0.64393,0.64433,42035
2024-08-05 12:00:00+00:00,0.64415,0.65085,0.64364,0.64871,59241
2024-08-05 16:00:00+00:00,0.64869,0.65016,0.64784,0.64942,42967
2024-08-05 20:00:00+00:00,0.6494,0.65208,0.6476,0.6515,20789
2024-08-06 00:00:00+00:00,0.65187,0.65391,0.65084,0.65084,41039
2024-08-06 04:00:00+00:00,0.65075,0.65253,0.64916,0.64985,44005
2024-08-06 08:00:00+00:00,0.64956,0.65061,0.6472,0.64771,37456
2024-08-06 12:00:00+00:00,0.64794,0.65193,0.6474,0.65182,46898
2024-08-06 16:00:00+00:00,0.6519,0.65411,0.65187,0.65242,34945
2024-08-06 20:00:00+00:00,0.65241,0.6527,0.64927,0.65138,17885
2024-08-07 00:00:00+00:00,0.65304,0.65625,0.65302,0.65618,34904
2024-08-07 04:00:00+00:00,0.65603,0.6564,0.6536,0.65483,36572
2024-08-07 08:00:00+00:00,0.65461,0.65743,0.65455,0.65645,29124
2024-08-07 12:00:00+00:00,0.65654,0.65669,0.6547,0.65513,37085
2024-08-07 16:00:00+00:00,0.6551,0.6551,0.65138,0.65194,36819
2024-08-07 20:00:00+00:00,0.65182,0.65213,0.65076,0.65183,15162
2024-08-08 00:00:00+00:00,0.6517,0.65647,0.65121,0.656,33424
2024-08-08 04:00:00+00:00,0.65609,0.65651,0.65445,0.65465,32540
2024-08-08 08:00:00+00:00,0.65471,0.656,0.6546,0.65502,25978
2024-08-08 12:00:00+00:00,0.65512,0.6579,0.6546,0.65781,42998
2024-08-08 16:00:00+00:00,0.65802,0.65926,0.65731,0.65876,29705
2024-08-08 20:00:00+00:00,0.65894,0.65941,0.65646,0.65906,12055
2024-08-09 00:00:00+00:00,0.65891,0.66032,0.6579,0.66012,24915
2024-08-09 04:00:00+00:00,0.66017,0.66046,0.65827,0.65929,24507
2024-08-09 08:00:00+00:00,0.65931,0.65949,0.6568,0.6576,22380
2024-08-09 12:00:00+00:00,0.65757,0.6586,0.65671,0.65749,32746
2024-08-09 16:00:00+00:00,0.65735,0.65794,0.6568,0.65756,24726
2024-08-09 20:00:00+00:00,0.65757,0.65763,0.65516,0.65516,2803
2024-08-11 20:00:00+00:00,0.65665,0.65747,0.65647,0.6567,3682
2024-08-12 00:00:00+00:00,0.6567,0.6587,0.6567,0.65832,19888
2024-08-12 04:00:00+00:00,0.6584,0.65999,0.65778,0.65999,19371
2024-08-12 08:00:00+00:00,0.66001,0.66022,0.659,0.65968,19031
2024-08-12 12:00:00+00:00,0.65964,0.66044,0.6585,0.65943,32548
2024-08-12 16:00:00+00:00,0.65922,0.6593,0.6581,0.65862,25334
2024-08-12 20:00:00+00:00,0.6585,0.6588,0.65776,0.65844,8903
2024-08-13 00:00:00+00:00,0.65847,0.65977,0.6577,0.65922,21573
2024-08-13 04:00:00+00:00,0.6592,0.6608,0.65858,0.66069,19994
2024-08-13 08:00:00+00:00,0.66067,0.66084,0.6591,0.65935,21269
2024-08-13 12:00:00+00:00,0.65933,0.66164,0.659,0.66104,35983
2024-08-13 16:00:00+00:00,0.66104,0.66377,0.66103,0.6636,28781
2024-08-13 20:00:00+00:00,0.66351,0.66389,0.64874,0.6636,10461
2024-08-14 00:00:00+00:00,0.66384,0.66417,0.6617,0.66235,29878
2024-08-14 04:00:00+00:00,0.66228,0.66419,0.662,0.66331,21919
2024-08-14 08:00:00+00:00,0.66327,0.66383,0.6621,0.66251,20012
2024-08-14 12:00:00+00:00,0.66252,0.66343,0.6608,0.66147,39772
2024-08-14 16:00:00+00:00,0.6614,0.6614,0.6594,0.65976,25380
2024-08-14 20:00:00+00:00,0.65969,0.6606,0.65761,0.65971,10499
2024-08-15 00:00:00+00:00,0.65971,0.66222,0.65748,0.66187,26840
2024-08-15 04:00:00+00:00,0.66191,0.66264,0.6615,0.6624,17799
2024-08-15 08:00:00+00:00,0.6624,0.66335,0.6614,0.66306,17305
2024-08-15 12:00:00+00:00,0.6628,0.66344,0.65961,0.66287,39518
2024-08-15 16:00:00+00:00,0.66287,0.66331,0.6608,0.66109,20762
2024-08-15 20:00:00+00:00,0.6609,0.6616,0.65986,0.66116,10020
2024-08-16 00:00:00+00:00,0.66125,0.66267,0.661,0.66231,20445
2024-08-16 04:00:00+00:00,0.66231,0.66357,0.662,0.66323,17608
2024-08-16 08:00:00+00:00,0.66328,0.66406,0.6625,0.66321,20606
2024-08-16 12:00:00+00:00,0.66332,0.66486,0.6622,0.66486,31234
2024-08-16 16:00:00+00:00,0.66485,0.66704,0.6646,0.6667,20381
2024-08-16 20:00:00+00:00,0.6667,0.66702,0.65505,0.65505,2648
2024-08-18 20:00:00+00:00,0.66623,0.66755,0.66366,0.66723,3345
2024-08-19 00:00:00+00:00,0.66728,0.66938,0.6671,0.66899,21742
2024-08-19 04:00:00+00:00,0.66887,0.66923,0.66772,0.66892,22971
2024-08-19 08:00:00+00:00,0.66898,0.66987,0.6682,0.66978,20751
2024-08-19 12:00:00+00:00,0.66987,0.67216,0.6691,0.67142,30300
2024-08-19 16:00:00+00:00,0.67148,0.67331,0.6713,0.67315,20816
2024-08-19 20:00:00+00:00,0.67309,0.67376,0.66911,0.67333,9668
2024-08-20 00:00:00+00:00,0.67341,0.67343,0.67133,0.6715,23308
2024-08-20 04:00:00+00:00,0.6718,0.67321,0.6712,0.67261,20500
2024-08-20 08:00:00+00:00,0.67266,0.67341,0.6724,0.67337,22499
2024-08-20 12:00:00+00:00,0.67337,0.67461,0.6731,0.6739,25230
2024-08-20 16:00:00+00:00,0.67385,0.67487,0.6732,0.67465,22929
2024-08-20 20:00:00+00:00,0.67466,0.67489,0.67366,0.6746,9730
2024-08-21 00:00:00+00:00,0.67476,0.6752,0.6739,0.6743,18677
2024-08-21 04:00:00+00:00,0.67448,0.67494,0.67321,0.67343,21220
2024-08-21 08:00:00+00:00,0.67354,0.67425,0.6734,0.67382,19368
2024-08-21 12:00:00+00:00,0.67379,0.6756,0.67332,0.67494,36548
2024-08-21 16:00:00+00:00,0.67476,0.67604,0.6735,0.67421,25482
2024-08-21 20:00:00+00:00,0.67421,0.67521,0.67298,0.67491,8356
2024-08-22 00:00:00+00:00,0.67489,0.67512,0.67276,0.6732,19320
2024-08-22 04:00:00+00:00,0.67317,0.67501,0.6729,0.67484,18547
2024-08-22 08:00:00+00:00,0.6746,0.67525,0.67256,0.67306,22143
2024-08-22 12:00:00+00:00,0.67309,0.67349,0.67001,0.67073,36204
2024-08-22 16:00:00+00:00,0.67068,0.67141,0.66974,0.67041,26862
2024-08-22 20:00:00+00:00,0.67036,0.67084,0.66937,0.6704,9423
2024-08-23 00:00:00+00:00,0.67062,0.67188,0.67052,0.67171,18565
2024-08-23 04:00:00+00:00,0.67176,0.67283,0.6716,0.67228,19820
2024-08-23 08:00:00+00:00,0.67234,0.67339,0.6719,0.67315,20240
2024-08-23 12:00:00+00:00,0.6732,0.67907,0.67232,0.6776,41400
2024-08-23 16:00:00+00:00,0.67748,0.67975,0.67702,0.67953,31660
2024-08-23 20:00:00+00:00,0.67948,0.67976,0.66844,0.66844,3189
2024-08-25 20:00:00+00:00,0.67852,0.67957,0.6785,0.67871,3458
2024-08-26 00:00:00+00:00,0.67867,0.67955,0.6776,0.67789,21451
2024-08-26 04:00:00+00:00,0.67791,0.67814,0.6769,0.67738,19170
2024-08-26 08:00:00+00:00,0.67734,0.67806,0.67668,0.67689,20359
2024-08-26 12:00:00+00:00,0.67685,0.6786,0.67669,0.67714,33822
2024-08-26 16:00:00+00:00,0.67704,0.67849,0.67704,0.6773,21146
2024-08-26 20:00:00+00:00,0.67725,0.67751,0.67528,0.67728,8581
2024-08-27 00:00:00+00:00,0.67709,0.67843,0.676,0.67836,19489
2024-08-27 04:00:00+00:00,0.67845,0.67909,0.6772,0.67724,20520
2024-08-27 08:00:00+00:00,0.67734,0.6787,0.6773,0.6782,22066
2024-08-27 12:00:00+00:00,0.67811,0.6783,0.677,0.67781,34401
2024-08-27 16:00:00+00:00,0.67787,0.67954,0.6774,0.67928,20745
2024-08-27 20:00:00+00:00,0.6793,0.67932,0.67803,0.6787,8572
2024-08-28 00:00:00+00:00,0.67887,0.68116,0.67842,0.6798,23566
2024-08-28 04:00:00+00:00,0.6798,0.68011,0.678,0.67948,22883
2024-08-28 08:00:00+00:00,0.67958,0.6798,0.6774,0.67787,24217
2024-08-28 12:00:00+00:00,0.67774,0.67945,0.677,0.67804,34104
2024-08-28 16:00:00+00:00,0.67776,0.67816,0.6764,0.67796,24991
2024-08-28 20:00:00+00:00,0.678,0.67865,0.6779,0.67828,12038
2024-08-29 00:00:00+00:00,0.67838,0.68026,0.67838,0.67966,20795
2024-08-29 04:00:00+00:00,0.67976,0.68118,0.67976,0.68118,22342
2024-08-29 08:00:00+00:00,0.68079,0.68237,0.6798,0.68174,27749
2024-08-29 12:00:00+00:00,0.68161,0.68164,0.67857,0.68048,37401
2024-08-29 16:00:00+00:00,0.68057,0.68099,0.6794,0.67974,27249
2024-08-29 20:00:00+00:00,0.67981,0.6804,0.67905,0.67954,9407
2024-08-30 00:00:00+00:00,0.67942,0.68082,0.6789,0.68056,19618
2024-08-30 04:00:00+00:00,0.6805,0.68104,0.6798,0.68082,20620
2024-08-30 08:00:00+00:00,0.68081,0.68162,0.6793,0.67979,20328
2024-08-30 12:00:00+00:00,0.67981,0.68025,0.67584,0.67647,39490
2024-08-30 16:00:00+00:00,0.67617,0.67683,0.675,0.67668,26570
2024-08-30 20:00:00+00:00,0.67672,0.67703,0.67472,0.67472,3783
2024-09-01 20:00:00+00:00,0.67618,0.67726,0.67596,0.6765,2588
2024-09-02 00:00:00+00:00,0.67679,0.67775,0.6757,0.67641,20146
2024-09-02 04:00:00+00:00,0.67629,0.67822,0.6756,0.67785,19501
2024-09-02 08:00:00+00:00,0.67799,0.67852,0.6773,0.67761,19700
2024-09-02 12:00:00+00:00,0.6773,0.67925,0.6772,0.6788,19369
2024-09-02 16:00:00+00:00,0.6788,0.67944,0.6784,0.6792,6607
2024-09-02 20:00:00+00:00,0.67936,0.67936,0.67706,0.67868,7246
2024-09-03 00:00:00+00:00,0.67875,0.67917,0.6741,0.67446,24914
2024-09-03 04:00:00+00:00,0.67431,0.67522,0.6729,0.6747,27153
2024-09-03 08:00:00+00:00,0.67483,0.6751,0.6729,0.67308,25207
2024-09-03 12:00:00+00:00,0.67313,0.6747,0.6712,0.67198,38737
2024-09-03 16:00:00+00:00,0.67199,0.67238,0.6707,0.67124,26622
2024-09-03 20:00:00+00:00,0.67134,0.6715,0.6702,0.67127,12587
2024-09-04 00:00:00+00:00,0.67143,0.67148,0.66865,0.66995,27758
2024-09-04 04:00:00+00:00,0.6701,0.67148,0.66968,0.67077,24275
2024-09-04 08:00:00+00:00,0.6708,0.67199,0.6702,0.67179,22582
2024-09-04 12:00:00+00:00,0.67171,0.67481,0.67099,0.67217,36844
2024-09-04 16:00:00+00:00,0.67203,0.67266,0.67109,0.67208,26440
2024-09-04 20:00:00+00:00,0.67204,0.67252,0.66766,0.67156,9946
2024-09-05 00:00:00+00:00,0.67155,0.67314,0.67144,0.67229,21416
2024-09-05 04:00:00+00:00,0.67221,0.67264,0.6713,0.67187,19606
2024-09-05 08:00:00+00:00,0.67185,0.67329,0.6716,0.67241,22068
2024-09-05 12:00:00+00:00,0.67241,0.67394,0.67192,0.67253,39162
2024-09-05 16:00:00+00:00,0.67259,0.67391,0.67259,0.6732,23894
2024-09-05 20:00:00+00:00,0.67355,0.67412,0.6735,0.67404,9580
2024-09-06 00:00:00+00:00,0.67389,0.6743,0.6726,0.67291,18071
2024-09-06 04:00:00+00:00,0.6728,0.67376,0.6718,0.67348,21717
2024-09-06 08:00:00+00:00,0.67361,0.6741,0.6728,0.67349,21440
2024-09-06 12:00:00+00:00,0.6734,0.67655,0.66729,0.66756,48060
2024-09-06 16:00:00+00:00,0.66733,0.66788,0.66605,0.6674,31931
2024-09-06 20:00:00+00:00,0.66735,0.66742,0.66505,0.66691,4750
2024-09-08 20:00:00+00:00,0.66623,0.66739,0.66623,0.66694,3206
2024-09-09 00:00:00+00:00,0.66695,0.66885,0.6667,0.6681,21471
2024-09-09 04:00:00+00:00,0.66811,0.66838,0.6658,0.66687,21850
2024-09-09 08:00:00+00:00,0.66686,0.66686,0.66477,0.66578,21354
2024-09-09 12:00:00+00:00,0.66589,0.66661,0.6647,0.66617,29226
2024-09-09 16:00:00+00:00,0.66621,0.6673,0.6654,0.66583,21033
2024-09-09 20:00:00+00:00,0.66573,0.66651,0.66502,0.66573,8549
2024-09-10 00:00:00+00:00,0.66568,0.66608,0.6643,0.66583,20363
2024-09-10 04:00:00+00:00,0.6657,0.66728,0.6656,0.66589,19287
2024-09-10 08:00:00+00:00,0.66593,0.66758,0.665,0.66633,20096
2024-09-10 12:00:00+00:00,0.66642,0.66701,0.6639,0.66509,32826
2024-09-10 16:00:00+00:00,0.66487,0.66617,0.6642,0.66582,22227
2024-09-10 20:00:00+00:00,0.66572,0.66581,0.6646,0.66529,9054
2024-09-11 00:00:00+00:00,0.66534,0.66594,0.6644,0.66513,23940
2024-09-11 04:00:00+00:00,0.66506,0.66683,0.66466,0.66624,23074
2024-09-11 08:00:00+00:00,0.66604,0.66732,0.6655,0.66704,21799
2024-09-11 12:00:00+00:00,0.66706,0.66706,0.66221,0.66495,45325
2024-09-11 16:00:00+00:00,0.66482,0.66742,0.66476,0.66731,28269
2024-09-11 20:00:00+00:00,0.66734,0.6679,0.66688,0.66742,9399
2024-09-12 00:00:00+00:00,0.66739,0.66878,0.66709,0.66876,19064
2024-09-12 04:00:00+00:00,0.66866,0.66943,0.66704,0.66704,19107
2024-09-12 08:00:00+00:00,0.66603,0.66856,0.66603,0.66764,22463
2024-09-12 12:00:00+00:00,0.66784,0.66981,0.66723,0.66952,39236
2024-09-12 16:00:00+00:00,0.66949,0.67235,0.6694,0.67231,27795
2024-09-12 20:00:00+00:00,0.67221,0.67279,0.67109,0.6726,10437
2024-09-13 00:00:00+00:00,0.67251,0.67316,0.6721,0.67273,20648
2024-09-13 04:00:00+00:00,0.67272,0.6728,0.67143,0.672,19304
2024-09-13 08:00:00+00:00,0.67188,0.67254,0.66919,0.66969,24628
2024-09-13 12:00:00+00:00,0.66959,0.67221,0.66959,0.67116,33262
2024-09-13 16:00:00+00:00,0.6709,0.67102,0.6699,0.67037,23733
2024-09-13 20:00:00+00:00,0.67035,0.67054,0.66805,0.66805,4064
2024-09-15 20:00:00+00:00,0.669,0.67135,0.669,0.6713,3078
2024-09-16 00:00:00+00:00,0.6712,0.6727,0.6704,0.67269,14104
2024-09-16 04:00:00+00:00,0.67262,0.67298,0.672,0.67276,17780
2024-09-16 08:00:00+00:00,0.67275,0.67476,0.6726,0.67475,19801
2024-09-16 12:00:00+00:00,0.67476,0.67479,0.67318,0.67385,30072
2024-09-16 16:00:00+00:00,0.67396,0.67514,0.6734,0.67514,17451
2024-09-16 20:00:00+00:00,0.67501,0.67534,0.6746,0.67516,8877
2024-09-17 00:00:00+00:00,0.67517,0.67533,0.674,0.67468,16347
2024-09-17 04:00:00+00:00,0.67467,0.67647,0.6739,0.67645,17638
2024-09-17 08:00:00+00:00,0.67645,0.67684,0.6753,0.67633,20390
2024-09-17 12:00:00+00:00,0.6763,0.67672,0.6745,0.67532,36085
2024-09-17 16:00:00+00:00,0.6753,0.67602,0.67452,0.67555,24163
2024-09-17 20:00:00+00:00,0.6755,0.67622,0.67425,0.6758,8343
2024-09-18 00:00:00+00:00,0.67601,0.67729,0.6759,0.67623,16552
2024-09-18 04:00:00+00:00,0.6759,0.67777,0.6749,0.67777,18735
2024-09-18 08:00:00+00:00,0.67763,0.6789,0.6774,0.67859,21083
2024-09-18 12:00:00+00:00,0.67845,0.67875,0.67567,0.67581,28690
2024-09-18 16:00:00+00:00,0.67586,0.68189,0.67434,0.6748,45202
2024-09-18 20:00:00+00:00,0.6749,0.67711,0.67427,0.67658,18857
2024-09-19 00:00:00+00:00,0.67688,0.67929,0.67392,0.67928,35434
2024-09-19 04:00:00+00:00,0.67926,0.68296,0.6784,0.68178,28605
2024-09-19 08:00:00+00:00,0.68205,0.68385,0.6816,0.68198,29152
2024-09-19 12:00:00+00:00,0.6821,0.6823,0.67868,0.68138,41845
2024-09-19 16:00:00+00:00,0.68147,0.68235,0.681,0.68173,23744
2024-09-19 20:00:00+00:00,0.68171,0.68174,0.68005,0.68088,10019
2024-09-20 00:00:00+00:00,0.68105,0.68265,0.68,0.68212,21939
2024-09-20 04:00:00+00:00,0.68232,0.68277,0.68082,0.68135,24132
2024-09-20 08:00:00+00:00,0.68147,0.68148,0.68011,0.68101,22482
2024-09-20 12:00:00+00:00,0.68114,0.68224,0.6782,0.68053,38770
2024-09-20 16:00:00+00:00,0.68056,0.68188,0.6801,0.68076,28464
2024-09-20 20:00:00+00:00,0.68079,0.68079,0.67911,0.67911,4453
2024-09-22 20:00:00+00:00,0.67968,0.68106,0.67965,0.68095,2337
2024-09-23 00:00:00+00:00,0.68108,0.68302,0.6806,0.6824,16860
2024-09-23 04:00:00+00:00,0.6825,0.68356,0.68014,0.68064,27374
2024-09-23 08:00:00+00:00,0.68077,0.68337,0.68,0.68325,26666
2024-09-23 12:00:00+00:00,0.68329,0.68532,0.68242,0.68471,35668
2024-09-23 16:00:00+00:00,0.68454,0.68489,0.6834,0.68433,22239
2024-09-23 20:00:00+00:00,0.68423,0.68423,0.68165,0.6833,9089
2024-09-24 00:00:00+00:00,0.68339,0.68548,0.6823,0.6844,22609
2024-09-24 04:00:00+00:00,0.6844,0.68685,0.6814,0.68241,30507
2024-09-24 08:00:00+00:00,0.68244,0.68511,0.68244,0.68511,24297
2024-09-24 12:00:00+00:00,0.68528,0.68777,0.6851,0.68719,36459
2024-09-24 16:00:00+00:00,0.68726,0.68913,0.68726,0.68913,20381
2024-09-24 20:00:00+00:00,0.6889,0.6906,0.6888,0.69056,11696
2024-09-25 00:00:00+00:00,0.69055,0.69077,0.688,0.68897,26346
2024-09-25 04:00:00+00:00,0.68899,0.6896,0.6873,0.6877,22422
2024-09-25 08:00:00+00:00,0.6876,0.68855,0.687,0.68772,22267
2024-09-25 12:00:00+00:00,0.68777,0.68819,0.6833,0.68363,36792
2024-09-25 16:00:00+00:00,0.68346,0.68371,0.68192,0.68192,13757
2024-09-25 20:00:00+00:00,0.68191,0.68253,0.68155,0.6819,5061
2024-09-26 00:00:00+00:00,0.68201,0.6846,0.682,0.68459,7029
2024-09-26 04:00:00+00:00,0.68446,0.68677,0.684,0.6859,7130
2024-09-26 08:00:00+00:00,0.6859,0.68862,0.68566,0.688,16960
2024-09-26 12:00:00+00:00,0.68796,0.69044,0.68627,0.68996,46552
2024-09-26 16:00:00+00:00,0.68974,0.6902,0.68851,0.68949,29702
2024-09-26 20:00:00+00:00,0.68954,0.68994,0.68806,0.68924,11037
2024-09-27 00:00:00+00:00,0.68901,0.68934,0.6871,0.68796,25275
2024-09-27 04:00:00+00:00,0.68786,0.68861,0.6868,0.68811,30386
2024-09-27 08:00:00+00:00,0.68801,0.68969,0.6879,0.68943,24881
2024-09-27 12:00:00+00:00,0.68949,0.69363,0.6893,0.69107,41197
2024-09-27 16:00:00+00:00,0.69097,0.69135,0.69,0.69056,27052
2024-09-27 20:00:00+00:00,0.69042,0.69053,0.69,0.6901,4202
2024-09-29 20:00:00+00:00,0.69012,0.69196,0.68948,0.69183,3510
2024-09-30 00:00:00+00:00,0.69184,0.69348,0.6912,0.6927,26540
2024-09-30 04:00:00+00:00,0.69305,0.69407,0.6923,0.6928,23199
2024-09-30 08:00:00+00:00,0.69302,0.69327,0.6913,0.69227,25061
2024-09-30 12:00:00+00:00,0.69238,0.69402,0.6918,0.69314,36200
2024-09-30 16:00:00+00:00,0.69324,0.69398,0.69,0.69141,32725
2024-09-30 20:00:00+00:00,0.69115,0.69197,0.68809,0.69152,10461
2024-10-01 00:00:00+00:00,0.69144,0.6934,0.6906,0.69146,21860
2024-10-01 04:00:00+00:00,0.69146,0.69325,0.69017,0.69072,25003
2024-10-01 08:00:00+00:00,0.69061,0.69149,0.68948,0.69074,28327
2024-10-01 12:00:00+00:00,0.69092,0.69129,0.68718,0.68855,47296
2024-10-01 16:00:00+00:00,0.68844,0.68983,0.68568,0.68862,35733
2024-10-01 20:00:00+00:00,0.68859,0.689,0.6877,0.68794,10897
2024-10-02 00:00:00+00:00,0.68824,0.69144,0.68786,0.6906,27244
2024-10-02 04:00:00+00:00,0.69065,0.69086,0.68753,0.68956,30300
2024-10-02 08:00:00+00:00,0.68941,0.6904,0.68899,0.68981,25799
2024-10-02 12:00:00+00:00,0.6898,0.69017,0.68784,0.68944,40197
2024-10-02 16:00:00+00:00,0.68949,0.68979,0.6878,0.68872,25084
2024-10-02 20:00:00+00:00,0.68876,0.68884,0.68793,0.68841,10402
2024-10-03 00:00:00+00:00,0.68844,0.68857,0.686,0.68641,26250
2024-10-03 04:00:00+00:00,0.68631,0.68758,0.6853,0.68636,27481
2024-10-03 08:00:00+00:00,0.68628,0.68628,0.6839,0.68512,27683
2024-10-03 12:00:00+00:00,0.68523,0.68523,0.68305,0.68421,44925
2024-10-03 16:00:00+00:00,0.68431,0.68543,0.684,0.6844,26703
2024-10-03 20:00:00+00:00,0.68438,0.68506,0.68142,0.685,9360
2024-10-04 00:00:00+00:00,0.68518,0.68518,0.6841,0.68472,25388
2024-10-04 04:00:00+00:00,0.68473,0.68495,0.68378,0.68437,23027
2024-10-04 08:00:00+00:00,0.68432,0.68449,0.6834,0.68408,22415
2024-10-04 12:00:00+00:00,0.68411,0.68427,0.67879,0.6794,48058
2024-10-04 16:00:00+00:00,0.67959,0.68032,0.67855,0.68001,24243
2024-10-04 20:00:00+00:00,0.67998,0.67998,0.66536,0.66536,3170
2024-10-06 20:00:00+00:00,0.6785,0.68067,0.67839,0.67973,3918
2024-10-07 00:00:00+00:00,0.67973,0.68076,0.67949,0.68067,21040
2024-10-07 04:00:00+00:00,0.68066,0.6809,0.6787,0.6791,16693
2024-10-07 08:00:00+00:00,0.67911,0.67957,0.67768,0.67932,24171
2024-10-07 12:00:00+00:00,0.6795,0.6798,0.6756,0.67591,37188
2024-10-07 16:00:00+00:00,0.67589,0.67667,0.6744,0.67549,25125
2024-10-07 20:00:00+00:00,0.67556,0.6771,0.6722,0.67552,12595
2024-10-08 00:00:00+00:00,0.67555,0.6769,0.67172,0.67326,38616
2024-10-08 04:00:00+00:00,0.6733,0.67401,0.672,0.67361,29940
2024-10-08 08:00:00+00:00,0.67367,0.67414,0.6721,0.67408,25977
2024-10-08 12:00:00+00:00,0.67418,0.6744,0.67214,0.67371,35422
2024-10-08 16:00:00+00:00,0.67363,0.675,0.6729,0.67485,26070
2024-10-08 20:00:00+00:00,0.67481,0.67484,0.67184,0.6736,10282
2024-10-09 00:00:00+00:00,0.67369,0.67471,0.67262,0.67294,37114
2024-10-09 04:00:00+00:00,0.67297,0.676,0.6722,0.67298,34311
2024-10-09 08:00:00+00:00,0.673,0.67393,0.6724,0.67283,23822
2024-10-09 12:00:00+00:00,0.67297,0.67309,0.6708,0.67239,32405
2024-10-09 16:00:00+00:00,0.67225,0.67231,0.671,0.67136,21787
2024-10-09 20:00:00+00:00,0.67137,0.67194,0.67072,0.67158,8722
2024-10-10 00:00:00+00:00,0.6717,0.6733,0.6712,0.67326,29963
2024-10-10 04:00:00+00:00,0.67326,0.67412,0.6725,0.67284,22838
2024-10-10 08:00:00+00:00,0.67282,0.67282,0.6713,0.67166,21101
2024-10-10 12:00:00+00:00,0.67161,0.67389,0.67137,0.67319,45889
2024-10-10 16:00:00+00:00,0.6733,0.67374,0.67124,0.67374,27629
2024-10-10 20:00:00+00:00,0.6737,0.6743,0.67077,0.67404,8718
2024-10-11 00:00:00+00:00,0.67397,0.67488,0.6735,0.67478,18413
2024-10-11 04:00:00+00:00,0.67465,0.67476,0.67263,0.67425,17006
2024-10-11 08:00:00+00:00,0.67438,0.6744,0.67248,0.67303,22149
2024-10-11 12:00:00+00:00,0.6729,0.67584,0.67276,0.67549,35998
2024-10-11 16:00:00+00:00,0.67541,0.6759,0.6752,0.67533,17276
2024-10-11 20:00:00+00:00,0.67528,0.67551,0.67475,0.67475,2594
2024-10-13 20:00:00+00:00,0.6745,0.6745,0.6745,0.6745,1
2024-10-14 00:00:00+00:00,0.6732,0.67444,0.6723,0.6739,26852
2024-10-14 04:00:00+00:00,0.67395,0.67435,0.6728,0.6728,19393
2024-10-14 08:00:00+00:00,0.67316,0.6734,0.6712,0.67162,21140
2024-10-14 12:00:00+00:00,0.67161,0.67368,0.6702,0.67229,31746
2024-10-14 16:00:00+00:00,0.67219,0.67245,0.6714,0.67224,19106
2024-10-14 20:00:00+00:00,0.67217,0.67268,0.67093,0.6724,5432
2024-10-15 00:00:00+00:00,0.67249,0.67319,0.6714,0.67172,21902
2024-10-15 04:00:00+00:00,0.67174,0.67174,0.67027,0.67075,23960
2024-10-15 08:00:00+00:00,0.67062,0.67171,0.6702,0.67149,23947
2024-10-15 12:00:00+00:00,0.67144,0.67245,0.67023,0.67077,35113
2024-10-15 16:00:00+00:00,0.6704,0.67116,0.6697,0.67003,23283
2024-10-15 20:00:00+00:00,0.67004,0.6707,0.66755,0.66774,11594
2024-10-16 00:00:00+00:00,0.66785,0.67005,0.66689,0.6692,28179
2024-10-16 04:00:00+00:00,0.66927,0.6698,0.6683,0.6689,23465
2024-10-16 08:00:00+00:00,0.66895,0.66929,0.6678,0.66852,22330
2024-10-16 12:00:00+00:00,0.66858,0.66898,0.66592,0.66616,29764
2024-10-16 16:00:00+00:00,0.66614,0.66674,0.6658,0.66653,18125
2024-10-16 20:00:00+00:00,0.66653,0.667,0.6654,0.6661,9074
2024-10-17 00:00:00+00:00,0.66647,0.6709,0.66639,0.66864,29095
2024-10-17 04:00:00+00:00,0.66864,0.66947,0.66722,0.66776,21024
2024-10-17 08:00:00+00:00,0.66794,0.67013,0.6674,0.6694,21169
2024-10-17 12:00:00+00:00,0.66955,0.67071,0.6681,0.67012,40730
2024-10-17 16:00:00+00:00,0.67022,0.67022,0.6692,0.66946,19992
2024-10-17 20:00:00+00:00,0.66951,0.67012,0.66862,0.66991,8409
2024-10-18 00:00:00+00:00,0.67007,0.67173,0.6693,0.67047,26205
2024-10-18 04:00:00+00:00,0.67048,0.67177,0.6698,0.67137,22061
2024-10-18 08:00:00+00:00,0.67141,0.67167,0.6706,0.67117,20569
2024-10-18 12:00:00+00:00,0.67115,0.67192,0.66983,0.6699,27170
2024-10-18 16:00:00+00:00,0.66985,0.67103,0.66981,0.67028,21767
2024-10-18 20:00:00+00:00,0.67026,0.6706,0.67,0.67015,3246
2024-10-20 20:00:00+00:00,0.6708,0.67152,0.6707,0.67135,1914
2024-10-21 00:00:00+00:00,0.67127,0.6723,0.6705,0.67165,23521
2024-10-21 04:00:00+00:00,0.67165,0.6717,0.668,0.66888,20454
2024-10-21 08:00:00+00:00,0.669,0.6693,0.6679,0.66875,19994
2024-10-21 12:00:00+00:00,0.66868,0.66984,0.6654,0.66587,28099
2024-10-21 16:00:00+00:00,0.66581,0.66629,0.6653,0.66577,19462
2024-10-21 20:00:00+00:00,0.6655,0.6665,0.665,0.6652,8449
2024-10-22 00:00:00+00:00,0.66549,0.6685,0.665,0.66839,26404
2024-10-22 04:00:00+00:00,0.66841,0.66922,0.668,0.66816,19082
2024-10-22 08:00:00+00:00,0.66819,0.66878,0.6675,0.66842,20685
2024-10-22 12:00:00+00:00,0.66843,0.66945,0.6677,0.66784,29497
2024-10-22 16:00:00+00:00,0.66779,0.66899,0.6676,0.66811,20713
2024-10-22 20:00:00+00:00,0.66795,0.66848,0.6677,0.66816,8838
2024-10-23 00:00:00+00:00,0.668,0.669,0.6661,0.66801,27319
2024-10-23 04:00:00+00:00,0.66799,0.66799,0.6659,0.66625,20209
2024-10-23 08:00:00+00:00,0.6663,0.66637,0.66357,0.66369,21126
2024-10-23 12:00:00+00:00,0.66361,0.66427,0.6627,0.66309,29610
2024-10-23 16:00:00+00:00,0.66303,0.66335,0.66145,0.66335,26475
2024-10-23 20:00:00+00:00,0.66328,0.66365,0.66256,0.6632,8727
2024-10-24 00:00:00+00:00,0.66341,0.66503,0.6626,0.66456,21551
2024-10-24 04:00:00+00:00,0.6645,0.666,0.6641,0.66566,20977
2024-10-24 08:00:00+00:00,0.66564,0.66607,0.6651,0.66538,19196
2024-10-24 12:00:00+00:00,0.66539,0.66573,0.662,0.66283,31379
2024-10-24 16:00:00+00:00,0.66286,0.66436,0.66216,0.66409,23405
2024-10-24 20:00:00+00:00,0.66404,0.66411,0.6633,0.6634,5321
2024-10-25 00:00:00+00:00,0.66354,0.66383,0.662,0.66226,21379
2024-10-25 04:00:00+00:00,0.66229,0.663,0.6617,0.66284,18711
2024-10-25 08:00:00+00:00,0.6628,0.66366,0.6624,0.6632,18133
2024-10-25 12:00:00+00:00,0.66353,0.66457,0.6619,0.66205,27623
2024-10-25 16:00:00+00:00,0.66193,0.66194,0.6601,0.66031,24242
2024-10-25 20:00:00+00:00,0.66033,0.66052,0.66,0.6603,3311
2024-10-27 20:00:00+00:00,0.6603,0.6614,0.6602,0.66025,2766
2024-10-28 00:00:00+00:00,0.66027,0.66077,0.65811,0.65824,17255
2024-10-28 04:00:00+00:00,0.65825,0.66021,0.65798,0.65984,17150
2024-10-28 08:00:00+00:00,0.65977,0.66101,0.65956,0.66068,17658
2024-10-28 12:00:00+00:00,0.6606,0.66092,0.65857,0.65862,23719
2024-10-28 16:00:00+00:00,0.65877,0.65909,0.6578,0.65832,18933
2024-10-28 20:00:00+00:00,0.65829,0.6586,0.6575,0.65832,8701
2024-10-29 00:00:00+00:00,0.65816,0.65843,0.6563,0.65636,21489
2024-10-29 04:00:00+00:00,0.65622,0.65707,0.656,0.6565,17647
2024-10-29 08:00:00+00:00,0.65636,0.65808,0.65589,0.65624,20711
2024-10-29 12:00:00+00:00,0.6561,0.65686,0.65457,0.6553,32161
2024-10-29 16:00:00+00:00,0.65576,0.65616,0.6549,0.65557,21790
2024-10-29 20:00:00+00:00,0.65568,0.6561,0.6553,0.65581,8190
2024-10-30 00:00:00+00:00,0.65595,0.65706,0.6537,0.65405,21584
2024-10-30 04:00:00+00:00,0.65397,0.65612,0.6537,0.65593,17141
2024-10-30 08:00:00+00:00,0.65623,0.65847,0.6562,0.65755,21175
2024-10-30 12:00:00+00:00,0.65771,0.65955,0.6563,0.65819,34947
2024-10-30 16:00:00+00:00,0.6581,0.65833,0.6572,0.65757,21518
2024-10-30 20:00:00+00:00,0.65737,0.65776,0.6567,0.657,10142
2024-10-31 00:00:00+00:00,0.65746,0.65753,0.6563,0.6571,20229
2024-10-31 04:00:00+00:00,0.65712,0.65777,0.6565,0.65761,18533
2024-10-31 08:00:00+00:00,0.6576,0.65773,0.6561,0.65712,19733
2024-10-31 12:00:00+00:00,0.65711,0.65757,0.6539,0.65494,36190
2024-10-31 16:00:00+00:00,0.65497,0.65801,0.65495,0.65798,25820
2024-10-31 20:00:00+00:00,0.6577,0.6584,0.6575,0.65766,11365
2024-11-01 00:00:00+00:00,0.65758,0.65826,0.6569,0.6577,20878
2024-11-01 04:00:00+00:00,0.65775,0.65796,0.6556,0.65592,17598
2024-11-01 08:00:00+00:00,0.65573,0.65687,0.65573,0.6565,17591
2024-11-01 12:00:00+00:00,0.65666,0.65905,0.65517,0.65826,37994
2024-11-01 16:00:00+00:00,0.658,0.65833,0.65539,0.65561,25532
2024-11-01 20:00:00+00:00,0.65561,0.65594,0.65488,0.65577,3808
2024-11-03 20:00:00+00:00,0.66079,0.661,0.65845,0.65906,3001
2024-11-04 00:00:00+00:00,0.65916,0.66186,0.6585,0.66141,22804
2024-11-04 04:00:00+00:00,0.66138,0.66138,0.65856,0.65856,20621
2024-11-04 08:00:00+00:00,0.65854,0.66048,0.6585,0.66042,22380
2024-11-04 12:00:00+00:00,0.66053,0.66106,0.65901,0.65996,28940
2024-11-04 16:00:00+00:00,0.66003,0.66003,0.65799,0.6587,25397
2024-11-04 20:00:00+00:00,0.6587,0.6589,0.65715,0.65838,11520
2024-11-05 00:00:00+00:00,0.65818,0.65932,0.6577,0.65848,20061
2024-11-05 04:00:00+00:00,0.65843,0.66125,0.65843,0.66098,18385
2024-11-05 08:00:00+00:00,0.6609,0.66254,0.66085,0.66238,16935
2024-11-05 12:00:00+00:00,0.66248,0.66374,0.662,0.66338,25837
2024-11-05 16:00:00+00:00,0.66335,0.66407,0.6628,0.6635,22675
2024-11-05 20:00:00+00:00,0.66321,0.66437,0.66243,0.66398,14415
2024-11-06 00:00:00+00:00,0.66383,0.66409,0.65142,0.65173,54458
2024-11-06 04:00:00+00:00,0.65237,0.65623,0.6518,0.65487,49299
2024-11-06 08:00:00+00:00,0.65489,0.65958,0.65481,0.65565,40025
2024-11-06 12:00:00+00:00,0.65584,0.65795,0.65479,0.65741,47651
2024-11-06 16:00:00+00:00,0.65741,0.65918,0.65634,0.65828,35571
2024-11-06 20:00:00+00:00,0.65836,0.65857,0.65568,0.6566,13917
2024-11-07 00:00:00+00:00,0.65679,0.66222,0.6563,0.66209,29219
2024-11-07 04:00:00+00:00,0.66216,0.66369,0.6616,0.66229,24510
2024-11-07 08:00:00+00:00,0.66218,0.66371,0.66217,0.66308,25224
2024-11-07 12:00:00+00:00,0.66316,0.66876,0.66315,0.66855,38336
2024-11-07 16:00:00+00:00,0.66865,0.66865,0.66539,0.66677,34542
2024-11-07 20:00:00+00:00,0.66668,0.66839,0.66548,0.66748,17957
2024-11-08 00:00:00+00:00,0.66731,0.66754,0.66457,0.66477,24519
2024-11-08 04:00:00+00:00,0.66461,0.66568,0.6645,0.6652,21535
2024-11-08 08:00:00+00:00,0.66534,0.66534,0.6625,0.66332,32586
2024-11-08 12:00:00+00:00,0.66323,0.66323,0.65972,0.66001,35638
2024-11-08 16:00:00+00:00,0.65991,0.65999,0.65585,0.65791,30583
2024-11-08 20:00:00+00:00,0.6576,0.65857,0.6572,0.6582,9053
2024-11-10 20:00:00+00:00,0.6577,0.65863,0.65746,0.65838,2317
2024-11-11 00:00:00+00:00,0.65931,0.65974,0.6583,0.65935,17363
2024-11-11 04:00:00+00:00,0.65948,0.65966,0.65756,0.65827,20724
2024-11-11 08:00:00+00:00,0.6583,0.65894,0.65743,0.65852,25815
2024-11-11 12:00:00+00:00,0.65859,0.65865,0.6564,0.65694,29740
2024-11-11 16:00:00+00:00,0.65703,0.65752,0.6562,0.65682,22490
2024-11-11 20:00:00+00:00,0.65692,0.65786,0.65674,0.65786,10442
2024-11-12 00:00:00+00:00,0.65773,0.6578,0.6549,0.65517,25424
2024-11-12 04:00:00+00:00,0.65524,0.65578,0.6546,0.65506,24471
2024-11-12 08:00:00+00:00,0.65488,0.65533,0.65345,0.65426,27237
2024-11-12 12:00:00+00:00,0.65446,0.65564,0.6534,0.65417,34061
2024-11-12 16:00:00+00:00,0.65427,0.65436,0.6513,0.65311,28790
2024-11-12 20:00:00+00:00,0.6532,0.65393,0.6524,0.65287,12367
2024-11-13 00:00:00+00:00,0.65353,0.65377,0.6532,0.65333,3111
2024-11-13 04:00:00+00:00,0.65336,0.65369,0.652,0.65218,19568
2024-11-13 08:00:00+00:00,0.65206,0.65346,0.6518,0.65277,23014
2024-11-13 12:00:00+00:00,0.65301,0.65435,0.6479,0.64994,45437
2024-11-13 16:00:00+00:00,0.64997,0.64997,0.6481,0.64841,30447
2024-11-13 20:00:00+00:00,0.64857,0.64967,0.6479,0.64934,13539
2024-11-14 00:00:00+00:00,0.64923,0.64956,0.6465,0.64695,25477
2024-11-14 04:00:00+00:00,0.64695,0.64788,0.6459,0.64738,19254
2024-11-14 08:00:00+00:00,0.64747,0.64774,0.6452,0.64677,28417
2024-11-14 12:00:00+00:00,0.64665,0.64861,0.64563,0.64806,40698
2024-11-14 16:00:00+00:00,0.64805,0.64862,0.6467,0.64699,28828
2024-11-14 20:00:00+00:00,0.6462,0.6462,0.64232,0.64552,22533
2024-11-15 00:00:00+00:00,0.64539,0.6467,0.64455,0.64631,24255
2024-11-15 04:00:00+00:00,0.64626,0.64696,0.64548,0.64644,21158
2024-11-15 08:00:00+00:00,0.6463,0.64786,0.64568,0.64747,26211
2024-11-15 12:00:00+00:00,0.64763,0.64792,0.6443,0.64599,39385
2024-11-15 16:00:00+00:00,0.64582,0.64679,0.6453,0.64556,31130
2024-11-15 20:00:00+00:00,0.64548,0.64619,0.64504,0.64583,9883
2024-11-17 20:00:00+00:00,0.64583,0.64646,0.64567,0.64646,2094
2024-11-18 00:00:00+00:00,0.64626,0.64782,0.6462,0.64651,19388
2024-11-18 04:00:00+00:00,0.6463,0.64742,0.64545,0.64566,19399
2024-11-18 08:00:00+00:00,0.64585,0.64635,0.6448,0.64522,25753
2024-11-18 12:00:00+00:00,0.64524,0.64865,0.6448,0.64838,29201
2024-11-18 16:00:00+00:00,0.64843,0.6511,0.6482,0.65045,24978
2024-11-18 20:00:00+00:00,0.65063,0.65087,0.64993,0.65054,11681
2024-11-19 00:00:00+00:00,0.6503,0.65212,0.64961,0.65211,24412
2024-11-19 04:00:00+00:00,0.65215,0.65226,0.6501,0.65104,20803
2024-11-19 08:00:00+00:00,0.65116,0.65175,0.64838,0.6493,37683
2024-11-19 12:00:00+00:00,0.64945,0.65205,0.64929,0.65202,39618
2024-11-19 16:00:00+00:00,0.65204,0.65318,0.65144,0.65303,28171
2024-11-19 20:00:00+00:00,0.65293,0.65413,0.65159,0.65413,14870
2024-11-20 00:00:00+00:00,0.65425,0.6544,0.6523,0.65258,22120
2024-11-20 04:00:00+00:00,0.65258,0.65318,0.65198,0.65205,19986
2024-11-20 08:00:00+00:00,0.65199,0.65224,0.64973,0.65019,25803
2024-11-20 12:00:00+00:00,0.65025,0.65098,0.6483,0.64904,29378
2024-11-20 16:00:00+00:00,0.64928,0.65021,0.64849,0.64959,26962
2024-11-20 20:00:00+00:00,0.64946,0.65121,0.64925,0.65118,12803
2024-11-21 00:00:00+00:00,0.65111,0.65228,0.6504,0.65228,21004
2024-11-21 04:00:00+00:00,0.65219,0.6523,0.6507,0.65124,22777
2024-11-21 08:00:00+00:00,0.65119,0.65237,0.65065,0.65181,28463
2024-11-21 12:00:00+00:00,0.65192,0.65311,0.6514,0.65153,36173
2024-11-21 16:00:00+00:00,0.6516,0.65196,0.6496,0.65157,31208
2024-11-21 20:00:00+00:00,0.6517,0.6517,0.64811,0.65092,11310
2024-11-22 00:00:00+00:00,0.65089,0.6521,0.6507,0.65119,24424
2024-11-22 04:00:00+00:00,0.65129,0.65129,0.6486,0.65044,24625
2024-11-22 08:00:00+00:00,0.65064,0.65166,0.6473,0.65025,41163
2024-11-22 12:00:00+00:00,0.65028,0.65075,0.64918,0.6494,39586
2024-11-22 16:00:00+00:00,0.64936,0.6505,0.64818,0.64974,28379
2024-11-22 20:00:00+00:00,0.64969,0.65026,0.64312,0.64312,9579
2024-11-25 12:00:00+00:00,0.65207,0.65219,0.6498,0.65016,17874
2024-11-25 16:00:00+00:00,0.65028,0.65044,0.6487,0.65033,25044
2024-11-25 20:00:00+00:00,0.6502,0.65065,0.64584,0.6462,14968
2024-11-26 00:00:00+00:00,0.64628,0.64915,0.64347,0.64913,37089
2024-11-26 04:00:00+00:00,0.649,0.65014,0.64754,0.64754,25203
2024-11-26 08:00:00+00:00,0.6475,0.64956,0.6474,0.649,28230
2024-11-26 12:00:00+00:00,0.6489,0.65068,0.64608,0.64661,39036
2024-11-26 16:00:00+00:00,0.6467,0.64678,0.6446,0.64596,31283
2024-11-26 20:00:00+00:00,0.64597,0.64771,0.6457,0.64744,13480
2024-11-27 00:00:00+00:00,0.6472,0.6484,0.6464,0.64803,28044
2024-11-27 04:00:00+00:00,0.64794,0.64909,0.6469,0.64859,23581
2024-11-27 08:00:00+00:00,0.64854,0.64991,0.64735,0.64796,30748
2024-11-27 12:00:00+00:00,0.64791,0.64991,0.6474,0.64929,37298
2024-11-27 16:00:00+00:00,0.64917,0.64995,0.6485,0.64961,30996
2024-11-27 20:00:00+00:00,0.64958,0.65031,0.6491,0.64968,12400
2024-11-28 00:00:00+00:00,0.64954,0.65086,0.6484,0.64879,24111
2024-11-28 04:00:00+00:00,0.64876,0.64917,0.6481,0.64822,20521
2024-11-28 08:00:00+00:00,0.64824,0.65049,0.64778,0.64976,25329
2024-11-28 12:00:00+00:00,0.64973,0.65031,0.6489,0.64997,23796
2024-11-28 16:00:00+00:00,0.6497,0.65035,0.6497,0.65023,10500
2024-11-28 20:00:00+00:00,0.65,0.65069,0.63445,0.65068,7065
2024-11-29 00:00:00+00:00,0.6505,0.65208,0.6501,0.65208,26746
2024-11-29 04:00:00+00:00,0.65207,0.65269,0.6508,0.65167,24121
2024-11-29 08:00:00+00:00,0.65164,0.65166,0.65,0.65075,27016
2024-11-29 12:00:00+00:00,0.65063,0.65163,0.64968,0.6514,31927
2024-11-29 16:00:00+00:00,0.65126,0.65261,0.65079,0.65261,26991
2024-11-29 20:00:00+00:00,0.6526,0.65262,0.63283,0.63283,9469
2024-12-01 20:00:00+00:00,0.65085,0.65132,0.64983,0.65015,2448
2024-12-02 04:00:00+00:00,0.64987,0.65096,0.6489,0.64964,24727
2024-12-02 08:00:00+00:00,0.64962,0.65022,0.6488,0.64909,28094
2024-12-02 12:00:00+00:00,0.64912,0.64944,0.64452,0.64469,36181
2024-12-02 16:00:00+00:00,0.6447,0.64719,0.64432,0.64712,28640
2024-12-02 20:00:00+00:00,0.64712,0.64837,0.64626,0.64746,15296
2024-12-03 00:00:00+00:00,0.64749,0.64805,0.6455,0.64688,25581
2024-12-03 04:00:00+00:00,0.6469,0.64856,0.6465,0.64841,21316
2024-12-03 08:00:00+00:00,0.6489,0.65042,0.6484,0.64901,26167
2024-12-03 12:00:00+00:00,0.64904,0.64904,0.64614,0.64769,34673
2024-12-03 16:00:00+00:00,0.64778,0.64934,0.64699,0.64797,25601
2024-12-03 20:00:00+00:00,0.64791,0.64866,0.64729,0.64848,11638
2024-12-04 00:00:00+00:00,0.64839,0.64881,0.64089,0.6411,29600
2024-12-04 04:00:00+00:00,0.64141,0.64507,0.6412,0.64393,25899
2024-12-04 08:00:00+00:00,0.64401,0.64401,0.6407,0.6411,27962
2024-12-04 12:00:00+00:00,0.6413,0.64373,0.64,0.64334,36175
2024-12-04 16:00:00+00:00,0.64332,0.64427,0.6429,0.64355,27774
2024-12-04 20:00:00+00:00,0.6435,0.64411,0.6426,0.64312,12663
2024-12-05 00:00:00+00:00,0.64327,0.64348,0.6428,0.64348,2712
2024-12-05 04:00:00+00:00,0.6432,0.64475,0.643,0.6447,17211
2024-12-05 08:00:00+00:00,0.64472,0.64519,0.6433,0.64387,21858
2024-12-05 12:00:00+00:00,0.64379,0.64522,0.64237,0.64352,33999
2024-12-05 16:00:00+00:00,0.64354,0.64546,0.6427,0.64527,24900
2024-12-05 20:00:00+00:00,0.64511,0.64544,0.64024,0.64507,11094
2024-12-06 00:00:00+00:00,0.64499,0.64499,0.642,0.64356,23357
2024-12-06 04:00:00+00:00,0.64347,0.64357,0.6421,0.64298,19044
2024-12-06 08:00:00+00:00,0.64298,0.64309,0.6414,0.64159,20821
2024-12-06 12:00:00+00:00,0.64149,0.64429,0.6382,0.63896,42154
2024-12-06 16:00:00+00:00,0.63897,0.6391,0.6372,0.63848,26607
2024-12-06 20:00:00+00:00,0.63854,0.63919,0.6383,0.6388,7236
2024-12-08 20:00:00+00:00,0.6385,0.64015,0.6385,0.63991,1973
2024-12-09 00:00:00+00:00,0.6396,0.64032,0.63843,0.63843,16837
2024-12-09 04:00:00+00:00,0.63843,0.64232,0.6378,0.64232,21144
2024-12-09 08:00:00+00:00,0.64239,0.64499,0.64204,0.64414,25634
2024-12-09 12:00:00+00:00,0.64408,0.64709,0.6438,0.64667,29816
2024-12-09 16:00:00+00:00,0.64666,0.64702,0.6439,0.64439,20808
2024-12-09 20:00:00+00:00,0.6445,0.6445,0.64295,0.6437,11073
2024-12-10 00:00:00+00:00,0.64365,0.64368,0.63805,0.63929,27611
2024-12-10 04:00:00+00:00,0.63951,0.64037,0.63825,0.63825,25078
2024-12-10 08:00:00+00:00,0.63827,0.64021,0.6381,0.63983,24632
2024-12-10 12:00:00+00:00,0.63986,0.63998,0.6368,0.63692,29693
2024-12-10 16:00:00+00:00,0.63698,0.63838,0.63661,0.63815,21569
2024-12-10 20:00:00+00:00,0.63814,0.63833,0.6367,0.63755,11278
2024-12-11 00:00:00+00:00,0.63778,0.63891,0.6376,0.63828,13528
2024-12-11 04:00:00+00:00,0.63826,0.6383,0.63453,0.63499,24006
2024-12-11 08:00:00+00:00,0.63496,0.63638,0.63376,0.63515,27256
2024-12-11 12:00:00+00:00,0.63523,0.6375,0.63515,0.63648,39207
2024-12-11 16:00:00+00:00,0.63638,0.63772,0.6361,0.63703,28014
2024-12-11 20:00:00+00:00,0.63705,0.63832,0.63569,0.6382,12916
2024-12-12 00:00:00+00:00,0.6383,0.64169,0.63703,0.64168,25908
2024-12-12 04:00:00+00:00,0.64172,0.64291,0.641,0.64151,21229
2024-12-12 08:00:00+00:00,0.64166,0.64182,0.63978,0.64025,28483
2024-12-12 12:00:00+00:00,0.64029,0.64039,0.63699,0.63806,42211
2024-12-12 16:00:00+00:00,0.63798,0.63921,0.63631,0.63637,28642
2024-12-12 20:00:00+00:00,0.6364,0.6379,0.63572,0.63709,13867
2024-12-13 00:00:00+00:00,0.63693,0.63717,0.6352,0.63618,23743
2024-12-13 04:00:00+00:00,0.6359,0.63702,0.6354,0.63689,20452
2024-12-13 08:00:00+00:00,0.63681,0.63747,0.6358,0.63706,26001
2024-12-13 12:00:00+00:00,0.63708,0.63826,0.6349,0.63587,29132
2024-12-13 16:00:00+00:00,0.6358,0.63612,0.63536,0.63567,13587
2024-12-13 20:00:00+00:00,0.63567,0.6361,0.6352,0.6361,7761
2024-12-15 20:00:00+00:00,0.6351,0.63677,0.6351,0.63664,1829
2024-12-16 00:00:00+00:00,0.63677,0.63737,0.63618,0.63737,17833
2024-12-16 04:00:00+00:00,0.63735,0.63816,0.63658,0.63698,17322
2024-12-16 08:00:00+00:00,0.63694,0.63745,0.6347,0.6353,22605
2024-12-16 12:00:00+00:00,0.63543,0.63697,0.6346,0.63697,26739
2024-12-16 16:00:00+00:00,0.63703,0.63764,0.63644,0.63683,21420
2024-12-16 20:00:00+00:00,0.63673,0.63765,0.63527,0.63764,11548
2024-12-17 00:00:00+00:00,0.6375,0.63771,0.6359,0.63616,20715
2024-12-17 04:00:00+00:00,0.63622,0.63651,0.6343,0.63503,18302
2024-12-17 08:00:00+00:00,0.63497,0.63498,0.63367,0.6343,21972
2024-12-17 12:00:00+00:00,0.63438,0.63539,0.6336,0.63415,30233
2024-12-17 16:00:00+00:00,0.63422,0.6343,0.63324,0.6334,22439
2024-12-17 20:00:00+00:00,0.63343,0.63391,0.61904,0.63391,10259
2024-12-18 00:00:00+00:00,0.6337,0.63377,0.6315,0.6316,18893
2024-12-18 04:00:00+00:00,0.6315,0.63232,0.6309,0.6315,17542
2024-12-18 08:00:00+00:00,0.63139,0.63158,0.63055,0.63142,21358
2024-12-18 12:00:00+00:00,0.63141,0.63264,0.63049,0.63058,26268
2024-12-18 16:00:00+00:00,0.63053,0.63074,0.62407,0.62407,32765
2024-12-18 20:00:00+00:00,0.62414,0.62416,0.61999,0.6205,29422
2024-12-19 08:00:00+00:00,0.6235,0.62511,0.6235,0.62489,17616
2024-12-19 12:00:00+00:00,0.62504,0.62648,0.62459,0.62533,36454
2024-12-19 16:00:00+00:00,0.62523,0.62616,0.624,0.62424,29806
2024-12-19 20:00:00+00:00,0.62423,0.62454,0.62203,0.623,14083
2024-12-20 00:00:00+00:00,0.62299,0.62329,0.6214,0.6221,24491
2024-12-20 04:00:00+00:00,0.6222,0.62461,0.6218,0.62461,23463
2024-12-20 08:00:00+00:00,0.62438,0.62488,0.6223,0.62262,27298
2024-12-20 12:00:00+00:00,0.62267,0.62558,0.62265,0.62465,36464
2024-12-20 16:00:00+00:00,0.62464,0.6274,0.6243,0.62668,31287
2024-12-20 20:00:00+00:00,0.62652,0.62681,0.62464,0.6249,10357
2024-12-22 20:00:00+00:00,0.62498,0.6257,0.62451,0.62538,2350
2024-12-23 00:00:00+00:00,0.62542,0.62592,0.6243,0.62503,16185
2024-12-23 04:00:00+00:00,0.62515,0.62636,0.6247,0.62492,17619
2024-12-23 08:00:00+00:00,0.62486,0.62645,0.6242,0.62442,22165
2024-12-23 12:00:00+00:00,0.62447,0.62447,0.62193,0.62309,29564
2024-12-23 16:00:00+00:00,0.62321,0.62506,0.62256,0.62482,24242
2024-12-23 20:00:00+00:00,0.62498,0.6252,0.62189,0.62431,13000
2024-12-24 00:00:00+00:00,0.62447,0.62447,0.6223,0.6237,19334
2024-12-24 04:00:00+00:00,0.62389,0.62476,0.6233,0.62404,15804
2024-12-24 08:00:00+00:00,0.62398,0.62443,0.6229,0.623,16788
2024-12-24 12:00:00+00:00,0.62322,0.62409,0.6226,0.6228,22934
2024-12-24 16:00:00+00:00,0.62267,0.62389,0.62215,0.6236,17349
2024-12-24 20:00:00+00:00,0.62376,0.62443,0.61409,0.6236,5536
2024-12-25 00:00:00+00:00,0.6236,0.6252,0.60196,0.6232,985
2024-12-25 04:00:00+00:00,0.623,0.6348,0.58926,0.6243,1152
2024-12-25 08:00:00+00:00,0.6242,0.6242,0.6242,0.6242,7
2024-12-25 12:00:00+00:00,0.6237,0.6237,0.6237,0.6237,88
2024-12-25 16:00:00+00:00,0.6239,0.6239,0.5751,0.5751,20
2024-12-25 20:00:00+00:00,0.56191,0.62464,0.56191,0.62429,4527
2024-12-26 00:00:00+00:00,0.62415,0.6254,0.62405,0.62491,8261
2024-12-26 04:00:00+00:00,0.62476,0.62476,0.62304,0.6235,13313
2024-12-26 08:00:00+00:00,0.62373,0.62373,0.6222,0.62343,15056
2024-12-26 12:00:00+00:00,0.62339,0.62339,0.6216,0.6216,24138
2024-12-26 16:00:00+00:00,0.62173,0.62288,0.62164,0.62214,24954
2024-12-26 20:00:00+00:00,0.62208,0.6229,0.61884,0.6221,13172
2024-12-27 00:00:00+00:00,0.62233,0.62244,0.6213,0.62167,17786
2024-12-27 04:00:00+00:00,0.6217,0.62219,0.62049,0.62217,15051
2024-12-27 08:00:00+00:00,0.62214,0.62255,0.62057,0.62175,20308
2024-12-27 12:00:00+00:00,0.62181,0.62249,0.62,0.62127,27708
2024-12-27 16:00:00+00:00,0.62131,0.62195,0.62005,0.62186,25729
2024-12-27 20:00:00+00:00,0.62172,0.62181,0.62085,0.6216,8951
2024-12-29 20:00:00+00:00,0.62102,0.62335,0.62083,0.62246,1920
2024-12-30 00:00:00+00:00,0.62211,0.62421,0.62199,0.62421,11162
2024-12-30 04:00:00+00:00,0.62414,0.62462,0.6235,0.62377,15193
2024-12-30 08:00:00+00:00,0.6236,0.62428,0.62211,0.62409,20259
2024-12-30 12:00:00+00:00,0.62415,0.62424,0.62028,0.62162,32480
2024-12-30 16:00:00+00:00,0.62167,0.62323,0.62127,0.62236,26266
2024-12-30 20:00:00+00:00,0.62226,0.62284,0.62037,0.62177,12068
2024-12-31 00:00:00+00:00,0.62177,0.62314,0.62107,0.6213,14552
2024-12-31 04:00:00+00:00,0.62128,0.62248,0.6208,0.62211,12996
2024-12-31 08:00:00+00:00,0.62204,0.62208,0.62091,0.62105,21760
2024-12-31 12:00:00+00:00,0.62099,0.62113,0.61904,0.61919,31272
2024-12-31 16:00:00+00:00,0.61907,0.61925,0.61787,0.61844,16705
2024-12-31 20:00:00+00:00,0.61844,0.61844,0.61844,0.61844,1
2025-01-01 20:00:00+00:00,0.61893,0.61943,0.61775,0.61934,5100
2025-01-02 00:00:00+00:00,0.61924,0.62223,0.61881,0.62153,19948
2025-01-02 04:00:00+00:00,0.62154,0.62189,0.62047,0.62047,15460
2025-01-02 08:00:00+00:00,0.62049,0.62202,0.62006,0.62155,24931
2025-01-02 12:00:00+00:00,0.6213,0.62206,0.62044,0.62093,33259
2025-01-02 16:00:00+00:00,0.6209,0.62125,0.61925,0.61933,31773
2025-01-02 20:00:00+00:00,0.61941,0.62079,0.61922,0.62008,11657
2025-01-03 00:00:00+00:00,0.62013,0.62171,0.62,0.62119,16476
2025-01-03 04:00:00+00:00,0.621,0.62209,0.62049,0.62116,17436
2025-01-03 08:00:00+00:00,0.62133,0.62244,0.62045,0.62216,22058
2025-01-03 12:00:00+00:00,0.62221,0.62225,0.61988,0.62051,28230
2025-01-03 16:00:00+00:00,0.62048,0.62203,0.62028,0.6216,22527
2025-01-03 20:00:00+00:00,0.62153,0.62209,0.62123,0.6215,6908
2025-01-05 20:00:00+00:00,0.62088,0.62242,0.6201,0.62203,1837
2025-01-06 00:00:00+00:00,0.62191,0.62388,0.62191,0.62228,16551
2025-01-06 04:00:00+00:00,0.62241,0.62356,0.6219,0.62306,14645
2025-01-06 08:00:00+00:00,0.62295,0.62875,0.6229,0.62855,30828
2025-01-06 12:00:00+00:00,0.62869,0.63009,0.6242,0.62463,45930
2025-01-06 16:00:00+00:00,0.62443,0.62519,0.62345,0.62414,27025
2025-01-06 20:00:00+00:00,0.62423,0.62467,0.6233,0.6236,10781
2025-01-07 00:00:00+00:00,0.62394,0.6261,0.6236,0.62607,19695
2025-01-07 04:00:00+00:00,0.62612,0.6275,0.62565,0.6275,18213
2025-01-07 08:00:00+00:00,0.62757,0.62871,0.62731,0.62765,23187
2025-01-07 12:00:00+00:00,0.62771,0.62841,0.62396,0.62475,30423
2025-01-07 16:00:00+00:00,0.62466,0.62506,0.62347,0.62394,29540
2025-01-07 20:00:00+00:00,0.62389,0.62389,0.6227,0.62341,10762
2025-01-08 00:00:00+00:00,0.6235,0.62421,0.6212,0.6232,18565
2025-01-08 04:00:00+00:00,0.62331,0.62355,0.6221,0.62264,16456
2025-01-08 08:00:00+00:00,0.62287,0.62313,0.61906,0.62006,26735
2025-01-08 12:00:00+00:00,0.62026,0.62119,0.6187,0.62086,39241
2025-01-08 16:00:00+00:00,0.62083,0.62187,0.62015,0.62101,31125
2025-01-08 20:00:00+00:00,0.62118,0.62183,0.6204,0.6207,11226
2025-01-09 00:00:00+00:00,0.62114,0.62116,0.61982,0.61991,18251
2025-01-09 04:00:00+00:00,0.61991,0.62011,0.61816,0.61816,18701
2025-01-09 08:00:00+00:00,0.61807,0.62029,0.6173,0.61995,25975
2025-01-09 12:00:00+00:00,0.61986,0.62039,0.61912,0.6192,23610
2025-01-09 16:00:00+00:00,0.6192,0.6199,0.61898,0.6197,13989
2025-01-09 20:00:00+00:00,0.61979,0.61995,0.61753,0.61894,7839
2025-01-10 00:00:00+00:00,0.61925,0.62055,0.6187,0.61958,16055
2025-01-10 04:00:00+00:00,0.61973,0.61993,0.6185,0.61931,15620
2025-01-10 08:00:00+00:00,0.6192,0.61952,0.6181,0.61881,20160
2025-01-10 12:00:00+00:00,0.61877,0.61911,0.6141,0.61555,44239
2025-01-10 16:00:00+00:00,0.61536,0.61558,0.61409,0.61473,31482
2025-01-10 20:00:00+00:00,0.61463,0.61474,0.614,0.6143,9543
2025-01-12 20:00:00+00:00,0.61416,0.61582,0.61406,0.61535,2053
2025-01-13 00:00:00+00:00,0.61447,0.61449,0.61411,0.61424,1455
2025-01-13 04:00:00+00:00,0.61438,0.61479,0.613,0.61459,17605
2025-01-13 08:00:00+00:00,0.61453,0.6156,0.61372,0.61454,28564
2025-01-13 12:00:00+00:00,0.61459,0.61572,0.6137,0.61498,31716
2025-01-13 16:00:00+00:00,0.61494,0.61621,0.61467,0.61545,22450
2025-01-13 20:00:00+00:00,0.61546,0.62023,0.61546,0.6191,15607
2025-01-14 20:00:00+00:00,0.619,0.61908,0.619,0.61908,136
2025-01-15 00:00:00+00:00,0.6191,0.61945,0.61816,0.61939,15311
2025-01-15 04:00:00+00:00,0.61939,0.62049,0.6184,0.62028,15310
2025-01-15 08:00:00+00:00,0.62027,0.6211,0.61953,0.62025,20204
2025-01-15 12:00:00+00:00,0.62018,0.6246,0.6194,0.6226,37109
2025-01-15 16:00:00+00:00,0.62266,0.62282,0.62106,0.62281,24581
2025-01-15 20:00:00+00:00,0.62274,0.62358,0.62075,0.62353,10351
2025-01-16 00:00:00+00:00,0.62344,0.62407,0.6206,0.62106,21343
2025-01-16 04:00:00+00:00,0.62111,0.62185,0.6195,0.62175,18004
2025-01-16 08:00:00+00:00,0.62174,0.62192,0.62095,0.62125,19834
2025-01-16 12:00:00+00:00,0.62117,0.62237,0.61924,0.6218,34848
2025-01-16 16:00:00+00:00,0.62201,0.6228,0.6208,0.62122,28538
2025-01-16 20:00:00+00:00,0.62109,0.62135,0.61987,0.62095,10465
2025-01-17 00:00:00+00:00,0.62082,0.62193,0.6206,0.62131,16961
2025-01-17 04:00:00+00:00,0.62133,0.62133,0.61953,0.62079,15713
2025-01-17 08:00:00+00:00,0.621,0.62131,0.61959,0.61977,19756
2025-01-17 12:00:00+00:00,0.61979,0.6226,0.6165,0.62186,37210
2025-01-17 16:00:00+00:00,0.62184,0.62193,0.61954,0.6199,21742
2025-01-17 20:00:00+00:00,0.61992,0.61999,0.6188,0.6188,8154
2025-01-19 20:00:00+00:00,0.6196,0.61979,0.61898,0.61971,1735
2025-01-20 08:00:00+00:00,0.62006,0.62067,0.61974,0.62042,11871
2025-01-20 12:00:00+00:00,0.62049,0.62851,0.6199,0.62573,41747
2025-01-20 16:00:00+00:00,0.62548,0.6276,0.62344,0.62735,21644
2025-01-20 20:00:00+00:00,0.62745,0.62823,0.6217,0.628,16543
2025-01-21 00:00:00+00:00,0.62786,0.62882,0.62109,0.62486,37659
2025-01-21 04:00:00+00:00,0.62498,0.62552,0.62297,0.6236,19432
2025-01-21 08:00:00+00:00,0.62351,0.62385,0.6215,0.62191,26660
2025-01-21 12:00:00+00:00,0.62186,0.62615,0.6216,0.62585,37139
2025-01-21 16:00:00+00:00,0.62576,0.62754,0.6256,0.62654,24635
2025-01-21 20:00:00+00:00,0.62638,0.62753,0.62634,0.627,6755
2025-01-22 00:00:00+00:00,0.62639,0.62765,0.6259,0.62643,20126
2025-01-22 04:00:00+00:00,0.62647,0.62688,0.6252,0.62585,17901
2025-01-22 08:00:00+00:00,0.6257,0.62952,0.6257,0.6283,26847
2025-01-22 12:00:00+00:00,0.62845,0.62906,0.62666,0.62721,30828
2025-01-22 16:00:00+00:00,0.62704,0.62811,0.62636,0.62782,19948
2025-01-22 20:00:00+00:00,0.62772,0.62803,0.62609,0.62728,10902
2025-01-23 00:00:00+00:00,0.62727,0.62815,0.62678,0.62735,19424
2025-01-23 04:00:00+00:00,0.62735,0.62764,0.62619,0.62671,16604
2025-01-23 08:00:00+00:00,0.62675,0.62715,0.6254,0.62647,19966
2025-01-23 12:00:00+00:00,0.62637,0.62779,0.62598,0.62723,27419
2025-01-23 16:00:00+00:00,0.6271,0.62995,0.62599,0.62885,30792
2025-01-23 20:00:00+00:00,0.62857,0.6292,0.6279,0.62826,11484
2025-01-24 00:00:00+00:00,0.62808,0.632,0.6279,0.63191,25348
2025-01-24 04:00:00+00:00,0.63178,0.63298,0.6312,0.63142,25078
2025-01-24 08:00:00+00:00,0.63136,0.63302,0.631,0.63138,28076
2025-01-24 12:00:00+00:00,0.63127,0.63239,0.63018,0.63235,31676
2025-01-24 16:00:00+00:00,0.63225,0.6326,0.631,0.63139,22609
2025-01-24 20:00:00+00:00,0.63123,0.63155,0.6307,0.6312,7921
2025-01-26 20:00:00+00:00,0.62955,0.63041,0.62906,0.62927,2194
2025-01-27 00:00:00+00:00,0.62926,0.63013,0.62828,0.62961,19341
2025-01-27 04:00:00+00:00,0.62958,0.62972,0.62783,0.62783,20002
2025-01-27 08:00:00+00:00,0.62776,0.63026,0.62776,0.62989,35610
2025-01-27 12:00:00+00:00,0.63016,0.63071,0.62756,0.62845,36356
2025-01-27 16:00:00+00:00,0.62821,0.62847,0.6274,0.62842,25510
2025-01-27 20:00:00+00:00,0.62838,0.62955,0.6258,0.62588,17854
2025-01-28 00:00:00+00:00,0.6263,0.62731,0.6251,0.62517,25962
2025-01-28 04:00:00+00:00,0.62523,0.62577,0.6246,0.62517,16339
2025-01-28 08:00:00+00:00,0.62502,0.62564,0.62437,0.62469,23984
2025-01-28 12:00:00+00:00,0.62462,0.62543,0.6238,0.62441,28362
2025-01-28 16:00:00+00:00,0.62457,0.62553,0.6243,0.62541,21237
2025-01-28 20:00:00+00:00,0.6251,0.62559,0.623,0.62513,9892
2025-01-29 00:00:00+00:00,0.625,0.62551,0.62275,0.6234,16593
2025-01-29 04:00:00+00:00,0.62355,0.62494,0.6233,0.62364,16312
2025-01-29 08:00:00+00:00,0.62386,0.62403,0.62229,0.62261,21423
2025-01-29 12:00:00+00:00,0.62249,0.62289,0.62104,0.62265,29084
2025-01-29 16:00:00+00:00,0.62275,0.62376,0.62159,0.62313,35773
2025-01-29 20:00:00+00:00,0.62322,0.62401,0.62015,0.6236,17387
2025-01-30 00:00:00+00:00,0.62383,0.62431,0.62309,0.62318,11564
2025-01-30 04:00:00+00:00,0.6232,0.62333,0.6213,0.62227,14921
2025-01-30 08:00:00+00:00,0.62229,0.62334,0.62223,0.62265,23056
2025-01-30 12:00:00+00:00,0.62262,0.62381,0.62216,0.6233,33692
2025-01-30 16:00:00+00:00,0.62336,0.62386,0.62249,0.62375,21209
2025-01-30 20:00:00+00:00,0.62373,0.62393,0.62005,0.62136,17585
2025-01-31 00:00:00+00:00,0.62136,0.6224,0.62052,0.62199,13273
2025-01-31 04:00:00+00:00,0.62194,0.6235,0.6216,0.62342,16223
2025-01-31 08:00:00+00:00,0.62349,0.62369,0.6209,0.62126,22246
2025-01-31 12:00:00+00:00,0.62133,0.62385,0.62107,0.62374,31357
2025-01-31 16:00:00+00:00,0.62357,0.62606,0.6208,0.62147,43245
2025-01-31 20:00:00+00:00,0.62132,0.62218,0.62032,0.6208,16773
2025-02-02 20:00:00+00:00,0.61495,0.61629,0.61377,0.61413,5431
2025-02-03 04:00:00+00:00,0.61214,0.61424,0.61168,0.6135,19829
2025-02-03 08:00:00+00:00,0.61335,0.6149,0.61335,0.61473,31261
2025-02-03 12:00:00+00:00,0.61475,0.61948,0.61425,0.61948,46534
2025-02-03 16:00:00+00:00,0.61948,0.6196,0.61696,0.61826,45051
2025-02-03 20:00:00+00:00,0.61842,0.62319,0.6182,0.62171,18787
2025-02-04 08:00:00+00:00,0.62037,0.62153,0.61987,0.62065,26262
2025-02-04 12:00:00+00:00,0.6206,0.62531,0.62051,0.62485,32934
2025-02-04 16:00:00+00:00,0.62488,0.62609,0.62433,0.62598,26157
2025-02-04 20:00:00+00:00,0.62588,0.62613,0.6248,0.62491,10426
2025-02-05 00:00:00+00:00,0.62518,0.62594,0.6238,0.62501,16825
2025-02-05 04:00:00+00:00,0.62502,0.62708,0.62459,0.62698,19626
2025-02-05 08:00:00+00:00,0.62703,0.62897,0.62703,0.62814,25919
2025-02-05 12:00:00+00:00,0.628,0.62958,0.6275,0.62939,32975
2025-02-05 16:00:00+00:00,0.62919,0.62964,0.62844,0.62854,21217
2025-02-05 20:00:00+00:00,0.62848,0.62874,0.62797,0.62838,10590
2025-02-06 00:00:00+00:00,0.62845,0.62867,0.62618,0.62642,13929
2025-02-06 04:00:00+00:00,0.62653,0.62713,0.6261,0.62628,16743
2025-02-06 08:00:00+00:00,0.62621,0.62675,0.6254,0.62649,20744
2025-02-06 12:00:00+00:00,0.62632,0.62796,0.62578,0.62796,30352
2025-02-06 16:00:00+00:00,0.62795,0.62877,0.62762,0.62801,20300
2025-02-06 20:00:00+00:00,0.62801,0.62854,0.6274,0.62811,9191
2025-02-07 00:00:00+00:00,0.6282,0.62952,0.6279,0.62871,12729
2025-02-07 04:00:00+00:00,0.62869,0.62894,0.6277,0.62869,14052
2025-02-07 08:00:00+00:00,0.62875,0.62973,0.628,0.62821,17113
2025-02-07 12:00:00+00:00,0.62815,0.6298,0.626,0.62749,36857
2025-02-07 16:00:00+00:00,0.62712,0.62778,0.62583,0.62725,37856
2025-02-07 20:00:00+00:00,0.62716,0.62739,0.62656,0.62698,9718
2025-02-09 20:00:00+00:00,0.62329,0.62607,0.62324,0.62577,3381
2025-02-10 00:00:00+00:00,0.62596,0.62679,0.62523,0.62679,14930
2025-02-10 04:00:00+00:00,0.62687,0.62794,0.6268,0.62729,16434
2025-02-10 08:00:00+00:00,0.62737,0.62838,0.62675,0.62737,21128
2025-02-10 12:00:00+00:00,0.62745,0.62872,0.62687,0.6284,22507
2025-02-10 16:00:00+00:00,0.62845,0.62854,0.6273,0.62794,16999
2025-02-10 20:00:00+00:00,0.62799,0.6282,0.6265,0.62697,8956
2025-02-11 00:00:00+00:00,0.62699,0.62744,0.626,0.6269,13470
2025-02-11 04:00:00+00:00,0.62695,0.62832,0.62695,0.62795,16173
2025-02-11 08:00:00+00:00,0.62807,0.62863,0.6268,0.62738,21165
2025-02-11 12:00:00+00:00,0.62735,0.6289,0.62718,0.6288,25973
2025-02-11 16:00:00+00:00,0.62882,0.62984,0.6286,0.62931,19864
2025-02-11 20:00:00+00:00,0.62939,0.62992,0.62864,0.62967,10410
2025-02-12 00:00:00+00:00,0.62955,0.63092,0.6287,0.62993,13614
2025-02-12 04:00:00+00:00,0.62991,0.63006,0.6286,0.6288,16769
2025-02-12 08:00:00+00:00,0.62878,0.62912,0.62723,0.62784,22240
2025-02-12 12:00:00+00:00,0.62779,0.62796,0.62371,0.62745,38583
2025-02-12 16:00:00+00:00,0.62745,0.63057,0.62617,0.6284,32587
2025-02-12 20:00:00+00:00,0.62855,0.62889,0.6275,0.62813,11211
2025-02-13 00:00:00+00:00,0.62825,0.62903,0.6274,0.62895,15212
2025-02-13 04:00:00+00:00,0.62915,0.62986,0.62805,0.62835,22811
2025-02-13 08:00:00+00:00,0.62834,0.62834,0.62594,0.62631,23483
2025-02-13 12:00:00+00:00,0.62624,0.62977,0.62555,0.6297,35566
2025-02-13 16:00:00+00:00,0.62967,0.63084,0.62726,0.63021,31800
2025-02-13 20:00:00+00:00,0.63009,0.63221,0.63009,0.63166,10844
2025-02-14 00:00:00+00:00,0.63161,0.63269,0.63102,0.63226,15255
2025-02-14 04:00:00+00:00,0.63222,0.63302,0.6315,0.63283,19440
2025-02-14 08:00:00+00:00,0.63295,0.63451,0.63295,0.63394,22906
2025-02-14 12:00:00+00:00,0.63376,0.63669,0.6332,0.63624,30464
2025-02-14 16:00:00+00:00,0.63616,0.63647,0.6353,0.63583,18387
2025-02-14 20:00:00+00:00,0.63577,0.63577,0.63486,0.635,7730
2025-02-16 20:00:00+00:00,0.63427,0.63562,0.63427,0.63559,2381
2025-02-17 00:00:00+00:00,0.63563,0.63707,0.6353,0.63651,16994
2025-02-17 04:00:00+00:00,0.63652,0.63738,0.6361,0.63622,19904
2025-02-17 08:00:00+00:00,0.63633,0.63673,0.6356,0.63655,20068
2025-02-17 12:00:00+00:00,0.63652,0.63688,0.636,0.6365,16618
2025-02-17 16:00:00+00:00,0.63652,0.63687,0.6354,0.63587,13677
2025-02-17 20:00:00+00:00,0.63585,0.63614,0.6349,0.6355,12316
2025-02-18 00:00:00+00:00,0.63555,0.63645,0.63354,0.63499,17119
2025-02-18 04:00:00+00:00,0.6349,0.63641,0.63404,0.63547,20113
2025-02-18 08:00:00+00:00,0.63554,0.63621,0.63539,0.63572,19246
2025-02-18 12:00:00+00:00,0.63574,0.63591,0.634,0.63519,25530
2025-02-18 16:00:00+00:00,0.63519,0.63536,0.6342,0.63487,18119
2025-02-18 20:00:00+00:00,0.63481,0.63544,0.63472,0.63521,10044
2025-02-19 00:00:00+00:00,0.63503,0.63657,0.6341,0.6362,15734
2025-02-19 04:00:00+00:00,0.63621,0.63697,0.6357,0.63631,16254
2025-02-19 08:00:00+00:00,0.63634,0.63644,0.63442,0.63479,20268
2025-02-19 12:00:00+00:00,0.63472,0.63649,0.6344,0.63494,26916
2025-02-19 16:00:00+00:00,0.63488,0.63516,0.6336,0.63486,22465
2025-02-19 20:00:00+00:00,0.63484,0.63494,0.6335,0.63403,10544
2025-02-20 00:00:00+00:00,0.634,0.63608,0.63296,0.63587,19365
2025-02-20 04:00:00+00:00,0.63588,0.63701,0.6356,0.6365,21087
2025-02-20 08:00:00+00:00,0.63648,0.63808,0.63648,0.63705,22328
2025-02-20 12:00:00+00:00,0.63704,0.63948,0.63702,0.63941,35710
2025-02-20 16:00:00+00:00,0.63935,0.64035,0.63906,0.64,26524
2025-02-20 20:00:00+00:00,0.64016,0.6408,0.63883,0.64019,10003
2025-02-21 00:00:00+00:00,0.64023,0.64076,0.6389,0.64012,19171
2025-02-21 04:00:00+00:00,0.64006,0.64027,0.63855,0.63899,23024
2025-02-21 08:00:00+00:00,0.63906,0.63923,0.63816,0.6385,24876
2025-02-21 12:00:00+00:00,0.63873,0.63917,0.63704,0.63745,31886
2025-02-21 16:00:00+00:00,0.6376,0.63769,0.63523,0.63539,30238
2025-02-21 20:00:00+00:00,0.63538,0.63583,0.6353,0.6355,10898
2025-02-23 20:00:00+00:00,0.63588,0.63736,0.63549,0.63686,2872
2025-02-24 00:00:00+00:00,0.63677,0.63913,0.63609,0.63833,21955
2025-02-24 04:00:00+00:00,0.63842,0.63842,0.63662,0.63711,24321
2025-02-24 08:00:00+00:00,0.63712,0.63734,0.63605,0.63667,28832
2025-02-24 12:00:00+00:00,0.63663,0.63712,0.63444,0.63542,32505
2025-02-24 16:00:00+00:00,0.63546,0.63648,0.63519,0.63566,27707
2025-02-24 20:00:00+00:00,0.63568,0.6358,0.63367,0.63384,12777
2025-02-25 04:00:00+00:00,0.63526,0.63561,0.63373,0.63373,20305
2025-02-25 08:00:00+00:00,0.63358,0.63452,0.6326,0.63447,26711
2025-02-25 12:00:00+00:00,0.63443,0.63512,0.63269,0.63334,35961
2025-02-25 16:00:00+00:00,0.63341,0.63449,0.63227,0.63421,32565
2025-02-25 20:00:00+00:00,0.63427,0.63531,0.63333,0.63511,14250
2025-02-26 04:00:00+00:00,0.63334,0.63334,0.63268,0.63269,3486
2025-02-26 08:00:00+00:00,0.63279,0.6334,0.63118,0.63138,25675
2025-02-26 12:00:00+00:00,0.63134,0.63184,0.63002,0.63157,33242
2025-02-26 16:00:00+00:00,0.63174,0.63302,0.63026,0.63081,36604
2025-02-26 20:00:00+00:00,0.63082,0.63136,0.62962,0.63088,13592
2025-02-27 00:00:00+00:00,0.63055,0.63095,0.62928,0.62928,20571
2025-02-27 04:00:00+00:00,0.62905,0.63035,0.6285,0.62974,25040
2025-02-27 08:00:00+00:00,0.62976,0.63042,0.6294,0.62993,26225
2025-02-27 12:00:00+00:00,0.62983,0.63024,0.6249,0.62551,45083
2025-02-27 16:00:00+00:00,0.62551,0.62574,0.62408,0.62427,33482
2025-02-27 20:00:00+00:00,0.62428,0.62428,0.6229,0.62312,14952
2025-02-28 04:00:00+00:00,0.62097,0.6214,0.62095,0.62129,4074
2025-02-28 08:00:00+00:00,0.62127,0.622,0.6211,0.62178,22093
2025-02-28 12:00:00+00:00,0.62185,0.62216,0.62064,0.62186,33311
2025-02-28 16:00:00+00:00,0.6218,0.6218,0.61928,0.61979,38395
2025-02-28 20:00:00+00:00,0.6197,0.62086,0.61969,0.62032,13497
2025-03-02 20:00:00+00:00,0.62068,0.62233,0.62068,0.62197,2895
2025-03-03 00:00:00+00:00,0.62213,0.62303,0.62107,0.62178,18430
2025-03-03 04:00:00+00:00,0.62171,0.62231,0.62084,0.62174,21045
2025-03-03 08:00:00+00:00,0.62165,0.62263,0.62112,0.62224,25371
2025-03-03 12:00:00+00:00,0.62236,0.62512,0.62236,0.62409,35790
2025-03-03 16:00:00+00:00,0.62415,0.62494,0.62215,0.62215,32941
2025-03-03 20:00:00+00:00,0.62176,0.62269,0.62038,0.62153,20531
2025-03-04 08:00:00+00:00,0.62171,0.62369,0.62171,0.62366,21576
2025-03-04 12:00:00+00:00,0.62362,0.62434,0.61969,0.62067,46470
2025-03-04 16:00:00+00:00,0.62067,0.62465,0.61992,0.6246,46633
2025-03-04 20:00:00+00:00,0.62479,0.62775,0.62476,0.62675,21290
2025-03-05 00:00:00+00:00,0.62663,0.62672,0.62355,0.62503,25917
2025-03-05 04:00:00+00:00,0.62484,0.62788,0.6247,0.62727,28624
2025-03-05 08:00:00+00:00,0.62716,0.62896,0.6268,0.62794,35431
2025-03-05 12:00:00+00:00,0.6279,0.63203,0.62765,0.63056,50045
2025-03-05 16:00:00+00:00,0.6303,0.63408,0.6301,0.63389,41975
2025-03-05 20:00:00+00:00,0.63401,0.63418,0.63239,0.63365,14179
2025-03-06 00:00:00+00:00,0.6336,0.63565,0.63294,0.63389,18978
2025-03-06 04:00:00+00:00,0.6339,0.63478,0.63318,0.63322,23359
2025-03-06 08:00:00+00:00,0.63305,0.63446,0.63225,0.63347,35694
2025-03-06 12:00:00+00:00,0.63354,0.63549,0.63295,0.63499,44672
2025-03-06 16:00:00+00:00,0.63501,0.63597,0.63298,0.63356,41582
2025-03-06 20:00:00+00:00,0.63349,0.63394,0.63277,0.63312,14755
2025-03-07 00:00:00+00:00,0.63305,0.63366,0.63002,0.63026,19496
2025-03-07 04:00:00+00:00,0.63033,0.6312,0.62977,0.63093,24304
2025-03-07 08:00:00+00:00,0.6308,0.63212,0.62939,0.62953,30409
2025-03-07 12:00:00+00:00,0.62962,0.63163,0.62844,0.63124,49166
2025-03-07 16:00:00+00:00,0.63122,0.63122,0.62846,0.63086,42265
2025-03-07 20:00:00+00:00,0.63092,0.63122,0.63016,0.6305,11142
2025-03-09 20:00:00+00:00,0.63048,0.63088,0.62961,0.63027,5280
2025-03-10 00:00:00+00:00,0.63016,0.63188,0.63001,0.63049,19400
2025-03-10 04:00:00+00:00,0.63052,0.63232,0.63049,0.63222,24176
2025-03-10 08:00:00+00:00,0.63209,0.63289,0.63106,0.63244,35366
2025-03-10 12:00:00+00:00,0.63255,0.63303,0.6302,0.63065,40930
2025-03-10 16:00:00+00:00,0.63064,0.63069,0.62646,0.62821,35685
2025-03-10 20:00:00+00:00,0.62838,0.62845,0.6269,0.62799,9593
2025-03-11 00:00:00+00:00,0.6277,0.62835,0.627,0.62738,10677
2025-03-11 04:00:00+00:00,0.6273,0.62879,0.626,0.6285,29792
2025-03-11 08:00:00+00:00,0.62841,0.62966,0.62795,0.6289,33702
2025-03-11 12:00:00+00:00,0.629,0.62974,0.62672,0.62843,48027
2025-03-11 16:00:00+00:00,0.62838,0.63101,0.6277,0.62982,43598
2025-03-11 20:00:00+00:00,0.62976,0.62992,0.62816,0.62951,7738
2025-03-12 00:00:00+00:00,0.62969,0.6297,0.62836,0.62838,16932
2025-03-12 04:00:00+00:00,0.62831,0.62941,0.6276,0.62877,22935
2025-03-12 08:00:00+00:00,0.62872,0.63003,0.6284,0.62862,29279
2025-03-12 12:00:00+00:00,0.62858,0.63094,0.62787,0.63053,46858
2025-03-12 16:00:00+00:00,0.63052,0.63192,0.63052,0.63166,33208
2025-03-12 20:00:00+00:00,0.63169,0.63281,0.63146,0.63281,7587
2025-03-13 00:00:00+00:00,0.63276,0.63324,0.63141,0.63141,16451
2025-03-13 04:00:00+00:00,0.63137,0.63166,0.62879,0.62947,25225
2025-03-13 08:00:00+00:00,0.62943,0.63001,0.6284,0.62868,28600
2025-03-13 12:00:00+00:00,0.62847,0.62961,0.62699,0.62873,41866
2025-03-13 16:00:00+00:00,0.62876,0.62953,0.62761,0.62834,32933
2025-03-13 20:00:00+00:00,0.62842,0.62881,0.62768,0.62855,8447
2025-03-14 00:00:00+00:00,0.6285,0.62922,0.6276,0.62921,17838
2025-03-14 04:00:00+00:00,0.62923,0.63054,0.6287,0.63037,21075
2025-03-14 08:00:00+00:00,0.63013,0.63103,0.62985,0.63058,26615
2025-03-14 12:00:00+00:00,0.63073,0.63248,0.63073,0.63171,32553
2025-03-14 16:00:00+00:00,0.63163,0.6327,0.63152,0.63261,22905
2025-03-14 20:00:00+00:00,0.63246,0.63312,0.63205,0.63205,3404
2025-03-16 20:00:00+00:00,0.63214,0.63328,0.63137,0.63249,3332
2025-03-17 00:00:00+00:00,0.6325,0.63374,0.63225,0.63283,12504
2025-03-17 04:00:00+00:00,0.63292,0.63383,0.63217,0.63379,17878
2025-03-17 08:00:00+00:00,0.63365,0.63536,0.63363,0.63504,23462
2025-03-17 12:00:00+00:00,0.63512,0.63745,0.6342,0.63728,32558
2025-03-17 16:00:00+00:00,0.63736,0.63907,0.63726,0.6383,17719
2025-03-17 20:00:00+00:00,0.63863,0.63877,0.6379,0.63805,6557
2025-03-18 00:00:00+00:00,0.63811,0.63878,0.6366,0.63693,13957
2025-03-18 04:00:00+00:00,0.63697,0.63854,0.63671,0.63802,16212
2025-03-18 08:00:00+00:00,0.63815,0.63905,0.63648,0.63682,19640
2025-03-18 12:00:00+00:00,0.63674,0.63719,0.63446,0.63543,28252
2025-03-18 16:00:00+00:00,0.63538,0.63639,0.63532,0.6362,22808
2025-03-18 20:00:00+00:00,0.63624,0.63629,0.6356,0.63613,5742
2025-03-19 00:00:00+00:00,0.63607,0.63661,0.6355,0.63593,11405
2025-03-19 04:00:00+00:00,0.6359,0.63599,0.63301,0.63309,17286
2025-03-19 08:00:00+00:00,0.63339,0.63404,0.6321,0.63356,24582
2025-03-19 12:00:00+00:00,0.63364,0.63392,0.63233,0.63301,27235
2025-03-19 16:00:00+00:00,0.63313,0.63625,0.632,0.63496,32106
2025-03-19 20:00:00+00:00,0.63509,0.63628,0.6348,0.63628,7763
2025-03-20 00:00:00+00:00,0.63619,0.6363,0.63284,0.63446,17561
2025-03-20 04:00:00+00:00,0.6342,0.63469,0.63136,0.63209,19093
2025-03-20 08:00:00+00:00,0.63213,0.63235,0.62832,0.62873,26904
2025-03-20 12:00:00+00:00,0.62872,0.62995,0.62729,0.62995,30784
2025-03-20 16:00:00+00:00,0.62994,0.63057,0.62903,0.63048,23697
2025-03-20 20:00:00+00:00,0.63044,0.63053,0.6294,0.63019,6631
2025-03-21 00:00:00+00:00,0.63027,0.63052,0.62865,0.62917,12142
2025-03-21 04:00:00+00:00,0.62918,0.63002,0.6284,0.62953,16044
2025-03-21 08:00:00+00:00,0.62953,0.62973,0.6282,0.62924,21913
2025-03-21 12:00:00+00:00,0.62942,0.62982,0.62589,0.62633,30394
2025-03-21 16:00:00+00:00,0.62615,0.62792,0.62615,0.6275,20436
2025-03-21 20:00:00+00:00,0.62737,0.62746,0.62655,0.62655,2332
2025-03-23 20:00:00+00:00,0.62639,0.62884,0.6263,0.62884,3195
2025-03-24 00:00:00+00:00,0.62857,0.62944,0.62756,0.62767,13527
2025-03-24 04:00:00+00:00,0.62759,0.62946,0.627,0.62913,16518
2025-03-24 08:00:00+00:00,0.62929,0.63051,0.62926,0.62926,20444
2025-03-24 12:00:00+00:00,0.6293,0.62973,0.62785,0.62785,26596
2025-03-24 16:00:00+00:00,0.62795,0.62867,0.6267,0.62825,21660
2025-03-24 20:00:00+00:00,0.62826,0.62876,0.62277,0.62861,5806
2025-03-25 00:00:00+00:00,0.6286,0.62943,0.6279,0.62887,11777
2025-03-25 04:00:00+00:00,0.62889,0.62928,0.62796,0.62831,13958
2025-03-25 08:00:00+00:00,0.62838,0.63225,0.62784,0.63177,24777
2025-03-25 12:00:00+00:00,0.63179,0.63239,0.6302,0.63072,27906
2025-03-25 16:00:00+00:00,0.63067,0.63099,0.6295,0.63007,16845
2025-03-25 20:00:00+00:00,0.63013,0.63064,0.62752,0.63064,5902
2025-03-26 00:00:00+00:00,0.63048,0.63109,0.62838,0.63082,14120
2025-03-26 04:00:00+00:00,0.63091,0.63227,0.6304,0.63184,17804
2025-03-26 08:00:00+00:00,0.63191,0.63299,0.6313,0.63208,19940
2025-03-26 12:00:00+00:00,0.63201,0.63208,0.63008,0.63049,27829
2025-03-26 16:00:00+00:00,0.63042,0.63076,0.62837,0.62903,23700
2025-03-26 20:00:00+00:00,0.62896,0.6299,0.6279,0.62863,8348
2025-03-27 00:00:00+00:00,0.62884,0.63133,0.6285,0.63086,14226
2025-03-27 04:00:00+00:00,0.63081,0.6318,0.62989,0.63046,18293
2025-03-27 08:00:00+00:00,0.63066,0.63172,0.6301,0.6314,21937
2025-03-27 12:00:00+00:00,0.63139,0.63155,0.62953,0.63069,29616
2025-03-27 16:00:00+00:00,0.63065,0.63122,0.62987,0.63012,20186
2025-03-27 20:00:00+00:00,0.63008,0.6305,0.62731,0.63005,5569
2025-03-28 00:00:00+00:00,0.62983,0.62983,0.6278,0.62832,12804
2025-03-28 04:00:00+00:00,0.6283,0.6297,0.6279,0.62931,15295
2025-03-28 08:00:00+00:00,0.62939,0.63,0.62899,0.62928,18394
2025-03-28 12:00:00+00:00,0.62927,0.63118,0.62909,0.62982,33591
2025-03-28 16:00:00+00:00,0.62996,0.63004,0.6283,0.62871,20321
2025-03-28 20:00:00+00:00,0.62872,0.62898,0.62812,0.62824,3034
2025-03-30 20:00:00+00:00,0.62828,0.62872,0.62698,0.62821,4563
2025-03-31 00:00:00+00:00,0.62812,0.62999,0.6278,0.62804,19532
2025-03-31 04:00:00+00:00,0.62799,0.62901,0.62675,0.62689,22645
2025-03-31 08:00:00+00:00,0.62685,0.62694,0.62436,0.62501,21829
2025-03-31 12:00:00+00:00,0.62486,0.62486,0.62189,0.62342,29829
2025-03-31 16:00:00+00:00,0.62342,0.6253,0.62342,0.62492,20888
2025-03-31 20:00:00+00:00,0.62476,0.62491,0.6238,0.62396,6101
2025-04-01 00:00:00+00:00,0.62399,0.62635,0.6231,0.62482,18603
2025-04-01 04:00:00+00:00,0.6247,0.62689,0.62427,0.62475,22855
2025-04-01 08:00:00+00:00,0.62461,0.62616,0.6243,0.62493,24372
2025-04-01 12:00:00+00:00,0.62494,0.62823,0.62494,0.62774,32557
2025-04-01 16:00:00+00:00,0.62772,0.62793,0.6262,0.62777,20660
2025-04-01 20:00:00+00:00,0.62773,0.62904,0.62666,0.62877,6529
2025-04-02 00:00:00+00:00,0.62857,0.63015,0.6272,0.62985,15608
2025-04-02 04:00:00+00:00,0.62983,0.63063,0.6292,0.63035,16435
2025-04-02 08:00:00+00:00,0.63029,0.63136,0.62999,0.63062,18732
2025-04-02 12:00:00+00:00,0.63059,0.63065,0.62936,0.62998,28449
2025-04-02 16:00:00+00:00,0.62991,0.63034,0.62906,0.62958,20209
2025-04-02 20:00:00+00:00,0.62973,0.63402,0.62274,0.62636,23190
2025-04-03 00:00:00+00:00,0.62628,0.62872,0.62568,0.62726,30848
2025-04-03 04:00:00+00:00,0.62724,0.63118,0.6265,0.6306,30117
2025-04-03 08:00:00+00:00,0.63072,0.63627,0.63061,0.63595,26341
2025-04-03 12:00:00+00:00,0.63573,0.63866,0.63456,0.63497,34208
2025-04-03 16:00:00+00:00,0.63518,0.63576,0.63173,0.63175,16542
2025-04-03 20:00:00+00:00,0.6316,0.63304,0.6316,0.63254,7728
2025-04-04 00:00:00+00:00,0.63278,0.63306,0.6245,0.62538,15576
2025-04-04 04:00:00+00:00,0.62524,0.62524,0.62102,0.62122,18659
2025-04-04 08:00:00+00:00,0.62042,0.6217,0.6062,0.61127,39823
2025-04-04 12:00:00+00:00,0.61062,0.61358,0.60135,0.60425,49789
2025-04-04 16:00:00+00:00,0.60445,0.60629,0.59905,0.60374,36710
2025-04-04 20:00:00+00:00,0.60369,0.60436,0.6029,0.6041,4421
2025-04-06 20:00:00+00:00,0.5995,0.60082,0.59433,0.59857,11969
2025-04-07 00:00:00+00:00,0.60141,0.60256,0.60057,0.60232,12844
2025-04-07 04:00:00+00:00,0.60265,0.60523,0.59984,0.60092,51659
2025-04-07 08:00:00+00:00,0.60082,0.60603,0.59895,0.60372,56974
2025-04-07 12:00:00+00:00,0.60427,0.61123,0.59607,0.59787,71528
2025-04-07 16:00:00+00:00,0.59763,0.60019,0.59476,0.59762,53698
2025-04-07 20:00:00+00:00,0.5976,0.6005,0.59738,0.59967,12187
2025-04-08 00:00:00+00:00,0.5992,0.60334,0.59819,0.6029,33337
2025-04-08 04:00:00+00:00,0.60305,0.60738,0.60305,0.60509,40743
2025-04-08 08:00:00+00:00,0.60471,0.60648,0.60329,0.60542,43185
2025-04-08 12:00:00+00:00,0.60555,0.60841,0.6006,0.60138,56906
2025-04-08 16:00:00+00:00,0.6011,0.60167,0.59512,0.59615,56248
2025-04-08 20:00:00+00:00,0.59631,0.59686,0.59398,0.595,13292
2025-04-09 00:00:00+00:00,0.59729,0.60022,0.59621,0.59642,28751
2025-04-09 04:00:00+00:00,0.59579,0.60259,0.5952,0.60259,53521
2025-04-09 08:00:00+00:00,0.60281,0.60448,0.59891,0.60008,51976
2025-04-09 12:00:00+00:00,0.60032,0.60581,0.59926,0.60021,57865
2025-04-09 16:00:00+00:00,0.60009,0.61738,0.60009,0.61442,51207
2025-04-09 20:00:00+00:00,0.61382,0.61706,0.61322,0.61329,15344
2025-04-10 00:00:00+00:00,0.61357,0.61776,0.61171,0.61749,33643
2025-04-10 04:00:00+00:00,0.61758,0.6202,0.61452,0.61632,39540
2025-04-10 08:00:00+00:00,0.61645,0.61899,0.61359,0.61847,44287
2025-04-10 12:00:00+00:00,0.61827,0.62481,0.61738,0.61913,61281
2025-04-10 16:00:00+00:00,0.61868,0.62486,0.61722,0.62188,58772
2025-04-10 20:00:00+00:00,0.62204,0.62371,0.6212,0.62226,14280
2025-04-11 00:00:00+00:00,0.62231,0.62582,0.62044,0.62422,43269
2025-04-11 04:00:00+00:00,0.62426,0.62432,0.61818,0.6224,47024
2025-04-11 08:00:00+00:00,0.621,0.62449,0.62011,0.62388,52327
2025-04-11 12:00:00+00:00,0.62399,0.62852,0.62233,0.62432,59196
2025-04-11 16:00:00+00:00,0.624,0.63,0.62274,0.62918,43582
2025-04-11 20:00:00+00:00,0.62923,0.62952,0.62817,0.6287,4261
2025-04-13 20:00:00+00:00,0.63006,0.63023,0.62795,0.63002,6899
2025-04-14 00:00:00+00:00,0.6302,0.63122,0.62856,0.62891,31568
2025-04-14 04:00:00+00:00,0.62888,0.63309,0.62867,0.63245,29061
2025-04-14 08:00:00+00:00,0.63221,0.63423,0.63075,0.63116,27213
2025-04-14 12:00:00+00:00,0.63109,0.63304,0.62774,0.63095,43941
2025-04-14 16:00:00+00:00,0.63098,0.63401,0.63083,0.6334,31417
2025-04-14 20:00:00+00:00,0.6332,0.6332,0.63151,0.63182,9356
2025-04-15 00:00:00+00:00,0.63202,0.63546,0.63197,0.63531,21516
2025-04-15 04:00:00+00:00,0.63529,0.6377,0.63476,0.63661,26958
2025-04-15 08:00:00+00:00,0.63586,0.6363,0.63461,0.63588,27872
2025-04-15 12:00:00+00:00,0.63574,0.63821,0.63546,0.63562,39758
2025-04-15 16:00:00+00:00,0.63595,0.63629,0.63412,0.63448,24544
2025-04-15 20:00:00+00:00,0.63449,0.63586,0.63232,0.6336,8580
2025-04-16 00:00:00+00:00,0.63376,0.63571,0.63315,0.63465,21714
2025-04-16 04:00:00+00:00,0.6349,0.63559,0.6339,0.63496,26259
2025-04-16 08:00:00+00:00,0.63501,0.63775,0.6343,0.63734,30311
2025-04-16 12:00:00+00:00,0.63711,0.63903,0.63606,0.6387,35455
2025-04-16 16:00:00+00:00,0.63882,0.63889,0.63581,0.63691,29955
2025-04-16 20:00:00+00:00,0.63678,0.6376,0.63627,0.63687,7625
2025-04-17 00:00:00+00:00,0.63679,0.63717,0.6352,0.6352,22199
2025-04-17 04:00:00+00:00,0.63539,0.63555,0.6334,0.63502,24507
2025-04-17 08:00:00+00:00,0.6352,0.63627,0.63487,0.63591,23292
2025-04-17 12:00:00+00:00,0.63612,0.63906,0.63607,0.63806,37180
2025-04-17 16:00:00+00:00,0.6382,0.63929,0.63784,0.63882,22653
2025-04-17 20:00:00+00:00,0.63882,0.63882,0.63882,0.63882,1
2025-04-20 20:00:00+00:00,0.63643,0.63919,0.63641,0.63891,5718
2025-04-21 00:00:00+00:00,0.63914,0.64259,0.63847,0.64245,20331
2025-04-21 04:00:00+00:00,0.64225,0.64348,0.641,0.64334,19931
2025-04-21 08:00:00+00:00,0.64332,0.64364,0.64178,0.64237,20657
2025-04-21 12:00:00+00:00,0.64255,0.64332,0.64077,0.64095,29424
2025-04-21 16:00:00+00:00,0.64102,0.6422,0.6401,0.64178,19401
2025-04-21 20:00:00+00:00,0.64179,0.6422,0.64041,0.64212,6979
2025-04-22 00:00:00+00:00,0.64195,0.64385,0.64014,0.64334,22654
2025-04-22 04:00:00+00:00,0.64325,0.64379,0.6413,0.64164,27156
2025-04-22 08:00:00+00:00,0.6416,0.64218,0.6391,0.63948,25363
2025-04-22 12:00:00+00:00,0.63951,0.63983,0.63804,0.6389,31667
2025-04-22 16:00:00+00:00,0.63915,0.64043,0.63616,0.63632,29379
2025-04-22 20:00:00+00:00,0.63638,0.6388,0.63499,0.6375,12017
2025-04-23 00:00:00+00:00,0.63815,0.64044,0.63756,0.63916,24188
2025-04-23 04:00:00+00:00,0.6393,0.6424,0.6384,0.64114,24738
2025-04-23 08:00:00+00:00,0.64154,0.64198,0.64022,0.6408,23895
2025-04-23 12:00:00+00:00,0.64122,0.64299,0.6372,0.6372,44506
2025-04-23 16:00:00+00:00,0.63728,0.6374,0.63519,0.63586,29502
2025-04-23 20:00:00+00:00,0.6357,0.63715,0.63528,0.63636,9106
2025-04-24 00:00:00+00:00,0.63637,0.63687,0.63526,0.63594,19726
2025-04-24 04:00:00+00:00,0.63604,0.63842,0.63449,0.63841,22978
2025-04-24 08:00:00+00:00,0.63838,0.63888,0.63749,0.63749,24141
2025-04-24 12:00:00+00:00,0.63781,0.64043,0.63781,0.63941,33105
2025-04-24 16:00:00+00:00,0.63935,0.64095,0.63916,0.64059,19990
2025-04-24 20:00:00+00:00,0.64055,0.64135,0.63958,0.63998,6305
2025-04-25 00:00:00+00:00,0.64029,0.64196,0.63927,0.6414,17599
2025-04-25 04:00:00+00:00,0.64126,0.64149,0.63873,0.63993,24124
2025-04-25 08:00:00+00:00,0.64003,0.64031,0.63752,0.63796,24017
2025-04-25 12:00:00+00:00,0.63824,0.63987,0.6377,0.63947,28064
2025-04-25 16:00:00+00:00,0.63947,0.64033,0.6389,0.64,18369
2025-04-25 20:00:00+00:00,0.64006,0.64006,0.63891,0.6397,1915
2025-04-27 20:00:00+00:00,0.6385,0.64048,0.63554,0.6382,3850
2025-04-28 00:00:00+00:00,0.63808,0.63913,0.6373,0.63858,16515
2025-04-28 04:00:00+00:00,0.63855,0.64051,0.63714,0.63714,20391
2025-04-28 08:00:00+00:00,0.63695,0.64017,0.63687,0.6393,22074
2025-04-28 12:00:00+00:00,0.63954,0.64289,0.63937,0.64116,32923
2025-04-28 16:00:00+00:00,0.64116,0.64347,0.64114,0.64339,21198
2025-04-28 20:00:00+00:00,0.64343,0.64343,0.64239,0.64273,6398
2025-04-29 00:00:00+00:00,0.64268,0.64483,0.6412,0.6416,19085
2025-04-29 04:00:00+00:00,0.64159,0.64306,0.6409,0.64295,20783
2025-04-29 08:00:00+00:00,0.643,0.64306,0.6398,0.64022,22339
2025-04-29 12:00:00+00:00,0.64037,0.64148,0.63769,0.63838,33005
2025-04-29 16:00:00+00:00,0.63841,0.6394,0.6379,0.63829,18723
2025-04-29 20:00:00+00:00,0.63835,0.6386,0.63752,0.63858,6089
2025-04-30 00:00:00+00:00,0.63861,0.6405,0.63793,0.63983,16636
2025-04-30 04:00:00+00:00,0.63987,0.64171,0.63911,0.63932,18594
2025-04-30 08:00:00+00:00,0.63927,0.63981,0.6385,0.63909,21428
2025-04-30 12:00:00+00:00,0.63907,0.64015,0.6357,0.63971,41372
2025-04-30 16:00:00+00:00,0.63962,0.64123,0.63918,0.64043,23286
2025-04-30 20:00:00+00:00,0.64034,0.64129,0.6386,0.64101,8510
2025-05-01 00:00:00+00:00,0.64098,0.64261,0.6404,0.64071,14895
2025-05-01 04:00:00+00:00,0.6408,0.6408,0.6384,0.6385,20356
2025-05-01 08:00:00+00:00,0.63858,0.63988,0.6375,0.63904,19922
2025-05-01 12:00:00+00:00,0.63879,0.63935,0.6368,0.63714,34820
2025-05-01 16:00:00+00:00,0.63703,0.63902,0.63666,0.6383,21026
2025-05-01 20:00:00+00:00,0.63837,0.63888,0.63674,0.63851,7608
2025-05-02 00:00:00+00:00,0.63877,0.64194,0.6381,0.64178,19730
2025-05-02 04:00:00+00:00,0.64135,0.64228,0.64052,0.64143,22781
2025-05-02 08:00:00+00:00,0.6414,0.64446,0.64102,0.64332,24376
2025-05-02 12:00:00+00:00,0.6434,0.64696,0.64185,0.64445,40810
2025-05-02 16:00:00+00:00,0.64436,0.64569,0.64387,0.64474,23423
2025-05-02 20:00:00+00:00,0.64476,0.64507,0.6439,0.64393,2506
2025-05-04 20:00:00+00:00,0.64128,0.64574,0.6412,0.64434,3896
2025-05-05 00:00:00+00:00,0.64438,0.64802,0.6432,0.64631,18690
2025-05-05 04:00:00+00:00,0.64629,0.64874,0.6459,0.64651,21861
2025-05-05 08:00:00+00:00,0.64671,0.64929,0.64671,0.64837,23072
2025-05-05 12:00:00+00:00,0.64828,0.64927,0.6467,0.64704,31169
2025-05-05 16:00:00+00:00,0.64693,0.64723,0.64617,0.64689,16691
2025-05-05 20:00:00+00:00,0.64695,0.64709,0.64573,0.6459,5345
2025-05-06 00:00:00+00:00,0.64613,0.64619,0.644,0.64599,19692
2025-05-06 04:00:00+00:00,0.64606,0.64706,0.6443,0.64581,20808
2025-05-06 08:00:00+00:00,0.64564,0.64621,0.64377,0.64621,24943
2025-05-06 12:00:00+00:00,0.64622,0.64882,0.64588,0.64875,27558
2025-05-06 16:00:00+00:00,0.64866,0.65011,0.6481,0.64976,20613
2025-05-06 20:00:00+00:00,0.64971,0.65135,0.64856,0.6503,9952
2025-05-07 00:00:00+00:00,0.65045,0.651,0.64792,0.64845,24962
2025-05-07 04:00:00+00:00,0.64849,0.64905,0.64751,0.64831,22118
2025-05-07 08:00:00+00:00,0.64831,0.64831,0.64643,0.6473,20130
2025-05-07 12:00:00+00:00,0.64734,0.64742,0.64569,0.64604,25954
2025-05-07 16:00:00+00:00,0.64586,0.64646,0.64221,0.64306,31745
2025-05-07 20:00:00+00:00,0.64311,0.64319,0.64178,0.64302,6828
2025-05-08 00:00:00+00:00,0.64323,0.64625,0.643,0.6457,19389
2025-05-08 04:00:00+00:00,0.64571,0.6458,0.6403,0.64201,25630
2025-05-08 08:00:00+00:00,0.64205,0.64262,0.64078,0.64164,24766
2025-05-08 12:00:00+00:00,0.64168,0.64326,0.6408,0.64142,34431
2025-05-08 16:00:00+00:00,0.64134,0.64134,0.6394,0.64006,22200
2025-05-08 20:00:00+00:00,0.64003,0.6403,0.639,0.63928,5787
2025-05-09 00:00:00+00:00,0.63946,0.64057,0.63719,0.64057,19566
2025-05-09 04:00:00+00:00,0.64068,0.64138,0.6397,0.641,18844
2025-05-09 08:00:00+00:00,0.64091,0.6411,0.63939,0.64047,19126
2025-05-09 12:00:00+00:00,0.64041,0.64302,0.6402,0.64234,25522
2025-05-09 16:00:00+00:00,0.64239,0.64239,0.64074,0.64113,15183
2025-05-09 20:00:00+00:00,0.64114,0.64119,0.64024,0.64089,1832
2025-05-11 20:00:00+00:00,0.64149,0.643,0.63977,0.64188,5113
2025-05-12 00:00:00+00:00,0.64226,0.64308,0.64118,0.64301,21222
2025-05-12 04:00:00+00:00,0.6428,0.64504,0.63946,0.64047,28297
2025-05-12 08:00:00+00:00,0.64029,0.64135,0.6383,0.63945,35904
2025-05-12 12:00:00+00:00,0.63931,0.63986,0.63647,0.63666,34081
2025-05-12 16:00:00+00:00,0.63675,0.63715,0.6355,0.63696,19786
2025-05-12 20:00:00+00:00,0.63693,0.63763,0.6358,0.63717,6024
2025-05-13 00:00:00+00:00,0.63722,0.63988,0.63614,0.63983,19818
2025-05-13 04:00:00+00:00,0.63985,0.64191,0.6397,0.64084,22725
2025-05-13 08:00:00+00:00,0.6407,0.64167,0.6402,0.64076,20581
2025-05-13 12:00:00+00:00,0.64079,0.64727,0.64053,0.64711,36116
2025-05-13 16:00:00+00:00,0.64715,0.64783,0.64668,0.64739,17918
2025-05-13 20:00:00+00:00,0.64729,0.6476,0.64601,0.64717,6132
2025-05-14 00:00:00+00:00,0.6474,0.64859,0.6467,0.64762,18964
2025-05-14 04:00:00+00:00,0.64775,0.64884,0.6464,0.6488,20642
2025-05-14 08:00:00+00:00,0.64874,0.65,0.64645,0.64723,29807
2025-05-14 12:00:00+00:00,0.64724,0.64744,0.64385,0.64457,34089
2025-05-14 16:00:00+00:00,0.64458,0.64485,0.64232,0.64271,22608
2025-05-14 20:00:00+00:00,0.64262,0.6435,0.6417,0.64268,5837
2025-05-15 00:00:00+00:00,0.64281,0.64539,0.64265,0.64408,19664
2025-05-15 04:00:00+00:00,0.64406,0.64437,0.64156,0.64194,22450
2025-05-15 08:00:00+00:00,0.64166,0.64237,0.64021,0.64084,21316
2025-05-15 12:00:00+00:00,0.64102,0.64219,0.6391,0.64015,33516
2025-05-15 16:00:00+00:00,0.64017,0.64078,0.6396,0.64051,16824
2025-05-15 20:00:00+00:00,0.64057,0.64088,0.6391,0.64039,5394
2025-05-16 00:00:00+00:00,0.64048,0.64261,0.63951,0.64213,16622
2025-05-16 04:00:00+00:00,0.64212,0.64355,0.64207,0.64281,18726
2025-05-16 08:00:00+00:00,0.64272,0.6431,0.64149,0.64167,18574
2025-05-16 12:00:00+00:00,0.64161,0.64172,0.6388,0.6393,27158
2025-05-16 16:00:00+00:00,0.63944,0.64071,0.639,0.64055,15194
2025-05-16 20:00:00+00:00,0.6405,0.64073,0.63976,0.6403,2406
2025-05-18 20:00:00+00:00,0.64086,0.6412,0.6407,0.64086,1229
2025-05-19 00:00:00+00:00,0.64081,0.64205,0.6402,0.64119,16715
2025-05-19 04:00:00+00:00,0.64119,0.6428,0.6398,0.64254,20011
2025-05-19 08:00:00+00:00,0.64246,0.64504,0.6418,0.6449,23413
2025-05-19 12:00:00+00:00,0.64495,0.64646,0.64367,0.6457,27207
2025-05-19 16:00:00+00:00,0.64546,0.64584,0.6445,0.64563,15479
2025-05-19 20:00:00+00:00,0.64556,0.64583,0.6451,0.6454,4846
2025-05-20 00:00:00+00:00,0.6453,0.64534,0.644,0.64479,15273
2025-05-20 04:00:00+00:00,0.64478,0.64478,0.64093,0.64238,24689
2025-05-20 08:00:00+00:00,0.6422,0.64236,0.6408,0.64121,18103
2025-05-20 12:00:00+00:00,0.64122,0.64126,0.63922,0.64038,27248
2025-05-20 16:00:00+00:00,0.6405,0.64219,0.64018,0.64188,17226
2025-05-20 20:00:00+00:00,0.64183,0.64255,0.64104,0.64252,6048
2025-05-21 00:00:00+00:00,0.64358,0.64508,0.6428,0.64486,15866
2025-05-21 04:00:00+00:00,0.64489,0.64582,0.644,0.64485,24071
2025-05-21 08:00:00+00:00,0.64488,0.64531,0.64351,0.6444,22448
2025-05-21 12:00:00+00:00,0.64443,0.64663,0.64375,0.64663,30776
2025-05-21 16:00:00+00:00,0.64661,0.64692,0.64318,0.64318,26547
2025-05-21 20:00:00+00:00,0.64311,0.6437,0.64267,0.64323,6488
2025-05-22 00:00:00+00:00,0.6433,0.64462,0.6426,0.64424,18826
2025-05-22 04:00:00+00:00,0.64426,0.64525,0.6435,0.64491,21957
2025-05-22 08:00:00+00:00,0.64498,0.64576,0.64153,0.64214,24679
2025-05-22 12:00:00+00:00,0.64213,0.64268,0.64077,0.64161,32339
2025-05-22 16:00:00+00:00,0.64153,0.6419,0.6407,0.64088,19491
2025-05-22 20:00:00+00:00,0.64087,0.6415,0.64059,0.64087,5641
2025-05-23 00:00:00+00:00,0.6409,0.64376,0.6409,0.64337,15101
2025-05-23 04:00:00+00:00,0.64344,0.64562,0.6425,0.64526,18860
2025-05-23 08:00:00+00:00,0.64517,0.64695,0.64405,0.64427,24699
2025-05-23 12:00:00+00:00,0.644,0.64786,0.64306,0.64757,40111
2025-05-23 16:00:00+00:00,0.64748,0.64992,0.64737,0.64954,19398
2025-05-23 20:00:00+00:00,0.6495,0.64976,0.6493,0.6494,2748
2025-05-25 20:00:00+00:00,0.6482,0.65061,0.64795,0.65014,4097
2025-05-26 00:00:00+00:00,0.65007,0.65366,0.64989,0.65212,19385
2025-05-26 04:00:00+00:00,0.6521,0.65297,0.65097,0.65106,18194
2025-05-26 08:00:00+00:00,0.65122,0.65155,0.65,0.65095,14956
2025-05-26 12:00:00+00:00,0.65109,0.65112,0.6494,0.64943,14129
2025-05-26 16:00:00+00:00,0.6493,0.64946,0.6481,0.64846,6233
2025-05-26 20:00:00+00:00,0.64846,0.6492,0.6477,0.64796,5181
2025-05-27 00:00:00+00:00,0.6479,0.64945,0.64756,0.6478,14972
2025-05-27 04:00:00+00:00,0.64787,0.64877,0.64462,0.64468,24819
2025-05-27 08:00:00+00:00,0.6449,0.64559,0.64429,0.64453,21168
2025-05-27 12:00:00+00:00,0.64435,0.64605,0.64356,0.64356,26497
2025-05-27 16:00:00+00:00,0.64355,0.6447,0.6432,0.64426,15955
2025-05-27 20:00:00+00:00,0.64419,0.64474,0.64363,0.6446,5953
2025-05-28 00:00:00+00:00,0.64483,0.64527,0.64254,0.64439,20476
2025-05-28 04:00:00+00:00,0.64441,0.64446,0.6424,0.64399,20139
2025-05-28 08:00:00+00:00,0.64404,0.64486,0.64355,0.64369,18381
2025-05-28 12:00:00+00:00,0.64384,0.64388,0.64103,0.6416,29435
2025-05-28 16:00:00+00:00,0.64166,0.6429,0.64166,0.64247,16793
2025-05-28 20:00:00+00:00,0.64242,0.64348,0.64098,0.64219,10090
2025-05-29 00:00:00+00:00,0.64203,0.6427,0.64077,0.6424,24386
2025-05-29 04:00:00+00:00,0.6423,0.64488,0.64169,0.64485,21711
2025-05-29 08:00:00+00:00,0.64489,0.64489,0.643,0.64334,19688
2025-05-29 12:00:00+00:00,0.64353,0.64589,0.64311,0.6441,33861
2025-05-29 16:00:00+00:00,0.644,0.64524,0.64398,0.64473,17714
2025-05-29 20:00:00+00:00,0.64464,0.6448,0.64364,0.64436,6021
2025-05-30 00:00:00+00:00,0.64433,0.64515,0.64216,0.64262,20610
2025-05-30 04:00:00+00:00,0.64277,0.64391,0.64089,0.64176,20834
2025-05-30 08:00:00+00:00,0.64181,0.64249,0.641,0.6421,19955
2025-05-30 12:00:00+00:00,0.64218,0.64375,0.64091,0.64326,36834
2025-05-30 16:00:00+00:00,0.64335,0.64451,0.64213,0.64434,24258
2025-05-30 20:00:00+00:00,0.64472,0.64472,0.64273,0.64273,3566
2025-06-01 20:00:00+00:00,0.64285,0.64495,0.6428,0.64426,3073
2025-06-02 00:00:00+00:00,0.64442,0.64712,0.64442,0.64509,18192
2025-06-02 04:00:00+00:00,0.64513,0.64889,0.64482,0.64818,22079
2025-06-02 08:00:00+00:00,0.64822,0.64865,0.6476,0.64794,23433
2025-06-02 12:00:00+00:00,0.64796,0.64999,0.64729,0.64926,30279
2025-06-02 16:00:00+00:00,0.64917,0.64964,0.6479,0.64964,19204
2025-06-02 20:00:00+00:00,0.6496,0.64995,0.6482,0.64982,6151
2025-06-03 00:00:00+00:00,0.64986,0.64986,0.64643,0.64655,18986
2025-06-03 04:00:00+00:00,0.6465,0.64682,0.6451,0.64588,20677
2025-06-03 08:00:00+00:00,0.64571,0.6464,0.6452,0.64569,21725
2025-06-03 12:00:00+00:00,0.6457,0.64708,0.64482,0.64611,28751
2025-06-03 16:00:00+00:00,0.64623,0.647,0.6454,0.64636,17847
2025-06-03 20:00:00+00:00,0.64634,0.64672,0.6451,0.64639,5545
2025-06-04 00:00:00+00:00,0.64647,0.64794,0.64542,0.64633,18641
2025-06-04 04:00:00+00:00,0.6463,0.64727,0.6451,0.64618,20193
2025-06-04 08:00:00+00:00,0.64619,0.64865,0.64594,0.64831,19290
2025-06-04 12:00:00+00:00,0.64861,0.6501,0.6483,0.6497,30265
2025-06-04 16:00:00+00:00,0.64967,0.65047,0.6492,0.64923,16720
2025-06-04 20:00:00+00:00,0.64919,0.64951,0.64832,0.64892,5758
2025-06-05 00:00:00+00:00,0.64912,0.65087,0.64863,0.64877,18053
2025-06-05 04:00:00+00:00,0.64867,0.6508,0.64867,0.65006,18119
2025-06-05 08:00:00+00:00,0.65021,0.65144,0.6498,0.6509,19741
2025-06-05 12:00:00+00:00,0.65093,0.65375,0.65049,0.65157,38712
2025-06-05 16:00:00+00:00,0.6514,0.65176,0.65036,0.65072,23632
2025-06-05 20:00:00+00:00,0.65071,0.6511,0.64993,0.65098,6919
2025-06-06 00:00:00+00:00,0.65121,0.65157,0.6492,0.6498,16024
2025-06-06 04:00:00+00:00,0.65006,0.65044,0.6493,0.64988,17179
2025-06-06 08:00:00+00:00,0.64969,0.64971,0.6486,0.64914,18126
2025-06-06 12:00:00+00:00,0.64907,0.6504,0.648,0.64956,37240
2025-06-06 16:00:00+00:00,0.64953,0.64987,0.64872,0.64962,19558
2025-06-06 20:00:00+00:00,0.64955,0.64994,0.6489,0.6489,2685
2025-06-08 20:00:00+00:00,0.64944,0.65012,0.64911,0.64982,2693
2025-06-09 00:00:00+00:00,0.6497,0.65179,0.6493,0.65116,16343
2025-06-09 04:00:00+00:00,0.65115,0.65194,0.6508,0.65188,15583
2025-06-09 08:00:00+00:00,0.65193,0.65332,0.65174,0.65188,17855
2025-06-09 12:00:00+00:00,0.65184,0.65262,0.6504,0.65248,23139
2025-06-09 16:00:00+00:00,0.65242,0.65267,0.6517,0.6519,13871
2025-06-09 20:00:00+00:00,0.6516,0.65186,0.64633,0.6516,7353
2025-06-10 00:00:00+00:00,0.6516,0.65287,0.6501,0.65281,13032
2025-06-10 04:00:00+00:00,0.65277,0.65293,0.64909,0.65006,26837
2025-06-10 08:00:00+00:00,0.6501,0.65211,0.6501,0.65194,21197
2025-06-10 12:00:00+00:00,0.65219,0.65326,0.6515,0.65204,26165
2025-06-10 16:00:00+00:00,0.65202,0.65242,0.6515,0.65239,16612
2025-06-10 20:00:00+00:00,0.65235,0.6531,0.651,0.65286,10149
2025-06-11 00:00:00+00:00,0.65265,0.65287,0.6498,0.65142,19582
2025-06-11 04:00:00+00:00,0.65129,0.65178,0.6508,0.65115,17591
2025-06-11 08:00:00+00:00,0.65114,0.65183,0.6503,0.65056,19732
2025-06-11 12:00:00+00:00,0.65049,0.6545,0.65013,0.65198,33203
2025-06-11 16:00:00+00:00,0.65202,0.65295,0.64961,0.64997,21206
2025-06-11 20:00:00+00:00,0.64997,0.65105,0.64935,0.65085,10117
2025-06-12 00:00:00+00:00,0.65098,0.65098,0.64849,0.65023,23847
2025-06-12 04:00:00+00:00,0.65025,0.65046,0.6478,0.64818,23186
2025-06-12 08:00:00+00:00,0.64819,0.65192,0.64813,0.65147,27789
2025-06-12 12:00:00+00:00,0.65146,0.65332,0.65016,0.65231,32746
2025-06-12 16:00:00+00:00,0.65232,0.65294,0.65219,0.65282,18176
2025-06-12 20:00:00+00:00,0.65275,0.65327,0.65255,0.65267,8947
2025-06-13 00:00:00+00:00,0.6525,0.6525,0.64567,0.64807,38303
2025-06-13 04:00:00+00:00,0.6481,0.64885,0.64663,0.64819,28580
2025-06-13 08:00:00+00:00,0.64813,0.64949,0.6463,0.64752,29832
2025-06-13 12:00:00+00:00,0.64756,0.65142,0.6469,0.65105,32339
2025-06-13 16:00:00+00:00,0.65113,0.65183,0.64828,0.64931,25815
2025-06-13 20:00:00+00:00,0.64937,0.64937,0.64793,0.64793,5257
2025-06-15 20:00:00+00:00,0.6495,0.6495,0.6495,0.6495,1
2025-06-16 00:00:00+00:00,0.64905,0.64956,0.6466,0.64734,22107
2025-06-16 04:00:00+00:00,0.6473,0.65127,0.6473,0.65072,23084
2025-06-16 08:00:00+00:00,0.65071,0.6525,0.65048,0.65243,19457
2025-06-16 12:00:00+00:00,0.65249,0.65515,0.65201,0.65349,29616
2025-06-16 16:00:00+00:00,0.65375,0.65479,0.65224,0.65224,18370
2025-06-16 20:00:00+00:00,0.65218,0.6532,0.65066,0.65121,11751
2025-06-17 00:00:00+00:00,0.65104,0.6532,0.6503,0.65314,24059
2025-06-17 04:00:00+00:00,0.65317,0.65436,0.6527,0.65381,22297
2025-06-17 08:00:00+00:00,0.65381,0.65419,0.6527,0.65369,21039
2025-06-17 12:00:00+00:00,0.65359,0.65403,0.65028,0.6512,30368
2025-06-17 16:00:00+00:00,0.65156,0.65187,0.6464,0.64743,26816
2025-06-17 20:00:00+00:00,0.6474,0.6482,0.63322,0.64805,11756
2025-06-18 00:00:00+00:00,0.64813,0.64928,0.64769,0.64913,23223
2025-06-18 04:00:00+00:00,0.64906,0.6511,0.6489,0.64976,20253
2025-06-18 08:00:00+00:00,0.64964,0.65026,0.64873,0.65007,20317
2025-06-18 12:00:00+00:00,0.64995,0.65217,0.6495,0.65181,30890
2025-06-18 16:00:00+00:00,0.65187,0.65251,0.64952,0.6504,33712
2025-06-18 20:00:00+00:00,0.65035,0.65104,0.58593,0.65061,9672
2025-06-19 00:00:00+00:00,0.65067,0.65091,0.64757,0.6492,22868
2025-06-19 04:00:00+00:00,0.64909,0.6493,0.6461,0.64641,22927
2025-06-19 08:00:00+00:00,0.64635,0.64781,0.6457,0.64675,22209
2025-06-19 12:00:00+00:00,0.64684,0.64705,0.64466,0.64542,23526
2025-06-19 16:00:00+00:00,0.64534,0.64781,0.6449,0.64774,12526
2025-06-19 20:00:00+00:00,0.64767,0.64854,0.6382,0.64854,9553
2025-06-20 00:00:00+00:00,0.64852,0.64936,0.6475,0.64917,22070
2025-06-20 04:00:00+00:00,0.64901,0.64948,0.6474,0.64854,19986
2025-06-20 08:00:00+00:00,0.64854,0.64944,0.64812,0.64882,19265
2025-06-20 12:00:00+00:00,0.64878,0.64951,0.6452,0.64533,30386
2025-06-20 16:00:00+00:00,0.64544,0.64614,0.64481,0.64489,21210
2025-06-20 20:00:00+00:00,0.64493,0.64524,0.64459,0.64482,3656
2025-06-22 20:00:00+00:00,0.64225,0.64478,0.64155,0.64452,5378
2025-06-23 00:00:00+00:00,0.64449,0.64449,0.6396,0.64029,24982
2025-06-23 04:00:00+00:00,0.64036,0.6427,0.64006,0.64206,24952
2025-06-23 08:00:00+00:00,0.6421,0.6421,0.63733,0.63872,25528
2025-06-23 12:00:00+00:00,0.63891,0.64387,0.63804,0.6421,33942
2025-06-23 16:00:00+00:00,0.64198,0.64575,0.64121,0.64563,30659
2025-06-23 20:00:00+00:00,0.64546,0.64863,0.64425,0.64768,13875
2025-06-24 00:00:00+00:00,0.6478,0.64954,0.64714,0.64906,25159
2025-06-24 04:00:00+00:00,0.64892,0.6513,0.6484,0.64933,26606
2025-06-24 08:00:00+00:00,0.64946,0.65157,0.64943,0.65086,22593
2025-06-24 12:00:00+00:00,0.65058,0.65188,0.64868,0.64976,32401
2025-06-24 16:00:00+00:00,0.64979,0.65092,0.64943,0.64974,20445
2025-06-24 20:00:00+00:00,0.6497,0.64994,0.64821,0.64949,8696
2025-06-25 00:00:00+00:00,0.64959,0.65075,0.649,0.64979,22508
2025-06-25 04:00:00+00:00,0.64989,0.65064,0.6492,0.64961,19821
2025-06-25 08:00:00+00:00,0.6497,0.64989,0.64892,0.64968,19021
2025-06-25 12:00:00+00:00,0.64959,0.64965,0.64853,0.6491,27148
2025-06-25 16:00:00+00:00,0.6493,0.65147,0.6493,0.65105,21502
2025-06-25 20:00:00+00:00,0.6511,0.65222,0.64115,0.65205,11254
2025-06-26 00:00:00+00:00,0.65211,0.65357,0.651,0.65325,21633
2025-06-26 04:00:00+00:00,0.6529,0.65381,0.65183,0.65334,23392
2025-06-26 08:00:00+00:00,0.65326,0.65494,0.6529,0.6532,26675
2025-06-26 12:00:00+00:00,0.6532,0.6558,0.65258,0.65532,35218
2025-06-26 16:00:00+00:00,0.65528,0.65633,0.6548,0.65503,23344
2025-06-26 20:00:00+00:00,0.65499,0.655,0.65315,0.65463,10440
2025-06-27 00:00:00+00:00,0.6548,0.65604,0.6543,0.65478,21157
2025-06-27 04:00:00+00:00,0.6547,0.656,0.65401,0.65493,20863
2025-06-27 08:00:00+00:00,0.65496,0.65559,0.6529,0.65382,20985
2025-06-27 12:00:00+00:00,0.65381,0.65486,0.65229,0.65331,31554
2025-06-27 16:00:00+00:00,0.6532,0.65381,0.65089,0.65249,27321
2025-06-27 20:00:00+00:00,0.65258,0.65314,0.6522,0.6522,3687
2025-06-29 20:00:00+00:00,0.65306,0.65374,0.65303,0.65315,3794
2025-06-30 00:00:00+00:00,0.65321,0.6543,0.65274,0.65324,20137
2025-06-30 04:00:00+00:00,0.65323,0.65519,0.6532,0.65335,21490
2025-06-30 08:00:00+00:00,0.65338,0.65395,0.6523,0.65312,20276
2025-06-30 12:00:00+00:00,0.65315,0.65725,0.6527,0.65725,29587
2025-06-30 16:00:00+00:00,0.65717,0.65818,0.6562,0.65806,20678
2025-06-30 20:00:00+00:00,0.65807,0.65832,0.65561,0.6574,8723
2025-07-01 00:00:00+00:00,0.65753,0.65792,0.65551,0.65677,17294
2025-07-01 04:00:00+00:00,0.65695,0.65874,0.6565,0.65874,20738
2025-07-01 08:00:00+00:00,0.65871,0.65899,0.65787,0.65852,23496
2025-07-01 12:00:00+00:00,0.6586,0.65869,0.65598,0.65702,34191
2025-07-01 16:00:00+00:00,0.65692,0.65763,0.6565,0.65763,19860
2025-07-01 20:00:00+00:00,0.65762,0.65834,0.65454,0.65793,7609
2025-07-02 00:00:00+00:00,0.65809,0.65823,0.65653,0.65798,17166
2025-07-02 04:00:00+00:00,0.65794,0.65827,0.6561,0.65622,18117
2025-07-02 08:00:00+00:00,0.65596,0.65699,0.65529,0.65533,20694
2025-07-02 12:00:00+00:00,0.65522,0.65717,0.65292,0.65705,37142
2025-07-02 16:00:00+00:00,0.657,0.6588,0.65684,0.65879,21577
2025-07-02 20:00:00+00:00,0.65869,0.65874,0.65653,0.65821,8409
2025-07-03 00:00:00+00:00,0.65833,0.65857,0.6565,0.65666,17697
2025-07-03 04:00:00+00:00,0.65673,0.65814,0.65622,0.65777,16682
2025-07-03 08:00:00+00:00,0.65787,0.6584,0.657,0.6573,18281
2025-07-03 12:00:00+00:00,0.65731,0.65771,0.65383,0.65725,38399
2025-07-03 16:00:00+00:00,0.65736,0.65736,0.6565,0.65685,12844
2025-07-03 20:00:00+00:00,0.65677,0.65769,0.65598,0.65757,6875
2025-07-04 00:00:00+00:00,0.65767,0.65782,0.6563,0.65694,17314
2025-07-04 04:00:00+00:00,0.65695,0.65782,0.65497,0.65548,18668
2025-07-04 08:00:00+00:00,0.65556,0.65615,0.6552,0.65585,18871
2025-07-04 12:00:00+00:00,0.65584,0.65592,0.6546,0.65497,18715
2025-07-04 16:00:00+00:00,0.65485,0.65541,0.6412,0.65471,29324
2025-07-04 20:00:00+00:00,0.65499,0.6557,0.65434,0.6557,8215
2025-07-06 20:00:00+00:00,0.65565,0.65565,0.65352,0.65496,2918
2025-07-07 00:00:00+00:00,0.65465,0.65517,0.65126,0.65155,18708
2025-07-07 04:00:00+00:00,0.65155,0.65177,0.65002,0.65044,21067
2025-07-07 08:00:00+00:00,0.65041,0.65063,0.64854,0.64996,20752
2025-07-07 12:00:00+00:00,0.64997,0.65187,0.64953,0.65111,24230
2025-07-07 16:00:00+00:00,0.6512,0.6515,0.64853,0.6499,26302
2025-07-07 20:00:00+00:00,0.64987,0.65061,0.64846,0.65061,6555
2025-07-08 00:00:00+00:00,0.6507,0.65185,0.65068,0.65129,16199
2025-07-08 04:00:00+00:00,0.65118,0.65496,0.6509,0.65428,27455
2025-07-08 08:00:00+00:00,0.65417,0.65476,0.65367,0.654,20782
2025-07-08 12:00:00+00:00,0.65375,0.65448,0.65088,0.65231,31390
2025-07-08 16:00:00+00:00,0.65217,0.65335,0.65147,0.65259,27903
2025-07-08 20:00:00+00:00,0.65264,0.6531,0.65202,0.65236,6594
2025-07-09 00:00:00+00:00,0.65231,0.65364,0.651,0.65222,20153
2025-07-09 04:00:00+00:00,0.65219,0.65439,0.65219,0.65254,23572
2025-07-09 08:00:00+00:00,0.65207,0.65352,0.65161,0.65161,21160
2025-07-09 12:00:00+00:00,0.65166,0.65465,0.65166,0.65302,31036
2025-07-09 16:00:00+00:00,0.65306,0.65422,0.653,0.65404,19869
2025-07-09 20:00:00+00:00,0.65406,0.65406,0.6523,0.65358,6577
2025-07-10 00:00:00+00:00,0.65339,0.6551,0.65339,0.6544,16133
2025-07-10 04:00:00+00:00,0.65428,0.65629,0.6537,0.65552,18536
2025-07-10 08:00:00+00:00,0.65557,0.65656,0.6549,0.65514,17621
2025-07-10 12:00:00+00:00,0.65508,0.65709,0.65422,0.65707,30557
2025-07-10 16:00:00+00:00,0.65695,0.65897,0.65695,0.6589,19768
2025-07-10 20:00:00+00:00,0.65887,0.65944,0.65637,0.65929,5863
2025-07-11 00:00:00+00:00,0.65916,0.65928,0.6558,0.6583,22624
2025-07-11 04:00:00+00:00,0.6584,0.65908,0.6571,0.65848,21216
2025-07-11 08:00:00+00:00,0.65849,0.659,0.65711,0.65797,21389
2025-07-11 12:00:00+00:00,0.65772,0.65874,0.65714,0.65771,31787
2025-07-11 16:00:00+00:00,0.6578,0.65842,0.65695,0.65765,20903
2025-07-11 20:00:00+00:00,0.6573,0.6578,0.65699,0.6578,3931
2025-07-13 20:00:00+00:00,0.65577,0.65767,0.65577,0.6575,3886
2025-07-14 00:00:00+00:00,0.65767,0.65866,0.65582,0.6568,17978
2025-07-14 04:00:00+00:00,0.6565,0.65741,0.65554,0.65725,20324
2025-07-14 08:00:00+00:00,0.65723,0.65743,0.65626,0.6566,17625
2025-07-14 12:00:00+00:00,0.65669,0.65693,0.65484,0.65484,24455
2025-07-14 16:00:00+00:00,0.6548,0.65503,0.6542,0.65468,17219
2025-07-14 20:00:00+00:00,0.65474,0.655,0.6538,0.65435,6408
2025-07-15 00:00:00+00:00,0.65438,0.65541,0.6538,0.65464,17840
2025-07-15 04:00:00+00:00,0.65465,0.65673,0.65407,0.65663,18770
2025-07-15 08:00:00+00:00,0.65669,0.65716,0.65605,0.65605,19006
2025-07-15 12:00:00+00:00,0.65608,0.65749,0.65085,0.65195,39332
2025-07-15 16:00:00+00:00,0.65212,0.65212,0.65079,0.65142,23353
2025-07-15 20:00:00+00:00,0.65137,0.65219,0.65082,0.65183,7070
2025-07-16 00:00:00+00:00,0.65198,0.65323,0.6513,0.65224,14846
2025-07-16 04:00:00+00:00,0.65227,0.65283,0.6519,0.65253,18116
2025-07-16 08:00:00+00:00,0.65256,0.65274,0.6516,0.65199,17258
2025-07-16 12:00:00+00:00,0.65191,0.65537,0.64956,0.65214,40669
2025-07-16 16:00:00+00:00,0.65148,0.65362,0.65148,0.65267,28015
2025-07-16 20:00:00+00:00,0.65262,0.6531,0.652,0.6522,6112
2025-07-17 00:00:00+00:00,0.65212,0.65212,0.64738,0.6487,19488
2025-07-17 04:00:00+00:00,0.64865,0.64948,0.64609,0.64645,20903
2025-07-17 08:00:00+00:00,0.64645,0.64739,0.6454,0.64578,18169
2025-07-17 12:00:00+00:00,0.6458,0.64872,0.64551,0.6483,28377
2025-07-17 16:00:00+00:00,0.64836,0.64914,0.64795,0.64907,16718
2025-07-17 20:00:00+00:00,0.64907,0.64985,0.64777,0.64974,6463
2025-07-18 00:00:00+00:00,0.64973,0.65101,0.6496,0.65023,13589
2025-07-18 04:00:00+00:00,0.65012,0.65118,0.6497,0.65118,14909
2025-07-18 08:00:00+00:00,0.65139,0.65243,0.6512,0.65224,16639
2025-07-18 12:00:00+00:00,0.65222,0.65393,0.6522,0.65256,25214
2025-07-18 16:00:00+00:00,0.65265,0.65266,0.65028,0.6507,16979
2025-07-18 20:00:00+00:00,0.65063,0.65078,0.64993,0.64993,2761
2025-07-20 20:00:00+00:00,0.65091,0.6516,0.65035,0.65119,3481
2025-07-21 00:00:00+00:00,0.65116,0.65138,0.64988,0.65075,13595
2025-07-21 04:00:00+00:00,0.65078,0.65179,0.6506,0.65084,16624
2025-07-21 08:00:00+00:00,0.65087,0.65236,0.6508,0.65228,17964
2025-07-21 12:00:00+00:00,0.65231,0.65371,0.65153,0.65295,23581
2025-07-21 16:00:00+00:00,0.653,0.65323,0.6522,0.65228,13852
2025-07-21 20:00:00+00:00,0.65235,0.65296,0.65157,0.65271,4879
2025-07-22 00:00:00+00:00,0.65265,0.65276,0.65133,0.65197,13428
2025-07-22 04:00:00+00:00,0.65193,0.65222,0.65044,0.65055,16160
2025-07-22 08:00:00+00:00,0.6505,0.65205,0.6505,0.6519,17981
2025-07-22 12:00:00+00:00,0.6519,0.65553,0.6517,0.65548,29850
2025-07-22 16:00:00+00:00,0.65532,0.65579,0.6546,0.6553,17491
2025-07-22 20:00:00+00:00,0.6551,0.6559,0.65422,0.65524,6128
2025-07-23 00:00:00+00:00,0.65533,0.65682,0.655,0.65619,18862
2025-07-23 04:00:00+00:00,0.65626,0.65799,0.656,0.65783,19268
2025-07-23 08:00:00+00:00,0.65783,0.66003,0.6577,0.65982,19004
2025-07-23 12:00:00+00:00,0.65987,0.66004,0.6579,0.65899,26520
2025-07-23 16:00:00+00:00,0.65902,0.66013,0.65803,0.6601,22090
2025-07-23 20:00:00+00:00,0.66001,0.66044,0.6596,0.66014,5979
2025-07-24 00:00:00+00:00,0.65997,0.66192,0.6594,0.66148,17317
2025-07-24 04:00:00+00:00,0.66132,0.66238,0.6609,0.66108,19258
2025-07-24 08:00:00+00:00,0.66117,0.66216,0.6605,0.66152,19166
2025-07-24 12:00:00+00:00,0.6616,0.66194,0.65993,0.65993,30411
2025-07-24 16:00:00+00:00,0.65976,0.66017,0.6593,0.65934,16521
2025-07-24 20:00:00+00:00,0.6589,0.65951,0.6584,0.65942,6388
2025-07-25 00:00:00+00:00,0.65969,0.65969,0.6578,0.65845,15486
2025-07-25 04:00:00+00:00,0.65853,0.65874,0.65667,0.65715,20240
2025-07-25 08:00:00+00:00,0.65723,0.65739,0.6557,0.65675,19588
2025-07-25 12:00:00+00:00,0.65656,0.65684,0.6552,0.65544,31088
2025-07-25 16:00:00+00:00,0.65544,0.65658,0.6552,0.6564,16349
2025-07-25 20:00:00+00:00,0.65626,0.65655,0.6559,0.65653,2964
2025-07-27 20:00:00+00:00,0.65696,0.65751,0.65673,0.65705,3030
2025-07-28 00:00:00+00:00,0.65721,0.65847,0.6566,0.65677,16594
2025-07-28 04:00:00+00:00,0.65678,0.65681,0.65233,0.65239,21560
2025-07-28 08:00:00+00:00,0.6523,0.65332,0.65162,0.65288,23868
2025-07-28 12:00:00+00:00,0.65286,0.65357,0.65161,0.65171,31406
2025-07-28 16:00:00+00:00,0.65168,0.65211,0.6511,0.65211,18272
2025-07-28 20:00:00+00:00,0.65214,0.6525,0.65105,0.65216,5958
2025-07-29 00:00:00+00:00,0.6517,0.65295,0.65112,0.6519,14626
2025-07-29 04:00:00+00:00,0.652,0.65284,0.64991,0.65037,21339
2025-07-29 08:00:00+00:00,0.65,0.6519,0.64983,0.64988,21386
2025-07-29 12:00:00+00:00,0.64976,0.65107,0.6495,0.65071,30390
2025-07-29 16:00:00+00:00,0.65075,0.65181,0.65062,0.65129,19338
2025-07-29 20:00:00+00:00,0.65133,0.65146,0.65038,0.65128,5454
2025-07-30 00:00:00+00:00,0.65145,0.6528,0.65042,0.65187,19277
2025-07-30 04:00:00+00:00,0.65181,0.65181,0.65013,0.65013,20432
2025-07-30 08:00:00+00:00,0.65029,0.65036,0.6484,0.64877,19603
2025-07-30 12:00:00+00:00,0.64881,0.64881,0.6448,0.64505,33259
2025-07-30 16:00:00+00:00,0.645,0.64688,0.64268,0.64313,34441
2025-07-30 20:00:00+00:00,0.64332,0.6449,0.64294,0.6445,9030
2025-07-31 00:00:00+00:00,0.64452,0.64566,0.64334,0.64566,19499
2025-07-31 04:00:00+00:00,0.64576,0.6476,0.64516,0.64647,22683
2025-07-31 08:00:00+00:00,0.64639,0.64639,0.64367,0.64459,22677
2025-07-31 12:00:00+00:00,0.64457,0.6448,0.64278,0.64289,33933
2025-07-31 16:00:00+00:00,0.64295,0.64348,0.64243,0.64253,23787
2025-07-31 20:00:00+00:00,0.64256,0.64325,0.642,0.64273,9234
2025-08-01 00:00:00+00:00,0.64254,0.64401,0.64224,0.64357,18855
2025-08-01 04:00:00+00:00,0.64356,0.64384,0.64263,0.64298,19352
2025-08-01 08:00:00+00:00,0.6429,0.64328,0.6418,0.64233,20122
2025-08-01 12:00:00+00:00,0.64226,0.64927,0.64191,0.64666,53203
2025-08-01 16:00:00+00:00,0.6467,0.64672,0.64374,0.64567,28984
2025-08-01 20:00:00+00:00,0.64578,0.6475,0.64578,0.6475,4328
2025-08-03 20:00:00+00:00,0.6462,0.64718,0.64587,0.64687,4049
2025-08-04 00:00:00+00:00,0.647,0.64838,0.6462,0.64819,18265
2025-08-04 04:00:00+00:00,0.64817,0.64862,0.6471,0.64738,20673
2025-08-04 08:00:00+00:00,0.64736,0.64861,0.64696,0.64819,22484
2025-08-04 12:00:00+00:00,0.64815,0.6489,0.6462,0.6462,30378
2025-08-04 16:00:00+00:00,0.6464,0.64668,0.6459,0.64645,19322
2025-08-04 20:00:00+00:00,0.64636,0.6475,0.6456,0.64737,6237
2025-08-05 00:00:00+00:00,0.64743,0.64782,0.6452,0.64548,15203
2025-08-05 04:00:00+00:00,0.64539,0.64714,0.64539,0.64594,18546
2025-08-05 08:00:00+00:00,0.6455,0.64609,0.64505,0.64594,22127
2025-08-05 12:00:00+00:00,0.64586,0.64739,0.6454,0.64698,35442
2025-08-05 16:00:00+00:00,0.64703,0.64783,0.6465,0.64685,19458
2025-08-05 20:00:00+00:00,0.64688,0.6475,0.64588,0.64712,6419
2025-08-06 00:00:00+00:00,0.64716,0.64904,0.6471,0.64887,13084
2025-08-06 04:00:00+00:00,0.64886,0.64953,0.6484,0.64946,15432
2025-08-06 08:00:00+00:00,0.64929,0.65068,0.64874,0.65047,18619
2025-08-06 12:00:00+00:00,0.65051,0.65066,0.64894,0.65026,27548
2025-08-06 16:00:00+00:00,0.65019,0.65079,0.6497,0.65032,18889
2025-08-06 20:00:00+00:00,0.65037,0.65056,0.6495,0.64993,6016
2025-08-07 00:00:00+00:00,0.64986,0.65137,0.6495,0.65112,14323
2025-08-07 04:00:00+00:00,0.65109,0.65373,0.65109,0.65373,17098
2025-08-07 08:00:00+00:00,0.65374,0.65399,0.65183,0.65212,22319
2025-08-07 12:00:00+00:00,0.65212,0.65299,0.64914,0.65002,32640
2025-08-07 16:00:00+00:00,0.64996,0.65159,0.6493,0.65159,23549
2025-08-07 20:00:00+00:00,0.6518,0.65274,0.6504,0.65248,7588
2025-08-08 00:00:00+00:00,0.65255,0.65257,0.65118,0.65211,13480
2025-08-08 04:00:00+00:00,0.65212,0.65336,0.65164,0.65296,15814
2025-08-08 08:00:00+00:00,0.65303,0.65345,0.6516,0.65212,18238
2025-08-08 12:00:00+00:00,0.65228,0.65303,0.65145,0.65263,25734
2025-08-08 16:00:00+00:00,0.65268,0.65319,0.6518,0.65224,16144
2025-08-08 20:00:00+00:00,0.65223,0.65229,0.65135,0.6522,2215
2025-08-10 20:00:00+00:00,0.65155,0.65229,0.6514,0.65162,1981
2025-08-11 00:00:00+00:00,0.6515,0.65267,0.6512,0.65261,13184
2025-08-11 04:00:00+00:00,0.65263,0.6528,0.6513,0.65152,14129
2025-08-11 08:00:00+00:00,0.65153,0.6523,0.65075,0.65113,16929
2025-08-11 12:00:00+00:00,0.65099,0.65128,0.6501,0.65122,24583
2025-08-11 16:00:00+00:00,0.65122,0.65163,0.65076,0.65107,19451
2025-08-11 20:00:00+00:00,0.65107,0.6515,0.65036,0.65129,5353
2025-08-12 00:00:00+00:00,0.65148,0.65252,0.65101,0.65181,12362
2025-08-12 04:00:00+00:00,0.65171,0.65188,0.64938,0.65019,21856
2025-08-12 08:00:00+00:00,0.65024,0.65024,0.648,0.6486,17680
2025-08-12 12:00:00+00:00,0.64869,0.654,0.64847,0.65308,43377
2025-08-12 16:00:00+00:00,0.65309,0.65347,0.6525,0.65291,18252
2025-08-12 20:00:00+00:00,0.6529,0.6531,0.65187,0.65293,5577
2025-08-13 00:00:00+00:00,0.65305,0.65314,0.65165,0.65284,11834
2025-08-13 04:00:00+00:00,0.65281,0.65543,0.6525,0.65504,15559
2025-08-13 08:00:00+00:00,0.65498,0.65622,0.6547,0.65539,18348
2025-08-13 12:00:00+00:00,0.65549,0.65579,0.6541,0.65442,24719
2025-08-13 16:00:00+00:00,0.65444,0.65484,0.6536,0.6543,14383
2025-08-13 20:00:00+00:00,0.65437,0.65514,0.65371,0.65506,5072
2025-08-14 00:00:00+00:00,0.65521,0.65685,0.65467,0.65473,14922
2025-08-14 04:00:00+00:00,0.65473,0.65528,0.65295,0.65325,18533
2025-08-14 08:00:00+00:00,0.65317,0.65381,0.65222,0.65245,18191
2025-08-14 12:00:00+00:00,0.65256,0.65256,0.64852,0.64877,33835
2025-08-14 16:00:00+00:00,0.64879,0.64989,0.64829,0.64975,18623
2025-08-14 20:00:00+00:00,0.64971,0.65,0.64835,0.6497,5726
2025-08-15 00:00:00+00:00,0.64962,0.65046,0.64879,0.65,13050
2025-08-15 04:00:00+00:00,0.6499,0.65137,0.6497,0.65136,14250
2025-08-15 08:00:00+00:00,0.65146,0.6516,0.6504,0.65132,15875
2025-08-15 12:00:00+00:00,0.65127,0.65226,0.65071,0.65132,28584
2025-08-15 16:00:00+00:00,0.6513,0.65143,0.6502,0.65078,14610
2025-08-15 20:00:00+00:00,0.65069,0.65099,0.65009,0.6505,2417
2025-08-17 20:00:00+00:00,0.65093,0.65124,0.65026,0.65122,3272
2025-08-18 00:00:00+00:00,0.65124,0.65204,0.651,0.65198,16491
2025-08-18 04:00:00+00:00,0.65202,0.65227,0.65103,0.65118,22432
2025-08-18 08:00:00+00:00,0.65121,0.65178,0.65062,0.6509,25669
2025-08-18 12:00:00+00:00,0.65082,0.65115,0.64821,0.64928,31470
2025-08-18 16:00:00+00:00,0.64923,0.64953,0.6487,0.64946,20232
2025-08-18 20:00:00+00:00,0.64951,0.64961,0.64879,0.64943,8135
2025-08-19 00:00:00+00:00,0.64951,0.64967,0.64845,0.64868,21499
2025-08-19 04:00:00+00:00,0.64868,0.64949,0.6477,0.64855,24995
2025-08-19 08:00:00+00:00,0.64865,0.64948,0.64806,0.64929,24656
2025-08-19 12:00:00+00:00,0.64922,0.64942,0.64581,0.64582,36720
2025-08-19 16:00:00+00:00,0.64596,0.64627,0.6447,0.64526,24857
2025-08-19 20:00:00+00:00,0.64533,0.6461,0.64493,0.64533,9517
2025-08-20 00:00:00+00:00,0.64541,0.64541,0.64289,0.64325,28025
2025-08-20 04:00:00+00:00,0.6431,0.64486,0.643,0.64412,26152
2025-08-20 08:00:00+00:00,0.64402,0.64402,0.64257,0.64307,24017
2025-08-20 12:00:00+00:00,0.64336,0.64473,0.64242,0.6427,39392
2025-08-20 16:00:00+00:00,0.64273,0.6439,0.64273,0.64329,25917
2025-08-20 20:00:00+00:00,0.64322,0.64362,0.64237,0.64348,8742
2025-08-21 00:00:00+00:00,0.64347,0.64362,0.6417,0.642,22646
2025-08-21 04:00:00+00:00,0.6418,0.6427,0.6415,0.64226,23763
2025-08-21 08:00:00+00:00,0.64226,0.6432,0.6419,0.64232,24563
2025-08-21 12:00:00+00:00,0.64213,0.64308,0.6417,0.64197,44476
2025-08-21 16:00:00+00:00,0.6418,0.64292,0.6414,0.64214,29861
2025-08-21 20:00:00+00:00,0.64215,0.64255,0.64145,0.64252,8181
2025-08-22 00:00:00+00:00,0.64264,0.64296,0.64199,0.64223,22452
2025-08-22 04:00:00+00:00,0.64228,0.64256,0.6415,0.64233,22981
2025-08-22 08:00:00+00:00,0.64234,0.64317,0.6414,0.64216,22912
2025-08-22 12:00:00+00:00,0.64222,0.65002,0.6421,0.64832,49795
2025-08-22 16:00:00+00:00,0.64836,0.64975,0.6483,0.64878,36574
2025-08-22 20:00:00+00:00,0.64874,0.64928,0.64844,0.64904,3616
2025-08-24 20:00:00+00:00,0.64868,0.64929,0.6482,0.64845,4730
2025-08-25 00:00:00+00:00,0.6485,0.64881,0.6472,0.64868,21562
2025-08-25 04:00:00+00:00,0.6487,0.65043,0.6485,0.64862,24628
2025-08-25 08:00:00+00:00,0.64889,0.64989,0.6485,0.64989,23323
2025-08-25 12:00:00+00:00,0.64982,0.65033,0.6489,0.64981,35418
2025-08-25 16:00:00+00:00,0.64976,0.64993,0.6477,0.64789,29678
2025-08-25 20:00:00+00:00,0.64792,0.64846,0.64736,0.64814,8391
2025-08-26 00:00:00+00:00,0.64804,0.64927,0.64719,0.64728,30986
2025-08-26 04:00:00+00:00,0.64728,0.64845,0.647,0.64737,29553
2025-08-26 08:00:00+00:00,0.64743,0.64918,0.6472,0.64901,28430
2025-08-26 12:00:00+00:00,0.64916,0.64982,0.64806,0.64972,38801
2025-08-26 16:00:00+00:00,0.6498,0.65,0.6491,0.64935,25590
2025-08-26 20:00:00+00:00,0.64933,0.64971,0.64849,0.64952,7819
2025-08-27 00:00:00+00:00,0.64956,0.6504,0.6487,0.64881,20924
2025-08-27 04:00:00+00:00,0.64882,0.64899,0.64757,0.64783,23350
2025-08-27 08:00:00+00:00,0.64772,0.64776,0.6461,0.64662,27452
2025-08-27 12:00:00+00:00,0.6466,0.64946,0.6463,0.64945,38397
2025-08-27 16:00:00+00:00,0.64945,0.65128,0.64945,0.65088,30944
2025-08-27 20:00:00+00:00,0.65094,0.65124,0.64992,0.65124,10981
2025-08-28 00:00:00+00:00,0.65122,0.65215,0.651,0.65144,21203
2025-08-28 04:00:00+00:00,0.6512,0.65147,0.6505,0.65147,24434
2025-08-28 08:00:00+00:00,0.65145,0.65298,0.65089,0.65273,27471
2025-08-28 12:00:00+00:00,0.65274,0.65338,0.65197,0.65302,47080
2025-08-28 16:00:00+00:00,0.65296,0.65374,0.65294,0.65311,28447
2025-08-28 20:00:00+00:00,0.65309,0.65325,0.65198,0.65305,9214
2025-08-29 00:00:00+00:00,0.65311,0.65413,0.65286,0.65363,26397
2025-08-29 04:00:00+00:00,0.65364,0.65402,0.65286,0.65385,27753
2025-08-29 08:00:00+00:00,0.65378,0.65387,0.6525,0.65264,32642
2025-08-29 12:00:00+00:00,0.6527,0.65484,0.6522,0.6544,52079
2025-08-29 16:00:00+00:00,0.65441,0.65467,0.6541,0.65443,31895
2025-08-29 20:00:00+00:00,0.65444,0.65454,0.65333,0.6538,4594
2025-08-31 20:00:00+00:00,0.65422,0.65448,0.65345,0.6541,2874
2025-09-01 00:00:00+00:00,0.65441,0.65488,0.65354,0.6547,28132
2025-09-01 04:00:00+00:00,0.65474,0.65478,0.65351,0.65468,31293
2025-09-01 08:00:00+00:00,0.65471,0.6559,0.6543,0.65538,30048
2025-09-01 12:00:00+00:00,0.6554,0.65581,0.65491,0.65527,31284
2025-09-01 16:00:00+00:00,0.6551,0.65551,0.6548,0.65549,10545
2025-09-01 20:00:00+00:00,0.65548,0.65571,0.65426,0.65567,8610
2025-09-02 00:00:00+00:00,0.65565,0.6558,0.6538,0.65402,27358
2025-09-02 04:00:00+00:00,0.65395,0.65432,0.65023,0.65042,34198
2025-09-02 08:00:00+00:00,0.6504,0.65182,0.6501,0.65083,45606
2025-09-02 12:00:00+00:00,0.65086,0.65239,0.64842,0.65149,58621
2025-09-02 16:00:00+00:00,0.65157,0.65218,0.65123,0.65199,37148
2025-09-02 20:00:00+00:00,0.65204,0.65224,0.65061,0.65184,10172
2025-09-03 00:00:00+00:00,0.65183,0.65249,0.651,0.65178,28110
2025-09-03 04:00:00+00:00,0.65182,0.65235,0.65023,0.65222,33426
2025-09-03 08:00:00+00:00,0.6523,0.6537,0.65218,0.65356,37987
2025-09-03 12:00:00+00:00,0.65359,0.65503,0.65311,0.65487,57511
2025-09-03 16:00:00+00:00,0.65485,0.6554,0.6539,0.65401,39813
2025-09-03 20:00:00+00:00,0.65403,0.65456,0.65306,0.65447,8755
2025-09-04 00:00:00+00:00,0.65453,0.65493,0.6531,0.6531,29790
2025-09-04 04:00:00+00:00,0.65334,0.65341,0.6521,0.65255,32471
2025-09-04 08:00:00+00:00,0.6525,0.65272,0.65149,0.65163,33359
2025-09-04 12:00:00+00:00,0.65174,0.6526,0.65,0.65113,54475
2025-09-04 16:00:00+00:00,0.65112,0.6518,0.6506,0.65175,34910
2025-09-04 20:00:00+00:00,0.65175,0.65221,0.6501,0.65221,9378
2025-09-05 00:00:00+00:00,0.65234,0.65308,0.65203,0.65308,22266
2025-09-05 04:00:00+00:00,0.65307,0.65439,0.6524,0.65435,27155
2025-09-05 08:00:00+00:00,0.65424,0.65474,0.654,0.65407,28478
2025-09-05 12:00:00+00:00,0.65407,0.65883,0.65407,0.65679,69371
2025-09-05 16:00:00+00:00,0.65686,0.65698,0.6549,0.65523,44062
2025-09-05 20:00:00+00:00,0.65524,0.6557,0.6551,0.65543,5300
2025-09-07 20:00:00+00:00,0.65459,0.65548,0.65459,0.65548,5738
2025-09-08 00:00:00+00:00,0.65522,0.65665,0.6548,0.65594,32580
2025-09-08 04:00:00+00:00,0.6559,0.65863,0.6554,0.65846,33310
2025-09-08 08:00:00+00:00,0.65862,0.65936,0.65798,0.65905,32756
2025-09-08 12:00:00+00:00,0.65918,0.65979,0.6582,0.65899,47547
2025-09-08 16:00:00+00:00,0.65902,0.65955,0.6578,0.65946,28885
2025-09-08 20:00:00+00:00,0.65947,0.65984,0.65808,0.65978,8515
2025-09-09 00:00:00+00:00,0.65963,0.66041,0.65913,0.65992,24164
2025-09-09 04:00:00+00:00,0.65994,0.66145,0.6598,0.6606,30953
2025-09-09 08:00:00+00:00,0.66059,0.66195,0.66038,0.66091,37389
2025-09-09 12:00:00+00:00,0.66082,0.66103,0.65853,0.65903,56244
2025-09-09 16:00:00+00:00,0.659,0.65959,0.65827,0.65832,35138
2025-09-09 20:00:00+00:00,0.65825,0.6591,0.658,0.6583,9465
2025-09-10 00:00:00+00:00,0.65844,0.66057,0.658,0.66041,27796
2025-09-10 04:00:00+00:00,0.66039,0.66143,0.65985,0.66025,34164
2025-09-10 08:00:00+00:00,0.66018,0.66104,0.65956,0.66064,33042
2025-09-10 12:00:00+00:00,0.66069,0.6635,0.66018,0.66253,58740
2025-09-10 16:00:00+00:00,0.66252,0.66252,0.66116,0.6615,36293
2025-09-10 20:00:00+00:00,0.66175,0.6621,0.6609,0.66189,8994
2025-09-11 00:00:00+00:00,0.66177,0.66192,0.66081,0.66127,20804
2025-09-11 04:00:00+00:00,0.6613,0.66137,0.66018,0.66121,31144
2025-09-11 08:00:00+00:00,0.66124,0.66134,0.65997,0.66031,37122
2025-09-11 12:00:00+00:00,0.66039,0.66579,0.66008,0.66566,60109
2025-09-11 16:00:00+00:00,0.66562,0.66638,0.6656,0.66626,35656
2025-09-11 20:00:00+00:00,0.66621,0.66658,0.6655,0.66651,10308
2025-09-12 00:00:00+00:00,0.66648,0.66686,0.66557,0.66618,25173
2025-09-12 04:00:00+00:00,0.66621,0.66653,0.6651,0.66607,30404
2025-09-12 08:00:00+00:00,0.66595,0.6661,0.66427,0.66447,37757
2025-09-12 12:00:00+00:00,0.66455,0.66478,0.6631,0.66348,49258
2025-09-12 16:00:00+00:00,0.66345,0.6653,0.66324,0.66508,33041
2025-09-12 20:00:00+00:00,0.66502,0.66506,0.6641,0.6641,6429
2025-09-14 20:00:00+00:00,0.66317,0.66496,0.66082,0.66488,3785
2025-09-15 00:00:00+00:00,0.66502,0.66642,0.66453,0.66609,22029
2025-09-15 04:00:00+00:00,0.66617,0.66663,0.66522,0.66634,30435
2025-09-15 08:00:00+00:00,0.66623,0.66651,0.6654,0.66598,32999
2025-09-15 12:00:00+00:00,0.66613,0.66702,0.6653,0.66702,44661
2025-09-15 16:00:00+00:00,0.66704,0.66747,0.6664,0.66717,38764
2025-09-15 20:00:00+00:00,0.66713,0.66728,0.66581,0.66721,9935
2025-09-16 00:00:00+00:00,0.66727,0.66748,0.6661,0.66687,24300
2025-09-16 04:00:00+00:00,0.66683,0.66723,0.66603,0.66628,32049
2025-09-16 08:00:00+00:00,0.66624,0.66763,0.66601,0.66739,37648
2025-09-16 12:00:00+00:00,0.66743,0.66779,0.66643,0.66758,58556
2025-09-16 16:00:00+00:00,0.66749,0.66869,0.66749,0.66802,34708
2025-09-16 20:00:00+00:00,0.66807,0.66885,0.66718,0.66884,10003
2025-09-17 00:00:00+00:00,0.66885,0.66895,0.66722,0.66763,22470
2025-09-17 04:00:00+00:00,0.66758,0.66775,0.6669,0.66701,26276
2025-09-17 08:00:00+00:00,0.66693,0.66785,0.66664,0.66755,31455
2025-09-17 12:00:00+00:00,0.66763,0.66815,0.6662,0.66667,38734
2025-09-17 16:00:00+00:00,0.6664,0.67055,0.66437,0.66589,59233
2025-09-17 20:00:00+00:00,0.66593,0.66597,0.66421,0.66518,14604
2025-09-18 00:00:00+00:00,0.66514,0.66529,0.6635,0.66425,32767
2025-09-18 04:00:00+00:00,0.66427,0.66455,0.66162,0.66423,38305
2025-09-18 08:00:00+00:00,0.66405,0.66593,0.6635,0.6652,42633
2025-09-18 12:00:00+00:00,0.66503,0.66503,0.6608,0.66129,62939
2025-09-18 16:00:00+00:00,0.66137,0.66224,0.66114,0.66114,35338
2025-09-18 20:00:00+00:00,0.66101,0.66171,0.6608,0.66168,9380
2025-09-19 00:00:00+00:00,0.66166,0.66188,0.65999,0.66116,26932
2025-09-19 04:00:00+00:00,0.66124,0.66143,0.65885,0.66018,41817
2025-09-19 08:00:00+00:00,0.66007,0.66106,0.65925,0.65927,36529
2025-09-19 12:00:00+00:00,0.65927,0.65997,0.6586,0.65947,53748
2025-09-19 16:00:00+00:00,0.65959,0.65975,0.65924,0.6595,30409
2025-09-19 20:00:00+00:00,0.65944,0.6595,0.65854,0.65854,4773
2025-09-21 20:00:00+00:00,0.65908,0.65941,0.65854,0.65884,4456
2025-09-22 00:00:00+00:00,0.65884,0.65963,0.65808,0.65936,25881
2025-09-22 04:00:00+00:00,0.65939,0.65965,0.6575,0.65799,30312
2025-09-22 08:00:00+00:00,0.6581,0.65991,0.6581,0.65963,34248
2025-09-22 12:00:00+00:00,0.6596,0.65993,0.6578,0.65893,42897
2025-09-22 16:00:00+00:00,0.65891,0.66018,0.65885,0.65997,28205
2025-09-22 20:00:00+00:00,0.65992,0.66008,0.65917,0.66008,8087
2025-09-23 00:00:00+00:00,0.6599,0.6601,0.65815,0.65872,23147
2025-09-23 04:00:00+00:00,0.65884,0.65958,0.65812,0.65878,31263
2025-09-23 08:00:00+00:00,0.65869,0.66107,0.65869,0.66052,34229
2025-09-23 12:00:00+00:00,0.66044,0.66148,0.65969,0.6599,46650
2025-09-23 16:00:00+00:00,0.65991,0.66067,0.6592,0.65989,40041
2025-09-23 20:00:00+00:00,0.65992,0.6602,0.65885,0.65987,9825
2025-09-24 00:00:00+00:00,0.65988,0.66227,0.65887,0.66153,28815
2025-09-24 04:00:00+00:00,0.66163,0.66274,0.6614,0.66202,29897
2025-09-24 08:00:00+00:00,0.66166,0.66215,0.66015,0.6602,33074
2025-09-24 12:00:00+00:00,0.66033,0.66106,0.65839,0.65858,52338
2025-09-24 16:00:00+00:00,0.65845,0.65848,0.65759,0.65825,35846
2025-09-24 20:00:00+00:00,0.65833,0.65861,0.65746,0.65856,10910
2025-09-25 00:00:00+00:00,0.65872,0.65994,0.6583,0.65992,23660
2025-09-25 04:00:00+00:00,0.65999,0.66003,0.65855,0.65855,30136
2025-09-25 08:00:00+00:00,0.65865,0.66032,0.65821,0.65821,35443
2025-09-25 12:00:00+00:00,0.6582,0.65839,0.6543,0.65497,62336
2025-09-25 16:00:00+00:00,0.65493,0.65509,0.65261,0.65366,40320
2025-09-25 20:00:00+00:00,0.65366,0.65413,0.65266,0.6538,11378
2025-09-26 00:00:00+00:00,0.65351,0.65442,0.65308,0.65423,23485
2025-09-26 04:00:00+00:00,0.65406,0.65434,0.6523,0.6531,30869
2025-09-26 08:00:00+00:00,0.65303,0.65358,0.65202,0.65268,32721
2025-09-26 12:00:00+00:00,0.65274,0.65473,0.6526,0.65442,58981
2025-09-26 16:00:00+00:00,0.65446,0.65512,0.65419,0.65512,31371
2025-09-26 20:00:00+00:00,0.6549,0.65509,0.6543,0.6545,4331
2025-09-28 20:00:00+00:00,0.65465,0.65519,0.6542,0.65518,3161
2025-09-29 00:00:00+00:00,0.65518,0.65669,0.6547,0.65662,22910
2025-09-29 04:00:00+00:00,0.65659,0.65732,0.6562,0.6569,29434
2025-09-29 08:00:00+00:00,0.6568,0.65719,0.6559,0.65666,30527
2025-09-29 12:00:00+00:00,0.65673,0.65798,0.6559,0.65762,50931
2025-09-29 16:00:00+00:00,0.65764,0.6581,0.6573,0.6578,23742
2025-09-29 20:00:00+00:00,0.65782,0.65803,0.6571,0.6578,7329
2025-09-30 00:00:00+00:00,0.65756,0.65944,0.6572,0.65884,27284
2025-09-30 04:00:00+00:00,0.65882,0.66083,0.65773,0.6602,39600
2025-09-30 08:00:00+00:00,0.66013,0.66133,0.66013,0.66097,39917
2025-09-30 12:00:00+00:00,0.6608,0.66278,0.6608,0.66129,52047
2025-09-30 16:00:00+00:00,0.66127,0.6621,0.661,0.66162,29895
2025-09-30 20:00:00+00:00,0.66149,0.66179,0.66038,0.66105,9948
2025-10-01 00:00:00+00:00,0.6609,0.66096,0.65891,0.65945,22098
2025-10-01 04:00:00+00:00,0.65958,0.66153,0.65916,0.66107,37459
2025-10-01 08:00:00+00:00,0.66125,0.66197,0.66054,0.66148,38460
2025-10-01 12:00:00+00:00,0.66132,0.66267,0.65994,0.66028,62779
2025-10-01 16:00:00+00:00,0.66014,0.66204,0.66014,0.66133,30261
2025-10-01 20:00:00+00:00,0.66121,0.66154,0.66064,0.66154,8525
2025-10-02 00:00:00+00:00,0.66129,0.6621,0.66029,0.66155,21619
2025-10-02 04:00:00+00:00,0.66151,0.66241,0.6612,0.66225,28810
2025-10-02 08:00:00+00:00,0.66218,0.66242,0.66039,0.66059,32058
2025-10-02 12:00:00+00:00,0.66066,0.66088,0.65771,0.65856,50533
2025-10-02 16:00:00+00:00,0.65851,0.65994,0.65849,0.65962,24855
2025-10-02 20:00:00+00:00,0.65954,0.65993,0.65868,0.65988,7223
2025-10-03 00:00:00+00:00,0.65985,0.66037,0.6593,0.65979,19613
2025-10-03 04:00:00+00:00,0.65973,0.66084,0.6589,0.66052,27097
2025-10-03 08:00:00+00:00,0.66068,0.66085,0.6599,0.6605,28486
2025-10-03 12:00:00+00:00,0.6603,0.66139,0.6599,0.66126,49859
2025-10-03 16:00:00+00:00,0.66123,0.6613,0.65954,0.66037,31800
2025-10-03 20:00:00+00:00,0.66047,0.6605,0.65945,0.65945,3785
2025-10-05 20:00:00+00:00,0.65823,0.65936,0.65786,0.65935,8794
2025-10-06 00:00:00+00:00,0.65941,0.66118,0.6591,0.66082,22463
2025-10-06 04:00:00+00:00,0.66077,0.66174,0.66,0.66042,36918
2025-10-06 08:00:00+00:00,0.6605,0.66057,0.65904,0.65978,39450
2025-10-06 12:00:00+00:00,0.65993,0.662,0.65961,0.66178,47888
2025-10-06 16:00:00+00:00,0.66174,0.662,0.66132,0.66153,29329
2025-10-06 20:00:00+00:00,0.66146,0.66195,0.66081,0.66162,9275
2025-10-07 00:00:00+00:00,0.66166,0.66241,0.6605,0.66187,20340
2025-10-07 04:00:00+00:00,0.6619,0.66194,0.6584,0.65905,29501
2025-10-07 08:00:00+00:00,0.65893,0.65964,0.65844,0.65864,29999
2025-10-07 12:00:00+00:00,0.65866,0.65959,0.65815,0.65855,48387
2025-10-07 16:00:00+00:00,0.65868,0.65915,0.6576,0.65795,35707
2025-10-07 20:00:00+00:00,0.65794,0.65858,0.65763,0.65797,8600
2025-10-08 00:00:00+00:00,0.65799,0.65801,0.6556,0.65666,28887
2025-10-08 04:00:00+00:00,0.65663,0.6569,0.6556,0.65665,32176
2025-10-08 08:00:00+00:00,0.6566,0.65774,0.65596,0.65713,34623
2025-10-08 12:00:00+00:00,0.65714,0.65882,0.65714,0.65808,44578
2025-10-08 16:00:00+00:00,0.65799,0.65875,0.6573,0.65864,31201
2025-10-08 20:00:00+00:00,0.65859,0.65913,0.65752,0.65842,9975
2025-10-09 00:00:00+00:00,0.65844,0.6601,0.65844,0.6601,24348
2025-10-09 04:00:00+00:00,0.6601,0.66096,0.65717,0.65834,32546
2025-10-09 08:00:00+00:00,0.65832,0.66004,0.65698,0.65974,36306
2025-10-09 12:00:00+00:00,0.65962,0.66091,0.6547,0.6554,58988
2025-10-09 16:00:00+00:00,0.65557,0.65581,0.65401,0.65508,40862
2025-10-09 20:00:00+00:00,0.6552,0.65606,0.65472,0.65603,10334
2025-10-10 00:00:00+00:00,0.65596,0.65727,0.6556,0.65683,23250
2025-10-10 04:00:00+00:00,0.65681,0.65685,0.65456,0.65558,32042
2025-10-10 08:00:00+00:00,0.65542,0.65623,0.65498,0.65517,34280
2025-10-10 12:00:00+00:00,0.6553,0.65578,0.64837,0.64929,60072
2025-10-10 16:00:00+00:00,0.64928,0.64951,0.64789,0.64843,58359
2025-10-10 20:00:00+00:00,0.64838,0.64853,0.647,0.64711,8334
2025-10-12 20:00:00+00:00,0.65101,0.65121,0.64908,0.64976,11777
2025-10-13 00:00:00+00:00,0.65002,0.6532,0.64989,0.65168,31468
2025-10-13 04:00:00+00:00,0.65181,0.65274,0.6511,0.65217,34378
2025-10-13 08:00:00+00:00,0.6522,0.65248,0.65063,0.65072,33357
2025-10-13 12:00:00+00:00,0.65063,0.65227,0.6505,0.65178,47251
2025-10-13 16:00:00+00:00,0.65182,0.65245,0.6513,0.65159,27915
2025-10-13 20:00:00+00:00,0.65156,0.6519,0.65058,0.65118,9114
2025-10-14 00:00:00+00:00,0.65123,0.65209,0.64933,0.64978,29105
2025-10-14 04:00:00+00:00,0.64989,0.64989,0.64498,0.64547,51333
2025-10-14 08:00:00+00:00,0.64557,0.64656,0.64403,0.64544,42059
2025-10-14 12:00:00+00:00,0.64542,0.64922,0.64433,0.64904,58115
2025-10-14 16:00:00+00:00,0.64923,0.64968,0.64787,0.64834,43883
2025-10-14 20:00:00+00:00,0.64837,0.64947,0.64755,0.64907,11257
2025-10-15 00:00:00+00:00,0.64902,0.65157,0.64864,0.65125,29771
2025-10-15 04:00:00+00:00,0.65123,0.65232,0.6511,0.65159,31528
2025-10-15 08:00:00+00:00,0.65164,0.65225,0.65142,0.65142,32549
2025-10-15 12:00:00+00:00,0.65147,0.65225,0.65048,0.65123,53555
2025-10-15 16:00:00+00:00,0.65128,0.65141,0.6489,0.65099,43503
2025-10-15 20:00:00+00:00,0.65107,0.65138,0.64979,0.65075,11161
2025-10-16 00:00:00+00:00,0.65075,0.65141,0.64806,0.64869,35104
2025-10-16 04:00:00+00:00,0.64857,0.6507,0.64857,0.65069,35441
2025-10-16 08:00:00+00:00,0.65056,0.65127,0.6501,0.65064,32008
2025-10-16 12:00:00+00:00,0.65058,0.65071,0.6485,0.64905,55892
2025-10-16 16:00:00+00:00,0.64908,0.64959,0.6472,0.64843,56789
2025-10-16 20:00:00+00:00,0.64841,0.64897,0.64755,0.64816,11408
2025-10-17 00:00:00+00:00,0.64801,0.64913,0.64626,0.64667,30622
2025-10-17 04:00:00+00:00,0.64677,0.64781,0.64459,0.64622,42609
2025-10-17 08:00:00+00:00,0.64642,0.64966,0.64522,0.64865,51403
2025-10-17 12:00:00+00:00,0.64857,0.64916,0.64705,0.64852,64757
2025-10-17 16:00:00+00:00,0.64853,0.6501,0.64834,0.64998,43516
2025-10-17 20:00:00+00:00,0.64997,0.64997,0.64905,0.6493,5395
2025-10-19 20:00:00+00:00,0.64873,0.65059,0.64839,0.65011,5613
2025-10-20 00:00:00+00:00,0.64988,0.6514,0.64957,0.65035,29709
2025-10-20 04:00:00+00:00,0.65046,0.65083,0.64922,0.64958,35893
2025-10-20 08:00:00+00:00,0.64959,0.65013,0.64845,0.64902,40340
2025-10-20 12:00:00+00:00,0.64907,0.65206,0.64874,0.65153,48548
2025-10-20 16:00:00+00:00,0.65153,0.65186,0.6511,0.65137,29189
2025-10-20 20:00:00+00:00,0.65128,0.6517,0.65073,0.65157,8999
2025-10-21 00:00:00+00:00,0.65149,0.65246,0.65039,0.65049,26054
2025-10-21 04:00:00+00:00,0.65035,0.65048,0.6484,0.64877,38138
2025-10-21 08:00:00+00:00,0.6487,0.6497,0.64774,0.64925,42478
2025-10-21 12:00:00+00:00,0.64932,0.65,0.64743,0.64979,57882
2025-10-21 16:00:00+00:00,0.65002,0.65033,0.64859,0.64894,37441
2025-10-21 20:00:00+00:00,0.64893,0.64923,0.64839,0.64908,9772
2025-10-22 00:00:00+00:00,0.64931,0.64963,0.64835,0.64948,28205
2025-10-22 04:00:00+00:00,0.64962,0.65114,0.64962,0.65029,35241
2025-10-22 08:00:00+00:00,0.6502,0.6502,0.64818,0.6482,40579
2025-10-22 12:00:00+00:00,0.64853,0.65018,0.6483,0.65011,56404
2025-10-22 16:00:00+00:00,0.65004,0.65012,0.64789,0.649,52623
2025-10-22 20:00:00+00:00,0.64897,0.64918,0.648,0.64879,11140
2025-10-23 00:00:00+00:00,0.64867,0.64945,0.64787,0.6479,24237
2025-10-23 04:00:00+00:00,0.64812,0.65077,0.6479,0.6505,30403
2025-10-23 08:00:00+00:00,0.65054,0.65123,0.65014,0.65014,32114
2025-10-23 12:00:00+00:00,0.65025,0.65168,0.64983,0.65147,49664
2025-10-23 16:00:00+00:00,0.65161,0.65175,0.6507,0.65117,29933
2025-10-23 20:00:00+00:00,0.65112,0.6516,0.65021,0.65143,8755
2025-10-24 00:00:00+00:00,0.65132,0.6517,0.64963,0.65055,23396
2025-10-24 04:00:00+00:00,0.65056,0.65083,0.6494,0.65027,30212
2025-10-24 08:00:00+00:00,0.65032,0.65032,0.6492,0.65002,29925
2025-10-24 12:00:00+00:00,0.6501,0.65273,0.64946,0.65092,58347
2025-10-24 16:00:00+00:00,0.65102,0.65135,0.6504,0.65109,27824
2025-10-24 20:00:00+00:00,0.65113,0.65132,0.6509,0.65091,4057
2025-10-26 20:00:00+00:00,0.65093,0.65429,0.65093,0.65331,8036
2025-10-27 00:00:00+00:00,0.65332,0.65405,0.65289,0.65307,22713
2025-10-27 04:00:00+00:00,0.65301,0.65475,0.6527,0.65343,26675
2025-10-27 08:00:00+00:00,0.65337,0.65589,0.6533,0.6557,36389
2025-10-27 12:00:00+00:00,0.6556,0.65593,0.6543,0.6553,43846
2025-10-27 16:00:00+00:00,0.65529,0.65573,0.65516,0.65545,31164
2025-10-27 20:00:00+00:00,0.65555,0.65602,0.6544,0.65582,10474
2025-10-28 00:00:00+00:00,0.65567,0.6563,0.6553,0.656,20110
2025-10-28 04:00:00+00:00,0.656,0.65638,0.6546,0.65502,26631
2025-10-28 08:00:00+00:00,0.65519,0.65602,0.6545,0.65547,31499
2025-10-28 12:00:00+00:00,0.65547,0.65838,0.65507,0.65838,43293
2025-10-28 16:00:00+00:00,0.65841,0.65902,0.6582,0.65848,29415
2025-10-28 20:00:00+00:00,0.65845,0.65858,0.6578,0.65846,9802
2025-10-29 00:00:00+00:00,0.65844,0.66051,0.6577,0.66002,23227
2025-10-29 04:00:00+00:00,0.66001,0.66173,0.6594,0.66121,28060
2025-10-29 08:00:00+00:00,0.66121,0.66121,0.65915,0.65952,35538
2025-10-29 12:00:00+00:00,0.65959,0.66137,0.65865,0.66116,47405
2025-10-29 16:00:00+00:00,0.66116,0.66154,0.6559,0.6573,55432
2025-10-29 20:00:00+00:00,0.65749,0.65786,0.65602,0.65764,14723
2025-10-30 00:00:00+00:00,0.6577,0.65932,0.65766,0.65903,27911
2025-10-30 04:00:00+00:00,0.65913,0.65966,0.65754,0.65803,47308
2025-10-30 08:00:00+00:00,0.65802,0.65806,0.65545,0.65555,39632
2025-10-30 12:00:00+00:00,0.65525,0.65569,0.65336,0.6554,58430
2025-10-30 16:00:00+00:00,0.65542,0.65575,0.65469,0.65484,38394
2025-10-30 20:00:00+00:00,0.65491,0.65598,0.65446,0.65589,13334
2025-10-31 00:00:00+00:00,0.65594,0.65594,0.6546,0.65497,22042
2025-10-31 04:00:00+00:00,0.6548,0.65525,0.6534,0.65394,25778
2025-10-31 08:00:00+00:00,0.65376,0.65451,0.65362,0.65428,30558
2025-10-31 12:00:00+00:00,0.65415,0.65519,0.6533,0.65454,47317
2025-10-31 16:00:00+00:00,0.65451,0.65461,0.6533,0.65422,36778
2025-10-31 20:00:00+00:00,0.65425,0.65462,0.65376,0.65376,4588
2025-11-02 20:00:00+00:00,0.65391,0.65479,0.65367,0.65448,2853
2025-11-03 00:00:00+00:00,0.65458,0.6553,0.654,0.65529,17266
2025-11-03 04:00:00+00:00,0.65528,0.65621,0.655,0.65532,21216
2025-11-03 08:00:00+00:00,0.65518,0.65551,0.65439,0.65485,30845
2025-11-03 12:00:00+00:00,0.65477,0.65516,0.65142,0.65268,41310
2025-11-03 16:00:00+00:00,0.65283,0.65424,0.65283,0.6539,36922
2025-11-03 20:00:00+00:00,0.65393,0.65394,0.65321,0.65376,13287
2025-11-04 00:00:00+00:00,0.65362,0.65366,0.65195,0.65319,24562
2025-11-04 04:00:00+00:00,0.65294,0.65357,0.65062,0.65151,36506
2025-11-04 08:00:00+00:00,0.65179,0.65195,0.64921,0.64975,39209
2025-11-04 12:00:00+00:00,0.64967,0.65038,0.64815,0.65022,48544
2025-11-04 16:00:00+00:00,0.65031,0.65034,0.64833,0.64839,42914
2025-11-04 20:00:00+00:00,0.64833,0.64919,0.64826,0.64847,18488
2025-11-05 00:00:00+00:00,0.64841,0.64924,0.6459,0.64924,30610
2025-11-05 04:00:00+00:00,0.6492,0.64987,0.6483,0.64874,28448
2025-11-05 08:00:00+00:00,0.6487,0.64957,0.6474,0.64788,35824
2025-11-05 12:00:00+00:00,0.64784,0.65003,0.64766,0.64997,48020
2025-11-05 16:00:00+00:00,0.64994,0.65126,0.64956,0.65058,34054
2025-11-05 20:00:00+00:00,0.65069,0.65102,0.64996,0.65093,12724
2025-11-06 00:00:00+00:00,0.65078,0.65128,0.64969,0.65118,20155
2025-11-06 04:00:00+00:00,0.65104,0.65173,0.65055,0.65112,23447
2025-11-06 08:00:00+00:00,0.65098,0.65169,0.65045,0.65077,34582
2025-11-06 12:00:00+00:00,0.65075,0.65174,0.64664,0.64689,51630
2025-11-06 16:00:00+00:00,0.64694,0.64888,0.6463,0.64834,51720
2025-11-06 20:00:00+00:00,0.64843,0.64863,0.6474,0.64835,16615
2025-11-07 00:00:00+00:00,0.64822,0.64843,0.6466,0.6472,23082
2025-11-07 04:00:00+00:00,0.64711,0.64898,0.64676,0.64844,26404
2025-11-07 08:00:00+00:00,0.64846,0.64877,0.64769,0.64854,37301
2025-11-07 12:00:00+00:00,0.64844,0.64915,0.64695,0.64721,57099
2025-11-07 16:00:00+00:00,0.64726,0.64968,0.6471,0.64947,48254
2025-11-07 20:00:00+00:00,0.64942,0.64988,0.64872,0.64917,16171
2025-11-09 20:00:00+00:00,0.64951,0.65019,0.64895,0.65019,3890
2025-11-10 00:00:00+00:00,0.65007,0.6521,0.64964,0.6511,24576
2025-11-10 04:00:00+00:00,0.65147,0.65328,0.65147,0.65285,27192
2025-11-10 08:00:00+00:00,0.65288,0.65387,0.6527,0.65337,32348
2025-11-10 12:00:00+00:00,0.65342,0.65372,0.6515,0.6515,38228
2025-11-10 16:00:00+00:00,0.65161,0.654,0.65154,0.65373,32752
2025-11-10 20:00:00+00:00,0.65385,0.65397,0.6527,0.65341,12753
2025-11-11 00:00:00+00:00,0.65334,0.65353,0.65261,0.65288,20174
2025-11-11 04:00:00+00:00,0.65307,0.65318,0.6513,0.65194,28180
2025-11-11 08:00:00+00:00,0.65198,0.65257,0.65172,0.65255,31575
2025-11-11 12:00:00+00:00,0.65258,0.65377,0.65207,0.65215,44230
2025-11-11 16:00:00+00:00,0.65213,0.65328,0.65213,0.65298,35635
2025-11-11 20:00:00+00:00,0.65289,0.65316,0.6508,0.6527,13744
2025-11-12 00:00:00+00:00,0.65279,0.65309,0.652,0.65234,20084
2025-11-12 04:00:00+00:00,0.65237,0.65406,0.65159,0.65369,25459
2025-11-12 08:00:00+00:00,0.65364,0.65437,0.653,0.65353,33582
2025-11-12 12:00:00+00:00,0.6536,0.65437,0.65315,0.65391,46187
2025-11-12 16:00:00+00:00,0.65396,0.65499,0.6537,0.6544,39764
2025-11-12 20:00:00+00:00,0.65429,0.65441,0.6533,0.65358,11581
2025-11-13 00:00:00+00:00,0.65369,0.65643,0.65299,0.65573,23305
2025-11-13 04:00:00+00:00,0.65571,0.65758,0.6552,0.65748,20757
2025-11-13 08:00:00+00:00,0.65756,0.65799,0.65608,0.65622,27403
2025-11-13 12:00:00+00:00,0.65619,0.65662,0.65404,0.65525,38486
2025-11-13 16:00:00+00:00,0.65538,0.65574,0.65246,0.65279,42288
2025-11-13 20:00:00+00:00,0.65278,0.6534,0.65239,0.65262,17676
2025-11-14 00:00:00+00:00,0.6526,0.65493,0.6522,0.65416,26032
2025-11-14 04:00:00+00:00,0.6541,0.6541,0.65229,0.65282,34022
2025-11-14 08:00:00+00:00,0.65263,0.65301,0.65044,0.65096,44203
2025-11-14 12:00:00+00:00,0.65083,0.65463,0.65074,0.65462,53275
2025-11-14 16:00:00+00:00,0.65473,0.65508,0.6531,0.65379,37335
2025-11-14 20:00:00+00:00,0.65381,0.65384,0.6532,0.6536,12658
2025-11-16 20:00:00+00:00,0.65302,0.65353,0.65297,0.65323,3186
2025-11-17 00:00:00+00:00,0.65322,0.65322,0.6511,0.65167,25350
2025-11-17 04:00:00+00:00,0.65171,0.65365,0.65168,0.65359,25343
2025-11-17 08:00:00+00:00,0.65337,0.65368,0.6509,0.65174,37054
2025-11-17 12:00:00+00:00,0.65162,0.65239,0.6504,0.65087,49963
2025-11-17 16:00:00+00:00,0.65095,0.65169,0.6483,0.64835,46798
2025-11-17 20:00:00+00:00,0.64828,0.64979,0.6482,0.649,19947
2025-11-18 00:00:00+00:00,0.64919,0.64967,0.6475,0.64787,26852
2025-11-18 04:00:00+00:00,0.64773,0.64865,0.64649,0.6485,36293
2025-11-18 08:00:00+00:00,0.64862,0.6504,0.64862,0.65029,39370
2025-11-18 12:00:00+00:00,0.65006,0.65114,0.64867,0.64867,57256
2025-11-18 16:00:00+00:00,0.64862,0.6518,0.64831,0.65169,52435
2025-11-18 20:00:00+00:00,0.65177,0.65177,0.65,0.6505,20044
2025-11-19 00:00:00+00:00,0.6504,0.65067,0.64813,0.64824,28144
2025-11-19 04:00:00+00:00,0.64822,0.64972,0.6477,0.64926,31537
2025-11-19 08:00:00+00:00,0.64929,0.6493,0.64774,0.64893,39554
2025-11-19 12:00:00+00:00,0.64908,0.64922,0.64635,0.64649,50998
2025-11-19 16:00:00+00:00,0.64642,0.64686,0.64522,0.64641,58593
2025-11-19 20:00:00+00:00,0.64639,0.64906,0.64639,0.64901,24245
2025-11-20 00:00:00+00:00,0.64887,0.64896,0.6472,0.64816,26545
2025-11-20 04:00:00+00:00,0.64809,0.6488,0.6473,0.64754,25344
2025-11-20 08:00:00+00:00,0.64757,0.64855,0.64713,0.64754,36110
2025-11-20 12:00:00+00:00,0.64751,0.6501,0.6472,0.64767,57408
2025-11-20 16:00:00+00:00,0.64757,0.64766,0.64378,0.6456,70380
2025-11-20 20:00:00+00:00,0.64569,0.64569,0.64373,0.64489,25704
2025-11-21 04:00:00+00:00,0.64425,0.64534,0.64355,0.6436,27696
2025-11-21 08:00:00+00:00,0.64358,0.64533,0.64234,0.64307,49475
2025-11-21 12:00:00+00:00,0.64298,0.64517,0.64214,0.64329,64608
2025-11-21 16:00:00+00:00,0.64341,0.64594,0.64284,0.64551,57986
2025-11-21 20:00:00+00:00,0.64567,0.64592,0.64514,0.6453,17293
2025-11-23 20:00:00+00:00,0.6429,0.6465,0.6429,0.64613,3304
2025-11-24 00:00:00+00:00,0.64612,0.64642,0.64489,0.64609,23248
2025-11-24 04:00:00+00:00,0.64604,0.64669,0.6457,0.64607,26704
2025-11-24 08:00:00+00:00,0.64579,0.64662,0.6443,0.64504,41191
2025-11-24 12:00:00+00:00,0.64502,0.64598,0.64443,0.64577,47705
2025-11-24 16:00:00+00:00,0.64581,0.64659,0.64519,0.64616,34691
2025-11-24 20:00:00+00:00,0.64625,0.64683,0.6454,0.6462,16023
2025-11-25 00:00:00+00:00,0.64627,0.64687,0.64513,0.64533,23066
2025-11-25 04:00:00+00:00,0.64526,0.64594,0.6447,0.64543,25685
2025-11-25 08:00:00+00:00,0.64535,0.6462,0.6443,0.64489,38186
2025-11-25 12:00:00+00:00,0.64485,0.64683,0.64366,0.64469,54331
2025-11-25 16:00:00+00:00,0.6447,0.6475,0.6447,0.64735,42961
2025-11-25 20:00:00+00:00,0.64751,0.64751,0.6462,0.64701,17724
2025-11-26 00:00:00+00:00,0.64693,0.65047,0.64692,0.6499,30754
2025-11-26 04:00:00+00:00,0.65016,0.65112,0.64955,0.65012,28821
2025-11-26 08:00:00+00:00,0.65019,0.65047,0.6486,0.6491,41033
2025-11-26 12:00:00+00:00,0.64902,0.65089,0.6482,0.65089,53087
2025-11-26 16:00:00+00:00,0.65101,0.652,0.65096,0.65187,35334
2025-11-26 20:00:00+00:00,0.65182,0.65258,0.6514,0.6521,14385
2025-11-27 00:00:00+00:00,0.65244,0.65353,0.6521,0.65319,21846
2025-11-27 04:00:00+00:00,0.65315,0.65397,0.6524,0.6532,23551
2025-11-27 08:00:00+00:00,0.65317,0.65326,0.6521,0.6524,27911
2025-11-27 12:00:00+00:00,0.65264,0.65339,0.6521,0.65334,27591
2025-11-27 16:00:00+00:00,0.65334,0.65334,0.6527,0.653,12688
2025-11-27 20:00:00+00:00,0.6528,0.65363,0.65263,0.65355,8281
2025-11-28 00:00:00+00:00,0.65358,0.65407,0.6532,0.6533,38599
2025-11-28 04:00:00+00:00,0.6535,0.65362,0.65222,0.65222,64563
2025-11-28 08:00:00+00:00,0.65223,0.65279,0.652,0.65233,66684
2025-11-28 12:00:00+00:00,0.65212,0.65585,0.65212,0.65578,61557
2025-11-28 16:00:00+00:00,0.65552,0.65552,0.6543,0.65502,33647
2025-11-28 20:00:00+00:00,0.65492,0.65516,0.65409,0.6543,22875
2025-11-30 20:00:00+00:00,0.65374,0.65525,0.65362,0.6551,3705
2025-12-01 00:00:00+00:00,0.65511,0.65563,0.6538,0.65469,31033
2025-12-01 04:00:00+00:00,0.6546,0.65536,0.65376,0.65505,32026
2025-12-01 08:00:00+00:00,0.65482,0.65544,0.6544,0.65539,43745
2025-12-01 12:00:00+00:00,0.65556,0.65658,0.65467,0.65536,51908
2025-12-01 16:00:00+00:00,0.6554,0.6557,0.6539,0.65427,40646
2025-12-01 20:00:00+00:00,0.65437,0.65449,0.65379,0.65412,15662
2025-12-02 00:00:00+00:00,0.65413,0.65514,0.6537,0.65508,20536
2025-12-02 04:00:00+00:00,0.65518,0.65575,0.6547,0.65552,24343
2025-12-02 08:00:00+00:00,0.65569,0.6558,0.65439,0.65483,32920
2025-12-02 12:00:00+00:00,0.65483,0.65707,0.65479,0.65696,45475
2025-12-02 16:00:00+00:00,0.65685,0.65685,0.65533,0.65645,42145
2025-12-02 20:00:00+00:00,0.65655,0.65736,0.6557,0.65733,15103
2025-12-03 00:00:00+00:00,0.65741,0.65794,0.65533,0.65789,23920
2025-12-03 04:00:00+00:00,0.65785,0.65858,0.6576,0.65772,25866
2025-12-03 08:00:00+00:00,0.65779,0.65899,0.65737,0.65891,33843
2025-12-03 12:00:00+00:00,0.65894,0.65977,0.65756,0.6597,50463
2025-12-03 16:00:00+00:00,0.65976,0.66007,0.6589,0.66007,34655
2025-12-03 20:00:00+00:00,0.6601,0.6604,0.65942,0.6604,12910
2025-12-04 00:00:00+00:00,0.66049,0.66102,0.6602,0.6606,24153
2025-12-04 04:00:00+00:00,0.66089,0.66157,0.6606,0.66157,29018
2025-12-04 08:00:00+00:00,0.66157,0.66185,0.6606,0.661,41290
2025-12-04 12:00:00+00:00,0.66118,0.66235,0.66058,0.66195,51832
2025-12-04 16:00:00+00:00,0.66196,0.66205,0.66098,0.66135,39812
2025-12-04 20:00:00+00:00,0.66125,0.66138,0.6603,0.66062,15958
2025-12-05 00:00:00+00:00,0.66071,0.66174,0.6605,0.66143,17934
2025-12-05 04:00:00+00:00,0.66141,0.66293,0.66141,0.6625,25130
2025-12-05 08:00:00+00:00,0.66226,0.6636,0.66225,0.66295,32638
2025-12-05 12:00:00+00:00,0.66301,0.66485,0.66301,0.66421,46188
2025-12-05 16:00:00+00:00,0.66389,0.66413,0.6626,0.66388,40376
2025-12-05 20:00:00+00:00,0.66382,0.66424,0.66337,0.6638,11838
2025-12-07 20:00:00+00:00,0.6629,0.66396,0.66275,0.66347,4834
2025-12-08 00:00:00+00:00,0.66332,0.6648,0.66332,0.66425,20763
2025-12-08 04:00:00+00:00,0.66429,0.66481,0.6632,0.66372,25458
2025-12-08 08:00:00+00:00,0.66372,0.66403,0.6631,0.66335,30052
2025-12-08 12:00:00+00:00,0.66335,0.66429,0.66146,0.66175,42932
2025-12-08 16:00:00+00:00,0.66165,0.66287,0.66148,0.66232,39479
2025-12-08 20:00:00+00:00,0.66239,0.66268,0.6618,0.66267,13788
2025-12-09 00:00:00+00:00,0.66258,0.66302,0.66105,0.66255,22603
2025-12-09 04:00:00+00:00,0.66262,0.66474,0.6623,0.66375,33747
2025-12-09 08:00:00+00:00,0.66383,0.66474,0.6631,0.66382,36421
2025-12-09 12:00:00+00:00,0.66383,0.66536,0.66311,0.66436,51033
2025-12-09 16:00:00+00:00,0.66435,0.66532,0.66338,0.6639,37560
2025-12-09 20:00:00+00:00,0.66394,0.66427,0.66268,0.66393,13650
2025-12-10 00:00:00+00:00,0.66401,0.66464,0.6627,0.66372,23885
2025-12-10 04:00:00+00:00,0.66371,0.66509,0.6633,0.66471,27420
2025-12-10 08:00:00+00:00,0.6647,0.66536,0.6642,0.66472,37865
2025-12-10 12:00:00+00:00,0.6645,0.665,0.66295,0.66365,49070
2025-12-10 16:00:00+00:00,0.66369,0.66674,0.66334,0.6667,50251
2025-12-10 20:00:00+00:00,0.66639,0.66855,0.66639,0.66731,27250
2025-12-11 00:00:00+00:00,0.66728,0.66784,0.66365,0.66365,33138
2025-12-11 04:00:00+00:00,0.66368,0.66458,0.66272,0.66424,34151
2025-12-11 08:00:00+00:00,0.66442,0.66603,0.6638,0.66576,41958
2025-12-11 12:00:00+00:00,0.66586,0.66754,0.6654,0.66721,56169
2025-12-11 16:00:00+00:00,0.66726,0.66744,0.66602,0.66658,45091
2025-12-11 20:00:00+00:00,0.6665,0.6667,0.665,0.66621,16652
2025-12-12 00:00:00+00:00,0.66639,0.6674,0.6663,0.66643,23784
2025-12-12 04:00:00+00:00,0.66641,0.66703,0.66597,0.66686,24989
2025-12-12 08:00:00+00:00,0.66679,0.66765,0.6659,0.66663,38969
2025-12-12 12:00:00+00:00,0.66662,0.66698,0.66409,0.6643,52461
2025-12-12 16:00:00+00:00,0.6645,0.66577,0.66339,0.66523,54931
2025-12-12 20:00:00+00:00,0.66528,0.66552,0.66469,0.6652,14282
2025-12-14 20:00:00+00:00,0.6615,0.66493,0.6615,0.66471,4729
2025-12-15 00:00:00+00:00,0.66474,0.66545,0.66427,0.66442,29161
2025-12-15 04:00:00+00:00,0.66439,0.66507,0.664,0.66468,30217
2025-12-15 08:00:00+00:00,0.66465,0.66529,0.66418,0.665,35598
2025-12-15 12:00:00+00:00,0.66508,0.66558,0.66401,0.66505,49493
2025-12-15 16:00:00+00:00,0.66503,0.66507,0.6631,0.66422,40279
2025-12-15 20:00:00+00:00,0.66402,0.66472,0.66294,0.66411,14153
2025-12-16 00:00:00+00:00,0.66426,0.66426,0.66187,0.66348,29074
2025-12-16 04:00:00+00:00,0.66357,0.66418,0.6629,0.66376,25452
2025-12-16 08:00:00+00:00,0.66402,0.66437,0.6632,0.66372,31737
2025-12-16 12:00:00+00:00,0.66369,0.66577,0.6625,0.66394,56382
2025-12-16 16:00:00+00:00,0.66392,0.66431,0.6625,0.66367,47235
2025-12-16 20:00:00+00:00,0.66384,0.66393,0.6626,0.6632,17484
2025-12-17 00:00:00+00:00,0.66301,0.66328,0.6619,0.66263,26204
2025-12-17 04:00:00+00:00,0.66255,0.66261,0.6612,0.66167,30665
2025-12-17 08:00:00+00:00,0.66149,0.66229,0.661,0.66166,33410
2025-12-17 12:00:00+00:00,0.66173,0.66275,0.66084,0.66111,46006
2025-12-17 16:00:00+00:00,0.66117,0.66166,0.65996,0.66045,45506
2025-12-17 20:00:00+00:00,0.6605,0.66093,0.66001,0.66001,15926
2025-12-18 00:00:00+00:00,0.66012,0.66035,0.6592,0.6592,24899
2025-12-18 04:00:00+00:00,0.65934,0.66119,0.6592,0.66081,25165
2025-12-18 08:00:00+00:00,0.66079,0.66094,0.6602,0.66081,29211
2025-12-18 12:00:00+00:00,0.66096,0.66299,0.6602,0.66157,53398
2025-12-18 16:00:00+00:00,0.66155,0.66249,0.66035,0.66142,43841
2025-12-18 20:00:00+00:00,0.66138,0.66146,0.66062,0.66133,15386
2025-12-19 00:00:00+00:00,0.66139,0.66219,0.6607,0.66103,22991
2025-12-19 04:00:00+00:00,0.66099,0.66108,0.66002,0.66027,25189
2025-12-19 08:00:00+00:00,0.66027,0.66094,0.6602,0.66057,31575
2025-12-19 12:00:00+00:00,0.66051,0.66241,0.6601,0.6608,41188
2025-12-19 16:00:00+00:00,0.66082,0.66199,0.66082,0.66187,27964
2025-12-19 20:00:00+00:00,0.66196,0.66202,0.6606,0.661,9658
2025-12-21 20:00:00+00:00,0.66065,0.66125,0.6581,0.66118,3292
2025-12-22 00:00:00+00:00,0.66124,0.66255,0.6611,0.66204,18315
2025-12-22 04:00:00+00:00,0.66214,0.66397,0.66211,0.66389,20804
2025-12-22 08:00:00+00:00,0.66381,0.66429,0.6633,0.66429,28174
2025-12-22 12:00:00+00:00,0.66427,0.6657,0.6639,0.6657,37934
2025-12-22 16:00:00+00:00,0.66558,0.66599,0.665,0.6654,26684
2025-12-22 20:00:00+00:00,0.66542,0.66605,0.665,0.6654,11565
2025-12-23 00:00:00+00:00,0.66587,0.66695,0.66553,0.66691,20802
2025-12-23 04:00:00+00:00,0.6666,0.66776,0.6662,0.6675,23110
2025-12-23 08:00:00+00:00,0.66742,0.66969,0.66742,0.66919,29199
2025-12-23 12:00:00+00:00,0.66918,0.66996,0.66759,0.66911,43009
2025-12-23 16:00:00+00:00,0.6691,0.6699,0.6686,0.66981,24341
2025-12-23 20:00:00+00:00,0.66976,0.67022,0.6695,0.67016,11683
2025-12-24 00:00:00+00:00,0.67017,0.6713,0.6697,0.67039,18471
2025-12-24 04:00:00+00:00,0.67032,0.6717,0.6701,0.67115,19510
2025-12-24 08:00:00+00:00,0.67134,0.67136,0.6703,0.6709,24112
2025-12-24 12:00:00+00:00,0.67098,0.67132,0.6701,0.67116,31802
2025-12-24 16:00:00+00:00,0.67116,0.67143,0.6701,0.67051,12982
2025-12-24 20:00:00+00:00,0.67051,0.67051,0.67051,0.67051,1
2025-12-25 20:00:00+00:00,0.6702,0.6709,0.66814,0.67045,6634
2025-12-26 00:00:00+00:00,0.67045,0.67174,0.6704,0.67066,19550
2025-12-26 04:00:00+00:00,0.67072,0.67109,0.6698,0.67019,21095
2025-12-26 08:00:00+00:00,0.67012,0.67063,0.6695,0.67044,21023
2025-12-26 12:00:00+00:00,0.6704,0.67241,0.67,0.67151,34369
2025-12-26 16:00:00+00:00,0.67143,0.67149,0.6704,0.67108,37426
2025-12-26 20:00:00+00:00,0.67121,0.6715,0.67079,0.6715,10066
2025-12-28 20:00:00+00:00,0.66953,0.67155,0.66751,0.67141,3658
2025-12-29 00:00:00+00:00,0.67155,0.67271,0.6714,0.67246,22864
2025-12-29 04:00:00+00:00,0.67244,0.67254,0.6709,0.67117,26570
2025-12-29 08:00:00+00:00,0.67113,0.67113,0.6692,0.66949,34047
2025-12-29 12:00:00+00:00,0.66943,0.6702,0.6682,0.66955,43261
2025-12-29 16:00:00+00:00,0.66959,0.66978,0.6685,0.6693,30900
2025-12-29 20:00:00+00:00,0.66958,0.66964,0.6689,0.66948,12365
2025-12-30 00:00:00+00:00,0.6695,0.67085,0.6691,0.6703,19434
2025-12-30 04:00:00+00:00,0.67061,0.67174,0.6703,0.67065,19208
2025-12-30 08:00:00+00:00,0.67072,0.67113,0.66988,0.67003,25678
2025-12-30 12:00:00+00:00,0.66998,0.67051,0.6688,0.67005,35603
2025-12-30 16:00:00+00:00,0.67005,0.67036,0.6692,0.66956,29644
2025-12-30 20:00:00+00:00,0.6695,0.66982,0.66848,0.6693,12442
2025-12-31 00:00:00+00:00,0.6694,0.67006,0.66918,0.66958,19461
2025-12-31 04:00:00+00:00,0.66957,0.66966,0.6682,0.66878,19949
2025-12-31 08:00:00+00:00,0.6689,0.6689,0.6676,0.66853,26951
2025-12-31 12:00:00+00:00,0.66861,0.66896,0.66611,0.66682,38085
2025-12-31 16:00:00+00:00,0.66683,0.66734,0.66638,0.66697,17606
2025-12-31 20:00:00+00:00,0.66697,0.66697,0.66697,0.66697,1
2026-01-01 20:00:00+00:00,0.667,0.66797,0.6662,0.66782,4424
