time,open,high,low,close,volume
2018-01-01 00:00:00+00:00,0.77979,0.78163,0.77955,0.7799,10413
2018-01-02 00:00:00+00:00,0.78008,0.78443,0.78008,0.78305,80107
2018-01-03 00:00:00+00:00,0.78312,0.78445,0.78054,0.78268,108894
2018-01-04 00:00:00+00:00,0.78262,0.78678,0.7815,0.78636,109854
2018-01-05 00:00:00+00:00,0.78635,0.78744,0.78356,0.78589,109357
2018-01-07 00:00:00+00:00,0.78619,0.78704,0.7859,0.78591,4408
2018-01-08 00:00:00+00:00,0.78609,0.78725,0.7827,0.78451,79834
2018-01-09 00:00:00+00:00,0.78434,0.78635,0.78075,0.78108,117563
2018-01-10 00:00:00+00:00,0.78118,0.78658,0.78086,0.78465,163383
2018-01-11 00:00:00+00:00,0.78469,0.7895,0.78383,0.7886,153798
2018-01-12 00:00:00+00:00,0.7886,0.79226,0.78486,0.79136,161801
2018-01-14 00:00:00+00:00,0.79032,0.79168,0.79032,0.79081,4400
2018-01-15 00:00:00+00:00,0.79085,0.79785,0.79074,0.79602,137251
2018-01-16 00:00:00+00:00,0.79601,0.79747,0.79381,0.79705,142967
2018-01-17 00:00:00+00:00,0.7971,0.80223,0.79412,0.79711,195303
2018-01-18 00:00:00+00:00,0.79722,0.80112,0.79421,0.80057,170662
2018-01-19 00:00:00+00:00,0.80056,0.80375,0.79827,0.79838,154940
2018-01-21 00:00:00+00:00,0.8,0.80024,0.79933,0.80015,5050
2018-01-22 00:00:00+00:00,0.80025,0.80262,0.79791,0.80075,108949
2018-01-23 00:00:00+00:00,0.80077,0.80292,0.79575,0.80046,153345
2018-01-24 00:00:00+00:00,0.80044,0.80822,0.79938,0.80499,184227
2018-01-25 00:00:00+00:00,0.80526,0.81185,0.80055,0.80288,316801
2018-01-26 00:00:00+00:00,0.80305,0.81356,0.80255,0.81086,237470
2018-01-28 00:00:00+00:00,0.81003,0.81172,0.81003,0.81166,5736
2018-01-29 00:00:00+00:00,0.81157,0.81171,0.80743,0.80957,178929
2018-01-30 00:00:00+00:00,0.80975,0.81123,0.80439,0.80995,184583
2018-01-31 00:00:00+00:00,0.80958,0.81157,0.80353,0.80592,237161
2018-02-01 00:00:00+00:00,0.80613,0.80671,0.79884,0.80393,213295
2018-02-02 00:00:00+00:00,0.80394,0.80394,0.79182,0.79202,245641
2018-02-04 00:00:00+00:00,0.79102,0.79159,0.78922,0.79045,13782
2018-02-05 00:00:00+00:00,0.79058,0.79529,0.78724,0.78774,272070
2018-02-06 00:00:00+00:00,0.78754,0.79089,0.78357,0.78934,350304
2018-02-07 00:00:00+00:00,0.78913,0.79075,0.78113,0.78163,201332
2018-02-08 00:00:00+00:00,0.78171,0.78427,0.77684,0.77884,291170
2018-02-09 00:00:00+00:00,0.77845,0.78298,0.7759,0.78126,296638
2018-02-11 00:00:00+00:00,0.7815,0.78208,0.78119,0.78203,5622
2018-02-12 00:00:00+00:00,0.78195,0.78635,0.78099,0.78579,162971
2018-02-13 00:00:00+00:00,0.78575,0.78759,0.78295,0.78615,163328
2018-02-14 00:00:00+00:00,0.78613,0.79341,0.77761,0.79297,274437
2018-02-15 00:00:00+00:00,0.79295,0.7966,0.78923,0.79429,222840
2018-02-16 00:00:00+00:00,0.79423,0.79875,0.78945,0.79073,201830
2018-02-18 00:00:00+00:00,0.79046,0.79155,0.79045,0.79115,3462
2018-02-19 00:00:00+00:00,0.79117,0.79347,0.78997,0.79089,104572
2018-02-20 00:00:00+00:00,0.79093,0.7933,0.78744,0.78806,192027
2018-02-21 00:00:00+00:00,0.78806,0.78978,0.77972,0.77973,227339
2018-02-22 00:00:00+00:00,0.77974,0.78596,0.77909,0.78379,188181
2018-02-23 00:00:00+00:00,0.78373,0.78431,0.78051,0.78365,147873
2018-02-25 00:00:00+00:00,0.78401,0.78444,0.78371,0.78385,6196
2018-02-26 00:00:00+00:00,0.78383,0.78929,0.78258,0.78497,144530
2018-02-27 00:00:00+00:00,0.78509,0.78684,0.77834,0.77933,210372
2018-02-28 00:00:00+00:00,0.77903,0.78189,0.77566,0.77631,182443
2018-03-01 00:00:00+00:00,0.77618,0.77676,0.77134,0.77646,243309
2018-03-02 00:00:00+00:00,0.77649,0.7773,0.77389,0.77605,194920
2018-03-04 00:00:00+00:00,0.776,0.77676,0.77452,0.77559,6004
2018-03-05 00:00:00+00:00,0.77568,0.77721,0.77269,0.77646,155228
2018-03-06 00:00:00+00:00,0.77657,0.78417,0.77571,0.77859,191898
2018-03-07 00:00:00+00:00,0.77855,0.78288,0.77729,0.78264,188069
2018-03-08 00:00:00+00:00,0.7828,0.78382,0.77731,0.77908,184737
2018-03-09 00:00:00+00:00,0.77903,0.7853,0.77774,0.7846,148930
2018-03-11 00:00:00+00:00,0.7848,0.78655,0.78452,0.78608,5784
2018-03-12 00:00:00+00:00,0.7861,0.78797,0.78549,0.78713,101704
2018-03-13 00:00:00+00:00,0.78742,0.78973,0.78465,0.78597,168357
2018-03-14 00:00:00+00:00,0.78576,0.79144,0.78568,0.78801,152150
2018-03-15 00:00:00+00:00,0.78812,0.78845,0.77885,0.77891,137982
2018-03-16 00:00:00+00:00,0.77883,0.78042,0.77082,0.77082,120124
2018-03-18 00:00:00+00:00,0.77182,0.77194,0.7712,0.77175,5103
2018-03-19 00:00:00+00:00,0.77146,0.77253,0.76869,0.7708,149431
2018-03-20 00:00:00+00:00,0.77085,0.77206,0.76792,0.76893,132987
2018-03-21 00:00:00+00:00,0.76887,0.77797,0.76725,0.77744,203612
2018-03-22 00:00:00+00:00,0.77724,0.77808,0.7688,0.76952,219858
2018-03-23 00:00:00+00:00,0.76962,0.77415,0.76954,0.76957,196716
2018-03-25 00:00:00+00:00,0.77041,0.77137,0.76959,0.77098,6501
2018-03-26 00:00:00+00:00,0.77105,0.7756,0.77105,0.77547,146686
2018-03-27 00:00:00+00:00,0.77548,0.77567,0.76755,0.76863,154830
2018-03-28 00:00:00+00:00,0.76863,0.77021,0.76541,0.76612,161037
2018-03-29 00:00:00+00:00,0.76607,0.76892,0.76434,0.7685,133759
2018-03-30 00:00:00+00:00,0.76851,0.7704,0.76735,0.7679,178063
2018-04-01 00:00:00+00:00,0.76888,0.76933,0.76812,0.76831,3082
2018-04-02 00:00:00+00:00,0.76841,0.76944,0.76502,0.76526,90313
2018-04-03 00:00:00+00:00,0.76535,0.77065,0.76535,0.76814,121808
2018-04-04 00:00:00+00:00,0.76818,0.77264,0.76638,0.77204,137610
2018-04-05 00:00:00+00:00,0.77202,0.77231,0.76578,0.76686,121294
2018-04-06 00:00:00+00:00,0.76706,0.76985,0.76669,0.76716,146766
2018-04-08 00:00:00+00:00,0.76784,0.7681,0.76692,0.76782,4249
2018-04-09 00:00:00+00:00,0.76773,0.77102,0.76528,0.7699,117617
2018-04-10 00:00:00+00:00,0.76997,0.77685,0.76938,0.77633,148848
2018-04-11 00:00:00+00:00,0.77627,0.77725,0.77401,0.77622,129902
2018-04-12 00:00:00+00:00,0.77633,0.77711,0.77386,0.77578,121480
2018-04-13 00:00:00+00:00,0.77613,0.78098,0.77591,0.776,107480
2018-04-15 00:00:00+00:00,0.77659,0.77785,0.7762,0.77726,4898
2018-04-16 00:00:00+00:00,0.77732,0.77843,0.7753,0.77748,90533
2018-04-17 00:00:00+00:00,0.77741,0.77908,0.77605,0.7767,101115
2018-04-18 00:00:00+00:00,0.77672,0.77973,0.77452,0.77877,109119
2018-04-19 00:00:00+00:00,0.77883,0.78122,0.77193,0.77203,138192
2018-04-20 00:00:00+00:00,0.77213,0.77261,0.76558,0.76696,118142
2018-04-22 00:00:00+00:00,0.76691,0.76738,0.76586,0.76589,6514
2018-04-23 00:00:00+00:00,0.76594,0.76826,0.75999,0.76021,118622
2018-04-24 00:00:00+00:00,0.76019,0.762,0.75853,0.76059,158072
2018-04-25 00:00:00+00:00,0.76032,0.76032,0.75527,0.75688,144856
2018-04-26 00:00:00+00:00,0.7568,0.75874,0.75479,0.7554,181966
2018-04-27 00:00:00+00:00,0.75538,0.75831,0.75331,0.75801,148867
2018-04-29 00:00:00+00:00,0.75757,0.75794,0.75713,0.7573,5101
2018-04-30 00:00:00+00:00,0.75721,0.75815,0.75254,0.75317,139624
2018-05-01 00:00:00+00:00,0.75317,0.75455,0.74735,0.74818,146393
2018-05-02 00:00:00+00:00,0.7484,0.75358,0.74765,0.74867,221311
2018-05-03 00:00:00+00:00,0.74867,0.75421,0.74861,0.75285,214311
2018-05-04 00:00:00+00:00,0.75288,0.75599,0.74935,0.75389,168306
2018-05-06 00:00:00+00:00,0.75414,0.75422,0.75233,0.75233,4713
2018-05-07 00:00:00+00:00,0.75233,0.75428,0.74937,0.75192,128447
2018-05-08 00:00:00+00:00,0.75185,0.75265,0.74337,0.7447,192443
2018-05-09 00:00:00+00:00,0.74431,0.74711,0.74138,0.74572,169514
2018-05-10 00:00:00+00:00,0.74588,0.75396,0.7455,0.75255,214116
2018-05-11 00:00:00+00:00,0.75248,0.75657,0.75239,0.75418,156115
2018-05-13 00:00:00+00:00,0.75404,0.75534,0.75404,0.75502,5953
2018-05-14 00:00:00+00:00,0.75513,0.75646,0.75221,0.75257,128619
2018-05-15 00:00:00+00:00,0.75269,0.7537,0.74498,0.74677,195616
2018-05-16 00:00:00+00:00,0.7468,0.75231,0.74481,0.75168,186049
2018-05-17 00:00:00+00:00,0.7517,0.75462,0.74979,0.75051,166361
2018-05-18 00:00:00+00:00,0.75051,0.75277,0.74898,0.7507,137231
2018-05-20 00:00:00+00:00,0.752,0.75303,0.75161,0.75228,7642
2018-05-21 00:00:00+00:00,0.75212,0.75874,0.75035,0.75814,130382
2018-05-22 00:00:00+00:00,0.75803,0.76048,0.75665,0.75783,154345
2018-05-23 00:00:00+00:00,0.75788,0.75819,0.75232,0.75659,227312
2018-05-24 00:00:00+00:00,0.75638,0.75825,0.75438,0.75706,203126
2018-05-25 00:00:00+00:00,0.75703,0.75897,0.75429,0.75451,164373
2018-05-27 00:00:00+00:00,0.75594,0.75618,0.75552,0.75567,8377
2018-05-28 00:00:00+00:00,0.75569,0.75808,0.75406,0.75454,139473
2018-05-29 00:00:00+00:00,0.75461,0.75523,0.74777,0.7483,219396
2018-05-30 00:00:00+00:00,0.74849,0.75838,0.7483,0.75699,209203
2018-05-31 00:00:00+00:00,0.75716,0.75924,0.75531,0.75617,210749
2018-06-01 00:00:00+00:00,0.75609,0.75723,0.75179,0.7565,173182
2018-06-03 00:00:00+00:00,0.75643,0.75717,0.75603,0.75674,6151
2018-06-04 00:00:00+00:00,0.75697,0.76659,0.75697,0.76514,153343
2018-06-05 00:00:00+00:00,0.76536,0.76552,0.7595,0.76237,176910
2018-06-06 00:00:00+00:00,0.76252,0.76761,0.7624,0.76637,158183
2018-06-07 00:00:00+00:00,0.76627,0.76727,0.76129,0.76153,158218
2018-06-08 00:00:00+00:00,0.76147,0.76269,0.75612,0.75947,151545
2018-06-10 00:00:00+00:00,0.75886,0.76024,0.75886,0.76024,2434
2018-06-11 00:00:00+00:00,0.76023,0.76211,0.75958,0.76035,97988
2018-06-12 00:00:00+00:00,0.7603,0.76236,0.75661,0.75741,137967
2018-06-13 00:00:00+00:00,0.75746,0.76087,0.75343,0.75693,165668
2018-06-14 00:00:00+00:00,0.7568,0.75739,0.74652,0.74652,182213
2018-06-15 00:00:00+00:00,0.74645,0.74798,0.74402,0.74403,156804
2018-06-17 00:00:00+00:00,0.7441,0.74426,0.74371,0.74407,5967
2018-06-18 00:00:00+00:00,0.74393,0.74539,0.73979,0.74034,108724
2018-06-19 00:00:00+00:00,0.7401,0.74265,0.73483,0.73896,191919
2018-06-20 00:00:00+00:00,0.73903,0.74086,0.7366,0.73716,158881
2018-06-21 00:00:00+00:00,0.73716,0.73933,0.73456,0.73762,233208
2018-06-22 00:00:00+00:00,0.73772,0.74432,0.73761,0.744,171176
2018-06-24 00:00:00+00:00,0.74392,0.74422,0.74362,0.74394,4664
2018-06-25 00:00:00+00:00,0.7438,0.74384,0.73964,0.74092,173946
2018-06-26 00:00:00+00:00,0.74086,0.7422,0.73802,0.73917,178727
2018-06-27 00:00:00+00:00,0.73907,0.74059,0.73275,0.73411,224947
2018-06-28 00:00:00+00:00,0.7341,0.73609,0.73308,0.73478,205325
2018-06-29 00:00:00+00:00,0.73478,0.74086,0.73362,0.74022,215054
2018-07-01 00:00:00+00:00,0.74026,0.74052,0.73966,0.73975,9891
2018-07-02 00:00:00+00:00,0.73972,0.73976,0.73114,0.73381,145939
2018-07-03 00:00:00+00:00,0.73382,0.74039,0.73155,0.73783,166043
2018-07-04 00:00:00+00:00,0.73777,0.74238,0.73752,0.73793,133103
2018-07-05 00:00:00+00:00,0.73783,0.74078,0.73619,0.73863,162125
2018-07-06 00:00:00+00:00,0.7387,0.74437,0.73767,0.7428,154693
2018-07-08 00:00:00+00:00,0.74308,0.74367,0.74285,0.74367,7745
2018-07-09 00:00:00+00:00,0.74361,0.74831,0.74355,0.74699,122692
2018-07-10 00:00:00+00:00,0.74711,0.74831,0.74137,0.74156,147318
2018-07-11 00:00:00+00:00,0.7417,0.74287,0.73603,0.73651,198018
2018-07-12 00:00:00+00:00,0.73644,0.74193,0.73615,0.74069,153266
2018-07-13 00:00:00+00:00,0.74066,0.74237,0.73694,0.74224,143702
2018-07-15 00:00:00+00:00,0.74186,0.7423,0.74132,0.74181,4825
2018-07-16 00:00:00+00:00,0.74182,0.74419,0.74096,0.74135,146742
2018-07-17 00:00:00+00:00,0.7413,0.74377,0.73763,0.73774,176438
2018-07-18 00:00:00+00:00,0.73787,0.74074,0.73436,0.73984,151917
2018-07-19 00:00:00+00:00,0.73983,0.74354,0.73236,0.73625,247392
2018-07-20 00:00:00+00:00,0.73618,0.74299,0.73189,0.74176,270912
2018-07-22 00:00:00+00:00,0.74177,0.74375,0.74165,0.74316,9089
2018-07-23 00:00:00+00:00,0.74326,0.74358,0.73725,0.73798,172596
2018-07-24 00:00:00+00:00,0.73795,0.7434,0.7361,0.74257,184817
2018-07-25 00:00:00+00:00,0.74257,0.74619,0.73921,0.7459,218202
2018-07-26 00:00:00+00:00,0.74589,0.74627,0.73728,0.73807,191123
2018-07-27 00:00:00+00:00,0.73823,0.74143,0.73705,0.74011,159303
2018-07-29 00:00:00+00:00,0.73995,0.74048,0.73983,0.73983,3560
2018-07-30 00:00:00+00:00,0.73991,0.74128,0.73866,0.74077,128530
2018-07-31 00:00:00+00:00,0.74088,0.74402,0.74043,0.74192,201524
2018-08-01 00:00:00+00:00,0.74179,0.74233,0.73913,0.74052,171234
2018-08-02 00:00:00+00:00,0.74045,0.74086,0.73558,0.73597,162498
2018-08-03 00:00:00+00:00,0.7359,0.74109,0.73484,0.73989,180742
2018-08-05 00:00:00+00:00,0.73969,0.73994,0.73936,0.73936,3901
2018-08-06 00:00:00+00:00,0.73938,0.7405,0.73745,0.73858,125644
2018-08-07 00:00:00+00:00,0.73864,0.74391,0.73842,0.7425,129425
2018-08-08 00:00:00+00:00,0.74262,0.74393,0.73867,0.7426,134665
2018-08-09 00:00:00+00:00,0.74267,0.74527,0.73667,0.73724,156178
2018-08-10 00:00:00+00:00,0.73729,0.73746,0.72809,0.72987,271088
2018-08-12 00:00:00+00:00,0.72745,0.72995,0.7272,0.72885,12277
2018-08-13 00:00:00+00:00,0.72874,0.72916,0.72572,0.72656,240644
2018-08-14 00:00:00+00:00,0.72639,0.72828,0.72246,0.72355,198625
2018-08-15 00:00:00+00:00,0.72347,0.7246,0.72034,0.72328,238162
2018-08-16 00:00:00+00:00,0.72331,0.72862,0.72256,0.72588,247501
2018-08-17 00:00:00+00:00,0.72596,0.73189,0.72546,0.73139,190231
2018-08-19 00:00:00+00:00,0.73149,0.73156,0.73076,0.73083,4249
2018-08-20 00:00:00+00:00,0.7308,0.73454,0.7296,0.73364,161051
2018-08-21 00:00:00+00:00,0.73362,0.73813,0.73339,0.73612,193155
2018-08-22 00:00:00+00:00,0.73613,0.73674,0.7332,0.73339,194117
2018-08-23 00:00:00+00:00,0.73328,0.73328,0.72406,0.72435,183429
2018-08-24 00:00:00+00:00,0.7244,0.73429,0.72385,0.73234,187946
2018-08-26 00:00:00+00:00,0.73251,0.73448,0.7325,0.73423,8592
2018-08-27 00:00:00+00:00,0.73427,0.7356,0.73079,0.73492,144622
2018-08-28 00:00:00+00:00,0.73495,0.73618,0.73221,0.73447,178394
2018-08-29 00:00:00+00:00,0.73447,0.7348,0.7276,0.73108,206717
2018-08-30 00:00:00+00:00,0.73099,0.731,0.72504,0.72621,207474
2018-08-31 00:00:00+00:00,0.72615,0.72643,0.71767,0.71894,236008
2018-09-02 00:00:00+00:00,0.71896,0.71921,0.71834,0.71886,4319
2018-09-03 00:00:00+00:00,0.71884,0.72232,0.7168,0.72075,138410
2018-09-04 00:00:00+00:00,0.7205,0.72341,0.71582,0.71847,212855
2018-09-05 00:00:00+00:00,0.7185,0.72161,0.71497,0.71953,222623
2018-09-06 00:00:00+00:00,0.71958,0.721,0.71662,0.71901,212995
2018-09-07 00:00:00+00:00,0.71906,0.71921,0.7099,0.71024,245514
2018-09-09 00:00:00+00:00,0.7102,0.71144,0.71008,0.71143,5316
2018-09-10 00:00:00+00:00,0.71133,0.71305,0.70995,0.71091,150981
2018-09-11 00:00:00+00:00,0.71074,0.71283,0.70856,0.71104,172864
2018-09-12 00:00:00+00:00,0.71099,0.71817,0.70937,0.71704,185329
2018-09-13 00:00:00+00:00,0.717,0.72285,0.71683,0.71866,188385
2018-09-14 00:00:00+00:00,0.71868,0.72156,0.71506,0.71512,157866
2018-09-16 00:00:00+00:00,0.7153,0.71563,0.71426,0.71426,3986
2018-09-17 00:00:00+00:00,0.71421,0.71962,0.71419,0.71446,134266
2018-09-18 00:00:00+00:00,0.71444,0.72336,0.71444,0.72241,221785
2018-09-19 00:00:00+00:00,0.72245,0.72746,0.72134,0.72587,187966
2018-09-20 00:00:00+00:00,0.72591,0.72927,0.72544,0.72862,163204
2018-09-21 00:00:00+00:00,0.72864,0.73021,0.7263,0.72852,160638
2018-09-23 00:00:00+00:00,0.726,0.72782,0.726,0.72762,5350
2018-09-24 00:00:00+00:00,0.72774,0.72807,0.72485,0.72522,137747
2018-09-25 00:00:00+00:00,0.72521,0.72628,0.72366,0.72478,137888
2018-09-26 00:00:00+00:00,0.72477,0.73067,0.72416,0.72563,185181
2018-09-27 00:00:00+00:00,0.72542,0.7268,0.72023,0.72049,182067
2018-09-28 00:00:00+00:00,0.72042,0.72408,0.7204,0.72227,145601
2018-09-30 00:00:00+00:00,0.72247,0.72313,0.72216,0.72234,5564
2018-10-01 00:00:00+00:00,0.72232,0.72303,0.72071,0.72275,132195
2018-10-02 00:00:00+00:00,0.72282,0.72355,0.71628,0.71867,161656
2018-10-03 00:00:00+00:00,0.71861,0.71962,0.70956,0.70957,192218
2018-10-04 00:00:00+00:00,0.70962,0.71013,0.70656,0.70805,194976
2018-10-05 00:00:00+00:00,0.70804,0.70861,0.70426,0.70488,188826
2018-10-07 00:00:00+00:00,0.7057,0.70593,0.70481,0.70546,11003
2018-10-08 00:00:00+00:00,0.70548,0.70812,0.70427,0.70717,148650
2018-10-09 00:00:00+00:00,0.70728,0.71168,0.70549,0.71152,183939
2018-10-10 00:00:00+00:00,0.71136,0.71298,0.70442,0.70634,220395
2018-10-11 00:00:00+00:00,0.70646,0.71278,0.70606,0.71242,356392
2018-10-12 00:00:00+00:00,0.71253,0.71387,0.71025,0.71101,226789
2018-10-14 00:00:00+00:00,0.711,0.71111,0.71045,0.71069,8290
2018-10-15 00:00:00+00:00,0.71054,0.71482,0.70989,0.71355,198598
2018-10-16 00:00:00+00:00,0.71363,0.71501,0.71127,0.71385,165274
2018-10-17 00:00:00+00:00,0.71395,0.71597,0.71051,0.71107,186437
2018-10-18 00:00:00+00:00,0.71098,0.71508,0.70916,0.70959,224349
2018-10-19 00:00:00+00:00,0.70956,0.71488,0.70899,0.71187,214084
2018-10-21 00:00:00+00:00,0.7115,0.71241,0.71116,0.71133,8286
2018-10-22 00:00:00+00:00,0.71147,0.71248,0.70719,0.70721,184111
2018-10-23 00:00:00+00:00,0.70712,0.7092,0.70558,0.70918,231544
2018-10-24 00:00:00+00:00,0.70925,0.71062,0.70564,0.70629,259940
2018-10-25 00:00:00+00:00,0.70635,0.70991,0.70577,0.70809,247645
2018-10-26 00:00:00+00:00,0.7078,0.71019,0.70211,0.70867,294134
2018-10-28 00:00:00+00:00,0.70953,0.71017,0.70875,0.7097,7298
2018-10-29 00:00:00+00:00,0.70968,0.71072,0.70517,0.70623,246134
2018-10-30 00:00:00+00:00,0.70618,0.7121,0.70593,0.70979,229584
2018-10-31 00:00:00+00:00,0.7098,0.71061,0.70689,0.70827,208404
2018-11-01 00:00:00+00:00,0.70817,0.7212,0.70805,0.72048,216308
2018-11-02 00:00:00+00:00,0.72038,0.72582,0.7183,0.71977,258043
2018-11-04 00:00:00+00:00,0.71929,0.72045,0.71902,0.71985,4607
2018-11-05 00:00:00+00:00,0.7197,0.72164,0.71834,0.72117,173157
2018-11-06 00:00:00+00:00,0.72112,0.72456,0.72056,0.72427,178015
2018-11-07 00:00:00+00:00,0.7243,0.72998,0.72145,0.72745,249310
2018-11-08 00:00:00+00:00,0.72755,0.72994,0.7248,0.72654,241896
2018-11-09 00:00:00+00:00,0.7266,0.72702,0.72196,0.72255,227247
2018-11-11 00:00:00+00:00,0.7219,0.72279,0.72152,0.72265,10364
2018-11-12 00:00:00+00:00,0.72265,0.72366,0.71703,0.71745,200019
2018-11-13 00:00:00+00:00,0.71744,0.7236,0.71642,0.72306,249068
2018-11-14 00:00:00+00:00,0.72289,0.72537,0.71884,0.72328,270701
2018-11-15 00:00:00+00:00,0.72347,0.72979,0.72326,0.72712,271595
2018-11-16 00:00:00+00:00,0.72713,0.73368,0.72502,0.733,206221
2018-11-18 00:00:00+00:00,0.7308,0.73243,0.7308,0.73174,10778
2018-11-19 00:00:00+00:00,0.73162,0.73247,0.72777,0.72951,178428
2018-11-20 00:00:00+00:00,0.72959,0.73,0.72024,0.72166,256320
2018-11-21 00:00:00+00:00,0.72166,0.72767,0.72104,0.72619,220074
2018-11-22 00:00:00+00:00,0.72624,0.72677,0.72346,0.725,139932
2018-11-23 00:00:00+00:00,0.72497,0.72546,0.72195,0.723,153078
2018-11-25 00:00:00+00:00,0.7227,0.72369,0.7227,0.72323,5527
2018-11-26 00:00:00+00:00,0.72319,0.72756,0.72136,0.72233,172449
2018-11-27 00:00:00+00:00,0.72234,0.72659,0.72003,0.72284,203509
2018-11-28 00:00:00+00:00,0.72275,0.7327,0.72218,0.7301,202732
2018-11-29 00:00:00+00:00,0.73013,0.73436,0.72953,0.7322,208112
2018-11-30 00:00:00+00:00,0.7322,0.73255,0.72855,0.73082,172318
2018-12-02 00:00:00+00:00,0.73767,0.73784,0.73557,0.73738,7720
2018-12-03 00:00:00+00:00,0.7372,0.73925,0.73471,0.73561,165344
2018-12-04 00:00:00+00:00,0.73555,0.73934,0.73282,0.73446,216447
2018-12-05 00:00:00+00:00,0.73458,0.73545,0.72579,0.72644,150706
2018-12-06 00:00:00+00:00,0.72643,0.72643,0.71935,0.72335,271750
2018-12-07 00:00:00+00:00,0.72362,0.72406,0.71979,0.71987,221053
2018-12-09 00:00:00+00:00,0.71863,0.71948,0.71794,0.71804,11966
2018-12-10 00:00:00+00:00,0.71821,0.72261,0.71805,0.71908,217747
2018-12-11 00:00:00+00:00,0.71909,0.72246,0.71848,0.72125,219569
2018-12-12 00:00:00+00:00,0.72126,0.72373,0.72019,0.72171,210611
2018-12-13 00:00:00+00:00,0.72151,0.72461,0.7213,0.72224,178644
2018-12-14 00:00:00+00:00,0.72223,0.72282,0.71523,0.71753,177283
2018-12-16 00:00:00+00:00,0.71731,0.71791,0.71713,0.71754,25524
2018-12-17 00:00:00+00:00,0.71754,0.71869,0.71693,0.71765,165915
2018-12-18 00:00:00+00:00,0.71779,0.72033,0.71653,0.71892,199255
2018-12-19 00:00:00+00:00,0.71891,0.72003,0.70874,0.71129,261433
2018-12-20 00:00:00+00:00,0.71122,0.71484,0.70864,0.7116,271137
2018-12-21 00:00:00+00:00,0.71171,0.7122,0.70301,0.70301,219873
2018-12-23 00:00:00+00:00,0.7039,0.7051,0.70335,0.7049,7341
2018-12-24 00:00:00+00:00,0.7048,0.7068,0.70453,0.70503,151259
2018-12-26 00:00:00+00:00,0.70446,0.70773,0.70446,0.70739,108762
2018-12-27 00:00:00+00:00,0.70723,0.70768,0.70171,0.70343,268999
2018-12-28 00:00:00+00:00,0.70351,0.70687,0.7031,0.70359,194472
2018-12-30 00:00:00+00:00,0.70417,0.70487,0.70415,0.70433,8921
2018-12-31 00:00:00+00:00,0.70428,0.70712,0.70368,0.70423,132082
2019-01-02 00:00:00+00:00,0.70243,0.70435,0.67445,0.69165,230567
2019-01-03 00:00:00+00:00,0.69205,0.70192,0.69195,0.70059,298751
2019-01-04 00:00:00+00:00,0.70058,0.71224,0.69945,0.71147,256152
2019-01-06 00:00:00+00:00,0.71139,0.71241,0.711,0.71234,10278
2019-01-07 00:00:00+00:00,0.71225,0.71495,0.7115,0.71443,198330
2019-01-08 00:00:00+00:00,0.71452,0.71651,0.71175,0.71651,216104
2019-01-09 00:00:00+00:00,0.71626,0.71926,0.71439,0.71746,219426
2019-01-10 00:00:00+00:00,0.71763,0.71971,0.71482,0.71868,193127
2019-01-11 00:00:00+00:00,0.71901,0.72343,0.71832,0.72144,187103
2019-01-13 00:00:00+00:00,0.72109,0.7211,0.72013,0.72013,7001
2019-01-14 00:00:00+00:00,0.72012,0.72172,0.71761,0.71991,148878
2019-01-15 00:00:00+00:00,0.72005,0.72245,0.71803,0.72068,187329
2019-01-16 00:00:00+00:00,0.72044,0.72102,0.71626,0.7172,140617
2019-01-17 00:00:00+00:00,0.71697,0.72198,0.71472,0.71894,164454
2019-01-18 00:00:00+00:00,0.7191,0.7205,0.71591,0.71591,135648
2019-01-20 00:00:00+00:00,0.7165,0.7166,0.71601,0.71629,2921
2019-01-21 00:00:00+00:00,0.71619,0.71766,0.71403,0.71587,115807
2019-01-22 00:00:00+00:00,0.71588,0.71603,0.7116,0.71211,130252
2019-01-23 00:00:00+00:00,0.71211,0.7147,0.71199,0.7147,137008
2019-01-24 00:00:00+00:00,0.71477,0.71666,0.70777,0.70925,196877
2019-01-25 00:00:00+00:00,0.70878,0.71844,0.70766,0.71786,175483
2019-01-27 00:00:00+00:00,0.7176,0.7185,0.71738,0.71783,4818
2019-01-28 00:00:00+00:00,0.71781,0.72038,0.71595,0.71657,135169
2019-01-29 00:00:00+00:00,0.71657,0.71754,0.71394,0.7157,159805
2019-01-30 00:00:00+00:00,0.71587,0.72719,0.71504,0.72536,241252
2019-01-31 00:00:00+00:00,0.72534,0.72947,0.7246,0.72718,207694
2019-02-01 00:00:00+00:00,0.72723,0.7284,0.72367,0.72464,177431
2019-02-03 00:00:00+00:00,0.72462,0.72491,0.72432,0.72478,4753
2019-02-04 00:00:00+00:00,0.72489,0.7253,0.72114,0.72126,143741
2019-02-05 00:00:00+00:00,0.72129,0.72642,0.71945,0.72423,165551
2019-02-06 00:00:00+00:00,0.72415,0.72454,0.71025,0.71104,194705
2019-02-07 00:00:00+00:00,0.71111,0.71169,0.70893,0.7094,162865
2019-02-08 00:00:00+00:00,0.70939,0.71013,0.70615,0.70846,156639
2019-02-10 00:00:00+00:00,0.70864,0.71074,0.70827,0.71002,5762
2019-02-11 00:00:00+00:00,0.70973,0.71066,0.70581,0.70622,141544
2019-02-12 00:00:00+00:00,0.7062,0.71069,0.70543,0.71036,152860
2019-02-13 00:00:00+00:00,0.71021,0.71348,0.70849,0.70913,159485
2019-02-14 00:00:00+00:00,0.7091,0.71314,0.70768,0.71039,201427
2019-02-15 00:00:00+00:00,0.71038,0.71484,0.70814,0.714,164068
2019-02-17 00:00:00+00:00,0.7133,0.71472,0.71329,0.71449,6147
2019-02-18 00:00:00+00:00,0.7144,0.71603,0.7125,0.7131,131125
2019-02-19 00:00:00+00:00,0.71298,0.71736,0.71037,0.71673,170595
2019-02-20 00:00:00+00:00,0.71684,0.71826,0.71426,0.71685,206024
2019-02-21 00:00:00+00:00,0.71697,0.72061,0.70714,0.7108,273944
2019-02-22 00:00:00+00:00,0.71083,0.71487,0.70849,0.71248,210692
2019-02-24 00:00:00+00:00,0.71344,0.71569,0.71318,0.71569,7800
2019-02-25 00:00:00+00:00,0.71545,0.7184,0.71347,0.7172,176974
2019-02-26 00:00:00+00:00,0.71698,0.71974,0.71426,0.71933,174192
2019-02-27 00:00:00+00:00,0.71944,0.71948,0.71278,0.71483,198834
2019-02-28 00:00:00+00:00,0.71434,0.71602,0.70913,0.71013,209114
2019-03-01 00:00:00+00:00,0.70993,0.71214,0.70706,0.70766,145036
2019-03-03 00:00:00+00:00,0.71059,0.71068,0.70939,0.70991,8557
2019-03-04 00:00:00+00:00,0.70989,0.71002,0.70753,0.70897,167546
2019-03-05 00:00:00+00:00,0.70907,0.70921,0.70608,0.70872,160995
2019-03-06 00:00:00+00:00,0.70874,0.70887,0.70214,0.70319,160042
2019-03-07 00:00:00+00:00,0.70321,0.70503,0.70051,0.70237,151268
2019-03-08 00:00:00+00:00,0.70224,0.70517,0.70036,0.70433,158080
2019-03-10 00:00:00+00:00,0.70302,0.70429,0.70302,0.70376,6936
2019-03-11 00:00:00+00:00,0.70356,0.70775,0.70269,0.70719,122106
2019-03-12 00:00:00+00:00,0.70716,0.70914,0.7055,0.70624,141087
2019-03-13 00:00:00+00:00,0.70626,0.70977,0.70499,0.7086,134331
2019-03-14 00:00:00+00:00,0.70858,0.70858,0.70419,0.70677,149076
2019-03-15 00:00:00+00:00,0.70707,0.70959,0.70668,0.70817,127078
2019-03-17 00:00:00+00:00,0.70843,0.70873,0.70784,0.70833,5021
2019-03-18 00:00:00+00:00,0.70827,0.71194,0.70827,0.70986,124090
2019-03-19 00:00:00+00:00,0.70978,0.71106,0.70856,0.70875,147797
2019-03-20 00:00:00+00:00,0.70864,0.71486,0.70568,0.71333,184279
2019-03-21 00:00:00+00:00,0.71336,0.71662,0.70907,0.71061,201443
2019-03-22 00:00:00+00:00,0.71074,0.71143,0.70763,0.7079,198820
2019-03-24 00:00:00+00:00,0.70766,0.70825,0.70743,0.70806,4881
2019-03-25 00:00:00+00:00,0.70805,0.71163,0.70663,0.71157,149201
2019-03-26 00:00:00+00:00,0.71145,0.71477,0.71145,0.71366,137939
2019-03-27 00:00:00+00:00,0.71372,0.71377,0.70694,0.70838,180136
2019-03-28 00:00:00+00:00,0.70782,0.71058,0.70651,0.70823,160334
2019-03-29 00:00:00+00:00,0.70821,0.71035,0.70751,0.70956,143610
2019-03-31 00:00:00+00:00,0.71188,0.71188,0.71051,0.71121,8264
2019-04-01 00:00:00+00:00,0.71129,0.71317,0.71015,0.71095,137341
2019-04-02 00:00:00+00:00,0.71096,0.71131,0.70532,0.7057,146823
2019-04-03 00:00:00+00:00,0.70554,0.71294,0.70547,0.7117,139495
2019-04-04 00:00:00+00:00,0.71181,0.71271,0.70985,0.71087,108809
2019-04-05 00:00:00+00:00,0.71077,0.7131,0.70927,0.71031,97021
2019-04-07 00:00:00+00:00,0.7103,0.71081,0.71,0.71001,4517
2019-04-08 00:00:00+00:00,0.70998,0.71302,0.70881,0.71211,92745
2019-04-09 00:00:00+00:00,0.7121,0.71522,0.71209,0.71275,100374
2019-04-10 00:00:00+00:00,0.7128,0.71747,0.71101,0.71661,138685
2019-04-11 00:00:00+00:00,0.71654,0.71681,0.7117,0.71227,120172
2019-04-12 00:00:00+00:00,0.71202,0.71922,0.71162,0.71717,131895
2019-04-14 00:00:00+00:00,0.71757,0.71791,0.71695,0.71706,5487
2019-04-15 00:00:00+00:00,0.7171,0.71817,0.71643,0.7173,112892
2019-04-16 00:00:00+00:00,0.71736,0.71788,0.71403,0.71643,138527
2019-04-17 00:00:00+00:00,0.71643,0.72043,0.71566,0.71724,134258
2019-04-18 00:00:00+00:00,0.71735,0.71906,0.71374,0.7146,125885
2019-04-19 00:00:00+00:00,0.71456,0.71571,0.71446,0.71477,38688
2019-04-21 00:00:00+00:00,0.71516,0.71517,0.71438,0.71476,3205
2019-04-22 00:00:00+00:00,0.71463,0.71507,0.71287,0.71336,60275
2019-04-23 00:00:00+00:00,0.71301,0.71313,0.70819,0.70968,108865
2019-04-24 00:00:00+00:00,0.70968,0.7099,0.70043,0.70134,154712
2019-04-25 00:00:00+00:00,0.70123,0.70227,0.69888,0.70169,123382
2019-04-26 00:00:00+00:00,0.70164,0.70603,0.70072,0.70359,132985
2019-04-28 00:00:00+00:00,0.70365,0.70443,0.70365,0.70427,3411
2019-04-29 00:00:00+00:00,0.70427,0.70605,0.70395,0.70547,78425
2019-04-30 00:00:00+00:00,0.70542,0.70671,0.7032,0.70493,127329
2019-05-01 00:00:00+00:00,0.70487,0.7061,0.70095,0.70137,116072
2019-05-02 00:00:00+00:00,0.70129,0.70285,0.69932,0.69932,115681
2019-05-03 00:00:00+00:00,0.6993,0.7024,0.69872,0.70201,109346
2019-05-05 00:00:00+00:00,0.697,0.69977,0.6968,0.6974,21345
2019-05-06 00:00:00+00:00,0.69716,0.70021,0.69631,0.69924,141085
2019-05-07 00:00:00+00:00,0.69918,0.70477,0.69889,0.70079,168241
2019-05-08 00:00:00+00:00,0.70081,0.7026,0.6986,0.69916,180983
2019-05-09 00:00:00+00:00,0.69919,0.69976,0.69653,0.69875,180817
2019-05-10 00:00:00+00:00,0.69887,0.70175,0.69852,0.69981,223817
2019-05-12 00:00:00+00:00,0.69901,0.70003,0.69836,0.69836,10895
2019-05-13 00:00:00+00:00,0.69829,0.6986,0.69401,0.69446,164834
2019-05-14 00:00:00+00:00,0.69453,0.69585,0.69356,0.69377,136492
2019-05-15 00:00:00+00:00,0.6937,0.6937,0.69151,0.69257,154422
2019-05-16 00:00:00+00:00,0.69252,0.69328,0.68887,0.68917,140731
2019-05-17 00:00:00+00:00,0.68915,0.6897,0.68649,0.6866,137381
2019-05-19 00:00:00+00:00,0.69107,0.69107,0.68902,0.69016,10700
2019-05-20 00:00:00+00:00,0.6901,0.69339,0.68998,0.692,127286
2019-05-21 00:00:00+00:00,0.69211,0.69235,0.68666,0.68826,148335
2019-05-22 00:00:00+00:00,0.68826,0.6895,0.68713,0.68771,113397
2019-05-23 00:00:00+00:00,0.68778,0.69034,0.68652,0.68982,142587
2019-05-24 00:00:00+00:00,0.68982,0.69344,0.68817,0.69252,114352
2019-05-26 00:00:00+00:00,0.69301,0.69355,0.6927,0.69296,7518
2019-05-27 00:00:00+00:00,0.69296,0.69384,0.69126,0.69201,90824
2019-05-28 00:00:00+00:00,0.69195,0.69348,0.69165,0.69251,135848
2019-05-29 00:00:00+00:00,0.69259,0.69313,0.69051,0.69183,149235
2019-05-30 00:00:00+00:00,0.69189,0.69363,0.69007,0.69052,127201
2019-05-31 00:00:00+00:00,0.69046,0.69437,0.69021,0.69359,194232
2019-06-02 00:00:00+00:00,0.69261,0.69341,0.69261,0.69288,13635
2019-06-03 00:00:00+00:00,0.69279,0.69813,0.69279,0.69702,188646
2019-06-04 00:00:00+00:00,0.69701,0.7004,0.69636,0.69906,213909
2019-06-05 00:00:00+00:00,0.69906,0.70071,0.69621,0.69699,220873
2019-06-06 00:00:00+00:00,0.69705,0.69925,0.69642,0.6974,255365
2019-06-07 00:00:00+00:00,0.69738,0.70212,0.69641,0.6998,224187
2019-06-09 00:00:00+00:00,0.70045,0.70065,0.69931,0.69953,12260
2019-06-10 00:00:00+00:00,0.69958,0.69988,0.69568,0.69609,194993
2019-06-11 00:00:00+00:00,0.69621,0.69659,0.6948,0.69608,190503
2019-06-12 00:00:00+00:00,0.69604,0.69623,0.69256,0.69298,211539
2019-06-13 00:00:00+00:00,0.69293,0.69354,0.69017,0.69108,207969
2019-06-14 00:00:00+00:00,0.69111,0.69138,0.68617,0.68691,160526
2019-06-16 00:00:00+00:00,0.68731,0.68794,0.68705,0.68775,10782
2019-06-17 00:00:00+00:00,0.6877,0.68836,0.68492,0.68517,122444
2019-06-18 00:00:00+00:00,0.68519,0.68811,0.68327,0.68811,178209
2019-06-19 00:00:00+00:00,0.68812,0.69054,0.6856,0.68852,195132
2019-06-20 00:00:00+00:00,0.68846,0.69344,0.68833,0.69208,247106
2019-06-21 00:00:00+00:00,0.69197,0.69376,0.69037,0.6924,204260
2019-06-23 00:00:00+00:00,0.693,0.69462,0.6929,0.69462,19365
2019-06-24 00:00:00+00:00,0.69458,0.6969,0.69439,0.69655,182377
2019-06-25 00:00:00+00:00,0.69672,0.69778,0.69438,0.69606,316095
2019-06-26 00:00:00+00:00,0.69611,0.69946,0.69565,0.69851,207734
2019-06-27 00:00:00+00:00,0.69865,0.70085,0.69844,0.70048,172164
2019-06-28 00:00:00+00:00,0.70061,0.7023,0.69986,0.70219,158013
2019-06-30 00:00:00+00:00,0.7028,0.70332,0.70224,0.70225,18317
2019-07-01 00:00:00+00:00,0.70217,0.70237,0.69566,0.69648,159688
2019-07-02 00:00:00+00:00,0.69641,0.69997,0.69622,0.69942,143171
2019-07-03 00:00:00+00:00,0.69931,0.7039,0.6986,0.70307,119628
2019-07-04 00:00:00+00:00,0.70309,0.70476,0.70159,0.70247,75401
2019-07-05 00:00:00+00:00,0.70254,0.70287,0.69576,0.69776,118939
2019-07-07 00:00:00+00:00,0.69752,0.69835,0.69752,0.69811,3449
2019-07-08 00:00:00+00:00,0.69807,0.69938,0.69673,0.6972,79560
2019-07-09 00:00:00+00:00,0.69713,0.69741,0.69213,0.69251,92906
2019-07-10 00:00:00+00:00,0.69237,0.69688,0.69107,0.6958,134264
2019-07-11 00:00:00+00:00,0.69579,0.69873,0.69545,0.69715,128734
2019-07-12 00:00:00+00:00,0.69723,0.70245,0.69719,0.70178,106372
2019-07-14 00:00:00+00:00,0.70131,0.70231,0.70131,0.70166,3890
2019-07-15 00:00:00+00:00,0.70175,0.70438,0.70122,0.70376,84080
2019-07-16 00:00:00+00:00,0.70386,0.70426,0.70101,0.70157,120792
2019-07-17 00:00:00+00:00,0.70163,0.70245,0.69967,0.70083,105333
2019-07-18 00:00:00+00:00,0.70081,0.70813,0.70064,0.70679,155952
2019-07-19 00:00:00+00:00,0.70678,0.70771,0.70385,0.70385,137072
2019-07-21 00:00:00+00:00,0.70411,0.70462,0.70411,0.70429,5709
2019-07-22 00:00:00+00:00,0.70426,0.70567,0.70281,0.70292,111044
2019-07-23 00:00:00+00:00,0.70311,0.70346,0.69932,0.6995,106745
2019-07-24 00:00:00+00:00,0.69942,0.69953,0.6973,0.69777,108311
2019-07-25 00:00:00+00:00,0.69769,0.69838,0.69431,0.69504,144286
2019-07-26 00:00:00+00:00,0.69511,0.69551,0.69028,0.69089,95148
2019-07-28 00:00:00+00:00,0.69055,0.69127,0.69051,0.69055,4159
2019-07-29 00:00:00+00:00,0.6906,0.69158,0.68948,0.6898,63639
2019-07-30 00:00:00+00:00,0.68974,0.69076,0.68688,0.68745,94885
2019-07-31 00:00:00+00:00,0.68733,0.6899,0.68334,0.68451,209661
2019-08-01 00:00:00+00:00,0.68444,0.68677,0.67957,0.68017,209936
2019-08-02 00:00:00+00:00,0.68048,0.68185,0.67633,0.67981,208836
2019-08-04 00:00:00+00:00,0.67926,0.67954,0.67896,0.67903,5522
2019-08-05 00:00:00+00:00,0.67894,0.68038,0.67485,0.67625,208450
2019-08-06 00:00:00+00:00,0.67649,0.68006,0.67537,0.67621,185834
2019-08-07 00:00:00+00:00,0.67625,0.67812,0.66844,0.67571,228253
2019-08-08 00:00:00+00:00,0.67567,0.68179,0.67527,0.68106,171165
2019-08-09 00:00:00+00:00,0.68117,0.68179,0.67801,0.67845,138446
2019-08-11 00:00:00+00:00,0.67805,0.67855,0.67759,0.67769,5063
2019-08-12 00:00:00+00:00,0.67793,0.67957,0.67455,0.67556,168219
2019-08-13 00:00:00+00:00,0.67555,0.68166,0.67487,0.67967,297187
2019-08-14 00:00:00+00:00,0.67968,0.68022,0.67359,0.67543,326962
2019-08-15 00:00:00+00:00,0.67554,0.6788,0.67546,0.67722,351302
2019-08-16 00:00:00+00:00,0.67713,0.67952,0.67711,0.67745,243102
2019-08-18 00:00:00+00:00,0.67772,0.67867,0.67771,0.67859,14864
2019-08-19 00:00:00+00:00,0.67855,0.67884,0.67547,0.67553,189023
2019-08-20 00:00:00+00:00,0.67561,0.6795,0.67561,0.67737,203395
2019-08-21 00:00:00+00:00,0.67735,0.67987,0.67734,0.67843,160450
2019-08-22 00:00:00+00:00,0.67827,0.6784,0.67512,0.67557,206898
2019-08-23 00:00:00+00:00,0.67556,0.6777,0.67382,0.67485,310128
2019-08-25 00:00:00+00:00,0.6736,0.67407,0.66902,0.67063,81493
2019-08-26 00:00:00+00:00,0.67105,0.67877,0.67105,0.67696,431574
2019-08-27 00:00:00+00:00,0.67695,0.67762,0.67467,0.67544,256947
2019-08-28 00:00:00+00:00,0.67553,0.67593,0.67326,0.67395,231860
2019-08-29 00:00:00+00:00,0.67394,0.67532,0.67172,0.67355,234601
2019-08-30 00:00:00+00:00,0.67341,0.67395,0.67077,0.67336,192494
2019-09-01 00:00:00+00:00,0.6724,0.67342,0.67227,0.67256,47533
2019-09-02 00:00:00+00:00,0.6727,0.67342,0.671,0.67115,129740
2019-09-03 00:00:00+00:00,0.67122,0.67639,0.66883,0.67633,200890
2019-09-04 00:00:00+00:00,0.67653,0.68005,0.67592,0.67967,181662
2019-09-05 00:00:00+00:00,0.67974,0.68296,0.6797,0.68115,212319
2019-09-06 00:00:00+00:00,0.68122,0.68612,0.68073,0.68452,161540
2019-09-08 00:00:00+00:00,0.6837,0.68489,0.6837,0.68459,16949
2019-09-09 00:00:00+00:00,0.68458,0.68754,0.68382,0.68639,160369
2019-09-10 00:00:00+00:00,0.6864,0.68701,0.68489,0.68579,141451
2019-09-11 00:00:00+00:00,0.68574,0.6879,0.68491,0.68747,138020
2019-09-12 00:00:00+00:00,0.6876,0.68932,0.68608,0.68627,197195
2019-09-13 00:00:00+00:00,0.68629,0.68904,0.68591,0.68796,110593
2019-09-15 00:00:00+00:00,0.68623,0.68834,0.68622,0.68779,22812
2019-09-16 00:00:00+00:00,0.68791,0.68833,0.68541,0.68616,164597
2019-09-17 00:00:00+00:00,0.68629,0.6869,0.68306,0.68654,173326
2019-09-18 00:00:00+00:00,0.68656,0.68656,0.68143,0.68231,159865
2019-09-19 00:00:00+00:00,0.68231,0.68231,0.67805,0.67911,147006
2019-09-20 00:00:00+00:00,0.67904,0.68085,0.67604,0.67626,124523
2019-09-22 00:00:00+00:00,0.6772,0.67726,0.6765,0.67684,12001
2019-09-23 00:00:00+00:00,0.67679,0.67813,0.67659,0.67733,127714
2019-09-24 00:00:00+00:00,0.67741,0.68046,0.67657,0.67973,122297
2019-09-25 00:00:00+00:00,0.67972,0.68022,0.67391,0.67542,147696
2019-09-26 00:00:00+00:00,0.67541,0.67798,0.67461,0.67531,142362
2019-09-27 00:00:00+00:00,0.67524,0.67783,0.67441,0.67616,126673
2019-09-29 00:00:00+00:00,0.67581,0.6766,0.67574,0.67615,13955
2019-09-30 00:00:00+00:00,0.67612,0.67684,0.67418,0.67503,122240
2019-10-01 00:00:00+00:00,0.67508,0.67621,0.66726,0.67079,175156
2019-10-02 00:00:00+00:00,0.67075,0.67184,0.66716,0.6708,162853
2019-10-03 00:00:00+00:00,0.6709,0.67531,0.67025,0.67445,161270
2019-10-04 00:00:00+00:00,0.67454,0.67737,0.67435,0.67684,147517
2019-10-06 00:00:00+00:00,0.6755,0.67652,0.6755,0.67634,23167
2019-10-07 00:00:00+00:00,0.6764,0.67642,0.67289,0.67324,135348
2019-10-08 00:00:00+00:00,0.67331,0.67562,0.67235,0.67283,152370
2019-10-09 00:00:00+00:00,0.67291,0.67482,0.67108,0.67192,165002
2019-10-10 00:00:00+00:00,0.67195,0.67737,0.67143,0.67625,212992
2019-10-11 00:00:00+00:00,0.67625,0.681,0.67598,0.67904,168044
2019-10-13 00:00:00+00:00,0.67885,0.67975,0.67877,0.67975,20307
2019-10-14 00:00:00+00:00,0.67944,0.67968,0.67512,0.6775,170009
2019-10-15 00:00:00+00:00,0.67727,0.67882,0.6743,0.67531,166415
2019-10-16 00:00:00+00:00,0.67524,0.67655,0.67237,0.67559,162310
2019-10-17 00:00:00+00:00,0.67552,0.68329,0.6754,0.68247,153740
2019-10-18 00:00:00+00:00,0.68261,0.68568,0.68229,0.68568,101231
2019-10-20 00:00:00+00:00,0.68452,0.68524,0.68407,0.68484,30668
2019-10-21 00:00:00+00:00,0.68483,0.688,0.68483,0.68704,112873
2019-10-22 00:00:00+00:00,0.68702,0.68826,0.68506,0.68607,147797
2019-10-23 00:00:00+00:00,0.68592,0.68605,0.68341,0.68499,135370
2019-10-24 00:00:00+00:00,0.68496,0.68572,0.68115,0.68163,144622
2019-10-25 00:00:00+00:00,0.68169,0.68361,0.681,0.68203,99095
2019-10-27 00:00:00+00:00,0.68178,0.68253,0.68178,0.68224,19562
2019-10-28 00:00:00+00:00,0.6822,0.68452,0.6811,0.68392,116953
2019-10-29 00:00:00+00:00,0.68394,0.68716,0.68393,0.68559,137666
2019-10-30 00:00:00+00:00,0.68566,0.69027,0.68488,0.68972,183595
2019-10-31 00:00:00+00:00,0.68991,0.69289,0.68838,0.68924,189011
2019-11-01 00:00:00+00:00,0.68931,0.69208,0.68843,0.69126,157020
2019-11-03 00:00:00+00:00,0.69141,0.69153,0.69078,0.69151,7023
2019-11-04 00:00:00+00:00,0.69166,0.69247,0.68768,0.68889,140578
2019-11-05 00:00:00+00:00,0.68874,0.6928,0.68783,0.68895,182551
2019-11-06 00:00:00+00:00,0.68891,0.69069,0.68704,0.68765,132802
2019-11-07 00:00:00+00:00,0.68761,0.69128,0.68621,0.68989,178876
2019-11-08 00:00:00+00:00,0.68981,0.69053,0.68482,0.68561,135140
2019-11-10 00:00:00+00:00,0.68551,0.6861,0.6855,0.68575,6745
2019-11-11 00:00:00+00:00,0.68584,0.6865,0.68455,0.68484,97871
2019-11-12 00:00:00+00:00,0.68484,0.68572,0.68324,0.68415,132496
2019-11-13 00:00:00+00:00,0.68415,0.68559,0.68218,0.68392,148597
2019-11-14 00:00:00+00:00,0.68384,0.68407,0.677,0.67867,153388
2019-11-15 00:00:00+00:00,0.67866,0.6821,0.67809,0.68175,105658
2019-11-17 00:00:00+00:00,0.6812,0.68165,0.68109,0.68148,5190
2019-11-18 00:00:00+00:00,0.68148,0.68219,0.67989,0.68044,106891
2019-11-19 00:00:00+00:00,0.68046,0.68328,0.6785,0.68244,114671
2019-11-20 00:00:00+00:00,0.68256,0.68299,0.67904,0.67976,116378
2019-11-21 00:00:00+00:00,0.67986,0.68136,0.67843,0.67884,140249
2019-11-22 00:00:00+00:00,0.67878,0.6802,0.67806,0.6781,103091
2019-11-24 00:00:00+00:00,0.679,0.67917,0.67869,0.67915,6345
2019-11-25 00:00:00+00:00,0.67917,0.67992,0.67682,0.67767,89224
2019-11-26 00:00:00+00:00,0.67751,0.67934,0.67723,0.67868,114730
2019-11-27 00:00:00+00:00,0.67877,0.67907,0.67607,0.67683,93367
2019-11-28 00:00:00+00:00,0.67681,0.67736,0.67619,0.67677,77886
2019-11-29 00:00:00+00:00,0.67677,0.67794,0.67543,0.676,77427
2019-12-01 00:00:00+00:00,0.6768,0.67692,0.67622,0.67652,9902
2019-12-02 00:00:00+00:00,0.67647,0.68255,0.67644,0.68177,100775
2019-12-03 00:00:00+00:00,0.6817,0.68614,0.68162,0.68497,120393
2019-12-04 00:00:00+00:00,0.68505,0.68551,0.68134,0.68491,134217
2019-12-05 00:00:00+00:00,0.68486,0.68544,0.68214,0.68323,103567
2019-12-06 00:00:00+00:00,0.68339,0.68565,0.68243,0.68396,114264
2019-12-08 00:00:00+00:00,0.6831,0.68382,0.68305,0.68352,5375
2019-12-09 00:00:00+00:00,0.6836,0.6836,0.68208,0.68262,83465
2019-12-10 00:00:00+00:00,0.68255,0.68367,0.68003,0.6811,115781
2019-12-11 00:00:00+00:00,0.6813,0.68889,0.68066,0.68699,114273
2019-12-12 00:00:00+00:00,0.687,0.69377,0.687,0.69255,166488
2019-12-13 00:00:00+00:00,0.69249,0.69286,0.68639,0.68735,189889
2019-12-15 00:00:00+00:00,0.68811,0.68836,0.68701,0.68746,19668
2019-12-16 00:00:00+00:00,0.68745,0.6897,0.68685,0.68724,106615
2019-12-17 00:00:00+00:00,0.68734,0.68765,0.68391,0.68506,105339
2019-12-18 00:00:00+00:00,0.68504,0.68638,0.68394,0.6855,99760
2019-12-19 00:00:00+00:00,0.68552,0.68909,0.68544,0.68899,105753
2019-12-20 00:00:00+00:00,0.68909,0.69065,0.68845,0.68977,83621
2019-12-22 00:00:00+00:00,0.6894,0.69058,0.6893,0.69058,6889
2019-12-23 00:00:00+00:00,0.69059,0.69281,0.68974,0.69257,97957
2019-12-24 00:00:00+00:00,0.69259,0.69298,0.69128,0.6921,82768
2019-12-26 00:00:00+00:00,0.6929,0.69493,0.69219,0.69466,25159
2019-12-27 00:00:00+00:00,0.69476,0.6987,0.69444,0.69804,109530
2019-12-29 00:00:00+00:00,0.6981,0.69855,0.69784,0.69819,6090
2019-12-30 00:00:00+00:00,0.69837,0.70042,0.69837,0.70012,127843
2019-12-31 00:00:00+00:00,0.7003,0.70318,0.7,0.70162,91749
2020-01-02 00:00:00+00:00,0.7,0.70057,0.69787,0.69833,74042
2020-01-03 00:00:00+00:00,0.69814,0.69866,0.6931,0.69448,141630
2020-01-05 00:00:00+00:00,0.6941,0.69443,0.69336,0.69435,13435
2020-01-06 00:00:00+00:00,0.69454,0.69575,0.69261,0.69368,131666
2020-01-07 00:00:00+00:00,0.69372,0.69389,0.68504,0.68596,154244
2020-01-08 00:00:00+00:00,0.68589,0.68847,0.68493,0.68752,232283
2020-01-09 00:00:00+00:00,0.68749,0.68798,0.68505,0.68533,117852
2020-01-10 00:00:00+00:00,0.68525,0.69107,0.68509,0.68997,120860
2020-01-12 00:00:00+00:00,0.68973,0.69053,0.68959,0.68998,5598
2020-01-13 00:00:00+00:00,0.69,0.69194,0.68949,0.68973,120572
2020-01-14 00:00:00+00:00,0.6899,0.69082,0.68855,0.68947,131725
2020-01-15 00:00:00+00:00,0.68938,0.69164,0.68783,0.69073,120320
2020-01-16 00:00:00+00:00,0.69071,0.69328,0.68879,0.68983,118790
2020-01-17 00:00:00+00:00,0.68962,0.69103,0.68711,0.6873,105937
2020-01-19 00:00:00+00:00,0.6872,0.68829,0.6872,0.68813,8644
2020-01-20 00:00:00+00:00,0.68818,0.68881,0.68555,0.68756,84296
2020-01-21 00:00:00+00:00,0.68762,0.68802,0.68423,0.68474,138899
2020-01-22 00:00:00+00:00,0.6847,0.68562,0.68275,0.68414,133755
2020-01-23 00:00:00+00:00,0.68416,0.68785,0.68297,0.68482,170178
2020-01-24 00:00:00+00:00,0.68471,0.68556,0.68178,0.68247,123543
2020-01-26 00:00:00+00:00,0.6811,0.68175,0.68014,0.68014,31940
2020-01-27 00:00:00+00:00,0.68027,0.68164,0.6753,0.67618,164792
2020-01-28 00:00:00+00:00,0.67608,0.67652,0.6737,0.67638,148747
2020-01-29 00:00:00+00:00,0.67639,0.67773,0.67359,0.67533,132048
2020-01-30 00:00:00+00:00,0.67523,0.67526,0.67006,0.67055,169663
2020-01-31 00:00:00+00:00,0.67069,0.67287,0.66833,0.66866,157918
2020-02-02 00:00:00+00:00,0.66835,0.66953,0.66835,0.66927,14799
2020-02-03 00:00:00+00:00,0.66914,0.67068,0.66839,0.66896,163765
2020-02-04 00:00:00+00:00,0.66891,0.67415,0.66795,0.67311,165878
2020-02-05 00:00:00+00:00,0.67325,0.67736,0.67244,0.67514,166530
2020-02-06 00:00:00+00:00,0.67512,0.67642,0.67273,0.67313,134289
2020-02-07 00:00:00+00:00,0.67312,0.67312,0.66639,0.66717,136647
2020-02-09 00:00:00+00:00,0.6665,0.66785,0.6665,0.66701,15563
2020-02-10 00:00:00+00:00,0.66696,0.67069,0.66696,0.66895,144289
2020-02-11 00:00:00+00:00,0.66883,0.67366,0.66827,0.67185,128205
2020-02-12 00:00:00+00:00,0.67192,0.67498,0.67075,0.67133,140250
2020-02-13 00:00:00+00:00,0.67161,0.67448,0.67122,0.67189,136743
2020-02-14 00:00:00+00:00,0.67197,0.67301,0.67096,0.67121,90855
2020-02-16 00:00:00+00:00,0.67219,0.67292,0.67164,0.67254,7629
2020-02-17 00:00:00+00:00,0.67242,0.67333,0.67075,0.67094,67644
2020-02-18 00:00:00+00:00,0.67089,0.67091,0.6674,0.6694,112967
2020-02-19 00:00:00+00:00,0.66946,0.67072,0.66654,0.66808,95916
2020-02-20 00:00:00+00:00,0.6682,0.66911,0.66105,0.66117,163432
2020-02-21 00:00:00+00:00,0.66118,0.66386,0.65861,0.66264,142487
2020-02-23 00:00:00+00:00,0.6585,0.66087,0.6585,0.66057,17567
2020-02-24 00:00:00+00:00,0.66055,0.66193,0.65877,0.66106,176242
2020-02-25 00:00:00+00:00,0.66112,0.66222,0.65867,0.6605,174153
2020-02-26 00:00:00+00:00,0.66032,0.66056,0.65425,0.65468,203940
2020-02-27 00:00:00+00:00,0.65493,0.65896,0.65457,0.65803,235322
2020-02-28 00:00:00+00:00,0.65812,0.65844,0.64374,0.6506,373010
2020-03-01 00:00:00+00:00,0.64656,0.65236,0.64656,0.65136,19309
2020-03-02 00:00:00+00:00,0.65125,0.65677,0.64892,0.65489,301526
2020-03-03 00:00:00+00:00,0.65445,0.6643,0.65107,0.65827,324904
2020-03-04 00:00:00+00:00,0.65861,0.66284,0.65861,0.66284,204367
2020-03-05 00:00:00+00:00,0.66271,0.66366,0.65848,0.66159,145618
2020-03-06 00:00:00+00:00,0.66181,0.66573,0.65858,0.66454,199710
2020-03-08 00:00:00+00:00,0.66066,0.66211,0.6594,0.66124,46328
2020-03-09 00:00:00+00:00,0.66121,0.66839,0.63356,0.65974,478083
2020-03-10 00:00:00+00:00,0.66025,0.66035,0.64662,0.64943,394174
2020-03-11 00:00:00+00:00,0.64945,0.65359,0.64724,0.64769,348704
2020-03-12 00:00:00+00:00,0.64769,0.64807,0.62167,0.62744,624873
2020-03-13 00:00:00+00:00,0.62814,0.63206,0.61278,0.61836,514179
2020-03-15 00:00:00+00:00,0.61794,0.63012,0.61121,0.61784,36582
2020-03-16 00:00:00+00:00,0.6178,0.61843,0.60812,0.61018,576473
2020-03-17 00:00:00+00:00,0.61027,0.61432,0.59617,0.59896,483826
2020-03-18 00:00:00+00:00,0.59886,0.60265,0.57054,0.57909,613301
2020-03-19 00:00:00+00:00,0.58025,0.59515,0.5516,0.57433,805584
2020-03-20 00:00:00+00:00,0.57443,0.59783,0.57143,0.58067,728695
2020-03-22 00:00:00+00:00,0.581,0.58248,0.57057,0.57516,71249
2020-03-23 00:00:00+00:00,0.5763,0.58778,0.5701,0.58751,1052230
2020-03-24 00:00:00+00:00,0.58758,0.5989,0.58655,0.59684,705144
2020-03-25 00:00:00+00:00,0.59637,0.6071,0.58938,0.59014,581746
2020-03-26 00:00:00+00:00,0.59012,0.60871,0.58713,0.60777,482431
2020-03-27 00:00:00+00:00,0.60744,0.61997,0.60239,0.6165,487789
2020-03-29 00:00:00+00:00,0.61466,0.6179,0.61135,0.61738,48264
2020-03-30 00:00:00+00:00,0.61711,0.61807,0.61144,0.61648,503332
2020-03-31 00:00:00+00:00,0.61628,0.62074,0.60829,0.61378,656370
2020-04-01 00:00:00+00:00,0.61395,0.61447,0.60416,0.609,443098
2020-04-02 00:00:00+00:00,0.60863,0.61176,0.60103,0.60646,451984
2020-04-03 00:00:00+00:00,0.60678,0.60751,0.59813,0.59908,355057
2020-04-05 00:00:00+00:00,0.6012,0.60143,0.5992,0.5993,28455
2020-04-06 00:00:00+00:00,0.59947,0.61214,0.59912,0.61169,315345
2020-04-07 00:00:00+00:00,0.61175,0.62078,0.60985,0.61513,377531
2020-04-08 00:00:00+00:00,0.61551,0.62412,0.61171,0.62331,372691
2020-04-09 00:00:00+00:00,0.6232,0.63479,0.61953,0.63306,316562
2020-04-10 00:00:00+00:00,0.63313,0.63675,0.63128,0.63504,47056
2020-04-12 00:00:00+00:00,0.63447,0.63563,0.63272,0.63346,13152
2020-04-13 00:00:00+00:00,0.63382,0.64063,0.63313,0.63993,182321
2020-04-14 00:00:00+00:00,0.63982,0.64444,0.63753,0.64348,246026
2020-04-15 00:00:00+00:00,0.64339,0.64339,0.62848,0.63085,288100
2020-04-16 00:00:00+00:00,0.63094,0.63803,0.62654,0.63595,365040
2020-04-17 00:00:00+00:00,0.63591,0.63822,0.63161,0.63609,289135
2020-04-19 00:00:00+00:00,0.63603,0.63656,0.63365,0.63365,15540
2020-04-20 00:00:00+00:00,0.63393,0.63932,0.633,0.63419,251633
2020-04-21 00:00:00+00:00,0.6346,0.6346,0.62536,0.62924,320394
2020-04-22 00:00:00+00:00,0.62965,0.6351,0.62812,0.62968,239942
2020-04-23 00:00:00+00:00,0.6298,0.64047,0.62884,0.6376,269389
2020-04-24 00:00:00+00:00,0.63776,0.63964,0.63379,0.6394,190571
2020-04-26 00:00:00+00:00,0.63811,0.63976,0.63806,0.63972,10931
2020-04-27 00:00:00+00:00,0.63961,0.64701,0.63938,0.64493,197103
2020-04-28 00:00:00+00:00,0.64494,0.65121,0.6435,0.65022,223997
2020-04-29 00:00:00+00:00,0.65024,0.65582,0.65012,0.65543,215829
2020-04-30 00:00:00+00:00,0.6552,0.65693,0.64831,0.64943,288095
2020-05-01 00:00:00+00:00,0.64965,0.64965,0.64114,0.64162,190883
2020-05-03 00:00:00+00:00,0.6409,0.64102,0.63748,0.63763,18670
2020-05-04 00:00:00+00:00,0.63779,0.64341,0.63727,0.64254,229382
2020-05-05 00:00:00+00:00,0.64277,0.64739,0.64183,0.64331,211968
2020-05-06 00:00:00+00:00,0.64335,0.64522,0.63787,0.63909,188229
2020-05-07 00:00:00+00:00,0.63967,0.651,0.63954,0.65006,213251
2020-05-08 00:00:00+00:00,0.65024,0.65477,0.64984,0.65306,163216
2020-05-10 00:00:00+00:00,0.65285,0.65372,0.65152,0.65352,15298
2020-05-11 00:00:00+00:00,0.65339,0.65602,0.64573,0.64841,198264
2020-05-12 00:00:00+00:00,0.64849,0.65331,0.64333,0.64515,248808
2020-05-13 00:00:00+00:00,0.64566,0.65227,0.64391,0.64529,324092
2020-05-14 00:00:00+00:00,0.64517,0.64731,0.64044,0.64705,275136
2020-05-15 00:00:00+00:00,0.64709,0.64724,0.64025,0.64138,206980
2020-05-17 00:00:00+00:00,0.64189,0.6428,0.64116,0.6425,14188
2020-05-18 00:00:00+00:00,0.64259,0.65272,0.642,0.65232,196303
2020-05-19 00:00:00+00:00,0.65236,0.65827,0.65107,0.65401,246426
2020-05-20 00:00:00+00:00,0.65438,0.66152,0.65286,0.65912,192223
2020-05-21 00:00:00+00:00,0.65894,0.65978,0.65491,0.65664,239666
2020-05-22 00:00:00+00:00,0.65699,0.65722,0.65071,0.65342,194436
2020-05-24 00:00:00+00:00,0.65305,0.65474,0.65289,0.65453,11464
2020-05-25 00:00:00+00:00,0.6547,0.65497,0.65208,0.65497,131603
2020-05-26 00:00:00+00:00,0.65485,0.66746,0.65432,0.66455,217332
2020-05-27 00:00:00+00:00,0.66458,0.66781,0.65712,0.6621,313227
2020-05-28 00:00:00+00:00,0.66201,0.66668,0.65894,0.66323,311340
2020-05-29 00:00:00+00:00,0.66334,0.66819,0.66192,0.66653,347954
2020-05-31 00:00:00+00:00,0.66572,0.66683,0.66481,0.6658,18504
2020-06-01 00:00:00+00:00,0.66591,0.68065,0.66582,0.67838,291976
2020-06-02 00:00:00+00:00,0.67873,0.6921,0.67753,0.69136,291417
2020-06-03 00:00:00+00:00,0.69149,0.69829,0.68573,0.69271,378355
2020-06-04 00:00:00+00:00,0.69279,0.69875,0.68837,0.69388,375831
2020-06-05 00:00:00+00:00,0.69387,0.70128,0.69313,0.69677,331987
2020-06-07 00:00:00+00:00,0.69674,0.70021,0.6966,0.69998,15583
2020-06-08 00:00:00+00:00,0.69918,0.70289,0.69626,0.70234,237886
2020-06-09 00:00:00+00:00,0.70208,0.70397,0.69002,0.69394,345902
2020-06-10 00:00:00+00:00,0.69398,0.70613,0.69328,0.69682,459516
2020-06-11 00:00:00+00:00,0.69672,0.69927,0.68193,0.68292,556845
2020-06-12 00:00:00+00:00,0.68302,0.69103,0.67999,0.68668,545896
2020-06-14 00:00:00+00:00,0.6841,0.68446,0.68135,0.68254,41783
2020-06-15 00:00:00+00:00,0.68269,0.69621,0.67772,0.69621,603830
2020-06-16 00:00:00+00:00,0.69637,0.69734,0.68405,0.68933,509109
2020-06-17 00:00:00+00:00,0.68932,0.69217,0.68533,0.68762,436652
2020-06-18 00:00:00+00:00,0.68784,0.69014,0.68362,0.68563,375100
2020-06-19 00:00:00+00:00,0.68557,0.69105,0.68323,0.68331,298247
2020-06-21 00:00:00+00:00,0.68077,0.68308,0.68077,0.68196,27935
2020-06-22 00:00:00+00:00,0.68245,0.69343,0.6817,0.6929,255785
2020-06-23 00:00:00+00:00,0.69305,0.69744,0.68591,0.69431,349701
2020-06-24 00:00:00+00:00,0.69442,0.69616,0.68555,0.68555,361687
2020-06-25 00:00:00+00:00,0.6858,0.68947,0.68486,0.68882,378797
2020-06-26 00:00:00+00:00,0.68893,0.68952,0.68414,0.68611,258921
2020-06-28 00:00:00+00:00,0.68564,0.68664,0.68474,0.68602,16222
2020-06-29 00:00:00+00:00,0.68612,0.68888,0.68419,0.68717,273338
2020-06-30 00:00:00+00:00,0.687,0.69113,0.68339,0.68995,263072
2020-07-01 00:00:00+00:00,0.69003,0.69427,0.68785,0.69111,273847
2020-07-02 00:00:00+00:00,0.69126,0.69503,0.69034,0.69189,270135
2020-07-03 00:00:00+00:00,0.692,0.69475,0.69141,0.69427,147868
2020-07-05 00:00:00+00:00,0.69288,0.69498,0.69288,0.6948,9364
2020-07-06 00:00:00+00:00,0.69475,0.6987,0.69469,0.69746,193464
2020-07-07 00:00:00+00:00,0.6971,0.69968,0.69235,0.69419,254240
2020-07-08 00:00:00+00:00,0.69384,0.69878,0.69291,0.69855,249222
2020-07-09 00:00:00+00:00,0.69853,0.69991,0.69516,0.69596,279238
2020-07-10 00:00:00+00:00,0.69596,0.69672,0.69245,0.69462,215619
2020-07-12 00:00:00+00:00,0.6951,0.69587,0.69489,0.69494,15518
2020-07-13 00:00:00+00:00,0.69474,0.69916,0.69362,0.69362,228552
2020-07-14 00:00:00+00:00,0.69357,0.69936,0.69226,0.69878,325335
2020-07-15 00:00:00+00:00,0.69886,0.7037,0.69861,0.70081,243528
2020-07-16 00:00:00+00:00,0.70031,0.70123,0.69642,0.69755,250032
2020-07-17 00:00:00+00:00,0.69751,0.70048,0.69736,0.69936,151789
2020-07-19 00:00:00+00:00,0.69874,0.70041,0.69848,0.7003,8915
2020-07-20 00:00:00+00:00,0.70018,0.70253,0.69736,0.70219,154363
2020-07-21 00:00:00+00:00,0.70247,0.71467,0.70157,0.71381,232559
2020-07-22 00:00:00+00:00,0.71386,0.71803,0.71147,0.71365,280518
2020-07-23 00:00:00+00:00,0.71395,0.71611,0.70918,0.70987,314675
2020-07-24 00:00:00+00:00,0.70985,0.7124,0.7065,0.71049,272776
2020-07-26 00:00:00+00:00,0.70882,0.71071,0.7088,0.70966,24519
2020-07-27 00:00:00+00:00,0.70977,0.71595,0.70977,0.71583,234775
2020-07-28 00:00:00+00:00,0.71575,0.7175,0.71154,0.71582,249252
2020-07-29 00:00:00+00:00,0.71607,0.71947,0.71491,0.71717,239841
2020-07-30 00:00:00+00:00,0.7172,0.72044,0.71237,0.72022,261569
2020-07-31 00:00:00+00:00,0.72044,0.72265,0.71342,0.71392,327325
2020-08-02 00:00:00+00:00,0.71258,0.71493,0.71258,0.7145,29486
2020-08-03 00:00:00+00:00,0.71473,0.71489,0.70773,0.71162,251288
2020-08-04 00:00:00+00:00,0.71144,0.71761,0.71062,0.71761,234097
2020-08-05 00:00:00+00:00,0.71759,0.72396,0.71668,0.71977,226819
2020-08-06 00:00:00+00:00,0.71987,0.72392,0.71745,0.72312,258426
2020-08-07 00:00:00+00:00,0.72287,0.72419,0.71448,0.71572,257175
2020-08-09 00:00:00+00:00,0.7161,0.7161,0.7148,0.7156,17282
2020-08-10 00:00:00+00:00,0.71571,0.71833,0.71406,0.71551,159974
2020-08-11 00:00:00+00:00,0.71552,0.71891,0.71354,0.71449,240231
2020-08-12 00:00:00+00:00,0.71447,0.7175,0.71104,0.71643,239282
2020-08-13 00:00:00+00:00,0.71659,0.71864,0.71366,0.71477,202474
2020-08-14 00:00:00+00:00,0.71479,0.71751,0.71327,0.71703,156707
2020-08-16 00:00:00+00:00,0.71619,0.71929,0.71611,0.71924,10731
2020-08-17 00:00:00+00:00,0.719,0.72261,0.71711,0.72139,142622
2020-08-18 00:00:00+00:00,0.72146,0.72635,0.72098,0.72547,206705
2020-08-19 00:00:00+00:00,0.72521,0.72751,0.71775,0.71868,232822
2020-08-20 00:00:00+00:00,0.71833,0.72072,0.7136,0.72036,245224
2020-08-21 00:00:00+00:00,0.72057,0.72157,0.71404,0.71589,216141
2020-08-23 00:00:00+00:00,0.71648,0.71688,0.71574,0.71596,11493
2020-08-24 00:00:00+00:00,0.71594,0.72028,0.7154,0.71693,179469
2020-08-25 00:00:00+00:00,0.71689,0.72059,0.71522,0.71976,189112
2020-08-26 00:00:00+00:00,0.71976,0.72447,0.71877,0.72447,184497
2020-08-27 00:00:00+00:00,0.72442,0.72897,0.72196,0.72694,301647
2020-08-28 00:00:00+00:00,0.727,0.73663,0.72559,0.73649,266113
2020-08-30 00:00:00+00:00,0.73566,0.73714,0.73566,0.73701,11441
2020-08-31 00:00:00+00:00,0.73732,0.74004,0.73412,0.73772,211607
2020-09-01 00:00:00+00:00,0.73796,0.74125,0.73599,0.73772,320094
2020-09-02 00:00:00+00:00,0.73769,0.73788,0.73019,0.7328,270593
2020-09-03 00:00:00+00:00,0.73271,0.73326,0.72522,0.7254,310584
2020-09-04 00:00:00+00:00,0.72594,0.72981,0.72229,0.72812,315192
2020-09-06 00:00:00+00:00,0.72863,0.72904,0.72736,0.7281,22263
2020-09-07 00:00:00+00:00,0.72814,0.72973,0.7271,0.72802,171042
2020-09-08 00:00:00+00:00,0.72804,0.73076,0.71928,0.72092,304768
2020-09-09 00:00:00+00:00,0.721,0.72864,0.72069,0.72754,232137
2020-09-10 00:00:00+00:00,0.72756,0.73234,0.72486,0.72613,256372
2020-09-11 00:00:00+00:00,0.72656,0.73048,0.72593,0.72825,189332
2020-09-13 00:00:00+00:00,0.72774,0.72886,0.72746,0.72818,9674
2020-09-14 00:00:00+00:00,0.72832,0.73033,0.72646,0.7283,150246
2020-09-15 00:00:00+00:00,0.72825,0.73423,0.7268,0.72953,182907
2020-09-16 00:00:00+00:00,0.72948,0.73435,0.72787,0.72965,251585
2020-09-17 00:00:00+00:00,0.72955,0.73191,0.72567,0.73132,303076
2020-09-18 00:00:00+00:00,0.73165,0.73322,0.72837,0.72899,220659
2020-09-20 00:00:00+00:00,0.72831,0.72974,0.72831,0.72936,13790
2020-09-21 00:00:00+00:00,0.72937,0.73231,0.72003,0.72284,269933
2020-09-22 00:00:00+00:00,0.72273,0.72346,0.71548,0.71723,270725
2020-09-23 00:00:00+00:00,0.71732,0.71739,0.7061,0.70641,284661
2020-09-24 00:00:00+00:00,0.70678,0.708,0.7016,0.70549,291490
2020-09-25 00:00:00+00:00,0.70568,0.70853,0.70074,0.70237,232885
2020-09-27 00:00:00+00:00,0.70289,0.70447,0.70289,0.70399,10705
2020-09-28 00:00:00+00:00,0.70401,0.70954,0.70327,0.70936,198187
2020-09-29 00:00:00+00:00,0.70909,0.71452,0.70751,0.71452,202839
2020-09-30 00:00:00+00:00,0.71472,0.71751,0.7101,0.7165,275349
2020-10-01 00:00:00+00:00,0.71657,0.72084,0.71552,0.7181,287463
2020-10-02 00:00:00+00:00,0.71817,0.71844,0.71333,0.71607,398652
2020-10-04 00:00:00+00:00,0.71658,0.71742,0.71566,0.71732,27314
2020-10-05 00:00:00+00:00,0.71745,0.71934,0.71628,0.71933,169346
2020-10-06 00:00:00+00:00,0.71941,0.72084,0.70965,0.71091,299084
2020-10-07 00:00:00+00:00,0.71062,0.71506,0.70989,0.71358,220663
2020-10-08 00:00:00+00:00,0.71348,0.71758,0.71238,0.71751,221559
2020-10-09 00:00:00+00:00,0.71751,0.72428,0.71689,0.72396,233716
2020-10-11 00:00:00+00:00,0.72179,0.7233,0.72179,0.72246,17790
2020-10-12 00:00:00+00:00,0.72217,0.72347,0.72039,0.72087,184097
2020-10-13 00:00:00+00:00,0.72076,0.72076,0.71505,0.71641,306604
2020-10-14 00:00:00+00:00,0.71641,0.71901,0.71295,0.71409,276154
2020-10-15 00:00:00+00:00,0.71432,0.71484,0.70568,0.70879,261650
2020-10-16 00:00:00+00:00,0.70878,0.70961,0.70706,0.7076,179136
2020-10-18 00:00:00+00:00,0.70771,0.70948,0.70717,0.7093,10331
2020-10-19 00:00:00+00:00,0.70948,0.71147,0.70464,0.70539,183394
2020-10-20 00:00:00+00:00,0.7053,0.70724,0.70211,0.70499,186962
2020-10-21 00:00:00+00:00,0.70501,0.71359,0.70501,0.71043,206144
2020-10-22 00:00:00+00:00,0.71038,0.71339,0.70853,0.71272,202764
2020-10-23 00:00:00+00:00,0.71261,0.71572,0.71016,0.71332,159097
2020-10-25 00:00:00+00:00,0.71321,0.71406,0.71165,0.71313,18638
2020-10-26 00:00:00+00:00,0.71309,0.71463,0.71043,0.71167,196322
2020-10-27 00:00:00+00:00,0.71198,0.71468,0.71132,0.71228,176849
2020-10-28 00:00:00+00:00,0.71207,0.71564,0.70396,0.70549,238780
2020-10-29 00:00:00+00:00,0.7055,0.70755,0.70035,0.70375,254308
2020-10-30 00:00:00+00:00,0.70366,0.70707,0.7012,0.70266,273769
2020-11-01 00:00:00+00:00,0.7005,0.7022,0.7,0.7007,1817
2020-11-02 00:00:00+00:00,0.7009,0.70573,0.69932,0.7053,186230
2020-11-03 00:00:00+00:00,0.7054,0.72048,0.7028,0.71965,211862
2020-11-04 00:00:00+00:00,0.71967,0.72148,0.70508,0.71799,575888
2020-11-05 00:00:00+00:00,0.71747,0.72892,0.71468,0.72622,375640
2020-11-06 00:00:00+00:00,0.72619,0.72873,0.72407,0.72577,325055
2020-11-08 00:00:00+00:00,0.72756,0.72898,0.72719,0.72863,13625
2020-11-09 00:00:00+00:00,0.72871,0.73393,0.72674,0.72793,448400
2020-11-10 00:00:00+00:00,0.72773,0.72926,0.7253,0.72815,345039
2020-11-11 00:00:00+00:00,0.72833,0.73175,0.72616,0.72835,230162
2020-11-12 00:00:00+00:00,0.72828,0.72935,0.72244,0.72396,223004
2020-11-13 00:00:00+00:00,0.72412,0.72727,0.7222,0.7264,160158
2020-11-15 00:00:00+00:00,0.72639,0.72979,0.72635,0.72897,55801
2020-11-16 00:00:00+00:00,0.72888,0.73291,0.72807,0.73214,210026
2020-11-17 00:00:00+00:00,0.73214,0.73389,0.72733,0.72943,190456
2020-11-18 00:00:00+00:00,0.72945,0.73308,0.72849,0.72944,180828
2020-11-19 00:00:00+00:00,0.72951,0.72971,0.7255,0.72942,197894
2020-11-20 00:00:00+00:00,0.72939,0.73233,0.7282,0.73022,148005
2020-11-22 00:00:00+00:00,0.73005,0.73271,0.72999,0.73126,37116
2020-11-23 00:00:00+00:00,0.73119,0.73364,0.72662,0.73166,181791
2020-11-24 00:00:00+00:00,0.73175,0.73732,0.7311,0.73546,185167
2020-11-25 00:00:00+00:00,0.73551,0.73734,0.73255,0.73602,161583
2020-11-26 00:00:00+00:00,0.73607,0.73759,0.7353,0.73747,114331
2020-11-27 00:00:00+00:00,0.73742,0.73984,0.73644,0.73765,99816
2020-11-29 00:00:00+00:00,0.73824,0.74072,0.73824,0.73905,59621
2020-11-30 00:00:00+00:00,0.73918,0.73919,0.73392,0.73681,204499
2020-12-01 00:00:00+00:00,0.73674,0.73877,0.7343,0.73743,188774
2020-12-02 00:00:00+00:00,0.73739,0.74195,0.73516,0.7409,179186
2020-12-03 00:00:00+00:00,0.74081,0.74487,0.74066,0.74276,181070
2020-12-04 00:00:00+00:00,0.74279,0.74432,0.74108,0.74256,143074
2020-12-06 00:00:00+00:00,0.743,0.74358,0.74252,0.7429,49306
2020-12-07 00:00:00+00:00,0.74294,0.74533,0.73725,0.74247,183293
2020-12-08 00:00:00+00:00,0.74256,0.74424,0.73995,0.74413,170984
2020-12-09 00:00:00+00:00,0.74407,0.7484,0.74233,0.7477,189589
2020-12-10 00:00:00+00:00,0.74767,0.75694,0.7456,0.75597,216532
2020-12-11 00:00:00+00:00,0.75615,0.7568,0.75211,0.75309,130246
2020-12-13 00:00:00+00:00,0.7548,0.75579,0.75259,0.75404,40018
2020-12-14 00:00:00+00:00,0.75414,0.75776,0.75075,0.75092,170609
2020-12-15 00:00:00+00:00,0.75113,0.75712,0.75113,0.75628,150402
2020-12-16 00:00:00+00:00,0.7562,0.75924,0.75408,0.75868,165535
2020-12-17 00:00:00+00:00,0.75864,0.76394,0.75864,0.75927,139275
2020-12-18 00:00:00+00:00,0.75945,0.76239,0.75831,0.76208,120577
2020-12-20 00:00:00+00:00,0.75847,0.76054,0.75663,0.75689,55656
2020-12-21 00:00:00+00:00,0.75663,0.75991,0.74634,0.75565,277879
2020-12-22 00:00:00+00:00,0.75567,0.75686,0.7517,0.75514,224656
2020-12-23 00:00:00+00:00,0.75515,0.75959,0.7543,0.75811,183320
2020-12-24 00:00:00+00:00,0.75815,0.76063,0.75794,0.75937,82542
2020-12-27 00:00:00+00:00,0.76002,0.76157,0.7585,0.76085,52917
2020-12-28 00:00:00+00:00,0.76074,0.7622,0.75602,0.75942,142657
2020-12-29 00:00:00+00:00,0.75945,0.76593,0.75914,0.76561,157176
2020-12-30 00:00:00+00:00,0.76558,0.77082,0.76461,0.77001,148743
2020-12-31 00:00:00+00:00,0.77009,0.77402,0.76942,0.77002,109882
2021-01-03 00:00:00+00:00,0.77002,0.77137,0.76934,0.77112,13342
2021-01-04 00:00:00+00:00,0.77108,0.77404,0.7644,0.76694,271763
2021-01-05 00:00:00+00:00,0.76684,0.77768,0.7661,0.77626,277579
2021-01-06 00:00:00+00:00,0.77639,0.78187,0.77342,0.78156,397363
2021-01-07 00:00:00+00:00,0.78145,0.78145,0.77272,0.77687,289103
2021-01-08 00:00:00+00:00,0.77663,0.77969,0.773,0.77372,156384
2021-01-09 00:00:00+00:00,0.7758,0.7758,0.77412,0.77412,4
2021-01-10 00:00:00+00:00,0.77582,0.77642,0.77153,0.77201,4773
2021-01-11 00:00:00+00:00,0.77194,0.77305,0.7664,0.77073,138464
2021-01-12 00:00:00+00:00,0.77065,0.77774,0.7686,0.7773,125077
2021-01-13 00:00:00+00:00,0.7773,0.7781,0.77225,0.77461,114387
2021-01-14 00:00:00+00:00,0.77455,0.78036,0.7726,0.7772,120072
2021-01-15 00:00:00+00:00,0.77755,0.77879,0.76221,0.76221,124031
2021-01-16 00:00:00+00:00,0.7701,0.7701,0.76231,0.76231,8
2021-01-17 00:00:00+00:00,0.77048,0.77099,0.768,0.76828,3651
2021-01-18 00:00:00+00:00,0.76806,0.7703,0.7656,0.76847,105385
2021-01-19 00:00:00+00:00,0.76862,0.77245,0.7685,0.77125,109204
2021-01-20 00:00:00+00:00,0.77099,0.77629,0.77015,0.7752,112921
2021-01-21 00:00:00+00:00,0.77538,0.77815,0.7739,0.77598,113207
2021-01-22 00:00:00+00:00,0.77593,0.77688,0.76588,0.76588,115142
2021-01-24 00:00:00+00:00,0.77198,0.77208,0.77048,0.7709,3201
2021-01-25 00:00:00+00:00,0.77168,0.7747,0.76832,0.77135,129125
2021-01-26 00:00:00+00:00,0.77123,0.77535,0.76696,0.7751,109120
2021-01-27 00:00:00+00:00,0.7753,0.776,0.764,0.76485,156133
2021-01-28 00:00:00+00:00,0.76499,0.76975,0.7591,0.7672,171550
2021-01-29 00:00:00+00:00,0.7671,0.77038,0.76319,0.7638,184177
2021-01-30 00:00:00+00:00,0.764,0.764,0.7638,0.7638,2
2021-01-31 00:00:00+00:00,0.764,0.764,0.76058,0.76205,6785
2021-02-01 00:00:00+00:00,0.76229,0.76627,0.76126,0.763,156166
2021-02-02 00:00:00+00:00,0.76321,0.766,0.75643,0.7602,136101
2021-02-03 00:00:00+00:00,0.76063,0.76351,0.76,0.76349,117548
2021-02-04 00:00:00+00:00,0.76349,0.76476,0.7587,0.76001,114168
2021-02-05 00:00:00+00:00,0.7601,0.76777,0.75839,0.7675,108029
2021-02-07 00:00:00+00:00,0.76622,0.76808,0.76572,0.7678,3732
2021-02-08 00:00:00+00:00,0.76778,0.77142,0.7649,0.77068,89562
2021-02-09 00:00:00+00:00,0.77049,0.77417,0.77028,0.7739,68165
2021-02-10 00:00:00+00:00,0.77387,0.77542,0.7717,0.77235,107570
2021-02-11 00:00:00+00:00,0.7724,0.77711,0.771,0.77516,83216
2021-02-12 00:00:00+00:00,0.7751,0.77636,0.7717,0.7757,74700
2021-02-13 00:00:00+00:00,0.7754,0.7757,0.7754,0.7754,3
2021-02-14 00:00:00+00:00,0.77474,0.7767,0.77473,0.7759,3497
2021-02-15 00:00:00+00:00,0.77633,0.77885,0.77581,0.7784,67404
2021-02-16 00:00:00+00:00,0.77855,0.78048,0.773,0.77355,107057
2021-02-17 00:00:00+00:00,0.77366,0.77694,0.7723,0.77574,109582
2021-02-18 00:00:00+00:00,0.7759,0.77895,0.77318,0.7768,113152
2021-02-19 00:00:00+00:00,0.77673,0.78763,0.7756,0.7868,107185
2021-02-20 00:00:00+00:00,0.7867,0.7867,0.7867,0.7867,1
2021-02-21 00:00:00+00:00,0.78679,0.78888,0.7859,0.78822,3262
2021-02-22 00:00:00+00:00,0.78823,0.79291,0.7855,0.7914,125368
2021-02-23 00:00:00+00:00,0.79142,0.79342,0.7881,0.79069,121955
2021-02-24 00:00:00+00:00,0.7909,0.79777,0.78963,0.79757,146186
2021-02-25 00:00:00+00:00,0.79745,0.80066,0.7856,0.78622,174679
2021-02-26 00:00:00+00:00,0.78668,0.78708,0.7694,0.76969,193625
2021-02-28 00:00:00+00:00,0.77097,0.77576,0.77018,0.77521,4729
2021-03-01 00:00:00+00:00,0.77512,0.77859,0.7721,0.777,139658
2021-03-02 00:00:00+00:00,0.77709,0.78371,0.7734,0.78238,139258
2021-03-03 00:00:00+00:00,0.78219,0.78366,0.7752,0.77527,153408
2021-03-04 00:00:00+00:00,0.7753,0.78133,0.77059,0.77127,192578
2021-03-05 00:00:00+00:00,0.77148,0.77254,0.76267,0.76693,187973
2021-03-07 00:00:00+00:00,0.76855,0.77201,0.76845,0.7705,4083
2021-03-08 00:00:00+00:00,0.7704,0.77134,0.7633,0.7653,107846
2021-03-09 00:00:00+00:00,0.76561,0.77248,0.7622,0.77151,90528
2021-03-10 00:00:00+00:00,0.77141,0.77425,0.7668,0.77303,101669
2021-03-11 00:00:00+00:00,0.77309,0.77937,0.772,0.77854,120252
2021-03-12 00:00:00+00:00,0.77848,0.77994,0.7726,0.7756,127872
2021-03-14 00:00:00+00:00,0.7764,0.7764,0.77468,0.77617,4507
2021-03-15 00:00:00+00:00,0.7762,0.77735,0.77072,0.7744,119576
2021-03-16 00:00:00+00:00,0.7748,0.77561,0.77105,0.77459,109328
2021-03-17 00:00:00+00:00,0.77458,0.78145,0.76997,0.78145,124128
2021-03-18 00:00:00+00:00,0.78123,0.78488,0.77492,0.7751,144546
2021-03-19 00:00:00+00:00,0.77531,0.77717,0.76824,0.7735,128239
2021-03-21 00:00:00+00:00,0.77118,0.77293,0.77036,0.7722,3752
2021-03-22 00:00:00+00:00,0.77223,0.77558,0.7703,0.7743,107489
2021-03-23 00:00:00+00:00,0.77461,0.77461,0.75758,0.76063,119907
2021-03-24 00:00:00+00:00,0.7611,0.76276,0.7577,0.75906,114588
2021-03-25 00:00:00+00:00,0.7593,0.76137,0.75639,0.759,127021
2021-03-26 00:00:00+00:00,0.75932,0.7643,0.75705,0.7629,97282
2021-03-28 00:00:00+00:00,0.76313,0.7644,0.76248,0.76366,3280
2021-03-29 00:00:00+00:00,0.7634,0.7654,0.7612,0.7635,115235
2021-03-30 00:00:00+00:00,0.7636,0.76628,0.7584,0.76081,75599
2021-03-31 00:00:00+00:00,0.76074,0.7636,0.7586,0.75926,110923
2021-04-01 00:00:00+00:00,0.75943,0.762,0.7532,0.7615,114190
2021-04-02 00:00:00+00:00,0.76169,0.76357,0.75927,0.7609,35268
2021-04-04 00:00:00+00:00,0.75872,0.76208,0.75872,0.7617,4200
2021-04-05 00:00:00+00:00,0.7615,0.76595,0.7598,0.7654,75535
2021-04-06 00:00:00+00:00,0.76574,0.7668,0.7605,0.7661,99796
2021-04-07 00:00:00+00:00,0.76662,0.7676,0.7598,0.7612,109275
2021-04-08 00:00:00+00:00,0.7611,0.76589,0.7601,0.7655,96088
2021-04-09 00:00:00+00:00,0.7655,0.76603,0.75892,0.7617,95247
2021-04-10 00:00:00+00:00,0.762,0.762,0.7618,0.7618,6
2021-04-11 00:00:00+00:00,0.76172,0.76273,0.76085,0.7621,3445
2021-04-12 00:00:00+00:00,0.76199,0.76349,0.7594,0.7625,94719
2021-04-13 00:00:00+00:00,0.7624,0.76503,0.7591,0.7644,101671
2021-04-14 00:00:00+00:00,0.76462,0.77369,0.76345,0.77247,104253
2021-04-15 00:00:00+00:00,0.7723,0.77611,0.7705,0.77511,104046
2021-04-16 00:00:00+00:00,0.7752,0.77577,0.7722,0.7737,87916
2021-04-17 00:00:00+00:00,0.7732,0.7734,0.7732,0.7732,69
2021-04-18 00:00:00+00:00,0.7734,0.7734,0.77131,0.77131,3075
2021-04-19 00:00:00+00:00,0.77136,0.77831,0.755,0.77646,99704
2021-04-20 00:00:00+00:00,0.77656,0.78149,0.7707,0.77219,106120
2021-04-21 00:00:00+00:00,0.77213,0.77616,0.77013,0.77539,99278
2021-04-22 00:00:00+00:00,0.77541,0.77644,0.7694,0.7701,111277
2021-04-23 00:00:00+00:00,0.77073,0.776,0.76509,0.76509,87583
2021-04-24 00:00:00+00:00,0.7745,0.7745,0.76619,0.76619,4
2021-04-25 00:00:00+00:00,0.77332,0.77517,0.77299,0.77421,2812
2021-04-26 00:00:00+00:00,0.77422,0.78145,0.77422,0.7793,95877
2021-04-27 00:00:00+00:00,0.77959,0.7803,0.7759,0.7766,93602
2021-04-28 00:00:00+00:00,0.77657,0.78054,0.7723,0.78011,108954
2021-04-29 00:00:00+00:00,0.78012,0.78181,0.7749,0.7776,106685
2021-04-30 00:00:00+00:00,0.77773,0.77832,0.7694,0.7702,103686
2021-05-01 00:00:00+00:00,0.7715,0.7715,0.7708,0.7708,2
2021-05-02 00:00:00+00:00,0.77087,0.77228,0.77082,0.7719,2587
2021-05-03 00:00:00+00:00,0.77176,0.77664,0.7707,0.7758,95603
2021-05-04 00:00:00+00:00,0.77595,0.77603,0.76768,0.77129,119724
2021-05-05 00:00:00+00:00,0.7711,0.77532,0.7705,0.7751,98800
2021-05-06 00:00:00+00:00,0.77523,0.77879,0.77019,0.77866,111872
2021-05-07 00:00:00+00:00,0.77861,0.78606,0.7759,0.7844,104528
2021-05-08 00:00:00+00:00,0.7842,0.7845,0.7842,0.7845,6
2021-05-09 00:00:00+00:00,0.78417,0.78606,0.78412,0.7856,3897
2021-05-10 00:00:00+00:00,0.78553,0.78905,0.7825,0.784,110093
2021-05-11 00:00:00+00:00,0.78413,0.78553,0.78208,0.78373,127989
2021-05-12 00:00:00+00:00,0.7839,0.78417,0.7719,0.7729,144257
2021-05-13 00:00:00+00:00,0.77299,0.77449,0.7688,0.77237,139016
2021-05-14 00:00:00+00:00,0.77239,0.77864,0.7712,0.77708,108255
2021-05-16 00:00:00+00:00,0.77794,0.77847,0.77557,0.77779,2961
2021-05-17 00:00:00+00:00,0.77759,0.77759,0.77313,0.7772,112765
2021-05-18 00:00:00+00:00,0.77743,0.78134,0.7771,0.77875,88340
2021-05-19 00:00:00+00:00,0.77877,0.77962,0.771,0.7718,141842
2021-05-20 00:00:00+00:00,0.7715,0.77806,0.7715,0.77694,110098
2021-05-21 00:00:00+00:00,0.77699,0.77816,0.7719,0.77257,103841
2021-05-24 00:00:00+00:00,0.77348,0.77573,0.7731,0.7748,34505
2021-05-25 00:00:00+00:00,0.77507,0.77758,0.7734,0.7746,105549
2021-05-26 00:00:00+00:00,0.77499,0.77953,0.77307,0.77397,111643
2021-05-27 00:00:00+00:00,0.77391,0.77554,0.772,0.77422,103966
2021-05-28 00:00:00+00:00,0.77411,0.77468,0.76718,0.76727,96889
2021-05-30 00:00:00+00:00,0.77076,0.7713,0.7692,0.77075,2054
2021-05-31 00:00:00+00:00,0.77083,0.77456,0.7699,0.77433,74863
2021-06-01 00:00:00+00:00,0.77437,0.77687,0.7729,0.77545,96792
2021-06-02 00:00:00+00:00,0.77562,0.77712,0.7714,0.77442,87160
2021-06-03 00:00:00+00:00,0.7742,0.77531,0.76444,0.7661,98916
2021-06-04 00:00:00+00:00,0.76606,0.77449,0.765,0.77332,89638
2021-06-06 00:00:00+00:00,0.77408,0.77434,0.77106,0.774,1598
2021-06-07 00:00:00+00:00,0.7738,0.7765,0.77269,0.7756,85309
2021-06-08 00:00:00+00:00,0.7753,0.77632,0.7729,0.77354,88231
2021-06-09 00:00:00+00:00,0.7733,0.77617,0.7723,0.77293,80813
2021-06-10 00:00:00+00:00,0.7725,0.77627,0.772,0.77473,82450
2021-06-11 00:00:00+00:00,0.77491,0.77743,0.76887,0.76972,80576
2021-06-13 00:00:00+00:00,0.7695,0.77091,0.76614,0.7705,1521
2021-06-14 00:00:00+00:00,0.7708,0.77253,0.7692,0.77116,77848
2021-06-15 00:00:00+00:00,0.7712,0.77166,0.7673,0.76855,90615
2021-06-16 00:00:00+00:00,0.76858,0.77149,0.7605,0.7614,112926
2021-06-17 00:00:00+00:00,0.76113,0.76383,0.75404,0.75567,137350
2021-06-18 00:00:00+00:00,0.7556,0.75608,0.7475,0.7476,132692
2021-06-20 00:00:00+00:00,0.74774,0.75046,0.7473,0.75,4250
2021-06-21 00:00:00+00:00,0.75011,0.75459,0.7479,0.75345,133911
2021-06-22 00:00:00+00:00,0.75325,0.75635,0.7493,0.75544,109767
2021-06-23 00:00:00+00:00,0.75549,0.75985,0.7535,0.75729,105852
2021-06-24 00:00:00+00:00,0.7574,0.75906,0.7565,0.75815,102899
2021-06-25 00:00:00+00:00,0.75803,0.76155,0.75531,0.75571,94659
2021-06-27 00:00:00+00:00,0.7585,0.75944,0.75631,0.75944,3143
2021-06-28 00:00:00+00:00,0.75904,0.75937,0.75597,0.7568,39042
2021-06-29 00:00:00+00:00,0.7569,0.75693,0.7504,0.75134,96208
2021-06-30 00:00:00+00:00,0.75132,0.75267,0.7489,0.7497,96928
2021-07-01 00:00:00+00:00,0.74946,0.75066,0.7459,0.74651,97418
2021-07-02 00:00:00+00:00,0.74669,0.75325,0.7446,0.75179,98675
2021-07-03 00:00:00+00:00,0.7524,0.7524,0.7523,0.7523,2
2021-07-04 00:00:00+00:00,0.75226,0.7528,0.7516,0.75179,3363
2021-07-05 00:00:00+00:00,0.7516,0.75475,0.75088,0.7539,80372
2021-07-06 00:00:00+00:00,0.7536,0.75984,0.7481,0.74946,118929
2021-07-07 00:00:00+00:00,0.7491,0.75335,0.7464,0.74819,113664
2021-07-08 00:00:00+00:00,0.74814,0.74824,0.7416,0.74328,148859
2021-07-09 00:00:00+00:00,0.7432,0.74935,0.7409,0.74272,110311
2021-07-10 00:00:00+00:00,0.7484,0.7484,0.74792,0.74792,4
2021-07-11 00:00:00+00:00,0.74795,0.74914,0.74684,0.74891,1453
2021-07-12 00:00:00+00:00,0.7489,0.74946,0.7447,0.74774,68551
2021-07-13 00:00:00+00:00,0.74803,0.75021,0.74273,0.7438,106012
2021-07-14 00:00:00+00:00,0.74376,0.74856,0.74338,0.74802,119663
2021-07-15 00:00:00+00:00,0.7476,0.74839,0.741,0.74228,120955
2021-07-16 00:00:00+00:00,0.7424,0.74421,0.73823,0.73881,110526
2021-07-17 00:00:00+00:00,0.7401,0.7401,0.73941,0.73941,4
2021-07-18 00:00:00+00:00,0.73916,0.74227,0.7383,0.7387,3704
2021-07-19 00:00:00+00:00,0.7385,0.73884,0.73215,0.73368,151284
2021-07-20 00:00:00+00:00,0.73376,0.7356,0.73002,0.73385,134823
2021-07-21 00:00:00+00:00,0.7335,0.73622,0.7289,0.73513,114061
2021-07-22 00:00:00+00:00,0.73504,0.73967,0.734,0.73801,113208
2021-07-23 00:00:00+00:00,0.73821,0.73889,0.73572,0.73627,95701
2021-07-24 00:00:00+00:00,0.7363,0.7363,0.7362,0.7362,6
2021-07-25 00:00:00+00:00,0.73622,0.73697,0.73494,0.73675,2433
2021-07-26 00:00:00+00:00,0.73659,0.739,0.7331,0.73837,112630
2021-07-27 00:00:00+00:00,0.7381,0.73884,0.7337,0.73655,122021
2021-07-28 00:00:00+00:00,0.73675,0.73805,0.73221,0.73769,133179
2021-07-29 00:00:00+00:00,0.73778,0.74135,0.7358,0.73955,110673
2021-07-30 00:00:00+00:00,0.73956,0.74038,0.73042,0.73376,114756
2021-08-01 00:00:00+00:00,0.73416,0.73456,0.7323,0.734,3097
2021-08-02 00:00:00+00:00,0.73413,0.73815,0.7327,0.73604,107459
2021-08-03 00:00:00+00:00,0.7362,0.74071,0.7358,0.73966,111026
2021-08-04 00:00:00+00:00,0.7396,0.74259,0.7369,0.7382,97900
2021-08-05 00:00:00+00:00,0.7381,0.74151,0.7376,0.74028,93071
2021-08-06 00:00:00+00:00,0.7401,0.74034,0.7347,0.7349,88793
2021-08-07 00:00:00+00:00,0.7349,0.735,0.7349,0.735,14
2021-08-08 00:00:00+00:00,0.7349,0.73556,0.7327,0.7334,5236
2021-08-09 00:00:00+00:00,0.7332,0.73632,0.73223,0.73298,94190
2021-08-10 00:00:00+00:00,0.73289,0.73552,0.7313,0.734,86357
2021-08-11 00:00:00+00:00,0.73444,0.73871,0.7322,0.7369,89128
2021-08-12 00:00:00+00:00,0.73714,0.73724,0.7329,0.73409,81495
2021-08-13 00:00:00+00:00,0.734,0.7381,0.7332,0.73596,70412
2021-08-15 00:00:00+00:00,0.73676,0.73725,0.73552,0.73649,2084
2021-08-16 00:00:00+00:00,0.73662,0.73662,0.7318,0.73391,84653
2021-08-17 00:00:00+00:00,0.73373,0.73384,0.72432,0.72549,108110
2021-08-18 00:00:00+00:00,0.72547,0.72694,0.7227,0.72307,105175
2021-08-19 00:00:00+00:00,0.72314,0.72321,0.7141,0.71462,132583
2021-08-20 00:00:00+00:00,0.71467,0.71558,0.71039,0.71079,109705
2021-08-21 00:00:00+00:00,0.7133,0.7133,0.71139,0.71139,2
2021-08-22 00:00:00+00:00,0.7133,0.71399,0.7108,0.71379,3257
2021-08-23 00:00:00+00:00,0.7141,0.72175,0.714,0.72071,96247
2021-08-24 00:00:00+00:00,0.72085,0.72702,0.72,0.7245,91102
2021-08-25 00:00:00+00:00,0.7249,0.72799,0.7235,0.7276,93570
2021-08-26 00:00:00+00:00,0.72777,0.72794,0.72309,0.72382,102324
2021-08-27 00:00:00+00:00,0.72348,0.73163,0.7221,0.7309,96483
2021-08-29 00:00:00+00:00,0.73092,0.73156,0.73,0.73149,2525
2021-08-30 00:00:00+00:00,0.7313,0.73182,0.7284,0.72901,80552
2021-08-31 00:00:00+00:00,0.7289,0.73409,0.7286,0.73178,113187
2021-09-01 00:00:00+00:00,0.7315,0.73828,0.7305,0.7364,96348
2021-09-02 00:00:00+00:00,0.73685,0.74084,0.7353,0.73974,91886
2021-09-03 00:00:00+00:00,0.73961,0.74741,0.73882,0.73882,97590
2021-09-05 00:00:00+00:00,0.74461,0.74542,0.74242,0.74425,2653
2021-09-06 00:00:00+00:00,0.7442,0.74426,0.74242,0.7436,95529
2021-09-07 00:00:00+00:00,0.74368,0.74646,0.73762,0.73863,109077
2021-09-08 00:00:00+00:00,0.73867,0.74028,0.7343,0.7359,116822
2021-09-09 00:00:00+00:00,0.73593,0.73939,0.7344,0.7365,116851
2021-09-10 00:00:00+00:00,0.73692,0.7409,0.73221,0.7354,99943
2021-09-12 00:00:00+00:00,0.73482,0.73679,0.73394,0.73649,2462
2021-09-13 00:00:00+00:00,0.73699,0.73753,0.73406,0.73656,46550
2021-09-14 00:00:00+00:00,0.7363,0.73725,0.7311,0.7315,118530
2021-09-15 00:00:00+00:00,0.73183,0.73421,0.73,0.73409,108470
2021-09-16 00:00:00+00:00,0.73377,0.73436,0.7272,0.7291,108585
2021-09-17 00:00:00+00:00,0.72916,0.73212,0.72424,0.72434,109607
2021-09-19 00:00:00+00:00,0.72613,0.72656,0.7257,0.72623,2398
2021-09-20 00:00:00+00:00,0.72644,0.7268,0.7218,0.72595,139245
2021-09-21 00:00:00+00:00,0.7257,0.72823,0.7222,0.7228,131726
2021-09-22 00:00:00+00:00,0.72273,0.72906,0.7221,0.723,139508
2021-09-23 00:00:00+00:00,0.72335,0.73152,0.7221,0.72965,120544
2021-09-24 00:00:00+00:00,0.72994,0.73157,0.7234,0.72496,109584
2021-09-26 00:00:00+00:00,0.72545,0.72664,0.72392,0.72636,2536
2021-09-27 00:00:00+00:00,0.72636,0.72936,0.72503,0.72802,113998
2021-09-28 00:00:00+00:00,0.72798,0.73095,0.7224,0.72436,147189
2021-09-29 00:00:00+00:00,0.72447,0.72622,0.717,0.7176,139124
2021-09-30 00:00:00+00:00,0.71781,0.7257,0.71781,0.72287,146275
2021-10-01 00:00:00+00:00,0.72321,0.72754,0.7191,0.72026,150861
2021-10-03 00:00:00+00:00,0.72535,0.72819,0.72502,0.72744,4273
2021-10-04 00:00:00+00:00,0.7272,0.7303,0.72518,0.72892,146613
2021-10-05 00:00:00+00:00,0.72887,0.73007,0.725,0.7285,125826
2021-10-06 00:00:00+00:00,0.72869,0.7288,0.7225,0.7279,152227
2021-10-07 00:00:00+00:00,0.72826,0.73232,0.7268,0.73166,120593
2021-10-08 00:00:00+00:00,0.73162,0.7337,0.7287,0.7307,129482
2021-10-09 00:00:00+00:00,0.7308,0.7308,0.7307,0.7308,9
2021-10-10 00:00:00+00:00,0.73057,0.73113,0.729,0.72942,3639
2021-10-11 00:00:00+00:00,0.7291,0.73724,0.7291,0.73482,121297
2021-10-12 00:00:00+00:00,0.73483,0.73838,0.7329,0.7333,124916
2021-10-13 00:00:00+00:00,0.73326,0.73831,0.73259,0.73829,86449
2021-10-14 00:00:00+00:00,0.73867,0.7426,0.7372,0.74135,98152
2021-10-15 00:00:00+00:00,0.74142,0.74391,0.73665,0.73665,105839
2021-10-17 00:00:00+00:00,0.74155,0.74359,0.74085,0.7424,5005
2021-10-18 00:00:00+00:00,0.74238,0.7425,0.7376,0.7412,81668
2021-10-19 00:00:00+00:00,0.7416,0.74852,0.7415,0.7473,79266
2021-10-20 00:00:00+00:00,0.7476,0.75222,0.7465,0.75151,77403
2021-10-21 00:00:00+00:00,0.75166,0.75452,0.7457,0.74633,113127
2021-10-22 00:00:00+00:00,0.74646,0.75117,0.74424,0.74474,119916
2021-10-23 00:00:00+00:00,0.7463,0.7463,0.74534,0.74534,4
2021-10-24 00:00:00+00:00,0.74599,0.74703,0.74578,0.74683,2833
2021-10-25 00:00:00+00:00,0.7466,0.75045,0.7464,0.7489,106527
2021-10-26 00:00:00+00:00,0.74943,0.75244,0.74888,0.75123,106455
2021-10-27 00:00:00+00:00,0.75141,0.75354,0.7488,0.74997,123588
2021-10-28 00:00:00+00:00,0.75021,0.75553,0.74803,0.7529,132345
2021-10-29 00:00:00+00:00,0.75343,0.7554,0.74999,0.75065,128333
2021-10-31 00:00:00+00:00,0.75088,0.75199,0.74881,0.75174,2432
2021-11-01 00:00:00+00:00,0.75202,0.75352,0.74867,0.7518,103665
2021-11-02 00:00:00+00:00,0.75214,0.75307,0.7418,0.7434,115338
2021-11-03 00:00:00+00:00,0.7433,0.74691,0.74099,0.74688,120191
2021-11-04 00:00:00+00:00,0.74698,0.74698,0.738,0.7407,113982
2021-11-05 00:00:00+00:00,0.7408,0.74113,0.72976,0.738,109985
2021-11-07 00:00:00+00:00,0.73919,0.7405,0.73907,0.73948,1781
2021-11-08 00:00:00+00:00,0.7394,0.74307,0.7384,0.74146,93001
2021-11-09 00:00:00+00:00,0.74149,0.7427,0.73609,0.7374,89113
2021-11-10 00:00:00+00:00,0.7375,0.73926,0.7322,0.73336,130707
2021-11-11 00:00:00+00:00,0.73334,0.73404,0.72758,0.7288,107134
2021-11-12 00:00:00+00:00,0.72905,0.73347,0.7275,0.73314,96291
2021-11-14 00:00:00+00:00,0.73221,0.73357,0.73203,0.73317,1516
2021-11-15 00:00:00+00:00,0.73318,0.73689,0.73229,0.73449,97896
2021-11-16 00:00:00+00:00,0.73465,0.7367,0.72924,0.73011,112426
2021-11-17 00:00:00+00:00,0.73003,0.7304,0.7256,0.72679,109293
2021-11-18 00:00:00+00:00,0.72686,0.7292,0.72503,0.7275,105195
2021-11-19 00:00:00+00:00,0.7273,0.72907,0.71984,0.71984,117844
2021-11-22 00:00:00+00:00,0.7247,0.72712,0.7219,0.7227,97426
2021-11-23 00:00:00+00:00,0.72276,0.72362,0.7205,0.72215,129261
2021-11-24 00:00:00+00:00,0.7219,0.72267,0.7184,0.72014,125089
2021-11-25 00:00:00+00:00,0.72024,0.72089,0.7171,0.7173,92529
2021-11-26 00:00:00+00:00,0.71746,0.7176,0.71072,0.712,158121
2021-11-28 00:00:00+00:00,0.71359,0.7145,0.71147,0.71421,3477
2021-11-29 00:00:00+00:00,0.71409,0.71586,0.71073,0.71454,134380
2021-11-30 00:00:00+00:00,0.7145,0.71696,0.70663,0.71248,172788
2021-12-01 00:00:00+00:00,0.71266,0.71725,0.7095,0.71075,157597
2021-12-02 00:00:00+00:00,0.71075,0.71189,0.70835,0.70872,160788
2021-12-03 00:00:00+00:00,0.7086,0.70867,0.6962,0.69685,143063
2021-12-04 00:00:00+00:00,0.7,0.7,0.69845,0.69845,2
2021-12-06 00:00:00+00:00,0.7044,0.7054,0.70328,0.70487,51397
2021-12-07 00:00:00+00:00,0.7047,0.71233,0.7038,0.7121,109254
2021-12-08 00:00:00+00:00,0.71222,0.71811,0.7115,0.71684,121550
2021-12-09 00:00:00+00:00,0.71685,0.71864,0.7134,0.71463,100409
2021-12-10 00:00:00+00:00,0.71471,0.71812,0.7131,0.71715,92361
2021-12-11 00:00:00+00:00,0.717,0.7171,0.717,0.7171,2
2021-12-13 00:00:00+00:00,0.7131,0.71442,0.7109,0.713,54110
2021-12-14 00:00:00+00:00,0.71322,0.7135,0.70902,0.71039,100504
2021-12-15 00:00:00+00:00,0.71049,0.71764,0.70963,0.71662,124818
2021-12-16 00:00:00+00:00,0.7166,0.72228,0.7143,0.7175,130606
2021-12-17 00:00:00+00:00,0.71764,0.71811,0.7118,0.7124,121466
2021-12-18 00:00:00+00:00,0.7123,0.7124,0.7123,0.7124,2
2021-12-19 00:00:00+00:00,0.71274,0.71358,0.7106,0.71159,3451
2021-12-20 00:00:00+00:00,0.7118,0.71268,0.7081,0.71093,123182
2021-12-21 00:00:00+00:00,0.71106,0.7157,0.7099,0.71475,64163
2021-12-22 00:00:00+00:00,0.71477,0.72197,0.7118,0.721,106187
2021-12-23 00:00:00+00:00,0.72126,0.72512,0.7195,0.723,97889
2021-12-24 00:00:00+00:00,0.72309,0.72442,0.72021,0.7221,85159
2021-12-26 00:00:00+00:00,0.72218,0.7237,0.72066,0.72282,1088
2021-12-27 00:00:00+00:00,0.72285,0.72446,0.7203,0.7233,75056
2021-12-28 00:00:00+00:00,0.72348,0.72633,0.71914,0.7229,74621
2021-12-29 00:00:00+00:00,0.72331,0.72718,0.7213,0.72581,84420
2021-12-30 00:00:00+00:00,0.7258,0.72755,0.72345,0.72491,80938
2021-12-31 00:00:00+00:00,0.72492,0.72771,0.7244,0.726,76966
2022-01-02 00:00:00+00:00,0.72552,0.72741,0.72413,0.72673,1641
2022-01-03 00:00:00+00:00,0.72676,0.72767,0.7181,0.7194,94370
2022-01-04 00:00:00+00:00,0.71966,0.72475,0.7183,0.7237,96644
2022-01-05 00:00:00+00:00,0.72403,0.72713,0.7213,0.7219,110716
2022-01-06 00:00:00+00:00,0.7219,0.72204,0.7145,0.71624,128107
2022-01-07 00:00:00+00:00,0.71633,0.71873,0.71307,0.71758,84965
2022-01-08 00:00:00+00:00,0.7177,0.71798,0.7177,0.71798,2
2022-01-09 00:00:00+00:00,0.71639,0.71832,0.71567,0.7178,3078
2022-01-10 00:00:00+00:00,0.71775,0.72013,0.71489,0.7177,112846
2022-01-11 00:00:00+00:00,0.7178,0.72133,0.7153,0.72097,107658
2022-01-12 00:00:00+00:00,0.7209,0.72918,0.7199,0.72805,108408
2022-01-13 00:00:00+00:00,0.72811,0.73135,0.7271,0.72811,112422
2022-01-14 00:00:00+00:00,0.7277,0.72931,0.71827,0.71837,128878
2022-01-17 00:00:00+00:00,0.7199,0.72286,0.7193,0.72113,91159
2022-01-18 00:00:00+00:00,0.72114,0.72272,0.7167,0.71871,139683
2022-01-19 00:00:00+00:00,0.71887,0.72376,0.7176,0.7213,129617
2022-01-20 00:00:00+00:00,0.72181,0.72751,0.7205,0.7215,130118
2022-01-21 00:00:00+00:00,0.72173,0.72173,0.71569,0.71571,155962
2022-01-23 00:00:00+00:00,0.71738,0.71872,0.71695,0.7187,3099
2022-01-24 00:00:00+00:00,0.71854,0.71873,0.7091,0.7152,171006
2022-01-25 00:00:00+00:00,0.7152,0.71722,0.7121,0.71583,160921
2022-01-26 00:00:00+00:00,0.71579,0.71802,0.70974,0.71212,130437
2022-01-27 00:00:00+00:00,0.71175,0.71175,0.7021,0.7033,168984
2022-01-28 00:00:00+00:00,0.70356,0.70456,0.69619,0.69669,154736
2022-01-30 00:00:00+00:00,0.6985,0.69966,0.69815,0.6993,2979
2022-01-31 00:00:00+00:00,0.69936,0.70753,0.6992,0.7066,132762
2022-02-01 00:00:00+00:00,0.70657,0.71375,0.70346,0.71334,135945
2022-02-02 00:00:00+00:00,0.7131,0.71578,0.7117,0.71205,122068
2022-02-03 00:00:00+00:00,0.71203,0.71672,0.7109,0.7141,140029
2022-02-04 00:00:00+00:00,0.71416,0.71513,0.70382,0.70382,89294
2022-02-06 00:00:00+00:00,0.70705,0.70844,0.70673,0.70792,2555
2022-02-07 00:00:00+00:00,0.7079,0.71297,0.7065,0.7126,131107
2022-02-08 00:00:00+00:00,0.7125,0.71473,0.7104,0.71438,120446
2022-02-09 00:00:00+00:00,0.71442,0.71937,0.7141,0.7174,105655
2022-02-10 00:00:00+00:00,0.71763,0.72477,0.7153,0.71614,109152
2022-02-11 00:00:00+00:00,0.71594,0.7183,0.70993,0.70993,166956
2022-02-12 00:00:00+00:00,0.7134,0.7134,0.71153,0.71153,4
2022-02-13 00:00:00+00:00,0.71245,0.71494,0.71245,0.71441,4396
2022-02-14 00:00:00+00:00,0.71455,0.71455,0.70862,0.7129,178658
2022-02-15 00:00:00+00:00,0.7129,0.71559,0.7101,0.71467,143428
2022-02-16 00:00:00+00:00,0.71486,0.72073,0.7141,0.71922,133608
2022-02-17 00:00:00+00:00,0.7193,0.7217,0.71502,0.71869,165535
2022-02-18 00:00:00+00:00,0.7188,0.72272,0.71575,0.71635,149210
2022-02-20 00:00:00+00:00,0.71633,0.71761,0.71621,0.71712,3508
2022-02-21 00:00:00+00:00,0.71696,0.72214,0.7167,0.71839,137872
2022-02-22 00:00:00+00:00,0.71842,0.72314,0.7177,0.72268,181022
2022-02-23 00:00:00+00:00,0.7227,0.72831,0.7217,0.72274,144889
2022-02-24 00:00:00+00:00,0.72279,0.72279,0.7095,0.7158,273039
2022-02-25 00:00:00+00:00,0.71605,0.72358,0.7145,0.71876,195993
2022-02-26 00:00:00+00:00,0.7232,0.7232,0.72056,0.72056,2
2022-02-27 00:00:00+00:00,0.7232,0.7232,0.71544,0.7185,9344
2022-02-28 00:00:00+00:00,0.71805,0.7277,0.7169,0.72585,199794
2022-03-01 00:00:00+00:00,0.72598,0.72893,0.724,0.72596,175109
2022-03-02 00:00:00+00:00,0.72601,0.73055,0.72435,0.7293,189203
2022-03-03 00:00:00+00:00,0.72924,0.73464,0.7274,0.7335,160120
2022-03-04 00:00:00+00:00,0.73381,0.738,0.7301,0.7346,187522
2022-03-05 00:00:00+00:00,0.7369,0.7369,0.7346,0.7346,2
2022-03-06 00:00:00+00:00,0.73622,0.73936,0.73442,0.73936,6089
2022-03-07 00:00:00+00:00,0.73914,0.74365,0.7308,0.7329,225671
2022-03-08 00:00:00+00:00,0.73296,0.73476,0.72457,0.72672,207140
2022-03-09 00:00:00+00:00,0.7267,0.73366,0.7266,0.73167,161371
2022-03-10 00:00:00+00:00,0.73188,0.7367,0.72886,0.73654,161115
2022-03-11 00:00:00+00:00,0.73652,0.73654,0.72434,0.72434,160118
2022-03-13 00:00:00+00:00,0.72923,0.72983,0.72802,0.72961,3921
2022-03-14 00:00:00+00:00,0.72951,0.72961,0.71804,0.7197,150943
2022-03-15 00:00:00+00:00,0.7199,0.72262,0.71664,0.71899,147446
2022-03-16 00:00:00+00:00,0.71898,0.72968,0.71807,0.72884,167407
2022-03-17 00:00:00+00:00,0.72894,0.73926,0.7284,0.73809,158438
2022-03-18 00:00:00+00:00,0.73815,0.7418,0.73604,0.7418,130876
2022-03-20 00:00:00+00:00,0.73939,0.7414,0.73488,0.74093,3141
2022-03-21 00:00:00+00:00,0.74095,0.74247,0.7371,0.7394,128020
2022-03-22 00:00:00+00:00,0.73939,0.74767,0.7375,0.74621,125702
2022-03-23 00:00:00+00:00,0.74633,0.75064,0.7449,0.74985,123770
2022-03-24 00:00:00+00:00,0.75018,0.75259,0.74667,0.75086,133591
2022-03-25 00:00:00+00:00,0.75109,0.75357,0.72031,0.751,129925
2022-03-26 00:00:00+00:00,0.7511,0.7514,0.7511,0.7514,4
2022-03-27 00:00:00+00:00,0.75024,0.75203,0.74957,0.75171,4112
2022-03-28 00:00:00+00:00,0.7518,0.7539,0.74665,0.74967,149743
2022-03-29 00:00:00+00:00,0.74977,0.75243,0.74613,0.75139,155524
2022-03-30 00:00:00+00:00,0.75123,0.75356,0.7493,0.7498,145882
2022-03-31 00:00:00+00:00,0.75015,0.7514,0.7469,0.7489,148884
2022-04-01 00:00:00+00:00,0.74914,0.75047,0.74676,0.74716,79618
2022-04-02 00:00:00+00:00,0.7498,0.7498,0.74776,0.74776,2
2022-04-03 00:00:00+00:00,0.74878,0.74941,0.7483,0.7483,2561
2022-04-04 00:00:00+00:00,0.7482,0.75557,0.7482,0.75431,111765
2022-04-05 00:00:00+00:00,0.7538,0.76598,0.7534,0.75849,138921
2022-04-06 00:00:00+00:00,0.75865,0.7592,0.74865,0.75046,150773
2022-04-07 00:00:00+00:00,0.75044,0.75124,0.7466,0.74779,136824
2022-04-08 00:00:00+00:00,0.74778,0.74914,0.74078,0.74078,121219
2022-04-10 00:00:00+00:00,0.74612,0.74621,0.74451,0.74452,1739
2022-04-11 00:00:00+00:00,0.7443,0.74594,0.7411,0.7414,127637
2022-04-12 00:00:00+00:00,0.74171,0.7492,0.7399,0.74534,143982
2022-04-13 00:00:00+00:00,0.74551,0.7474,0.73924,0.74499,141573
2022-04-14 00:00:00+00:00,0.74566,0.7468,0.7397,0.74076,133520
2022-04-15 00:00:00+00:00,0.74075,0.74122,0.73892,0.73922,57650
2022-04-17 00:00:00+00:00,0.73787,0.74028,0.73396,0.7392,3789
2022-04-18 00:00:00+00:00,0.73959,0.73959,0.7342,0.73566,99571
2022-04-19 00:00:00+00:00,0.7355,0.73987,0.7343,0.73931,126958
2022-04-20 00:00:00+00:00,0.73949,0.74568,0.7375,0.74439,133175
2022-04-21 00:00:00+00:00,0.7444,0.74566,0.73263,0.73599,132912
2022-04-22 00:00:00+00:00,0.7359,0.7368,0.71526,0.71526,134835
2022-04-23 00:00:00+00:00,0.72046,0.7237,0.72046,0.72046,6
2022-04-24 00:00:00+00:00,0.72301,0.72554,0.72291,0.723,5220
2022-04-25 00:00:00+00:00,0.72297,0.72297,0.7134,0.71767,180809
2022-04-26 00:00:00+00:00,0.71764,0.72287,0.7118,0.71416,159798
2022-04-27 00:00:00+00:00,0.7141,0.71894,0.71,0.71215,170212
2022-04-28 00:00:00+00:00,0.71185,0.71603,0.70568,0.7109,173088
2022-04-29 00:00:00+00:00,0.71122,0.71789,0.70321,0.70333,146225
2022-05-01 00:00:00+00:00,0.70629,0.70752,0.7057,0.706,6630
2022-05-02 00:00:00+00:00,0.70675,0.70818,0.7028,0.70508,149897
2022-05-03 00:00:00+00:00,0.7053,0.71425,0.7053,0.71007,158573
2022-05-04 00:00:00+00:00,0.71,0.72649,0.70894,0.72509,163010
2022-05-05 00:00:00+00:00,0.72533,0.72645,0.7078,0.71189,200530
2022-05-06 00:00:00+00:00,0.71216,0.71317,0.70592,0.7076,216060
2022-05-08 00:00:00+00:00,0.70624,0.70792,0.704,0.70443,6099
2022-05-09 00:00:00+00:00,0.7041,0.70425,0.69379,0.69535,192135
2022-05-10 00:00:00+00:00,0.69521,0.6985,0.69114,0.69323,222048
2022-05-11 00:00:00+00:00,0.69311,0.70508,0.69262,0.69262,215603
2022-05-12 00:00:00+00:00,0.69243,0.69525,0.6829,0.6868,237336
2022-05-13 00:00:00+00:00,0.68677,0.69401,0.6863,0.69264,162776
2022-05-15 00:00:00+00:00,0.68926,0.69521,0.68851,0.6947,5248
2022-05-16 00:00:00+00:00,0.69496,0.69814,0.68765,0.6972,183738
2022-05-17 00:00:00+00:00,0.69765,0.70399,0.6972,0.7027,180188
2022-05-18 00:00:00+00:00,0.70308,0.70453,0.6948,0.69578,176369
2022-05-19 00:00:00+00:00,0.6964,0.7072,0.69556,0.7038,227417
2022-05-20 00:00:00+00:00,0.7044,0.70718,0.69605,0.69795,188988
2022-05-22 00:00:00+00:00,0.70314,0.70687,0.70314,0.70611,6126
2022-05-23 00:00:00+00:00,0.70631,0.71266,0.7058,0.70863,154624
2022-05-24 00:00:00+00:00,0.70844,0.71177,0.7058,0.71012,169244
2022-05-25 00:00:00+00:00,0.71015,0.71178,0.7035,0.70892,176659
2022-05-26 00:00:00+00:00,0.70909,0.7109,0.7057,0.70979,150546
2022-05-27 00:00:00+00:00,0.70985,0.71658,0.7091,0.71401,133476
2022-05-29 00:00:00+00:00,0.71365,0.71636,0.71365,0.71581,4809
2022-05-30 00:00:00+00:00,0.71585,0.71995,0.7155,0.7194,113071
2022-05-31 00:00:00+00:00,0.7195,0.7202,0.71496,0.71826,150249
2022-06-01 00:00:00+00:00,0.71832,0.72281,0.7154,0.71713,144477
2022-06-02 00:00:00+00:00,0.71718,0.72695,0.71423,0.72651,131293
2022-06-03 00:00:00+00:00,0.72631,0.72812,0.71888,0.71928,127950
2022-06-04 00:00:00+00:00,0.7205,0.7205,0.71988,0.71988,2
2022-06-05 00:00:00+00:00,0.72029,0.72156,0.72002,0.72002,4946
2022-06-06 00:00:00+00:00,0.72013,0.72303,0.7181,0.71857,122055
2022-06-07 00:00:00+00:00,0.71849,0.72471,0.7156,0.7221,129625
2022-06-08 00:00:00+00:00,0.72215,0.72332,0.7176,0.71859,142693
2022-06-09 00:00:00+00:00,0.71867,0.71932,0.7093,0.70973,160372
2022-06-10 00:00:00+00:00,0.70964,0.7137,0.6937,0.6937,169609
2022-06-11 00:00:00+00:00,0.705,0.705,0.7003,0.7003,2
2022-06-12 00:00:00+00:00,0.70141,0.70467,0.70141,0.70194,6433
2022-06-13 00:00:00+00:00,0.70185,0.70326,0.69121,0.6937,202352
2022-06-14 00:00:00+00:00,0.69409,0.69694,0.68519,0.6887,219149
2022-06-15 00:00:00+00:00,0.68887,0.70213,0.6885,0.70174,219479
2022-06-16 00:00:00+00:00,0.70179,0.7068,0.69458,0.70401,215732
2022-06-17 00:00:00+00:00,0.70402,0.70402,0.68528,0.68528,195033
2022-06-18 00:00:00+00:00,0.6929,0.6929,0.68718,0.68718,6
2022-06-19 00:00:00+00:00,0.68949,0.69558,0.689,0.6947,7022
2022-06-20 00:00:00+00:00,0.69492,0.69957,0.69274,0.6968,144390
2022-06-21 00:00:00+00:00,0.69658,0.69919,0.69363,0.69594,167451
2022-06-22 00:00:00+00:00,0.69598,0.69608,0.6881,0.69049,182235
2022-06-23 00:00:00+00:00,0.69073,0.69253,0.6869,0.69024,187688
2022-06-24 00:00:00+00:00,0.69026,0.69562,0.6887,0.69041,157634
2022-06-26 00:00:00+00:00,0.69059,0.69578,0.69059,0.69437,6272
2022-06-27 00:00:00+00:00,0.69438,0.6948,0.69099,0.69208,168727
2022-06-28 00:00:00+00:00,0.69243,0.69625,0.69008,0.69031,176086
2022-06-29 00:00:00+00:00,0.69042,0.69198,0.68624,0.68781,190494
2022-06-30 00:00:00+00:00,0.68733,0.69177,0.68533,0.68976,184515
2022-07-01 00:00:00+00:00,0.68985,0.69018,0.6763,0.68087,193874
2022-07-03 00:00:00+00:00,0.68002,0.68247,0.67989,0.68126,6940
2022-07-04 00:00:00+00:00,0.68192,0.68882,0.67947,0.6868,143314
2022-07-05 00:00:00+00:00,0.68704,0.68937,0.6762,0.67938,198690
2022-07-06 00:00:00+00:00,0.67901,0.6825,0.676,0.67819,200354
2022-07-07 00:00:00+00:00,0.67756,0.6848,0.6762,0.68472,171035
2022-07-08 00:00:00+00:00,0.68467,0.68737,0.67918,0.68136,172337
2022-07-09 00:00:00+00:00,0.6855,0.6855,0.68146,0.68146,2
2022-07-10 00:00:00+00:00,0.68299,0.6857,0.68267,0.68445,7766
2022-07-11 00:00:00+00:00,0.68413,0.68442,0.67159,0.67404,180625
2022-07-12 00:00:00+00:00,0.67412,0.67776,0.6709,0.67456,190262
2022-07-13 00:00:00+00:00,0.67481,0.68021,0.67272,0.67327,214562
2022-07-14 00:00:00+00:00,0.67336,0.67846,0.6681,0.6755,222070
2022-07-15 00:00:00+00:00,0.6757,0.68026,0.67191,0.67616,178805
2022-07-16 00:00:00+00:00,0.67796,0.67796,0.67796,0.67796,2
2022-07-17 00:00:00+00:00,0.67791,0.6813,0.67735,0.6812,6846
2022-07-18 00:00:00+00:00,0.6809,0.68532,0.67934,0.6808,165118
2022-07-19 00:00:00+00:00,0.6807,0.69117,0.6801,0.68953,158697
2022-07-20 00:00:00+00:00,0.689,0.69289,0.6872,0.68837,164885
2022-07-21 00:00:00+00:00,0.68826,0.69368,0.68589,0.69218,181869
2022-07-22 00:00:00+00:00,0.69209,0.69742,0.68717,0.68717,166360
2022-07-23 00:00:00+00:00,0.6924,0.6924,0.68757,0.68817,4
2022-07-24 00:00:00+00:00,0.69079,0.69321,0.6901,0.69035,6983
2022-07-25 00:00:00+00:00,0.69073,0.69635,0.68834,0.6947,157072
2022-07-26 00:00:00+00:00,0.695,0.69812,0.69227,0.69453,144676
2022-07-27 00:00:00+00:00,0.69456,0.70101,0.69137,0.69935,158261
2022-07-28 00:00:00+00:00,0.69941,0.70134,0.6955,0.69974,175320
2022-07-29 00:00:00+00:00,0.69982,0.70307,0.69134,0.6918,169012
2022-07-31 00:00:00+00:00,0.69296,0.69854,0.69296,0.69705,5980
2022-08-01 00:00:00+00:00,0.69716,0.7046,0.6967,0.70237,146354
2022-08-02 00:00:00+00:00,0.70241,0.70307,0.68896,0.68904,195418
2022-08-03 00:00:00+00:00,0.68911,0.69545,0.6886,0.6937,160343
2022-08-04 00:00:00+00:00,0.6938,0.69894,0.6932,0.69595,152854
2022-08-05 00:00:00+00:00,0.69584,0.69748,0.68707,0.68917,149549
2022-08-06 00:00:00+00:00,0.6908,0.6908,0.68957,0.68957,10
2022-08-07 00:00:00+00:00,0.68669,0.69138,0.68669,0.6903,6126
2022-08-08 00:00:00+00:00,0.69018,0.70081,0.68989,0.69884,138758
2022-08-09 00:00:00+00:00,0.69882,0.69932,0.69386,0.6954,122931
2022-08-10 00:00:00+00:00,0.6951,0.71074,0.6946,0.70817,117411
2022-08-11 00:00:00+00:00,0.70837,0.71357,0.7062,0.71011,131211
2022-08-12 00:00:00+00:00,0.71071,0.71276,0.70851,0.71263,108062
2022-08-14 00:00:00+00:00,0.70679,0.71242,0.70679,0.7114,3752
2022-08-15 00:00:00+00:00,0.71158,0.71246,0.7012,0.7016,129854
2022-08-16 00:00:00+00:00,0.70165,0.70392,0.69908,0.70194,125845
2022-08-17 00:00:00+00:00,0.70185,0.70259,0.6911,0.693,145222
2022-08-18 00:00:00+00:00,0.69326,0.69695,0.68989,0.6911,133977
2022-08-19 00:00:00+00:00,0.69117,0.69182,0.68541,0.68747,126042
2022-08-20 00:00:00+00:00,0.6872,0.68737,0.6872,0.68737,2
2022-08-21 00:00:00+00:00,0.68737,0.68737,0.68737,0.68737,1
2022-08-22 00:00:00+00:00,0.68915,0.69262,0.68622,0.68781,96786
2022-08-23 00:00:00+00:00,0.68788,0.69597,0.6854,0.692,141968
2022-08-24 00:00:00+00:00,0.69175,0.69284,0.6876,0.69053,128634
2022-08-25 00:00:00+00:00,0.6902,0.69897,0.6899,0.69619,147220
2022-08-26 00:00:00+00:00,0.69638,0.70071,0.67336,0.68198,139882
2022-08-27 00:00:00+00:00,0.6889,0.6889,0.68538,0.68538,2
2022-08-28 00:00:00+00:00,0.68916,0.69011,0.6859,0.68643,6960
2022-08-29 00:00:00+00:00,0.68688,0.69246,0.6839,0.69071,159232
2022-08-30 00:00:00+00:00,0.69073,0.69554,0.68425,0.68542,177083
2022-08-31 00:00:00+00:00,0.68546,0.69034,0.68262,0.68278,172889
2022-09-01 00:00:00+00:00,0.68262,0.68434,0.677,0.6795,177536
2022-09-02 00:00:00+00:00,0.6796,0.68543,0.6779,0.67995,163568
2022-09-04 00:00:00+00:00,0.67939,0.6805,0.67748,0.67883,7428
2022-09-05 00:00:00+00:00,0.67903,0.68146,0.67729,0.6811,135180
2022-09-06 00:00:00+00:00,0.68105,0.68318,0.6724,0.67277,190928
2022-09-07 00:00:00+00:00,0.6728,0.67725,0.6699,0.6752,178284
2022-09-08 00:00:00+00:00,0.67516,0.67658,0.67138,0.67643,190661
2022-09-09 00:00:00+00:00,0.6762,0.68758,0.67306,0.6847,155245
2022-09-10 00:00:00+00:00,0.684,0.6847,0.684,0.6847,3
2022-09-11 00:00:00+00:00,0.68243,0.68497,0.6803,0.68456,7438
2022-09-12 00:00:00+00:00,0.6845,0.68988,0.6824,0.68928,153541
2022-09-13 00:00:00+00:00,0.68931,0.69155,0.67248,0.67405,165423
2022-09-14 00:00:00+00:00,0.67392,0.67617,0.67058,0.675,180053
2022-09-15 00:00:00+00:00,0.67505,0.67698,0.6684,0.6685,154653
2022-09-16 00:00:00+00:00,0.66885,0.67241,0.66708,0.66981,162285
2022-09-17 00:00:00+00:00,0.6767,0.6767,0.67041,0.67041,2
2022-09-18 00:00:00+00:00,0.66899,0.67315,0.66899,0.67247,6173
2022-09-19 00:00:00+00:00,0.67277,0.67337,0.66726,0.67321,144512
2022-09-20 00:00:00+00:00,0.67356,0.67454,0.6676,0.66947,165280
2022-09-21 00:00:00+00:00,0.66939,0.67024,0.6606,0.661,180931
2022-09-22 00:00:00+00:00,0.6611,0.66695,0.65746,0.66436,198283
2022-09-23 00:00:00+00:00,0.66454,0.66547,0.64693,0.64693,188379
2022-09-24 00:00:00+00:00,0.6526,0.6526,0.65213,0.65213,4
2022-09-25 00:00:00+00:00,0.65089,0.6536,0.65089,0.65307,10310
2022-09-26 00:00:00+00:00,0.65281,0.65361,0.6437,0.64713,253579
2022-09-27 00:00:00+00:00,0.64722,0.65119,0.6411,0.6434,215715
2022-09-28 00:00:00+00:00,0.64355,0.65297,0.63637,0.65026,250557
2022-09-29 00:00:00+00:00,0.65052,0.65175,0.64365,0.65082,237105
2022-09-30 00:00:00+00:00,0.65072,0.65238,0.63743,0.6397,224936
2022-10-02 00:00:00+00:00,0.63933,0.64267,0.63933,0.6418,8045
2022-10-03 00:00:00+00:00,0.6416,0.65213,0.6412,0.65031,202710
2022-10-04 00:00:00+00:00,0.65027,0.65472,0.6452,0.65134,196248
2022-10-05 00:00:00+00:00,0.6508,0.65244,0.64168,0.65121,190004
2022-10-06 00:00:00+00:00,0.65127,0.65404,0.63927,0.6414,212082
2022-10-07 00:00:00+00:00,0.64155,0.64319,0.628,0.628,172749
2022-10-08 00:00:00+00:00,0.6367,0.6367,0.6298,0.6298,2
2022-10-09 00:00:00+00:00,0.7364,0.7374,0.7343,0.7358,631
2022-10-10 00:00:00+00:00,0.7359,0.7362,0.6274,0.6293,182492
2022-10-11 00:00:00+00:00,0.629,0.63453,0.6247,0.62644,212161
2022-10-12 00:00:00+00:00,0.62666,0.62965,0.6238,0.62758,204551
2022-10-13 00:00:00+00:00,0.62739,0.63146,0.61723,0.62949,206306
2022-10-14 00:00:00+00:00,0.62953,0.63445,0.61523,0.61562,213190
2022-10-16 00:00:00+00:00,0.62002,0.62233,0.62001,0.62217,7750
2022-10-17 00:00:00+00:00,0.62215,0.63114,0.62112,0.62972,194922
2022-10-18 00:00:00+00:00,0.63008,0.63386,0.62683,0.6312,201225
2022-10-19 00:00:00+00:00,0.63181,0.63232,0.625,0.6263,201488
2022-10-20 00:00:00+00:00,0.62645,0.63537,0.62284,0.6274,197155
2022-10-21 00:00:00+00:00,0.62752,0.63923,0.62121,0.62173,216037
2022-10-22 00:00:00+00:00,0.6376,0.6376,0.62273,0.62273,9
2022-10-23 00:00:00+00:00,0.62969,0.64104,0.62969,0.63685,17495
2022-10-24 00:00:00+00:00,0.63664,0.63724,0.62736,0.6326,183288
2022-10-25 00:00:00+00:00,0.63269,0.64112,0.6303,0.6384,161453
2022-10-26 00:00:00+00:00,0.63856,0.65098,0.63728,0.64957,168094
2022-10-27 00:00:00+00:00,0.64901,0.65211,0.64273,0.64503,188295
2022-10-28 00:00:00+00:00,0.64477,0.64787,0.63705,0.63705,193410
2022-10-30 00:00:00+00:00,0.63906,0.64089,0.63859,0.64005,9915
2022-10-31 00:00:00+00:00,0.6405,0.64275,0.6367,0.6406,177576
2022-11-01 00:00:00+00:00,0.6406,0.64631,0.63786,0.63959,204742
2022-11-02 00:00:00+00:00,0.63994,0.6491,0.6331,0.6338,205721
2022-11-03 00:00:00+00:00,0.6337,0.63718,0.62738,0.62881,196452
2022-11-04 00:00:00+00:00,0.6286,0.64825,0.62851,0.646,201391
2022-11-05 00:00:00+00:00,0.6426,0.6465,0.6426,0.6462,8
2022-11-06 00:00:00+00:00,0.6465,0.64681,0.6406,0.64386,5798
2022-11-07 00:00:00+00:00,0.64397,0.6488,0.6407,0.6474,204527
2022-11-08 00:00:00+00:00,0.64735,0.65493,0.64441,0.65088,190340
2022-11-09 00:00:00+00:00,0.65062,0.65197,0.64158,0.64305,213433
2022-11-10 00:00:00+00:00,0.64298,0.66301,0.63883,0.66063,197659
2022-11-11 00:00:00+00:00,0.66084,0.67164,0.65443,0.6701,213536
2022-11-12 00:00:00+00:00,0.6703,0.6703,0.6701,0.6703,7
2022-11-13 00:00:00+00:00,0.66699,0.6721,0.66699,0.66947,6802
2022-11-14 00:00:00+00:00,0.66934,0.67226,0.6663,0.66925,210423
2022-11-15 00:00:00+00:00,0.6698,0.67914,0.66666,0.67692,244074
2022-11-16 00:00:00+00:00,0.67693,0.67922,0.67201,0.67391,227518
2022-11-17 00:00:00+00:00,0.67392,0.67501,0.65693,0.6687,207662
2022-11-18 00:00:00+00:00,0.66875,0.67296,0.66499,0.6673,175358
2022-11-20 00:00:00+00:00,0.6667,0.66829,0.66574,0.66829,4602
2022-11-21 00:00:00+00:00,0.6681,0.6681,0.65852,0.66075,178627
2022-11-22 00:00:00+00:00,0.66056,0.66508,0.6604,0.6646,162589
2022-11-23 00:00:00+00:00,0.66528,0.67463,0.6634,0.67463,179901
2022-11-24 00:00:00+00:00,0.67461,0.67771,0.673,0.67651,131334
2022-11-25 00:00:00+00:00,0.6763,0.67799,0.67208,0.6749,149787
2022-11-27 00:00:00+00:00,0.67214,0.67265,0.67097,0.67109,5092
2022-11-28 00:00:00+00:00,0.67139,0.67233,0.6641,0.6649,173661
2022-11-29 00:00:00+00:00,0.66519,0.6748,0.66406,0.6683,193983
2022-11-30 00:00:00+00:00,0.66781,0.68012,0.6675,0.67994,208096
2022-12-01 00:00:00+00:00,0.68007,0.68387,0.67831,0.68105,153397
2022-12-02 00:00:00+00:00,0.68086,0.68346,0.67206,0.67916,193494
2022-12-03 00:00:00+00:00,0.6794,0.6797,0.6788,0.6794,7
2022-12-04 00:00:00+00:00,0.6794,0.68122,0.676,0.68122,7750
2022-12-05 00:00:00+00:00,0.68131,0.68497,0.6685,0.67065,186736
2022-12-06 00:00:00+00:00,0.67081,0.67437,0.66802,0.66981,183819
2022-12-07 00:00:00+00:00,0.66988,0.67417,0.6667,0.67253,192076
2022-12-08 00:00:00+00:00,0.67229,0.67793,0.66998,0.6775,174086
2022-12-09 00:00:00+00:00,0.6774,0.68122,0.67497,0.6796,171852
2022-12-10 00:00:00+00:00,0.6794,0.6795,0.6794,0.6795,2
2022-12-11 00:00:00+00:00,0.67702,0.68003,0.67649,0.67785,3140
2022-12-12 00:00:00+00:00,0.67778,0.6793,0.6728,0.67515,158786
2022-12-13 00:00:00+00:00,0.67516,0.68921,0.6739,0.68416,211942
2022-12-14 00:00:00+00:00,0.68448,0.688,0.68117,0.6855,203901
2022-12-15 00:00:00+00:00,0.68566,0.68695,0.6678,0.67056,200530
2022-12-16 00:00:00+00:00,0.67055,0.67341,0.66233,0.6713,183320
2022-12-17 00:00:00+00:00,0.6683,0.6712,0.6683,0.6712,2
2022-12-18 00:00:00+00:00,0.66772,0.6726,0.66772,0.66869,3038
2022-12-19 00:00:00+00:00,0.66881,0.67315,0.66602,0.6705,173203
2022-12-20 00:00:00+00:00,0.67032,0.6739,0.66006,0.66879,216457
2022-12-21 00:00:00+00:00,0.6687,0.67271,0.66569,0.67126,190501
2022-12-22 00:00:00+00:00,0.67119,0.67666,0.6643,0.6676,182805
2022-12-23 00:00:00+00:00,0.6677,0.67235,0.66222,0.66222,168106
2022-12-24 00:00:00+00:00,0.6718,0.6718,0.66402,0.66402,2
2022-12-25 00:00:00+00:00,0.66572,0.67062,0.66442,0.6706,84
2022-12-26 00:00:00+00:00,0.6706,0.67552,0.66427,0.67439,21742
2022-12-27 00:00:00+00:00,0.67424,0.67749,0.67247,0.67285,160573
2022-12-28 00:00:00+00:00,0.67308,0.68002,0.67194,0.67465,169518
2022-12-29 00:00:00+00:00,0.67485,0.67862,0.671,0.67654,154783
2022-12-30 00:00:00+00:00,0.67653,0.68193,0.67438,0.6803,167598
2023-01-01 00:00:00+00:00,0.676,0.68165,0.6735,0.68161,250
2023-01-02 00:00:00+00:00,0.68156,0.68186,0.67656,0.68076,46832
2023-01-03 00:00:00+00:00,0.68068,0.68342,0.66883,0.6725,200355
2023-01-04 00:00:00+00:00,0.6726,0.68857,0.62295,0.68284,210339
2023-01-05 00:00:00+00:00,0.68241,0.68449,0.67362,0.67524,194498
2023-01-06 00:00:00+00:00,0.6754,0.68866,0.67221,0.6879,199256
2023-01-08 00:00:00+00:00,0.68444,0.68963,0.68444,0.68955,4734
2023-01-09 00:00:00+00:00,0.68961,0.6949,0.6884,0.69093,185998
2023-01-10 00:00:00+00:00,0.6909,0.6927,0.6751,0.68927,190670
2023-01-11 00:00:00+00:00,0.68931,0.69248,0.6846,0.6907,174359
2023-01-12 00:00:00+00:00,0.6909,0.69838,0.68882,0.69673,201820
2023-01-13 00:00:00+00:00,0.69656,0.69936,0.69111,0.698,184112
2023-01-15 00:00:00+00:00,0.69442,0.69777,0.69442,0.69718,3802
2023-01-16 00:00:00+00:00,0.69776,0.69828,0.6942,0.6963,93352
2023-01-17 00:00:00+00:00,0.69623,0.69966,0.693,0.69877,163455
2023-01-18 00:00:00+00:00,0.69927,0.70592,0.6934,0.69438,210224
2023-01-19 00:00:00+00:00,0.69443,0.69474,0.6872,0.691,185841
2023-01-20 00:00:00+00:00,0.691,0.69732,0.68554,0.696,167408
2023-01-22 00:00:00+00:00,0.69222,0.69839,0.69222,0.69833,3259
2023-01-23 00:00:00+00:00,0.69825,0.7039,0.69624,0.70284,178733
2023-01-24 00:00:00+00:00,0.70282,0.70555,0.69977,0.70502,159660
2023-01-25 00:00:00+00:00,0.70453,0.71219,0.70292,0.7104,169077
2023-01-26 00:00:00+00:00,0.71084,0.71394,0.70791,0.71134,171460
2023-01-27 00:00:00+00:00,0.71171,0.715,0.69774,0.715,148883
2023-01-28 00:00:00+00:00,0.7102,0.7149,0.7102,0.7149,2
2023-01-29 00:00:00+00:00,0.71,0.71087,0.70988,0.71074,3113
2023-01-30 00:00:00+00:00,0.71072,0.71191,0.705,0.70578,175062
2023-01-31 00:00:00+00:00,0.7057,0.70628,0.6982,0.7048,183117
2023-02-01 00:00:00+00:00,0.70475,0.71572,0.7036,0.71475,186976
2023-02-02 00:00:00+00:00,0.71494,0.71551,0.70672,0.70728,201243
2023-02-03 00:00:00+00:00,0.70717,0.70727,0.69013,0.6921,191427
2023-02-04 00:00:00+00:00,0.6922,0.6922,0.692,0.6921,5
2023-02-05 00:00:00+00:00,0.69192,0.69291,0.68823,0.69184,5903
2023-02-06 00:00:00+00:00,0.69159,0.69477,0.6856,0.68885,169293
2023-02-07 00:00:00+00:00,0.689,0.69836,0.68866,0.69645,195994
2023-02-08 00:00:00+00:00,0.69627,0.69946,0.69157,0.6926,167679
2023-02-09 00:00:00+00:00,0.69295,0.70102,0.69225,0.69385,158454
2023-02-10 00:00:00+00:00,0.6935,0.6959,0.68599,0.6898,170823
2023-02-11 00:00:00+00:00,0.6906,0.6915,0.6898,0.6908,4
2023-02-13 00:00:00+00:00,0.69077,0.69731,0.6905,0.69682,120033
2023-02-14 00:00:00+00:00,0.69659,0.70257,0.69225,0.69868,192475
2023-02-15 00:00:00+00:00,0.69842,0.69843,0.68651,0.69063,169087
2023-02-16 00:00:00+00:00,0.6904,0.69347,0.68452,0.6862,177681
2023-02-17 00:00:00+00:00,0.68619,0.68837,0.681,0.6877,159872
2023-02-18 00:00:00+00:00,0.6878,0.6878,0.6877,0.6877,2
2023-02-19 00:00:00+00:00,0.68546,0.68759,0.68546,0.68687,3430
2023-02-20 00:00:00+00:00,0.68681,0.69197,0.6861,0.69087,119638
2023-02-21 00:00:00+00:00,0.69071,0.69176,0.68365,0.68632,176891
2023-02-22 00:00:00+00:00,0.68621,0.68638,0.67947,0.68112,171980
2023-02-23 00:00:00+00:00,0.68131,0.68382,0.6781,0.6807,157264
2023-02-24 00:00:00+00:00,0.6808,0.68232,0.66701,0.6724,167694
2023-02-25 00:00:00+00:00,0.6723,0.6724,0.6723,0.6723,5
2023-02-26 00:00:00+00:00,0.67185,0.67376,0.67185,0.67331,3792
2023-02-27 00:00:00+00:00,0.6734,0.67441,0.6696,0.67401,155158
2023-02-28 00:00:00+00:00,0.6737,0.6757,0.67055,0.6727,157956
2023-03-01 00:00:00+00:00,0.673,0.67832,0.6695,0.67597,182995
2023-03-02 00:00:00+00:00,0.6757,0.67654,0.6706,0.67316,174494
2023-03-03 00:00:00+00:00,0.6733,0.67741,0.67292,0.6766,148728
2023-03-05 00:00:00+00:00,0.67573,0.67591,0.67369,0.67535,4109
2023-03-06 00:00:00+00:00,0.67536,0.67691,0.67168,0.67311,143022
2023-03-07 00:00:00+00:00,0.67303,0.67476,0.6579,0.6587,177644
2023-03-08 00:00:00+00:00,0.65898,0.66281,0.6568,0.65939,152576
2023-03-09 00:00:00+00:00,0.65934,0.66344,0.6576,0.65887,145593
2023-03-10 00:00:00+00:00,0.65895,0.66377,0.6538,0.6575,208349
2023-03-11 00:00:00+00:00,0.6576,0.6581,0.6576,0.6581,2
2023-03-12 00:00:00+00:00,0.65719,0.66451,0.65716,0.66328,15417
2023-03-13 00:00:00+00:00,0.6631,0.67149,0.66021,0.66549,261922
2023-03-14 00:00:00+00:00,0.66535,0.6694,0.66142,0.66871,231532
2023-03-15 00:00:00+00:00,0.66856,0.67108,0.65904,0.6617,229460
2023-03-16 00:00:00+00:00,0.66154,0.66657,0.6615,0.6662,217702
2023-03-17 00:00:00+00:00,0.66604,0.6759,0.65703,0.6758,162764
2023-03-18 00:00:00+00:00,0.6694,0.6757,0.6694,0.6753,4
2023-03-19 00:00:00+00:00,0.66764,0.6739,0.66745,0.67126,8722
2023-03-20 00:00:00+00:00,0.67141,0.67298,0.66662,0.67163,175753
2023-03-21 00:00:00+00:00,0.67151,0.67242,0.6648,0.66779,137970
2023-03-22 00:00:00+00:00,0.66757,0.67568,0.6661,0.66975,148860
2023-03-23 00:00:00+00:00,0.66986,0.67551,0.66712,0.6681,163909
2023-03-24 00:00:00+00:00,0.66806,0.66937,0.6625,0.665,139808
2023-03-26 00:00:00+00:00,0.66134,0.66581,0.66134,0.66546,5361
2023-03-27 00:00:00+00:00,0.66528,0.66644,0.6633,0.6658,124220
2023-03-28 00:00:00+00:00,0.66572,0.67097,0.6653,0.67059,118023
2023-03-29 00:00:00+00:00,0.67087,0.67126,0.6661,0.66812,118807
2023-03-30 00:00:00+00:00,0.6681,0.67183,0.66621,0.67154,113912
2023-03-31 00:00:00+00:00,0.67162,0.67375,0.66708,0.6686,114348
2023-04-02 00:00:00+00:00,0.66759,0.66994,0.6658,0.6658,8315
2023-04-03 00:00:00+00:00,0.66577,0.67928,0.66532,0.67862,140535
2023-04-04 00:00:00+00:00,0.679,0.67931,0.6721,0.67598,132835
2023-04-05 00:00:00+00:00,0.67601,0.67721,0.66687,0.67163,132930
2023-04-06 00:00:00+00:00,0.67188,0.67188,0.66534,0.66741,106856
2023-04-07 00:00:00+00:00,0.66747,0.66906,0.66339,0.6668,57935
2023-04-08 00:00:00+00:00,0.667,0.667,0.6669,0.6669,2
2023-04-09 00:00:00+00:00,0.664,0.66737,0.664,0.66727,4335
2023-04-10 00:00:00+00:00,0.6674,0.66797,0.66155,0.6648,92301
2023-04-11 00:00:00+00:00,0.66494,0.66793,0.6642,0.66529,110397
2023-04-12 00:00:00+00:00,0.6654,0.67206,0.6649,0.6695,122833
2023-04-13 00:00:00+00:00,0.66953,0.67962,0.6684,0.67836,124847
2023-04-14 00:00:00+00:00,0.6781,0.67917,0.66448,0.6704,125356
2023-04-15 00:00:00+00:00,0.6707,0.6707,0.6705,0.6705,2
2023-04-16 00:00:00+00:00,0.66955,0.6708,0.66932,0.67052,2968
2023-04-17 00:00:00+00:00,0.67053,0.6718,0.66814,0.66981,113815
2023-04-18 00:00:00+00:00,0.67,0.67461,0.66908,0.67354,118084
2023-04-19 00:00:00+00:00,0.6739,0.67403,0.66755,0.6702,117019
2023-04-20 00:00:00+00:00,0.67055,0.67694,0.6697,0.67426,131549
2023-04-21 00:00:00+00:00,0.6741,0.67429,0.66343,0.669,123439
2023-04-23 00:00:00+00:00,0.66772,0.67014,0.66772,0.66908,3477
2023-04-24 00:00:00+00:00,0.66866,0.67044,0.66665,0.67032,115694
2023-04-25 00:00:00+00:00,0.67,0.67052,0.66143,0.6633,132519
2023-04-26 00:00:00+00:00,0.6638,0.6638,0.65674,0.66079,152375
2023-04-27 00:00:00+00:00,0.6607,0.66348,0.6595,0.66301,141871
2023-04-28 00:00:00+00:00,0.66322,0.66416,0.65754,0.6613,150617
2023-04-29 00:00:00+00:00,0.6606,0.6614,0.6606,0.6614,2
2023-04-30 00:00:00+00:00,0.65997,0.66204,0.65997,0.66098,4136
2023-05-01 00:00:00+00:00,0.66096,0.6667,0.66096,0.66226,113928
2023-05-02 00:00:00+00:00,0.66246,0.67156,0.66207,0.66704,138568
2023-05-03 00:00:00+00:00,0.66707,0.67021,0.664,0.66414,156039
2023-05-04 00:00:00+00:00,0.66413,0.67061,0.66413,0.66959,173369
2023-05-05 00:00:00+00:00,0.6695,0.6759,0.6692,0.6759,134966
2023-05-07 00:00:00+00:00,0.67292,0.67551,0.67292,0.6745,3961
2023-05-08 00:00:00+00:00,0.6743,0.68027,0.674,0.67806,113564
2023-05-09 00:00:00+00:00,0.67798,0.67865,0.6747,0.67665,119160
2023-05-10 00:00:00+00:00,0.67652,0.68166,0.67442,0.6778,135530
2023-05-11 00:00:00+00:00,0.6784,0.67942,0.6687,0.6697,149962
2023-05-12 00:00:00+00:00,0.67001,0.6706,0.6572,0.6656,122737
2023-05-13 00:00:00+00:00,0.6645,0.6646,0.6645,0.6646,2
2023-05-14 00:00:00+00:00,0.66367,0.66569,0.66367,0.6644,2918
2023-05-15 00:00:00+00:00,0.66466,0.67085,0.664,0.67019,119663
2023-05-16 00:00:00+00:00,0.67013,0.67089,0.66482,0.66574,133687
2023-05-17 00:00:00+00:00,0.66592,0.66728,0.66294,0.66556,134907
2023-05-18 00:00:00+00:00,0.66569,0.6667,0.6605,0.6627,136294
2023-05-19 00:00:00+00:00,0.6627,0.66727,0.6597,0.6616,143589
2023-05-20 00:00:00+00:00,0.6649,0.6649,0.6634,0.6634,2
2023-05-21 00:00:00+00:00,0.66407,0.66584,0.66302,0.66584,3875
2023-05-22 00:00:00+00:00,0.66574,0.66671,0.6627,0.66484,137560
2023-05-23 00:00:00+00:00,0.66515,0.66617,0.6605,0.66134,137520
2023-05-24 00:00:00+00:00,0.66136,0.66147,0.653,0.65431,153053
2023-05-25 00:00:00+00:00,0.65412,0.65435,0.6495,0.64981,141482
2023-05-26 00:00:00+00:00,0.65,0.65434,0.64826,0.64841,104774
2023-05-28 00:00:00+00:00,0.6516,0.65308,0.65009,0.6523,4012
2023-05-29 00:00:00+00:00,0.65244,0.65522,0.6521,0.65278,83480
2023-05-30 00:00:00+00:00,0.65298,0.6558,0.6501,0.65175,140114
2023-05-31 00:00:00+00:00,0.65182,0.65182,0.6458,0.65058,140441
2023-06-01 00:00:00+00:00,0.6504,0.65811,0.64844,0.65773,129800
2023-06-02 00:00:00+00:00,0.65792,0.66343,0.6537,0.6619,118087
2023-06-03 00:00:00+00:00,0.661,0.6618,0.661,0.6618,2
2023-06-04 00:00:00+00:00,0.65997,0.66132,0.6593,0.65969,4546
2023-06-05 00:00:00+00:00,0.65972,0.66339,0.6579,0.66126,113229
2023-06-06 00:00:00+00:00,0.66124,0.66805,0.66066,0.66803,126195
2023-06-07 00:00:00+00:00,0.66815,0.67156,0.6641,0.66584,133481
2023-06-08 00:00:00+00:00,0.66599,0.67168,0.6655,0.67122,123057
2023-06-09 00:00:00+00:00,0.67125,0.67501,0.6691,0.6739,108531
2023-06-10 00:00:00+00:00,0.6738,0.6742,0.6738,0.6742,2
2023-06-11 00:00:00+00:00,0.6738,0.67452,0.67103,0.67444,2974
2023-06-12 00:00:00+00:00,0.67422,0.67732,0.6729,0.6751,109320
2023-06-13 00:00:00+00:00,0.67524,0.68062,0.67387,0.677,138052
2023-06-14 00:00:00+00:00,0.67703,0.68351,0.67537,0.67963,139985
2023-06-15 00:00:00+00:00,0.67961,0.68923,0.6767,0.68792,136641
2023-06-16 00:00:00+00:00,0.68801,0.6898,0.62506,0.67831,132728
2023-06-18 00:00:00+00:00,0.6876,0.68822,0.67891,0.6871,543
2023-06-19 00:00:00+00:00,0.6869,0.68776,0.68348,0.68494,87176
2023-06-20 00:00:00+00:00,0.68513,0.68536,0.67256,0.67896,144029
2023-06-21 00:00:00+00:00,0.6788,0.68038,0.67435,0.67987,162548
2023-06-22 00:00:00+00:00,0.67983,0.68057,0.6743,0.67592,149126
2023-06-23 00:00:00+00:00,0.67596,0.67668,0.65808,0.66171,148061
2023-06-24 00:00:00+00:00,0.6676,0.6676,0.66511,0.66511,2
2023-06-25 00:00:00+00:00,0.66742,0.6682,0.6673,0.66806,4731
2023-06-26 00:00:00+00:00,0.668,0.66928,0.6666,0.66735,137798
2023-06-27 00:00:00+00:00,0.66713,0.67204,0.667,0.66821,141960
2023-06-28 00:00:00+00:00,0.66825,0.66863,0.65767,0.6596,149109
2023-06-29 00:00:00+00:00,0.65994,0.66383,0.65959,0.6616,143820
2023-06-30 00:00:00+00:00,0.66173,0.66715,0.6603,0.66097,139714
2023-07-02 00:00:00+00:00,0.6665,0.66666,0.66397,0.6655,2092
2023-07-03 00:00:00+00:00,0.6657,0.66891,0.66376,0.66739,125278
2023-07-04 00:00:00+00:00,0.66722,0.67047,0.6642,0.6693,107711
2023-07-05 00:00:00+00:00,0.66956,0.66979,0.665,0.6655,101196
2023-07-06 00:00:00+00:00,0.66557,0.66877,0.66005,0.66284,126895
2023-07-07 00:00:00+00:00,0.66266,0.67001,0.65869,0.6672,144070
2023-07-08 00:00:00+00:00,0.6687,0.6687,0.6676,0.6676,6
2023-07-09 00:00:00+00:00,0.6687,0.66954,0.66644,0.6687,4550
2023-07-10 00:00:00+00:00,0.66881,0.66951,0.6621,0.66764,132665
2023-07-11 00:00:00+00:00,0.66772,0.66948,0.6651,0.66929,138745
2023-07-12 00:00:00+00:00,0.66927,0.67959,0.6682,0.67923,158123
2023-07-13 00:00:00+00:00,0.6791,0.68943,0.67857,0.6888,149180
2023-07-14 00:00:00+00:00,0.68911,0.68946,0.68207,0.6838,159806
2023-07-15 00:00:00+00:00,0.6837,0.6837,0.6837,0.6837,1
2023-07-16 00:00:00+00:00,0.68299,0.68467,0.68205,0.68372,4345
2023-07-17 00:00:00+00:00,0.6837,0.6837,0.67893,0.68099,151353
2023-07-18 00:00:00+00:00,0.68094,0.68358,0.67892,0.6813,183120
2023-07-19 00:00:00+00:00,0.68154,0.68189,0.67507,0.677,181058
2023-07-20 00:00:00+00:00,0.67728,0.68467,0.67696,0.67783,185552
2023-07-21 00:00:00+00:00,0.67735,0.67867,0.66867,0.6728,158482
2023-07-22 00:00:00+00:00,0.6726,0.6727,0.6726,0.6727,14
2023-07-23 00:00:00+00:00,0.6726,0.67366,0.67183,0.67252,4302
2023-07-24 00:00:00+00:00,0.67226,0.67555,0.67159,0.673,168401
2023-07-25 00:00:00+00:00,0.67321,0.67937,0.67036,0.67873,169839
2023-07-26 00:00:00+00:00,0.6787,0.67909,0.6729,0.67609,191368
2023-07-27 00:00:00+00:00,0.67614,0.68204,0.66984,0.67115,202091
2023-07-28 00:00:00+00:00,0.67099,0.67099,0.66225,0.6647,196498
2023-07-30 00:00:00+00:00,0.66394,0.66657,0.66328,0.66593,5947
2023-07-31 00:00:00+00:00,0.66594,0.67384,0.6658,0.67156,173522
2023-08-01 00:00:00+00:00,0.67166,0.67229,0.66,0.66172,160800
2023-08-02 00:00:00+00:00,0.66126,0.66294,0.65274,0.65412,169322
2023-08-03 00:00:00+00:00,0.65395,0.6568,0.65144,0.6559,181604
2023-08-04 00:00:00+00:00,0.656,0.66088,0.6528,0.6583,175717
2023-08-06 00:00:00+00:00,0.65611,0.65746,0.6561,0.6572,3984
2023-08-07 00:00:00+00:00,0.65761,0.65925,0.6556,0.6572,153533
2023-08-08 00:00:00+00:00,0.65745,0.65758,0.6496,0.65329,176066
2023-08-09 00:00:00+00:00,0.65329,0.65697,0.65035,0.6535,164935
2023-08-10 00:00:00+00:00,0.65347,0.66102,0.65098,0.65116,171707
2023-08-11 00:00:00+00:00,0.65107,0.65333,0.64734,0.6499,175581
2023-08-13 00:00:00+00:00,0.6485,0.65049,0.6485,0.64946,4287
2023-08-14 00:00:00+00:00,0.64949,0.65028,0.6453,0.64879,174204
2023-08-15 00:00:00+00:00,0.64887,0.65155,0.64455,0.64572,192043
2023-08-16 00:00:00+00:00,0.64537,0.64792,0.6413,0.64133,186681
2023-08-17 00:00:00+00:00,0.64126,0.64499,0.63678,0.64059,189712
2023-08-18 00:00:00+00:00,0.64053,0.6428,0.63539,0.6375,176245
2023-08-20 00:00:00+00:00,0.63992,0.64138,0.63985,0.64138,4139
2023-08-21 00:00:00+00:00,0.64134,0.64205,0.6387,0.64128,107774
2023-08-22 00:00:00+00:00,0.64135,0.64565,0.6403,0.6424,110961
2023-08-23 00:00:00+00:00,0.64234,0.64824,0.6409,0.64803,112441
2023-08-24 00:00:00+00:00,0.64816,0.64869,0.641,0.64125,108767
2023-08-25 00:00:00+00:00,0.64123,0.64341,0.63819,0.6401,115322
2023-08-27 00:00:00+00:00,0.63919,0.64164,0.63909,0.64156,4212
2023-08-28 00:00:00+00:00,0.64173,0.64357,0.6402,0.6428,150251
2023-08-29 00:00:00+00:00,0.6429,0.64862,0.64,0.64757,169665
2023-08-30 00:00:00+00:00,0.64771,0.65206,0.645,0.6479,159672
2023-08-31 00:00:00+00:00,0.6476,0.6507,0.64613,0.64863,162717
2023-09-01 00:00:00+00:00,0.64861,0.65177,0.6373,0.646,154056
2023-09-03 00:00:00+00:00,0.646,0.646,0.646,0.646,1
2023-09-04 00:00:00+00:00,0.64626,0.64772,0.64523,0.64573,89443
2023-09-05 00:00:00+00:00,0.64566,0.64595,0.63576,0.63743,164678
2023-09-06 00:00:00+00:00,0.63733,0.64008,0.633,0.63809,145710
2023-09-07 00:00:00+00:00,0.63808,0.63949,0.63654,0.63777,137409
2023-09-08 00:00:00+00:00,0.6375,0.64142,0.6337,0.63521,131844
2023-09-10 00:00:00+00:00,0.63762,0.64019,0.63732,0.63963,5841
2023-09-11 00:00:00+00:00,0.63972,0.6449,0.63885,0.64294,146379
2023-09-12 00:00:00+00:00,0.64284,0.64389,0.64098,0.64279,144831
2023-09-13 00:00:00+00:00,0.64281,0.6434,0.63861,0.64209,167201
2023-09-14 00:00:00+00:00,0.64205,0.64573,0.6419,0.64304,171228
2023-09-15 00:00:00+00:00,0.64324,0.64732,0.63563,0.6428,156450
2023-09-17 00:00:00+00:00,0.64201,0.64472,0.64201,0.6439,2734
2023-09-18 00:00:00+00:00,0.644,0.64478,0.64171,0.64393,154687
2023-09-19 00:00:00+00:00,0.64434,0.64734,0.6427,0.64643,141141
2023-09-20 00:00:00+00:00,0.64642,0.65107,0.6433,0.6434,173100
2023-09-21 00:00:00+00:00,0.64361,0.64396,0.63855,0.6409,168107
2023-09-22 00:00:00+00:00,0.64105,0.64646,0.6402,0.644,154224
2023-09-24 00:00:00+00:00,0.64378,0.64439,0.64328,0.64403,4215
2023-09-25 00:00:00+00:00,0.64399,0.64455,0.64045,0.642,139105
2023-09-26 00:00:00+00:00,0.64234,0.64302,0.63879,0.63934,174027
2023-09-27 00:00:00+00:00,0.63932,0.64085,0.63314,0.6348,159320
2023-09-28 00:00:00+00:00,0.63497,0.64318,0.6348,0.64265,185398
2023-09-29 00:00:00+00:00,0.64273,0.64999,0.63336,0.6426,164454
2023-10-01 00:00:00+00:00,0.64319,0.64404,0.64193,0.64369,5230
2023-10-02 00:00:00+00:00,0.64362,0.64447,0.6357,0.63617,162722
2023-10-03 00:00:00+00:00,0.63581,0.63629,0.62859,0.63085,174608
2023-10-04 00:00:00+00:00,0.63084,0.6342,0.62877,0.63284,192987
2023-10-05 00:00:00+00:00,0.63276,0.6377,0.6325,0.6367,168670
2023-10-06 00:00:00+00:00,0.6368,0.63998,0.6315,0.6382,178464
2023-10-08 00:00:00+00:00,0.6361,0.63689,0.6345,0.63689,8985
2023-10-09 00:00:00+00:00,0.63707,0.64229,0.6344,0.64211,156974
2023-10-10 00:00:00+00:00,0.64236,0.64353,0.6389,0.64319,182374
2023-10-11 00:00:00+00:00,0.64341,0.64447,0.63881,0.64179,167173
2023-10-12 00:00:00+00:00,0.64192,0.64301,0.63059,0.63159,164878
2023-10-13 00:00:00+00:00,0.63167,0.63311,0.62237,0.62302,167439
2023-10-15 00:00:00+00:00,0.62878,0.63121,0.6287,0.63109,4922
2023-10-16 00:00:00+00:00,0.63114,0.63446,0.6303,0.63369,146382
2023-10-17 00:00:00+00:00,0.63387,0.63795,0.6334,0.63629,165361
2023-10-18 00:00:00+00:00,0.63638,0.63925,0.6327,0.6329,153464
2023-10-19 00:00:00+00:00,0.6334,0.63552,0.6293,0.63242,165868
2023-10-20 00:00:00+00:00,0.6323,0.63244,0.62785,0.6312,143604
2023-10-22 00:00:00+00:00,0.63141,0.63214,0.63136,0.63198,2791
2023-10-23 00:00:00+00:00,0.63211,0.63482,0.6288,0.63364,131213
2023-10-24 00:00:00+00:00,0.63388,0.63784,0.63323,0.636,142418
2023-10-25 00:00:00+00:00,0.63586,0.63993,0.6286,0.62935,146892
2023-10-26 00:00:00+00:00,0.62944,0.63336,0.6271,0.63331,155684
2023-10-27 00:00:00+00:00,0.6334,0.63663,0.63254,0.6333,135960
2023-10-29 00:00:00+00:00,0.63299,0.63432,0.63234,0.63383,3960
2023-10-30 00:00:00+00:00,0.63384,0.63837,0.6337,0.6368,127710
2023-10-31 00:00:00+00:00,0.63679,0.63729,0.63089,0.63364,143630
2023-11-01 00:00:00+00:00,0.63401,0.64223,0.6318,0.64223,150266
2023-11-02 00:00:00+00:00,0.64253,0.6455,0.64137,0.64278,135869
2023-11-03 00:00:00+00:00,0.64283,0.65174,0.6417,0.651,134446
2023-11-05 00:00:00+00:00,0.64999,0.65166,0.64993,0.65152,2400
2023-11-06 00:00:00+00:00,0.6516,0.6522,0.6483,0.6485,123265
2023-11-07 00:00:00+00:00,0.6489,0.64915,0.6405,0.6428,130224
2023-11-08 00:00:00+00:00,0.64288,0.64483,0.6395,0.64073,128377
2023-11-09 00:00:00+00:00,0.6406,0.64276,0.6357,0.63615,139781
2023-11-10 00:00:00+00:00,0.63589,0.63669,0.63394,0.6359,118539
2023-11-12 00:00:00+00:00,0.63423,0.63665,0.63423,0.6364,2245
2023-11-13 00:00:00+00:00,0.63645,0.63901,0.6351,0.6378,103092
2023-11-14 00:00:00+00:00,0.63792,0.65123,0.63445,0.6495,129315
2023-11-15 00:00:00+00:00,0.6498,0.65351,0.6481,0.6511,132517
2023-11-16 00:00:00+00:00,0.65124,0.65165,0.6459,0.6467,138531
2023-11-17 00:00:00+00:00,0.64693,0.65156,0.64531,0.6511,127934
2023-11-19 00:00:00+00:00,0.65077,0.65181,0.64948,0.65103,2509
2023-11-20 00:00:00+00:00,0.65087,0.65644,0.65,0.65599,139522
2023-11-21 00:00:00+00:00,0.656,0.65885,0.65412,0.65577,144284
2023-11-22 00:00:00+00:00,0.65571,0.65685,0.6522,0.65421,141264
2023-11-23 00:00:00+00:00,0.65434,0.6574,0.6541,0.656,101471
2023-11-24 00:00:00+00:00,0.65615,0.65905,0.655,0.658,105979
2023-11-26 00:00:00+00:00,0.65635,0.65878,0.65635,0.65809,1990
2023-11-27 00:00:00+00:00,0.658,0.66131,0.6565,0.66131,127563
2023-11-28 00:00:00+00:00,0.66145,0.66649,0.6595,0.6656,147133
2023-11-29 00:00:00+00:00,0.66542,0.66734,0.66069,0.66174,151827
2023-11-30 00:00:00+00:00,0.6615,0.66497,0.65723,0.66066,155706
2023-12-01 00:00:00+00:00,0.66079,0.66753,0.66,0.6665,149779
2023-12-03 00:00:00+00:00,0.66199,0.66889,0.66199,0.6682,3761
2023-12-04 00:00:00+00:00,0.66822,0.6687,0.6603,0.66169,152223
2023-12-05 00:00:00+00:00,0.66171,0.66211,0.65447,0.65542,156680
2023-12-06 00:00:00+00:00,0.6553,0.6597,0.65449,0.65512,140212
2023-12-07 00:00:00+00:00,0.65498,0.66169,0.65257,0.65937,157096
2023-12-08 00:00:00+00:00,0.65967,0.66191,0.65261,0.6571,166121
2023-12-10 00:00:00+00:00,0.65554,0.65824,0.6554,0.65793,2554
2023-12-11 00:00:00+00:00,0.65806,0.65813,0.6549,0.65643,135319
2023-12-12 00:00:00+00:00,0.65662,0.66084,0.65418,0.65646,137350
2023-12-13 00:00:00+00:00,0.6561,0.66728,0.6542,0.66655,149529
2023-12-14 00:00:00+00:00,0.6666,0.67269,0.66628,0.67013,189278
2023-12-15 00:00:00+00:00,0.67016,0.67282,0.66105,0.6696,161024
2023-12-17 00:00:00+00:00,0.66849,0.67018,0.66849,0.66981,2498
2023-12-18 00:00:00+00:00,0.66987,0.6735,0.669,0.67038,137117
2023-12-19 00:00:00+00:00,0.67038,0.67739,0.67038,0.67582,140152
2023-12-20 00:00:00+00:00,0.67587,0.67784,0.67233,0.67396,152350
2023-12-21 00:00:00+00:00,0.67387,0.68033,0.6733,0.67961,154316
2023-12-22 00:00:00+00:00,0.67983,0.68243,0.6747,0.68,144617
2023-12-24 00:00:00+00:00,0.67927,0.6799,0.67814,0.6784,21
2023-12-25 00:00:00+00:00,0.67819,0.6819,0.65128,0.68034,26545
2023-12-26 00:00:00+00:00,0.6803,0.68287,0.6797,0.68238,105228
2023-12-27 00:00:00+00:00,0.68232,0.6854,0.6817,0.6851,120573
2023-12-28 00:00:00+00:00,0.68531,0.68707,0.68155,0.6825,139571
2023-12-29 00:00:00+00:00,0.68272,0.68457,0.67402,0.67486,133175
2023-12-31 00:00:00+00:00,0.68036,0.68036,0.68036,0.68036,1
2024-01-01 00:00:00+00:00,0.681,0.6827,0.66827,0.6807,11560
2024-01-02 00:00:00+00:00,0.68115,0.68386,0.6755,0.67661,158358
2024-01-03 00:00:00+00:00,0.6765,0.67704,0.66779,0.67345,160686
2024-01-04 00:00:00+00:00,0.67338,0.67593,0.6696,0.67056,145701
2024-01-05 00:00:00+00:00,0.67046,0.67457,0.65871,0.65871,156148
2024-01-07 00:00:00+00:00,0.6714,0.67162,0.671,0.67154,1478
2024-01-08 00:00:00+00:00,0.67155,0.67338,0.6677,0.67165,137389
2024-01-09 00:00:00+00:00,0.67167,0.67334,0.6676,0.6681,145134
2024-01-10 00:00:00+00:00,0.6684,0.67126,0.6681,0.67019,132479
2024-01-11 00:00:00+00:00,0.6702,0.67246,0.6647,0.6697,117173
2024-01-12 00:00:00+00:00,0.6695,0.6728,0.66443,0.66443,146895
2024-01-14 00:00:00+00:00,0.66805,0.66907,0.66805,0.66888,2458
2024-01-15 00:00:00+00:00,0.66877,0.67029,0.6647,0.66502,99593
2024-01-16 00:00:00+00:00,0.66504,0.66504,0.6576,0.65889,162314
2024-01-17 00:00:00+00:00,0.65893,0.65937,0.65257,0.6552,156844
2024-01-18 00:00:00+00:00,0.655,0.6581,0.65379,0.6581,153319
2024-01-19 00:00:00+00:00,0.65816,0.66012,0.6563,0.6594,134915
2024-01-21 00:00:00+00:00,0.65834,0.65998,0.65834,0.65947,2475
2024-01-22 00:00:00+00:00,0.6596,0.6613,0.6563,0.65704,140776
2024-01-23 00:00:00+00:00,0.65703,0.66118,0.655,0.65858,142192
2024-01-24 00:00:00+00:00,0.6584,0.662,0.6563,0.65754,152302
2024-01-25 00:00:00+00:00,0.6575,0.66083,0.6566,0.65818,151431
2024-01-26 00:00:00+00:00,0.658,0.66086,0.65654,0.65654,130103
2024-01-28 00:00:00+00:00,0.65757,0.65823,0.65695,0.65769,1837
2024-01-29 00:00:00+00:00,0.65764,0.66157,0.6571,0.66134,120861
2024-01-30 00:00:00+00:00,0.66142,0.66238,0.65751,0.65944,134426
2024-01-31 00:00:00+00:00,0.6596,0.66217,0.65523,0.65627,168339
2024-02-01 00:00:00+00:00,0.65646,0.65766,0.6539,0.65743,57001
2024-02-02 00:00:00+00:00,0.6575,0.66096,0.64901,0.64901,144359
2024-02-04 00:00:00+00:00,0.651,0.65139,0.64897,0.65044,3109
2024-02-05 00:00:00+00:00,0.64992,0.65191,0.64693,0.64802,127211
2024-02-06 00:00:00+00:00,0.64815,0.65288,0.6479,0.65276,141966
2024-02-07 00:00:00+00:00,0.6527,0.65399,0.6513,0.6519,133623
2024-02-08 00:00:00+00:00,0.65211,0.65314,0.648,0.64987,124042
2024-02-09 00:00:00+00:00,0.64969,0.6531,0.64874,0.65131,117090
2024-02-11 00:00:00+00:00,0.6504,0.65254,0.6504,0.65244,2124
2024-02-12 00:00:00+00:00,0.65245,0.65423,0.6511,0.65285,103013
2024-02-13 00:00:00+00:00,0.6529,0.65329,0.6441,0.64531,129909
2024-02-14 00:00:00+00:00,0.64512,0.64987,0.6445,0.64986,127292
2024-02-15 00:00:00+00:00,0.64987,0.65287,0.6477,0.65253,126790
2024-02-16 00:00:00+00:00,0.65244,0.65437,0.64572,0.64572,123645
2024-02-18 00:00:00+00:00,0.65247,0.65373,0.65239,0.65366,1990
2024-02-19 00:00:00+00:00,0.65372,0.65503,0.6528,0.653,84509
2024-02-20 00:00:00+00:00,0.65313,0.65779,0.652,0.65528,117948
2024-02-21 00:00:00+00:00,0.65525,0.65725,0.65342,0.6554,135225
2024-02-22 00:00:00+00:00,0.65526,0.65944,0.654,0.65586,129220
2024-02-23 00:00:00+00:00,0.65602,0.658,0.65177,0.65177,113955
2024-02-25 00:00:00+00:00,0.6564,0.65665,0.65517,0.65632,1758
2024-02-26 00:00:00+00:00,0.65638,0.65638,0.65284,0.65389,103903
2024-02-27 00:00:00+00:00,0.65388,0.65577,0.6525,0.65435,114518
2024-02-28 00:00:00+00:00,0.65448,0.65488,0.64518,0.64941,123415
2024-02-29 00:00:00+00:00,0.64941,0.65294,0.6485,0.65,134762
2024-03-01 00:00:00+00:00,0.65017,0.65327,0.64905,0.64964,122141
2024-03-03 00:00:00+00:00,0.6522,0.6529,0.65202,0.65269,1971
2024-03-04 00:00:00+00:00,0.65267,0.65348,0.6502,0.65065,105011
2024-03-05 00:00:00+00:00,0.65061,0.65204,0.6478,0.65036,117134
2024-03-06 00:00:00+00:00,0.65021,0.65799,0.6492,0.6564,127624
2024-03-07 00:00:00+00:00,0.6566,0.6624,0.6563,0.66209,130516
2024-03-08 00:00:00+00:00,0.66212,0.66655,0.65726,0.65726,138029
2024-03-10 00:00:00+00:00,0.66259,0.66259,0.66183,0.66247,2888
2024-03-11 00:00:00+00:00,0.6622,0.66264,0.65968,0.66142,114579
2024-03-12 00:00:00+00:00,0.6615,0.6636,0.65852,0.66069,124875
2024-03-13 00:00:00+00:00,0.66069,0.66346,0.6599,0.66273,107928
2024-03-14 00:00:00+00:00,0.66297,0.66312,0.65667,0.65784,120417
2024-03-15 00:00:00+00:00,0.65759,0.6578,0.64665,0.656,102157
2024-03-17 00:00:00+00:00,0.65597,0.65627,0.65562,0.65575,2142
2024-03-18 00:00:00+00:00,0.65573,0.65735,0.6548,0.65567,88790
2024-03-19 00:00:00+00:00,0.65567,0.65628,0.6502,0.65249,119907
2024-03-20 00:00:00+00:00,0.65242,0.65986,0.6511,0.65986,119861
2024-03-21 00:00:00+00:00,0.6595,0.6634,0.65612,0.657,121940
2024-03-22 00:00:00+00:00,0.657,0.65765,0.6509,0.6514,112459
2024-03-24 00:00:00+00:00,0.65123,0.65189,0.6511,0.65151,2250
2024-03-25 00:00:00+00:00,0.65152,0.65466,0.65102,0.65377,98990
2024-03-26 00:00:00+00:00,0.6536,0.65588,0.6529,0.6538,103859
2024-03-27 00:00:00+00:00,0.65372,0.65374,0.65127,0.65234,111377
2024-03-28 00:00:00+00:00,0.65231,0.65399,0.6484,0.65144,103683
2024-03-29 00:00:00+00:00,0.65143,0.65322,0.64895,0.6517,28171
2024-03-31 00:00:00+00:00,0.65234,0.6536,0.65234,0.65334,3447
2024-04-01 00:00:00+00:00,0.65324,0.65385,0.64742,0.64875,82878
2024-04-02 00:00:00+00:00,0.64848,0.65224,0.6484,0.65129,95454
2024-04-03 00:00:00+00:00,0.65138,0.657,0.6501,0.65679,106196
2024-04-04 00:00:00+00:00,0.6569,0.66182,0.6564,0.65874,99600
2024-04-05 00:00:00+00:00,0.6583,0.65919,0.65497,0.6579,111923
2024-04-07 00:00:00+00:00,0.65726,0.65753,0.65677,0.65694,2724
2024-04-08 00:00:00+00:00,0.65654,0.66097,0.6558,0.66049,112698
2024-04-09 00:00:00+00:00,0.6605,0.66433,0.6597,0.66279,107470
2024-04-10 00:00:00+00:00,0.66285,0.66304,0.64985,0.6507,123137
2024-04-11 00:00:00+00:00,0.65047,0.65522,0.65,0.65404,137098
2024-04-12 00:00:00+00:00,0.65371,0.65427,0.64049,0.6486,136324
2024-04-14 00:00:00+00:00,0.6467,0.64772,0.64649,0.64743,3504
2024-04-15 00:00:00+00:00,0.64766,0.64926,0.64376,0.64415,144095
2024-04-16 00:00:00+00:00,0.64391,0.6442,0.63907,0.6409,161602
2024-04-17 00:00:00+00:00,0.64126,0.64453,0.6401,0.64383,142886
2024-04-18 00:00:00+00:00,0.64367,0.64557,0.6416,0.6423,137627
2024-04-19 00:00:00+00:00,0.64231,0.64315,0.63644,0.6414,171929
2024-04-21 00:00:00+00:00,0.64179,0.64264,0.64156,0.6425,2595
2024-04-22 00:00:00+00:00,0.6422,0.64544,0.6422,0.64517,119504
2024-04-23 00:00:00+00:00,0.64534,0.64896,0.6441,0.6488,119320
2024-04-24 00:00:00+00:00,0.64881,0.65288,0.64679,0.64976,101816
2024-04-25 00:00:00+00:00,0.64983,0.65327,0.64861,0.6521,119668
2024-04-26 00:00:00+00:00,0.65203,0.65539,0.6517,0.6531,117037
2024-04-28 00:00:00+00:00,0.6519,0.6541,0.6519,0.6541,1864
2024-04-29 00:00:00+00:00,0.6541,0.65856,0.65366,0.65601,129772
2024-04-30 00:00:00+00:00,0.65589,0.65641,0.647,0.64746,130266
2024-05-01 00:00:00+00:00,0.64754,0.65383,0.64582,0.65295,115104
2024-05-02 00:00:00+00:00,0.65334,0.65739,0.65172,0.65697,132488
2024-05-03 00:00:00+00:00,0.65708,0.66451,0.65541,0.66091,127069
2024-05-05 00:00:00+00:00,0.6599,0.66173,0.6599,0.66084,1983
2024-05-06 00:00:00+00:00,0.66079,0.66375,0.6605,0.6623,94195
2024-05-07 00:00:00+00:00,0.66319,0.66417,0.6585,0.65886,115392
2024-05-08 00:00:00+00:00,0.65869,0.65938,0.6555,0.6575,101650
2024-05-09 00:00:00+00:00,0.6576,0.66225,0.6564,0.66168,111674
2024-05-10 00:00:00+00:00,0.66182,0.66219,0.65965,0.6603,103717
2024-05-12 00:00:00+00:00,0.65993,0.66064,0.65987,0.65998,2184
2024-05-13 00:00:00+00:00,0.65995,0.66283,0.6584,0.6609,101370
2024-05-14 00:00:00+00:00,0.6607,0.66276,0.65916,0.6623,105037
2024-05-15 00:00:00+00:00,0.66243,0.67008,0.6623,0.66996,120472
2024-05-16 00:00:00+00:00,0.66982,0.67131,0.66545,0.66819,117964
2024-05-17 00:00:00+00:00,0.66816,0.67002,0.6647,0.66869,93228
2024-05-19 00:00:00+00:00,0.66898,0.67029,0.66892,0.6697,2676
2024-05-20 00:00:00+00:00,0.66983,0.6709,0.66624,0.66715,108514
2024-05-21 00:00:00+00:00,0.66715,0.66785,0.66471,0.6664,110960
2024-05-22 00:00:00+00:00,0.6667,0.66843,0.66084,0.66181,122851
2024-05-23 00:00:00+00:00,0.66177,0.66526,0.6596,0.66003,131833
2024-05-24 00:00:00+00:00,0.65999,0.66356,0.6591,0.6624,101435
2024-05-26 00:00:00+00:00,0.66213,0.66337,0.6621,0.66225,2101
2024-05-27 00:00:00+00:00,0.66227,0.66596,0.662,0.66556,81281
2024-05-28 00:00:00+00:00,0.66549,0.66792,0.65981,0.66474,108798
2024-05-29 00:00:00+00:00,0.66481,0.66637,0.6605,0.66134,123931
2024-05-30 00:00:00+00:00,0.66141,0.6647,0.65594,0.66294,127534
2024-05-31 00:00:00+00:00,0.66303,0.66726,0.6626,0.66473,125060
2024-06-02 00:00:00+00:00,0.6636,0.66565,0.6636,0.66553,3116
2024-06-03 00:00:00+00:00,0.6652,0.6694,0.6633,0.66894,133218
2024-06-04 00:00:00+00:00,0.66942,0.66977,0.66314,0.6643,140833
2024-06-05 00:00:00+00:00,0.6641,0.66636,0.66261,0.66553,122971
2024-06-06 00:00:00+00:00,0.66567,0.66827,0.66339,0.66693,116293
2024-06-07 00:00:00+00:00,0.6667,0.66805,0.65135,0.65135,129094
2024-06-09 00:00:00+00:00,0.6579,0.65827,0.6577,0.65817,3139
2024-06-10 00:00:00+00:00,0.65816,0.6612,0.6574,0.66074,109827
2024-06-11 00:00:00+00:00,0.66069,0.66133,0.6588,0.66075,115427
2024-06-12 00:00:00+00:00,0.66064,0.67037,0.65972,0.6663,141716
2024-06-13 00:00:00+00:00,0.66637,0.66738,0.6626,0.66309,124662
2024-06-14 00:00:00+00:00,0.66306,0.66408,0.65923,0.6612,132007
2024-06-16 00:00:00+00:00,0.66007,0.66171,0.6598,0.661,2391
2024-06-17 00:00:00+00:00,0.66122,0.66189,0.6583,0.66176,101707
2024-06-18 00:00:00+00:00,0.6619,0.66619,0.66007,0.6661,119051
2024-06-19 00:00:00+00:00,0.666,0.66766,0.6657,0.66737,75826
2024-06-20 00:00:00+00:00,0.66738,0.66787,0.6647,0.66604,93566
2024-06-21 00:00:00+00:00,0.66615,0.66689,0.6631,0.664,84060
2024-06-23 00:00:00+00:00,0.66362,0.66413,0.6632,0.66344,2314
2024-06-24 00:00:00+00:00,0.6634,0.66677,0.66261,0.66538,107988
2024-06-25 00:00:00+00:00,0.66549,0.66721,0.66105,0.66446,104954
2024-06-26 00:00:00+00:00,0.66431,0.66885,0.6635,0.66452,119736
2024-06-27 00:00:00+00:00,0.66449,0.66717,0.6639,0.66497,114255
2024-06-28 00:00:00+00:00,0.66495,0.66845,0.6618,0.66642,123126
2024-06-30 00:00:00+00:00,0.66798,0.66809,0.66729,0.66734,2830
2024-07-01 00:00:00+00:00,0.66721,0.66866,0.6642,0.6654,102591
2024-07-02 00:00:00+00:00,0.66542,0.66704,0.66344,0.66686,115772
2024-07-03 00:00:00+00:00,0.66696,0.67329,0.66654,0.67116,92642
2024-07-04 00:00:00+00:00,0.67126,0.67313,0.6709,0.6724,72505
2024-07-05 00:00:00+00:00,0.67253,0.67526,0.6719,0.67269,111803
2024-07-07 00:00:00+00:00,0.67318,0.67489,0.67318,0.6743,3046
2024-07-08 00:00:00+00:00,0.67449,0.67602,0.6724,0.67426,102370
2024-07-09 00:00:00+00:00,0.67442,0.67473,0.6723,0.6739,100480
2024-07-10 00:00:00+00:00,0.67435,0.67517,0.6731,0.67515,100487
2024-07-11 00:00:00+00:00,0.6751,0.6798,0.6747,0.67697,131004
2024-07-12 00:00:00+00:00,0.67664,0.67928,0.66748,0.66748,117171
2024-07-14 00:00:00+00:00,0.67687,0.67779,0.67644,0.677,3755
2024-07-15 00:00:00+00:00,0.6769,0.67884,0.6752,0.67623,118437
2024-07-16 00:00:00+00:00,0.6762,0.67621,0.6714,0.67302,118213
2024-07-17 00:00:00+00:00,0.6736,0.6754,0.67132,0.6728,123271
2024-07-18 00:00:00+00:00,0.67286,0.67431,0.66973,0.67035,135611
2024-07-19 00:00:00+00:00,0.67021,0.67066,0.6679,0.6684,109356
2024-07-21 00:00:00+00:00,0.66868,0.6702,0.66833,0.66956,4284
2024-07-22 00:00:00+00:00,0.6691,0.6694,0.66313,0.66385,115817
2024-07-23 00:00:00+00:00,0.66401,0.66453,0.66079,0.66118,110759
2024-07-24 00:00:00+00:00,0.66119,0.66122,0.65734,0.65734,133417
2024-07-25 00:00:00+00:00,0.65727,0.65738,0.6518,0.65397,161015
2024-07-26 00:00:00+00:00,0.6538,0.65678,0.65051,0.65051,113514
2024-07-28 00:00:00+00:00,0.65466,0.65601,0.65465,0.65526,3279
2024-07-29 00:00:00+00:00,0.6552,0.6568,0.65246,0.65508,109167
2024-07-30 00:00:00+00:00,0.65493,0.65615,0.65211,0.654,123804
2024-07-31 00:00:00+00:00,0.6539,0.65537,0.64798,0.65481,159373
2024-08-01 00:00:00+00:00,0.65476,0.65594,0.6488,0.64932,156755
2024-08-02 00:00:00+00:00,0.64908,0.65471,0.64045,0.64045,167265
2024-08-04 00:00:00+00:00,0.65055,0.65162,0.64945,0.64975,6852
2024-08-05 00:00:00+00:00,0.6495,0.65208,0.63639,0.6515,257372
2024-08-06 00:00:00+00:00,0.65187,0.65411,0.6472,0.65138,222228
2024-08-07 00:00:00+00:00,0.65304,0.65743,0.65076,0.65183,189666
2024-08-08 00:00:00+00:00,0.6517,0.65941,0.65121,0.65906,176700
2024-08-09 00:00:00+00:00,0.65891,0.66046,0.65516,0.65516,132077
2024-08-11 00:00:00+00:00,0.65665,0.65747,0.65647,0.6567,3682
2024-08-12 00:00:00+00:00,0.6567,0.66044,0.6567,0.65844,125075
2024-08-13 00:00:00+00:00,0.65847,0.66389,0.64874,0.6636,138061
2024-08-14 00:00:00+00:00,0.66384,0.66419,0.65761,0.65971,147460
2024-08-15 00:00:00+00:00,0.65971,0.66344,0.65748,0.66116,132244
2024-08-16 00:00:00+00:00,0.66125,0.66704,0.65505,0.65505,112922
2024-08-18 00:00:00+00:00,0.66623,0.66755,0.66366,0.66723,3345
2024-08-19 00:00:00+00:00,0.66728,0.67376,0.6671,0.67333,126248
2024-08-20 00:00:00+00:00,0.67341,0.67489,0.6712,0.6746,124196
2024-08-21 00:00:00+00:00,0.67476,0.67604,0.67298,0.67491,129651
2024-08-22 00:00:00+00:00,0.67489,0.67525,0.66937,0.6704,132499
2024-08-23 00:00:00+00:00,0.67062,0.67976,0.66844,0.66844,134874
2024-08-25 00:00:00+00:00,0.67852,0.67957,0.6785,0.67871,3458
2024-08-26 00:00:00+00:00,0.67867,0.67955,0.67528,0.67728,124529
2024-08-27 00:00:00+00:00,0.67709,0.67954,0.676,0.6787,125793
2024-08-28 00:00:00+00:00,0.67887,0.68116,0.6764,0.67828,141799
2024-08-29 00:00:00+00:00,0.67838,0.68237,0.67838,0.67954,144943
2024-08-30 00:00:00+00:00,0.67942,0.68162,0.67472,0.67472,130409
2024-09-01 00:00:00+00:00,0.67618,0.67726,0.67596,0.6765,2588
2024-09-02 00:00:00+00:00,0.67679,0.67944,0.6756,0.67868,92569
2024-09-03 00:00:00+00:00,0.67875,0.67917,0.6702,0.67127,155220
2024-09-04 00:00:00+00:00,0.67143,0.67481,0.66766,0.67156,147845
2024-09-05 00:00:00+00:00,0.67155,0.67412,0.6713,0.67404,135726
2024-09-06 00:00:00+00:00,0.67389,0.67655,0.66505,0.66691,145969
2024-09-08 00:00:00+00:00,0.66623,0.66739,0.66623,0.66694,3206
2024-09-09 00:00:00+00:00,0.66695,0.66885,0.6647,0.66573,123483
2024-09-10 00:00:00+00:00,0.66568,0.66758,0.6639,0.66529,123853
2024-09-11 00:00:00+00:00,0.66534,0.6679,0.66221,0.66742,151806
2024-09-12 00:00:00+00:00,0.66739,0.67279,0.66603,0.6726,138102
2024-09-13 00:00:00+00:00,0.67251,0.67316,0.66805,0.66805,125639
2024-09-15 00:00:00+00:00,0.669,0.67135,0.669,0.6713,3078
2024-09-16 00:00:00+00:00,0.6712,0.67534,0.6704,0.67516,108085
2024-09-17 00:00:00+00:00,0.67517,0.67684,0.6739,0.6758,122966
2024-09-18 00:00:00+00:00,0.67601,0.68189,0.67427,0.67658,149119
2024-09-19 00:00:00+00:00,0.67688,0.68385,0.67392,0.68088,168799
2024-09-20 00:00:00+00:00,0.68105,0.68277,0.6782,0.67911,140240
2024-09-22 00:00:00+00:00,0.67968,0.68106,0.67965,0.68095,2337
2024-09-23 00:00:00+00:00,0.68108,0.68532,0.68,0.6833,137896
2024-09-24 00:00:00+00:00,0.68339,0.6906,0.6814,0.69056,145949
2024-09-25 00:00:00+00:00,0.69055,0.69077,0.68155,0.6819,126645
2024-09-26 00:00:00+00:00,0.68201,0.69044,0.682,0.68924,118410
2024-09-27 00:00:00+00:00,0.68901,0.69363,0.6868,0.6901,152993
2024-09-29 00:00:00+00:00,0.69012,0.69196,0.68948,0.69183,3510
2024-09-30 00:00:00+00:00,0.69184,0.69407,0.68809,0.69152,154186
2024-10-01 00:00:00+00:00,0.69144,0.6934,0.68568,0.68794,169116
2024-10-02 00:00:00+00:00,0.68824,0.69144,0.68753,0.68841,159026
2024-10-03 00:00:00+00:00,0.68844,0.68857,0.68142,0.685,162402
2024-10-04 00:00:00+00:00,0.68518,0.68518,0.66536,0.66536,146301
2024-10-06 00:00:00+00:00,0.6785,0.68067,0.67839,0.67973,3918
2024-10-07 00:00:00+00:00,0.67973,0.6809,0.6722,0.67552,136812
2024-10-08 00:00:00+00:00,0.67555,0.6769,0.67172,0.6736,166307
2024-10-09 00:00:00+00:00,0.67369,0.676,0.67072,0.67158,158161
2024-10-10 00:00:00+00:00,0.6717,0.6743,0.67077,0.67404,156138
2024-10-11 00:00:00+00:00,0.67397,0.6759,0.67248,0.67475,113436
2024-10-13 00:00:00+00:00,0.6745,0.6745,0.6745,0.6745,1
2024-10-14 00:00:00+00:00,0.6732,0.67444,0.6702,0.6724,123669
2024-10-15 00:00:00+00:00,0.67249,0.67319,0.66755,0.66774,139799
2024-10-16 00:00:00+00:00,0.66785,0.67005,0.6654,0.6661,130937
2024-10-17 00:00:00+00:00,0.66647,0.6709,0.66639,0.66991,140419
2024-10-18 00:00:00+00:00,0.67007,0.67192,0.6693,0.67015,121018
2024-10-20 00:00:00+00:00,0.6708,0.67152,0.6707,0.67135,1914
2024-10-21 00:00:00+00:00,0.67127,0.6723,0.665,0.6652,119979
2024-10-22 00:00:00+00:00,0.66549,0.66945,0.665,0.66816,125219
2024-10-23 00:00:00+00:00,0.668,0.669,0.66145,0.6632,133466
2024-10-24 00:00:00+00:00,0.66341,0.66607,0.662,0.6634,121829
2024-10-25 00:00:00+00:00,0.66354,0.66457,0.66,0.6603,113399
2024-10-27 00:00:00+00:00,0.6603,0.6614,0.6602,0.66025,2766
2024-10-28 00:00:00+00:00,0.66027,0.66101,0.6575,0.65832,103416
2024-10-29 00:00:00+00:00,0.65816,0.65843,0.65457,0.65581,121988
2024-10-30 00:00:00+00:00,0.65595,0.65955,0.6537,0.657,126507
2024-10-31 00:00:00+00:00,0.65746,0.6584,0.6539,0.65766,131870
2024-11-01 00:00:00+00:00,0.65758,0.65905,0.65488,0.65577,123401
2024-11-03 00:00:00+00:00,0.66079,0.661,0.65845,0.65906,3001
2024-11-04 00:00:00+00:00,0.65916,0.66186,0.65715,0.65838,131662
2024-11-05 00:00:00+00:00,0.65818,0.66437,0.6577,0.66398,118308
2024-11-06 00:00:00+00:00,0.66383,0.66409,0.65142,0.6566,240921
2024-11-07 00:00:00+00:00,0.65679,0.66876,0.6563,0.66748,169788
2024-11-08 00:00:00+00:00,0.66731,0.66754,0.65585,0.6582,153914
2024-11-10 00:00:00+00:00,0.6577,0.65863,0.65746,0.65838,2317
2024-11-11 00:00:00+00:00,0.65931,0.65974,0.6562,0.65786,126574
2024-11-12 00:00:00+00:00,0.65773,0.6578,0.6513,0.65287,152350
2024-11-13 00:00:00+00:00,0.65353,0.65435,0.6479,0.64934,135116
2024-11-14 00:00:00+00:00,0.64923,0.64956,0.64232,0.64552,165207
2024-11-15 00:00:00+00:00,0.64539,0.64792,0.6443,0.64583,152022
2024-11-17 00:00:00+00:00,0.64583,0.64646,0.64567,0.64646,2094
2024-11-18 00:00:00+00:00,0.64626,0.6511,0.6448,0.65054,130400
2024-11-19 00:00:00+00:00,0.6503,0.65413,0.64838,0.65413,165557
2024-11-20 00:00:00+00:00,0.65425,0.6544,0.6483,0.65118,137052
2024-11-21 00:00:00+00:00,0.65111,0.65311,0.64811,0.65092,150935
2024-11-22 00:00:00+00:00,0.65089,0.6521,0.64312,0.64312,167756
2024-11-25 00:00:00+00:00,0.65207,0.65219,0.64584,0.6462,57886
2024-11-26 00:00:00+00:00,0.64628,0.65068,0.64347,0.64744,174321
2024-11-27 00:00:00+00:00,0.6472,0.65031,0.6464,0.64968,163067
2024-11-28 00:00:00+00:00,0.64954,0.65086,0.63445,0.65068,111322
2024-11-29 00:00:00+00:00,0.6505,0.65269,0.63283,0.63283,146270
2024-12-01 00:00:00+00:00,0.65085,0.65132,0.64983,0.65015,2448
2024-12-02 00:00:00+00:00,0.64987,0.65096,0.64432,0.64746,132938
2024-12-03 00:00:00+00:00,0.64749,0.65042,0.6455,0.64848,144976
2024-12-04 00:00:00+00:00,0.64839,0.64881,0.64,0.64312,160073
2024-12-05 00:00:00+00:00,0.64327,0.64546,0.64024,0.64507,111774
2024-12-06 00:00:00+00:00,0.64499,0.64499,0.6372,0.6388,139219
2024-12-08 00:00:00+00:00,0.6385,0.64015,0.6385,0.63991,1973
2024-12-09 00:00:00+00:00,0.6396,0.64709,0.6378,0.6437,125312
2024-12-10 00:00:00+00:00,0.64365,0.64368,0.63661,0.63755,139861
2024-12-11 00:00:00+00:00,0.63778,0.63891,0.63376,0.6382,144927
2024-12-12 00:00:00+00:00,0.6383,0.64291,0.63572,0.63709,160340
2024-12-13 00:00:00+00:00,0.63693,0.63826,0.6349,0.6361,120676
2024-12-15 00:00:00+00:00,0.6351,0.63677,0.6351,0.63664,1829
2024-12-16 00:00:00+00:00,0.63677,0.63816,0.6346,0.63764,117467
2024-12-17 00:00:00+00:00,0.6375,0.63771,0.61904,0.63391,123920
2024-12-18 00:00:00+00:00,0.6337,0.63377,0.61999,0.6205,146248
2024-12-19 00:00:00+00:00,0.6235,0.62648,0.62203,0.623,97959
2024-12-20 00:00:00+00:00,0.62299,0.6274,0.6214,0.6249,153360
2024-12-22 00:00:00+00:00,0.62498,0.6257,0.62451,0.62538,2350
2024-12-23 00:00:00+00:00,0.62542,0.62645,0.62189,0.62431,122775
2024-12-24 00:00:00+00:00,0.62447,0.62476,0.61409,0.6236,97745
2024-12-25 00:00:00+00:00,0.6236,0.6348,0.56191,0.62429,6779
2024-12-26 00:00:00+00:00,0.62415,0.6254,0.61884,0.6221,98894
2024-12-27 00:00:00+00:00,0.62233,0.62255,0.62,0.6216,115533
2024-12-29 00:00:00+00:00,0.62102,0.62335,0.62083,0.62246,1920
2024-12-30 00:00:00+00:00,0.62211,0.62462,0.62028,0.62177,117428
2024-12-31 00:00:00+00:00,0.62177,0.62314,0.61787,0.61844,97286
2025-01-01 00:00:00+00:00,0.61893,0.61943,0.61775,0.61934,5100
2025-01-02 00:00:00+00:00,0.61924,0.62223,0.61881,0.62008,137028
2025-01-03 00:00:00+00:00,0.62013,0.62244,0.61988,0.6215,113635
2025-01-05 00:00:00+00:00,0.62088,0.62242,0.6201,0.62203,1837
2025-01-06 00:00:00+00:00,0.62191,0.63009,0.6219,0.6236,145760
2025-01-07 00:00:00+00:00,0.62394,0.62871,0.6227,0.62341,131820
2025-01-08 00:00:00+00:00,0.6235,0.62421,0.6187,0.6207,143348
2025-01-09 00:00:00+00:00,0.62114,0.62116,0.6173,0.61894,108365
2025-01-10 00:00:00+00:00,0.61925,0.62055,0.614,0.6143,137099
2025-01-12 00:00:00+00:00,0.61416,0.61582,0.61406,0.61535,2053
2025-01-13 00:00:00+00:00,0.61447,0.62023,0.613,0.6191,117397
2025-01-14 00:00:00+00:00,0.619,0.61908,0.619,0.61908,136
2025-01-15 00:00:00+00:00,0.6191,0.6246,0.61816,0.62353,122866
2025-01-16 00:00:00+00:00,0.62344,0.62407,0.61924,0.62095,133032
2025-01-17 00:00:00+00:00,0.62082,0.6226,0.6165,0.6188,119536
2025-01-19 00:00:00+00:00,0.6196,0.61979,0.61898,0.61971,1735
2025-01-20 00:00:00+00:00,0.62006,0.62851,0.61974,0.628,91805
2025-01-21 00:00:00+00:00,0.62786,0.62882,0.62109,0.627,152280
2025-01-22 00:00:00+00:00,0.62639,0.62952,0.6252,0.62728,126552
2025-01-23 00:00:00+00:00,0.62727,0.62995,0.6254,0.62826,125689
2025-01-24 00:00:00+00:00,0.62808,0.63302,0.6279,0.6312,140708
2025-01-26 00:00:00+00:00,0.62955,0.63041,0.62906,0.62927,2194
2025-01-27 00:00:00+00:00,0.62926,0.63071,0.6258,0.62588,154673
2025-01-28 00:00:00+00:00,0.6263,0.62731,0.623,0.62513,125776
2025-01-29 00:00:00+00:00,0.625,0.62551,0.62015,0.6236,136572
2025-01-30 00:00:00+00:00,0.62383,0.62431,0.62005,0.62136,122027
2025-01-31 00:00:00+00:00,0.62136,0.62606,0.62032,0.6208,143117
2025-02-02 00:00:00+00:00,0.61495,0.61629,0.61377,0.61413,5431
2025-02-03 00:00:00+00:00,0.61214,0.62319,0.61168,0.62171,161462
2025-02-04 00:00:00+00:00,0.62037,0.62613,0.61987,0.62491,95779
2025-02-05 00:00:00+00:00,0.62518,0.62964,0.6238,0.62838,127152
2025-02-06 00:00:00+00:00,0.62845,0.62877,0.6254,0.62811,111259
2025-02-07 00:00:00+00:00,0.6282,0.6298,0.62583,0.62698,128325
2025-02-09 00:00:00+00:00,0.62329,0.62607,0.62324,0.62577,3381
2025-02-10 00:00:00+00:00,0.62596,0.62872,0.62523,0.62697,100954
2025-02-11 00:00:00+00:00,0.62699,0.62992,0.626,0.62967,107055
2025-02-12 00:00:00+00:00,0.62955,0.63092,0.62371,0.62813,135004
2025-02-13 00:00:00+00:00,0.62825,0.63221,0.62555,0.63166,139716
2025-02-14 00:00:00+00:00,0.63161,0.63669,0.63102,0.635,114182
2025-02-16 00:00:00+00:00,0.63427,0.63562,0.63427,0.63559,2381
2025-02-17 00:00:00+00:00,0.63563,0.63738,0.6349,0.6355,99577
2025-02-18 00:00:00+00:00,0.63555,0.63645,0.63354,0.63521,110171
2025-02-19 00:00:00+00:00,0.63503,0.63697,0.6335,0.63403,112181
2025-02-20 00:00:00+00:00,0.634,0.6408,0.63296,0.64019,135017
2025-02-21 00:00:00+00:00,0.64023,0.64076,0.63523,0.6355,140093
2025-02-23 00:00:00+00:00,0.63588,0.63736,0.63549,0.63686,2872
2025-02-24 00:00:00+00:00,0.63677,0.63913,0.63367,0.63384,148097
2025-02-25 00:00:00+00:00,0.63526,0.63561,0.63227,0.63511,129792
2025-02-26 00:00:00+00:00,0.63334,0.6334,0.62962,0.63088,112599
2025-02-27 00:00:00+00:00,0.63055,0.63095,0.6229,0.62312,165353
2025-02-28 00:00:00+00:00,0.62097,0.62216,0.61928,0.62032,111370
2025-03-02 00:00:00+00:00,0.62068,0.62233,0.62068,0.62197,2895
2025-03-03 00:00:00+00:00,0.62213,0.62512,0.62038,0.62153,154108
2025-03-04 00:00:00+00:00,0.62171,0.62775,0.61969,0.62675,135969
2025-03-05 00:00:00+00:00,0.62663,0.63418,0.62355,0.63365,196171
2025-03-06 00:00:00+00:00,0.6336,0.63597,0.63225,0.63312,179040
2025-03-07 00:00:00+00:00,0.63305,0.63366,0.62844,0.6305,176782
2025-03-09 00:00:00+00:00,0.63048,0.63088,0.62961,0.63027,5280
2025-03-10 00:00:00+00:00,0.63016,0.63303,0.62646,0.62799,165150
2025-03-11 00:00:00+00:00,0.6277,0.63101,0.626,0.62951,173534
2025-03-12 00:00:00+00:00,0.62969,0.63281,0.6276,0.63281,156799
2025-03-13 00:00:00+00:00,0.63276,0.63324,0.62699,0.62855,153522
2025-03-14 00:00:00+00:00,0.6285,0.63312,0.6276,0.63205,124390
2025-03-16 00:00:00+00:00,0.63214,0.63328,0.63137,0.63249,3332
2025-03-17 00:00:00+00:00,0.6325,0.63907,0.63217,0.63805,110678
2025-03-18 00:00:00+00:00,0.63811,0.63905,0.63446,0.63613,106611
2025-03-19 00:00:00+00:00,0.63607,0.63661,0.632,0.63628,120377
2025-03-20 00:00:00+00:00,0.63619,0.6363,0.62729,0.63019,124670
2025-03-21 00:00:00+00:00,0.63027,0.63052,0.62589,0.62655,103261
2025-03-23 00:00:00+00:00,0.62639,0.62884,0.6263,0.62884,3195
2025-03-24 00:00:00+00:00,0.62857,0.63051,0.62277,0.62861,104551
2025-03-25 00:00:00+00:00,0.6286,0.63239,0.62752,0.63064,101165
2025-03-26 00:00:00+00:00,0.63048,0.63299,0.6279,0.62863,111741
2025-03-27 00:00:00+00:00,0.62884,0.6318,0.62731,0.63005,109827
2025-03-28 00:00:00+00:00,0.62983,0.63118,0.6278,0.62824,103439
2025-03-30 00:00:00+00:00,0.62828,0.62872,0.62698,0.62821,4563
2025-03-31 00:00:00+00:00,0.62812,0.62999,0.62189,0.62396,120824
2025-04-01 00:00:00+00:00,0.62399,0.62904,0.6231,0.62877,125576
2025-04-02 00:00:00+00:00,0.62857,0.63402,0.62274,0.62636,122623
2025-04-03 00:00:00+00:00,0.62628,0.63866,0.62568,0.63254,145784
2025-04-04 00:00:00+00:00,0.63278,0.63306,0.59905,0.6041,164978
2025-04-06 00:00:00+00:00,0.5995,0.60082,0.59433,0.59857,11969
2025-04-07 00:00:00+00:00,0.60141,0.61123,0.59476,0.59967,258890
2025-04-08 00:00:00+00:00,0.5992,0.60841,0.59398,0.595,243711
2025-04-09 00:00:00+00:00,0.59729,0.61738,0.5952,0.61329,258664
2025-04-10 00:00:00+00:00,0.61357,0.62486,0.61171,0.62226,251803
2025-04-11 00:00:00+00:00,0.62231,0.63,0.61818,0.6287,249659
2025-04-13 00:00:00+00:00,0.63006,0.63023,0.62795,0.63002,6899
2025-04-14 00:00:00+00:00,0.6302,0.63423,0.62774,0.63182,172556
2025-04-15 00:00:00+00:00,0.63202,0.63821,0.63197,0.6336,149228
2025-04-16 00:00:00+00:00,0.63376,0.63903,0.63315,0.63687,151319
2025-04-17 00:00:00+00:00,0.63679,0.63929,0.6334,0.63882,129832
2025-04-20 00:00:00+00:00,0.63643,0.63919,0.63641,0.63891,5718
2025-04-21 00:00:00+00:00,0.63914,0.64364,0.63847,0.64212,116723
2025-04-22 00:00:00+00:00,0.64195,0.64385,0.63499,0.6375,148236
2025-04-23 00:00:00+00:00,0.63815,0.64299,0.63519,0.63636,155935
2025-04-24 00:00:00+00:00,0.63637,0.64135,0.63449,0.63998,126245
2025-04-25 00:00:00+00:00,0.64029,0.64196,0.63752,0.6397,114088
2025-04-27 00:00:00+00:00,0.6385,0.64048,0.63554,0.6382,3850
2025-04-28 00:00:00+00:00,0.63808,0.64347,0.63687,0.64273,119499
2025-04-29 00:00:00+00:00,0.64268,0.64483,0.63752,0.63858,120024
2025-04-30 00:00:00+00:00,0.63861,0.64171,0.6357,0.64101,129826
2025-05-01 00:00:00+00:00,0.64098,0.64261,0.63666,0.63851,118627
2025-05-02 00:00:00+00:00,0.63877,0.64696,0.6381,0.64393,133626
2025-05-04 00:00:00+00:00,0.64128,0.64574,0.6412,0.64434,3896
2025-05-05 00:00:00+00:00,0.64438,0.64929,0.6432,0.6459,116828
2025-05-06 00:00:00+00:00,0.64613,0.65135,0.64377,0.6503,123566
2025-05-07 00:00:00+00:00,0.65045,0.651,0.64178,0.64302,131737
2025-05-08 00:00:00+00:00,0.64323,0.64625,0.639,0.63928,132203
2025-05-09 00:00:00+00:00,0.63946,0.64302,0.63719,0.64089,100073
2025-05-11 00:00:00+00:00,0.64149,0.643,0.63977,0.64188,5113
2025-05-12 00:00:00+00:00,0.64226,0.64504,0.6355,0.63717,145314
2025-05-13 00:00:00+00:00,0.63722,0.64783,0.63614,0.64717,123290
2025-05-14 00:00:00+00:00,0.6474,0.65,0.6417,0.64268,131947
2025-05-15 00:00:00+00:00,0.64281,0.64539,0.6391,0.64039,119164
2025-05-16 00:00:00+00:00,0.64048,0.64355,0.6388,0.6403,98680
2025-05-18 00:00:00+00:00,0.64086,0.6412,0.6407,0.64086,1229
2025-05-19 00:00:00+00:00,0.64081,0.64646,0.6398,0.6454,107671
2025-05-20 00:00:00+00:00,0.6453,0.64534,0.63922,0.64252,108587
2025-05-21 00:00:00+00:00,0.64358,0.64692,0.64267,0.64323,126196
2025-05-22 00:00:00+00:00,0.6433,0.64576,0.64059,0.64087,122933
2025-05-23 00:00:00+00:00,0.6409,0.64992,0.6409,0.6494,120917
2025-05-25 00:00:00+00:00,0.6482,0.65061,0.64795,0.65014,4097
2025-05-26 00:00:00+00:00,0.65007,0.65366,0.6477,0.64796,78078
2025-05-27 00:00:00+00:00,0.6479,0.64945,0.6432,0.6446,109364
2025-05-28 00:00:00+00:00,0.64483,0.64527,0.64098,0.64219,115314
2025-05-29 00:00:00+00:00,0.64203,0.64589,0.64077,0.64436,123381
2025-05-30 00:00:00+00:00,0.64433,0.64515,0.64089,0.64273,126057
2025-06-01 00:00:00+00:00,0.64285,0.64495,0.6428,0.64426,3073
2025-06-02 00:00:00+00:00,0.64442,0.64999,0.64442,0.64982,119338
2025-06-03 00:00:00+00:00,0.64986,0.64986,0.64482,0.64639,113531
2025-06-04 00:00:00+00:00,0.64647,0.65047,0.6451,0.64892,110867
2025-06-05 00:00:00+00:00,0.64912,0.65375,0.64863,0.65098,125176
2025-06-06 00:00:00+00:00,0.65121,0.65157,0.648,0.6489,110812
2025-06-08 00:00:00+00:00,0.64944,0.65012,0.64911,0.64982,2693
2025-06-09 00:00:00+00:00,0.6497,0.65332,0.64633,0.6516,94144
2025-06-10 00:00:00+00:00,0.6516,0.65326,0.64909,0.65286,113992
2025-06-11 00:00:00+00:00,0.65265,0.6545,0.64935,0.65085,121431
2025-06-12 00:00:00+00:00,0.65098,0.65332,0.6478,0.65267,134691
2025-06-13 00:00:00+00:00,0.6525,0.6525,0.64567,0.64793,160126
2025-06-15 00:00:00+00:00,0.6495,0.6495,0.6495,0.6495,1
2025-06-16 00:00:00+00:00,0.64905,0.65515,0.6466,0.65121,124385
2025-06-17 00:00:00+00:00,0.65104,0.65436,0.63322,0.64805,136335
2025-06-18 00:00:00+00:00,0.64813,0.65251,0.58593,0.65061,138067
2025-06-19 00:00:00+00:00,0.65067,0.65091,0.6382,0.64854,113609
2025-06-20 00:00:00+00:00,0.64852,0.64951,0.64459,0.64482,116573
2025-06-22 00:00:00+00:00,0.64225,0.64478,0.64155,0.64452,5378
2025-06-23 00:00:00+00:00,0.64449,0.64863,0.63733,0.64768,153938
2025-06-24 00:00:00+00:00,0.6478,0.65188,0.64714,0.64949,135900
2025-06-25 00:00:00+00:00,0.64959,0.65222,0.64115,0.65205,121254
2025-06-26 00:00:00+00:00,0.65211,0.65633,0.651,0.65463,140702
2025-06-27 00:00:00+00:00,0.6548,0.65604,0.65089,0.6522,125567
2025-06-29 00:00:00+00:00,0.65306,0.65374,0.65303,0.65315,3794
2025-06-30 00:00:00+00:00,0.65321,0.65832,0.6523,0.6574,120891
2025-07-01 00:00:00+00:00,0.65753,0.65899,0.65454,0.65793,123188
2025-07-02 00:00:00+00:00,0.65809,0.6588,0.65292,0.65821,123105
2025-07-03 00:00:00+00:00,0.65833,0.65857,0.65383,0.65757,110778
2025-07-04 00:00:00+00:00,0.65767,0.65782,0.6412,0.6557,111107
2025-07-06 00:00:00+00:00,0.65565,0.65565,0.65352,0.65496,2918
2025-07-07 00:00:00+00:00,0.65465,0.65517,0.64846,0.65061,117614
2025-07-08 00:00:00+00:00,0.6507,0.65496,0.65068,0.65236,130323
2025-07-09 00:00:00+00:00,0.65231,0.65465,0.651,0.65358,122367
2025-07-10 00:00:00+00:00,0.65339,0.65944,0.65339,0.65929,108478
2025-07-11 00:00:00+00:00,0.65916,0.65928,0.6558,0.6578,121850
2025-07-13 00:00:00+00:00,0.65577,0.65767,0.65577,0.6575,3886
2025-07-14 00:00:00+00:00,0.65767,0.65866,0.6538,0.65435,104009
2025-07-15 00:00:00+00:00,0.65438,0.65749,0.65079,0.65183,125371
2025-07-16 00:00:00+00:00,0.65198,0.65537,0.64956,0.6522,125016
2025-07-17 00:00:00+00:00,0.65212,0.65212,0.6454,0.64974,110118
2025-07-18 00:00:00+00:00,0.64973,0.65393,0.6496,0.64993,90091
2025-07-20 00:00:00+00:00,0.65091,0.6516,0.65035,0.65119,3481
2025-07-21 00:00:00+00:00,0.65116,0.65371,0.64988,0.65271,90495
2025-07-22 00:00:00+00:00,0.65265,0.6559,0.65044,0.65524,101038
2025-07-23 00:00:00+00:00,0.65533,0.66044,0.655,0.66014,111723
2025-07-24 00:00:00+00:00,0.65997,0.66238,0.6584,0.65942,109061
2025-07-25 00:00:00+00:00,0.65969,0.65969,0.6552,0.65653,105715
2025-07-27 00:00:00+00:00,0.65696,0.65751,0.65673,0.65705,3030
2025-07-28 00:00:00+00:00,0.65721,0.65847,0.65105,0.65216,117658
2025-07-29 00:00:00+00:00,0.6517,0.65295,0.6495,0.65128,112533
2025-07-30 00:00:00+00:00,0.65145,0.6528,0.64268,0.6445,136042
2025-07-31 00:00:00+00:00,0.64452,0.6476,0.642,0.64273,131813
2025-08-01 00:00:00+00:00,0.64254,0.64927,0.6418,0.6475,144844
2025-08-03 00:00:00+00:00,0.6462,0.64718,0.64587,0.64687,4049
2025-08-04 00:00:00+00:00,0.647,0.6489,0.6456,0.64737,117359
2025-08-05 00:00:00+00:00,0.64743,0.64783,0.64505,0.64712,117195
2025-08-06 00:00:00+00:00,0.64716,0.65079,0.6471,0.64993,99588
2025-08-07 00:00:00+00:00,0.64986,0.65399,0.64914,0.65248,117517
2025-08-08 00:00:00+00:00,0.65255,0.65345,0.65118,0.6522,91625
2025-08-10 00:00:00+00:00,0.65155,0.65229,0.6514,0.65162,1981
2025-08-11 00:00:00+00:00,0.6515,0.6528,0.6501,0.65129,93629
2025-08-12 00:00:00+00:00,0.65148,0.654,0.648,0.65293,119104
2025-08-13 00:00:00+00:00,0.65305,0.65622,0.65165,0.65506,89915
2025-08-14 00:00:00+00:00,0.65521,0.65685,0.64829,0.6497,109830
2025-08-15 00:00:00+00:00,0.64962,0.65226,0.64879,0.6505,88786
2025-08-17 00:00:00+00:00,0.65093,0.65124,0.65026,0.65122,3272
2025-08-18 00:00:00+00:00,0.65124,0.65227,0.64821,0.64943,124429
2025-08-19 00:00:00+00:00,0.64951,0.64967,0.6447,0.64533,142244
2025-08-20 00:00:00+00:00,0.64541,0.64541,0.64237,0.64348,152245
2025-08-21 00:00:00+00:00,0.64347,0.64362,0.6414,0.64252,153490
2025-08-22 00:00:00+00:00,0.64264,0.65002,0.6414,0.64904,158330
2025-08-24 00:00:00+00:00,0.64868,0.64929,0.6482,0.64845,4730
2025-08-25 00:00:00+00:00,0.6485,0.65043,0.6472,0.64814,143000
2025-08-26 00:00:00+00:00,0.64804,0.65,0.647,0.64952,161179
2025-08-27 00:00:00+00:00,0.64956,0.65128,0.6461,0.65124,152048
2025-08-28 00:00:00+00:00,0.65122,0.65374,0.6505,0.65305,157849
2025-08-29 00:00:00+00:00,0.65311,0.65484,0.6522,0.6538,175360
2025-08-31 00:00:00+00:00,0.65422,0.65448,0.65345,0.6541,2874
2025-09-01 00:00:00+00:00,0.65441,0.6559,0.65351,0.65567,139912
2025-09-02 00:00:00+00:00,0.65565,0.6558,0.64842,0.65184,213103
2025-09-03 00:00:00+00:00,0.65183,0.6554,0.65023,0.65447,205602
2025-09-04 00:00:00+00:00,0.65453,0.65493,0.65,0.65221,194383
2025-09-05 00:00:00+00:00,0.65234,0.65883,0.65203,0.65543,196632
2025-09-07 00:00:00+00:00,0.65459,0.65548,0.65459,0.65548,5738
2025-09-08 00:00:00+00:00,0.65522,0.65984,0.6548,0.65978,183593
2025-09-09 00:00:00+00:00,0.65963,0.66195,0.658,0.6583,193353
2025-09-10 00:00:00+00:00,0.65844,0.6635,0.658,0.66189,199029
2025-09-11 00:00:00+00:00,0.66177,0.66658,0.65997,0.66651,195143
2025-09-12 00:00:00+00:00,0.66648,0.66686,0.6631,0.6641,182062
2025-09-14 00:00:00+00:00,0.66317,0.66496,0.66082,0.66488,3785
2025-09-15 00:00:00+00:00,0.66502,0.66747,0.66453,0.66721,178823
2025-09-16 00:00:00+00:00,0.66727,0.66885,0.66601,0.66884,197264
2025-09-17 00:00:00+00:00,0.66885,0.67055,0.66421,0.66518,192772
2025-09-18 00:00:00+00:00,0.66514,0.66593,0.6608,0.66168,221362
2025-09-19 00:00:00+00:00,0.66166,0.66188,0.65854,0.65854,194208
2025-09-21 00:00:00+00:00,0.65908,0.65941,0.65854,0.65884,4456
2025-09-22 00:00:00+00:00,0.65884,0.66018,0.6575,0.66008,169630
2025-09-23 00:00:00+00:00,0.6599,0.66148,0.65812,0.65987,185155
2025-09-24 00:00:00+00:00,0.65988,0.66274,0.65746,0.65856,190880
2025-09-25 00:00:00+00:00,0.65872,0.66032,0.65261,0.6538,203273
2025-09-26 00:00:00+00:00,0.65351,0.65512,0.65202,0.6545,181758
2025-09-28 00:00:00+00:00,0.65465,0.65519,0.6542,0.65518,3161
2025-09-29 00:00:00+00:00,0.65518,0.6581,0.6547,0.6578,164873
2025-09-30 00:00:00+00:00,0.65756,0.66278,0.6572,0.66105,198691
2025-10-01 00:00:00+00:00,0.6609,0.66267,0.65891,0.66154,199582
2025-10-02 00:00:00+00:00,0.66129,0.66242,0.65771,0.65988,165098
2025-10-03 00:00:00+00:00,0.65985,0.66139,0.6589,0.65945,160640
2025-10-05 00:00:00+00:00,0.65823,0.65936,0.65786,0.65935,8794
2025-10-06 00:00:00+00:00,0.65941,0.662,0.65904,0.66162,185323
2025-10-07 00:00:00+00:00,0.66166,0.66241,0.6576,0.65797,172534
2025-10-08 00:00:00+00:00,0.65799,0.65913,0.6556,0.65842,181440
2025-10-09 00:00:00+00:00,0.65844,0.66096,0.65401,0.65603,203384
2025-10-10 00:00:00+00:00,0.65596,0.65727,0.647,0.64711,216337
2025-10-12 00:00:00+00:00,0.65101,0.65121,0.64908,0.64976,11777
2025-10-13 00:00:00+00:00,0.65002,0.6532,0.64989,0.65118,183483
2025-10-14 00:00:00+00:00,0.65123,0.65209,0.64403,0.64907,235752
2025-10-15 00:00:00+00:00,0.64902,0.65232,0.64864,0.65075,202067
2025-10-16 00:00:00+00:00,0.65075,0.65141,0.6472,0.64816,226642
2025-10-17 00:00:00+00:00,0.64801,0.6501,0.64459,0.6493,238302
2025-10-19 00:00:00+00:00,0.64873,0.65059,0.64839,0.65011,5613
2025-10-20 00:00:00+00:00,0.64988,0.65206,0.64845,0.65157,192678
2025-10-21 00:00:00+00:00,0.65149,0.65246,0.64743,0.64908,211765
2025-10-22 00:00:00+00:00,0.64931,0.65114,0.64789,0.64879,224192
2025-10-23 00:00:00+00:00,0.64867,0.65175,0.64787,0.65143,175106
2025-10-24 00:00:00+00:00,0.65132,0.65273,0.6492,0.65091,173761
2025-10-26 00:00:00+00:00,0.65093,0.65429,0.65093,0.65331,8036
2025-10-27 00:00:00+00:00,0.65332,0.65602,0.6527,0.65582,171261
2025-10-28 00:00:00+00:00,0.65567,0.65902,0.6545,0.65846,160750
2025-10-29 00:00:00+00:00,0.65844,0.66173,0.6559,0.65764,204385
2025-10-30 00:00:00+00:00,0.6577,0.65966,0.65336,0.65589,225009
2025-10-31 00:00:00+00:00,0.65594,0.65594,0.6533,0.65376,167061
2025-11-02 00:00:00+00:00,0.65391,0.65479,0.65367,0.65448,2853
2025-11-03 00:00:00+00:00,0.65458,0.65621,0.65142,0.65376,160846
2025-11-04 00:00:00+00:00,0.65362,0.65366,0.64815,0.64847,210223
2025-11-05 00:00:00+00:00,0.64841,0.65126,0.6459,0.65093,189680
2025-11-06 00:00:00+00:00,0.65078,0.65174,0.6463,0.64835,198149
2025-11-07 00:00:00+00:00,0.64822,0.64988,0.6466,0.64917,208311
2025-11-09 00:00:00+00:00,0.64951,0.65019,0.64895,0.65019,3890
2025-11-10 00:00:00+00:00,0.65007,0.654,0.64964,0.65341,167849
2025-11-11 00:00:00+00:00,0.65334,0.65377,0.6508,0.6527,173538
2025-11-12 00:00:00+00:00,0.65279,0.65499,0.65159,0.65358,176657
2025-11-13 00:00:00+00:00,0.65369,0.65799,0.65239,0.65262,169915
2025-11-14 00:00:00+00:00,0.6526,0.65508,0.65044,0.6536,207525
2025-11-16 00:00:00+00:00,0.65302,0.65353,0.65297,0.65323,3186
2025-11-17 00:00:00+00:00,0.65322,0.65368,0.6482,0.649,204455
2025-11-18 00:00:00+00:00,0.64919,0.6518,0.64649,0.6505,232250
2025-11-19 00:00:00+00:00,0.6504,0.65067,0.64522,0.64901,233071
2025-11-20 00:00:00+00:00,0.64887,0.6501,0.64373,0.64489,241491
2025-11-21 00:00:00+00:00,0.64425,0.64594,0.64214,0.6453,217058
2025-11-23 00:00:00+00:00,0.6429,0.6465,0.6429,0.64613,3304
2025-11-24 00:00:00+00:00,0.64612,0.64683,0.6443,0.6462,189562
2025-11-25 00:00:00+00:00,0.64627,0.64751,0.64366,0.64701,201953
2025-11-26 00:00:00+00:00,0.64693,0.65258,0.64692,0.6521,203414
2025-11-27 00:00:00+00:00,0.65244,0.65397,0.6521,0.65355,121868
2025-11-28 00:00:00+00:00,0.65358,0.65585,0.652,0.6543,287925
2025-11-30 00:00:00+00:00,0.65374,0.65525,0.65362,0.6551,3705
2025-12-01 00:00:00+00:00,0.65511,0.65658,0.65376,0.65412,215020
2025-12-02 00:00:00+00:00,0.65413,0.65736,0.6537,0.65733,180522
2025-12-03 00:00:00+00:00,0.65741,0.6604,0.65533,0.6604,181657
2025-12-04 00:00:00+00:00,0.66049,0.66235,0.6602,0.66062,202063
2025-12-05 00:00:00+00:00,0.66071,0.66485,0.6605,0.6638,174104
2025-12-07 00:00:00+00:00,0.6629,0.66396,0.66275,0.66347,4834
2025-12-08 00:00:00+00:00,0.66332,0.66481,0.66146,0.66267,172472
2025-12-09 00:00:00+00:00,0.66258,0.66536,0.66105,0.66393,195014
2025-12-10 00:00:00+00:00,0.66401,0.66855,0.6627,0.66731,215741
2025-12-11 00:00:00+00:00,0.66728,0.66784,0.66272,0.66621,227159
2025-12-12 00:00:00+00:00,0.66639,0.66765,0.66339,0.6652,209416
2025-12-14 00:00:00+00:00,0.6615,0.66493,0.6615,0.66471,4729
2025-12-15 00:00:00+00:00,0.66474,0.66558,0.66294,0.66411,198901
2025-12-16 00:00:00+00:00,0.66426,0.66577,0.66187,0.6632,207364
2025-12-17 00:00:00+00:00,0.66301,0.66328,0.65996,0.66001,197717
2025-12-18 00:00:00+00:00,0.66012,0.66299,0.6592,0.66133,191900
2025-12-19 00:00:00+00:00,0.66139,0.66241,0.66002,0.661,158565
2025-12-21 00:00:00+00:00,0.66065,0.66125,0.6581,0.66118,3292
2025-12-22 00:00:00+00:00,0.66124,0.66605,0.6611,0.6654,143476
2025-12-23 00:00:00+00:00,0.66587,0.67022,0.66553,0.67016,152144
2025-12-24 00:00:00+00:00,0.67017,0.6717,0.6697,0.67051,106878
2025-12-25 00:00:00+00:00,0.6702,0.6709,0.66814,0.67045,6634
2025-12-26 00:00:00+00:00,0.67045,0.67241,0.6695,0.6715,143529
2025-12-28 00:00:00+00:00,0.66953,0.67155,0.66751,0.67141,3658
2025-12-29 00:00:00+00:00,0.67155,0.67271,0.6682,0.66948,170007
2025-12-30 00:00:00+00:00,0.6695,0.67174,0.66848,0.6693,142009
2025-12-31 00:00:00+00:00,0.6694,0.67006,0.66611,0.66697,122053
2026-01-01 00:00:00+00:00,0.667,0.66797,0.6662,0.66782,4424
