time,open,high,low,close,volume
2018-01-01 00:00:00+00:00,1.19937,1.20152,1.19929,1.20108,9843
2018-01-02 00:00:00+00:00,1.20096,1.20794,1.20094,1.20614,154911
2018-01-03 00:00:00+00:00,1.20618,1.20636,1.20037,1.20108,170702
2018-01-04 00:00:00+00:00,1.20102,1.20882,1.20046,1.20666,181541
2018-01-05 00:00:00+00:00,1.20667,1.20803,1.20214,1.20274,182131
2018-01-07 00:00:00+00:00,1.20272,1.20386,1.20272,1.20372,4415
2018-01-08 00:00:00+00:00,1.20371,1.20518,1.19566,1.197,157647
2018-01-09 00:00:00+00:00,1.19692,1.1975,1.19167,1.19284,184712
2018-01-10 00:00:00+00:00,1.19301,1.20162,1.1924,1.19558,282169
2018-01-11 00:00:00+00:00,1.1956,1.20578,1.19309,1.20429,281913
2018-01-12 00:00:00+00:00,1.20429,1.22084,1.20415,1.22032,331363
2018-01-14 00:00:00+00:00,1.21925,1.22109,1.21912,1.2192,7847
2018-01-15 00:00:00+00:00,1.21934,1.22957,1.21882,1.22668,246197
2018-01-16 00:00:00+00:00,1.22667,1.22811,1.21964,1.22706,306997
2018-01-17 00:00:00+00:00,1.22692,1.23147,1.21652,1.21803,392889
2018-01-18 00:00:00+00:00,1.21821,1.22645,1.2175,1.22345,315013
2018-01-19 00:00:00+00:00,1.22362,1.22945,1.22144,1.22144,308594
2018-01-21 00:00:00+00:00,1.22687,1.22687,1.22395,1.2256,9770
2018-01-22 00:00:00+00:00,1.22566,1.22666,1.22161,1.22564,239666
2018-01-23 00:00:00+00:00,1.22588,1.23149,1.22232,1.2309,300121
2018-01-24 00:00:00+00:00,1.23109,1.24144,1.22916,1.23927,383302
2018-01-25 00:00:00+00:00,1.23957,1.2534,1.23644,1.23915,673855
2018-01-26 00:00:00+00:00,1.23942,1.24903,1.23872,1.24288,459999
2018-01-28 00:00:00+00:00,1.24229,1.24311,1.24133,1.24311,6695
2018-01-29 00:00:00+00:00,1.24283,1.24321,1.23373,1.23809,365954
2018-01-30 00:00:00+00:00,1.2384,1.24522,1.23384,1.24084,373659
2018-01-31 00:00:00+00:00,1.24067,1.24749,1.23887,1.24169,448264
2018-02-01 00:00:00+00:00,1.24174,1.25202,1.23866,1.25106,350206
2018-02-02 00:00:00+00:00,1.25109,1.25172,1.24097,1.24553,385030
2018-02-04 00:00:00+00:00,1.24358,1.24543,1.24254,1.24463,15070
2018-02-05 00:00:00+00:00,1.24457,1.24748,1.23648,1.2367,394427
2018-02-06 00:00:00+00:00,1.23657,1.24281,1.23157,1.23804,531701
2018-02-07 00:00:00+00:00,1.2381,1.24041,1.22467,1.22699,341843
2018-02-08 00:00:00+00:00,1.22676,1.22943,1.22133,1.22609,458865
2018-02-09 00:00:00+00:00,1.22611,1.22852,1.22068,1.22495,443120
2018-02-11 00:00:00+00:00,1.22448,1.22523,1.22418,1.22523,6710
2018-02-12 00:00:00+00:00,1.22527,1.23067,1.22353,1.23009,245705
2018-02-13 00:00:00+00:00,1.23008,1.2371,1.22851,1.23537,266178
2018-02-14 00:00:00+00:00,1.23521,1.24684,1.22775,1.24684,392710
2018-02-15 00:00:00+00:00,1.24664,1.25095,1.24486,1.25029,309646
2018-02-16 00:00:00+00:00,1.25067,1.25543,1.23969,1.24092,308045
2018-02-18 00:00:00+00:00,1.23999,1.24199,1.23999,1.24118,6533
2018-02-19 00:00:00+00:00,1.24122,1.24343,1.23691,1.24003,182934
2018-02-20 00:00:00+00:00,1.23981,1.24106,1.23213,1.23354,265541
2018-02-21 00:00:00+00:00,1.23351,1.2357,1.22743,1.22805,324897
2018-02-22 00:00:00+00:00,1.22799,1.23507,1.22605,1.23257,286990
2018-02-23 00:00:00+00:00,1.23259,1.23306,1.22801,1.22933,216840
2018-02-25 00:00:00+00:00,1.22916,1.22948,1.22813,1.22884,5861
2018-02-26 00:00:00+00:00,1.2286,1.23539,1.22803,1.23152,224762
2018-02-27 00:00:00+00:00,1.23167,1.23445,1.22224,1.22261,307573
2018-02-28 00:00:00+00:00,1.22232,1.22395,1.21892,1.21915,276371
2018-03-01 00:00:00+00:00,1.21912,1.22745,1.21566,1.22711,309418
2018-03-02 00:00:00+00:00,1.22714,1.23358,1.22519,1.2316,271423
2018-03-04 00:00:00+00:00,1.23309,1.23632,1.23013,1.23177,19493
2018-03-05 00:00:00+00:00,1.23172,1.23483,1.22732,1.23367,247050
2018-03-06 00:00:00+00:00,1.23374,1.24277,1.23308,1.24156,265914
2018-03-07 00:00:00+00:00,1.24175,1.24403,1.23861,1.24123,259052
2018-03-08 00:00:00+00:00,1.24122,1.24455,1.22998,1.23068,375243
2018-03-09 00:00:00+00:00,1.23079,1.2331,1.22768,1.23034,283900
2018-03-11 00:00:00+00:00,1.23109,1.2314,1.23064,1.23085,4232
2018-03-12 00:00:00+00:00,1.2308,1.23449,1.22912,1.23384,188882
2018-03-13 00:00:00+00:00,1.23398,1.24067,1.23145,1.2393,300063
2018-03-14 00:00:00+00:00,1.23926,1.2412,1.23483,1.23748,271195
2018-03-15 00:00:00+00:00,1.23748,1.2383,1.23008,1.23067,264711
2018-03-16 00:00:00+00:00,1.23057,1.23353,1.22616,1.22879,233289
2018-03-18 00:00:00+00:00,1.22848,1.22914,1.22804,1.22808,6065
2018-03-19 00:00:00+00:00,1.22799,1.23584,1.22582,1.23367,295877
2018-03-20 00:00:00+00:00,1.23357,1.23537,1.22404,1.22483,267301
2018-03-21 00:00:00+00:00,1.22476,1.23492,1.22473,1.23465,363202
2018-03-22 00:00:00+00:00,1.23456,1.23861,1.22871,1.23241,301811
2018-03-23 00:00:00+00:00,1.23252,1.23724,1.23183,1.2353,240596
2018-03-25 00:00:00+00:00,1.23508,1.23674,1.23508,1.23543,4831
2018-03-26 00:00:00+00:00,1.23532,1.24609,1.23523,1.24571,224476
2018-03-27 00:00:00+00:00,1.2455,1.24737,1.23749,1.24087,257055
2018-03-28 00:00:00+00:00,1.24069,1.24213,1.23002,1.23125,265399
2018-03-29 00:00:00+00:00,1.23121,1.23348,1.22845,1.23021,227904
2018-03-30 00:00:00+00:00,1.23015,1.23303,1.22928,1.23209,59198
2018-04-01 00:00:00+00:00,1.23202,1.23231,1.23127,1.23127,5704
2018-04-02 00:00:00+00:00,1.23128,1.23427,1.22839,1.22931,123669
2018-04-03 00:00:00+00:00,1.22927,1.23343,1.22549,1.22782,216495
2018-04-04 00:00:00+00:00,1.2279,1.23135,1.22572,1.22873,202505
2018-04-05 00:00:00+00:00,1.22869,1.2289,1.22186,1.22486,211001
2018-04-06 00:00:00+00:00,1.22496,1.22905,1.22179,1.22791,292388
2018-04-08 00:00:00+00:00,1.22803,1.22822,1.22663,1.22711,7789
2018-04-09 00:00:00+00:00,1.22711,1.23292,1.2263,1.23205,227345
2018-04-10 00:00:00+00:00,1.23221,1.23744,1.23034,1.23628,274227
2018-04-11 00:00:00+00:00,1.23631,1.23924,1.2348,1.23718,233346
2018-04-12 00:00:00+00:00,1.23727,1.23794,1.23009,1.23292,234519
2018-04-13 00:00:00+00:00,1.23308,1.23454,1.23089,1.23292,188727
2018-04-15 00:00:00+00:00,1.23299,1.23346,1.23238,1.23316,5389
2018-04-16 00:00:00+00:00,1.23327,1.23917,1.23262,1.23839,176447
2018-04-17 00:00:00+00:00,1.23847,1.24133,1.23367,1.23725,186159
2018-04-18 00:00:00+00:00,1.2372,1.23963,1.23456,1.23787,216948
2018-04-19 00:00:00+00:00,1.23787,1.23996,1.23318,1.23433,237299
2018-04-20 00:00:00+00:00,1.23432,1.23512,1.22622,1.22855,210669
2018-04-22 00:00:00+00:00,1.22779,1.22869,1.2273,1.22739,7392
2018-04-23 00:00:00+00:00,1.22735,1.22893,1.21981,1.22093,196422
2018-04-24 00:00:00+00:00,1.22109,1.22436,1.2182,1.22374,226222
2018-04-25 00:00:00+00:00,1.22351,1.22351,1.216,1.21706,210594
2018-04-26 00:00:00+00:00,1.217,1.2206,1.20964,1.21082,310245
2018-04-27 00:00:00+00:00,1.2107,1.21324,1.20577,1.21263,267331
2018-04-29 00:00:00+00:00,1.21256,1.21291,1.21194,1.21227,5009
2018-04-30 00:00:00+00:00,1.21219,1.21386,1.20648,1.20816,259371
2018-05-01 00:00:00+00:00,1.20791,1.20826,1.19834,1.19912,218670
2018-05-02 00:00:00+00:00,1.19917,1.203,1.19386,1.19506,365916
2018-05-03 00:00:00+00:00,1.19506,1.20077,1.19493,1.19888,328883
2018-05-04 00:00:00+00:00,1.19886,1.19949,1.19125,1.19596,274014
2018-05-06 00:00:00+00:00,1.19573,1.19633,1.19546,1.19546,4175
2018-05-07 00:00:00+00:00,1.19542,1.19775,1.18984,1.19332,211887
2018-05-08 00:00:00+00:00,1.19343,1.19383,1.18394,1.18673,323978
2018-05-09 00:00:00+00:00,1.18649,1.18958,1.18231,1.18467,304047
2018-05-10 00:00:00+00:00,1.18477,1.19434,1.18444,1.19138,390843
2018-05-11 00:00:00+00:00,1.19142,1.1967,1.18931,1.19383,260880
2018-05-13 00:00:00+00:00,1.19403,1.19554,1.19394,1.19526,6077
2018-05-14 00:00:00+00:00,1.19512,1.19958,1.19232,1.19311,225779
2018-05-15 00:00:00+00:00,1.19309,1.1938,1.18177,1.18205,323816
2018-05-16 00:00:00+00:00,1.18235,1.18539,1.17649,1.18147,390094
2018-05-17 00:00:00+00:00,1.18132,1.18349,1.17798,1.17902,307105
2018-05-18 00:00:00+00:00,1.17913,1.18212,1.17509,1.17685,202709
2018-05-20 00:00:00+00:00,1.17712,1.17735,1.17609,1.17653,6351
2018-05-21 00:00:00+00:00,1.17637,1.17965,1.17176,1.179,195343
2018-05-22 00:00:00+00:00,1.17892,1.18271,1.1758,1.17881,274650
2018-05-23 00:00:00+00:00,1.17879,1.17884,1.16761,1.17092,389831
2018-05-24 00:00:00+00:00,1.17073,1.17497,1.16923,1.17221,311770
2018-05-25 00:00:00+00:00,1.17233,1.17312,1.16464,1.1648,309618
2018-05-27 00:00:00+00:00,1.1683,1.16913,1.16766,1.16885,11988
2018-05-28 00:00:00+00:00,1.16872,1.17277,1.16077,1.16263,239854
2018-05-29 00:00:00+00:00,1.16269,1.16384,1.1513,1.15375,426652
2018-05-30 00:00:00+00:00,1.15373,1.16753,1.15192,1.16647,437048
2018-05-31 00:00:00+00:00,1.16652,1.17235,1.16448,1.16922,383906
2018-06-01 00:00:00+00:00,1.16918,1.17159,1.16223,1.16572,305261
2018-06-03 00:00:00+00:00,1.1659,1.16682,1.16568,1.16674,4314
2018-06-04 00:00:00+00:00,1.16681,1.17444,1.16681,1.17002,237878
2018-06-05 00:00:00+00:00,1.17023,1.1732,1.16544,1.17263,277844
2018-06-06 00:00:00+00:00,1.17264,1.17954,1.17142,1.17814,261527
2018-06-07 00:00:00+00:00,1.17833,1.18384,1.17832,1.17932,276429
2018-06-08 00:00:00+00:00,1.17926,1.18101,1.17279,1.17667,261611
2018-06-10 00:00:00+00:00,1.17717,1.17854,1.17712,1.17845,4040
2018-06-11 00:00:00+00:00,1.17834,1.18201,1.17714,1.17726,203318
2018-06-12 00:00:00+00:00,1.17709,1.18077,1.17347,1.17477,246683
2018-06-13 00:00:00+00:00,1.17472,1.18047,1.1731,1.18033,268136
2018-06-14 00:00:00+00:00,1.18037,1.18457,1.15619,1.15629,442368
2018-06-15 00:00:00+00:00,1.15617,1.16254,1.15434,1.16059,350533
2018-06-17 00:00:00+00:00,1.15878,1.1602,1.15871,1.1593,6210
2018-06-18 00:00:00+00:00,1.15934,1.16409,1.15664,1.16298,225206
2018-06-19 00:00:00+00:00,1.1629,1.16434,1.15313,1.15882,336934
2018-06-20 00:00:00+00:00,1.15891,1.15998,1.15453,1.15775,285912
2018-06-21 00:00:00+00:00,1.15776,1.16309,1.15102,1.16043,386376
2018-06-22 00:00:00+00:00,1.16069,1.1674,1.16007,1.16552,303626
2018-06-24 00:00:00+00:00,1.16621,1.16722,1.16599,1.16601,8428
2018-06-25 00:00:00+00:00,1.16606,1.17126,1.16299,1.17009,282028
2018-06-26 00:00:00+00:00,1.17013,1.17188,1.16358,1.16494,350003
2018-06-27 00:00:00+00:00,1.16475,1.16711,1.15416,1.15629,444873
2018-06-28 00:00:00+00:00,1.1562,1.15974,1.15292,1.15634,417091
2018-06-29 00:00:00+00:00,1.1564,1.1689,1.1564,1.16816,461747
2018-07-01 00:00:00+00:00,1.1684,1.16852,1.16632,1.16777,14686
2018-07-02 00:00:00+00:00,1.16775,1.16775,1.15917,1.16416,311186
2018-07-03 00:00:00+00:00,1.16401,1.16723,1.1621,1.16589,328262
2018-07-04 00:00:00+00:00,1.16593,1.16798,1.16312,1.16604,200108
2018-07-05 00:00:00+00:00,1.16598,1.17199,1.16501,1.1692,324394
2018-07-06 00:00:00+00:00,1.16939,1.17662,1.16802,1.17423,297464
2018-07-08 00:00:00+00:00,1.17434,1.17534,1.17424,1.17517,12676
2018-07-09 00:00:00+00:00,1.1751,1.17901,1.17331,1.1756,279098
2018-07-10 00:00:00+00:00,1.17574,1.17621,1.16924,1.1728,291393
2018-07-11 00:00:00+00:00,1.1731,1.17577,1.16667,1.16751,411698
2018-07-12 00:00:00+00:00,1.16743,1.16955,1.16507,1.1664,355298
2018-07-13 00:00:00+00:00,1.16635,1.16861,1.16137,1.16842,302554
2018-07-15 00:00:00+00:00,1.169,1.169,1.16774,1.16784,7221
2018-07-16 00:00:00+00:00,1.16789,1.17247,1.1676,1.17091,270814
2018-07-17 00:00:00+00:00,1.17101,1.17441,1.1649,1.16532,317392
2018-07-18 00:00:00+00:00,1.16561,1.16647,1.16023,1.16449,305826
2018-07-19 00:00:00+00:00,1.16457,1.16723,1.15761,1.16545,410381
2018-07-20 00:00:00+00:00,1.16538,1.17367,1.16273,1.17188,437230
2018-07-22 00:00:00+00:00,1.17265,1.17443,1.17236,1.17403,12218
2018-07-23 00:00:00+00:00,1.17414,1.17495,1.16846,1.16935,285182
2018-07-24 00:00:00+00:00,1.16937,1.17165,1.16592,1.16846,312626
2018-07-25 00:00:00+00:00,1.16853,1.17387,1.16654,1.17379,334853
2018-07-26 00:00:00+00:00,1.17369,1.17434,1.16387,1.16439,318840
2018-07-27 00:00:00+00:00,1.16446,1.16632,1.16223,1.16535,266031
2018-07-29 00:00:00+00:00,1.16548,1.16601,1.16544,1.16592,4591
2018-07-30 00:00:00+00:00,1.16602,1.17184,1.16496,1.17074,216704
2018-07-31 00:00:00+00:00,1.17078,1.17453,1.16856,1.16892,303669
2018-08-01 00:00:00+00:00,1.16891,1.16977,1.16574,1.16633,254897
2018-08-02 00:00:00+00:00,1.16629,1.16672,1.1582,1.15852,276584
2018-08-03 00:00:00+00:00,1.15854,1.16094,1.15618,1.15657,276229
2018-08-05 00:00:00+00:00,1.15668,1.15706,1.15604,1.15615,6408
2018-08-06 00:00:00+00:00,1.15605,1.15701,1.1531,1.15581,209532
2018-08-07 00:00:00+00:00,1.15571,1.16075,1.15516,1.1603,211202
2018-08-08 00:00:00+00:00,1.1603,1.16273,1.15741,1.16093,198160
2018-08-09 00:00:00+00:00,1.16099,1.16191,1.15175,1.1524,263215
2018-08-10 00:00:00+00:00,1.15256,1.15355,1.13882,1.14111,507852
2018-08-12 00:00:00+00:00,1.13719,1.14114,1.13719,1.1395,17511
2018-08-13 00:00:00+00:00,1.13964,1.14321,1.13656,1.14006,441000
2018-08-14 00:00:00+00:00,1.1398,1.14281,1.13326,1.13468,363666
2018-08-15 00:00:00+00:00,1.13457,1.13547,1.13025,1.13417,382507
2018-08-16 00:00:00+00:00,1.13427,1.14082,1.13372,1.13719,402231
2018-08-17 00:00:00+00:00,1.13719,1.14446,1.13669,1.14362,321321
2018-08-19 00:00:00+00:00,1.14373,1.14402,1.14357,1.14378,8313
2018-08-20 00:00:00+00:00,1.14377,1.14931,1.13964,1.14919,272887
2018-08-21 00:00:00+00:00,1.14891,1.15989,1.1486,1.15761,377771
2018-08-22 00:00:00+00:00,1.15755,1.16223,1.1554,1.15858,338610
2018-08-23 00:00:00+00:00,1.15857,1.15897,1.15307,1.15419,324751
2018-08-24 00:00:00+00:00,1.1542,1.16378,1.15384,1.16194,337708
2018-08-26 00:00:00+00:00,1.16162,1.16499,1.16162,1.16452,11147
2018-08-27 00:00:00+00:00,1.16445,1.16927,1.15958,1.16841,273103
2018-08-28 00:00:00+00:00,1.16827,1.17316,1.16628,1.16934,334226
2018-08-29 00:00:00+00:00,1.16924,1.17103,1.16543,1.17093,369447
2018-08-30 00:00:00+00:00,1.17094,1.17159,1.16427,1.16654,365060
2018-08-31 00:00:00+00:00,1.16655,1.16887,1.15851,1.16006,396059
2018-09-02 00:00:00+00:00,1.15952,1.16031,1.15928,1.15981,6958
2018-09-03 00:00:00+00:00,1.1598,1.16274,1.15909,1.1614,210533
2018-09-04 00:00:00+00:00,1.16123,1.16131,1.15313,1.15871,348013
2018-09-05 00:00:00+00:00,1.15872,1.16375,1.15439,1.16346,390439
2018-09-06 00:00:00+00:00,1.16352,1.16586,1.16063,1.162,358478
2018-09-07 00:00:00+00:00,1.16204,1.16488,1.15513,1.15515,377057
2018-09-09 00:00:00+00:00,1.1549,1.15607,1.15479,1.15607,7868
2018-09-10 00:00:00+00:00,1.15586,1.16125,1.1528,1.15936,260832
2018-09-11 00:00:00+00:00,1.15923,1.16423,1.15666,1.15955,292557
2018-09-12 00:00:00+00:00,1.15955,1.16471,1.15706,1.16254,311691
2018-09-13 00:00:00+00:00,1.16266,1.17006,1.16097,1.16912,320424
2018-09-14 00:00:00+00:00,1.16903,1.17213,1.16206,1.16212,265974
2018-09-16 00:00:00+00:00,1.16229,1.16317,1.1622,1.16235,4901
2018-09-17 00:00:00+00:00,1.1623,1.1697,1.16216,1.16687,233111
2018-09-18 00:00:00+00:00,1.16683,1.17213,1.16526,1.16775,342367
2018-09-19 00:00:00+00:00,1.16786,1.1714,1.16531,1.1674,322453
2018-09-20 00:00:00+00:00,1.16734,1.17841,1.16722,1.17757,336271
2018-09-21 00:00:00+00:00,1.17761,1.18009,1.17337,1.17466,313209
2018-09-23 00:00:00+00:00,1.17447,1.17518,1.17384,1.17485,4885
2018-09-24 00:00:00+00:00,1.17489,1.18133,1.17257,1.17525,276546
2018-09-25 00:00:00+00:00,1.17529,1.17915,1.17312,1.17629,301714
2018-09-26 00:00:00+00:00,1.17625,1.17956,1.17261,1.1747,376442
2018-09-27 00:00:00+00:00,1.17472,1.17566,1.16333,1.1636,394744
2018-09-28 00:00:00+00:00,1.16361,1.16504,1.15711,1.16028,326489
2018-09-30 00:00:00+00:00,1.16169,1.16173,1.16042,1.16054,7012
2018-10-01 00:00:00+00:00,1.16055,1.16223,1.15637,1.1577,290495
2018-10-02 00:00:00+00:00,1.15761,1.15799,1.15067,1.15504,334893
2018-10-03 00:00:00+00:00,1.1549,1.15929,1.14695,1.14763,392811
2018-10-04 00:00:00+00:00,1.14769,1.15417,1.14635,1.15173,362822
2018-10-05 00:00:00+00:00,1.1517,1.15396,1.14853,1.15193,373264
2018-10-07 00:00:00+00:00,1.15234,1.15274,1.15201,1.15239,8964
2018-10-08 00:00:00+00:00,1.15256,1.15289,1.14603,1.14941,244132
2018-10-09 00:00:00+00:00,1.14938,1.15086,1.14325,1.15048,389585
2018-10-10 00:00:00+00:00,1.15039,1.15438,1.14802,1.15332,377634
2018-10-11 00:00:00+00:00,1.15314,1.15981,1.15314,1.159,532901
2018-10-12 00:00:00+00:00,1.15906,1.16096,1.15365,1.15573,343418
2018-10-14 00:00:00+00:00,1.15405,1.15534,1.15405,1.15505,8244
2018-10-15 00:00:00+00:00,1.15501,1.1606,1.15432,1.15831,306811
2018-10-16 00:00:00+00:00,1.15829,1.16193,1.15666,1.15763,305797
2018-10-17 00:00:00+00:00,1.15764,1.15799,1.14963,1.15012,361877
2018-10-18 00:00:00+00:00,1.14999,1.15265,1.14506,1.14539,368954
2018-10-19 00:00:00+00:00,1.14545,1.15329,1.14348,1.15128,361806
2018-10-21 00:00:00+00:00,1.15159,1.15171,1.15086,1.15105,6711
2018-10-22 00:00:00+00:00,1.15116,1.15498,1.14563,1.14647,297193
2018-10-23 00:00:00+00:00,1.14648,1.14882,1.144,1.14709,386263
2018-10-24 00:00:00+00:00,1.14734,1.14748,1.13819,1.13988,430044
2018-10-25 00:00:00+00:00,1.13983,1.143,1.13565,1.13753,367737
2018-10-26 00:00:00+00:00,1.13741,1.14198,1.13362,1.14034,370927
2018-10-28 00:00:00+00:00,1.13926,1.14037,1.13926,1.1398,7371
2018-10-29 00:00:00+00:00,1.13983,1.14152,1.13613,1.13756,319622
2018-10-30 00:00:00+00:00,1.13747,1.1386,1.13406,1.13454,274044
2018-10-31 00:00:00+00:00,1.13454,1.13596,1.13033,1.13147,309894
2018-11-01 00:00:00+00:00,1.13134,1.14235,1.13134,1.14029,327391
2018-11-02 00:00:00+00:00,1.14025,1.14557,1.13735,1.13871,388261
2018-11-04 00:00:00+00:00,1.13866,1.13994,1.13866,1.13976,18708
2018-11-05 00:00:00+00:00,1.13968,1.14234,1.136,1.14084,278270
2018-11-06 00:00:00+00:00,1.14081,1.14412,1.13926,1.14412,299276
2018-11-07 00:00:00+00:00,1.14412,1.14985,1.13953,1.14326,480726
2018-11-08 00:00:00+00:00,1.14333,1.14448,1.13548,1.13678,373964
2018-11-09 00:00:00+00:00,1.13684,1.13687,1.13189,1.13351,344054
2018-11-11 00:00:00+00:00,1.13254,1.13279,1.13153,1.1324,11530
2018-11-12 00:00:00+00:00,1.13225,1.13304,1.12166,1.12235,339582
2018-11-13 00:00:00+00:00,1.12249,1.13177,1.12224,1.1311,421670
2018-11-14 00:00:00+00:00,1.13103,1.13442,1.12635,1.13121,462207
2018-11-15 00:00:00+00:00,1.13133,1.13595,1.12763,1.13245,451562
2018-11-16 00:00:00+00:00,1.1325,1.14199,1.13222,1.14161,355561
2018-11-18 00:00:00+00:00,1.14127,1.14202,1.14071,1.14137,15724
2018-11-19 00:00:00+00:00,1.14092,1.14642,1.13943,1.1454,278217
2018-11-20 00:00:00+00:00,1.14551,1.14718,1.13596,1.13721,353955
2018-11-21 00:00:00+00:00,1.13724,1.1422,1.13663,1.13885,350830
2018-11-22 00:00:00+00:00,1.13884,1.14321,1.13858,1.14028,226758
2018-11-23 00:00:00+00:00,1.14017,1.14187,1.13276,1.13357,275503
2018-11-25 00:00:00+00:00,1.13396,1.13396,1.13328,1.13375,8423
2018-11-26 00:00:00+00:00,1.13386,1.13821,1.13251,1.13331,277054
2018-11-27 00:00:00+00:00,1.13338,1.13436,1.12777,1.12971,338700
2018-11-28 00:00:00+00:00,1.12961,1.13873,1.12685,1.13676,379008
2018-11-29 00:00:00+00:00,1.1366,1.1401,1.13498,1.13926,344976
2018-11-30 00:00:00+00:00,1.13919,1.14002,1.13062,1.13181,306891
2018-12-02 00:00:00+00:00,1.13492,1.13494,1.13285,1.13421,9731
2018-12-03 00:00:00+00:00,1.13413,1.13787,1.13198,1.13542,297775
2018-12-04 00:00:00+00:00,1.13538,1.14174,1.13188,1.13424,390776
2018-12-05 00:00:00+00:00,1.13431,1.13605,1.13171,1.13488,182127
2018-12-06 00:00:00+00:00,1.13463,1.141,1.13228,1.13759,427651
2018-12-07 00:00:00+00:00,1.13766,1.14226,1.13609,1.1393,352022
2018-12-09 00:00:00+00:00,1.13905,1.14059,1.13905,1.13997,14211
2018-12-10 00:00:00+00:00,1.14032,1.14416,1.13505,1.13559,402351
2018-12-11 00:00:00+00:00,1.13548,1.13999,1.13067,1.13216,359709
2018-12-12 00:00:00+00:00,1.13223,1.13861,1.13156,1.13726,373641
2018-12-13 00:00:00+00:00,1.13726,1.13914,1.1332,1.13629,332252
2018-12-14 00:00:00+00:00,1.13629,1.13635,1.12706,1.13032,296373
2018-12-16 00:00:00+00:00,1.13018,1.13081,1.13018,1.1305,26288
2018-12-17 00:00:00+00:00,1.13065,1.13575,1.13045,1.13494,261006
2018-12-18 00:00:00+00:00,1.13495,1.14012,1.13382,1.13757,280394
2018-12-19 00:00:00+00:00,1.1375,1.1439,1.13644,1.13865,403459
2018-12-20 00:00:00+00:00,1.13869,1.14846,1.13773,1.14565,420659
2018-12-21 00:00:00+00:00,1.14571,1.14733,1.13563,1.13695,352880
2018-12-23 00:00:00+00:00,1.13686,1.13738,1.13608,1.13722,7867
2018-12-24 00:00:00+00:00,1.13716,1.14378,1.13716,1.13996,253038
2018-12-26 00:00:00+00:00,1.13989,1.14124,1.13432,1.13604,173522
2018-12-27 00:00:00+00:00,1.13593,1.14534,1.13588,1.14305,427791
2018-12-28 00:00:00+00:00,1.14304,1.14722,1.14304,1.14403,332115
2018-12-30 00:00:00+00:00,1.1433,1.14404,1.1433,1.14391,4731
2018-12-31 00:00:00+00:00,1.14392,1.14658,1.14219,1.14449,230022
2019-01-02 00:00:00+00:00,1.14565,1.14961,1.13123,1.13123,371875
2019-01-03 00:00:00+00:00,1.13174,1.141,1.13174,1.139,463323
2019-01-04 00:00:00+00:00,1.13914,1.14185,1.1348,1.13969,386741
2019-01-06 00:00:00+00:00,1.13949,1.14126,1.13949,1.14103,8263
2019-01-07 00:00:00+00:00,1.14101,1.14814,1.14048,1.1479,275591
2019-01-08 00:00:00+00:00,1.14787,1.14845,1.14227,1.14574,286286
2019-01-09 00:00:00+00:00,1.14561,1.15545,1.14424,1.15543,403748
2019-01-10 00:00:00+00:00,1.15545,1.15697,1.14853,1.15082,356971
2019-01-11 00:00:00+00:00,1.15151,1.15383,1.14582,1.14683,324781
2019-01-13 00:00:00+00:00,1.14579,1.14678,1.14579,1.14597,5003
2019-01-14 00:00:00+00:00,1.14628,1.14816,1.14526,1.14727,289949
2019-01-15 00:00:00+00:00,1.14728,1.14891,1.1383,1.14142,388552
2019-01-16 00:00:00+00:00,1.14136,1.14243,1.13781,1.13995,297703
2019-01-17 00:00:00+00:00,1.13978,1.14056,1.13713,1.13923,316086
2019-01-18 00:00:00+00:00,1.1392,1.14096,1.13537,1.13617,272242
2019-01-20 00:00:00+00:00,1.13599,1.13681,1.13599,1.13654,4027
2019-01-21 00:00:00+00:00,1.13653,1.13883,1.13574,1.13688,186094
2019-01-22 00:00:00+00:00,1.13689,1.13727,1.13385,1.13633,253588
2019-01-23 00:00:00+00:00,1.13633,1.1394,1.1352,1.13861,273879
2019-01-24 00:00:00+00:00,1.13866,1.13907,1.12898,1.13127,436024
2019-01-25 00:00:00+00:00,1.13083,1.14165,1.13053,1.14058,353109
2019-01-27 00:00:00+00:00,1.14002,1.14129,1.14002,1.14129,6300
2019-01-28 00:00:00+00:00,1.14121,1.14435,1.13924,1.14295,261901
2019-01-29 00:00:00+00:00,1.14301,1.14499,1.1413,1.1435,340841
2019-01-30 00:00:00+00:00,1.14346,1.14994,1.14081,1.14852,369419
2019-01-31 00:00:00+00:00,1.14852,1.15133,1.14369,1.14482,361953
2019-02-01 00:00:00+00:00,1.14485,1.14856,1.14349,1.1454,307405
2019-02-03 00:00:00+00:00,1.14496,1.14578,1.14496,1.14545,5800
2019-02-04 00:00:00+00:00,1.14569,1.14598,1.14247,1.14352,249454
2019-02-05 00:00:00+00:00,1.14353,1.14401,1.14014,1.14087,244973
2019-02-06 00:00:00+00:00,1.14077,1.14086,1.13609,1.13656,230752
2019-02-07 00:00:00+00:00,1.13658,1.13675,1.13255,1.13381,250054
2019-02-08 00:00:00+00:00,1.13399,1.13501,1.13203,1.13203,195238
2019-02-10 00:00:00+00:00,1.13167,1.13249,1.13137,1.13238,6243
2019-02-11 00:00:00+00:00,1.13238,1.13299,1.12682,1.12785,218688
2019-02-12 00:00:00+00:00,1.12785,1.13395,1.1258,1.13337,231911
2019-02-13 00:00:00+00:00,1.13318,1.13414,1.125,1.12646,240248
2019-02-14 00:00:00+00:00,1.12636,1.13073,1.125,1.12948,295110
2019-02-15 00:00:00+00:00,1.12938,1.13059,1.12342,1.12909,259837
2019-02-17 00:00:00+00:00,1.12918,1.12958,1.12891,1.1295,3461
2019-02-18 00:00:00+00:00,1.12942,1.13333,1.12942,1.13117,152413
2019-02-19 00:00:00+00:00,1.13108,1.13558,1.1276,1.13399,274681
2019-02-20 00:00:00+00:00,1.13411,1.13705,1.1326,1.13463,271060
2019-02-21 00:00:00+00:00,1.13463,1.13659,1.13224,1.13398,316882
2019-02-22 00:00:00+00:00,1.13393,1.13549,1.13168,1.13307,234834
2019-02-24 00:00:00+00:00,1.13343,1.13422,1.1327,1.13422,7417
2019-02-25 00:00:00+00:00,1.13393,1.13671,1.13372,1.13648,229348
2019-02-26 00:00:00+00:00,1.13614,1.14018,1.13462,1.13931,270362
2019-02-27 00:00:00+00:00,1.13942,1.14018,1.13628,1.13796,269840
2019-02-28 00:00:00+00:00,1.13773,1.1419,1.13608,1.13731,315534
2019-03-01 00:00:00+00:00,1.13717,1.14072,1.13536,1.13628,276365
2019-03-03 00:00:00+00:00,1.13808,1.13808,1.13722,1.1375,7393
2019-03-04 00:00:00+00:00,1.13742,1.13742,1.13094,1.13364,231128
2019-03-05 00:00:00+00:00,1.13374,1.13381,1.12904,1.13059,253966
2019-03-06 00:00:00+00:00,1.13043,1.13241,1.129,1.13129,219740
2019-03-07 00:00:00+00:00,1.13118,1.13199,1.11775,1.11981,336786
2019-03-08 00:00:00+00:00,1.11971,1.12456,1.11853,1.12316,289507
2019-03-10 00:00:00+00:00,1.12312,1.12374,1.12307,1.12316,4450
2019-03-11 00:00:00+00:00,1.12304,1.12696,1.12223,1.12593,253905
2019-03-12 00:00:00+00:00,1.12573,1.13047,1.12507,1.12865,296641
2019-03-13 00:00:00+00:00,1.12868,1.13376,1.12784,1.13304,240327
2019-03-14 00:00:00+00:00,1.13315,1.13349,1.12948,1.13065,264641
2019-03-15 00:00:00+00:00,1.13072,1.13442,1.13012,1.13241,204224
2019-03-17 00:00:00+00:00,1.13203,1.13274,1.13191,1.13193,12534
2019-03-18 00:00:00+00:00,1.13195,1.13587,1.13194,1.13361,189213
2019-03-19 00:00:00+00:00,1.13349,1.13613,1.13339,1.13543,201025
2019-03-20 00:00:00+00:00,1.1354,1.14465,1.13361,1.14284,313269
2019-03-21 00:00:00+00:00,1.14295,1.1437,1.13436,1.13738,317215
2019-03-22 00:00:00+00:00,1.13726,1.13901,1.12742,1.12999,356760
2019-03-24 00:00:00+00:00,1.12933,1.12984,1.12908,1.12956,10985
2019-03-25 00:00:00+00:00,1.12947,1.13307,1.1289,1.13152,254667
2019-03-26 00:00:00+00:00,1.13134,1.13255,1.12634,1.1274,258014
2019-03-27 00:00:00+00:00,1.1274,1.12851,1.1243,1.12522,336096
2019-03-28 00:00:00+00:00,1.12509,1.12608,1.12145,1.12299,298691
2019-03-29 00:00:00+00:00,1.12289,1.12444,1.12103,1.12172,290352
2019-03-31 00:00:00+00:00,1.12275,1.123,1.12204,1.12233,5863
2019-04-01 00:00:00+00:00,1.1223,1.12493,1.1199,1.12051,267163
2019-04-02 00:00:00+00:00,1.12055,1.12129,1.11842,1.12033,235920
2019-04-03 00:00:00+00:00,1.12023,1.12543,1.1202,1.12447,235483
2019-04-04 00:00:00+00:00,1.12448,1.12475,1.12088,1.12223,205246
2019-04-05 00:00:00+00:00,1.1223,1.12415,1.1211,1.12146,179707
2019-04-07 00:00:00+00:00,1.12161,1.12202,1.12122,1.12182,5726
2019-04-08 00:00:00+00:00,1.12184,1.12736,1.12149,1.12558,171795
2019-04-09 00:00:00+00:00,1.12559,1.12841,1.12559,1.12656,186489
2019-04-10 00:00:00+00:00,1.12647,1.12808,1.12307,1.12759,219088
2019-04-11 00:00:00+00:00,1.12755,1.12874,1.12502,1.12602,188302
2019-04-12 00:00:00+00:00,1.12587,1.13234,1.12578,1.12986,188993
2019-04-14 00:00:00+00:00,1.13027,1.13064,1.1299,1.13029,5571
2019-04-15 00:00:00+00:00,1.13033,1.13203,1.12992,1.13044,170045
2019-04-16 00:00:00+00:00,1.13039,1.13137,1.12793,1.12847,236586
2019-04-17 00:00:00+00:00,1.12847,1.13232,1.12815,1.12965,199610
2019-04-18 00:00:00+00:00,1.12973,1.13036,1.12266,1.1235,245089
2019-04-19 00:00:00+00:00,1.12353,1.12476,1.12325,1.124,72315
2019-04-21 00:00:00+00:00,1.12461,1.12461,1.12378,1.12442,4658
2019-04-22 00:00:00+00:00,1.12438,1.12618,1.12363,1.12584,72910
2019-04-23 00:00:00+00:00,1.12583,1.12602,1.11922,1.12238,188858
2019-04-24 00:00:00+00:00,1.12239,1.12239,1.11414,1.11534,266557
2019-04-25 00:00:00+00:00,1.11531,1.11617,1.11206,1.11354,221408
2019-04-26 00:00:00+00:00,1.11362,1.11726,1.11246,1.11392,243511
2019-04-28 00:00:00+00:00,1.11463,1.11514,1.11451,1.11493,5128
2019-04-29 00:00:00+00:00,1.11485,1.11866,1.11452,1.1185,143078
2019-04-30 00:00:00+00:00,1.11837,1.12279,1.1176,1.12157,218407
2019-05-01 00:00:00+00:00,1.12153,1.12632,1.11884,1.12024,223395
2019-05-02 00:00:00+00:00,1.12014,1.12175,1.11703,1.1173,193810
2019-05-03 00:00:00+00:00,1.1172,1.12046,1.11406,1.12008,215642
2019-05-05 00:00:00+00:00,1.117,1.11998,1.117,1.11847,15874
2019-05-06 00:00:00+00:00,1.11867,1.12086,1.11795,1.12012,167692
2019-05-07 00:00:00+00:00,1.1201,1.12168,1.11671,1.11896,208037
2019-05-08 00:00:00+00:00,1.11891,1.12131,1.11832,1.11979,252138
2019-05-09 00:00:00+00:00,1.11972,1.12508,1.11744,1.12185,279061
2019-05-10 00:00:00+00:00,1.1218,1.12514,1.1218,1.12321,217228
2019-05-12 00:00:00+00:00,1.12312,1.1239,1.12312,1.12358,7218
2019-05-13 00:00:00+00:00,1.12359,1.12628,1.12201,1.12321,199445
2019-05-14 00:00:00+00:00,1.12321,1.12439,1.12015,1.12033,168264
2019-05-15 00:00:00+00:00,1.12034,1.12226,1.11794,1.1207,205944
2019-05-16 00:00:00+00:00,1.12063,1.1224,1.11668,1.11732,162331
2019-05-17 00:00:00+00:00,1.11745,1.11837,1.11552,1.11566,182143
2019-05-19 00:00:00+00:00,1.116,1.11664,1.11598,1.11647,5396
2019-05-20 00:00:00+00:00,1.11654,1.11747,1.11508,1.11673,141813
2019-05-21 00:00:00+00:00,1.11674,1.1183,1.11423,1.11644,184674
2019-05-22 00:00:00+00:00,1.11641,1.11795,1.1149,1.11553,139481
2019-05-23 00:00:00+00:00,1.11545,1.1186,1.11094,1.11843,189249
2019-05-24 00:00:00+00:00,1.11833,1.1212,1.11776,1.12039,135654
2019-05-26 00:00:00+00:00,1.12088,1.12115,1.12069,1.12069,3101
2019-05-27 00:00:00+00:00,1.12059,1.12152,1.11875,1.11934,63598
2019-05-28 00:00:00+00:00,1.1193,1.11972,1.11592,1.11682,154682
2019-05-29 00:00:00+00:00,1.11674,1.11722,1.11246,1.11367,167915
2019-05-30 00:00:00+00:00,1.11362,1.11428,1.11167,1.11297,131607
2019-05-31 00:00:00+00:00,1.11296,1.11784,1.11258,1.11686,205042
2019-06-02 00:00:00+00:00,1.11612,1.11742,1.11609,1.11737,7345
2019-06-03 00:00:00+00:00,1.11732,1.12616,1.11623,1.12457,211457
2019-06-04 00:00:00+00:00,1.12452,1.12759,1.12277,1.12537,230005
2019-06-05 00:00:00+00:00,1.12546,1.1304,1.12203,1.12286,261486
2019-06-06 00:00:00+00:00,1.12269,1.13081,1.1223,1.12756,276520
2019-06-07 00:00:00+00:00,1.1275,1.13472,1.12522,1.13316,223432
2019-06-09 00:00:00+00:00,1.13215,1.13297,1.1316,1.13193,6048
2019-06-10 00:00:00+00:00,1.13192,1.13243,1.12914,1.1318,134667
2019-06-11 00:00:00+00:00,1.13181,1.13372,1.13041,1.13296,181276
2019-06-12 00:00:00+00:00,1.1329,1.13429,1.12833,1.12926,184355
2019-06-13 00:00:00+00:00,1.12926,1.13035,1.12707,1.12795,158044
2019-06-14 00:00:00+00:00,1.12791,1.12884,1.1203,1.12069,188952
2019-06-16 00:00:00+00:00,1.12096,1.1217,1.12089,1.12156,4491
2019-06-17 00:00:00+00:00,1.12156,1.12434,1.12046,1.12243,121783
2019-06-18 00:00:00+00:00,1.12241,1.12426,1.1182,1.11979,281132
2019-06-19 00:00:00+00:00,1.11965,1.1252,1.11876,1.12358,258867
2019-06-20 00:00:00+00:00,1.12353,1.13148,1.12353,1.12944,296653
2019-06-21 00:00:00+00:00,1.12928,1.13773,1.12831,1.13689,262711
2019-06-23 00:00:00+00:00,1.137,1.1385,1.1366,1.1385,9009
2019-06-24 00:00:00+00:00,1.13826,1.14016,1.13729,1.13993,174190
2019-06-25 00:00:00+00:00,1.13998,1.14119,1.13454,1.13682,286325
2019-06-26 00:00:00+00:00,1.13682,1.1391,1.13479,1.13736,223513
2019-06-27 00:00:00+00:00,1.13744,1.13809,1.13479,1.13712,192187
2019-06-28 00:00:00+00:00,1.13714,1.13929,1.13516,1.13676,185794
2019-06-30 00:00:00+00:00,1.1358,1.13704,1.1358,1.13601,14636
2019-07-01 00:00:00+00:00,1.13602,1.13639,1.12807,1.12869,213462
2019-07-02 00:00:00+00:00,1.12862,1.13171,1.12755,1.12905,177376
2019-07-03 00:00:00+00:00,1.12895,1.13059,1.12692,1.12874,164256
2019-07-04 00:00:00+00:00,1.12869,1.12948,1.12737,1.12853,68227
2019-07-05 00:00:00+00:00,1.12857,1.12857,1.1208,1.12242,176769
2019-07-07 00:00:00+00:00,1.12216,1.12287,1.12216,1.12268,5027
2019-07-08 00:00:00+00:00,1.12272,1.12341,1.12073,1.12151,115884
2019-07-09 00:00:00+00:00,1.12139,1.12186,1.11944,1.12044,122833
2019-07-10 00:00:00+00:00,1.12034,1.12622,1.12019,1.12583,204413
2019-07-11 00:00:00+00:00,1.12589,1.12848,1.12462,1.12497,197590
2019-07-12 00:00:00+00:00,1.12513,1.12749,1.12398,1.12698,151141
2019-07-14 00:00:00+00:00,1.12691,1.12744,1.12636,1.1271,7914
2019-07-15 00:00:00+00:00,1.12712,1.12837,1.12541,1.12598,122759
2019-07-16 00:00:00+00:00,1.126,1.12633,1.12019,1.12117,145012
2019-07-17 00:00:00+00:00,1.12115,1.12332,1.12002,1.12273,123113
2019-07-18 00:00:00+00:00,1.12279,1.12817,1.12077,1.12611,220974
2019-07-19 00:00:00+00:00,1.12603,1.12679,1.12049,1.122,177459
2019-07-21 00:00:00+00:00,1.1217,1.12188,1.12142,1.12176,5382
2019-07-22 00:00:00+00:00,1.12175,1.12248,1.12043,1.12043,137999
2019-07-23 00:00:00+00:00,1.12045,1.1208,1.1146,1.11508,150076
2019-07-24 00:00:00+00:00,1.11504,1.11558,1.113,1.11421,155550
2019-07-25 00:00:00+00:00,1.11421,1.11869,1.11014,1.11449,255529
2019-07-26 00:00:00+00:00,1.11451,1.11504,1.11126,1.11245,129990
2019-07-28 00:00:00+00:00,1.1124,1.11324,1.11229,1.11298,3177
2019-07-29 00:00:00+00:00,1.11304,1.11504,1.11142,1.11423,120059
2019-07-30 00:00:00+00:00,1.11418,1.116,1.11327,1.11569,149787
2019-07-31 00:00:00+00:00,1.11569,1.11615,1.10616,1.10717,283842
2019-08-01 00:00:00+00:00,1.10719,1.1094,1.10273,1.1079,320668
2019-08-02 00:00:00+00:00,1.10834,1.11159,1.10708,1.1106,308895
2019-08-04 00:00:00+00:00,1.11062,1.11111,1.11046,1.11078,7135
2019-08-05 00:00:00+00:00,1.11071,1.12437,1.11071,1.12419,279681
2019-08-06 00:00:00+00:00,1.12423,1.12488,1.11701,1.12054,248808
2019-08-07 00:00:00+00:00,1.12055,1.12394,1.11802,1.12041,336781
2019-08-08 00:00:00+00:00,1.12046,1.12277,1.11787,1.11861,229082
2019-08-09 00:00:00+00:00,1.11863,1.12221,1.11836,1.11979,167120
2019-08-11 00:00:00+00:00,1.1198,1.12081,1.11966,1.12074,3386
2019-08-12 00:00:00+00:00,1.12064,1.12282,1.11625,1.12161,179314
2019-08-13 00:00:00+00:00,1.1215,1.12283,1.11703,1.11765,281850
2019-08-14 00:00:00+00:00,1.11763,1.11897,1.11313,1.1143,234438
2019-08-15 00:00:00+00:00,1.11443,1.1158,1.10926,1.11105,308593
2019-08-16 00:00:00+00:00,1.11109,1.11109,1.10665,1.10894,180345
2019-08-18 00:00:00+00:00,1.1092,1.11011,1.10902,1.1092,8499
2019-08-19 00:00:00+00:00,1.10919,1.11109,1.10764,1.10816,141039
2019-08-20 00:00:00+00:00,1.10828,1.11063,1.10669,1.10971,157512
2019-08-21 00:00:00+00:00,1.10977,1.11068,1.10819,1.10903,118947
2019-08-22 00:00:00+00:00,1.1089,1.1111,1.10637,1.10836,192940
2019-08-23 00:00:00+00:00,1.10818,1.11526,1.10521,1.11373,263859
2019-08-25 00:00:00+00:00,1.115,1.1162,1.1139,1.11434,16424
2019-08-26 00:00:00+00:00,1.11426,1.11525,1.10953,1.11015,273907
2019-08-27 00:00:00+00:00,1.11005,1.11147,1.10876,1.10894,212404
2019-08-28 00:00:00+00:00,1.10902,1.10976,1.10743,1.10856,193404
2019-08-29 00:00:00+00:00,1.10848,1.10874,1.10432,1.10591,195093
2019-08-30 00:00:00+00:00,1.10595,1.10598,1.09633,1.09875,200267
2019-09-01 00:00:00+00:00,1.09884,1.09953,1.09822,1.09903,6565
2019-09-02 00:00:00+00:00,1.09903,1.09931,1.09582,1.09642,105422
2019-09-03 00:00:00+00:00,1.09638,1.09784,1.09269,1.09726,215742
2019-09-04 00:00:00+00:00,1.09735,1.10373,1.09722,1.10347,194233
2019-09-05 00:00:00+00:00,1.10344,1.10834,1.1018,1.10341,214337
2019-09-06 00:00:00+00:00,1.10348,1.1055,1.10203,1.10249,196443
2019-09-08 00:00:00+00:00,1.10244,1.10272,1.10198,1.10203,5082
2019-09-09 00:00:00+00:00,1.10202,1.10676,1.10161,1.1047,152200
2019-09-10 00:00:00+00:00,1.10457,1.10589,1.10317,1.10501,157088
2019-09-11 00:00:00+00:00,1.10475,1.10551,1.0986,1.10135,139636
2019-09-12 00:00:00+00:00,1.1013,1.10844,1.09298,1.10562,334375
2019-09-13 00:00:00+00:00,1.10573,1.11091,1.10573,1.1072,180892
2019-09-15 00:00:00+00:00,1.10725,1.10859,1.10698,1.10831,9319
2019-09-16 00:00:00+00:00,1.10842,1.10842,1.09948,1.10032,174212
2019-09-17 00:00:00+00:00,1.10034,1.10753,1.0992,1.10739,188434
2019-09-18 00:00:00+00:00,1.10739,1.10746,1.10167,1.10293,209154
2019-09-19 00:00:00+00:00,1.10292,1.10729,1.10235,1.10447,201014
2019-09-20 00:00:00+00:00,1.10454,1.10675,1.09981,1.10171,186677
2019-09-22 00:00:00+00:00,1.10109,1.10198,1.10109,1.10186,4750
2019-09-23 00:00:00+00:00,1.1019,1.10251,1.09665,1.09939,183323
2019-09-24 00:00:00+00:00,1.09938,1.10229,1.09845,1.10136,182772
2019-09-25 00:00:00+00:00,1.10145,1.10165,1.09375,1.09512,183551
2019-09-26 00:00:00+00:00,1.09522,1.0966,1.09106,1.09223,180965
2019-09-27 00:00:00+00:00,1.09224,1.09569,1.09078,1.09404,165698
2019-09-29 00:00:00+00:00,1.094,1.09459,1.094,1.09423,4543
2019-09-30 00:00:00+00:00,1.09417,1.09474,1.08851,1.08993,160467
2019-10-01 00:00:00+00:00,1.08984,1.09422,1.08805,1.0934,205188
2019-10-02 00:00:00+00:00,1.09351,1.09632,1.09047,1.09604,168118
2019-10-03 00:00:00+00:00,1.09605,1.09987,1.09412,1.09745,197741
2019-10-04 00:00:00+00:00,1.0975,1.09889,1.09588,1.09765,177130
2019-10-06 00:00:00+00:00,1.09817,1.09837,1.0971,1.09834,4749
2019-10-07 00:00:00+00:00,1.09834,1.09984,1.09623,1.09715,137114
2019-10-08 00:00:00+00:00,1.09726,1.09953,1.09414,1.09598,192496
2019-10-09 00:00:00+00:00,1.09596,1.09898,1.0955,1.09842,151724
2019-10-10 00:00:00+00:00,1.09857,1.10328,1.09801,1.10108,212752
2019-10-11 00:00:00+00:00,1.10112,1.10626,1.10029,1.10353,246255
2019-10-13 00:00:00+00:00,1.103,1.10369,1.10254,1.10283,11237
2019-10-14 00:00:00+00:00,1.10273,1.10415,1.10145,1.10259,130886
2019-10-15 00:00:00+00:00,1.10252,1.1045,1.09914,1.10344,202364
2019-10-16 00:00:00+00:00,1.10329,1.10844,1.10231,1.10738,223450
2019-10-17 00:00:00+00:00,1.1074,1.11383,1.10654,1.11247,221339
2019-10-18 00:00:00+00:00,1.11257,1.11704,1.11147,1.11696,136302
2019-10-20 00:00:00+00:00,1.116,1.11627,1.11507,1.11559,12310
2019-10-21 00:00:00+00:00,1.11554,1.11784,1.114,1.11516,132381
2019-10-22 00:00:00+00:00,1.11516,1.11568,1.11194,1.1129,159895
2019-10-23 00:00:00+00:00,1.11291,1.11384,1.11071,1.11321,126866
2019-10-24 00:00:00+00:00,1.11321,1.11614,1.10931,1.11035,178461
2019-10-25 00:00:00+00:00,1.11036,1.11226,1.10736,1.1079,109065
2019-10-27 00:00:00+00:00,1.108,1.10839,1.10781,1.10839,7440
2019-10-28 00:00:00+00:00,1.10837,1.11061,1.10767,1.10982,108914
2019-10-29 00:00:00+00:00,1.10972,1.11176,1.10744,1.11121,125169
2019-10-30 00:00:00+00:00,1.11118,1.11551,1.10804,1.11522,192370
2019-10-31 00:00:00+00:00,1.11534,1.11749,1.11319,1.1156,187808
2019-11-01 00:00:00+00:00,1.11557,1.11715,1.11305,1.11646,156902
2019-11-03 00:00:00+00:00,1.11693,1.11693,1.11644,1.11662,2840
2019-11-04 00:00:00+00:00,1.11661,1.11751,1.11218,1.1128,138108
2019-11-05 00:00:00+00:00,1.11278,1.11394,1.10637,1.10739,168616
2019-11-06 00:00:00+00:00,1.10739,1.10928,1.10653,1.10701,135432
2019-11-07 00:00:00+00:00,1.10695,1.10912,1.10372,1.10523,197372
2019-11-08 00:00:00+00:00,1.10525,1.10553,1.10172,1.10178,133850
2019-11-10 00:00:00+00:00,1.10225,1.10229,1.10192,1.1022,2662
2019-11-11 00:00:00+00:00,1.10223,1.10428,1.10173,1.10348,93693
2019-11-12 00:00:00+00:00,1.10344,1.10378,1.10037,1.1012,141760
2019-11-13 00:00:00+00:00,1.10122,1.10197,1.09957,1.10096,155769
2019-11-14 00:00:00+00:00,1.10085,1.10267,1.09899,1.10199,150393
2019-11-15 00:00:00+00:00,1.10199,1.10567,1.10147,1.10492,117845
2019-11-17 00:00:00+00:00,1.10505,1.10546,1.10499,1.10539,4138
2019-11-18 00:00:00+00:00,1.1054,1.10899,1.1054,1.10722,125860
2019-11-19 00:00:00+00:00,1.10722,1.10834,1.1063,1.10779,119294
2019-11-20 00:00:00+00:00,1.10774,1.1081,1.10532,1.10779,151112
2019-11-21 00:00:00+00:00,1.10783,1.10961,1.10551,1.10657,140340
2019-11-22 00:00:00+00:00,1.10658,1.10817,1.10166,1.10181,148133
2019-11-24 00:00:00+00:00,1.10155,1.10226,1.10155,1.10226,6497
2019-11-25 00:00:00+00:00,1.10222,1.10317,1.10041,1.10105,115051
2019-11-26 00:00:00+00:00,1.10102,1.10255,1.10075,1.10221,112996
2019-11-27 00:00:00+00:00,1.10216,1.10216,1.09929,1.10049,120375
2019-11-28 00:00:00+00:00,1.10065,1.1018,1.1001,1.10113,77666
2019-11-29 00:00:00+00:00,1.10112,1.10276,1.09822,1.10154,106765
2019-12-01 00:00:00+00:00,1.10244,1.10263,1.10173,1.10184,4600
2019-12-02 00:00:00+00:00,1.10174,1.10883,1.10035,1.10761,137753
2019-12-03 00:00:00+00:00,1.10757,1.10932,1.10666,1.10818,130255
2019-12-04 00:00:00+00:00,1.10808,1.11122,1.10673,1.10827,156207
2019-12-05 00:00:00+00:00,1.10816,1.11078,1.108,1.11039,115893
2019-12-06 00:00:00+00:00,1.11041,1.11094,1.10411,1.10601,121699
2019-12-08 00:00:00+00:00,1.10572,1.10603,1.10562,1.10583,2603
2019-12-09 00:00:00+00:00,1.10579,1.10778,1.10536,1.10644,83049
2019-12-10 00:00:00+00:00,1.10636,1.10971,1.10631,1.10924,125566
2019-12-11 00:00:00+00:00,1.10934,1.11444,1.10707,1.11326,153436
2019-12-12 00:00:00+00:00,1.11326,1.11991,1.11038,1.11834,224393
2019-12-13 00:00:00+00:00,1.11829,1.11849,1.11122,1.11184,253194
2019-12-15 00:00:00+00:00,1.11265,1.11296,1.11228,1.11243,6687
2019-12-16 00:00:00+00:00,1.11246,1.11567,1.11231,1.11357,126688
2019-12-17 00:00:00+00:00,1.11369,1.11739,1.11298,1.11514,139220
2019-12-18 00:00:00+00:00,1.11505,1.11505,1.11108,1.11155,130670
2019-12-19 00:00:00+00:00,1.11155,1.1144,1.11084,1.11232,136367
2019-12-20 00:00:00+00:00,1.11227,1.11237,1.10666,1.10753,114833
2019-12-22 00:00:00+00:00,1.10805,1.10808,1.10768,1.10804,3592
2019-12-23 00:00:00+00:00,1.10799,1.10956,1.10701,1.1092,108418
2019-12-24 00:00:00+00:00,1.10928,1.10938,1.10698,1.10847,78758
2019-12-26 00:00:00+00:00,1.10862,1.11088,1.10825,1.11012,43631
2019-12-27 00:00:00+00:00,1.11006,1.11874,1.10993,1.11756,151907
2019-12-29 00:00:00+00:00,1.11751,1.11839,1.11729,1.11813,5395
2019-12-30 00:00:00+00:00,1.11807,1.12202,1.11807,1.12013,148520
2019-12-31 00:00:00+00:00,1.12014,1.1239,1.12004,1.12223,128329
2020-01-02 00:00:00+00:00,1.12078,1.12137,1.11637,1.11709,131118
2020-01-03 00:00:00+00:00,1.117,1.11798,1.11253,1.1156,171329
2020-01-05 00:00:00+00:00,1.11656,1.11675,1.11591,1.11605,8797
2020-01-06 00:00:00+00:00,1.11624,1.12054,1.11574,1.11954,138336
2020-01-07 00:00:00+00:00,1.11954,1.11969,1.11337,1.11541,170395
2020-01-08 00:00:00+00:00,1.11534,1.11672,1.1103,1.11131,232656
2020-01-09 00:00:00+00:00,1.11137,1.11201,1.10946,1.11093,143447
2020-01-10 00:00:00+00:00,1.11083,1.11288,1.10866,1.11175,132457
2020-01-12 00:00:00+00:00,1.1116,1.11203,1.11147,1.11163,3019
2020-01-13 00:00:00+00:00,1.11166,1.11459,1.11127,1.11346,106080
2020-01-14 00:00:00+00:00,1.11346,1.11445,1.11055,1.11276,141418
2020-01-15 00:00:00+00:00,1.11276,1.11628,1.11196,1.11525,125751
2020-01-16 00:00:00+00:00,1.11525,1.11712,1.11291,1.11369,128701
2020-01-17 00:00:00+00:00,1.11362,1.11424,1.1087,1.10883,120626
2020-01-19 00:00:00+00:00,1.10906,1.10946,1.10892,1.10945,4696
2020-01-20 00:00:00+00:00,1.10945,1.11023,1.10771,1.10962,80754
2020-01-21 00:00:00+00:00,1.10967,1.11177,1.10813,1.10852,129862
2020-01-22 00:00:00+00:00,1.10852,1.10967,1.10716,1.10958,130876
2020-01-23 00:00:00+00:00,1.10958,1.11086,1.10366,1.10554,180331
2020-01-24 00:00:00+00:00,1.10545,1.10578,1.10207,1.10239,142086
2020-01-26 00:00:00+00:00,1.10304,1.10342,1.10245,1.10245,13086
2020-01-27 00:00:00+00:00,1.10251,1.10369,1.10098,1.10194,125043
2020-01-28 00:00:00+00:00,1.10194,1.10249,1.09987,1.10222,108944
2020-01-29 00:00:00+00:00,1.10227,1.10273,1.09925,1.10139,117393
2020-01-30 00:00:00+00:00,1.10138,1.1038,1.10077,1.10287,145944
2020-01-31 00:00:00+00:00,1.10279,1.1095,1.10173,1.10948,160184
2020-02-02 00:00:00+00:00,1.10941,1.10941,1.10821,1.10891,7425
2020-02-03 00:00:00+00:00,1.10885,1.10885,1.10433,1.10624,150402
2020-02-04 00:00:00+00:00,1.10622,1.10639,1.10329,1.10446,132861
2020-02-05 00:00:00+00:00,1.10427,1.1047,1.09938,1.10005,138793
2020-02-06 00:00:00+00:00,1.09994,1.10115,1.09648,1.09807,121916
2020-02-07 00:00:00+00:00,1.09808,1.0985,1.0942,1.09438,153566
2020-02-09 00:00:00+00:00,1.09424,1.09504,1.09421,1.09493,4850
2020-02-10 00:00:00+00:00,1.09483,1.09575,1.09089,1.09103,113460
2020-02-11 00:00:00+00:00,1.09103,1.09245,1.08944,1.0919,123869
2020-02-12 00:00:00+00:00,1.09186,1.09252,1.08663,1.08756,132604
2020-02-13 00:00:00+00:00,1.08762,1.08888,1.08356,1.08414,129864
2020-02-14 00:00:00+00:00,1.08414,1.0861,1.08294,1.08295,106934
2020-02-16 00:00:00+00:00,1.08402,1.08417,1.08351,1.08412,5446
2020-02-17 00:00:00+00:00,1.08397,1.08505,1.08294,1.08368,67283
2020-02-18 00:00:00+00:00,1.08367,1.08373,1.07869,1.07948,140251
2020-02-19 00:00:00+00:00,1.07945,1.08115,1.07828,1.08097,130278
2020-02-20 00:00:00+00:00,1.08096,1.08205,1.07799,1.07876,171271
2020-02-21 00:00:00+00:00,1.07876,1.0863,1.07875,1.08475,174287
2020-02-23 00:00:00+00:00,1.08255,1.08409,1.08227,1.08386,13400
2020-02-24 00:00:00+00:00,1.0838,1.08713,1.08089,1.08487,220420
2020-02-25 00:00:00+00:00,1.0849,1.08887,1.08304,1.08797,237599
2020-02-26 00:00:00+00:00,1.08792,1.09051,1.08556,1.08864,264197
2020-02-27 00:00:00+00:00,1.08859,1.10056,1.08859,1.09964,331932
2020-02-28 00:00:00+00:00,1.09954,1.1052,1.09532,1.1025,418397
2020-03-01 00:00:00+00:00,1.1045,1.10726,1.10399,1.10517,15939
2020-03-02 00:00:00+00:00,1.10518,1.11845,1.10371,1.11443,486022
2020-03-03 00:00:00+00:00,1.11433,1.12083,1.10979,1.11765,508934
2020-03-04 00:00:00+00:00,1.11765,1.11869,1.10961,1.11382,342232
2020-03-05 00:00:00+00:00,1.11385,1.12435,1.11197,1.12226,307025
2020-03-06 00:00:00+00:00,1.12222,1.1354,1.1212,1.12855,580791
2020-03-08 00:00:00+00:00,1.13504,1.13937,1.13359,1.13877,47807
2020-03-09 00:00:00+00:00,1.13855,1.14836,1.13573,1.13991,956777
2020-03-10 00:00:00+00:00,1.13991,1.14206,1.12749,1.13142,906044
2020-03-11 00:00:00+00:00,1.13159,1.13647,1.12518,1.12614,618205
2020-03-12 00:00:00+00:00,1.1261,1.13325,1.10594,1.11825,1065318
2020-03-13 00:00:00+00:00,1.11788,1.12203,1.10551,1.11037,867823
2020-03-15 00:00:00+00:00,1.11009,1.1199,1.11009,1.11558,96669
2020-03-16 00:00:00+00:00,1.11607,1.1236,1.10877,1.11636,1259187
2020-03-17 00:00:00+00:00,1.11628,1.11882,1.0958,1.10163,1007980
2020-03-18 00:00:00+00:00,1.1017,1.10447,1.08043,1.09439,1200265
2020-03-19 00:00:00+00:00,1.09381,1.09471,1.06545,1.06547,1448967
2020-03-20 00:00:00+00:00,1.06561,1.08297,1.06388,1.06977,1349083
2020-03-22 00:00:00+00:00,1.07003,1.07029,1.06383,1.06892,109364
2020-03-23 00:00:00+00:00,1.06918,1.08248,1.06594,1.07634,1246945
2020-03-24 00:00:00+00:00,1.07635,1.08866,1.07462,1.07981,938242
2020-03-25 00:00:00+00:00,1.07949,1.08934,1.07638,1.08884,776095
2020-03-26 00:00:00+00:00,1.08885,1.1058,1.08762,1.10473,750376
2020-03-27 00:00:00+00:00,1.10443,1.1146,1.09567,1.1132,682882
2020-03-29 00:00:00+00:00,1.1117,1.11427,1.11059,1.11364,24013
2020-03-30 00:00:00+00:00,1.11333,1.11359,1.10116,1.10292,554462
2020-03-31 00:00:00+00:00,1.10282,1.10412,1.09294,1.10263,744437
2020-04-01 00:00:00+00:00,1.10272,1.10356,1.09037,1.09515,479079
2020-04-02 00:00:00+00:00,1.09502,1.0964,1.08218,1.08459,502066
2020-04-03 00:00:00+00:00,1.08428,1.0855,1.07756,1.08063,387014
2020-04-05 00:00:00+00:00,1.08103,1.08203,1.08049,1.08052,26232
2020-04-06 00:00:00+00:00,1.08076,1.08336,1.07709,1.07988,366246
2020-04-07 00:00:00+00:00,1.08007,1.09225,1.07906,1.08935,359821
2020-04-08 00:00:00+00:00,1.08937,1.08958,1.08313,1.08599,329059
2020-04-09 00:00:00+00:00,1.08604,1.09511,1.08414,1.09222,344905
2020-04-10 00:00:00+00:00,1.09231,1.09515,1.09197,1.09318,93054
2020-04-12 00:00:00+00:00,1.09422,1.09422,1.09308,1.09317,11236
2020-04-13 00:00:00+00:00,1.09309,1.09665,1.08929,1.09198,200260
2020-04-14 00:00:00+00:00,1.09187,1.0989,1.09153,1.09835,304404
2020-04-15 00:00:00+00:00,1.09824,1.09868,1.08575,1.09037,306897
2020-04-16 00:00:00+00:00,1.09022,1.0907,1.0817,1.08587,378549
2020-04-17 00:00:00+00:00,1.08588,1.08907,1.08127,1.08706,320567
2020-04-19 00:00:00+00:00,1.08688,1.08727,1.08637,1.08637,12486
2020-04-20 00:00:00+00:00,1.08657,1.08959,1.08422,1.08639,254201
2020-04-21 00:00:00+00:00,1.08633,1.088,1.08178,1.08563,318064
2020-04-22 00:00:00+00:00,1.08569,1.08837,1.08035,1.08062,235105
2020-04-23 00:00:00+00:00,1.08072,1.08424,1.07575,1.07745,341066
2020-04-24 00:00:00+00:00,1.07759,1.08282,1.07279,1.08216,271550
2020-04-26 00:00:00+00:00,1.08215,1.08229,1.08147,1.0821,7209
2020-04-27 00:00:00+00:00,1.0821,1.08598,1.08115,1.08247,250406
2020-04-28 00:00:00+00:00,1.08234,1.0888,1.08103,1.08327,249047
2020-04-29 00:00:00+00:00,1.08318,1.08844,1.08311,1.08773,258180
2020-04-30 00:00:00+00:00,1.08764,1.09694,1.08338,1.09449,390628
2020-05-01 00:00:00+00:00,1.09448,1.10176,1.09346,1.09788,222058
2020-05-03 00:00:00+00:00,1.09689,1.09728,1.09538,1.09609,13618
2020-05-04 00:00:00+00:00,1.09571,1.09575,1.0896,1.09033,243283
2020-05-05 00:00:00+00:00,1.09041,1.09225,1.08268,1.08386,278373
2020-05-06 00:00:00+00:00,1.08397,1.08428,1.07837,1.07981,244418
2020-05-07 00:00:00+00:00,1.07999,1.08406,1.07667,1.08361,280104
2020-05-08 00:00:00+00:00,1.0836,1.08733,1.08154,1.0835,199950
2020-05-10 00:00:00+00:00,1.0825,1.08393,1.0824,1.08378,9403
2020-05-11 00:00:00+00:00,1.08366,1.08501,1.08013,1.08093,226264
2020-05-12 00:00:00+00:00,1.08082,1.08835,1.07856,1.08455,245867
2020-05-13 00:00:00+00:00,1.0846,1.08926,1.08118,1.0821,291984
2020-05-14 00:00:00+00:00,1.0822,1.08235,1.07751,1.08062,258994
2020-05-15 00:00:00+00:00,1.08055,1.08475,1.07903,1.08171,235161
2020-05-17 00:00:00+00:00,1.08127,1.08231,1.08082,1.08187,9114
2020-05-18 00:00:00+00:00,1.08191,1.09252,1.08003,1.09141,243038
2020-05-19 00:00:00+00:00,1.09141,1.09755,1.09025,1.0926,244704
2020-05-20 00:00:00+00:00,1.09271,1.09983,1.09271,1.09798,219402
2020-05-21 00:00:00+00:00,1.09777,1.10084,1.09389,1.09492,233697
2020-05-22 00:00:00+00:00,1.0952,1.09536,1.08857,1.08986,191924
2020-05-24 00:00:00+00:00,1.08955,1.09081,1.08952,1.09079,5425
2020-05-25 00:00:00+00:00,1.09086,1.09135,1.08714,1.09017,113998
2020-05-26 00:00:00+00:00,1.09007,1.09957,1.08977,1.09785,241401
2020-05-27 00:00:00+00:00,1.09785,1.10294,1.09367,1.10167,420149
2020-05-28 00:00:00+00:00,1.10149,1.10931,1.09929,1.10781,348641
2020-05-29 00:00:00+00:00,1.10776,1.11443,1.107,1.1101,430572
2020-05-31 00:00:00+00:00,1.11151,1.11194,1.1103,1.11158,11314
2020-06-01 00:00:00+00:00,1.11141,1.11511,1.11012,1.11252,311538
2020-06-02 00:00:00+00:00,1.1125,1.11946,1.11153,1.11853,379967
2020-06-03 00:00:00+00:00,1.1185,1.12531,1.11802,1.1235,418405
2020-06-04 00:00:00+00:00,1.12353,1.13613,1.11951,1.13355,502921
2020-06-05 00:00:00+00:00,1.13366,1.13831,1.12789,1.12891,438798
2020-06-07 00:00:00+00:00,1.12931,1.13195,1.12931,1.13162,10271
2020-06-08 00:00:00+00:00,1.13136,1.13175,1.12685,1.13041,327184
2020-06-09 00:00:00+00:00,1.13025,1.13636,1.12419,1.13321,411661
2020-06-10 00:00:00+00:00,1.13338,1.14213,1.13337,1.13668,517925
2020-06-11 00:00:00+00:00,1.13689,1.14012,1.12875,1.12882,575963
2020-06-12 00:00:00+00:00,1.12893,1.13384,1.12138,1.12548,494816
2020-06-14 00:00:00+00:00,1.12341,1.12552,1.12278,1.12518,20776
2020-06-15 00:00:00+00:00,1.12523,1.13376,1.12277,1.13376,515310
2020-06-16 00:00:00+00:00,1.13388,1.13521,1.12301,1.12651,457646
2020-06-17 00:00:00+00:00,1.12641,1.12936,1.12104,1.12419,409802
2020-06-18 00:00:00+00:00,1.1242,1.12608,1.11871,1.12079,378528
2020-06-19 00:00:00+00:00,1.12062,1.1252,1.11683,1.11733,370790
2020-06-21 00:00:00+00:00,1.11832,1.1187,1.11692,1.11765,10046
2020-06-22 00:00:00+00:00,1.11783,1.12802,1.11743,1.12777,290872
2020-06-23 00:00:00+00:00,1.12781,1.13484,1.12338,1.13124,407029
2020-06-24 00:00:00+00:00,1.13137,1.13248,1.12484,1.125,373560
2020-06-25 00:00:00+00:00,1.12511,1.12588,1.11916,1.12179,406011
2020-06-26 00:00:00+00:00,1.12193,1.12391,1.11975,1.12162,267246
2020-06-28 00:00:00+00:00,1.12157,1.12269,1.12157,1.12221,6392
2020-06-29 00:00:00+00:00,1.12234,1.12877,1.12199,1.12468,277355
2020-06-30 00:00:00+00:00,1.12464,1.12609,1.11912,1.12336,328126
2020-07-01 00:00:00+00:00,1.12325,1.12745,1.11891,1.12512,317404
2020-07-02 00:00:00+00:00,1.12528,1.13014,1.12235,1.12375,314130
2020-07-03 00:00:00+00:00,1.12374,1.12503,1.122,1.12434,239729
2020-07-05 00:00:00+00:00,1.12408,1.12493,1.12408,1.12467,4965
2020-07-06 00:00:00+00:00,1.12483,1.13447,1.12483,1.13125,269240
2020-07-07 00:00:00+00:00,1.13101,1.13316,1.12606,1.12746,296620
2020-07-08 00:00:00+00:00,1.1273,1.135,1.12642,1.13373,289309
2020-07-09 00:00:00+00:00,1.13373,1.13699,1.12806,1.12881,340209
2020-07-10 00:00:00+00:00,1.12859,1.13244,1.12565,1.12972,251415
2020-07-12 00:00:00+00:00,1.13026,1.13168,1.13024,1.13088,8754
2020-07-13 00:00:00+00:00,1.13083,1.13744,1.13031,1.13448,278404
2020-07-14 00:00:00+00:00,1.13442,1.14123,1.13266,1.14101,357538
2020-07-15 00:00:00+00:00,1.1411,1.14509,1.1392,1.1417,303866
2020-07-16 00:00:00+00:00,1.14161,1.14414,1.13717,1.1388,324319
2020-07-17 00:00:00+00:00,1.13857,1.14435,1.1378,1.14251,221901
2020-07-19 00:00:00+00:00,1.1415,1.14457,1.1415,1.14422,15399
2020-07-20 00:00:00+00:00,1.14386,1.14663,1.14063,1.14559,313050
2020-07-21 00:00:00+00:00,1.1458,1.15409,1.14259,1.15351,346728
2020-07-22 00:00:00+00:00,1.15344,1.15996,1.15097,1.15646,416721
2020-07-23 00:00:00+00:00,1.15667,1.16254,1.15407,1.15954,373333
2020-07-24 00:00:00+00:00,1.15942,1.16559,1.15817,1.16541,364669
2020-07-26 00:00:00+00:00,1.16426,1.16554,1.16416,1.16497,20460
2020-07-27 00:00:00+00:00,1.16521,1.17792,1.16521,1.17681,391737
2020-07-28 00:00:00+00:00,1.17667,1.17728,1.16988,1.17185,387197
2020-07-29 00:00:00+00:00,1.17194,1.18031,1.17147,1.17809,390468
2020-07-30 00:00:00+00:00,1.1782,1.18758,1.17318,1.18721,423883
2020-07-31 00:00:00+00:00,1.1875,1.19061,1.17647,1.17754,489047
2020-08-02 00:00:00+00:00,1.17717,1.17964,1.17711,1.17812,13473
2020-08-03 00:00:00+00:00,1.17827,1.17872,1.17005,1.17604,350239
2020-08-04 00:00:00+00:00,1.17585,1.18146,1.17217,1.18137,348416
2020-08-05 00:00:00+00:00,1.18127,1.19041,1.17998,1.18722,339884
2020-08-06 00:00:00+00:00,1.18719,1.19107,1.18211,1.18755,429783
2020-08-07 00:00:00+00:00,1.18724,1.18818,1.17561,1.17832,430135
2020-08-09 00:00:00+00:00,1.17877,1.17895,1.17736,1.17812,12959
2020-08-10 00:00:00+00:00,1.1782,1.17996,1.1736,1.17361,267246
2020-08-11 00:00:00+00:00,1.17372,1.18038,1.17232,1.17349,397682
2020-08-12 00:00:00+00:00,1.17373,1.18098,1.1712,1.1794,370062
2020-08-13 00:00:00+00:00,1.17956,1.18626,1.17942,1.18157,336988
2020-08-14 00:00:00+00:00,1.18157,1.18498,1.17848,1.18405,273265
2020-08-16 00:00:00+00:00,1.18387,1.18528,1.18301,1.18521,6554
2020-08-17 00:00:00+00:00,1.18495,1.18803,1.18307,1.18747,246302
2020-08-18 00:00:00+00:00,1.18748,1.19634,1.18747,1.19464,337656
2020-08-19 00:00:00+00:00,1.1946,1.19518,1.18307,1.18438,390218
2020-08-20 00:00:00+00:00,1.18395,1.18708,1.18035,1.18695,386078
2020-08-21 00:00:00+00:00,1.18703,1.1882,1.17546,1.17939,322933
2020-08-23 00:00:00+00:00,1.17919,1.1806,1.17915,1.17983,8882
2020-08-24 00:00:00+00:00,1.17985,1.18487,1.17845,1.17936,244162
2020-08-25 00:00:00+00:00,1.17942,1.18437,1.17854,1.18341,288034
2020-08-26 00:00:00+00:00,1.18316,1.18401,1.17734,1.18401,275082
2020-08-27 00:00:00+00:00,1.1841,1.18967,1.17687,1.18206,529150
2020-08-28 00:00:00+00:00,1.18196,1.19193,1.18116,1.19029,396638
2020-08-30 00:00:00+00:00,1.1899,1.19201,1.1899,1.19172,13974
2020-08-31 00:00:00+00:00,1.19186,1.19642,1.18864,1.19367,316498
2020-09-01 00:00:00+00:00,1.19387,1.20059,1.1902,1.19227,413710
2020-09-02 00:00:00+00:00,1.19225,1.19225,1.18228,1.18458,366408
2020-09-03 00:00:00+00:00,1.18461,1.18628,1.17911,1.18414,349951
2020-09-04 00:00:00+00:00,1.18435,1.18638,1.17814,1.18356,397109
2020-09-06 00:00:00+00:00,1.18455,1.18484,1.18319,1.18344,8130
2020-09-07 00:00:00+00:00,1.18361,1.18472,1.18115,1.18187,175532
2020-09-08 00:00:00+00:00,1.18187,1.18275,1.17592,1.17667,392251
2020-09-09 00:00:00+00:00,1.17692,1.18293,1.17536,1.18037,322129
2020-09-10 00:00:00+00:00,1.18036,1.19161,1.18014,1.18234,437520
2020-09-11 00:00:00+00:00,1.18272,1.18733,1.18257,1.18436,256257
2020-09-13 00:00:00+00:00,1.18354,1.18472,1.18343,1.18405,7063
2020-09-14 00:00:00+00:00,1.18431,1.18869,1.18322,1.18671,214850
2020-09-15 00:00:00+00:00,1.18665,1.18995,1.18405,1.18421,243920
2020-09-16 00:00:00+00:00,1.18416,1.18822,1.17907,1.18045,395828
2020-09-17 00:00:00+00:00,1.18034,1.18558,1.1743,1.18469,370093
2020-09-18 00:00:00+00:00,1.18508,1.1869,1.18304,1.18374,266723
2020-09-20 00:00:00+00:00,1.18406,1.18496,1.18406,1.18455,9712
2020-09-21 00:00:00+00:00,1.18462,1.18714,1.17324,1.17627,382224
2020-09-22 00:00:00+00:00,1.17614,1.17711,1.16926,1.17062,381542
2020-09-23 00:00:00+00:00,1.1707,1.17187,1.1652,1.16567,356864
2020-09-24 00:00:00+00:00,1.16604,1.16869,1.16272,1.16736,352673
2020-09-25 00:00:00+00:00,1.16743,1.16841,1.16127,1.16279,303520
2020-09-27 00:00:00+00:00,1.16249,1.16374,1.16197,1.16342,9400
2020-09-28 00:00:00+00:00,1.16342,1.16796,1.16164,1.1677,266779
2020-09-29 00:00:00+00:00,1.16764,1.17456,1.16656,1.17416,272829
2020-09-30 00:00:00+00:00,1.17441,1.17545,1.1686,1.17232,388149
2020-10-01 00:00:00+00:00,1.17246,1.1769,1.17178,1.1744,373810
2020-10-02 00:00:00+00:00,1.17436,1.17445,1.16964,1.17138,385234
2020-10-04 00:00:00+00:00,1.17126,1.17199,1.17091,1.17195,11146
2020-10-05 00:00:00+00:00,1.17201,1.17971,1.17183,1.1789,230094
2020-10-06 00:00:00+00:00,1.17901,1.1805,1.17305,1.17372,326223
2020-10-07 00:00:00+00:00,1.17363,1.17812,1.17254,1.17657,262687
2020-10-08 00:00:00+00:00,1.17645,1.17789,1.17353,1.17668,211164
2020-10-09 00:00:00+00:00,1.1767,1.18302,1.17579,1.18291,221295
2020-10-11 00:00:00+00:00,1.18088,1.18216,1.18088,1.18158,10717
2020-10-12 00:00:00+00:00,1.18135,1.18262,1.17874,1.18129,177765
2020-10-13 00:00:00+00:00,1.18125,1.18134,1.17315,1.17421,233410
2020-10-14 00:00:00+00:00,1.17423,1.17697,1.17207,1.17446,225850
2020-10-15 00:00:00+00:00,1.17472,1.17572,1.16896,1.17065,242385
2020-10-16 00:00:00+00:00,1.17059,1.17447,1.16942,1.17133,222213
2020-10-18 00:00:00+00:00,1.17169,1.17198,1.17114,1.17155,7367
2020-10-19 00:00:00+00:00,1.17157,1.17935,1.17041,1.17684,218369
2020-10-20 00:00:00+00:00,1.17684,1.18399,1.17622,1.1829,220466
2020-10-21 00:00:00+00:00,1.18299,1.18798,1.1829,1.18517,266965
2020-10-22 00:00:00+00:00,1.18513,1.18664,1.18136,1.18146,233734
2020-10-23 00:00:00+00:00,1.18124,1.18647,1.17873,1.18573,222793
2020-11-15 00:00:00+00:00,1.18395,1.18545,1.18309,1.18517,31825
2020-11-16 00:00:00+00:00,1.18521,1.18679,1.18148,1.1859,250737
2020-11-17 00:00:00+00:00,1.1859,1.18921,1.18461,1.18682,207465
2020-11-18 00:00:00+00:00,1.18674,1.18903,1.18322,1.18471,196635
2020-11-19 00:00:00+00:00,1.18469,1.18854,1.1817,1.18846,204685
2020-11-20 00:00:00+00:00,1.18849,1.18894,1.18508,1.18555,159388
2020-11-22 00:00:00+00:00,1.18507,1.1878,1.18507,1.18731,18539
2020-11-23 00:00:00+00:00,1.18723,1.19055,1.18035,1.18541,229903
2020-11-24 00:00:00+00:00,1.18534,1.19098,1.18433,1.19043,200333
2020-11-25 00:00:00+00:00,1.19037,1.19295,1.18819,1.19243,218620
2020-11-26 00:00:00+00:00,1.19224,1.19407,1.1887,1.19245,122839
2020-11-27 00:00:00+00:00,1.19242,1.19634,1.19147,1.19624,125167
2020-11-29 00:00:00+00:00,1.19604,1.1974,1.19604,1.19681,27457
2020-11-30 00:00:00+00:00,1.19695,1.20026,1.19232,1.19576,229200
2020-12-01 00:00:00+00:00,1.19576,1.2083,1.19548,1.20751,240225
2020-12-02 00:00:00+00:00,1.20744,1.21248,1.20405,1.21174,252106
2020-12-03 00:00:00+00:00,1.21174,1.21743,1.21015,1.2142,243245
2020-12-04 00:00:00+00:00,1.21419,1.21764,1.21108,1.21212,223381
2020-12-06 00:00:00+00:00,1.21295,1.21402,1.21187,1.21325,29843
2020-12-07 00:00:00+00:00,1.2133,1.21619,1.20791,1.21144,241707
2020-12-08 00:00:00+00:00,1.21148,1.21325,1.20962,1.21289,234811
2020-12-09 00:00:00+00:00,1.21274,1.21468,1.20603,1.20993,229211
2020-12-10 00:00:00+00:00,1.20982,1.21599,1.20814,1.21555,300503
2020-12-11 00:00:00+00:00,1.21559,1.21624,1.21059,1.21097,197962
2020-12-13 00:00:00+00:00,1.21339,1.21418,1.21168,1.21332,29318
2020-12-14 00:00:00+00:00,1.21332,1.21746,1.21237,1.21466,202916
2020-12-15 00:00:00+00:00,1.21479,1.21679,1.21251,1.21647,198221
2020-12-16 00:00:00+00:00,1.21645,1.22342,1.21294,1.22251,270941
2020-12-17 00:00:00+00:00,1.22255,1.22725,1.22249,1.22408,211145
2020-12-18 00:00:00+00:00,1.22423,1.22679,1.22262,1.22524,176370
2020-12-20 00:00:00+00:00,1.22179,1.22338,1.21818,1.2191,50186
2020-12-21 00:00:00+00:00,1.2188,1.22522,1.21302,1.2223,346118
2020-12-22 00:00:00+00:00,1.22234,1.22553,1.21524,1.2188,280230
2020-12-23 00:00:00+00:00,1.21875,1.22183,1.21622,1.22046,242159
2020-12-24 00:00:00+00:00,1.2204,1.22096,1.21769,1.21794,96858
2020-12-27 00:00:00+00:00,1.21807,1.22157,1.21801,1.22103,43176
2020-12-28 00:00:00+00:00,1.22103,1.22493,1.21925,1.22397,205327
2020-12-29 00:00:00+00:00,1.22387,1.22946,1.22353,1.22851,210692
2020-12-30 00:00:00+00:00,1.22841,1.23089,1.22541,1.22867,212670
2020-12-31 00:00:00+00:00,1.22865,1.23023,1.22151,1.22157,171986
2021-01-03 00:00:00+00:00,1.22399,1.22523,1.22279,1.22499,10269
2021-01-04 00:00:00+00:00,1.2249,1.23079,1.22395,1.22526,320210
2021-01-05 00:00:00+00:00,1.22522,1.23045,1.22478,1.22986,289535
2021-01-06 00:00:00+00:00,1.2299,1.23488,1.22674,1.23383,450661
2021-01-07 00:00:00+00:00,1.23374,1.23438,1.22454,1.22689,340378
2021-01-08 00:00:00+00:00,1.2267,1.22807,1.2193,1.22172,141575
2021-01-09 00:00:00+00:00,1.2216,1.2221,1.2216,1.2221,2
2021-01-10 00:00:00+00:00,1.22108,1.22196,1.21835,1.21868,3887
2021-01-11 00:00:00+00:00,1.21857,1.21988,1.21332,1.21605,124853
2021-01-12 00:00:00+00:00,1.21584,1.2209,1.21385,1.22085,118059
2021-01-13 00:00:00+00:00,1.22094,1.22205,1.21401,1.21618,109414
2021-01-14 00:00:00+00:00,1.21602,1.21772,1.21116,1.21507,119256
2021-01-15 00:00:00+00:00,1.21507,1.21618,1.20734,1.2075,103052
2021-01-16 00:00:00+00:00,1.2075,1.2075,1.2075,1.2075,1
2021-01-17 00:00:00+00:00,1.20836,1.20854,1.20661,1.20661,3662
2021-01-18 00:00:00+00:00,1.20661,1.20858,1.2053,1.2077,92336
2021-01-19 00:00:00+00:00,1.20783,1.21445,1.20783,1.21386,94415
2021-01-20 00:00:00+00:00,1.2134,1.2157,1.20774,1.2115,100817
2021-01-21 00:00:00+00:00,1.2114,1.217,1.2109,1.21655,101885
2021-01-22 00:00:00+00:00,1.21649,1.21879,1.21134,1.21134,92392
2021-01-24 00:00:00+00:00,1.21669,1.21715,1.21606,1.2167,2237
2021-01-25 00:00:00+00:00,1.21685,1.21827,1.21164,1.21426,103548
2021-01-26 00:00:00+00:00,1.21414,1.21745,1.2108,1.2163,94518
2021-01-27 00:00:00+00:00,1.21624,1.21689,1.20617,1.21,127137
2021-01-28 00:00:00+00:00,1.21026,1.21409,1.2082,1.212,132903
2021-01-29 00:00:00+00:00,1.2118,1.21557,1.20945,1.2137,133202
2021-01-30 00:00:00+00:00,1.2136,1.2136,1.2136,1.2136,3
2021-01-31 00:00:00+00:00,1.2136,1.2138,1.21204,1.21225,4911
2021-02-01 00:00:00+00:00,1.21232,1.21349,1.2056,1.20676,116510
2021-02-02 00:00:00+00:00,1.20667,1.2087,1.2012,1.20365,108019
2021-02-03 00:00:00+00:00,1.2037,1.20495,1.20054,1.20404,91262
2021-02-04 00:00:00+00:00,1.20409,1.20424,1.19572,1.1964,98924
2021-02-05 00:00:00+00:00,1.19655,1.20495,1.1952,1.20401,94034
2021-02-07 00:00:00+00:00,1.20372,1.20498,1.20332,1.20482,3588
2021-02-08 00:00:00+00:00,1.20487,1.20632,1.2018,1.20514,87575
2021-02-09 00:00:00+00:00,1.20507,1.2121,1.20487,1.21162,60506
2021-02-10 00:00:00+00:00,1.2116,1.21424,1.2108,1.2118,93052
2021-02-11 00:00:00+00:00,1.21193,1.21491,1.2112,1.21304,73654
2021-02-12 00:00:00+00:00,1.21306,1.21328,1.20819,1.21182,77089
2021-02-13 00:00:00+00:00,1.2119,1.2119,1.21182,1.2119,3
2021-02-14 00:00:00+00:00,1.21159,1.2125,1.21159,1.21201,2699
2021-02-15 00:00:00+00:00,1.21204,1.21443,1.2116,1.21321,68545
2021-02-16 00:00:00+00:00,1.21317,1.21688,1.20862,1.2088,98806
2021-02-17 00:00:00+00:00,1.2087,1.20963,1.20246,1.20453,102834
2021-02-18 00:00:00+00:00,1.20457,1.20956,1.2035,1.2091,95826
2021-02-19 00:00:00+00:00,1.20911,1.21437,1.2082,1.2109,89673
2021-02-20 00:00:00+00:00,1.2119,1.2119,1.2119,1.2119,1
2021-02-21 00:00:00+00:00,1.21097,1.21259,1.21097,1.21243,2623
2021-02-22 00:00:00+00:00,1.2122,1.21689,1.20922,1.21639,106426
2021-02-23 00:00:00+00:00,1.21644,1.21788,1.21351,1.21508,98334
2021-02-24 00:00:00+00:00,1.21508,1.21742,1.2109,1.21695,127599
2021-02-25 00:00:00+00:00,1.21688,1.22407,1.2156,1.21576,154135
2021-02-26 00:00:00+00:00,1.21619,1.21821,1.20626,1.20695,170979
2021-02-28 00:00:00+00:00,1.20665,1.20913,1.20665,1.20901,3971
2021-03-01 00:00:00+00:00,1.20885,1.21008,1.20291,1.20485,117721
2021-03-02 00:00:00+00:00,1.20479,1.20943,1.19929,1.20848,104437
2021-03-03 00:00:00+00:00,1.20842,1.211,1.2044,1.20466,119121
2021-03-04 00:00:00+00:00,1.20494,1.20626,1.19609,1.19664,153628
2021-03-05 00:00:00+00:00,1.19664,1.19682,1.19013,1.19088,154991
2021-03-07 00:00:00+00:00,1.19123,1.19308,1.19111,1.1926,4615
2021-03-08 00:00:00+00:00,1.19235,1.1931,1.1843,1.18507,90366
2021-03-09 00:00:00+00:00,1.18517,1.1915,1.1836,1.18968,81147
2021-03-10 00:00:00+00:00,1.18962,1.19295,1.1868,1.1923,93033
2021-03-11 00:00:00+00:00,1.1924,1.19897,1.1915,1.19808,112210
2021-03-12 00:00:00+00:00,1.19814,1.19879,1.191,1.19523,108721
2021-03-14 00:00:00+00:00,1.1953,1.1953,1.19431,1.19497,3468
2021-03-15 00:00:00+00:00,1.19505,1.19659,1.19127,1.1925,99461
2021-03-16 00:00:00+00:00,1.19268,1.19509,1.18839,1.19004,98961
2021-03-17 00:00:00+00:00,1.19024,1.19864,1.18869,1.1982,104763
2021-03-18 00:00:00+00:00,1.19812,1.19885,1.1906,1.19175,124102
2021-03-19 00:00:00+00:00,1.19178,1.1946,1.18751,1.1946,101687
2021-03-21 00:00:00+00:00,1.18771,1.189,1.18695,1.18833,3401
2021-03-22 00:00:00+00:00,1.18837,1.19465,1.1875,1.19321,94489
2021-03-23 00:00:00+00:00,1.19336,1.19401,1.18364,1.18396,103070
2021-03-24 00:00:00+00:00,1.18409,1.18505,1.1808,1.1813,101213
2021-03-25 00:00:00+00:00,1.18132,1.18276,1.176,1.17753,107858
2021-03-26 00:00:00+00:00,1.1777,1.1822,1.17725,1.1822,81042
2021-03-28 00:00:00+00:00,1.17903,1.17928,1.1785,1.17872,2750
2021-03-29 00:00:00+00:00,1.1787,1.1793,1.17611,1.17685,99326
2021-03-30 00:00:00+00:00,1.17685,1.17738,1.17123,1.17228,60654
2021-03-31 00:00:00+00:00,1.1722,1.17587,1.1703,1.1726,101816
2021-04-01 00:00:00+00:00,1.17284,1.1782,1.1712,1.1777,97779
2021-04-02 00:00:00+00:00,1.1777,1.1786,1.17505,1.1761,50303
2021-04-04 00:00:00+00:00,1.17477,1.17677,1.17477,1.17677,3651
2021-04-05 00:00:00+00:00,1.17656,1.182,1.1738,1.1817,74696
2021-04-06 00:00:00+00:00,1.18187,1.18774,1.17959,1.18736,110055
2021-04-07 00:00:00+00:00,1.18749,1.19136,1.186,1.1871,115815
2021-04-08 00:00:00+00:00,1.18715,1.19258,1.186,1.19152,103814
2021-04-09 00:00:00+00:00,1.19151,1.192,1.18681,1.18963,100379
2021-04-10 00:00:00+00:00,1.19,1.19,1.19,1.19,1
2021-04-11 00:00:00+00:00,1.18952,1.19035,1.18878,1.18954,2816
2021-04-12 00:00:00+00:00,1.18951,1.1919,1.18715,1.19116,101920
2021-04-13 00:00:00+00:00,1.1912,1.19553,1.18838,1.19535,116455
2021-04-14 00:00:00+00:00,1.1953,1.19868,1.1951,1.19833,109812
2021-04-15 00:00:00+00:00,1.198,1.19929,1.1957,1.19685,109104
2021-04-16 00:00:00+00:00,1.19706,1.1993,1.195,1.19816,96202
2021-04-17 00:00:00+00:00,1.1982,1.1982,1.1982,1.1982,1
2021-04-18 00:00:00+00:00,1.1984,1.1984,1.19675,1.1968,3198
2021-04-19 00:00:00+00:00,1.19674,1.20469,1.1942,1.204,115483
2021-04-20 00:00:00+00:00,1.20422,1.20784,1.2021,1.20324,115498
2021-04-21 00:00:00+00:00,1.20321,1.20426,1.19993,1.20373,101913
2021-04-22 00:00:00+00:00,1.20375,1.20683,1.19942,1.20144,122539
2021-04-23 00:00:00+00:00,1.20168,1.20995,1.2012,1.20973,100057
2021-04-24 00:00:00+00:00,1.2097,1.2097,1.2097,1.2097,1
2021-04-25 00:00:00+00:00,1.20955,1.20978,1.2089,1.2089,2650
2021-04-26 00:00:00+00:00,1.20889,1.21163,1.2062,1.20795,103022
2021-04-27 00:00:00+00:00,1.2079,1.2092,1.2057,1.2088,99615
2021-04-28 00:00:00+00:00,1.20881,1.2135,1.20569,1.2134,120824
2021-04-29 00:00:00+00:00,1.21354,1.21488,1.21035,1.2125,112005
2021-04-30 00:00:00+00:00,1.21244,1.21261,1.20127,1.20167,110989
2021-05-01 00:00:00+00:00,1.202,1.202,1.202,1.202,1
2021-05-02 00:00:00+00:00,1.20213,1.20335,1.20213,1.2025,2021
2021-05-03 00:00:00+00:00,1.20246,1.20754,1.2014,1.20589,98623
2021-05-04 00:00:00+00:00,1.20594,1.20594,1.19993,1.20142,117055
2021-05-05 00:00:00+00:00,1.2012,1.2027,1.1986,1.20075,103938
2021-05-06 00:00:00+00:00,1.2006,1.20698,1.19933,1.20652,116685
2021-05-07 00:00:00+00:00,1.20655,1.21708,1.20529,1.21634,123629
2021-05-08 00:00:00+00:00,1.2163,1.2163,1.2161,1.2161,2
2021-05-09 00:00:00+00:00,1.21616,1.21763,1.21559,1.21703,3334
2021-05-10 00:00:00+00:00,1.21665,1.21745,1.2127,1.21403,125610
2021-05-11 00:00:00+00:00,1.21411,1.21796,1.2122,1.21439,135806
2021-05-12 00:00:00+00:00,1.21449,1.21476,1.2065,1.2076,150846
2021-05-13 00:00:00+00:00,1.20764,1.21049,1.20525,1.20766,149781
2021-05-14 00:00:00+00:00,1.20767,1.21471,1.207,1.21446,120630
2021-05-16 00:00:00+00:00,1.21439,1.2151,1.21392,1.21494,2181
2021-05-17 00:00:00+00:00,1.21468,1.21683,1.2126,1.21577,121359
2021-05-18 00:00:00+00:00,1.21575,1.22308,1.2154,1.22221,103540
2021-05-19 00:00:00+00:00,1.22232,1.22447,1.21613,1.21702,151433
2021-05-20 00:00:00+00:00,1.21704,1.223,1.21704,1.22247,124437
2021-05-21 00:00:00+00:00,1.22252,1.22391,1.21621,1.2179,123275
2021-05-24 00:00:00+00:00,1.221,1.22296,1.22037,1.22139,42538
2021-05-25 00:00:00+00:00,1.22138,1.22658,1.2211,1.2246,125113
2021-05-26 00:00:00+00:00,1.22469,1.22627,1.21826,1.21918,119759
2021-05-27 00:00:00+00:00,1.21896,1.22141,1.2174,1.2191,123739
2021-05-28 00:00:00+00:00,1.21922,1.22047,1.21327,1.21921,114657
2021-05-30 00:00:00+00:00,1.2191,1.21998,1.2178,1.2189,1795
2021-05-31 00:00:00+00:00,1.219,1.2235,1.2183,1.22322,82920
2021-06-01 00:00:00+00:00,1.22334,1.22538,1.2211,1.22165,107656
2021-06-02 00:00:00+00:00,1.22177,1.22264,1.2164,1.22093,110668
2021-06-03 00:00:00+00:00,1.221,1.22135,1.21189,1.213,113808
2021-06-04 00:00:00+00:00,1.21281,1.2184,1.2104,1.21648,109302
2021-06-06 00:00:00+00:00,1.21656,1.21672,1.21564,1.2165,1791
2021-06-07 00:00:00+00:00,1.2165,1.22016,1.21451,1.2188,97815
2021-06-08 00:00:00+00:00,1.21892,1.2194,1.21659,1.21725,105401
2021-06-09 00:00:00+00:00,1.21706,1.22165,1.21706,1.21785,91115
2021-06-10 00:00:00+00:00,1.2176,1.2191,1.21442,1.21725,93818
2021-06-11 00:00:00+00:00,1.21749,1.21927,1.2093,1.2105,99073
2021-06-13 00:00:00+00:00,1.20704,1.21113,1.20704,1.21091,2408
2021-06-14 00:00:00+00:00,1.21099,1.21298,1.2094,1.21215,91891
2021-06-15 00:00:00+00:00,1.212,1.2147,1.21023,1.21246,99328
2021-06-16 00:00:00+00:00,1.2123,1.2134,1.1987,1.1995,127465
2021-06-17 00:00:00+00:00,1.19913,1.20057,1.18922,1.1912,158417
2021-06-18 00:00:00+00:00,1.19126,1.19247,1.18486,1.18585,155856
2021-06-20 00:00:00+00:00,1.18619,1.1875,1.1854,1.1869,3049
2021-06-21 00:00:00+00:00,1.18682,1.19206,1.1848,1.1912,148958
2021-06-22 00:00:00+00:00,1.19109,1.19524,1.188,1.19362,128347
2021-06-23 00:00:00+00:00,1.19366,1.19696,1.19152,1.19288,124771
2021-06-24 00:00:00+00:00,1.19301,1.19563,1.1918,1.1927,120297
2021-06-25 00:00:00+00:00,1.19274,1.1974,1.1925,1.1936,106611
2021-06-27 00:00:00+00:00,1.1932,1.19414,1.19293,1.1941,2234
2021-06-28 00:00:00+00:00,1.1938,1.19381,1.192,1.19269,48474
2021-06-29 00:00:00+00:00,1.19285,1.19287,1.1879,1.19003,114607
2021-06-30 00:00:00+00:00,1.18987,1.19089,1.1845,1.1857,125223
2021-07-01 00:00:00+00:00,1.18552,1.18834,1.18377,1.18455,122927
2021-07-02 00:00:00+00:00,1.18462,1.18735,1.18175,1.18603,121209
2021-07-03 00:00:00+00:00,1.1864,1.1864,1.1864,1.1864,1
2021-07-04 00:00:00+00:00,1.18632,1.18669,1.1854,1.18553,2134
2021-07-05 00:00:00+00:00,1.18549,1.18797,1.185,1.1864,93117
2021-07-06 00:00:00+00:00,1.18613,1.18943,1.18089,1.1822,134292
2021-07-07 00:00:00+00:00,1.18197,1.18352,1.17824,1.1793,128811
2021-07-08 00:00:00+00:00,1.1793,1.18662,1.1783,1.18463,153439
2021-07-09 00:00:00+00:00,1.18463,1.18804,1.18245,1.18772,119664
2021-07-10 00:00:00+00:00,1.1876,1.1876,1.1876,1.1876,1
2021-07-11 00:00:00+00:00,1.18665,1.18756,1.18665,1.18715,1258
2021-07-12 00:00:00+00:00,1.187,1.18793,1.18361,1.1862,76616
2021-07-13 00:00:00+00:00,1.1863,1.18748,1.1771,1.17749,122064
2021-07-14 00:00:00+00:00,1.17739,1.18381,1.17719,1.18327,124829
2021-07-15 00:00:00+00:00,1.18325,1.18501,1.17965,1.18111,127641
2021-07-16 00:00:00+00:00,1.18125,1.18217,1.1791,1.1803,119267
2021-07-17 00:00:00+00:00,1.1806,1.1806,1.1806,1.1806,1
2021-07-18 00:00:00+00:00,1.18039,1.18132,1.18032,1.1811,2312
2021-07-19 00:00:00+00:00,1.18106,1.1822,1.1763,1.17919,147570
2021-07-20 00:00:00+00:00,1.17903,1.18016,1.17565,1.1781,142017
2021-07-21 00:00:00+00:00,1.17814,1.18044,1.1753,1.1792,119672
2021-07-22 00:00:00+00:00,1.1792,1.18296,1.1757,1.17721,125329
2021-07-23 00:00:00+00:00,1.17728,1.17853,1.17552,1.17714,100944
2021-07-24 00:00:00+00:00,1.1772,1.1772,1.1771,1.1771,2
2021-07-25 00:00:00+00:00,1.17699,1.17742,1.17648,1.17725,1638
2021-07-26 00:00:00+00:00,1.17721,1.18163,1.17638,1.18048,116574
2021-07-27 00:00:00+00:00,1.18041,1.18409,1.17707,1.18204,122878
2021-07-28 00:00:00+00:00,1.18223,1.18494,1.1778,1.1844,128629
2021-07-29 00:00:00+00:00,1.1846,1.18943,1.184,1.189,110029
2021-07-30 00:00:00+00:00,1.1888,1.19075,1.1852,1.1869,113337
2021-08-01 00:00:00+00:00,1.18663,1.18687,1.18576,1.18657,1740
2021-08-02 00:00:00+00:00,1.18645,1.18957,1.1859,1.18736,108073
2021-08-03 00:00:00+00:00,1.1874,1.1893,1.1854,1.18691,108742
2021-08-04 00:00:00+00:00,1.18685,1.18995,1.18336,1.18371,102031
2021-08-05 00:00:00+00:00,1.1838,1.18557,1.1829,1.1831,102358
2021-08-06 00:00:00+00:00,1.1832,1.1833,1.17544,1.17606,96470
2021-08-07 00:00:00+00:00,1.176,1.176,1.176,1.176,1
2021-08-08 00:00:00+00:00,1.17533,1.17591,1.17423,1.1747,4054
2021-08-09 00:00:00+00:00,1.1746,1.17687,1.1734,1.1736,101093
2021-08-10 00:00:00+00:00,1.17357,1.17424,1.171,1.17196,94635
2021-08-11 00:00:00+00:00,1.17192,1.17521,1.17058,1.17417,94369
2021-08-12 00:00:00+00:00,1.17411,1.17477,1.1723,1.17355,85082
2021-08-13 00:00:00+00:00,1.17355,1.18035,1.1729,1.179,77404
2021-08-15 00:00:00+00:00,1.1794,1.18003,1.17831,1.1792,1699
2021-08-16 00:00:00+00:00,1.17955,1.18,1.17677,1.1776,87843
2021-08-17 00:00:00+00:00,1.17777,1.17831,1.1701,1.17091,107242
2021-08-18 00:00:00+00:00,1.17089,1.17347,1.1695,1.17026,105776
2021-08-19 00:00:00+00:00,1.17033,1.17037,1.1667,1.16764,121120
2021-08-20 00:00:00+00:00,1.16765,1.17043,1.16647,1.16839,94205
2021-08-21 00:00:00+00:00,1.16879,1.16879,1.16879,1.16879,1
2021-08-22 00:00:00+00:00,1.16939,1.16999,1.16822,1.16964,2177
2021-08-23 00:00:00+00:00,1.16989,1.17499,1.16949,1.1743,99995
2021-08-24 00:00:00+00:00,1.17438,1.17645,1.1727,1.17528,86850
2021-08-25 00:00:00+00:00,1.17543,1.17739,1.17279,1.1771,97329
2021-08-26 00:00:00+00:00,1.177,1.17788,1.17472,1.1752,101387
2021-08-27 00:00:00+00:00,1.17524,1.18014,1.17353,1.1796,103228
2021-08-29 00:00:00+00:00,1.17953,1.17999,1.1786,1.1797,1739
2021-08-30 00:00:00+00:00,1.17988,1.18095,1.17838,1.17963,81104
2021-08-31 00:00:00+00:00,1.17966,1.18438,1.1794,1.1809,111977
2021-09-01 00:00:00+00:00,1.18096,1.18562,1.1794,1.184,100787
2021-09-02 00:00:00+00:00,1.18416,1.1876,1.1833,1.18739,87122
2021-09-03 00:00:00+00:00,1.18731,1.19083,1.18675,1.18784,99526
2021-09-05 00:00:00+00:00,1.18778,1.1887,1.18728,1.18852,1540
2021-09-06 00:00:00+00:00,1.1884,1.18846,1.18563,1.18733,74691
2021-09-07 00:00:00+00:00,1.18735,1.1885,1.1838,1.1843,110938
2021-09-08 00:00:00+00:00,1.18435,1.18512,1.18025,1.18189,113663
2021-09-09 00:00:00+00:00,1.18176,1.18403,1.18057,1.18231,115778
2021-09-10 00:00:00+00:00,1.18234,1.18501,1.1808,1.18137,100221
2021-09-12 00:00:00+00:00,1.18095,1.18147,1.18028,1.1811,1862
2021-09-13 00:00:00+00:00,1.17936,1.18169,1.17922,1.181,40888
2021-09-14 00:00:00+00:00,1.18106,1.18441,1.1799,1.1803,114474
2021-09-15 00:00:00+00:00,1.18031,1.18312,1.18,1.1818,110914
2021-09-16 00:00:00+00:00,1.18189,1.18201,1.17513,1.1767,114840
2021-09-17 00:00:00+00:00,1.1766,1.17883,1.17223,1.17223,109809
2021-09-19 00:00:00+00:00,1.1724,1.1731,1.17224,1.17289,2497
2021-09-20 00:00:00+00:00,1.17274,1.1736,1.17003,1.17269,114133
2021-09-21 00:00:00+00:00,1.17252,1.17482,1.17152,1.17227,111881
2021-09-22 00:00:00+00:00,1.1723,1.17525,1.16868,1.16872,127679
2021-09-23 00:00:00+00:00,1.16884,1.17498,1.1683,1.17396,121838
2021-09-24 00:00:00+00:00,1.1741,1.1747,1.17011,1.17199,98439
2021-09-26 00:00:00+00:00,1.17194,1.17271,1.17155,1.17216,1983
2021-09-27 00:00:00+00:00,1.17207,1.1725,1.16849,1.16948,112310
2021-09-28 00:00:00+00:00,1.16956,1.17031,1.16692,1.16861,135676
2021-09-29 00:00:00+00:00,1.16862,1.16899,1.159,1.1599,133585
2021-09-30 00:00:00+00:00,1.16009,1.16096,1.1562,1.15735,140712
2021-10-01 00:00:00+00:00,1.15762,1.16067,1.15632,1.1591,131070
2021-10-03 00:00:00+00:00,1.1593,1.16103,1.15888,1.16062,2942
2021-10-04 00:00:00+00:00,1.1607,1.1639,1.1587,1.1617,111472
2021-10-05 00:00:00+00:00,1.16159,1.16196,1.15811,1.15954,106984
2021-10-06 00:00:00+00:00,1.15948,1.15975,1.15296,1.15551,126534
2021-10-07 00:00:00+00:00,1.1555,1.15711,1.15484,1.1558,100923
2021-10-08 00:00:00+00:00,1.1559,1.15837,1.15414,1.15705,101613
2021-10-09 00:00:00+00:00,1.1569,1.1569,1.1569,1.1569,1
2021-10-10 00:00:00+00:00,1.15622,1.15813,1.15622,1.1565,2284
2021-10-11 00:00:00+00:00,1.1565,1.1586,1.1547,1.1553,92047
2021-10-12 00:00:00+00:00,1.15527,1.15695,1.15205,1.15302,104910
2021-10-13 00:00:00+00:00,1.15301,1.15994,1.1528,1.15958,80152
2021-10-14 00:00:00+00:00,1.15971,1.16238,1.1582,1.15901,94240
2021-10-15 00:00:00+00:00,1.159,1.16183,1.1586,1.15994,98800
2021-10-17 00:00:00+00:00,1.15919,1.16034,1.15895,1.1596,3518
2021-10-18 00:00:00+00:00,1.15949,1.1623,1.1572,1.1613,78168
2021-10-19 00:00:00+00:00,1.16138,1.16686,1.1613,1.163,76018
2021-10-20 00:00:00+00:00,1.1631,1.16579,1.1615,1.16524,77370
2021-10-21 00:00:00+00:00,1.16516,1.16667,1.1618,1.16248,108722
2021-10-22 00:00:00+00:00,1.16254,1.16536,1.1622,1.16437,105219
2021-10-23 00:00:00+00:00,1.1643,1.1643,1.1641,1.1641,2
2021-10-24 00:00:00+00:00,1.16325,1.16447,1.16325,1.1637,2165
2021-10-25 00:00:00+00:00,1.16402,1.1665,1.1591,1.1607,104692
2021-10-26 00:00:00+00:00,1.161,1.1625,1.1584,1.1595,101129
2021-10-27 00:00:00+00:00,1.15971,1.16243,1.15852,1.15981,117663
2021-10-28 00:00:00+00:00,1.15988,1.16908,1.1582,1.1682,139836
2021-10-29 00:00:00+00:00,1.1683,1.16898,1.15354,1.1547,125520
2021-10-31 00:00:00+00:00,1.15596,1.1563,1.1555,1.15559,2632
2021-11-01 00:00:00+00:00,1.15587,1.16085,1.1544,1.15995,114295
2021-11-02 00:00:00+00:00,1.16014,1.16126,1.1575,1.15791,109941
2021-11-03 00:00:00+00:00,1.15789,1.16164,1.1562,1.1614,120126
2021-11-04 00:00:00+00:00,1.16153,1.16154,1.15285,1.15544,120690
2021-11-05 00:00:00+00:00,1.15553,1.1573,1.15135,1.155,116895
2021-11-07 00:00:00+00:00,1.15542,1.15692,1.15522,1.15677,3080
2021-11-08 00:00:00+00:00,1.15674,1.15948,1.1551,1.1587,100910
2021-11-09 00:00:00+00:00,1.1588,1.16074,1.1572,1.1593,88478
2021-11-10 00:00:00+00:00,1.15931,1.1595,1.1475,1.14855,136207
2021-11-11 00:00:00+00:00,1.14849,1.14872,1.1443,1.14475,96929
2021-11-12 00:00:00+00:00,1.1448,1.14601,1.14333,1.14459,101922
2021-11-14 00:00:00+00:00,1.14458,1.145,1.14404,1.1441,1163
2021-11-15 00:00:00+00:00,1.14414,1.14635,1.13564,1.13667,113029
2021-11-16 00:00:00+00:00,1.1369,1.13857,1.13099,1.13178,126931
2021-11-17 00:00:00+00:00,1.13155,1.13318,1.12701,1.1316,131097
2021-11-18 00:00:00+00:00,1.13177,1.1374,1.13143,1.13679,119989
2021-11-19 00:00:00+00:00,1.13671,1.13683,1.1252,1.1252,136971
2021-11-22 00:00:00+00:00,1.12756,1.12888,1.123,1.124,113927
2021-11-23 00:00:00+00:00,1.124,1.1273,1.12266,1.1245,136031
2021-11-24 00:00:00+00:00,1.12436,1.12542,1.11872,1.12023,137540
2021-11-25 00:00:00+00:00,1.12041,1.12291,1.1202,1.12088,91689
2021-11-26 00:00:00+00:00,1.12086,1.1328,1.12073,1.1319,173443
2021-11-28 00:00:00+00:00,1.13011,1.13099,1.12815,1.12919,4116
2021-11-29 00:00:00+00:00,1.12901,1.12994,1.1257,1.1292,141290
2021-11-30 00:00:00+00:00,1.12928,1.13816,1.12437,1.13298,172733
2021-12-01 00:00:00+00:00,1.13295,1.1356,1.13035,1.1319,153546
2021-12-02 00:00:00+00:00,1.13198,1.1347,1.12954,1.13055,136486
2021-12-03 00:00:00+00:00,1.13061,1.13314,1.12664,1.1313,136618
2021-12-04 00:00:00+00:00,1.1313,1.1313,1.1313,1.1313,1
2021-12-06 00:00:00+00:00,1.12954,1.13064,1.12675,1.12826,48902
2021-12-07 00:00:00+00:00,1.12838,1.12983,1.123,1.12724,113207
2021-12-08 00:00:00+00:00,1.12724,1.13546,1.12675,1.13441,126227
2021-12-09 00:00:00+00:00,1.1344,1.13442,1.1277,1.12935,102518
2021-12-10 00:00:00+00:00,1.12932,1.13226,1.12662,1.13182,105053
2021-12-11 00:00:00+00:00,1.1316,1.1316,1.1316,1.1316,1
2021-12-13 00:00:00+00:00,1.1268,1.13072,1.12671,1.1284,59213
2021-12-14 00:00:00+00:00,1.1284,1.13233,1.1253,1.12575,105719
2021-12-15 00:00:00+00:00,1.1257,1.12986,1.1224,1.12899,133076
2021-12-16 00:00:00+00:00,1.12919,1.13591,1.128,1.13328,135698
2021-12-17 00:00:00+00:00,1.13347,1.13484,1.12323,1.12363,119514
2021-12-18 00:00:00+00:00,1.1239,1.1239,1.1239,1.1239,1
2021-12-19 00:00:00+00:00,1.12349,1.12432,1.12343,1.12424,2822
2021-12-20 00:00:00+00:00,1.12416,1.13032,1.1236,1.1277,116833
2021-12-21 00:00:00+00:00,1.12761,1.13018,1.12613,1.12869,70802
2021-12-22 00:00:00+00:00,1.12873,1.13411,1.1264,1.1326,107338
2021-12-23 00:00:00+00:00,1.13264,1.1342,1.12907,1.13225,100755
2021-12-24 00:00:00+00:00,1.13236,1.13432,1.13024,1.1321,106603
2021-12-26 00:00:00+00:00,1.12994,1.13258,1.12994,1.13227,1284
2021-12-27 00:00:00+00:00,1.13213,1.13337,1.1303,1.13289,80370
2021-12-28 00:00:00+00:00,1.1327,1.13332,1.12897,1.13129,83838
2021-12-29 00:00:00+00:00,1.13128,1.13681,1.1273,1.13597,98077
2021-12-30 00:00:00+00:00,1.1359,1.1359,1.1298,1.13221,98032
2021-12-31 00:00:00+00:00,1.1323,1.13862,1.13042,1.1373,80254
2022-01-02 00:00:00+00:00,1.13568,1.13773,1.13568,1.13725,2101
2022-01-03 00:00:00+00:00,1.13727,1.13748,1.12795,1.13021,107871
2022-01-04 00:00:00+00:00,1.13014,1.13199,1.12721,1.1281,117680
2022-01-05 00:00:00+00:00,1.1282,1.13452,1.1277,1.131,120373
2022-01-06 00:00:00+00:00,1.13106,1.13304,1.1284,1.1295,130811
2022-01-07 00:00:00+00:00,1.12954,1.13644,1.12899,1.13602,85202
2022-01-08 00:00:00+00:00,1.136,1.136,1.136,1.136,1
2022-01-09 00:00:00+00:00,1.13494,1.13592,1.13492,1.13532,3669
2022-01-10 00:00:00+00:00,1.13525,1.1358,1.12873,1.13302,120027
2022-01-11 00:00:00+00:00,1.13302,1.13751,1.13148,1.13659,109248
2022-01-12 00:00:00+00:00,1.13671,1.14525,1.13551,1.14395,114661
2022-01-13 00:00:00+00:00,1.14397,1.14791,1.14359,1.14567,119044
2022-01-14 00:00:00+00:00,1.14562,1.14819,1.13999,1.1415,125867
2022-01-17 00:00:00+00:00,1.14054,1.14338,1.1392,1.14101,81835
2022-01-18 00:00:00+00:00,1.141,1.14208,1.1315,1.1327,143666
2022-01-19 00:00:00+00:00,1.13293,1.13569,1.13188,1.1341,122365
2022-01-20 00:00:00+00:00,1.13442,1.13683,1.1303,1.13129,126723
2022-01-21 00:00:00+00:00,1.13147,1.13581,1.13018,1.1343,123410
2022-01-23 00:00:00+00:00,1.13409,1.13437,1.13363,1.13408,1997
2022-01-24 00:00:00+00:00,1.13404,1.13404,1.12907,1.13234,140828
2022-01-25 00:00:00+00:00,1.1322,1.13233,1.12661,1.13029,129694
2022-01-26 00:00:00+00:00,1.13042,1.13105,1.12337,1.12405,121362
2022-01-27 00:00:00+00:00,1.12406,1.12424,1.1131,1.1144,150868
2022-01-28 00:00:00+00:00,1.11457,1.11695,1.11225,1.11376,137064
2022-01-30 00:00:00+00:00,1.1144,1.11517,1.11353,1.11517,2677
2022-01-31 00:00:00+00:00,1.11507,1.12465,1.1144,1.1229,140609
2022-02-01 00:00:00+00:00,1.12282,1.12783,1.12209,1.12728,137985
2022-02-02 00:00:00+00:00,1.1273,1.13289,1.1266,1.12994,122117
2022-02-03 00:00:00+00:00,1.12993,1.14498,1.12711,1.14357,153788
2022-02-04 00:00:00+00:00,1.14345,1.14717,1.14126,1.1448,92228
2022-02-06 00:00:00+00:00,1.14578,1.14655,1.14516,1.1454,2727
2022-02-07 00:00:00+00:00,1.14535,1.14588,1.14157,1.14409,143926
2022-02-08 00:00:00+00:00,1.14402,1.14484,1.1396,1.14204,134180
2022-02-09 00:00:00+00:00,1.14204,1.1448,1.14025,1.142,120732
2022-02-10 00:00:00+00:00,1.1421,1.14934,1.13908,1.14115,113753
2022-02-11 00:00:00+00:00,1.14113,1.14165,1.13252,1.13292,172703
2022-02-12 00:00:00+00:00,1.13452,1.13452,1.13452,1.13452,1
2022-02-13 00:00:00+00:00,1.1344,1.13663,1.1332,1.13637,6348
2022-02-14 00:00:00+00:00,1.13645,1.13677,1.1283,1.13058,179034
2022-02-15 00:00:00+00:00,1.13057,1.13673,1.1305,1.13543,150975
2022-02-16 00:00:00+00:00,1.13556,1.13942,1.1344,1.13727,137728
2022-02-17 00:00:00+00:00,1.13762,1.13858,1.13266,1.13635,172135
2022-02-18 00:00:00+00:00,1.1365,1.1376,1.13065,1.13065,138870
2022-02-20 00:00:00+00:00,1.13104,1.13251,1.1309,1.1316,3352
2022-02-21 00:00:00+00:00,1.13144,1.13822,1.12968,1.1309,114622
2022-02-22 00:00:00+00:00,1.1309,1.1363,1.12886,1.13289,181893
2022-02-23 00:00:00+00:00,1.133,1.13581,1.13,1.1304,134643
2022-02-24 00:00:00+00:00,1.13052,1.13052,1.11097,1.11904,283883
2022-02-25 00:00:00+00:00,1.11898,1.12737,1.11676,1.1273,197730
2022-02-26 00:00:00+00:00,1.1271,1.1271,1.1271,1.1271,1
2022-02-27 00:00:00+00:00,1.11525,1.11863,1.11204,1.11795,12765
2022-02-28 00:00:00+00:00,1.11794,1.12428,1.1142,1.1214,221693
2022-03-01 00:00:00+00:00,1.12137,1.12322,1.10899,1.11313,201682
2022-03-02 00:00:00+00:00,1.11294,1.11412,1.10576,1.11122,218094
2022-03-03 00:00:00+00:00,1.11135,1.11148,1.10358,1.10656,174747
2022-03-04 00:00:00+00:00,1.1064,1.10644,1.0889,1.0926,219194
2022-03-05 00:00:00+00:00,1.0924,1.0924,1.0924,1.0924,1
2022-03-06 00:00:00+00:00,1.09357,1.09357,1.08633,1.08729,7244
2022-03-07 00:00:00+00:00,1.08723,1.09303,1.08081,1.08662,270541
2022-03-08 00:00:00+00:00,1.08641,1.09571,1.0851,1.08974,247059
2022-03-09 00:00:00+00:00,1.09001,1.10943,1.08972,1.10732,204118
2022-03-10 00:00:00+00:00,1.10728,1.11162,1.09766,1.10131,206322
2022-03-11 00:00:00+00:00,1.10114,1.1042,1.09029,1.0913,188662
2022-03-13 00:00:00+00:00,1.0912,1.09374,1.0912,1.09316,4744
2022-03-14 00:00:00+00:00,1.09319,1.09931,1.09,1.09425,175694
2022-03-15 00:00:00+00:00,1.09439,1.10176,1.09268,1.0966,189088
2022-03-16 00:00:00+00:00,1.09661,1.10455,1.09525,1.10215,205906
2022-03-17 00:00:00+00:00,1.10219,1.11369,1.102,1.1099,154679
2022-03-18 00:00:00+00:00,1.10983,1.11171,1.10043,1.1069,156148
2022-03-20 00:00:00+00:00,1.10602,1.10602,1.10415,1.10417,3295
2022-03-21 00:00:00+00:00,1.10415,1.10664,1.101,1.10166,139514
2022-03-22 00:00:00+00:00,1.1016,1.1045,1.09611,1.1029,159638
2022-03-23 00:00:00+00:00,1.10297,1.10395,1.09651,1.10058,144487
2022-03-24 00:00:00+00:00,1.10057,1.10129,1.09692,1.10084,154738
2022-03-25 00:00:00+00:00,1.1009,1.10372,1.0981,1.0985,155003
2022-03-26 00:00:00+00:00,1.0983,1.0983,1.0983,1.0983,1
2022-03-27 00:00:00+00:00,1.09792,1.09865,1.09773,1.09813,3732
2022-03-28 00:00:00+00:00,1.09821,1.09992,1.0943,1.09914,167202
2022-03-29 00:00:00+00:00,1.09917,1.11355,1.09705,1.10912,190840
2022-03-30 00:00:00+00:00,1.10898,1.11686,1.1088,1.1161,180692
2022-03-31 00:00:00+00:00,1.11603,1.11827,1.10609,1.10723,183981
2022-04-01 00:00:00+00:00,1.10695,1.10734,1.10294,1.10494,82936
2022-04-02 00:00:00+00:00,1.1041,1.1041,1.1041,1.1041,1
2022-04-03 00:00:00+00:00,1.10256,1.10453,1.10256,1.10453,3288
2022-04-04 00:00:00+00:00,1.10469,1.1054,1.09608,1.09752,138130
2022-04-05 00:00:00+00:00,1.09738,1.09875,1.08999,1.09057,144831
2022-04-06 00:00:00+00:00,1.09041,1.09365,1.0873,1.08975,178745
2022-04-07 00:00:00+00:00,1.0897,1.09346,1.08613,1.08642,172351
2022-04-08 00:00:00+00:00,1.0866,1.08901,1.08366,1.08737,148529
2022-04-10 00:00:00+00:00,1.08885,1.08937,1.0883,1.08839,2751
2022-04-11 00:00:00+00:00,1.08851,1.09327,1.0872,1.08766,155651
2022-04-12 00:00:00+00:00,1.08795,1.09014,1.0822,1.0826,179324
2022-04-13 00:00:00+00:00,1.08255,1.08961,1.0811,1.08949,166478
2022-04-14 00:00:00+00:00,1.08987,1.09225,1.07597,1.0821,189576
2022-04-15 00:00:00+00:00,1.08209,1.08231,1.07976,1.08099,120741
2022-04-17 00:00:00+00:00,1.08018,1.08209,1.07983,1.0812,5477
2022-04-18 00:00:00+00:00,1.08144,1.08144,1.077,1.07798,106350
2022-04-19 00:00:00+00:00,1.07791,1.08119,1.07622,1.07943,156421
2022-04-20 00:00:00+00:00,1.07949,1.08652,1.07843,1.08495,170195
2022-04-21 00:00:00+00:00,1.085,1.09348,1.0824,1.0835,176840
2022-04-22 00:00:00+00:00,1.08334,1.08513,1.07707,1.07981,161277
2022-04-23 00:00:00+00:00,1.0798,1.0798,1.0798,1.0798,1
2022-04-24 00:00:00+00:00,1.08339,1.08374,1.07964,1.08092,6526
2022-04-25 00:00:00+00:00,1.08079,1.08109,1.06982,1.07124,196105
2022-04-26 00:00:00+00:00,1.07114,1.07384,1.0635,1.06425,165056
2022-04-27 00:00:00+00:00,1.06448,1.0654,1.05151,1.0554,182768
2022-04-28 00:00:00+00:00,1.055,1.0563,1.04744,1.05029,205066
2022-04-29 00:00:00+00:00,1.0507,1.05899,1.0503,1.0541,169576
2022-05-01 00:00:00+00:00,1.05262,1.05509,1.05262,1.05348,5861
2022-05-02 00:00:00+00:00,1.05385,1.05599,1.04904,1.05096,153716
2022-05-03 00:00:00+00:00,1.05119,1.05753,1.04938,1.05254,163757
2022-05-04 00:00:00+00:00,1.0528,1.06304,1.05076,1.06206,180300
2022-05-05 00:00:00+00:00,1.06193,1.06376,1.04946,1.05393,204260
2022-05-06 00:00:00+00:00,1.05395,1.05973,1.04842,1.05342,206744
2022-05-08 00:00:00+00:00,1.05402,1.05602,1.05306,1.0532,4473
2022-05-09 00:00:00+00:00,1.05324,1.05916,1.0495,1.05633,177834
2022-05-10 00:00:00+00:00,1.05599,1.05847,1.05241,1.0529,189306
2022-05-11 00:00:00+00:00,1.05275,1.05753,1.0509,1.05116,210285
2022-05-12 00:00:00+00:00,1.05118,1.05288,1.03543,1.0378,217442
2022-05-13 00:00:00+00:00,1.03769,1.04187,1.03557,1.04083,167654
2022-05-15 00:00:00+00:00,1.03917,1.04133,1.03909,1.03976,6000
2022-05-16 00:00:00+00:00,1.04034,1.04427,1.039,1.04389,160361
2022-05-17 00:00:00+00:00,1.04468,1.05529,1.0431,1.05486,176389
2022-05-18 00:00:00+00:00,1.05506,1.05633,1.04596,1.04729,160448
2022-05-19 00:00:00+00:00,1.04747,1.06069,1.04653,1.05796,194589
2022-05-20 00:00:00+00:00,1.05816,1.05975,1.05334,1.05608,164526
2022-05-22 00:00:00+00:00,1.05461,1.05774,1.05461,1.0569,4790
2022-05-23 00:00:00+00:00,1.05711,1.06968,1.0552,1.06838,151332
2022-05-24 00:00:00+00:00,1.06848,1.07482,1.066,1.07325,158299
2022-05-25 00:00:00+00:00,1.07322,1.0736,1.06426,1.06869,172298
2022-05-26 00:00:00+00:00,1.06864,1.0735,1.06624,1.07326,157413
2022-05-27 00:00:00+00:00,1.07338,1.07647,1.0698,1.07316,136141
2022-05-29 00:00:00+00:00,1.07244,1.07368,1.07145,1.07289,3809
2022-05-30 00:00:00+00:00,1.07299,1.07867,1.0727,1.07728,112124
2022-05-31 00:00:00+00:00,1.07721,1.07739,1.0679,1.07338,165404
2022-06-01 00:00:00+00:00,1.07329,1.07361,1.06273,1.06509,138934
2022-06-02 00:00:00+00:00,1.06492,1.0751,1.06458,1.0751,126745
2022-06-03 00:00:00+00:00,1.07488,1.07639,1.07052,1.07183,112139
2022-06-04 00:00:00+00:00,1.0718,1.0718,1.0718,1.0718,1
2022-06-05 00:00:00+00:00,1.0716,1.07292,1.07122,1.0723,2974
2022-06-06 00:00:00+00:00,1.0726,1.07517,1.0685,1.06893,121047
2022-06-07 00:00:00+00:00,1.06906,1.07141,1.06577,1.06972,118025
2022-06-08 00:00:00+00:00,1.06979,1.07464,1.0672,1.07169,134696
2022-06-09 00:00:00+00:00,1.07163,1.07708,1.061,1.06188,178070
2022-06-10 00:00:00+00:00,1.06176,1.06419,1.05031,1.0517,169694
2022-06-11 00:00:00+00:00,1.0519,1.0519,1.0519,1.0519,1
2022-06-12 00:00:00+00:00,1.05086,1.05191,1.0486,1.04905,8669
2022-06-13 00:00:00+00:00,1.04912,1.04956,1.03999,1.04151,190382
2022-06-14 00:00:00+00:00,1.04144,1.04814,1.0397,1.04368,198484
2022-06-15 00:00:00+00:00,1.0439,1.05064,1.0359,1.04575,241476
2022-06-16 00:00:00+00:00,1.04628,1.06011,1.03819,1.0545,238344
2022-06-17 00:00:00+00:00,1.05491,1.05515,1.0446,1.04531,203296
2022-06-18 00:00:00+00:00,1.0495,1.0495,1.0495,1.0495,1
2022-06-19 00:00:00+00:00,1.0464,1.04921,1.0464,1.04898,4660
2022-06-20 00:00:00+00:00,1.04925,1.05446,1.0486,1.0518,145044
2022-06-21 00:00:00+00:00,1.05196,1.0582,1.0512,1.05307,158295
2022-06-22 00:00:00+00:00,1.05309,1.06043,1.04724,1.05647,193895
2022-06-23 00:00:00+00:00,1.05665,1.05797,1.04837,1.05194,210915
2022-06-24 00:00:00+00:00,1.05214,1.0571,1.0506,1.05336,161887
2022-06-26 00:00:00+00:00,1.05339,1.05742,1.05339,1.0566,4772
2022-06-27 00:00:00+00:00,1.05699,1.06143,1.05502,1.05795,166062
2022-06-28 00:00:00+00:00,1.05808,1.06036,1.05047,1.05221,177023
2022-06-29 00:00:00+00:00,1.05227,1.05352,1.0434,1.04456,183472
2022-06-30 00:00:00+00:00,1.04441,1.04868,1.03827,1.04783,194701
2022-07-01 00:00:00+00:00,1.04745,1.04761,1.03685,1.04272,191453
2022-07-03 00:00:00+00:00,1.04037,1.04366,1.04025,1.0433,6223
2022-07-04 00:00:00+00:00,1.04366,1.04613,1.0416,1.04326,133950
2022-07-05 00:00:00+00:00,1.04326,1.04482,1.02353,1.02564,197108
2022-07-06 00:00:00+00:00,1.02546,1.02725,1.01624,1.01841,207188
2022-07-07 00:00:00+00:00,1.01823,1.02193,1.01442,1.0169,184358
2022-07-08 00:00:00+00:00,1.01683,1.01907,1.00772,1.0182,184416
2022-07-10 00:00:00+00:00,1.01711,1.01827,1.01654,1.0167,5483
2022-07-11 00:00:00+00:00,1.01647,1.01658,1.00336,1.0046,185247
2022-07-12 00:00:00+00:00,1.00465,1.00702,0.9999,1.00302,210028
2022-07-13 00:00:00+00:00,1.00325,1.0119,1.00006,1.00341,211969
2022-07-14 00:00:00+00:00,1.00335,1.00469,0.99525,1.00262,229422
2022-07-15 00:00:00+00:00,1.00237,1.00965,1.00065,1.00766,180873
2022-07-17 00:00:00+00:00,1.00324,1.0097,1.00324,1.0097,5442
2022-07-18 00:00:00+00:00,1.0096,1.0201,1.0082,1.0146,183260
2022-07-19 00:00:00+00:00,1.01457,1.02673,1.01223,1.02305,196247
2022-07-20 00:00:00+00:00,1.02334,1.02688,1.01557,1.01806,191881
2022-07-21 00:00:00+00:00,1.01796,1.02764,1.01628,1.02199,224384
2022-07-22 00:00:00+00:00,1.02184,1.02512,1.01323,1.01866,205291
2022-07-23 00:00:00+00:00,1.02046,1.0212,1.02046,1.0212,2
2022-07-24 00:00:00+00:00,1.02001,1.02179,1.0199,1.01992,6173
2022-07-25 00:00:00+00:00,1.02031,1.02546,1.01809,1.02232,196582
2022-07-26 00:00:00+00:00,1.02252,1.02479,1.01087,1.01287,177582
2022-07-27 00:00:00+00:00,1.0129,1.02194,1.00977,1.02052,189467
2022-07-28 00:00:00+00:00,1.02077,1.02339,1.01143,1.0191,216651
2022-07-29 00:00:00+00:00,1.01936,1.02508,1.01475,1.02264,201674
2022-07-31 00:00:00+00:00,1.01948,1.02213,1.01948,1.021,7224
2022-08-01 00:00:00+00:00,1.0209,1.02748,1.02076,1.02626,194718
2022-08-02 00:00:00+00:00,1.02637,1.02925,1.0153,1.01564,223857
2022-08-03 00:00:00+00:00,1.0157,1.02075,1.01233,1.01566,198653
2022-08-04 00:00:00+00:00,1.01592,1.02527,1.01554,1.02474,183126
2022-08-05 00:00:00+00:00,1.02455,1.02463,1.01419,1.01749,170580
2022-08-06 00:00:00+00:00,1.01759,1.01799,1.01759,1.01799,2
2022-08-07 00:00:00+00:00,1.01698,1.0186,1.0169,1.01719,5234
2022-08-08 00:00:00+00:00,1.01719,1.02211,1.0159,1.01976,162513
2022-08-09 00:00:00+00:00,1.01987,1.02459,1.0188,1.02081,139771
2022-08-10 00:00:00+00:00,1.02077,1.03671,1.0201,1.02988,138694
2022-08-11 00:00:00+00:00,1.03009,1.03642,1.0275,1.032,148625
2022-08-12 00:00:00+00:00,1.03235,1.03243,1.02401,1.02622,127202
2022-08-14 00:00:00+00:00,1.02428,1.0262,1.02428,1.0254,4356
2022-08-15 00:00:00+00:00,1.02545,1.02677,1.01538,1.0162,148892
2022-08-16 00:00:00+00:00,1.01586,1.01926,1.0123,1.01693,144696
2022-08-17 00:00:00+00:00,1.01707,1.02021,1.01455,1.01772,151382
2022-08-18 00:00:00+00:00,1.01774,1.01928,1.00805,1.00891,137827
2022-08-19 00:00:00+00:00,1.00905,1.00943,1.00202,1.0038,132292
2022-08-20 00:00:00+00:00,1.0036,1.0036,1.0036,1.0036,1
2022-08-21 00:00:00+00:00,1.0036,1.0036,1.0036,1.0036,2
2022-08-22 00:00:00+00:00,1.00299,1.00326,0.99268,0.99382,112992
2022-08-23 00:00:00+00:00,0.99368,1.00121,0.99021,0.99664,163714
2022-08-24 00:00:00+00:00,0.99649,0.99974,0.99112,0.9967,152664
2022-08-25 00:00:00+00:00,0.99648,1.00329,0.9949,0.99702,177513
2022-08-26 00:00:00+00:00,0.99705,1.00847,0.99577,0.9963,156202
2022-08-27 00:00:00+00:00,0.9964,0.9964,0.9964,0.9964,1
2022-08-28 00:00:00+00:00,0.99794,0.99854,0.99353,0.99358,7527
2022-08-29 00:00:00+00:00,0.9937,1.0027,0.99142,1.00106,188707
2022-08-30 00:00:00+00:00,1.00101,1.00538,0.9981,1.00234,200405
2022-08-31 00:00:00+00:00,1.00226,1.00781,0.99721,1.00379,202054
2022-09-01 00:00:00+00:00,1.00345,1.0046,0.99147,0.99518,202240
2022-09-02 00:00:00+00:00,0.99526,1.00329,0.99451,0.9951,194481
2022-09-04 00:00:00+00:00,0.99432,0.99493,0.9904,0.99076,8934
2022-09-05 00:00:00+00:00,0.99091,0.99516,0.98804,0.995,170164
2022-09-06 00:00:00+00:00,0.99494,0.9985,0.98677,0.98969,228054
2022-09-07 00:00:00+00:00,0.98976,1.00118,0.98769,0.99976,213768
2022-09-08 00:00:00+00:00,0.9998,1.00277,0.99346,1.00096,228219
2022-09-09 00:00:00+00:00,1.00098,1.015,1.00083,1.015,195284
2022-09-10 00:00:00+00:00,1.0151,1.0151,1.015,1.0151,3
2022-09-11 00:00:00+00:00,1.00684,1.01244,1.0059,1.00702,7716
2022-09-12 00:00:00+00:00,1.00742,1.0197,1.0062,1.01289,194945
2022-09-13 00:00:00+00:00,1.01275,1.01864,0.99581,0.9978,205099
2022-09-14 00:00:00+00:00,0.99758,1.00227,0.99607,0.99819,233277
2022-09-15 00:00:00+00:00,0.99789,1.00151,0.99567,0.99873,200048
2022-09-16 00:00:00+00:00,0.9986,1.00356,0.99466,1.00052,191250
2022-09-17 00:00:00+00:00,1.00092,1.00092,1.00092,1.00092,1
2022-09-18 00:00:00+00:00,0.99898,1.00272,0.99898,1.0022,4783
2022-09-19 00:00:00+00:00,1.00242,1.00317,0.99678,1.00298,175845
2022-09-20 00:00:00+00:00,1.00325,1.00504,0.99564,0.99706,216425
2022-09-21 00:00:00+00:00,0.99707,0.9974,0.98241,0.98311,244073
2022-09-22 00:00:00+00:00,0.98301,0.99028,0.98098,0.98383,268317
2022-09-23 00:00:00+00:00,0.98388,0.98504,0.96697,0.9691,238538
2022-09-24 00:00:00+00:00,0.9689,0.9689,0.9689,0.9689,1
2022-09-25 00:00:00+00:00,0.96658,0.97088,0.96585,0.96855,10452
2022-09-26 00:00:00+00:00,0.96845,0.97005,0.95682,0.96198,337599
2022-09-27 00:00:00+00:00,0.96208,0.96673,0.9571,0.95951,281672
2022-09-28 00:00:00+00:00,0.9595,0.9751,0.95386,0.97054,316784
2022-09-29 00:00:00+00:00,0.9706,0.98431,0.96374,0.98291,295033
2022-09-30 00:00:00+00:00,0.9825,0.98533,0.97348,0.9801,282288
2022-10-02 00:00:00+00:00,0.97671,0.98076,0.97671,0.97932,7629
2022-10-03 00:00:00+00:00,0.9793,0.98416,0.97545,0.98333,273083
2022-10-04 00:00:00+00:00,0.98358,0.9999,0.98073,0.99837,266570
2022-10-05 00:00:00+00:00,0.99837,0.99946,0.9839,0.99113,253263
2022-10-06 00:00:00+00:00,0.99106,0.99265,0.97834,0.9789,272975
2022-10-07 00:00:00+00:00,0.97919,0.98165,0.97293,0.9736,234785
2022-10-08 00:00:00+00:00,0.9744,0.9744,0.9744,0.9744,1
2022-10-09 00:00:00+00:00,0.97318,0.97377,0.9728,0.9735,8426
2022-10-10 00:00:00+00:00,0.97365,0.97502,0.96838,0.97104,234571
2022-10-11 00:00:00+00:00,0.97103,0.9774,0.96731,0.97005,277565
2022-10-12 00:00:00+00:00,0.96996,0.9732,0.96691,0.97046,262127
2022-10-13 00:00:00+00:00,0.97014,0.98043,0.96367,0.97672,272595
2022-10-14 00:00:00+00:00,0.97681,0.98055,0.97103,0.9718,265623
2022-10-16 00:00:00+00:00,0.97174,0.97419,0.97111,0.9738,8308
2022-10-17 00:00:00+00:00,0.97396,0.98513,0.97208,0.98437,251400
2022-10-18 00:00:00+00:00,0.98493,0.98727,0.98139,0.98628,265902
2022-10-19 00:00:00+00:00,0.98644,0.9866,0.97585,0.97654,250824
2022-10-20 00:00:00+00:00,0.97646,0.98447,0.97548,0.97783,246668
2022-10-21 00:00:00+00:00,0.97804,0.9868,0.97067,0.98497,276027
2022-10-22 00:00:00+00:00,0.98507,0.98547,0.98507,0.98547,2
2022-10-23 00:00:00+00:00,0.98216,0.98986,0.98216,0.9861,15732
2022-10-24 00:00:00+00:00,0.98601,0.98904,0.98075,0.98839,211410
2022-10-25 00:00:00+00:00,0.98832,0.99761,0.98506,0.99618,195005
2022-10-26 00:00:00+00:00,0.99644,1.00934,0.99445,1.009,195962
2022-10-27 00:00:00+00:00,1.00876,1.00928,0.99585,0.99667,228424
2022-10-28 00:00:00+00:00,0.99639,0.9997,0.99293,0.99601,238671
2022-10-30 00:00:00+00:00,0.993,0.99611,0.993,0.99543,6749
2022-10-31 00:00:00+00:00,0.99585,0.9965,0.98726,0.98856,201077
2022-11-01 00:00:00+00:00,0.98858,0.99515,0.98537,0.98771,228463
2022-11-02 00:00:00+00:00,0.98787,0.99749,0.98094,0.98133,244289
2022-11-03 00:00:00+00:00,0.98135,0.98386,0.97311,0.97492,228775
2022-11-04 00:00:00+00:00,0.97475,0.9981,0.97475,0.9819,238960
2022-11-05 00:00:00+00:00,0.9982,0.9982,0.982,0.983,3
2022-11-06 00:00:00+00:00,0.9961,0.9961,0.98983,0.99281,6234
2022-11-07 00:00:00+00:00,0.99315,1.00335,0.99189,1.00173,235579
2022-11-08 00:00:00+00:00,1.00168,1.0095,0.99755,1.00805,221693
2022-11-09 00:00:00+00:00,1.00761,1.00857,0.99946,1.0019,252195
2022-11-10 00:00:00+00:00,1.00179,1.02195,0.99372,1.01914,238496
2022-11-11 00:00:00+00:00,1.0193,1.037,1.01654,1.037,265076
2022-11-12 00:00:00+00:00,1.0371,1.0371,1.036,1.036,3
2022-11-13 00:00:00+00:00,1.03438,1.03666,1.03143,1.03267,6153
2022-11-14 00:00:00+00:00,1.03267,1.03581,1.02723,1.03197,249203
2022-11-15 00:00:00+00:00,1.03246,1.04745,1.02803,1.03572,287801
2022-11-16 00:00:00+00:00,1.03584,1.04358,1.03366,1.03934,279755
2022-11-17 00:00:00+00:00,1.03933,1.0405,1.03073,1.0361,244221
2022-11-18 00:00:00+00:00,1.03599,1.03949,1.03134,1.0343,213146
2022-11-19 00:00:00+00:00,1.0344,1.0344,1.0344,1.0344,1
2022-11-20 00:00:00+00:00,1.03246,1.03325,1.03218,1.03304,3696
2022-11-21 00:00:00+00:00,1.03316,1.03324,1.0224,1.0245,217771
2022-11-22 00:00:00+00:00,1.0243,1.031,1.0242,1.0309,190222
2022-11-23 00:00:00+00:00,1.03137,1.0419,1.02976,1.0418,210182
2022-11-24 00:00:00+00:00,1.0418,1.04471,1.03832,1.0406,162887
2022-11-25 00:00:00+00:00,1.04067,1.04285,1.03556,1.0412,182612
2022-11-26 00:00:00+00:00,1.0413,1.0413,1.0413,1.0413,1
2022-11-27 00:00:00+00:00,1.0387,1.03948,1.03658,1.03668,4580
2022-11-28 00:00:00+00:00,1.03716,1.04965,1.03305,1.03432,218586
2022-11-29 00:00:00+00:00,1.03435,1.0394,1.0319,1.0324,230957
2022-11-30 00:00:00+00:00,1.03213,1.04277,1.02931,1.04233,249027
2022-12-01 00:00:00+00:00,1.04233,1.05375,1.04194,1.0526,184423
2022-12-02 00:00:00+00:00,1.0526,1.05446,1.04336,1.0535,232293
2022-12-03 00:00:00+00:00,1.0536,1.0538,1.0536,1.0536,3
2022-12-04 00:00:00+00:00,1.0531,1.05433,1.05147,1.05433,6139
2022-12-05 00:00:00+00:00,1.05463,1.0594,1.04804,1.0495,216255
2022-12-06 00:00:00+00:00,1.04962,1.05326,1.04583,1.04675,215469
2022-12-07 00:00:00+00:00,1.04675,1.05462,1.04434,1.05115,224881
2022-12-08 00:00:00+00:00,1.05105,1.05625,1.04909,1.05554,209265
2022-12-09 00:00:00+00:00,1.05563,1.05877,1.05161,1.0544,204092
2022-12-10 00:00:00+00:00,1.0545,1.0545,1.054,1.054,2
2022-12-11 00:00:00+00:00,1.05193,1.05381,1.05191,1.05209,2708
2022-12-12 00:00:00+00:00,1.05214,1.05785,1.05067,1.0542,186956
2022-12-13 00:00:00+00:00,1.05414,1.06684,1.05289,1.06241,239442
2022-12-14 00:00:00+00:00,1.0628,1.06946,1.062,1.06761,238886
2022-12-15 00:00:00+00:00,1.06752,1.07256,1.05937,1.06386,241489
2022-12-16 00:00:00+00:00,1.06394,1.06621,1.0584,1.0597,219869
2022-12-17 00:00:00+00:00,1.0598,1.0598,1.0593,1.0593,3
2022-12-18 00:00:00+00:00,1.05893,1.0599,1.05828,1.0584,5518
2022-12-19 00:00:00+00:00,1.05848,1.06578,1.05768,1.06121,197800
2022-12-20 00:00:00+00:00,1.06112,1.06553,1.05797,1.06251,264830
2022-12-21 00:00:00+00:00,1.06246,1.06437,1.05908,1.06079,209318
2022-12-22 00:00:00+00:00,1.06066,1.06576,1.05738,1.06012,214558
2022-12-23 00:00:00+00:00,1.06013,1.0667,1.05873,1.0667,194580
2022-12-24 00:00:00+00:00,1.0668,1.0668,1.0665,1.0665,2
2022-12-25 00:00:00+00:00,1.06059,1.06125,1.05942,1.06096,29
2022-12-26 00:00:00+00:00,1.0624,1.06451,1.0605,1.06397,26861
2022-12-27 00:00:00+00:00,1.0637,1.0668,1.06114,1.06368,172493
2022-12-28 00:00:00+00:00,1.06389,1.0674,1.06064,1.06287,183654
2022-12-29 00:00:00+00:00,1.06257,1.06886,1.061,1.0659,173798
2022-12-30 00:00:00+00:00,1.06622,1.0725,1.0638,1.0724,200743
2022-12-31 00:00:00+00:00,1.0725,1.0725,1.0725,1.0725,1
2023-01-01 00:00:00+00:00,1.06849,1.0793,1.06788,1.0793,12
2023-01-02 00:00:00+00:00,1.06977,1.0709,1.06506,1.06764,74147
2023-01-03 00:00:00+00:00,1.06734,1.06797,1.05208,1.0545,236637
2023-01-04 00:00:00+00:00,1.0546,1.06305,1.0546,1.0605,229494
2023-01-05 00:00:00+00:00,1.0604,1.06305,1.05149,1.05211,210543
2023-01-06 00:00:00+00:00,1.05203,1.0661,1.0483,1.0661,207800
2023-01-07 00:00:00+00:00,1.0644,1.0662,1.0644,1.0662,2
2023-01-08 00:00:00+00:00,1.06408,1.06626,1.06307,1.06626,4731
2023-01-09 00:00:00+00:00,1.06646,1.07587,1.0651,1.07325,205277
2023-01-10 00:00:00+00:00,1.07303,1.07562,1.07124,1.07383,202545
2023-01-11 00:00:00+00:00,1.07381,1.07734,1.07265,1.07655,180813
2023-01-12 00:00:00+00:00,1.07653,1.0865,1.074,1.08598,225604
2023-01-13 00:00:00+00:00,1.08592,1.08675,1.07799,1.0845,204001
2023-01-15 00:00:00+00:00,1.08278,1.08345,1.08161,1.08223,4685
2023-01-16 00:00:00+00:00,1.08229,1.08737,1.08017,1.08294,143926
2023-01-17 00:00:00+00:00,1.08269,1.08684,1.0773,1.07893,208089
2023-01-18 00:00:00+00:00,1.07886,1.08837,1.07665,1.07972,241865
2023-01-19 00:00:00+00:00,1.07957,1.08396,1.07825,1.0832,205133
2023-01-20 00:00:00+00:00,1.0832,1.0875,1.0802,1.0875,175785
2023-01-21 00:00:00+00:00,1.0876,1.0876,1.0876,1.0876,1
2023-01-22 00:00:00+00:00,1.0843,1.08713,1.0843,1.08639,4464
2023-01-23 00:00:00+00:00,1.08646,1.09171,1.08467,1.08713,177970
2023-01-24 00:00:00+00:00,1.08719,1.08961,1.08386,1.08897,170583
2023-01-25 00:00:00+00:00,1.08891,1.09224,1.08584,1.09205,173276
2023-01-26 00:00:00+00:00,1.09208,1.09285,1.08509,1.0892,174534
2023-01-27 00:00:00+00:00,1.08959,1.08998,1.08383,1.087,157922
2023-01-28 00:00:00+00:00,1.0872,1.0872,1.0871,1.0871,2
2023-01-29 00:00:00+00:00,1.08619,1.0872,1.08619,1.08715,2268
2023-01-30 00:00:00+00:00,1.08718,1.09133,1.0839,1.0849,174335
2023-01-31 00:00:00+00:00,1.08502,1.0874,1.08033,1.08603,177669
2023-02-01 00:00:00+00:00,1.0861,1.10327,1.0851,1.10127,189479
2023-02-02 00:00:00+00:00,1.10145,1.10256,1.08873,1.09044,212083
2023-02-03 00:00:00+00:00,1.09032,1.09398,1.0792,1.0825,198222
2023-02-04 00:00:00+00:00,1.0827,1.0827,1.0822,1.0822,3
2023-02-05 00:00:00+00:00,1.07844,1.07975,1.07805,1.07891,5370
2023-02-06 00:00:00+00:00,1.0789,1.07986,1.07096,1.0729,180922
2023-02-07 00:00:00+00:00,1.07301,1.07618,1.06693,1.07301,211098
2023-02-08 00:00:00+00:00,1.07295,1.07596,1.07086,1.07154,178013
2023-02-09 00:00:00+00:00,1.07156,1.07896,1.07111,1.07389,178528
2023-02-10 00:00:00+00:00,1.07387,1.0751,1.06665,1.0699,180928
2023-02-11 00:00:00+00:00,1.0701,1.0701,1.0696,1.0696,2
2023-02-13 00:00:00+00:00,1.06657,1.07321,1.06633,1.07307,130536
2023-02-14 00:00:00+00:00,1.07302,1.07977,1.07091,1.0735,208015
2023-02-15 00:00:00+00:00,1.07345,1.07436,1.0662,1.06912,191260
2023-02-16 00:00:00+00:00,1.06923,1.07221,1.06552,1.06654,189950
2023-02-17 00:00:00+00:00,1.06634,1.072,1.06132,1.0718,175703
2023-02-18 00:00:00+00:00,1.072,1.072,1.0715,1.0715,2
2023-02-19 00:00:00+00:00,1.06798,1.06927,1.06798,1.06838,3685
2023-02-20 00:00:00+00:00,1.0683,1.07033,1.06709,1.06819,118268
2023-02-21 00:00:00+00:00,1.06812,1.06954,1.06383,1.06515,182937
2023-02-22 00:00:00+00:00,1.06493,1.06636,1.0599,1.06051,185644
2023-02-23 00:00:00+00:00,1.06073,1.06275,1.0578,1.05972,173113
2023-02-24 00:00:00+00:00,1.0596,1.06139,1.05371,1.0583,191818
2023-02-25 00:00:00+00:00,1.0584,1.0584,1.0571,1.0571,4
2023-02-26 00:00:00+00:00,1.05397,1.05545,1.05397,1.05531,2566
2023-02-27 00:00:00+00:00,1.05529,1.06176,1.05328,1.06093,170282
2023-02-28 00:00:00+00:00,1.06089,1.06442,1.05724,1.05766,177843
2023-03-01 00:00:00+00:00,1.0575,1.06911,1.05653,1.06688,199690
2023-03-02 00:00:00+00:00,1.06662,1.0672,1.05764,1.05985,188820
2023-03-03 00:00:00+00:00,1.05993,1.0648,1.05909,1.0648,167663
2023-03-04 00:00:00+00:00,1.0649,1.0649,1.0649,1.0649,1
2023-03-05 00:00:00+00:00,1.06146,1.06278,1.06123,1.06254,3629
2023-03-06 00:00:00+00:00,1.06261,1.06943,1.0621,1.0686,166747
2023-03-07 00:00:00+00:00,1.06858,1.06938,1.05458,1.05481,191485
2023-03-08 00:00:00+00:00,1.05487,1.05735,1.05253,1.05486,177493
2023-03-09 00:00:00+00:00,1.05492,1.05904,1.0538,1.05859,169900
2023-03-10 00:00:00+00:00,1.0587,1.06978,1.05753,1.0655,236647
2023-03-11 00:00:00+00:00,1.064,1.0655,1.064,1.0645,3
2023-03-12 00:00:00+00:00,1.06394,1.07025,1.06376,1.0681,11617
2023-03-13 00:00:00+00:00,1.06817,1.07479,1.06516,1.07226,292601
2023-03-14 00:00:00+00:00,1.07206,1.07474,1.06792,1.07266,248366
2023-03-15 00:00:00+00:00,1.07257,1.07597,1.05191,1.05814,264552
2023-03-16 00:00:00+00:00,1.05771,1.06341,1.05548,1.06132,256552
2023-03-17 00:00:00+00:00,1.06134,1.0779,1.06115,1.0778,214745
2023-03-18 00:00:00+00:00,1.0779,1.0779,1.0774,1.0774,3
2023-03-19 00:00:00+00:00,1.06841,1.07061,1.06671,1.06804,7186
2023-03-20 00:00:00+00:00,1.06809,1.07299,1.06317,1.07183,230754
2023-03-21 00:00:00+00:00,1.07191,1.07873,1.0704,1.07723,176922
2023-03-22 00:00:00+00:00,1.0773,1.09084,1.07589,1.08687,192370
2023-03-23 00:00:00+00:00,1.0871,1.09269,1.0826,1.08343,215411
2023-03-24 00:00:00+00:00,1.08325,1.0837,1.07181,1.0779,200301
2023-03-25 00:00:00+00:00,1.0781,1.0781,1.0781,1.0781,1
2023-03-26 00:00:00+00:00,1.07609,1.078,1.07585,1.07775,7035
2023-03-27 00:00:00+00:00,1.07731,1.0808,1.07452,1.08064,163398
2023-03-28 00:00:00+00:00,1.08033,1.08483,1.08033,1.08385,157595
2023-03-29 00:00:00+00:00,1.08425,1.08692,1.0819,1.08424,155308
2023-03-30 00:00:00+00:00,1.08421,1.0924,1.0825,1.09044,153446
2023-03-31 00:00:00+00:00,1.0904,1.09254,1.0835,1.0869,158324
2023-04-02 00:00:00+00:00,1.08444,1.08479,1.08022,1.08022,7632
2023-04-03 00:00:00+00:00,1.0804,1.09169,1.07889,1.09067,160505
2023-04-04 00:00:00+00:00,1.0907,1.09714,1.08832,1.09574,160344
2023-04-05 00:00:00+00:00,1.09571,1.09689,1.08914,1.09029,152954
2023-04-06 00:00:00+00:00,1.09041,1.09369,1.08848,1.09194,130313
2023-04-07 00:00:00+00:00,1.09212,1.0994,1.08805,1.0994,62206
2023-04-08 00:00:00+00:00,1.0993,1.0993,1.0993,1.0993,1
2023-04-09 00:00:00+00:00,1.08911,1.0914,1.08911,1.09127,3859
2023-04-10 00:00:00+00:00,1.09139,1.09167,1.08317,1.0869,107639
2023-04-11 00:00:00+00:00,1.08703,1.09264,1.08673,1.0916,137604
2023-04-12 00:00:00+00:00,1.09176,1.10003,1.09148,1.09969,143911
2023-04-13 00:00:00+00:00,1.09958,1.10674,1.09791,1.10518,141172
2023-04-14 00:00:00+00:00,1.10493,1.1104,1.09727,1.1102,146148
2023-04-15 00:00:00+00:00,1.1101,1.1101,1.1101,1.1101,1
2023-04-16 00:00:00+00:00,1.09881,1.09944,1.0982,1.09842,3713
2023-04-17 00:00:00+00:00,1.09842,1.0999,1.091,1.09245,140253
2023-04-18 00:00:00+00:00,1.0926,1.09825,1.0921,1.09748,140566
2023-04-19 00:00:00+00:00,1.09766,1.09834,1.09177,1.09515,143541
2023-04-20 00:00:00+00:00,1.09527,1.0988,1.09338,1.09678,149388
2023-04-21 00:00:00+00:00,1.0967,1.1095,1.09394,1.1095,143502
2023-04-23 00:00:00+00:00,1.09878,1.09957,1.0986,1.09915,2888
2023-04-24 00:00:00+00:00,1.099,1.10571,1.09677,1.1055,138083
2023-04-25 00:00:00+00:00,1.10571,1.10668,1.09639,1.09781,155341
2023-04-26 00:00:00+00:00,1.09781,1.10933,1.09683,1.1045,175869
2023-04-27 00:00:00+00:00,1.10449,1.10626,1.09941,1.10314,164978
2023-04-28 00:00:00+00:00,1.10331,1.1127,1.09651,1.1127,182061
2023-04-29 00:00:00+00:00,1.1126,1.1126,1.1126,1.1126,1
2023-04-30 00:00:00+00:00,1.1007,1.10363,1.1007,1.10104,3947
2023-05-01 00:00:00+00:00,1.10106,1.10356,1.0964,1.0969,131812
2023-05-02 00:00:00+00:00,1.0969,1.10134,1.09426,1.10104,143930
2023-05-03 00:00:00+00:00,1.10117,1.10897,1.1004,1.10684,172235
2023-05-04 00:00:00+00:00,1.10696,1.10908,1.0989,1.1021,190164
2023-05-05 00:00:00+00:00,1.1021,1.121,1.09699,1.1209,155089
2023-05-07 00:00:00+00:00,1.10271,1.10312,1.10142,1.10179,3136
2023-05-08 00:00:00+00:00,1.10182,1.10532,1.0995,1.0996,133636
2023-05-09 00:00:00+00:00,1.09965,1.10003,1.0943,1.09644,148882
2023-05-10 00:00:00+00:00,1.09651,1.10031,1.09421,1.09828,159894
2023-05-11 00:00:00+00:00,1.09831,1.09965,1.09006,1.09119,169625
2023-05-12 00:00:00+00:00,1.09136,1.0937,1.08358,1.0937,145591
2023-05-13 00:00:00+00:00,1.0936,1.0936,1.0936,1.0936,1
2023-05-14 00:00:00+00:00,1.08536,1.08646,1.08459,1.08526,2237
2023-05-15 00:00:00+00:00,1.0853,1.08872,1.0848,1.0872,139450
2023-05-16 00:00:00+00:00,1.0875,1.09032,1.08559,1.0865,159312
2023-05-17 00:00:00+00:00,1.08661,1.08727,1.08115,1.08379,150123
2023-05-18 00:00:00+00:00,1.08377,1.08479,1.0762,1.0775,151247
2023-05-19 00:00:00+00:00,1.07759,1.08285,1.0759,1.0821,161891
2023-05-20 00:00:00+00:00,1.0816,1.0816,1.0816,1.0816,1
2023-05-21 00:00:00+00:00,1.08088,1.08238,1.08038,1.0822,2675
2023-05-22 00:00:00+00:00,1.08207,1.08297,1.0795,1.08108,155960
2023-05-23 00:00:00+00:00,1.08113,1.082,1.076,1.0769,163676
2023-05-24 00:00:00+00:00,1.07697,1.07986,1.07427,1.07555,172084
2023-05-25 00:00:00+00:00,1.07534,1.07535,1.07094,1.07235,164582
2023-05-26 00:00:00+00:00,1.07251,1.07582,1.0701,1.0729,128573
2023-05-28 00:00:00+00:00,1.0724,1.07287,1.07105,1.0721,3129
2023-05-29 00:00:00+00:00,1.07208,1.07433,1.0704,1.07065,85563
2023-05-30 00:00:00+00:00,1.07066,1.07447,1.0672,1.073,165056
2023-05-31 00:00:00+00:00,1.073,1.07355,1.0635,1.06932,177934
2023-06-01 00:00:00+00:00,1.06915,1.0771,1.06629,1.07602,162069
2023-06-02 00:00:00+00:00,1.07616,1.07781,1.07038,1.0724,141456
2023-06-03 00:00:00+00:00,1.0723,1.0723,1.0723,1.0723,1
2023-06-04 00:00:00+00:00,1.07098,1.07128,1.0694,1.06966,3547
2023-06-05 00:00:00+00:00,1.0693,1.07208,1.0674,1.07112,139185
2023-06-06 00:00:00+00:00,1.0712,1.07315,1.06675,1.0697,134071
2023-06-07 00:00:00+00:00,1.06999,1.07384,1.06687,1.0706,143457
2023-06-08 00:00:00+00:00,1.07069,1.07863,1.07012,1.07819,140545
2023-06-09 00:00:00+00:00,1.07822,1.0785,1.0743,1.0762,119471
2023-06-10 00:00:00+00:00,1.0758,1.0758,1.0752,1.0752,2
2023-06-11 00:00:00+00:00,1.07449,1.0753,1.07431,1.07497,2571
2023-06-12 00:00:00+00:00,1.07477,1.07897,1.0733,1.0761,135667
2023-06-13 00:00:00+00:00,1.07623,1.08219,1.076,1.07893,156158
2023-06-14 00:00:00+00:00,1.07898,1.08631,1.07745,1.0842,154816
2023-06-15 00:00:00+00:00,1.0842,1.0956,1.0802,1.09453,157177
2023-06-16 00:00:00+00:00,1.09463,1.09698,1.09187,1.0964,144388
2023-06-18 00:00:00+00:00,1.0963,1.0963,1.09241,1.0942,522
2023-06-19 00:00:00+00:00,1.0938,1.0946,1.09074,1.09236,91658
2023-06-20 00:00:00+00:00,1.09229,1.09446,1.08934,1.09199,159500
2023-06-21 00:00:00+00:00,1.0919,1.1,1.09067,1.09915,168540
2023-06-22 00:00:00+00:00,1.09906,1.10101,1.0949,1.09551,158294
2023-06-23 00:00:00+00:00,1.09541,1.09575,1.0845,1.0933,164152
2023-06-24 00:00:00+00:00,1.0932,1.0932,1.0932,1.0932,1
2023-06-25 00:00:00+00:00,1.08996,1.09098,1.08954,1.0906,4236
2023-06-26 00:00:00+00:00,1.09071,1.09199,1.08879,1.09098,142717
2023-06-27 00:00:00+00:00,1.09071,1.09707,1.09025,1.09576,144689
2023-06-28 00:00:00+00:00,1.0955,1.09607,1.08985,1.09151,158003
2023-06-29 00:00:00+00:00,1.09151,1.09405,1.08614,1.08674,156682
2023-06-30 00:00:00+00:00,1.08681,1.09311,1.08354,1.092,154481
2023-07-02 00:00:00+00:00,1.0911,1.09122,1.09048,1.0906,2668
2023-07-03 00:00:00+00:00,1.09066,1.09296,1.0869,1.09125,136422
2023-07-04 00:00:00+00:00,1.09101,1.09162,1.08768,1.08823,99507
2023-07-05 00:00:00+00:00,1.0885,1.09055,1.08498,1.08549,116975
2023-07-06 00:00:00+00:00,1.08552,1.08995,1.0832,1.08896,141829
2023-07-07 00:00:00+00:00,1.08881,1.0976,1.0868,1.0975,151162
2023-07-08 00:00:00+00:00,1.0971,1.0971,1.0969,1.0969,2
2023-07-09 00:00:00+00:00,1.0968,1.097,1.0957,1.0968,3382
2023-07-10 00:00:00+00:00,1.09677,1.1007,1.09443,1.1004,157163
2023-07-11 00:00:00+00:00,1.10037,1.10256,1.09775,1.10134,148615
2023-07-12 00:00:00+00:00,1.10129,1.11405,1.10122,1.11405,171535
2023-07-13 00:00:00+00:00,1.11406,1.12293,1.1131,1.12235,166823
2023-07-14 00:00:00+00:00,1.1224,1.1247,1.12057,1.1246,188716
2023-07-15 00:00:00+00:00,1.1235,1.1235,1.1235,1.1235,1
2023-07-16 00:00:00+00:00,1.12228,1.12364,1.12228,1.12272,3889
2023-07-17 00:00:00+00:00,1.1228,1.12484,1.12049,1.12374,160871
2023-07-18 00:00:00+00:00,1.12358,1.12752,1.12086,1.12282,198921
2023-07-19 00:00:00+00:00,1.12289,1.12391,1.11761,1.12048,197853
2023-07-20 00:00:00+00:00,1.12067,1.12287,1.1117,1.11344,196468
2023-07-21 00:00:00+00:00,1.11303,1.11447,1.11088,1.1132,175028
2023-07-22 00:00:00+00:00,1.1131,1.1131,1.1127,1.1127,2
2023-07-23 00:00:00+00:00,1.1124,1.11336,1.1119,1.1124,3833
2023-07-24 00:00:00+00:00,1.11225,1.11447,1.1059,1.10629,189129
2023-07-25 00:00:00+00:00,1.10638,1.10868,1.10222,1.105,177460
2023-07-26 00:00:00+00:00,1.1049,1.11037,1.1037,1.10777,203704
2023-07-27 00:00:00+00:00,1.10783,1.11491,1.0965,1.09778,236494
2023-07-28 00:00:00+00:00,1.09793,1.10461,1.09477,1.1035,234222
2023-07-30 00:00:00+00:00,1.10104,1.10277,1.10104,1.10236,4338
2023-07-31 00:00:00+00:00,1.10231,1.10453,1.0992,1.09965,195114
2023-08-01 00:00:00+00:00,1.09966,1.102,1.09533,1.10073,183278
2023-08-02 00:00:00+00:00,1.10049,1.10063,1.0919,1.09433,214655
2023-08-03 00:00:00+00:00,1.09419,1.09616,1.09121,1.09506,205316
2023-08-04 00:00:00+00:00,1.0951,1.10413,1.0935,1.1025,189973
2023-08-06 00:00:00+00:00,1.10047,1.10127,1.1,1.10023,4500
2023-08-07 00:00:00+00:00,1.1002,1.1011,1.09654,1.10025,175817
2023-08-08 00:00:00+00:00,1.10043,1.10089,1.09308,1.09588,199495
2023-08-09 00:00:00+00:00,1.09596,1.09937,1.09556,1.0976,179243
2023-08-10 00:00:00+00:00,1.0975,1.10572,1.0967,1.09814,201138
2023-08-11 00:00:00+00:00,1.09798,1.10039,1.0943,1.0963,187753
2023-08-13 00:00:00+00:00,1.09418,1.09568,1.09399,1.09431,3475
2023-08-14 00:00:00+00:00,1.09435,1.09595,1.08768,1.0906,198917
2023-08-15 00:00:00+00:00,1.09074,1.095,1.0899,1.09034,204379
2023-08-16 00:00:00+00:00,1.09018,1.09341,1.0871,1.08745,215973
2023-08-17 00:00:00+00:00,1.0872,1.09175,1.0855,1.08741,220713
2023-08-18 00:00:00+00:00,1.08742,1.08935,1.08462,1.089,200211
2023-08-20 00:00:00+00:00,1.08657,1.08779,1.08641,1.08747,2639
2023-08-21 00:00:00+00:00,1.08751,1.09125,1.0869,1.08973,116892
2023-08-22 00:00:00+00:00,1.08984,1.09301,1.0832,1.0845,120174
2023-08-23 00:00:00+00:00,1.0847,1.08704,1.08022,1.0864,134040
2023-08-24 00:00:00+00:00,1.08653,1.08756,1.07926,1.07985,124176
2023-08-25 00:00:00+00:00,1.07988,1.08391,1.07665,1.0794,124121
2023-08-27 00:00:00+00:00,1.07638,1.08004,1.07638,1.07966,3378
2023-08-28 00:00:00+00:00,1.07988,1.08293,1.07987,1.08256,169067
2023-08-29 00:00:00+00:00,1.08262,1.08912,1.07828,1.08692,195837
2023-08-30 00:00:00+00:00,1.08694,1.09447,1.08552,1.09294,186346
2023-08-31 00:00:00+00:00,1.09287,1.09392,1.0834,1.0842,187058
2023-09-01 00:00:00+00:00,1.0842,1.08802,1.07706,1.0796,171695
2023-09-03 00:00:00+00:00,1.0796,1.0796,1.0796,1.0796,1
2023-09-04 00:00:00+00:00,1.07778,1.08087,1.0775,1.07909,94596
2023-09-05 00:00:00+00:00,1.0791,1.07979,1.07072,1.0723,176156
2023-09-06 00:00:00+00:00,1.07238,1.07474,1.07047,1.07236,154924
2023-09-07 00:00:00+00:00,1.07234,1.07317,1.06865,1.0695,144798
2023-09-08 00:00:00+00:00,1.0696,1.07422,1.06944,1.0712,154246
2023-09-10 00:00:00+00:00,1.07109,1.072,1.07075,1.0716,4631
2023-09-11 00:00:00+00:00,1.07171,1.07578,1.07097,1.07475,166078
2023-09-12 00:00:00+00:00,1.07469,1.07626,1.07064,1.07529,164181
2023-09-13 00:00:00+00:00,1.07555,1.0765,1.07168,1.07328,188768
2023-09-14 00:00:00+00:00,1.07316,1.07519,1.0628,1.06348,187083
2023-09-15 00:00:00+00:00,1.06356,1.06875,1.06341,1.0672,173473
2023-09-17 00:00:00+00:00,1.06548,1.06685,1.06542,1.06677,2638
2023-09-18 00:00:00+00:00,1.06677,1.06981,1.06565,1.0691,165566
2023-09-19 00:00:00+00:00,1.0692,1.07178,1.0675,1.06813,159054
2023-09-20 00:00:00+00:00,1.0681,1.07364,1.06479,1.06499,186567
2023-09-21 00:00:00+00:00,1.0649,1.0673,1.0619,1.06601,200176
2023-09-22 00:00:00+00:00,1.0661,1.0672,1.06162,1.0671,175051
2023-09-24 00:00:00+00:00,1.06398,1.0652,1.06398,1.06478,3695
2023-09-25 00:00:00+00:00,1.06487,1.06551,1.05767,1.0591,163400
2023-09-26 00:00:00+00:00,1.05911,1.06088,1.0561,1.05691,175701
2023-09-27 00:00:00+00:00,1.0569,1.05736,1.04889,1.05053,206483
2023-09-28 00:00:00+00:00,1.05057,1.05788,1.0491,1.05621,211174
2023-09-29 00:00:00+00:00,1.0563,1.06156,1.0558,1.0585,199121
2023-10-01 00:00:00+00:00,1.05664,1.05741,1.0557,1.05639,4100
2023-10-02 00:00:00+00:00,1.05628,1.05891,1.04749,1.04797,177930
2023-10-03 00:00:00+00:00,1.04778,1.04921,1.04493,1.0468,212216
2023-10-04 00:00:00+00:00,1.04679,1.05316,1.04532,1.05066,206080
2023-10-05 00:00:00+00:00,1.05052,1.05516,1.05011,1.0545,200340
2023-10-06 00:00:00+00:00,1.0546,1.0601,1.0484,1.06,207353
2023-10-08 00:00:00+00:00,1.05604,1.0568,1.05488,1.05659,7029
2023-10-09 00:00:00+00:00,1.05679,1.05794,1.05202,1.05783,208480
2023-10-10 00:00:00+00:00,1.05801,1.06187,1.0554,1.0604,227187
2023-10-11 00:00:00+00:00,1.06062,1.06334,1.05853,1.0623,201138
2023-10-12 00:00:00+00:00,1.06247,1.06389,1.05253,1.05355,200442
2023-10-13 00:00:00+00:00,1.05361,1.05575,1.04958,1.0511,205064
2023-10-15 00:00:00+00:00,1.05136,1.05249,1.05015,1.05217,4735
2023-10-16 00:00:00+00:00,1.052,1.05624,1.05159,1.05543,189181
2023-10-17 00:00:00+00:00,1.05554,1.05946,1.0532,1.05728,200537
2023-10-18 00:00:00+00:00,1.05725,1.05935,1.05237,1.05377,197504
2023-10-19 00:00:00+00:00,1.05376,1.06075,1.05285,1.05862,204105
2023-10-20 00:00:00+00:00,1.05858,1.0603,1.0564,1.0603,173615
2023-10-22 00:00:00+00:00,1.05918,1.0594,1.0588,1.0588,2235
2023-10-23 00:00:00+00:00,1.05896,1.06769,1.05715,1.0668,171392
2023-10-24 00:00:00+00:00,1.06714,1.069,1.05833,1.05949,179904
2023-10-25 00:00:00+00:00,1.05943,1.06061,1.05599,1.05662,178204
2023-10-26 00:00:00+00:00,1.05663,1.0569,1.0525,1.05636,189432
2023-10-27 00:00:00+00:00,1.05637,1.05968,1.05357,1.0578,164457
2023-10-29 00:00:00+00:00,1.05598,1.05757,1.05586,1.05616,2748
2023-10-30 00:00:00+00:00,1.05609,1.06244,1.05479,1.06135,155863
2023-10-31 00:00:00+00:00,1.06128,1.06672,1.05579,1.05777,184667
2023-11-01 00:00:00+00:00,1.05761,1.05866,1.0522,1.05866,188439
2023-11-02 00:00:00+00:00,1.05894,1.06669,1.05836,1.06151,173582
2023-11-03 00:00:00+00:00,1.06167,1.07452,1.0614,1.0735,162326
2023-11-05 00:00:00+00:00,1.07205,1.07327,1.07205,1.07311,1796
2023-11-06 00:00:00+00:00,1.07292,1.07557,1.07139,1.0717,153910
2023-11-07 00:00:00+00:00,1.07177,1.0719,1.06644,1.06957,172347
2023-11-08 00:00:00+00:00,1.06954,1.0716,1.066,1.0711,153039
2023-11-09 00:00:00+00:00,1.07117,1.07246,1.06605,1.06667,160915
2023-11-10 00:00:00+00:00,1.06649,1.0714,1.0657,1.0714,144796
2023-11-12 00:00:00+00:00,1.06833,1.06903,1.06809,1.06903,1665
2023-11-13 00:00:00+00:00,1.06894,1.07057,1.06648,1.0701,128532
2023-11-14 00:00:00+00:00,1.07005,1.08871,1.0692,1.0876,155566
2023-11-15 00:00:00+00:00,1.08776,1.0885,1.08321,1.08542,158792
2023-11-16 00:00:00+00:00,1.08535,1.0894,1.08304,1.08531,151818
2023-11-17 00:00:00+00:00,1.0852,1.0916,1.08248,1.0916,150098
2023-11-19 00:00:00+00:00,1.09094,1.09129,1.09043,1.09053,1654
2023-11-20 00:00:00+00:00,1.09038,1.09515,1.08973,1.0944,149674
2023-11-21 00:00:00+00:00,1.09456,1.09644,1.09002,1.09166,158454
2023-11-22 00:00:00+00:00,1.09172,1.09219,1.08538,1.08878,155842
2023-11-23 00:00:00+00:00,1.0887,1.09262,1.0886,1.0902,104985
2023-11-24 00:00:00+00:00,1.0904,1.0949,1.0894,1.0948,117352
2023-11-26 00:00:00+00:00,1.09371,1.0947,1.09284,1.09393,1928
2023-11-27 00:00:00+00:00,1.09386,1.0959,1.09256,1.0959,143435
2023-11-28 00:00:00+00:00,1.096,1.10082,1.09345,1.10041,162221
2023-11-29 00:00:00+00:00,1.10022,1.10152,1.09607,1.0973,167203
2023-11-30 00:00:00+00:00,1.09726,1.09828,1.08775,1.08916,173646
2023-12-01 00:00:00+00:00,1.0892,1.09126,1.0831,1.0891,171854
2023-12-03 00:00:00+00:00,1.08874,1.08944,1.08648,1.08855,3546
2023-12-04 00:00:00+00:00,1.08859,1.08859,1.08056,1.08374,169079
2023-12-05 00:00:00+00:00,1.08381,1.08471,1.07786,1.07933,173418
2023-12-06 00:00:00+00:00,1.0793,1.08036,1.07586,1.07663,163748
2023-12-07 00:00:00+00:00,1.07665,1.08159,1.0757,1.07892,189355
2023-12-08 00:00:00+00:00,1.07912,1.08,1.07299,1.0772,192427
2023-12-10 00:00:00+00:00,1.07488,1.0767,1.07488,1.07647,1472
2023-12-11 00:00:00+00:00,1.07679,1.07783,1.07419,1.0765,156558
2023-12-12 00:00:00+00:00,1.07651,1.08216,1.07613,1.0798,166789
2023-12-13 00:00:00+00:00,1.0799,1.08954,1.0771,1.08827,181281
2023-12-14 00:00:00+00:00,1.08844,1.1008,1.088,1.09933,229041
2023-12-15 00:00:00+00:00,1.0994,1.10034,1.08899,1.0907,198509
2023-12-17 00:00:00+00:00,1.08898,1.09002,1.08898,1.08946,1662
2023-12-18 00:00:00+00:00,1.08951,1.09297,1.08939,1.09227,163770
2023-12-19 00:00:00+00:00,1.092,1.09869,1.09156,1.09791,172771
2023-12-20 00:00:00+00:00,1.09776,1.09776,1.09301,1.0944,169980
2023-12-21 00:00:00+00:00,1.09421,1.1013,1.09358,1.10056,187282
2023-12-22 00:00:00+00:00,1.10062,1.10398,1.09939,1.1026,172651
2023-12-24 00:00:00+00:00,1.10118,1.10118,1.10118,1.10118,1
2023-12-25 00:00:00+00:00,1.1016,1.1083,1.0996,1.10183,14430
2023-12-26 00:00:00+00:00,1.1018,1.1045,1.10087,1.1042,112663
2023-12-27 00:00:00+00:00,1.1042,1.1122,1.10286,1.1107,151882
2023-12-28 00:00:00+00:00,1.1108,1.11394,1.10559,1.10674,167712
2023-12-29 00:00:00+00:00,1.10667,1.10839,1.1023,1.1036,161345
2023-12-31 00:00:00+00:00,1.10353,1.10353,1.10353,1.10353,1
2024-01-01 00:00:00+00:00,1.1038,1.1077,1.1032,1.1037,8793
2024-01-02 00:00:00+00:00,1.10369,1.10426,1.09343,1.094,170574
2024-01-03 00:00:00+00:00,1.09421,1.09638,1.08953,1.0926,173032
2024-01-04 00:00:00+00:00,1.0926,1.097,1.0916,1.0946,165042
2024-01-05 00:00:00+00:00,1.09459,1.09948,1.08774,1.0938,176598
2024-01-07 00:00:00+00:00,1.09359,1.09447,1.09347,1.09411,1650
2024-01-08 00:00:00+00:00,1.09409,1.09777,1.09244,1.0949,154452
2024-01-09 00:00:00+00:00,1.0949,1.09657,1.09117,1.09313,173194
2024-01-10 00:00:00+00:00,1.0933,1.09742,1.09234,1.0974,161927
2024-01-11 00:00:00+00:00,1.09738,1.09897,1.09307,1.09824,146925
2024-01-12 00:00:00+00:00,1.09829,1.09859,1.09363,1.0941,171031
2024-01-14 00:00:00+00:00,1.09474,1.095,1.09438,1.09448,1673
2024-01-15 00:00:00+00:00,1.09447,1.09672,1.09337,1.09446,122190
2024-01-16 00:00:00+00:00,1.09461,1.09461,1.08623,1.08783,187911
2024-01-17 00:00:00+00:00,1.08784,1.0886,1.08452,1.0886,180966
2024-01-18 00:00:00+00:00,1.08852,1.09061,1.08477,1.088,184337
2024-01-19 00:00:00+00:00,1.08789,1.08971,1.08674,1.08944,159159
2024-01-21 00:00:00+00:00,1.08899,1.08974,1.08873,1.08915,2226
2024-01-22 00:00:00+00:00,1.08924,1.091,1.0877,1.0877,150023
2024-01-23 00:00:00+00:00,1.08759,1.09148,1.08234,1.08572,161454
2024-01-24 00:00:00+00:00,1.08569,1.09314,1.08513,1.08811,173551
2024-01-25 00:00:00+00:00,1.08798,1.08993,1.08223,1.08453,171603
2024-01-26 00:00:00+00:00,1.08447,1.08831,1.0812,1.08416,156213
2024-01-28 00:00:00+00:00,1.08453,1.08477,1.08414,1.08418,1659
2024-01-29 00:00:00+00:00,1.08424,1.08491,1.07963,1.08335,142755
2024-01-30 00:00:00+00:00,1.08337,1.08554,1.0812,1.0842,157266
2024-01-31 00:00:00+00:00,1.08437,1.08851,1.07952,1.08037,194847
2024-02-01 00:00:00+00:00,1.08034,1.08757,1.0802,1.0874,68647
2024-02-02 00:00:00+00:00,1.0875,1.0897,1.07809,1.0786,170826
2024-02-04 00:00:00+00:00,1.07854,1.07854,1.07699,1.07792,2694
2024-02-05 00:00:00+00:00,1.07743,1.0786,1.07241,1.07408,158914
2024-02-06 00:00:00+00:00,1.07421,1.07621,1.07236,1.07568,165603
2024-02-07 00:00:00+00:00,1.07569,1.07837,1.0755,1.07755,167157
2024-02-08 00:00:00+00:00,1.07746,1.07881,1.0741,1.07771,167111
2024-02-09 00:00:00+00:00,1.07775,1.07944,1.07623,1.0782,153377
2024-02-11 00:00:00+00:00,1.07805,1.07977,1.07804,1.07977,2113
2024-02-12 00:00:00+00:00,1.07972,1.08052,1.07571,1.07713,139174
2024-02-13 00:00:00+00:00,1.0773,1.0794,1.07,1.0707,169340
2024-02-14 00:00:00+00:00,1.07084,1.0734,1.06949,1.0732,168557
2024-02-15 00:00:00+00:00,1.07319,1.07839,1.0723,1.07725,161502
2024-02-16 00:00:00+00:00,1.07731,1.07871,1.07339,1.07724,161816
2024-02-18 00:00:00+00:00,1.07719,1.07847,1.07719,1.07837,1628
2024-02-19 00:00:00+00:00,1.07835,1.07891,1.07557,1.07755,110545
2024-02-20 00:00:00+00:00,1.0776,1.08382,1.0762,1.08098,150661
2024-02-21 00:00:00+00:00,1.08075,1.0823,1.07907,1.08203,166004
2024-02-22 00:00:00+00:00,1.08204,1.08857,1.08043,1.08255,173054
2024-02-23 00:00:00+00:00,1.0826,1.08394,1.0812,1.0821,154347
2024-02-25 00:00:00+00:00,1.08301,1.08301,1.08141,1.08188,1398
2024-02-26 00:00:00+00:00,1.08194,1.08589,1.0811,1.08503,147951
2024-02-27 00:00:00+00:00,1.08503,1.08657,1.08333,1.08411,150136
2024-02-28 00:00:00+00:00,1.08415,1.08457,1.07981,1.08383,156473
2024-02-29 00:00:00+00:00,1.08377,1.08552,1.07956,1.08056,187115
2024-03-01 00:00:00+00:00,1.08059,1.08428,1.07987,1.0839,157435
2024-03-03 00:00:00+00:00,1.08391,1.08438,1.08349,1.08414,2093
2024-03-04 00:00:00+00:00,1.08414,1.08665,1.0837,1.08536,135851
2024-03-05 00:00:00+00:00,1.08533,1.08745,1.08421,1.08555,142134
2024-03-06 00:00:00+00:00,1.08556,1.09141,1.0841,1.08991,161630
2024-03-07 00:00:00+00:00,1.08992,1.09506,1.08687,1.09506,167082
2024-03-08 00:00:00+00:00,1.09506,1.09776,1.09262,1.0939,172630
2024-03-10 00:00:00+00:00,1.09392,1.09432,1.09356,1.09424,2635
2024-03-11 00:00:00+00:00,1.0941,1.09469,1.0914,1.09305,148263
2024-03-12 00:00:00+00:00,1.09316,1.09399,1.0902,1.09267,152876
2024-03-13 00:00:00+00:00,1.09268,1.09626,1.09203,1.0953,141306
2024-03-14 00:00:00+00:00,1.09536,1.09543,1.088,1.0882,150434
2024-03-15 00:00:00+00:00,1.0882,1.08993,1.0872,1.0889,128223
2024-03-17 00:00:00+00:00,1.0889,1.08905,1.08813,1.08832,2936
2024-03-18 00:00:00+00:00,1.08833,1.09054,1.0865,1.0873,115956
2024-03-19 00:00:00+00:00,1.08727,1.08764,1.08347,1.0861,145459
2024-03-20 00:00:00+00:00,1.0862,1.09369,1.08367,1.09368,145044
2024-03-21 00:00:00+00:00,1.09337,1.09421,1.0855,1.08618,158012
2024-03-22 00:00:00+00:00,1.08627,1.08677,1.08,1.0861,124474
2024-03-24 00:00:00+00:00,1.08051,1.08094,1.08047,1.0807,1889
2024-03-25 00:00:00+00:00,1.08071,1.08418,1.08,1.08369,114479
2024-03-26 00:00:00+00:00,1.08373,1.08639,1.08243,1.08325,125430
2024-03-27 00:00:00+00:00,1.08319,1.08387,1.0809,1.08125,128764
2024-03-28 00:00:00+00:00,1.08131,1.08263,1.0774,1.07906,141840
2024-03-29 00:00:00+00:00,1.07895,1.0808,1.0768,1.0799,75746
2024-03-31 00:00:00+00:00,1.07892,1.07958,1.07854,1.07929,3110
2024-04-01 00:00:00+00:00,1.0792,1.07983,1.0731,1.0737,109892
2024-04-02 00:00:00+00:00,1.07347,1.07784,1.07248,1.07677,121032
2024-04-03 00:00:00+00:00,1.07674,1.08396,1.0764,1.08378,131024
2024-04-04 00:00:00+00:00,1.0839,1.08753,1.08322,1.08362,128353
2024-04-05 00:00:00+00:00,1.08359,1.0848,1.07914,1.0848,135312
2024-04-07 00:00:00+00:00,1.08366,1.08366,1.0827,1.08296,2073
2024-04-08 00:00:00+00:00,1.08284,1.08634,1.082,1.0862,126845
2024-04-09 00:00:00+00:00,1.08619,1.08845,1.08478,1.08587,117954
2024-04-10 00:00:00+00:00,1.08584,1.08656,1.0729,1.0741,133838
2024-04-11 00:00:00+00:00,1.07392,1.07554,1.06998,1.07258,156772
2024-04-12 00:00:00+00:00,1.07245,1.07279,1.06227,1.067,156824
2024-04-14 00:00:00+00:00,1.06344,1.0651,1.06344,1.0645,3514
2024-04-15 00:00:00+00:00,1.06468,1.06652,1.06203,1.06244,158333
2024-04-16 00:00:00+00:00,1.0622,1.06536,1.0602,1.06208,179088
2024-04-17 00:00:00+00:00,1.06207,1.06786,1.06079,1.06688,160534
2024-04-18 00:00:00+00:00,1.0666,1.06898,1.0639,1.06422,144861
2024-04-19 00:00:00+00:00,1.06416,1.06766,1.06107,1.0669,181701
2024-04-21 00:00:00+00:00,1.06559,1.06608,1.06551,1.06573,1984
2024-04-22 00:00:00+00:00,1.06575,1.06705,1.06246,1.06537,129313
2024-04-23 00:00:00+00:00,1.0654,1.07098,1.06389,1.07022,137999
2024-04-24 00:00:00+00:00,1.0702,1.07136,1.06789,1.06996,110328
2024-04-25 00:00:00+00:00,1.0701,1.07383,1.06785,1.07265,138644
2024-04-26 00:00:00+00:00,1.07255,1.07521,1.06747,1.07,132910
2024-04-28 00:00:00+00:00,1.06914,1.07067,1.06891,1.07067,2058
2024-04-29 00:00:00+00:00,1.07072,1.07332,1.06902,1.07146,156161
2024-04-30 00:00:00+00:00,1.0715,1.07342,1.0664,1.06657,147688
2024-05-01 00:00:00+00:00,1.06668,1.07319,1.06498,1.07172,128394
2024-05-02 00:00:00+00:00,1.0716,1.07307,1.06754,1.0729,145917
2024-05-03 00:00:00+00:00,1.07273,1.08083,1.0724,1.07599,139634
2024-05-05 00:00:00+00:00,1.0771,1.0771,1.07575,1.07581,1545
2024-05-06 00:00:00+00:00,1.07558,1.07904,1.07558,1.0769,108445
2024-05-07 00:00:00+00:00,1.07706,1.07864,1.0747,1.07498,123121
2024-05-08 00:00:00+00:00,1.07487,1.07563,1.0733,1.07467,107619
2024-05-09 00:00:00+00:00,1.07461,1.07856,1.0724,1.07817,124085
2024-05-10 00:00:00+00:00,1.0782,1.079,1.0761,1.0771,117136
2024-05-12 00:00:00+00:00,1.07715,1.07749,1.07672,1.0769,2305
2024-05-13 00:00:00+00:00,1.07699,1.08063,1.0766,1.07918,123675
2024-05-14 00:00:00+00:00,1.07905,1.08255,1.0776,1.08138,116030
2024-05-15 00:00:00+00:00,1.08131,1.089,1.0813,1.0888,137165
2024-05-16 00:00:00+00:00,1.08869,1.08948,1.08551,1.08676,126178
2024-05-17 00:00:00+00:00,1.08675,1.08779,1.0835,1.08625,106156
2024-05-19 00:00:00+00:00,1.0865,1.0874,1.08608,1.0871,2053
2024-05-20 00:00:00+00:00,1.08714,1.08842,1.0852,1.08602,108229
2024-05-21 00:00:00+00:00,1.08584,1.08746,1.08448,1.08538,121330
2024-05-22 00:00:00+00:00,1.08548,1.08629,1.08176,1.08249,126319
2024-05-23 00:00:00+00:00,1.08248,1.08606,1.0804,1.08115,138764
2024-05-24 00:00:00+00:00,1.08111,1.08573,1.08056,1.0843,113296
2024-05-26 00:00:00+00:00,1.08436,1.08509,1.08419,1.0847,1774
2024-05-27 00:00:00+00:00,1.08468,1.08671,1.0841,1.08613,79797
2024-05-28 00:00:00+00:00,1.08613,1.08889,1.085,1.08509,123661
2024-05-29 00:00:00+00:00,1.08506,1.0858,1.0798,1.08008,129439
2024-05-30 00:00:00+00:00,1.08,1.08451,1.0788,1.08311,128490
2024-05-31 00:00:00+00:00,1.08317,1.08811,1.0811,1.08301,130300
2024-06-02 00:00:00+00:00,1.08475,1.0854,1.08453,1.08524,3087
2024-06-03 00:00:00+00:00,1.0851,1.091,1.08278,1.09071,129672
2024-06-04 00:00:00+00:00,1.09086,1.09154,1.08603,1.08814,136330
2024-06-05 00:00:00+00:00,1.08798,1.089,1.0854,1.08737,122844
2024-06-06 00:00:00+00:00,1.08748,1.08969,1.08636,1.08915,121559
2024-06-07 00:00:00+00:00,1.08898,1.09009,1.07991,1.0816,135576
2024-06-09 00:00:00+00:00,1.07725,1.07795,1.07648,1.0778,3737
2024-06-10 00:00:00+00:00,1.07788,1.07811,1.0732,1.07632,123548
2024-06-11 00:00:00+00:00,1.07641,1.07729,1.07207,1.07399,123949
2024-06-12 00:00:00+00:00,1.07385,1.08512,1.0734,1.08126,154454
2024-06-13 00:00:00+00:00,1.08129,1.08161,1.07336,1.07375,134643
2024-06-14 00:00:00+00:00,1.07373,1.07449,1.06676,1.0703,145146
2024-06-16 00:00:00+00:00,1.07026,1.07082,1.07008,1.07024,2422
2024-06-17 00:00:00+00:00,1.0702,1.0741,1.06873,1.0738,128783
2024-06-18 00:00:00+00:00,1.07398,1.07607,1.07106,1.07386,129200
2024-06-19 00:00:00+00:00,1.0737,1.07529,1.07258,1.0747,90067
2024-06-20 00:00:00+00:00,1.07461,1.07478,1.07,1.07058,95635
2024-06-21 00:00:00+00:00,1.07057,1.07204,1.06712,1.0692,90640
2024-06-23 00:00:00+00:00,1.0683,1.06951,1.0683,1.06876,2567
2024-06-24 00:00:00+00:00,1.06866,1.07463,1.06843,1.07322,122375
2024-06-25 00:00:00+00:00,1.07328,1.07438,1.06914,1.07091,114751
2024-06-26 00:00:00+00:00,1.07081,1.07177,1.0667,1.06798,125302
2024-06-27 00:00:00+00:00,1.06797,1.07257,1.0676,1.07075,128990
2024-06-28 00:00:00+00:00,1.07074,1.0724,1.0684,1.0713,132381
2024-06-30 00:00:00+00:00,1.07447,1.07447,1.07321,1.07348,3489
2024-07-01 00:00:00+00:00,1.07353,1.07754,1.0718,1.07363,119291
2024-07-02 00:00:00+00:00,1.0737,1.0749,1.07103,1.07479,121747
2024-07-03 00:00:00+00:00,1.0748,1.08151,1.0735,1.07909,97751
2024-07-04 00:00:00+00:00,1.07919,1.0814,1.0783,1.08104,82234
2024-07-05 00:00:00+00:00,1.08102,1.0842,1.08102,1.0838,113874
2024-07-07 00:00:00+00:00,1.08008,1.08327,1.08008,1.08256,3731
2024-07-08 00:00:00+00:00,1.08263,1.08446,1.0814,1.08303,115444
2024-07-09 00:00:00+00:00,1.08315,1.08329,1.0806,1.08142,108864
2024-07-10 00:00:00+00:00,1.08166,1.08361,1.081,1.0833,105258
2024-07-11 00:00:00+00:00,1.08326,1.08972,1.0832,1.08737,139847
2024-07-12 00:00:00+00:00,1.0871,1.09112,1.0861,1.0906,127061
2024-07-14 00:00:00+00:00,1.08849,1.08929,1.0882,1.08856,3271
2024-07-15 00:00:00+00:00,1.0886,1.09214,1.0883,1.08979,132741
2024-07-16 00:00:00+00:00,1.08973,1.09051,1.08717,1.09002,125707
2024-07-17 00:00:00+00:00,1.09061,1.09467,1.0896,1.09395,127754
2024-07-18 00:00:00+00:00,1.09403,1.09404,1.0893,1.09001,138208
2024-07-19 00:00:00+00:00,1.08994,1.08994,1.0875,1.0882,115545
2024-07-21 00:00:00+00:00,1.08831,1.09024,1.08806,1.08986,3298
2024-07-22 00:00:00+00:00,1.0896,1.0898,1.08731,1.08887,122864
2024-07-23 00:00:00+00:00,1.089,1.08964,1.0844,1.08495,121246
2024-07-24 00:00:00+00:00,1.08497,1.08664,1.0826,1.08378,137878
2024-07-25 00:00:00+00:00,1.0836,1.08695,1.08289,1.08512,158084
2024-07-26 00:00:00+00:00,1.08522,1.0868,1.0841,1.0856,120019
2024-07-28 00:00:00+00:00,1.08543,1.08596,1.0852,1.08526,2884
2024-07-29 00:00:00+00:00,1.0852,1.08697,1.08026,1.08189,119237
2024-07-30 00:00:00+00:00,1.08171,1.08354,1.0799,1.08156,132256
2024-07-31 00:00:00+00:00,1.08165,1.08491,1.0803,1.08237,169228
2024-08-01 00:00:00+00:00,1.08254,1.0835,1.0777,1.07864,171193
2024-08-02 00:00:00+00:00,1.07849,1.09259,1.07823,1.0909,183750
2024-08-04 00:00:00+00:00,1.09223,1.09233,1.09027,1.09101,6116
2024-08-05 00:00:00+00:00,1.09108,1.10068,1.08935,1.09506,273319
2024-08-06 00:00:00+00:00,1.09515,1.09626,1.09041,1.09252,218953
2024-08-07 00:00:00+00:00,1.09242,1.09362,1.09063,1.09272,182253
2024-08-08 00:00:00+00:00,1.09267,1.09447,1.08818,1.09148,169170
2024-08-09 00:00:00+00:00,1.09137,1.09301,1.0908,1.0915,132872
2024-08-11 00:00:00+00:00,1.09138,1.09185,1.09095,1.09123,2627
2024-08-12 00:00:00+00:00,1.09132,1.09387,1.0911,1.09355,130909
2024-08-13 00:00:00+00:00,1.09348,1.09991,1.0915,1.09954,150803
2024-08-14 00:00:00+00:00,1.09964,1.10466,1.09875,1.10113,146227
2024-08-15 00:00:00+00:00,1.10121,1.1016,1.095,1.09722,134946
2024-08-16 00:00:00+00:00,1.09735,1.1029,1.0973,1.1027,122800
2024-08-18 00:00:00+00:00,1.10267,1.10328,1.1021,1.10244,2868
2024-08-19 00:00:00+00:00,1.10235,1.1087,1.1023,1.10854,141531
2024-08-20 00:00:00+00:00,1.1086,1.11312,1.10722,1.11271,144197
2024-08-21 00:00:00+00:00,1.11274,1.11729,1.11025,1.11548,157215
2024-08-22 00:00:00+00:00,1.11547,1.11563,1.10982,1.11157,149938
2024-08-23 00:00:00+00:00,1.11143,1.12007,1.1106,1.11913,153333
2024-08-25 00:00:00+00:00,1.11838,1.11934,1.11838,1.1187,3803
2024-08-26 00:00:00+00:00,1.1188,1.12009,1.11499,1.11645,155866
2024-08-27 00:00:00+00:00,1.11633,1.11904,1.11508,1.1176,149329
2024-08-28 00:00:00+00:00,1.11751,1.11797,1.1105,1.11244,161779
2024-08-29 00:00:00+00:00,1.11244,1.11397,1.1056,1.108,164228
2024-08-30 00:00:00+00:00,1.10791,1.10948,1.1044,1.10455,157963
2024-09-01 00:00:00+00:00,1.10498,1.10498,1.10439,1.10444,2322
2024-09-02 00:00:00+00:00,1.10437,1.1104,1.1042,1.10669,107953
2024-09-03 00:00:00+00:00,1.1067,1.107,1.10267,1.10483,171709
2024-09-04 00:00:00+00:00,1.10471,1.10943,1.10406,1.10794,162058
2024-09-05 00:00:00+00:00,1.10804,1.11189,1.10747,1.11108,162486
2024-09-06 00:00:00+00:00,1.11109,1.11483,1.10664,1.10803,166957
2024-09-08 00:00:00+00:00,1.10844,1.1093,1.10799,1.1087,3461
2024-09-09 00:00:00+00:00,1.10851,1.10907,1.10321,1.10351,147624
2024-09-10 00:00:00+00:00,1.10344,1.10494,1.10153,1.10197,142307
2024-09-11 00:00:00+00:00,1.10217,1.10546,1.10021,1.10102,172714
2024-09-12 00:00:00+00:00,1.1011,1.1079,1.1006,1.1077,162552
2024-09-13 00:00:00+00:00,1.10788,1.11003,1.10715,1.1073,154586
2024-09-15 00:00:00+00:00,1.10714,1.1089,1.10714,1.1087,2837
2024-09-16 00:00:00+00:00,1.10875,1.11352,1.1086,1.11291,142775
2024-09-17 00:00:00+00:00,1.11289,1.11458,1.11064,1.1123,156452
2024-09-18 00:00:00+00:00,1.11217,1.11866,1.1097,1.11138,174758
2024-09-19 00:00:00+00:00,1.11132,1.11784,1.10702,1.11593,195468
2024-09-20 00:00:00+00:00,1.116,1.11811,1.11366,1.1163,175669
2024-09-22 00:00:00+00:00,1.11573,1.11641,1.11573,1.11588,2310
2024-09-23 00:00:00+00:00,1.11593,1.1167,1.10837,1.1109,166681
2024-09-24 00:00:00+00:00,1.111,1.1191,1.1103,1.1191,166239
2024-09-25 00:00:00+00:00,1.11915,1.1212,1.11215,1.11296,148887
2024-09-26 00:00:00+00:00,1.11295,1.11887,1.11263,1.11768,136010
2024-09-27 00:00:00+00:00,1.11766,1.11994,1.11263,1.1164,182226
2024-09-29 00:00:00+00:00,1.11527,1.1172,1.11527,1.1168,2926
2024-09-30 00:00:00+00:00,1.11695,1.12084,1.11154,1.11365,175197
2024-10-01 00:00:00+00:00,1.11357,1.11436,1.10458,1.10643,188468
2024-10-02 00:00:00+00:00,1.10666,1.10822,1.10332,1.1045,166288
2024-10-03 00:00:00+00:00,1.10459,1.1047,1.10094,1.1034,172618
2024-10-04 00:00:00+00:00,1.10367,1.1039,1.09508,1.0975,161601
2024-10-06 00:00:00+00:00,1.09606,1.09712,1.09599,1.0971,3117
2024-10-07 00:00:00+00:00,1.097,1.09867,1.09551,1.0972,156163
2024-10-08 00:00:00+00:00,1.09754,1.09956,1.0961,1.09752,162888
2024-10-09 00:00:00+00:00,1.09744,1.09784,1.0935,1.09416,154409
2024-10-10 00:00:00+00:00,1.09418,1.09527,1.09004,1.09334,167603
2024-10-11 00:00:00+00:00,1.0934,1.09534,1.0926,1.0937,127776
2024-10-13 00:00:00+00:00,1.0943,1.0943,1.0943,1.0943,1
2024-10-14 00:00:00+00:00,1.09163,1.09365,1.08914,1.0908,126806
2024-10-15 00:00:00+00:00,1.09089,1.09161,1.08826,1.0883,151641
2024-10-16 00:00:00+00:00,1.08839,1.09007,1.08535,1.08586,148056
2024-10-17 00:00:00+00:00,1.08592,1.08671,1.08123,1.08286,157719
2024-10-18 00:00:00+00:00,1.08283,1.08692,1.0826,1.0867,142963
2024-10-20 00:00:00+00:00,1.087,1.087,1.0865,1.08679,2071
2024-10-21 00:00:00+00:00,1.0867,1.08683,1.081,1.08149,154449
2024-10-22 00:00:00+00:00,1.0816,1.08375,1.07927,1.07962,152896
2024-10-23 00:00:00+00:00,1.0796,1.08068,1.0762,1.07804,168780
2024-10-24 00:00:00+00:00,1.07809,1.08296,1.07708,1.08235,152416
2024-10-25 00:00:00+00:00,1.08244,1.08391,1.0792,1.0795,153720
2024-10-27 00:00:00+00:00,1.07929,1.07997,1.07859,1.07959,2961
2024-10-28 00:00:00+00:00,1.07966,1.08263,1.07822,1.08176,138370
2024-10-29 00:00:00+00:00,1.08168,1.08259,1.07701,1.08198,177682
2024-10-30 00:00:00+00:00,1.08195,1.08708,1.08089,1.08582,174129
2024-10-31 00:00:00+00:00,1.08587,1.08877,1.08446,1.0882,187084
2024-11-01 00:00:00+00:00,1.08833,1.09037,1.0831,1.08327,170533
2024-11-03 00:00:00+00:00,1.08744,1.08807,1.08717,1.08726,2665
2024-11-04 00:00:00+00:00,1.0873,1.09145,1.08697,1.08736,162530
2024-11-05 00:00:00+00:00,1.08738,1.0936,1.0872,1.09332,150235
2024-11-06 00:00:00+00:00,1.09308,1.09323,1.06835,1.07314,287325
2024-11-07 00:00:00+00:00,1.07335,1.08245,1.07135,1.07953,201771
2024-11-08 00:00:00+00:00,1.0794,1.07967,1.06883,1.07182,188220
2024-11-10 00:00:00+00:00,1.0704,1.07166,1.0704,1.0713,2518
2024-11-11 00:00:00+00:00,1.07122,1.07271,1.0628,1.06629,164290
2024-11-12 00:00:00+00:00,1.06617,1.06623,1.05952,1.06166,180091
2024-11-13 00:00:00+00:00,1.06155,1.06482,1.05564,1.05656,186773
2024-11-14 00:00:00+00:00,1.05652,1.05806,1.04983,1.05295,190722
2024-11-15 00:00:00+00:00,1.05298,1.05923,1.05172,1.0539,182683
2024-11-17 00:00:00+00:00,1.05281,1.05376,1.0528,1.05362,1984
2024-11-18 00:00:00+00:00,1.05336,1.06068,1.05306,1.05944,158167
2024-11-19 00:00:00+00:00,1.05942,1.0608,1.05271,1.06068,191418
2024-11-20 00:00:00+00:00,1.06083,1.06096,1.05076,1.0546,167906
2024-11-21 00:00:00+00:00,1.05453,1.05547,1.04622,1.04687,181346
2024-11-22 00:00:00+00:00,1.0468,1.04963,1.03401,1.0425,196643
2024-11-25 00:00:00+00:00,1.05236,1.05271,1.04436,1.04436,79670
2024-11-26 00:00:00+00:00,1.04397,1.05438,1.04263,1.04915,213756
2024-11-27 00:00:00+00:00,1.04915,1.05868,1.0474,1.0562,195648
2024-11-28 00:00:00+00:00,1.05602,1.05621,1.0451,1.056,134384
2024-11-29 00:00:00+00:00,1.05609,1.05952,1.05411,1.0576,191191
2024-12-01 00:00:00+00:00,1.05584,1.05683,1.05333,1.05432,3004
2024-12-02 00:00:00+00:00,1.05453,1.05453,1.04616,1.05008,197561
2024-12-03 00:00:00+00:00,1.05009,1.05346,1.04814,1.0508,187362
2024-12-04 00:00:00+00:00,1.05086,1.05432,1.04736,1.05125,192994
2024-12-05 00:00:00+00:00,1.051,1.0589,1.0508,1.05861,169683
2024-12-06 00:00:00+00:00,1.05856,1.06222,1.05424,1.0566,171226
2024-12-08 00:00:00+00:00,1.05579,1.05687,1.05549,1.05654,2019
2024-12-09 00:00:00+00:00,1.05644,1.05928,1.0532,1.05539,161705
2024-12-10 00:00:00+00:00,1.05574,1.05678,1.04991,1.0531,144245
2024-12-11 00:00:00+00:00,1.05291,1.0539,1.04805,1.05055,183277
2024-12-12 00:00:00+00:00,1.05071,1.05296,1.04585,1.04731,188141
2024-12-13 00:00:00+00:00,1.0474,1.05239,1.04536,1.0501,154426
2024-12-15 00:00:00+00:00,1.04886,1.05106,1.04818,1.05094,1721
2024-12-16 00:00:00+00:00,1.05108,1.05225,1.04752,1.05169,156068
2024-12-17 00:00:00+00:00,1.0517,1.0532,1.04795,1.04946,169611
2024-12-18 00:00:00+00:00,1.04944,1.05122,1.03445,1.03506,187204
2024-12-19 00:00:00+00:00,1.03528,1.04221,1.03523,1.03644,232910
2024-12-20 00:00:00+00:00,1.0366,1.0447,1.03441,1.0428,208063
2024-12-22 00:00:00+00:00,1.04326,1.04439,1.04278,1.04335,1859
2024-12-23 00:00:00+00:00,1.04344,1.04449,1.03848,1.04039,160968
2024-12-24 00:00:00+00:00,1.04043,1.0434,1.03842,1.0403,118621
2024-12-25 00:00:00+00:00,1.0401,1.0441,1.03818,1.03985,10338
2024-12-26 00:00:00+00:00,1.03985,1.04294,1.03907,1.04213,145103
2024-12-27 00:00:00+00:00,1.04217,1.0443,1.04057,1.04219,147996
2024-12-29 00:00:00+00:00,1.04232,1.04327,1.04231,1.04291,1277
2024-12-30 00:00:00+00:00,1.04268,1.04578,1.03722,1.04055,159340
2024-12-31 00:00:00+00:00,1.04049,1.04242,1.03446,1.03496,131049
2025-01-01 00:00:00+00:00,1.0354,1.036,1.03463,1.03508,5102
2025-01-02 00:00:00+00:00,1.0369,1.03746,1.02295,1.02678,164402
2025-01-03 00:00:00+00:00,1.0268,1.03093,1.0263,1.0307,148831
2025-01-05 00:00:00+00:00,1.02983,1.03077,1.02951,1.0305,1463
2025-01-06 00:00:00+00:00,1.03026,1.04357,1.02953,1.03832,188407
2025-01-07 00:00:00+00:00,1.03823,1.04339,1.03379,1.03415,183132
2025-01-08 00:00:00+00:00,1.03426,1.03573,1.02753,1.03132,184975
2025-01-09 00:00:00+00:00,1.03146,1.03213,1.0285,1.02964,147047
2025-01-10 00:00:00+00:00,1.02983,1.03117,1.01399,1.01405,175743
2025-01-12 00:00:00+00:00,1.02359,1.02465,1.02331,1.02428,1874
2025-01-13 00:00:00+00:00,1.02436,1.0277,1.01796,1.0264,181759
2025-01-14 00:00:00+00:00,1.02984,1.03081,1.02953,1.0306,16745
2025-01-15 00:00:00+00:00,1.03038,1.0349,1.02667,1.02947,169435
2025-01-16 00:00:00+00:00,1.02956,1.03141,1.02614,1.03014,174382
2025-01-17 00:00:00+00:00,1.03002,1.03285,1.01216,1.01216,160041
2025-01-19 00:00:00+00:00,1.02755,1.02802,1.02667,1.02802,1693
2025-01-20 00:00:00+00:00,1.02886,1.043,1.02886,1.04208,149599
2025-01-21 00:00:00+00:00,1.04211,1.04352,1.03434,1.04052,207499
2025-01-22 00:00:00+00:00,1.0408,1.04557,1.03999,1.04076,168328
2025-01-23 00:00:00+00:00,1.04084,1.04374,1.03834,1.04157,172751
2025-01-24 00:00:00+00:00,1.04146,1.05207,1.03305,1.03305,181321
2025-01-26 00:00:00+00:00,1.04754,1.04828,1.04653,1.04672,2270
2025-01-27 00:00:00+00:00,1.04657,1.05299,1.04317,1.04367,202717
2025-01-28 00:00:00+00:00,1.0443,1.04565,1.04134,1.04272,173700
2025-01-29 00:00:00+00:00,1.04282,1.04434,1.03833,1.04239,179260
2025-01-30 00:00:00+00:00,1.04241,1.0463,1.0384,1.03963,159829
2025-01-31 00:00:00+00:00,1.0397,1.04318,1.03511,1.0356,190867
2025-02-02 00:00:00+00:00,1.0232,1.02647,1.0232,1.02466,5159
2025-02-03 00:00:00+00:00,1.02436,1.03486,1.02124,1.03275,231989
2025-02-04 00:00:00+00:00,1.03302,1.03867,1.02732,1.0371,191055
2025-02-05 00:00:00+00:00,1.03737,1.04356,1.03695,1.03981,179221
2025-02-06 00:00:00+00:00,1.03992,1.04048,1.03535,1.03849,165573
2025-02-07 00:00:00+00:00,1.03851,1.03997,1.03137,1.0328,176029
2025-02-09 00:00:00+00:00,1.02883,1.03128,1.02839,1.03093,2605
2025-02-10 00:00:00+00:00,1.03106,1.03356,1.0297,1.03003,143839
2025-02-11 00:00:00+00:00,1.03008,1.03733,1.029,1.0363,151137
2025-02-12 00:00:00+00:00,1.0363,1.04297,1.0318,1.0392,178403
2025-02-13 00:00:00+00:00,1.03919,1.0468,1.03777,1.04613,188745
2025-02-14 00:00:00+00:00,1.04607,1.0513,1.04473,1.04897,168075
2025-02-16 00:00:00+00:00,1.04845,1.0493,1.04837,1.0488,1935
2025-02-17 00:00:00+00:00,1.04871,1.0506,1.04671,1.0484,111697
2025-02-18 00:00:00+00:00,1.0484,1.04856,1.04353,1.04477,140792
2025-02-19 00:00:00+00:00,1.04461,1.04608,1.04022,1.04202,150050
2025-02-20 00:00:00+00:00,1.04222,1.0505,1.0418,1.05001,160207
2025-02-21 00:00:00+00:00,1.04988,1.05049,1.0449,1.04575,160832
2025-02-23 00:00:00+00:00,1.04717,1.04838,1.04599,1.04736,2439
2025-02-24 00:00:00+00:00,1.04725,1.05276,1.04535,1.04606,172666
2025-02-25 00:00:00+00:00,1.04613,1.0525,1.04575,1.052,168988
2025-02-26 00:00:00+00:00,1.05197,1.05242,1.04752,1.04874,180790
2025-02-27 00:00:00+00:00,1.0485,1.0487,1.03884,1.0393,176382
2025-02-28 00:00:00+00:00,1.03936,1.04189,1.03596,1.0374,186703
2025-03-02 00:00:00+00:00,1.04023,1.04197,1.03985,1.04117,3204
2025-03-03 00:00:00+00:00,1.04094,1.05005,1.03905,1.04851,191746
2025-03-04 00:00:00+00:00,1.04862,1.06363,1.04712,1.0623,236851
2025-03-05 00:00:00+00:00,1.06196,1.07962,1.06025,1.07937,239007
2025-03-06 00:00:00+00:00,1.07955,1.08504,1.07658,1.07869,241588
2025-03-07 00:00:00+00:00,1.07875,1.08862,1.0781,1.08264,205698
2025-03-09 00:00:00+00:00,1.08329,1.08637,1.08296,1.08596,4814
2025-03-10 00:00:00+00:00,1.08559,1.08726,1.08055,1.0839,201234
2025-03-11 00:00:00+00:00,1.08396,1.09465,1.0835,1.09138,208021
2025-03-12 00:00:00+00:00,1.09152,1.09261,1.08762,1.08851,195101
2025-03-13 00:00:00+00:00,1.08857,1.08967,1.08152,1.08545,188695
2025-03-14 00:00:00+00:00,1.08551,1.091,1.0831,1.0877,166211
2025-03-16 00:00:00+00:00,1.08771,1.08842,1.08746,1.08791,3009
2025-03-17 00:00:00+00:00,1.08821,1.09283,1.08691,1.09178,146437
2025-03-18 00:00:00+00:00,1.09177,1.09534,1.08947,1.09383,153659
2025-03-19 00:00:00+00:00,1.09372,1.09446,1.08607,1.09114,155990
2025-03-20 00:00:00+00:00,1.09113,1.09169,1.08155,1.08528,152149
2025-03-21 00:00:00+00:00,1.08563,1.0859,1.08034,1.082,142933
2025-03-23 00:00:00+00:00,1.08126,1.0836,1.08111,1.08356,3055
2025-03-24 00:00:00+00:00,1.0834,1.08566,1.07827,1.0802,152456
2025-03-25 00:00:00+00:00,1.07996,1.08298,1.07773,1.07886,154054
2025-03-26 00:00:00+00:00,1.07889,1.08018,1.07332,1.07406,156377
2025-03-27 00:00:00+00:00,1.07428,1.08181,1.0742,1.08005,156137
2025-03-28 00:00:00+00:00,1.07975,1.08445,1.07657,1.08212,151799
2025-03-30 00:00:00+00:00,1.0823,1.08286,1.08058,1.08231,4284
2025-03-31 00:00:00+00:00,1.08248,1.08479,1.07846,1.08171,175251
2025-04-01 00:00:00+00:00,1.08181,1.08296,1.07788,1.0795,170059
2025-04-02 00:00:00+00:00,1.0793,1.09115,1.07815,1.0905,172474
2025-04-03 00:00:00+00:00,1.0902,1.11302,1.08808,1.1045,170872
2025-04-04 00:00:00+00:00,1.10454,1.11067,1.09268,1.09544,149096
2025-04-06 00:00:00+00:00,1.0889,1.09989,1.08787,1.09827,10244
2025-04-07 00:00:00+00:00,1.0978,1.10499,1.0898,1.09142,328670
2025-04-08 00:00:00+00:00,1.09197,1.09916,1.08921,1.09768,291814
2025-04-09 00:00:00+00:00,1.0977,1.10947,1.09157,1.09503,346563
2025-04-10 00:00:00+00:00,1.09516,1.12614,1.09516,1.12571,310603
2025-04-11 00:00:00+00:00,1.12606,1.1469,1.12508,1.13492,328779
2025-04-13 00:00:00+00:00,1.13079,1.13528,1.13079,1.13419,6904
2025-04-14 00:00:00+00:00,1.13463,1.14233,1.12986,1.13356,263401
2025-04-15 00:00:00+00:00,1.1336,1.13771,1.12665,1.12933,232395
2025-04-16 00:00:00+00:00,1.12946,1.1412,1.12946,1.1395,246292
2025-04-17 00:00:00+00:00,1.13958,1.13958,1.13409,1.13719,213654
2025-04-20 00:00:00+00:00,1.13927,1.14565,1.13927,1.14485,5741
2025-04-21 00:00:00+00:00,1.14529,1.15726,1.14529,1.15134,184693
2025-04-22 00:00:00+00:00,1.15101,1.15462,1.13084,1.13501,218861
2025-04-23 00:00:00+00:00,1.13599,1.14397,1.13099,1.13287,221476
2025-04-24 00:00:00+00:00,1.13268,1.13974,1.1321,1.13724,180628
2025-04-25 00:00:00+00:00,1.13682,1.13878,1.13157,1.1363,168240
2025-04-27 00:00:00+00:00,1.1367,1.1367,1.1341,1.13444,3880
2025-04-28 00:00:00+00:00,1.1347,1.14244,1.13299,1.1407,169372
2025-04-29 00:00:00+00:00,1.14092,1.14192,1.13697,1.13898,179539
2025-04-30 00:00:00+00:00,1.13898,1.13982,1.13185,1.13215,184886
2025-05-01 00:00:00+00:00,1.1325,1.13398,1.12663,1.12954,164878
2025-05-02 00:00:00+00:00,1.12982,1.13782,1.1274,1.1298,190034
2025-05-04 00:00:00+00:00,1.13004,1.13264,1.12886,1.13205,3819
2025-05-05 00:00:00+00:00,1.13188,1.13645,1.12978,1.13119,165867
2025-05-06 00:00:00+00:00,1.1309,1.13799,1.12805,1.13396,174977
2025-05-07 00:00:00+00:00,1.1341,1.13761,1.12929,1.13026,183109
2025-05-08 00:00:00+00:00,1.1304,1.13357,1.1212,1.12264,183646
2025-05-09 00:00:00+00:00,1.12286,1.1291,1.11985,1.12439,141566
2025-05-11 00:00:00+00:00,1.11871,1.12346,1.11871,1.12275,4744
2025-05-12 00:00:00+00:00,1.12307,1.12419,1.10653,1.10955,199842
2025-05-13 00:00:00+00:00,1.1097,1.11969,1.10963,1.11853,159674
2025-05-14 00:00:00+00:00,1.11876,1.12643,1.11639,1.11809,176983
2025-05-15 00:00:00+00:00,1.11795,1.12269,1.11707,1.11916,153923
2025-05-16 00:00:00+00:00,1.11918,1.1218,1.11322,1.11565,140147
2025-05-18 00:00:00+00:00,1.11907,1.11934,1.11816,1.11883,1701
2025-05-19 00:00:00+00:00,1.11884,1.12858,1.11727,1.12321,161962
2025-05-20 00:00:00+00:00,1.1231,1.12884,1.1218,1.1288,151053
2025-05-21 00:00:00+00:00,1.12887,1.13605,1.12868,1.13317,171186
2025-05-22 00:00:00+00:00,1.13316,1.13437,1.12571,1.12814,171894
2025-05-23 00:00:00+00:00,1.12813,1.13728,1.12792,1.13613,155927
2025-05-25 00:00:00+00:00,1.13637,1.1381,1.13597,1.13741,4776
2025-05-26 00:00:00+00:00,1.13787,1.14184,1.13687,1.1388,107489
2025-05-27 00:00:00+00:00,1.13883,1.14063,1.13234,1.1337,149108
2025-05-28 00:00:00+00:00,1.13385,1.13444,1.12099,1.12292,156717
2025-05-29 00:00:00+00:00,1.12281,1.13834,1.12257,1.13763,170773
2025-05-30 00:00:00+00:00,1.13784,1.13896,1.13143,1.13445,162139
2025-06-01 00:00:00+00:00,1.13465,1.13596,1.13459,1.13525,3804
2025-06-02 00:00:00+00:00,1.13547,1.1454,1.13547,1.14526,157271
2025-06-03 00:00:00+00:00,1.14541,1.14541,1.13655,1.13837,143515
2025-06-04 00:00:00+00:00,1.13855,1.1434,1.13577,1.14204,150044
2025-06-05 00:00:00+00:00,1.14207,1.14924,1.14056,1.1453,164222
2025-06-06 00:00:00+00:00,1.14528,1.14564,1.1372,1.13913,140967
2025-06-08 00:00:00+00:00,1.13919,1.14104,1.13889,1.14058,2418
2025-06-09 00:00:00+00:00,1.14066,1.14383,1.13873,1.14263,120684
2025-06-10 00:00:00+00:00,1.14258,1.14457,1.13743,1.14373,146485
2025-06-11 00:00:00+00:00,1.14357,1.15123,1.1405,1.15097,155138
2025-06-12 00:00:00+00:00,1.15115,1.16278,1.15027,1.16088,177283
2025-06-13 00:00:00+00:00,1.1605,1.16106,1.14913,1.15418,197219
2025-06-15 00:00:00+00:00,1.155,1.155,1.155,1.155,1
2025-06-16 00:00:00+00:00,1.15383,1.16131,1.15253,1.15535,164917
2025-06-17 00:00:00+00:00,1.15501,1.15733,1.14492,1.14818,171039
2025-06-18 00:00:00+00:00,1.14831,1.15297,1.14618,1.1476,174990
2025-06-19 00:00:00+00:00,1.14767,1.15116,1.1447,1.15116,142716
2025-06-20 00:00:00+00:00,1.15117,1.15433,1.14971,1.15202,142444
2025-06-22 00:00:00+00:00,1.14544,1.15066,1.14544,1.14989,5496
2025-06-23 00:00:00+00:00,1.1503,1.16072,1.14543,1.1598,194043
2025-06-24 00:00:00+00:00,1.15994,1.16411,1.15824,1.16118,174664
2025-06-25 00:00:00+00:00,1.16152,1.16841,1.15908,1.16832,149674
2025-06-26 00:00:00+00:00,1.16842,1.17422,1.16687,1.16924,173427
2025-06-27 00:00:00+00:00,1.16948,1.17483,1.16843,1.172,150886
2025-06-29 00:00:00+00:00,1.17288,1.17376,1.17197,1.17261,3865
2025-06-30 00:00:00+00:00,1.17273,1.17898,1.17085,1.1786,153922
2025-07-01 00:00:00+00:00,1.17879,1.18254,1.17616,1.18052,161457
2025-07-02 00:00:00+00:00,1.18043,1.18095,1.1748,1.17982,148142
2025-07-03 00:00:00+00:00,1.18011,1.18098,1.17235,1.17704,136049
2025-07-04 00:00:00+00:00,1.17689,1.17864,1.17574,1.1771,111381
2025-07-06 00:00:00+00:00,1.17798,1.17818,1.1773,1.17798,2685
2025-07-07 00:00:00+00:00,1.17794,1.17888,1.16879,1.17362,140146
2025-07-08 00:00:00+00:00,1.1737,1.17642,1.16841,1.1723,145696
2025-07-09 00:00:00+00:00,1.17232,1.1739,1.16904,1.1739,131445
2025-07-10 00:00:00+00:00,1.17359,1.17488,1.16675,1.17015,127312
2025-07-11 00:00:00+00:00,1.1702,1.17047,1.16671,1.1688,141189
2025-07-13 00:00:00+00:00,1.16673,1.1683,1.16595,1.1682,4682
2025-07-14 00:00:00+00:00,1.16834,1.16974,1.16548,1.1665,127041
2025-07-15 00:00:00+00:00,1.16657,1.16918,1.15931,1.1607,135539
2025-07-16 00:00:00+00:00,1.1608,1.17204,1.15638,1.16351,155060
2025-07-17 00:00:00+00:00,1.16347,1.16347,1.15641,1.16147,128189
2025-07-18 00:00:00+00:00,1.16159,1.16672,1.16123,1.1625,120891
2025-07-20 00:00:00+00:00,1.1633,1.1633,1.16224,1.16291,3550
2025-07-21 00:00:00+00:00,1.16298,1.17164,1.16152,1.16945,120167
2025-07-22 00:00:00+00:00,1.16913,1.17588,1.16794,1.17377,117372
2025-07-23 00:00:00+00:00,1.17372,1.1778,1.1711,1.17731,136780
2025-07-24 00:00:00+00:00,1.17717,1.17875,1.17329,1.17542,130702
2025-07-25 00:00:00+00:00,1.17557,1.1761,1.17035,1.1741,127335
2025-07-27 00:00:00+00:00,1.17529,1.17673,1.17513,1.17549,3860
2025-07-28 00:00:00+00:00,1.17578,1.17695,1.15834,1.15961,147792
2025-07-29 00:00:00+00:00,1.1596,1.1599,1.15198,1.15505,147332
2025-07-30 00:00:00+00:00,1.15518,1.15719,1.14,1.14276,157858
2025-07-31 00:00:00+00:00,1.14319,1.14595,1.14077,1.14213,153383
2025-08-01 00:00:00+00:00,1.14193,1.15951,1.13919,1.15842,171103
2025-08-03 00:00:00+00:00,1.15902,1.15946,1.15777,1.15874,4516
2025-08-04 00:00:00+00:00,1.15867,1.15879,1.15501,1.1584,153178
2025-08-05 00:00:00+00:00,1.15849,1.15873,1.15284,1.1578,137760
2025-08-06 00:00:00+00:00,1.1578,1.16678,1.1564,1.16627,129204
2025-08-07 00:00:00+00:00,1.16602,1.16974,1.16143,1.1675,146057
2025-08-08 00:00:00+00:00,1.16783,1.16783,1.16307,1.1641,123013
2025-08-10 00:00:00+00:00,1.16433,1.16505,1.16431,1.16471,2547
2025-08-11 00:00:00+00:00,1.16456,1.16749,1.15907,1.16159,114987
2025-08-12 00:00:00+00:00,1.1616,1.16938,1.15993,1.16772,149158
2025-08-13 00:00:00+00:00,1.16782,1.17299,1.16706,1.17116,121172
2025-08-14 00:00:00+00:00,1.1713,1.17148,1.16313,1.165,135237
2025-08-15 00:00:00+00:00,1.16486,1.17149,1.1647,1.1698,107657
2025-08-17 00:00:00+00:00,1.17102,1.17137,1.1704,1.1706,4263
2025-08-18 00:00:00+00:00,1.17067,1.17097,1.1655,1.16677,165572
2025-08-19 00:00:00+00:00,1.16675,1.16923,1.16391,1.16411,165811
2025-08-20 00:00:00+00:00,1.16419,1.16727,1.16224,1.16508,180271
2025-08-21 00:00:00+00:00,1.16507,1.1661,1.1601,1.1612,179790
2025-08-22 00:00:00+00:00,1.1612,1.17414,1.15829,1.1718,180777
2025-08-24 00:00:00+00:00,1.17204,1.17247,1.17073,1.17077,5153
2025-08-25 00:00:00+00:00,1.17067,1.17199,1.1604,1.16143,167775
2025-08-26 00:00:00+00:00,1.16121,1.16636,1.16036,1.16366,202057
2025-08-27 00:00:00+00:00,1.16366,1.16472,1.15737,1.16471,177594
2025-08-28 00:00:00+00:00,1.16479,1.16971,1.1629,1.16781,180435
2025-08-29 00:00:00+00:00,1.16784,1.17063,1.16519,1.1684,175672
2025-08-31 00:00:00+00:00,1.16949,1.16949,1.16847,1.169,3600
2025-09-01 00:00:00+00:00,1.16898,1.17358,1.16881,1.17146,142813
2025-09-02 00:00:00+00:00,1.17141,1.17146,1.1614,1.16324,224165
2025-09-03 00:00:00+00:00,1.16331,1.16802,1.16096,1.16607,193153
2025-09-04 00:00:00+00:00,1.16597,1.16685,1.16319,1.16564,184035
2025-09-05 00:00:00+00:00,1.16575,1.17586,1.1652,1.17139,192921
2025-09-07 00:00:00+00:00,1.17104,1.17171,1.17046,1.1712,7697
2025-09-08 00:00:00+00:00,1.17085,1.17722,1.17047,1.17683,190976
2025-09-09 00:00:00+00:00,1.17675,1.17799,1.1696,1.17021,205107
2025-09-10 00:00:00+00:00,1.16991,1.17295,1.16861,1.17021,195414
2025-09-11 00:00:00+00:00,1.17004,1.17445,1.16637,1.17329,196930
2025-09-12 00:00:00+00:00,1.17324,1.17474,1.17032,1.1732,175732
2025-09-14 00:00:00+00:00,1.17276,1.17339,1.1724,1.17253,3581
2025-09-15 00:00:00+00:00,1.17266,1.1773,1.17164,1.17627,166548
2025-09-16 00:00:00+00:00,1.17645,1.18765,1.17575,1.18707,205491
2025-09-17 00:00:00+00:00,1.18696,1.19116,1.18078,1.18249,204425
2025-09-18 00:00:00+00:00,1.18234,1.18478,1.17507,1.17888,223965
2025-09-19 00:00:00+00:00,1.17886,1.17917,1.17298,1.1745,193975
2025-09-21 00:00:00+00:00,1.17396,1.17468,1.17358,1.17361,4208
2025-09-22 00:00:00+00:00,1.17337,1.18032,1.1726,1.18003,175799
2025-09-23 00:00:00+00:00,1.17991,1.18184,1.17809,1.18151,190955
2025-09-24 00:00:00+00:00,1.18141,1.18141,1.17297,1.17418,192984
2025-09-25 00:00:00+00:00,1.17433,1.17533,1.16463,1.16614,206929
2025-09-26 00:00:00+00:00,1.16605,1.17064,1.16578,1.16969,184630
2025-09-28 00:00:00+00:00,1.16964,1.17093,1.16964,1.17046,4517
2025-09-29 00:00:00+00:00,1.17073,1.17529,1.17073,1.17303,182327
2025-09-30 00:00:00+00:00,1.17269,1.17607,1.17121,1.17342,190742
2025-10-01 00:00:00+00:00,1.1733,1.17763,1.17157,1.17325,209258
2025-10-02 00:00:00+00:00,1.17322,1.17578,1.16842,1.17242,176878
2025-10-03 00:00:00+00:00,1.17237,1.17571,1.17155,1.17409,155855
2025-10-05 00:00:00+00:00,1.17211,1.17257,1.17066,1.17113,9692
2025-10-06 00:00:00+00:00,1.1712,1.17306,1.1653,1.17091,183719
2025-10-07 00:00:00+00:00,1.17085,1.17105,1.16475,1.16527,166374
2025-10-08 00:00:00+00:00,1.16522,1.16522,1.15986,1.1629,181718
2025-10-09 00:00:00+00:00,1.16282,1.16481,1.15425,1.15651,199207
2025-10-10 00:00:00+00:00,1.15639,1.16295,1.1561,1.16141,180818
2025-10-12 00:00:00+00:00,1.16164,1.16164,1.15914,1.16014,9831
2025-10-13 00:00:00+00:00,1.16019,1.16293,1.15583,1.15656,164749
2025-10-14 00:00:00+00:00,1.15633,1.16142,1.15441,1.16029,211155
2025-10-15 00:00:00+00:00,1.16034,1.1651,1.16034,1.16456,186747
2025-10-16 00:00:00+00:00,1.16431,1.16994,1.16431,1.1698,198843
2025-10-17 00:00:00+00:00,1.16989,1.17267,1.1649,1.1649,204637
2025-10-19 00:00:00+00:00,1.16632,1.16649,1.16519,1.16576,4882
2025-10-20 00:00:00+00:00,1.16613,1.16754,1.1637,1.1644,170275
2025-10-21 00:00:00+00:00,1.16441,1.16546,1.15972,1.15992,197409
2025-10-22 00:00:00+00:00,1.16,1.16223,1.15772,1.16069,181915
2025-10-23 00:00:00+00:00,1.16066,1.1621,1.15853,1.1617,154170
2025-10-24 00:00:00+00:00,1.16174,1.16461,1.1601,1.1629,160327
2025-10-26 00:00:00+00:00,1.16345,1.16346,1.16256,1.16308,5698
2025-10-27 00:00:00+00:00,1.1631,1.1655,1.1618,1.16505,151219
2025-10-28 00:00:00+00:00,1.16495,1.16681,1.16266,1.16569,168543
2025-10-29 00:00:00+00:00,1.16568,1.16645,1.1577,1.1602,194620
2025-10-30 00:00:00+00:00,1.16016,1.16345,1.15471,1.1571,192841
2025-10-31 00:00:00+00:00,1.1573,1.1577,1.15217,1.15328,160458
2025-11-02 00:00:00+00:00,1.15296,1.15367,1.15257,1.15269,5404
2025-11-03 00:00:00+00:00,1.15284,1.15408,1.15054,1.15183,159404
2025-11-04 00:00:00+00:00,1.15154,1.15326,1.14731,1.1485,187975
2025-11-05 00:00:00+00:00,1.14845,1.14972,1.14696,1.14955,173150
2025-11-06 00:00:00+00:00,1.1494,1.15521,1.1493,1.15482,178952
2025-11-07 00:00:00+00:00,1.15474,1.1589,1.15298,1.1563,175769
2025-11-09 00:00:00+00:00,1.1558,1.1558,1.15417,1.15429,4305
2025-11-10 00:00:00+00:00,1.15535,1.15818,1.1542,1.15564,160947
2025-11-11 00:00:00+00:00,1.15562,1.16046,1.15471,1.15864,165484
2025-11-12 00:00:00+00:00,1.15862,1.15976,1.1563,1.15912,171319
2025-11-13 00:00:00+00:00,1.1591,1.16548,1.15789,1.16295,129088
2025-11-14 00:00:00+00:00,1.16298,1.16526,1.16074,1.1619,170872
2025-11-16 00:00:00+00:00,1.16216,1.16239,1.16112,1.16141,2410
2025-11-17 00:00:00+00:00,1.16136,1.1614,1.15825,1.15896,165279
2025-11-18 00:00:00+00:00,1.15891,1.16073,1.1571,1.1581,185107
2025-11-19 00:00:00+00:00,1.15785,1.1597,1.1519,1.1538,194245
2025-11-20 00:00:00+00:00,1.15362,1.15486,1.15071,1.15332,202518
2025-11-21 00:00:00+00:00,1.15313,1.15516,1.14912,1.15095,204433
2025-11-23 00:00:00+00:00,1.15164,1.15164,1.1506,1.15069,2082
2025-11-24 00:00:00+00:00,1.15077,1.15493,1.15016,1.1519,167908
2025-11-25 00:00:00+00:00,1.15202,1.15849,1.1511,1.15644,189353
2025-11-26 00:00:00+00:00,1.1566,1.1602,1.1549,1.16017,198788
2025-11-27 00:00:00+00:00,1.16015,1.16129,1.1575,1.1598,131100
2025-11-28 00:00:00+00:00,1.15996,1.16072,1.15547,1.1596,231273
2025-11-30 00:00:00+00:00,1.15929,1.16068,1.15922,1.16006,3721
2025-12-01 00:00:00+00:00,1.16011,1.16513,1.1589,1.16062,196895
2025-12-02 00:00:00+00:00,1.16066,1.16286,1.15929,1.16279,167222
2025-12-03 00:00:00+00:00,1.16275,1.16773,1.16275,1.1666,175740
2025-12-04 00:00:00+00:00,1.16648,1.16815,1.16409,1.1643,178274
2025-12-05 00:00:00+00:00,1.16441,1.16713,1.16286,1.1644,165350
2025-12-07 00:00:00+00:00,1.16439,1.16446,1.16342,1.16401,2519
2025-12-08 00:00:00+00:00,1.16405,1.16705,1.16165,1.16403,170983
2025-12-09 00:00:00+00:00,1.16406,1.16565,1.16171,1.16276,170798
2025-12-10 00:00:00+00:00,1.16282,1.17022,1.16217,1.17011,189425
2025-12-11 00:00:00+00:00,1.17003,1.17618,1.16824,1.17405,196918
2025-12-12 00:00:00+00:00,1.17424,1.175,1.17196,1.174,174597
2025-12-14 00:00:00+00:00,1.17361,1.174,1.17286,1.17366,2425
2025-12-15 00:00:00+00:00,1.17356,1.17683,1.17264,1.1752,176200
2025-12-16 00:00:00+00:00,1.17545,1.18036,1.17402,1.17487,199654
2025-12-17 00:00:00+00:00,1.17489,1.17575,1.17038,1.17412,202952
2025-12-18 00:00:00+00:00,1.17418,1.17598,1.17128,1.17244,197183
2025-12-19 00:00:00+00:00,1.17247,1.1737,1.17031,1.17054,179789
2025-12-21 00:00:00+00:00,1.17125,1.17155,1.17063,1.17098,3687
2025-12-22 00:00:00+00:00,1.17102,1.17679,1.17098,1.17631,165594
2025-12-23 00:00:00+00:00,1.17645,1.18013,1.17636,1.1794,172714
2025-12-24 00:00:00+00:00,1.17959,1.18077,1.1773,1.1773,120404
2025-12-25 00:00:00+00:00,1.1777,1.1786,1.17746,1.17829,5829
2025-12-26 00:00:00+00:00,1.17825,1.17963,1.17612,1.1771,143935
2025-12-28 00:00:00+00:00,1.17653,1.1777,1.17634,1.17718,2439
2025-12-29 00:00:00+00:00,1.17735,1.17883,1.1749,1.1772,178519
2025-12-30 00:00:00+00:00,1.17725,1.17793,1.1742,1.17453,155025
2025-12-31 00:00:00+00:00,1.17457,1.17578,1.17203,1.1732,130283
2026-01-01 00:00:00+00:00,1.1749,1.1753,1.17437,1.17503,3426
