time,open,high,low,close,volume
2018-01-01 00:00:00+00:00,1.35075,1.35211,1.35056,1.35097,13192
2018-01-02 00:00:00+00:00,1.35091,1.35999,1.35091,1.35942,256129
2018-01-03 00:00:00+00:00,1.3594,1.36121,1.34974,1.3511,265123
2018-01-04 00:00:00+00:00,1.35108,1.35589,1.35055,1.35515,257968
2018-01-05 00:00:00+00:00,1.35498,1.35817,1.35255,1.35637,272492
2018-01-07 00:00:00+00:00,1.35548,1.35782,1.35544,1.3576,4400
2018-01-08 00:00:00+00:00,1.35749,1.35852,1.35251,1.35697,226491
2018-01-09 00:00:00+00:00,1.35695,1.35812,1.35085,1.35301,244869
2018-01-10 00:00:00+00:00,1.35307,1.35606,1.34825,1.35117,371123
2018-01-11 00:00:00+00:00,1.35122,1.35538,1.34586,1.35411,308776
2018-01-12 00:00:00+00:00,1.35415,1.37417,1.35389,1.3727,381610
2018-01-14 00:00:00+00:00,1.37261,1.37393,1.3726,1.37312,6967
2018-01-15 00:00:00+00:00,1.37325,1.38177,1.37314,1.37939,280017
2018-01-16 00:00:00+00:00,1.37933,1.38045,1.37439,1.37972,306407
2018-01-17 00:00:00+00:00,1.37965,1.3939,1.3758,1.38248,387421
2018-01-18 00:00:00+00:00,1.38252,1.39088,1.38052,1.38927,344944
2018-01-19 00:00:00+00:00,1.38921,1.39419,1.38424,1.38486,361193
2018-01-21 00:00:00+00:00,1.38882,1.38942,1.38746,1.38908,8599
2018-01-22 00:00:00+00:00,1.38889,1.39904,1.38579,1.39837,282553
2018-01-23 00:00:00+00:00,1.39846,1.40235,1.39162,1.40121,340709
2018-01-24 00:00:00+00:00,1.4013,1.42501,1.40008,1.42201,450787
2018-01-25 00:00:00+00:00,1.42234,1.43377,1.40851,1.41492,694791
2018-01-26 00:00:00+00:00,1.41523,1.42802,1.41377,1.41627,532220
2018-01-28 00:00:00+00:00,1.41363,1.41513,1.41277,1.41509,8154
2018-01-29 00:00:00+00:00,1.41484,1.41575,1.40274,1.40726,405897
2018-01-30 00:00:00+00:00,1.40747,1.41656,1.39854,1.41552,441287
2018-01-31 00:00:00+00:00,1.41489,1.42297,1.41235,1.41989,531003
2018-02-01 00:00:00+00:00,1.42,1.42777,1.4162,1.42658,436990
2018-02-02 00:00:00+00:00,1.4266,1.42761,1.41033,1.41195,450939
2018-02-04 00:00:00+00:00,1.41033,1.41118,1.40831,1.41105,16261
2018-02-05 00:00:00+00:00,1.4111,1.41499,1.39435,1.3944,514931
2018-02-06 00:00:00+00:00,1.39389,1.39978,1.38371,1.39575,601823
2018-02-07 00:00:00+00:00,1.3958,1.39914,1.38498,1.38788,424118
2018-02-08 00:00:00+00:00,1.38772,1.40641,1.3848,1.39358,629967
2018-02-09 00:00:00+00:00,1.39335,1.39868,1.37653,1.3824,551282
2018-02-11 00:00:00+00:00,1.38079,1.38264,1.38063,1.38237,7199
2018-02-12 00:00:00+00:00,1.38254,1.38751,1.3799,1.38492,356651
2018-02-13 00:00:00+00:00,1.38472,1.39224,1.38326,1.38841,349507
2018-02-14 00:00:00+00:00,1.38844,1.40165,1.38017,1.40147,466666
2018-02-15 00:00:00+00:00,1.40135,1.41082,1.39989,1.41044,424879
2018-02-16 00:00:00+00:00,1.41046,1.41441,1.39971,1.4033,379788
2018-02-18 00:00:00+00:00,1.40101,1.40373,1.40101,1.40316,6750
2018-02-19 00:00:00+00:00,1.40311,1.40489,1.39604,1.39922,222430
2018-02-20 00:00:00+00:00,1.39919,1.40223,1.39318,1.39987,348288
2018-02-21 00:00:00+00:00,1.39983,1.40073,1.39063,1.39102,453142
2018-02-22 00:00:00+00:00,1.39093,1.39807,1.3858,1.3951,367243
2018-02-23 00:00:00+00:00,1.39483,1.40044,1.39262,1.39695,309438
2018-02-25 00:00:00+00:00,1.39838,1.39854,1.39634,1.39683,6656
2018-02-26 00:00:00+00:00,1.39662,1.40679,1.39327,1.39639,305607
2018-02-27 00:00:00+00:00,1.39645,1.39963,1.38603,1.39044,393302
2018-02-28 00:00:00+00:00,1.39015,1.39139,1.37501,1.37544,376715
2018-03-01 00:00:00+00:00,1.37538,1.37815,1.3713,1.37751,299754
2018-03-02 00:00:00+00:00,1.37739,1.38159,1.37559,1.37998,285755
2018-03-04 00:00:00+00:00,1.3796,1.38126,1.37796,1.37947,21658
2018-03-05 00:00:00+00:00,1.37938,1.38762,1.37682,1.3849,315823
2018-03-06 00:00:00+00:00,1.38492,1.39278,1.3817,1.38991,319366
2018-03-07 00:00:00+00:00,1.38962,1.39102,1.38476,1.39043,301422
2018-03-08 00:00:00+00:00,1.39042,1.39092,1.37855,1.38036,340764
2018-03-09 00:00:00+00:00,1.38045,1.38852,1.3789,1.38492,286490
2018-03-11 00:00:00+00:00,1.38514,1.38568,1.38507,1.38553,4440
2018-03-12 00:00:00+00:00,1.38548,1.39164,1.38417,1.39048,187424
2018-03-13 00:00:00+00:00,1.39061,1.39931,1.38755,1.39716,259074
2018-03-14 00:00:00+00:00,1.39725,1.39949,1.39262,1.39693,227323
2018-03-15 00:00:00+00:00,1.39695,1.39864,1.39237,1.39367,259570
2018-03-16 00:00:00+00:00,1.39361,1.39779,1.389,1.39448,270247
2018-03-18 00:00:00+00:00,1.39353,1.39487,1.39342,1.39434,7225
2018-03-19 00:00:00+00:00,1.39428,1.40841,1.39136,1.40247,400866
2018-03-20 00:00:00+00:00,1.40231,1.40657,1.39835,1.40039,320487
2018-03-21 00:00:00+00:00,1.40037,1.415,1.40026,1.41431,439954
2018-03-22 00:00:00+00:00,1.41424,1.41917,1.40781,1.41123,437281
2018-03-23 00:00:00+00:00,1.41126,1.41704,1.40853,1.4131,366899
2018-03-25 00:00:00+00:00,1.41327,1.41558,1.41308,1.41478,7862
2018-03-26 00:00:00+00:00,1.41469,1.42442,1.41462,1.42376,296553
2018-03-27 00:00:00+00:00,1.4237,1.42424,1.40668,1.41764,379341
2018-03-28 00:00:00+00:00,1.41749,1.41997,1.40711,1.40828,360569
2018-03-29 00:00:00+00:00,1.40821,1.40962,1.40133,1.40255,329747
2018-03-30 00:00:00+00:00,1.40256,1.40592,1.4013,1.40261,119504
2018-04-01 00:00:00+00:00,1.40264,1.4038,1.40249,1.40361,9780
2018-04-02 00:00:00+00:00,1.40357,1.4076,1.40271,1.40467,192401
2018-04-03 00:00:00+00:00,1.40459,1.40882,1.40228,1.40691,313888
2018-04-04 00:00:00+00:00,1.40702,1.40961,1.40182,1.40876,348373
2018-04-05 00:00:00+00:00,1.40869,1.40962,1.39663,1.40062,316774
2018-04-06 00:00:00+00:00,1.40068,1.41008,1.39843,1.40871,379210
2018-04-08 00:00:00+00:00,1.40906,1.40919,1.40853,1.40904,8545
2018-04-09 00:00:00+00:00,1.40895,1.41598,1.4079,1.41333,327339
2018-04-10 00:00:00+00:00,1.41332,1.41872,1.41214,1.41814,369372
2018-04-11 00:00:00+00:00,1.41809,1.42204,1.4162,1.41874,334539
2018-04-12 00:00:00+00:00,1.41872,1.42445,1.41474,1.42389,382214
2018-04-13 00:00:00+00:00,1.42384,1.42948,1.42224,1.4236,283389
2018-04-15 00:00:00+00:00,1.423,1.42475,1.423,1.42456,10684
2018-04-16 00:00:00+00:00,1.42461,1.43438,1.42369,1.43407,292025
2018-04-17 00:00:00+00:00,1.43413,1.43765,1.42831,1.42966,304430
2018-04-18 00:00:00+00:00,1.42967,1.43135,1.4174,1.42025,333761
2018-04-19 00:00:00+00:00,1.42025,1.42451,1.40725,1.4084,381499
2018-04-20 00:00:00+00:00,1.40837,1.40867,1.40006,1.40018,334738
2018-04-22 00:00:00+00:00,1.39998,1.40079,1.39958,1.40018,8638
2018-04-23 00:00:00+00:00,1.40026,1.40295,1.39269,1.39373,303416
2018-04-24 00:00:00+00:00,1.39386,1.39963,1.39186,1.3994,301727
2018-04-25 00:00:00+00:00,1.39898,1.39907,1.39219,1.39356,280099
2018-04-26 00:00:00+00:00,1.39352,1.39961,1.38978,1.39177,382823
2018-04-27 00:00:00+00:00,1.39157,1.39339,1.37493,1.37753,346755
2018-04-29 00:00:00+00:00,1.3771,1.37786,1.37688,1.37688,9882
2018-04-30 00:00:00+00:00,1.37691,1.37916,1.37163,1.37722,319301
2018-05-01 00:00:00+00:00,1.377,1.37726,1.35911,1.36088,304175
2018-05-02 00:00:00+00:00,1.36099,1.36652,1.35555,1.35723,443657
2018-05-03 00:00:00+00:00,1.3573,1.36283,1.35396,1.35715,413120
2018-05-04 00:00:00+00:00,1.35716,1.35859,1.34936,1.35259,339804
2018-05-06 00:00:00+00:00,1.35335,1.35388,1.35314,1.35316,6503
2018-05-07 00:00:00+00:00,1.35307,1.35748,1.35158,1.35683,273712
2018-05-08 00:00:00+00:00,1.35691,1.35914,1.34855,1.3553,386373
2018-05-09 00:00:00+00:00,1.35512,1.36045,1.34993,1.35431,375749
2018-05-10 00:00:00+00:00,1.35441,1.36166,1.34601,1.35217,514273
2018-05-11 00:00:00+00:00,1.35206,1.35946,1.35025,1.35383,321483
2018-05-13 00:00:00+00:00,1.35465,1.35519,1.35395,1.35504,6698
2018-05-14 00:00:00+00:00,1.35497,1.36058,1.35441,1.3561,275170
2018-05-15 00:00:00+00:00,1.35616,1.35716,1.34525,1.35003,392469
2018-05-16 00:00:00+00:00,1.35017,1.35505,1.34567,1.35472,418892
2018-05-17 00:00:00+00:00,1.35486,1.35672,1.34757,1.35105,379544
2018-05-18 00:00:00+00:00,1.35123,1.3526,1.34562,1.34574,288674
2018-05-20 00:00:00+00:00,1.34599,1.34824,1.34599,1.34763,6802
2018-05-21 00:00:00+00:00,1.34743,1.34743,1.3392,1.34312,316233
2018-05-22 00:00:00+00:00,1.34305,1.34838,1.34132,1.34409,341978
2018-05-23 00:00:00+00:00,1.34417,1.34417,1.33061,1.33697,461585
2018-05-24 00:00:00+00:00,1.33707,1.34205,1.33502,1.33827,407280
2018-05-25 00:00:00+00:00,1.33832,1.33833,1.32941,1.32941,375020
2018-05-27 00:00:00+00:00,1.3315,1.3315,1.33034,1.33083,12760
2018-05-28 00:00:00+00:00,1.33073,1.33403,1.32973,1.33118,260171
2018-05-29 00:00:00+00:00,1.3312,1.33243,1.32053,1.32537,531044
2018-05-30 00:00:00+00:00,1.32546,1.3306,1.32429,1.32839,467267
2018-05-31 00:00:00+00:00,1.32858,1.33472,1.3278,1.32888,459240
2018-06-01 00:00:00+00:00,1.32892,1.33612,1.32564,1.33422,430444
2018-06-03 00:00:00+00:00,1.33422,1.33543,1.33413,1.3353,12648
2018-06-04 00:00:00+00:00,1.33534,1.33981,1.32963,1.33157,347465
2018-06-05 00:00:00+00:00,1.33184,1.34133,1.33024,1.34062,402491
2018-06-06 00:00:00+00:00,1.34061,1.34425,1.3398,1.34199,368547
2018-06-07 00:00:00+00:00,1.34219,1.34708,1.33758,1.34167,411351
2018-06-08 00:00:00+00:00,1.34162,1.34362,1.33577,1.34086,368176
2018-06-10 00:00:00+00:00,1.34108,1.34137,1.3405,1.34129,3474
2018-06-11 00:00:00+00:00,1.341,1.34402,1.33475,1.33713,279114
2018-06-12 00:00:00+00:00,1.33707,1.34237,1.33441,1.33735,350033
2018-06-13 00:00:00+00:00,1.33729,1.33877,1.33099,1.33815,362851
2018-06-14 00:00:00+00:00,1.33822,1.34422,1.32534,1.32542,461539
2018-06-15 00:00:00+00:00,1.3254,1.32968,1.32114,1.3275,372843
2018-06-17 00:00:00+00:00,1.3262,1.32782,1.3262,1.32754,19222
2018-06-18 00:00:00+00:00,1.32741,1.32743,1.32267,1.32578,266984
2018-06-19 00:00:00+00:00,1.32545,1.32724,1.31512,1.31732,383002
2018-06-20 00:00:00+00:00,1.31743,1.3215,1.31498,1.31721,325828
2018-06-21 00:00:00+00:00,1.3173,1.3269,1.31035,1.32451,455298
2018-06-22 00:00:00+00:00,1.32472,1.33143,1.32467,1.3258,343684
2018-06-24 00:00:00+00:00,1.3251,1.32713,1.3251,1.32614,17260
2018-06-25 00:00:00+00:00,1.32628,1.32887,1.32221,1.32775,296040
2018-06-26 00:00:00+00:00,1.32785,1.3292,1.31962,1.32203,324661
2018-06-27 00:00:00+00:00,1.32195,1.32336,1.31069,1.31197,418927
2018-06-28 00:00:00+00:00,1.31186,1.31194,1.3052,1.30748,397399
2018-06-29 00:00:00+00:00,1.30765,1.32132,1.307,1.32031,436323
2018-07-01 00:00:00+00:00,1.3195,1.32085,1.3188,1.32074,17486
2018-07-02 00:00:00+00:00,1.32064,1.32064,1.30982,1.31423,322633
2018-07-03 00:00:00+00:00,1.31402,1.32064,1.31151,1.31938,326388
2018-07-04 00:00:00+00:00,1.31944,1.32483,1.31725,1.32279,268294
2018-07-05 00:00:00+00:00,1.3228,1.32738,1.32042,1.32219,338178
2018-07-06 00:00:00+00:00,1.32223,1.32897,1.32039,1.32856,278370
2018-07-08 00:00:00+00:00,1.33176,1.33176,1.32861,1.32946,23341
2018-07-09 00:00:00+00:00,1.3294,1.33621,1.31972,1.32539,389456
2018-07-10 00:00:00+00:00,1.32554,1.32949,1.32245,1.32583,330411
2018-07-11 00:00:00+00:00,1.32599,1.32844,1.32002,1.32063,380601
2018-07-12 00:00:00+00:00,1.3205,1.3241,1.3171,1.31784,310761
2018-07-13 00:00:00+00:00,1.31774,1.32374,1.31059,1.32334,313467
2018-07-15 00:00:00+00:00,1.3227,1.32311,1.32247,1.32269,6676
2018-07-16 00:00:00+00:00,1.3227,1.3292,1.32185,1.32361,257156
2018-07-17 00:00:00+00:00,1.32352,1.32682,1.30726,1.31049,353688
2018-07-18 00:00:00+00:00,1.31086,1.31169,1.30113,1.30775,335434
2018-07-19 00:00:00+00:00,1.30775,1.30824,1.29597,1.30226,413161
2018-07-20 00:00:00+00:00,1.30215,1.31377,1.29956,1.31268,378247
2018-07-22 00:00:00+00:00,1.31221,1.31469,1.31206,1.31459,11339
2018-07-23 00:00:00+00:00,1.31479,1.31575,1.30911,1.31028,269450
2018-07-24 00:00:00+00:00,1.3103,1.31586,1.30738,1.31492,301088
2018-07-25 00:00:00+00:00,1.31503,1.32011,1.31344,1.3199,325722
2018-07-26 00:00:00+00:00,1.31991,1.3213,1.31038,1.31084,296573
2018-07-27 00:00:00+00:00,1.3109,1.31301,1.30839,1.31074,239212
2018-07-29 00:00:00+00:00,1.31084,1.3111,1.30989,1.31098,10064
2018-07-30 00:00:00+00:00,1.31111,1.31511,1.30974,1.31356,204044
2018-07-31 00:00:00+00:00,1.31356,1.31721,1.30964,1.31187,285517
2018-08-01 00:00:00+00:00,1.31178,1.3143,1.30961,1.31248,237404
2018-08-02 00:00:00+00:00,1.31239,1.31251,1.30117,1.3016,293076
2018-08-03 00:00:00+00:00,1.30158,1.30412,1.29763,1.29979,261146
2018-08-05 00:00:00+00:00,1.30022,1.30058,1.29974,1.30017,6177
2018-08-06 00:00:00+00:00,1.30009,1.30043,1.29201,1.29435,190775
2018-08-07 00:00:00+00:00,1.29423,1.29729,1.29258,1.29454,193943
2018-08-08 00:00:00+00:00,1.29457,1.29597,1.2855,1.28774,223657
2018-08-09 00:00:00+00:00,1.28791,1.29093,1.28195,1.28283,231859
2018-08-10 00:00:00+00:00,1.2829,1.28363,1.27251,1.27665,432962
2018-08-12 00:00:00+00:00,1.27413,1.27783,1.27413,1.27597,13825
2018-08-13 00:00:00+00:00,1.27585,1.279,1.27308,1.27589,380200
2018-08-14 00:00:00+00:00,1.27573,1.28177,1.2705,1.27178,340607
2018-08-15 00:00:00+00:00,1.27168,1.2734,1.2665,1.26926,318560
2018-08-16 00:00:00+00:00,1.26933,1.27516,1.26872,1.27123,319829
2018-08-17 00:00:00+00:00,1.27121,1.27513,1.26987,1.27468,285636
2018-08-19 00:00:00+00:00,1.27419,1.27504,1.27409,1.27462,4916
2018-08-20 00:00:00+00:00,1.27452,1.28043,1.27303,1.28041,220549
2018-08-21 00:00:00+00:00,1.28025,1.29245,1.27998,1.29053,299558
2018-08-22 00:00:00+00:00,1.2905,1.29354,1.2869,1.29054,279524
2018-08-23 00:00:00+00:00,1.2905,1.29086,1.28034,1.28093,274839
2018-08-24 00:00:00+00:00,1.28085,1.28793,1.27994,1.28454,290177
2018-08-26 00:00:00+00:00,1.284,1.28632,1.28349,1.28582,9158
2018-08-27 00:00:00+00:00,1.28571,1.28994,1.28306,1.28975,224248
2018-08-28 00:00:00+00:00,1.28933,1.29318,1.28615,1.28691,291919
2018-08-29 00:00:00+00:00,1.28692,1.30355,1.28463,1.30355,376697
2018-08-30 00:00:00+00:00,1.30353,1.30415,1.29862,1.3011,329220
2018-08-31 00:00:00+00:00,1.3011,1.30281,1.29483,1.29509,364105
2018-09-02 00:00:00+00:00,1.29125,1.2931,1.29125,1.29214,9034
2018-09-03 00:00:00+00:00,1.29214,1.29333,1.28558,1.28682,224751
2018-09-04 00:00:00+00:00,1.2866,1.28701,1.28113,1.28576,298782
2018-09-05 00:00:00+00:00,1.28588,1.29828,1.27903,1.29143,401711
2018-09-06 00:00:00+00:00,1.2914,1.2958,1.28984,1.29247,343913
2018-09-07 00:00:00+00:00,1.29255,1.30279,1.29108,1.29136,411027
2018-09-09 00:00:00+00:00,1.29205,1.29293,1.29175,1.29286,6817
2018-09-10 00:00:00+00:00,1.29275,1.30462,1.28973,1.30269,309176
2018-09-11 00:00:00+00:00,1.30273,1.30836,1.29743,1.30159,346755
2018-09-12 00:00:00+00:00,1.30159,1.30697,1.29816,1.30442,357319
2018-09-13 00:00:00+00:00,1.3044,1.31197,1.30271,1.31103,331721
2018-09-14 00:00:00+00:00,1.31096,1.31383,1.30566,1.30654,290993
2018-09-16 00:00:00+00:00,1.30683,1.30763,1.30683,1.30711,6180
2018-09-17 00:00:00+00:00,1.30701,1.31645,1.30701,1.31455,307150
2018-09-18 00:00:00+00:00,1.31458,1.31749,1.31215,1.31666,350364
2018-09-19 00:00:00+00:00,1.31665,1.32125,1.31166,1.314,385736
2018-09-20 00:00:00+00:00,1.314,1.32972,1.3139,1.32701,371309
2018-09-21 00:00:00+00:00,1.32695,1.32764,1.30578,1.30766,377989
2018-09-23 00:00:00+00:00,1.30737,1.30844,1.30711,1.30793,6647
2018-09-24 00:00:00+00:00,1.30786,1.31657,1.30639,1.31161,295261
2018-09-25 00:00:00+00:00,1.31161,1.31924,1.30964,1.31796,322751
2018-09-26 00:00:00+00:00,1.31786,1.32128,1.31391,1.31699,357083
2018-09-27 00:00:00+00:00,1.3169,1.31779,1.30727,1.30759,347337
2018-09-28 00:00:00+00:00,1.30767,1.30899,1.30031,1.3029,298171
2018-09-30 00:00:00+00:00,1.3038,1.30388,1.30286,1.3038,6269
2018-10-01 00:00:00+00:00,1.30387,1.30973,1.30141,1.30432,292710
2018-10-02 00:00:00+00:00,1.3043,1.30481,1.29429,1.2979,332098
2018-10-03 00:00:00+00:00,1.29782,1.30208,1.29293,1.29398,387612
2018-10-04 00:00:00+00:00,1.29408,1.30407,1.29226,1.30224,384790
2018-10-05 00:00:00+00:00,1.30204,1.31204,1.30044,1.3112,396871
2018-10-07 00:00:00+00:00,1.31213,1.31291,1.31144,1.31258,31512
2018-10-08 00:00:00+00:00,1.31266,1.3132,1.30299,1.30924,297495
2018-10-09 00:00:00+00:00,1.30921,1.3158,1.30338,1.31566,408691
2018-10-10 00:00:00+00:00,1.31544,1.32154,1.3137,1.32045,358596
2018-10-11 00:00:00+00:00,1.32051,1.3245,1.31831,1.32333,480630
2018-10-12 00:00:00+00:00,1.32318,1.32574,1.31465,1.31465,370133
2018-10-14 00:00:00+00:00,1.3083,1.3108,1.3083,1.31026,15145
2018-10-15 00:00:00+00:00,1.31028,1.31789,1.31023,1.3154,352226
2018-10-16 00:00:00+00:00,1.31541,1.32351,1.31417,1.31875,371951
2018-10-17 00:00:00+00:00,1.31876,1.31916,1.30939,1.31013,346254
2018-10-18 00:00:00+00:00,1.31012,1.31311,1.30142,1.30181,338500
2018-10-19 00:00:00+00:00,1.30192,1.30987,1.30126,1.30621,335853
2018-10-21 00:00:00+00:00,1.307,1.30731,1.30524,1.30663,6302
2018-10-22 00:00:00+00:00,1.30667,1.30888,1.29526,1.2965,340056
2018-10-23 00:00:00+00:00,1.2965,1.30411,1.29404,1.29794,424568
2018-10-24 00:00:00+00:00,1.29806,1.29899,1.28684,1.28838,460866
2018-10-25 00:00:00+00:00,1.2885,1.29162,1.28055,1.28207,431085
2018-10-26 00:00:00+00:00,1.28199,1.28407,1.27778,1.28259,460042
2018-10-28 00:00:00+00:00,1.2822,1.28346,1.28203,1.28307,5847
2018-10-29 00:00:00+00:00,1.28303,1.28506,1.27922,1.28018,378460
2018-10-30 00:00:00+00:00,1.28011,1.28122,1.26973,1.27072,367150
2018-10-31 00:00:00+00:00,1.27057,1.28235,1.27018,1.27674,383128
2018-11-01 00:00:00+00:00,1.27652,1.30295,1.27652,1.30025,429805
2018-11-02 00:00:00+00:00,1.29989,1.30395,1.29525,1.29614,387466
2018-11-04 00:00:00+00:00,1.30202,1.3021,1.2999,1.30058,10583
2018-11-05 00:00:00+00:00,1.30045,1.30673,1.29654,1.30574,315668
2018-11-06 00:00:00+00:00,1.30564,1.31132,1.3022,1.31132,373338
2018-11-07 00:00:00+00:00,1.31132,1.31733,1.30736,1.31269,448315
2018-11-08 00:00:00+00:00,1.31266,1.31489,1.30501,1.3066,431174
2018-11-09 00:00:00+00:00,1.30655,1.30681,1.29594,1.29724,396309
2018-11-11 00:00:00+00:00,1.29169,1.29382,1.29169,1.29377,12420
2018-11-12 00:00:00+00:00,1.29371,1.29452,1.2829,1.28542,440828
2018-11-13 00:00:00+00:00,1.28566,1.30421,1.28522,1.30142,536882
2018-11-14 00:00:00+00:00,1.30149,1.30691,1.28919,1.29839,615271
2018-11-15 00:00:00+00:00,1.29854,1.30271,1.27287,1.27654,656151
2018-11-16 00:00:00+00:00,1.27653,1.2877,1.27653,1.28217,454561
2018-11-18 00:00:00+00:00,1.28439,1.28439,1.28278,1.28333,10440
2018-11-19 00:00:00+00:00,1.28319,1.28815,1.28028,1.2856,341467
2018-11-20 00:00:00+00:00,1.28567,1.2882,1.27763,1.27871,415279
2018-11-21 00:00:00+00:00,1.27861,1.28189,1.27651,1.27758,368455
2018-11-22 00:00:00+00:00,1.27752,1.29234,1.27725,1.28757,283836
2018-11-23 00:00:00+00:00,1.28782,1.28822,1.28002,1.28076,286701
2018-11-25 00:00:00+00:00,1.28229,1.2825,1.28111,1.28122,5357
2018-11-26 00:00:00+00:00,1.28179,1.28614,1.27967,1.28126,320623
2018-11-27 00:00:00+00:00,1.28124,1.28194,1.27263,1.27419,451766
2018-11-28 00:00:00+00:00,1.27417,1.28458,1.27332,1.28225,456776
2018-11-29 00:00:00+00:00,1.28209,1.28494,1.27562,1.27847,438394
2018-11-30 00:00:00+00:00,1.27819,1.2809,1.27378,1.27481,413212
2018-12-02 00:00:00+00:00,1.27627,1.27627,1.27321,1.27519,8358
2018-12-03 00:00:00+00:00,1.2749,1.28234,1.26998,1.27246,382321
2018-12-04 00:00:00+00:00,1.27254,1.28379,1.2662,1.27188,475395
2018-12-05 00:00:00+00:00,1.27186,1.2796,1.26731,1.27246,339265
2018-12-06 00:00:00+00:00,1.27249,1.27985,1.27018,1.278,510221
2018-12-07 00:00:00+00:00,1.27794,1.27898,1.27127,1.27294,439412
2018-12-09 00:00:00+00:00,1.2702,1.27254,1.2702,1.27189,11788
2018-12-10 00:00:00+00:00,1.27208,1.27544,1.25098,1.25596,579608
2018-12-11 00:00:00+00:00,1.25596,1.26333,1.24801,1.24921,525551
2018-12-12 00:00:00+00:00,1.24929,1.26691,1.24792,1.26243,618908
2018-12-13 00:00:00+00:00,1.26243,1.26852,1.26102,1.26533,409544
2018-12-14 00:00:00+00:00,1.26533,1.26533,1.25341,1.25834,372120
2018-12-16 00:00:00+00:00,1.25988,1.25988,1.25734,1.25843,28456
2018-12-17 00:00:00+00:00,1.25839,1.26443,1.25751,1.26142,429132
2018-12-18 00:00:00+00:00,1.26145,1.27047,1.261,1.2654,374601
2018-12-19 00:00:00+00:00,1.26527,1.26782,1.2609,1.26253,539598
2018-12-20 00:00:00+00:00,1.26233,1.27048,1.26142,1.26678,523328
2018-12-21 00:00:00+00:00,1.26685,1.2696,1.26182,1.26248,515767
2018-12-23 00:00:00+00:00,1.2645,1.265,1.26373,1.26498,8501
2018-12-24 00:00:00+00:00,1.26481,1.27371,1.26372,1.27,367660
2018-12-26 00:00:00+00:00,1.26967,1.27132,1.26298,1.26468,237038
2018-12-27 00:00:00+00:00,1.26465,1.26735,1.26189,1.26443,607699
2018-12-28 00:00:00+00:00,1.26446,1.27059,1.26357,1.26923,323857
2018-12-30 00:00:00+00:00,1.26951,1.27023,1.2688,1.26895,7700
2018-12-31 00:00:00+00:00,1.26878,1.28131,1.26808,1.27391,291389
2019-01-02 00:00:00+00:00,1.27414,1.27721,1.24419,1.25151,416776
2019-01-03 00:00:00+00:00,1.25265,1.26466,1.25265,1.26272,489195
2019-01-04 00:00:00+00:00,1.26274,1.2744,1.2617,1.27212,429008
2019-01-06 00:00:00+00:00,1.27195,1.27397,1.27159,1.27324,12311
2019-01-07 00:00:00+00:00,1.2732,1.27885,1.27214,1.27855,295959
2019-01-08 00:00:00+00:00,1.27859,1.27916,1.27071,1.27389,307735
2019-01-09 00:00:00+00:00,1.27379,1.28036,1.27159,1.27987,463659
2019-01-10 00:00:00+00:00,1.27982,1.28008,1.27298,1.2753,398234
2019-01-11 00:00:00+00:00,1.27568,1.28646,1.2712,1.28349,437432
2019-01-13 00:00:00+00:00,1.28548,1.28632,1.28479,1.28479,7288
2019-01-14 00:00:00+00:00,1.28501,1.29226,1.28193,1.28744,413597
2019-01-15 00:00:00+00:00,1.28747,1.29153,1.26953,1.28714,587780
2019-01-16 00:00:00+00:00,1.28709,1.2895,1.28255,1.28873,449043
2019-01-17 00:00:00+00:00,1.2883,1.29998,1.28377,1.2983,430327
2019-01-18 00:00:00+00:00,1.29823,1.29925,1.28574,1.28701,393820
2019-01-20 00:00:00+00:00,1.2875,1.28782,1.28514,1.28514,6787
2019-01-21 00:00:00+00:00,1.28483,1.29069,1.28316,1.28903,282057
2019-01-22 00:00:00+00:00,1.28911,1.29752,1.28564,1.29553,365155
2019-01-23 00:00:00+00:00,1.29555,1.30819,1.29442,1.30819,432350
2019-01-24 00:00:00+00:00,1.30829,1.31243,1.30135,1.31197,487614
2019-01-25 00:00:00+00:00,1.31058,1.32161,1.30634,1.31974,470948
2019-01-27 00:00:00+00:00,1.3183,1.32109,1.3183,1.3208,9618
2019-01-28 00:00:00+00:00,1.32079,1.32079,1.31395,1.31602,368969
2019-01-29 00:00:00+00:00,1.31588,1.31965,1.30586,1.30797,571627
2019-01-30 00:00:00+00:00,1.30808,1.31444,1.30549,1.31162,481995
2019-01-31 00:00:00+00:00,1.31164,1.3158,1.30987,1.31085,447230
2019-02-01 00:00:00+00:00,1.31086,1.31136,1.30451,1.30744,390126
2019-02-03 00:00:00+00:00,1.3056,1.30799,1.3056,1.30764,14337
2019-02-04 00:00:00+00:00,1.3078,1.31023,1.30266,1.30266,332432
2019-02-05 00:00:00+00:00,1.30299,1.30493,1.29266,1.29567,329101
2019-02-06 00:00:00+00:00,1.2955,1.29784,1.29276,1.2933,326449
2019-02-07 00:00:00+00:00,1.29324,1.29944,1.28599,1.29483,375553
2019-02-08 00:00:00+00:00,1.29483,1.29749,1.29225,1.29359,286690
2019-02-10 00:00:00+00:00,1.29306,1.29372,1.2924,1.29367,5777
2019-02-11 00:00:00+00:00,1.29355,1.29385,1.2847,1.28636,377341
2019-02-12 00:00:00+00:00,1.28637,1.29071,1.28352,1.28909,335935
2019-02-13 00:00:00+00:00,1.28897,1.29472,1.2843,1.28542,382425
2019-02-14 00:00:00+00:00,1.28522,1.28744,1.27731,1.27981,424603
2019-02-15 00:00:00+00:00,1.2797,1.28954,1.27879,1.28846,392657
2019-02-17 00:00:00+00:00,1.29045,1.29048,1.28989,1.29041,4882
2019-02-18 00:00:00+00:00,1.29026,1.29364,1.28939,1.29229,300673
2019-02-19 00:00:00+00:00,1.29217,1.30727,1.28959,1.30589,394927
2019-02-20 00:00:00+00:00,1.30596,1.31052,1.30137,1.30438,414620
2019-02-21 00:00:00+00:00,1.30422,1.30938,1.3027,1.30401,465422
2019-02-22 00:00:00+00:00,1.304,1.30749,1.29709,1.30538,366927
2019-02-24 00:00:00+00:00,1.30699,1.30711,1.30523,1.30645,9973
2019-02-25 00:00:00+00:00,1.3063,1.31401,1.30509,1.3127,382041
2019-02-26 00:00:00+00:00,1.31254,1.32875,1.31227,1.32586,530712
2019-02-27 00:00:00+00:00,1.32602,1.33481,1.3234,1.33173,505505
2019-02-28 00:00:00+00:00,1.33151,1.33193,1.32549,1.32642,436745
2019-03-01 00:00:00+00:00,1.32638,1.3285,1.3172,1.32043,398651
2019-03-03 00:00:00+00:00,1.32424,1.32441,1.32292,1.32383,8432
2019-03-04 00:00:00+00:00,1.32361,1.3254,1.31669,1.31778,396147
2019-03-05 00:00:00+00:00,1.31776,1.31958,1.31009,1.31554,422729
2019-03-06 00:00:00+00:00,1.31553,1.31811,1.31242,1.31805,392509
2019-03-07 00:00:00+00:00,1.3179,1.31848,1.30693,1.30902,448960
2019-03-08 00:00:00+00:00,1.30889,1.31059,1.29904,1.30126,472560
2019-03-10 00:00:00+00:00,1.29648,1.29931,1.29648,1.29842,11017
2019-03-11 00:00:00+00:00,1.29832,1.3284,1.29617,1.32453,526444
2019-03-12 00:00:00+00:00,1.32442,1.32442,1.30096,1.30638,576366
2019-03-13 00:00:00+00:00,1.3063,1.33757,1.3063,1.32867,469473
2019-03-14 00:00:00+00:00,1.32801,1.33305,1.32113,1.32571,487566
2019-03-15 00:00:00+00:00,1.32565,1.32993,1.3203,1.32857,400634
2019-03-17 00:00:00+00:00,1.32947,1.33001,1.32898,1.32959,5711
2019-03-18 00:00:00+00:00,1.32964,1.32997,1.31894,1.32644,358538
2019-03-19 00:00:00+00:00,1.32623,1.33079,1.3242,1.32692,339764
2019-03-20 00:00:00+00:00,1.32682,1.32691,1.31466,1.32041,480736
2019-03-21 00:00:00+00:00,1.32054,1.32269,1.30096,1.31295,528068
2019-03-22 00:00:00+00:00,1.31275,1.32222,1.30831,1.32042,510000
2019-03-24 00:00:00+00:00,1.3215,1.32197,1.31934,1.32052,5521
2019-03-25 00:00:00+00:00,1.32036,1.3243,1.31604,1.32123,417487
2019-03-26 00:00:00+00:00,1.32073,1.326,1.31642,1.32095,431195
2019-03-27 00:00:00+00:00,1.32092,1.32685,1.31427,1.31515,569860
2019-03-28 00:00:00+00:00,1.31561,1.3198,1.30371,1.30531,507448
2019-03-29 00:00:00+00:00,1.30531,1.31231,1.29842,1.30344,424638
2019-03-31 00:00:00+00:00,1.3039,1.30396,1.30167,1.30209,6867
2019-04-01 00:00:00+00:00,1.30206,1.31473,1.30104,1.30675,422501
2019-04-02 00:00:00+00:00,1.30683,1.31489,1.30154,1.31261,440759
2019-04-03 00:00:00+00:00,1.31243,1.31955,1.31221,1.31756,449917
2019-04-04 00:00:00+00:00,1.31773,1.31905,1.30606,1.30733,424372
2019-04-05 00:00:00+00:00,1.30722,1.31181,1.29887,1.30318,351585
2019-04-07 00:00:00+00:00,1.30383,1.30394,1.30223,1.3038,15530
2019-04-08 00:00:00+00:00,1.30362,1.30735,1.30338,1.30612,343997
2019-04-09 00:00:00+00:00,1.30608,1.31164,1.30305,1.30553,362925
2019-04-10 00:00:00+00:00,1.30523,1.31193,1.30478,1.30974,342858
2019-04-11 00:00:00+00:00,1.30964,1.31085,1.30498,1.30545,334329
2019-04-12 00:00:00+00:00,1.30535,1.3129,1.30505,1.30649,318257
2019-04-14 00:00:00+00:00,1.30787,1.30834,1.30699,1.30832,5881
2019-04-15 00:00:00+00:00,1.30843,1.31179,1.30795,1.30991,287407
2019-04-16 00:00:00+00:00,1.30982,1.31006,1.30394,1.30437,348379
2019-04-17 00:00:00+00:00,1.30437,1.30671,1.30298,1.3038,348134
2019-04-18 00:00:00+00:00,1.30383,1.30512,1.29793,1.29909,479836
2019-04-19 00:00:00+00:00,1.29911,1.30058,1.2979,1.29925,495176
2019-04-21 00:00:00+00:00,1.29938,1.29991,1.29845,1.29921,6245
2019-04-22 00:00:00+00:00,1.29909,1.29976,1.29758,1.29807,149636
2019-04-23 00:00:00+00:00,1.29802,1.30164,1.29269,1.29372,387610
2019-04-24 00:00:00+00:00,1.29369,1.29605,1.289,1.29033,406684
2019-04-25 00:00:00+00:00,1.29031,1.29161,1.28666,1.28943,352593
2019-04-26 00:00:00+00:00,1.2896,1.29424,1.28889,1.29099,391522
2019-04-28 00:00:00+00:00,1.29208,1.29222,1.29171,1.2919,4462
2019-04-29 00:00:00+00:00,1.2918,1.29453,1.29052,1.29315,290037
2019-04-30 00:00:00+00:00,1.29306,1.30473,1.2927,1.30397,402462
2019-05-01 00:00:00+00:00,1.30391,1.31005,1.30343,1.30528,252338
2019-05-02 00:00:00+00:00,1.30517,1.30799,1.30185,1.30315,290020
2019-05-03 00:00:00+00:00,1.30308,1.31755,1.29906,1.31717,304967
2019-05-05 00:00:00+00:00,1.3141,1.317,1.3141,1.31503,20592
2019-05-06 00:00:00+00:00,1.31491,1.31495,1.30819,1.30974,293472
2019-05-07 00:00:00+00:00,1.30967,1.31285,1.30406,1.30671,329337
2019-05-08 00:00:00+00:00,1.30667,1.30798,1.29903,1.30077,369039
2019-05-09 00:00:00+00:00,1.30112,1.30357,1.29691,1.30086,352551
2019-05-10 00:00:00+00:00,1.30088,1.30455,1.29922,1.3,304135
2019-05-12 00:00:00+00:00,1.30008,1.30108,1.30001,1.30076,9358
2019-05-13 00:00:00+00:00,1.30072,1.30406,1.29417,1.29631,295727
2019-05-14 00:00:00+00:00,1.29628,1.29698,1.2903,1.29061,262777
2019-05-15 00:00:00+00:00,1.29053,1.2922,1.28289,1.28463,287988
2019-05-16 00:00:00+00:00,1.28445,1.28516,1.27891,1.27966,243159
2019-05-17 00:00:00+00:00,1.27973,1.27973,1.27115,1.27144,270529
2019-05-19 00:00:00+00:00,1.2732,1.2737,1.27251,1.27305,7751
2019-05-20 00:00:00+00:00,1.27298,1.27558,1.27162,1.27277,206111
2019-05-21 00:00:00+00:00,1.2727,1.28032,1.26862,1.27069,346984
2019-05-22 00:00:00+00:00,1.27069,1.27192,1.26265,1.26633,262518
2019-05-23 00:00:00+00:00,1.26621,1.26836,1.26055,1.26629,284805
2019-05-24 00:00:00+00:00,1.26629,1.27292,1.26482,1.27108,245931
2019-05-26 00:00:00+00:00,1.27235,1.27282,1.27152,1.27227,5902
2019-05-27 00:00:00+00:00,1.27218,1.27464,1.26681,1.26809,212428
2019-05-28 00:00:00+00:00,1.268,1.26991,1.26509,1.26586,261013
2019-05-29 00:00:00+00:00,1.26578,1.2671,1.26123,1.2629,250840
2019-05-30 00:00:00+00:00,1.2629,1.26386,1.2583,1.26063,199367
2019-05-31 00:00:00+00:00,1.26061,1.26442,1.256,1.26308,267363
2019-06-02 00:00:00+00:00,1.26261,1.26388,1.26203,1.26388,7617
2019-06-03 00:00:00+00:00,1.264,1.26734,1.26121,1.26632,266325
2019-06-04 00:00:00+00:00,1.26621,1.27134,1.26441,1.2703,310343
2019-06-05 00:00:00+00:00,1.2703,1.2743,1.26768,1.26878,330113
2019-06-06 00:00:00+00:00,1.2686,1.27417,1.26689,1.26946,336508
2019-06-07 00:00:00+00:00,1.26947,1.27614,1.2689,1.27322,284735
2019-06-09 00:00:00+00:00,1.27237,1.27347,1.27207,1.27219,9800
2019-06-10 00:00:00+00:00,1.27221,1.2727,1.26552,1.26906,224727
2019-06-11 00:00:00+00:00,1.26914,1.27312,1.2671,1.27241,291522
2019-06-12 00:00:00+00:00,1.27225,1.27579,1.26821,1.26924,298719
2019-06-13 00:00:00+00:00,1.26927,1.27045,1.26645,1.2679,245859
2019-06-14 00:00:00+00:00,1.2679,1.26818,1.25802,1.25888,264674
2019-06-16 00:00:00+00:00,1.25771,1.25976,1.25771,1.25936,8444
2019-06-17 00:00:00+00:00,1.25937,1.26038,1.25326,1.2541,176096
2019-06-18 00:00:00+00:00,1.254,1.25685,1.25065,1.25659,348459
2019-06-19 00:00:00+00:00,1.25655,1.26704,1.25438,1.26529,338999
2019-06-20 00:00:00+00:00,1.26528,1.27255,1.26528,1.27071,392827
2019-06-21 00:00:00+00:00,1.27046,1.27462,1.26441,1.27407,362490
2019-06-23 00:00:00+00:00,1.2733,1.27516,1.27328,1.27516,11961
2019-06-24 00:00:00+00:00,1.27501,1.27655,1.27104,1.27386,253896
2019-06-25 00:00:00+00:00,1.27388,1.27832,1.26725,1.26901,323701
2019-06-26 00:00:00+00:00,1.26905,1.27063,1.26632,1.2695,356269
2019-06-27 00:00:00+00:00,1.26948,1.27233,1.26633,1.26734,327417
2019-06-28 00:00:00+00:00,1.26732,1.2732,1.26653,1.26948,283434
2019-06-30 00:00:00+00:00,1.26965,1.27023,1.26905,1.26934,16788
2019-07-01 00:00:00+00:00,1.26937,1.27055,1.26331,1.26443,291933
2019-07-02 00:00:00+00:00,1.26426,1.26455,1.2587,1.25974,281176
2019-07-03 00:00:00+00:00,1.25963,1.25998,1.25584,1.25825,225641
2019-07-04 00:00:00+00:00,1.25821,1.2591,1.25689,1.25825,141800
2019-07-05 00:00:00+00:00,1.25825,1.25874,1.24815,1.25238,245177
2019-07-07 00:00:00+00:00,1.25251,1.25287,1.25231,1.25242,4045
2019-07-08 00:00:00+00:00,1.25242,1.25391,1.25005,1.25151,173540
2019-07-09 00:00:00+00:00,1.25138,1.2518,1.24409,1.24576,204111
2019-07-10 00:00:00+00:00,1.24565,1.25199,1.24453,1.25059,274784
2019-07-11 00:00:00+00:00,1.25062,1.25685,1.25059,1.25207,275396
2019-07-12 00:00:00+00:00,1.25232,1.25783,1.25213,1.25725,237760
2019-07-14 00:00:00+00:00,1.25631,1.25774,1.25613,1.2571,10764
2019-07-15 00:00:00+00:00,1.257,1.25739,1.25111,1.25163,179307
2019-07-16 00:00:00+00:00,1.25153,1.25188,1.23976,1.24096,257108
2019-07-17 00:00:00+00:00,1.24086,1.24554,1.23823,1.2434,218373
2019-07-18 00:00:00+00:00,1.24343,1.25567,1.24289,1.25426,284517
2019-07-19 00:00:00+00:00,1.25431,1.25538,1.24808,1.24978,205582
2019-07-21 00:00:00+00:00,1.24812,1.25136,1.24812,1.25113,6850
2019-07-22 00:00:00+00:00,1.25095,1.25126,1.24561,1.24721,187991
2019-07-23 00:00:00+00:00,1.24725,1.2481,1.2418,1.24369,233484
2019-07-24 00:00:00+00:00,1.2436,1.25202,1.24289,1.24851,213675
2019-07-25 00:00:00+00:00,1.24853,1.25169,1.2437,1.24526,281473
2019-07-26 00:00:00+00:00,1.24518,1.24585,1.23771,1.23804,190178
2019-07-28 00:00:00+00:00,1.23736,1.23822,1.23736,1.23752,3961
2019-07-29 00:00:00+00:00,1.23766,1.238,1.22133,1.22165,220881
2019-07-30 00:00:00+00:00,1.22192,1.22192,1.21208,1.21575,274737
2019-07-31 00:00:00+00:00,1.2156,1.22484,1.21394,1.21529,373433
2019-08-01 00:00:00+00:00,1.21537,1.21697,1.20797,1.21234,385715
2019-08-02 00:00:00+00:00,1.21284,1.21684,1.20909,1.21575,343469
2019-08-04 00:00:00+00:00,1.21518,1.21561,1.21371,1.21502,8406
2019-08-05 00:00:00+00:00,1.21497,1.21874,1.21017,1.21563,342934
2019-08-06 00:00:00+00:00,1.2156,1.2208,1.2139,1.21699,305894
2019-08-07 00:00:00+00:00,1.21711,1.21902,1.21217,1.214,316014
2019-08-08 00:00:00+00:00,1.21418,1.2181,1.2096,1.21422,268873
2019-08-09 00:00:00+00:00,1.21418,1.21478,1.20227,1.20227,208902
2019-08-11 00:00:00+00:00,1.2047,1.20471,1.20151,1.20195,17778
2019-08-12 00:00:00+00:00,1.20203,1.20993,1.2018,1.20773,319274
2019-08-13 00:00:00+00:00,1.20788,1.20964,1.2043,1.20627,403844
2019-08-14 00:00:00+00:00,1.20625,1.20965,1.20461,1.20598,369118
2019-08-15 00:00:00+00:00,1.20597,1.21443,1.20508,1.20907,423274
2019-08-16 00:00:00+00:00,1.20907,1.21741,1.20818,1.21418,288992
2019-08-18 00:00:00+00:00,1.21562,1.21597,1.21454,1.2158,10713
2019-08-19 00:00:00+00:00,1.21589,1.21721,1.21052,1.21279,240043
2019-08-20 00:00:00+00:00,1.21298,1.21765,1.20683,1.21617,306233
2019-08-21 00:00:00+00:00,1.21647,1.21747,1.21158,1.21314,251314
2019-08-22 00:00:00+00:00,1.21294,1.2268,1.2109,1.22508,348260
2019-08-23 00:00:00+00:00,1.22494,1.22931,1.21961,1.22829,349810
2019-08-25 00:00:00+00:00,1.2265,1.22847,1.22603,1.22603,27743
2019-08-26 00:00:00+00:00,1.22627,1.22838,1.22087,1.22215,395790
2019-08-27 00:00:00+00:00,1.22198,1.23073,1.22089,1.22801,309452
2019-08-28 00:00:00+00:00,1.22824,1.22871,1.21686,1.22176,348571
2019-08-29 00:00:00+00:00,1.22137,1.2231,1.21725,1.21835,301125
2019-08-30 00:00:00+00:00,1.2184,1.22239,1.21406,1.21602,281540
2019-09-01 00:00:00+00:00,1.21492,1.21626,1.21397,1.21578,7766
2019-09-02 00:00:00+00:00,1.21584,1.21743,1.20362,1.20639,254692
2019-09-03 00:00:00+00:00,1.20641,1.21053,1.19584,1.20904,369138
2019-09-04 00:00:00+00:00,1.20878,1.22577,1.20858,1.22458,357668
2019-09-05 00:00:00+00:00,1.22447,1.23526,1.22122,1.23243,329656
2019-09-06 00:00:00+00:00,1.2325,1.23427,1.22801,1.22881,283477
2019-09-08 00:00:00+00:00,1.227,1.22875,1.22697,1.22844,7860
2019-09-09 00:00:00+00:00,1.22818,1.23806,1.22334,1.2345,281367
2019-09-10 00:00:00+00:00,1.23447,1.23742,1.23071,1.23572,236891
2019-09-11 00:00:00+00:00,1.23533,1.23694,1.23127,1.23342,252958
2019-09-12 00:00:00+00:00,1.23323,1.23653,1.22829,1.23289,340654
2019-09-13 00:00:00+00:00,1.23291,1.25039,1.23275,1.24949,269646
2019-09-15 00:00:00+00:00,1.24867,1.25025,1.24834,1.24962,11526
2019-09-16 00:00:00+00:00,1.24978,1.24978,1.24003,1.24251,249896
2019-09-17 00:00:00+00:00,1.24266,1.2522,1.23931,1.2501,261951
2019-09-18 00:00:00+00:00,1.2502,1.25118,1.24406,1.2469,270443
2019-09-19 00:00:00+00:00,1.2469,1.25564,1.24403,1.25225,264123
2019-09-20 00:00:00+00:00,1.2524,1.25796,1.24643,1.24695,274529
2019-09-22 00:00:00+00:00,1.2465,1.24731,1.24647,1.24701,7732
2019-09-23 00:00:00+00:00,1.24698,1.24902,1.24147,1.24332,238391
2019-09-24 00:00:00+00:00,1.24345,1.2502,1.24154,1.24851,254796
2019-09-25 00:00:00+00:00,1.24854,1.24873,1.23437,1.23584,246511
2019-09-26 00:00:00+00:00,1.23606,1.23799,1.23026,1.23282,241115
2019-09-27 00:00:00+00:00,1.23284,1.23361,1.22716,1.22841,224256
2019-09-29 00:00:00+00:00,1.22873,1.22963,1.22833,1.22922,6937
2019-09-30 00:00:00+00:00,1.22921,1.23438,1.22767,1.22891,220816
2019-10-01 00:00:00+00:00,1.22888,1.23284,1.22045,1.22912,300016
2019-10-02 00:00:00+00:00,1.22921,1.23228,1.2228,1.23044,265486
2019-10-03 00:00:00+00:00,1.23043,1.2411,1.22668,1.23412,287896
2019-10-04 00:00:00+00:00,1.23397,1.23566,1.22771,1.23305,235473
2019-10-06 00:00:00+00:00,1.23069,1.23359,1.23069,1.23347,8876
2019-10-07 00:00:00+00:00,1.23339,1.2336,1.22849,1.22878,197809
2019-10-08 00:00:00+00:00,1.22883,1.23014,1.21964,1.22196,277450
2019-10-09 00:00:00+00:00,1.22192,1.22832,1.21996,1.22116,244546
2019-10-10 00:00:00+00:00,1.22124,1.2468,1.22087,1.243,387900
2019-10-11 00:00:00+00:00,1.2436,1.26933,1.24164,1.26441,455499
2019-10-13 00:00:00+00:00,1.26275,1.26444,1.26151,1.26167,14427
2019-10-14 00:00:00+00:00,1.26071,1.26462,1.2523,1.26089,333826
2019-10-15 00:00:00+00:00,1.26077,1.27976,1.26031,1.27595,526016
2019-10-16 00:00:00+00:00,1.27584,1.28689,1.26705,1.28193,558810
2019-10-17 00:00:00+00:00,1.28191,1.29701,1.27552,1.28642,522551
2019-10-18 00:00:00+00:00,1.2865,1.29739,1.28404,1.29739,347310
2019-10-20 00:00:00+00:00,1.2949,1.29492,1.28746,1.29023,35891
2019-10-21 00:00:00+00:00,1.28993,1.30118,1.28884,1.29712,325864
2019-10-22 00:00:00+00:00,1.29711,1.29987,1.28635,1.28829,403444
2019-10-23 00:00:00+00:00,1.28836,1.2921,1.28413,1.29204,287081
2019-10-24 00:00:00+00:00,1.29175,1.29464,1.2789,1.28383,299478
2019-10-25 00:00:00+00:00,1.28394,1.28597,1.28049,1.28217,197676
2019-10-27 00:00:00+00:00,1.281,1.28337,1.281,1.28274,13487
2019-10-28 00:00:00+00:00,1.28284,1.28757,1.28114,1.28557,201909
2019-10-29 00:00:00+00:00,1.28554,1.2904,1.28091,1.28648,265529
2019-10-30 00:00:00+00:00,1.28651,1.29061,1.28478,1.29012,262686
2019-10-31 00:00:00+00:00,1.29017,1.29751,1.29017,1.29385,290251
2019-11-01 00:00:00+00:00,1.2939,1.29716,1.2928,1.29331,240919
2019-11-03 00:00:00+00:00,1.29281,1.29405,1.29268,1.29369,5175
2019-11-04 00:00:00+00:00,1.29367,1.29421,1.28764,1.28888,197686
2019-11-05 00:00:00+00:00,1.28871,1.29153,1.28594,1.28802,238070
2019-11-06 00:00:00+00:00,1.28784,1.2897,1.2844,1.28553,194568
2019-11-07 00:00:00+00:00,1.28533,1.2877,1.27964,1.282,268436
2019-11-08 00:00:00+00:00,1.28194,1.28222,1.27699,1.27725,193638
2019-11-10 00:00:00+00:00,1.2795,1.27953,1.27893,1.27947,4014
2019-11-11 00:00:00+00:00,1.2796,1.28916,1.27863,1.28537,209377
2019-11-12 00:00:00+00:00,1.28542,1.28725,1.28165,1.28506,221639
2019-11-13 00:00:00+00:00,1.28504,1.28586,1.28237,1.28537,212040
2019-11-14 00:00:00+00:00,1.28512,1.28873,1.28254,1.2882,205604
2019-11-15 00:00:00+00:00,1.28813,1.29181,1.28673,1.28982,185560
2019-11-17 00:00:00+00:00,1.29216,1.29216,1.291,1.29192,11904
2019-11-18 00:00:00+00:00,1.29191,1.29817,1.29161,1.29488,219066
2019-11-19 00:00:00+00:00,1.2948,1.29693,1.29105,1.29278,224687
2019-11-20 00:00:00+00:00,1.29273,1.29278,1.2888,1.29257,212874
2019-11-21 00:00:00+00:00,1.29264,1.29686,1.28935,1.29191,230755
2019-11-22 00:00:00+00:00,1.29182,1.29268,1.28248,1.28292,219193
2019-11-24 00:00:00+00:00,1.28553,1.28553,1.28441,1.28516,5264
2019-11-25 00:00:00+00:00,1.28502,1.29112,1.28414,1.2896,195573
2019-11-26 00:00:00+00:00,1.28973,1.29036,1.28365,1.28601,203838
2019-11-27 00:00:00+00:00,1.28581,1.29487,1.2828,1.29296,240689
2019-11-28 00:00:00+00:00,1.29315,1.29502,1.29007,1.29117,197473
2019-11-29 00:00:00+00:00,1.291,1.29408,1.28826,1.29272,191315
2019-12-01 00:00:00+00:00,1.29077,1.29176,1.29077,1.2912,6243
2019-12-02 00:00:00+00:00,1.29113,1.29487,1.28967,1.29395,215284
2019-12-03 00:00:00+00:00,1.29365,1.30102,1.29309,1.29967,229185
2019-12-04 00:00:00+00:00,1.29957,1.31179,1.29853,1.31089,257023
2019-12-05 00:00:00+00:00,1.31083,1.31658,1.31053,1.3158,203597
2019-12-06 00:00:00+00:00,1.31585,1.31651,1.31011,1.31316,209730
2019-12-08 00:00:00+00:00,1.3134,1.31412,1.31316,1.31385,6500
2019-12-09 00:00:00+00:00,1.31397,1.31777,1.31361,1.31457,207675
2019-12-10 00:00:00+00:00,1.31444,1.3207,1.31081,1.31291,237542
2019-12-11 00:00:00+00:00,1.31305,1.32133,1.31125,1.31998,260842
2019-12-12 00:00:00+00:00,1.32005,1.35133,1.30594,1.34734,416983
2019-12-13 00:00:00+00:00,1.34765,1.35065,1.33072,1.33283,481499
2019-12-15 00:00:00+00:00,1.33392,1.33546,1.33374,1.33533,12959
2019-12-16 00:00:00+00:00,1.33557,1.3418,1.32426,1.32674,277925
2019-12-17 00:00:00+00:00,1.32663,1.33006,1.30993,1.31219,339897
2019-12-18 00:00:00+00:00,1.3121,1.31262,1.30602,1.30844,335865
2019-12-19 00:00:00+00:00,1.30839,1.31318,1.29971,1.30172,317573
2019-12-20 00:00:00+00:00,1.30172,1.30793,1.29812,1.29947,219484
2019-12-22 00:00:00+00:00,1.2999,1.30139,1.29871,1.30059,6792
2019-12-23 00:00:00+00:00,1.30058,1.30295,1.29057,1.29433,243945
2019-12-24 00:00:00+00:00,1.29442,1.29683,1.29227,1.29573,163658
2019-12-26 00:00:00+00:00,1.2996,1.30148,1.29609,1.30009,96460
2019-12-27 00:00:00+00:00,1.3001,1.31166,1.29703,1.30802,254775
2019-12-29 00:00:00+00:00,1.3085,1.30974,1.30672,1.30902,4672
2019-12-30 00:00:00+00:00,1.30903,1.31491,1.30869,1.31111,230767
2019-12-31 00:00:00+00:00,1.31135,1.32841,1.31071,1.32502,227483
2020-01-02 00:00:00+00:00,1.32214,1.32297,1.31179,1.31472,230234
2020-01-03 00:00:00+00:00,1.31427,1.31601,1.3055,1.3077,292318
2020-01-05 00:00:00+00:00,1.30849,1.30849,1.3065,1.30773,8165
2020-01-06 00:00:00+00:00,1.3082,1.31765,1.3067,1.31715,238327
2020-01-07 00:00:00+00:00,1.3172,1.32089,1.30978,1.31138,277417
2020-01-08 00:00:00+00:00,1.3111,1.31687,1.30838,1.31053,326569
2020-01-09 00:00:00+00:00,1.31049,1.31234,1.30142,1.30695,269454
2020-01-10 00:00:00+00:00,1.30687,1.30932,1.30475,1.30584,237669
2020-01-12 00:00:00+00:00,1.30347,1.30442,1.30341,1.30435,4748
2020-01-13 00:00:00+00:00,1.30431,1.30441,1.29621,1.2986,242496
2020-01-14 00:00:00+00:00,1.29874,1.30329,1.29552,1.30212,281176
2020-01-15 00:00:00+00:00,1.30213,1.30568,1.29871,1.30397,257298
2020-01-16 00:00:00+00:00,1.30402,1.30823,1.30272,1.30764,247102
2020-01-17 00:00:00+00:00,1.30761,1.31159,1.30045,1.30045,254615
2020-01-19 00:00:00+00:00,1.29939,1.30075,1.29939,1.30056,4881
2020-01-20 00:00:00+00:00,1.30072,1.30116,1.29622,1.30038,157497
2020-01-21 00:00:00+00:00,1.30035,1.30803,1.2996,1.30453,230844
2020-01-22 00:00:00+00:00,1.30495,1.31528,1.30357,1.31439,271592
2020-01-23 00:00:00+00:00,1.31441,1.315,1.30974,1.31188,228572
2020-01-24 00:00:00+00:00,1.31192,1.31529,1.30575,1.30687,265121
2020-01-26 00:00:00+00:00,1.30682,1.3076,1.30613,1.30613,11542
2020-01-27 00:00:00+00:00,1.30633,1.31025,1.30417,1.30593,205945
2020-01-28 00:00:00+00:00,1.30591,1.30651,1.29763,1.30232,204117
2020-01-29 00:00:00+00:00,1.30237,1.30273,1.299,1.30212,175224
2020-01-30 00:00:00+00:00,1.3022,1.31094,1.29784,1.3085,276716
2020-01-31 00:00:00+00:00,1.30841,1.32086,1.30841,1.32009,245385
2020-02-02 00:00:00+00:00,1.31736,1.31834,1.31736,1.3181,5700
2020-02-03 00:00:00+00:00,1.31805,1.31825,1.29839,1.29967,277984
2020-02-04 00:00:00+00:00,1.29953,1.30441,1.29425,1.30302,258591
2020-02-05 00:00:00+00:00,1.30308,1.30685,1.29591,1.29953,258093
2020-02-06 00:00:00+00:00,1.29956,1.29967,1.29221,1.29301,213130
2020-02-07 00:00:00+00:00,1.29293,1.29549,1.28819,1.28829,252348
2020-02-09 00:00:00+00:00,1.28923,1.28923,1.28851,1.28897,6037
2020-02-10 00:00:00+00:00,1.28884,1.29441,1.28723,1.29158,235446
2020-02-11 00:00:00+00:00,1.29148,1.29665,1.28956,1.29561,241900
2020-02-12 00:00:00+00:00,1.29559,1.29911,1.2952,1.29577,230180
2020-02-13 00:00:00+00:00,1.29588,1.30691,1.29447,1.30453,282909
2020-02-14 00:00:00+00:00,1.30455,1.30607,1.30029,1.30433,205790
2020-02-16 00:00:00+00:00,1.304,1.30535,1.3036,1.30514,4479
2020-02-17 00:00:00+00:00,1.30493,1.30511,1.29988,1.30054,152584
2020-02-18 00:00:00+00:00,1.30038,1.30461,1.2971,1.2999,243886
2020-02-19 00:00:00+00:00,1.2999,1.30211,1.2908,1.29259,241652
2020-02-20 00:00:00+00:00,1.29254,1.29282,1.28523,1.28807,271534
2020-02-21 00:00:00+00:00,1.28808,1.29804,1.28797,1.2954,292065
2020-02-23 00:00:00+00:00,1.29449,1.29545,1.2943,1.29517,7829
2020-02-24 00:00:00+00:00,1.29509,1.29535,1.28878,1.29241,309969
2020-02-25 00:00:00+00:00,1.29233,1.30164,1.29148,1.30024,336389
2020-02-26 00:00:00+00:00,1.30012,1.30077,1.28946,1.29059,362170
2020-02-27 00:00:00+00:00,1.29052,1.29461,1.28622,1.28876,436234
2020-02-28 00:00:00+00:00,1.28894,1.29188,1.2728,1.28132,524088
2020-03-01 00:00:00+00:00,1.27952,1.28191,1.27889,1.28044,15040
2020-03-02 00:00:00+00:00,1.28035,1.28502,1.27406,1.27664,533363
2020-03-03 00:00:00+00:00,1.27655,1.28431,1.27591,1.28198,539291
2020-03-04 00:00:00+00:00,1.28196,1.28726,1.27702,1.2871,375637
2020-03-05 00:00:00+00:00,1.28709,1.29675,1.28609,1.2949,325669
2020-03-06 00:00:00+00:00,1.29508,1.30522,1.29497,1.30449,533703
2020-03-08 00:00:00+00:00,1.3075,1.31044,1.30744,1.30962,32045
2020-03-09 00:00:00+00:00,1.30952,1.3199,1.30364,1.30726,863086
2020-03-10 00:00:00+00:00,1.30717,1.3086,1.28705,1.2905,739778
2020-03-11 00:00:00+00:00,1.29067,1.29751,1.28054,1.28174,536060
2020-03-12 00:00:00+00:00,1.28164,1.28485,1.24957,1.25719,823993
2020-03-13 00:00:00+00:00,1.25672,1.26238,1.22712,1.2277,840529
2020-03-15 00:00:00+00:00,1.2266,1.24216,1.2266,1.23971,54218
2020-03-16 00:00:00+00:00,1.23979,1.23979,1.22036,1.22647,1013214
2020-03-17 00:00:00+00:00,1.22639,1.22653,1.20039,1.21161,1022734
2020-03-18 00:00:00+00:00,1.21115,1.2129,1.14878,1.1608,917054
2020-03-19 00:00:00+00:00,1.16108,1.17845,1.14105,1.149,1072041
2020-03-20 00:00:00+00:00,1.14901,1.19254,1.14801,1.16587,895129
2020-03-22 00:00:00+00:00,1.167,1.16759,1.15353,1.16158,45883
2020-03-23 00:00:00+00:00,1.16053,1.171,1.14514,1.1596,976529
2020-03-24 00:00:00+00:00,1.15918,1.17982,1.15797,1.17888,786179
2020-03-25 00:00:00+00:00,1.17849,1.19722,1.16464,1.18469,716802
2020-03-26 00:00:00+00:00,1.18433,1.22268,1.18196,1.21915,631360
2020-03-27 00:00:00+00:00,1.21863,1.2481,1.21529,1.24491,617821
2020-03-29 00:00:00+00:00,1.24454,1.24537,1.23925,1.24505,24072
2020-03-30 00:00:00+00:00,1.24517,1.24651,1.23183,1.23678,483181
2020-03-31 00:00:00+00:00,1.23677,1.24679,1.22644,1.24045,608534
2020-04-01 00:00:00+00:00,1.24074,1.24379,1.23342,1.23796,411109
2020-04-02 00:00:00+00:00,1.23801,1.24664,1.23515,1.23905,410597
2020-04-03 00:00:00+00:00,1.23897,1.23927,1.22072,1.22631,368275
2020-04-05 00:00:00+00:00,1.22328,1.22624,1.22143,1.22169,14538
2020-04-06 00:00:00+00:00,1.22177,1.23243,1.21784,1.22312,349220
2020-04-07 00:00:00+00:00,1.22329,1.23803,1.22192,1.23361,382070
2020-04-08 00:00:00+00:00,1.23337,1.24179,1.22892,1.23905,296977
2020-04-09 00:00:00+00:00,1.23905,1.24825,1.23617,1.24507,345656
2020-04-10 00:00:00+00:00,1.24534,1.24857,1.24458,1.24655,48363
2020-04-12 00:00:00+00:00,1.24491,1.24718,1.24491,1.24588,8106
2020-04-13 00:00:00+00:00,1.24579,1.25323,1.24539,1.25203,168243
2020-04-14 00:00:00+00:00,1.25186,1.26452,1.25101,1.26246,290477
2020-04-15 00:00:00+00:00,1.26225,1.26241,1.24391,1.25185,311593
2020-04-16 00:00:00+00:00,1.25195,1.25246,1.24095,1.24872,336730
2020-04-17 00:00:00+00:00,1.24854,1.25215,1.24083,1.2497,305911
2020-04-19 00:00:00+00:00,1.24969,1.24998,1.2485,1.2485,4158
2020-04-20 00:00:00+00:00,1.24868,1.24905,1.24167,1.244,247462
2020-04-21 00:00:00+00:00,1.24415,1.24415,1.22512,1.23008,328787
2020-04-22 00:00:00+00:00,1.23012,1.23827,1.22747,1.23219,269108
2020-04-23 00:00:00+00:00,1.23221,1.24123,1.23085,1.23518,333771
2020-04-24 00:00:00+00:00,1.23526,1.23741,1.22988,1.23609,268716
2020-04-26 00:00:00+00:00,1.2361,1.23686,1.2361,1.23669,4937
2020-04-27 00:00:00+00:00,1.23678,1.24526,1.23598,1.24212,252826
2020-04-28 00:00:00+00:00,1.24204,1.25178,1.24049,1.24345,265531
2020-04-29 00:00:00+00:00,1.24329,1.24851,1.23894,1.24698,261036
2020-04-30 00:00:00+00:00,1.24682,1.26404,1.24294,1.25806,355461
2020-05-01 00:00:00+00:00,1.25809,1.25809,1.2485,1.24874,253590
2020-05-03 00:00:00+00:00,1.248,1.24857,1.24511,1.24551,11658
2020-05-04 00:00:00+00:00,1.24552,1.24684,1.24059,1.24444,265781
2020-05-05 00:00:00+00:00,1.24472,1.24796,1.24224,1.24436,287460
2020-05-06 00:00:00+00:00,1.24446,1.24497,1.23224,1.23241,236117
2020-05-07 00:00:00+00:00,1.23255,1.24148,1.2268,1.23734,263757
2020-05-08 00:00:00+00:00,1.23723,1.24625,1.23564,1.24007,175770
2020-05-10 00:00:00+00:00,1.2399,1.24174,1.23936,1.24164,8945
2020-05-11 00:00:00+00:00,1.24148,1.24355,1.22839,1.23313,262544
2020-05-12 00:00:00+00:00,1.23312,1.23743,1.22445,1.22519,314691
2020-05-13 00:00:00+00:00,1.2253,1.2337,1.2211,1.22383,356599
2020-05-14 00:00:00+00:00,1.22384,1.22404,1.21681,1.22333,331171
2020-05-15 00:00:00+00:00,1.22328,1.22372,1.20999,1.20999,318671
2020-05-17 00:00:00+00:00,1.20821,1.20982,1.20758,1.20852,15331
2020-05-18 00:00:00+00:00,1.20851,1.22251,1.20851,1.21996,316880
2020-05-19 00:00:00+00:00,1.21996,1.2294,1.2184,1.22555,311473
2020-05-20 00:00:00+00:00,1.22583,1.22857,1.22223,1.22362,289200
2020-05-21 00:00:00+00:00,1.2232,1.22489,1.21861,1.22221,280471
2020-05-22 00:00:00+00:00,1.22255,1.22333,1.2161,1.2161,253008
2020-05-24 00:00:00+00:00,1.2172,1.21877,1.2166,1.21859,8019
2020-05-25 00:00:00+00:00,1.2186,1.22035,1.2164,1.2202,189382
2020-05-26 00:00:00+00:00,1.22,1.23619,1.21978,1.23316,304819
2020-05-27 00:00:00+00:00,1.23322,1.23489,1.22086,1.22636,415898
2020-05-28 00:00:00+00:00,1.2262,1.23442,1.22354,1.23185,352809
2020-05-29 00:00:00+00:00,1.23187,1.23919,1.22923,1.23455,472754
2020-05-31 00:00:00+00:00,1.2324,1.23533,1.2324,1.23449,13544
2020-06-01 00:00:00+00:00,1.23444,1.25062,1.23436,1.24861,345382
2020-06-02 00:00:00+00:00,1.24876,1.25831,1.24785,1.25807,391695
2020-06-03 00:00:00+00:00,1.25782,1.2612,1.2554,1.25738,405897
2020-06-04 00:00:00+00:00,1.2573,1.2629,1.25008,1.26055,430554
2020-06-05 00:00:00+00:00,1.26019,1.27291,1.25835,1.26634,410886
2020-06-07 00:00:00+00:00,1.2678,1.27293,1.26739,1.27189,9365
2020-06-08 00:00:00+00:00,1.27124,1.27401,1.26294,1.2734,311026
2020-06-09 00:00:00+00:00,1.2733,1.27538,1.26227,1.2709,373320
2020-06-10 00:00:00+00:00,1.27102,1.28099,1.27064,1.27116,530481
2020-06-11 00:00:00+00:00,1.27133,1.275,1.25718,1.25732,585317
2020-06-12 00:00:00+00:00,1.25752,1.26491,1.24739,1.25354,524973
2020-06-14 00:00:00+00:00,1.251,1.25204,1.24883,1.25084,24014
2020-06-15 00:00:00+00:00,1.2509,1.26378,1.24552,1.26378,523476
2020-06-16 00:00:00+00:00,1.26448,1.26868,1.25558,1.25821,516603
2020-06-17 00:00:00+00:00,1.25811,1.25867,1.25132,1.25498,420186
2020-06-18 00:00:00+00:00,1.25515,1.25613,1.24027,1.24247,443155
2020-06-19 00:00:00+00:00,1.24239,1.24555,1.23421,1.23421,354903
2020-06-21 00:00:00+00:00,1.23447,1.2357,1.23383,1.23454,14172
2020-06-22 00:00:00+00:00,1.23448,1.25045,1.23361,1.25,319838
2020-06-23 00:00:00+00:00,1.24981,1.25316,1.24349,1.25243,406848
2020-06-24 00:00:00+00:00,1.25278,1.25405,1.24113,1.24121,425890
2020-06-25 00:00:00+00:00,1.24134,1.2461,1.23924,1.24243,388744
2020-06-26 00:00:00+00:00,1.24237,1.24359,1.23171,1.23294,302706
2020-06-28 00:00:00+00:00,1.2334,1.23454,1.23256,1.23404,6335
2020-06-29 00:00:00+00:00,1.23396,1.23885,1.22526,1.2311,281947
2020-06-30 00:00:00+00:00,1.23099,1.2401,1.22592,1.23876,319872
2020-07-01 00:00:00+00:00,1.23878,1.24894,1.236,1.24643,310283
2020-07-02 00:00:00+00:00,1.24673,1.25291,1.24572,1.24658,298048
2020-07-03 00:00:00+00:00,1.2466,1.24853,1.24398,1.24816,282532
2020-07-05 00:00:00+00:00,1.246,1.24772,1.24579,1.24742,5580
2020-07-06 00:00:00+00:00,1.24765,1.25185,1.24762,1.24948,277637
2020-07-07 00:00:00+00:00,1.24937,1.25902,1.24635,1.2541,322304
2020-07-08 00:00:00+00:00,1.25379,1.26224,1.25099,1.26128,329337
2020-07-09 00:00:00+00:00,1.26121,1.26687,1.26001,1.26055,361183
2020-07-10 00:00:00+00:00,1.26054,1.26616,1.25683,1.26126,277408
2020-07-12 00:00:00+00:00,1.26212,1.2637,1.26203,1.26259,8663
2020-07-13 00:00:00+00:00,1.26256,1.26656,1.25508,1.25514,284264
2020-07-14 00:00:00+00:00,1.25479,1.25741,1.24836,1.25688,384102
2020-07-15 00:00:00+00:00,1.25708,1.26481,1.25636,1.25905,316088
2020-07-16 00:00:00+00:00,1.25876,1.26234,1.25219,1.25583,305299
2020-07-17 00:00:00+00:00,1.25582,1.25735,1.25126,1.25634,211206
2020-07-19 00:00:00+00:00,1.25539,1.2572,1.25533,1.25705,16799
2020-07-20 00:00:00+00:00,1.25684,1.26648,1.25186,1.26609,270046
2020-07-21 00:00:00+00:00,1.2665,1.27671,1.26504,1.27319,331258
2020-07-22 00:00:00+00:00,1.27331,1.27427,1.26443,1.27271,381389
2020-07-23 00:00:00+00:00,1.2731,1.27595,1.26734,1.27297,379572
2020-07-24 00:00:00+00:00,1.27296,1.28023,1.27193,1.27906,337305
2020-07-26 00:00:00+00:00,1.2792,1.28008,1.2779,1.27942,15725
2020-07-27 00:00:00+00:00,1.27988,1.29006,1.27988,1.28881,366128
2020-07-28 00:00:00+00:00,1.28881,1.29523,1.28419,1.29241,342463
2020-07-29 00:00:00+00:00,1.29263,1.301,1.29119,1.29788,371941
2020-07-30 00:00:00+00:00,1.29808,1.31199,1.29461,1.31156,387116
2020-07-31 00:00:00+00:00,1.31185,1.31692,1.30712,1.3077,479558
2020-08-02 00:00:00+00:00,1.30785,1.31046,1.30718,1.30989,18349
2020-08-03 00:00:00+00:00,1.31003,1.31118,1.30059,1.30777,390809
2020-08-04 00:00:00+00:00,1.30751,1.31065,1.2982,1.30848,328849
2020-08-05 00:00:00+00:00,1.30847,1.31602,1.30592,1.31247,328930
2020-08-06 00:00:00+00:00,1.3126,1.31853,1.31203,1.31374,430914
2020-08-07 00:00:00+00:00,1.31323,1.3147,1.30103,1.30482,383700
2020-08-09 00:00:00+00:00,1.305,1.30649,1.30421,1.30504,10247
2020-08-10 00:00:00+00:00,1.30524,1.3102,1.30199,1.30762,271055
2020-08-11 00:00:00+00:00,1.30753,1.31311,1.30432,1.30509,363312
2020-08-12 00:00:00+00:00,1.30527,1.30658,1.30057,1.30461,362536
2020-08-13 00:00:00+00:00,1.30466,1.31224,1.30437,1.30696,308369
2020-08-14 00:00:00+00:00,1.30698,1.31413,1.30499,1.30787,261206
2020-08-16 00:00:00+00:00,1.30913,1.31057,1.30877,1.31052,8536
2020-08-17 00:00:00+00:00,1.31025,1.31211,1.30757,1.31063,239139
2020-08-18 00:00:00+00:00,1.31056,1.32544,1.31056,1.32526,317368
2020-08-19 00:00:00+00:00,1.32516,1.32646,1.30905,1.31094,358398
2020-08-20 00:00:00+00:00,1.31042,1.32232,1.30658,1.32184,400582
2020-08-21 00:00:00+00:00,1.32197,1.32544,1.30624,1.30854,389855
2020-08-23 00:00:00+00:00,1.308,1.31006,1.308,1.30924,7302
2020-08-24 00:00:00+00:00,1.30913,1.31471,1.30541,1.30706,269266
2020-08-25 00:00:00+00:00,1.30713,1.3169,1.30593,1.31499,297941
2020-08-26 00:00:00+00:00,1.31478,1.32196,1.31184,1.32187,273989
2020-08-27 00:00:00+00:00,1.32185,1.32796,1.31668,1.32003,458173
2020-08-28 00:00:00+00:00,1.31977,1.33539,1.31885,1.33479,381743
2020-08-30 00:00:00+00:00,1.3333,1.3358,1.3333,1.33549,13300
2020-08-31 00:00:00+00:00,1.33572,1.3391,1.3303,1.33631,309506
2020-09-01 00:00:00+00:00,1.33641,1.34797,1.33581,1.33996,408119
2020-09-02 00:00:00+00:00,1.33995,1.33995,1.32837,1.33478,360826
2020-09-03 00:00:00+00:00,1.33474,1.33474,1.32452,1.32635,365798
2020-09-04 00:00:00+00:00,1.32666,1.33176,1.31769,1.32765,387352
2020-09-06 00:00:00+00:00,1.32486,1.3265,1.32395,1.32468,12500
2020-09-07 00:00:00+00:00,1.32479,1.32575,1.31432,1.31607,232097
2020-09-08 00:00:00+00:00,1.31616,1.31652,1.29521,1.29646,390317
2020-09-09 00:00:00+00:00,1.29675,1.30216,1.28874,1.2998,379990
2020-09-10 00:00:00+00:00,1.29971,1.30327,1.27742,1.28069,465512
2020-09-11 00:00:00+00:00,1.2811,1.28576,1.27649,1.27935,347230
2020-09-13 00:00:00+00:00,1.27746,1.28108,1.27746,1.28066,6640
2020-09-14 00:00:00+00:00,1.28095,1.29131,1.27919,1.28482,281093
2020-09-15 00:00:00+00:00,1.2846,1.29247,1.28157,1.28831,303862
2020-09-16 00:00:00+00:00,1.28814,1.3007,1.28775,1.29604,402409
2020-09-17 00:00:00+00:00,1.29598,1.29874,1.28678,1.29749,473370
2020-09-18 00:00:00+00:00,1.29805,1.29997,1.2913,1.2913,344041
2020-09-20 00:00:00+00:00,1.2923,1.2938,1.29223,1.29324,9739
2020-09-21 00:00:00+00:00,1.29337,1.29658,1.27771,1.2818,463531
2020-09-22 00:00:00+00:00,1.28162,1.2863,1.27111,1.27424,449786
2020-09-23 00:00:00+00:00,1.27434,1.27749,1.2679,1.2714,430266
2020-09-24 00:00:00+00:00,1.27156,1.27773,1.26918,1.27556,427492
2020-09-25 00:00:00+00:00,1.2755,1.28012,1.26886,1.27403,343014
2020-09-27 00:00:00+00:00,1.27562,1.27698,1.27546,1.27642,8151
2020-09-28 00:00:00+00:00,1.27639,1.29231,1.27523,1.28732,320487
2020-09-29 00:00:00+00:00,1.28708,1.28889,1.28302,1.28649,349223
2020-09-30 00:00:00+00:00,1.28664,1.2942,1.28109,1.29159,412157
2020-10-01 00:00:00+00:00,1.29176,1.29779,1.28215,1.28854,465107
2020-10-02 00:00:00+00:00,1.28873,1.29522,1.28384,1.29287,452393
2020-10-04 00:00:00+00:00,1.2934,1.2934,1.29125,1.29289,9512
2020-10-05 00:00:00+00:00,1.29285,1.29926,1.29005,1.29926,257382
2020-10-06 00:00:00+00:00,1.29937,1.30062,1.28651,1.28837,402709
2020-10-07 00:00:00+00:00,1.28845,1.29292,1.28498,1.29161,340962
2020-10-08 00:00:00+00:00,1.29171,1.2969,1.28947,1.29393,289974
2020-10-09 00:00:00+00:00,1.29396,1.30491,1.29258,1.30418,275346
2020-10-11 00:00:00+00:00,1.3023,1.30369,1.3023,1.30303,9706
2020-10-12 00:00:00+00:00,1.30284,1.30805,1.30058,1.30645,250786
2020-10-13 00:00:00+00:00,1.30639,1.30675,1.29231,1.29353,352644
2020-10-14 00:00:00+00:00,1.29226,1.30622,1.28645,1.30117,332675
2020-10-15 00:00:00+00:00,1.3013,1.30297,1.28919,1.29032,381938
2020-10-16 00:00:00+00:00,1.29023,1.29613,1.28684,1.29146,376360
2020-10-18 00:00:00+00:00,1.289,1.29279,1.289,1.29257,11529
2020-10-19 00:00:00+00:00,1.29306,1.30221,1.29235,1.29475,345609
2020-10-20 00:00:00+00:00,1.29472,1.29784,1.29121,1.29557,307292
2020-10-21 00:00:00+00:00,1.29567,1.31744,1.2954,1.31292,353828
2020-10-22 00:00:00+00:00,1.31304,1.31491,1.30713,1.30778,307532
2020-10-23 00:00:00+00:00,1.3077,1.31169,1.30204,1.304,290923
2020-11-15 00:00:00+00:00,1.31861,1.32336,1.3174,1.32265,45524
2020-11-16 00:00:00+00:00,1.32263,1.32395,1.31678,1.32216,325291
2020-11-17 00:00:00+00:00,1.3222,1.32717,1.31947,1.32611,281652
2020-11-18 00:00:00+00:00,1.32612,1.33103,1.32248,1.32339,240977
2020-11-19 00:00:00+00:00,1.32338,1.32786,1.31985,1.3276,291974
2020-11-20 00:00:00+00:00,1.32759,1.32962,1.32496,1.32832,223258
2020-11-22 00:00:00+00:00,1.3289,1.33264,1.32776,1.3315,33093
2020-11-23 00:00:00+00:00,1.3315,1.33969,1.3265,1.3335,319469
2020-11-24 00:00:00+00:00,1.33347,1.3379,1.32933,1.33549,289436
2020-11-25 00:00:00+00:00,1.33544,1.33971,1.33053,1.3388,291454
2020-11-26 00:00:00+00:00,1.33883,1.33969,1.33227,1.33699,179536
2020-11-27 00:00:00+00:00,1.33694,1.33801,1.32911,1.33052,204935
2020-11-29 00:00:00+00:00,1.33279,1.33435,1.33109,1.33376,39744
2020-11-30 00:00:00+00:00,1.33385,1.33806,1.33057,1.33622,332767
2020-12-01 00:00:00+00:00,1.33622,1.34383,1.33196,1.34172,344942
2020-12-02 00:00:00+00:00,1.34164,1.34406,1.32917,1.33872,353015
2020-12-03 00:00:00+00:00,1.33871,1.34996,1.33819,1.34461,337132
2020-12-04 00:00:00+00:00,1.34453,1.35372,1.34136,1.34287,333864
2020-12-06 00:00:00+00:00,1.341,1.34363,1.341,1.34207,42336
2020-12-07 00:00:00+00:00,1.34197,1.34223,1.32255,1.33484,416230
2020-12-08 00:00:00+00:00,1.33509,1.33805,1.32913,1.33779,359021
2020-12-09 00:00:00+00:00,1.33779,1.34773,1.33263,1.33715,330934
2020-12-10 00:00:00+00:00,1.33697,1.33713,1.32504,1.33112,373767
2020-12-11 00:00:00+00:00,1.33124,1.33236,1.31378,1.32178,296410
2020-12-13 00:00:00+00:00,1.33538,1.33538,1.32902,1.33165,45381
2020-12-14 00:00:00+00:00,1.33166,1.34433,1.33093,1.33257,284138
2020-12-15 00:00:00+00:00,1.33259,1.34685,1.32827,1.34666,321598
2020-12-16 00:00:00+00:00,1.34693,1.35523,1.34499,1.35404,313492
2020-12-17 00:00:00+00:00,1.35407,1.36238,1.35198,1.35261,288911
2020-12-18 00:00:00+00:00,1.35279,1.35566,1.34725,1.35212,231710
2020-12-20 00:00:00+00:00,1.34081,1.344,1.33367,1.33624,72587
2020-12-21 00:00:00+00:00,1.33596,1.3494,1.31921,1.33878,461485
2020-12-22 00:00:00+00:00,1.33888,1.34504,1.33079,1.34012,405709
2020-12-23 00:00:00+00:00,1.33989,1.35681,1.33965,1.35492,415429
2020-12-24 00:00:00+00:00,1.35492,1.36186,1.35248,1.3531,181275
2020-12-27 00:00:00+00:00,1.35451,1.35751,1.3531,1.35626,44589
2020-12-28 00:00:00+00:00,1.35606,1.35746,1.34293,1.34904,299084
2020-12-29 00:00:00+00:00,1.34907,1.35446,1.3469,1.35423,328779
2020-12-30 00:00:00+00:00,1.35413,1.36487,1.35287,1.36144,323025
2020-12-31 00:00:00+00:00,1.36151,1.36854,1.36144,1.36561,251885
2021-01-03 00:00:00+00:00,1.36461,1.36832,1.36461,1.36805,8544
2021-01-04 00:00:00+00:00,1.36808,1.37022,1.35424,1.35708,416550
2021-01-05 00:00:00+00:00,1.357,1.36407,1.35544,1.36272,380013
2021-01-06 00:00:00+00:00,1.36264,1.36698,1.354,1.36237,500807
2021-01-07 00:00:00+00:00,1.36211,1.3632,1.35346,1.35685,398945
2021-01-08 00:00:00+00:00,1.35643,1.36303,1.35392,1.3566,171312
2021-01-09 00:00:00+00:00,1.3564,1.3568,1.3564,1.3568,4
2021-01-10 00:00:00+00:00,1.35369,1.3567,1.351,1.35176,4044
2021-01-11 00:00:00+00:00,1.35179,1.35345,1.34548,1.35221,148968
2021-01-12 00:00:00+00:00,1.35238,1.36683,1.35047,1.3666,145160
2021-01-13 00:00:00+00:00,1.36676,1.36986,1.3614,1.36465,139973
2021-01-14 00:00:00+00:00,1.36454,1.3704,1.3615,1.36821,145505
2021-01-15 00:00:00+00:00,1.368,1.36968,1.35751,1.3584,133716
2021-01-16 00:00:00+00:00,1.3587,1.3587,1.3581,1.3581,8
2021-01-17 00:00:00+00:00,1.35713,1.35971,1.35699,1.35699,3235
2021-01-18 00:00:00+00:00,1.35698,1.35883,1.352,1.3582,112037
2021-01-19 00:00:00+00:00,1.35823,1.36454,1.35823,1.36428,123816
2021-01-20 00:00:00+00:00,1.36403,1.37154,1.36248,1.36664,132162
2021-01-21 00:00:00+00:00,1.36647,1.37448,1.3658,1.37276,127346
2021-01-22 00:00:00+00:00,1.3727,1.37354,1.36372,1.3681,117708
2021-01-24 00:00:00+00:00,1.36765,1.36899,1.36739,1.36848,3780
2021-01-25 00:00:00+00:00,1.36857,1.37216,1.3649,1.3675,128637
2021-01-26 00:00:00+00:00,1.36727,1.37432,1.361,1.3739,122842
2021-01-27 00:00:00+00:00,1.37399,1.37577,1.3661,1.36699,154009
2021-01-28 00:00:00+00:00,1.36705,1.37451,1.36301,1.37235,161787
2021-01-29 00:00:00+00:00,1.3724,1.3751,1.36567,1.37,167683
2021-01-30 00:00:00+00:00,1.3711,1.3711,1.3702,1.3702,4
2021-01-31 00:00:00+00:00,1.3704,1.3708,1.36945,1.3698,4592
2021-02-01 00:00:00+00:00,1.36988,1.37568,1.36562,1.36752,145103
2021-02-02 00:00:00+00:00,1.3672,1.37096,1.36128,1.3657,135328
2021-02-03 00:00:00+00:00,1.36601,1.3682,1.36195,1.36485,124561
2021-02-04 00:00:00+00:00,1.36475,1.3697,1.3567,1.36717,135590
2021-02-05 00:00:00+00:00,1.3674,1.37391,1.3667,1.3734,114496
2021-02-07 00:00:00+00:00,1.37135,1.3739,1.37103,1.37366,3679
2021-02-08 00:00:00+00:00,1.37372,1.3749,1.36818,1.3744,99113
2021-02-09 00:00:00+00:00,1.37429,1.38188,1.37421,1.38151,76377
2021-02-10 00:00:00+00:00,1.38152,1.38648,1.3803,1.38304,113006
2021-02-11 00:00:00+00:00,1.38302,1.3858,1.3802,1.38107,94489
2021-02-12 00:00:00+00:00,1.38099,1.38616,1.37765,1.38528,94715
2021-02-13 00:00:00+00:00,1.3841,1.38528,1.3841,1.38488,5
2021-02-14 00:00:00+00:00,1.3841,1.3871,1.3841,1.3869,3618
2021-02-15 00:00:00+00:00,1.3869,1.39188,1.3865,1.3914,84769
2021-02-16 00:00:00+00:00,1.39121,1.39512,1.38692,1.38843,121817
2021-02-17 00:00:00+00:00,1.3882,1.39018,1.38304,1.3865,122789
2021-02-18 00:00:00+00:00,1.38671,1.39847,1.384,1.3965,117597
2021-02-19 00:00:00+00:00,1.39655,1.40336,1.395,1.4005,106557
2021-02-20 00:00:00+00:00,1.4015,1.4015,1.4012,1.4012,2
2021-02-21 00:00:00+00:00,1.40037,1.40311,1.4003,1.40272,4251
2021-02-22 00:00:00+00:00,1.40262,1.40849,1.3979,1.4067,114109
2021-02-23 00:00:00+00:00,1.40662,1.412,1.40555,1.41182,109295
2021-02-24 00:00:00+00:00,1.41185,1.4216,1.40818,1.4144,141270
2021-02-25 00:00:00+00:00,1.41423,1.41813,1.40032,1.40032,171873
2021-02-26 00:00:00+00:00,1.40057,1.4021,1.38875,1.39222,186725
2021-02-28 00:00:00+00:00,1.39297,1.3978,1.39203,1.3973,4544
2021-03-01 00:00:00+00:00,1.3972,1.39969,1.3904,1.39279,128732
2021-03-02 00:00:00+00:00,1.39263,1.39751,1.38592,1.3952,119383
2021-03-03 00:00:00+00:00,1.3951,1.40049,1.39212,1.39212,142087
2021-03-04 00:00:00+00:00,1.39244,1.40102,1.38805,1.38922,177119
2021-03-05 00:00:00+00:00,1.3891,1.39056,1.37862,1.3833,169167
2021-03-07 00:00:00+00:00,1.38243,1.38634,1.38055,1.3849,5660
2021-03-08 00:00:00+00:00,1.38461,1.38576,1.38,1.38209,106251
2021-03-09 00:00:00+00:00,1.38227,1.39247,1.38025,1.38865,105990
2021-03-10 00:00:00+00:00,1.3887,1.3938,1.38458,1.39292,114980
2021-03-11 00:00:00+00:00,1.3927,1.3994,1.39192,1.39866,128597
2021-03-12 00:00:00+00:00,1.39856,1.40028,1.38644,1.3915,130172
2021-03-14 00:00:00+00:00,1.3923,1.39305,1.39123,1.3928,2891
2021-03-15 00:00:00+00:00,1.39292,1.3948,1.3856,1.3896,122885
2021-03-16 00:00:00+00:00,1.38989,1.39041,1.381,1.39012,121637
2021-03-17 00:00:00+00:00,1.39,1.39746,1.38511,1.39745,128760
2021-03-18 00:00:00+00:00,1.3972,1.39993,1.38974,1.3922,148005
2021-03-19 00:00:00+00:00,1.39204,1.39557,1.38304,1.3869,127605
2021-03-21 00:00:00+00:00,1.38431,1.3846,1.38302,1.3833,2777
2021-03-22 00:00:00+00:00,1.38331,1.38765,1.3817,1.38585,101334
2021-03-23 00:00:00+00:00,1.386,1.38603,1.37234,1.3729,118122
2021-03-24 00:00:00+00:00,1.37354,1.37419,1.36761,1.36878,108074
2021-03-25 00:00:00+00:00,1.36902,1.3748,1.367,1.37459,117985
2021-03-26 00:00:00+00:00,1.3748,1.38096,1.37427,1.379,94639
2021-03-28 00:00:00+00:00,1.37902,1.37948,1.37825,1.37899,2113
2021-03-29 00:00:00+00:00,1.3789,1.38446,1.37565,1.37736,109403
2021-03-30 00:00:00+00:00,1.37733,1.3783,1.37074,1.37452,69769
2021-03-31 00:00:00+00:00,1.37446,1.38096,1.37171,1.37843,117634
2021-04-01 00:00:00+00:00,1.37875,1.38372,1.3747,1.3832,121367
2021-04-02 00:00:00+00:00,1.3832,1.3851,1.3813,1.383,43530
2021-04-04 00:00:00+00:00,1.38233,1.38315,1.3816,1.3829,3271
2021-04-05 00:00:00+00:00,1.38285,1.3916,1.3812,1.3912,70249
2021-04-06 00:00:00+00:00,1.391,1.3918,1.38044,1.3831,105053
2021-04-07 00:00:00+00:00,1.38292,1.38387,1.3724,1.37408,117799
2021-04-08 00:00:00+00:00,1.37394,1.37812,1.37192,1.37329,101505
2021-04-09 00:00:00+00:00,1.3732,1.3751,1.36706,1.3704,90356
2021-04-10 00:00:00+00:00,1.3707,1.3707,1.3705,1.3705,6
2021-04-11 00:00:00+00:00,1.37022,1.3714,1.36983,1.3706,3694
2021-04-12 00:00:00+00:00,1.37061,1.37755,1.3668,1.3753,94079
2021-04-13 00:00:00+00:00,1.3752,1.37677,1.37017,1.37584,104512
2021-04-14 00:00:00+00:00,1.376,1.38068,1.37497,1.37768,97624
2021-04-15 00:00:00+00:00,1.3777,1.3808,1.3762,1.37819,102312
2021-04-16 00:00:00+00:00,1.37833,1.384,1.37167,1.3834,97610
2021-04-17 00:00:00+00:00,1.3832,1.3832,1.383,1.3832,69
2021-04-18 00:00:00+00:00,1.383,1.38374,1.38078,1.38169,3456
2021-04-19 00:00:00+00:00,1.3817,1.3992,1.38095,1.39907,114626
2021-04-20 00:00:00+00:00,1.39917,1.40084,1.3925,1.39369,106491
2021-04-21 00:00:00+00:00,1.3935,1.39481,1.38863,1.39303,98989
2021-04-22 00:00:00+00:00,1.39306,1.3949,1.3824,1.38381,109821
2021-04-23 00:00:00+00:00,1.38419,1.3894,1.3835,1.3875,94505
2021-04-24 00:00:00+00:00,1.3872,1.3875,1.3872,1.3875,4
2021-04-25 00:00:00+00:00,1.38639,1.38797,1.38632,1.38632,2455
2021-04-26 00:00:00+00:00,1.38658,1.39284,1.38658,1.38939,97434
2021-04-27 00:00:00+00:00,1.3894,1.3923,1.3858,1.3901,93733
2021-04-28 00:00:00+00:00,1.39008,1.3955,1.38615,1.3953,108340
2021-04-29 00:00:00+00:00,1.3955,1.39741,1.39268,1.3949,111245
2021-04-30 00:00:00+00:00,1.39488,1.39574,1.3802,1.381,110307
2021-05-01 00:00:00+00:00,1.3815,1.3816,1.3815,1.3816,2
2021-05-02 00:00:00+00:00,1.38044,1.3822,1.38034,1.3818,2075
2021-05-03 00:00:00+00:00,1.3816,1.39308,1.3803,1.39023,93891
2021-05-04 00:00:00+00:00,1.3901,1.39049,1.3839,1.38868,119278
2021-05-05 00:00:00+00:00,1.38873,1.39255,1.38773,1.39081,96704
2021-05-06 00:00:00+00:00,1.3908,1.39381,1.3865,1.3894,115764
2021-05-07 00:00:00+00:00,1.3893,1.40048,1.389,1.3978,112276
2021-05-08 00:00:00+00:00,1.3973,1.398,1.3973,1.398,6
2021-05-09 00:00:00+00:00,1.39841,1.40438,1.39758,1.40399,4336
2021-05-10 00:00:00+00:00,1.4035,1.41566,1.4014,1.4129,118649
2021-05-11 00:00:00+00:00,1.4131,1.41652,1.4105,1.41347,128302
2021-05-12 00:00:00+00:00,1.41357,1.41486,1.4049,1.406,133506
2021-05-13 00:00:00+00:00,1.40576,1.40767,1.4006,1.40456,131896
2021-05-14 00:00:00+00:00,1.40453,1.41087,1.40357,1.40948,103566
2021-05-16 00:00:00+00:00,1.40849,1.41031,1.40849,1.41,2247
2021-05-17 00:00:00+00:00,1.40983,1.4146,1.4077,1.41454,106378
2021-05-18 00:00:00+00:00,1.41456,1.4219,1.4144,1.4185,97210
2021-05-19 00:00:00+00:00,1.4188,1.41996,1.41011,1.41065,142975
2021-05-20 00:00:00+00:00,1.41059,1.4194,1.4102,1.4183,125430
2021-05-21 00:00:00+00:00,1.41855,1.42324,1.41412,1.4148,112133
2021-05-24 00:00:00+00:00,1.4144,1.41662,1.4136,1.41546,41046
2021-05-25 00:00:00+00:00,1.4156,1.42101,1.4116,1.41417,117755
2021-05-26 00:00:00+00:00,1.41422,1.41757,1.4111,1.41147,111640
2021-05-27 00:00:00+00:00,1.41115,1.4217,1.40909,1.4201,118582
2021-05-28 00:00:00+00:00,1.42025,1.42042,1.41362,1.41881,128540
2021-05-30 00:00:00+00:00,1.41709,1.41924,1.41518,1.4179,1358
2021-05-31 00:00:00+00:00,1.41799,1.4227,1.4164,1.4226,86848
2021-06-01 00:00:00+00:00,1.42255,1.42459,1.41449,1.4156,125456
2021-06-02 00:00:00+00:00,1.4153,1.41815,1.4114,1.4169,113051
2021-06-03 00:00:00+00:00,1.4169,1.4201,1.4086,1.41073,125537
2021-06-04 00:00:00+00:00,1.4106,1.41996,1.4083,1.41547,116122
2021-06-06 00:00:00+00:00,1.41496,1.41642,1.41448,1.4164,2249
2021-06-07 00:00:00+00:00,1.4159,1.4189,1.411,1.41745,111653
2021-06-08 00:00:00+00:00,1.41743,1.41837,1.41225,1.41485,109435
2021-06-09 00:00:00+00:00,1.41469,1.41881,1.4108,1.41109,96777
2021-06-10 00:00:00+00:00,1.4108,1.4178,1.40747,1.41699,100116
2021-06-11 00:00:00+00:00,1.41726,1.41843,1.40846,1.40846,101237
2021-06-13 00:00:00+00:00,1.40829,1.4119,1.40829,1.4116,1988
2021-06-14 00:00:00+00:00,1.41179,1.4123,1.4071,1.41089,91622
2021-06-15 00:00:00+00:00,1.41105,1.41274,1.40359,1.40799,103519
2021-06-16 00:00:00+00:00,1.40815,1.41299,1.39819,1.3988,128328
2021-06-17 00:00:00+00:00,1.39822,1.40078,1.38959,1.39372,144350
2021-06-18 00:00:00+00:00,1.39377,1.39439,1.37731,1.37731,143308
2021-06-20 00:00:00+00:00,1.37902,1.38223,1.37902,1.3814,3930
2021-06-21 00:00:00+00:00,1.3813,1.3937,1.37858,1.39235,142769
2021-06-22 00:00:00+00:00,1.39218,1.39631,1.38622,1.3948,121961
2021-06-23 00:00:00+00:00,1.39472,1.40004,1.39232,1.39662,121223
2021-06-24 00:00:00+00:00,1.39668,1.39857,1.3891,1.39155,128680
2021-06-25 00:00:00+00:00,1.39148,1.3935,1.387,1.38791,104647
2021-06-27 00:00:00+00:00,1.3877,1.38956,1.38649,1.38956,2775
2021-06-28 00:00:00+00:00,1.38895,1.39248,1.3869,1.38781,46611
2021-06-29 00:00:00+00:00,1.38789,1.38798,1.3814,1.384,109124
2021-06-30 00:00:00+00:00,1.38399,1.3869,1.37989,1.3827,118820
2021-07-01 00:00:00+00:00,1.38264,1.38321,1.375,1.37586,118502
2021-07-02 00:00:00+00:00,1.37586,1.38436,1.37373,1.38298,114143
2021-07-03 00:00:00+00:00,1.3821,1.3831,1.3821,1.3831,2
2021-07-04 00:00:00+00:00,1.38198,1.38354,1.38118,1.383,2412
2021-07-05 00:00:00+00:00,1.38282,1.38614,1.3817,1.38528,83924
2021-07-06 00:00:00+00:00,1.38521,1.38969,1.3773,1.38034,128267
2021-07-07 00:00:00+00:00,1.3798,1.38402,1.37566,1.37982,133255
2021-07-08 00:00:00+00:00,1.37967,1.3801,1.37418,1.3788,155974
2021-07-09 00:00:00+00:00,1.37904,1.39002,1.37595,1.38996,141880
2021-07-10 00:00:00+00:00,1.3901,1.3901,1.39,1.39,4
2021-07-11 00:00:00+00:00,1.38652,1.39002,1.38552,1.3897,1569
2021-07-12 00:00:00+00:00,1.38979,1.3906,1.3838,1.3887,82198
2021-07-13 00:00:00+00:00,1.38363,1.38363,1.3804,1.3804,22083
2021-07-14 00:00:00+00:00,1.38032,1.38907,1.38,1.38558,140580
2021-07-15 00:00:00+00:00,1.38549,1.3897,1.3805,1.38268,153551
2021-07-16 00:00:00+00:00,1.3828,1.38617,1.3759,1.37611,131563
2021-07-17 00:00:00+00:00,1.3773,1.3773,1.37711,1.37711,4
2021-07-18 00:00:00+00:00,1.37615,1.37754,1.3756,1.37628,3185
2021-07-19 00:00:00+00:00,1.37609,1.3762,1.36549,1.36678,175750
2021-07-20 00:00:00+00:00,1.36665,1.36867,1.35727,1.3633,162387
2021-07-21 00:00:00+00:00,1.3634,1.3723,1.35909,1.37104,134788
2021-07-22 00:00:00+00:00,1.37104,1.37866,1.36899,1.37725,135353
2021-07-23 00:00:00+00:00,1.37723,1.37793,1.37158,1.37158,116550
2021-07-24 00:00:00+00:00,1.3747,1.3747,1.37338,1.37338,6
2021-07-25 00:00:00+00:00,1.3736,1.37631,1.37306,1.37565,1956
2021-07-26 00:00:00+00:00,1.37558,1.38323,1.3736,1.3826,128420
2021-07-27 00:00:00+00:00,1.38239,1.38933,1.37673,1.38804,131448
2021-07-28 00:00:00+00:00,1.38855,1.39098,1.3845,1.39045,132131
2021-07-29 00:00:00+00:00,1.39061,1.39807,1.3897,1.39633,108999
2021-07-30 00:00:00+00:00,1.39625,1.39828,1.3886,1.3902,109922
2021-08-01 00:00:00+00:00,1.38981,1.39033,1.38925,1.38949,2188
2021-08-02 00:00:00+00:00,1.3897,1.39322,1.3877,1.38903,105960
2021-08-03 00:00:00+00:00,1.389,1.39381,1.38847,1.39164,110899
2021-08-04 00:00:00+00:00,1.39153,1.39564,1.3884,1.3887,105422
2021-08-05 00:00:00+00:00,1.3891,1.39472,1.38752,1.39264,108639
2021-08-06 00:00:00+00:00,1.3926,1.39318,1.38605,1.38727,92744
2021-08-07 00:00:00+00:00,1.3876,1.3876,1.3874,1.3874,12
2021-08-08 00:00:00+00:00,1.3876,1.38781,1.38424,1.3866,5523
2021-08-09 00:00:00+00:00,1.38647,1.3893,1.3842,1.3846,100765
2021-08-10 00:00:00+00:00,1.38458,1.38701,1.38279,1.38348,95764
2021-08-11 00:00:00+00:00,1.38351,1.38852,1.38044,1.3865,94804
2021-08-12 00:00:00+00:00,1.3865,1.38776,1.3796,1.38105,90073
2021-08-13 00:00:00+00:00,1.38096,1.3875,1.3791,1.3866,77335
2021-08-15 00:00:00+00:00,1.38617,1.38721,1.38237,1.3863,1776
2021-08-16 00:00:00+00:00,1.38648,1.38741,1.38288,1.38404,91848
2021-08-17 00:00:00+00:00,1.38392,1.38404,1.37265,1.3738,105729
2021-08-18 00:00:00+00:00,1.37389,1.37771,1.37327,1.3742,99604
2021-08-19 00:00:00+00:00,1.3742,1.37485,1.3627,1.36298,120008
2021-08-20 00:00:00+00:00,1.363,1.364,1.36024,1.3621,98514
2021-08-21 00:00:00+00:00,1.3621,1.3624,1.3621,1.3624,2
2021-08-22 00:00:00+00:00,1.3621,1.36278,1.36121,1.3623,2147
2021-08-23 00:00:00+00:00,1.36271,1.37311,1.36271,1.37216,97412
2021-08-24 00:00:00+00:00,1.37216,1.37466,1.36947,1.37234,90811
2021-08-25 00:00:00+00:00,1.37262,1.37662,1.36979,1.3762,95325
2021-08-26 00:00:00+00:00,1.37625,1.37671,1.36899,1.36998,101604
2021-08-27 00:00:00+00:00,1.36939,1.37806,1.36793,1.3753,104914
2021-08-29 00:00:00+00:00,1.37513,1.37646,1.37481,1.3761,2955
2021-08-30 00:00:00+00:00,1.37622,1.37744,1.37353,1.37583,79377
2021-08-31 00:00:00+00:00,1.3759,1.38035,1.37429,1.37517,121211
2021-09-01 00:00:00+00:00,1.37522,1.37973,1.373,1.37705,104445
2021-09-02 00:00:00+00:00,1.37724,1.38392,1.3767,1.38355,95682
2021-09-03 00:00:00+00:00,1.38347,1.3891,1.3816,1.38583,102294
2021-09-05 00:00:00+00:00,1.38431,1.38672,1.38431,1.3858,2007
2021-09-06 00:00:00+00:00,1.3855,1.3859,1.3818,1.3838,79975
2021-09-07 00:00:00+00:00,1.38387,1.38561,1.37685,1.37787,116898
2021-09-08 00:00:00+00:00,1.37791,1.3791,1.3727,1.37662,121823
2021-09-09 00:00:00+00:00,1.3764,1.3862,1.3752,1.38378,124607
2021-09-10 00:00:00+00:00,1.38394,1.38882,1.381,1.381,106809
2021-09-12 00:00:00+00:00,1.38296,1.38412,1.38286,1.38381,2258
2021-09-13 00:00:00+00:00,1.384,1.38509,1.38152,1.3837,43377
2021-09-14 00:00:00+00:00,1.38393,1.39122,1.38009,1.38073,118851
2021-09-15 00:00:00+00:00,1.38085,1.3852,1.3792,1.38477,108360
2021-09-16 00:00:00+00:00,1.38453,1.3849,1.3764,1.3796,107545
2021-09-17 00:00:00+00:00,1.3794,1.3813,1.3726,1.37388,110625
2021-09-19 00:00:00+00:00,1.37262,1.37457,1.37231,1.37282,2153
2021-09-20 00:00:00+00:00,1.37265,1.37285,1.3641,1.36604,120877
2021-09-21 00:00:00+00:00,1.36591,1.36927,1.36412,1.3657,129289
2021-09-22 00:00:00+00:00,1.36564,1.36856,1.36115,1.36155,135126
2021-09-23 00:00:00+00:00,1.36179,1.37499,1.36115,1.37195,131090
2021-09-24 00:00:00+00:00,1.372,1.37351,1.36587,1.3668,108829
2021-09-26 00:00:00+00:00,1.36643,1.36726,1.36586,1.36667,1981
2021-09-27 00:00:00+00:00,1.36664,1.3728,1.3657,1.36999,121794
2021-09-28 00:00:00+00:00,1.3699,1.3717,1.35206,1.3541,148755
2021-09-29 00:00:00+00:00,1.35405,1.35535,1.3411,1.3427,145876
2021-09-30 00:00:00+00:00,1.34248,1.35163,1.34163,1.3469,145907
2021-10-01 00:00:00+00:00,1.34706,1.3574,1.34351,1.35434,155914
2021-10-03 00:00:00+00:00,1.35352,1.3575,1.35352,1.35692,3492
2021-10-04 00:00:00+00:00,1.35691,1.36387,1.3532,1.36063,141072
2021-10-05 00:00:00+00:00,1.36057,1.3647,1.3583,1.36253,136485
2021-10-06 00:00:00+00:00,1.36245,1.36299,1.35445,1.359,155624
2021-10-07 00:00:00+00:00,1.35918,1.36366,1.357,1.3619,125432
2021-10-08 00:00:00+00:00,1.3619,1.36529,1.35844,1.3614,122056
2021-10-09 00:00:00+00:00,1.3612,1.3612,1.3611,1.3611,10
2021-10-10 00:00:00+00:00,1.36321,1.36424,1.3611,1.3615,3215
2021-10-11 00:00:00+00:00,1.36171,1.36724,1.3584,1.359,114551
2021-10-12 00:00:00+00:00,1.35918,1.3637,1.357,1.35765,124909
2021-10-13 00:00:00+00:00,1.35759,1.3668,1.35759,1.36679,90485
2021-10-14 00:00:00+00:00,1.367,1.37338,1.36575,1.36666,103869
2021-10-15 00:00:00+00:00,1.36677,1.37721,1.36673,1.36803,110165
2021-10-17 00:00:00+00:00,1.37499,1.37645,1.37419,1.37601,4802
2021-10-18 00:00:00+00:00,1.3757,1.37628,1.37099,1.37352,90493
2021-10-19 00:00:00+00:00,1.37369,1.38312,1.37369,1.3793,85475
2021-10-20 00:00:00+00:00,1.3793,1.3834,1.37423,1.3822,85931
2021-10-21 00:00:00+00:00,1.3822,1.3832,1.3776,1.37909,115261
2021-10-22 00:00:00+00:00,1.37899,1.38128,1.37379,1.37537,127068
2021-10-23 00:00:00+00:00,1.3759,1.3759,1.375,1.375,4
2021-10-24 00:00:00+00:00,1.37358,1.37635,1.37358,1.376,2871
2021-10-25 00:00:00+00:00,1.3762,1.37909,1.3742,1.37632,126176
2021-10-26 00:00:00+00:00,1.37651,1.38288,1.3756,1.37649,123642
2021-10-27 00:00:00+00:00,1.37666,1.37785,1.37102,1.37303,134169
2021-10-28 00:00:00+00:00,1.37313,1.3814,1.3722,1.3798,156251
2021-10-29 00:00:00+00:00,1.37983,1.38032,1.36683,1.36941,143394
2021-10-31 00:00:00+00:00,1.36824,1.36874,1.36794,1.3681,2585
2021-11-01 00:00:00+00:00,1.36851,1.36922,1.36421,1.36536,127921
2021-11-02 00:00:00+00:00,1.36577,1.36657,1.3605,1.3617,129189
2021-11-03 00:00:00+00:00,1.36164,1.36967,1.36099,1.36935,132375
2021-11-04 00:00:00+00:00,1.3692,1.36932,1.34723,1.3507,132637
2021-11-05 00:00:00+00:00,1.35063,1.35084,1.34248,1.3502,127487
2021-11-07 00:00:00+00:00,1.34801,1.34917,1.34753,1.349,4155
2021-11-08 00:00:00+00:00,1.34884,1.35788,1.34509,1.3563,109730
2021-11-09 00:00:00+00:00,1.35621,1.3581,1.3462,1.3559,94316
2021-11-10 00:00:00+00:00,1.3559,1.3564,1.3401,1.34114,149708
2021-11-11 00:00:00+00:00,1.34115,1.34304,1.3359,1.33634,124317
2021-11-12 00:00:00+00:00,1.33636,1.3426,1.3352,1.34143,110094
2021-11-14 00:00:00+00:00,1.34092,1.34188,1.34092,1.34153,2057
2021-11-15 00:00:00+00:00,1.34154,1.34486,1.3403,1.34087,119301
2021-11-16 00:00:00+00:00,1.34107,1.34716,1.34107,1.3425,137267
2021-11-17 00:00:00+00:00,1.34229,1.3495,1.33985,1.34874,142167
2021-11-18 00:00:00+00:00,1.34877,1.35127,1.34649,1.34978,130608
2021-11-19 00:00:00+00:00,1.3497,1.351,1.34083,1.34434,144989
2021-11-22 00:00:00+00:00,1.34426,1.34485,1.3384,1.3396,124747
2021-11-23 00:00:00+00:00,1.3396,1.34074,1.3343,1.3374,151599
2021-11-24 00:00:00+00:00,1.33735,1.33888,1.33168,1.33284,147607
2021-11-25 00:00:00+00:00,1.33298,1.33523,1.33051,1.33103,124988
2021-11-26 00:00:00+00:00,1.33125,1.33638,1.32801,1.3341,176389
2021-11-28 00:00:00+00:00,1.33199,1.33415,1.33182,1.334,2143
2021-11-29 00:00:00+00:00,1.33378,1.33626,1.32879,1.33128,147305
2021-11-30 00:00:00+00:00,1.3315,1.33686,1.32051,1.32941,188742
2021-12-01 00:00:00+00:00,1.3295,1.33507,1.32627,1.3275,166064
2021-12-02 00:00:00+00:00,1.32783,1.33324,1.32708,1.32984,157812
2021-12-03 00:00:00+00:00,1.3298,1.33068,1.3209,1.32314,144828
2021-12-04 00:00:00+00:00,1.3231,1.3232,1.3231,1.3232,2
2021-12-06 00:00:00+00:00,1.32624,1.32679,1.32316,1.3262,57133
2021-12-07 00:00:00+00:00,1.3263,1.32881,1.3209,1.32441,129503
2021-12-08 00:00:00+00:00,1.32448,1.3261,1.31742,1.32075,146338
2021-12-09 00:00:00+00:00,1.3208,1.3225,1.31754,1.32234,122635
2021-12-10 00:00:00+00:00,1.32233,1.32747,1.31902,1.32643,124783
2021-12-11 00:00:00+00:00,1.3271,1.3271,1.3267,1.3267,2
2021-12-13 00:00:00+00:00,1.32519,1.32684,1.32068,1.32123,73182
2021-12-14 00:00:00+00:00,1.32114,1.32549,1.319,1.32289,120361
2021-12-15 00:00:00+00:00,1.32297,1.3282,1.31713,1.3261,149156
2021-12-16 00:00:00+00:00,1.3261,1.33726,1.32406,1.3321,158911
2021-12-17 00:00:00+00:00,1.33228,1.33383,1.323,1.32353,146632
2021-12-18 00:00:00+00:00,1.3245,1.3245,1.32363,1.32363,2
2021-12-19 00:00:00+00:00,1.32334,1.32417,1.32207,1.32283,2245
2021-12-20 00:00:00+00:00,1.32283,1.3243,1.31738,1.32079,131824
2021-12-21 00:00:00+00:00,1.32073,1.32702,1.31967,1.32676,79526
2021-12-22 00:00:00+00:00,1.32684,1.3365,1.32398,1.3349,127336
2021-12-23 00:00:00+00:00,1.335,1.34358,1.33422,1.34036,120177
2021-12-24 00:00:00+00:00,1.34039,1.34164,1.33833,1.33843,126173
2021-12-26 00:00:00+00:00,1.33612,1.34057,1.33612,1.34003,896
2021-12-27 00:00:00+00:00,1.33992,1.3444,1.33914,1.34406,82643
2021-12-28 00:00:00+00:00,1.3441,1.34603,1.34171,1.3432,84266
2021-12-29 00:00:00+00:00,1.34323,1.34985,1.3408,1.34957,99171
2021-12-30 00:00:00+00:00,1.34962,1.35209,1.3454,1.34942,102201
2021-12-31 00:00:00+00:00,1.34967,1.35478,1.34663,1.3522,98616
2022-01-02 00:00:00+00:00,1.35181,1.35325,1.35181,1.35209,1774
2022-01-03 00:00:00+00:00,1.35204,1.353,1.34319,1.34819,107201
2022-01-04 00:00:00+00:00,1.34815,1.35556,1.3459,1.35276,122760
2022-01-05 00:00:00+00:00,1.3529,1.3597,1.3521,1.35538,129984
2022-01-06 00:00:00+00:00,1.35539,1.35571,1.34899,1.35318,151617
2022-01-07 00:00:00+00:00,1.35318,1.3597,1.35283,1.35885,93286
2022-01-08 00:00:00+00:00,1.3587,1.35875,1.3587,1.35875,2
2022-01-09 00:00:00+00:00,1.35653,1.35912,1.35653,1.3591,3220
2022-01-10 00:00:00+00:00,1.35895,1.36015,1.35335,1.35785,128455
2022-01-11 00:00:00+00:00,1.35786,1.36361,1.35622,1.3632,128555
2022-01-12 00:00:00+00:00,1.3631,1.3712,1.36212,1.3706,118074
2022-01-13 00:00:00+00:00,1.3705,1.37481,1.36986,1.3713,133895
2022-01-14 00:00:00+00:00,1.3712,1.37414,1.36535,1.3678,144500
2022-01-17 00:00:00+00:00,1.36671,1.36883,1.36374,1.3646,110953
2022-01-18 00:00:00+00:00,1.36468,1.366,1.3574,1.36,170687
2022-01-19 00:00:00+00:00,1.35993,1.36472,1.3587,1.3608,147001
2022-01-20 00:00:00+00:00,1.361,1.36604,1.3587,1.35953,154821
2022-01-21 00:00:00+00:00,1.35981,1.36003,1.35464,1.35473,153723
2022-01-23 00:00:00+00:00,1.35441,1.35548,1.35441,1.35548,2382
2022-01-24 00:00:00+00:00,1.3554,1.35642,1.34405,1.34872,168844
2022-01-25 00:00:00+00:00,1.34871,1.35179,1.34358,1.3508,159962
2022-01-26 00:00:00+00:00,1.3509,1.3524,1.34461,1.34667,136398
2022-01-27 00:00:00+00:00,1.34648,1.34648,1.33594,1.33867,176205
2022-01-28 00:00:00+00:00,1.33871,1.34314,1.33651,1.33927,159961
2022-01-30 00:00:00+00:00,1.3404,1.3404,1.33864,1.34022,2107
2022-01-31 00:00:00+00:00,1.34008,1.34596,1.33944,1.34434,146423
2022-02-01 00:00:00+00:00,1.34412,1.35276,1.3433,1.3524,143306
2022-02-02 00:00:00+00:00,1.3522,1.3586,1.3516,1.35621,133023
2022-02-03 00:00:00+00:00,1.35618,1.3625,1.35382,1.35968,163157
2022-02-04 00:00:00+00:00,1.35962,1.36137,1.3518,1.35312,98292
2022-02-06 00:00:00+00:00,1.35118,1.35435,1.35118,1.35321,1652
2022-02-07 00:00:00+00:00,1.35319,1.35497,1.34902,1.3536,147698
2022-02-08 00:00:00+00:00,1.35367,1.35615,1.3508,1.35453,142598
2022-02-09 00:00:00+00:00,1.35468,1.35874,1.3527,1.35322,128723
2022-02-10 00:00:00+00:00,1.3531,1.36425,1.35261,1.35491,124057
2022-02-11 00:00:00+00:00,1.35474,1.36083,1.35156,1.35603,194712
2022-02-12 00:00:00+00:00,1.3561,1.35613,1.3561,1.35613,4
2022-02-13 00:00:00+00:00,1.35438,1.35703,1.35426,1.35683,2824
2022-02-14 00:00:00+00:00,1.35687,1.35705,1.3495,1.353,190420
2022-02-15 00:00:00+00:00,1.35312,1.35667,1.3488,1.35401,172506
2022-02-16 00:00:00+00:00,1.35391,1.36004,1.35377,1.35812,156270
2022-02-17 00:00:00+00:00,1.35834,1.36354,1.35571,1.36129,182811
2022-02-18 00:00:00+00:00,1.3616,1.3639,1.35733,1.35872,164596
2022-02-20 00:00:00+00:00,1.35638,1.35972,1.35638,1.35905,3148
2022-02-21 00:00:00+00:00,1.3587,1.36374,1.3582,1.35932,148510
2022-02-22 00:00:00+00:00,1.3594,1.36026,1.35394,1.3588,189204
2022-02-23 00:00:00+00:00,1.35894,1.36192,1.3536,1.35441,159019
2022-02-24 00:00:00+00:00,1.3544,1.35462,1.32748,1.33695,264503
2022-02-25 00:00:00+00:00,1.337,1.34376,1.3367,1.34133,199871
2022-02-26 00:00:00+00:00,1.3406,1.3412,1.3406,1.3412,2
2022-02-27 00:00:00+00:00,1.3406,1.3412,1.33147,1.3371,4826
2022-02-28 00:00:00+00:00,1.3468,1.3468,1.33398,1.34215,205036
2022-03-01 00:00:00+00:00,1.3422,1.34362,1.33027,1.33342,196412
2022-03-02 00:00:00+00:00,1.33309,1.3407,1.32723,1.33953,212994
2022-03-03 00:00:00+00:00,1.33952,1.34171,1.33194,1.33496,182350
2022-03-04 00:00:00+00:00,1.33492,1.33492,1.3204,1.3228,207508
2022-03-05 00:00:00+00:00,1.3226,1.3228,1.3226,1.3228,2
2022-03-06 00:00:00+00:00,1.32185,1.3235,1.32023,1.3211,5375
2022-03-07 00:00:00+00:00,1.32108,1.32257,1.31017,1.3112,256174
2022-03-08 00:00:00+00:00,1.3114,1.31428,1.30822,1.3098,252015
2022-03-09 00:00:00+00:00,1.31014,1.31888,1.3098,1.31834,203208
2022-03-10 00:00:00+00:00,1.31862,1.31935,1.30809,1.3101,199576
2022-03-11 00:00:00+00:00,1.31018,1.31245,1.30274,1.3039,186347
2022-03-13 00:00:00+00:00,1.30432,1.30517,1.2948,1.30491,4846
2022-03-14 00:00:00+00:00,1.30487,1.30787,1.2913,1.30088,161773
2022-03-15 00:00:00+00:00,1.30088,1.30876,1.29991,1.30436,187745
2022-03-16 00:00:00+00:00,1.30429,1.316,1.30358,1.3138,214896
2022-03-17 00:00:00+00:00,1.31387,1.32103,1.30886,1.31565,186698
2022-03-18 00:00:00+00:00,1.31576,1.31969,1.3111,1.318,165766
2022-03-20 00:00:00+00:00,1.31652,1.3179,1.31578,1.31591,3838
2022-03-21 00:00:00+00:00,1.31596,1.32093,1.31276,1.31688,153234
2022-03-22 00:00:00+00:00,1.31668,1.32711,1.312,1.3264,175710
2022-03-23 00:00:00+00:00,1.32675,1.32967,1.31757,1.3204,153779
2022-03-24 00:00:00+00:00,1.32054,1.32114,1.3157,1.31927,177081
2022-03-25 00:00:00+00:00,1.31912,1.32234,1.31616,1.3201,168535
2022-03-26 00:00:00+00:00,1.3189,1.32,1.3189,1.32,4
2022-03-27 00:00:00+00:00,1.31649,1.31843,1.31649,1.31724,3873
2022-03-28 00:00:00+00:00,1.31745,1.31759,1.30678,1.30979,185184
2022-03-29 00:00:00+00:00,1.30999,1.3157,1.30514,1.3093,205505
2022-03-30 00:00:00+00:00,1.3091,1.31804,1.30906,1.3136,203232
2022-03-31 00:00:00+00:00,1.31358,1.31703,1.3109,1.3145,196686
2022-04-01 00:00:00+00:00,1.31428,1.3145,1.3088,1.31101,96350
2022-04-02 00:00:00+00:00,1.3113,1.31141,1.3113,1.31141,2
2022-04-03 00:00:00+00:00,1.30798,1.31082,1.30798,1.31042,3111
2022-04-04 00:00:00+00:00,1.31043,1.31355,1.30939,1.31114,148254
2022-04-05 00:00:00+00:00,1.31106,1.31664,1.30668,1.30764,168929
2022-04-06 00:00:00+00:00,1.30754,1.31063,1.3045,1.3068,189692
2022-04-07 00:00:00+00:00,1.30675,1.31059,1.3053,1.30676,177021
2022-04-08 00:00:00+00:00,1.30678,1.30767,1.2983,1.30348,150369
2022-04-10 00:00:00+00:00,1.30373,1.30388,1.30296,1.30296,2298
2022-04-11 00:00:00+00:00,1.30293,1.30554,1.29906,1.30223,169596
2022-04-12 00:00:00+00:00,1.30232,1.30502,1.29954,1.30014,184339
2022-04-13 00:00:00+00:00,1.30042,1.3122,1.29739,1.31174,167904
2022-04-14 00:00:00+00:00,1.3127,1.31464,1.30335,1.3067,171156
2022-04-15 00:00:00+00:00,1.3061,1.30737,1.30459,1.30589,111340
2022-04-17 00:00:00+00:00,1.30543,1.30639,1.30301,1.3055,4261
2022-04-18 00:00:00+00:00,1.30568,1.30568,1.29804,1.30073,120401
2022-04-19 00:00:00+00:00,1.30068,1.30397,1.2982,1.30134,159743
2022-04-20 00:00:00+00:00,1.30157,1.3074,1.2997,1.30679,168370
2022-04-21 00:00:00+00:00,1.30672,1.30883,1.30227,1.30242,177392
2022-04-22 00:00:00+00:00,1.30208,1.30322,1.27589,1.27929,166831
2022-04-23 00:00:00+00:00,1.2838,1.2838,1.2838,1.2838,1
2022-04-24 00:00:00+00:00,1.28267,1.28547,1.2825,1.28278,5570
2022-04-25 00:00:00+00:00,1.28264,1.28291,1.26976,1.27364,209597
2022-04-26 00:00:00+00:00,1.27352,1.27711,1.25607,1.25812,190152
2022-04-27 00:00:00+00:00,1.2584,1.26015,1.2503,1.25399,187405
2022-04-28 00:00:00+00:00,1.25369,1.25665,1.24123,1.24634,196831
2022-04-29 00:00:00+00:00,1.24684,1.26137,1.24661,1.2573,176193
2022-05-01 00:00:00+00:00,1.25526,1.25887,1.25526,1.2568,6333
2022-05-02 00:00:00+00:00,1.25752,1.25962,1.24727,1.24989,152198
2022-05-03 00:00:00+00:00,1.25007,1.25657,1.24704,1.24972,173657
2022-05-04 00:00:00+00:00,1.25,1.2636,1.24608,1.26155,182852
2022-05-05 00:00:00+00:00,1.26164,1.26305,1.23255,1.23619,215069
2022-05-06 00:00:00+00:00,1.2364,1.23796,1.22784,1.2334,228354
2022-05-08 00:00:00+00:00,1.23282,1.2353,1.23242,1.23253,6781
2022-05-09 00:00:00+00:00,1.23254,1.2405,1.2262,1.23348,202942
2022-05-10 00:00:00+00:00,1.23314,1.23737,1.2294,1.2305,225509
2022-05-11 00:00:00+00:00,1.23052,1.23953,1.2232,1.22329,226979
2022-05-12 00:00:00+00:00,1.22326,1.22475,1.21663,1.2203,251659
2022-05-13 00:00:00+00:00,1.2201,1.2264,1.21636,1.22559,189460
2022-05-15 00:00:00+00:00,1.219,1.22646,1.219,1.22565,8508
2022-05-16 00:00:00+00:00,1.22623,1.23285,1.22187,1.23252,187812
2022-05-17 00:00:00+00:00,1.23313,1.24964,1.2321,1.24869,212046
2022-05-18 00:00:00+00:00,1.24902,1.24993,1.233,1.23436,182619
2022-05-19 00:00:00+00:00,1.2346,1.25216,1.2338,1.2461,235011
2022-05-20 00:00:00+00:00,1.24639,1.24987,1.24403,1.2486,200474
2022-05-22 00:00:00+00:00,1.2469,1.25088,1.24612,1.25028,6996
2022-05-23 00:00:00+00:00,1.25065,1.26004,1.24996,1.25656,174026
2022-05-24 00:00:00+00:00,1.2565,1.25969,1.24721,1.2541,197171
2022-05-25 00:00:00+00:00,1.25402,1.25938,1.2483,1.25852,202312
2022-05-26 00:00:00+00:00,1.25861,1.262,1.25518,1.2617,190214
2022-05-27 00:00:00+00:00,1.26199,1.26645,1.2586,1.26243,162973
2022-05-29 00:00:00+00:00,1.25978,1.26342,1.25928,1.26239,5152
2022-05-30 00:00:00+00:00,1.2623,1.26595,1.26163,1.26454,158228
2022-05-31 00:00:00+00:00,1.26441,1.26479,1.25613,1.2609,182727
2022-06-01 00:00:00+00:00,1.26068,1.26162,1.24591,1.24834,176092
2022-06-02 00:00:00+00:00,1.24825,1.25855,1.24683,1.25778,152479
2022-06-03 00:00:00+00:00,1.25757,1.25878,1.24827,1.24887,135810
2022-06-04 00:00:00+00:00,1.2487,1.2489,1.2487,1.2489,2
2022-06-05 00:00:00+00:00,1.24881,1.25016,1.24866,1.24897,5872
2022-06-06 00:00:00+00:00,1.24895,1.25733,1.2477,1.25229,161025
2022-06-07 00:00:00+00:00,1.2523,1.2599,1.24349,1.25869,158518
2022-06-08 00:00:00+00:00,1.25849,1.25878,1.2513,1.25398,192387
2022-06-09 00:00:00+00:00,1.25405,1.25547,1.24847,1.24911,199064
2022-06-10 00:00:00+00:00,1.2492,1.25166,1.23009,1.23169,198478
2022-06-11 00:00:00+00:00,1.2315,1.23159,1.2315,1.23159,2
2022-06-12 00:00:00+00:00,1.23003,1.23256,1.2272,1.2276,11362
2022-06-13 00:00:00+00:00,1.2276,1.22988,1.21076,1.2141,244693
2022-06-14 00:00:00+00:00,1.21428,1.21998,1.19369,1.20094,259716
2022-06-15 00:00:00+00:00,1.20149,1.22025,1.19904,1.21743,276409
2022-06-16 00:00:00+00:00,1.21787,1.24067,1.20419,1.23497,275366
2022-06-17 00:00:00+00:00,1.23483,1.23483,1.21734,1.2219,227253
2022-06-18 00:00:00+00:00,1.2224,1.2224,1.2221,1.2221,6
2022-06-19 00:00:00+00:00,1.22096,1.223,1.22033,1.22273,9230
2022-06-20 00:00:00+00:00,1.22269,1.22791,1.21992,1.2247,191852
2022-06-21 00:00:00+00:00,1.22511,1.23167,1.22462,1.22634,193873
2022-06-22 00:00:00+00:00,1.2264,1.2313,1.2161,1.22506,218952
2022-06-23 00:00:00+00:00,1.22542,1.2293,1.21711,1.22584,241928
2022-06-24 00:00:00+00:00,1.22613,1.23173,1.2241,1.227,187652
2022-06-26 00:00:00+00:00,1.22499,1.22954,1.22499,1.2282,8234
2022-06-27 00:00:00+00:00,1.22868,1.2328,1.22382,1.22657,203486
2022-06-28 00:00:00+00:00,1.22687,1.22889,1.21758,1.2186,225127
2022-06-29 00:00:00+00:00,1.21872,1.22095,1.2107,1.21273,232508
2022-06-30 00:00:00+00:00,1.21273,1.21861,1.20916,1.21583,229296
2022-07-01 00:00:00+00:00,1.21574,1.21597,1.19774,1.20933,217023
2022-07-03 00:00:00+00:00,1.20784,1.21213,1.20764,1.20995,8593
2022-07-04 00:00:00+00:00,1.21048,1.21641,1.20843,1.2113,174637
2022-07-05 00:00:00+00:00,1.21128,1.21238,1.18999,1.19496,230007
2022-07-06 00:00:00+00:00,1.19446,1.19852,1.1876,1.19207,240784
2022-07-07 00:00:00+00:00,1.19189,1.20326,1.1908,1.20277,222853
2022-07-08 00:00:00+00:00,1.20301,1.20536,1.19212,1.20295,216209
2022-07-09 00:00:00+00:00,1.2028,1.2032,1.2028,1.2032,2
2022-07-10 00:00:00+00:00,1.19699,1.20353,1.19699,1.2016,7079
2022-07-11 00:00:00+00:00,1.20139,1.20179,1.18677,1.18979,218201
2022-07-12 00:00:00+00:00,1.19007,1.19129,1.1807,1.1877,243280
2022-07-13 00:00:00+00:00,1.18819,1.19642,1.18342,1.1861,258394
2022-07-14 00:00:00+00:00,1.18607,1.18832,1.17633,1.18391,273423
2022-07-15 00:00:00+00:00,1.18371,1.18733,1.18065,1.18681,222438
2022-07-16 00:00:00+00:00,1.18671,1.18671,1.18671,1.18671,2
2022-07-17 00:00:00+00:00,1.1844,1.18892,1.1844,1.1888,9791
2022-07-18 00:00:00+00:00,1.18865,1.20312,1.18734,1.1948,208374
2022-07-19 00:00:00+00:00,1.19481,1.20412,1.19265,1.20009,209881
2022-07-20 00:00:00+00:00,1.20014,1.20361,1.19537,1.19664,226717
2022-07-21 00:00:00+00:00,1.19661,1.2003,1.18942,1.19939,250381
2022-07-22 00:00:00+00:00,1.19916,1.20594,1.19206,1.20061,243278
2022-07-23 00:00:00+00:00,1.2003,1.2003,1.2003,1.2003,1
2022-07-24 00:00:00+00:00,1.19799,1.20283,1.19799,1.1983,8813
2022-07-25 00:00:00+00:00,1.1987,1.20848,1.19598,1.20522,222744
2022-07-26 00:00:00+00:00,1.2055,1.20888,1.19645,1.2034,214445
2022-07-27 00:00:00+00:00,1.20369,1.21838,1.20214,1.21615,243461
2022-07-28 00:00:00+00:00,1.21649,1.21891,1.21033,1.21712,246135
2022-07-29 00:00:00+00:00,1.21739,1.22432,1.20674,1.2173,233668
2022-07-31 00:00:00+00:00,1.21439,1.21766,1.21419,1.21675,8027
2022-08-01 00:00:00+00:00,1.21674,1.22905,1.2162,1.22564,213144
2022-08-02 00:00:00+00:00,1.22577,1.22779,1.214,1.21431,266682
2022-08-03 00:00:00+00:00,1.21427,1.22061,1.21013,1.2137,223187
2022-08-04 00:00:00+00:00,1.21415,1.21941,1.20683,1.21578,213349
2022-08-05 00:00:00+00:00,1.21561,1.21671,1.20049,1.2063,199543
2022-08-06 00:00:00+00:00,1.2071,1.2071,1.2067,1.2067,10
2022-08-07 00:00:00+00:00,1.20529,1.20813,1.20529,1.20606,7788
2022-08-08 00:00:00+00:00,1.2062,1.2136,1.2046,1.20846,187012
2022-08-09 00:00:00+00:00,1.20861,1.21285,1.20541,1.20709,164388
2022-08-10 00:00:00+00:00,1.20713,1.22754,1.20639,1.221,147342
2022-08-11 00:00:00+00:00,1.2213,1.2249,1.21813,1.2193,161533
2022-08-12 00:00:00+00:00,1.21992,1.22072,1.21008,1.21412,137754
2022-08-14 00:00:00+00:00,1.21042,1.21381,1.21042,1.2126,5117
2022-08-15 00:00:00+00:00,1.21298,1.21473,1.2049,1.2056,154897
2022-08-16 00:00:00+00:00,1.2053,1.21162,1.2009,1.2093,153711
2022-08-17 00:00:00+00:00,1.20958,1.21296,1.20283,1.2044,158079
2022-08-18 00:00:00+00:00,1.20445,1.20777,1.19229,1.1936,151168
2022-08-19 00:00:00+00:00,1.19314,1.19314,1.17931,1.18281,150248
2022-08-20 00:00:00+00:00,1.1828,1.1828,1.1828,1.1828,1
2022-08-21 00:00:00+00:00,1.1828,1.1828,1.1828,1.1828,1
2022-08-22 00:00:00+00:00,1.18226,1.18259,1.1744,1.1764,116938
2022-08-23 00:00:00+00:00,1.17636,1.18731,1.17174,1.18285,164250
2022-08-24 00:00:00+00:00,1.1826,1.18539,1.1757,1.17899,153157
2022-08-25 00:00:00+00:00,1.17869,1.18612,1.17828,1.18212,181411
2022-08-26 00:00:00+00:00,1.18242,1.18969,1.1729,1.1729,163686
2022-08-27 00:00:00+00:00,1.1748,1.1748,1.173,1.173,2
2022-08-28 00:00:00+00:00,1.17319,1.17431,1.1684,1.16879,8333
2022-08-29 00:00:00+00:00,1.16908,1.17426,1.16475,1.17211,200335
2022-08-30 00:00:00+00:00,1.17209,1.17581,1.1624,1.16567,220933
2022-08-31 00:00:00+00:00,1.16574,1.16927,1.15934,1.15966,226301
2022-09-01 00:00:00+00:00,1.1595,1.16159,1.15017,1.15461,216388
2022-09-02 00:00:00+00:00,1.15494,1.15879,1.1496,1.15055,200818
2022-09-04 00:00:00+00:00,1.14959,1.1574,1.14662,1.14722,7824
2022-09-05 00:00:00+00:00,1.14751,1.1571,1.1442,1.15628,181299
2022-09-06 00:00:00+00:00,1.15648,1.16071,1.1499,1.15101,245871
2022-09-07 00:00:00+00:00,1.1513,1.15402,1.14076,1.15208,228199
2022-09-08 00:00:00+00:00,1.15191,1.15589,1.14634,1.15187,249398
2022-09-09 00:00:00+00:00,1.1519,1.16453,1.1515,1.16,210920
2022-09-10 00:00:00+00:00,1.1588,1.16,1.1588,1.16,3
2022-09-11 00:00:00+00:00,1.15644,1.16548,1.15644,1.16195,8885
2022-09-12 00:00:00+00:00,1.16202,1.17091,1.16007,1.16886,213368
2022-09-13 00:00:00+00:00,1.16876,1.1736,1.14801,1.15018,228895
2022-09-14 00:00:00+00:00,1.1501,1.15865,1.1481,1.15424,244445
2022-09-15 00:00:00+00:00,1.1539,1.1546,1.14492,1.1451,191268
2022-09-16 00:00:00+00:00,1.14519,1.148,1.13509,1.1422,213786
2022-09-17 00:00:00+00:00,1.1535,1.1535,1.1422,1.1422,2
2022-09-18 00:00:00+00:00,1.13599,1.1438,1.13599,1.14337,8344
2022-09-19 00:00:00+00:00,1.14363,1.14442,1.1356,1.14442,176941
2022-09-20 00:00:00+00:00,1.14471,1.14596,1.1356,1.13801,222271
2022-09-21 00:00:00+00:00,1.1382,1.13831,1.1244,1.12558,248049
2022-09-22 00:00:00+00:00,1.12556,1.13591,1.1215,1.12622,276541
2022-09-23 00:00:00+00:00,1.12642,1.12728,1.08437,1.0848,261208
2022-09-24 00:00:00+00:00,1.0857,1.0857,1.0847,1.0847,4
2022-09-25 00:00:00+00:00,1.07919,1.08447,1.07649,1.07923,11196
2022-09-26 00:00:00+00:00,1.07978,1.09109,1.0379,1.07656,372595
2022-09-27 00:00:00+00:00,1.07671,1.0833,1.06587,1.07255,320828
2022-09-28 00:00:00+00:00,1.07278,1.09102,1.05409,1.08294,368586
2022-09-29 00:00:00+00:00,1.08284,1.1198,1.07627,1.117,348463
2022-09-30 00:00:00+00:00,1.1156,1.12323,1.10248,1.11654,328613
2022-10-02 00:00:00+00:00,1.11067,1.11923,1.0169,1.11343,9741
2022-10-03 00:00:00+00:00,1.1134,1.13376,1.10849,1.13376,284123
2022-10-04 00:00:00+00:00,1.13367,1.1488,1.033,1.14499,295488
2022-10-05 00:00:00+00:00,1.14507,1.14903,1.0341,1.13552,291325
2022-10-06 00:00:00+00:00,1.13515,1.13795,1.0351,1.11609,304155
2022-10-07 00:00:00+00:00,1.11616,1.12213,1.10556,1.1088,268857
2022-10-08 00:00:00+00:00,1.1085,1.1089,1.1085,1.1089,2
2022-10-09 00:00:00+00:00,1.0035,1.10919,1.0035,1.10719,14964
2022-10-10 00:00:00+00:00,1.10741,1.11084,1.10195,1.10783,270165
2022-10-11 00:00:00+00:00,1.10751,1.11749,1.09526,1.09624,331479
2022-10-12 00:00:00+00:00,1.09649,1.11248,1.09238,1.10998,328069
2022-10-13 00:00:00+00:00,1.10928,1.13729,1.10592,1.12994,327854
2022-10-14 00:00:00+00:00,1.12994,1.1363,1.11542,1.1178,314905
2022-10-16 00:00:00+00:00,1.12345,1.12544,1.1208,1.12409,13915
2022-10-17 00:00:00+00:00,1.12393,1.14387,1.12142,1.135,334076
2022-10-18 00:00:00+00:00,1.13596,1.1408,1.1257,1.13417,321852
2022-10-19 00:00:00+00:00,1.13435,1.13493,1.11864,1.12063,336165
2022-10-20 00:00:00+00:00,1.12057,1.13255,1.11739,1.1221,332629
2022-10-21 00:00:00+00:00,1.12193,1.13126,1.10616,1.1301,328795
2022-10-22 00:00:00+00:00,1.1303,1.1307,1.1303,1.1307,9
2022-10-23 00:00:00+00:00,1.12758,1.14062,1.12758,1.13351,20746
2022-10-24 00:00:00+00:00,1.13393,1.13791,1.12599,1.1303,230324
2022-10-25 00:00:00+00:00,1.13024,1.14956,1.12707,1.1457,226009
2022-10-26 00:00:00+00:00,1.14609,1.16396,1.14303,1.16374,236934
2022-10-27 00:00:00+00:00,1.16288,1.16435,1.15526,1.15639,270791
2022-10-28 00:00:00+00:00,1.15609,1.1622,1.15052,1.1612,274538
2022-10-30 00:00:00+00:00,1.15734,1.16055,1.15489,1.15941,8256
2022-10-31 00:00:00+00:00,1.15994,1.16118,1.14604,1.14672,242529
2022-11-01 00:00:00+00:00,1.147,1.15649,1.1439,1.1488,275929
2022-11-02 00:00:00+00:00,1.14911,1.15625,1.13738,1.1384,288055
2022-11-03 00:00:00+00:00,1.1381,1.14201,1.11486,1.11696,291689
2022-11-04 00:00:00+00:00,1.11696,1.13807,1.11621,1.1379,293391
2022-11-05 00:00:00+00:00,1.1376,1.1378,1.1376,1.1378,6
2022-11-06 00:00:00+00:00,1.1376,1.1376,1.12999,1.13303,6109
2022-11-07 00:00:00+00:00,1.1336,1.15404,1.12944,1.15121,272081
2022-11-08 00:00:00+00:00,1.15087,1.1596,1.1431,1.155,278554
2022-11-09 00:00:00+00:00,1.1547,1.15657,1.13353,1.13675,301401
2022-11-10 00:00:00+00:00,1.13675,1.17304,1.1364,1.16941,270307
2022-11-11 00:00:00+00:00,1.16972,1.18533,1.1646,1.1811,306913
2022-11-12 00:00:00+00:00,1.1836,1.1836,1.1812,1.1812,8
2022-11-13 00:00:00+00:00,1.1745,1.18461,1.1745,1.17961,8526
2022-11-14 00:00:00+00:00,1.17906,1.18272,1.17109,1.175,286039
2022-11-15 00:00:00+00:00,1.17592,1.20022,1.17413,1.18786,324095
2022-11-16 00:00:00+00:00,1.18796,1.19414,1.18303,1.19133,313052
2022-11-17 00:00:00+00:00,1.1916,1.19547,1.17646,1.18582,304932
2022-11-18 00:00:00+00:00,1.18586,1.19503,1.18586,1.1894,251030
2022-11-20 00:00:00+00:00,1.18851,1.1895,1.18803,1.18838,7144
2022-11-21 00:00:00+00:00,1.18839,1.18855,1.17795,1.18255,250153
2022-11-22 00:00:00+00:00,1.18231,1.19022,1.18218,1.18919,250653
2022-11-23 00:00:00+00:00,1.18963,1.2077,1.18706,1.20757,258301
2022-11-24 00:00:00+00:00,1.20735,1.21529,1.20589,1.21116,222810
2022-11-25 00:00:00+00:00,1.21087,1.2127,1.2059,1.209,207996
2022-11-27 00:00:00+00:00,1.20615,1.20688,1.20511,1.2053,8157
2022-11-28 00:00:00+00:00,1.20593,1.21176,1.194,1.1959,257514
2022-11-29 00:00:00+00:00,1.19617,1.20635,1.19392,1.1945,271244
2022-11-30 00:00:00+00:00,1.19426,1.20848,1.19011,1.2075,290484
2022-12-01 00:00:00+00:00,1.20724,1.2296,1.20724,1.22577,210708
2022-12-02 00:00:00+00:00,1.22529,1.2302,1.2138,1.2299,260818
2022-12-03 00:00:00+00:00,1.229,1.2299,1.229,1.2299,3
2022-12-04 00:00:00+00:00,1.2275,1.22952,1.225,1.22952,5923
2022-12-05 00:00:00+00:00,1.22957,1.23435,1.2163,1.2192,262462
2022-12-06 00:00:00+00:00,1.2193,1.22626,1.21262,1.2131,260411
2022-12-07 00:00:00+00:00,1.21321,1.2233,1.21048,1.22087,269070
2022-12-08 00:00:00+00:00,1.22088,1.22463,1.2155,1.2232,250520
2022-12-09 00:00:00+00:00,1.22319,1.23224,1.22203,1.2258,255458
2022-12-10 00:00:00+00:00,1.2256,1.2259,1.2256,1.2259,2
2022-12-11 00:00:00+00:00,1.22476,1.22631,1.22344,1.22347,2927
2022-12-12 00:00:00+00:00,1.22366,1.22978,1.22119,1.22687,243402
2022-12-13 00:00:00+00:00,1.22686,1.24406,1.225,1.2353,291827
2022-12-14 00:00:00+00:00,1.23563,1.24453,1.23418,1.24165,286440
2022-12-15 00:00:00+00:00,1.24162,1.24243,1.21578,1.21903,286562
2022-12-16 00:00:00+00:00,1.21893,1.22218,1.21212,1.2143,261936
2022-12-17 00:00:00+00:00,1.2141,1.2142,1.2141,1.2142,2
2022-12-18 00:00:00+00:00,1.21398,1.21686,1.21389,1.21586,4950
2022-12-19 00:00:00+00:00,1.2159,1.22406,1.21223,1.2154,253708
2022-12-20 00:00:00+00:00,1.21524,1.22187,1.20861,1.21876,303785
2022-12-21 00:00:00+00:00,1.21874,1.21893,1.2055,1.20755,253087
2022-12-22 00:00:00+00:00,1.20766,1.21453,1.19933,1.20364,252726
2022-12-23 00:00:00+00:00,1.20375,1.20892,1.20191,1.2052,229989
2022-12-25 00:00:00+00:00,1.19992,1.2069,1.19992,1.2063,15
2022-12-26 00:00:00+00:00,1.20516,1.20898,1.20449,1.20815,20331
2022-12-27 00:00:00+00:00,1.20781,1.21108,1.20022,1.2025,232589
2022-12-28 00:00:00+00:00,1.20265,1.21239,1.2002,1.20271,237601
2022-12-29 00:00:00+00:00,1.20317,1.20755,1.20142,1.20547,205974
2022-12-30 00:00:00+00:00,1.20553,1.2106,1.20118,1.2102,239646
2022-12-31 00:00:00+00:00,1.2097,1.21,1.2097,1.21,2
2023-01-01 00:00:00+00:00,1.2015,1.20837,1.2015,1.20837,7
2023-01-02 00:00:00+00:00,1.2094,1.2101,1.20354,1.2062,65508
2023-01-03 00:00:00+00:00,1.20605,1.2084,1.1903,1.19653,249183
2023-01-04 00:00:00+00:00,1.19725,1.20866,1.197,1.20556,260372
2023-01-05 00:00:00+00:00,1.2051,1.20746,1.18772,1.1907,248129
2023-01-06 00:00:00+00:00,1.19076,1.20982,1.18436,1.2092,257736
2023-01-08 00:00:00+00:00,1.20917,1.21193,1.20707,1.21193,5832
2023-01-09 00:00:00+00:00,1.21198,1.22069,1.20942,1.21832,250913
2023-01-10 00:00:00+00:00,1.21817,1.21969,1.21115,1.21507,250200
2023-01-11 00:00:00+00:00,1.21536,1.21771,1.21017,1.21578,240863
2023-01-12 00:00:00+00:00,1.21561,1.22455,1.20962,1.2214,265329
2023-01-13 00:00:00+00:00,1.2215,1.22466,1.21512,1.223,241223
2023-01-15 00:00:00+00:00,1.21807,1.22318,1.21807,1.22223,5881
2023-01-16 00:00:00+00:00,1.22015,1.22105,1.21803,1.22071,95950
2023-01-17 00:00:00+00:00,1.22226,1.22975,1.21928,1.2283,177562
2023-01-18 00:00:00+00:00,1.24038,1.2414,1.2328,1.2345,76435
2023-01-19 00:00:00+00:00,1.23447,1.2397,1.23129,1.23917,239967
2023-01-20 00:00:00+00:00,1.23386,1.24039,1.23357,1.2388,88833
2023-01-22 00:00:00+00:00,1.2373,1.24111,1.23557,1.24052,4976
2023-01-23 00:00:00+00:00,1.24025,1.24228,1.23237,1.2378,162649
2023-01-24 00:00:00+00:00,1.23804,1.24119,1.22646,1.23308,190698
2023-01-25 00:00:00+00:00,1.23255,1.24175,1.22846,1.24097,183493
2023-01-26 00:00:00+00:00,1.23826,1.2418,1.23456,1.2414,99016
2023-01-27 00:00:00+00:00,1.23632,1.2399,1.23479,1.238,88386
2023-01-28 00:00:00+00:00,1.2398,1.2398,1.2381,1.2381,2
2023-01-29 00:00:00+00:00,1.23849,1.24,1.23829,1.23995,5156
2023-01-30 00:00:00+00:00,1.2414,1.24162,1.23327,1.23477,124096
2023-01-31 00:00:00+00:00,1.23494,1.23692,1.22854,1.2308,216141
2023-02-01 00:00:00+00:00,1.23136,1.23991,1.22778,1.23869,203942
2023-02-02 00:00:00+00:00,1.2374,1.23932,1.22185,1.22191,199093
2023-02-03 00:00:00+00:00,1.2215,1.22653,1.2046,1.2047,235308
2023-02-04 00:00:00+00:00,1.2053,1.2053,1.2048,1.2048,4
2023-02-05 00:00:00+00:00,1.2045,1.20559,1.20275,1.20428,6697
2023-02-06 00:00:00+00:00,1.20436,1.20759,1.20056,1.20254,218061
2023-02-07 00:00:00+00:00,1.20264,1.20907,1.19624,1.2053,243114
2023-02-08 00:00:00+00:00,1.20534,1.21094,1.20381,1.207,218515
2023-02-09 00:00:00+00:00,1.20687,1.2192,1.2057,1.21147,227331
2023-02-10 00:00:00+00:00,1.21144,1.21376,1.2047,1.2063,225973
2023-02-11 00:00:00+00:00,1.2059,1.2062,1.2059,1.2062,2
2023-02-13 00:00:00+00:00,1.2044,1.21513,1.20314,1.21499,167293
2023-02-14 00:00:00+00:00,1.21479,1.22555,1.21202,1.21728,259300
2023-02-15 00:00:00+00:00,1.21736,1.21792,1.19904,1.20361,231080
2023-02-16 00:00:00+00:00,1.20389,1.20736,1.19663,1.19734,246932
2023-02-17 00:00:00+00:00,1.1972,1.2048,1.19159,1.2043,216840
2023-02-18 00:00:00+00:00,1.2036,1.2042,1.2036,1.2042,2
2023-02-19 00:00:00+00:00,1.20214,1.20456,1.20214,1.20284,5654
2023-02-20 00:00:00+00:00,1.20263,1.20555,1.2014,1.20366,180909
2023-02-21 00:00:00+00:00,1.20357,1.21439,1.19905,1.21077,237289
2023-02-22 00:00:00+00:00,1.21075,1.2134,1.2036,1.20464,231762
2023-02-23 00:00:00+00:00,1.20474,1.2074,1.19924,1.20157,228167
2023-02-24 00:00:00+00:00,1.20159,1.20397,1.19316,1.1944,231677
2023-02-25 00:00:00+00:00,1.1945,1.1945,1.1943,1.1943,6
2023-02-26 00:00:00+00:00,1.19304,1.19585,1.19304,1.19492,4580
2023-02-27 00:00:00+00:00,1.19492,1.2068,1.19215,1.20616,223754
2023-02-28 00:00:00+00:00,1.20604,1.2142,1.2012,1.20321,230508
2023-03-01 00:00:00+00:00,1.20288,1.20882,1.19657,1.20258,243329
2023-03-02 00:00:00+00:00,1.20269,1.20347,1.19251,1.19486,246002
2023-03-03 00:00:00+00:00,1.19507,1.2048,1.1947,1.2034,201351
2023-03-05 00:00:00+00:00,1.20211,1.2036,1.20066,1.20271,4402
2023-03-06 00:00:00+00:00,1.20291,1.20484,1.19932,1.20244,191217
2023-03-07 00:00:00+00:00,1.20252,1.20633,1.1822,1.18262,228188
2023-03-08 00:00:00+00:00,1.18271,1.18578,1.1806,1.18487,216598
2023-03-09 00:00:00+00:00,1.18483,1.19349,1.18311,1.19223,211184
2023-03-10 00:00:00+00:00,1.19225,1.21089,1.19101,1.2033,270275
2023-03-11 00:00:00+00:00,1.2029,1.203,1.2029,1.203,2
2023-03-12 00:00:00+00:00,1.20158,1.21024,1.20158,1.20743,13661
2023-03-13 00:00:00+00:00,1.20733,1.2199,1.20505,1.2166,320824
2023-03-14 00:00:00+00:00,1.21664,1.22017,1.21405,1.215,292298
2023-03-15 00:00:00+00:00,1.21499,1.21802,1.20107,1.2067,309417
2023-03-16 00:00:00+00:00,1.20619,1.21272,1.20285,1.21078,285641
2023-03-17 00:00:00+00:00,1.2107,1.21997,1.21,1.2181,228117
2023-03-18 00:00:00+00:00,1.2176,1.2181,1.2176,1.2181,4
2023-03-19 00:00:00+00:00,1.21309,1.22243,1.21309,1.21865,12008
2023-03-20 00:00:00+00:00,1.21862,1.22842,1.21672,1.22724,238127
2023-03-21 00:00:00+00:00,1.22733,1.22798,1.21791,1.2223,183653
2023-03-22 00:00:00+00:00,1.22242,1.2333,1.22073,1.22758,226619
2023-03-23 00:00:00+00:00,1.22801,1.23418,1.22647,1.22802,228149
2023-03-24 00:00:00+00:00,1.2278,1.2288,1.21914,1.2226,208763
2023-03-26 00:00:00+00:00,1.22059,1.22496,1.22059,1.22447,8562
2023-03-27 00:00:00+00:00,1.22403,1.2298,1.2218,1.2296,197308
2023-03-28 00:00:00+00:00,1.2293,1.23487,1.22816,1.23294,168257
2023-03-29 00:00:00+00:00,1.23348,1.23594,1.22964,1.23098,185373
2023-03-30 00:00:00+00:00,1.23104,1.23925,1.22935,1.23851,176617
2023-03-31 00:00:00+00:00,1.23865,1.24214,1.2325,1.2344,168464
2023-04-02 00:00:00+00:00,1.2322,1.23307,1.22847,1.22856,9900
2023-04-03 00:00:00+00:00,1.22879,1.2425,1.22748,1.24191,180495
2023-04-04 00:00:00+00:00,1.24213,1.25193,1.23943,1.24986,174245
2023-04-05 00:00:00+00:00,1.24973,1.25138,1.24351,1.2461,176229
2023-04-06 00:00:00+00:00,1.2463,1.24854,1.24134,1.24357,149147
2023-04-07 00:00:00+00:00,1.24386,1.24553,1.23928,1.242,106368
2023-04-08 00:00:00+00:00,1.244,1.244,1.2421,1.2421,2
2023-04-09 00:00:00+00:00,1.24119,1.2431,1.24079,1.24301,8862
2023-04-10 00:00:00+00:00,1.24336,1.24422,1.23472,1.23902,137687
2023-04-11 00:00:00+00:00,1.23929,1.24553,1.23868,1.24284,166431
2023-04-12 00:00:00+00:00,1.24304,1.24946,1.2398,1.24899,172697
2023-04-13 00:00:00+00:00,1.24904,1.25358,1.24789,1.25228,174983
2023-04-14 00:00:00+00:00,1.25217,1.25452,1.2398,1.2422,180106
2023-04-15 00:00:00+00:00,1.2413,1.2421,1.2413,1.2421,2
2023-04-16 00:00:00+00:00,1.24044,1.2415,1.2398,1.2399,4775
2023-04-17 00:00:00+00:00,1.24001,1.24375,1.2352,1.2373,163669
2023-04-18 00:00:00+00:00,1.23752,1.2449,1.23673,1.2425,158993
2023-04-19 00:00:00+00:00,1.24284,1.24724,1.23929,1.2427,175856
2023-04-20 00:00:00+00:00,1.24295,1.24653,1.24055,1.24388,168360
2023-04-21 00:00:00+00:00,1.24373,1.24461,1.23693,1.2434,169225
2023-04-23 00:00:00+00:00,1.24182,1.24514,1.24179,1.24474,5102
2023-04-24 00:00:00+00:00,1.24445,1.2499,1.24132,1.2499,165584
2023-04-25 00:00:00+00:00,1.2497,1.25055,1.23877,1.24124,177396
2023-04-26 00:00:00+00:00,1.24154,1.25105,1.2402,1.24692,201008
2023-04-27 00:00:00+00:00,1.24692,1.25,1.24376,1.24966,197073
2023-04-28 00:00:00+00:00,1.24984,1.25827,1.24479,1.2568,208522
2023-04-29 00:00:00+00:00,1.2573,1.2573,1.2567,1.2567,2
2023-04-30 00:00:00+00:00,1.25526,1.25672,1.25526,1.25575,6919
2023-05-01 00:00:00+00:00,1.25569,1.2568,1.2481,1.24842,166267
2023-05-02 00:00:00+00:00,1.24845,1.25111,1.24354,1.24761,176224
2023-05-03 00:00:00+00:00,1.24769,1.25874,1.2468,1.25667,203319
2023-05-04 00:00:00+00:00,1.25682,1.25976,1.25514,1.2581,225097
2023-05-05 00:00:00+00:00,1.25817,1.26504,1.25631,1.2638,184976
2023-05-07 00:00:00+00:00,1.26219,1.26346,1.2621,1.26294,5706
2023-05-08 00:00:00+00:00,1.26298,1.26678,1.261,1.26121,154317
2023-05-09 00:00:00+00:00,1.26108,1.26385,1.258,1.2623,178499
2023-05-10 00:00:00+00:00,1.26245,1.26776,1.26034,1.26239,176338
2023-05-11 00:00:00+00:00,1.26277,1.264,1.2498,1.25071,193164
2023-05-12 00:00:00+00:00,1.25092,1.25398,1.2444,1.2451,167120
2023-05-13 00:00:00+00:00,1.2458,1.2458,1.245,1.245,2
2023-05-14 00:00:00+00:00,1.24356,1.24596,1.24356,1.24508,4459
2023-05-15 00:00:00+00:00,1.24528,1.25337,1.24451,1.25236,154455
2023-05-16 00:00:00+00:00,1.25243,1.25446,1.24659,1.24831,176484
2023-05-17 00:00:00+00:00,1.24864,1.25093,1.24218,1.248,175981
2023-05-18 00:00:00+00:00,1.24818,1.24914,1.23915,1.24111,178375
2023-05-19 00:00:00+00:00,1.24116,1.24788,1.23919,1.2447,185940
2023-05-20 00:00:00+00:00,1.2445,1.2446,1.2445,1.2446,2
2023-05-21 00:00:00+00:00,1.24344,1.2461,1.2434,1.2461,4406
2023-05-22 00:00:00+00:00,1.24589,1.24709,1.24146,1.24336,183026
2023-05-23 00:00:00+00:00,1.24356,1.2445,1.2372,1.2415,189905
2023-05-24 00:00:00+00:00,1.24179,1.24637,1.2357,1.2368,203733
2023-05-25 00:00:00+00:00,1.23658,1.23853,1.23082,1.2315,192951
2023-05-26 00:00:00+00:00,1.23519,1.23611,1.23213,1.2345,54968
2023-05-28 00:00:00+00:00,1.2343,1.23516,1.23342,1.2345,5262
2023-05-29 00:00:00+00:00,1.23451,1.23716,1.23358,1.23474,114445
2023-05-30 00:00:00+00:00,1.23465,1.24443,1.23276,1.24117,190717
2023-05-31 00:00:00+00:00,1.2413,1.2449,1.23481,1.24446,196709
2023-06-01 00:00:00+00:00,1.24444,1.2538,1.2403,1.25241,185028
2023-06-02 00:00:00+00:00,1.25282,1.25438,1.24414,1.245,167232
2023-06-03 00:00:00+00:00,1.2449,1.2452,1.2449,1.2452,2
2023-06-04 00:00:00+00:00,1.24336,1.245,1.24269,1.24299,6251
2023-06-05 00:00:00+00:00,1.24291,1.24428,1.23696,1.24305,166304
2023-06-06 00:00:00+00:00,1.24302,1.24573,1.23927,1.24273,164636
2023-06-07 00:00:00+00:00,1.24292,1.24979,1.23962,1.24435,171865
2023-06-08 00:00:00+00:00,1.24441,1.2563,1.244,1.25577,168784
2023-06-09 00:00:00+00:00,1.25574,1.2588,1.2535,1.2564,147223
2023-06-10 00:00:00+00:00,1.2569,1.2569,1.2565,1.2565,4
2023-06-11 00:00:00+00:00,1.2569,1.25811,1.25554,1.25791,4334
2023-06-12 00:00:00+00:00,1.25772,1.25991,1.2486,1.25143,156596
2023-06-13 00:00:00+00:00,1.25143,1.26242,1.25143,1.26063,191061
2023-06-14 00:00:00+00:00,1.2606,1.2699,1.26,1.267,187349
2023-06-15 00:00:00+00:00,1.2669,1.279,1.26301,1.27844,180719
2023-06-16 00:00:00+00:00,1.2784,1.28474,1.27676,1.2823,172112
2023-06-18 00:00:00+00:00,1.2818,1.28322,1.28043,1.283,497
2023-06-19 00:00:00+00:00,1.2831,1.2835,1.27735,1.27914,112545
2023-06-20 00:00:00+00:00,1.27921,1.28044,1.27146,1.27651,195735
2023-06-21 00:00:00+00:00,1.2764,1.2797,1.26929,1.27701,224112
2023-06-22 00:00:00+00:00,1.27698,1.28172,1.2726,1.27463,208829
2023-06-23 00:00:00+00:00,1.27437,1.27467,1.26891,1.2713,205488
2023-06-24 00:00:00+00:00,1.2711,1.2715,1.2711,1.2715,2
2023-06-25 00:00:00+00:00,1.26944,1.27308,1.26944,1.27287,5722
2023-06-26 00:00:00+00:00,1.27307,1.27481,1.26886,1.27104,187200
2023-06-27 00:00:00+00:00,1.27085,1.2758,1.27034,1.27444,192380
2023-06-28 00:00:00+00:00,1.2743,1.27504,1.26078,1.26399,211906
2023-06-29 00:00:00+00:00,1.26397,1.26649,1.25923,1.26119,201586
2023-06-30 00:00:00+00:00,1.2612,1.27253,1.25665,1.25845,184395
2023-07-02 00:00:00+00:00,1.2705,1.2705,1.2666,1.26934,3071
2023-07-03 00:00:00+00:00,1.26925,1.27186,1.26593,1.26902,168892
2023-07-04 00:00:00+00:00,1.26896,1.27368,1.2683,1.2717,146224
2023-07-05 00:00:00+00:00,1.27199,1.27324,1.26857,1.27031,142766
2023-07-06 00:00:00+00:00,1.27053,1.27794,1.26749,1.27407,171171
2023-07-07 00:00:00+00:00,1.2739,1.28486,1.27261,1.2841,192696
2023-07-08 00:00:00+00:00,1.2837,1.2838,1.2837,1.2838,6
2023-07-09 00:00:00+00:00,1.2837,1.28408,1.28242,1.28373,4911
2023-07-10 00:00:00+00:00,1.28375,1.2867,1.275,1.28636,165647
2023-07-11 00:00:00+00:00,1.28624,1.29389,1.2857,1.2933,167033
2023-07-12 00:00:00+00:00,1.2932,1.29998,1.29046,1.29942,202523
2023-07-13 00:00:00+00:00,1.29939,1.31396,1.29887,1.31277,192873
2023-07-14 00:00:00+00:00,1.3129,1.31401,1.30883,1.309,197164
2023-07-15 00:00:00+00:00,1.3089,1.3092,1.3089,1.3092,4
2023-07-16 00:00:00+00:00,1.30799,1.30974,1.30794,1.30892,5670
2023-07-17 00:00:00+00:00,1.30901,1.31069,1.30518,1.30714,185396
2023-07-18 00:00:00+00:00,1.30689,1.3123,1.30289,1.30334,219099
2023-07-19 00:00:00+00:00,1.30342,1.30376,1.2871,1.2936,219942
2023-07-20 00:00:00+00:00,1.29371,1.29632,1.28409,1.28718,205155
2023-07-21 00:00:00+00:00,1.2868,1.29032,1.28169,1.2855,196081
2023-07-22 00:00:00+00:00,1.2856,1.2856,1.2853,1.2853,14
2023-07-23 00:00:00+00:00,1.2856,1.28575,1.2847,1.28518,5430
2023-07-24 00:00:00+00:00,1.2851,1.28826,1.27982,1.28118,217329
2023-07-25 00:00:00+00:00,1.28116,1.2904,1.281,1.28924,193333
2023-07-26 00:00:00+00:00,1.28923,1.2958,1.28745,1.29258,212152
2023-07-27 00:00:00+00:00,1.29274,1.29954,1.2782,1.27929,239681
2023-07-28 00:00:00+00:00,1.2793,1.28842,1.27627,1.2845,229997
2023-07-30 00:00:00+00:00,1.28338,1.28575,1.28327,1.28532,5421
2023-07-31 00:00:00+00:00,1.2852,1.28706,1.28284,1.28314,203296
2023-08-01 00:00:00+00:00,1.28312,1.28377,1.27418,1.27942,192905
2023-08-02 00:00:00+00:00,1.27906,1.27959,1.26815,1.27174,215502
2023-08-03 00:00:00+00:00,1.27168,1.27273,1.26249,1.2714,213597
2023-08-04 00:00:00+00:00,1.27142,1.27916,1.26904,1.2747,209835
2023-08-06 00:00:00+00:00,1.27439,1.27542,1.27439,1.27483,6185
2023-08-07 00:00:00+00:00,1.27511,1.27883,1.27133,1.27801,177345
2023-08-08 00:00:00+00:00,1.27844,1.27846,1.26844,1.2743,207594
2023-08-09 00:00:00+00:00,1.27427,1.27789,1.27116,1.2719,187057
2023-08-10 00:00:00+00:00,1.27179,1.28093,1.26667,1.2669,210468
2023-08-11 00:00:00+00:00,1.2666,1.27371,1.2666,1.2693,209461
2023-08-13 00:00:00+00:00,1.2684,1.27019,1.26811,1.26938,4779
2023-08-14 00:00:00+00:00,1.26943,1.27143,1.2618,1.26846,216894
2023-08-15 00:00:00+00:00,1.26843,1.27523,1.26759,1.26996,234234
2023-08-16 00:00:00+00:00,1.26963,1.27656,1.26872,1.27266,214141
2023-08-17 00:00:00+00:00,1.27246,1.27863,1.27043,1.27464,221896
2023-08-18 00:00:00+00:00,1.27472,1.27646,1.26898,1.2733,213260
2023-08-20 00:00:00+00:00,1.2726,1.2741,1.27221,1.2741,5414
2023-08-21 00:00:00+00:00,1.27411,1.2766,1.2711,1.2758,142194
2023-08-22 00:00:00+00:00,1.27607,1.28001,1.272,1.27309,141023
2023-08-23 00:00:00+00:00,1.27309,1.27632,1.2614,1.27196,165727
2023-08-24 00:00:00+00:00,1.27198,1.2728,1.2586,1.25921,151159
2023-08-25 00:00:00+00:00,1.25922,1.26439,1.25481,1.258,156536
2023-08-27 00:00:00+00:00,1.25494,1.2589,1.25494,1.25885,5669
2023-08-28 00:00:00+00:00,1.25906,1.2615,1.25666,1.26104,195056
2023-08-29 00:00:00+00:00,1.26092,1.2654,1.25638,1.26355,209360
2023-08-30 00:00:00+00:00,1.26364,1.27424,1.26222,1.27107,192258
2023-08-31 00:00:00+00:00,1.27096,1.27333,1.2653,1.267,207389
2023-09-01 00:00:00+00:00,1.267,1.27107,1.25777,1.2586,192457
2023-09-03 00:00:00+00:00,1.2586,1.2586,1.2586,1.2586,1
2023-09-04 00:00:00+00:00,1.25957,1.26418,1.25884,1.26216,113761
2023-09-05 00:00:00+00:00,1.26238,1.26309,1.25287,1.25693,192386
2023-09-06 00:00:00+00:00,1.25674,1.25797,1.24836,1.24969,167233
2023-09-07 00:00:00+00:00,1.24984,1.25051,1.24473,1.2473,166185
2023-09-08 00:00:00+00:00,1.2473,1.25125,1.2451,1.2464,179718
2023-09-10 00:00:00+00:00,1.2456,1.24911,1.2456,1.2488,4054
2023-09-11 00:00:00+00:00,1.24886,1.25463,1.24781,1.25076,180845
2023-09-12 00:00:00+00:00,1.25067,1.252,1.24614,1.249,178908
2023-09-13 00:00:00+00:00,1.2492,1.25104,1.24424,1.24891,206552
2023-09-14 00:00:00+00:00,1.24861,1.25052,1.23975,1.23994,203427
2023-09-15 00:00:00+00:00,1.2399,1.24454,1.23789,1.2385,187569
2023-09-17 00:00:00+00:00,1.23759,1.2397,1.23685,1.2395,2945
2023-09-18 00:00:00+00:00,1.23967,1.24102,1.23701,1.23819,178780
2023-09-19 00:00:00+00:00,1.23853,1.24239,1.237,1.2391,184247
2023-09-20 00:00:00+00:00,1.2391,1.24204,1.23233,1.23258,214000
2023-09-21 00:00:00+00:00,1.23262,1.23313,1.22443,1.22925,209104
2023-09-22 00:00:00+00:00,1.2291,1.22911,1.22308,1.224,197429
2023-09-24 00:00:00+00:00,1.22308,1.22569,1.22308,1.22403,8041
2023-09-25 00:00:00+00:00,1.22411,1.225,1.21942,1.22102,199252
2023-09-26 00:00:00+00:00,1.2213,1.2213,1.21436,1.21457,207516
2023-09-27 00:00:00+00:00,1.2145,1.21634,1.2111,1.21339,220280
2023-09-28 00:00:00+00:00,1.21364,1.22232,1.21208,1.22038,225256
2023-09-29 00:00:00+00:00,1.2205,1.2271,1.21809,1.2196,218145
2023-10-01 00:00:00+00:00,1.21948,1.22034,1.21795,1.21924,4935
2023-10-02 00:00:00+00:00,1.21888,1.22194,1.2083,1.2088,205977
2023-10-03 00:00:00+00:00,1.20871,1.21,1.20523,1.20769,215358
2023-10-04 00:00:00+00:00,1.20763,1.21748,1.2042,1.21367,207075
2023-10-05 00:00:00+00:00,1.2134,1.21955,1.21091,1.21832,203091
2023-10-06 00:00:00+00:00,1.21878,1.22596,1.21091,1.2239,226115
2023-10-08 00:00:00+00:00,1.22042,1.2221,1.21979,1.2219,9823
2023-10-09 00:00:00+00:00,1.22214,1.22513,1.21637,1.2248,202434
2023-10-10 00:00:00+00:00,1.22515,1.2294,1.22129,1.2288,212748
2023-10-11 00:00:00+00:00,1.22896,1.23353,1.22706,1.23145,200864
2023-10-12 00:00:00+00:00,1.23146,1.23306,1.217,1.2183,207026
2023-10-13 00:00:00+00:00,1.2182,1.22237,1.2121,1.2123,206717
2023-10-15 00:00:00+00:00,1.21209,1.21556,1.21209,1.21542,5308
2023-10-16 00:00:00+00:00,1.21538,1.22191,1.21433,1.22098,191054
2023-10-17 00:00:00+00:00,1.22112,1.22142,1.21344,1.21769,196866
2023-10-18 00:00:00+00:00,1.21772,1.22097,1.2137,1.21409,188434
2023-10-19 00:00:00+00:00,1.21425,1.21879,1.20916,1.21346,178418
2023-10-20 00:00:00+00:00,1.21359,1.21698,1.2094,1.215,162339
2023-10-22 00:00:00+00:00,1.21601,1.2165,1.21574,1.2161,2894
2023-10-23 00:00:00+00:00,1.2161,1.22581,1.2143,1.22488,157999
2023-10-24 00:00:00+00:00,1.22495,1.2288,1.2153,1.21603,207997
2023-10-25 00:00:00+00:00,1.21601,1.21745,1.20935,1.21004,211330
2023-10-26 00:00:00+00:00,1.20996,1.21391,1.207,1.21344,216718
2023-10-27 00:00:00+00:00,1.21343,1.21605,1.21058,1.2124,201228
2023-10-29 00:00:00+00:00,1.21169,1.21255,1.21096,1.21125,3118
2023-10-30 00:00:00+00:00,1.2112,1.2174,1.2092,1.21621,186792
2023-10-31 00:00:00+00:00,1.21609,1.21994,1.212,1.21484,208902
2023-11-01 00:00:00+00:00,1.21471,1.21802,1.20967,1.21802,216347
2023-11-02 00:00:00+00:00,1.21823,1.22238,1.21555,1.21885,204303
2023-11-03 00:00:00+00:00,1.219,1.2388,1.21841,1.2374,196644
2023-11-05 00:00:00+00:00,1.23736,1.23769,1.23628,1.23716,1696
2023-11-06 00:00:00+00:00,1.2371,1.24282,1.23378,1.23426,188451
2023-11-07 00:00:00+00:00,1.23429,1.2347,1.22636,1.22897,196069
2023-11-08 00:00:00+00:00,1.22892,1.23007,1.22429,1.22836,181067
2023-11-09 00:00:00+00:00,1.22836,1.2307,1.22102,1.2214,192276
2023-11-10 00:00:00+00:00,1.22132,1.22377,1.21881,1.2222,175047
2023-11-12 00:00:00+00:00,1.21933,1.22304,1.21933,1.22291,1360
2023-11-13 00:00:00+00:00,1.22313,1.228,1.2221,1.22794,155625
2023-11-14 00:00:00+00:00,1.22775,1.25052,1.22652,1.24929,170995
2023-11-15 00:00:00+00:00,1.24919,1.2497,1.24047,1.2422,182014
2023-11-16 00:00:00+00:00,1.24229,1.2455,1.23772,1.24138,175973
2023-11-17 00:00:00+00:00,1.2416,1.2464,1.23753,1.2456,179651
2023-11-19 00:00:00+00:00,1.2417,1.24598,1.2417,1.24528,1955
2023-11-20 00:00:00+00:00,1.24532,1.25169,1.24459,1.2507,178033
2023-11-21 00:00:00+00:00,1.25093,1.25578,1.25046,1.2543,183543
2023-11-22 00:00:00+00:00,1.2544,1.25482,1.24494,1.24878,182154
2023-11-23 00:00:00+00:00,1.24891,1.25622,1.24883,1.25316,135021
2023-11-24 00:00:00+00:00,1.25337,1.26146,1.25237,1.26,146818
2023-11-26 00:00:00+00:00,1.25942,1.26044,1.25914,1.2599,1463
2023-11-27 00:00:00+00:00,1.25991,1.2643,1.25909,1.26333,170181
2023-11-28 00:00:00+00:00,1.2634,1.27135,1.26068,1.27121,184682
2023-11-29 00:00:00+00:00,1.27099,1.27309,1.26649,1.26943,194168
2023-11-30 00:00:00+00:00,1.26941,1.2709,1.26047,1.26299,203162
2023-12-01 00:00:00+00:00,1.26298,1.27149,1.26147,1.2698,194714
2023-12-03 00:00:00+00:00,1.26705,1.27226,1.26705,1.27102,3353
2023-12-04 00:00:00+00:00,1.27113,1.27113,1.2605,1.26327,197103
2023-12-05 00:00:00+00:00,1.26337,1.26492,1.25777,1.25931,200854
2023-12-06 00:00:00+00:00,1.2596,1.26121,1.25514,1.2556,186909
2023-12-07 00:00:00+00:00,1.2556,1.26109,1.2544,1.2587,207063
2023-12-08 00:00:00+00:00,1.25876,1.25995,1.25034,1.2547,216254
2023-12-10 00:00:00+00:00,1.2519,1.25534,1.2519,1.25534,1841
2023-12-11 00:00:00+00:00,1.2556,1.25899,1.25337,1.25526,174857
2023-12-12 00:00:00+00:00,1.25526,1.26084,1.2518,1.25678,191158
2023-12-13 00:00:00+00:00,1.25681,1.26327,1.25,1.26203,198640
2023-12-14 00:00:00+00:00,1.26225,1.2793,1.26132,1.27704,251430
2023-12-15 00:00:00+00:00,1.2768,1.27899,1.26697,1.2688,217205
2023-12-17 00:00:00+00:00,1.26599,1.26885,1.26599,1.26707,1622
2023-12-18 00:00:00+00:00,1.26715,1.27035,1.26288,1.2653,195821
2023-12-19 00:00:00+00:00,1.26497,1.27598,1.2648,1.27291,192520
2023-12-20 00:00:00+00:00,1.27297,1.27297,1.26249,1.26392,195049
2023-12-21 00:00:00+00:00,1.26372,1.2692,1.26132,1.26818,206145
2023-12-22 00:00:00+00:00,1.26843,1.27439,1.2678,1.2698,199311
2023-12-24 00:00:00+00:00,1.2688,1.269,1.2674,1.269,4
2023-12-25 00:00:00+00:00,1.26903,1.2732,1.26243,1.2704,12014
2023-12-26 00:00:00+00:00,1.27019,1.273,1.26844,1.27263,158507
2023-12-27 00:00:00+00:00,1.27258,1.2802,1.26987,1.27996,173159
2023-12-28 00:00:00+00:00,1.27986,1.2826,1.27129,1.27337,175788
2023-12-29 00:00:00+00:00,1.27341,1.2771,1.27007,1.2731,179423
2023-12-31 00:00:00+00:00,1.2728,1.2728,1.2728,1.2728,1
2024-01-01 00:00:00+00:00,1.2731,1.2751,1.2672,1.2726,8023
2024-01-02 00:00:00+00:00,1.27283,1.27591,1.26116,1.26217,205683
2024-01-03 00:00:00+00:00,1.26212,1.26765,1.2618,1.2672,208728
2024-01-04 00:00:00+00:00,1.26697,1.2728,1.26557,1.268,196249
2024-01-05 00:00:00+00:00,1.26789,1.27688,1.26117,1.2717,207502
2024-01-07 00:00:00+00:00,1.2705,1.27174,1.2705,1.27168,1566
2024-01-08 00:00:00+00:00,1.2716,1.27649,1.26744,1.27404,178634
2024-01-09 00:00:00+00:00,1.27427,1.2763,1.26899,1.2711,189652
2024-01-10 00:00:00+00:00,1.27122,1.2745,1.26858,1.27435,170623
2024-01-11 00:00:00+00:00,1.27435,1.27783,1.2691,1.27783,163959
2024-01-12 00:00:00+00:00,1.27787,1.27842,1.27205,1.27506,201846
2024-01-14 00:00:00+00:00,1.27422,1.27498,1.27347,1.27351,2054
2024-01-15 00:00:00+00:00,1.2735,1.27636,1.27127,1.27149,153629
2024-01-16 00:00:00+00:00,1.27162,1.27162,1.26196,1.2635,209411
2024-01-17 00:00:00+00:00,1.26392,1.26948,1.25964,1.26756,213806
2024-01-18 00:00:00+00:00,1.26771,1.27104,1.26497,1.27104,208504
2024-01-19 00:00:00+00:00,1.271,1.2714,1.26618,1.27026,182457
2024-01-21 00:00:00+00:00,1.26784,1.27075,1.26784,1.2699,1760
2024-01-22 00:00:00+00:00,1.26995,1.27313,1.2687,1.27055,173224
2024-01-23 00:00:00+00:00,1.2706,1.27461,1.2649,1.26897,180437
2024-01-24 00:00:00+00:00,1.26922,1.27729,1.26844,1.27172,187101
2024-01-25 00:00:00+00:00,1.27174,1.27415,1.26815,1.27056,198404
2024-01-26 00:00:00+00:00,1.27057,1.27576,1.26766,1.2704,166717
2024-01-28 00:00:00+00:00,1.26992,1.26993,1.26904,1.2696,2045
2024-01-29 00:00:00+00:00,1.26969,1.27188,1.26632,1.2713,161169
2024-01-30 00:00:00+00:00,1.2712,1.2721,1.26426,1.26921,174413
2024-01-31 00:00:00+00:00,1.26961,1.27484,1.26583,1.26774,203204
2024-02-01 00:00:00+00:00,1.26763,1.27548,1.26741,1.27457,70505
2024-02-02 00:00:00+00:00,1.27448,1.27717,1.26143,1.2631,183859
2024-02-04 00:00:00+00:00,1.26319,1.26337,1.26108,1.2621,2234
2024-02-05 00:00:00+00:00,1.26155,1.26283,1.25191,1.25321,173600
2024-02-06 00:00:00+00:00,1.2534,1.26042,1.2534,1.26015,179828
2024-02-07 00:00:00+00:00,1.26002,1.26414,1.25949,1.2626,174775
2024-02-08 00:00:00+00:00,1.26246,1.26374,1.25738,1.26194,180171
2024-02-09 00:00:00+00:00,1.26197,1.26417,1.25995,1.2628,160239
2024-02-11 00:00:00+00:00,1.26225,1.26364,1.26225,1.26363,2053
2024-02-12 00:00:00+00:00,1.26363,1.26533,1.26074,1.26262,150220
2024-02-13 00:00:00+00:00,1.26255,1.26826,1.25739,1.25879,176585
2024-02-14 00:00:00+00:00,1.2587,1.26098,1.2535,1.2568,186425
2024-02-15 00:00:00+00:00,1.25632,1.2605,1.25419,1.25978,173444
2024-02-16 00:00:00+00:00,1.25983,1.2624,1.2553,1.2601,173790
2024-02-18 00:00:00+00:00,1.2602,1.26102,1.25976,1.26102,1998
2024-02-19 00:00:00+00:00,1.26111,1.26292,1.25833,1.25869,130513
2024-02-20 00:00:00+00:00,1.25874,1.26667,1.25774,1.26245,161811
2024-02-21 00:00:00+00:00,1.26221,1.2641,1.2603,1.26374,180719
2024-02-22 00:00:00+00:00,1.26367,1.27084,1.2612,1.26603,176869
2024-02-23 00:00:00+00:00,1.26599,1.27002,1.26482,1.2672,167390
2024-02-25 00:00:00+00:00,1.267,1.26765,1.26669,1.26698,1823
2024-02-26 00:00:00+00:00,1.26714,1.2699,1.26555,1.26833,152760
2024-02-27 00:00:00+00:00,1.26822,1.26965,1.26603,1.26789,174996
2024-02-28 00:00:00+00:00,1.26796,1.26828,1.26234,1.26596,161530
2024-02-29 00:00:00+00:00,1.26597,1.26811,1.2613,1.26257,188378
2024-03-01 00:00:00+00:00,1.26252,1.26632,1.26004,1.2653,170572
2024-03-03 00:00:00+00:00,1.26555,1.26615,1.26492,1.26599,2244
2024-03-04 00:00:00+00:00,1.26599,1.27057,1.2655,1.26893,145318
2024-03-05 00:00:00+00:00,1.26892,1.27333,1.2671,1.27038,162225
2024-03-06 00:00:00+00:00,1.2702,1.276,1.2689,1.27354,173458
2024-03-07 00:00:00+00:00,1.27348,1.28125,1.2723,1.28124,180806
2024-03-08 00:00:00+00:00,1.2812,1.28894,1.2801,1.2858,178662
2024-03-10 00:00:00+00:00,1.28555,1.28555,1.2848,1.28551,3136
2024-03-11 00:00:00+00:00,1.2854,1.28612,1.27944,1.28179,164198
2024-03-12 00:00:00+00:00,1.28191,1.2823,1.27481,1.27947,170926
2024-03-13 00:00:00+00:00,1.27959,1.28096,1.27753,1.28009,156936
2024-03-14 00:00:00+00:00,1.28017,1.28223,1.2731,1.27449,170508
2024-03-15 00:00:00+00:00,1.27419,1.27584,1.27245,1.273,148668
2024-03-17 00:00:00+00:00,1.27352,1.2737,1.27289,1.27303,2744
2024-03-18 00:00:00+00:00,1.27309,1.27462,1.2718,1.27259,130760
2024-03-19 00:00:00+00:00,1.27259,1.2732,1.2667,1.27172,157953
2024-03-20 00:00:00+00:00,1.27173,1.2798,1.26842,1.27971,163998
2024-03-21 00:00:00+00:00,1.27955,1.28027,1.26485,1.266,177979
2024-03-22 00:00:00+00:00,1.2662,1.26741,1.25758,1.26,152315
2024-03-24 00:00:00+00:00,1.25945,1.25991,1.25928,1.25971,2310
2024-03-25 00:00:00+00:00,1.2597,1.26515,1.2591,1.26359,129612
2024-03-26 00:00:00+00:00,1.2635,1.26671,1.26219,1.26273,137718
2024-03-27 00:00:00+00:00,1.26263,1.26404,1.26057,1.26164,137157
2024-03-28 00:00:00+00:00,1.26173,1.26494,1.2586,1.26206,141995
2024-03-29 00:00:00+00:00,1.26208,1.26445,1.26097,1.2625,44607
2024-03-31 00:00:00+00:00,1.26316,1.26417,1.26244,1.26371,3451
2024-04-01 00:00:00+00:00,1.26354,1.26416,1.254,1.25459,114386
2024-04-02 00:00:00+00:00,1.25441,1.25801,1.2539,1.25754,131474
2024-04-03 00:00:00+00:00,1.25749,1.26552,1.2562,1.2651,144702
2024-04-04 00:00:00+00:00,1.2653,1.26815,1.26331,1.26388,141981
2024-04-05 00:00:00+00:00,1.2637,1.26477,1.25746,1.2637,145255
2024-04-07 00:00:00+00:00,1.26311,1.26311,1.26205,1.26235,3000
2024-04-08 00:00:00+00:00,1.26221,1.26635,1.2613,1.26572,147841
2024-04-09 00:00:00+00:00,1.26564,1.2708,1.26492,1.26767,136342
2024-04-10 00:00:00+00:00,1.26761,1.27043,1.25198,1.25362,149512
2024-04-11 00:00:00+00:00,1.25332,1.25766,1.25111,1.2552,165783
2024-04-12 00:00:00+00:00,1.25509,1.2558,1.24285,1.2456,166683
2024-04-14 00:00:00+00:00,1.24461,1.24627,1.24461,1.24592,4277
2024-04-15 00:00:00+00:00,1.24602,1.24977,1.24356,1.24456,178341
2024-04-16 00:00:00+00:00,1.24426,1.24712,1.24067,1.24299,189544
2024-04-17 00:00:00+00:00,1.24299,1.24807,1.2417,1.24524,177054
2024-04-18 00:00:00+00:00,1.24511,1.24839,1.2431,1.24343,156981
2024-04-19 00:00:00+00:00,1.24345,1.24677,1.2366,1.2368,190145
2024-04-21 00:00:00+00:00,1.23703,1.2378,1.23673,1.23747,2601
2024-04-22 00:00:00+00:00,1.23756,1.2392,1.22993,1.2349,142483
2024-04-23 00:00:00+00:00,1.2351,1.24576,1.2332,1.24541,154849
2024-04-24 00:00:00+00:00,1.24527,1.24694,1.2423,1.24589,121455
2024-04-25 00:00:00+00:00,1.24607,1.25225,1.2454,1.25069,167482
2024-04-26 00:00:00+00:00,1.25048,1.25404,1.245,1.2487,156152
2024-04-28 00:00:00+00:00,1.24827,1.25093,1.24811,1.25093,2177
2024-04-29 00:00:00+00:00,1.2509,1.25684,1.25076,1.25588,166905
2024-04-30 00:00:00+00:00,1.25581,1.25603,1.2486,1.24884,166202
2024-05-01 00:00:00+00:00,1.24893,1.25488,1.2466,1.25336,142821
2024-05-02 00:00:00+00:00,1.25354,1.25442,1.2472,1.2539,163989
2024-05-03 00:00:00+00:00,1.25371,1.26284,1.25289,1.25461,159509
2024-05-05 00:00:00+00:00,1.2547,1.25529,1.25401,1.25402,2365
2024-05-06 00:00:00+00:00,1.25386,1.25937,1.25386,1.25616,135829
2024-05-07 00:00:00+00:00,1.25605,1.25695,1.24942,1.25,140237
2024-05-08 00:00:00+00:00,1.2498,1.25043,1.2468,1.24927,140317
2024-05-09 00:00:00+00:00,1.24924,1.2529,1.24482,1.25245,147303
2024-05-10 00:00:00+00:00,1.25255,1.25407,1.2502,1.2524,139930
2024-05-12 00:00:00+00:00,1.25156,1.25268,1.25156,1.25217,2308
2024-05-13 00:00:00+00:00,1.25208,1.25681,1.2516,1.25597,140379
2024-05-14 00:00:00+00:00,1.25582,1.25922,1.25112,1.2584,146294
2024-05-15 00:00:00+00:00,1.25839,1.2693,1.2583,1.26883,151428
2024-05-16 00:00:00+00:00,1.26856,1.26998,1.2644,1.267,141756
2024-05-17 00:00:00+00:00,1.26705,1.27109,1.2645,1.27,124503
2024-05-19 00:00:00+00:00,1.26967,1.2708,1.26902,1.27055,1836
2024-05-20 00:00:00+00:00,1.27034,1.27243,1.26905,1.27094,129177
2024-05-21 00:00:00+00:00,1.2707,1.2726,1.2691,1.27095,131775
2024-05-22 00:00:00+00:00,1.27102,1.27599,1.27001,1.27198,153634
2024-05-23 00:00:00+00:00,1.2718,1.27458,1.26853,1.26928,156117
2024-05-24 00:00:00+00:00,1.26928,1.27505,1.26809,1.2737,128211
2024-05-26 00:00:00+00:00,1.27366,1.27425,1.2732,1.27336,2296
2024-05-27 00:00:00+00:00,1.2735,1.2777,1.2734,1.2771,90449
2024-05-28 00:00:00+00:00,1.27709,1.27994,1.27539,1.2757,138618
2024-05-29 00:00:00+00:00,1.2756,1.27709,1.2694,1.26972,150734
2024-05-30 00:00:00+00:00,1.26961,1.27465,1.268,1.2728,146249
2024-05-31 00:00:00+00:00,1.27289,1.27653,1.27005,1.274,145031
2024-06-02 00:00:00+00:00,1.27355,1.2745,1.27348,1.27439,2917
2024-06-03 00:00:00+00:00,1.2743,1.2812,1.26954,1.28096,154207
2024-06-04 00:00:00+00:00,1.28121,1.2816,1.27435,1.27719,158079
2024-06-05 00:00:00+00:00,1.27698,1.27942,1.27564,1.27933,141642
2024-06-06 00:00:00+00:00,1.27941,1.28083,1.27646,1.27917,133041
2024-06-07 00:00:00+00:00,1.27901,1.28088,1.2716,1.2721,149022
2024-06-09 00:00:00+00:00,1.27291,1.27291,1.27178,1.27278,3067
2024-06-10 00:00:00+00:00,1.27277,1.27366,1.26885,1.27255,139690
2024-06-11 00:00:00+00:00,1.27275,1.2751,1.27067,1.27395,140816
2024-06-12 00:00:00+00:00,1.27376,1.28596,1.2732,1.27959,165526
2024-06-13 00:00:00+00:00,1.27958,1.28048,1.27387,1.27536,157392
2024-06-14 00:00:00+00:00,1.27528,1.27628,1.26568,1.2686,159370
2024-06-16 00:00:00+00:00,1.26817,1.26871,1.2658,1.2682,2910
2024-06-17 00:00:00+00:00,1.2684,1.2714,1.2659,1.27135,139990
2024-06-18 00:00:00+00:00,1.27137,1.27201,1.26682,1.27066,147739
2024-06-19 00:00:00+00:00,1.27075,1.27388,1.26977,1.27198,107203
2024-06-20 00:00:00+00:00,1.27195,1.27195,1.2654,1.26595,108534
2024-06-21 00:00:00+00:00,1.26597,1.2669,1.2625,1.2644,98355
2024-06-23 00:00:00+00:00,1.26389,1.26444,1.2635,1.26378,2791
2024-06-24 00:00:00+00:00,1.2635,1.26979,1.2632,1.26817,134790
2024-06-25 00:00:00+00:00,1.2684,1.2702,1.26704,1.2683,127019
2024-06-26 00:00:00+00:00,1.2683,1.26912,1.2614,1.26205,142117
2024-06-27 00:00:00+00:00,1.26205,1.26701,1.26128,1.2644,139891
2024-06-28 00:00:00+00:00,1.26444,1.26613,1.26201,1.26445,146538
2024-06-30 00:00:00+00:00,1.26498,1.26572,1.2643,1.26483,3066
2024-07-01 00:00:00+00:00,1.26479,1.26934,1.2633,1.26444,123859
2024-07-02 00:00:00+00:00,1.26449,1.2691,1.2614,1.26872,132312
2024-07-03 00:00:00+00:00,1.2689,1.27758,1.2677,1.27466,106947
2024-07-04 00:00:00+00:00,1.2748,1.27664,1.2739,1.27546,96253
2024-07-05 00:00:00+00:00,1.27551,1.28168,1.27551,1.2813,129390
2024-07-07 00:00:00+00:00,1.27952,1.28153,1.27919,1.2806,2949
2024-07-08 00:00:00+00:00,1.28065,1.28453,1.27914,1.28147,123177
2024-07-09 00:00:00+00:00,1.28142,1.28238,1.2777,1.2786,123550
2024-07-10 00:00:00+00:00,1.27895,1.28538,1.2784,1.28538,119448
2024-07-11 00:00:00+00:00,1.28538,1.29472,1.2849,1.2923,148403
2024-07-12 00:00:00+00:00,1.29192,1.29903,1.2901,1.2989,138698
2024-07-14 00:00:00+00:00,1.29682,1.29806,1.29627,1.29669,3362
2024-07-15 00:00:00+00:00,1.2968,1.29943,1.2959,1.29689,141566
2024-07-16 00:00:00+00:00,1.29694,1.29785,1.29389,1.29727,143852
2024-07-17 00:00:00+00:00,1.29761,1.3044,1.2965,1.30078,143187
2024-07-18 00:00:00+00:00,1.3009,1.30122,1.294,1.29482,153192
2024-07-19 00:00:00+00:00,1.29471,1.29477,1.29,1.29121,127191
2024-07-21 00:00:00+00:00,1.29126,1.2938,1.29099,1.29321,3775
2024-07-22 00:00:00+00:00,1.2931,1.29404,1.29063,1.29308,138227
2024-07-23 00:00:00+00:00,1.29318,1.29341,1.28879,1.29008,135152
2024-07-24 00:00:00+00:00,1.28998,1.29363,1.2878,1.28976,150813
2024-07-25 00:00:00+00:00,1.28968,1.29128,1.2848,1.28545,170658
2024-07-26 00:00:00+00:00,1.28555,1.2878,1.28503,1.2866,133290
2024-07-28 00:00:00+00:00,1.28558,1.28708,1.28558,1.2866,3296
2024-07-29 00:00:00+00:00,1.28653,1.28878,1.28069,1.2859,141601
2024-07-30 00:00:00+00:00,1.28563,1.28638,1.28207,1.2835,140083
2024-07-31 00:00:00+00:00,1.2836,1.28634,1.28207,1.28527,177815
2024-08-01 00:00:00+00:00,1.28537,1.28599,1.27271,1.27277,180007
2024-08-02 00:00:00+00:00,1.27249,1.28394,1.27078,1.2803,184632
2024-08-04 00:00:00+00:00,1.27978,1.28064,1.27824,1.27873,5386
2024-08-05 00:00:00+00:00,1.27868,1.2815,1.27113,1.2786,261517
2024-08-06 00:00:00+00:00,1.2785,1.28026,1.26731,1.2683,226441
2024-08-07 00:00:00+00:00,1.26814,1.27348,1.2677,1.26816,196200
2024-08-08 00:00:00+00:00,1.26801,1.2754,1.26658,1.27455,188266
2024-08-09 00:00:00+00:00,1.27431,1.27726,1.27263,1.2762,142090
2024-08-11 00:00:00+00:00,1.27595,1.27595,1.27477,1.27477,2179
2024-08-12 00:00:00+00:00,1.27471,1.27934,1.2747,1.277,151219
2024-08-13 00:00:00+00:00,1.27678,1.2872,1.2763,1.28648,161140
2024-08-14 00:00:00+00:00,1.28656,1.28679,1.2821,1.2825,162354
2024-08-15 00:00:00+00:00,1.28239,1.28707,1.27991,1.28582,150461
2024-08-16 00:00:00+00:00,1.28586,1.2946,1.2858,1.2943,131197
2024-08-18 00:00:00+00:00,1.29376,1.29495,1.29366,1.29457,2451
2024-08-19 00:00:00+00:00,1.29463,1.29959,1.29416,1.29889,148221
2024-08-20 00:00:00+00:00,1.29904,1.30386,1.2972,1.30332,146350
2024-08-21 00:00:00+00:00,1.30331,1.31163,1.3011,1.30918,164025
2024-08-22 00:00:00+00:00,1.30919,1.31277,1.30773,1.3096,158226
2024-08-23 00:00:00+00:00,1.30944,1.32286,1.30915,1.3215,160658
2024-08-25 00:00:00+00:00,1.3209,1.32158,1.32039,1.32135,3050
2024-08-26 00:00:00+00:00,1.3212,1.3221,1.31799,1.31912,151211
2024-08-27 00:00:00+00:00,1.31888,1.32653,1.31798,1.32549,155708
2024-08-28 00:00:00+00:00,1.32538,1.32595,1.31683,1.31925,160736
2024-08-29 00:00:00+00:00,1.31936,1.32258,1.3145,1.31646,167953
2024-08-30 00:00:00+00:00,1.3164,1.31987,1.31105,1.3125,156852
2024-09-01 00:00:00+00:00,1.31254,1.3134,1.31205,1.3128,2156
2024-09-02 00:00:00+00:00,1.31278,1.31544,1.3119,1.31398,106607
2024-09-03 00:00:00+00:00,1.31408,1.31467,1.30872,1.31123,176358
2024-09-04 00:00:00+00:00,1.31121,1.31725,1.31008,1.31432,169149
2024-09-05 00:00:00+00:00,1.31436,1.31848,1.31387,1.31756,165331
2024-09-06 00:00:00+00:00,1.31745,1.32322,1.3111,1.3131,174796
2024-09-08 00:00:00+00:00,1.31175,1.31374,1.31175,1.3131,2900
2024-09-09 00:00:00+00:00,1.31318,1.31428,1.30678,1.30704,160090
2024-09-10 00:00:00+00:00,1.30687,1.31072,1.30494,1.30793,159196
2024-09-11 00:00:00+00:00,1.30813,1.31102,1.30026,1.30375,183380
2024-09-12 00:00:00+00:00,1.3038,1.31316,1.3031,1.3131,175360
2024-09-13 00:00:00+00:00,1.313,1.31566,1.31147,1.31221,168342
2024-09-15 00:00:00+00:00,1.31169,1.31363,1.31166,1.31347,2901
2024-09-16 00:00:00+00:00,1.3136,1.3218,1.3136,1.32096,155750
2024-09-17 00:00:00+00:00,1.32098,1.32295,1.31475,1.31667,170255
2024-09-18 00:00:00+00:00,1.3167,1.32954,1.3155,1.32024,190957
2024-09-19 00:00:00+00:00,1.32019,1.33112,1.31543,1.32806,211715
2024-09-20 00:00:00+00:00,1.3282,1.33397,1.32689,1.3323,186762
2024-09-22 00:00:00+00:00,1.3315,1.33219,1.33113,1.33116,2217
2024-09-23 00:00:00+00:00,1.3314,1.33589,1.32505,1.33482,186891
2024-09-24 00:00:00+00:00,1.33493,1.34268,1.33322,1.34266,187986
2024-09-25 00:00:00+00:00,1.34264,1.34286,1.33122,1.33136,162844
2024-09-26 00:00:00+00:00,1.33132,1.34326,1.33132,1.34102,147541
2024-09-27 00:00:00+00:00,1.34092,1.34272,1.33607,1.3378,198751
2024-09-29 00:00:00+00:00,1.33625,1.33831,1.33625,1.33821,2630
2024-09-30 00:00:00+00:00,1.33831,1.34224,1.33486,1.33771,190030
2024-10-01 00:00:00+00:00,1.33769,1.3389,1.32375,1.32741,223654
2024-10-02 00:00:00+00:00,1.32773,1.3304,1.32478,1.32626,190720
2024-10-03 00:00:00+00:00,1.32645,1.32645,1.30936,1.31284,214535
2024-10-04 00:00:00+00:00,1.31299,1.31745,1.30719,1.3122,195676
2024-10-06 00:00:00+00:00,1.31031,1.31237,1.31031,1.31226,3303
2024-10-07 00:00:00+00:00,1.31213,1.31325,1.30596,1.30841,187488
2024-10-08 00:00:00+00:00,1.30854,1.3113,1.30648,1.30927,195219
2024-10-09 00:00:00+00:00,1.30929,1.31027,1.3057,1.30658,174974
2024-10-10 00:00:00+00:00,1.30686,1.3092,1.3023,1.30607,185909
2024-10-11 00:00:00+00:00,1.30608,1.30811,1.30423,1.3066,142305
2024-10-13 00:00:00+00:00,1.3069,1.3069,1.3069,1.3069,1
2024-10-14 00:00:00+00:00,1.3041,1.30718,1.3029,1.30664,151946
2024-10-15 00:00:00+00:00,1.30663,1.31011,1.30351,1.30642,170708
2024-10-16 00:00:00+00:00,1.30642,1.3076,1.29765,1.29904,167472
2024-10-17 00:00:00+00:00,1.29893,1.30193,1.29747,1.30135,179702
2024-10-18 00:00:00+00:00,1.30142,1.30691,1.30114,1.305,164671
2024-10-20 00:00:00+00:00,1.3053,1.30557,1.3047,1.30515,2147
2024-10-21 00:00:00+00:00,1.30499,1.30523,1.2977,1.29818,161653
2024-10-22 00:00:00+00:00,1.29836,1.30142,1.29454,1.29806,173910
2024-10-23 00:00:00+00:00,1.29806,1.29946,1.2908,1.29154,175715
2024-10-24 00:00:00+00:00,1.29161,1.29866,1.29116,1.2972,174932
2024-10-25 00:00:00+00:00,1.29732,1.2998,1.2956,1.2958,161438
2024-10-27 00:00:00+00:00,1.29699,1.29699,1.29557,1.2957,2888
2024-10-28 00:00:00+00:00,1.29571,1.29998,1.29397,1.29744,150956
2024-10-29 00:00:00+00:00,1.29736,1.3017,1.2956,1.30108,179227
2024-10-30 00:00:00+00:00,1.30114,1.30391,1.29382,1.2956,189077
2024-10-31 00:00:00+00:00,1.29583,1.29981,1.28462,1.28968,199662
2024-11-01 00:00:00+00:00,1.2894,1.29791,1.2791,1.2926,173700
2024-11-03 00:00:00+00:00,1.29694,1.29694,1.295,1.29521,2403
2024-11-04 00:00:00+00:00,1.29537,1.29983,1.29344,1.29537,176350
2024-11-05 00:00:00+00:00,1.29526,1.30465,1.2948,1.30416,166060
2024-11-06 00:00:00+00:00,1.30383,1.30416,1.28351,1.2882,291976
2024-11-07 00:00:00+00:00,1.28843,1.3009,1.28763,1.29827,216138
2024-11-08 00:00:00+00:00,1.2982,1.29831,1.28845,1.292,188503
2024-11-10 00:00:00+00:00,1.29021,1.29169,1.29012,1.2915,1344
2024-11-11 00:00:00+00:00,1.29139,1.29251,1.28563,1.28732,164343
2024-11-12 00:00:00+00:00,1.28717,1.28718,1.27201,1.27364,200969
2024-11-13 00:00:00+00:00,1.27379,1.27619,1.26879,1.27068,201907
2024-11-14 00:00:00+00:00,1.27093,1.27195,1.263,1.26667,205484
2024-11-15 00:00:00+00:00,1.26656,1.26963,1.25971,1.2617,204093
2024-11-17 00:00:00+00:00,1.26206,1.26206,1.26045,1.26189,1447
2024-11-18 00:00:00+00:00,1.26157,1.26862,1.26139,1.2678,173196
2024-11-19 00:00:00+00:00,1.26786,1.26938,1.26135,1.26938,201043
2024-11-20 00:00:00+00:00,1.2694,1.27132,1.26319,1.26554,187432
2024-11-21 00:00:00+00:00,1.26543,1.26596,1.25768,1.25846,194903
2024-11-22 00:00:00+00:00,1.25843,1.25932,1.24875,1.2529,212035
2024-11-25 00:00:00+00:00,1.26011,1.26011,1.25303,1.25317,81170
2024-11-26 00:00:00+00:00,1.25286,1.26153,1.25076,1.25732,224386
2024-11-27 00:00:00+00:00,1.25729,1.26937,1.2566,1.2677,203688
2024-11-28 00:00:00+00:00,1.26738,1.26953,1.26452,1.2695,148765
2024-11-29 00:00:00+00:00,1.26955,1.27478,1.26731,1.2737,194817
2024-12-01 00:00:00+00:00,1.27334,1.27334,1.26961,1.27007,2389
2024-12-02 00:00:00+00:00,1.27042,1.27218,1.26171,1.2657,202887
2024-12-03 00:00:00+00:00,1.26575,1.26992,1.26381,1.26737,195501
2024-12-04 00:00:00+00:00,1.26738,1.27203,1.26362,1.27004,201477
2024-12-05 00:00:00+00:00,1.26971,1.27693,1.26936,1.276,179630
2024-12-06 00:00:00+00:00,1.27593,1.28073,1.27223,1.274,177123
2024-12-08 00:00:00+00:00,1.27324,1.27496,1.2732,1.27476,1944
2024-12-09 00:00:00+00:00,1.27452,1.27983,1.27171,1.2747,163587
2024-12-10 00:00:00+00:00,1.27479,1.27792,1.27248,1.2779,174886
2024-12-11 00:00:00+00:00,1.27794,1.27813,1.2711,1.2763,193105
2024-12-12 00:00:00+00:00,1.27642,1.27859,1.26664,1.26748,195261
2024-12-13 00:00:00+00:00,1.26763,1.26784,1.2608,1.261,157327
2024-12-15 00:00:00+00:00,1.26085,1.26264,1.26085,1.26258,1662
2024-12-16 00:00:00+00:00,1.26288,1.26979,1.26267,1.2688,152714
2024-12-17 00:00:00+00:00,1.26925,1.27273,1.26664,1.27099,170724
2024-12-18 00:00:00+00:00,1.271,1.27215,1.25632,1.2567,191462
2024-12-19 00:00:00+00:00,1.2571,1.26646,1.2494,1.24969,215769
2024-12-20 00:00:00+00:00,1.25008,1.26113,1.2474,1.2569,189409
2024-12-22 00:00:00+00:00,1.25666,1.25731,1.25577,1.25694,1615
2024-12-23 00:00:00+00:00,1.25729,1.25872,1.25097,1.25319,159079
2024-12-24 00:00:00+00:00,1.25344,1.25738,1.2519,1.2534,120191
2024-12-25 00:00:00+00:00,1.2533,1.2702,1.14068,1.25424,6821
2024-12-26 00:00:00+00:00,1.25437,1.2549,1.25017,1.25274,124092
2024-12-27 00:00:00+00:00,1.25282,1.25915,1.25052,1.2576,160528
2024-12-29 00:00:00+00:00,1.25711,1.25865,1.25627,1.2577,989
2024-12-30 00:00:00+00:00,1.25743,1.2606,1.25074,1.25478,153763
2024-12-31 00:00:00+00:00,1.25474,1.25675,1.25064,1.25151,130546
2025-01-01 00:00:00+00:00,1.2514,1.25194,1.25049,1.25194,3959
2025-01-02 00:00:00+00:00,1.2518,1.25403,1.23566,1.23795,177214
2025-01-03 00:00:00+00:00,1.23788,1.2434,1.2378,1.242,148193
2025-01-05 00:00:00+00:00,1.24131,1.24334,1.24131,1.2424,1797
2025-01-06 00:00:00+00:00,1.24226,1.25501,1.24178,1.251,177104
2025-01-07 00:00:00+00:00,1.25099,1.25742,1.24717,1.24753,179319
2025-01-08 00:00:00+00:00,1.24759,1.24937,1.2323,1.23579,184872
2025-01-09 00:00:00+00:00,1.23592,1.23645,1.22423,1.22983,163204
2025-01-10 00:00:00+00:00,1.2303,1.23217,1.21955,1.2206,186082
2025-01-12 00:00:00+00:00,1.21929,1.22095,1.21929,1.22033,1732
2025-01-13 00:00:00+00:00,1.22038,1.22482,1.21005,1.22311,192902
2025-01-14 00:00:00+00:00,1.21905,1.22159,1.21382,1.22105,122466
2025-01-15 00:00:00+00:00,1.22094,1.23059,1.21769,1.22423,176931
2025-01-16 00:00:00+00:00,1.22411,1.22593,1.21755,1.2234,186231
2025-01-17 00:00:00+00:00,1.22332,1.22432,1.21621,1.2166,167506
2025-01-19 00:00:00+00:00,1.2172,1.21748,1.21603,1.21746,1488
2025-01-20 00:00:00+00:00,1.21803,1.23423,1.2166,1.23315,172145
2025-01-21 00:00:00+00:00,1.23317,1.23566,1.22304,1.2338,210309
2025-01-22 00:00:00+00:00,1.23386,1.23739,1.23061,1.23135,177414
2025-01-23 00:00:00+00:00,1.23157,1.23749,1.22938,1.23538,182221
2025-01-24 00:00:00+00:00,1.2351,1.25012,1.23489,1.2482,188274
2025-01-26 00:00:00+00:00,1.24648,1.24677,1.24562,1.24571,1990
2025-01-27 00:00:00+00:00,1.24567,1.25207,1.24266,1.24505,203210
2025-01-28 00:00:00+00:00,1.2458,1.24639,1.24155,1.24402,184308
2025-01-29 00:00:00+00:00,1.24426,1.24617,1.23941,1.2455,195372
2025-01-30 00:00:00+00:00,1.24541,1.24735,1.2409,1.24217,172113
2025-01-31 00:00:00+00:00,1.24244,1.24702,1.23869,1.2393,190818
2025-02-02 00:00:00+00:00,1.22739,1.23177,1.22739,1.22895,4447
2025-02-03 00:00:00+00:00,1.22923,1.24528,1.22497,1.2433,238274
2025-02-04 00:00:00+00:00,1.24364,1.24911,1.23809,1.24751,196194
2025-02-05 00:00:00+00:00,1.2478,1.25489,1.2463,1.2501,178965
2025-02-06 00:00:00+00:00,1.25023,1.25091,1.23664,1.24339,174459
2025-02-07 00:00:00+00:00,1.24363,1.24668,1.23832,1.2409,174970
2025-02-09 00:00:00+00:00,1.23786,1.2394,1.23657,1.2389,1812
2025-02-10 00:00:00+00:00,1.23912,1.24205,1.23541,1.23594,152175
2025-02-11 00:00:00+00:00,1.2361,1.2451,1.23326,1.24496,152325
2025-02-12 00:00:00+00:00,1.2449,1.2483,1.2377,1.24497,177698
2025-02-13 00:00:00+00:00,1.24503,1.25688,1.24429,1.2564,192645
2025-02-14 00:00:00+00:00,1.25643,1.26292,1.25493,1.2585,159759
2025-02-16 00:00:00+00:00,1.25795,1.25876,1.25774,1.25834,2094
2025-02-17 00:00:00+00:00,1.25839,1.26343,1.258,1.26202,121686
2025-02-18 00:00:00+00:00,1.26208,1.2638,1.25836,1.26238,143035
2025-02-19 00:00:00+00:00,1.26215,1.26296,1.2564,1.2583,151657
2025-02-20 00:00:00+00:00,1.25841,1.2673,1.25809,1.2668,155341
2025-02-21 00:00:00+00:00,1.26683,1.26776,1.26251,1.263,160193
2025-02-23 00:00:00+00:00,1.26404,1.26568,1.26291,1.26484,1728
2025-02-24 00:00:00+00:00,1.26445,1.26896,1.26129,1.26167,167123
2025-02-25 00:00:00+00:00,1.26175,1.26773,1.26071,1.26714,165346
2025-02-26 00:00:00+00:00,1.26709,1.27092,1.2635,1.26801,171002
2025-02-27 00:00:00+00:00,1.26778,1.26882,1.25959,1.25959,178711
2025-02-28 00:00:00+00:00,1.25969,1.26201,1.25597,1.2578,180290
2025-03-02 00:00:00+00:00,1.25836,1.26071,1.25758,1.26019,2536
2025-03-03 00:00:00+00:00,1.26005,1.27169,1.25833,1.27012,193493
2025-03-04 00:00:00+00:00,1.27029,1.27991,1.26789,1.27951,217953
2025-03-05 00:00:00+00:00,1.27921,1.28997,1.27685,1.28895,223122
2025-03-06 00:00:00+00:00,1.28894,1.29218,1.28669,1.28827,212678
2025-03-07 00:00:00+00:00,1.2882,1.29444,1.2876,1.292,195008
2025-03-09 00:00:00+00:00,1.2897,1.29359,1.2897,1.29315,5026
2025-03-10 00:00:00+00:00,1.29306,1.29457,1.28613,1.2873,192939
2025-03-11 00:00:00+00:00,1.28748,1.29639,1.28734,1.29434,200207
2025-03-12 00:00:00+00:00,1.29451,1.29824,1.2913,1.29637,169188
2025-03-13 00:00:00+00:00,1.29641,1.29723,1.29216,1.29562,169128
2025-03-14 00:00:00+00:00,1.29559,1.2958,1.2913,1.2932,162300
2025-03-16 00:00:00+00:00,1.29156,1.2935,1.29156,1.29263,3582
2025-03-17 00:00:00+00:00,1.29292,1.29983,1.2927,1.29833,135917
2025-03-18 00:00:00+00:00,1.29839,1.30084,1.29533,1.3,138726
2025-03-19 00:00:00+00:00,1.29991,1.3013,1.29556,1.30095,146658
2025-03-20 00:00:00+00:00,1.30093,1.30138,1.2935,1.29644,143231
2025-03-21 00:00:00+00:00,1.29666,1.29695,1.28881,1.2915,133677
2025-03-23 00:00:00+00:00,1.28942,1.29249,1.28887,1.29249,3058
2025-03-24 00:00:00+00:00,1.29228,1.29738,1.28968,1.29222,145785
2025-03-25 00:00:00+00:00,1.29203,1.29658,1.2903,1.29447,134098
2025-03-26 00:00:00+00:00,1.2944,1.2946,1.28686,1.28769,148002
2025-03-27 00:00:00+00:00,1.28777,1.29916,1.28771,1.29509,149921
2025-03-28 00:00:00+00:00,1.2949,1.29668,1.29231,1.294,134123
2025-03-30 00:00:00+00:00,1.2928,1.29391,1.29219,1.29371,4593
2025-03-31 00:00:00+00:00,1.29391,1.29718,1.28896,1.2919,161651
2025-04-01 00:00:00+00:00,1.29202,1.29401,1.28799,1.2921,154222
2025-04-02 00:00:00+00:00,1.29192,1.30492,1.29021,1.30448,157321
2025-04-03 00:00:00+00:00,1.30435,1.32012,1.30274,1.30887,150893
2025-04-04 00:00:00+00:00,1.30892,1.31113,1.2853,1.289,134961
2025-04-06 00:00:00+00:00,1.28402,1.29279,1.28278,1.29079,9587
2025-04-07 00:00:00+00:00,1.2909,1.2932,1.27081,1.2733,286506
2025-04-08 00:00:00+00:00,1.27373,1.28067,1.27256,1.27858,246181
2025-04-09 00:00:00+00:00,1.27857,1.28595,1.2743,1.28244,288944
2025-04-10 00:00:00+00:00,1.28246,1.29949,1.28226,1.29902,260163
2025-04-11 00:00:00+00:00,1.29928,1.31414,1.29859,1.308,276857
2025-04-13 00:00:00+00:00,1.30768,1.30886,1.30611,1.30836,6941
2025-04-14 00:00:00+00:00,1.30894,1.32007,1.30847,1.3172,211091
2025-04-15 00:00:00+00:00,1.3172,1.32508,1.31643,1.32299,182968
2025-04-16 00:00:00+00:00,1.32309,1.3291,1.32143,1.32324,190049
2025-04-17 00:00:00+00:00,1.32327,1.32718,1.32041,1.32648,160208
2025-04-20 00:00:00+00:00,1.32708,1.33184,1.32708,1.33138,5281
2025-04-21 00:00:00+00:00,1.3318,1.342,1.3318,1.33793,153201
2025-04-22 00:00:00+00:00,1.33784,1.34208,1.32343,1.32717,187518
2025-04-23 00:00:00+00:00,1.328,1.33381,1.32455,1.32646,198964
2025-04-24 00:00:00+00:00,1.32641,1.33482,1.32601,1.33267,156000
2025-04-25 00:00:00+00:00,1.33249,1.33321,1.32739,1.3309,145637
2025-04-27 00:00:00+00:00,1.3308,1.331,1.32892,1.32896,3909
2025-04-28 00:00:00+00:00,1.32932,1.34432,1.32801,1.34343,150990
2025-04-29 00:00:00+00:00,1.34345,1.34416,1.33805,1.34115,148003
2025-04-30 00:00:00+00:00,1.34107,1.34137,1.33097,1.33204,156688
2025-05-01 00:00:00+00:00,1.33206,1.33453,1.32615,1.32851,144090
2025-05-02 00:00:00+00:00,1.32893,1.33293,1.32627,1.3271,161339
2025-05-04 00:00:00+00:00,1.3261,1.32754,1.32576,1.32691,3243
2025-05-05 00:00:00+00:00,1.3268,1.33357,1.3261,1.32899,141497
2025-05-06 00:00:00+00:00,1.32911,1.34004,1.32611,1.33514,158207
2025-05-07 00:00:00+00:00,1.33552,1.33756,1.328,1.3291,162874
2025-05-08 00:00:00+00:00,1.32917,1.33554,1.3232,1.32384,175306
2025-05-09 00:00:00+00:00,1.32399,1.33205,1.32119,1.3304,133682
2025-05-11 00:00:00+00:00,1.32585,1.32934,1.32568,1.32842,3771
2025-05-12 00:00:00+00:00,1.32875,1.32989,1.31414,1.31775,180074
2025-05-13 00:00:00+00:00,1.31789,1.33139,1.31738,1.3302,151444
2025-05-14 00:00:00+00:00,1.3303,1.33602,1.3252,1.32629,166522
2025-05-15 00:00:00+00:00,1.32633,1.33184,1.32593,1.33027,154309
2025-05-16 00:00:00+00:00,1.33034,1.33311,1.32512,1.32748,140139
2025-05-18 00:00:00+00:00,1.32992,1.33044,1.32943,1.33044,1626
2025-05-19 00:00:00+00:00,1.33054,1.34033,1.32912,1.33581,156315
2025-05-20 00:00:00+00:00,1.33572,1.33975,1.33353,1.33965,150825
2025-05-21 00:00:00+00:00,1.33967,1.34648,1.33905,1.34198,174276
2025-05-22 00:00:00+00:00,1.34205,1.34392,1.33912,1.34188,162264
2025-05-23 00:00:00+00:00,1.34194,1.35388,1.3418,1.3537,155127
2025-05-25 00:00:00+00:00,1.35275,1.35414,1.35195,1.35373,4728
2025-05-26 00:00:00+00:00,1.35403,1.35917,1.3536,1.35647,106835
2025-05-27 00:00:00+00:00,1.35665,1.35861,1.35002,1.35131,149373
2025-05-28 00:00:00+00:00,1.35138,1.35212,1.34147,1.34278,153567
2025-05-29 00:00:00+00:00,1.34234,1.35072,1.34189,1.34982,165192
2025-05-30 00:00:00+00:00,1.34996,1.3511,1.3449,1.3464,155286
2025-06-01 00:00:00+00:00,1.34617,1.34726,1.34512,1.34677,3381
2025-06-02 00:00:00+00:00,1.34698,1.35588,1.34698,1.35565,152810
2025-06-03 00:00:00+00:00,1.35567,1.35567,1.3493,1.35299,142961
2025-06-04 00:00:00+00:00,1.35315,1.35801,1.35013,1.35502,145731
2025-06-05 00:00:00+00:00,1.3551,1.3614,1.35408,1.35782,158083
2025-06-06 00:00:00+00:00,1.35795,1.3585,1.35067,1.35193,148048
2025-06-08 00:00:00+00:00,1.35205,1.3539,1.35192,1.35363,2326
2025-06-09 00:00:00+00:00,1.35365,1.35811,1.35244,1.35541,130441
2025-06-10 00:00:00+00:00,1.3553,1.35634,1.34576,1.35064,157742
2025-06-11 00:00:00+00:00,1.3505,1.35709,1.34636,1.3568,161679
2025-06-12 00:00:00+00:00,1.35693,1.36281,1.35258,1.36281,173668
2025-06-13 00:00:00+00:00,1.3628,1.36307,1.3518,1.3564,183566
2025-06-15 00:00:00+00:00,1.3561,1.3561,1.3561,1.3561,1
2025-06-16 00:00:00+00:00,1.35463,1.36197,1.35344,1.35677,163964
2025-06-17 00:00:00+00:00,1.35644,1.35789,1.34152,1.34286,167713
2025-06-18 00:00:00+00:00,1.34312,1.34755,1.34011,1.3412,172143
2025-06-19 00:00:00+00:00,1.34143,1.34772,1.33838,1.34756,144497
2025-06-20 00:00:00+00:00,1.34772,1.35104,1.34408,1.3465,149100
2025-06-22 00:00:00+00:00,1.33967,1.34406,1.33967,1.3434,5499
2025-06-23 00:00:00+00:00,1.34366,1.35536,1.33722,1.3545,188174
2025-06-24 00:00:00+00:00,1.3546,1.36467,1.35368,1.36145,167423
2025-06-25 00:00:00+00:00,1.36162,1.3691,1.3472,1.36898,155965
2025-06-26 00:00:00+00:00,1.36904,1.37695,1.3677,1.37244,175795
2025-06-27 00:00:00+00:00,1.37271,1.37523,1.36831,1.3714,155081
2025-06-29 00:00:00+00:00,1.36965,1.37272,1.36965,1.3718,3884
2025-06-30 00:00:00+00:00,1.3719,1.37389,1.36758,1.37301,148711
2025-07-01 00:00:00+00:00,1.37326,1.37879,1.37046,1.3745,156348
2025-07-02 00:00:00+00:00,1.37463,1.37521,1.35646,1.36487,159371
2025-07-03 00:00:00+00:00,1.36514,1.36753,1.35876,1.36669,145431
2025-07-04 00:00:00+00:00,1.3665,1.36806,1.36353,1.3649,117227
2025-07-06 00:00:00+00:00,1.36373,1.36543,1.36373,1.36503,2736
2025-07-07 00:00:00+00:00,1.36488,1.36567,1.35755,1.36233,146145
2025-07-08 00:00:00+00:00,1.36253,1.36453,1.35282,1.35844,151003
2025-07-09 00:00:00+00:00,1.35845,1.36193,1.35644,1.35972,135478
2025-07-10 00:00:00+00:00,1.35953,1.36191,1.35346,1.35795,130192
2025-07-11 00:00:00+00:00,1.358,1.358,1.34814,1.3499,147664
2025-07-13 00:00:00+00:00,1.34884,1.34948,1.34807,1.34948,4306
2025-07-14 00:00:00+00:00,1.34964,1.3503,1.34182,1.34274,138941
2025-07-15 00:00:00+00:00,1.34285,1.34621,1.33774,1.3391,147741
2025-07-16 00:00:00+00:00,1.33927,1.34814,1.33655,1.34096,160160
2025-07-17 00:00:00+00:00,1.34091,1.34337,1.33756,1.34308,137683
2025-07-18 00:00:00+00:00,1.34312,1.34727,1.34056,1.3408,117501
2025-07-20 00:00:00+00:00,1.34171,1.3421,1.3408,1.34144,3496
2025-07-21 00:00:00+00:00,1.34156,1.35101,1.34024,1.3489,123283
2025-07-22 00:00:00+00:00,1.3487,1.35335,1.34623,1.352,125692
2025-07-23 00:00:00+00:00,1.352,1.35867,1.35163,1.35784,138980
2025-07-24 00:00:00+00:00,1.35767,1.35873,1.35016,1.35081,141351
2025-07-25 00:00:00+00:00,1.35099,1.35108,1.34154,1.34329,117042
2025-07-27 00:00:00+00:00,1.34288,1.34452,1.34245,1.34372,3650
2025-07-28 00:00:00+00:00,1.34388,1.34512,1.33503,1.33589,124569
2025-07-29 00:00:00+00:00,1.3359,1.33631,1.33082,1.33528,128365
2025-07-30 00:00:00+00:00,1.33543,1.33842,1.3226,1.32554,141955
2025-07-31 00:00:00+00:00,1.32556,1.32805,1.3187,1.32074,140080
2025-08-01 00:00:00+00:00,1.32037,1.33063,1.3143,1.3277,150264
2025-08-03 00:00:00+00:00,1.32705,1.3291,1.32705,1.32907,4128
2025-08-04 00:00:00+00:00,1.329,1.333,1.32548,1.32972,134751
2025-08-05 00:00:00+00:00,1.32982,1.33153,1.32629,1.32978,129362
2025-08-06 00:00:00+00:00,1.32981,1.33676,1.3282,1.33571,138953
2025-08-07 00:00:00+00:00,1.33549,1.34517,1.3346,1.3451,174306
2025-08-08 00:00:00+00:00,1.34519,1.34577,1.342,1.3449,155976
2025-08-10 00:00:00+00:00,1.34385,1.3447,1.34368,1.3441,2157
2025-08-11 00:00:00+00:00,1.34415,1.34762,1.33995,1.34329,144395
2025-08-12 00:00:00+00:00,1.34336,1.35227,1.34204,1.3504,173236
2025-08-13 00:00:00+00:00,1.3505,1.35843,1.34926,1.3583,148067
2025-08-14 00:00:00+00:00,1.35852,1.35933,1.3521,1.35294,169633
2025-08-15 00:00:00+00:00,1.35279,1.35722,1.35268,1.35489,144646
2025-08-17 00:00:00+00:00,1.35455,1.3562,1.35455,1.35556,4592
2025-08-18 00:00:00+00:00,1.35566,1.35643,1.35,1.35072,206753
2025-08-19 00:00:00+00:00,1.3506,1.35307,1.34775,1.34845,216406
2025-08-20 00:00:00+00:00,1.34853,1.35088,1.34467,1.34657,227696
2025-08-21 00:00:00+00:00,1.34644,1.34816,1.34019,1.34175,223292
2025-08-22 00:00:00+00:00,1.34169,1.35432,1.339,1.352,231636
2025-08-24 00:00:00+00:00,1.35105,1.35242,1.3508,1.3508,4552
2025-08-25 00:00:00+00:00,1.35072,1.3526,1.34448,1.34539,214664
2025-08-26 00:00:00+00:00,1.34511,1.34918,1.34336,1.34765,252364
2025-08-27 00:00:00+00:00,1.34766,1.35049,1.3419,1.35035,227336
2025-08-28 00:00:00+00:00,1.35039,1.35306,1.34838,1.35075,231357
2025-08-29 00:00:00+00:00,1.35072,1.35156,1.34469,1.3499,222282
2025-08-31 00:00:00+00:00,1.34903,1.3506,1.34903,1.35027,3582
2025-09-01 00:00:00+00:00,1.35021,1.3551,1.35021,1.35458,179029
2025-09-02 00:00:00+00:00,1.35458,1.35469,1.33422,1.33807,265652
2025-09-03 00:00:00+00:00,1.33822,1.34574,1.3334,1.34405,247327
2025-09-04 00:00:00+00:00,1.34388,1.34576,1.34166,1.34435,228526
2025-09-05 00:00:00+00:00,1.34441,1.35523,1.34417,1.3508,235267
2025-09-07 00:00:00+00:00,1.34969,1.35014,1.34825,1.34923,7751
2025-09-08 00:00:00+00:00,1.34885,1.35569,1.34829,1.35524,235132
2025-09-09 00:00:00+00:00,1.35509,1.359,1.35167,1.35203,234059
2025-09-10 00:00:00+00:00,1.35187,1.35595,1.35151,1.35327,230896
2025-09-11 00:00:00+00:00,1.35305,1.3582,1.34971,1.35737,232442
2025-09-12 00:00:00+00:00,1.35728,1.3575,1.35258,1.3556,222475
2025-09-14 00:00:00+00:00,1.35506,1.35598,1.3547,1.35523,3747
2025-09-15 00:00:00+00:00,1.35544,1.3619,1.35491,1.36004,206352
2025-09-16 00:00:00+00:00,1.36028,1.36689,1.3597,1.36522,234614
2025-09-17 00:00:00+00:00,1.36531,1.37241,1.36199,1.36291,231125
2025-09-18 00:00:00+00:00,1.36273,1.36591,1.35361,1.3553,256675
2025-09-19 00:00:00+00:00,1.35537,1.35583,1.34643,1.3471,234443
2025-09-21 00:00:00+00:00,1.34628,1.34715,1.34603,1.34625,4094
2025-09-22 00:00:00+00:00,1.34614,1.35196,1.3453,1.35136,214146
2025-09-23 00:00:00+00:00,1.3511,1.35355,1.34879,1.35235,231449
2025-09-24 00:00:00+00:00,1.35229,1.35229,1.3426,1.34491,218165
2025-09-25 00:00:00+00:00,1.34521,1.3465,1.33242,1.33346,238655
2025-09-26 00:00:00+00:00,1.33333,1.3412,1.33287,1.33951,211266
2025-09-28 00:00:00+00:00,1.33875,1.34103,1.33875,1.34068,3598
2025-09-29 00:00:00+00:00,1.34085,1.3455,1.34085,1.3433,194423
2025-09-30 00:00:00+00:00,1.34299,1.34665,1.34139,1.34422,213238
2025-10-01 00:00:00+00:00,1.34404,1.35273,1.34346,1.34781,217078
2025-10-02 00:00:00+00:00,1.34766,1.35089,1.34018,1.34461,196392
2025-10-03 00:00:00+00:00,1.34454,1.34853,1.343,1.34783,179690
2025-10-05 00:00:00+00:00,1.3432,1.34443,1.3422,1.34317,10203
2025-10-06 00:00:00+00:00,1.34324,1.34896,1.34167,1.34837,217907
2025-10-07 00:00:00+00:00,1.3481,1.34837,1.33929,1.342,206595
2025-10-08 00:00:00+00:00,1.34204,1.34382,1.3369,1.33999,216619
2025-10-09 00:00:00+00:00,1.33995,1.34185,1.328,1.33022,228219
2025-10-10 00:00:00+00:00,1.33017,1.33642,1.32616,1.33489,234921
2025-10-12 00:00:00+00:00,1.33259,1.33516,1.33259,1.33353,10644
2025-10-13 00:00:00+00:00,1.33386,1.33658,1.33156,1.33318,207541
2025-10-14 00:00:00+00:00,1.33297,1.33516,1.32492,1.33214,259723
2025-10-15 00:00:00+00:00,1.33207,1.34068,1.33207,1.34026,231469
2025-10-16 00:00:00+00:00,1.34006,1.34519,1.33998,1.34436,242994
2025-10-17 00:00:00+00:00,1.34435,1.34712,1.33912,1.34204,245090
2025-10-19 00:00:00+00:00,1.34235,1.343,1.34209,1.34247,5635
2025-10-20 00:00:00+00:00,1.34273,1.34425,1.33994,1.3404,213400
2025-10-21 00:00:00+00:00,1.3403,1.34153,1.33603,1.33648,235896
2025-10-22 00:00:00+00:00,1.33668,1.33865,1.3306,1.33503,236501
2025-10-23 00:00:00+00:00,1.33494,1.33566,1.33086,1.33263,191008
2025-10-24 00:00:00+00:00,1.3326,1.33586,1.32886,1.33038,210397
2025-10-26 00:00:00+00:00,1.33188,1.33261,1.33163,1.33212,7791
2025-10-27 00:00:00+00:00,1.33222,1.33513,1.33098,1.33398,194842
2025-10-28 00:00:00+00:00,1.3338,1.33694,1.32493,1.3278,217387
2025-10-29 00:00:00+00:00,1.32775,1.32798,1.3147,1.3192,237726
2025-10-30 00:00:00+00:00,1.31925,1.32183,1.31164,1.31582,234656
2025-10-31 00:00:00+00:00,1.31589,1.31637,1.30984,1.31459,198209
2025-11-02 00:00:00+00:00,1.31265,1.31403,1.31265,1.31336,4818
2025-11-03 00:00:00+00:00,1.31354,1.31617,1.31104,1.3134,190173
2025-11-04 00:00:00+00:00,1.31306,1.31386,1.30102,1.30206,232190
2025-11-05 00:00:00+00:00,1.30206,1.3054,1.30109,1.305,215168
2025-11-06 00:00:00+00:00,1.3051,1.31423,1.30506,1.31395,221590
2025-11-07 00:00:00+00:00,1.31383,1.31742,1.30954,1.31554,233739
2025-11-09 00:00:00+00:00,1.31429,1.31591,1.31389,1.31407,3703
2025-11-10 00:00:00+00:00,1.31489,1.319,1.31371,1.31713,229558
2025-11-11 00:00:00+00:00,1.31722,1.3183,1.31177,1.31515,228594
2025-11-12 00:00:00+00:00,1.31515,1.3155,1.30852,1.31273,232983
2025-11-13 00:00:00+00:00,1.31269,1.32147,1.31032,1.31523,157797
2025-11-14 00:00:00+00:00,1.31537,1.31923,1.31082,1.3169,219937
2025-11-16 00:00:00+00:00,1.31556,1.31705,1.31556,1.31585,2246
2025-11-17 00:00:00+00:00,1.31564,1.31921,1.31362,1.31548,225864
2025-11-18 00:00:00+00:00,1.31525,1.31748,1.31352,1.31466,259478
2025-11-19 00:00:00+00:00,1.31436,1.31513,1.30434,1.30595,257418
2025-11-20 00:00:00+00:00,1.30571,1.31214,1.3037,1.30827,253375
2025-11-21 00:00:00+00:00,1.30784,1.31089,1.304,1.3097,261408
2025-11-23 00:00:00+00:00,1.30948,1.30976,1.30928,1.30954,2277
2025-11-24 00:00:00+00:00,1.30953,1.31174,1.30812,1.31053,228396
2025-11-25 00:00:00+00:00,1.31055,1.32135,1.3094,1.31576,238054
2025-11-26 00:00:00+00:00,1.31626,1.32461,1.31288,1.32442,234792
2025-11-27 00:00:00+00:00,1.32444,1.32672,1.3209,1.32395,171238
2025-11-28 00:00:00+00:00,1.32424,1.3251,1.3201,1.3232,276538
2025-11-30 00:00:00+00:00,1.32231,1.32474,1.32231,1.32385,3749
2025-12-01 00:00:00+00:00,1.32414,1.32737,1.32067,1.32084,259496
2025-12-02 00:00:00+00:00,1.32093,1.32208,1.31806,1.32194,211188
2025-12-03 00:00:00+00:00,1.32189,1.3353,1.3218,1.33471,222941
2025-12-04 00:00:00+00:00,1.33454,1.33837,1.33198,1.33214,218465
2025-12-05 00:00:00+00:00,1.33237,1.33611,1.33182,1.33289,203674
2025-12-07 00:00:00+00:00,1.33222,1.33295,1.33166,1.33255,3515
2025-12-08 00:00:00+00:00,1.33229,1.33456,1.33066,1.33263,190704
2025-12-09 00:00:00+00:00,1.33275,1.33548,1.32897,1.33022,211369
2025-12-10 00:00:00+00:00,1.33032,1.33911,1.3295,1.33878,225619
2025-12-11 00:00:00+00:00,1.3388,1.34365,1.3354,1.33928,232701
2025-12-12 00:00:00+00:00,1.33943,1.33992,1.33432,1.3372,208436
2025-12-14 00:00:00+00:00,1.33775,1.33775,1.33589,1.33666,2096
2025-12-15 00:00:00+00:00,1.33666,1.34007,1.33547,1.33783,208609
2025-12-16 00:00:00+00:00,1.33802,1.34519,1.33557,1.34248,252807
2025-12-17 00:00:00+00:00,1.34253,1.34253,1.3311,1.33728,243361
2025-12-18 00:00:00+00:00,1.33739,1.3445,1.33413,1.33827,236252
2025-12-19 00:00:00+00:00,1.33828,1.33937,1.33574,1.3377,222238
2025-12-21 00:00:00+00:00,1.3379,1.33827,1.33594,1.33772,7142
2025-12-22 00:00:00+00:00,1.33783,1.34766,1.33783,1.34669,215686
2025-12-23 00:00:00+00:00,1.34685,1.35224,1.34685,1.35123,215413
2025-12-24 00:00:00+00:00,1.35146,1.35335,1.34925,1.3495,162285
2025-12-25 00:00:00+00:00,1.3524,1.3527,1.34954,1.35072,5125
2025-12-26 00:00:00+00:00,1.35055,1.35261,1.34765,1.3493,198747
2025-12-28 00:00:00+00:00,1.34916,1.35003,1.34875,1.34962,4017
2025-12-29 00:00:00+00:00,1.34994,1.35136,1.34701,1.35078,235843
2025-12-30 00:00:00+00:00,1.35091,1.353,1.34503,1.34657,199500
2025-12-31 00:00:00+00:00,1.34668,1.34752,1.34027,1.34475,172781
2026-01-01 00:00:00+00:00,1.346,1.34734,1.3449,1.3473,3847
