time,open,high,low,close,volume
2018-01-01 20:00:00+00:00,1.35075,1.35211,1.35056,1.35097,13192
2018-01-02 00:00:00+00:00,1.35091,1.35138,1.35091,1.35129,1757
2018-01-02 04:00:00+00:00,1.35189,1.35367,1.35123,1.35344,30355
2018-01-02 08:00:00+00:00,1.35379,1.35647,1.35361,1.35507,72847
2018-01-02 12:00:00+00:00,1.35511,1.35812,1.35425,1.35788,77483
2018-01-02 16:00:00+00:00,1.35771,1.35994,1.35753,1.35962,53110
2018-01-02 20:00:00+00:00,1.35963,1.35999,1.35871,1.35942,20577
2018-01-03 00:00:00+00:00,1.3594,1.36025,1.35892,1.35948,25531
2018-01-03 04:00:00+00:00,1.35947,1.36121,1.35881,1.35945,31605
2018-01-03 08:00:00+00:00,1.35991,1.35999,1.35606,1.35624,65276
2018-01-03 12:00:00+00:00,1.35619,1.35686,1.34974,1.35147,71200
2018-01-03 16:00:00+00:00,1.35123,1.3526,1.35041,1.35167,48740
2018-01-03 20:00:00+00:00,1.35169,1.35231,1.35089,1.3511,22771
2018-01-04 00:00:00+00:00,1.35108,1.35208,1.35055,1.35181,24831
2018-01-04 04:00:00+00:00,1.3519,1.35295,1.35148,1.3518,30754
2018-01-04 08:00:00+00:00,1.35197,1.35554,1.35166,1.35554,55273
2018-01-04 12:00:00+00:00,1.35542,1.35589,1.35322,1.35526,76913
2018-01-04 16:00:00+00:00,1.35516,1.35549,1.3537,1.35547,47170
2018-01-04 20:00:00+00:00,1.35536,1.35561,1.35442,1.35515,23027
2018-01-05 00:00:00+00:00,1.35498,1.35682,1.35498,1.35655,23000
2018-01-05 04:00:00+00:00,1.3565,1.35769,1.35485,1.35485,32836
2018-01-05 08:00:00+00:00,1.35511,1.35529,1.35255,1.35476,52338
2018-01-05 12:00:00+00:00,1.3548,1.35817,1.35462,1.35623,97839
2018-01-05 16:00:00+00:00,1.3562,1.35728,1.35584,1.35657,43261
2018-01-05 20:00:00+00:00,1.35654,1.35692,1.35633,1.35637,23218
2018-01-07 20:00:00+00:00,1.35548,1.35782,1.35544,1.3576,4400
2018-01-08 00:00:00+00:00,1.35749,1.35852,1.35638,1.35681,24908
2018-01-08 04:00:00+00:00,1.3568,1.35681,1.35388,1.35388,30370
2018-01-08 08:00:00+00:00,1.35395,1.35532,1.35251,1.35405,48688
2018-01-08 12:00:00+00:00,1.35406,1.35806,1.35375,1.35806,62720
2018-01-08 16:00:00+00:00,1.35814,1.35832,1.35567,1.35649,41892
2018-01-08 20:00:00+00:00,1.35651,1.35707,1.356,1.35697,17913
2018-01-09 00:00:00+00:00,1.35695,1.35812,1.3558,1.35784,27024
2018-01-09 04:00:00+00:00,1.35783,1.35783,1.35453,1.35464,33144
2018-01-09 08:00:00+00:00,1.35467,1.35467,1.35146,1.35375,60945
2018-01-09 12:00:00+00:00,1.35394,1.35407,1.35085,1.35241,61883
2018-01-09 16:00:00+00:00,1.35236,1.35376,1.35119,1.35339,43964
2018-01-09 20:00:00+00:00,1.35338,1.35412,1.35301,1.35301,17909
2018-01-10 00:00:00+00:00,1.35307,1.3538,1.35268,1.35331,27539
2018-01-10 04:00:00+00:00,1.35329,1.35347,1.3508,1.35083,41905
2018-01-10 08:00:00+00:00,1.35081,1.35606,1.34825,1.35531,99572
2018-01-10 12:00:00+00:00,1.35561,1.35574,1.35095,1.35332,97737
2018-01-10 16:00:00+00:00,1.3529,1.3529,1.35048,1.35102,59208
2018-01-10 20:00:00+00:00,1.35102,1.35134,1.35045,1.35117,45162
2018-01-11 00:00:00+00:00,1.35122,1.35159,1.34986,1.35044,41062
2018-01-11 04:00:00+00:00,1.35031,1.35039,1.34748,1.34848,35025
2018-01-11 08:00:00+00:00,1.34855,1.34972,1.34615,1.3462,52606
2018-01-11 12:00:00+00:00,1.34612,1.35462,1.34586,1.35349,116569
2018-01-11 16:00:00+00:00,1.35337,1.35538,1.353,1.3539,46581
2018-01-11 20:00:00+00:00,1.3537,1.35431,1.35332,1.35411,16933
2018-01-12 00:00:00+00:00,1.35415,1.3564,1.35415,1.35487,31149
2018-01-12 04:00:00+00:00,1.35481,1.35561,1.35405,1.35455,34556
2018-01-12 08:00:00+00:00,1.3544,1.36396,1.35389,1.36396,87580
2018-01-12 12:00:00+00:00,1.36379,1.36895,1.36127,1.36889,128876
2018-01-12 16:00:00+00:00,1.36892,1.37357,1.36782,1.37357,74995
2018-01-12 20:00:00+00:00,1.37329,1.37417,1.3727,1.3727,24454
2018-01-14 20:00:00+00:00,1.37261,1.37393,1.3726,1.37312,6967
2018-01-15 00:00:00+00:00,1.37325,1.37487,1.37314,1.37401,46432
2018-01-15 04:00:00+00:00,1.37391,1.37591,1.37344,1.37551,47203
2018-01-15 08:00:00+00:00,1.3754,1.38177,1.37339,1.37718,75854
2018-01-15 12:00:00+00:00,1.37723,1.38045,1.37673,1.38015,61017
2018-01-15 16:00:00+00:00,1.38067,1.38168,1.3793,1.37938,36876
2018-01-15 20:00:00+00:00,1.37951,1.37995,1.3788,1.37939,12635
2018-01-16 00:00:00+00:00,1.37933,1.38045,1.37829,1.37829,33288
2018-01-16 04:00:00+00:00,1.37859,1.38015,1.37763,1.37874,48275
2018-01-16 08:00:00+00:00,1.37892,1.37944,1.37439,1.37472,75620
2018-01-16 12:00:00+00:00,1.37464,1.37742,1.37451,1.37742,77763
2018-01-16 16:00:00+00:00,1.37731,1.3799,1.37642,1.37935,50038
2018-01-16 20:00:00+00:00,1.37931,1.37995,1.37874,1.37972,21423
2018-01-17 00:00:00+00:00,1.37965,1.38325,1.37868,1.37892,47749
2018-01-17 04:00:00+00:00,1.37889,1.37942,1.3758,1.37593,50966
2018-01-17 08:00:00+00:00,1.3764,1.38056,1.37634,1.37855,74202
2018-01-17 12:00:00+00:00,1.37848,1.38344,1.37771,1.38344,84601
2018-01-17 16:00:00+00:00,1.38358,1.3939,1.3822,1.38798,88744
2018-01-17 20:00:00+00:00,1.38756,1.3879,1.38064,1.38248,41159
2018-01-18 00:00:00+00:00,1.38252,1.38368,1.38066,1.3808,49303
2018-01-18 04:00:00+00:00,1.3808,1.38472,1.38052,1.38308,46257
2018-01-18 08:00:00+00:00,1.38284,1.38888,1.38222,1.38835,61804
2018-01-18 12:00:00+00:00,1.38847,1.38925,1.38561,1.38816,88197
2018-01-18 16:00:00+00:00,1.3882,1.39088,1.38677,1.38933,70381
2018-01-18 20:00:00+00:00,1.38945,1.38997,1.38773,1.38927,29002
2018-01-19 00:00:00+00:00,1.38921,1.39223,1.38884,1.39205,43814
2018-01-19 04:00:00+00:00,1.39156,1.39198,1.38932,1.39194,49558
2018-01-19 08:00:00+00:00,1.39173,1.39419,1.38689,1.38885,84028
2018-01-19 12:00:00+00:00,1.38849,1.38849,1.38424,1.38451,95058
2018-01-19 16:00:00+00:00,1.38483,1.38807,1.38462,1.3872,49336
2018-01-19 20:00:00+00:00,1.38711,1.38735,1.3846,1.38486,39399
2018-01-21 20:00:00+00:00,1.38882,1.38942,1.38746,1.38908,8599
2018-01-22 00:00:00+00:00,1.38889,1.38889,1.38588,1.3872,41833
2018-01-22 04:00:00+00:00,1.38699,1.38953,1.38579,1.3887,43773
2018-01-22 08:00:00+00:00,1.38931,1.39148,1.38875,1.3901,53040
2018-01-22 12:00:00+00:00,1.3899,1.39683,1.38857,1.39683,65830
2018-01-22 16:00:00+00:00,1.39649,1.39877,1.39328,1.39823,57752
2018-01-22 20:00:00+00:00,1.39822,1.39904,1.39807,1.39837,20325
2018-01-23 00:00:00+00:00,1.39846,1.40011,1.39792,1.39818,41285
2018-01-23 04:00:00+00:00,1.39823,1.39934,1.39599,1.3964,50079
2018-01-23 08:00:00+00:00,1.396,1.3963,1.39321,1.39321,69677
2018-01-23 12:00:00+00:00,1.39352,1.40235,1.39162,1.40185,98948
2018-01-23 16:00:00+00:00,1.40184,1.40184,1.39659,1.40001,60686
2018-01-23 20:00:00+00:00,1.3998,1.40178,1.39934,1.40121,20034
2018-01-24 00:00:00+00:00,1.4013,1.4043,1.40008,1.40351,45575
2018-01-24 04:00:00+00:00,1.4036,1.40468,1.40216,1.40324,56697
2018-01-24 08:00:00+00:00,1.40326,1.41405,1.40319,1.41363,111934
2018-01-24 12:00:00+00:00,1.41349,1.42382,1.41325,1.42222,132281
2018-01-24 16:00:00+00:00,1.42213,1.42266,1.41879,1.42156,74415
2018-01-24 20:00:00+00:00,1.42137,1.42501,1.42031,1.42201,29885
2018-01-25 00:00:00+00:00,1.42234,1.43043,1.42156,1.42923,65594
2018-01-25 04:00:00+00:00,1.42909,1.43282,1.42461,1.42542,102845
2018-01-25 08:00:00+00:00,1.4241,1.42906,1.42348,1.42567,106458
2018-01-25 12:00:00+00:00,1.42581,1.43377,1.42534,1.43016,188571
2018-01-25 16:00:00+00:00,1.43065,1.43067,1.40851,1.41247,160193
2018-01-25 20:00:00+00:00,1.41208,1.41692,1.41091,1.41492,71130
2018-01-26 00:00:00+00:00,1.41523,1.41905,1.41469,1.41874,72425
2018-01-26 04:00:00+00:00,1.4189,1.42607,1.41666,1.42437,78569
2018-01-26 08:00:00+00:00,1.42462,1.42802,1.42179,1.42476,104781
2018-01-26 12:00:00+00:00,1.42479,1.42511,1.41515,1.41823,137819
2018-01-26 16:00:00+00:00,1.41821,1.42074,1.41477,1.41567,94524
2018-01-26 20:00:00+00:00,1.41558,1.41627,1.41377,1.41627,44102
2018-01-28 20:00:00+00:00,1.41363,1.41513,1.41277,1.41509,8154
2018-01-29 00:00:00+00:00,1.41484,1.41575,1.41123,1.41426,59185
2018-01-29 04:00:00+00:00,1.41427,1.41471,1.41131,1.41265,61403
2018-01-29 08:00:00+00:00,1.41305,1.41354,1.40619,1.40619,89134
2018-01-29 12:00:00+00:00,1.40646,1.4096,1.40607,1.40632,98686
2018-01-29 16:00:00+00:00,1.40645,1.40794,1.40274,1.40766,76579
2018-01-29 20:00:00+00:00,1.40743,1.40776,1.40684,1.40726,20910
2018-01-30 00:00:00+00:00,1.40747,1.40766,1.40368,1.40554,56176
2018-01-30 04:00:00+00:00,1.40574,1.40603,1.39935,1.39954,64064
2018-01-30 08:00:00+00:00,1.39911,1.41274,1.39854,1.41274,108277
2018-01-30 12:00:00+00:00,1.41289,1.41532,1.41069,1.41121,108828
2018-01-30 16:00:00+00:00,1.41213,1.41656,1.41075,1.41527,76580
2018-01-30 20:00:00+00:00,1.41509,1.41576,1.41398,1.41552,27362
2018-01-31 00:00:00+00:00,1.41489,1.41839,1.41364,1.41788,68255
2018-01-31 04:00:00+00:00,1.41791,1.42101,1.41667,1.41854,70038
2018-01-31 08:00:00+00:00,1.41753,1.41945,1.41235,1.41608,99998
2018-01-31 12:00:00+00:00,1.41634,1.42203,1.41468,1.42203,108709
2018-01-31 16:00:00+00:00,1.42266,1.42297,1.41549,1.41756,140653
2018-01-31 20:00:00+00:00,1.41785,1.42034,1.41785,1.41989,43350
2018-02-01 00:00:00+00:00,1.42,1.42118,1.41861,1.41981,39128
2018-02-01 04:00:00+00:00,1.41982,1.42001,1.4162,1.41957,64741
2018-02-01 08:00:00+00:00,1.42018,1.42724,1.42018,1.42178,102913
2018-02-01 12:00:00+00:00,1.42178,1.42497,1.41956,1.42375,111426
2018-02-01 16:00:00+00:00,1.42351,1.42687,1.42242,1.42635,77364
2018-02-01 20:00:00+00:00,1.42648,1.42777,1.42566,1.42658,41418
2018-02-02 00:00:00+00:00,1.4266,1.42761,1.42517,1.42711,55414
2018-02-02 04:00:00+00:00,1.4271,1.42713,1.42425,1.42476,48192
2018-02-02 08:00:00+00:00,1.42545,1.42586,1.42033,1.42227,76486
2018-02-02 12:00:00+00:00,1.42232,1.42272,1.41033,1.41229,138702
2018-02-02 16:00:00+00:00,1.41262,1.41702,1.41154,1.41273,100544
2018-02-02 20:00:00+00:00,1.41277,1.41288,1.41137,1.41195,31601
2018-02-04 20:00:00+00:00,1.41033,1.41118,1.40831,1.41105,16261
2018-02-05 00:00:00+00:00,1.4111,1.41265,1.40976,1.41137,54323
2018-02-05 04:00:00+00:00,1.41123,1.41275,1.40895,1.40899,54071
2018-02-05 08:00:00+00:00,1.41035,1.41499,1.40464,1.40492,87607
2018-02-05 12:00:00+00:00,1.40475,1.40566,1.39882,1.40163,106290
2018-02-05 16:00:00+00:00,1.40191,1.40344,1.39893,1.40009,86257
2018-02-05 20:00:00+00:00,1.39993,1.40203,1.39435,1.3944,126383
2018-02-06 00:00:00+00:00,1.39389,1.39755,1.39389,1.39583,89836
2018-02-06 04:00:00+00:00,1.39616,1.3982,1.39409,1.39604,92739
2018-02-06 08:00:00+00:00,1.39656,1.39978,1.39237,1.39334,110032
2018-02-06 12:00:00+00:00,1.39309,1.39309,1.38371,1.3908,156003
2018-02-06 16:00:00+00:00,1.39091,1.39778,1.39091,1.39577,108625
2018-02-06 20:00:00+00:00,1.39577,1.39647,1.39414,1.39575,44588
2018-02-07 00:00:00+00:00,1.3958,1.39683,1.39484,1.39624,44136
2018-02-07 04:00:00+00:00,1.39633,1.39914,1.39499,1.39544,51098
2018-02-07 08:00:00+00:00,1.39406,1.39513,1.38742,1.38901,84695
2018-02-07 12:00:00+00:00,1.38841,1.39374,1.38779,1.38834,102123
2018-02-07 16:00:00+00:00,1.38825,1.39018,1.38498,1.38809,102204
2018-02-07 20:00:00+00:00,1.38767,1.38836,1.38698,1.38788,39862
2018-02-08 00:00:00+00:00,1.38772,1.38982,1.38772,1.38877,41425
2018-02-08 04:00:00+00:00,1.38859,1.39169,1.38719,1.38805,69548
2018-02-08 08:00:00+00:00,1.38778,1.39067,1.3848,1.38775,96766
2018-02-08 12:00:00+00:00,1.39739,1.40641,1.39526,1.40044,208093
2018-02-08 16:00:00+00:00,1.39974,1.40031,1.38883,1.39219,168242
2018-02-08 20:00:00+00:00,1.39191,1.3937,1.38971,1.39358,45893
2018-02-09 00:00:00+00:00,1.39335,1.39457,1.39205,1.39361,53137
2018-02-09 04:00:00+00:00,1.39348,1.39868,1.39246,1.39785,57802
2018-02-09 08:00:00+00:00,1.39718,1.398,1.38236,1.38367,109160
2018-02-09 12:00:00+00:00,1.38206,1.38402,1.37869,1.38048,149293
2018-02-09 16:00:00+00:00,1.38055,1.38175,1.37653,1.38064,143789
2018-02-09 20:00:00+00:00,1.38055,1.38322,1.38045,1.3824,38101
2018-02-11 20:00:00+00:00,1.38079,1.38264,1.38063,1.38237,7199
2018-02-12 00:00:00+00:00,1.38254,1.38596,1.38154,1.38596,35312
2018-02-12 04:00:00+00:00,1.38596,1.38711,1.38324,1.38327,44983
2018-02-12 08:00:00+00:00,1.38297,1.38751,1.38256,1.38535,78834
2018-02-12 12:00:00+00:00,1.38495,1.38579,1.3799,1.38089,96320
2018-02-12 16:00:00+00:00,1.38042,1.38322,1.38021,1.3826,59084
2018-02-12 20:00:00+00:00,1.38243,1.3853,1.38243,1.38492,42118
2018-02-13 00:00:00+00:00,1.38472,1.38474,1.38326,1.38414,32422
2018-02-13 04:00:00+00:00,1.3841,1.38694,1.38393,1.3857,54331
2018-02-13 08:00:00+00:00,1.38492,1.39224,1.38398,1.39024,90071
2018-02-13 12:00:00+00:00,1.39008,1.39156,1.38567,1.38815,94642
2018-02-13 16:00:00+00:00,1.38766,1.39035,1.38651,1.38774,53311
2018-02-13 20:00:00+00:00,1.38796,1.38953,1.38787,1.38841,24730
2018-02-14 00:00:00+00:00,1.38844,1.39202,1.38835,1.39182,40518
2018-02-14 04:00:00+00:00,1.39189,1.39189,1.38905,1.38958,44555
2018-02-14 08:00:00+00:00,1.38964,1.39032,1.38457,1.3848,66445
2018-02-14 12:00:00+00:00,1.38499,1.3966,1.38017,1.39595,170869
2018-02-14 16:00:00+00:00,1.39657,1.40026,1.39423,1.39857,110871
2018-02-14 20:00:00+00:00,1.39898,1.40165,1.39898,1.40147,33408
2018-02-15 00:00:00+00:00,1.40135,1.40207,1.39989,1.40139,45128
2018-02-15 04:00:00+00:00,1.40161,1.40561,1.40069,1.40535,61045
2018-02-15 08:00:00+00:00,1.40509,1.40758,1.40382,1.40458,85983
2018-02-15 12:00:00+00:00,1.40468,1.40996,1.40468,1.40555,119394
2018-02-15 16:00:00+00:00,1.40611,1.4092,1.40255,1.4092,84933
2018-02-15 20:00:00+00:00,1.40951,1.41082,1.40881,1.41044,28396
2018-02-16 00:00:00+00:00,1.41046,1.41227,1.40993,1.41191,36950
2018-02-16 04:00:00+00:00,1.41165,1.41441,1.4116,1.41177,50964
2018-02-16 08:00:00+00:00,1.41268,1.41324,1.40603,1.40617,84152
2018-02-16 12:00:00+00:00,1.40617,1.40617,1.40071,1.40395,107660
2018-02-16 16:00:00+00:00,1.40432,1.40682,1.39971,1.40211,76525
2018-02-16 20:00:00+00:00,1.40183,1.4033,1.40116,1.4033,23537
2018-02-18 20:00:00+00:00,1.40101,1.40373,1.40101,1.40316,6750
2018-02-19 00:00:00+00:00,1.40311,1.40489,1.40296,1.40396,28642
2018-02-19 04:00:00+00:00,1.40403,1.40416,1.40015,1.40126,45650
2018-02-19 08:00:00+00:00,1.4018,1.40304,1.39951,1.40252,51317
2018-02-19 12:00:00+00:00,1.4025,1.40276,1.39604,1.39935,60447
2018-02-19 16:00:00+00:00,1.39904,1.40205,1.39873,1.40025,22118
2018-02-19 20:00:00+00:00,1.40043,1.40087,1.39888,1.39922,14256
2018-02-20 00:00:00+00:00,1.39919,1.39996,1.39678,1.39728,33586
2018-02-20 04:00:00+00:00,1.39728,1.39835,1.39417,1.39492,44427
2018-02-20 08:00:00+00:00,1.39491,1.40124,1.39318,1.39851,98127
2018-02-20 12:00:00+00:00,1.39863,1.40109,1.39699,1.40043,92981
2018-02-20 16:00:00+00:00,1.40053,1.40223,1.39834,1.39856,61847
2018-02-20 20:00:00+00:00,1.39884,1.40002,1.39825,1.39987,17320
2018-02-21 00:00:00+00:00,1.39983,1.40073,1.39832,1.39884,38540
2018-02-21 04:00:00+00:00,1.39883,1.40004,1.39725,1.39801,39970
2018-02-21 08:00:00+00:00,1.39705,1.3977,1.39096,1.39256,83050
2018-02-21 12:00:00+00:00,1.39232,1.39877,1.391,1.39784,130191
2018-02-21 16:00:00+00:00,1.39801,1.40037,1.39355,1.39355,114954
2018-02-21 20:00:00+00:00,1.39269,1.39283,1.39063,1.39102,46437
2018-02-22 00:00:00+00:00,1.39093,1.39148,1.38979,1.39106,38335
2018-02-22 04:00:00+00:00,1.39097,1.39141,1.38729,1.38856,37206
2018-02-22 08:00:00+00:00,1.38848,1.39152,1.3858,1.38775,78118
2018-02-22 12:00:00+00:00,1.38813,1.39555,1.38768,1.39446,124168
2018-02-22 16:00:00+00:00,1.39393,1.39807,1.39325,1.39579,62550
2018-02-22 20:00:00+00:00,1.39578,1.39617,1.39473,1.3951,26866
2018-02-23 00:00:00+00:00,1.39483,1.396,1.39452,1.3948,32890
2018-02-23 04:00:00+00:00,1.39475,1.39546,1.39262,1.39392,40057
2018-02-23 08:00:00+00:00,1.39408,1.39933,1.39297,1.39782,79518
2018-02-23 12:00:00+00:00,1.39767,1.40044,1.39622,1.39728,83498
2018-02-23 16:00:00+00:00,1.39728,1.39862,1.39622,1.39699,53440
2018-02-23 20:00:00+00:00,1.39692,1.39752,1.39623,1.39695,20035
2018-02-25 20:00:00+00:00,1.39838,1.39854,1.39634,1.39683,6656
2018-02-26 00:00:00+00:00,1.39662,1.40082,1.39644,1.39974,38198
2018-02-26 04:00:00+00:00,1.39972,1.40447,1.39935,1.40282,45538
2018-02-26 08:00:00+00:00,1.40293,1.40679,1.40262,1.40481,61071
2018-02-26 12:00:00+00:00,1.40467,1.40467,1.39327,1.39411,93416
2018-02-26 16:00:00+00:00,1.39365,1.39679,1.39365,1.39664,48468
2018-02-26 20:00:00+00:00,1.39664,1.3973,1.3959,1.39639,18916
2018-02-27 00:00:00+00:00,1.39645,1.39737,1.3955,1.39565,35463
2018-02-27 04:00:00+00:00,1.39574,1.39852,1.39533,1.39852,41199
2018-02-27 08:00:00+00:00,1.39883,1.39963,1.39459,1.39494,65497
2018-02-27 12:00:00+00:00,1.39465,1.39508,1.38603,1.38812,140242
2018-02-27 16:00:00+00:00,1.38787,1.39378,1.38787,1.39146,86867
2018-02-27 20:00:00+00:00,1.39178,1.39228,1.39013,1.39044,24034
2018-02-28 00:00:00+00:00,1.39015,1.39138,1.38909,1.39006,41091
2018-02-28 04:00:00+00:00,1.38999,1.39139,1.38887,1.38962,33261
2018-02-28 08:00:00+00:00,1.3896,1.39129,1.38414,1.38452,82404
2018-02-28 12:00:00+00:00,1.38396,1.38446,1.37775,1.37809,122280
2018-02-28 16:00:00+00:00,1.37752,1.38053,1.37708,1.37708,71409
2018-02-28 20:00:00+00:00,1.37691,1.37721,1.37501,1.37544,26270
2018-03-01 00:00:00+00:00,1.37538,1.37591,1.37437,1.37575,18394
2018-03-01 04:00:00+00:00,1.37581,1.377,1.37462,1.37493,20367
2018-03-01 08:00:00+00:00,1.37541,1.37677,1.37295,1.37454,42593
2018-03-01 12:00:00+00:00,1.37449,1.37777,1.37173,1.37205,83417
2018-03-01 16:00:00+00:00,1.37218,1.37724,1.3713,1.37683,94928
2018-03-01 20:00:00+00:00,1.37693,1.37815,1.37584,1.37751,40055
2018-03-02 00:00:00+00:00,1.37739,1.3791,1.37666,1.37853,22650
2018-03-02 04:00:00+00:00,1.37855,1.3792,1.37632,1.37694,27392
2018-03-02 08:00:00+00:00,1.3769,1.38041,1.37559,1.37886,59685
2018-03-02 12:00:00+00:00,1.37882,1.38159,1.37609,1.3769,96000
2018-03-02 16:00:00+00:00,1.377,1.379,1.37577,1.379,62023
2018-03-02 20:00:00+00:00,1.37902,1.3802,1.37827,1.37998,18005
2018-03-04 20:00:00+00:00,1.3796,1.38126,1.37796,1.37947,21658
2018-03-05 00:00:00+00:00,1.37938,1.38073,1.37826,1.37935,28899
2018-03-05 04:00:00+00:00,1.37928,1.38,1.37682,1.37693,40881
2018-03-05 08:00:00+00:00,1.37724,1.38342,1.37722,1.38164,68733
2018-03-05 12:00:00+00:00,1.3811,1.38473,1.37989,1.38471,78982
2018-03-05 16:00:00+00:00,1.38466,1.38762,1.38253,1.38308,63060
2018-03-05 20:00:00+00:00,1.38317,1.38523,1.38317,1.3849,35268
2018-03-06 00:00:00+00:00,1.38492,1.38628,1.38422,1.38445,26691
2018-03-06 04:00:00+00:00,1.38444,1.38507,1.38226,1.3825,34935
2018-03-06 08:00:00+00:00,1.38186,1.3898,1.3817,1.38971,67006
2018-03-06 12:00:00+00:00,1.38978,1.39278,1.38823,1.38827,88689
2018-03-06 16:00:00+00:00,1.38875,1.38991,1.3872,1.38884,57869
2018-03-06 20:00:00+00:00,1.38882,1.39052,1.3883,1.38991,44176
2018-03-07 00:00:00+00:00,1.38962,1.3903,1.38863,1.38924,36044
2018-03-07 04:00:00+00:00,1.38915,1.39102,1.38742,1.38743,40425
2018-03-07 08:00:00+00:00,1.38714,1.3888,1.38476,1.38565,59629
2018-03-07 12:00:00+00:00,1.38555,1.3899,1.38535,1.38947,87867
2018-03-07 16:00:00+00:00,1.38947,1.39002,1.38754,1.38964,55170
2018-03-07 20:00:00+00:00,1.38954,1.39063,1.38949,1.39043,22287
2018-03-08 00:00:00+00:00,1.39042,1.39083,1.38968,1.39064,24679
2018-03-08 04:00:00+00:00,1.39066,1.39092,1.38875,1.39066,31506
2018-03-08 08:00:00+00:00,1.39044,1.39044,1.38548,1.38626,58297
2018-03-08 12:00:00+00:00,1.38628,1.38955,1.38261,1.38287,132910
2018-03-08 16:00:00+00:00,1.38308,1.38361,1.37855,1.3798,63412
2018-03-08 20:00:00+00:00,1.38033,1.3816,1.38021,1.38036,29960
2018-03-09 00:00:00+00:00,1.38045,1.38068,1.3789,1.38047,30714
2018-03-09 04:00:00+00:00,1.38045,1.38211,1.37947,1.38211,29261
2018-03-09 08:00:00+00:00,1.38207,1.38299,1.3803,1.38232,47084
2018-03-09 12:00:00+00:00,1.38274,1.38852,1.38141,1.38675,120171
2018-03-09 16:00:00+00:00,1.3866,1.38739,1.38483,1.38483,44046
2018-03-09 20:00:00+00:00,1.38477,1.38537,1.38419,1.38492,15214
2018-03-11 20:00:00+00:00,1.38514,1.38568,1.38507,1.38553,4440
2018-03-12 00:00:00+00:00,1.38548,1.38642,1.38525,1.38598,16471
2018-03-12 04:00:00+00:00,1.38597,1.38747,1.38545,1.38704,24402
2018-03-12 08:00:00+00:00,1.38677,1.38806,1.38417,1.38537,44068
2018-03-12 12:00:00+00:00,1.3855,1.3905,1.38549,1.38973,61889
2018-03-12 16:00:00+00:00,1.38974,1.39164,1.3883,1.39087,31490
2018-03-12 20:00:00+00:00,1.39096,1.39104,1.39014,1.39048,9104
2018-03-13 00:00:00+00:00,1.39061,1.39115,1.38988,1.38997,23793
2018-03-13 04:00:00+00:00,1.38998,1.39003,1.38796,1.38899,25074
2018-03-13 08:00:00+00:00,1.38871,1.39018,1.38755,1.38905,38724
2018-03-13 12:00:00+00:00,1.3893,1.39868,1.3893,1.39864,103202
2018-03-13 16:00:00+00:00,1.39864,1.39931,1.39581,1.39581,53128
2018-03-13 20:00:00+00:00,1.39609,1.3972,1.39586,1.39716,15153
2018-03-14 00:00:00+00:00,1.39725,1.39949,1.39702,1.39841,22243
2018-03-14 04:00:00+00:00,1.3984,1.39926,1.39554,1.39599,24520
2018-03-14 08:00:00+00:00,1.39614,1.39778,1.39414,1.39778,50622
2018-03-14 12:00:00+00:00,1.39744,1.39902,1.39262,1.39454,78208
2018-03-14 16:00:00+00:00,1.3947,1.39774,1.3947,1.39681,40014
2018-03-14 20:00:00+00:00,1.39701,1.39724,1.39596,1.39693,11716
2018-03-15 00:00:00+00:00,1.39695,1.39839,1.39686,1.39826,24390
2018-03-15 04:00:00+00:00,1.39814,1.39864,1.39691,1.39762,25490
2018-03-15 08:00:00+00:00,1.39772,1.39843,1.39237,1.39286,49926
2018-03-15 12:00:00+00:00,1.39312,1.39864,1.39297,1.39474,82838
2018-03-15 16:00:00+00:00,1.39485,1.39648,1.39286,1.39373,59434
2018-03-15 20:00:00+00:00,1.39381,1.39394,1.39322,1.39367,17492
2018-03-16 00:00:00+00:00,1.39361,1.39381,1.39135,1.39288,31144
2018-03-16 04:00:00+00:00,1.39289,1.39533,1.39277,1.39391,31210
2018-03-16 08:00:00+00:00,1.39361,1.39779,1.39319,1.39677,59550
2018-03-16 12:00:00+00:00,1.39663,1.39735,1.389,1.39173,93970
2018-03-16 16:00:00+00:00,1.39224,1.39452,1.39142,1.39439,44991
2018-03-16 20:00:00+00:00,1.39432,1.39476,1.39387,1.39448,9382
2018-03-18 20:00:00+00:00,1.39353,1.39487,1.39342,1.39434,7225
2018-03-19 00:00:00+00:00,1.39428,1.39428,1.39247,1.393,37705
2018-03-19 04:00:00+00:00,1.39297,1.39325,1.39136,1.39233,43262
2018-03-19 08:00:00+00:00,1.39223,1.40462,1.39223,1.40462,116881
2018-03-19 12:00:00+00:00,1.40474,1.40841,1.40255,1.40283,121416
2018-03-19 16:00:00+00:00,1.40272,1.40518,1.40272,1.40294,62848
2018-03-19 20:00:00+00:00,1.40295,1.40307,1.40222,1.40247,18754
2018-03-20 00:00:00+00:00,1.40231,1.4048,1.40204,1.40382,27980
2018-03-20 04:00:00+00:00,1.40381,1.40597,1.40212,1.40511,38407
2018-03-20 08:00:00+00:00,1.40491,1.40657,1.40074,1.40103,82922
2018-03-20 12:00:00+00:00,1.40063,1.40196,1.39835,1.40105,102353
2018-03-20 16:00:00+00:00,1.4013,1.40189,1.39859,1.39976,54637
2018-03-20 20:00:00+00:00,1.39993,1.4005,1.39939,1.40039,14188
2018-03-21 00:00:00+00:00,1.40037,1.40168,1.40026,1.40128,27433
2018-03-21 04:00:00+00:00,1.40126,1.40303,1.40036,1.40265,28001
2018-03-21 08:00:00+00:00,1.40236,1.40747,1.40189,1.40479,89396
2018-03-21 12:00:00+00:00,1.4048,1.40756,1.40425,1.40642,94082
2018-03-21 16:00:00+00:00,1.4067,1.41496,1.40589,1.41481,179100
2018-03-21 20:00:00+00:00,1.41468,1.415,1.4136,1.41431,21942
2018-03-22 00:00:00+00:00,1.41424,1.41698,1.41424,1.41624,33880
2018-03-22 04:00:00+00:00,1.41622,1.4176,1.41404,1.4162,42369
2018-03-22 08:00:00+00:00,1.41619,1.41793,1.41362,1.41592,92333
2018-03-22 12:00:00+00:00,1.41858,1.41917,1.40781,1.4098,148016
2018-03-22 16:00:00+00:00,1.4096,1.41185,1.40832,1.41107,92089
2018-03-22 20:00:00+00:00,1.4107,1.41147,1.40953,1.41123,28594
2018-03-23 00:00:00+00:00,1.41126,1.41225,1.41056,1.41178,43120
2018-03-23 04:00:00+00:00,1.41179,1.41262,1.40983,1.41011,40786
2018-03-23 08:00:00+00:00,1.4105,1.41209,1.40853,1.41183,87372
2018-03-23 12:00:00+00:00,1.41266,1.41704,1.41209,1.41484,118161
2018-03-23 16:00:00+00:00,1.41504,1.41567,1.41371,1.41383,67795
2018-03-23 20:00:00+00:00,1.41369,1.41383,1.41302,1.4131,9665
2018-03-25 20:00:00+00:00,1.41327,1.41558,1.41308,1.41478,7862
2018-03-26 00:00:00+00:00,1.41469,1.41711,1.41462,1.41649,23737
2018-03-26 04:00:00+00:00,1.41632,1.4194,1.41526,1.41899,43011
2018-03-26 08:00:00+00:00,1.4188,1.42339,1.41791,1.42267,66052
2018-03-26 12:00:00+00:00,1.42229,1.42442,1.41911,1.42363,96427
2018-03-26 16:00:00+00:00,1.42341,1.42364,1.42224,1.42286,53618
2018-03-26 20:00:00+00:00,1.42277,1.4238,1.42254,1.42376,13708
2018-03-27 00:00:00+00:00,1.4237,1.42383,1.42232,1.42348,30367
2018-03-27 04:00:00+00:00,1.42346,1.42424,1.41826,1.41826,55934
2018-03-27 08:00:00+00:00,1.4183,1.4183,1.40908,1.40919,85483
2018-03-27 12:00:00+00:00,1.40896,1.4163,1.40668,1.41569,116269
2018-03-27 16:00:00+00:00,1.4158,1.41722,1.41486,1.41522,58052
2018-03-27 20:00:00+00:00,1.41545,1.41841,1.41517,1.41764,33236
2018-03-28 00:00:00+00:00,1.41749,1.41896,1.41738,1.41896,29523
2018-03-28 04:00:00+00:00,1.41879,1.41997,1.41341,1.41696,64965
2018-03-28 08:00:00+00:00,1.41705,1.41795,1.4142,1.41505,72642
2018-03-28 12:00:00+00:00,1.41505,1.41584,1.4093,1.41073,113335
2018-03-28 16:00:00+00:00,1.41107,1.41124,1.40711,1.40777,61527
2018-03-28 20:00:00+00:00,1.40772,1.40829,1.4075,1.40828,18577
2018-03-29 00:00:00+00:00,1.40821,1.40829,1.40613,1.4082,30411
2018-03-29 04:00:00+00:00,1.40831,1.40962,1.40404,1.40489,59382
2018-03-29 08:00:00+00:00,1.40522,1.40746,1.40379,1.40746,76131
2018-03-29 12:00:00+00:00,1.40717,1.40829,1.40205,1.40234,101330
2018-03-29 16:00:00+00:00,1.40287,1.40394,1.40133,1.40305,44741
2018-03-29 20:00:00+00:00,1.40273,1.40353,1.40173,1.40255,17752
2018-03-30 00:00:00+00:00,1.40256,1.40329,1.4013,1.40287,17436
2018-03-30 04:00:00+00:00,1.40275,1.40485,1.40198,1.40442,29523
2018-03-30 08:00:00+00:00,1.4046,1.40592,1.40444,1.40511,16829
2018-03-30 12:00:00+00:00,1.40506,1.40543,1.40188,1.40198,29201
2018-03-30 16:00:00+00:00,1.40253,1.40389,1.40168,1.40286,25005
2018-03-30 20:00:00+00:00,1.40279,1.40356,1.40239,1.40261,1510
2018-04-01 20:00:00+00:00,1.40264,1.4038,1.40249,1.40361,9780
2018-04-02 00:00:00+00:00,1.40357,1.4056,1.40305,1.40428,24911
2018-04-02 04:00:00+00:00,1.40409,1.40666,1.40367,1.40666,23117
2018-04-02 08:00:00+00:00,1.40656,1.40724,1.4058,1.40724,21467
2018-04-02 12:00:00+00:00,1.40727,1.4076,1.40271,1.40312,67030
2018-04-02 16:00:00+00:00,1.403,1.40505,1.4028,1.40501,40742
2018-04-02 20:00:00+00:00,1.40453,1.40532,1.40417,1.40467,15134
2018-04-03 00:00:00+00:00,1.40459,1.40622,1.40459,1.40558,26716
2018-04-03 04:00:00+00:00,1.40558,1.40882,1.40538,1.4082,44862
2018-04-03 08:00:00+00:00,1.40822,1.40865,1.40228,1.4049,77726
2018-04-03 12:00:00+00:00,1.40492,1.40763,1.4034,1.4067,102941
2018-04-03 16:00:00+00:00,1.40694,1.40694,1.40511,1.40523,48744
2018-04-03 20:00:00+00:00,1.40541,1.40691,1.40528,1.40691,12899
2018-04-04 00:00:00+00:00,1.40702,1.40961,1.40626,1.40908,28379
2018-04-04 04:00:00+00:00,1.40897,1.40921,1.40545,1.40837,55380
2018-04-04 08:00:00+00:00,1.40762,1.4085,1.40295,1.40399,101421
2018-04-04 12:00:00+00:00,1.40403,1.40882,1.40182,1.40745,103480
2018-04-04 16:00:00+00:00,1.40746,1.40829,1.4069,1.40824,46289
2018-04-04 20:00:00+00:00,1.40794,1.40883,1.40764,1.40876,13424
2018-04-05 00:00:00+00:00,1.40869,1.40962,1.40754,1.40809,25229
2018-04-05 04:00:00+00:00,1.408,1.408,1.40475,1.40545,48696
2018-04-05 08:00:00+00:00,1.4061,1.40679,1.40281,1.40284,73435
2018-04-05 12:00:00+00:00,1.40297,1.40297,1.39663,1.39906,107657
2018-04-05 16:00:00+00:00,1.39903,1.40027,1.39826,1.40023,44204
2018-04-05 20:00:00+00:00,1.4002,1.40084,1.39985,1.40062,17553
2018-04-06 00:00:00+00:00,1.40068,1.4021,1.40008,1.40017,28966
2018-04-06 04:00:00+00:00,1.39993,1.40015,1.39843,1.39984,59820
2018-04-06 08:00:00+00:00,1.40011,1.40233,1.39933,1.40037,67546
2018-04-06 12:00:00+00:00,1.40064,1.41008,1.40045,1.40879,157340
2018-04-06 16:00:00+00:00,1.40876,1.40988,1.40767,1.40898,60339
2018-04-06 20:00:00+00:00,1.40899,1.40918,1.40871,1.40871,5199
2018-04-08 20:00:00+00:00,1.40906,1.40919,1.40853,1.40904,8545
2018-04-09 00:00:00+00:00,1.40895,1.41011,1.40865,1.40955,31031
2018-04-09 04:00:00+00:00,1.40952,1.41156,1.4079,1.41129,64503
2018-04-09 08:00:00+00:00,1.4109,1.41188,1.40851,1.41184,73629
2018-04-09 12:00:00+00:00,1.41209,1.41598,1.41169,1.41347,99699
2018-04-09 16:00:00+00:00,1.41355,1.41438,1.41241,1.41291,46445
2018-04-09 20:00:00+00:00,1.4128,1.41348,1.41251,1.41333,12032
2018-04-10 00:00:00+00:00,1.41332,1.41395,1.41214,1.41359,37098
2018-04-10 04:00:00+00:00,1.41356,1.41633,1.41258,1.41614,55248
2018-04-10 08:00:00+00:00,1.41565,1.41872,1.41523,1.4172,95153
2018-04-10 12:00:00+00:00,1.41731,1.41815,1.41559,1.41595,105203
2018-04-10 16:00:00+00:00,1.41613,1.41853,1.41454,1.41763,64308
2018-04-10 20:00:00+00:00,1.41765,1.41837,1.41728,1.41814,12362
2018-04-11 00:00:00+00:00,1.41809,1.41822,1.41745,1.41816,25183
2018-04-11 04:00:00+00:00,1.41815,1.42204,1.41786,1.42091,51451
2018-04-11 08:00:00+00:00,1.42063,1.42138,1.41637,1.4165,80510
2018-04-11 12:00:00+00:00,1.41639,1.42172,1.41639,1.41936,97002
2018-04-11 16:00:00+00:00,1.41939,1.42028,1.4162,1.41755,67726
2018-04-11 20:00:00+00:00,1.41764,1.41875,1.41726,1.41874,12667
2018-04-12 00:00:00+00:00,1.41872,1.41972,1.41775,1.41833,24502
2018-04-12 04:00:00+00:00,1.4183,1.41945,1.41717,1.41824,54279
2018-04-12 08:00:00+00:00,1.41799,1.42142,1.41474,1.42042,107843
2018-04-12 12:00:00+00:00,1.42008,1.42445,1.4187,1.4243,125421
2018-04-12 16:00:00+00:00,1.42413,1.42426,1.42222,1.42256,55060
2018-04-12 20:00:00+00:00,1.42263,1.42389,1.42257,1.42389,15109
2018-04-13 00:00:00+00:00,1.42384,1.42446,1.42283,1.42347,23597
2018-04-13 04:00:00+00:00,1.42351,1.42748,1.42224,1.42725,58431
2018-04-13 08:00:00+00:00,1.42737,1.42948,1.42514,1.42562,80937
2018-04-13 12:00:00+00:00,1.42578,1.42695,1.42419,1.42516,75151
2018-04-13 16:00:00+00:00,1.42572,1.42611,1.42353,1.42444,40637
2018-04-13 20:00:00+00:00,1.42461,1.42461,1.4236,1.4236,4636
2018-04-15 20:00:00+00:00,1.423,1.42475,1.423,1.42456,10684
2018-04-16 00:00:00+00:00,1.42461,1.42662,1.42456,1.4263,21417
2018-04-16 04:00:00+00:00,1.42625,1.42686,1.42369,1.42582,49089
2018-04-16 08:00:00+00:00,1.42613,1.43189,1.4257,1.431,76689
2018-04-16 12:00:00+00:00,1.43086,1.43365,1.42985,1.43328,86836
2018-04-16 16:00:00+00:00,1.43291,1.43362,1.43201,1.43362,40639
2018-04-16 20:00:00+00:00,1.43353,1.43438,1.43346,1.43407,17355
2018-04-17 00:00:00+00:00,1.43413,1.43525,1.43345,1.43354,19862
2018-04-17 04:00:00+00:00,1.43362,1.43765,1.43362,1.43659,51462
2018-04-17 08:00:00+00:00,1.43664,1.43673,1.43064,1.43355,79866
2018-04-17 12:00:00+00:00,1.43337,1.43337,1.42949,1.42996,92388
2018-04-17 16:00:00+00:00,1.42964,1.43033,1.42831,1.42889,46530
2018-04-17 20:00:00+00:00,1.42896,1.42976,1.4284,1.42966,14322
2018-04-18 00:00:00+00:00,1.42967,1.43059,1.42907,1.43026,18909
2018-04-18 04:00:00+00:00,1.43026,1.43135,1.42744,1.42814,49626
2018-04-18 08:00:00+00:00,1.42793,1.4281,1.4174,1.42168,99474
2018-04-18 12:00:00+00:00,1.42187,1.42446,1.42115,1.42269,100413
2018-04-18 16:00:00+00:00,1.42259,1.42276,1.41987,1.42024,52060
2018-04-18 20:00:00+00:00,1.4203,1.42095,1.41994,1.42025,13279
2018-04-19 00:00:00+00:00,1.42025,1.42035,1.41853,1.41955,21741
2018-04-19 04:00:00+00:00,1.41956,1.42186,1.41871,1.41871,51551
2018-04-19 08:00:00+00:00,1.41856,1.42402,1.41645,1.42362,82444
2018-04-19 12:00:00+00:00,1.42365,1.42451,1.41853,1.41922,108771
2018-04-19 16:00:00+00:00,1.41899,1.42008,1.40725,1.40917,97729
2018-04-19 20:00:00+00:00,1.40935,1.40983,1.40768,1.4084,19263
2018-04-20 00:00:00+00:00,1.40837,1.40867,1.40724,1.40797,22477
2018-04-20 04:00:00+00:00,1.40796,1.40817,1.40375,1.40426,63797
2018-04-20 08:00:00+00:00,1.40408,1.40783,1.40408,1.40463,77807
2018-04-20 12:00:00+00:00,1.40458,1.40577,1.40077,1.40315,111313
2018-04-20 16:00:00+00:00,1.40315,1.40434,1.4011,1.40115,48386
2018-04-20 20:00:00+00:00,1.40134,1.40194,1.40006,1.40018,10958
2018-04-22 20:00:00+00:00,1.39998,1.40079,1.39958,1.40018,8638
2018-04-23 00:00:00+00:00,1.40026,1.40231,1.40026,1.40168,21869
2018-04-23 04:00:00+00:00,1.4017,1.40295,1.39857,1.39961,47313
2018-04-23 08:00:00+00:00,1.39954,1.40083,1.3946,1.39595,81370
2018-04-23 12:00:00+00:00,1.39588,1.39768,1.39381,1.39514,91684
2018-04-23 16:00:00+00:00,1.39543,1.3956,1.39269,1.3944,48775
2018-04-23 20:00:00+00:00,1.39425,1.39443,1.39352,1.39373,12405
2018-04-24 00:00:00+00:00,1.39386,1.39498,1.39186,1.39475,30161
2018-04-24 04:00:00+00:00,1.39471,1.39531,1.39205,1.39306,42105
2018-04-24 08:00:00+00:00,1.39289,1.39674,1.3922,1.39674,68823
2018-04-24 12:00:00+00:00,1.39653,1.39845,1.39489,1.3975,101968
2018-04-24 16:00:00+00:00,1.39722,1.39851,1.39701,1.39812,47521
2018-04-24 20:00:00+00:00,1.39776,1.39963,1.39747,1.3994,11149
2018-04-25 00:00:00+00:00,1.39898,1.39907,1.39765,1.3982,19333
2018-04-25 04:00:00+00:00,1.39809,1.3981,1.39369,1.3937,45850
2018-04-25 08:00:00+00:00,1.3937,1.3969,1.39337,1.39351,68480
2018-04-25 12:00:00+00:00,1.39364,1.39533,1.39249,1.39405,93801
2018-04-25 16:00:00+00:00,1.39405,1.39468,1.39271,1.39308,35966
2018-04-25 20:00:00+00:00,1.39296,1.39377,1.39219,1.39356,16669
2018-04-26 00:00:00+00:00,1.39352,1.3949,1.39294,1.39465,24857
2018-04-26 04:00:00+00:00,1.39453,1.39492,1.39038,1.39085,51425
2018-04-26 08:00:00+00:00,1.39055,1.39696,1.38978,1.39547,77418
2018-04-26 12:00:00+00:00,1.3955,1.39961,1.39085,1.39268,176406
2018-04-26 16:00:00+00:00,1.39262,1.39386,1.39144,1.39178,41288
2018-04-26 20:00:00+00:00,1.3917,1.39209,1.39119,1.39177,11429
2018-04-27 00:00:00+00:00,1.39157,1.39339,1.39117,1.39325,21265
2018-04-27 04:00:00+00:00,1.39317,1.3933,1.38742,1.38791,56617
2018-04-27 08:00:00+00:00,1.38807,1.38904,1.37568,1.37579,119080
2018-04-27 12:00:00+00:00,1.37586,1.38065,1.37493,1.37841,108930
2018-04-27 16:00:00+00:00,1.37829,1.37888,1.377,1.37819,36017
2018-04-27 20:00:00+00:00,1.37825,1.37826,1.37751,1.37753,4846
2018-04-29 20:00:00+00:00,1.3771,1.37786,1.37688,1.37688,9882
2018-04-30 00:00:00+00:00,1.37691,1.37831,1.37687,1.37795,19125
2018-04-30 04:00:00+00:00,1.37804,1.37916,1.37481,1.37534,52388
2018-04-30 08:00:00+00:00,1.37536,1.37644,1.37163,1.3729,67646
2018-04-30 12:00:00+00:00,1.37291,1.37751,1.37241,1.37499,105055
2018-04-30 16:00:00+00:00,1.3751,1.37759,1.37382,1.37662,58912
2018-04-30 20:00:00+00:00,1.37647,1.37723,1.37553,1.37722,16175
2018-05-01 00:00:00+00:00,1.377,1.37726,1.37593,1.3761,14248
2018-05-01 04:00:00+00:00,1.37607,1.37616,1.37417,1.37421,31737
2018-05-01 08:00:00+00:00,1.37463,1.37475,1.36692,1.36773,82354
2018-05-01 12:00:00+00:00,1.36785,1.36785,1.35911,1.36095,103451
2018-05-01 16:00:00+00:00,1.36104,1.36285,1.36082,1.36121,59545
2018-05-01 20:00:00+00:00,1.36124,1.36167,1.36067,1.36088,12840
2018-05-02 00:00:00+00:00,1.36099,1.36174,1.36035,1.36142,26496
2018-05-02 04:00:00+00:00,1.36142,1.36392,1.35818,1.36235,65225
2018-05-02 08:00:00+00:00,1.36275,1.36652,1.36253,1.36398,82728
2018-05-02 12:00:00+00:00,1.36384,1.36614,1.3594,1.36086,119448
2018-05-02 16:00:00+00:00,1.36091,1.36491,1.35555,1.35659,130718
2018-05-02 20:00:00+00:00,1.35662,1.35775,1.35616,1.35723,19042
2018-05-03 00:00:00+00:00,1.3573,1.35987,1.35703,1.35958,34675
2018-05-03 04:00:00+00:00,1.35968,1.36221,1.35847,1.36157,57370
2018-05-03 08:00:00+00:00,1.36164,1.36283,1.35752,1.36001,110349
2018-05-03 12:00:00+00:00,1.3595,1.36052,1.35396,1.35684,127415
2018-05-03 16:00:00+00:00,1.35682,1.35849,1.35641,1.3569,69840
2018-05-03 20:00:00+00:00,1.357,1.3578,1.35692,1.35715,13471
2018-05-04 00:00:00+00:00,1.35716,1.35859,1.35697,1.35804,18462
2018-05-04 04:00:00+00:00,1.35806,1.3584,1.35554,1.35646,44460
2018-05-04 08:00:00+00:00,1.35651,1.3578,1.35442,1.35674,56907
2018-05-04 12:00:00+00:00,1.35677,1.35798,1.34936,1.3534,158396
2018-05-04 16:00:00+00:00,1.35336,1.35518,1.35277,1.35354,55907
2018-05-04 20:00:00+00:00,1.35353,1.35379,1.35247,1.35259,5672
2018-05-06 20:00:00+00:00,1.35335,1.35388,1.35314,1.35316,6503
2018-05-07 00:00:00+00:00,1.35307,1.35641,1.35307,1.35543,24169
2018-05-07 04:00:00+00:00,1.35539,1.35545,1.35289,1.35513,41452
2018-05-07 08:00:00+00:00,1.35516,1.35553,1.35183,1.35193,52003
2018-05-07 12:00:00+00:00,1.35188,1.35748,1.35158,1.35654,93225
2018-05-07 16:00:00+00:00,1.35655,1.35701,1.35553,1.35602,49077
2018-05-07 20:00:00+00:00,1.3559,1.35711,1.35551,1.35683,13786
2018-05-08 00:00:00+00:00,1.35691,1.35765,1.35536,1.3555,26606
2018-05-08 04:00:00+00:00,1.35528,1.35914,1.35299,1.35322,69579
2018-05-08 08:00:00+00:00,1.3526,1.35332,1.34966,1.35066,85169
2018-05-08 12:00:00+00:00,1.35062,1.35249,1.34855,1.35197,112898
2018-05-08 16:00:00+00:00,1.35212,1.35598,1.35212,1.35486,81536
2018-05-08 20:00:00+00:00,1.3547,1.35543,1.35432,1.3553,10585
2018-05-09 00:00:00+00:00,1.35512,1.35575,1.35274,1.35274,32674
2018-05-09 04:00:00+00:00,1.35272,1.35346,1.34993,1.35333,59284
2018-05-09 08:00:00+00:00,1.35308,1.36015,1.35224,1.35895,94404
2018-05-09 12:00:00+00:00,1.35897,1.36045,1.35662,1.35662,125689
2018-05-09 16:00:00+00:00,1.35668,1.35676,1.35423,1.35474,50857
2018-05-09 20:00:00+00:00,1.35464,1.35511,1.35427,1.35431,12841
2018-05-10 00:00:00+00:00,1.35441,1.35722,1.35424,1.35657,31726
2018-05-10 04:00:00+00:00,1.3565,1.3577,1.35383,1.35386,68026
2018-05-10 08:00:00+00:00,1.35381,1.36166,1.35084,1.35314,144391
2018-05-10 12:00:00+00:00,1.3529,1.35543,1.34601,1.34864,194376
2018-05-10 16:00:00+00:00,1.34848,1.35266,1.34848,1.35192,60511
2018-05-10 20:00:00+00:00,1.35183,1.35224,1.35138,1.35217,15243
2018-05-11 00:00:00+00:00,1.35206,1.35341,1.35171,1.35287,24036
2018-05-11 04:00:00+00:00,1.35281,1.35312,1.35025,1.35279,56781
2018-05-11 08:00:00+00:00,1.35307,1.35797,1.35204,1.35674,76580
2018-05-11 12:00:00+00:00,1.3568,1.35946,1.35339,1.35591,108354
2018-05-11 16:00:00+00:00,1.35523,1.35686,1.35369,1.35424,50422
2018-05-11 20:00:00+00:00,1.35413,1.35452,1.3538,1.35383,5310
2018-05-13 20:00:00+00:00,1.35465,1.35519,1.35395,1.35504,6698
2018-05-14 00:00:00+00:00,1.35497,1.35746,1.35491,1.35686,22406
2018-05-14 04:00:00+00:00,1.35686,1.35847,1.35441,1.35847,53632
2018-05-14 08:00:00+00:00,1.35847,1.36001,1.3575,1.35875,59563
2018-05-14 12:00:00+00:00,1.35927,1.36058,1.3579,1.35941,78508
2018-05-14 16:00:00+00:00,1.35923,1.35923,1.35564,1.35602,45232
2018-05-14 20:00:00+00:00,1.35612,1.35638,1.35551,1.3561,15829
2018-05-15 00:00:00+00:00,1.35616,1.35716,1.35588,1.35615,18965
2018-05-15 04:00:00+00:00,1.35614,1.35617,1.35271,1.35271,51231
2018-05-15 08:00:00+00:00,1.35241,1.35583,1.35131,1.35151,75388
2018-05-15 12:00:00+00:00,1.35137,1.35255,1.34525,1.35107,143238
2018-05-15 16:00:00+00:00,1.35091,1.35252,1.34978,1.35079,76110
2018-05-15 20:00:00+00:00,1.3508,1.35125,1.34944,1.35003,27537
2018-05-16 00:00:00+00:00,1.35017,1.35102,1.34864,1.35023,33761
2018-05-16 04:00:00+00:00,1.3501,1.35197,1.34894,1.35005,68488
2018-05-16 08:00:00+00:00,1.34984,1.3511,1.34668,1.34863,105209
2018-05-16 12:00:00+00:00,1.34875,1.35115,1.34567,1.3477,129079
2018-05-16 16:00:00+00:00,1.34741,1.35049,1.34712,1.34898,60926
2018-05-16 20:00:00+00:00,1.34885,1.35505,1.34836,1.35472,21429
2018-05-17 00:00:00+00:00,1.35486,1.35672,1.35409,1.35581,31881
2018-05-17 04:00:00+00:00,1.35563,1.35663,1.34955,1.35295,91174
2018-05-17 08:00:00+00:00,1.35334,1.35377,1.34757,1.34971,84649
2018-05-17 12:00:00+00:00,1.34958,1.35163,1.34823,1.35053,113207
2018-05-17 16:00:00+00:00,1.35063,1.3526,1.35002,1.35097,46658
2018-05-17 20:00:00+00:00,1.35096,1.35185,1.35093,1.35105,11975
2018-05-18 00:00:00+00:00,1.35123,1.35184,1.35052,1.35101,22800
2018-05-18 04:00:00+00:00,1.3511,1.3526,1.35015,1.3507,41279
2018-05-18 08:00:00+00:00,1.35059,1.3508,1.3473,1.34964,70561
2018-05-18 12:00:00+00:00,1.34939,1.34952,1.34562,1.3475,117072
2018-05-18 16:00:00+00:00,1.34748,1.34888,1.34727,1.34786,31227
2018-05-18 20:00:00+00:00,1.34779,1.34829,1.34574,1.34574,5735
2018-05-20 20:00:00+00:00,1.34599,1.34824,1.34599,1.34763,6802
2018-05-21 00:00:00+00:00,1.34743,1.34743,1.34289,1.34357,36543
2018-05-21 04:00:00+00:00,1.34365,1.3439,1.34034,1.34076,49022
2018-05-21 08:00:00+00:00,1.34024,1.34294,1.3392,1.34272,79263
2018-05-21 12:00:00+00:00,1.34283,1.34366,1.3406,1.3418,97455
2018-05-21 16:00:00+00:00,1.34163,1.3426,1.34051,1.34256,41417
2018-05-21 20:00:00+00:00,1.3426,1.34347,1.342,1.34312,12533
2018-05-22 00:00:00+00:00,1.34305,1.34378,1.34163,1.34208,23825
2018-05-22 04:00:00+00:00,1.34206,1.34588,1.34132,1.34498,66591
2018-05-22 08:00:00+00:00,1.34562,1.34838,1.34484,1.34555,89892
2018-05-22 12:00:00+00:00,1.34522,1.34554,1.34139,1.34445,108964
2018-05-22 16:00:00+00:00,1.34425,1.34433,1.34202,1.34348,42597
2018-05-22 20:00:00+00:00,1.34346,1.34409,1.3428,1.34409,10109
2018-05-23 00:00:00+00:00,1.34417,1.34417,1.34036,1.34139,43009
2018-05-23 04:00:00+00:00,1.341,1.34174,1.33724,1.3384,79288
2018-05-23 08:00:00+00:00,1.33793,1.33929,1.33121,1.33133,122047
2018-05-23 12:00:00+00:00,1.33127,1.33638,1.33061,1.33398,120795
2018-05-23 16:00:00+00:00,1.33388,1.33584,1.33202,1.33547,69726
2018-05-23 20:00:00+00:00,1.33551,1.33784,1.33399,1.33697,26720
2018-05-24 00:00:00+00:00,1.33707,1.33707,1.33502,1.33673,47905
2018-05-24 04:00:00+00:00,1.33709,1.33782,1.33525,1.33614,81747
2018-05-24 08:00:00+00:00,1.33576,1.34205,1.33576,1.34034,104328
2018-05-24 12:00:00+00:00,1.34063,1.34119,1.33657,1.33825,115166
2018-05-24 16:00:00+00:00,1.3382,1.34016,1.33776,1.33835,46006
2018-05-24 20:00:00+00:00,1.33825,1.33882,1.33748,1.33827,12128
2018-05-25 00:00:00+00:00,1.33832,1.33833,1.33626,1.33719,38154
2018-05-25 04:00:00+00:00,1.33709,1.33722,1.33379,1.33451,54282
2018-05-25 08:00:00+00:00,1.33489,1.33736,1.33234,1.33259,113407
2018-05-25 12:00:00+00:00,1.33254,1.33499,1.33058,1.33201,122111
2018-05-25 16:00:00+00:00,1.33205,1.33235,1.33083,1.33139,40709
2018-05-25 20:00:00+00:00,1.33126,1.33147,1.32941,1.32941,6357
2018-05-27 20:00:00+00:00,1.3315,1.3315,1.33034,1.33083,12760
2018-05-28 00:00:00+00:00,1.33073,1.33317,1.3306,1.3331,35526
2018-05-28 04:00:00+00:00,1.33303,1.33403,1.33185,1.33233,55390
2018-05-28 08:00:00+00:00,1.33222,1.33369,1.33112,1.33126,87235
2018-05-28 12:00:00+00:00,1.33126,1.33146,1.32973,1.33076,60325
2018-05-28 16:00:00+00:00,1.3307,1.33149,1.33069,1.33115,12032
2018-05-28 20:00:00+00:00,1.33115,1.33135,1.33044,1.33118,9663
2018-05-29 00:00:00+00:00,1.3312,1.33243,1.3298,1.33207,35416
2018-05-29 04:00:00+00:00,1.33207,1.33226,1.32428,1.32464,77825
2018-05-29 08:00:00+00:00,1.32453,1.32729,1.32053,1.32522,167364
2018-05-29 12:00:00+00:00,1.325,1.3293,1.32453,1.32579,154112
2018-05-29 16:00:00+00:00,1.32559,1.32595,1.32297,1.32499,79729
2018-05-29 20:00:00+00:00,1.32526,1.32605,1.32448,1.32537,16598
2018-05-30 00:00:00+00:00,1.32546,1.32635,1.32429,1.3252,34203
2018-05-30 04:00:00+00:00,1.3251,1.32899,1.32457,1.3288,82563
2018-05-30 08:00:00+00:00,1.32896,1.32963,1.32572,1.32889,134634
2018-05-30 12:00:00+00:00,1.32895,1.3306,1.32686,1.32948,147393
2018-05-30 16:00:00+00:00,1.32977,1.32996,1.32706,1.32842,53639
2018-05-30 20:00:00+00:00,1.32813,1.32883,1.32788,1.32839,14835
2018-05-31 00:00:00+00:00,1.32858,1.33118,1.3278,1.33047,30695
2018-05-31 04:00:00+00:00,1.33057,1.33369,1.32987,1.33311,78250
2018-05-31 08:00:00+00:00,1.33309,1.33472,1.33129,1.33458,98022
2018-05-31 12:00:00+00:00,1.33451,1.33451,1.32816,1.3287,179420
2018-05-31 16:00:00+00:00,1.32901,1.3302,1.32841,1.32919,59360
2018-05-31 20:00:00+00:00,1.32927,1.32996,1.32855,1.32888,13493
2018-06-01 00:00:00+00:00,1.32892,1.32916,1.32575,1.32629,33748
2018-06-01 04:00:00+00:00,1.32629,1.32937,1.32564,1.32857,66212
2018-06-01 08:00:00+00:00,1.32893,1.33339,1.32781,1.33201,105740
2018-06-01 12:00:00+00:00,1.33196,1.33594,1.32849,1.33565,180889
2018-06-01 16:00:00+00:00,1.33554,1.33612,1.33393,1.33485,39532
2018-06-01 20:00:00+00:00,1.33526,1.33526,1.33422,1.33422,4323
2018-06-03 20:00:00+00:00,1.33422,1.33543,1.33413,1.3353,12648
2018-06-04 00:00:00+00:00,1.33534,1.33767,1.33534,1.3374,31682
2018-06-04 04:00:00+00:00,1.33728,1.33767,1.33541,1.33579,65104
2018-06-04 08:00:00+00:00,1.33566,1.33981,1.33491,1.33869,86347
2018-06-04 12:00:00+00:00,1.33902,1.33923,1.32963,1.33144,105370
2018-06-04 16:00:00+00:00,1.33115,1.33302,1.33041,1.3313,48490
2018-06-04 20:00:00+00:00,1.33121,1.33169,1.33109,1.33157,10472
2018-06-05 00:00:00+00:00,1.33184,1.332,1.3305,1.33106,27773
2018-06-05 04:00:00+00:00,1.33104,1.333,1.33024,1.33221,62573
2018-06-05 08:00:00+00:00,1.33207,1.33887,1.33195,1.33579,98246
2018-06-05 12:00:00+00:00,1.33587,1.33727,1.33339,1.33592,122403
2018-06-05 16:00:00+00:00,1.33742,1.34077,1.33647,1.33896,76053
2018-06-05 20:00:00+00:00,1.33887,1.34133,1.33887,1.34062,15443
2018-06-06 00:00:00+00:00,1.34061,1.34165,1.3404,1.34095,22708
2018-06-06 04:00:00+00:00,1.34087,1.34266,1.3398,1.34214,94682
2018-06-06 08:00:00+00:00,1.34222,1.34351,1.34066,1.34199,91821
2018-06-06 12:00:00+00:00,1.34255,1.34425,1.34135,1.34284,108553
2018-06-06 16:00:00+00:00,1.34276,1.34281,1.33998,1.34096,40804
2018-06-06 20:00:00+00:00,1.34092,1.34207,1.34087,1.34199,9979
2018-06-07 00:00:00+00:00,1.34219,1.34381,1.34219,1.34245,27913
2018-06-07 04:00:00+00:00,1.34245,1.34708,1.34229,1.34685,66969
2018-06-07 08:00:00+00:00,1.34686,1.34695,1.33758,1.33975,99866
2018-06-07 12:00:00+00:00,1.33854,1.34541,1.33766,1.3426,127578
2018-06-07 16:00:00+00:00,1.34292,1.344,1.34063,1.34205,76068
2018-06-07 20:00:00+00:00,1.34209,1.34251,1.34115,1.34167,12957
2018-06-08 00:00:00+00:00,1.34162,1.34232,1.34119,1.34161,23350
2018-06-08 04:00:00+00:00,1.34174,1.34319,1.34045,1.34319,79026
2018-06-08 08:00:00+00:00,1.34362,1.34362,1.33844,1.33946,104723
2018-06-08 12:00:00+00:00,1.3391,1.3412,1.33577,1.34053,120749
2018-06-08 16:00:00+00:00,1.34053,1.3418,1.33988,1.34052,36152
2018-06-08 20:00:00+00:00,1.34049,1.34086,1.34037,1.34086,4176
2018-06-10 20:00:00+00:00,1.34108,1.34137,1.3405,1.34129,3474
2018-06-11 00:00:00+00:00,1.341,1.34244,1.34082,1.34097,23326
2018-06-11 04:00:00+00:00,1.341,1.34402,1.34024,1.34218,51831
2018-06-11 08:00:00+00:00,1.34208,1.34303,1.33475,1.3367,70363
2018-06-11 12:00:00+00:00,1.33695,1.33998,1.3363,1.33846,76389
2018-06-11 16:00:00+00:00,1.33833,1.33851,1.33665,1.33825,43775
2018-06-11 20:00:00+00:00,1.33831,1.33833,1.33713,1.33713,13430
2018-06-12 00:00:00+00:00,1.33707,1.33707,1.33465,1.33599,33744
2018-06-12 04:00:00+00:00,1.33581,1.33996,1.33441,1.33954,57853
2018-06-12 08:00:00+00:00,1.33985,1.34165,1.33758,1.3383,84451
2018-06-12 12:00:00+00:00,1.33807,1.3418,1.33506,1.3418,103931
2018-06-12 16:00:00+00:00,1.34217,1.34237,1.33621,1.33743,59307
2018-06-12 20:00:00+00:00,1.33731,1.33758,1.33673,1.33735,10747
2018-06-13 00:00:00+00:00,1.33729,1.33746,1.33589,1.33628,20821
2018-06-13 04:00:00+00:00,1.33624,1.337,1.33447,1.33494,45121
2018-06-13 08:00:00+00:00,1.33471,1.33502,1.33099,1.33304,76906
2018-06-13 12:00:00+00:00,1.33326,1.33796,1.3331,1.33775,75230
2018-06-13 16:00:00+00:00,1.33778,1.33877,1.33203,1.33761,130876
2018-06-13 20:00:00+00:00,1.33762,1.33843,1.33678,1.33815,13897
2018-06-14 00:00:00+00:00,1.33822,1.33889,1.3371,1.33882,22690
2018-06-14 04:00:00+00:00,1.33881,1.34105,1.33878,1.34008,39819
2018-06-14 08:00:00+00:00,1.34014,1.34422,1.3387,1.3387,103735
2018-06-14 12:00:00+00:00,1.33873,1.33887,1.3305,1.33323,195862
2018-06-14 16:00:00+00:00,1.33325,1.3335,1.32717,1.32777,80029
2018-06-14 20:00:00+00:00,1.32794,1.32794,1.32534,1.32542,19404
2018-06-15 00:00:00+00:00,1.3254,1.32584,1.32468,1.32472,29214
2018-06-15 04:00:00+00:00,1.32482,1.32551,1.32114,1.32503,71714
2018-06-15 08:00:00+00:00,1.32512,1.32907,1.32503,1.32756,108926
2018-06-15 12:00:00+00:00,1.328,1.32968,1.32611,1.32822,121223
2018-06-15 16:00:00+00:00,1.32828,1.32878,1.32749,1.32785,37077
2018-06-15 20:00:00+00:00,1.32764,1.32863,1.3275,1.3275,4689
2018-06-17 20:00:00+00:00,1.3262,1.32782,1.3262,1.32754,19222
2018-06-18 00:00:00+00:00,1.32741,1.32743,1.32624,1.32711,26058
2018-06-18 04:00:00+00:00,1.32712,1.32739,1.32278,1.32278,46014
2018-06-18 08:00:00+00:00,1.3228,1.32627,1.32267,1.32486,67683
2018-06-18 12:00:00+00:00,1.32506,1.32597,1.32304,1.32461,82473
2018-06-18 16:00:00+00:00,1.32483,1.32533,1.32369,1.3241,27297
2018-06-18 20:00:00+00:00,1.32397,1.326,1.32397,1.32578,17459
2018-06-19 00:00:00+00:00,1.32545,1.32724,1.32508,1.32698,32467
2018-06-19 04:00:00+00:00,1.32693,1.32693,1.3198,1.3198,76761
2018-06-19 08:00:00+00:00,1.32059,1.32128,1.31512,1.31617,121912
2018-06-19 12:00:00+00:00,1.31599,1.3186,1.31524,1.31731,106185
2018-06-19 16:00:00+00:00,1.31718,1.3187,1.3165,1.31751,34833
2018-06-19 20:00:00+00:00,1.31751,1.31817,1.31691,1.31732,10844
2018-06-20 00:00:00+00:00,1.31743,1.31743,1.31563,1.31605,24502
2018-06-20 04:00:00+00:00,1.31605,1.31746,1.31502,1.31619,49576
2018-06-20 08:00:00+00:00,1.31589,1.31874,1.31498,1.31804,80129
2018-06-20 12:00:00+00:00,1.31806,1.3215,1.31715,1.32109,110090
2018-06-20 16:00:00+00:00,1.32113,1.3214,1.3175,1.31819,45222
2018-06-20 20:00:00+00:00,1.31836,1.31864,1.31684,1.31721,16309
2018-06-21 00:00:00+00:00,1.3173,1.31735,1.31567,1.31627,28389
2018-06-21 04:00:00+00:00,1.31617,1.31628,1.31262,1.31467,64738
2018-06-21 08:00:00+00:00,1.31443,1.32239,1.31035,1.32168,139933
2018-06-21 12:00:00+00:00,1.32148,1.3269,1.32019,1.32516,156003
2018-06-21 16:00:00+00:00,1.32507,1.32625,1.32412,1.32443,46327
2018-06-21 20:00:00+00:00,1.32468,1.32494,1.3236,1.32451,19908
2018-06-22 00:00:00+00:00,1.32472,1.32663,1.3247,1.32639,29060
2018-06-22 04:00:00+00:00,1.32641,1.32984,1.32601,1.32847,67530
2018-06-22 08:00:00+00:00,1.32853,1.33143,1.32775,1.32812,96586
2018-06-22 12:00:00+00:00,1.32793,1.32986,1.32527,1.3256,112659
2018-06-22 16:00:00+00:00,1.32588,1.32679,1.32467,1.32568,32795
2018-06-22 20:00:00+00:00,1.32593,1.32647,1.3258,1.3258,5054
2018-06-24 20:00:00+00:00,1.3251,1.32713,1.3251,1.32614,17260
2018-06-25 00:00:00+00:00,1.32628,1.32635,1.32498,1.32628,39550
2018-06-25 04:00:00+00:00,1.32633,1.32645,1.32221,1.32403,53302
2018-06-25 08:00:00+00:00,1.32444,1.32834,1.32274,1.32834,71945
2018-06-25 12:00:00+00:00,1.32826,1.32887,1.32581,1.32716,80409
2018-06-25 16:00:00+00:00,1.32747,1.32875,1.32613,1.32773,39504
2018-06-25 20:00:00+00:00,1.32774,1.32838,1.3275,1.32775,11330
2018-06-26 00:00:00+00:00,1.32785,1.32891,1.32738,1.3282,33850
2018-06-26 04:00:00+00:00,1.32837,1.3292,1.32654,1.32749,48099
2018-06-26 08:00:00+00:00,1.32729,1.32741,1.3212,1.32438,98420
2018-06-26 12:00:00+00:00,1.32454,1.32534,1.32282,1.32431,86934
2018-06-26 16:00:00+00:00,1.32412,1.32414,1.31962,1.32182,47352
2018-06-26 20:00:00+00:00,1.32198,1.32289,1.32178,1.32203,10006
2018-06-27 00:00:00+00:00,1.32195,1.32305,1.32175,1.32292,42126
2018-06-27 04:00:00+00:00,1.32291,1.32336,1.32066,1.32082,58262
2018-06-27 08:00:00+00:00,1.32085,1.32232,1.31659,1.31898,102274
2018-06-27 12:00:00+00:00,1.31872,1.31872,1.31271,1.31389,114819
2018-06-27 16:00:00+00:00,1.3134,1.31472,1.31069,1.31129,63878
2018-06-27 20:00:00+00:00,1.31148,1.31205,1.31109,1.31197,37568
2018-06-28 00:00:00+00:00,1.31186,1.31194,1.31066,1.31138,41810
2018-06-28 04:00:00+00:00,1.31138,1.3114,1.30691,1.30845,67466
2018-06-28 08:00:00+00:00,1.30882,1.31089,1.30683,1.30891,85643
2018-06-28 12:00:00+00:00,1.30903,1.31087,1.3052,1.30944,138361
2018-06-28 16:00:00+00:00,1.30961,1.30981,1.3066,1.30733,49128
2018-06-28 20:00:00+00:00,1.3073,1.30807,1.30675,1.30748,14991
2018-06-29 00:00:00+00:00,1.30765,1.3118,1.307,1.31135,62645
2018-06-29 04:00:00+00:00,1.31137,1.31274,1.31037,1.31134,73858
2018-06-29 08:00:00+00:00,1.31128,1.31762,1.31085,1.31485,120099
2018-06-29 12:00:00+00:00,1.31482,1.32069,1.31395,1.31961,131184
2018-06-29 16:00:00+00:00,1.31997,1.31997,1.31845,1.31974,41865
2018-06-29 20:00:00+00:00,1.31994,1.32132,1.31994,1.32031,6672
2018-07-01 20:00:00+00:00,1.3195,1.32085,1.3188,1.32074,17486
2018-07-02 00:00:00+00:00,1.32064,1.32064,1.31745,1.31753,43757
2018-07-02 04:00:00+00:00,1.31758,1.3181,1.3151,1.31527,58408
2018-07-02 08:00:00+00:00,1.31585,1.31746,1.31361,1.31369,65518
2018-07-02 12:00:00+00:00,1.31377,1.31425,1.30982,1.31327,108337
2018-07-02 16:00:00+00:00,1.31325,1.31356,1.3121,1.31301,32023
2018-07-02 20:00:00+00:00,1.31292,1.31471,1.31285,1.31423,14590
2018-07-03 00:00:00+00:00,1.31402,1.31428,1.31151,1.31333,42238
2018-07-03 04:00:00+00:00,1.31327,1.31789,1.31284,1.31788,79192
2018-07-03 08:00:00+00:00,1.31792,1.31974,1.31722,1.31954,81820
2018-07-03 12:00:00+00:00,1.31985,1.32064,1.31594,1.31733,89374
2018-07-03 16:00:00+00:00,1.31704,1.31988,1.31603,1.31984,23541
2018-07-03 20:00:00+00:00,1.31976,1.31976,1.31883,1.31938,10223
2018-07-04 00:00:00+00:00,1.31944,1.32151,1.31944,1.32034,38858
2018-07-04 04:00:00+00:00,1.32031,1.32251,1.31882,1.31882,51569
2018-07-04 08:00:00+00:00,1.31942,1.32223,1.31725,1.32121,59779
2018-07-04 12:00:00+00:00,1.32161,1.32226,1.32046,1.3222,58019
2018-07-04 16:00:00+00:00,1.32217,1.32483,1.32164,1.32311,24058
2018-07-04 20:00:00+00:00,1.32298,1.32325,1.32245,1.32279,36011
2018-07-05 00:00:00+00:00,1.3228,1.32326,1.32199,1.32242,36431
2018-07-05 04:00:00+00:00,1.32248,1.32513,1.32178,1.32399,64375
2018-07-05 08:00:00+00:00,1.32393,1.32654,1.32254,1.32654,80012
2018-07-05 12:00:00+00:00,1.32685,1.32738,1.3206,1.32276,105396
2018-07-05 16:00:00+00:00,1.32278,1.32303,1.32042,1.32232,41147
2018-07-05 20:00:00+00:00,1.3221,1.32267,1.32105,1.32219,10817
2018-07-06 00:00:00+00:00,1.32223,1.3224,1.32039,1.32179,28212
2018-07-06 04:00:00+00:00,1.32167,1.32435,1.32129,1.32399,60545
2018-07-06 08:00:00+00:00,1.32406,1.32511,1.32224,1.32293,51483
2018-07-06 12:00:00+00:00,1.32261,1.32783,1.32237,1.32609,102473
2018-07-06 16:00:00+00:00,1.3259,1.32723,1.32574,1.32716,29036
2018-07-06 20:00:00+00:00,1.32808,1.32897,1.32796,1.32856,6621
2018-07-08 20:00:00+00:00,1.33176,1.33176,1.32861,1.32946,23341
2018-07-09 00:00:00+00:00,1.3294,1.33027,1.3285,1.32976,26303
2018-07-09 04:00:00+00:00,1.32976,1.33396,1.32924,1.33396,61041
2018-07-09 08:00:00+00:00,1.33396,1.33621,1.33265,1.33463,80525
2018-07-09 12:00:00+00:00,1.33478,1.33495,1.31972,1.31972,142723
2018-07-09 16:00:00+00:00,1.32121,1.32665,1.32053,1.325,66370
2018-07-09 20:00:00+00:00,1.32502,1.32583,1.32441,1.32539,12494
2018-07-10 00:00:00+00:00,1.32554,1.32618,1.32381,1.32386,23887
2018-07-10 04:00:00+00:00,1.32389,1.3288,1.32245,1.3288,60862
2018-07-10 08:00:00+00:00,1.32947,1.32949,1.32282,1.3248,85191
2018-07-10 12:00:00+00:00,1.3245,1.32831,1.32442,1.3266,98266
2018-07-10 16:00:00+00:00,1.32631,1.32743,1.32414,1.32731,39392
2018-07-10 20:00:00+00:00,1.3273,1.32804,1.32549,1.32583,22813
2018-07-11 00:00:00+00:00,1.32599,1.32678,1.32497,1.32619,31451
2018-07-11 04:00:00+00:00,1.32619,1.32844,1.3254,1.32749,50548
2018-07-11 08:00:00+00:00,1.32731,1.32826,1.32346,1.32402,78454
2018-07-11 12:00:00+00:00,1.32384,1.32728,1.32296,1.32381,124126
2018-07-11 16:00:00+00:00,1.32358,1.32384,1.32002,1.32008,82700
2018-07-11 20:00:00+00:00,1.32018,1.32074,1.32018,1.32063,13322
2018-07-12 00:00:00+00:00,1.3205,1.3208,1.31906,1.31991,26632
2018-07-12 04:00:00+00:00,1.31991,1.32221,1.31982,1.32143,47622
2018-07-12 08:00:00+00:00,1.32182,1.32248,1.31819,1.32046,68604
2018-07-12 12:00:00+00:00,1.32066,1.3241,1.32018,1.32366,104922
2018-07-12 16:00:00+00:00,1.32357,1.32377,1.32061,1.32112,46227
2018-07-12 20:00:00+00:00,1.32093,1.32093,1.3171,1.31784,16754
2018-07-13 00:00:00+00:00,1.31774,1.31896,1.31743,1.31791,27437
2018-07-13 04:00:00+00:00,1.31788,1.31813,1.31218,1.31328,52825
2018-07-13 08:00:00+00:00,1.31278,1.31435,1.31059,1.31294,80688
2018-07-13 12:00:00+00:00,1.31365,1.32193,1.31365,1.32141,114484
2018-07-13 16:00:00+00:00,1.32161,1.32327,1.32111,1.32325,35151
2018-07-13 20:00:00+00:00,1.32334,1.32374,1.32324,1.32334,2882
2018-07-15 20:00:00+00:00,1.3227,1.32311,1.32247,1.32269,6676
2018-07-16 00:00:00+00:00,1.3227,1.32425,1.32253,1.32367,22076
2018-07-16 04:00:00+00:00,1.32374,1.32544,1.3227,1.32391,45515
2018-07-16 08:00:00+00:00,1.3242,1.3292,1.32373,1.32737,63397
2018-07-16 12:00:00+00:00,1.3275,1.32807,1.3224,1.3236,83686
2018-07-16 16:00:00+00:00,1.32347,1.324,1.32185,1.32342,30664
2018-07-16 20:00:00+00:00,1.32342,1.3242,1.32323,1.32361,11818
2018-07-17 00:00:00+00:00,1.32352,1.32485,1.32276,1.32484,27940
2018-07-17 04:00:00+00:00,1.32497,1.32589,1.32361,1.32402,45929
2018-07-17 08:00:00+00:00,1.32384,1.32682,1.31957,1.31957,81622
2018-07-17 12:00:00+00:00,1.31947,1.3197,1.31478,1.31574,115936
2018-07-17 16:00:00+00:00,1.31617,1.31626,1.30726,1.31153,71340
2018-07-17 20:00:00+00:00,1.31124,1.31181,1.30991,1.31049,10921
2018-07-18 00:00:00+00:00,1.31086,1.31169,1.31069,1.31101,24370
2018-07-18 04:00:00+00:00,1.3108,1.31089,1.30808,1.30813,58384
2018-07-18 08:00:00+00:00,1.30794,1.30971,1.30113,1.3022,104385
2018-07-18 12:00:00+00:00,1.30207,1.30659,1.30184,1.3049,98425
2018-07-18 16:00:00+00:00,1.30525,1.30777,1.30525,1.30767,38027
2018-07-18 20:00:00+00:00,1.30804,1.30804,1.30657,1.30775,11843
2018-07-19 00:00:00+00:00,1.30775,1.30824,1.30636,1.30809,31692
2018-07-19 04:00:00+00:00,1.30805,1.30815,1.30187,1.30202,63575
2018-07-19 08:00:00+00:00,1.30213,1.30277,1.29748,1.29885,105452
2018-07-19 12:00:00+00:00,1.29848,1.30057,1.29597,1.2985,100807
2018-07-19 16:00:00+00:00,1.29856,1.30435,1.29821,1.30048,96493
2018-07-19 20:00:00+00:00,1.30029,1.30242,1.30019,1.30226,15142
2018-07-20 00:00:00+00:00,1.30215,1.30254,1.29956,1.30216,49265
2018-07-20 04:00:00+00:00,1.30206,1.30359,1.29984,1.30044,65878
2018-07-20 08:00:00+00:00,1.30041,1.30483,1.30041,1.30453,89631
2018-07-20 12:00:00+00:00,1.30467,1.31141,1.30413,1.31134,135904
2018-07-20 16:00:00+00:00,1.31134,1.31377,1.3107,1.31346,32411
2018-07-20 20:00:00+00:00,1.31356,1.31363,1.31268,1.31268,5158
2018-07-22 20:00:00+00:00,1.31221,1.31469,1.31206,1.31459,11339
2018-07-23 00:00:00+00:00,1.31479,1.31562,1.31355,1.31491,36251
2018-07-23 04:00:00+00:00,1.31491,1.31575,1.31329,1.31518,50007
2018-07-23 08:00:00+00:00,1.31531,1.31543,1.31139,1.31424,56852
2018-07-23 12:00:00+00:00,1.31403,1.31433,1.30992,1.31053,77855
2018-07-23 16:00:00+00:00,1.31023,1.31095,1.30911,1.31035,34843
2018-07-23 20:00:00+00:00,1.31034,1.31052,1.30954,1.31028,13642
2018-07-24 00:00:00+00:00,1.3103,1.31091,1.30941,1.30951,31799
2018-07-24 04:00:00+00:00,1.30957,1.31244,1.30738,1.31131,58559
2018-07-24 08:00:00+00:00,1.31104,1.31375,1.31003,1.31323,72330
2018-07-24 12:00:00+00:00,1.31294,1.31586,1.31117,1.31336,92863
2018-07-24 16:00:00+00:00,1.31346,1.31517,1.31294,1.31497,35658
2018-07-24 20:00:00+00:00,1.31464,1.31513,1.3141,1.31492,9879
2018-07-25 00:00:00+00:00,1.31503,1.31568,1.31386,1.31442,26963
2018-07-25 04:00:00+00:00,1.31423,1.31727,1.31384,1.31518,47206
2018-07-25 08:00:00+00:00,1.31502,1.31657,1.31422,1.31623,75032
2018-07-25 12:00:00+00:00,1.31617,1.31765,1.31344,1.31484,95444
2018-07-25 16:00:00+00:00,1.31463,1.31997,1.31392,1.31952,60206
2018-07-25 20:00:00+00:00,1.31955,1.32011,1.31849,1.3199,20871
2018-07-26 00:00:00+00:00,1.31991,1.3213,1.31974,1.3202,28152
2018-07-26 04:00:00+00:00,1.32019,1.3211,1.31826,1.31932,42616
2018-07-26 08:00:00+00:00,1.31915,1.31941,1.31738,1.31786,53672
2018-07-26 12:00:00+00:00,1.31791,1.31882,1.31175,1.3119,125303
2018-07-26 16:00:00+00:00,1.31154,1.31313,1.31055,1.31067,34727
2018-07-26 20:00:00+00:00,1.31078,1.31127,1.31038,1.31084,12103
2018-07-27 00:00:00+00:00,1.3109,1.31141,1.31003,1.31079,25184
2018-07-27 04:00:00+00:00,1.3108,1.31217,1.30912,1.31139,41896
2018-07-27 08:00:00+00:00,1.31142,1.31172,1.30839,1.30943,51806
2018-07-27 12:00:00+00:00,1.30961,1.31301,1.30856,1.31172,88387
2018-07-27 16:00:00+00:00,1.31149,1.31169,1.31027,1.31101,26494
2018-07-27 20:00:00+00:00,1.31098,1.311,1.30961,1.31074,5445
2018-07-29 20:00:00+00:00,1.31084,1.3111,1.30989,1.31098,10064
2018-07-30 00:00:00+00:00,1.31111,1.31147,1.30974,1.31034,22392
2018-07-30 04:00:00+00:00,1.31033,1.3135,1.31007,1.31298,38769
2018-07-30 08:00:00+00:00,1.3129,1.31326,1.31082,1.3109,53899
2018-07-30 12:00:00+00:00,1.3108,1.31511,1.3108,1.3139,58345
2018-07-30 16:00:00+00:00,1.3139,1.31463,1.31294,1.31294,20518
2018-07-30 20:00:00+00:00,1.31302,1.3137,1.31276,1.31356,10121
2018-07-31 00:00:00+00:00,1.31356,1.31387,1.31137,1.31245,20241
2018-07-31 04:00:00+00:00,1.31247,1.3146,1.31148,1.31397,55386
2018-07-31 08:00:00+00:00,1.31397,1.31721,1.31384,1.31606,55562
2018-07-31 12:00:00+00:00,1.31586,1.31615,1.30964,1.31245,102491
2018-07-31 16:00:00+00:00,1.31234,1.31314,1.31171,1.31251,30973
2018-07-31 20:00:00+00:00,1.31252,1.31305,1.31138,1.31187,20864
2018-08-01 00:00:00+00:00,1.31178,1.31209,1.31078,1.31089,19713
2018-08-01 04:00:00+00:00,1.31102,1.3126,1.30961,1.31118,38416
2018-08-01 08:00:00+00:00,1.31135,1.31367,1.31076,1.31305,41704
2018-08-01 12:00:00+00:00,1.31316,1.3143,1.31149,1.31182,79646
2018-08-01 16:00:00+00:00,1.31195,1.31362,1.31049,1.31253,47536
2018-08-01 20:00:00+00:00,1.31251,1.31285,1.3117,1.31248,10389
2018-08-02 00:00:00+00:00,1.31239,1.31251,1.31036,1.31036,18848
2018-08-02 04:00:00+00:00,1.31044,1.31086,1.30697,1.30833,36394
2018-08-02 08:00:00+00:00,1.30836,1.31156,1.30294,1.30459,100055
2018-08-02 12:00:00+00:00,1.30336,1.30636,1.30176,1.30347,87865
2018-08-02 16:00:00+00:00,1.30355,1.30428,1.30166,1.30168,36496
2018-08-02 20:00:00+00:00,1.30177,1.30191,1.30117,1.3016,13418
2018-08-03 00:00:00+00:00,1.30158,1.30222,1.30064,1.30202,15264
2018-08-03 04:00:00+00:00,1.3019,1.30265,1.2977,1.2977,39720
2018-08-03 08:00:00+00:00,1.29763,1.30412,1.29763,1.30226,67419
2018-08-03 12:00:00+00:00,1.3022,1.30381,1.29954,1.30194,109145
2018-08-03 16:00:00+00:00,1.30192,1.30229,1.30004,1.30034,25722
2018-08-03 20:00:00+00:00,1.30024,1.30052,1.29975,1.29979,3876
2018-08-05 20:00:00+00:00,1.30022,1.30058,1.29974,1.30017,6177
2018-08-06 00:00:00+00:00,1.30009,1.30043,1.29933,1.29974,17441
2018-08-06 04:00:00+00:00,1.29969,1.29986,1.29719,1.29751,33098
2018-08-06 08:00:00+00:00,1.29739,1.29739,1.29244,1.29337,53925
2018-08-06 12:00:00+00:00,1.29331,1.29512,1.29201,1.29452,54348
2018-08-06 16:00:00+00:00,1.29452,1.29458,1.29348,1.29421,22302
2018-08-06 20:00:00+00:00,1.2942,1.29461,1.29374,1.29435,9661
2018-08-07 00:00:00+00:00,1.29423,1.29481,1.29376,1.29406,16218
2018-08-07 04:00:00+00:00,1.29404,1.29729,1.29401,1.29586,32618
2018-08-07 08:00:00+00:00,1.29577,1.29719,1.29545,1.29645,47167
2018-08-07 12:00:00+00:00,1.29637,1.29675,1.29392,1.29562,55205
2018-08-07 16:00:00+00:00,1.29562,1.29572,1.29258,1.29404,32804
2018-08-07 20:00:00+00:00,1.29403,1.29454,1.29355,1.29454,9931
2018-08-08 00:00:00+00:00,1.29457,1.29528,1.29343,1.29507,19353
2018-08-08 04:00:00+00:00,1.29496,1.29597,1.29275,1.29275,36489
2018-08-08 08:00:00+00:00,1.29304,1.29304,1.2855,1.28578,65288
2018-08-08 12:00:00+00:00,1.28583,1.28967,1.28554,1.2879,67552
2018-08-08 16:00:00+00:00,1.28781,1.28942,1.28729,1.28852,26751
2018-08-08 20:00:00+00:00,1.28857,1.28874,1.28772,1.28774,8224
2018-08-09 00:00:00+00:00,1.28791,1.28899,1.28542,1.28822,20995
2018-08-09 04:00:00+00:00,1.28803,1.28863,1.28431,1.28489,39621
2018-08-09 08:00:00+00:00,1.28492,1.29093,1.28483,1.28866,54245
2018-08-09 12:00:00+00:00,1.28864,1.29061,1.28624,1.28692,62721
2018-08-09 16:00:00+00:00,1.28681,1.28682,1.28268,1.28277,40686
2018-08-09 20:00:00+00:00,1.28302,1.28308,1.28195,1.28283,13591
2018-08-10 00:00:00+00:00,1.2829,1.28363,1.28264,1.28316,19319
2018-08-10 04:00:00+00:00,1.28312,1.28354,1.27403,1.27611,128243
2018-08-10 08:00:00+00:00,1.27602,1.2787,1.27462,1.27786,85374
2018-08-10 12:00:00+00:00,1.27726,1.27918,1.27251,1.2767,147740
2018-08-10 16:00:00+00:00,1.27622,1.27755,1.27407,1.27661,46608
2018-08-10 20:00:00+00:00,1.2767,1.27745,1.27664,1.27665,5678
2018-08-12 20:00:00+00:00,1.27413,1.27783,1.27413,1.27597,13825
2018-08-13 00:00:00+00:00,1.27585,1.27616,1.27433,1.27585,39571
2018-08-13 04:00:00+00:00,1.27584,1.27687,1.27352,1.27392,79990
2018-08-13 08:00:00+00:00,1.27397,1.27757,1.27308,1.27681,80635
2018-08-13 12:00:00+00:00,1.27687,1.279,1.27536,1.27568,119616
2018-08-13 16:00:00+00:00,1.27553,1.2763,1.2743,1.27554,45554
2018-08-13 20:00:00+00:00,1.27551,1.27677,1.27543,1.27589,14834
2018-08-14 00:00:00+00:00,1.27573,1.27747,1.2755,1.27705,26090
2018-08-14 04:00:00+00:00,1.27702,1.28095,1.27595,1.28095,62551
2018-08-14 08:00:00+00:00,1.28071,1.28177,1.27642,1.27699,90255
2018-08-14 12:00:00+00:00,1.27685,1.27786,1.27342,1.27366,96612
2018-08-14 16:00:00+00:00,1.27363,1.27375,1.2705,1.27137,49552
2018-08-14 20:00:00+00:00,1.27136,1.27229,1.27088,1.27178,15547
2018-08-15 00:00:00+00:00,1.27168,1.27183,1.26934,1.26973,27745
2018-08-15 04:00:00+00:00,1.26947,1.2734,1.26926,1.2716,42845
2018-08-15 08:00:00+00:00,1.27149,1.2726,1.26947,1.27029,72288
2018-08-15 12:00:00+00:00,1.27035,1.2708,1.2665,1.2683,114719
2018-08-15 16:00:00+00:00,1.26848,1.27085,1.26848,1.26952,49521
2018-08-15 20:00:00+00:00,1.26953,1.27015,1.26904,1.26926,11442
2018-08-16 00:00:00+00:00,1.26933,1.27255,1.26872,1.2725,50666
2018-08-16 04:00:00+00:00,1.27235,1.27314,1.27051,1.27106,57331
2018-08-16 08:00:00+00:00,1.27092,1.27309,1.26905,1.27008,61122
2018-08-16 12:00:00+00:00,1.27016,1.27516,1.26957,1.27208,90617
2018-08-16 16:00:00+00:00,1.27207,1.27222,1.26946,1.27176,51840
2018-08-16 20:00:00+00:00,1.27163,1.27174,1.27108,1.27123,8253
2018-08-17 00:00:00+00:00,1.27121,1.27257,1.27079,1.27152,28694
2018-08-17 04:00:00+00:00,1.27164,1.2747,1.27099,1.27137,41920
2018-08-17 08:00:00+00:00,1.27141,1.27309,1.26987,1.27151,79362
2018-08-17 12:00:00+00:00,1.27169,1.27402,1.27109,1.27332,89874
2018-08-17 16:00:00+00:00,1.27359,1.27508,1.27256,1.27479,42128
2018-08-17 20:00:00+00:00,1.27476,1.27513,1.27457,1.27468,3658
2018-08-19 20:00:00+00:00,1.27419,1.27504,1.27409,1.27462,4916
2018-08-20 00:00:00+00:00,1.27452,1.27532,1.27385,1.27482,22672
2018-08-20 04:00:00+00:00,1.27471,1.27493,1.27303,1.27432,39366
2018-08-20 08:00:00+00:00,1.27433,1.27694,1.27303,1.27686,51475
2018-08-20 12:00:00+00:00,1.27684,1.27756,1.27568,1.27633,62411
2018-08-20 16:00:00+00:00,1.27634,1.279,1.27633,1.27872,30793
2018-08-20 20:00:00+00:00,1.27873,1.28043,1.27873,1.28041,13832
2018-08-21 00:00:00+00:00,1.28025,1.28337,1.27998,1.28328,33152
2018-08-21 04:00:00+00:00,1.28323,1.28454,1.28213,1.28284,42894
2018-08-21 08:00:00+00:00,1.2828,1.28429,1.28133,1.28271,50890
2018-08-21 12:00:00+00:00,1.28254,1.2876,1.28127,1.28563,87920
2018-08-21 16:00:00+00:00,1.28583,1.29245,1.28509,1.29026,66444
2018-08-21 20:00:00+00:00,1.29036,1.2907,1.28934,1.29053,18258
2018-08-22 00:00:00+00:00,1.2905,1.2912,1.29009,1.2908,28781
2018-08-22 04:00:00+00:00,1.2907,1.29145,1.28808,1.28808,39213
2018-08-22 08:00:00+00:00,1.28782,1.29152,1.2869,1.29137,64120
2018-08-22 12:00:00+00:00,1.29087,1.29354,1.29041,1.29091,81246
2018-08-22 16:00:00+00:00,1.29091,1.29329,1.2905,1.292,46096
2018-08-22 20:00:00+00:00,1.29187,1.29187,1.29035,1.29054,20068
2018-08-23 00:00:00+00:00,1.2905,1.2905,1.28652,1.28692,30582
2018-08-23 04:00:00+00:00,1.28692,1.28843,1.28583,1.28778,35596
2018-08-23 08:00:00+00:00,1.28757,1.29086,1.2851,1.28819,59957
2018-08-23 12:00:00+00:00,1.28837,1.28876,1.2817,1.2829,89577
2018-08-23 16:00:00+00:00,1.2829,1.2832,1.28048,1.28155,44332
2018-08-23 20:00:00+00:00,1.28171,1.28171,1.28034,1.28093,14795
2018-08-24 00:00:00+00:00,1.28085,1.28182,1.27994,1.28157,30610
2018-08-24 04:00:00+00:00,1.28162,1.28384,1.28107,1.28291,35522
2018-08-24 08:00:00+00:00,1.28316,1.28599,1.28087,1.2848,64438
2018-08-24 12:00:00+00:00,1.28449,1.28793,1.28417,1.28575,121762
2018-08-24 16:00:00+00:00,1.28585,1.28655,1.2841,1.28502,35312
2018-08-24 20:00:00+00:00,1.28499,1.28514,1.28451,1.28454,2533
2018-08-26 20:00:00+00:00,1.284,1.28632,1.28349,1.28582,9158
2018-08-27 00:00:00+00:00,1.28571,1.28622,1.2846,1.28574,23236
2018-08-27 04:00:00+00:00,1.2857,1.2857,1.28306,1.28385,33183
2018-08-27 08:00:00+00:00,1.28442,1.28681,1.28381,1.28681,44793
2018-08-27 12:00:00+00:00,1.28641,1.2892,1.2864,1.28902,82008
2018-08-27 16:00:00+00:00,1.28911,1.28994,1.28858,1.28942,29379
2018-08-27 20:00:00+00:00,1.28936,1.28975,1.2889,1.28975,11649
2018-08-28 00:00:00+00:00,1.28933,1.29008,1.28718,1.28754,22226
2018-08-28 04:00:00+00:00,1.2875,1.29031,1.28615,1.2889,45501
2018-08-28 08:00:00+00:00,1.28909,1.29177,1.28878,1.29162,66353
2018-08-28 12:00:00+00:00,1.29188,1.29318,1.28709,1.2884,100951
2018-08-28 16:00:00+00:00,1.28881,1.28921,1.28649,1.28669,46286
2018-08-28 20:00:00+00:00,1.2869,1.28728,1.28643,1.28691,10602
2018-08-29 00:00:00+00:00,1.28692,1.28704,1.28563,1.28704,25991
2018-08-29 04:00:00+00:00,1.28694,1.28805,1.28463,1.28665,47580
2018-08-29 08:00:00+00:00,1.28656,1.28994,1.28656,1.28792,62305
2018-08-29 12:00:00+00:00,1.28786,1.30125,1.28674,1.30034,164471
2018-08-29 16:00:00+00:00,1.30022,1.30279,1.29754,1.30273,62510
2018-08-29 20:00:00+00:00,1.30263,1.30355,1.30228,1.30355,13840
2018-08-30 00:00:00+00:00,1.30353,1.30382,1.30232,1.30332,26148
2018-08-30 04:00:00+00:00,1.30321,1.30415,1.30147,1.30259,45509
2018-08-30 08:00:00+00:00,1.30264,1.30273,1.29894,1.30158,70535
2018-08-30 12:00:00+00:00,1.30142,1.30296,1.29862,1.29962,112541
2018-08-30 16:00:00+00:00,1.29957,1.3018,1.29902,1.30174,58066
2018-08-30 20:00:00+00:00,1.30169,1.30172,1.30044,1.3011,16421
2018-08-31 00:00:00+00:00,1.3011,1.30226,1.30054,1.30078,29172
2018-08-31 04:00:00+00:00,1.30074,1.30244,1.29944,1.30212,48958
2018-08-31 08:00:00+00:00,1.30233,1.30281,1.297,1.2988,78634
2018-08-31 12:00:00+00:00,1.29879,1.30025,1.29598,1.29636,144925
2018-08-31 16:00:00+00:00,1.29616,1.29685,1.29483,1.29645,58107
2018-08-31 20:00:00+00:00,1.29635,1.29644,1.29509,1.29509,4309
2018-09-02 20:00:00+00:00,1.29125,1.2931,1.29125,1.29214,9034
2018-09-03 00:00:00+00:00,1.29214,1.29306,1.29174,1.29276,22501
2018-09-03 04:00:00+00:00,1.29253,1.29333,1.29055,1.29184,46294
2018-09-03 08:00:00+00:00,1.2917,1.29224,1.2866,1.28699,67312
2018-09-03 12:00:00+00:00,1.28704,1.28881,1.28558,1.28757,69761
2018-09-03 16:00:00+00:00,1.28783,1.28878,1.28709,1.28713,10731
2018-09-03 20:00:00+00:00,1.28722,1.28735,1.28636,1.28682,8152
2018-09-04 00:00:00+00:00,1.2866,1.28664,1.28542,1.28599,23064
2018-09-04 04:00:00+00:00,1.28595,1.2868,1.28315,1.28332,49528
2018-09-04 08:00:00+00:00,1.2833,1.28394,1.28151,1.28338,70753
2018-09-04 12:00:00+00:00,1.28347,1.28523,1.28113,1.28323,95571
2018-09-04 16:00:00+00:00,1.28301,1.28701,1.2826,1.28567,42598
2018-09-04 20:00:00+00:00,1.28577,1.286,1.28505,1.28576,17268
2018-09-05 00:00:00+00:00,1.28588,1.28692,1.28509,1.2861,27302
2018-09-05 04:00:00+00:00,1.28617,1.28627,1.28199,1.28271,49629
2018-09-05 08:00:00+00:00,1.28205,1.28296,1.27903,1.28198,86537
2018-09-05 12:00:00+00:00,1.28217,1.29828,1.28151,1.29019,182768
2018-09-05 16:00:00+00:00,1.29019,1.29133,1.28956,1.29088,35519
2018-09-05 20:00:00+00:00,1.29083,1.29145,1.29016,1.29143,19956
2018-09-06 00:00:00+00:00,1.2914,1.29266,1.29083,1.29103,31481
2018-09-06 04:00:00+00:00,1.29131,1.29279,1.28984,1.29104,53196
2018-09-06 08:00:00+00:00,1.29139,1.29442,1.29139,1.29364,79664
2018-09-06 12:00:00+00:00,1.29363,1.2958,1.29217,1.29314,118392
2018-09-06 16:00:00+00:00,1.29312,1.29446,1.29238,1.29264,35526
2018-09-06 20:00:00+00:00,1.29286,1.29344,1.2924,1.29247,25654
2018-09-07 00:00:00+00:00,1.29255,1.29307,1.29196,1.29258,31603
2018-09-07 04:00:00+00:00,1.29257,1.29464,1.29148,1.29431,57076
2018-09-07 08:00:00+00:00,1.29428,1.30279,1.29269,1.29867,107853
2018-09-07 12:00:00+00:00,1.29883,1.3014,1.29291,1.29329,154419
2018-09-07 16:00:00+00:00,1.29304,1.29346,1.29108,1.29206,56383
2018-09-07 20:00:00+00:00,1.29197,1.29237,1.29136,1.29136,3693
2018-09-09 20:00:00+00:00,1.29205,1.29293,1.29175,1.29286,6817
2018-09-10 00:00:00+00:00,1.29275,1.29313,1.29084,1.29093,28430
2018-09-10 04:00:00+00:00,1.29082,1.29406,1.28973,1.29368,46303
2018-09-10 08:00:00+00:00,1.29389,1.29546,1.29224,1.29391,63423
2018-09-10 12:00:00+00:00,1.29391,1.30462,1.29362,1.30254,122492
2018-09-10 16:00:00+00:00,1.30244,1.30369,1.30205,1.30281,32515
2018-09-10 20:00:00+00:00,1.3028,1.30298,1.3022,1.30269,16013
2018-09-11 00:00:00+00:00,1.30273,1.30395,1.30214,1.30383,28443
2018-09-11 04:00:00+00:00,1.30387,1.30836,1.30337,1.30658,56078
2018-09-11 08:00:00+00:00,1.30658,1.3076,1.30069,1.30115,94471
2018-09-11 12:00:00+00:00,1.30064,1.30215,1.29743,1.30143,120647
2018-09-11 16:00:00+00:00,1.30107,1.30209,1.30033,1.30185,29488
2018-09-11 20:00:00+00:00,1.30171,1.30381,1.30118,1.30159,17628
2018-09-12 00:00:00+00:00,1.30159,1.30191,1.30052,1.30077,19835
2018-09-12 04:00:00+00:00,1.30071,1.30371,1.29948,1.30297,51627
2018-09-12 08:00:00+00:00,1.30316,1.30446,1.29816,1.30003,92899
2018-09-12 12:00:00+00:00,1.29993,1.30402,1.2998,1.30276,117267
2018-09-12 16:00:00+00:00,1.3028,1.30697,1.3028,1.30497,58052
2018-09-12 20:00:00+00:00,1.30501,1.30542,1.30388,1.30442,17639
2018-09-13 00:00:00+00:00,1.3044,1.30525,1.30386,1.30523,22453
2018-09-13 04:00:00+00:00,1.30512,1.30527,1.30271,1.30376,37459
2018-09-13 08:00:00+00:00,1.30368,1.30641,1.30363,1.30463,68987
2018-09-13 12:00:00+00:00,1.30467,1.31197,1.30425,1.31029,146878
2018-09-13 16:00:00+00:00,1.31033,1.31148,1.30997,1.31071,39649
2018-09-13 20:00:00+00:00,1.3109,1.31135,1.30993,1.31103,16295
2018-09-14 00:00:00+00:00,1.31096,1.31222,1.31078,1.31179,19919
2018-09-14 04:00:00+00:00,1.31177,1.31347,1.31074,1.31342,43534
2018-09-14 08:00:00+00:00,1.31346,1.31383,1.30861,1.30861,71497
2018-09-14 12:00:00+00:00,1.30886,1.31253,1.30721,1.30824,106805
2018-09-14 16:00:00+00:00,1.30797,1.30833,1.30566,1.30607,45752
2018-09-14 20:00:00+00:00,1.30607,1.30748,1.306,1.30654,3486
2018-09-16 20:00:00+00:00,1.30683,1.30763,1.30683,1.30711,6180
2018-09-17 00:00:00+00:00,1.30701,1.30833,1.30701,1.30812,24172
2018-09-17 04:00:00+00:00,1.30804,1.3089,1.30748,1.30853,46055
2018-09-17 08:00:00+00:00,1.30842,1.31219,1.30823,1.31219,78533
2018-09-17 12:00:00+00:00,1.31236,1.31564,1.31211,1.31428,100102
2018-09-17 16:00:00+00:00,1.31461,1.31645,1.31461,1.31609,37162
2018-09-17 20:00:00+00:00,1.31603,1.31624,1.31433,1.31455,21126
2018-09-18 00:00:00+00:00,1.31458,1.31612,1.31402,1.31597,32516
2018-09-18 04:00:00+00:00,1.316,1.31692,1.31307,1.31354,78025
2018-09-18 08:00:00+00:00,1.31397,1.31506,1.31215,1.3148,72229
2018-09-18 12:00:00+00:00,1.3147,1.31673,1.3134,1.31572,109388
2018-09-18 16:00:00+00:00,1.31564,1.31664,1.3131,1.31434,45409
2018-09-18 20:00:00+00:00,1.3143,1.31749,1.31365,1.31666,12797
2018-09-19 00:00:00+00:00,1.31665,1.31665,1.31422,1.31503,24403
2018-09-19 04:00:00+00:00,1.31487,1.31747,1.31464,1.31595,51412
2018-09-19 08:00:00+00:00,1.31586,1.32125,1.31166,1.31429,121840
2018-09-19 12:00:00+00:00,1.31438,1.31681,1.31217,1.31615,110450
2018-09-19 16:00:00+00:00,1.31613,1.31677,1.31267,1.31425,34500
2018-09-19 20:00:00+00:00,1.31445,1.31485,1.31355,1.314,43131
2018-09-20 00:00:00+00:00,1.314,1.31547,1.3139,1.31477,29170
2018-09-20 04:00:00+00:00,1.31487,1.31807,1.3144,1.31762,52715
2018-09-20 08:00:00+00:00,1.31759,1.32786,1.31759,1.32786,112737
2018-09-20 12:00:00+00:00,1.32781,1.32972,1.32352,1.32361,120899
2018-09-20 16:00:00+00:00,1.32342,1.32779,1.32282,1.32696,44696
2018-09-20 20:00:00+00:00,1.32696,1.3274,1.32604,1.32701,11092
2018-09-21 00:00:00+00:00,1.32695,1.32747,1.32654,1.32733,24761
2018-09-21 04:00:00+00:00,1.32732,1.32764,1.32081,1.32112,73488
2018-09-21 08:00:00+00:00,1.32143,1.3232,1.31721,1.31721,84195
2018-09-21 12:00:00+00:00,1.31759,1.31759,1.30578,1.30662,160004
2018-09-21 16:00:00+00:00,1.30648,1.30946,1.30648,1.30797,30483
2018-09-21 20:00:00+00:00,1.30786,1.30868,1.30766,1.30766,5058
2018-09-23 20:00:00+00:00,1.30737,1.30844,1.30711,1.30793,6647
2018-09-24 00:00:00+00:00,1.30786,1.30874,1.30748,1.30762,17930
2018-09-24 04:00:00+00:00,1.3075,1.31131,1.30639,1.30972,54398
2018-09-24 08:00:00+00:00,1.31052,1.3153,1.31052,1.3151,67695
2018-09-24 12:00:00+00:00,1.31509,1.31657,1.3122,1.31278,110722
2018-09-24 16:00:00+00:00,1.31288,1.31288,1.31115,1.31125,28990
2018-09-24 20:00:00+00:00,1.31151,1.31192,1.31106,1.31161,15526
2018-09-25 00:00:00+00:00,1.31161,1.3118,1.31027,1.31042,28236
2018-09-25 04:00:00+00:00,1.3104,1.31511,1.30964,1.31422,60453
2018-09-25 08:00:00+00:00,1.31404,1.3169,1.31278,1.31634,87011
2018-09-25 12:00:00+00:00,1.31634,1.31736,1.31443,1.31605,96796
2018-09-25 16:00:00+00:00,1.31614,1.31924,1.31594,1.31804,34208
2018-09-25 20:00:00+00:00,1.31806,1.3183,1.31738,1.31796,16047
2018-09-26 00:00:00+00:00,1.31786,1.31814,1.31712,1.31814,30872
2018-09-26 04:00:00+00:00,1.31807,1.31811,1.3153,1.31546,44605
2018-09-26 08:00:00+00:00,1.31582,1.31741,1.31391,1.3159,71629
2018-09-26 12:00:00+00:00,1.31622,1.31952,1.31525,1.31809,85046
2018-09-26 16:00:00+00:00,1.31793,1.32128,1.31592,1.31653,107123
2018-09-26 20:00:00+00:00,1.31661,1.31751,1.31608,1.31699,17808
2018-09-27 00:00:00+00:00,1.3169,1.31779,1.31417,1.31545,33366
2018-09-27 04:00:00+00:00,1.31541,1.31559,1.31105,1.31105,86501
2018-09-27 08:00:00+00:00,1.3112,1.31462,1.31097,1.31404,73274
2018-09-27 12:00:00+00:00,1.31445,1.3161,1.30959,1.31023,101752
2018-09-27 16:00:00+00:00,1.31023,1.31095,1.30777,1.30821,41669
2018-09-27 20:00:00+00:00,1.30796,1.30802,1.30727,1.30759,10775
2018-09-28 00:00:00+00:00,1.30767,1.3082,1.30755,1.30781,28068
2018-09-28 04:00:00+00:00,1.30785,1.30899,1.30586,1.30603,53343
2018-09-28 08:00:00+00:00,1.30593,1.30775,1.30355,1.3043,83348
2018-09-28 12:00:00+00:00,1.30424,1.30583,1.30031,1.30518,98173
2018-09-28 16:00:00+00:00,1.30522,1.30598,1.30303,1.30334,31727
2018-09-28 20:00:00+00:00,1.30352,1.30354,1.30281,1.3029,3512
2018-09-30 20:00:00+00:00,1.3038,1.30388,1.30286,1.3038,6269
2018-10-01 00:00:00+00:00,1.30387,1.30434,1.30292,1.30307,26886
2018-10-01 04:00:00+00:00,1.30308,1.30535,1.30238,1.30535,38264
2018-10-01 08:00:00+00:00,1.30491,1.30588,1.30221,1.3024,59775
2018-10-01 12:00:00+00:00,1.30261,1.30973,1.30141,1.30295,118242
2018-10-01 16:00:00+00:00,1.30303,1.30441,1.30299,1.30396,34208
2018-10-01 20:00:00+00:00,1.304,1.30454,1.30339,1.30432,15335
2018-10-02 00:00:00+00:00,1.3043,1.30481,1.30345,1.30375,24277
2018-10-02 04:00:00+00:00,1.30375,1.30377,1.29889,1.30028,66024
2018-10-02 08:00:00+00:00,1.30019,1.30019,1.29429,1.29579,78767
2018-10-02 12:00:00+00:00,1.29583,1.29883,1.29578,1.29831,111444
2018-10-02 16:00:00+00:00,1.29846,1.2995,1.29745,1.29835,36317
2018-10-02 20:00:00+00:00,1.29814,1.29829,1.29708,1.2979,15269
2018-10-03 00:00:00+00:00,1.29782,1.30014,1.29714,1.29946,51836
2018-10-03 04:00:00+00:00,1.29943,1.30094,1.29902,1.29976,60690
2018-10-03 08:00:00+00:00,1.29969,1.30166,1.29638,1.29817,83383
2018-10-03 12:00:00+00:00,1.29851,1.30208,1.2985,1.29913,120914
2018-10-03 16:00:00+00:00,1.29911,1.29951,1.29705,1.29744,46541
2018-10-03 20:00:00+00:00,1.29736,1.29759,1.29293,1.29398,24248
2018-10-04 00:00:00+00:00,1.29408,1.29419,1.29226,1.2932,30293
2018-10-04 04:00:00+00:00,1.2932,1.297,1.29261,1.2968,70882
2018-10-04 08:00:00+00:00,1.29676,1.29981,1.29606,1.29912,90869
2018-10-04 12:00:00+00:00,1.29912,1.30407,1.29817,1.30121,131493
2018-10-04 16:00:00+00:00,1.30126,1.3028,1.30034,1.30225,47246
2018-10-04 20:00:00+00:00,1.30226,1.30247,1.30125,1.30224,14007
2018-10-05 00:00:00+00:00,1.30204,1.30293,1.3011,1.3011,32021
2018-10-05 04:00:00+00:00,1.30103,1.30563,1.30044,1.30417,63798
2018-10-05 08:00:00+00:00,1.30426,1.30526,1.30253,1.3052,68209
2018-10-05 12:00:00+00:00,1.3051,1.31204,1.30378,1.31,182674
2018-10-05 16:00:00+00:00,1.3101,1.31198,1.30886,1.31151,45609
2018-10-05 20:00:00+00:00,1.31159,1.3118,1.31062,1.3112,4560
2018-10-07 20:00:00+00:00,1.31213,1.31291,1.31144,1.31258,31512
2018-10-08 00:00:00+00:00,1.31266,1.3132,1.31095,1.31114,30112
2018-10-08 04:00:00+00:00,1.31114,1.3115,1.30621,1.30621,46851
2018-10-08 08:00:00+00:00,1.30637,1.30652,1.30299,1.30412,73574
2018-10-08 12:00:00+00:00,1.30422,1.3071,1.30318,1.3059,93513
2018-10-08 16:00:00+00:00,1.30574,1.30957,1.30565,1.30957,37120
2018-10-08 20:00:00+00:00,1.30944,1.30944,1.30854,1.30924,16325
2018-10-09 00:00:00+00:00,1.30921,1.30942,1.30861,1.30919,27317
2018-10-09 04:00:00+00:00,1.30912,1.31055,1.30554,1.30585,59897
2018-10-09 08:00:00+00:00,1.30588,1.30645,1.30343,1.30356,105913
2018-10-09 12:00:00+00:00,1.30348,1.31476,1.30338,1.31385,151025
2018-10-09 16:00:00+00:00,1.31428,1.31501,1.31263,1.31437,52851
2018-10-09 20:00:00+00:00,1.3142,1.3158,1.31352,1.31566,11688
2018-10-10 00:00:00+00:00,1.31544,1.3161,1.31481,1.31574,30131
2018-10-10 04:00:00+00:00,1.31576,1.31844,1.31562,1.31634,55208
2018-10-10 08:00:00+00:00,1.31642,1.31725,1.3137,1.31539,73723
2018-10-10 12:00:00+00:00,1.31537,1.32093,1.31472,1.32063,122570
2018-10-10 16:00:00+00:00,1.32064,1.32154,1.31832,1.31888,55902
2018-10-10 20:00:00+00:00,1.31877,1.3206,1.3184,1.32045,21062
2018-10-11 00:00:00+00:00,1.32051,1.32386,1.32051,1.32276,58536
2018-10-11 04:00:00+00:00,1.32272,1.32272,1.31844,1.31861,78757
2018-10-11 08:00:00+00:00,1.31899,1.32346,1.3186,1.32313,82492
2018-10-11 12:00:00+00:00,1.32363,1.3245,1.31831,1.31921,166527
2018-10-11 16:00:00+00:00,1.31925,1.32392,1.31925,1.32298,77205
2018-10-11 20:00:00+00:00,1.32302,1.32381,1.32248,1.32333,17113
2018-10-12 00:00:00+00:00,1.32318,1.32437,1.32304,1.32329,47467
2018-10-12 04:00:00+00:00,1.32338,1.32574,1.32274,1.32526,65291
2018-10-12 08:00:00+00:00,1.3248,1.3248,1.32008,1.32087,86613
2018-10-12 12:00:00+00:00,1.32094,1.32107,1.31516,1.31527,123565
2018-10-12 16:00:00+00:00,1.31546,1.31669,1.31499,1.3151,43976
2018-10-12 20:00:00+00:00,1.31533,1.3156,1.31465,1.31465,3221
2018-10-14 20:00:00+00:00,1.3083,1.3108,1.3083,1.31026,15145
2018-10-15 00:00:00+00:00,1.31028,1.31147,1.31023,1.31064,25773
2018-10-15 04:00:00+00:00,1.31057,1.31283,1.3105,1.31255,56151
2018-10-15 08:00:00+00:00,1.31295,1.31789,1.31141,1.31628,95954
2018-10-15 12:00:00+00:00,1.31626,1.31678,1.31304,1.31669,126626
2018-10-15 16:00:00+00:00,1.31645,1.31677,1.31457,1.31522,33436
2018-10-15 20:00:00+00:00,1.31534,1.31588,1.31426,1.3154,14286
2018-10-16 00:00:00+00:00,1.31541,1.31621,1.31417,1.31468,35225
2018-10-16 04:00:00+00:00,1.31469,1.31962,1.31419,1.31849,71099
2018-10-16 08:00:00+00:00,1.31841,1.3228,1.31802,1.32267,96705
2018-10-16 12:00:00+00:00,1.32257,1.32351,1.32021,1.32086,107481
2018-10-16 16:00:00+00:00,1.32088,1.32119,1.31755,1.31891,42049
2018-10-16 20:00:00+00:00,1.31879,1.31908,1.31769,1.31875,19392
2018-10-17 00:00:00+00:00,1.31876,1.31916,1.31686,1.31745,25913
2018-10-17 04:00:00+00:00,1.31746,1.31891,1.31538,1.31568,54572
2018-10-17 08:00:00+00:00,1.31565,1.31679,1.31025,1.31078,110350
2018-10-17 12:00:00+00:00,1.3108,1.31425,1.31011,1.31358,95739
2018-10-17 16:00:00+00:00,1.31359,1.31478,1.3116,1.31246,44575
2018-10-17 20:00:00+00:00,1.31234,1.31236,1.30939,1.31013,15105
2018-10-18 00:00:00+00:00,1.31012,1.31049,1.30891,1.30993,24726
2018-10-18 04:00:00+00:00,1.3099,1.31166,1.30774,1.3115,53556
2018-10-18 08:00:00+00:00,1.31145,1.31311,1.31017,1.31083,78163
2018-10-18 12:00:00+00:00,1.31072,1.31076,1.30597,1.30597,104287
2018-10-18 16:00:00+00:00,1.30582,1.30617,1.30165,1.30198,67283
2018-10-18 20:00:00+00:00,1.30199,1.30251,1.30142,1.30181,10485
2018-10-19 00:00:00+00:00,1.30192,1.30268,1.30171,1.30218,23601
2018-10-19 04:00:00+00:00,1.30209,1.30366,1.30126,1.30217,53362
2018-10-19 08:00:00+00:00,1.30201,1.30463,1.30181,1.30268,100305
2018-10-19 12:00:00+00:00,1.30277,1.30585,1.302,1.30428,96567
2018-10-19 16:00:00+00:00,1.30433,1.30987,1.30395,1.30626,57933
2018-10-19 20:00:00+00:00,1.30616,1.30713,1.30616,1.30621,4085
2018-10-21 20:00:00+00:00,1.307,1.30731,1.30524,1.30663,6302
2018-10-22 00:00:00+00:00,1.30667,1.30748,1.30528,1.30732,35921
2018-10-22 04:00:00+00:00,1.30732,1.30888,1.30654,1.30766,57369
2018-10-22 08:00:00+00:00,1.30763,1.30821,1.30038,1.30059,88874
2018-10-22 12:00:00+00:00,1.30075,1.30084,1.29589,1.29725,106907
2018-10-22 16:00:00+00:00,1.29747,1.29779,1.29606,1.29655,36197
2018-10-22 20:00:00+00:00,1.29684,1.29708,1.29526,1.2965,14788
2018-10-23 00:00:00+00:00,1.2965,1.29695,1.29597,1.29639,32343
2018-10-23 04:00:00+00:00,1.29635,1.29958,1.29404,1.29876,80660
2018-10-23 08:00:00+00:00,1.29852,1.30411,1.29731,1.30274,116063
2018-10-23 12:00:00+00:00,1.30286,1.30325,1.29724,1.29798,123441
2018-10-23 16:00:00+00:00,1.29822,1.30036,1.29812,1.29822,62901
2018-10-23 20:00:00+00:00,1.29851,1.2988,1.29732,1.29794,9160
2018-10-24 00:00:00+00:00,1.29806,1.29899,1.29747,1.29848,44236
2018-10-24 04:00:00+00:00,1.29844,1.29888,1.29454,1.2947,84024
2018-10-24 08:00:00+00:00,1.29433,1.29507,1.29012,1.29089,118591
2018-10-24 12:00:00+00:00,1.2907,1.2938,1.28903,1.28965,118059
2018-10-24 16:00:00+00:00,1.2896,1.29001,1.28684,1.28851,77190
2018-10-24 20:00:00+00:00,1.2886,1.28873,1.28742,1.28838,18766
2018-10-25 00:00:00+00:00,1.2885,1.28955,1.28841,1.28899,38946
2018-10-25 04:00:00+00:00,1.28879,1.29162,1.288,1.29018,68453
2018-10-25 08:00:00+00:00,1.2895,1.29088,1.28876,1.28948,90478
2018-10-25 12:00:00+00:00,1.2897,1.29032,1.28101,1.2826,148831
2018-10-25 16:00:00+00:00,1.28272,1.283,1.28055,1.2817,65209
2018-10-25 20:00:00+00:00,1.28167,1.28245,1.28114,1.28207,19168
2018-10-26 00:00:00+00:00,1.28199,1.28254,1.28116,1.28125,64120
2018-10-26 04:00:00+00:00,1.28159,1.28229,1.28057,1.28101,87904
2018-10-26 08:00:00+00:00,1.2813,1.2825,1.27778,1.27812,110863
2018-10-26 12:00:00+00:00,1.27852,1.28334,1.27799,1.28248,117495
2018-10-26 16:00:00+00:00,1.28273,1.28407,1.28205,1.28315,74441
2018-10-26 20:00:00+00:00,1.28345,1.28383,1.28244,1.28259,5219
2018-10-28 20:00:00+00:00,1.2822,1.28346,1.28203,1.28307,5847
2018-10-29 00:00:00+00:00,1.28303,1.28381,1.28238,1.28362,30349
2018-10-29 04:00:00+00:00,1.2836,1.28424,1.28272,1.28312,43958
2018-10-29 08:00:00+00:00,1.28303,1.28506,1.2807,1.28281,114362
2018-10-29 12:00:00+00:00,1.28255,1.28304,1.28001,1.28063,92677
2018-10-29 16:00:00+00:00,1.28071,1.28114,1.2794,1.28022,70568
2018-10-29 20:00:00+00:00,1.28011,1.28033,1.27922,1.28018,26546
2018-10-30 00:00:00+00:00,1.28011,1.28122,1.27986,1.28104,41939
2018-10-30 04:00:00+00:00,1.28105,1.28105,1.27715,1.27744,44013
2018-10-30 08:00:00+00:00,1.27726,1.27816,1.2734,1.27383,105650
2018-10-30 12:00:00+00:00,1.27429,1.27774,1.27303,1.27303,104766
2018-10-30 16:00:00+00:00,1.27302,1.27334,1.26973,1.27084,60834
2018-10-30 20:00:00+00:00,1.27075,1.27114,1.26997,1.27072,9948
2018-10-31 00:00:00+00:00,1.27057,1.27109,1.27018,1.27054,26902
2018-10-31 04:00:00+00:00,1.27051,1.27268,1.27044,1.27241,33867
2018-10-31 08:00:00+00:00,1.27269,1.27768,1.27237,1.27696,85210
2018-10-31 12:00:00+00:00,1.27776,1.28235,1.27347,1.27777,145095
2018-10-31 16:00:00+00:00,1.27744,1.2781,1.27436,1.2781,78086
2018-10-31 20:00:00+00:00,1.27809,1.27809,1.27618,1.27674,13968
2018-11-01 00:00:00+00:00,1.27652,1.28546,1.27652,1.28512,45685
2018-11-01 04:00:00+00:00,1.28526,1.28827,1.28392,1.28827,45331
2018-11-01 08:00:00+00:00,1.28799,1.29195,1.28604,1.29053,135389
2018-11-01 12:00:00+00:00,1.29237,1.29743,1.29077,1.29743,124369
2018-11-01 16:00:00+00:00,1.29724,1.30295,1.29651,1.3012,66921
2018-11-01 20:00:00+00:00,1.30099,1.30099,1.29929,1.30025,12110
2018-11-02 00:00:00+00:00,1.29989,1.30019,1.29872,1.29913,21430
2018-11-02 04:00:00+00:00,1.29903,1.303,1.29865,1.30271,59454
2018-11-02 08:00:00+00:00,1.30236,1.30395,1.30153,1.30206,91976
2018-11-02 12:00:00+00:00,1.30206,1.30237,1.29637,1.29651,141243
2018-11-02 16:00:00+00:00,1.29642,1.297,1.29525,1.29691,68378
2018-11-02 20:00:00+00:00,1.29714,1.29721,1.29614,1.29614,4985
2018-11-04 20:00:00+00:00,1.30202,1.3021,1.2999,1.30058,10583
2018-11-05 00:00:00+00:00,1.30045,1.30045,1.29844,1.29844,23959
2018-11-05 04:00:00+00:00,1.29847,1.30219,1.29837,1.30075,28832
2018-11-05 08:00:00+00:00,1.30035,1.30265,1.29795,1.30037,80783
2018-11-05 12:00:00+00:00,1.30013,1.30345,1.29654,1.30176,97661
2018-11-05 16:00:00+00:00,1.30197,1.30537,1.30138,1.30537,61880
2018-11-05 20:00:00+00:00,1.30474,1.30673,1.30337,1.30574,22553
2018-11-06 00:00:00+00:00,1.30564,1.30629,1.30526,1.30546,24408
2018-11-06 04:00:00+00:00,1.30538,1.30726,1.30431,1.30726,39820
2018-11-06 08:00:00+00:00,1.30732,1.30835,1.3022,1.30697,107435
2018-11-06 12:00:00+00:00,1.30681,1.30962,1.30649,1.30794,113105
2018-11-06 16:00:00+00:00,1.308,1.30987,1.30741,1.30924,67249
2018-11-06 20:00:00+00:00,1.30923,1.31132,1.30885,1.31132,21321
2018-11-07 00:00:00+00:00,1.31132,1.31418,1.30736,1.31397,66493
2018-11-07 04:00:00+00:00,1.31353,1.31476,1.31075,1.31376,46474
2018-11-07 08:00:00+00:00,1.31449,1.31733,1.31373,1.31611,110170
2018-11-07 12:00:00+00:00,1.31585,1.31649,1.31204,1.31342,116742
2018-11-07 16:00:00+00:00,1.31347,1.31562,1.31318,1.31469,81964
2018-11-07 20:00:00+00:00,1.31469,1.31501,1.31243,1.31269,26472
2018-11-08 00:00:00+00:00,1.31266,1.31306,1.31216,1.31306,25738
2018-11-08 04:00:00+00:00,1.31286,1.31362,1.31054,1.31362,38802
2018-11-08 08:00:00+00:00,1.31385,1.31489,1.30873,1.31043,114716
2018-11-08 12:00:00+00:00,1.31032,1.31302,1.30949,1.3128,119535
2018-11-08 16:00:00+00:00,1.31244,1.31244,1.30506,1.30506,107208
2018-11-08 20:00:00+00:00,1.30522,1.30679,1.30501,1.3066,25175
2018-11-09 00:00:00+00:00,1.30655,1.30681,1.30449,1.30497,35404
2018-11-09 04:00:00+00:00,1.30472,1.30538,1.30138,1.30143,42955
2018-11-09 08:00:00+00:00,1.30164,1.30282,1.29986,1.30282,93318
2018-11-09 12:00:00+00:00,1.30266,1.30536,1.30148,1.30285,107875
2018-11-09 16:00:00+00:00,1.30269,1.30273,1.29699,1.29755,97221
2018-11-09 20:00:00+00:00,1.29727,1.2977,1.29594,1.29724,19536
2018-11-11 20:00:00+00:00,1.29169,1.29382,1.29169,1.29377,12420
2018-11-12 00:00:00+00:00,1.29371,1.29452,1.29358,1.29383,32053
2018-11-12 04:00:00+00:00,1.29355,1.29355,1.28538,1.28564,70009
2018-11-12 08:00:00+00:00,1.28559,1.28772,1.2829,1.28695,120944
2018-11-12 12:00:00+00:00,1.28714,1.29357,1.28603,1.28655,117720
2018-11-12 16:00:00+00:00,1.28672,1.28723,1.28451,1.2855,77083
2018-11-12 20:00:00+00:00,1.28521,1.28582,1.28406,1.28542,23019
2018-11-13 00:00:00+00:00,1.28566,1.28822,1.28522,1.28801,31420
2018-11-13 04:00:00+00:00,1.28844,1.28948,1.28649,1.28875,56135
2018-11-13 08:00:00+00:00,1.28821,1.29293,1.28697,1.29243,126421
2018-11-13 12:00:00+00:00,1.29282,1.2996,1.2917,1.2996,153240
2018-11-13 16:00:00+00:00,1.29929,1.30421,1.29453,1.29544,132958
2018-11-13 20:00:00+00:00,1.29554,1.30341,1.29515,1.30142,36708
2018-11-14 00:00:00+00:00,1.30149,1.30249,1.30028,1.3006,42875
2018-11-14 04:00:00+00:00,1.30037,1.30128,1.29827,1.29857,61464
2018-11-14 08:00:00+00:00,1.29889,1.29889,1.28922,1.29346,106476
2018-11-14 12:00:00+00:00,1.29333,1.30189,1.29268,1.30039,148403
2018-11-14 16:00:00+00:00,1.30022,1.30365,1.28919,1.3036,201476
2018-11-14 20:00:00+00:00,1.30259,1.30691,1.29826,1.29839,54577
2018-11-15 00:00:00+00:00,1.29854,1.30058,1.29802,1.30037,29242
2018-11-15 04:00:00+00:00,1.30034,1.30271,1.29825,1.29825,51179
2018-11-15 08:00:00+00:00,1.29792,1.29892,1.27516,1.28138,232161
2018-11-15 12:00:00+00:00,1.28109,1.28354,1.27646,1.27852,174837
2018-11-15 16:00:00+00:00,1.27848,1.27983,1.27287,1.2794,137789
2018-11-15 20:00:00+00:00,1.27879,1.27927,1.27597,1.27654,30943
2018-11-16 00:00:00+00:00,1.27653,1.27935,1.27653,1.27935,25230
2018-11-16 04:00:00+00:00,1.27925,1.28133,1.27882,1.27927,33387
2018-11-16 08:00:00+00:00,1.28014,1.28331,1.27789,1.28132,166034
2018-11-16 12:00:00+00:00,1.28106,1.2877,1.28025,1.28398,135588
2018-11-16 16:00:00+00:00,1.284,1.28503,1.28119,1.28313,81512
2018-11-16 20:00:00+00:00,1.28303,1.28324,1.28189,1.28217,12810
2018-11-18 20:00:00+00:00,1.28439,1.28439,1.28278,1.28333,10440
2018-11-19 00:00:00+00:00,1.28319,1.28399,1.28251,1.2836,18478
2018-11-19 04:00:00+00:00,1.28368,1.28612,1.28187,1.28569,26727
2018-11-19 08:00:00+00:00,1.28595,1.28815,1.28064,1.28064,92097
2018-11-19 12:00:00+00:00,1.28098,1.28712,1.28028,1.28639,113764
2018-11-19 16:00:00+00:00,1.28581,1.28723,1.28361,1.28553,69762
2018-11-19 20:00:00+00:00,1.2854,1.2872,1.28441,1.2856,20639
2018-11-20 00:00:00+00:00,1.28567,1.28617,1.28489,1.28582,17438
2018-11-20 04:00:00+00:00,1.28592,1.28677,1.28349,1.2863,33220
2018-11-20 08:00:00+00:00,1.28703,1.2882,1.28248,1.28497,133810
2018-11-20 12:00:00+00:00,1.28484,1.28518,1.28146,1.2823,132466
2018-11-20 16:00:00+00:00,1.28252,1.28256,1.27763,1.27851,79002
2018-11-20 20:00:00+00:00,1.27829,1.27905,1.27786,1.27871,19343
2018-11-21 00:00:00+00:00,1.27861,1.27942,1.27794,1.27847,19873
2018-11-21 04:00:00+00:00,1.27863,1.28179,1.2785,1.27956,29700
2018-11-21 08:00:00+00:00,1.2799,1.28189,1.27758,1.2807,126943
2018-11-21 12:00:00+00:00,1.28061,1.28147,1.27771,1.27813,109964
2018-11-21 16:00:00+00:00,1.27771,1.27941,1.27651,1.27796,66442
2018-11-21 20:00:00+00:00,1.2782,1.27829,1.27678,1.27758,15533
2018-11-22 00:00:00+00:00,1.27752,1.27868,1.27725,1.27783,14906
2018-11-22 04:00:00+00:00,1.27805,1.27952,1.27769,1.27851,20736
2018-11-22 08:00:00+00:00,1.27769,1.29234,1.27737,1.28883,115540
2018-11-22 12:00:00+00:00,1.2888,1.28933,1.28514,1.28731,76015
2018-11-22 16:00:00+00:00,1.28659,1.28859,1.28616,1.28757,47327
2018-11-22 20:00:00+00:00,1.28756,1.288,1.28735,1.28757,9312
2018-11-23 00:00:00+00:00,1.28782,1.28814,1.28712,1.28799,17048
2018-11-23 04:00:00+00:00,1.28803,1.28822,1.28619,1.28682,24667
2018-11-23 08:00:00+00:00,1.28718,1.28718,1.28193,1.28277,107861
2018-11-23 12:00:00+00:00,1.28244,1.28383,1.28018,1.28018,82332
2018-11-23 16:00:00+00:00,1.28047,1.28167,1.28002,1.28089,41091
2018-11-23 20:00:00+00:00,1.28038,1.28184,1.28006,1.28076,13702
2018-11-25 20:00:00+00:00,1.28229,1.2825,1.28111,1.28122,5357
2018-11-26 00:00:00+00:00,1.28179,1.28191,1.27967,1.28116,26771
2018-11-26 04:00:00+00:00,1.28137,1.28293,1.28102,1.28207,39776
2018-11-26 08:00:00+00:00,1.28184,1.28569,1.28184,1.28569,99744
2018-11-26 12:00:00+00:00,1.2858,1.28614,1.28253,1.28253,81151
2018-11-26 16:00:00+00:00,1.28229,1.28262,1.28057,1.28101,52303
2018-11-26 20:00:00+00:00,1.2811,1.28146,1.28045,1.28126,20878
2018-11-27 00:00:00+00:00,1.28124,1.2816,1.28053,1.28139,32945
2018-11-27 04:00:00+00:00,1.28132,1.28194,1.27574,1.27574,77582
2018-11-27 08:00:00+00:00,1.27537,1.2767,1.27347,1.27486,135083
2018-11-27 12:00:00+00:00,1.27488,1.27748,1.27307,1.27387,114061
2018-11-27 16:00:00+00:00,1.27374,1.27495,1.27263,1.27336,69419
2018-11-27 20:00:00+00:00,1.27302,1.27451,1.27291,1.27419,22676
2018-11-28 00:00:00+00:00,1.27417,1.27449,1.27332,1.27408,24617
2018-11-28 04:00:00+00:00,1.27411,1.27601,1.27372,1.27456,34570
2018-11-28 08:00:00+00:00,1.27449,1.2801,1.27348,1.27983,109647
2018-11-28 12:00:00+00:00,1.27982,1.27988,1.27491,1.27522,110518
2018-11-28 16:00:00+00:00,1.27522,1.28458,1.27445,1.28339,149466
2018-11-28 20:00:00+00:00,1.28329,1.2836,1.28225,1.28225,27958
2018-11-29 00:00:00+00:00,1.28209,1.28355,1.28191,1.28312,28133
2018-11-29 04:00:00+00:00,1.28313,1.28494,1.28281,1.28346,45082
2018-11-29 08:00:00+00:00,1.28269,1.28337,1.27562,1.27685,122240
2018-11-29 12:00:00+00:00,1.27671,1.27877,1.27598,1.2776,138873
2018-11-29 16:00:00+00:00,1.27785,1.27964,1.27645,1.27826,80490
2018-11-29 20:00:00+00:00,1.27814,1.27893,1.27771,1.27847,23576
2018-11-30 00:00:00+00:00,1.27819,1.27871,1.27729,1.27819,28236
2018-11-30 04:00:00+00:00,1.27807,1.27894,1.27755,1.27765,32197
2018-11-30 08:00:00+00:00,1.27774,1.2809,1.27476,1.2754,132114
2018-11-30 12:00:00+00:00,1.27542,1.27681,1.27378,1.27593,144358
2018-11-30 16:00:00+00:00,1.27597,1.27781,1.27391,1.27427,62603
2018-11-30 20:00:00+00:00,1.2742,1.27529,1.27411,1.27481,13704
2018-12-02 20:00:00+00:00,1.27627,1.27627,1.27321,1.27519,8358
2018-12-03 00:00:00+00:00,1.2749,1.27763,1.27454,1.27729,25104
2018-12-03 04:00:00+00:00,1.27724,1.28234,1.27675,1.28174,42230
2018-12-03 08:00:00+00:00,1.28164,1.28234,1.27087,1.27233,99370
2018-12-03 12:00:00+00:00,1.27212,1.2745,1.26998,1.27372,118649
2018-12-03 16:00:00+00:00,1.27376,1.27519,1.27219,1.27269,72194
2018-12-03 20:00:00+00:00,1.27254,1.27309,1.27204,1.27246,24774
2018-12-04 00:00:00+00:00,1.27254,1.27413,1.27202,1.27373,31672
2018-12-04 04:00:00+00:00,1.27372,1.27507,1.27267,1.27376,54722
2018-12-04 08:00:00+00:00,1.27384,1.28379,1.27262,1.28097,125019
2018-12-04 12:00:00+00:00,1.28078,1.28156,1.27176,1.27265,120908
2018-12-04 16:00:00+00:00,1.27293,1.27487,1.2662,1.27163,115259
2018-12-04 20:00:00+00:00,1.27155,1.27199,1.27082,1.27188,27815
2018-12-05 00:00:00+00:00,1.27186,1.27186,1.26824,1.27048,30611
2018-12-05 04:00:00+00:00,1.2706,1.27061,1.26731,1.27048,40942
2018-12-05 08:00:00+00:00,1.26969,1.2796,1.26969,1.27736,95986
2018-12-05 12:00:00+00:00,1.27705,1.27825,1.27124,1.27381,87189
2018-12-05 16:00:00+00:00,1.27363,1.27602,1.27342,1.2735,56542
2018-12-05 20:00:00+00:00,1.27394,1.2742,1.27246,1.27246,27995
2018-12-06 00:00:00+00:00,1.27249,1.27301,1.27184,1.27219,36429
2018-12-06 04:00:00+00:00,1.2721,1.27297,1.27029,1.27046,52703
2018-12-06 08:00:00+00:00,1.27018,1.27497,1.27018,1.27475,120644
2018-12-06 12:00:00+00:00,1.27455,1.27985,1.2743,1.27832,164483
2018-12-06 16:00:00+00:00,1.27826,1.27982,1.27598,1.27756,103903
2018-12-06 20:00:00+00:00,1.27766,1.27884,1.27735,1.278,32059
2018-12-07 00:00:00+00:00,1.27794,1.27809,1.27679,1.2771,28643
2018-12-07 04:00:00+00:00,1.27731,1.27749,1.27579,1.27645,38629
2018-12-07 08:00:00+00:00,1.27584,1.27727,1.27351,1.27701,95022
2018-12-07 12:00:00+00:00,1.27751,1.27898,1.27292,1.2759,165105
2018-12-07 16:00:00+00:00,1.27571,1.27571,1.27127,1.2751,94299
2018-12-07 20:00:00+00:00,1.27493,1.27522,1.27294,1.27294,17714
2018-12-09 20:00:00+00:00,1.2702,1.27254,1.2702,1.27189,11788
2018-12-10 00:00:00+00:00,1.27208,1.27536,1.27176,1.27495,42377
2018-12-10 04:00:00+00:00,1.27463,1.27544,1.27234,1.27234,41190
2018-12-10 08:00:00+00:00,1.27274,1.27492,1.26536,1.26565,149887
2018-12-10 12:00:00+00:00,1.26669,1.26746,1.25248,1.25355,183641
2018-12-10 16:00:00+00:00,1.25316,1.2579,1.25098,1.2557,141020
2018-12-10 20:00:00+00:00,1.256,1.25646,1.25504,1.25596,21493
2018-12-11 00:00:00+00:00,1.25596,1.25769,1.25532,1.25725,26729
2018-12-11 04:00:00+00:00,1.25744,1.25822,1.25642,1.2574,37438
2018-12-11 08:00:00+00:00,1.2582,1.26333,1.25773,1.26038,116216
2018-12-11 12:00:00+00:00,1.26022,1.26212,1.2525,1.2525,151462
2018-12-11 16:00:00+00:00,1.25009,1.25395,1.24929,1.25273,144685
2018-12-11 20:00:00+00:00,1.25261,1.25314,1.24801,1.24921,49021
2018-12-12 00:00:00+00:00,1.24929,1.25137,1.24922,1.25069,36206
2018-12-12 04:00:00+00:00,1.2508,1.2516,1.24792,1.25036,52389
2018-12-12 08:00:00+00:00,1.2504,1.25502,1.24843,1.25446,135035
2018-12-12 12:00:00+00:00,1.25452,1.26671,1.25417,1.26631,220819
2018-12-12 16:00:00+00:00,1.26619,1.26657,1.26228,1.26345,112117
2018-12-12 20:00:00+00:00,1.26347,1.26691,1.25959,1.26243,62342
2018-12-13 00:00:00+00:00,1.26243,1.26301,1.26162,1.26192,24688
2018-12-13 04:00:00+00:00,1.2616,1.26602,1.26102,1.26571,36525
2018-12-13 08:00:00+00:00,1.26563,1.26852,1.26455,1.26538,88967
2018-12-13 12:00:00+00:00,1.26541,1.26813,1.2617,1.2617,142040
2018-12-13 16:00:00+00:00,1.26184,1.2661,1.26147,1.2661,90683
2018-12-13 20:00:00+00:00,1.26586,1.26705,1.26398,1.26533,26641
2018-12-14 00:00:00+00:00,1.26533,1.26533,1.26245,1.26291,33020
2018-12-14 04:00:00+00:00,1.26311,1.26327,1.26044,1.26281,31785
2018-12-14 08:00:00+00:00,1.26234,1.26249,1.25558,1.25558,130177
2018-12-14 12:00:00+00:00,1.25567,1.25697,1.25341,1.25605,102263
2018-12-14 16:00:00+00:00,1.25608,1.25834,1.2558,1.25782,59591
2018-12-14 20:00:00+00:00,1.25832,1.25874,1.2579,1.25834,15284
2018-12-16 20:00:00+00:00,1.25988,1.25988,1.25734,1.25843,28456
2018-12-17 00:00:00+00:00,1.25839,1.25843,1.25751,1.25802,54201
2018-12-17 04:00:00+00:00,1.25802,1.25928,1.25784,1.25882,38830
2018-12-17 08:00:00+00:00,1.25903,1.26441,1.25876,1.26392,110701
2018-12-17 12:00:00+00:00,1.26443,1.26443,1.2598,1.2609,133901
2018-12-17 16:00:00+00:00,1.26089,1.26324,1.25938,1.26297,69481
2018-12-17 20:00:00+00:00,1.26283,1.26292,1.26103,1.26142,22018
2018-12-18 00:00:00+00:00,1.26145,1.26328,1.261,1.26287,34033
2018-12-18 04:00:00+00:00,1.26314,1.26496,1.26167,1.26461,39039
2018-12-18 08:00:00+00:00,1.26511,1.27047,1.26326,1.26941,106365
2018-12-18 12:00:00+00:00,1.26911,1.26994,1.26302,1.2631,96943
2018-12-18 16:00:00+00:00,1.26323,1.26542,1.26216,1.2638,69382
2018-12-18 20:00:00+00:00,1.26379,1.26543,1.26328,1.2654,28839
2018-12-19 00:00:00+00:00,1.26527,1.26758,1.26516,1.26729,37238
2018-12-19 04:00:00+00:00,1.26722,1.26782,1.26528,1.26706,46293
2018-12-19 08:00:00+00:00,1.26699,1.26699,1.2633,1.26514,110134
2018-12-19 12:00:00+00:00,1.26475,1.26725,1.26112,1.26425,117062
2018-12-19 16:00:00+00:00,1.26436,1.26702,1.26171,1.26229,158734
2018-12-19 20:00:00+00:00,1.26187,1.26349,1.2609,1.26253,70137
2018-12-20 00:00:00+00:00,1.26233,1.26242,1.26142,1.26213,33379
2018-12-20 04:00:00+00:00,1.26223,1.26697,1.26191,1.26509,60283
2018-12-20 08:00:00+00:00,1.26457,1.27048,1.26425,1.26865,151282
2018-12-20 12:00:00+00:00,1.2684,1.26894,1.26269,1.26352,131494
2018-12-20 16:00:00+00:00,1.26352,1.2693,1.26352,1.26722,110610
2018-12-20 20:00:00+00:00,1.26681,1.26728,1.26517,1.26678,36280
2018-12-21 00:00:00+00:00,1.26685,1.26722,1.2654,1.26547,48035
2018-12-21 04:00:00+00:00,1.26548,1.26811,1.26456,1.26756,44401
2018-12-21 08:00:00+00:00,1.26752,1.2696,1.2648,1.26704,126135
2018-12-21 12:00:00+00:00,1.26723,1.26894,1.26314,1.26756,166097
2018-12-21 16:00:00+00:00,1.26718,1.26873,1.26222,1.26357,110074
2018-12-21 20:00:00+00:00,1.26353,1.26378,1.26182,1.26248,21025
2018-12-23 20:00:00+00:00,1.2645,1.265,1.26373,1.26498,8501
2018-12-24 00:00:00+00:00,1.26481,1.26792,1.26481,1.26719,26001
2018-12-24 04:00:00+00:00,1.2672,1.26805,1.26619,1.26684,25666
2018-12-24 08:00:00+00:00,1.26622,1.26792,1.26372,1.26482,90738
2018-12-24 12:00:00+00:00,1.26473,1.27342,1.26372,1.27175,154329
2018-12-24 16:00:00+00:00,1.27174,1.27371,1.26974,1.27,70926
2018-12-26 04:00:00+00:00,1.26967,1.27132,1.26933,1.27072,12345
2018-12-26 08:00:00+00:00,1.27037,1.27069,1.26808,1.26896,39978
2018-12-26 12:00:00+00:00,1.26812,1.26974,1.26681,1.26737,62940
2018-12-26 16:00:00+00:00,1.26725,1.26776,1.26348,1.26498,66573
2018-12-26 20:00:00+00:00,1.26413,1.26493,1.26298,1.26468,55202
2018-12-27 00:00:00+00:00,1.26465,1.26643,1.26464,1.26574,95260
2018-12-27 04:00:00+00:00,1.26562,1.26657,1.26504,1.26545,71243
2018-12-27 08:00:00+00:00,1.26542,1.26627,1.26189,1.26312,123973
2018-12-27 12:00:00+00:00,1.26302,1.26735,1.26236,1.2637,144536
2018-12-27 16:00:00+00:00,1.26332,1.26563,1.26254,1.26458,127438
2018-12-27 20:00:00+00:00,1.26419,1.26566,1.26343,1.26443,45249
2018-12-28 00:00:00+00:00,1.26446,1.26723,1.26419,1.26655,45445
2018-12-28 04:00:00+00:00,1.26642,1.26692,1.26562,1.26563,29034
2018-12-28 08:00:00+00:00,1.26573,1.26954,1.26357,1.26948,79525
2018-12-28 12:00:00+00:00,1.26949,1.26988,1.26646,1.26879,93187
2018-12-28 16:00:00+00:00,1.26847,1.27059,1.26821,1.2694,64874
2018-12-28 20:00:00+00:00,1.26949,1.27055,1.26922,1.26923,11792
2018-12-30 20:00:00+00:00,1.26951,1.27023,1.2688,1.26895,7700
2018-12-31 00:00:00+00:00,1.26878,1.26932,1.26849,1.26891,15040
2018-12-31 04:00:00+00:00,1.26891,1.27439,1.26808,1.27439,31466
2018-12-31 08:00:00+00:00,1.27344,1.27778,1.27262,1.27684,72143
2018-12-31 12:00:00+00:00,1.27685,1.28131,1.27376,1.27376,102546
2018-12-31 16:00:00+00:00,1.27215,1.2764,1.27215,1.27391,70194
2019-01-02 04:00:00+00:00,1.27414,1.27721,1.27414,1.27516,28455
2019-01-02 08:00:00+00:00,1.2755,1.27597,1.26607,1.26642,116264
2019-01-02 12:00:00+00:00,1.26602,1.26649,1.2597,1.25997,136394
2019-01-02 16:00:00+00:00,1.26036,1.26134,1.2584,1.26119,94871
2019-01-02 20:00:00+00:00,1.26081,1.26153,1.24419,1.25151,40792
2019-01-03 00:00:00+00:00,1.25265,1.25584,1.25265,1.25493,37807
2019-01-03 04:00:00+00:00,1.2549,1.25644,1.25419,1.25522,43036
2019-01-03 08:00:00+00:00,1.25506,1.25858,1.25424,1.25582,110177
2019-01-03 12:00:00+00:00,1.25554,1.26043,1.25516,1.26009,141532
2019-01-03 16:00:00+00:00,1.25996,1.26466,1.25961,1.26316,118855
2019-01-03 20:00:00+00:00,1.26309,1.26406,1.26258,1.26272,37788
2019-01-04 00:00:00+00:00,1.26274,1.26444,1.2617,1.26414,34437
2019-01-04 04:00:00+00:00,1.26424,1.26515,1.26279,1.26504,33598
2019-01-04 08:00:00+00:00,1.26534,1.26939,1.26502,1.2667,80958
2019-01-04 12:00:00+00:00,1.26655,1.27233,1.26204,1.27233,150955
2019-01-04 16:00:00+00:00,1.27189,1.2744,1.27104,1.2742,110281
2019-01-04 20:00:00+00:00,1.27342,1.27437,1.27181,1.27212,18779
2019-01-06 20:00:00+00:00,1.27195,1.27397,1.27159,1.27324,12311
2019-01-07 00:00:00+00:00,1.2732,1.27485,1.2729,1.27483,20183
2019-01-07 04:00:00+00:00,1.27483,1.27514,1.27406,1.27486,31654
2019-01-07 08:00:00+00:00,1.27485,1.27605,1.27214,1.27542,65000
2019-01-07 12:00:00+00:00,1.27546,1.27859,1.27472,1.27718,92789
2019-01-07 16:00:00+00:00,1.27682,1.27792,1.2752,1.27699,68086
2019-01-07 20:00:00+00:00,1.277,1.27885,1.27639,1.27855,18247
2019-01-08 00:00:00+00:00,1.27859,1.27868,1.27574,1.27581,27625
2019-01-08 04:00:00+00:00,1.27574,1.27916,1.27542,1.27624,45298
2019-01-08 08:00:00+00:00,1.27628,1.27844,1.27459,1.2774,73471
2019-01-08 12:00:00+00:00,1.27741,1.2778,1.27126,1.2731,82989
2019-01-08 16:00:00+00:00,1.2731,1.27382,1.27071,1.2718,57621
2019-01-08 20:00:00+00:00,1.2717,1.27389,1.27091,1.27389,20731
2019-01-09 00:00:00+00:00,1.27379,1.27488,1.2731,1.27354,30231
2019-01-09 04:00:00+00:00,1.27352,1.27474,1.27316,1.2732,32310
2019-01-09 08:00:00+00:00,1.27388,1.27754,1.27159,1.27349,89327
2019-01-09 12:00:00+00:00,1.27303,1.28017,1.27245,1.27424,143229
2019-01-09 16:00:00+00:00,1.27485,1.27977,1.27402,1.27945,137704
2019-01-09 20:00:00+00:00,1.27953,1.28036,1.27824,1.27987,30858
2019-01-10 00:00:00+00:00,1.27982,1.28008,1.27777,1.27969,36328
2019-01-10 04:00:00+00:00,1.27943,1.27943,1.27523,1.27614,37478
2019-01-10 08:00:00+00:00,1.27553,1.2773,1.27298,1.27415,97179
2019-01-10 12:00:00+00:00,1.27356,1.27786,1.27333,1.27786,109430
2019-01-10 16:00:00+00:00,1.2775,1.27752,1.27423,1.27455,101733
2019-01-10 20:00:00+00:00,1.27451,1.27542,1.27405,1.2753,16086
2019-01-11 00:00:00+00:00,1.27568,1.27602,1.27464,1.27598,33603
2019-01-11 04:00:00+00:00,1.27585,1.27672,1.27428,1.27522,33038
2019-01-11 08:00:00+00:00,1.27492,1.28346,1.2712,1.28236,143874
2019-01-11 12:00:00+00:00,1.28267,1.28298,1.27782,1.28224,137592
2019-01-11 16:00:00+00:00,1.28245,1.28646,1.28183,1.2845,75841
2019-01-11 20:00:00+00:00,1.28441,1.28483,1.2833,1.28349,13484
2019-01-13 20:00:00+00:00,1.28548,1.28632,1.28479,1.28479,7288
2019-01-14 00:00:00+00:00,1.28501,1.28601,1.28412,1.2843,24181
2019-01-14 04:00:00+00:00,1.28452,1.28547,1.28207,1.28391,44375
2019-01-14 08:00:00+00:00,1.28403,1.28784,1.28193,1.28745,117784
2019-01-14 12:00:00+00:00,1.28741,1.29226,1.28395,1.2911,124806
2019-01-14 16:00:00+00:00,1.29059,1.29188,1.28602,1.28653,85757
2019-01-14 20:00:00+00:00,1.28652,1.28801,1.28547,1.28744,16694
2019-01-15 00:00:00+00:00,1.28747,1.29142,1.28737,1.28999,21859
2019-01-15 04:00:00+00:00,1.28993,1.29153,1.28807,1.28821,29539
2019-01-15 08:00:00+00:00,1.28844,1.28871,1.28332,1.2862,141539
2019-01-15 12:00:00+00:00,1.28612,1.28699,1.28077,1.28092,137217
2019-01-15 16:00:00+00:00,1.28056,1.28349,1.26953,1.28349,183911
2019-01-15 20:00:00+00:00,1.28312,1.28871,1.28224,1.28714,73715
2019-01-16 00:00:00+00:00,1.28709,1.28709,1.28255,1.28496,26985
2019-01-16 04:00:00+00:00,1.28497,1.28724,1.28426,1.28559,45003
2019-01-16 08:00:00+00:00,1.28636,1.28939,1.28449,1.28491,121406
2019-01-16 12:00:00+00:00,1.28482,1.28918,1.28412,1.286,127035
2019-01-16 16:00:00+00:00,1.28604,1.28818,1.28448,1.28707,90632
2019-01-16 20:00:00+00:00,1.28705,1.2895,1.28677,1.28873,37982
2019-01-17 00:00:00+00:00,1.2883,1.28869,1.2868,1.28722,23107
2019-01-17 04:00:00+00:00,1.28724,1.28788,1.2853,1.28581,35627
2019-01-17 08:00:00+00:00,1.28593,1.29067,1.28377,1.28911,120882
2019-01-17 12:00:00+00:00,1.28896,1.29223,1.28834,1.29082,115199
2019-01-17 16:00:00+00:00,1.2906,1.29998,1.29039,1.29876,106088
2019-01-17 20:00:00+00:00,1.29902,1.29931,1.29754,1.2983,29424
2019-01-18 00:00:00+00:00,1.29823,1.29925,1.2967,1.29719,29579
2019-01-18 04:00:00+00:00,1.29751,1.29856,1.29544,1.29544,30567
2019-01-18 08:00:00+00:00,1.29552,1.2961,1.29269,1.29328,108707
2019-01-18 12:00:00+00:00,1.29315,1.29433,1.28898,1.29059,129297
2019-01-18 16:00:00+00:00,1.29065,1.2908,1.28704,1.28728,73147
2019-01-18 20:00:00+00:00,1.28687,1.28747,1.28574,1.28701,22523
2019-01-20 20:00:00+00:00,1.2875,1.28782,1.28514,1.28514,6787
2019-01-21 00:00:00+00:00,1.28483,1.28672,1.28483,1.28604,31387
2019-01-21 04:00:00+00:00,1.28593,1.28772,1.2859,1.2867,29119
2019-01-21 08:00:00+00:00,1.28685,1.28732,1.28316,1.28728,79115
2019-01-21 12:00:00+00:00,1.2871,1.2894,1.28483,1.2894,78878
2019-01-21 16:00:00+00:00,1.28966,1.29069,1.28839,1.28888,51662
2019-01-21 20:00:00+00:00,1.28881,1.28968,1.28878,1.28903,11896
2019-01-22 00:00:00+00:00,1.28911,1.28948,1.28776,1.28785,23458
2019-01-22 04:00:00+00:00,1.28782,1.2883,1.28564,1.28684,36268
2019-01-22 08:00:00+00:00,1.28673,1.29267,1.2861,1.28946,94511
2019-01-22 12:00:00+00:00,1.28926,1.29651,1.28913,1.29558,110932
2019-01-22 16:00:00+00:00,1.29584,1.29752,1.2949,1.29585,75492
2019-01-22 20:00:00+00:00,1.29609,1.29619,1.29503,1.29553,24494
2019-01-23 00:00:00+00:00,1.29555,1.2964,1.29502,1.29503,28993
2019-01-23 04:00:00+00:00,1.29523,1.29693,1.29442,1.2964,45564
2019-01-23 08:00:00+00:00,1.29589,1.3036,1.295,1.30342,143588
2019-01-23 12:00:00+00:00,1.30321,1.3078,1.30207,1.30666,120079
2019-01-23 16:00:00+00:00,1.30675,1.30764,1.30602,1.30645,69605
2019-01-23 20:00:00+00:00,1.30634,1.30819,1.30604,1.30819,24521
2019-01-24 00:00:00+00:00,1.30829,1.30939,1.30712,1.30751,33075
2019-01-24 04:00:00+00:00,1.3075,1.30795,1.30412,1.30445,33885
2019-01-24 08:00:00+00:00,1.30432,1.30695,1.30186,1.30205,133948
2019-01-24 12:00:00+00:00,1.30226,1.30557,1.30135,1.30422,160724
2019-01-24 16:00:00+00:00,1.30402,1.30558,1.30139,1.3053,89076
2019-01-24 20:00:00+00:00,1.30516,1.31243,1.30506,1.31197,36906
2019-01-25 00:00:00+00:00,1.31058,1.31279,1.30953,1.3118,33385
2019-01-25 04:00:00+00:00,1.31168,1.31376,1.3097,1.31029,57511
2019-01-25 08:00:00+00:00,1.31019,1.3102,1.30634,1.3095,119489
2019-01-25 12:00:00+00:00,1.30933,1.31693,1.30826,1.3166,145174
2019-01-25 16:00:00+00:00,1.31682,1.31982,1.31568,1.31974,96538
2019-01-25 20:00:00+00:00,1.31982,1.32161,1.3194,1.31974,18851
2019-01-27 20:00:00+00:00,1.3183,1.32109,1.3183,1.3208,9618
2019-01-28 00:00:00+00:00,1.32079,1.32079,1.31903,1.32001,25707
2019-01-28 04:00:00+00:00,1.32003,1.32061,1.3164,1.3164,37718
2019-01-28 08:00:00+00:00,1.31637,1.31867,1.31433,1.31433,100008
2019-01-28 12:00:00+00:00,1.31452,1.31797,1.31395,1.31552,112914
2019-01-28 16:00:00+00:00,1.31552,1.31728,1.31521,1.31573,64563
2019-01-28 20:00:00+00:00,1.31584,1.31644,1.31483,1.31602,28059
2019-01-29 00:00:00+00:00,1.31588,1.31588,1.31429,1.3149,26217
2019-01-29 04:00:00+00:00,1.3151,1.31611,1.31301,1.31382,42796
2019-01-29 08:00:00+00:00,1.31415,1.31755,1.314,1.31609,119118
2019-01-29 12:00:00+00:00,1.31581,1.31965,1.31456,1.31474,142119
2019-01-29 16:00:00+00:00,1.31476,1.3165,1.30974,1.30989,137955
2019-01-29 20:00:00+00:00,1.30961,1.31026,1.30586,1.30797,103422
2019-01-30 00:00:00+00:00,1.30808,1.30967,1.30776,1.30843,31728
2019-01-30 04:00:00+00:00,1.30847,1.30971,1.30722,1.30722,59071
2019-01-30 08:00:00+00:00,1.30733,1.31189,1.30666,1.31027,110929
2019-01-30 12:00:00+00:00,1.30982,1.31057,1.30549,1.30724,104555
2019-01-30 16:00:00+00:00,1.30696,1.31444,1.30572,1.31166,125695
2019-01-30 20:00:00+00:00,1.3114,1.31235,1.31022,1.31162,50017
2019-01-31 00:00:00+00:00,1.31164,1.31361,1.31081,1.3132,26415
2019-01-31 04:00:00+00:00,1.31321,1.31551,1.31232,1.31349,40091
2019-01-31 08:00:00+00:00,1.31345,1.31492,1.31125,1.31301,120047
2019-01-31 12:00:00+00:00,1.31298,1.3158,1.30993,1.31523,128573
2019-01-31 16:00:00+00:00,1.31531,1.31531,1.30987,1.31117,100129
2019-01-31 20:00:00+00:00,1.3112,1.31167,1.31005,1.31085,31975
2019-02-01 00:00:00+00:00,1.31086,1.31126,1.30835,1.30937,29157
2019-02-01 04:00:00+00:00,1.30939,1.3111,1.30926,1.31109,27862
2019-02-01 08:00:00+00:00,1.31136,1.31136,1.30451,1.30626,111748
2019-02-01 12:00:00+00:00,1.30608,1.31002,1.30504,1.30935,131117
2019-02-01 16:00:00+00:00,1.30922,1.30996,1.30764,1.3083,73910
2019-02-01 20:00:00+00:00,1.30818,1.30857,1.30744,1.30744,16332
2019-02-03 20:00:00+00:00,1.3056,1.30799,1.3056,1.30764,14337
2019-02-04 00:00:00+00:00,1.3078,1.30845,1.30742,1.30774,21786
2019-02-04 04:00:00+00:00,1.30764,1.30845,1.3067,1.30844,33626
2019-02-04 08:00:00+00:00,1.30869,1.30933,1.30464,1.3062,87965
2019-02-04 12:00:00+00:00,1.30602,1.31023,1.30424,1.30837,98458
2019-02-04 16:00:00+00:00,1.30836,1.30836,1.30312,1.30431,68587
2019-02-04 20:00:00+00:00,1.30431,1.30442,1.30266,1.30266,22010
2019-02-05 00:00:00+00:00,1.30299,1.30426,1.30299,1.30379,19353
2019-02-05 04:00:00+00:00,1.3038,1.30493,1.30329,1.3045,23963
2019-02-05 08:00:00+00:00,1.3044,1.30481,1.3,1.30134,90760
2019-02-05 12:00:00+00:00,1.30127,1.30143,1.29377,1.29392,107380
2019-02-05 16:00:00+00:00,1.29402,1.29576,1.29266,1.29566,62341
2019-02-05 20:00:00+00:00,1.29542,1.2957,1.2943,1.29567,25304
2019-02-06 00:00:00+00:00,1.2955,1.29617,1.2949,1.29521,33285
2019-02-06 04:00:00+00:00,1.29527,1.29585,1.29276,1.29368,28945
2019-02-06 08:00:00+00:00,1.29389,1.29726,1.293,1.29506,95884
2019-02-06 12:00:00+00:00,1.29511,1.29784,1.29471,1.29625,83032
2019-02-06 16:00:00+00:00,1.29645,1.29653,1.29323,1.29375,56454
2019-02-06 20:00:00+00:00,1.29403,1.29513,1.29282,1.2933,28849
2019-02-07 00:00:00+00:00,1.29324,1.29354,1.29264,1.29297,16525
2019-02-07 04:00:00+00:00,1.29298,1.29398,1.29174,1.29174,29895
2019-02-07 08:00:00+00:00,1.29143,1.29147,1.289,1.289,94160
2019-02-07 12:00:00+00:00,1.28695,1.29944,1.28599,1.29737,135565
2019-02-07 16:00:00+00:00,1.29709,1.29804,1.29541,1.29541,74974
2019-02-07 20:00:00+00:00,1.29582,1.29604,1.29454,1.29483,24434
2019-02-08 00:00:00+00:00,1.29483,1.29552,1.29421,1.29473,22277
2019-02-08 04:00:00+00:00,1.29469,1.29521,1.29361,1.29471,31096
2019-02-08 08:00:00+00:00,1.29419,1.29705,1.29225,1.296,80645
2019-02-08 12:00:00+00:00,1.29581,1.29749,1.29379,1.29454,85415
2019-02-08 16:00:00+00:00,1.29425,1.29492,1.29271,1.29334,55580
2019-02-08 20:00:00+00:00,1.29324,1.29445,1.29319,1.29359,11677
2019-02-10 20:00:00+00:00,1.29306,1.29372,1.2924,1.29367,5777
2019-02-11 00:00:00+00:00,1.29355,1.29385,1.29263,1.29274,14345
2019-02-11 04:00:00+00:00,1.29284,1.29376,1.29097,1.29106,32801
2019-02-11 08:00:00+00:00,1.29097,1.29332,1.28946,1.29164,131165
2019-02-11 12:00:00+00:00,1.29114,1.29132,1.28609,1.2866,112616
2019-02-11 16:00:00+00:00,1.28625,1.28663,1.2847,1.28607,54687
2019-02-11 20:00:00+00:00,1.286,1.2864,1.28526,1.28636,31727
2019-02-12 00:00:00+00:00,1.28637,1.28702,1.28572,1.28651,18676
2019-02-12 04:00:00+00:00,1.28654,1.28751,1.28603,1.28735,33550
2019-02-12 08:00:00+00:00,1.2876,1.2881,1.28352,1.28553,100795
2019-02-12 12:00:00+00:00,1.28513,1.28945,1.28512,1.28831,101967
2019-02-12 16:00:00+00:00,1.28813,1.29071,1.28762,1.2898,63148
2019-02-12 20:00:00+00:00,1.28972,1.29014,1.28891,1.28909,17799
2019-02-13 00:00:00+00:00,1.28897,1.29071,1.28877,1.29049,31079
2019-02-13 04:00:00+00:00,1.2904,1.29202,1.29017,1.29062,37939
2019-02-13 08:00:00+00:00,1.2904,1.29472,1.28761,1.29472,111992
2019-02-13 12:00:00+00:00,1.29389,1.29389,1.28724,1.28803,127085
2019-02-13 16:00:00+00:00,1.28833,1.28834,1.28499,1.28501,56056
2019-02-13 20:00:00+00:00,1.28535,1.2856,1.2843,1.28542,18274
2019-02-14 00:00:00+00:00,1.28522,1.28673,1.28493,1.28667,24514
2019-02-14 04:00:00+00:00,1.28663,1.28744,1.28593,1.28635,32288
2019-02-14 08:00:00+00:00,1.28595,1.28608,1.28061,1.28069,111536
2019-02-14 12:00:00+00:00,1.28046,1.28386,1.27731,1.2778,158476
2019-02-14 16:00:00+00:00,1.27775,1.28131,1.2776,1.28002,77164
2019-02-14 20:00:00+00:00,1.28004,1.28011,1.27903,1.27981,20625
2019-02-15 00:00:00+00:00,1.2797,1.27994,1.27896,1.27967,17382
2019-02-15 04:00:00+00:00,1.27956,1.28207,1.27927,1.28081,34681
2019-02-15 08:00:00+00:00,1.28105,1.28311,1.27879,1.28187,109773
2019-02-15 12:00:00+00:00,1.28207,1.28471,1.27898,1.28461,145809
2019-02-15 16:00:00+00:00,1.28491,1.28954,1.28479,1.28869,71363
2019-02-15 20:00:00+00:00,1.28869,1.28931,1.28846,1.28846,13649
2019-02-17 20:00:00+00:00,1.29045,1.29048,1.28989,1.29041,4882
2019-02-18 00:00:00+00:00,1.29026,1.29199,1.2902,1.29145,26124
2019-02-18 04:00:00+00:00,1.29156,1.29159,1.29028,1.29084,29692
2019-02-18 08:00:00+00:00,1.29075,1.29364,1.28939,1.29333,89889
2019-02-18 12:00:00+00:00,1.29332,1.29345,1.29144,1.29274,65460
2019-02-18 16:00:00+00:00,1.29253,1.29351,1.29211,1.2927,52253
2019-02-18 20:00:00+00:00,1.29267,1.29289,1.29136,1.29229,37255
2019-02-19 00:00:00+00:00,1.29217,1.29242,1.2897,1.29003,19210
2019-02-19 04:00:00+00:00,1.29007,1.29142,1.28959,1.2909,27730
2019-02-19 08:00:00+00:00,1.29114,1.29346,1.29049,1.29182,96220
2019-02-19 12:00:00+00:00,1.29181,1.30325,1.29139,1.30305,127947
2019-02-19 16:00:00+00:00,1.30302,1.30727,1.30277,1.30655,97051
2019-02-19 20:00:00+00:00,1.30672,1.30722,1.30577,1.30589,26769
2019-02-20 00:00:00+00:00,1.30596,1.3076,1.30552,1.30602,26415
2019-02-20 04:00:00+00:00,1.30602,1.30623,1.30439,1.30439,28403
2019-02-20 08:00:00+00:00,1.30439,1.30454,1.30137,1.30222,99900
2019-02-20 12:00:00+00:00,1.30254,1.3072,1.30157,1.30637,119079
2019-02-20 16:00:00+00:00,1.30652,1.31052,1.30542,1.30607,114822
2019-02-20 20:00:00+00:00,1.30571,1.30614,1.30416,1.30438,26001
2019-02-21 00:00:00+00:00,1.30422,1.3051,1.30282,1.3051,33041
2019-02-21 04:00:00+00:00,1.30481,1.30512,1.3027,1.30393,59918
2019-02-21 08:00:00+00:00,1.30449,1.30862,1.30333,1.30575,138480
2019-02-21 12:00:00+00:00,1.30564,1.30938,1.30425,1.30699,137891
2019-02-21 16:00:00+00:00,1.30663,1.30663,1.30291,1.30408,69724
2019-02-21 20:00:00+00:00,1.30359,1.30413,1.30304,1.30401,26368
2019-02-22 00:00:00+00:00,1.304,1.30431,1.30315,1.30359,22297
2019-02-22 04:00:00+00:00,1.30359,1.30507,1.30268,1.30377,29452
2019-02-22 08:00:00+00:00,1.30287,1.30426,1.30088,1.30114,86330
2019-02-22 12:00:00+00:00,1.30092,1.30743,1.29709,1.30581,142298
2019-02-22 16:00:00+00:00,1.30556,1.30749,1.3049,1.30605,70857
2019-02-22 20:00:00+00:00,1.30575,1.30587,1.3048,1.30538,15693
2019-02-24 20:00:00+00:00,1.30699,1.30711,1.30523,1.30645,9973
2019-02-25 00:00:00+00:00,1.3063,1.30713,1.30611,1.30694,19316
2019-02-25 04:00:00+00:00,1.3069,1.30835,1.30601,1.30835,29131
2019-02-25 08:00:00+00:00,1.30822,1.30938,1.30578,1.3086,98772
2019-02-25 12:00:00+00:00,1.30843,1.30952,1.30561,1.3067,114549
2019-02-25 16:00:00+00:00,1.30672,1.31035,1.30509,1.31009,97771
2019-02-25 20:00:00+00:00,1.30979,1.31401,1.30952,1.3127,22502
2019-02-26 00:00:00+00:00,1.31254,1.31476,1.31227,1.31379,25858
2019-02-26 04:00:00+00:00,1.31378,1.31592,1.31246,1.31516,44770
2019-02-26 08:00:00+00:00,1.3152,1.32346,1.31417,1.32132,139186
2019-02-26 12:00:00+00:00,1.32055,1.32411,1.3142,1.32411,176092
2019-02-26 16:00:00+00:00,1.32425,1.32875,1.32332,1.32725,119832
2019-02-26 20:00:00+00:00,1.32732,1.32737,1.32506,1.32586,24974
2019-02-27 00:00:00+00:00,1.32602,1.32615,1.32414,1.32443,64996
2019-02-27 04:00:00+00:00,1.32452,1.32648,1.3234,1.32565,43319
2019-02-27 08:00:00+00:00,1.32598,1.33348,1.32598,1.33185,129005
2019-02-27 12:00:00+00:00,1.33173,1.33481,1.33042,1.3335,160572
2019-02-27 16:00:00+00:00,1.33371,1.33391,1.32933,1.33083,90163
2019-02-27 20:00:00+00:00,1.33075,1.33174,1.33018,1.33173,17450
2019-02-28 00:00:00+00:00,1.33151,1.33193,1.3296,1.32988,21153
2019-02-28 04:00:00+00:00,1.32982,1.33053,1.32776,1.32862,42194
2019-02-28 08:00:00+00:00,1.32882,1.33178,1.32791,1.33037,109317
2019-02-28 12:00:00+00:00,1.33023,1.33065,1.32646,1.32992,153415
2019-02-28 16:00:00+00:00,1.33023,1.33152,1.32549,1.3268,92546
2019-02-28 20:00:00+00:00,1.32693,1.32693,1.32576,1.32642,18120
2019-03-01 00:00:00+00:00,1.32638,1.32656,1.32527,1.32567,20154
2019-03-01 04:00:00+00:00,1.32567,1.32637,1.32438,1.32582,27429
2019-03-01 08:00:00+00:00,1.32601,1.3261,1.32199,1.32237,92951
2019-03-01 12:00:00+00:00,1.32239,1.3285,1.32212,1.32424,145390
2019-03-01 16:00:00+00:00,1.32431,1.32431,1.31868,1.31892,86053
2019-03-01 20:00:00+00:00,1.31868,1.32177,1.3172,1.32043,26674
2019-03-03 20:00:00+00:00,1.32424,1.32441,1.32292,1.32383,8432
2019-03-04 00:00:00+00:00,1.32361,1.32419,1.32289,1.32408,21493
2019-03-04 04:00:00+00:00,1.32398,1.32464,1.32256,1.32388,32629
2019-03-04 08:00:00+00:00,1.3238,1.3254,1.31878,1.31942,150990
2019-03-04 12:00:00+00:00,1.31922,1.32234,1.31731,1.31731,114025
2019-03-04 16:00:00+00:00,1.31705,1.31915,1.31669,1.317,55481
2019-03-04 20:00:00+00:00,1.31689,1.31828,1.31689,1.31778,21529
2019-03-05 00:00:00+00:00,1.31776,1.31796,1.31522,1.31522,20847
2019-03-05 04:00:00+00:00,1.31535,1.31707,1.31504,1.31707,36042
2019-03-05 08:00:00+00:00,1.31751,1.31958,1.31509,1.31771,94194
2019-03-05 12:00:00+00:00,1.31769,1.31792,1.31009,1.31131,151039
2019-03-05 16:00:00+00:00,1.31101,1.31796,1.31101,1.31698,88841
2019-03-05 20:00:00+00:00,1.31688,1.31792,1.3144,1.31554,31766
2019-03-06 00:00:00+00:00,1.31553,1.31583,1.31242,1.31306,21672
2019-03-06 04:00:00+00:00,1.31346,1.31477,1.31282,1.31406,34636
2019-03-06 08:00:00+00:00,1.31433,1.31534,1.31292,1.31408,93378
2019-03-06 12:00:00+00:00,1.3137,1.31726,1.31298,1.31499,137775
2019-03-06 16:00:00+00:00,1.31515,1.31729,1.31347,1.31718,84681
2019-03-06 20:00:00+00:00,1.31704,1.31811,1.31672,1.31805,20367
2019-03-07 00:00:00+00:00,1.3179,1.31848,1.31754,1.31798,19991
2019-03-07 04:00:00+00:00,1.31803,1.31819,1.31608,1.31679,28730
2019-03-07 08:00:00+00:00,1.31599,1.31782,1.31319,1.31383,106542
2019-03-07 12:00:00+00:00,1.31388,1.31409,1.30921,1.3118,170384
2019-03-07 16:00:00+00:00,1.31171,1.31471,1.30693,1.30764,105044
2019-03-07 20:00:00+00:00,1.30753,1.30923,1.30704,1.30902,18269
2019-03-08 00:00:00+00:00,1.30889,1.3097,1.30821,1.30942,24525
2019-03-08 04:00:00+00:00,1.30932,1.30991,1.30756,1.30861,35580
2019-03-08 08:00:00+00:00,1.30852,1.31059,1.30714,1.30731,104708
2019-03-08 12:00:00+00:00,1.30729,1.30852,1.30047,1.30047,194271
2019-03-08 16:00:00+00:00,1.30167,1.30411,1.29904,1.3014,98985
2019-03-08 20:00:00+00:00,1.30129,1.30174,1.29992,1.30126,14491
2019-03-10 20:00:00+00:00,1.29648,1.29931,1.29648,1.29842,11017
2019-03-11 00:00:00+00:00,1.29832,1.29843,1.29617,1.29728,22072
2019-03-11 04:00:00+00:00,1.29732,1.30137,1.29727,1.30127,29336
2019-03-11 08:00:00+00:00,1.30169,1.30228,1.29647,1.30189,116069
2019-03-11 12:00:00+00:00,1.3022,1.30966,1.30178,1.3095,171712
2019-03-11 16:00:00+00:00,1.30959,1.31677,1.30871,1.31361,132711
2019-03-11 20:00:00+00:00,1.31362,1.3284,1.31362,1.32453,54544
2019-03-12 00:00:00+00:00,1.32442,1.32442,1.32112,1.32151,22239
2019-03-12 04:00:00+00:00,1.32155,1.32357,1.3197,1.32244,34599
2019-03-12 08:00:00+00:00,1.32247,1.32401,1.30096,1.30568,188644
2019-03-12 12:00:00+00:00,1.30491,1.31458,1.30292,1.30977,189767
2019-03-12 16:00:00+00:00,1.31024,1.31408,1.30502,1.30754,122219
2019-03-12 20:00:00+00:00,1.30799,1.30799,1.30562,1.30638,18898
2019-03-13 00:00:00+00:00,1.3063,1.30911,1.3063,1.30837,17007
2019-03-13 04:00:00+00:00,1.3083,1.3144,1.3083,1.31437,43933
2019-03-13 08:00:00+00:00,1.31445,1.31724,1.31306,1.31567,106537
2019-03-13 12:00:00+00:00,1.3154,1.3229,1.3149,1.3229,153436
2019-03-13 16:00:00+00:00,1.3227,1.32751,1.32017,1.32572,103789
2019-03-13 20:00:00+00:00,1.32557,1.33757,1.32557,1.32867,44771
2019-03-14 00:00:00+00:00,1.32801,1.32907,1.32527,1.32565,30383
2019-03-14 04:00:00+00:00,1.32516,1.32905,1.32397,1.32739,47564
2019-03-14 08:00:00+00:00,1.32777,1.33305,1.32113,1.32356,177146
2019-03-14 12:00:00+00:00,1.32281,1.3285,1.3222,1.32804,126566
2019-03-14 16:00:00+00:00,1.32833,1.32842,1.32118,1.32264,80012
2019-03-14 20:00:00+00:00,1.32228,1.32647,1.32171,1.32571,25895
2019-03-15 00:00:00+00:00,1.32565,1.32582,1.32328,1.32432,21982
2019-03-15 04:00:00+00:00,1.32437,1.3256,1.3203,1.32232,35221
2019-03-15 08:00:00+00:00,1.32189,1.32777,1.32138,1.32631,106184
2019-03-15 12:00:00+00:00,1.32595,1.32938,1.32317,1.32787,166848
2019-03-15 16:00:00+00:00,1.32769,1.32993,1.32737,1.32907,64352
2019-03-15 20:00:00+00:00,1.32888,1.32941,1.32819,1.32857,6047
2019-03-17 20:00:00+00:00,1.32947,1.33001,1.32898,1.32959,5711
2019-03-18 00:00:00+00:00,1.32964,1.32979,1.32864,1.32956,21669
2019-03-18 04:00:00+00:00,1.32955,1.32984,1.32722,1.32923,34302
2019-03-18 08:00:00+00:00,1.32901,1.32997,1.32302,1.32623,113953
2019-03-18 12:00:00+00:00,1.32615,1.32714,1.31894,1.32193,122650
2019-03-18 16:00:00+00:00,1.32217,1.32589,1.32202,1.32589,52956
2019-03-18 20:00:00+00:00,1.32562,1.32652,1.32431,1.32644,13008
2019-03-19 00:00:00+00:00,1.32623,1.32773,1.32597,1.32773,21445
2019-03-19 04:00:00+00:00,1.32738,1.32804,1.32574,1.32705,27856
2019-03-19 08:00:00+00:00,1.32685,1.33079,1.32597,1.32773,103195
2019-03-19 12:00:00+00:00,1.32771,1.32892,1.3242,1.32628,120127
2019-03-19 16:00:00+00:00,1.32644,1.32853,1.32624,1.32719,56206
2019-03-19 20:00:00+00:00,1.32703,1.32736,1.32596,1.32692,10935
2019-03-20 00:00:00+00:00,1.32682,1.32691,1.32523,1.32564,17868
2019-03-20 04:00:00+00:00,1.32572,1.32594,1.32272,1.32367,30663
2019-03-20 08:00:00+00:00,1.32422,1.32487,1.32129,1.32222,109152
2019-03-20 12:00:00+00:00,1.32231,1.32279,1.31466,1.31912,173703
2019-03-20 16:00:00+00:00,1.31879,1.325,1.31651,1.32028,114519
2019-03-20 20:00:00+00:00,1.31995,1.32117,1.31832,1.32041,34831
2019-03-21 00:00:00+00:00,1.32054,1.32269,1.32053,1.32135,25891
2019-03-21 04:00:00+00:00,1.32134,1.32255,1.31779,1.31792,34257
2019-03-21 08:00:00+00:00,1.31724,1.31805,1.31086,1.31134,106462
2019-03-21 12:00:00+00:00,1.3123,1.31717,1.30651,1.30731,196208
2019-03-21 16:00:00+00:00,1.30674,1.31002,1.30096,1.30969,141486
2019-03-21 20:00:00+00:00,1.30965,1.3134,1.30911,1.31295,23764
2019-03-22 00:00:00+00:00,1.31275,1.3142,1.31193,1.31395,30381
2019-03-22 04:00:00+00:00,1.31396,1.31551,1.31279,1.31425,35803
2019-03-22 08:00:00+00:00,1.31434,1.31614,1.30831,1.31437,174302
2019-03-22 12:00:00+00:00,1.31474,1.3219,1.31473,1.3219,180037
2019-03-22 16:00:00+00:00,1.32215,1.32222,1.31798,1.31994,85279
2019-03-22 20:00:00+00:00,1.31981,1.32107,1.31968,1.32042,4198
2019-03-24 20:00:00+00:00,1.3215,1.32197,1.31934,1.32052,5521
2019-03-25 00:00:00+00:00,1.32036,1.32036,1.31843,1.31933,17683
2019-03-25 04:00:00+00:00,1.31932,1.31996,1.31604,1.31865,34247
2019-03-25 08:00:00+00:00,1.31915,1.32181,1.31631,1.31888,114877
2019-03-25 12:00:00+00:00,1.31869,1.3243,1.3186,1.31975,165542
2019-03-25 16:00:00+00:00,1.31971,1.31974,1.31671,1.31962,68799
2019-03-25 20:00:00+00:00,1.31966,1.32199,1.31833,1.32123,16339
2019-03-26 00:00:00+00:00,1.32073,1.32073,1.31924,1.3199,15377
2019-03-26 04:00:00+00:00,1.31995,1.3222,1.31778,1.32063,38953
2019-03-26 08:00:00+00:00,1.31967,1.32502,1.31642,1.32413,124563
2019-03-26 12:00:00+00:00,1.324,1.326,1.32007,1.3214,161003
2019-03-26 16:00:00+00:00,1.32146,1.32304,1.32006,1.32006,76704
2019-03-26 20:00:00+00:00,1.32028,1.32141,1.31987,1.32095,14595
2019-03-27 00:00:00+00:00,1.32092,1.32127,1.31772,1.31795,26985
2019-03-27 04:00:00+00:00,1.31796,1.31906,1.31693,1.31851,30586
2019-03-27 08:00:00+00:00,1.31913,1.32294,1.31872,1.32274,131916
2019-03-27 12:00:00+00:00,1.32252,1.32441,1.31887,1.31919,199698
2019-03-27 16:00:00+00:00,1.31927,1.32685,1.31917,1.32505,144601
2019-03-27 20:00:00+00:00,1.32501,1.32539,1.31427,1.31515,36074
2019-03-28 00:00:00+00:00,1.31561,1.31915,1.31561,1.31903,24434
2019-03-28 04:00:00+00:00,1.31901,1.3198,1.31605,1.31634,36061
2019-03-28 08:00:00+00:00,1.31609,1.31633,1.31037,1.31222,156082
2019-03-28 12:00:00+00:00,1.31182,1.31658,1.30746,1.30877,167522
2019-03-28 16:00:00+00:00,1.30807,1.30864,1.30406,1.30569,110483
2019-03-28 20:00:00+00:00,1.30528,1.30588,1.30371,1.30531,12866
2019-03-29 00:00:00+00:00,1.30531,1.30726,1.30513,1.30639,16846
2019-03-29 04:00:00+00:00,1.30704,1.30851,1.30253,1.30253,33237
2019-03-29 08:00:00+00:00,1.30212,1.31231,1.3007,1.31054,137885
2019-03-29 12:00:00+00:00,1.31089,1.31164,1.29842,1.30288,167632
2019-03-29 16:00:00+00:00,1.30298,1.30456,1.29893,1.30227,61365
2019-03-29 20:00:00+00:00,1.30245,1.30344,1.30179,1.30344,7673
2019-03-31 20:00:00+00:00,1.3039,1.30396,1.30167,1.30209,6867
2019-04-01 00:00:00+00:00,1.30206,1.3035,1.30104,1.30345,16748
2019-04-01 04:00:00+00:00,1.30354,1.30804,1.30335,1.30643,72034
2019-04-01 08:00:00+00:00,1.30636,1.31195,1.30588,1.31125,130500
2019-04-01 12:00:00+00:00,1.31162,1.31473,1.30839,1.31424,136882
2019-04-01 16:00:00+00:00,1.3139,1.31452,1.31115,1.31167,45631
2019-04-01 20:00:00+00:00,1.31126,1.31179,1.30295,1.30675,20706
2019-04-02 00:00:00+00:00,1.30683,1.30743,1.30597,1.30707,21354
2019-04-02 04:00:00+00:00,1.3072,1.30831,1.30249,1.30505,74991
2019-04-02 08:00:00+00:00,1.30486,1.30752,1.30154,1.30154,93774
2019-04-02 12:00:00+00:00,1.30213,1.30541,1.3017,1.30333,133184
2019-04-02 16:00:00+00:00,1.30324,1.31301,1.3029,1.31301,99113
2019-04-02 20:00:00+00:00,1.313,1.31489,1.3125,1.31261,18343
2019-04-03 00:00:00+00:00,1.31243,1.31452,1.31221,1.31376,24106
2019-04-03 04:00:00+00:00,1.31375,1.31915,1.31323,1.31877,89130
2019-04-03 08:00:00+00:00,1.31912,1.31955,1.31549,1.31662,125955
2019-04-03 12:00:00+00:00,1.31687,1.31862,1.31265,1.31823,135509
2019-04-03 16:00:00+00:00,1.3174,1.3179,1.31423,1.31651,61024
2019-04-03 20:00:00+00:00,1.31572,1.318,1.31529,1.31756,14193
2019-04-04 00:00:00+00:00,1.31773,1.31813,1.31701,1.31715,12264
2019-04-04 04:00:00+00:00,1.31715,1.31905,1.3169,1.31871,64155
2019-04-04 08:00:00+00:00,1.31828,1.31837,1.31308,1.31329,126669
2019-04-04 12:00:00+00:00,1.31334,1.31392,1.30679,1.30707,151469
2019-04-04 16:00:00+00:00,1.30699,1.30857,1.30606,1.30823,59713
2019-04-04 20:00:00+00:00,1.30788,1.3082,1.30668,1.30733,10102
2019-04-05 00:00:00+00:00,1.30722,1.30906,1.30717,1.309,11820
2019-04-05 04:00:00+00:00,1.30899,1.31181,1.30874,1.30951,55875
2019-04-05 08:00:00+00:00,1.30968,1.30972,1.30579,1.30659,90010
2019-04-05 12:00:00+00:00,1.30669,1.30729,1.30048,1.30081,138604
2019-04-05 16:00:00+00:00,1.30061,1.30367,1.29887,1.30345,52170
2019-04-05 20:00:00+00:00,1.30337,1.30377,1.30292,1.30318,3106
2019-04-07 20:00:00+00:00,1.30383,1.30394,1.30223,1.3038,15530
2019-04-08 00:00:00+00:00,1.30362,1.30709,1.30338,1.30665,14924
2019-04-08 04:00:00+00:00,1.3064,1.30705,1.3045,1.30576,60310
2019-04-08 08:00:00+00:00,1.3064,1.3064,1.30432,1.30479,108634
2019-04-08 12:00:00+00:00,1.30476,1.30599,1.30355,1.30459,114655
2019-04-08 16:00:00+00:00,1.30471,1.30735,1.3046,1.30651,32477
2019-04-08 20:00:00+00:00,1.30624,1.30689,1.30523,1.30612,12997
2019-04-09 00:00:00+00:00,1.30608,1.30808,1.30608,1.30782,11052
2019-04-09 04:00:00+00:00,1.30777,1.30929,1.30677,1.30685,55642
2019-04-09 08:00:00+00:00,1.30677,1.31164,1.30575,1.30575,100295
2019-04-09 12:00:00+00:00,1.30435,1.30794,1.30333,1.30465,134834
2019-04-09 16:00:00+00:00,1.30465,1.30615,1.30305,1.30523,50295
2019-04-09 20:00:00+00:00,1.30529,1.30579,1.30425,1.30553,10807
2019-04-10 00:00:00+00:00,1.30523,1.30567,1.30478,1.30547,11757
2019-04-10 04:00:00+00:00,1.30551,1.30777,1.30536,1.30693,50209
2019-04-10 08:00:00+00:00,1.30682,1.31001,1.30637,1.30842,91738
2019-04-10 12:00:00+00:00,1.30868,1.31034,1.30575,1.30978,130392
2019-04-10 16:00:00+00:00,1.30959,1.31193,1.30814,1.30925,49553
2019-04-10 20:00:00+00:00,1.30922,1.30982,1.30803,1.30974,9209
2019-04-11 00:00:00+00:00,1.30964,1.31021,1.30872,1.30994,14206
2019-04-11 04:00:00+00:00,1.30992,1.31085,1.30789,1.30988,75318
2019-04-11 08:00:00+00:00,1.30983,1.30987,1.30635,1.30777,66984
2019-04-11 12:00:00+00:00,1.30765,1.30933,1.30642,1.30668,125636
2019-04-11 16:00:00+00:00,1.30658,1.30826,1.30521,1.30577,42865
2019-04-11 20:00:00+00:00,1.3056,1.30609,1.30498,1.30545,9320
2019-04-12 00:00:00+00:00,1.30535,1.30796,1.30508,1.30757,20564
2019-04-12 04:00:00+00:00,1.3075,1.30754,1.30505,1.30606,34668
2019-04-12 08:00:00+00:00,1.30589,1.30998,1.30589,1.30901,96645
2019-04-12 12:00:00+00:00,1.30919,1.3129,1.30832,1.30851,122892
2019-04-12 16:00:00+00:00,1.30851,1.30919,1.30672,1.30783,40124
2019-04-12 20:00:00+00:00,1.30773,1.30773,1.30649,1.30649,3364
2019-04-14 20:00:00+00:00,1.30787,1.30834,1.30699,1.30832,5881
2019-04-15 00:00:00+00:00,1.30843,1.31017,1.30836,1.30937,16792
2019-04-15 04:00:00+00:00,1.30934,1.3105,1.30795,1.30995,34344
2019-04-15 08:00:00+00:00,1.3101,1.31137,1.30925,1.31064,84129
2019-04-15 12:00:00+00:00,1.31084,1.31179,1.30956,1.31041,103592
2019-04-15 16:00:00+00:00,1.31034,1.31085,1.30869,1.30984,38258
2019-04-15 20:00:00+00:00,1.30982,1.31007,1.30891,1.30991,10292
2019-04-16 00:00:00+00:00,1.30982,1.31006,1.30796,1.30903,15047
2019-04-16 04:00:00+00:00,1.30903,1.30982,1.30742,1.30803,42563
2019-04-16 08:00:00+00:00,1.30817,1.30934,1.30764,1.30929,81408
2019-04-16 12:00:00+00:00,1.30937,1.30937,1.30442,1.3048,152131
2019-04-16 16:00:00+00:00,1.30471,1.30603,1.30441,1.30482,42204
2019-04-16 20:00:00+00:00,1.30484,1.30542,1.30394,1.30437,15026
2019-04-17 00:00:00+00:00,1.30437,1.30577,1.30327,1.30577,19143
2019-04-17 04:00:00+00:00,1.30568,1.30671,1.30464,1.30464,45767
2019-04-17 08:00:00+00:00,1.30494,1.30595,1.30331,1.30575,106556
2019-04-17 12:00:00+00:00,1.30564,1.30567,1.30306,1.30337,120993
2019-04-17 16:00:00+00:00,1.30348,1.30442,1.30298,1.30397,44061
2019-04-17 20:00:00+00:00,1.30398,1.30416,1.30309,1.3038,11614
2019-04-18 00:00:00+00:00,1.30383,1.30438,1.30352,1.30394,13882
2019-04-18 04:00:00+00:00,1.30394,1.30512,1.30216,1.30277,81960
2019-04-18 08:00:00+00:00,1.30191,1.30344,1.30033,1.30133,153261
2019-04-18 12:00:00+00:00,1.30123,1.30196,1.29958,1.30027,141465
2019-04-18 16:00:00+00:00,1.30025,1.30056,1.29807,1.29831,50518
2019-04-18 20:00:00+00:00,1.29825,1.29929,1.29793,1.29909,38750
2019-04-19 00:00:00+00:00,1.29911,1.2995,1.29874,1.29939,136560
2019-04-19 04:00:00+00:00,1.29941,1.30009,1.29919,1.29982,103907
2019-04-19 08:00:00+00:00,1.29986,1.30058,1.29968,1.30028,103174
2019-04-19 12:00:00+00:00,1.30017,1.30032,1.29943,1.3,107281
2019-04-19 16:00:00+00:00,1.29994,1.30009,1.29894,1.29947,35321
2019-04-19 20:00:00+00:00,1.29957,1.30001,1.2979,1.29925,8933
2019-04-21 20:00:00+00:00,1.29938,1.29991,1.29845,1.29921,6245
2019-04-22 00:00:00+00:00,1.29909,1.29971,1.29858,1.29913,14107
2019-04-22 04:00:00+00:00,1.29916,1.29975,1.29914,1.29957,17638
2019-04-22 08:00:00+00:00,1.29955,1.29976,1.29851,1.29863,16606
2019-04-22 12:00:00+00:00,1.29862,1.29896,1.29758,1.29819,68712
2019-04-22 16:00:00+00:00,1.29821,1.29863,1.29794,1.29806,24461
2019-04-22 20:00:00+00:00,1.29806,1.29831,1.29775,1.29807,8112
2019-04-23 00:00:00+00:00,1.29802,1.29892,1.29751,1.29889,14779
2019-04-23 04:00:00+00:00,1.29897,1.29934,1.29769,1.29877,57259
2019-04-23 08:00:00+00:00,1.29865,1.30164,1.29865,1.30053,95769
2019-04-23 12:00:00+00:00,1.30025,1.30102,1.29298,1.29417,153004
2019-04-23 16:00:00+00:00,1.29452,1.29478,1.29326,1.29435,50853
2019-04-23 20:00:00+00:00,1.29423,1.29423,1.29269,1.29372,15946
2019-04-24 00:00:00+00:00,1.29369,1.29425,1.293,1.29364,25471
2019-04-24 04:00:00+00:00,1.29353,1.29386,1.29153,1.29295,52573
2019-04-24 08:00:00+00:00,1.29221,1.29535,1.29221,1.29535,109888
2019-04-24 12:00:00+00:00,1.29535,1.29605,1.29316,1.29465,125759
2019-04-24 16:00:00+00:00,1.29454,1.29454,1.289,1.29044,69405
2019-04-24 20:00:00+00:00,1.29019,1.29079,1.28978,1.29033,23588
2019-04-25 00:00:00+00:00,1.29031,1.29161,1.28967,1.29047,21739
2019-04-25 04:00:00+00:00,1.2907,1.29147,1.28946,1.28973,60256
2019-04-25 08:00:00+00:00,1.28959,1.28968,1.28666,1.28679,100529
2019-04-25 12:00:00+00:00,1.28725,1.29114,1.28679,1.29007,115634
2019-04-25 16:00:00+00:00,1.29011,1.29068,1.28885,1.28932,39457
2019-04-25 20:00:00+00:00,1.28932,1.29002,1.28867,1.28943,14978
2019-04-26 00:00:00+00:00,1.2896,1.29062,1.28889,1.29008,34688
2019-04-26 04:00:00+00:00,1.29013,1.29155,1.28993,1.29056,50011
2019-04-26 08:00:00+00:00,1.29044,1.29127,1.28974,1.28994,76689
2019-04-26 12:00:00+00:00,1.29004,1.29424,1.28907,1.2929,179930
2019-04-26 16:00:00+00:00,1.293,1.29366,1.29191,1.29208,43103
2019-04-26 20:00:00+00:00,1.29196,1.29226,1.29099,1.29099,7101
2019-04-28 20:00:00+00:00,1.29208,1.29222,1.29171,1.2919,4462
2019-04-29 00:00:00+00:00,1.2918,1.29338,1.29171,1.29318,17348
2019-04-29 04:00:00+00:00,1.2932,1.29447,1.29314,1.2939,41311
2019-04-29 08:00:00+00:00,1.29385,1.29453,1.29173,1.29203,78626
2019-04-29 12:00:00+00:00,1.29176,1.29249,1.29052,1.29222,99289
2019-04-29 16:00:00+00:00,1.29228,1.29387,1.29186,1.29374,47516
2019-04-29 20:00:00+00:00,1.29368,1.29373,1.29243,1.29315,5947
2019-04-30 00:00:00+00:00,1.29306,1.29439,1.2927,1.29406,21431
2019-04-30 04:00:00+00:00,1.2941,1.29539,1.29326,1.29522,51732
2019-04-30 08:00:00+00:00,1.29547,1.30176,1.29547,1.30067,110628
2019-04-30 12:00:00+00:00,1.30068,1.30462,1.30046,1.30296,154598
2019-04-30 16:00:00+00:00,1.30288,1.30473,1.30288,1.30406,46796
2019-04-30 20:00:00+00:00,1.30383,1.30423,1.3029,1.30397,17277
2019-05-01 00:00:00+00:00,1.30391,1.30452,1.30388,1.30431,16174
2019-05-01 04:00:00+00:00,1.30433,1.30593,1.30343,1.30543,33973
2019-05-01 08:00:00+00:00,1.30542,1.30746,1.30533,1.30707,47068
2019-05-01 12:00:00+00:00,1.30683,1.30917,1.30588,1.30903,61470
2019-05-01 16:00:00+00:00,1.30898,1.31005,1.30378,1.30451,79089
2019-05-01 20:00:00+00:00,1.30476,1.30581,1.30404,1.30528,14564
2019-05-02 00:00:00+00:00,1.30517,1.306,1.30487,1.30555,20958
2019-05-02 04:00:00+00:00,1.30547,1.30799,1.3039,1.30779,46808
2019-05-02 08:00:00+00:00,1.30739,1.3074,1.30332,1.3045,91718
2019-05-02 12:00:00+00:00,1.30477,1.30495,1.30192,1.30314,89724
2019-05-02 16:00:00+00:00,1.30294,1.30355,1.30185,1.30329,28662
2019-05-02 20:00:00+00:00,1.30317,1.3035,1.30227,1.30315,12150
2019-05-03 00:00:00+00:00,1.30308,1.30431,1.30305,1.30387,16241
2019-05-03 04:00:00+00:00,1.30388,1.30393,1.30155,1.30226,43274
2019-05-03 08:00:00+00:00,1.30235,1.30265,1.29906,1.3002,58111
2019-05-03 12:00:00+00:00,1.30031,1.31755,1.29934,1.31381,135332
2019-05-03 16:00:00+00:00,1.3135,1.31732,1.31334,1.31673,48197
2019-05-03 20:00:00+00:00,1.3166,1.31745,1.31652,1.31717,3812
2019-05-05 20:00:00+00:00,1.3141,1.317,1.3141,1.31503,20592
2019-05-06 00:00:00+00:00,1.31491,1.31495,1.31184,1.31225,35610
2019-05-06 04:00:00+00:00,1.31225,1.31256,1.31133,1.31163,48822
2019-05-06 08:00:00+00:00,1.31164,1.31225,1.30927,1.31005,66957
2019-05-06 12:00:00+00:00,1.30998,1.31037,1.30819,1.30923,93417
2019-05-06 16:00:00+00:00,1.30916,1.31048,1.30912,1.30975,28753
2019-05-06 20:00:00+00:00,1.30987,1.30995,1.30883,1.30974,19913
2019-05-07 00:00:00+00:00,1.30967,1.31205,1.30967,1.31197,27956
2019-05-07 04:00:00+00:00,1.312,1.31285,1.30965,1.3098,69126
2019-05-07 08:00:00+00:00,1.30972,1.31009,1.30608,1.3062,57649
2019-05-07 12:00:00+00:00,1.30664,1.30696,1.30406,1.30504,110366
2019-05-07 16:00:00+00:00,1.30484,1.30735,1.30417,1.30713,43543
2019-05-07 20:00:00+00:00,1.30702,1.30762,1.30633,1.30671,20697
2019-05-08 00:00:00+00:00,1.30667,1.30798,1.30664,1.30711,35243
2019-05-08 04:00:00+00:00,1.30712,1.30772,1.30352,1.3042,52167
2019-05-08 08:00:00+00:00,1.30425,1.30565,1.30021,1.30074,87315
2019-05-08 12:00:00+00:00,1.3008,1.30251,1.29903,1.30132,139827
2019-05-08 16:00:00+00:00,1.30133,1.3014,1.29973,1.30076,35314
2019-05-08 20:00:00+00:00,1.30036,1.30138,1.29941,1.30077,19173
2019-05-09 00:00:00+00:00,1.30112,1.30136,1.30041,1.30072,28640
2019-05-09 04:00:00+00:00,1.30069,1.30253,1.30041,1.30045,53003
2019-05-09 08:00:00+00:00,1.30022,1.30044,1.29781,1.29944,70422
2019-05-09 12:00:00+00:00,1.29941,1.30211,1.29691,1.30121,125392
2019-05-09 16:00:00+00:00,1.3011,1.30357,1.30091,1.30143,50897
2019-05-09 20:00:00+00:00,1.30147,1.30149,1.29973,1.30086,24197
2019-05-10 00:00:00+00:00,1.30088,1.30202,1.30036,1.30155,50719
2019-05-10 04:00:00+00:00,1.30153,1.30248,1.29969,1.2998,46762
2019-05-10 08:00:00+00:00,1.29959,1.30262,1.29922,1.30059,62335
2019-05-10 12:00:00+00:00,1.30071,1.30455,1.30071,1.30354,107388
2019-05-10 16:00:00+00:00,1.30362,1.30382,1.30059,1.30066,33656
2019-05-10 20:00:00+00:00,1.3006,1.30075,1.29994,1.3,3275
2019-05-12 20:00:00+00:00,1.30008,1.30108,1.30001,1.30076,9358
2019-05-13 00:00:00+00:00,1.30072,1.30144,1.3006,1.30111,16128
2019-05-13 04:00:00+00:00,1.30111,1.30159,1.2998,1.30093,32434
2019-05-13 08:00:00+00:00,1.3009,1.30274,1.30037,1.30132,51254
2019-05-13 12:00:00+00:00,1.30133,1.30406,1.29508,1.29608,129922
2019-05-13 16:00:00+00:00,1.2958,1.29682,1.29417,1.29584,45767
2019-05-13 20:00:00+00:00,1.29582,1.29631,1.29431,1.29631,20222
2019-05-14 00:00:00+00:00,1.29628,1.29698,1.29584,1.29598,27627
2019-05-14 04:00:00+00:00,1.296,1.29654,1.29244,1.29365,42782
2019-05-14 08:00:00+00:00,1.29367,1.29622,1.29292,1.29495,49656
2019-05-14 12:00:00+00:00,1.29495,1.29517,1.29086,1.29197,90075
2019-05-14 16:00:00+00:00,1.29203,1.29283,1.29044,1.29066,30547
2019-05-14 20:00:00+00:00,1.29073,1.29111,1.2903,1.29061,22090
2019-05-15 00:00:00+00:00,1.29053,1.29134,1.29043,1.29112,20873
2019-05-15 04:00:00+00:00,1.29112,1.2922,1.28995,1.2922,31052
2019-05-15 08:00:00+00:00,1.29195,1.29205,1.28812,1.28828,54835
2019-05-15 12:00:00+00:00,1.28808,1.28865,1.28289,1.28771,129863
2019-05-15 16:00:00+00:00,1.28761,1.2879,1.28372,1.28417,35666
2019-05-15 20:00:00+00:00,1.2842,1.28483,1.28399,1.28463,15699
2019-05-16 00:00:00+00:00,1.28445,1.28503,1.28438,1.28483,27478
2019-05-16 04:00:00+00:00,1.28485,1.28516,1.28212,1.28303,36680
2019-05-16 08:00:00+00:00,1.28322,1.28425,1.28102,1.28126,52872
2019-05-16 12:00:00+00:00,1.28142,1.28153,1.27891,1.28024,79246
2019-05-16 16:00:00+00:00,1.28015,1.28053,1.27898,1.27939,33585
2019-05-16 20:00:00+00:00,1.27935,1.27974,1.27911,1.27966,13298
2019-05-17 00:00:00+00:00,1.27973,1.27973,1.27835,1.27901,27674
2019-05-17 04:00:00+00:00,1.27905,1.27951,1.2777,1.27842,41654
2019-05-17 08:00:00+00:00,1.27841,1.27874,1.27379,1.27394,67066
2019-05-17 12:00:00+00:00,1.27415,1.27592,1.27203,1.27223,95810
2019-05-17 16:00:00+00:00,1.2724,1.27362,1.2721,1.2721,33709
2019-05-17 20:00:00+00:00,1.27209,1.27233,1.27115,1.27144,4616
2019-05-19 20:00:00+00:00,1.2732,1.2737,1.27251,1.27305,7751
2019-05-20 00:00:00+00:00,1.27298,1.27418,1.27264,1.27313,22614
2019-05-20 04:00:00+00:00,1.27316,1.27538,1.27257,1.2752,32124
2019-05-20 08:00:00+00:00,1.27551,1.27558,1.2736,1.27417,48656
2019-05-20 12:00:00+00:00,1.27419,1.27445,1.27164,1.2717,69805
2019-05-20 16:00:00+00:00,1.27162,1.27279,1.27162,1.27253,20700
2019-05-20 20:00:00+00:00,1.27245,1.27318,1.2719,1.27277,12212
2019-05-21 00:00:00+00:00,1.2727,1.27316,1.27246,1.27284,21285
2019-05-21 04:00:00+00:00,1.27283,1.27283,1.26884,1.26955,44489
2019-05-21 08:00:00+00:00,1.26983,1.27038,1.26862,1.27024,55741
2019-05-21 12:00:00+00:00,1.27041,1.28032,1.27041,1.27451,175808
2019-05-21 16:00:00+00:00,1.2747,1.2747,1.26985,1.26985,33820
2019-05-21 20:00:00+00:00,1.26997,1.27082,1.26992,1.27069,15841
2019-05-22 00:00:00+00:00,1.27069,1.27192,1.27052,1.2717,18270
2019-05-22 04:00:00+00:00,1.27173,1.27173,1.26623,1.26689,45542
2019-05-22 08:00:00+00:00,1.26632,1.2683,1.26461,1.2658,60574
2019-05-22 12:00:00+00:00,1.26589,1.26859,1.26265,1.26729,95154
2019-05-22 16:00:00+00:00,1.26699,1.26909,1.26605,1.26618,33174
2019-05-22 20:00:00+00:00,1.266,1.26653,1.26492,1.26633,9804
2019-05-23 00:00:00+00:00,1.26621,1.26626,1.26447,1.26472,15536
2019-05-23 04:00:00+00:00,1.26469,1.26489,1.26055,1.26127,47022
2019-05-23 08:00:00+00:00,1.26086,1.26493,1.26077,1.26396,61663
2019-05-23 12:00:00+00:00,1.26388,1.26836,1.26252,1.26655,106765
2019-05-23 16:00:00+00:00,1.26651,1.26775,1.26537,1.26552,34317
2019-05-23 20:00:00+00:00,1.2657,1.26645,1.26507,1.26629,19502
2019-05-24 00:00:00+00:00,1.26629,1.26648,1.26581,1.2659,20156
2019-05-24 04:00:00+00:00,1.26589,1.26864,1.26573,1.26803,35388
2019-05-24 08:00:00+00:00,1.26775,1.27172,1.26565,1.26565,77269
2019-05-24 12:00:00+00:00,1.26624,1.27085,1.26482,1.26997,85234
2019-05-24 16:00:00+00:00,1.27011,1.27292,1.26993,1.27151,24997
2019-05-24 20:00:00+00:00,1.27134,1.27149,1.27098,1.27108,2887
2019-05-26 20:00:00+00:00,1.27235,1.27282,1.27152,1.27227,5902
2019-05-27 00:00:00+00:00,1.27218,1.27354,1.27204,1.27342,12450
2019-05-27 04:00:00+00:00,1.27343,1.27464,1.27201,1.27212,43869
2019-05-27 08:00:00+00:00,1.27213,1.27223,1.26749,1.26924,66221
2019-05-27 12:00:00+00:00,1.26919,1.26932,1.26681,1.26767,35188
2019-05-27 16:00:00+00:00,1.26765,1.26823,1.26745,1.26823,31060
2019-05-27 20:00:00+00:00,1.26819,1.26826,1.26764,1.26809,23640
2019-05-28 00:00:00+00:00,1.268,1.26831,1.26687,1.26742,12265
2019-05-28 04:00:00+00:00,1.26746,1.26991,1.26604,1.26651,62974
2019-05-28 08:00:00+00:00,1.26619,1.26784,1.26551,1.26699,74022
2019-05-28 12:00:00+00:00,1.26708,1.2689,1.2657,1.26662,75161
2019-05-28 16:00:00+00:00,1.26659,1.26699,1.26516,1.26548,28353
2019-05-28 20:00:00+00:00,1.26546,1.26587,1.26509,1.26586,8238
2019-05-29 00:00:00+00:00,1.26578,1.2662,1.26513,1.26597,20602
2019-05-29 04:00:00+00:00,1.26607,1.2665,1.26367,1.26383,40597
2019-05-29 08:00:00+00:00,1.26376,1.2652,1.26267,1.26406,62826
2019-05-29 12:00:00+00:00,1.26415,1.2671,1.26123,1.26298,82853
2019-05-29 16:00:00+00:00,1.26289,1.26319,1.26165,1.26226,31523
2019-05-29 20:00:00+00:00,1.26215,1.2633,1.26212,1.2629,12439
2019-05-30 00:00:00+00:00,1.2629,1.26313,1.26219,1.26287,15883
2019-05-30 04:00:00+00:00,1.26287,1.26386,1.26137,1.26219,34163
2019-05-30 08:00:00+00:00,1.26237,1.26385,1.26163,1.26292,49582
2019-05-30 12:00:00+00:00,1.26277,1.26314,1.2583,1.26176,62107
2019-05-30 16:00:00+00:00,1.26179,1.2619,1.26063,1.26106,25109
2019-05-30 20:00:00+00:00,1.26106,1.26143,1.2604,1.26063,12523
2019-05-31 00:00:00+00:00,1.26061,1.26152,1.2606,1.2611,20256
2019-05-31 04:00:00+00:00,1.26103,1.26242,1.26,1.26209,35940
2019-05-31 08:00:00+00:00,1.26227,1.2627,1.256,1.25628,71056
2019-05-31 12:00:00+00:00,1.25636,1.26357,1.25636,1.26187,98808
2019-05-31 16:00:00+00:00,1.26199,1.26442,1.26189,1.26442,36748
2019-05-31 20:00:00+00:00,1.26411,1.26417,1.26282,1.26308,4555
2019-06-02 20:00:00+00:00,1.26261,1.26388,1.26203,1.26388,7617
2019-06-03 00:00:00+00:00,1.264,1.26558,1.264,1.26528,16166
2019-06-03 04:00:00+00:00,1.2652,1.26557,1.2629,1.26537,40025
2019-06-03 08:00:00+00:00,1.26569,1.26569,1.26121,1.26147,57895
2019-06-03 12:00:00+00:00,1.26138,1.26496,1.26138,1.2619,79212
2019-06-03 16:00:00+00:00,1.26185,1.26734,1.26179,1.26685,54098
2019-06-03 20:00:00+00:00,1.26681,1.26681,1.26567,1.26632,18929
2019-06-04 00:00:00+00:00,1.26621,1.26679,1.26596,1.2665,16035
2019-06-04 04:00:00+00:00,1.26653,1.26862,1.26558,1.26575,52967
2019-06-04 08:00:00+00:00,1.26565,1.26937,1.26441,1.26805,81648
2019-06-04 12:00:00+00:00,1.26822,1.27051,1.26642,1.26743,113543
2019-06-04 16:00:00+00:00,1.26724,1.27134,1.26703,1.27083,34549
2019-06-04 20:00:00+00:00,1.27072,1.27075,1.26893,1.2703,11601
2019-06-05 00:00:00+00:00,1.2703,1.2711,1.27001,1.27053,17115
2019-06-05 04:00:00+00:00,1.27055,1.2723,1.26923,1.27011,41187
2019-06-05 08:00:00+00:00,1.27011,1.27233,1.26981,1.27012,73242
2019-06-05 12:00:00+00:00,1.26981,1.2743,1.26961,1.2705,138922
2019-06-05 16:00:00+00:00,1.27021,1.2703,1.26861,1.26869,45552
2019-06-05 20:00:00+00:00,1.26877,1.26925,1.26768,1.26878,14095
2019-06-06 00:00:00+00:00,1.2686,1.26906,1.26819,1.26876,14776
2019-06-06 04:00:00+00:00,1.26869,1.269,1.26689,1.26837,30966
2019-06-06 08:00:00+00:00,1.2685,1.27252,1.26748,1.27239,81661
2019-06-06 12:00:00+00:00,1.27265,1.27417,1.26941,1.27132,149439
2019-06-06 16:00:00+00:00,1.271,1.27159,1.26869,1.2693,48704
2019-06-06 20:00:00+00:00,1.26908,1.26992,1.26871,1.26946,10962
2019-06-07 00:00:00+00:00,1.26947,1.26967,1.2689,1.26946,15152
2019-06-07 04:00:00+00:00,1.26947,1.27209,1.26938,1.27095,31169
2019-06-07 08:00:00+00:00,1.2706,1.27266,1.27032,1.27087,53106
2019-06-07 12:00:00+00:00,1.27067,1.27614,1.27047,1.27392,136891
2019-06-07 16:00:00+00:00,1.27365,1.27535,1.27323,1.27342,43459
2019-06-07 20:00:00+00:00,1.27343,1.27382,1.27322,1.27322,4958
2019-06-09 20:00:00+00:00,1.27237,1.27347,1.27207,1.27219,9800
2019-06-10 00:00:00+00:00,1.27221,1.2727,1.2711,1.27143,18646
2019-06-10 04:00:00+00:00,1.27143,1.27147,1.2702,1.27075,27893
2019-06-10 08:00:00+00:00,1.27102,1.27234,1.26552,1.26552,54117
2019-06-10 12:00:00+00:00,1.26573,1.26929,1.26573,1.26838,77219
2019-06-10 16:00:00+00:00,1.26831,1.27001,1.26811,1.2695,35675
2019-06-10 20:00:00+00:00,1.26938,1.26955,1.26814,1.26906,11177
2019-06-11 00:00:00+00:00,1.26914,1.26925,1.26782,1.26819,22267
2019-06-11 04:00:00+00:00,1.26814,1.27023,1.2671,1.26974,37373
2019-06-11 08:00:00+00:00,1.26949,1.27272,1.26871,1.26956,72521
2019-06-11 12:00:00+00:00,1.26962,1.27246,1.26926,1.27234,113737
2019-06-11 16:00:00+00:00,1.27223,1.27312,1.27167,1.27229,37818
2019-06-11 20:00:00+00:00,1.27227,1.27253,1.27123,1.27241,7806
2019-06-12 00:00:00+00:00,1.27225,1.27273,1.27153,1.27185,20292
2019-06-12 04:00:00+00:00,1.27174,1.27399,1.2716,1.27376,34516
2019-06-12 08:00:00+00:00,1.27351,1.27549,1.27274,1.27454,69263
2019-06-12 12:00:00+00:00,1.27439,1.27579,1.26874,1.26914,122164
2019-06-12 16:00:00+00:00,1.26924,1.26996,1.26821,1.26851,41887
2019-06-12 20:00:00+00:00,1.26842,1.2694,1.26833,1.26924,10597
2019-06-13 00:00:00+00:00,1.26927,1.27005,1.26867,1.26871,22856
2019-06-13 04:00:00+00:00,1.26868,1.26953,1.26645,1.26796,37965
2019-06-13 08:00:00+00:00,1.26765,1.26873,1.26661,1.2687,46321
2019-06-13 12:00:00+00:00,1.26882,1.27045,1.26741,1.26767,99611
2019-06-13 16:00:00+00:00,1.26791,1.26891,1.26732,1.26772,31738
2019-06-13 20:00:00+00:00,1.2676,1.26802,1.2671,1.2679,7368
2019-06-14 00:00:00+00:00,1.2679,1.26818,1.26717,1.26723,13146
2019-06-14 04:00:00+00:00,1.2673,1.26804,1.26633,1.26662,35967
2019-06-14 08:00:00+00:00,1.26666,1.26707,1.26296,1.26408,66706
2019-06-14 12:00:00+00:00,1.26429,1.2651,1.25905,1.26002,114876
2019-06-14 16:00:00+00:00,1.25999,1.26093,1.25817,1.2582,30302
2019-06-14 20:00:00+00:00,1.25814,1.25902,1.25802,1.25888,3677
2019-06-16 20:00:00+00:00,1.25771,1.25976,1.25771,1.25936,8444
2019-06-17 00:00:00+00:00,1.25937,1.25978,1.25894,1.25963,10868
2019-06-17 04:00:00+00:00,1.25964,1.25968,1.2572,1.25784,27369
2019-06-17 08:00:00+00:00,1.25807,1.25987,1.25807,1.25876,37811
2019-06-17 12:00:00+00:00,1.25896,1.26038,1.25544,1.25661,59634
2019-06-17 16:00:00+00:00,1.2565,1.25689,1.25346,1.2537,30940
2019-06-17 20:00:00+00:00,1.25366,1.25414,1.25326,1.2541,9474
2019-06-18 00:00:00+00:00,1.254,1.2544,1.25117,1.25207,18328
2019-06-18 04:00:00+00:00,1.25207,1.2544,1.25207,1.2536,36211
2019-06-18 08:00:00+00:00,1.25349,1.25391,1.25155,1.25195,101863
2019-06-18 12:00:00+00:00,1.25146,1.25594,1.25065,1.25461,136472
2019-06-18 16:00:00+00:00,1.25448,1.25643,1.2538,1.25592,44635
2019-06-18 20:00:00+00:00,1.25595,1.25685,1.25522,1.25659,10950
2019-06-19 00:00:00+00:00,1.25655,1.2569,1.25568,1.25618,21064
2019-06-19 04:00:00+00:00,1.25618,1.25628,1.25438,1.25573,35371
2019-06-19 08:00:00+00:00,1.2556,1.2588,1.25553,1.25829,61990
2019-06-19 12:00:00+00:00,1.25834,1.2638,1.25807,1.26251,85189
2019-06-19 16:00:00+00:00,1.26254,1.26704,1.26218,1.26514,123314
2019-06-19 20:00:00+00:00,1.26493,1.26558,1.26354,1.26529,12071
2019-06-20 00:00:00+00:00,1.26528,1.26881,1.26528,1.26867,41859
2019-06-20 04:00:00+00:00,1.26859,1.27255,1.26782,1.27229,68490
2019-06-20 08:00:00+00:00,1.27191,1.27238,1.26809,1.26892,94692
2019-06-20 12:00:00+00:00,1.26889,1.27071,1.26725,1.26996,130539
2019-06-20 16:00:00+00:00,1.26996,1.27104,1.26913,1.27051,49028
2019-06-20 20:00:00+00:00,1.2704,1.27076,1.26976,1.27071,8219
2019-06-21 00:00:00+00:00,1.27046,1.27236,1.27046,1.27127,23911
2019-06-21 04:00:00+00:00,1.27127,1.27131,1.26824,1.27008,69879
2019-06-21 08:00:00+00:00,1.26959,1.26972,1.26441,1.26615,93976
2019-06-21 12:00:00+00:00,1.26593,1.27063,1.26536,1.27028,109604
2019-06-21 16:00:00+00:00,1.27013,1.27455,1.27013,1.27447,61331
2019-06-21 20:00:00+00:00,1.2743,1.27462,1.27377,1.27407,3789
2019-06-23 20:00:00+00:00,1.2733,1.27516,1.27328,1.27516,11961
2019-06-24 00:00:00+00:00,1.27501,1.27556,1.27432,1.27503,22493
2019-06-24 04:00:00+00:00,1.27503,1.27655,1.2724,1.27278,41649
2019-06-24 08:00:00+00:00,1.27301,1.27607,1.27246,1.27516,66932
2019-06-24 12:00:00+00:00,1.27541,1.2757,1.27104,1.27263,80831
2019-06-24 16:00:00+00:00,1.27281,1.27445,1.27213,1.27422,31056
2019-06-24 20:00:00+00:00,1.27413,1.27443,1.27294,1.27386,10935
2019-06-25 00:00:00+00:00,1.27388,1.27528,1.27358,1.27467,32037
2019-06-25 04:00:00+00:00,1.27469,1.27832,1.27404,1.27586,52298
2019-06-25 08:00:00+00:00,1.27593,1.27671,1.27257,1.27292,41413
2019-06-25 12:00:00+00:00,1.27279,1.27378,1.27117,1.27204,79924
2019-06-25 16:00:00+00:00,1.27202,1.27202,1.26725,1.26874,101946
2019-06-25 20:00:00+00:00,1.26892,1.26931,1.26779,1.26901,16083
2019-06-26 00:00:00+00:00,1.26905,1.26925,1.26781,1.26836,27413
2019-06-26 04:00:00+00:00,1.26837,1.26842,1.26632,1.26714,55094
2019-06-26 08:00:00+00:00,1.26695,1.27063,1.26695,1.26812,94875
2019-06-26 12:00:00+00:00,1.26779,1.26973,1.26652,1.2696,100132
2019-06-26 16:00:00+00:00,1.26938,1.27006,1.2686,1.26896,66322
2019-06-26 20:00:00+00:00,1.2689,1.26957,1.26843,1.2695,12433
2019-06-27 00:00:00+00:00,1.26948,1.26976,1.26821,1.26831,24316
2019-06-27 04:00:00+00:00,1.26819,1.27066,1.2669,1.26849,63292
2019-06-27 08:00:00+00:00,1.2687,1.27233,1.2678,1.27036,83109
2019-06-27 12:00:00+00:00,1.27035,1.27169,1.26662,1.26731,87439
2019-06-27 16:00:00+00:00,1.26718,1.26845,1.26633,1.2672,52145
2019-06-27 20:00:00+00:00,1.26724,1.26753,1.26649,1.26734,17116
2019-06-28 00:00:00+00:00,1.26732,1.26782,1.26678,1.26723,25253
2019-06-28 04:00:00+00:00,1.26721,1.26836,1.26653,1.26759,37641
2019-06-28 08:00:00+00:00,1.26766,1.26969,1.26661,1.26908,56860
2019-06-28 12:00:00+00:00,1.26907,1.2732,1.26875,1.2703,100426
2019-06-28 16:00:00+00:00,1.27026,1.27053,1.26882,1.2699,60061
2019-06-28 20:00:00+00:00,1.26984,1.27006,1.26903,1.26948,3193
2019-06-30 20:00:00+00:00,1.26965,1.27023,1.26905,1.26934,16788
2019-07-01 00:00:00+00:00,1.26937,1.27055,1.26879,1.26982,24112
2019-07-01 04:00:00+00:00,1.2698,1.27004,1.26565,1.26565,49964
2019-07-01 08:00:00+00:00,1.26595,1.26632,1.2635,1.26451,71957
2019-07-01 12:00:00+00:00,1.26462,1.267,1.26331,1.26434,86362
2019-07-01 16:00:00+00:00,1.26424,1.26516,1.26333,1.26383,48892
2019-07-01 20:00:00+00:00,1.26381,1.26473,1.2636,1.26443,10646
2019-07-02 00:00:00+00:00,1.26426,1.26455,1.26381,1.26381,18906
2019-07-02 04:00:00+00:00,1.26383,1.26448,1.26197,1.26237,38458
2019-07-02 08:00:00+00:00,1.26218,1.26304,1.26063,1.26284,69201
2019-07-02 12:00:00+00:00,1.26282,1.26441,1.2587,1.2598,86410
2019-07-02 16:00:00+00:00,1.25987,1.2616,1.2597,1.25978,61031
2019-07-02 20:00:00+00:00,1.25972,1.25986,1.25871,1.25974,7170
2019-07-03 00:00:00+00:00,1.25963,1.25998,1.25893,1.25907,23020
2019-07-03 04:00:00+00:00,1.2591,1.25912,1.25584,1.2572,34968
2019-07-03 08:00:00+00:00,1.25744,1.25811,1.25606,1.25794,50802
2019-07-03 12:00:00+00:00,1.25791,1.25882,1.25628,1.25673,89761
2019-07-03 16:00:00+00:00,1.25671,1.2582,1.25618,1.25774,19183
2019-07-03 20:00:00+00:00,1.25769,1.25825,1.25617,1.25825,7907
2019-07-04 00:00:00+00:00,1.25821,1.2591,1.25781,1.25799,13028
2019-07-04 04:00:00+00:00,1.25802,1.25882,1.25695,1.25781,21824
2019-07-04 08:00:00+00:00,1.25795,1.25871,1.25689,1.2578,35486
2019-07-04 12:00:00+00:00,1.25794,1.25851,1.25707,1.25814,34488
2019-07-04 16:00:00+00:00,1.25817,1.25872,1.25755,1.25765,26107
2019-07-04 20:00:00+00:00,1.2578,1.25827,1.25733,1.25825,10867
2019-07-05 00:00:00+00:00,1.25825,1.25829,1.2575,1.25811,10054
2019-07-05 04:00:00+00:00,1.25819,1.25874,1.25602,1.25602,23973
2019-07-05 08:00:00+00:00,1.2554,1.25624,1.25413,1.25504,46079
2019-07-05 12:00:00+00:00,1.25502,1.25613,1.24815,1.25051,116551
2019-07-05 16:00:00+00:00,1.25068,1.253,1.25054,1.25253,46026
2019-07-05 20:00:00+00:00,1.25233,1.2527,1.25222,1.25238,2494
2019-07-07 20:00:00+00:00,1.25251,1.25287,1.25231,1.25242,4045
2019-07-08 00:00:00+00:00,1.25242,1.25299,1.25211,1.25219,13882
2019-07-08 04:00:00+00:00,1.25209,1.2533,1.25118,1.25235,30704
2019-07-08 08:00:00+00:00,1.25227,1.25391,1.25133,1.25133,38567
2019-07-08 12:00:00+00:00,1.25146,1.25283,1.25005,1.25022,56240
2019-07-08 16:00:00+00:00,1.25009,1.25214,1.25009,1.2509,27193
2019-07-08 20:00:00+00:00,1.25099,1.2522,1.25093,1.25151,6954
2019-07-09 00:00:00+00:00,1.25138,1.2518,1.25076,1.25098,9360
2019-07-09 04:00:00+00:00,1.251,1.25127,1.24798,1.24809,26421
2019-07-09 08:00:00+00:00,1.24799,1.2481,1.24409,1.24527,53151
2019-07-09 12:00:00+00:00,1.24538,1.24763,1.2443,1.24622,67353
2019-07-09 16:00:00+00:00,1.24579,1.24754,1.24473,1.24629,39153
2019-07-09 20:00:00+00:00,1.24649,1.24649,1.24563,1.24576,8673
2019-07-10 00:00:00+00:00,1.24565,1.24587,1.24504,1.24523,13167
2019-07-10 04:00:00+00:00,1.24527,1.24607,1.24453,1.24581,28483
2019-07-10 08:00:00+00:00,1.24589,1.24943,1.24589,1.24714,60582
2019-07-10 12:00:00+00:00,1.2473,1.25199,1.24725,1.25062,111444
2019-07-10 16:00:00+00:00,1.25032,1.25154,1.24992,1.25036,53078
2019-07-10 20:00:00+00:00,1.25036,1.25103,1.24979,1.25059,8030
2019-07-11 00:00:00+00:00,1.25062,1.25375,1.25059,1.25346,23613
2019-07-11 04:00:00+00:00,1.2534,1.25396,1.25236,1.25379,26847
2019-07-11 08:00:00+00:00,1.25379,1.25681,1.25312,1.25549,52680
2019-07-11 12:00:00+00:00,1.25566,1.25685,1.25281,1.25483,94900
2019-07-11 16:00:00+00:00,1.25484,1.25484,1.251,1.25269,65185
2019-07-11 20:00:00+00:00,1.25248,1.25294,1.25198,1.25207,12171
2019-07-12 00:00:00+00:00,1.25232,1.25443,1.25224,1.25443,19567
2019-07-12 04:00:00+00:00,1.25434,1.25527,1.25328,1.25362,33942
2019-07-12 08:00:00+00:00,1.25383,1.25462,1.25213,1.25344,59900
2019-07-12 12:00:00+00:00,1.25346,1.25622,1.253,1.25524,81558
2019-07-12 16:00:00+00:00,1.25544,1.25753,1.25523,1.25717,40576
2019-07-12 20:00:00+00:00,1.25719,1.25783,1.25707,1.25725,2217
2019-07-14 20:00:00+00:00,1.25631,1.25774,1.25613,1.2571,10764
2019-07-15 00:00:00+00:00,1.257,1.25721,1.25588,1.25692,17366
2019-07-15 04:00:00+00:00,1.25695,1.25739,1.25593,1.25617,22843
2019-07-15 08:00:00+00:00,1.25608,1.25646,1.25367,1.25392,37255
2019-07-15 12:00:00+00:00,1.2536,1.25417,1.25119,1.25221,61100
2019-07-15 16:00:00+00:00,1.25217,1.25236,1.25111,1.25169,34599
2019-07-15 20:00:00+00:00,1.25177,1.25202,1.25132,1.25163,6144
2019-07-16 00:00:00+00:00,1.25153,1.25188,1.25071,1.25141,16940
2019-07-16 04:00:00+00:00,1.25145,1.25175,1.24686,1.24691,27088
2019-07-16 08:00:00+00:00,1.247,1.24722,1.2411,1.24297,61081
2019-07-16 12:00:00+00:00,1.24294,1.24381,1.23976,1.24071,77545
2019-07-16 16:00:00+00:00,1.24049,1.24232,1.24016,1.24062,59555
2019-07-16 20:00:00+00:00,1.24073,1.24117,1.24027,1.24096,14899
2019-07-17 00:00:00+00:00,1.24086,1.24156,1.24061,1.24146,14358
2019-07-17 04:00:00+00:00,1.24146,1.24197,1.23823,1.24027,31619
2019-07-17 08:00:00+00:00,1.24108,1.24154,1.23941,1.24123,43026
2019-07-17 12:00:00+00:00,1.24113,1.24381,1.24053,1.24348,62310
2019-07-17 16:00:00+00:00,1.24388,1.24554,1.24248,1.24351,54438
2019-07-17 20:00:00+00:00,1.24353,1.24379,1.24258,1.2434,12622
2019-07-18 00:00:00+00:00,1.24343,1.24412,1.24289,1.24378,18991
2019-07-18 04:00:00+00:00,1.24379,1.24697,1.24323,1.24658,34827
2019-07-18 08:00:00+00:00,1.2463,1.24937,1.24616,1.24874,65098
2019-07-18 12:00:00+00:00,1.24863,1.24936,1.24655,1.24936,68865
2019-07-18 16:00:00+00:00,1.24949,1.25567,1.24778,1.25543,75900
2019-07-18 20:00:00+00:00,1.25527,1.25552,1.25228,1.25426,20836
2019-07-19 00:00:00+00:00,1.25431,1.25538,1.25409,1.25468,20674
2019-07-19 04:00:00+00:00,1.25474,1.25474,1.2515,1.25288,24328
2019-07-19 08:00:00+00:00,1.25299,1.25442,1.251,1.25386,35157
2019-07-19 12:00:00+00:00,1.25376,1.2538,1.24956,1.24978,62118
2019-07-19 16:00:00+00:00,1.25001,1.25097,1.24808,1.25004,60170
2019-07-19 20:00:00+00:00,1.25013,1.25059,1.24963,1.24978,3135
2019-07-21 20:00:00+00:00,1.24812,1.25136,1.24812,1.25113,6850
2019-07-22 00:00:00+00:00,1.25095,1.25126,1.25003,1.25051,18550
2019-07-22 04:00:00+00:00,1.2505,1.2511,1.24769,1.24802,28659
2019-07-22 08:00:00+00:00,1.24812,1.24902,1.24561,1.24576,39773
2019-07-22 12:00:00+00:00,1.24578,1.24981,1.24578,1.24736,63420
2019-07-22 16:00:00+00:00,1.24736,1.24887,1.24688,1.24789,28092
2019-07-22 20:00:00+00:00,1.24786,1.24786,1.24685,1.24721,9497
2019-07-23 00:00:00+00:00,1.24725,1.24772,1.24564,1.246,19200
2019-07-23 04:00:00+00:00,1.24602,1.24606,1.24344,1.24412,28740
2019-07-23 08:00:00+00:00,1.24404,1.2481,1.2418,1.24581,54333
2019-07-23 12:00:00+00:00,1.24578,1.24591,1.24321,1.2448,78039
2019-07-23 16:00:00+00:00,1.245,1.2456,1.24338,1.24379,43274
2019-07-23 20:00:00+00:00,1.24369,1.24404,1.24325,1.24369,9898
2019-07-24 00:00:00+00:00,1.2436,1.24428,1.24289,1.24309,18098
2019-07-24 04:00:00+00:00,1.24308,1.24518,1.24299,1.24449,29576
2019-07-24 08:00:00+00:00,1.24438,1.25202,1.24438,1.24962,55637
2019-07-24 12:00:00+00:00,1.24971,1.25068,1.24823,1.24966,67250
2019-07-24 16:00:00+00:00,1.24973,1.25022,1.24765,1.24842,33471
2019-07-24 20:00:00+00:00,1.24833,1.24851,1.24772,1.24851,9643
2019-07-25 00:00:00+00:00,1.24853,1.24859,1.2473,1.24736,15852
2019-07-25 04:00:00+00:00,1.24733,1.24889,1.24659,1.24792,22702
2019-07-25 08:00:00+00:00,1.24791,1.25062,1.24653,1.24856,44941
2019-07-25 12:00:00+00:00,1.2489,1.25169,1.24705,1.24705,139852
2019-07-25 16:00:00+00:00,1.24705,1.24705,1.2437,1.24507,52104
2019-07-25 20:00:00+00:00,1.24509,1.2455,1.24467,1.24526,6022
2019-07-26 00:00:00+00:00,1.24518,1.24585,1.24444,1.24463,14259
2019-07-26 04:00:00+00:00,1.24451,1.24488,1.24255,1.24271,23061
2019-07-26 08:00:00+00:00,1.24273,1.24453,1.24227,1.24322,39163
2019-07-26 12:00:00+00:00,1.24327,1.24338,1.23771,1.23867,76054
2019-07-26 16:00:00+00:00,1.23868,1.23904,1.23811,1.23861,35012
2019-07-26 20:00:00+00:00,1.23863,1.23884,1.23804,1.23804,2629
2019-07-28 20:00:00+00:00,1.23736,1.23822,1.23736,1.23752,3961
2019-07-29 00:00:00+00:00,1.23766,1.238,1.23634,1.2364,11423
2019-07-29 04:00:00+00:00,1.2364,1.23731,1.23351,1.23369,21219
2019-07-29 08:00:00+00:00,1.23373,1.23412,1.23019,1.23031,36786
2019-07-29 12:00:00+00:00,1.23022,1.23022,1.22133,1.22352,102475
2019-07-29 16:00:00+00:00,1.22347,1.22347,1.22149,1.22228,35153
2019-07-29 20:00:00+00:00,1.22243,1.22256,1.22144,1.22165,13825
2019-07-30 00:00:00+00:00,1.22192,1.22192,1.2158,1.2158,33525
2019-07-30 04:00:00+00:00,1.21604,1.21792,1.21208,1.21644,52725
2019-07-30 08:00:00+00:00,1.21637,1.21895,1.21494,1.21761,52021
2019-07-30 12:00:00+00:00,1.21732,1.21853,1.21363,1.21474,87204
2019-07-30 16:00:00+00:00,1.21487,1.21756,1.21487,1.21568,38563
2019-07-30 20:00:00+00:00,1.2157,1.21683,1.21476,1.21575,10699
2019-07-31 00:00:00+00:00,1.2156,1.216,1.21468,1.21524,19262
2019-07-31 04:00:00+00:00,1.21526,1.21763,1.21522,1.21643,26240
2019-07-31 08:00:00+00:00,1.21655,1.21773,1.21512,1.21749,34515
2019-07-31 12:00:00+00:00,1.21751,1.22484,1.21675,1.22197,99634
2019-07-31 16:00:00+00:00,1.22163,1.22388,1.21394,1.2162,177620
2019-07-31 20:00:00+00:00,1.21622,1.21622,1.21458,1.21529,16162
2019-08-01 00:00:00+00:00,1.21537,1.21537,1.2106,1.21253,42873
2019-08-01 04:00:00+00:00,1.21251,1.21332,1.21097,1.21097,29558
2019-08-01 08:00:00+00:00,1.2111,1.21278,1.20854,1.21155,59299
2019-08-01 12:00:00+00:00,1.21145,1.21544,1.20797,1.21442,97970
2019-08-01 16:00:00+00:00,1.21402,1.21697,1.21295,1.21498,130435
2019-08-01 20:00:00+00:00,1.21501,1.21501,1.21134,1.21234,25580
2019-08-02 00:00:00+00:00,1.21284,1.21436,1.20909,1.20915,64768
2019-08-02 04:00:00+00:00,1.20913,1.21323,1.20913,1.21311,50987
2019-08-02 08:00:00+00:00,1.21263,1.21352,1.21013,1.2128,49902
2019-08-02 12:00:00+00:00,1.21271,1.21438,1.21111,1.21311,122439
2019-08-02 16:00:00+00:00,1.21291,1.21684,1.21284,1.21532,51455
2019-08-02 20:00:00+00:00,1.21487,1.21676,1.2148,1.21575,3918
2019-08-04 20:00:00+00:00,1.21518,1.21561,1.21371,1.21502,8406
2019-08-05 00:00:00+00:00,1.21497,1.21874,1.21408,1.21461,54393
2019-08-05 04:00:00+00:00,1.21467,1.21586,1.21017,1.21092,44591
2019-08-05 08:00:00+00:00,1.211,1.2169,1.21046,1.21628,56085
2019-08-05 12:00:00+00:00,1.216,1.2173,1.21245,1.2164,102403
2019-08-05 16:00:00+00:00,1.21629,1.2167,1.21387,1.21421,63263
2019-08-05 20:00:00+00:00,1.21431,1.21592,1.2136,1.21563,22199
2019-08-06 00:00:00+00:00,1.2156,1.21664,1.21446,1.21609,45168
2019-08-06 04:00:00+00:00,1.21574,1.21861,1.21405,1.21834,55796
2019-08-06 08:00:00+00:00,1.21839,1.2208,1.21739,1.2177,45377
2019-08-06 12:00:00+00:00,1.21783,1.22075,1.21479,1.2148,99690
2019-08-06 16:00:00+00:00,1.2147,1.21642,1.2139,1.2162,48980
2019-08-06 20:00:00+00:00,1.21621,1.21707,1.21598,1.21699,10883
2019-08-07 00:00:00+00:00,1.21711,1.21902,1.21571,1.21591,34021
2019-08-07 04:00:00+00:00,1.21569,1.21856,1.21452,1.21605,30312
2019-08-07 08:00:00+00:00,1.21649,1.21674,1.21344,1.21427,46455
2019-08-07 12:00:00+00:00,1.21385,1.21665,1.21217,1.21571,125638
2019-08-07 16:00:00+00:00,1.21551,1.21652,1.21391,1.21423,68017
2019-08-07 20:00:00+00:00,1.21402,1.21484,1.21377,1.214,11571
2019-08-08 00:00:00+00:00,1.21418,1.21741,1.21405,1.2165,37131
2019-08-08 04:00:00+00:00,1.21651,1.2181,1.21568,1.21719,24864
2019-08-08 08:00:00+00:00,1.21719,1.2173,1.21387,1.21425,36701
2019-08-08 12:00:00+00:00,1.21398,1.21507,1.2096,1.21365,95302
2019-08-08 16:00:00+00:00,1.21345,1.21534,1.21316,1.21395,48258
2019-08-08 20:00:00+00:00,1.21395,1.21452,1.21257,1.21422,26617
2019-08-09 00:00:00+00:00,1.21418,1.21478,1.21346,1.21364,19763
2019-08-09 04:00:00+00:00,1.21361,1.21451,1.21223,1.21306,21047
2019-08-09 08:00:00+00:00,1.2128,1.2128,1.20573,1.20737,49783
2019-08-09 12:00:00+00:00,1.20753,1.20854,1.20603,1.20829,62481
2019-08-09 16:00:00+00:00,1.20789,1.20841,1.20258,1.20284,52400
2019-08-09 20:00:00+00:00,1.20281,1.20349,1.20227,1.20227,3428
2019-08-11 20:00:00+00:00,1.2047,1.20471,1.20151,1.20195,17778
2019-08-12 00:00:00+00:00,1.20203,1.20441,1.2018,1.20351,22898
2019-08-12 04:00:00+00:00,1.20351,1.20672,1.20295,1.20638,55069
2019-08-12 08:00:00+00:00,1.20633,1.20991,1.20559,1.2082,92676
2019-08-12 12:00:00+00:00,1.20838,1.20993,1.20624,1.20693,100361
2019-08-12 16:00:00+00:00,1.20676,1.20839,1.20676,1.2075,32171
2019-08-12 20:00:00+00:00,1.20744,1.2082,1.20737,1.20773,16099
2019-08-13 00:00:00+00:00,1.20788,1.20802,1.20624,1.20642,28550
2019-08-13 04:00:00+00:00,1.20632,1.20699,1.2043,1.2063,53939
2019-08-13 08:00:00+00:00,1.20602,1.20873,1.20552,1.20846,81805
2019-08-13 12:00:00+00:00,1.20866,1.20964,1.2051,1.20668,168089
2019-08-13 16:00:00+00:00,1.20656,1.20688,1.20536,1.20574,51116
2019-08-13 20:00:00+00:00,1.20567,1.20634,1.20496,1.20627,20345
2019-08-14 00:00:00+00:00,1.20625,1.20653,1.20461,1.20554,37229
2019-08-14 04:00:00+00:00,1.2057,1.20643,1.2052,1.20634,49508
2019-08-14 08:00:00+00:00,1.20611,1.20965,1.20526,1.20691,106466
2019-08-14 12:00:00+00:00,1.20682,1.20746,1.20535,1.20669,127272
2019-08-14 16:00:00+00:00,1.20664,1.20693,1.20514,1.20514,39926
2019-08-14 20:00:00+00:00,1.20535,1.20606,1.20509,1.20598,8717
2019-08-15 00:00:00+00:00,1.20597,1.20608,1.20508,1.20548,29530
2019-08-15 04:00:00+00:00,1.20548,1.20796,1.20514,1.20776,50526
2019-08-15 08:00:00+00:00,1.20767,1.21443,1.20745,1.21327,114573
2019-08-15 12:00:00+00:00,1.21318,1.21417,1.2104,1.21097,164685
2019-08-15 16:00:00+00:00,1.21082,1.21202,1.21023,1.21112,49664
2019-08-15 20:00:00+00:00,1.21106,1.21106,1.20765,1.20907,14296
2019-08-16 00:00:00+00:00,1.20907,1.20919,1.20818,1.20881,25660
2019-08-16 04:00:00+00:00,1.20879,1.21247,1.20859,1.21198,41325
2019-08-16 08:00:00+00:00,1.21194,1.21693,1.21184,1.21662,79142
2019-08-16 12:00:00+00:00,1.21644,1.21741,1.21387,1.21501,109800
2019-08-16 16:00:00+00:00,1.21466,1.21577,1.21423,1.21462,30530
2019-08-16 20:00:00+00:00,1.21461,1.21475,1.21404,1.21418,2535
2019-08-18 20:00:00+00:00,1.21562,1.21597,1.21454,1.2158,10713
2019-08-19 00:00:00+00:00,1.21589,1.21593,1.214,1.21544,23143
2019-08-19 04:00:00+00:00,1.21551,1.21721,1.21264,1.21344,36871
2019-08-19 08:00:00+00:00,1.21352,1.21352,1.21052,1.21177,67329
2019-08-19 12:00:00+00:00,1.21172,1.21565,1.21104,1.21372,62703
2019-08-19 16:00:00+00:00,1.21368,1.21441,1.21296,1.21305,32257
2019-08-19 20:00:00+00:00,1.2132,1.21366,1.21224,1.21279,17740
2019-08-20 00:00:00+00:00,1.21298,1.2137,1.21228,1.21321,16991
2019-08-20 04:00:00+00:00,1.2132,1.21329,1.20849,1.20922,35615
2019-08-20 08:00:00+00:00,1.20922,1.21035,1.20683,1.20834,55860
2019-08-20 12:00:00+00:00,1.20835,1.21716,1.20802,1.21511,148229
2019-08-20 16:00:00+00:00,1.21552,1.21765,1.21453,1.21708,35108
2019-08-20 20:00:00+00:00,1.21699,1.21732,1.21616,1.21617,14430
2019-08-21 00:00:00+00:00,1.21647,1.21747,1.21566,1.21584,27827
2019-08-21 04:00:00+00:00,1.21585,1.21585,1.21288,1.21338,31832
2019-08-21 08:00:00+00:00,1.21343,1.2153,1.21182,1.21311,52497
2019-08-21 12:00:00+00:00,1.21268,1.21452,1.21158,1.21407,73326
2019-08-21 16:00:00+00:00,1.21395,1.21508,1.21209,1.21276,48873
2019-08-21 20:00:00+00:00,1.21252,1.21314,1.21176,1.21314,16959
2019-08-22 00:00:00+00:00,1.21294,1.21339,1.21238,1.21261,18914
2019-08-22 04:00:00+00:00,1.21247,1.21445,1.2109,1.21369,44360
2019-08-22 08:00:00+00:00,1.21362,1.21734,1.21225,1.21485,76151
2019-08-22 12:00:00+00:00,1.21448,1.2268,1.21448,1.22493,162833
2019-08-22 16:00:00+00:00,1.22503,1.22643,1.22491,1.22556,31590
2019-08-22 20:00:00+00:00,1.22553,1.22594,1.22475,1.22508,14412
2019-08-23 00:00:00+00:00,1.22494,1.22517,1.22318,1.22318,25362
2019-08-23 04:00:00+00:00,1.22318,1.22371,1.2198,1.22013,43474
2019-08-23 08:00:00+00:00,1.22005,1.22267,1.21961,1.22267,56398
2019-08-23 12:00:00+00:00,1.22257,1.22794,1.22237,1.22601,166364
2019-08-23 16:00:00+00:00,1.22518,1.22931,1.22468,1.22831,54050
2019-08-23 20:00:00+00:00,1.22807,1.22906,1.22741,1.22829,4162
2019-08-25 20:00:00+00:00,1.2265,1.22847,1.22603,1.22603,27743
2019-08-26 00:00:00+00:00,1.22627,1.22815,1.22597,1.22717,66594
2019-08-26 04:00:00+00:00,1.22727,1.22838,1.22506,1.22507,88096
2019-08-26 08:00:00+00:00,1.22588,1.22588,1.22334,1.22408,81995
2019-08-26 12:00:00+00:00,1.22398,1.22438,1.22087,1.22308,117854
2019-08-26 16:00:00+00:00,1.22311,1.22338,1.22151,1.222,34371
2019-08-26 20:00:00+00:00,1.22177,1.22247,1.22152,1.22215,6880
2019-08-27 00:00:00+00:00,1.22198,1.22217,1.22092,1.22105,31816
2019-08-27 04:00:00+00:00,1.22105,1.22514,1.22089,1.22502,45038
2019-08-27 08:00:00+00:00,1.22493,1.22751,1.22411,1.22693,69970
2019-08-27 12:00:00+00:00,1.22697,1.23073,1.22526,1.22872,117266
2019-08-27 16:00:00+00:00,1.22855,1.23029,1.22814,1.22875,34084
2019-08-27 20:00:00+00:00,1.22877,1.22895,1.22787,1.22801,11278
2019-08-28 00:00:00+00:00,1.22824,1.22871,1.22689,1.22708,27575
2019-08-28 04:00:00+00:00,1.22715,1.22861,1.2255,1.2255,43358
2019-08-28 08:00:00+00:00,1.22292,1.22427,1.21686,1.22102,121691
2019-08-28 12:00:00+00:00,1.22112,1.22525,1.21961,1.22471,104845
2019-08-28 16:00:00+00:00,1.2244,1.2244,1.22073,1.221,41140
2019-08-28 20:00:00+00:00,1.22103,1.22207,1.22045,1.22176,9962
2019-08-29 00:00:00+00:00,1.22137,1.22185,1.22001,1.22034,23295
2019-08-29 04:00:00+00:00,1.22036,1.22151,1.21824,1.21924,43295
2019-08-29 08:00:00+00:00,1.21916,1.22197,1.21826,1.22182,70614
2019-08-29 12:00:00+00:00,1.22191,1.2231,1.21886,1.21954,118344
2019-08-29 16:00:00+00:00,1.21957,1.22053,1.21725,1.21802,37232
2019-08-29 20:00:00+00:00,1.21797,1.21858,1.21772,1.21835,8345
2019-08-30 00:00:00+00:00,1.2184,1.21858,1.21751,1.21752,19545
2019-08-30 04:00:00+00:00,1.21754,1.21914,1.21653,1.21758,41238
2019-08-30 08:00:00+00:00,1.21765,1.21966,1.21641,1.2185,66063
2019-08-30 12:00:00+00:00,1.2185,1.22239,1.21651,1.21651,105436
2019-08-30 16:00:00+00:00,1.21676,1.21732,1.21406,1.21689,46523
2019-08-30 20:00:00+00:00,1.21661,1.21668,1.21589,1.21602,2735
2019-09-01 20:00:00+00:00,1.21492,1.21626,1.21397,1.21578,7766
2019-09-02 00:00:00+00:00,1.21584,1.21604,1.21457,1.21599,18710
2019-09-02 04:00:00+00:00,1.21598,1.21743,1.21283,1.21283,26097
2019-09-02 08:00:00+00:00,1.21253,1.21266,1.20709,1.20777,72401
2019-09-02 12:00:00+00:00,1.20741,1.20787,1.20362,1.20638,79728
2019-09-02 16:00:00+00:00,1.20653,1.2076,1.20504,1.2063,45645
2019-09-02 20:00:00+00:00,1.20613,1.20671,1.20586,1.20639,12111
2019-09-03 00:00:00+00:00,1.20641,1.20669,1.20293,1.20325,29702
2019-09-03 04:00:00+00:00,1.20327,1.20386,1.19584,1.19772,72058
2019-09-03 08:00:00+00:00,1.19803,1.20519,1.19761,1.20235,89287
2019-09-03 12:00:00+00:00,1.20225,1.20993,1.20164,1.20846,121825
2019-09-03 16:00:00+00:00,1.20849,1.21053,1.20804,1.2081,43360
2019-09-03 20:00:00+00:00,1.20825,1.20997,1.2077,1.20904,12906
2019-09-04 00:00:00+00:00,1.20878,1.21116,1.20858,1.21079,25951
2019-09-04 04:00:00+00:00,1.21079,1.21537,1.2095,1.21498,56162
2019-09-04 08:00:00+00:00,1.21503,1.22158,1.21353,1.21966,92207
2019-09-04 12:00:00+00:00,1.21991,1.22077,1.21626,1.21886,105746
2019-09-04 16:00:00+00:00,1.21876,1.22258,1.21876,1.22258,54763
2019-09-04 20:00:00+00:00,1.22219,1.22577,1.22213,1.22458,22839
2019-09-05 00:00:00+00:00,1.22447,1.22542,1.22311,1.22392,31929
2019-09-05 04:00:00+00:00,1.22401,1.22545,1.22122,1.22521,61601
2019-09-05 08:00:00+00:00,1.22522,1.23526,1.22503,1.23364,95566
2019-09-05 12:00:00+00:00,1.2333,1.23451,1.23155,1.23354,90169
2019-09-05 16:00:00+00:00,1.23297,1.23315,1.23143,1.23278,37455
2019-09-05 20:00:00+00:00,1.23278,1.23378,1.23199,1.23243,12936
2019-09-06 00:00:00+00:00,1.2325,1.23318,1.23221,1.23243,21652
2019-09-06 04:00:00+00:00,1.23243,1.23427,1.22984,1.23093,55306
2019-09-06 08:00:00+00:00,1.23091,1.23122,1.22875,1.23055,78044
2019-09-06 12:00:00+00:00,1.23066,1.23328,1.22955,1.22976,85408
2019-09-06 16:00:00+00:00,1.22966,1.23047,1.22801,1.22917,40207
2019-09-06 20:00:00+00:00,1.22929,1.22965,1.22851,1.22881,2860
2019-09-08 20:00:00+00:00,1.227,1.22875,1.22697,1.22844,7860
2019-09-09 00:00:00+00:00,1.22818,1.229,1.22752,1.22753,21614
2019-09-09 04:00:00+00:00,1.22761,1.22784,1.22334,1.22682,35000
2019-09-09 08:00:00+00:00,1.22701,1.23806,1.22701,1.23605,84061
2019-09-09 12:00:00+00:00,1.23628,1.23727,1.23177,1.23662,82122
2019-09-09 16:00:00+00:00,1.23671,1.23673,1.2343,1.23464,34676
2019-09-09 20:00:00+00:00,1.23451,1.23533,1.23395,1.2345,23894
2019-09-10 00:00:00+00:00,1.23447,1.23478,1.2336,1.2339,19743
2019-09-10 04:00:00+00:00,1.23396,1.23741,1.23081,1.23131,35471
2019-09-10 08:00:00+00:00,1.23142,1.23501,1.23071,1.23428,58698
2019-09-10 12:00:00+00:00,1.23424,1.23742,1.234,1.23534,78091
2019-09-10 16:00:00+00:00,1.2356,1.2358,1.23398,1.23478,31155
2019-09-10 20:00:00+00:00,1.23491,1.23602,1.23454,1.23572,13733
2019-09-11 00:00:00+00:00,1.23533,1.2357,1.23414,1.23531,21119
2019-09-11 04:00:00+00:00,1.23522,1.23694,1.23423,1.23661,41776
2019-09-11 08:00:00+00:00,1.23674,1.23693,1.23334,1.23404,71460
2019-09-11 12:00:00+00:00,1.23443,1.23499,1.23223,1.23277,68628
2019-09-11 16:00:00+00:00,1.2326,1.2335,1.23127,1.23333,31745
2019-09-11 20:00:00+00:00,1.23328,1.2336,1.232,1.23342,18230
2019-09-12 00:00:00+00:00,1.23323,1.23344,1.23261,1.23311,18640
2019-09-12 04:00:00+00:00,1.23304,1.23419,1.23164,1.23206,35166
2019-09-12 08:00:00+00:00,1.23247,1.23379,1.23144,1.23222,75813
2019-09-12 12:00:00+00:00,1.2326,1.23573,1.22829,1.2356,160452
2019-09-12 16:00:00+00:00,1.2358,1.23653,1.23359,1.23369,43144
2019-09-12 20:00:00+00:00,1.23367,1.23376,1.23268,1.23289,7439
2019-09-13 00:00:00+00:00,1.23291,1.23398,1.23275,1.23398,16740
2019-09-13 04:00:00+00:00,1.23383,1.24166,1.23383,1.24094,55246
2019-09-13 08:00:00+00:00,1.24058,1.24701,1.23932,1.24527,79625
2019-09-13 12:00:00+00:00,1.24551,1.24625,1.24272,1.24622,75667
2019-09-13 16:00:00+00:00,1.24585,1.24949,1.2458,1.24921,36968
2019-09-13 20:00:00+00:00,1.24919,1.25039,1.24916,1.24949,5400
2019-09-15 20:00:00+00:00,1.24867,1.25025,1.24834,1.24962,11526
2019-09-16 00:00:00+00:00,1.24978,1.24978,1.24698,1.24705,24475
2019-09-16 04:00:00+00:00,1.24713,1.24795,1.24473,1.24602,40302
2019-09-16 08:00:00+00:00,1.24614,1.24614,1.24263,1.24372,58410
2019-09-16 12:00:00+00:00,1.24402,1.24667,1.24003,1.24215,83160
2019-09-16 16:00:00+00:00,1.24203,1.243,1.24148,1.24264,35009
2019-09-16 20:00:00+00:00,1.24246,1.24303,1.24216,1.24251,8540
2019-09-17 00:00:00+00:00,1.24266,1.24286,1.24076,1.2412,22265
2019-09-17 04:00:00+00:00,1.24105,1.24238,1.2395,1.23973,42473
2019-09-17 08:00:00+00:00,1.23975,1.24195,1.23931,1.24187,56290
2019-09-17 12:00:00+00:00,1.24179,1.24935,1.24122,1.24927,89100
2019-09-17 16:00:00+00:00,1.24924,1.2522,1.24884,1.2502,42444
2019-09-17 20:00:00+00:00,1.25027,1.25044,1.24931,1.2501,9379
2019-09-18 00:00:00+00:00,1.2502,1.2505,1.24835,1.24836,17480
2019-09-18 04:00:00+00:00,1.24842,1.24958,1.24659,1.24728,33945
2019-09-18 08:00:00+00:00,1.2472,1.24766,1.24406,1.24551,54860
2019-09-18 12:00:00+00:00,1.24542,1.24896,1.2454,1.24763,62526
2019-09-18 16:00:00+00:00,1.24756,1.25118,1.245,1.24847,80300
2019-09-18 20:00:00+00:00,1.24848,1.2489,1.24622,1.2469,21332
2019-09-19 00:00:00+00:00,1.2469,1.24727,1.24599,1.24693,22546
2019-09-19 04:00:00+00:00,1.24706,1.24822,1.24611,1.24729,42021
2019-09-19 08:00:00+00:00,1.24731,1.24983,1.24403,1.24701,67274
2019-09-19 12:00:00+00:00,1.2469,1.24943,1.24646,1.24794,59698
2019-09-19 16:00:00+00:00,1.24784,1.25564,1.24734,1.25213,60366
2019-09-19 20:00:00+00:00,1.25235,1.25284,1.25207,1.25225,12218
2019-09-20 00:00:00+00:00,1.2524,1.2551,1.25182,1.25495,22152
2019-09-20 04:00:00+00:00,1.25497,1.25796,1.25465,1.25695,49968
2019-09-20 08:00:00+00:00,1.25689,1.25719,1.24759,1.24895,71674
2019-09-20 12:00:00+00:00,1.24893,1.25066,1.24643,1.24879,83957
2019-09-20 16:00:00+00:00,1.24888,1.24961,1.247,1.247,42786
2019-09-20 20:00:00+00:00,1.24688,1.24785,1.2467,1.24695,3992
2019-09-22 20:00:00+00:00,1.2465,1.24731,1.24647,1.24701,7732
2019-09-23 00:00:00+00:00,1.24698,1.24885,1.24654,1.24881,15135
2019-09-23 04:00:00+00:00,1.24885,1.24902,1.24241,1.24241,45001
2019-09-23 08:00:00+00:00,1.24254,1.24543,1.24221,1.2437,62991
2019-09-23 12:00:00+00:00,1.24363,1.24414,1.24147,1.24265,74972
2019-09-23 16:00:00+00:00,1.24255,1.24382,1.2418,1.24369,25199
2019-09-23 20:00:00+00:00,1.24331,1.24373,1.24249,1.24332,15093
2019-09-24 00:00:00+00:00,1.24345,1.24381,1.2425,1.24252,14489
2019-09-24 04:00:00+00:00,1.24261,1.24432,1.24156,1.24206,29833
2019-09-24 08:00:00+00:00,1.24187,1.24826,1.24154,1.24733,88102
2019-09-24 12:00:00+00:00,1.2478,1.2502,1.24642,1.24742,67389
2019-09-24 16:00:00+00:00,1.24732,1.24997,1.24669,1.24976,45547
2019-09-24 20:00:00+00:00,1.24961,1.24961,1.24849,1.24851,9436
2019-09-25 00:00:00+00:00,1.24854,1.24873,1.24648,1.24649,25098
2019-09-25 04:00:00+00:00,1.24656,1.24802,1.24358,1.24395,37306
2019-09-25 08:00:00+00:00,1.24407,1.24473,1.23812,1.23812,62187
2019-09-25 12:00:00+00:00,1.23771,1.23922,1.23551,1.23618,77188
2019-09-25 16:00:00+00:00,1.23622,1.23656,1.23481,1.23543,34805
2019-09-25 20:00:00+00:00,1.23534,1.23605,1.23437,1.23584,9927
2019-09-26 00:00:00+00:00,1.23606,1.23799,1.23558,1.23754,20127
2019-09-26 04:00:00+00:00,1.2375,1.2375,1.23449,1.23449,28998
2019-09-26 08:00:00+00:00,1.23484,1.23501,1.23026,1.23467,63289
2019-09-26 12:00:00+00:00,1.23456,1.2364,1.23286,1.23415,76845
2019-09-26 16:00:00+00:00,1.2342,1.23527,1.23184,1.23184,40719
2019-09-26 20:00:00+00:00,1.23221,1.23282,1.23161,1.23282,11137
2019-09-27 00:00:00+00:00,1.23284,1.23334,1.23164,1.23311,23646
2019-09-27 04:00:00+00:00,1.23302,1.23361,1.22716,1.22787,44479
2019-09-27 08:00:00+00:00,1.22774,1.23103,1.22771,1.23079,53417
2019-09-27 12:00:00+00:00,1.23085,1.23296,1.23004,1.23109,65698
2019-09-27 16:00:00+00:00,1.23091,1.23138,1.22887,1.22949,34160
2019-09-27 20:00:00+00:00,1.22937,1.22945,1.22841,1.22841,2856
2019-09-29 20:00:00+00:00,1.22873,1.22963,1.22833,1.22922,6937
2019-09-30 00:00:00+00:00,1.22921,1.22946,1.22836,1.22863,17417
2019-09-30 04:00:00+00:00,1.22861,1.2313,1.22851,1.23021,26137
2019-09-30 08:00:00+00:00,1.23014,1.23292,1.22982,1.23046,49108
2019-09-30 12:00:00+00:00,1.23096,1.23438,1.22922,1.23037,81326
2019-09-30 16:00:00+00:00,1.23041,1.23066,1.22767,1.22966,35371
2019-09-30 20:00:00+00:00,1.22939,1.22986,1.2285,1.22891,11457
2019-10-01 00:00:00+00:00,1.22888,1.22909,1.22781,1.22852,18530
2019-10-01 04:00:00+00:00,1.22832,1.23033,1.2275,1.22939,37590
2019-10-01 08:00:00+00:00,1.22946,1.23117,1.2264,1.2267,60931
2019-10-01 12:00:00+00:00,1.22654,1.22656,1.22045,1.22416,94096
2019-10-01 16:00:00+00:00,1.22396,1.23284,1.22342,1.23052,73747
2019-10-01 20:00:00+00:00,1.23043,1.23129,1.22833,1.22912,15122
2019-10-02 00:00:00+00:00,1.22921,1.23004,1.22811,1.22811,17595
2019-10-02 04:00:00+00:00,1.22823,1.2285,1.22557,1.22728,38235
2019-10-02 08:00:00+00:00,1.22667,1.22959,1.2228,1.2287,64798
2019-10-02 12:00:00+00:00,1.22866,1.23215,1.22609,1.23116,82490
2019-10-02 16:00:00+00:00,1.23143,1.23228,1.22885,1.2298,42941
2019-10-02 20:00:00+00:00,1.2298,1.2305,1.22825,1.23044,19427
2019-10-03 00:00:00+00:00,1.23043,1.23074,1.22962,1.23037,17144
2019-10-03 04:00:00+00:00,1.23033,1.23046,1.22668,1.22863,37623
2019-10-03 08:00:00+00:00,1.22815,1.23262,1.22758,1.23204,63499
2019-10-03 12:00:00+00:00,1.23296,1.2411,1.2324,1.23888,109688
2019-10-03 16:00:00+00:00,1.23876,1.2389,1.23399,1.23423,43902
2019-10-03 20:00:00+00:00,1.23416,1.23418,1.23277,1.23412,16040
2019-10-04 00:00:00+00:00,1.23397,1.23566,1.23393,1.23438,19277
2019-10-04 04:00:00+00:00,1.23428,1.2351,1.23302,1.23306,32526
2019-10-04 08:00:00+00:00,1.23292,1.23471,1.23122,1.23413,53963
2019-10-04 12:00:00+00:00,1.23406,1.23406,1.22771,1.23072,96133
2019-10-04 16:00:00+00:00,1.23052,1.23401,1.23001,1.23375,30753
2019-10-04 20:00:00+00:00,1.23366,1.23393,1.23305,1.23305,2821
2019-10-06 20:00:00+00:00,1.23069,1.23359,1.23069,1.23347,8876
2019-10-07 00:00:00+00:00,1.23339,1.2336,1.23222,1.23253,16898
2019-10-07 04:00:00+00:00,1.23246,1.2329,1.22928,1.23038,30908
2019-10-07 08:00:00+00:00,1.23034,1.2333,1.22887,1.23199,54318
2019-10-07 12:00:00+00:00,1.23201,1.23303,1.23133,1.23209,51410
2019-10-07 16:00:00+00:00,1.23217,1.23217,1.22918,1.22961,33471
2019-10-07 20:00:00+00:00,1.22961,1.2298,1.22849,1.22878,10804
2019-10-08 00:00:00+00:00,1.22883,1.22995,1.22864,1.22934,17632
2019-10-08 04:00:00+00:00,1.22944,1.23014,1.22703,1.22864,37224
2019-10-08 08:00:00+00:00,1.22893,1.22893,1.22094,1.22193,84070
2019-10-08 12:00:00+00:00,1.22183,1.22346,1.21964,1.22055,70728
2019-10-08 16:00:00+00:00,1.22046,1.22251,1.22005,1.22221,51419
2019-10-08 20:00:00+00:00,1.22191,1.22257,1.22129,1.22196,16377
2019-10-09 00:00:00+00:00,1.22192,1.22192,1.22127,1.22146,13574
2019-10-09 04:00:00+00:00,1.22151,1.22364,1.21996,1.22234,36391
2019-10-09 08:00:00+00:00,1.22255,1.22832,1.22063,1.2224,90628
2019-10-09 12:00:00+00:00,1.22253,1.22326,1.22117,1.22138,56410
2019-10-09 16:00:00+00:00,1.22127,1.22192,1.21997,1.22097,31579
2019-10-09 20:00:00+00:00,1.22073,1.22153,1.22,1.22116,15964
2019-10-10 00:00:00+00:00,1.22124,1.22299,1.22087,1.22278,31027
2019-10-10 04:00:00+00:00,1.22286,1.22439,1.2217,1.22374,39802
2019-10-10 08:00:00+00:00,1.22358,1.22644,1.2226,1.22322,63101
2019-10-10 12:00:00+00:00,1.2234,1.23878,1.22164,1.23828,136453
2019-10-10 16:00:00+00:00,1.23809,1.2468,1.23666,1.24551,94930
2019-10-10 20:00:00+00:00,1.24552,1.24574,1.2424,1.243,22587
2019-10-11 00:00:00+00:00,1.2436,1.24431,1.24285,1.24375,20099
2019-10-11 04:00:00+00:00,1.24383,1.24652,1.24369,1.24625,45935
2019-10-11 08:00:00+00:00,1.24604,1.26713,1.24164,1.26398,182983
2019-10-11 12:00:00+00:00,1.26393,1.2693,1.25908,1.26825,139605
2019-10-11 16:00:00+00:00,1.26871,1.26933,1.26478,1.26605,61368
2019-10-11 20:00:00+00:00,1.26583,1.26583,1.26401,1.26441,5509
2019-10-13 20:00:00+00:00,1.26275,1.26444,1.26151,1.26167,14427
2019-10-14 00:00:00+00:00,1.26071,1.26104,1.25908,1.26035,33305
2019-10-14 04:00:00+00:00,1.26033,1.26161,1.25573,1.25648,58464
2019-10-14 08:00:00+00:00,1.25655,1.25807,1.25421,1.25435,71468
2019-10-14 12:00:00+00:00,1.25327,1.26462,1.2523,1.25954,97898
2019-10-14 16:00:00+00:00,1.25902,1.25913,1.25422,1.25579,45313
2019-10-14 20:00:00+00:00,1.2554,1.2633,1.25507,1.26089,27378
2019-10-15 00:00:00+00:00,1.26077,1.26321,1.26031,1.26169,32208
2019-10-15 04:00:00+00:00,1.26151,1.26968,1.26061,1.2644,80269
2019-10-15 08:00:00+00:00,1.26434,1.26768,1.26091,1.2631,118460
2019-10-15 12:00:00+00:00,1.26278,1.27976,1.26244,1.27344,198195
2019-10-15 16:00:00+00:00,1.27311,1.27914,1.27212,1.27786,67837
2019-10-15 20:00:00+00:00,1.27767,1.27871,1.27555,1.27595,29047
2019-10-16 00:00:00+00:00,1.27584,1.27601,1.27415,1.27536,35689
2019-10-16 04:00:00+00:00,1.2756,1.27856,1.26806,1.27056,100983
2019-10-16 08:00:00+00:00,1.27076,1.27671,1.26705,1.27436,159216
2019-10-16 12:00:00+00:00,1.27394,1.28661,1.27335,1.28533,173014
2019-10-16 16:00:00+00:00,1.28541,1.28689,1.28213,1.28238,61597
2019-10-16 20:00:00+00:00,1.28223,1.28299,1.28106,1.28193,28311
2019-10-17 00:00:00+00:00,1.28191,1.28331,1.28173,1.28208,30166
2019-10-17 04:00:00+00:00,1.28206,1.28217,1.27552,1.27821,73326
2019-10-17 08:00:00+00:00,1.27843,1.29701,1.27749,1.28492,185046
2019-10-17 12:00:00+00:00,1.28413,1.28701,1.27665,1.28517,157311
2019-10-17 16:00:00+00:00,1.28525,1.28808,1.28379,1.28703,54296
2019-10-17 20:00:00+00:00,1.28701,1.28928,1.28642,1.28642,22406
2019-10-18 00:00:00+00:00,1.2865,1.2871,1.28444,1.28516,27134
2019-10-18 04:00:00+00:00,1.28515,1.28831,1.28404,1.28707,56373
2019-10-18 08:00:00+00:00,1.28775,1.29152,1.28681,1.28866,92005
2019-10-18 12:00:00+00:00,1.28913,1.29056,1.2863,1.2902,100025
2019-10-18 16:00:00+00:00,1.2899,1.2961,1.28886,1.29429,63572
2019-10-18 20:00:00+00:00,1.29435,1.29739,1.29424,1.29739,8201
2019-10-20 20:00:00+00:00,1.2949,1.29492,1.28746,1.29023,35891
2019-10-21 00:00:00+00:00,1.28993,1.29207,1.28993,1.29132,33270
2019-10-21 04:00:00+00:00,1.29139,1.29497,1.28884,1.29497,50933
2019-10-21 08:00:00+00:00,1.29563,1.30094,1.29562,1.30022,77964
2019-10-21 12:00:00+00:00,1.29998,1.30118,1.29706,1.29816,95279
2019-10-21 16:00:00+00:00,1.29821,1.29934,1.29576,1.29629,40298
2019-10-21 20:00:00+00:00,1.29623,1.29712,1.29565,1.29712,28120
2019-10-22 00:00:00+00:00,1.29711,1.29869,1.29684,1.29765,20038
2019-10-22 04:00:00+00:00,1.29771,1.29866,1.29314,1.29425,42815
2019-10-22 08:00:00+00:00,1.29412,1.29694,1.29239,1.29321,72292
2019-10-22 12:00:00+00:00,1.29322,1.29559,1.28952,1.29464,99542
2019-10-22 16:00:00+00:00,1.29456,1.29987,1.28635,1.28983,120800
2019-10-22 20:00:00+00:00,1.2896,1.28988,1.28635,1.28829,47957
2019-10-23 00:00:00+00:00,1.28836,1.28855,1.28413,1.28463,27286
2019-10-23 04:00:00+00:00,1.28489,1.28894,1.28467,1.28597,50639
2019-10-23 08:00:00+00:00,1.28639,1.28824,1.28454,1.2869,74598
2019-10-23 12:00:00+00:00,1.28715,1.2895,1.28672,1.2885,75787
2019-10-23 16:00:00+00:00,1.28857,1.2921,1.28678,1.29136,40839
2019-10-23 20:00:00+00:00,1.2913,1.29205,1.29041,1.29204,17932
2019-10-24 00:00:00+00:00,1.29175,1.29257,1.2908,1.29141,21067
2019-10-24 04:00:00+00:00,1.29132,1.29464,1.28947,1.28947,52819
2019-10-24 08:00:00+00:00,1.2883,1.29013,1.28807,1.28955,54101
2019-10-24 12:00:00+00:00,1.28965,1.29197,1.28077,1.28093,97340
2019-10-24 16:00:00+00:00,1.28069,1.28649,1.2789,1.28446,54069
2019-10-24 20:00:00+00:00,1.28473,1.2855,1.28356,1.28383,20082
2019-10-25 00:00:00+00:00,1.28394,1.28502,1.28354,1.28419,15550
2019-10-25 04:00:00+00:00,1.28421,1.28597,1.28261,1.28398,31667
2019-10-25 08:00:00+00:00,1.2843,1.28576,1.28149,1.28231,50485
2019-10-25 12:00:00+00:00,1.28246,1.28418,1.28049,1.2832,66922
2019-10-25 16:00:00+00:00,1.28307,1.28342,1.28158,1.28283,29865
2019-10-25 20:00:00+00:00,1.28265,1.28311,1.28206,1.28217,3187
2019-10-27 20:00:00+00:00,1.281,1.28337,1.281,1.28274,13487
2019-10-28 00:00:00+00:00,1.28284,1.28284,1.28114,1.28189,19221
2019-10-28 04:00:00+00:00,1.28179,1.28495,1.28146,1.28492,22595
2019-10-28 08:00:00+00:00,1.28459,1.2858,1.28252,1.28315,54207
2019-10-28 12:00:00+00:00,1.28343,1.28757,1.2831,1.28571,66517
2019-10-28 16:00:00+00:00,1.28592,1.28701,1.28533,1.28625,30933
2019-10-28 20:00:00+00:00,1.28601,1.2862,1.285,1.28557,8436
2019-10-29 00:00:00+00:00,1.28554,1.28605,1.28365,1.28474,20263
2019-10-29 04:00:00+00:00,1.28477,1.28602,1.28415,1.28467,29711
2019-10-29 08:00:00+00:00,1.28455,1.28691,1.28091,1.28528,74639
2019-10-29 12:00:00+00:00,1.28496,1.2904,1.28464,1.2904,86519
2019-10-29 16:00:00+00:00,1.28979,1.28979,1.28418,1.28568,42379
2019-10-29 20:00:00+00:00,1.28593,1.28687,1.28568,1.28648,12018
2019-10-30 00:00:00+00:00,1.28651,1.28702,1.28596,1.28615,18047
2019-10-30 04:00:00+00:00,1.28615,1.28934,1.28613,1.28926,22863
2019-10-30 08:00:00+00:00,1.28979,1.29014,1.2872,1.28972,54096
2019-10-30 12:00:00+00:00,1.28953,1.2898,1.286,1.2871,72257
2019-10-30 16:00:00+00:00,1.28694,1.29056,1.28478,1.29005,78823
2019-10-30 20:00:00+00:00,1.29007,1.29061,1.28942,1.29012,16600
2019-10-31 00:00:00+00:00,1.29017,1.29322,1.29017,1.29317,23823
2019-10-31 04:00:00+00:00,1.2931,1.29434,1.29162,1.29405,27700
2019-10-31 08:00:00+00:00,1.29415,1.29657,1.29296,1.29614,72052
2019-10-31 12:00:00+00:00,1.29613,1.29751,1.29259,1.29403,97341
2019-10-31 16:00:00+00:00,1.29372,1.29532,1.29264,1.29531,50625
2019-10-31 20:00:00+00:00,1.29523,1.29552,1.2925,1.29385,18710
2019-11-01 00:00:00+00:00,1.2939,1.29662,1.29339,1.2959,24682
2019-11-01 04:00:00+00:00,1.29594,1.29697,1.29544,1.29697,21459
2019-11-01 08:00:00+00:00,1.29689,1.29716,1.29419,1.29632,55754
2019-11-01 12:00:00+00:00,1.29627,1.29691,1.29362,1.2949,94668
2019-11-01 16:00:00+00:00,1.29484,1.295,1.2928,1.29423,42198
2019-11-01 20:00:00+00:00,1.29404,1.29409,1.29331,1.29331,2158
2019-11-03 20:00:00+00:00,1.29281,1.29405,1.29268,1.29369,5175
2019-11-04 00:00:00+00:00,1.29367,1.29421,1.29302,1.29366,17769
2019-11-04 04:00:00+00:00,1.29371,1.29396,1.29306,1.2938,18325
2019-11-04 08:00:00+00:00,1.294,1.294,1.29104,1.29216,52066
2019-11-04 12:00:00+00:00,1.29206,1.29276,1.28999,1.29193,54706
2019-11-04 16:00:00+00:00,1.29201,1.29201,1.28764,1.28802,33835
2019-11-04 20:00:00+00:00,1.288,1.28898,1.28775,1.28888,20985
2019-11-05 00:00:00+00:00,1.28871,1.28897,1.28787,1.28836,17824
2019-11-05 04:00:00+00:00,1.28842,1.28994,1.28783,1.28951,22723
2019-11-05 08:00:00+00:00,1.2897,1.29153,1.28763,1.29104,63163
2019-11-05 12:00:00+00:00,1.2909,1.2909,1.2862,1.28656,78713
2019-11-05 16:00:00+00:00,1.28675,1.28914,1.28594,1.28826,41181
2019-11-05 20:00:00+00:00,1.28808,1.28867,1.28746,1.28802,14466
2019-11-06 00:00:00+00:00,1.28784,1.28855,1.287,1.28822,17154
2019-11-06 04:00:00+00:00,1.28823,1.28847,1.2872,1.28838,20602
2019-11-06 08:00:00+00:00,1.28834,1.28944,1.28766,1.28852,43218
2019-11-06 12:00:00+00:00,1.28855,1.2897,1.28709,1.28735,53943
2019-11-06 16:00:00+00:00,1.28724,1.28749,1.2844,1.28534,41297
2019-11-06 20:00:00+00:00,1.28511,1.28607,1.28511,1.28553,18354
2019-11-07 00:00:00+00:00,1.28533,1.28557,1.2838,1.28425,19891
2019-11-07 04:00:00+00:00,1.28428,1.28554,1.28377,1.28552,29064
2019-11-07 08:00:00+00:00,1.28507,1.2877,1.28506,1.28559,60066
2019-11-07 12:00:00+00:00,1.28288,1.28361,1.27964,1.28228,102764
2019-11-07 16:00:00+00:00,1.28218,1.28287,1.28136,1.28195,41931
2019-11-07 20:00:00+00:00,1.28184,1.2822,1.28089,1.282,14720
2019-11-08 00:00:00+00:00,1.28194,1.28194,1.28093,1.28161,19330
2019-11-08 04:00:00+00:00,1.28152,1.28184,1.28048,1.28163,24093
2019-11-08 08:00:00+00:00,1.28178,1.28222,1.27951,1.28018,49656
2019-11-08 12:00:00+00:00,1.28035,1.28208,1.27934,1.27943,64227
2019-11-08 16:00:00+00:00,1.27923,1.27964,1.27699,1.27832,29852
2019-11-08 20:00:00+00:00,1.27822,1.27872,1.27725,1.27725,6480
2019-11-10 20:00:00+00:00,1.2795,1.27953,1.27893,1.27947,4014
2019-11-11 00:00:00+00:00,1.2796,1.27981,1.27863,1.27895,15162
2019-11-11 04:00:00+00:00,1.27892,1.28077,1.27866,1.28052,20161
2019-11-11 08:00:00+00:00,1.28054,1.28314,1.27955,1.28303,45658
2019-11-11 12:00:00+00:00,1.28302,1.28916,1.28269,1.2875,74160
2019-11-11 16:00:00+00:00,1.28759,1.28759,1.285,1.28544,27334
2019-11-11 20:00:00+00:00,1.28544,1.28564,1.28477,1.28537,26902
2019-11-12 00:00:00+00:00,1.28542,1.28656,1.28518,1.28581,21469
2019-11-12 04:00:00+00:00,1.2859,1.28653,1.2845,1.2848,25668
2019-11-12 08:00:00+00:00,1.28416,1.28444,1.28165,1.2835,55563
2019-11-12 12:00:00+00:00,1.28319,1.28512,1.28265,1.28387,55792
2019-11-12 16:00:00+00:00,1.28375,1.28725,1.28365,1.28579,43653
2019-11-12 20:00:00+00:00,1.28572,1.28582,1.28424,1.28506,19494
2019-11-13 00:00:00+00:00,1.28504,1.28586,1.28454,1.28468,22081
2019-11-13 04:00:00+00:00,1.28462,1.2857,1.28442,1.28542,20223
2019-11-13 08:00:00+00:00,1.2852,1.28578,1.28261,1.28325,56505
2019-11-13 12:00:00+00:00,1.28315,1.28448,1.28237,1.28386,63589
2019-11-13 16:00:00+00:00,1.28374,1.28467,1.28325,1.28394,33819
2019-11-13 20:00:00+00:00,1.28372,1.2855,1.28372,1.28537,15823
2019-11-14 00:00:00+00:00,1.28512,1.28542,1.28392,1.28403,21343
2019-11-14 04:00:00+00:00,1.28396,1.28435,1.28254,1.28433,26453
2019-11-14 08:00:00+00:00,1.28455,1.28642,1.28324,1.2839,56390
2019-11-14 12:00:00+00:00,1.28335,1.28585,1.28335,1.28569,50702
2019-11-14 16:00:00+00:00,1.28553,1.28873,1.28553,1.2876,35898
2019-11-14 20:00:00+00:00,1.28755,1.28836,1.28743,1.2882,14818
2019-11-15 00:00:00+00:00,1.28813,1.28857,1.28785,1.28796,17008
2019-11-15 04:00:00+00:00,1.28788,1.28838,1.28724,1.28736,17474
2019-11-15 08:00:00+00:00,1.28737,1.28856,1.28673,1.28803,47352
2019-11-15 12:00:00+00:00,1.28808,1.29181,1.28716,1.29032,70991
2019-11-15 16:00:00+00:00,1.2904,1.29113,1.28954,1.29033,25929
2019-11-15 20:00:00+00:00,1.29043,1.29058,1.28959,1.28982,6806
2019-11-17 20:00:00+00:00,1.29216,1.29216,1.291,1.29192,11904
2019-11-18 00:00:00+00:00,1.29191,1.29313,1.29161,1.29306,15001
2019-11-18 04:00:00+00:00,1.29304,1.29537,1.29221,1.29449,26961
2019-11-18 08:00:00+00:00,1.29449,1.29817,1.29449,1.29489,52313
2019-11-18 12:00:00+00:00,1.2945,1.29661,1.2943,1.29661,75633
2019-11-18 16:00:00+00:00,1.29665,1.29712,1.29532,1.2954,33693
2019-11-18 20:00:00+00:00,1.2955,1.29606,1.29408,1.29488,15465
2019-11-19 00:00:00+00:00,1.2948,1.29561,1.29452,1.29521,26987
2019-11-19 04:00:00+00:00,1.2952,1.29693,1.29518,1.29552,22620
2019-11-19 08:00:00+00:00,1.29598,1.29634,1.29265,1.29394,55841
2019-11-19 12:00:00+00:00,1.29382,1.29529,1.29314,1.29316,63441
2019-11-19 16:00:00+00:00,1.29294,1.2938,1.29105,1.29118,32418
2019-11-19 20:00:00+00:00,1.2912,1.29302,1.2912,1.29278,23380
2019-11-20 00:00:00+00:00,1.29273,1.29273,1.29032,1.29088,25463
2019-11-20 04:00:00+00:00,1.2908,1.29181,1.29056,1.29142,18835
2019-11-20 08:00:00+00:00,1.29164,1.29173,1.2888,1.28974,52867
2019-11-20 12:00:00+00:00,1.28949,1.29272,1.28899,1.29108,61398
2019-11-20 16:00:00+00:00,1.2911,1.2926,1.29078,1.29207,42552
2019-11-20 20:00:00+00:00,1.29211,1.29278,1.29135,1.29257,11759
2019-11-21 00:00:00+00:00,1.29264,1.29322,1.29249,1.29299,20827
2019-11-21 04:00:00+00:00,1.29281,1.29337,1.2924,1.29337,14834
2019-11-21 08:00:00+00:00,1.29338,1.29529,1.2931,1.29529,55068
2019-11-21 12:00:00+00:00,1.29551,1.29686,1.29153,1.29245,82498
2019-11-21 16:00:00+00:00,1.29185,1.29241,1.28935,1.29023,38365
2019-11-21 20:00:00+00:00,1.29013,1.29191,1.29004,1.29191,19163
2019-11-22 00:00:00+00:00,1.29182,1.2922,1.29107,1.29121,16260
2019-11-22 04:00:00+00:00,1.29136,1.29265,1.29109,1.29158,17261
2019-11-22 08:00:00+00:00,1.29157,1.29268,1.28681,1.28786,73890
2019-11-22 12:00:00+00:00,1.28774,1.28809,1.28304,1.28304,67259
2019-11-22 16:00:00+00:00,1.28293,1.28408,1.28248,1.28306,35369
2019-11-22 20:00:00+00:00,1.28307,1.28368,1.28269,1.28292,9154
2019-11-24 20:00:00+00:00,1.28553,1.28553,1.28441,1.28516,5264
2019-11-25 00:00:00+00:00,1.28502,1.28559,1.28414,1.28428,17049
2019-11-25 04:00:00+00:00,1.28426,1.28713,1.28425,1.28685,24419
2019-11-25 08:00:00+00:00,1.28694,1.28843,1.28665,1.28724,41861
2019-11-25 12:00:00+00:00,1.28719,1.29112,1.2867,1.29075,60376
2019-11-25 16:00:00+00:00,1.29063,1.29071,1.28776,1.29039,37365
2019-11-25 20:00:00+00:00,1.29044,1.29044,1.2896,1.2896,14503
2019-11-26 00:00:00+00:00,1.28973,1.29036,1.28931,1.28965,18686
2019-11-26 04:00:00+00:00,1.28964,1.28985,1.28824,1.28824,21014
2019-11-26 08:00:00+00:00,1.28763,1.28792,1.28517,1.28738,54186
2019-11-26 12:00:00+00:00,1.28721,1.28722,1.28365,1.28365,60850
2019-11-26 16:00:00+00:00,1.28397,1.28694,1.28397,1.2868,32824
2019-11-26 20:00:00+00:00,1.28683,1.28695,1.28538,1.28601,16278
2019-11-27 00:00:00+00:00,1.28581,1.28582,1.28482,1.28551,15638
2019-11-27 04:00:00+00:00,1.2854,1.28561,1.2828,1.28342,24585
2019-11-27 08:00:00+00:00,1.28361,1.28915,1.28355,1.28903,57688
2019-11-27 12:00:00+00:00,1.28885,1.28903,1.28654,1.28756,69140
2019-11-27 16:00:00+00:00,1.28752,1.29153,1.28752,1.29153,46254
2019-11-27 20:00:00+00:00,1.29134,1.29487,1.28984,1.29296,27384
2019-11-28 00:00:00+00:00,1.29315,1.29331,1.29193,1.29274,17802
2019-11-28 04:00:00+00:00,1.29275,1.29502,1.2925,1.29437,21898
2019-11-28 08:00:00+00:00,1.29457,1.29479,1.29115,1.29156,51649
2019-11-28 12:00:00+00:00,1.29154,1.29196,1.29007,1.29025,40745
2019-11-28 16:00:00+00:00,1.29036,1.29128,1.29024,1.29076,44442
2019-11-28 20:00:00+00:00,1.29072,1.2913,1.29062,1.29117,20937
2019-11-29 00:00:00+00:00,1.291,1.29132,1.29069,1.29121,14492
2019-11-29 04:00:00+00:00,1.29128,1.29224,1.29008,1.29173,18799
2019-11-29 08:00:00+00:00,1.29159,1.2916,1.28826,1.28995,42664
2019-11-29 12:00:00+00:00,1.29035,1.29364,1.28832,1.29364,65323
2019-11-29 16:00:00+00:00,1.29362,1.29408,1.29192,1.2935,44022
2019-11-29 20:00:00+00:00,1.29357,1.29397,1.29263,1.29272,6015
2019-12-01 20:00:00+00:00,1.29077,1.29176,1.29077,1.2912,6243
2019-12-02 00:00:00+00:00,1.29113,1.29162,1.29101,1.29125,18067
2019-12-02 04:00:00+00:00,1.29124,1.29261,1.29115,1.29174,21375
2019-12-02 08:00:00+00:00,1.29193,1.29225,1.28967,1.29188,45063
2019-12-02 12:00:00+00:00,1.29144,1.29416,1.29144,1.29208,72826
2019-12-02 16:00:00+00:00,1.2922,1.2946,1.2922,1.29436,42278
2019-12-02 20:00:00+00:00,1.29455,1.29487,1.29376,1.29395,15675
2019-12-03 00:00:00+00:00,1.29365,1.294,1.29309,1.29389,16096
2019-12-03 04:00:00+00:00,1.294,1.29659,1.29379,1.29656,23741
2019-12-03 08:00:00+00:00,1.29695,1.29967,1.29666,1.29937,66656
2019-12-03 12:00:00+00:00,1.29931,1.30091,1.29799,1.29923,72303
2019-12-03 16:00:00+00:00,1.29965,1.30102,1.29927,1.29927,30599
2019-12-03 20:00:00+00:00,1.2993,1.30001,1.29898,1.29967,19790
2019-12-04 00:00:00+00:00,1.29957,1.30023,1.29928,1.29995,17816
2019-12-04 04:00:00+00:00,1.30003,1.30003,1.29853,1.29953,19355
2019-12-04 08:00:00+00:00,1.29954,1.30612,1.29954,1.30579,84328
2019-12-04 12:00:00+00:00,1.30638,1.31179,1.30638,1.31093,90035
2019-12-04 16:00:00+00:00,1.311,1.31117,1.30877,1.30988,32519
2019-12-04 20:00:00+00:00,1.3097,1.31114,1.30959,1.31089,12970
2019-12-05 00:00:00+00:00,1.31083,1.31179,1.31066,1.31155,17793
2019-12-05 04:00:00+00:00,1.31147,1.31419,1.31053,1.31364,27560
2019-12-05 08:00:00+00:00,1.31413,1.31472,1.31256,1.31349,46135
2019-12-05 12:00:00+00:00,1.31356,1.31579,1.31256,1.31553,58426
2019-12-05 16:00:00+00:00,1.31514,1.31649,1.31478,1.31609,38973
2019-12-05 20:00:00+00:00,1.31586,1.31658,1.31537,1.3158,14710
2019-12-06 00:00:00+00:00,1.31585,1.31627,1.31531,1.31604,14939
2019-12-06 04:00:00+00:00,1.31599,1.31651,1.31462,1.31563,18730
2019-12-06 08:00:00+00:00,1.31564,1.31592,1.31121,1.31315,50461
2019-12-06 12:00:00+00:00,1.31288,1.31493,1.3105,1.3105,82435
2019-12-06 16:00:00+00:00,1.31041,1.31403,1.31011,1.31373,32716
2019-12-06 20:00:00+00:00,1.31361,1.31425,1.31316,1.31316,10449
2019-12-08 20:00:00+00:00,1.3134,1.31412,1.31316,1.31385,6500
2019-12-09 00:00:00+00:00,1.31397,1.31501,1.31397,1.31433,19726
2019-12-09 04:00:00+00:00,1.31433,1.31777,1.31428,1.317,30547
2019-12-09 08:00:00+00:00,1.31693,1.31765,1.31515,1.31695,43950
2019-12-09 12:00:00+00:00,1.31732,1.31749,1.31391,1.31551,57035
2019-12-09 16:00:00+00:00,1.31529,1.31581,1.31445,1.31466,41302
2019-12-09 20:00:00+00:00,1.31471,1.31511,1.31361,1.31457,15115
2019-12-10 00:00:00+00:00,1.31444,1.31549,1.31438,1.31508,12027
2019-12-10 04:00:00+00:00,1.31506,1.31631,1.31401,1.31401,17624
2019-12-10 08:00:00+00:00,1.3141,1.31888,1.31335,1.31759,64631
2019-12-10 12:00:00+00:00,1.31797,1.318,1.31567,1.31703,65822
2019-12-10 16:00:00+00:00,1.31685,1.3207,1.31671,1.3204,36694
2019-12-10 20:00:00+00:00,1.32012,1.32051,1.31081,1.31291,40744
2019-12-11 00:00:00+00:00,1.31305,1.31388,1.31273,1.31374,25119
2019-12-11 04:00:00+00:00,1.31381,1.31453,1.31143,1.31154,27498
2019-12-11 08:00:00+00:00,1.31158,1.31575,1.31125,1.31504,64924
2019-12-11 12:00:00+00:00,1.31482,1.31855,1.31422,1.31766,64696
2019-12-11 16:00:00+00:00,1.31773,1.32071,1.31703,1.32071,48859
2019-12-11 20:00:00+00:00,1.32068,1.32133,1.31915,1.31998,29746
2019-12-12 00:00:00+00:00,1.32005,1.32265,1.32005,1.32233,20839
2019-12-12 04:00:00+00:00,1.32216,1.32228,1.32063,1.32207,20068
2019-12-12 08:00:00+00:00,1.3219,1.3219,1.31538,1.31811,67815
2019-12-12 12:00:00+00:00,1.31771,1.31785,1.3118,1.31207,115655
2019-12-12 16:00:00+00:00,1.31231,1.31397,1.30594,1.31349,104417
2019-12-12 20:00:00+00:00,1.31355,1.35133,1.31343,1.34734,88189
2019-12-13 00:00:00+00:00,1.34765,1.35065,1.34485,1.34785,54514
2019-12-13 04:00:00+00:00,1.34791,1.34802,1.34165,1.34165,68898
2019-12-13 08:00:00+00:00,1.34227,1.3428,1.33631,1.33882,110004
2019-12-13 12:00:00+00:00,1.33881,1.33929,1.33072,1.33425,149809
2019-12-13 16:00:00+00:00,1.3344,1.33547,1.33188,1.33386,79556
2019-12-13 20:00:00+00:00,1.33393,1.33446,1.33283,1.33283,18718
2019-12-15 20:00:00+00:00,1.33392,1.33546,1.33374,1.33533,12959
2019-12-16 00:00:00+00:00,1.33557,1.33974,1.33526,1.33901,27514
2019-12-16 04:00:00+00:00,1.33895,1.3418,1.33834,1.33899,33146
2019-12-16 08:00:00+00:00,1.33836,1.33854,1.33242,1.33715,76354
2019-12-16 12:00:00+00:00,1.33701,1.33785,1.33281,1.33333,66387
2019-12-16 16:00:00+00:00,1.33326,1.33505,1.33222,1.33505,42315
2019-12-16 20:00:00+00:00,1.33513,1.33525,1.32426,1.32674,32209
2019-12-17 00:00:00+00:00,1.32663,1.32967,1.32655,1.32966,27322
2019-12-17 04:00:00+00:00,1.32955,1.33006,1.32501,1.32537,34204
2019-12-17 08:00:00+00:00,1.32572,1.32631,1.31607,1.32071,105397
2019-12-17 12:00:00+00:00,1.32082,1.32082,1.3135,1.31376,91533
2019-12-17 16:00:00+00:00,1.31266,1.31446,1.30993,1.31195,57908
2019-12-17 20:00:00+00:00,1.31205,1.31372,1.31169,1.31219,23533
2019-12-18 00:00:00+00:00,1.3121,1.3121,1.30742,1.31014,48815
2019-12-18 04:00:00+00:00,1.3101,1.3126,1.30864,1.30904,43969
2019-12-18 08:00:00+00:00,1.3091,1.31262,1.30845,1.30978,81575
2019-12-18 12:00:00+00:00,1.30982,1.31007,1.30602,1.30734,87016
2019-12-18 16:00:00+00:00,1.30746,1.30882,1.30661,1.30845,55551
2019-12-18 20:00:00+00:00,1.30822,1.30879,1.30715,1.30844,18939
2019-12-19 00:00:00+00:00,1.30839,1.30899,1.30776,1.30863,16675
2019-12-19 04:00:00+00:00,1.30848,1.31193,1.30775,1.31135,23386
2019-12-19 08:00:00+00:00,1.311,1.31272,1.30627,1.30627,64716
2019-12-19 12:00:00+00:00,1.31004,1.31318,1.30101,1.30269,125515
2019-12-19 16:00:00+00:00,1.30274,1.304,1.29974,1.30125,67540
2019-12-19 20:00:00+00:00,1.30147,1.30231,1.29971,1.30172,19741
2019-12-20 00:00:00+00:00,1.30172,1.30225,1.30073,1.30223,15318
2019-12-20 04:00:00+00:00,1.3022,1.3037,1.30117,1.30145,20584
2019-12-20 08:00:00+00:00,1.30179,1.30488,1.30145,1.30205,52281
2019-12-20 12:00:00+00:00,1.30183,1.30793,1.3018,1.30484,65050
2019-12-20 16:00:00+00:00,1.3051,1.30565,1.30069,1.30149,48298
2019-12-20 20:00:00+00:00,1.30153,1.30161,1.29812,1.29947,17953
2019-12-22 20:00:00+00:00,1.2999,1.30139,1.29871,1.30059,6792
2019-12-23 00:00:00+00:00,1.30058,1.30163,1.30022,1.30103,17621
2019-12-23 04:00:00+00:00,1.30102,1.30241,1.30056,1.30185,19897
2019-12-23 08:00:00+00:00,1.30241,1.30295,1.29685,1.29816,54999
2019-12-23 12:00:00+00:00,1.2981,1.2981,1.29057,1.29242,87962
2019-12-23 16:00:00+00:00,1.29236,1.29397,1.29129,1.29387,45261
2019-12-23 20:00:00+00:00,1.29391,1.29463,1.29313,1.29433,18205
2019-12-24 00:00:00+00:00,1.29442,1.29467,1.29373,1.29443,20167
2019-12-24 04:00:00+00:00,1.29453,1.29467,1.29227,1.2926,20941
2019-12-24 08:00:00+00:00,1.29273,1.29563,1.29245,1.29473,52290
2019-12-24 12:00:00+00:00,1.29443,1.29629,1.29417,1.29629,45505
2019-12-24 16:00:00+00:00,1.29625,1.29683,1.29526,1.29573,24755
2019-12-26 04:00:00+00:00,1.2996,1.29962,1.29904,1.29904,3365
2019-12-26 08:00:00+00:00,1.2984,1.29917,1.29609,1.29626,31769
2019-12-26 12:00:00+00:00,1.29636,1.29995,1.29634,1.29995,24156
2019-12-26 16:00:00+00:00,1.29994,1.30148,1.29966,1.30056,22146
2019-12-26 20:00:00+00:00,1.30048,1.30051,1.29863,1.30009,15024
2019-12-27 00:00:00+00:00,1.3001,1.3001,1.29703,1.30001,28946
2019-12-27 04:00:00+00:00,1.3,1.30378,1.2993,1.30378,28943
2019-12-27 08:00:00+00:00,1.30413,1.30781,1.30235,1.30781,70292
2019-12-27 12:00:00+00:00,1.30833,1.31166,1.30811,1.30934,70331
2019-12-27 16:00:00+00:00,1.3091,1.31015,1.3084,1.30949,45451
2019-12-27 20:00:00+00:00,1.3091,1.3091,1.30725,1.30802,10812
2019-12-29 20:00:00+00:00,1.3085,1.30974,1.30672,1.30902,4672
2019-12-30 00:00:00+00:00,1.30903,1.31247,1.30901,1.31179,23110
2019-12-30 04:00:00+00:00,1.31146,1.31241,1.31035,1.31206,21651
2019-12-30 08:00:00+00:00,1.3114,1.31244,1.30869,1.31216,48341
2019-12-30 12:00:00+00:00,1.3121,1.31491,1.31096,1.31144,62987
2019-12-30 16:00:00+00:00,1.31195,1.31464,1.31131,1.31151,49799
2019-12-30 20:00:00+00:00,1.31133,1.31188,1.31025,1.31111,24879
2019-12-31 00:00:00+00:00,1.31135,1.31356,1.31121,1.31266,15224
2019-12-31 04:00:00+00:00,1.31275,1.31384,1.31071,1.31384,16971
2019-12-31 08:00:00+00:00,1.31255,1.32092,1.31187,1.32092,76422
2019-12-31 12:00:00+00:00,1.32102,1.32482,1.319,1.32434,71133
2019-12-31 16:00:00+00:00,1.32509,1.32841,1.32286,1.32502,47733
2020-01-02 04:00:00+00:00,1.32214,1.32293,1.32111,1.32197,14885
2020-01-02 08:00:00+00:00,1.32214,1.32297,1.3191,1.31995,54206
2020-01-02 12:00:00+00:00,1.31982,1.32118,1.3136,1.31892,71475
2020-01-02 16:00:00+00:00,1.31883,1.31883,1.31179,1.3129,67624
2020-01-02 20:00:00+00:00,1.31338,1.31473,1.31326,1.31472,22044
2020-01-03 00:00:00+00:00,1.31427,1.31601,1.31233,1.31361,35529
2020-01-03 04:00:00+00:00,1.31352,1.31371,1.30848,1.30915,39790
2020-01-03 08:00:00+00:00,1.309,1.31175,1.30565,1.30589,78228
2020-01-03 12:00:00+00:00,1.30574,1.31078,1.3055,1.30717,67200
2020-01-03 16:00:00+00:00,1.30741,1.30983,1.30733,1.30786,61328
2020-01-03 20:00:00+00:00,1.30764,1.30784,1.30713,1.3077,10243
2020-01-05 20:00:00+00:00,1.30849,1.30849,1.3065,1.30773,8165
2020-01-06 00:00:00+00:00,1.3082,1.309,1.30761,1.3082,14563
2020-01-06 04:00:00+00:00,1.30825,1.30897,1.30688,1.30732,28625
2020-01-06 08:00:00+00:00,1.30796,1.31744,1.3067,1.31567,88766
2020-01-06 12:00:00+00:00,1.31514,1.31617,1.31348,1.31588,54344
2020-01-06 16:00:00+00:00,1.31592,1.31723,1.31529,1.3163,36844
2020-01-06 20:00:00+00:00,1.31628,1.31765,1.31595,1.31715,15185
2020-01-07 00:00:00+00:00,1.3172,1.31765,1.31691,1.31738,13531
2020-01-07 04:00:00+00:00,1.31748,1.31753,1.31413,1.31436,29594
2020-01-07 08:00:00+00:00,1.31494,1.32089,1.31455,1.3147,84145
2020-01-07 12:00:00+00:00,1.31472,1.31472,1.30978,1.31215,83911
2020-01-07 16:00:00+00:00,1.31194,1.3137,1.31086,1.31203,48141
2020-01-07 20:00:00+00:00,1.31213,1.3124,1.31043,1.31138,18095
2020-01-08 00:00:00+00:00,1.3111,1.31391,1.31076,1.3131,40970
2020-01-08 04:00:00+00:00,1.31304,1.31595,1.31165,1.31526,35061
2020-01-08 08:00:00+00:00,1.3149,1.31687,1.30998,1.31085,101443
2020-01-08 12:00:00+00:00,1.31083,1.31333,1.30853,1.31005,78016
2020-01-08 16:00:00+00:00,1.31006,1.31163,1.30838,1.31009,55977
2020-01-08 20:00:00+00:00,1.3101,1.31053,1.30925,1.31053,15102
2020-01-09 00:00:00+00:00,1.31049,1.3114,1.31039,1.3106,16386
2020-01-09 04:00:00+00:00,1.31063,1.31234,1.31025,1.31141,21903
2020-01-09 08:00:00+00:00,1.31121,1.31121,1.30142,1.30195,104481
2020-01-09 12:00:00+00:00,1.30175,1.30662,1.30146,1.30487,68961
2020-01-09 16:00:00+00:00,1.30465,1.30685,1.30439,1.30571,45348
2020-01-09 20:00:00+00:00,1.30584,1.30701,1.30584,1.30695,12375
2020-01-10 00:00:00+00:00,1.30687,1.30718,1.30602,1.30687,11942
2020-01-10 04:00:00+00:00,1.30687,1.30893,1.30567,1.30598,20853
2020-01-10 08:00:00+00:00,1.30637,1.30867,1.30504,1.30733,79324
2020-01-10 12:00:00+00:00,1.30726,1.30932,1.3057,1.30611,74609
2020-01-10 16:00:00+00:00,1.30581,1.30692,1.30475,1.30621,40237
2020-01-10 20:00:00+00:00,1.3062,1.30631,1.30538,1.30584,10704
2020-01-12 20:00:00+00:00,1.30347,1.30442,1.30341,1.30435,4748
2020-01-13 00:00:00+00:00,1.30431,1.30441,1.30316,1.30391,12746
2020-01-13 04:00:00+00:00,1.30389,1.30405,1.29989,1.30012,27541
2020-01-13 08:00:00+00:00,1.29994,1.30062,1.29621,1.29652,73269
2020-01-13 12:00:00+00:00,1.29641,1.29982,1.29629,1.29785,75412
2020-01-13 16:00:00+00:00,1.29784,1.29993,1.2976,1.29987,36640
2020-01-13 20:00:00+00:00,1.2998,1.30022,1.2982,1.2986,16888
2020-01-14 00:00:00+00:00,1.29874,1.30009,1.29874,1.29905,28758
2020-01-14 04:00:00+00:00,1.29902,1.29957,1.2965,1.29791,31233
2020-01-14 08:00:00+00:00,1.29801,1.30118,1.29552,1.29984,64728
2020-01-14 12:00:00+00:00,1.29945,1.30123,1.29746,1.30104,95866
2020-01-14 16:00:00+00:00,1.301,1.30329,1.30005,1.3027,45838
2020-01-14 20:00:00+00:00,1.30267,1.30277,1.30165,1.30212,14753
2020-01-15 00:00:00+00:00,1.30213,1.30243,1.30149,1.30241,15525
2020-01-15 04:00:00+00:00,1.30253,1.3042,1.302,1.302,22671
2020-01-15 08:00:00+00:00,1.30177,1.30275,1.29871,1.30148,74034
2020-01-15 12:00:00+00:00,1.3011,1.3034,1.30013,1.30225,79252
2020-01-15 16:00:00+00:00,1.3024,1.30374,1.302,1.30253,46318
2020-01-15 20:00:00+00:00,1.30243,1.30568,1.3023,1.30397,19498
2020-01-16 00:00:00+00:00,1.30402,1.30501,1.30397,1.3047,14624
2020-01-16 04:00:00+00:00,1.3047,1.30518,1.30346,1.30373,23829
2020-01-16 08:00:00+00:00,1.30376,1.30641,1.30272,1.30603,58176
2020-01-16 12:00:00+00:00,1.30622,1.30737,1.30322,1.30633,87911
2020-01-16 16:00:00+00:00,1.30645,1.30823,1.30594,1.30676,50552
2020-01-16 20:00:00+00:00,1.30675,1.30784,1.30675,1.30764,12010
2020-01-17 00:00:00+00:00,1.30761,1.30798,1.30646,1.30744,17424
2020-01-17 04:00:00+00:00,1.30736,1.30893,1.30696,1.30812,20428
2020-01-17 08:00:00+00:00,1.30833,1.31159,1.30287,1.30364,95098
2020-01-17 12:00:00+00:00,1.30373,1.30573,1.3018,1.30301,77484
2020-01-17 16:00:00+00:00,1.30294,1.30307,1.30142,1.30171,34726
2020-01-17 20:00:00+00:00,1.30151,1.30203,1.30045,1.30045,9455
2020-01-19 20:00:00+00:00,1.29939,1.30075,1.29939,1.30056,4881
2020-01-20 00:00:00+00:00,1.30072,1.30084,1.29999,1.30042,13269
2020-01-20 04:00:00+00:00,1.30043,1.30043,1.29751,1.2977,18929
2020-01-20 08:00:00+00:00,1.29772,1.30021,1.29622,1.29972,48534
2020-01-20 12:00:00+00:00,1.29941,1.3008,1.29835,1.29965,40762
2020-01-20 16:00:00+00:00,1.29977,1.30039,1.29955,1.30028,16951
2020-01-20 20:00:00+00:00,1.30028,1.30116,1.30024,1.30038,19052
2020-01-21 00:00:00+00:00,1.30035,1.3014,1.29961,1.30133,18452
2020-01-21 04:00:00+00:00,1.30127,1.30205,1.30022,1.30066,20639
2020-01-21 08:00:00+00:00,1.30084,1.30615,1.2996,1.30586,66359
2020-01-21 12:00:00+00:00,1.30602,1.30803,1.30466,1.30578,68277
2020-01-21 16:00:00+00:00,1.3058,1.30612,1.30402,1.305,41481
2020-01-21 20:00:00+00:00,1.305,1.305,1.3039,1.30453,15636
2020-01-22 00:00:00+00:00,1.30495,1.30533,1.30357,1.30377,15930
2020-01-22 04:00:00+00:00,1.30371,1.30673,1.30371,1.3055,23870
2020-01-22 08:00:00+00:00,1.30485,1.30999,1.3038,1.30948,70781
2020-01-22 12:00:00+00:00,1.31,1.31528,1.30973,1.31409,99576
2020-01-22 16:00:00+00:00,1.31431,1.31431,1.31208,1.31345,48740
2020-01-22 20:00:00+00:00,1.31363,1.31451,1.31332,1.31439,12695
2020-01-23 00:00:00+00:00,1.31441,1.315,1.31317,1.31317,16890
2020-01-23 04:00:00+00:00,1.31315,1.3146,1.31195,1.3146,24032
2020-01-23 08:00:00+00:00,1.31434,1.3145,1.31197,1.31257,46951
2020-01-23 12:00:00+00:00,1.31191,1.31359,1.31029,1.31202,92781
2020-01-23 16:00:00+00:00,1.3111,1.31174,1.30974,1.31174,36237
2020-01-23 20:00:00+00:00,1.31171,1.31281,1.31151,1.31188,11681
2020-01-24 00:00:00+00:00,1.31192,1.31241,1.31121,1.31227,13708
2020-01-24 04:00:00+00:00,1.3124,1.31373,1.31169,1.31262,19906
2020-01-24 08:00:00+00:00,1.31238,1.31529,1.30801,1.30887,107419
2020-01-24 12:00:00+00:00,1.30849,1.31065,1.30575,1.30675,76289
2020-01-24 16:00:00+00:00,1.30678,1.3084,1.30623,1.30797,40208
2020-01-24 20:00:00+00:00,1.3079,1.30802,1.30687,1.30687,7591
2020-01-26 20:00:00+00:00,1.30682,1.3076,1.30613,1.30613,11542
2020-01-27 00:00:00+00:00,1.30633,1.30737,1.30518,1.30579,15956
2020-01-27 04:00:00+00:00,1.3057,1.308,1.3055,1.308,19814
2020-01-27 08:00:00+00:00,1.30809,1.31025,1.30633,1.30851,54732
2020-01-27 12:00:00+00:00,1.30823,1.30823,1.3054,1.30554,67905
2020-01-27 16:00:00+00:00,1.30543,1.30597,1.30417,1.30487,34340
2020-01-27 20:00:00+00:00,1.30475,1.30594,1.30475,1.30593,13198
2020-01-28 00:00:00+00:00,1.30591,1.30651,1.30538,1.30557,12053
2020-01-28 04:00:00+00:00,1.30561,1.30587,1.30242,1.30242,19115
2020-01-28 08:00:00+00:00,1.30259,1.30321,1.30051,1.30134,56850
2020-01-28 12:00:00+00:00,1.30133,1.30193,1.29763,1.2984,66041
2020-01-28 16:00:00+00:00,1.29803,1.30085,1.29803,1.30075,34324
2020-01-28 20:00:00+00:00,1.30082,1.30289,1.30082,1.30232,15734
2020-01-29 00:00:00+00:00,1.30237,1.30273,1.30153,1.3019,14105
2020-01-29 04:00:00+00:00,1.30182,1.3026,1.30085,1.30099,16590
2020-01-29 08:00:00+00:00,1.30061,1.30259,1.30059,1.3015,40141
2020-01-29 12:00:00+00:00,1.3015,1.30202,1.299,1.3002,54241
2020-01-29 16:00:00+00:00,1.30036,1.30251,1.29983,1.30234,34513
2020-01-29 20:00:00+00:00,1.30194,1.30216,1.30035,1.30212,15634
2020-01-30 00:00:00+00:00,1.3022,1.30252,1.30141,1.30164,12589
2020-01-30 04:00:00+00:00,1.30178,1.30178,1.29966,1.29996,17755
2020-01-30 08:00:00+00:00,1.30005,1.30601,1.29784,1.30601,54801
2020-01-30 12:00:00+00:00,1.30669,1.31049,1.30568,1.31002,123411
2020-01-30 16:00:00+00:00,1.31033,1.31094,1.30802,1.30842,47904
2020-01-30 20:00:00+00:00,1.30829,1.30949,1.3081,1.3085,20256
2020-01-31 00:00:00+00:00,1.30841,1.31044,1.30841,1.3094,16355
2020-01-31 04:00:00+00:00,1.30948,1.31281,1.30932,1.31281,23370
2020-01-31 08:00:00+00:00,1.31259,1.31402,1.31004,1.31264,53963
2020-01-31 12:00:00+00:00,1.31264,1.31824,1.31212,1.31824,80677
2020-01-31 16:00:00+00:00,1.31841,1.32013,1.31784,1.31998,54525
2020-01-31 20:00:00+00:00,1.3201,1.32086,1.31982,1.32009,16495
2020-02-02 20:00:00+00:00,1.31736,1.31834,1.31736,1.3181,5700
2020-02-03 00:00:00+00:00,1.31805,1.31825,1.31565,1.31583,22540
2020-02-03 04:00:00+00:00,1.31588,1.31694,1.31407,1.31434,25125
2020-02-03 08:00:00+00:00,1.31467,1.31495,1.30475,1.30602,85658
2020-02-03 12:00:00+00:00,1.30576,1.30642,1.30053,1.30126,81618
2020-02-03 16:00:00+00:00,1.30136,1.30163,1.29839,1.29982,47054
2020-02-03 20:00:00+00:00,1.29987,1.3001,1.29881,1.29967,15989
2020-02-04 00:00:00+00:00,1.29953,1.30024,1.29815,1.29993,19093
2020-02-04 04:00:00+00:00,1.29994,1.30217,1.29425,1.29453,40512
2020-02-04 08:00:00+00:00,1.29481,1.30197,1.29481,1.30131,72179
2020-02-04 12:00:00+00:00,1.30135,1.30422,1.30083,1.30253,83537
2020-02-04 16:00:00+00:00,1.30242,1.30441,1.30197,1.30368,31176
2020-02-04 20:00:00+00:00,1.30368,1.3038,1.3027,1.30302,12094
2020-02-05 00:00:00+00:00,1.30308,1.30326,1.30128,1.30223,17502
2020-02-05 04:00:00+00:00,1.30223,1.30373,1.30103,1.30373,18953
2020-02-05 08:00:00+00:00,1.30373,1.30685,1.3035,1.30603,74811
2020-02-05 12:00:00+00:00,1.30593,1.30593,1.29591,1.29839,98851
2020-02-05 16:00:00+00:00,1.29835,1.3009,1.2981,1.2988,35136
2020-02-05 20:00:00+00:00,1.29886,1.30008,1.29866,1.29953,12840
2020-02-06 00:00:00+00:00,1.29956,1.29957,1.29828,1.29857,13287
2020-02-06 04:00:00+00:00,1.29853,1.29951,1.29721,1.29814,24031
2020-02-06 08:00:00+00:00,1.29839,1.29967,1.29528,1.29632,58424
2020-02-06 12:00:00+00:00,1.29579,1.29779,1.2923,1.2928,69269
2020-02-06 16:00:00+00:00,1.29313,1.29421,1.29221,1.29233,34725
2020-02-06 20:00:00+00:00,1.29241,1.2932,1.29233,1.29301,13394
2020-02-07 00:00:00+00:00,1.29293,1.2944,1.2927,1.29379,18765
2020-02-07 04:00:00+00:00,1.29388,1.29458,1.29331,1.2934,35650
2020-02-07 08:00:00+00:00,1.29333,1.2943,1.29221,1.29313,61797
2020-02-07 12:00:00+00:00,1.29312,1.29549,1.29231,1.29392,86946
2020-02-07 16:00:00+00:00,1.29377,1.29377,1.28872,1.28872,41004
2020-02-07 20:00:00+00:00,1.28873,1.2892,1.28819,1.28829,8186
2020-02-09 20:00:00+00:00,1.28923,1.28923,1.28851,1.28897,6037
2020-02-10 00:00:00+00:00,1.28884,1.29026,1.28884,1.28961,16423
2020-02-10 04:00:00+00:00,1.28955,1.29077,1.28723,1.28743,23144
2020-02-10 08:00:00+00:00,1.28767,1.29357,1.28759,1.29235,74241
2020-02-10 12:00:00+00:00,1.29207,1.29441,1.29155,1.29237,71978
2020-02-10 16:00:00+00:00,1.29239,1.29242,1.29082,1.2916,33834
2020-02-10 20:00:00+00:00,1.29154,1.29163,1.29083,1.29158,15826
2020-02-11 00:00:00+00:00,1.29148,1.29209,1.29106,1.29175,15433
2020-02-11 04:00:00+00:00,1.29165,1.29177,1.28985,1.29066,23104
2020-02-11 08:00:00+00:00,1.29046,1.294,1.28956,1.29297,65976
2020-02-11 12:00:00+00:00,1.29246,1.29664,1.29233,1.29452,79558
2020-02-11 16:00:00+00:00,1.29445,1.29665,1.29386,1.29636,44240
2020-02-11 20:00:00+00:00,1.29603,1.29604,1.2949,1.29561,13589
2020-02-12 00:00:00+00:00,1.29559,1.29688,1.29526,1.29596,19376
2020-02-12 04:00:00+00:00,1.29593,1.29691,1.29524,1.29654,26086
2020-02-12 08:00:00+00:00,1.29642,1.29886,1.29608,1.29841,58196
2020-02-12 12:00:00+00:00,1.29828,1.29911,1.29548,1.29745,64943
2020-02-12 16:00:00+00:00,1.29768,1.29783,1.29591,1.29592,44726
2020-02-12 20:00:00+00:00,1.29593,1.29614,1.2952,1.29577,16853
2020-02-13 00:00:00+00:00,1.29588,1.29645,1.29526,1.29535,22349
2020-02-13 04:00:00+00:00,1.29536,1.29784,1.29447,1.29784,27483
2020-02-13 08:00:00+00:00,1.29761,1.29882,1.29572,1.29838,71486
2020-02-13 12:00:00+00:00,1.29819,1.30691,1.29798,1.30553,106978
2020-02-13 16:00:00+00:00,1.30554,1.30612,1.3044,1.30541,40325
2020-02-13 20:00:00+00:00,1.30507,1.30534,1.30376,1.30453,14288
2020-02-14 00:00:00+00:00,1.30455,1.30491,1.30404,1.30417,17628
2020-02-14 04:00:00+00:00,1.30412,1.30603,1.30406,1.30573,19641
2020-02-14 08:00:00+00:00,1.30534,1.30607,1.30203,1.30305,59747
2020-02-14 12:00:00+00:00,1.3031,1.30344,1.30029,1.30155,66621
2020-02-14 16:00:00+00:00,1.30131,1.3048,1.30111,1.3032,32115
2020-02-14 20:00:00+00:00,1.30318,1.30513,1.30309,1.30433,10038
2020-02-16 20:00:00+00:00,1.304,1.30535,1.3036,1.30514,4479
2020-02-17 00:00:00+00:00,1.30493,1.30497,1.30412,1.30454,14695
2020-02-17 04:00:00+00:00,1.30453,1.30504,1.30295,1.30364,19347
2020-02-17 08:00:00+00:00,1.30357,1.30511,1.30104,1.30164,42812
2020-02-17 12:00:00+00:00,1.30153,1.30195,1.30038,1.30065,34876
2020-02-17 16:00:00+00:00,1.30041,1.3015,1.29988,1.3001,25442
2020-02-17 20:00:00+00:00,1.30023,1.30066,1.29994,1.30054,15412
2020-02-18 00:00:00+00:00,1.30038,1.30056,1.29926,1.3003,18686
2020-02-18 04:00:00+00:00,1.30033,1.30043,1.29858,1.2998,23671
2020-02-18 08:00:00+00:00,1.29955,1.30461,1.2971,1.30407,78580
2020-02-18 12:00:00+00:00,1.30386,1.30431,1.30172,1.30359,68289
2020-02-18 16:00:00+00:00,1.30374,1.30374,1.29954,1.29991,39474
2020-02-18 20:00:00+00:00,1.29992,1.30043,1.29951,1.2999,15186
2020-02-19 00:00:00+00:00,1.2999,1.30032,1.29958,1.29983,18462
2020-02-19 04:00:00+00:00,1.29982,1.30113,1.29891,1.30062,21343
2020-02-19 08:00:00+00:00,1.30042,1.30211,1.29741,1.29871,72007
2020-02-19 12:00:00+00:00,1.29853,1.2998,1.29255,1.29505,70747
2020-02-19 16:00:00+00:00,1.29515,1.2952,1.2908,1.29194,40636
2020-02-19 20:00:00+00:00,1.292,1.29285,1.29139,1.29259,18457
2020-02-20 00:00:00+00:00,1.29254,1.29282,1.2901,1.29082,26068
2020-02-20 04:00:00+00:00,1.29055,1.29133,1.28851,1.2899,31392
2020-02-20 08:00:00+00:00,1.28928,1.29241,1.28523,1.28707,79352
2020-02-20 12:00:00+00:00,1.28711,1.28837,1.28545,1.28806,74838
2020-02-20 16:00:00+00:00,1.28827,1.28879,1.28723,1.28805,44770
2020-02-20 20:00:00+00:00,1.28804,1.2886,1.28755,1.28807,15114
2020-02-21 00:00:00+00:00,1.28808,1.28939,1.28797,1.28939,22979
2020-02-21 04:00:00+00:00,1.28929,1.29015,1.28867,1.2889,28497
2020-02-21 08:00:00+00:00,1.28896,1.29475,1.28862,1.29474,93914
2020-02-21 12:00:00+00:00,1.29423,1.29755,1.29257,1.29624,92208
2020-02-21 16:00:00+00:00,1.29596,1.29804,1.29584,1.29735,41019
2020-02-21 20:00:00+00:00,1.29736,1.29747,1.2954,1.2954,13448
2020-02-23 20:00:00+00:00,1.29449,1.29545,1.2943,1.29517,7829
2020-02-24 00:00:00+00:00,1.29509,1.29531,1.29343,1.29343,20710
2020-02-24 04:00:00+00:00,1.29344,1.29535,1.29342,1.29415,36312
2020-02-24 08:00:00+00:00,1.29366,1.29401,1.2893,1.29043,85283
2020-02-24 12:00:00+00:00,1.28981,1.29318,1.28878,1.29234,88173
2020-02-24 16:00:00+00:00,1.29258,1.2937,1.2914,1.2914,52724
2020-02-24 20:00:00+00:00,1.29151,1.29313,1.29133,1.29241,26767
2020-02-25 00:00:00+00:00,1.29233,1.29418,1.29148,1.29385,26678
2020-02-25 04:00:00+00:00,1.29383,1.29567,1.2928,1.29541,32812
2020-02-25 08:00:00+00:00,1.2959,1.29942,1.29454,1.29657,92639
2020-02-25 12:00:00+00:00,1.29654,1.30164,1.29531,1.30158,100304
2020-02-25 16:00:00+00:00,1.30158,1.30158,1.29962,1.29997,61483
2020-02-25 20:00:00+00:00,1.30006,1.30058,1.29937,1.30024,22473
2020-02-26 00:00:00+00:00,1.30012,1.30077,1.29923,1.29925,27333
2020-02-26 04:00:00+00:00,1.29922,1.2998,1.29781,1.29852,38839
2020-02-26 08:00:00+00:00,1.29856,1.2991,1.29251,1.2934,97727
2020-02-26 12:00:00+00:00,1.29343,1.29419,1.29144,1.29166,102666
2020-02-26 16:00:00+00:00,1.29193,1.29293,1.2902,1.2911,66501
2020-02-26 20:00:00+00:00,1.29123,1.29141,1.28946,1.29059,29104
2020-02-27 00:00:00+00:00,1.29052,1.29273,1.29042,1.29235,39030
2020-02-27 04:00:00+00:00,1.29243,1.29365,1.29174,1.29217,43376
2020-02-27 08:00:00+00:00,1.29192,1.29461,1.28622,1.28704,108308
2020-02-27 12:00:00+00:00,1.28691,1.29167,1.28628,1.28725,135897
2020-02-27 16:00:00+00:00,1.28739,1.28939,1.28656,1.28927,79182
2020-02-27 20:00:00+00:00,1.28904,1.28945,1.2876,1.28876,30441
2020-02-28 00:00:00+00:00,1.28894,1.28965,1.28707,1.28742,34897
2020-02-28 04:00:00+00:00,1.28733,1.28945,1.28599,1.28628,55738
2020-02-28 08:00:00+00:00,1.28675,1.29188,1.28627,1.2883,127494
2020-02-28 12:00:00+00:00,1.28819,1.28905,1.27622,1.27736,137104
2020-02-28 16:00:00+00:00,1.27757,1.28063,1.2728,1.27919,136271
2020-02-28 20:00:00+00:00,1.27925,1.28323,1.27902,1.28132,32584
2020-03-01 20:00:00+00:00,1.27952,1.28191,1.27889,1.28044,15040
2020-03-02 00:00:00+00:00,1.28035,1.28364,1.27951,1.28364,43337
2020-03-02 04:00:00+00:00,1.28252,1.28502,1.28064,1.28064,63081
2020-03-02 08:00:00+00:00,1.28065,1.28094,1.27523,1.27825,147651
2020-03-02 12:00:00+00:00,1.27792,1.27883,1.27448,1.27468,153698
2020-03-02 16:00:00+00:00,1.27456,1.28234,1.27456,1.2776,95766
2020-03-02 20:00:00+00:00,1.27728,1.27745,1.27406,1.27664,29830
2020-03-03 00:00:00+00:00,1.27655,1.27803,1.27591,1.27755,27632
2020-03-03 04:00:00+00:00,1.27749,1.28029,1.27745,1.27991,44508
2020-03-03 08:00:00+00:00,1.27999,1.28108,1.27628,1.27871,122443
2020-03-03 12:00:00+00:00,1.27867,1.28288,1.27685,1.28183,201886
2020-03-03 16:00:00+00:00,1.28142,1.28431,1.27949,1.28111,114389
2020-03-03 20:00:00+00:00,1.28099,1.28298,1.28055,1.28198,28433
2020-03-04 00:00:00+00:00,1.28196,1.283,1.281,1.28132,23996
2020-03-04 04:00:00+00:00,1.28131,1.2819,1.27831,1.27922,28601
2020-03-04 08:00:00+00:00,1.27933,1.28043,1.27702,1.27941,109508
2020-03-04 12:00:00+00:00,1.27964,1.28314,1.27964,1.28198,128483
2020-03-04 16:00:00+00:00,1.28169,1.28714,1.28,1.28674,70587
2020-03-04 20:00:00+00:00,1.28666,1.28726,1.28634,1.2871,14462
2020-03-05 00:00:00+00:00,1.28709,1.28747,1.28609,1.287,15561
2020-03-05 04:00:00+00:00,1.287,1.28888,1.28681,1.28742,24481
2020-03-05 08:00:00+00:00,1.28709,1.293,1.28709,1.2922,85630
2020-03-05 12:00:00+00:00,1.29254,1.29361,1.2901,1.29268,105864
2020-03-05 16:00:00+00:00,1.29228,1.29493,1.29193,1.29444,65537
2020-03-05 20:00:00+00:00,1.29453,1.29675,1.29402,1.2949,28596
2020-03-06 00:00:00+00:00,1.29508,1.29637,1.295,1.29592,30866
2020-03-06 04:00:00+00:00,1.29594,1.29766,1.29497,1.29755,36946
2020-03-06 08:00:00+00:00,1.29726,1.30256,1.29615,1.30107,145072
2020-03-06 12:00:00+00:00,1.30083,1.30461,1.29883,1.30291,193855
2020-03-06 16:00:00+00:00,1.30312,1.30417,1.29915,1.30145,95071
2020-03-06 20:00:00+00:00,1.30135,1.30522,1.30135,1.30449,31893
2020-03-08 20:00:00+00:00,1.3075,1.31044,1.30744,1.30962,32045
2020-03-09 00:00:00+00:00,1.30952,1.31091,1.30613,1.30781,93035
2020-03-09 04:00:00+00:00,1.30755,1.3199,1.30364,1.319,136156
2020-03-09 08:00:00+00:00,1.31812,1.31853,1.30651,1.30959,192805
2020-03-09 12:00:00+00:00,1.30965,1.31488,1.30851,1.30988,244047
2020-03-09 16:00:00+00:00,1.31016,1.31397,1.3093,1.31041,165222
2020-03-09 20:00:00+00:00,1.31061,1.31276,1.30721,1.30726,31821
2020-03-10 00:00:00+00:00,1.30717,1.3086,1.30453,1.30604,59189
2020-03-10 04:00:00+00:00,1.30604,1.30721,1.30201,1.30662,108746
2020-03-10 08:00:00+00:00,1.30731,1.30755,1.30229,1.30375,181951
2020-03-10 12:00:00+00:00,1.30352,1.30451,1.29327,1.29327,210388
2020-03-10 16:00:00+00:00,1.29418,1.2946,1.28939,1.29042,152922
2020-03-10 20:00:00+00:00,1.29034,1.29186,1.28705,1.2905,26582
2020-03-11 00:00:00+00:00,1.29067,1.2923,1.28988,1.2918,34190
2020-03-11 04:00:00+00:00,1.2918,1.29372,1.28507,1.28995,89563
2020-03-11 08:00:00+00:00,1.29031,1.29751,1.29031,1.29176,104553
2020-03-11 12:00:00+00:00,1.29156,1.29633,1.28853,1.28859,160925
2020-03-11 16:00:00+00:00,1.28813,1.28841,1.28054,1.28054,126275
2020-03-11 20:00:00+00:00,1.28091,1.28262,1.28057,1.28174,20554
2020-03-12 00:00:00+00:00,1.28164,1.28485,1.28156,1.28239,65067
2020-03-12 04:00:00+00:00,1.28257,1.28257,1.27823,1.2816,73165
2020-03-12 08:00:00+00:00,1.28125,1.2827,1.27204,1.27308,123018
2020-03-12 12:00:00+00:00,1.27357,1.27468,1.25396,1.25396,284928
2020-03-12 16:00:00+00:00,1.25348,1.26383,1.24957,1.25977,220384
2020-03-12 20:00:00+00:00,1.25951,1.26106,1.25482,1.25719,57431
2020-03-13 00:00:00+00:00,1.25672,1.25672,1.25092,1.25534,103158
2020-03-13 04:00:00+00:00,1.25563,1.2595,1.25377,1.25769,127876
2020-03-13 08:00:00+00:00,1.25743,1.26238,1.25066,1.25186,132071
2020-03-13 12:00:00+00:00,1.25145,1.25226,1.24015,1.24063,265814
2020-03-13 16:00:00+00:00,1.23974,1.2407,1.22767,1.23578,191164
2020-03-13 20:00:00+00:00,1.2351,1.23571,1.22712,1.2277,20446
2020-03-15 20:00:00+00:00,1.2266,1.24216,1.2266,1.23971,54218
2020-03-16 00:00:00+00:00,1.23979,1.23979,1.22842,1.23432,92132
2020-03-16 04:00:00+00:00,1.23435,1.237,1.22856,1.23,100751
2020-03-16 08:00:00+00:00,1.23173,1.23715,1.22624,1.23312,210404
2020-03-16 12:00:00+00:00,1.23271,1.23372,1.2216,1.22769,292262
2020-03-16 16:00:00+00:00,1.22734,1.23,1.22036,1.22591,187535
2020-03-16 20:00:00+00:00,1.22541,1.2274,1.22321,1.22647,130130
2020-03-17 00:00:00+00:00,1.22639,1.22639,1.22318,1.22631,215978
2020-03-17 04:00:00+00:00,1.22632,1.22653,1.21945,1.21945,148109
2020-03-17 08:00:00+00:00,1.22043,1.22357,1.20849,1.21107,185856
2020-03-17 12:00:00+00:00,1.2111,1.21125,1.20074,1.2015,287659
2020-03-17 16:00:00+00:00,1.20171,1.21136,1.20039,1.20834,146268
2020-03-17 20:00:00+00:00,1.20826,1.21202,1.20438,1.21161,38864
2020-03-18 00:00:00+00:00,1.21115,1.2129,1.20997,1.21143,51026
2020-03-18 04:00:00+00:00,1.21142,1.21191,1.20242,1.20279,89034
2020-03-18 08:00:00+00:00,1.20253,1.20656,1.18747,1.1918,233802
2020-03-18 12:00:00+00:00,1.19053,1.19053,1.17458,1.17626,250936
2020-03-18 16:00:00+00:00,1.17511,1.17663,1.14878,1.15737,227438
2020-03-18 20:00:00+00:00,1.15733,1.1658,1.14998,1.1608,64818
2020-03-19 00:00:00+00:00,1.16108,1.16206,1.14751,1.15025,100121
2020-03-19 04:00:00+00:00,1.15012,1.15983,1.14784,1.14855,103641
2020-03-19 08:00:00+00:00,1.1488,1.15879,1.14748,1.154,218054
2020-03-19 12:00:00+00:00,1.15352,1.17845,1.15352,1.16606,348852
2020-03-19 16:00:00+00:00,1.16547,1.16931,1.14961,1.15379,230712
2020-03-19 20:00:00+00:00,1.15358,1.15403,1.14105,1.149,70661
2020-03-20 00:00:00+00:00,1.14901,1.16584,1.14801,1.1625,60332
2020-03-20 04:00:00+00:00,1.162,1.18624,1.1611,1.18123,148719
2020-03-20 08:00:00+00:00,1.18175,1.18778,1.17157,1.17486,217531
2020-03-20 12:00:00+00:00,1.17448,1.19254,1.17208,1.17407,295223
2020-03-20 16:00:00+00:00,1.17442,1.1751,1.15571,1.15852,159146
2020-03-20 20:00:00+00:00,1.1597,1.16587,1.15571,1.16587,14178
2020-03-22 20:00:00+00:00,1.167,1.16759,1.15353,1.16158,45883
2020-03-23 00:00:00+00:00,1.16053,1.16557,1.15889,1.16474,70819
2020-03-23 04:00:00+00:00,1.16533,1.171,1.16144,1.16468,154201
2020-03-23 08:00:00+00:00,1.16481,1.16481,1.15072,1.1516,203934
2020-03-23 12:00:00+00:00,1.15496,1.16722,1.14843,1.14896,280283
2020-03-23 16:00:00+00:00,1.1492,1.15571,1.14514,1.14722,217165
2020-03-23 20:00:00+00:00,1.14807,1.1596,1.14807,1.1596,50127
2020-03-24 00:00:00+00:00,1.15918,1.16548,1.15797,1.16274,87343
2020-03-24 04:00:00+00:00,1.16301,1.16912,1.16037,1.16431,110686
2020-03-24 08:00:00+00:00,1.16409,1.17885,1.16351,1.1748,129235
2020-03-24 12:00:00+00:00,1.17316,1.17892,1.1685,1.1783,255714
2020-03-24 16:00:00+00:00,1.17784,1.17982,1.17135,1.17452,173356
2020-03-24 20:00:00+00:00,1.1743,1.17942,1.17272,1.17888,29845
2020-03-25 00:00:00+00:00,1.17849,1.18159,1.17542,1.18005,49736
2020-03-25 04:00:00+00:00,1.18009,1.1855,1.17882,1.18371,57201
2020-03-25 08:00:00+00:00,1.18332,1.19722,1.18185,1.18821,141395
2020-03-25 12:00:00+00:00,1.18814,1.18898,1.16464,1.1758,228831
2020-03-25 16:00:00+00:00,1.1766,1.19153,1.17533,1.18754,148499
2020-03-25 20:00:00+00:00,1.18832,1.19146,1.1778,1.18469,91140
2020-03-26 00:00:00+00:00,1.18433,1.18792,1.18201,1.186,75502
2020-03-26 04:00:00+00:00,1.18616,1.19344,1.18196,1.19344,44032
2020-03-26 08:00:00+00:00,1.1935,1.19977,1.18751,1.1962,111045
2020-03-26 12:00:00+00:00,1.19627,1.2138,1.19343,1.21362,205752
2020-03-26 16:00:00+00:00,1.21245,1.22268,1.21198,1.22268,143159
2020-03-26 20:00:00+00:00,1.22178,1.22178,1.21303,1.21915,51870
2020-03-27 00:00:00+00:00,1.21863,1.23016,1.21662,1.22893,57271
2020-03-27 04:00:00+00:00,1.22696,1.22846,1.21816,1.2202,69525
2020-03-27 08:00:00+00:00,1.2215,1.22948,1.21529,1.22208,123689
2020-03-27 12:00:00+00:00,1.22209,1.23799,1.22084,1.23583,188770
2020-03-27 16:00:00+00:00,1.23535,1.2481,1.23413,1.24657,168405
2020-03-27 20:00:00+00:00,1.24509,1.24729,1.24491,1.24491,10161
2020-03-29 20:00:00+00:00,1.24454,1.24537,1.23925,1.24505,24072
2020-03-30 00:00:00+00:00,1.24517,1.24651,1.23623,1.23772,38113
2020-03-30 04:00:00+00:00,1.23762,1.24267,1.23183,1.23521,71296
2020-03-30 08:00:00+00:00,1.2349,1.24391,1.23454,1.24272,101508
2020-03-30 12:00:00+00:00,1.24257,1.24332,1.23728,1.23913,156016
2020-03-30 16:00:00+00:00,1.2386,1.24208,1.2354,1.24177,84899
2020-03-30 20:00:00+00:00,1.24121,1.24271,1.23461,1.23678,31349
2020-03-31 00:00:00+00:00,1.23677,1.23875,1.22644,1.23422,61804
2020-03-31 04:00:00+00:00,1.23406,1.23631,1.22854,1.23172,67216
2020-03-31 08:00:00+00:00,1.23171,1.23723,1.23103,1.23504,108397
2020-03-31 12:00:00+00:00,1.23502,1.24679,1.2346,1.24498,209995
2020-03-31 16:00:00+00:00,1.24511,1.24511,1.23589,1.2432,143915
2020-03-31 20:00:00+00:00,1.2419,1.24428,1.2395,1.24045,17207
2020-04-01 00:00:00+00:00,1.24074,1.24243,1.23642,1.23782,49897
2020-04-01 04:00:00+00:00,1.23766,1.23915,1.23342,1.23537,68163
2020-04-01 08:00:00+00:00,1.23602,1.23977,1.23372,1.2382,84799
2020-04-01 12:00:00+00:00,1.23737,1.24379,1.23584,1.23917,111089
2020-04-01 16:00:00+00:00,1.23974,1.24116,1.23682,1.23951,75628
2020-04-01 20:00:00+00:00,1.23967,1.24001,1.2365,1.23796,21533
2020-04-02 00:00:00+00:00,1.23801,1.24072,1.23745,1.23845,26281
2020-04-02 04:00:00+00:00,1.23829,1.24302,1.23795,1.24063,42566
2020-04-02 08:00:00+00:00,1.24058,1.24664,1.23884,1.24283,83356
2020-04-02 12:00:00+00:00,1.24263,1.2449,1.23524,1.23762,153554
2020-04-02 16:00:00+00:00,1.23771,1.24019,1.23515,1.23958,88842
2020-04-02 20:00:00+00:00,1.23952,1.2418,1.23821,1.23905,15998
2020-04-03 00:00:00+00:00,1.23897,1.23897,1.23699,1.23706,27851
2020-04-03 04:00:00+00:00,1.23706,1.23927,1.23258,1.23408,53293
2020-04-03 08:00:00+00:00,1.23394,1.23436,1.22623,1.22891,88702
2020-04-03 12:00:00+00:00,1.22898,1.22932,1.22072,1.22242,113833
2020-04-03 16:00:00+00:00,1.22235,1.22862,1.22229,1.22626,76646
2020-04-03 20:00:00+00:00,1.226,1.22786,1.22577,1.22631,7950
2020-04-05 20:00:00+00:00,1.22328,1.22624,1.22143,1.22169,14538
2020-04-06 00:00:00+00:00,1.22177,1.2252,1.2212,1.22355,31546
2020-04-06 04:00:00+00:00,1.22343,1.23176,1.22161,1.23129,47543
2020-04-06 08:00:00+00:00,1.23104,1.23243,1.22753,1.23118,71375
2020-04-06 12:00:00+00:00,1.23186,1.23186,1.22523,1.22954,92311
2020-04-06 16:00:00+00:00,1.22949,1.23167,1.22148,1.22448,78034
2020-04-06 20:00:00+00:00,1.22458,1.22536,1.21784,1.22312,28411
2020-04-07 00:00:00+00:00,1.22329,1.22735,1.22192,1.22625,26034
2020-04-07 04:00:00+00:00,1.22623,1.23478,1.22587,1.23395,61365
2020-04-07 08:00:00+00:00,1.2337,1.23539,1.22819,1.23474,95575
2020-04-07 12:00:00+00:00,1.23537,1.23803,1.22948,1.23421,110221
2020-04-07 16:00:00+00:00,1.23432,1.23553,1.23204,1.23427,73536
2020-04-07 20:00:00+00:00,1.2343,1.23519,1.23273,1.23361,15339
2020-04-08 00:00:00+00:00,1.23337,1.234,1.23102,1.23102,20746
2020-04-08 04:00:00+00:00,1.23101,1.23414,1.22892,1.23163,46102
2020-04-08 08:00:00+00:00,1.23134,1.23671,1.22987,1.23588,65693
2020-04-08 12:00:00+00:00,1.23551,1.24179,1.23535,1.23925,97573
2020-04-08 16:00:00+00:00,1.23877,1.24164,1.23743,1.23743,53582
2020-04-08 20:00:00+00:00,1.23782,1.23924,1.23703,1.23905,13281
2020-04-09 00:00:00+00:00,1.23905,1.24182,1.23859,1.23956,27506
2020-04-09 04:00:00+00:00,1.23965,1.24091,1.23617,1.24035,39405
2020-04-09 08:00:00+00:00,1.24055,1.24421,1.23937,1.24141,69050
2020-04-09 12:00:00+00:00,1.24161,1.24746,1.24005,1.24544,106719
2020-04-09 16:00:00+00:00,1.24507,1.24825,1.24416,1.24713,83225
2020-04-09 20:00:00+00:00,1.24698,1.24729,1.24485,1.24507,19751
2020-04-10 00:00:00+00:00,1.24534,1.24663,1.24458,1.24636,12105
2020-04-10 04:00:00+00:00,1.24635,1.24762,1.24616,1.24726,7595
2020-04-10 08:00:00+00:00,1.24729,1.24857,1.2461,1.248,10072
2020-04-10 12:00:00+00:00,1.24814,1.24836,1.24687,1.2481,10520
2020-04-10 16:00:00+00:00,1.24812,1.24832,1.24621,1.24705,7075
2020-04-10 20:00:00+00:00,1.2471,1.24776,1.24655,1.24655,996
2020-04-12 20:00:00+00:00,1.24491,1.24718,1.24491,1.24588,8106
2020-04-13 00:00:00+00:00,1.24579,1.24701,1.24539,1.24679,15279
2020-04-13 04:00:00+00:00,1.2468,1.25323,1.24669,1.25057,27525
2020-04-13 08:00:00+00:00,1.25069,1.25156,1.24763,1.24948,33334
2020-04-13 12:00:00+00:00,1.24939,1.25258,1.24787,1.2516,47130
2020-04-13 16:00:00+00:00,1.25165,1.25312,1.25113,1.25168,35208
2020-04-13 20:00:00+00:00,1.25173,1.25287,1.25005,1.25203,9767
2020-04-14 00:00:00+00:00,1.25186,1.25662,1.25101,1.25641,25535
2020-04-14 04:00:00+00:00,1.25634,1.25731,1.25382,1.25608,37959
2020-04-14 08:00:00+00:00,1.25585,1.25722,1.25253,1.25622,69949
2020-04-14 12:00:00+00:00,1.25632,1.26196,1.25539,1.26153,90969
2020-04-14 16:00:00+00:00,1.26129,1.26452,1.26023,1.26246,56065
2020-04-14 20:00:00+00:00,1.26267,1.26363,1.26198,1.26246,10000
2020-04-15 00:00:00+00:00,1.26225,1.26241,1.2605,1.26082,13042
2020-04-15 04:00:00+00:00,1.26085,1.26085,1.25171,1.25219,41178
2020-04-15 08:00:00+00:00,1.25219,1.25335,1.24863,1.24863,74346
2020-04-15 12:00:00+00:00,1.24871,1.25278,1.24391,1.25226,101861
2020-04-15 16:00:00+00:00,1.2523,1.25697,1.25179,1.25259,70018
2020-04-15 20:00:00+00:00,1.25275,1.25352,1.25116,1.25185,11148
2020-04-16 00:00:00+00:00,1.25195,1.25246,1.24675,1.24675,31656
2020-04-16 04:00:00+00:00,1.24682,1.25141,1.24612,1.24911,50976
2020-04-16 08:00:00+00:00,1.24882,1.2501,1.24572,1.24831,67870
2020-04-16 12:00:00+00:00,1.24875,1.25144,1.24155,1.24319,97790
2020-04-16 16:00:00+00:00,1.24321,1.24612,1.24095,1.24523,66941
2020-04-16 20:00:00+00:00,1.24542,1.24937,1.24452,1.24872,21497
2020-04-17 00:00:00+00:00,1.24854,1.25215,1.24834,1.24928,20875
2020-04-17 04:00:00+00:00,1.24905,1.25036,1.24344,1.24394,48829
2020-04-17 08:00:00+00:00,1.24393,1.24823,1.24083,1.24783,80791
2020-04-17 12:00:00+00:00,1.24771,1.25084,1.2471,1.24996,96880
2020-04-17 16:00:00+00:00,1.24988,1.25162,1.24807,1.24986,52257
2020-04-17 20:00:00+00:00,1.2498,1.25067,1.24868,1.2497,6279
2020-04-19 20:00:00+00:00,1.24969,1.24998,1.2485,1.2485,4158
2020-04-20 00:00:00+00:00,1.24868,1.24884,1.24708,1.24725,16385
2020-04-20 04:00:00+00:00,1.24727,1.2484,1.24453,1.2465,37232
2020-04-20 08:00:00+00:00,1.24551,1.24905,1.24346,1.24397,61477
2020-04-20 12:00:00+00:00,1.24385,1.24817,1.24167,1.2465,75247
2020-04-20 16:00:00+00:00,1.24637,1.24783,1.24306,1.24306,47753
2020-04-20 20:00:00+00:00,1.24322,1.24441,1.24302,1.244,9368
2020-04-21 00:00:00+00:00,1.24415,1.24415,1.23923,1.24046,24464
2020-04-21 04:00:00+00:00,1.24024,1.24187,1.23925,1.23992,37671
2020-04-21 08:00:00+00:00,1.23962,1.24009,1.22963,1.23,78695
2020-04-21 12:00:00+00:00,1.22996,1.23345,1.22622,1.22622,97977
2020-04-21 16:00:00+00:00,1.2263,1.23089,1.22512,1.23035,80559
2020-04-21 20:00:00+00:00,1.23053,1.23055,1.22875,1.23008,9421
2020-04-22 00:00:00+00:00,1.23012,1.2303,1.2281,1.22865,27376
2020-04-22 04:00:00+00:00,1.22851,1.23432,1.22747,1.2337,48027
2020-04-22 08:00:00+00:00,1.23329,1.23827,1.23156,1.23717,59106
2020-04-22 12:00:00+00:00,1.23717,1.23745,1.2314,1.23301,76891
2020-04-22 16:00:00+00:00,1.23272,1.23289,1.23016,1.23198,45437
2020-04-22 20:00:00+00:00,1.23182,1.23436,1.23179,1.23219,12271
2020-04-23 00:00:00+00:00,1.23221,1.23375,1.23142,1.23251,19819
2020-04-23 04:00:00+00:00,1.23249,1.23736,1.23085,1.23183,54719
2020-04-23 08:00:00+00:00,1.23205,1.23723,1.23205,1.23452,75974
2020-04-23 12:00:00+00:00,1.23423,1.24123,1.23263,1.23682,98539
2020-04-23 16:00:00+00:00,1.23642,1.23688,1.23341,1.23541,72956
2020-04-23 20:00:00+00:00,1.23517,1.23552,1.23375,1.23518,11764
2020-04-24 00:00:00+00:00,1.23526,1.2358,1.23409,1.23536,16637
2020-04-24 04:00:00+00:00,1.23552,1.23603,1.23063,1.23195,44491
2020-04-24 08:00:00+00:00,1.23137,1.23741,1.22988,1.23481,73510
2020-04-24 12:00:00+00:00,1.23488,1.23621,1.23194,1.23314,82925
2020-04-24 16:00:00+00:00,1.23311,1.23685,1.23259,1.23674,44371
2020-04-24 20:00:00+00:00,1.23644,1.23719,1.23607,1.23609,6782
2020-04-26 20:00:00+00:00,1.2361,1.23686,1.2361,1.23669,4937
2020-04-27 00:00:00+00:00,1.23678,1.24028,1.23598,1.24025,26453
2020-04-27 04:00:00+00:00,1.24045,1.24526,1.24001,1.24291,46501
2020-04-27 08:00:00+00:00,1.24299,1.24492,1.24162,1.24375,54527
2020-04-27 12:00:00+00:00,1.24355,1.2442,1.24003,1.24207,69792
2020-04-27 16:00:00+00:00,1.24172,1.24312,1.24025,1.24262,43357
2020-04-27 20:00:00+00:00,1.24247,1.2431,1.24168,1.24212,12196
2020-04-28 00:00:00+00:00,1.24204,1.24349,1.24111,1.24165,21476
2020-04-28 04:00:00+00:00,1.2414,1.24694,1.24049,1.24694,44226
2020-04-28 08:00:00+00:00,1.24681,1.25178,1.24522,1.24955,69908
2020-04-28 12:00:00+00:00,1.24975,1.25038,1.24324,1.24366,76924
2020-04-28 16:00:00+00:00,1.24344,1.24527,1.24224,1.24357,41631
2020-04-28 20:00:00+00:00,1.24362,1.24385,1.24192,1.24345,11366
2020-04-29 00:00:00+00:00,1.24329,1.24756,1.24317,1.24745,23058
2020-04-29 04:00:00+00:00,1.2474,1.24851,1.24531,1.24595,41608
2020-04-29 08:00:00+00:00,1.24615,1.24615,1.23894,1.23955,51391
2020-04-29 12:00:00+00:00,1.23926,1.24503,1.23926,1.24277,69510
2020-04-29 16:00:00+00:00,1.24283,1.24662,1.24259,1.24587,64929
2020-04-29 20:00:00+00:00,1.24578,1.2479,1.24577,1.24698,10540
2020-04-30 00:00:00+00:00,1.24682,1.24682,1.24294,1.24623,19058
2020-04-30 04:00:00+00:00,1.24591,1.24813,1.24414,1.24669,40855
2020-04-30 08:00:00+00:00,1.24671,1.25285,1.24582,1.25143,65297
2020-04-30 12:00:00+00:00,1.25144,1.26404,1.24785,1.26025,139576
2020-04-30 16:00:00+00:00,1.25952,1.26038,1.25664,1.25933,73288
2020-04-30 20:00:00+00:00,1.25953,1.25981,1.25729,1.25806,17387
2020-05-01 00:00:00+00:00,1.25809,1.25809,1.2552,1.25647,24408
2020-05-01 04:00:00+00:00,1.25628,1.25746,1.25452,1.2556,36865
2020-05-01 08:00:00+00:00,1.25503,1.25727,1.25276,1.25338,53270
2020-05-01 12:00:00+00:00,1.25348,1.25609,1.25078,1.25078,82488
2020-05-01 16:00:00+00:00,1.25022,1.25211,1.2485,1.25095,51406
2020-05-01 20:00:00+00:00,1.25089,1.25089,1.24874,1.24874,5153
2020-05-03 20:00:00+00:00,1.248,1.24857,1.24511,1.24551,11658
2020-05-04 00:00:00+00:00,1.24552,1.24664,1.2444,1.24584,21439
2020-05-04 04:00:00+00:00,1.24586,1.24684,1.24258,1.24552,46494
2020-05-04 08:00:00+00:00,1.24548,1.24579,1.24059,1.24401,60954
2020-05-04 12:00:00+00:00,1.24363,1.24493,1.24124,1.24291,81726
2020-05-04 16:00:00+00:00,1.24282,1.24463,1.24198,1.24462,44176
2020-05-04 20:00:00+00:00,1.24433,1.24488,1.24353,1.24444,10992
2020-05-05 00:00:00+00:00,1.24472,1.24687,1.24472,1.24621,17883
2020-05-05 04:00:00+00:00,1.24613,1.24714,1.24463,1.24609,37802
2020-05-05 08:00:00+00:00,1.24611,1.24763,1.24224,1.24488,98401
2020-05-05 12:00:00+00:00,1.24499,1.24796,1.24404,1.24476,81039
2020-05-05 16:00:00+00:00,1.24484,1.24564,1.24312,1.24425,38901
2020-05-05 20:00:00+00:00,1.24447,1.24465,1.24309,1.24436,13434
2020-05-06 00:00:00+00:00,1.24446,1.24491,1.24277,1.24315,23267
2020-05-06 04:00:00+00:00,1.24318,1.24497,1.24231,1.24267,37281
2020-05-06 08:00:00+00:00,1.24264,1.24264,1.236,1.23884,59696
2020-05-06 12:00:00+00:00,1.23889,1.23925,1.2335,1.23447,70771
2020-05-06 16:00:00+00:00,1.23492,1.23662,1.23399,1.2341,35929
2020-05-06 20:00:00+00:00,1.23411,1.2344,1.23224,1.23241,9173
2020-05-07 00:00:00+00:00,1.23255,1.23324,1.23125,1.23212,19753
2020-05-07 04:00:00+00:00,1.23227,1.24148,1.23185,1.2374,47270
2020-05-07 08:00:00+00:00,1.23694,1.23825,1.23362,1.23475,60511
2020-05-07 12:00:00+00:00,1.23447,1.23605,1.2268,1.23474,79902
2020-05-07 16:00:00+00:00,1.23434,1.23767,1.23406,1.23531,45223
2020-05-07 20:00:00+00:00,1.23564,1.2378,1.23511,1.23734,11098
2020-05-08 00:00:00+00:00,1.23723,1.24069,1.23716,1.23942,25414
2020-05-08 04:00:00+00:00,1.23935,1.23995,1.23769,1.23852,24053
2020-05-08 08:00:00+00:00,1.23822,1.23958,1.23701,1.23815,28076
2020-05-08 12:00:00+00:00,1.2382,1.24625,1.23564,1.24339,75078
2020-05-08 16:00:00+00:00,1.24324,1.24333,1.24021,1.24046,21010
2020-05-08 20:00:00+00:00,1.24042,1.24087,1.24007,1.24007,2139
2020-05-10 20:00:00+00:00,1.2399,1.24174,1.23936,1.24164,8945
2020-05-11 00:00:00+00:00,1.24148,1.24355,1.24107,1.24312,22600
2020-05-11 04:00:00+00:00,1.24333,1.24333,1.23806,1.23818,35509
2020-05-11 08:00:00+00:00,1.23845,1.23845,1.22913,1.22919,57318
2020-05-11 12:00:00+00:00,1.23008,1.23608,1.22839,1.23285,80966
2020-05-11 16:00:00+00:00,1.23241,1.23506,1.23207,1.23372,49065
2020-05-11 20:00:00+00:00,1.23371,1.23408,1.23231,1.23313,17086
2020-05-12 00:00:00+00:00,1.23312,1.23316,1.22891,1.23238,35695
2020-05-12 04:00:00+00:00,1.23225,1.23468,1.23099,1.23422,48233
2020-05-12 08:00:00+00:00,1.23399,1.23706,1.23055,1.23706,63303
2020-05-12 12:00:00+00:00,1.23739,1.23743,1.22953,1.22964,90057
2020-05-12 16:00:00+00:00,1.22996,1.23045,1.22688,1.22772,60156
2020-05-12 20:00:00+00:00,1.2278,1.22803,1.22445,1.22519,17247
2020-05-13 00:00:00+00:00,1.2253,1.22766,1.22513,1.22673,35201
2020-05-13 04:00:00+00:00,1.2265,1.22992,1.22578,1.22702,51286
2020-05-13 08:00:00+00:00,1.22721,1.2337,1.22681,1.23216,71556
2020-05-13 12:00:00+00:00,1.23242,1.23324,1.22193,1.22243,116248
2020-05-13 16:00:00+00:00,1.22259,1.22423,1.2211,1.22202,62937
2020-05-13 20:00:00+00:00,1.22218,1.22412,1.22193,1.22383,19371
2020-05-14 00:00:00+00:00,1.22384,1.22404,1.22041,1.22117,32792
2020-05-14 04:00:00+00:00,1.22117,1.22177,1.21835,1.21906,46281
2020-05-14 08:00:00+00:00,1.21953,1.22286,1.21862,1.21981,75711
2020-05-14 12:00:00+00:00,1.21927,1.22155,1.21681,1.21929,89324
2020-05-14 16:00:00+00:00,1.22012,1.2231,1.21852,1.22263,67543
2020-05-14 20:00:00+00:00,1.22273,1.22342,1.22191,1.22333,19520
2020-05-15 00:00:00+00:00,1.22328,1.22372,1.22037,1.22088,35696
2020-05-15 04:00:00+00:00,1.2209,1.22175,1.21897,1.22136,43597
2020-05-15 08:00:00+00:00,1.2213,1.22217,1.21566,1.21588,75252
2020-05-15 12:00:00+00:00,1.21541,1.21909,1.21172,1.21284,118625
2020-05-15 16:00:00+00:00,1.21299,1.21309,1.21109,1.2117,39396
2020-05-15 20:00:00+00:00,1.21174,1.21198,1.20999,1.20999,6105
2020-05-17 20:00:00+00:00,1.20821,1.20982,1.20758,1.20852,15331
2020-05-18 00:00:00+00:00,1.20851,1.21142,1.20851,1.21076,31884
2020-05-18 04:00:00+00:00,1.21083,1.21183,1.20918,1.2109,39174
2020-05-18 08:00:00+00:00,1.21148,1.21553,1.20968,1.21511,67019
2020-05-18 12:00:00+00:00,1.2151,1.22251,1.21466,1.22076,100419
2020-05-18 16:00:00+00:00,1.22136,1.22136,1.21751,1.21984,62361
2020-05-18 20:00:00+00:00,1.21985,1.22009,1.21875,1.21996,16023
2020-05-19 00:00:00+00:00,1.21996,1.22213,1.2184,1.21923,34021
2020-05-19 04:00:00+00:00,1.21954,1.22633,1.21947,1.22484,67688
2020-05-19 08:00:00+00:00,1.2244,1.22593,1.22211,1.22362,71235
2020-05-19 12:00:00+00:00,1.22359,1.22677,1.22235,1.22515,77664
2020-05-19 16:00:00+00:00,1.22504,1.2294,1.2247,1.22538,46833
2020-05-19 20:00:00+00:00,1.2254,1.22582,1.2235,1.22555,14032
2020-05-20 00:00:00+00:00,1.22583,1.22763,1.22576,1.22595,28376
2020-05-20 04:00:00+00:00,1.226,1.22686,1.22223,1.22255,46377
2020-05-20 08:00:00+00:00,1.22292,1.22711,1.22238,1.22632,66534
2020-05-20 12:00:00+00:00,1.2259,1.22857,1.22438,1.22547,84317
2020-05-20 16:00:00+00:00,1.22552,1.22552,1.2226,1.22312,50443
2020-05-20 20:00:00+00:00,1.223,1.22438,1.22286,1.22362,13153
2020-05-21 00:00:00+00:00,1.2232,1.2232,1.21928,1.21964,28618
2020-05-21 04:00:00+00:00,1.21968,1.22057,1.21861,1.21915,34796
2020-05-21 08:00:00+00:00,1.21891,1.22455,1.21891,1.22246,65045
2020-05-21 12:00:00+00:00,1.22278,1.22489,1.22064,1.22238,96578
2020-05-21 16:00:00+00:00,1.22251,1.22412,1.22194,1.22194,45032
2020-05-21 20:00:00+00:00,1.22214,1.223,1.22139,1.22221,10402
2020-05-22 00:00:00+00:00,1.22255,1.22333,1.22067,1.22122,34432
2020-05-22 04:00:00+00:00,1.22122,1.22194,1.21641,1.21675,55660
2020-05-22 08:00:00+00:00,1.21655,1.21925,1.21619,1.21786,68602
2020-05-22 12:00:00+00:00,1.21785,1.22041,1.21669,1.21761,62323
2020-05-22 16:00:00+00:00,1.21752,1.21839,1.21659,1.21752,28344
2020-05-22 20:00:00+00:00,1.21756,1.21761,1.2161,1.2161,3647
2020-05-24 20:00:00+00:00,1.2172,1.21877,1.2166,1.21859,8019
2020-05-25 00:00:00+00:00,1.2186,1.21909,1.21739,1.21773,32686
2020-05-25 04:00:00+00:00,1.2178,1.21835,1.2164,1.21654,32876
2020-05-25 08:00:00+00:00,1.21677,1.21915,1.21645,1.21915,39430
2020-05-25 12:00:00+00:00,1.21906,1.22035,1.21817,1.21953,34696
2020-05-25 16:00:00+00:00,1.21984,1.21997,1.21847,1.21932,28902
2020-05-25 20:00:00+00:00,1.21936,1.2202,1.21753,1.2202,20792
2020-05-26 00:00:00+00:00,1.22,1.22221,1.21978,1.22161,28925
2020-05-26 04:00:00+00:00,1.22165,1.22671,1.22129,1.2265,45386
2020-05-26 08:00:00+00:00,1.22645,1.23423,1.2262,1.2338,77081
2020-05-26 12:00:00+00:00,1.23355,1.23619,1.2326,1.23351,91158
2020-05-26 16:00:00+00:00,1.23365,1.23461,1.23235,1.23281,48266
2020-05-26 20:00:00+00:00,1.23318,1.23386,1.23284,1.23316,14003
2020-05-27 00:00:00+00:00,1.23322,1.23332,1.23125,1.23181,34096
2020-05-27 04:00:00+00:00,1.23176,1.23309,1.22909,1.22967,45959
2020-05-27 08:00:00+00:00,1.22968,1.23489,1.22829,1.23122,113494
2020-05-27 12:00:00+00:00,1.23114,1.23114,1.22086,1.22294,141785
2020-05-27 16:00:00+00:00,1.223,1.22613,1.223,1.22547,65753
2020-05-27 20:00:00+00:00,1.22544,1.22677,1.22526,1.22636,14811
2020-05-28 00:00:00+00:00,1.2262,1.22753,1.2253,1.2253,32889
2020-05-28 04:00:00+00:00,1.22559,1.2281,1.22486,1.22584,52609
2020-05-28 08:00:00+00:00,1.22582,1.22827,1.22354,1.22537,76370
2020-05-28 12:00:00+00:00,1.22556,1.23319,1.22553,1.23242,109981
2020-05-28 16:00:00+00:00,1.23249,1.23442,1.23115,1.23139,63354
2020-05-28 20:00:00+00:00,1.23177,1.23244,1.23129,1.23185,17606
2020-05-29 00:00:00+00:00,1.23187,1.233,1.23089,1.23283,39046
2020-05-29 04:00:00+00:00,1.2331,1.2358,1.23081,1.23206,61602
2020-05-29 08:00:00+00:00,1.23241,1.23663,1.22934,1.23651,100109
2020-05-29 12:00:00+00:00,1.23593,1.23919,1.2312,1.23172,158650
2020-05-29 16:00:00+00:00,1.23195,1.23478,1.22923,1.23478,104709
2020-05-29 20:00:00+00:00,1.2353,1.23595,1.23425,1.23455,8638
2020-05-31 20:00:00+00:00,1.2324,1.23533,1.2324,1.23449,13544
2020-06-01 00:00:00+00:00,1.23444,1.24119,1.23436,1.23859,41220
2020-06-01 04:00:00+00:00,1.23858,1.24245,1.23765,1.24227,50234
2020-06-01 08:00:00+00:00,1.24195,1.24199,1.23761,1.23891,87025
2020-06-01 12:00:00+00:00,1.23901,1.24842,1.2385,1.24699,101051
2020-06-01 16:00:00+00:00,1.24678,1.25062,1.24578,1.2499,50006
2020-06-01 20:00:00+00:00,1.24964,1.2499,1.2483,1.24861,15846
2020-06-02 00:00:00+00:00,1.24876,1.25245,1.24828,1.2485,37189
2020-06-02 04:00:00+00:00,1.24845,1.25494,1.24785,1.25114,63894
2020-06-02 08:00:00+00:00,1.25045,1.25738,1.24985,1.25404,99422
2020-06-02 12:00:00+00:00,1.25478,1.25687,1.25284,1.2529,111092
2020-06-02 16:00:00+00:00,1.25285,1.25557,1.25285,1.25467,59979
2020-06-02 20:00:00+00:00,1.2545,1.25831,1.25423,1.25807,20119
2020-06-03 00:00:00+00:00,1.25782,1.26107,1.25667,1.25858,51799
2020-06-03 04:00:00+00:00,1.2584,1.26068,1.25745,1.25869,54166
2020-06-03 08:00:00+00:00,1.25881,1.26007,1.25545,1.25634,89281
2020-06-03 12:00:00+00:00,1.25626,1.2612,1.2554,1.25984,132754
2020-06-03 16:00:00+00:00,1.25967,1.26039,1.25806,1.25838,61434
2020-06-03 20:00:00+00:00,1.25817,1.25837,1.25676,1.25738,16463
2020-06-04 00:00:00+00:00,1.2573,1.2573,1.25317,1.25404,38899
2020-06-04 04:00:00+00:00,1.25415,1.2547,1.25055,1.25055,43517
2020-06-04 08:00:00+00:00,1.25053,1.25793,1.25008,1.25691,75598
2020-06-04 12:00:00+00:00,1.25655,1.2619,1.2518,1.26063,170167
2020-06-04 16:00:00+00:00,1.26069,1.2629,1.25917,1.25917,83257
2020-06-04 20:00:00+00:00,1.25942,1.26133,1.25851,1.26055,19116
2020-06-05 00:00:00+00:00,1.26019,1.26085,1.25835,1.25977,35251
2020-06-05 04:00:00+00:00,1.25994,1.26895,1.2595,1.26693,68720
2020-06-05 08:00:00+00:00,1.26712,1.26746,1.26206,1.26629,84701
2020-06-05 12:00:00+00:00,1.26615,1.27291,1.26458,1.27001,158389
2020-06-05 16:00:00+00:00,1.27049,1.27049,1.26619,1.26658,57810
2020-06-05 20:00:00+00:00,1.26642,1.2675,1.26627,1.26634,6015
2020-06-07 20:00:00+00:00,1.2678,1.27293,1.26739,1.27189,9365
2020-06-08 00:00:00+00:00,1.27124,1.27184,1.26925,1.27043,32472
2020-06-08 04:00:00+00:00,1.27037,1.27105,1.26782,1.268,46569
2020-06-08 08:00:00+00:00,1.26805,1.27015,1.26294,1.26558,73335
2020-06-08 12:00:00+00:00,1.26549,1.27035,1.26525,1.2691,96736
2020-06-08 16:00:00+00:00,1.26931,1.27358,1.26853,1.27322,51104
2020-06-08 20:00:00+00:00,1.27316,1.27401,1.27222,1.2734,10810
2020-06-09 00:00:00+00:00,1.2733,1.27538,1.27109,1.27128,39357
2020-06-09 04:00:00+00:00,1.2711,1.27202,1.26613,1.26699,58984
2020-06-09 08:00:00+00:00,1.26754,1.26777,1.26227,1.26694,99914
2020-06-09 12:00:00+00:00,1.26679,1.27417,1.26499,1.27338,111820
2020-06-09 16:00:00+00:00,1.27345,1.27448,1.27262,1.27266,48054
2020-06-09 20:00:00+00:00,1.27271,1.27325,1.2709,1.2709,15191
2020-06-10 00:00:00+00:00,1.27102,1.27428,1.27064,1.27391,33560
2020-06-10 04:00:00+00:00,1.27382,1.27843,1.27366,1.27633,65221
2020-06-10 08:00:00+00:00,1.27654,1.28003,1.27296,1.27907,96516
2020-06-10 12:00:00+00:00,1.27934,1.27961,1.27451,1.27567,133147
2020-06-10 16:00:00+00:00,1.27544,1.28099,1.27446,1.27596,173658
2020-06-10 20:00:00+00:00,1.27607,1.27607,1.27086,1.27116,28379
2020-06-11 00:00:00+00:00,1.27133,1.275,1.26839,1.26874,57125
2020-06-11 04:00:00+00:00,1.26887,1.26946,1.26515,1.26804,97815
2020-06-11 08:00:00+00:00,1.26706,1.27185,1.26528,1.26528,116208
2020-06-11 12:00:00+00:00,1.2653,1.26835,1.26241,1.26341,150815
2020-06-11 16:00:00+00:00,1.26353,1.26381,1.25874,1.25878,135300
2020-06-11 20:00:00+00:00,1.25929,1.26019,1.25718,1.25732,28054
2020-06-12 00:00:00+00:00,1.25752,1.25752,1.25458,1.25686,54543
2020-06-12 04:00:00+00:00,1.2571,1.2632,1.25707,1.26234,80786
2020-06-12 08:00:00+00:00,1.26246,1.26491,1.26051,1.26208,102558
2020-06-12 12:00:00+00:00,1.26225,1.2625,1.252,1.25245,158451
2020-06-12 16:00:00+00:00,1.25236,1.25236,1.24739,1.25194,119510
2020-06-12 20:00:00+00:00,1.25211,1.25489,1.25209,1.25354,9125
2020-06-14 20:00:00+00:00,1.251,1.25204,1.24883,1.25084,24014
2020-06-15 00:00:00+00:00,1.2509,1.25227,1.24975,1.25217,63360
2020-06-15 04:00:00+00:00,1.25218,1.25249,1.24552,1.25096,102794
2020-06-15 08:00:00+00:00,1.25089,1.25486,1.25089,1.2547,104049
2020-06-15 12:00:00+00:00,1.25475,1.25786,1.25308,1.25423,135350
2020-06-15 16:00:00+00:00,1.25424,1.26005,1.25424,1.25943,91725
2020-06-15 20:00:00+00:00,1.25945,1.26378,1.25857,1.26378,26198
2020-06-16 00:00:00+00:00,1.26448,1.26727,1.26207,1.26627,50973
2020-06-16 04:00:00+00:00,1.26626,1.26868,1.26205,1.26221,80303
2020-06-16 08:00:00+00:00,1.26161,1.26628,1.26112,1.26493,94262
2020-06-16 12:00:00+00:00,1.26442,1.26812,1.25571,1.25821,194470
2020-06-16 16:00:00+00:00,1.25846,1.26102,1.25619,1.25716,79746
2020-06-16 20:00:00+00:00,1.25696,1.25861,1.25558,1.25821,16849
2020-06-17 00:00:00+00:00,1.25811,1.25811,1.25418,1.25507,52479
2020-06-17 04:00:00+00:00,1.25501,1.25867,1.25496,1.25579,65099
2020-06-17 08:00:00+00:00,1.25551,1.25784,1.25256,1.25622,96206
2020-06-17 12:00:00+00:00,1.2562,1.25643,1.25132,1.25246,129283
2020-06-17 16:00:00+00:00,1.25242,1.25564,1.25217,1.2551,58990
2020-06-17 20:00:00+00:00,1.25502,1.25663,1.25337,1.25498,18129
2020-06-18 00:00:00+00:00,1.25515,1.25613,1.25265,1.25526,54010
2020-06-18 04:00:00+00:00,1.25512,1.256,1.25173,1.25247,62258
2020-06-18 08:00:00+00:00,1.25208,1.25424,1.24764,1.24854,120757
2020-06-18 12:00:00+00:00,1.24704,1.24781,1.24027,1.24285,126783
2020-06-18 16:00:00+00:00,1.24279,1.24375,1.24051,1.24156,63243
2020-06-18 20:00:00+00:00,1.24137,1.24319,1.24124,1.24247,16104
2020-06-19 00:00:00+00:00,1.24239,1.24367,1.24053,1.24338,37225
2020-06-19 04:00:00+00:00,1.24328,1.24555,1.2425,1.24338,43177
2020-06-19 08:00:00+00:00,1.24282,1.24324,1.23611,1.23715,76010
2020-06-19 12:00:00+00:00,1.23775,1.24105,1.23498,1.23599,128763
2020-06-19 16:00:00+00:00,1.23609,1.23686,1.23442,1.23586,62667
2020-06-19 20:00:00+00:00,1.23589,1.23601,1.23421,1.23421,7061
2020-06-21 20:00:00+00:00,1.23447,1.2357,1.23383,1.23454,14172
2020-06-22 00:00:00+00:00,1.23448,1.23771,1.23361,1.23711,38545
2020-06-22 04:00:00+00:00,1.23711,1.24216,1.23667,1.24216,56388
2020-06-22 08:00:00+00:00,1.24258,1.24333,1.23805,1.2404,72271
2020-06-22 12:00:00+00:00,1.24022,1.2455,1.23924,1.24458,94181
2020-06-22 16:00:00+00:00,1.24451,1.24763,1.24449,1.24623,39836
2020-06-22 20:00:00+00:00,1.24625,1.25045,1.24585,1.25,18617
2020-06-23 00:00:00+00:00,1.24981,1.24981,1.2437,1.24751,88816
2020-06-23 04:00:00+00:00,1.24731,1.24977,1.24433,1.24977,63433
2020-06-23 08:00:00+00:00,1.24983,1.25101,1.24349,1.24701,86557
2020-06-23 12:00:00+00:00,1.247,1.25304,1.247,1.25289,106882
2020-06-23 16:00:00+00:00,1.25306,1.25316,1.25098,1.25154,47052
2020-06-23 20:00:00+00:00,1.25148,1.2525,1.25095,1.25243,14108
2020-06-24 00:00:00+00:00,1.25278,1.25405,1.25115,1.25124,47812
2020-06-24 04:00:00+00:00,1.25143,1.25268,1.24799,1.24885,51101
2020-06-24 08:00:00+00:00,1.24916,1.25337,1.247,1.24878,100914
2020-06-24 12:00:00+00:00,1.24894,1.2508,1.24164,1.24319,135464
2020-06-24 16:00:00+00:00,1.24318,1.24478,1.24166,1.24171,77224
2020-06-24 20:00:00+00:00,1.24181,1.24245,1.24113,1.24121,13375
2020-06-25 00:00:00+00:00,1.24134,1.24328,1.24041,1.24082,44814
2020-06-25 04:00:00+00:00,1.24089,1.24405,1.24061,1.24353,61778
2020-06-25 08:00:00+00:00,1.24303,1.2461,1.24158,1.24159,94239
2020-06-25 12:00:00+00:00,1.24202,1.2435,1.23924,1.24042,115657
2020-06-25 16:00:00+00:00,1.24089,1.24264,1.24017,1.24229,50211
2020-06-25 20:00:00+00:00,1.24234,1.24299,1.24112,1.24243,22045
2020-06-26 00:00:00+00:00,1.24237,1.24267,1.24103,1.24263,33914
2020-06-26 04:00:00+00:00,1.24233,1.24359,1.23991,1.24166,36742
2020-06-26 08:00:00+00:00,1.2416,1.24173,1.23835,1.23884,63650
2020-06-26 12:00:00+00:00,1.23886,1.23954,1.23171,1.23352,102194
2020-06-26 16:00:00+00:00,1.23336,1.2355,1.23236,1.23397,61748
2020-06-26 20:00:00+00:00,1.23432,1.23432,1.23294,1.23294,4458
2020-06-28 20:00:00+00:00,1.2334,1.23454,1.23256,1.23404,6335
2020-06-29 00:00:00+00:00,1.23396,1.23723,1.23336,1.23675,28552
2020-06-29 04:00:00+00:00,1.23673,1.23885,1.2353,1.23593,47899
2020-06-29 08:00:00+00:00,1.23587,1.23601,1.23044,1.2316,61268
2020-06-29 12:00:00+00:00,1.23188,1.23293,1.22526,1.22775,88733
2020-06-29 16:00:00+00:00,1.22759,1.22935,1.22751,1.22918,42125
2020-06-29 20:00:00+00:00,1.22916,1.23169,1.22885,1.2311,13370
2020-06-30 00:00:00+00:00,1.23099,1.23139,1.2296,1.23028,17690
2020-06-30 04:00:00+00:00,1.23056,1.23067,1.22625,1.22827,36940
2020-06-30 08:00:00+00:00,1.22832,1.22924,1.22592,1.22722,60798
2020-06-30 12:00:00+00:00,1.22752,1.23911,1.22675,1.23678,126408
2020-06-30 16:00:00+00:00,1.23694,1.23959,1.23579,1.23895,62967
2020-06-30 20:00:00+00:00,1.23901,1.2401,1.23868,1.23876,15069
2020-07-01 00:00:00+00:00,1.23878,1.23922,1.23683,1.23692,22901
2020-07-01 04:00:00+00:00,1.23713,1.23903,1.236,1.23783,33669
2020-07-01 08:00:00+00:00,1.23763,1.24202,1.23752,1.23893,79700
2020-07-01 12:00:00+00:00,1.23866,1.24779,1.23809,1.24732,110777
2020-07-01 16:00:00+00:00,1.247,1.24894,1.24663,1.24775,53699
2020-07-01 20:00:00+00:00,1.24748,1.24793,1.24639,1.24643,9537
2020-07-02 00:00:00+00:00,1.24673,1.24872,1.24614,1.2487,22825
2020-07-02 04:00:00+00:00,1.2489,1.2505,1.24799,1.2503,41480
2020-07-02 08:00:00+00:00,1.25071,1.25261,1.24979,1.25182,53180
2020-07-02 12:00:00+00:00,1.25174,1.25291,1.24608,1.24671,127526
2020-07-02 16:00:00+00:00,1.24642,1.24695,1.24572,1.24628,40584
2020-07-02 20:00:00+00:00,1.24626,1.24718,1.24577,1.24658,12453
2020-07-03 00:00:00+00:00,1.2466,1.24725,1.24588,1.24658,21416
2020-07-03 04:00:00+00:00,1.24653,1.24853,1.24415,1.24584,46320
2020-07-03 08:00:00+00:00,1.24578,1.24705,1.24398,1.24529,53422
2020-07-03 12:00:00+00:00,1.24512,1.24704,1.24465,1.24658,39699
2020-07-03 16:00:00+00:00,1.24668,1.24781,1.24603,1.24766,114823
2020-07-03 20:00:00+00:00,1.24771,1.24831,1.24752,1.24816,6852
2020-07-05 20:00:00+00:00,1.246,1.24772,1.24579,1.24742,5580
2020-07-06 00:00:00+00:00,1.24765,1.24943,1.24762,1.24924,26697
2020-07-06 04:00:00+00:00,1.24933,1.25094,1.24832,1.24876,49068
2020-07-06 08:00:00+00:00,1.24883,1.25181,1.24764,1.25099,68874
2020-07-06 12:00:00+00:00,1.25058,1.25185,1.24811,1.24811,85533
2020-07-06 16:00:00+00:00,1.2482,1.25032,1.2482,1.24936,37922
2020-07-06 20:00:00+00:00,1.24934,1.24961,1.2483,1.24948,9543
2020-07-07 00:00:00+00:00,1.24937,1.25175,1.24909,1.25023,38192
2020-07-07 04:00:00+00:00,1.25021,1.25132,1.24688,1.24888,48614
2020-07-07 08:00:00+00:00,1.24881,1.25255,1.24635,1.25182,80245
2020-07-07 12:00:00+00:00,1.25234,1.25902,1.252,1.25705,95287
2020-07-07 16:00:00+00:00,1.2572,1.2581,1.25381,1.25381,50592
2020-07-07 20:00:00+00:00,1.25388,1.25484,1.25341,1.2541,9374
2020-07-08 00:00:00+00:00,1.25379,1.25661,1.25379,1.25589,34146
2020-07-08 04:00:00+00:00,1.25609,1.25653,1.25405,1.25488,46506
2020-07-08 08:00:00+00:00,1.2548,1.25652,1.25099,1.25585,72884
2020-07-08 12:00:00+00:00,1.25649,1.26003,1.25285,1.25903,106228
2020-07-08 16:00:00+00:00,1.25888,1.26224,1.25851,1.26136,57219
2020-07-08 20:00:00+00:00,1.26123,1.26167,1.25983,1.26128,12354
2020-07-09 00:00:00+00:00,1.26121,1.26284,1.26018,1.26283,32654
2020-07-09 04:00:00+00:00,1.26287,1.26516,1.2627,1.26304,50431
2020-07-09 08:00:00+00:00,1.26293,1.26652,1.2628,1.26515,69374
2020-07-09 12:00:00+00:00,1.26519,1.26687,1.26013,1.26134,138320
2020-07-09 16:00:00+00:00,1.2616,1.26258,1.26049,1.26076,57585
2020-07-09 20:00:00+00:00,1.26062,1.26101,1.26001,1.26055,12819
2020-07-10 00:00:00+00:00,1.26054,1.26064,1.25834,1.25903,26701
2020-07-10 04:00:00+00:00,1.25886,1.2594,1.25683,1.25893,46212
2020-07-10 08:00:00+00:00,1.25883,1.26252,1.25819,1.25984,63880
2020-07-10 12:00:00+00:00,1.25978,1.26616,1.25862,1.26526,93036
2020-07-10 16:00:00+00:00,1.26499,1.26499,1.26214,1.26286,41531
2020-07-10 20:00:00+00:00,1.26273,1.26303,1.26126,1.26126,6048
2020-07-12 20:00:00+00:00,1.26212,1.2637,1.26203,1.26259,8663
2020-07-13 00:00:00+00:00,1.26256,1.26579,1.26233,1.26555,27852
2020-07-13 04:00:00+00:00,1.26567,1.26656,1.2623,1.26236,43272
2020-07-13 08:00:00+00:00,1.26182,1.26224,1.25926,1.26039,63839
2020-07-13 12:00:00+00:00,1.26025,1.26375,1.25935,1.26123,73469
2020-07-13 16:00:00+00:00,1.26131,1.26185,1.25533,1.25572,63888
2020-07-13 20:00:00+00:00,1.25576,1.25611,1.25508,1.25514,11944
2020-07-14 00:00:00+00:00,1.25479,1.25554,1.25391,1.25527,37372
2020-07-14 04:00:00+00:00,1.25527,1.25574,1.25138,1.25206,46778
2020-07-14 08:00:00+00:00,1.25226,1.25303,1.25077,1.25297,67417
2020-07-14 12:00:00+00:00,1.25333,1.25503,1.24836,1.25442,148229
2020-07-14 16:00:00+00:00,1.25454,1.25635,1.25434,1.25506,70781
2020-07-14 20:00:00+00:00,1.255,1.25741,1.25489,1.25688,13525
2020-07-15 00:00:00+00:00,1.25708,1.25851,1.25636,1.25688,38158
2020-07-15 04:00:00+00:00,1.25703,1.26119,1.25668,1.26034,49367
2020-07-15 08:00:00+00:00,1.26056,1.26345,1.25944,1.26316,69053
2020-07-15 12:00:00+00:00,1.26345,1.26481,1.25842,1.25847,101999
2020-07-15 16:00:00+00:00,1.25842,1.25971,1.25763,1.25895,50983
2020-07-15 20:00:00+00:00,1.25899,1.25934,1.25784,1.25905,6528
2020-07-16 00:00:00+00:00,1.25876,1.25876,1.25514,1.25585,32138
2020-07-16 04:00:00+00:00,1.25576,1.25637,1.25375,1.25549,42782
2020-07-16 08:00:00+00:00,1.25552,1.25596,1.25219,1.25542,63272
2020-07-16 12:00:00+00:00,1.25524,1.26234,1.25524,1.26202,95549
2020-07-16 16:00:00+00:00,1.26172,1.26223,1.25385,1.25506,58687
2020-07-16 20:00:00+00:00,1.25509,1.25595,1.25455,1.25583,12871
2020-07-17 00:00:00+00:00,1.25582,1.25709,1.25572,1.25699,27553
2020-07-17 04:00:00+00:00,1.25698,1.2571,1.25421,1.25468,33259
2020-07-17 08:00:00+00:00,1.25491,1.25639,1.2538,1.25463,50663
2020-07-17 12:00:00+00:00,1.25423,1.255,1.25126,1.25485,63645
2020-07-17 16:00:00+00:00,1.25495,1.25735,1.25495,1.25725,32065
2020-07-17 20:00:00+00:00,1.25725,1.25729,1.25634,1.25634,4021
2020-07-19 20:00:00+00:00,1.25539,1.2572,1.25533,1.25705,16799
2020-07-20 00:00:00+00:00,1.25684,1.25684,1.25186,1.25209,32119
2020-07-20 04:00:00+00:00,1.25216,1.25739,1.25205,1.25739,58238
2020-07-20 08:00:00+00:00,1.25792,1.26411,1.2568,1.26335,57961
2020-07-20 12:00:00+00:00,1.2636,1.2657,1.26199,1.2657,81953
2020-07-20 16:00:00+00:00,1.26583,1.26648,1.26436,1.26575,29947
2020-07-20 20:00:00+00:00,1.26553,1.26634,1.26534,1.26609,9828
2020-07-21 00:00:00+00:00,1.2665,1.26845,1.2665,1.26675,36104
2020-07-21 04:00:00+00:00,1.26668,1.27137,1.26504,1.26741,59694
2020-07-21 08:00:00+00:00,1.2672,1.27113,1.2672,1.26939,60888
2020-07-21 12:00:00+00:00,1.26932,1.27514,1.26736,1.27353,91106
2020-07-21 16:00:00+00:00,1.27351,1.27671,1.27314,1.27333,67484
2020-07-21 20:00:00+00:00,1.27357,1.27373,1.27156,1.27319,15982
2020-07-22 00:00:00+00:00,1.27331,1.27395,1.27209,1.27241,32368
2020-07-22 04:00:00+00:00,1.27241,1.27281,1.26626,1.26754,60106
2020-07-22 08:00:00+00:00,1.26747,1.27072,1.26443,1.26977,99046
2020-07-22 12:00:00+00:00,1.2697,1.27352,1.26929,1.27283,114296
2020-07-22 16:00:00+00:00,1.27295,1.27425,1.27228,1.27417,48175
2020-07-22 20:00:00+00:00,1.27397,1.27427,1.27168,1.27271,27398
2020-07-23 00:00:00+00:00,1.2731,1.27389,1.27239,1.27347,32202
2020-07-23 04:00:00+00:00,1.2736,1.27519,1.27131,1.27283,53258
2020-07-23 08:00:00+00:00,1.27263,1.27338,1.26846,1.26903,71913
2020-07-23 12:00:00+00:00,1.26884,1.27595,1.26734,1.27583,115247
2020-07-23 16:00:00+00:00,1.27578,1.27585,1.27299,1.27318,96267
2020-07-23 20:00:00+00:00,1.2731,1.27421,1.27287,1.27297,10685
2020-07-24 00:00:00+00:00,1.27296,1.27728,1.27284,1.27454,39958
2020-07-24 04:00:00+00:00,1.27437,1.27523,1.27193,1.27369,71311
2020-07-24 08:00:00+00:00,1.27365,1.27542,1.27217,1.27529,72203
2020-07-24 12:00:00+00:00,1.27524,1.27942,1.27498,1.27892,105145
2020-07-24 16:00:00+00:00,1.27897,1.28023,1.27778,1.27881,44484
2020-07-24 20:00:00+00:00,1.27869,1.27994,1.27869,1.27906,4204
2020-07-26 20:00:00+00:00,1.2792,1.28008,1.2779,1.27942,15725
2020-07-27 00:00:00+00:00,1.27988,1.28583,1.27988,1.28423,62668
2020-07-27 04:00:00+00:00,1.28452,1.28452,1.2807,1.2829,55085
2020-07-27 08:00:00+00:00,1.28328,1.28763,1.28267,1.28726,74910
2020-07-27 12:00:00+00:00,1.28733,1.29006,1.2842,1.2886,99262
2020-07-27 16:00:00+00:00,1.2883,1.28843,1.28675,1.28695,51507
2020-07-27 20:00:00+00:00,1.28682,1.28928,1.28678,1.28881,22696
2020-07-28 00:00:00+00:00,1.28881,1.29028,1.28475,1.28534,54799
2020-07-28 04:00:00+00:00,1.28545,1.28722,1.28419,1.2851,59199
2020-07-28 08:00:00+00:00,1.28534,1.28875,1.28459,1.28635,62785
2020-07-28 12:00:00+00:00,1.28653,1.29488,1.28653,1.29488,108338
2020-07-28 16:00:00+00:00,1.29488,1.29523,1.29322,1.29323,45827
2020-07-28 20:00:00+00:00,1.29346,1.29376,1.29234,1.29241,11515
2020-07-29 00:00:00+00:00,1.29263,1.29372,1.29119,1.29222,38997
2020-07-29 04:00:00+00:00,1.29215,1.29754,1.29161,1.29651,50708
2020-07-29 08:00:00+00:00,1.29637,1.29791,1.29591,1.29643,66758
2020-07-29 12:00:00+00:00,1.29621,1.29941,1.29569,1.29734,86130
2020-07-29 16:00:00+00:00,1.29723,1.301,1.29526,1.2985,112235
2020-07-29 20:00:00+00:00,1.29858,1.29995,1.29788,1.29788,17113
2020-07-30 00:00:00+00:00,1.29808,1.29909,1.29728,1.29845,27796
2020-07-30 04:00:00+00:00,1.29827,1.29867,1.29461,1.29851,57877
2020-07-30 08:00:00+00:00,1.29849,1.30259,1.29759,1.30184,78292
2020-07-30 12:00:00+00:00,1.30184,1.30699,1.30073,1.30345,133375
2020-07-30 16:00:00+00:00,1.30358,1.30915,1.30333,1.30895,64825
2020-07-30 20:00:00+00:00,1.30893,1.31199,1.30751,1.31156,24951
2020-07-31 00:00:00+00:00,1.31185,1.31401,1.31114,1.31291,78172
2020-07-31 04:00:00+00:00,1.31277,1.31442,1.31198,1.31373,74522
2020-07-31 08:00:00+00:00,1.31375,1.31437,1.31068,1.31418,75845
2020-07-31 12:00:00+00:00,1.31443,1.31692,1.3106,1.31324,151654
2020-07-31 16:00:00+00:00,1.31245,1.31256,1.30821,1.30907,92224
2020-07-31 20:00:00+00:00,1.30866,1.30897,1.30712,1.3077,7141
2020-08-02 20:00:00+00:00,1.30785,1.31046,1.30718,1.30989,18349
2020-08-03 00:00:00+00:00,1.31003,1.31049,1.306,1.30932,78241
2020-08-03 04:00:00+00:00,1.30935,1.30958,1.30557,1.30765,56866
2020-08-03 08:00:00+00:00,1.30798,1.31118,1.30124,1.30318,85711
2020-08-03 12:00:00+00:00,1.30275,1.30529,1.30059,1.30529,103610
2020-08-03 16:00:00+00:00,1.30558,1.30784,1.30486,1.30783,54175
2020-08-03 20:00:00+00:00,1.3077,1.30786,1.30593,1.30777,12206
2020-08-04 00:00:00+00:00,1.30751,1.30882,1.30658,1.30745,25646
2020-08-04 04:00:00+00:00,1.30758,1.31065,1.3061,1.3083,53664
2020-08-04 08:00:00+00:00,1.30863,1.30904,1.30156,1.30242,82178
2020-08-04 12:00:00+00:00,1.30216,1.30645,1.2982,1.30582,103423
2020-08-04 16:00:00+00:00,1.30571,1.30736,1.30459,1.30712,52251
2020-08-04 20:00:00+00:00,1.30696,1.3086,1.30531,1.30848,11687
2020-08-05 00:00:00+00:00,1.30847,1.30911,1.30754,1.30892,30905
2020-08-05 04:00:00+00:00,1.30891,1.31211,1.30683,1.3101,45198
2020-08-05 08:00:00+00:00,1.31028,1.31425,1.30592,1.31423,89401
2020-08-05 12:00:00+00:00,1.3139,1.31602,1.31285,1.314,112384
2020-08-05 16:00:00+00:00,1.31399,1.31412,1.31109,1.31122,41059
2020-08-05 20:00:00+00:00,1.31112,1.31302,1.31086,1.31247,9983
2020-08-06 00:00:00+00:00,1.3126,1.31435,1.31225,1.31312,35803
2020-08-06 04:00:00+00:00,1.31322,1.31781,1.31238,1.31497,95194
2020-08-06 08:00:00+00:00,1.31428,1.31853,1.31428,1.31644,92102
2020-08-06 12:00:00+00:00,1.31606,1.31784,1.31203,1.31461,112696
2020-08-06 16:00:00+00:00,1.31477,1.31706,1.31355,1.31407,72553
2020-08-06 20:00:00+00:00,1.31394,1.3145,1.31301,1.31374,22566
2020-08-07 00:00:00+00:00,1.31323,1.3147,1.31018,1.31034,50096
2020-08-07 04:00:00+00:00,1.31028,1.31325,1.30985,1.31028,55232
2020-08-07 08:00:00+00:00,1.3103,1.31099,1.3073,1.30777,76193
2020-08-07 12:00:00+00:00,1.30753,1.31081,1.30103,1.3041,149848
2020-08-07 16:00:00+00:00,1.30423,1.30603,1.30352,1.30603,48989
2020-08-07 20:00:00+00:00,1.30602,1.30616,1.30482,1.30482,3342
2020-08-09 20:00:00+00:00,1.305,1.30649,1.30421,1.30504,10247
2020-08-10 00:00:00+00:00,1.30524,1.30752,1.30512,1.30734,24331
2020-08-10 04:00:00+00:00,1.30715,1.30753,1.30473,1.30549,43937
2020-08-10 08:00:00+00:00,1.3054,1.30838,1.30199,1.30382,69635
2020-08-10 12:00:00+00:00,1.30361,1.3102,1.30361,1.3081,83791
2020-08-10 16:00:00+00:00,1.30816,1.30876,1.30616,1.30752,39726
2020-08-10 20:00:00+00:00,1.30739,1.30762,1.30605,1.30762,9635
2020-08-11 00:00:00+00:00,1.30753,1.30952,1.30656,1.30876,30907
2020-08-11 04:00:00+00:00,1.30855,1.30901,1.30585,1.30827,50568
2020-08-11 08:00:00+00:00,1.30853,1.31311,1.30761,1.31153,85225
2020-08-11 12:00:00+00:00,1.31166,1.31255,1.30746,1.3076,112060
2020-08-11 16:00:00+00:00,1.3075,1.3096,1.30437,1.30473,70118
2020-08-11 20:00:00+00:00,1.3046,1.30604,1.30432,1.30509,14434
2020-08-12 00:00:00+00:00,1.30527,1.30586,1.30213,1.30265,47739
2020-08-12 04:00:00+00:00,1.30283,1.30524,1.30177,1.30498,60254
2020-08-12 08:00:00+00:00,1.30512,1.30658,1.30061,1.30172,75822
2020-08-12 12:00:00+00:00,1.30208,1.30572,1.30057,1.3046,119292
2020-08-12 16:00:00+00:00,1.30437,1.30551,1.30212,1.30216,46580
2020-08-12 20:00:00+00:00,1.30233,1.30473,1.3022,1.30461,12849
2020-08-13 00:00:00+00:00,1.30466,1.30722,1.30437,1.30573,35442
2020-08-13 04:00:00+00:00,1.30575,1.30825,1.30498,1.30825,47668
2020-08-13 08:00:00+00:00,1.30849,1.31107,1.30712,1.30949,74527
2020-08-13 12:00:00+00:00,1.30938,1.31224,1.30745,1.30805,86159
2020-08-13 16:00:00+00:00,1.30815,1.30873,1.30464,1.30508,50780
2020-08-13 20:00:00+00:00,1.30505,1.30745,1.30498,1.30696,13793
2020-08-14 00:00:00+00:00,1.30698,1.307,1.30499,1.30575,29615
2020-08-14 04:00:00+00:00,1.30574,1.30738,1.30531,1.30655,43836
2020-08-14 08:00:00+00:00,1.30651,1.31115,1.30584,1.31042,69730
2020-08-14 12:00:00+00:00,1.31063,1.31413,1.30956,1.31065,80957
2020-08-14 16:00:00+00:00,1.31056,1.31077,1.30842,1.30853,33259
2020-08-14 20:00:00+00:00,1.3086,1.30908,1.30787,1.30787,3809
2020-08-16 20:00:00+00:00,1.30913,1.31057,1.30877,1.31052,8536
2020-08-17 00:00:00+00:00,1.31025,1.3109,1.30938,1.3099,22622
2020-08-17 04:00:00+00:00,1.3098,1.31211,1.30842,1.30965,38205
2020-08-17 08:00:00+00:00,1.30937,1.31179,1.30757,1.30852,69039
2020-08-17 12:00:00+00:00,1.3081,1.31109,1.30768,1.31042,69439
2020-08-17 16:00:00+00:00,1.31052,1.31141,1.30884,1.31141,28857
2020-08-17 20:00:00+00:00,1.31101,1.31128,1.30941,1.31063,10977
2020-08-18 00:00:00+00:00,1.31056,1.3137,1.31056,1.31289,31531
2020-08-18 04:00:00+00:00,1.31297,1.31695,1.31297,1.31569,56208
2020-08-18 08:00:00+00:00,1.31598,1.31799,1.31526,1.31777,75882
2020-08-18 12:00:00+00:00,1.31773,1.32395,1.31724,1.32261,100213
2020-08-18 16:00:00+00:00,1.32263,1.32476,1.32233,1.32394,39090
2020-08-18 20:00:00+00:00,1.32387,1.32544,1.32266,1.32526,14444
2020-08-19 00:00:00+00:00,1.32516,1.32623,1.32357,1.32377,34122
2020-08-19 04:00:00+00:00,1.32381,1.32646,1.32293,1.32529,50498
2020-08-19 08:00:00+00:00,1.32516,1.32642,1.31973,1.3211,70441
2020-08-19 12:00:00+00:00,1.32058,1.3226,1.31725,1.31912,80197
2020-08-19 16:00:00+00:00,1.31885,1.31895,1.30953,1.3101,102259
2020-08-19 20:00:00+00:00,1.30975,1.31186,1.30905,1.31094,20881
2020-08-20 00:00:00+00:00,1.31042,1.31144,1.30882,1.31068,41901
2020-08-20 04:00:00+00:00,1.31073,1.31091,1.30658,1.30912,63126
2020-08-20 08:00:00+00:00,1.30872,1.31487,1.30711,1.31441,96080
2020-08-20 12:00:00+00:00,1.31423,1.3189,1.3081,1.3189,120472
2020-08-20 16:00:00+00:00,1.31957,1.32219,1.31853,1.32219,60889
2020-08-20 20:00:00+00:00,1.32204,1.32232,1.32077,1.32184,18114
2020-08-21 00:00:00+00:00,1.32197,1.32353,1.32197,1.32322,34805
2020-08-21 04:00:00+00:00,1.32323,1.32544,1.32195,1.32279,72129
2020-08-21 08:00:00+00:00,1.32259,1.32259,1.3108,1.31086,117097
2020-08-21 12:00:00+00:00,1.31096,1.31154,1.30624,1.30981,120307
2020-08-21 16:00:00+00:00,1.30947,1.30975,1.30718,1.30877,40837
2020-08-21 20:00:00+00:00,1.30882,1.30964,1.30854,1.30854,4680
2020-08-23 20:00:00+00:00,1.308,1.31006,1.308,1.30924,7302
2020-08-24 00:00:00+00:00,1.30913,1.30974,1.30826,1.30845,25577
2020-08-24 04:00:00+00:00,1.30844,1.3115,1.30844,1.3103,45270
2020-08-24 08:00:00+00:00,1.31058,1.31385,1.30797,1.31385,63594
2020-08-24 12:00:00+00:00,1.31418,1.31471,1.30618,1.30785,82014
2020-08-24 16:00:00+00:00,1.30731,1.30756,1.30541,1.30686,42281
2020-08-24 20:00:00+00:00,1.30638,1.30721,1.3055,1.30706,10530
2020-08-25 00:00:00+00:00,1.30713,1.31067,1.30593,1.31046,36880
2020-08-25 04:00:00+00:00,1.31119,1.31129,1.30775,1.31022,45217
2020-08-25 08:00:00+00:00,1.3103,1.31409,1.30825,1.31339,71568
2020-08-25 12:00:00+00:00,1.31347,1.3169,1.31146,1.3136,99826
2020-08-25 16:00:00+00:00,1.31354,1.31493,1.31213,1.31437,35428
2020-08-25 20:00:00+00:00,1.31449,1.31573,1.31419,1.31499,9022
2020-08-26 00:00:00+00:00,1.31478,1.31526,1.31323,1.31341,30101
2020-08-26 04:00:00+00:00,1.31349,1.31642,1.31258,1.31459,42248
2020-08-26 08:00:00+00:00,1.31486,1.3164,1.31408,1.31438,59353
2020-08-26 12:00:00+00:00,1.3145,1.32131,1.31184,1.31854,89039
2020-08-26 16:00:00+00:00,1.31865,1.32186,1.31855,1.32099,43286
2020-08-26 20:00:00+00:00,1.32089,1.32196,1.31996,1.32187,9962
2020-08-27 00:00:00+00:00,1.32185,1.32221,1.31953,1.32095,36176
2020-08-27 04:00:00+00:00,1.32105,1.32278,1.31987,1.32189,43001
2020-08-27 08:00:00+00:00,1.32223,1.3226,1.31668,1.3199,63711
2020-08-27 12:00:00+00:00,1.31983,1.32796,1.31688,1.32288,221451
2020-08-27 16:00:00+00:00,1.32255,1.32264,1.31825,1.31965,78688
2020-08-27 20:00:00+00:00,1.31976,1.32061,1.3193,1.32003,15146
2020-08-28 00:00:00+00:00,1.31977,1.32476,1.31885,1.32476,40266
2020-08-28 04:00:00+00:00,1.32474,1.32875,1.32384,1.32694,88833
2020-08-28 08:00:00+00:00,1.32652,1.33165,1.32563,1.33109,86397
2020-08-28 12:00:00+00:00,1.33109,1.33539,1.32639,1.33404,123650
2020-08-28 16:00:00+00:00,1.33381,1.33502,1.33232,1.33497,38761
2020-08-28 20:00:00+00:00,1.3348,1.33529,1.33468,1.33479,3836
2020-08-30 20:00:00+00:00,1.3333,1.3358,1.3333,1.33549,13300
2020-08-31 00:00:00+00:00,1.33572,1.33648,1.33335,1.33558,41493
2020-08-31 04:00:00+00:00,1.33548,1.33548,1.3309,1.3313,45908
2020-08-31 08:00:00+00:00,1.33109,1.3338,1.3303,1.33316,60608
2020-08-31 12:00:00+00:00,1.33265,1.3391,1.33091,1.33755,103255
2020-08-31 16:00:00+00:00,1.33752,1.33833,1.33603,1.33643,45522
2020-08-31 20:00:00+00:00,1.3368,1.33713,1.33611,1.33631,12720
2020-09-01 00:00:00+00:00,1.33641,1.34122,1.33581,1.34083,50131
2020-09-01 04:00:00+00:00,1.34089,1.3441,1.33955,1.34338,65653
2020-09-01 08:00:00+00:00,1.34278,1.34797,1.34095,1.34708,87279
2020-09-01 12:00:00+00:00,1.34694,1.34765,1.34087,1.34143,120998
2020-09-01 16:00:00+00:00,1.34125,1.34165,1.33692,1.33824,65040
2020-09-01 20:00:00+00:00,1.33821,1.34018,1.33731,1.33996,19018
2020-09-02 00:00:00+00:00,1.33995,1.33995,1.33664,1.33784,35957
2020-09-02 04:00:00+00:00,1.33778,1.33831,1.33276,1.33361,54125
2020-09-02 08:00:00+00:00,1.33381,1.33688,1.33357,1.33416,78416
2020-09-02 12:00:00+00:00,1.33456,1.33617,1.32837,1.33164,121830
2020-09-02 16:00:00+00:00,1.3312,1.33471,1.33072,1.33471,60037
2020-09-02 20:00:00+00:00,1.33454,1.33549,1.33447,1.33478,10461
2020-09-03 00:00:00+00:00,1.33474,1.33474,1.33229,1.33261,33228
2020-09-03 04:00:00+00:00,1.33246,1.33306,1.32783,1.33004,65816
2020-09-03 08:00:00+00:00,1.33023,1.33171,1.32452,1.32568,79461
2020-09-03 12:00:00+00:00,1.32523,1.32935,1.32465,1.32606,126645
2020-09-03 16:00:00+00:00,1.32627,1.32837,1.32541,1.32783,48105
2020-09-03 20:00:00+00:00,1.3279,1.32811,1.32616,1.32635,12543
2020-09-04 00:00:00+00:00,1.32666,1.32961,1.32658,1.32801,25753
2020-09-04 04:00:00+00:00,1.32762,1.32962,1.32589,1.32927,49330
2020-09-04 08:00:00+00:00,1.32932,1.33176,1.32563,1.32614,73004
2020-09-04 12:00:00+00:00,1.32588,1.32699,1.31769,1.32306,172220
2020-09-04 16:00:00+00:00,1.32299,1.32916,1.3225,1.32808,63471
2020-09-04 20:00:00+00:00,1.32792,1.32819,1.32743,1.32765,3574
2020-09-06 20:00:00+00:00,1.32486,1.3265,1.32395,1.32468,12500
2020-09-07 00:00:00+00:00,1.32479,1.32575,1.3238,1.32435,27026
2020-09-07 04:00:00+00:00,1.32432,1.32432,1.32005,1.32294,46314
2020-09-07 08:00:00+00:00,1.32263,1.32374,1.31462,1.31639,68181
2020-09-07 12:00:00+00:00,1.31617,1.31815,1.31432,1.31622,45841
2020-09-07 16:00:00+00:00,1.31615,1.31743,1.31603,1.31654,24052
2020-09-07 20:00:00+00:00,1.31674,1.31696,1.3157,1.31607,20683
2020-09-08 00:00:00+00:00,1.31616,1.31652,1.31406,1.31468,24548
2020-09-08 04:00:00+00:00,1.3146,1.3158,1.31254,1.31411,50819
2020-09-08 08:00:00+00:00,1.314,1.3141,1.30223,1.30365,104585
2020-09-08 12:00:00+00:00,1.30369,1.30532,1.30133,1.30362,135982
2020-09-08 16:00:00+00:00,1.30371,1.3053,1.29852,1.29872,55447
2020-09-08 20:00:00+00:00,1.29922,1.2996,1.29521,1.29646,18936
2020-09-09 00:00:00+00:00,1.29675,1.29731,1.2953,1.2963,31923
2020-09-09 04:00:00+00:00,1.2963,1.29723,1.29216,1.29531,57655
2020-09-09 08:00:00+00:00,1.29501,1.29599,1.28874,1.2894,74368
2020-09-09 12:00:00+00:00,1.28883,1.30172,1.28883,1.3011,151948
2020-09-09 16:00:00+00:00,1.30094,1.30216,1.2986,1.30003,51971
2020-09-09 20:00:00+00:00,1.29996,1.30085,1.29858,1.2998,12125
2020-09-10 00:00:00+00:00,1.29971,1.3005,1.29774,1.29935,28495
2020-09-10 04:00:00+00:00,1.29932,1.30324,1.29888,1.29973,48478
2020-09-10 08:00:00+00:00,1.29946,1.30327,1.29511,1.29642,79288
2020-09-10 12:00:00+00:00,1.29631,1.29881,1.2844,1.28456,182978
2020-09-10 16:00:00+00:00,1.28473,1.28528,1.27742,1.279,104357
2020-09-10 20:00:00+00:00,1.2791,1.28186,1.27891,1.28069,21916
2020-09-11 00:00:00+00:00,1.2811,1.28277,1.27956,1.28277,31915
2020-09-11 04:00:00+00:00,1.28256,1.28576,1.28101,1.28313,49726
2020-09-11 08:00:00+00:00,1.2831,1.28532,1.27649,1.28252,98825
2020-09-11 12:00:00+00:00,1.28294,1.28317,1.27758,1.27863,103874
2020-09-11 16:00:00+00:00,1.27832,1.28056,1.27766,1.27981,59144
2020-09-11 20:00:00+00:00,1.27961,1.2802,1.27935,1.27935,3746
2020-09-13 20:00:00+00:00,1.27746,1.28108,1.27746,1.28066,6640
2020-09-14 00:00:00+00:00,1.28095,1.28264,1.27919,1.28204,25432
2020-09-14 04:00:00+00:00,1.28185,1.28474,1.28124,1.28444,42437
2020-09-14 08:00:00+00:00,1.28407,1.28807,1.28407,1.28755,72559
2020-09-14 12:00:00+00:00,1.28718,1.29131,1.28551,1.28749,89107
2020-09-14 16:00:00+00:00,1.2877,1.28789,1.28518,1.28548,41997
2020-09-14 20:00:00+00:00,1.28555,1.28574,1.28356,1.28482,9561
2020-09-15 00:00:00+00:00,1.2846,1.28602,1.28157,1.28565,34576
2020-09-15 04:00:00+00:00,1.28562,1.28796,1.28447,1.28763,49812
2020-09-15 08:00:00+00:00,1.28832,1.29247,1.28783,1.29119,76414
2020-09-15 12:00:00+00:00,1.29083,1.29187,1.28427,1.28638,93104
2020-09-15 16:00:00+00:00,1.28654,1.29055,1.28613,1.28872,41801
2020-09-15 20:00:00+00:00,1.28867,1.28918,1.2877,1.28831,8155
2020-09-16 00:00:00+00:00,1.28814,1.29132,1.2878,1.29027,30913
2020-09-16 04:00:00+00:00,1.2903,1.29061,1.28775,1.28953,36069
2020-09-16 08:00:00+00:00,1.28946,1.29797,1.28923,1.29795,72073
2020-09-16 12:00:00+00:00,1.29785,1.3007,1.29619,1.29793,109816
2020-09-16 16:00:00+00:00,1.29785,1.29899,1.29383,1.29616,140134
2020-09-16 20:00:00+00:00,1.29629,1.29737,1.29545,1.29604,13404
2020-09-17 00:00:00+00:00,1.29598,1.29598,1.2905,1.29134,61939
2020-09-17 04:00:00+00:00,1.29134,1.29614,1.29101,1.29447,74958
2020-09-17 08:00:00+00:00,1.29457,1.29815,1.2885,1.29031,118238
2020-09-17 12:00:00+00:00,1.28952,1.29681,1.28678,1.29531,142270
2020-09-17 16:00:00+00:00,1.29556,1.29735,1.29377,1.29735,56177
2020-09-17 20:00:00+00:00,1.29726,1.29874,1.29626,1.29749,19788
2020-09-18 00:00:00+00:00,1.29805,1.29919,1.2942,1.29592,39810
2020-09-18 04:00:00+00:00,1.29567,1.29936,1.2953,1.29687,51558
2020-09-18 08:00:00+00:00,1.29684,1.29997,1.29596,1.2971,72863
2020-09-18 12:00:00+00:00,1.29719,1.29771,1.29348,1.29485,116566
2020-09-18 16:00:00+00:00,1.29484,1.29568,1.29154,1.29225,59081
2020-09-18 20:00:00+00:00,1.29219,1.29256,1.2913,1.2913,4163
2020-09-20 20:00:00+00:00,1.2923,1.2938,1.29223,1.29324,9739
2020-09-21 00:00:00+00:00,1.29337,1.29599,1.29301,1.29585,36350
2020-09-21 04:00:00+00:00,1.29578,1.29658,1.28979,1.28979,69808
2020-09-21 08:00:00+00:00,1.28968,1.28987,1.28353,1.28682,120476
2020-09-21 12:00:00+00:00,1.28666,1.28712,1.27804,1.27942,154396
2020-09-21 16:00:00+00:00,1.27965,1.28179,1.27771,1.2815,69859
2020-09-21 20:00:00+00:00,1.28144,1.2823,1.28051,1.2818,12642
2020-09-22 00:00:00+00:00,1.28162,1.28234,1.28003,1.28214,43074
2020-09-22 04:00:00+00:00,1.28194,1.28217,1.27169,1.27562,87155
2020-09-22 08:00:00+00:00,1.27543,1.2863,1.27543,1.28092,115410
2020-09-22 12:00:00+00:00,1.28003,1.28185,1.27111,1.27243,138721
2020-09-22 16:00:00+00:00,1.27253,1.274,1.27146,1.27392,52811
2020-09-22 20:00:00+00:00,1.27392,1.27447,1.27258,1.27424,12615
2020-09-23 00:00:00+00:00,1.27434,1.27466,1.27167,1.27236,46739
2020-09-23 04:00:00+00:00,1.27216,1.27265,1.26827,1.26982,82117
2020-09-23 08:00:00+00:00,1.2701,1.27416,1.2679,1.27245,97638
2020-09-23 12:00:00+00:00,1.27231,1.27749,1.27156,1.27522,118016
2020-09-23 16:00:00+00:00,1.27512,1.27735,1.27082,1.27197,69576
2020-09-23 20:00:00+00:00,1.27198,1.27282,1.27113,1.2714,16180
2020-09-24 00:00:00+00:00,1.27156,1.27379,1.27113,1.27138,42358
2020-09-24 04:00:00+00:00,1.27135,1.27341,1.26918,1.27307,63049
2020-09-24 08:00:00+00:00,1.27351,1.27773,1.27083,1.27436,92653
2020-09-24 12:00:00+00:00,1.27389,1.27755,1.27086,1.27372,143594
2020-09-24 16:00:00+00:00,1.27391,1.27735,1.27342,1.27441,71945
2020-09-24 20:00:00+00:00,1.2744,1.27582,1.27326,1.27556,13893
2020-09-25 00:00:00+00:00,1.2755,1.27604,1.27445,1.27475,31521
2020-09-25 04:00:00+00:00,1.27466,1.28012,1.27466,1.27845,60010
2020-09-25 08:00:00+00:00,1.27822,1.27863,1.2696,1.27402,85879
2020-09-25 12:00:00+00:00,1.27379,1.27484,1.26886,1.27048,107684
2020-09-25 16:00:00+00:00,1.27078,1.27473,1.26956,1.27473,52508
2020-09-25 20:00:00+00:00,1.2748,1.27497,1.27402,1.27403,5412
2020-09-27 20:00:00+00:00,1.27562,1.27698,1.27546,1.27642,8151
2020-09-28 00:00:00+00:00,1.27639,1.27723,1.27523,1.27723,26547
2020-09-28 04:00:00+00:00,1.27737,1.28002,1.27635,1.27958,43818
2020-09-28 08:00:00+00:00,1.2791,1.29231,1.27891,1.29051,92331
2020-09-28 12:00:00+00:00,1.29061,1.29071,1.28377,1.2864,99508
2020-09-28 16:00:00+00:00,1.28583,1.28583,1.2829,1.28356,41655
2020-09-28 20:00:00+00:00,1.28337,1.28797,1.28287,1.28732,16628
2020-09-29 00:00:00+00:00,1.28708,1.28758,1.28371,1.28579,25987
2020-09-29 04:00:00+00:00,1.28578,1.2882,1.28361,1.2882,53252
2020-09-29 08:00:00+00:00,1.28787,1.28876,1.28433,1.28649,79937
2020-09-29 12:00:00+00:00,1.28612,1.28889,1.28354,1.28455,122670
2020-09-29 16:00:00+00:00,1.2844,1.2869,1.28302,1.28539,53011
2020-09-29 20:00:00+00:00,1.28543,1.28682,1.28517,1.28649,14366
2020-09-30 00:00:00+00:00,1.28664,1.28716,1.28368,1.28368,38443
2020-09-30 04:00:00+00:00,1.28378,1.28492,1.28109,1.28175,59422
2020-09-30 08:00:00+00:00,1.28205,1.28551,1.28122,1.28271,81163
2020-09-30 12:00:00+00:00,1.28252,1.2942,1.28173,1.29186,140119
2020-09-30 16:00:00+00:00,1.29149,1.29215,1.2897,1.29045,78593
2020-09-30 20:00:00+00:00,1.29025,1.2927,1.28996,1.29159,14417
2020-10-01 00:00:00+00:00,1.29176,1.29414,1.29139,1.29357,29047
2020-10-01 04:00:00+00:00,1.29341,1.29496,1.28794,1.28903,62414
2020-10-01 08:00:00+00:00,1.28878,1.29729,1.28215,1.29655,147637
2020-10-01 12:00:00+00:00,1.29621,1.29779,1.28625,1.29004,153281
2020-10-01 16:00:00+00:00,1.28943,1.29004,1.28742,1.28882,63999
2020-10-01 20:00:00+00:00,1.28901,1.28943,1.28757,1.28854,8729
2020-10-02 00:00:00+00:00,1.28873,1.28886,1.28576,1.28623,26899
2020-10-02 04:00:00+00:00,1.28621,1.29327,1.28384,1.29151,111074
2020-10-02 08:00:00+00:00,1.29124,1.29522,1.29036,1.29402,110946
2020-10-02 12:00:00+00:00,1.29364,1.29448,1.2896,1.29271,142520
2020-10-02 16:00:00+00:00,1.29261,1.29435,1.2924,1.29336,56529
2020-10-02 20:00:00+00:00,1.29324,1.29415,1.29267,1.29287,4425
2020-10-04 20:00:00+00:00,1.2934,1.2934,1.29125,1.29289,9512
2020-10-05 00:00:00+00:00,1.29285,1.29505,1.29277,1.29383,27202
2020-10-05 04:00:00+00:00,1.29372,1.29403,1.29005,1.29319,40545
2020-10-05 08:00:00+00:00,1.29311,1.29642,1.29311,1.29527,67388
2020-10-05 12:00:00+00:00,1.29494,1.29893,1.29491,1.29694,81664
2020-10-05 16:00:00+00:00,1.29724,1.29897,1.29662,1.29831,31109
2020-10-05 20:00:00+00:00,1.29815,1.29926,1.29706,1.29926,9474
2020-10-06 00:00:00+00:00,1.29937,1.29993,1.29813,1.29888,26895
2020-10-06 04:00:00+00:00,1.29886,1.30062,1.2978,1.29796,47214
2020-10-06 08:00:00+00:00,1.29797,1.29985,1.29215,1.29521,96527
2020-10-06 12:00:00+00:00,1.29544,1.29787,1.29256,1.29441,109770
2020-10-06 16:00:00+00:00,1.29423,1.29563,1.28907,1.29076,101740
2020-10-06 20:00:00+00:00,1.29066,1.29066,1.28651,1.28837,20563
2020-10-07 00:00:00+00:00,1.28845,1.28891,1.28699,1.28827,31930
2020-10-07 04:00:00+00:00,1.28838,1.29292,1.28837,1.29271,51390
2020-10-07 08:00:00+00:00,1.29282,1.29282,1.28498,1.28773,79769
2020-10-07 12:00:00+00:00,1.28739,1.29277,1.28627,1.29127,120771
2020-10-07 16:00:00+00:00,1.29122,1.29244,1.29037,1.29087,45523
2020-10-07 20:00:00+00:00,1.29085,1.29225,1.29071,1.29161,11579
2020-10-08 00:00:00+00:00,1.29171,1.29338,1.29135,1.29297,26540
2020-10-08 04:00:00+00:00,1.29301,1.29559,1.2925,1.29394,48587
2020-10-08 08:00:00+00:00,1.29416,1.2969,1.28947,1.29041,79284
2020-10-08 12:00:00+00:00,1.29038,1.29474,1.29019,1.29422,88312
2020-10-08 16:00:00+00:00,1.2941,1.29467,1.2929,1.29319,32298
2020-10-08 20:00:00+00:00,1.2933,1.29393,1.29121,1.29393,14953
2020-10-09 00:00:00+00:00,1.29396,1.29582,1.29361,1.29561,23981
2020-10-09 04:00:00+00:00,1.29552,1.29671,1.29389,1.29579,40457
2020-10-09 08:00:00+00:00,1.29623,1.29686,1.29258,1.29427,82331
2020-10-09 12:00:00+00:00,1.29402,1.30135,1.29327,1.30034,81443
2020-10-09 16:00:00+00:00,1.29973,1.30445,1.29973,1.30424,41172
2020-10-09 20:00:00+00:00,1.30387,1.30491,1.30332,1.30418,5962
2020-10-11 20:00:00+00:00,1.3023,1.30369,1.3023,1.30303,9706
2020-10-12 00:00:00+00:00,1.30284,1.30334,1.30205,1.30319,26446
2020-10-12 04:00:00+00:00,1.30325,1.30583,1.30267,1.30314,44475
2020-10-12 08:00:00+00:00,1.30303,1.3037,1.30058,1.30207,58651
2020-10-12 12:00:00+00:00,1.30243,1.30805,1.30221,1.30616,74795
2020-10-12 16:00:00+00:00,1.30587,1.30719,1.30584,1.30649,37305
2020-10-12 20:00:00+00:00,1.30668,1.30677,1.30572,1.30645,9114
2020-10-13 00:00:00+00:00,1.30639,1.30675,1.30377,1.30435,34887
2020-10-13 04:00:00+00:00,1.30426,1.3056,1.30225,1.30225,53096
2020-10-13 08:00:00+00:00,1.30198,1.30654,1.30176,1.30311,87583
2020-10-13 12:00:00+00:00,1.303,1.303,1.29608,1.29698,118923
2020-10-13 16:00:00+00:00,1.29679,1.29681,1.29231,1.294,53142
2020-10-13 20:00:00+00:00,1.2938,1.29381,1.29302,1.29353,5013
2020-10-14 04:00:00+00:00,1.29226,1.2925,1.28645,1.2887,50353
2020-10-14 08:00:00+00:00,1.28859,1.29863,1.28859,1.29825,107890
2020-10-14 12:00:00+00:00,1.29803,1.30622,1.29778,1.30212,105193
2020-10-14 16:00:00+00:00,1.30241,1.30339,1.30089,1.30295,51458
2020-10-14 20:00:00+00:00,1.30299,1.30306,1.30072,1.30117,17781
2020-10-15 00:00:00+00:00,1.3013,1.30297,1.30104,1.30119,15636
2020-10-15 04:00:00+00:00,1.30122,1.30247,1.29906,1.30033,51474
2020-10-15 08:00:00+00:00,1.30002,1.30101,1.29102,1.29269,108904
2020-10-15 12:00:00+00:00,1.29265,1.29532,1.28919,1.29156,130122
2020-10-15 16:00:00+00:00,1.29139,1.29357,1.28929,1.29002,64358
2020-10-15 20:00:00+00:00,1.29007,1.29088,1.28961,1.29032,11444
2020-10-16 00:00:00+00:00,1.29023,1.29077,1.2887,1.2894,31465
2020-10-16 04:00:00+00:00,1.28944,1.29408,1.28834,1.29337,51982
2020-10-16 08:00:00+00:00,1.29332,1.29613,1.28684,1.29133,142164
2020-10-16 12:00:00+00:00,1.29133,1.29327,1.28803,1.29282,104145
2020-10-16 16:00:00+00:00,1.29292,1.29458,1.2907,1.29282,40919
2020-10-16 20:00:00+00:00,1.29271,1.29271,1.29075,1.29146,5685
2020-10-18 20:00:00+00:00,1.289,1.29279,1.289,1.29257,11529
2020-10-19 00:00:00+00:00,1.29306,1.29443,1.29252,1.29276,27449
2020-10-19 04:00:00+00:00,1.29285,1.2977,1.29235,1.29699,42812
2020-10-19 08:00:00+00:00,1.29706,1.30168,1.29673,1.30122,80077
2020-10-19 12:00:00+00:00,1.30137,1.30221,1.29822,1.29963,110663
2020-10-19 16:00:00+00:00,1.29964,1.30045,1.29407,1.29416,58988
2020-10-19 20:00:00+00:00,1.29408,1.29547,1.29356,1.29475,25620
2020-10-20 00:00:00+00:00,1.29472,1.29577,1.29356,1.29508,27346
2020-10-20 04:00:00+00:00,1.29517,1.29563,1.29204,1.29432,47154
2020-10-20 08:00:00+00:00,1.29429,1.29784,1.2926,1.2937,74761
2020-10-20 12:00:00+00:00,1.2936,1.29739,1.29121,1.29501,99274
2020-10-20 16:00:00+00:00,1.29493,1.29542,1.2931,1.29404,43448
2020-10-20 20:00:00+00:00,1.29393,1.29572,1.29346,1.29557,15309
2020-10-21 00:00:00+00:00,1.29567,1.29782,1.2954,1.29781,26415
2020-10-21 04:00:00+00:00,1.2978,1.30488,1.29721,1.30468,54709
2020-10-21 08:00:00+00:00,1.30564,1.30721,1.30361,1.30585,76062
2020-10-21 12:00:00+00:00,1.30585,1.31689,1.30558,1.3142,111336
2020-10-21 16:00:00+00:00,1.31466,1.31744,1.31451,1.31451,66547
2020-10-21 20:00:00+00:00,1.31459,1.31506,1.31274,1.31292,18759
2020-10-22 00:00:00+00:00,1.31304,1.31423,1.31241,1.31251,31065
2020-10-22 04:00:00+00:00,1.31251,1.31491,1.31185,1.31403,46400
2020-10-22 08:00:00+00:00,1.31388,1.31393,1.30842,1.30972,82193
2020-10-22 12:00:00+00:00,1.30953,1.31174,1.30713,1.30871,95823
2020-10-22 16:00:00+00:00,1.30853,1.31003,1.30736,1.30761,39529
2020-10-22 20:00:00+00:00,1.30759,1.30852,1.30743,1.30778,12522
2020-10-23 00:00:00+00:00,1.3077,1.3077,1.30568,1.30665,30582
2020-10-23 04:00:00+00:00,1.3066,1.30976,1.3052,1.30917,43847
2020-10-23 08:00:00+00:00,1.30901,1.31115,1.30598,1.30674,74114
2020-10-23 12:00:00+00:00,1.30663,1.31169,1.30204,1.30387,99215
2020-10-23 16:00:00+00:00,1.30351,1.30455,1.30204,1.30455,38581
2020-10-23 20:00:00+00:00,1.30459,1.3054,1.30399,1.304,4584
2020-11-15 16:00:00+00:00,1.31861,1.32236,1.3174,1.32117,15864
2020-11-15 20:00:00+00:00,1.32116,1.32336,1.32109,1.32265,29660
2020-11-16 00:00:00+00:00,1.32263,1.32395,1.32052,1.32087,42312
2020-11-16 04:00:00+00:00,1.32094,1.3212,1.31678,1.31696,93962
2020-11-16 08:00:00+00:00,1.31693,1.32024,1.3168,1.31944,95669
2020-11-16 12:00:00+00:00,1.31925,1.31983,1.31868,1.3197,32735
2020-11-16 16:00:00+00:00,1.31977,1.32315,1.3184,1.32182,27938
2020-11-16 20:00:00+00:00,1.32197,1.32274,1.32092,1.32216,32675
2020-11-17 00:00:00+00:00,1.3222,1.32264,1.31947,1.32221,47260
2020-11-17 04:00:00+00:00,1.3223,1.32717,1.32171,1.32587,75519
2020-11-17 08:00:00+00:00,1.3264,1.32672,1.32422,1.32463,84232
2020-11-17 12:00:00+00:00,1.3248,1.32594,1.32396,1.32518,32325
2020-11-17 16:00:00+00:00,1.3252,1.32619,1.32419,1.32489,19570
2020-11-17 20:00:00+00:00,1.32485,1.32617,1.32441,1.32611,22746
2020-11-18 00:00:00+00:00,1.32612,1.32903,1.32585,1.32817,28066
2020-11-18 04:00:00+00:00,1.32814,1.32951,1.32658,1.32765,58741
2020-11-18 08:00:00+00:00,1.32761,1.33103,1.32642,1.32978,69383
2020-11-18 12:00:00+00:00,1.32978,1.32979,1.32657,1.32689,35092
2020-11-18 16:00:00+00:00,1.32724,1.32726,1.32304,1.3232,18867
2020-11-18 20:00:00+00:00,1.32306,1.32449,1.32248,1.32339,30828
2020-11-19 00:00:00+00:00,1.32338,1.32479,1.32056,1.32098,52211
2020-11-19 04:00:00+00:00,1.32067,1.3264,1.32057,1.32321,72128
2020-11-19 08:00:00+00:00,1.32288,1.32402,1.31985,1.32242,84989
2020-11-19 12:00:00+00:00,1.32232,1.32786,1.3222,1.3274,38225
2020-11-19 16:00:00+00:00,1.32722,1.32733,1.32471,1.32543,19374
2020-11-19 20:00:00+00:00,1.32545,1.32769,1.32531,1.3276,25047
2020-11-20 00:00:00+00:00,1.32759,1.32859,1.32496,1.32659,50895
2020-11-20 04:00:00+00:00,1.32664,1.32879,1.32603,1.32748,73098
2020-11-20 08:00:00+00:00,1.32727,1.32962,1.32577,1.3293,64000
2020-11-20 12:00:00+00:00,1.32933,1.32941,1.32684,1.32931,31497
2020-11-20 16:00:00+00:00,1.32914,1.32944,1.32814,1.32832,3768
2020-11-22 16:00:00+00:00,1.3289,1.331,1.32776,1.33084,13192
2020-11-22 20:00:00+00:00,1.33093,1.33264,1.33089,1.3315,19901
2020-11-23 00:00:00+00:00,1.3315,1.33748,1.33141,1.33707,44944
2020-11-23 04:00:00+00:00,1.33743,1.33945,1.33525,1.33929,76395
2020-11-23 08:00:00+00:00,1.339,1.33969,1.3265,1.32987,104930
2020-11-23 12:00:00+00:00,1.32981,1.33308,1.32937,1.33176,43151
2020-11-23 16:00:00+00:00,1.33162,1.33343,1.3315,1.33236,16205
2020-11-23 20:00:00+00:00,1.33303,1.33372,1.33223,1.3335,33844
2020-11-24 00:00:00+00:00,1.33347,1.33767,1.33303,1.3373,45483
2020-11-24 04:00:00+00:00,1.33717,1.3379,1.33168,1.33235,73760
2020-11-24 08:00:00+00:00,1.33248,1.33597,1.32933,1.33487,86729
2020-11-24 12:00:00+00:00,1.33496,1.33619,1.33298,1.33615,37411
2020-11-24 16:00:00+00:00,1.33574,1.33659,1.33556,1.33608,16043
2020-11-24 20:00:00+00:00,1.33602,1.33663,1.33544,1.33549,30010
2020-11-25 00:00:00+00:00,1.33544,1.33834,1.33316,1.33435,59387
2020-11-25 04:00:00+00:00,1.33495,1.33553,1.33053,1.33489,72112
2020-11-25 08:00:00+00:00,1.33509,1.33909,1.3328,1.33759,90782
2020-11-25 12:00:00+00:00,1.33737,1.33932,1.33731,1.33915,36145
2020-11-25 16:00:00+00:00,1.33878,1.3391,1.33715,1.33879,13461
2020-11-25 20:00:00+00:00,1.33907,1.33971,1.33836,1.3388,19567
2020-11-26 00:00:00+00:00,1.33883,1.33969,1.33552,1.33582,34274
2020-11-26 04:00:00+00:00,1.33578,1.33749,1.3343,1.33472,47301
2020-11-26 08:00:00+00:00,1.33478,1.33552,1.33227,1.33552,41544
2020-11-26 12:00:00+00:00,1.33555,1.33621,1.33467,1.33554,18704
2020-11-26 16:00:00+00:00,1.33565,1.33593,1.33491,1.3351,17840
2020-11-26 20:00:00+00:00,1.33514,1.33735,1.33508,1.33699,19873
2020-11-27 00:00:00+00:00,1.33694,1.33801,1.33536,1.33705,35258
2020-11-27 04:00:00+00:00,1.33677,1.33711,1.3316,1.33285,55459
2020-11-27 08:00:00+00:00,1.3328,1.33609,1.32946,1.33062,71525
2020-11-27 12:00:00+00:00,1.33087,1.33168,1.32948,1.32948,25127
2020-11-27 16:00:00+00:00,1.32918,1.33088,1.32911,1.33052,17566
2020-11-29 16:00:00+00:00,1.33279,1.33363,1.33109,1.33336,14362
2020-11-29 20:00:00+00:00,1.33334,1.33435,1.33294,1.33376,25382
2020-11-30 00:00:00+00:00,1.33385,1.33574,1.33323,1.33329,46179
2020-11-30 04:00:00+00:00,1.33302,1.33609,1.33057,1.33265,71947
2020-11-30 08:00:00+00:00,1.33257,1.33806,1.33216,1.33384,128336
2020-11-30 12:00:00+00:00,1.33393,1.33593,1.33285,1.33285,44668
2020-11-30 16:00:00+00:00,1.33304,1.33454,1.33173,1.33437,17754
2020-11-30 20:00:00+00:00,1.33445,1.33657,1.33413,1.33622,23883
2020-12-01 00:00:00+00:00,1.33622,1.3405,1.33604,1.33997,50219
2020-12-01 04:00:00+00:00,1.34028,1.34031,1.33196,1.33307,76428
2020-12-01 08:00:00+00:00,1.33353,1.34383,1.33234,1.33903,115808
2020-12-01 12:00:00+00:00,1.33916,1.34297,1.33912,1.34268,46187
2020-12-01 16:00:00+00:00,1.34261,1.34285,1.34119,1.34214,28310
2020-12-01 20:00:00+00:00,1.34195,1.34253,1.34073,1.34172,27990
2020-12-02 00:00:00+00:00,1.34164,1.34406,1.33395,1.33395,72512
2020-12-02 04:00:00+00:00,1.33397,1.33737,1.33066,1.33278,85252
2020-12-02 08:00:00+00:00,1.33342,1.33538,1.32917,1.33465,100216
2020-12-02 12:00:00+00:00,1.33494,1.33684,1.33459,1.33667,45354
2020-12-02 16:00:00+00:00,1.33661,1.3374,1.33538,1.3356,22278
2020-12-02 20:00:00+00:00,1.33571,1.3389,1.33554,1.33872,27403
2020-12-03 00:00:00+00:00,1.33871,1.3412,1.33819,1.34012,50834
2020-12-03 04:00:00+00:00,1.33988,1.34518,1.33919,1.34507,85239
2020-12-03 08:00:00+00:00,1.34532,1.34996,1.34459,1.34957,91410
2020-12-03 12:00:00+00:00,1.34907,1.34981,1.34361,1.34542,58327
2020-12-03 16:00:00+00:00,1.34531,1.34669,1.34367,1.34569,24442
2020-12-03 20:00:00+00:00,1.34593,1.34615,1.34449,1.34461,26880
2020-12-04 00:00:00+00:00,1.34453,1.34702,1.34136,1.34192,55811
2020-12-04 04:00:00+00:00,1.34215,1.34909,1.34208,1.34624,100044
2020-12-04 08:00:00+00:00,1.34634,1.35372,1.34578,1.34832,117143
2020-12-04 12:00:00+00:00,1.34837,1.34912,1.34202,1.34381,55554
2020-12-04 16:00:00+00:00,1.3435,1.34366,1.34211,1.34287,5312
2020-12-06 16:00:00+00:00,1.341,1.34285,1.341,1.34259,18331
2020-12-06 20:00:00+00:00,1.3424,1.34363,1.342,1.34207,24005
2020-12-07 00:00:00+00:00,1.34197,1.34223,1.32503,1.32503,81655
2020-12-07 04:00:00+00:00,1.32432,1.32822,1.32255,1.32701,85569
2020-12-07 08:00:00+00:00,1.32846,1.33624,1.32815,1.33528,96792
2020-12-07 12:00:00+00:00,1.33518,1.34061,1.33079,1.33783,87653
2020-12-07 16:00:00+00:00,1.3379,1.33835,1.33433,1.335,30487
2020-12-07 20:00:00+00:00,1.3352,1.33649,1.33453,1.33484,34074
2020-12-08 00:00:00+00:00,1.33509,1.33666,1.33231,1.3342,56118
2020-12-08 04:00:00+00:00,1.33472,1.33624,1.32983,1.33003,80130
2020-12-08 08:00:00+00:00,1.32991,1.33792,1.32913,1.33562,144196
2020-12-08 12:00:00+00:00,1.33546,1.33716,1.33375,1.33565,43598
2020-12-08 16:00:00+00:00,1.33562,1.33767,1.3347,1.33739,15518
2020-12-08 20:00:00+00:00,1.33742,1.33805,1.33655,1.33779,19461
2020-12-09 00:00:00+00:00,1.33779,1.34299,1.3364,1.34276,48191
2020-12-09 04:00:00+00:00,1.34238,1.34621,1.34196,1.34518,71950
2020-12-09 08:00:00+00:00,1.34512,1.34773,1.33697,1.33905,91819
2020-12-09 12:00:00+00:00,1.33872,1.3399,1.33561,1.33971,58265
2020-12-09 16:00:00+00:00,1.33969,1.34104,1.33263,1.33817,27955
2020-12-09 20:00:00+00:00,1.33827,1.33892,1.33593,1.33715,32754
2020-12-10 00:00:00+00:00,1.33697,1.33713,1.33044,1.33094,46358
2020-12-10 04:00:00+00:00,1.33059,1.33297,1.32504,1.32965,85717
2020-12-10 08:00:00+00:00,1.33016,1.33202,1.32644,1.32911,123199
2020-12-10 12:00:00+00:00,1.32955,1.33144,1.32713,1.32972,64446
2020-12-10 16:00:00+00:00,1.32974,1.33089,1.32858,1.33008,21699
2020-12-10 20:00:00+00:00,1.33043,1.33236,1.33043,1.33112,32348
2020-12-11 00:00:00+00:00,1.33124,1.33236,1.31885,1.32132,61069
2020-12-11 04:00:00+00:00,1.32166,1.32409,1.31632,1.31659,90390
2020-12-11 08:00:00+00:00,1.31668,1.32505,1.31378,1.31946,100419
2020-12-11 12:00:00+00:00,1.31953,1.32276,1.31906,1.32266,38850
2020-12-11 16:00:00+00:00,1.32241,1.32305,1.32148,1.32178,5682
2020-12-13 16:00:00+00:00,1.33538,1.33538,1.32943,1.32999,19579
2020-12-13 20:00:00+00:00,1.33,1.33358,1.32902,1.33165,25802
2020-12-14 00:00:00+00:00,1.33166,1.34054,1.33093,1.33954,52945
2020-12-14 04:00:00+00:00,1.3398,1.34433,1.33913,1.34029,64625
2020-12-14 08:00:00+00:00,1.34,1.34162,1.33104,1.33219,77355
2020-12-14 12:00:00+00:00,1.33234,1.33512,1.33197,1.33264,38924
2020-12-14 16:00:00+00:00,1.33302,1.33449,1.33108,1.33373,27619
2020-12-14 20:00:00+00:00,1.33387,1.33471,1.33249,1.33257,22670
2020-12-15 00:00:00+00:00,1.33259,1.33466,1.32827,1.3305,41150
2020-12-15 04:00:00+00:00,1.33052,1.33956,1.32915,1.33657,78465
2020-12-15 08:00:00+00:00,1.33692,1.34472,1.33611,1.34294,102826
2020-12-15 12:00:00+00:00,1.34338,1.34496,1.34053,1.34496,52453
2020-12-15 16:00:00+00:00,1.34416,1.3467,1.34357,1.34389,26704
2020-12-15 20:00:00+00:00,1.34392,1.34685,1.34348,1.34666,20000
2020-12-16 00:00:00+00:00,1.34693,1.35192,1.34499,1.35067,57617
2020-12-16 04:00:00+00:00,1.35067,1.35476,1.34923,1.35476,67054
2020-12-16 08:00:00+00:00,1.35484,1.35523,1.34843,1.35022,77984
2020-12-16 12:00:00+00:00,1.35017,1.3507,1.34526,1.34882,69057
2020-12-16 16:00:00+00:00,1.34899,1.35112,1.34891,1.35073,15545
2020-12-16 20:00:00+00:00,1.35083,1.35404,1.3508,1.35404,26235
2020-12-17 00:00:00+00:00,1.35407,1.35844,1.35383,1.35818,44538
2020-12-17 04:00:00+00:00,1.35798,1.36215,1.35716,1.35887,64756
2020-12-17 08:00:00+00:00,1.35858,1.36094,1.35634,1.36089,83369
2020-12-17 12:00:00+00:00,1.36083,1.36238,1.35457,1.35607,50855
2020-12-17 16:00:00+00:00,1.35637,1.35865,1.3556,1.35566,16557
2020-12-17 20:00:00+00:00,1.35576,1.35587,1.35198,1.35261,28836
2020-12-18 00:00:00+00:00,1.35279,1.35566,1.35139,1.3539,42040
2020-12-18 04:00:00+00:00,1.35443,1.35478,1.34915,1.35215,64016
2020-12-18 08:00:00+00:00,1.35194,1.35257,1.34725,1.34944,83100
2020-12-18 12:00:00+00:00,1.34982,1.35112,1.34858,1.34946,37809
2020-12-18 16:00:00+00:00,1.34984,1.35308,1.34845,1.35212,4745
2020-12-20 16:00:00+00:00,1.34081,1.344,1.3395,1.34089,25820
2020-12-20 20:00:00+00:00,1.34082,1.34104,1.33367,1.33624,46767
2020-12-21 00:00:00+00:00,1.33596,1.33661,1.32656,1.3269,79752
2020-12-21 04:00:00+00:00,1.32672,1.32937,1.31921,1.32813,128944
2020-12-21 08:00:00+00:00,1.32805,1.33562,1.32805,1.33525,98756
2020-12-21 12:00:00+00:00,1.33509,1.3494,1.33322,1.34534,92357
2020-12-21 16:00:00+00:00,1.34473,1.34687,1.34157,1.3422,22527
2020-12-21 20:00:00+00:00,1.34231,1.34279,1.33807,1.33878,39149
2020-12-22 00:00:00+00:00,1.33888,1.34504,1.33826,1.34319,71325
2020-12-22 04:00:00+00:00,1.34382,1.34479,1.33667,1.34156,106624
2020-12-22 08:00:00+00:00,1.34212,1.34351,1.33079,1.33469,106283
2020-12-22 12:00:00+00:00,1.33565,1.33676,1.33392,1.33625,43703
2020-12-22 16:00:00+00:00,1.33584,1.34012,1.33485,1.33766,23039
2020-12-22 20:00:00+00:00,1.33719,1.34108,1.33719,1.34012,54735
2020-12-23 00:00:00+00:00,1.33989,1.34436,1.33965,1.34202,52615
2020-12-23 04:00:00+00:00,1.34149,1.34412,1.34108,1.34256,64988
2020-12-23 08:00:00+00:00,1.3422,1.35681,1.34036,1.35089,157730
2020-12-23 12:00:00+00:00,1.3511,1.35168,1.34707,1.35058,63061
2020-12-23 16:00:00+00:00,1.35057,1.35307,1.34856,1.3529,25331
2020-12-23 20:00:00+00:00,1.35312,1.35611,1.35245,1.35492,51704
2020-12-24 00:00:00+00:00,1.35492,1.36009,1.35428,1.35948,42657
2020-12-24 04:00:00+00:00,1.35936,1.36186,1.35574,1.35806,57357
2020-12-24 08:00:00+00:00,1.35775,1.36134,1.35248,1.35472,66019
2020-12-24 12:00:00+00:00,1.35475,1.35475,1.35257,1.3531,15242
2020-12-27 16:00:00+00:00,1.35451,1.35751,1.3531,1.35334,15681
2020-12-27 20:00:00+00:00,1.35348,1.35698,1.35348,1.35626,28908
2020-12-28 00:00:00+00:00,1.35606,1.35746,1.35494,1.35529,36678
2020-12-28 04:00:00+00:00,1.35512,1.35598,1.34759,1.35099,74172
2020-12-28 08:00:00+00:00,1.35111,1.3534,1.34293,1.34456,78372
2020-12-28 12:00:00+00:00,1.34436,1.34615,1.34341,1.34384,44021
2020-12-28 16:00:00+00:00,1.34406,1.34773,1.34381,1.34686,24122
2020-12-28 20:00:00+00:00,1.34684,1.34945,1.34684,1.34904,41719
2020-12-29 00:00:00+00:00,1.34907,1.3522,1.3469,1.35061,48515
2020-12-29 04:00:00+00:00,1.35028,1.35127,1.34696,1.34883,71453
2020-12-29 08:00:00+00:00,1.34895,1.35215,1.34756,1.35104,86127
2020-12-29 12:00:00+00:00,1.35082,1.35156,1.34817,1.34971,49194
2020-12-29 16:00:00+00:00,1.34988,1.35127,1.34936,1.35101,22784
2020-12-29 20:00:00+00:00,1.35091,1.35446,1.35091,1.35423,50706
2020-12-30 00:00:00+00:00,1.35413,1.35565,1.35287,1.35522,65165
2020-12-30 04:00:00+00:00,1.35556,1.36143,1.35509,1.35948,69312
2020-12-30 08:00:00+00:00,1.3597,1.36169,1.35754,1.36028,94697
2020-12-30 12:00:00+00:00,1.3599,1.36252,1.35981,1.36176,33732
2020-12-30 16:00:00+00:00,1.36122,1.36461,1.36049,1.36442,18536
2020-12-30 20:00:00+00:00,1.36453,1.36487,1.36066,1.36144,41583
2020-12-31 00:00:00+00:00,1.36151,1.36693,1.36144,1.36675,55859
2020-12-31 04:00:00+00:00,1.36649,1.36854,1.36406,1.36622,74534
2020-12-31 08:00:00+00:00,1.36634,1.36746,1.36302,1.36638,99052
2020-12-31 12:00:00+00:00,1.36647,1.36751,1.36504,1.36561,22440
2021-01-03 20:00:00+00:00,1.36461,1.36832,1.36461,1.36805,8544
2021-01-04 00:00:00+00:00,1.36808,1.36959,1.366,1.36956,57652
2021-01-04 04:00:00+00:00,1.36953,1.37022,1.36693,1.36876,46464
2021-01-04 08:00:00+00:00,1.36852,1.37005,1.3665,1.367,83621
2021-01-04 12:00:00+00:00,1.36609,1.36686,1.35631,1.35779,115919
2021-01-04 16:00:00+00:00,1.35796,1.35916,1.35424,1.35661,84624
2021-01-04 20:00:00+00:00,1.3565,1.35786,1.35516,1.35708,28270
2021-01-05 00:00:00+00:00,1.357,1.35945,1.35618,1.35856,48075
2021-01-05 04:00:00+00:00,1.35838,1.36095,1.35623,1.35694,50684
2021-01-05 08:00:00+00:00,1.35686,1.36053,1.35544,1.35899,81073
2021-01-05 12:00:00+00:00,1.35882,1.36015,1.35608,1.35932,106650
2021-01-05 16:00:00+00:00,1.35965,1.36407,1.35947,1.36291,67361
2021-01-05 20:00:00+00:00,1.36304,1.36329,1.36147,1.36272,26170
2021-01-06 00:00:00+00:00,1.36264,1.36441,1.35921,1.36009,76046
2021-01-06 04:00:00+00:00,1.36011,1.3658,1.3601,1.3658,66200
2021-01-06 08:00:00+00:00,1.36529,1.36698,1.36214,1.36484,94738
2021-01-06 12:00:00+00:00,1.36461,1.36538,1.354,1.35505,129506
2021-01-06 16:00:00+00:00,1.35461,1.3619,1.35415,1.35988,89955
2021-01-06 20:00:00+00:00,1.36007,1.36273,1.35999,1.36237,44362
2021-01-07 00:00:00+00:00,1.36211,1.3632,1.35736,1.3601,46145
2021-01-07 04:00:00+00:00,1.36009,1.36088,1.35657,1.35806,46627
2021-01-07 08:00:00+00:00,1.35842,1.36209,1.35634,1.35678,102524
2021-01-07 12:00:00+00:00,1.35633,1.36112,1.35398,1.35483,117014
2021-01-07 16:00:00+00:00,1.35441,1.35772,1.35346,1.35705,63861
2021-01-07 20:00:00+00:00,1.35709,1.35714,1.3557,1.35685,22774
2021-01-08 00:00:00+00:00,1.35643,1.35707,1.35392,1.35628,24836
2021-01-08 04:00:00+00:00,1.35587,1.35865,1.3555,1.35776,21470
2021-01-08 08:00:00+00:00,1.35698,1.36049,1.35592,1.35924,34056
2021-01-08 12:00:00+00:00,1.35862,1.36303,1.35501,1.35894,44862
2021-01-08 16:00:00+00:00,1.35924,1.35958,1.3544,1.35627,37538
2021-01-08 20:00:00+00:00,1.3562,1.3569,1.3553,1.3566,8550
2021-01-09 08:00:00+00:00,1.3564,1.3568,1.3564,1.3568,2
2021-01-09 12:00:00+00:00,1.3564,1.3568,1.3564,1.3568,2
2021-01-10 20:00:00+00:00,1.35369,1.3567,1.351,1.35176,4044
2021-01-11 00:00:00+00:00,1.35179,1.35283,1.34979,1.35051,21549
2021-01-11 04:00:00+00:00,1.35044,1.35129,1.34824,1.34824,22393
2021-01-11 08:00:00+00:00,1.34909,1.35149,1.3484,1.34856,31939
2021-01-11 12:00:00+00:00,1.34867,1.34946,1.34548,1.34859,40011
2021-01-11 16:00:00+00:00,1.34937,1.35345,1.34794,1.35257,22864
2021-01-11 20:00:00+00:00,1.35245,1.35265,1.35025,1.35221,10212
2021-01-12 00:00:00+00:00,1.35238,1.35283,1.35047,1.35208,20245
2021-01-12 04:00:00+00:00,1.35218,1.35665,1.35153,1.35527,19855
2021-01-12 08:00:00+00:00,1.35547,1.36042,1.35391,1.35861,32342
2021-01-12 12:00:00+00:00,1.3589,1.36296,1.358,1.36168,36872
2021-01-12 16:00:00+00:00,1.3617,1.36661,1.36156,1.36628,25664
2021-01-12 20:00:00+00:00,1.36599,1.36683,1.36542,1.3666,10182
2021-01-13 00:00:00+00:00,1.36676,1.36918,1.36669,1.36872,17898
2021-01-13 04:00:00+00:00,1.36869,1.36976,1.367,1.36804,17141
2021-01-13 08:00:00+00:00,1.36779,1.36986,1.36539,1.36691,31851
2021-01-13 12:00:00+00:00,1.36704,1.36919,1.36343,1.36363,37477
2021-01-13 16:00:00+00:00,1.36367,1.36509,1.3614,1.363,23857
2021-01-13 20:00:00+00:00,1.36315,1.36492,1.36258,1.36465,11749
2021-01-14 00:00:00+00:00,1.36454,1.36544,1.3615,1.36361,21834
2021-01-14 04:00:00+00:00,1.36376,1.3658,1.36273,1.36558,21724
2021-01-14 08:00:00+00:00,1.36602,1.36785,1.36336,1.3648,29343
2021-01-14 12:00:00+00:00,1.36501,1.36793,1.362,1.36793,35563
2021-01-14 16:00:00+00:00,1.36771,1.3704,1.36685,1.36814,24953
2021-01-14 20:00:00+00:00,1.3683,1.37001,1.368,1.36821,12088
2021-01-15 00:00:00+00:00,1.368,1.36968,1.3673,1.36817,19088
2021-01-15 04:00:00+00:00,1.36807,1.36823,1.36579,1.36622,19326
2021-01-15 08:00:00+00:00,1.36611,1.36677,1.3637,1.36388,29864
2021-01-15 12:00:00+00:00,1.3639,1.36403,1.35751,1.35838,37711
2021-01-15 16:00:00+00:00,1.35795,1.36049,1.35766,1.35794,21495
2021-01-15 20:00:00+00:00,1.35814,1.35881,1.35758,1.3584,6232
2021-01-16 08:00:00+00:00,1.3587,1.3587,1.3581,1.3581,6
2021-01-16 12:00:00+00:00,1.3587,1.3587,1.3581,1.3581,2
2021-01-17 20:00:00+00:00,1.35713,1.35971,1.35699,1.35699,3235
2021-01-18 00:00:00+00:00,1.35698,1.35883,1.35658,1.35753,20452
2021-01-18 04:00:00+00:00,1.35731,1.35738,1.3551,1.35524,16865
2021-01-18 08:00:00+00:00,1.3554,1.35584,1.352,1.35485,25772
2021-01-18 12:00:00+00:00,1.35506,1.3576,1.35312,1.35744,22465
2021-01-18 16:00:00+00:00,1.3574,1.35867,1.3569,1.35858,17336
2021-01-18 20:00:00+00:00,1.35841,1.3587,1.35736,1.3582,9147
2021-01-19 00:00:00+00:00,1.35823,1.36142,1.35823,1.36058,20557
2021-01-19 04:00:00+00:00,1.36045,1.3609,1.35845,1.36034,18015
2021-01-19 08:00:00+00:00,1.3604,1.36241,1.35913,1.3614,26078
2021-01-19 12:00:00+00:00,1.3611,1.36206,1.36035,1.36181,29105
2021-01-19 16:00:00+00:00,1.3615,1.36338,1.36113,1.36306,21053
2021-01-19 20:00:00+00:00,1.36311,1.36454,1.36257,1.36428,9008
2021-01-20 00:00:00+00:00,1.36403,1.3656,1.3634,1.365,18678
2021-01-20 04:00:00+00:00,1.36493,1.36703,1.3646,1.3668,16411
2021-01-20 08:00:00+00:00,1.36707,1.37154,1.3659,1.36781,32950
2021-01-20 12:00:00+00:00,1.36785,1.36848,1.36273,1.36321,33492
2021-01-20 16:00:00+00:00,1.36309,1.36589,1.36248,1.36444,20787
2021-01-20 20:00:00+00:00,1.36431,1.36734,1.3641,1.36664,9844
2021-01-21 00:00:00+00:00,1.36647,1.36835,1.3658,1.36807,18119
2021-01-21 04:00:00+00:00,1.36816,1.37085,1.36785,1.36964,14880
2021-01-21 08:00:00+00:00,1.3694,1.37448,1.3694,1.37192,28097
2021-01-21 12:00:00+00:00,1.3716,1.37372,1.3708,1.37241,35266
2021-01-21 16:00:00+00:00,1.37263,1.37318,1.3702,1.3723,20083
2021-01-21 20:00:00+00:00,1.37209,1.37373,1.372,1.37276,10901
2021-01-22 00:00:00+00:00,1.3727,1.37354,1.37079,1.3716,18993
2021-01-22 04:00:00+00:00,1.37169,1.37175,1.3663,1.36677,16235
2021-01-22 08:00:00+00:00,1.36687,1.36978,1.36525,1.36673,29765
2021-01-22 12:00:00+00:00,1.36668,1.36751,1.36372,1.36697,29388
2021-01-22 16:00:00+00:00,1.36703,1.36911,1.3661,1.36814,18337
2021-01-22 20:00:00+00:00,1.36791,1.3687,1.36738,1.3681,4990
2021-01-24 20:00:00+00:00,1.36765,1.36899,1.36739,1.36848,3780
2021-01-25 00:00:00+00:00,1.36857,1.3705,1.36777,1.37,15692
2021-01-25 04:00:00+00:00,1.37014,1.37216,1.3698,1.37193,15895
2021-01-25 08:00:00+00:00,1.3718,1.3718,1.3668,1.36894,27567
2021-01-25 12:00:00+00:00,1.36898,1.36935,1.36543,1.36707,32267
2021-01-25 16:00:00+00:00,1.36713,1.3679,1.3649,1.36626,26721
2021-01-25 20:00:00+00:00,1.3664,1.3679,1.36593,1.3675,10495
2021-01-26 00:00:00+00:00,1.36727,1.36768,1.3659,1.36632,15585
2021-01-26 04:00:00+00:00,1.36628,1.3666,1.361,1.36116,19332
2021-01-26 08:00:00+00:00,1.3611,1.36757,1.3611,1.36739,28575
2021-01-26 12:00:00+00:00,1.36731,1.37432,1.36731,1.37415,31128
2021-01-26 16:00:00+00:00,1.37428,1.37428,1.37229,1.37312,18159
2021-01-26 20:00:00+00:00,1.37327,1.37407,1.37283,1.3739,10063
2021-01-27 00:00:00+00:00,1.37399,1.37498,1.37269,1.37285,17583
2021-01-27 04:00:00+00:00,1.37276,1.37577,1.37239,1.37533,15044
2021-01-27 08:00:00+00:00,1.37475,1.37525,1.3701,1.371,28381
2021-01-27 12:00:00+00:00,1.37102,1.372,1.3661,1.37025,40952
2021-01-27 16:00:00+00:00,1.37019,1.37241,1.36821,1.36859,32618
2021-01-27 20:00:00+00:00,1.36797,1.36958,1.3665,1.36699,19431
2021-01-28 00:00:00+00:00,1.36705,1.36828,1.36511,1.36664,25548
2021-01-28 04:00:00+00:00,1.36658,1.36795,1.36403,1.3655,20705
2021-01-28 08:00:00+00:00,1.36573,1.36725,1.36301,1.36473,34807
2021-01-28 12:00:00+00:00,1.3645,1.3732,1.364,1.37196,40011
2021-01-28 16:00:00+00:00,1.37216,1.37441,1.3711,1.37405,26985
2021-01-28 20:00:00+00:00,1.37406,1.37451,1.37159,1.37235,13731
2021-01-29 00:00:00+00:00,1.3724,1.37268,1.3703,1.3704,21823
2021-01-29 04:00:00+00:00,1.37032,1.37167,1.3693,1.3695,22515
2021-01-29 08:00:00+00:00,1.36999,1.3712,1.36567,1.37091,35993
2021-01-29 12:00:00+00:00,1.37135,1.3751,1.37003,1.37273,41715
2021-01-29 16:00:00+00:00,1.37336,1.3734,1.36962,1.37006,35746
2021-01-29 20:00:00+00:00,1.37066,1.3716,1.3692,1.37,9891
2021-01-30 20:00:00+00:00,1.3711,1.3711,1.3702,1.3702,4
2021-01-31 00:00:00+00:00,1.3704,1.3704,1.3704,1.3704,1
2021-01-31 20:00:00+00:00,1.37049,1.3708,1.36945,1.3698,4591
2021-02-01 00:00:00+00:00,1.36988,1.37356,1.3694,1.37353,20774
2021-02-01 04:00:00+00:00,1.37345,1.3752,1.37251,1.37361,18970
2021-02-01 08:00:00+00:00,1.3732,1.37568,1.36987,1.37085,34385
2021-02-01 12:00:00+00:00,1.37116,1.37261,1.36562,1.36624,33958
2021-02-01 16:00:00+00:00,1.36603,1.36865,1.36603,1.36709,24939
2021-02-01 20:00:00+00:00,1.3669,1.36781,1.36568,1.36752,12077
2021-02-02 00:00:00+00:00,1.3672,1.3697,1.36653,1.3692,20105
2021-02-02 04:00:00+00:00,1.36929,1.3693,1.36706,1.36766,16490
2021-02-02 08:00:00+00:00,1.3681,1.37096,1.36657,1.36713,29142
2021-02-02 12:00:00+00:00,1.36698,1.36802,1.36128,1.36279,34048
2021-02-02 16:00:00+00:00,1.36272,1.36555,1.36272,1.36532,23358
2021-02-02 20:00:00+00:00,1.36517,1.3668,1.36455,1.3657,12185
2021-02-03 00:00:00+00:00,1.36601,1.3682,1.3658,1.3665,17032
2021-02-03 04:00:00+00:00,1.36665,1.36709,1.36449,1.36709,15661
2021-02-03 08:00:00+00:00,1.36757,1.36757,1.36294,1.36306,26011
2021-02-03 12:00:00+00:00,1.36262,1.3666,1.36195,1.3643,33132
2021-02-03 16:00:00+00:00,1.36461,1.36611,1.3635,1.36414,18644
2021-02-03 20:00:00+00:00,1.364,1.3652,1.36321,1.36485,14081
2021-02-04 00:00:00+00:00,1.36475,1.3651,1.36063,1.36107,17290
2021-02-04 04:00:00+00:00,1.36115,1.36152,1.3585,1.35908,20569
2021-02-04 08:00:00+00:00,1.35969,1.36004,1.3567,1.35679,27870
2021-02-04 12:00:00+00:00,1.36064,1.3697,1.36064,1.36569,39355
2021-02-04 16:00:00+00:00,1.3656,1.36755,1.36509,1.3674,18360
2021-02-04 20:00:00+00:00,1.36758,1.36776,1.3658,1.36717,12146
2021-02-05 00:00:00+00:00,1.3674,1.3689,1.3667,1.36704,18059
2021-02-05 04:00:00+00:00,1.36717,1.36863,1.367,1.3681,12848
2021-02-05 08:00:00+00:00,1.3684,1.37106,1.3673,1.36882,24906
2021-02-05 12:00:00+00:00,1.36873,1.37391,1.36835,1.3723,33162
2021-02-05 16:00:00+00:00,1.37265,1.37334,1.37128,1.3727,20148
2021-02-05 20:00:00+00:00,1.3726,1.3739,1.3726,1.3734,5373
2021-02-07 20:00:00+00:00,1.37135,1.3739,1.37103,1.37366,3679
2021-02-08 00:00:00+00:00,1.37372,1.37398,1.37226,1.37323,13307
2021-02-08 04:00:00+00:00,1.37323,1.37409,1.3724,1.3735,9879
2021-02-08 08:00:00+00:00,1.3734,1.37399,1.36827,1.36827,20975
2021-02-08 12:00:00+00:00,1.36818,1.3749,1.36818,1.3739,28534
2021-02-08 16:00:00+00:00,1.37432,1.37435,1.37222,1.37431,17389
2021-02-08 20:00:00+00:00,1.37421,1.37442,1.3731,1.3744,9029
2021-02-09 00:00:00+00:00,1.37429,1.37825,1.37421,1.37759,18128
2021-02-09 04:00:00+00:00,1.37766,1.37864,1.3769,1.3783,14357
2021-02-09 08:00:00+00:00,1.3779,1.37826,1.37618,1.37772,8667
2021-02-09 12:00:00+00:00,1.3787,1.37971,1.37799,1.37955,8172
2021-02-09 16:00:00+00:00,1.37951,1.38141,1.37816,1.38119,17645
2021-02-09 20:00:00+00:00,1.38113,1.38188,1.38073,1.38151,9408
2021-02-10 00:00:00+00:00,1.38152,1.38265,1.3803,1.38218,13950
2021-02-10 04:00:00+00:00,1.38218,1.3828,1.3808,1.3828,10824
2021-02-10 08:00:00+00:00,1.383,1.38545,1.38198,1.38375,24354
2021-02-10 12:00:00+00:00,1.38332,1.38648,1.38295,1.38451,33192
2021-02-10 16:00:00+00:00,1.38443,1.38518,1.38389,1.38402,20902
2021-02-10 20:00:00+00:00,1.38394,1.384,1.38255,1.38304,9784
2021-02-11 00:00:00+00:00,1.38302,1.38449,1.3821,1.38449,8929
2021-02-11 04:00:00+00:00,1.38464,1.3858,1.38396,1.38396,10549
2021-02-11 08:00:00+00:00,1.38403,1.38403,1.3813,1.38262,20330
2021-02-11 12:00:00+00:00,1.38239,1.38436,1.38127,1.38179,23792
2021-02-11 16:00:00+00:00,1.38201,1.38201,1.3802,1.38033,21288
2021-02-11 20:00:00+00:00,1.38037,1.3819,1.3803,1.38107,9601
2021-02-12 00:00:00+00:00,1.38099,1.3813,1.37856,1.37891,12591
2021-02-12 04:00:00+00:00,1.37887,1.3801,1.37858,1.37925,11295
2021-02-12 08:00:00+00:00,1.37933,1.3804,1.37765,1.37816,20208
2021-02-12 12:00:00+00:00,1.378,1.38486,1.378,1.38476,28122
2021-02-12 16:00:00+00:00,1.38474,1.38616,1.38433,1.38485,18110
2021-02-12 20:00:00+00:00,1.38496,1.38545,1.3845,1.38528,4389
2021-02-13 00:00:00+00:00,1.3841,1.38528,1.3841,1.38528,2
2021-02-13 12:00:00+00:00,1.38488,1.38488,1.3841,1.38488,3
2021-02-14 00:00:00+00:00,1.3841,1.38428,1.3841,1.38428,2
2021-02-14 12:00:00+00:00,1.3841,1.3841,1.3841,1.3841,1
2021-02-14 20:00:00+00:00,1.38462,1.3871,1.38461,1.3869,3615
2021-02-15 00:00:00+00:00,1.3869,1.39004,1.3865,1.3897,13327
2021-02-15 04:00:00+00:00,1.38964,1.3905,1.38846,1.39026,12548
2021-02-15 08:00:00+00:00,1.39017,1.39124,1.38904,1.39057,20699
2021-02-15 12:00:00+00:00,1.39045,1.39118,1.38935,1.39118,17600
2021-02-15 16:00:00+00:00,1.39123,1.39188,1.3902,1.3906,13361
2021-02-15 20:00:00+00:00,1.39069,1.3914,1.38958,1.3914,7234
2021-02-16 00:00:00+00:00,1.39121,1.39512,1.3912,1.39488,15850
2021-02-16 04:00:00+00:00,1.39477,1.39484,1.391,1.39109,16227
2021-02-16 08:00:00+00:00,1.39194,1.39409,1.39115,1.3925,23361
2021-02-16 12:00:00+00:00,1.39239,1.39323,1.38692,1.39262,35462
2021-02-16 16:00:00+00:00,1.39304,1.3931,1.38999,1.39105,20035
2021-02-16 20:00:00+00:00,1.39083,1.3913,1.38843,1.38843,10882
2021-02-17 00:00:00+00:00,1.3882,1.38908,1.3861,1.3885,17941
2021-02-17 04:00:00+00:00,1.38842,1.38984,1.38705,1.3879,16661
2021-02-17 08:00:00+00:00,1.38817,1.39018,1.38552,1.386,25741
2021-02-17 12:00:00+00:00,1.38619,1.38837,1.38359,1.38504,34818
2021-02-17 16:00:00+00:00,1.3852,1.38629,1.38304,1.386,20962
2021-02-17 20:00:00+00:00,1.38602,1.38655,1.3854,1.3865,6666
2021-02-18 00:00:00+00:00,1.38671,1.38753,1.38467,1.38489,16711
2021-02-18 04:00:00+00:00,1.38481,1.3867,1.384,1.38634,15239
2021-02-18 08:00:00+00:00,1.3863,1.39468,1.3863,1.3942,25650
2021-02-18 12:00:00+00:00,1.39375,1.39847,1.39273,1.39458,35943
2021-02-18 16:00:00+00:00,1.3947,1.3975,1.39458,1.39743,16532
2021-02-18 20:00:00+00:00,1.39741,1.39792,1.3962,1.3965,7522
2021-02-19 00:00:00+00:00,1.39655,1.39748,1.395,1.39516,14610
2021-02-19 04:00:00+00:00,1.39523,1.39845,1.3952,1.39822,13753
2021-02-19 08:00:00+00:00,1.3983,1.40051,1.3973,1.39953,25136
2021-02-19 12:00:00+00:00,1.3996,1.40336,1.3989,1.40149,27914
2021-02-19 16:00:00+00:00,1.4012,1.40262,1.4006,1.40128,19726
2021-02-19 20:00:00+00:00,1.4012,1.40134,1.39985,1.4005,5418
2021-02-20 20:00:00+00:00,1.4015,1.4015,1.4012,1.4012,2
2021-02-21 20:00:00+00:00,1.40037,1.40311,1.4003,1.40272,4251
2021-02-22 00:00:00+00:00,1.40262,1.40484,1.40117,1.4017,16972
2021-02-22 04:00:00+00:00,1.4017,1.40264,1.3979,1.39915,16109
2021-02-22 08:00:00+00:00,1.3994,1.40419,1.39848,1.40233,24377
2021-02-22 12:00:00+00:00,1.40183,1.40685,1.40168,1.40518,29435
2021-02-22 16:00:00+00:00,1.4051,1.40849,1.40447,1.40754,17084
2021-02-22 20:00:00+00:00,1.40734,1.40739,1.4056,1.4067,10132
2021-02-23 00:00:00+00:00,1.40662,1.4082,1.40624,1.4072,13557
2021-02-23 04:00:00+00:00,1.4072,1.40853,1.4058,1.40837,12821
2021-02-23 08:00:00+00:00,1.40855,1.40959,1.4066,1.40882,25367
2021-02-23 12:00:00+00:00,1.40867,1.41133,1.40555,1.41051,26460
2021-02-23 16:00:00+00:00,1.41078,1.41163,1.4088,1.41071,19019
2021-02-23 20:00:00+00:00,1.41068,1.412,1.41045,1.41182,12071
2021-02-24 00:00:00+00:00,1.41185,1.4216,1.4115,1.41575,25204
2021-02-24 04:00:00+00:00,1.41571,1.42024,1.41505,1.41792,18370
2021-02-24 08:00:00+00:00,1.41819,1.41937,1.41209,1.41355,27750
2021-02-24 12:00:00+00:00,1.4133,1.415,1.409,1.41034,36675
2021-02-24 16:00:00+00:00,1.40988,1.41249,1.40818,1.4123,21445
2021-02-24 20:00:00+00:00,1.4123,1.4147,1.41188,1.4144,11826
2021-02-25 00:00:00+00:00,1.41423,1.41493,1.41266,1.4143,19356
2021-02-25 04:00:00+00:00,1.41434,1.41686,1.41221,1.41482,18170
2021-02-25 08:00:00+00:00,1.41507,1.4175,1.4128,1.41339,32483
2021-02-25 12:00:00+00:00,1.41337,1.41813,1.41314,1.41369,39173
2021-02-25 16:00:00+00:00,1.41318,1.41347,1.40056,1.40346,42571
2021-02-25 20:00:00+00:00,1.40382,1.40409,1.40032,1.40032,20120
2021-02-26 00:00:00+00:00,1.40057,1.4021,1.3949,1.39849,26837
2021-02-26 04:00:00+00:00,1.39839,1.3986,1.39127,1.39127,30653
2021-02-26 08:00:00+00:00,1.3912,1.39602,1.38875,1.39268,37393
2021-02-26 12:00:00+00:00,1.39211,1.39865,1.39091,1.3977,47314
2021-02-26 16:00:00+00:00,1.39725,1.3979,1.39219,1.39441,35066
2021-02-26 20:00:00+00:00,1.39448,1.39458,1.392,1.39222,9462
2021-02-28 20:00:00+00:00,1.39297,1.3978,1.39203,1.3973,4544
2021-03-01 00:00:00+00:00,1.3972,1.39959,1.3971,1.3985,19882
2021-03-01 04:00:00+00:00,1.39866,1.39969,1.396,1.39626,17947
2021-03-01 08:00:00+00:00,1.39602,1.39763,1.3927,1.39389,27003
2021-03-01 12:00:00+00:00,1.39397,1.39531,1.3904,1.39361,33259
2021-03-01 16:00:00+00:00,1.39375,1.39541,1.39048,1.39202,21603
2021-03-01 20:00:00+00:00,1.39275,1.39294,1.3916,1.39279,9038
2021-03-02 00:00:00+00:00,1.39263,1.39315,1.38766,1.38909,22943
2021-03-02 04:00:00+00:00,1.38891,1.38938,1.38657,1.38781,19887
2021-03-02 08:00:00+00:00,1.38818,1.39137,1.38592,1.39114,28349
2021-03-02 12:00:00+00:00,1.39228,1.3948,1.39148,1.39475,16011
2021-03-02 16:00:00+00:00,1.39508,1.39751,1.3944,1.39636,22773
2021-03-02 20:00:00+00:00,1.39673,1.39705,1.39391,1.3952,9420
2021-03-03 00:00:00+00:00,1.3951,1.3965,1.39503,1.396,15509
2021-03-03 04:00:00+00:00,1.3962,1.39869,1.39376,1.39809,16755
2021-03-03 08:00:00+00:00,1.39815,1.40049,1.39464,1.3952,27968
2021-03-03 12:00:00+00:00,1.3948,1.39769,1.39221,1.39736,40859
2021-03-03 16:00:00+00:00,1.39755,1.39896,1.3954,1.39555,29791
2021-03-03 20:00:00+00:00,1.39562,1.39652,1.39212,1.39212,11205
2021-03-04 00:00:00+00:00,1.39244,1.39429,1.39244,1.39377,18485
2021-03-04 04:00:00+00:00,1.39396,1.39679,1.39324,1.39549,22391
2021-03-04 08:00:00+00:00,1.39567,1.39625,1.39217,1.39385,30580
2021-03-04 12:00:00+00:00,1.39434,1.39969,1.3938,1.39911,37538
2021-03-04 16:00:00+00:00,1.399,1.40102,1.38828,1.38869,48419
2021-03-04 20:00:00+00:00,1.38859,1.38999,1.38805,1.38922,19706
2021-03-05 00:00:00+00:00,1.3891,1.39056,1.38674,1.3905,23871
2021-03-05 04:00:00+00:00,1.39029,1.39029,1.3861,1.38715,21247
2021-03-05 08:00:00+00:00,1.3869,1.38698,1.3787,1.38145,34388
2021-03-05 12:00:00+00:00,1.3812,1.38687,1.37862,1.38163,48944
2021-03-05 16:00:00+00:00,1.38184,1.38452,1.37967,1.38412,34085
2021-03-05 20:00:00+00:00,1.38381,1.38531,1.3826,1.3833,6632
2021-03-07 20:00:00+00:00,1.38243,1.38634,1.38055,1.3849,5660
2021-03-08 00:00:00+00:00,1.38461,1.38576,1.381,1.38119,14674
2021-03-08 04:00:00+00:00,1.38115,1.38384,1.38,1.38174,13548
2021-03-08 08:00:00+00:00,1.38271,1.38506,1.3807,1.38344,19738
2021-03-08 12:00:00+00:00,1.38322,1.38554,1.3805,1.38123,29998
2021-03-08 16:00:00+00:00,1.38131,1.38451,1.38039,1.38372,20145
2021-03-08 20:00:00+00:00,1.3835,1.3835,1.3809,1.38209,8148
2021-03-09 00:00:00+00:00,1.38227,1.38489,1.38025,1.3845,21212
2021-03-09 04:00:00+00:00,1.38498,1.38842,1.38283,1.38787,15511
2021-03-09 08:00:00+00:00,1.38675,1.38964,1.38575,1.38727,22754
2021-03-09 12:00:00+00:00,1.38701,1.39247,1.3866,1.38927,24883
2021-03-09 16:00:00+00:00,1.38914,1.39006,1.3879,1.38969,14657
2021-03-09 20:00:00+00:00,1.3897,1.3904,1.3879,1.38865,6973
2021-03-10 00:00:00+00:00,1.3887,1.38918,1.3861,1.3865,15540
2021-03-10 04:00:00+00:00,1.3866,1.38837,1.38458,1.38833,13749
2021-03-10 08:00:00+00:00,1.38823,1.39135,1.3865,1.3868,18204
2021-03-10 12:00:00+00:00,1.3867,1.39316,1.38577,1.39027,28586
2021-03-10 16:00:00+00:00,1.39034,1.39327,1.38809,1.39325,27914
2021-03-10 20:00:00+00:00,1.393,1.3938,1.3923,1.39292,10987
2021-03-11 00:00:00+00:00,1.3927,1.39391,1.39192,1.39319,17222
2021-03-11 04:00:00+00:00,1.39311,1.39531,1.3925,1.39422,17375
2021-03-11 08:00:00+00:00,1.39419,1.3963,1.39306,1.39588,25087
2021-03-11 12:00:00+00:00,1.39556,1.39778,1.39403,1.3966,36647
2021-03-11 16:00:00+00:00,1.39694,1.39869,1.3961,1.39868,24000
2021-03-11 20:00:00+00:00,1.39865,1.3994,1.3982,1.39866,8266
2021-03-12 00:00:00+00:00,1.39856,1.40028,1.3973,1.39771,20232
2021-03-12 04:00:00+00:00,1.39748,1.39834,1.39357,1.39427,20053
2021-03-12 08:00:00+00:00,1.39415,1.39525,1.38803,1.38849,28951
2021-03-12 12:00:00+00:00,1.38839,1.39073,1.38644,1.38955,32169
2021-03-12 16:00:00+00:00,1.38941,1.39344,1.3888,1.39227,23068
2021-03-12 20:00:00+00:00,1.39208,1.3932,1.3915,1.3915,5699
2021-03-14 12:00:00+00:00,1.3923,1.3923,1.3923,1.3923,1
2021-03-14 20:00:00+00:00,1.3922,1.39305,1.39123,1.3928,2890
2021-03-15 00:00:00+00:00,1.39292,1.3948,1.39209,1.39258,21793
2021-03-15 04:00:00+00:00,1.39257,1.3931,1.38961,1.39194,20756
2021-03-15 08:00:00+00:00,1.392,1.3945,1.39081,1.39081,22516
2021-03-15 12:00:00+00:00,1.39084,1.39287,1.3856,1.38624,31669
2021-03-15 16:00:00+00:00,1.38634,1.38997,1.38634,1.38997,19639
2021-03-15 20:00:00+00:00,1.3897,1.3904,1.3888,1.3896,6512
2021-03-16 00:00:00+00:00,1.38989,1.38996,1.38651,1.3871,16931
2021-03-16 04:00:00+00:00,1.38696,1.38755,1.38224,1.38264,17734
2021-03-16 08:00:00+00:00,1.3824,1.38693,1.381,1.38618,23961
2021-03-16 12:00:00+00:00,1.38641,1.38942,1.3862,1.38899,33757
2021-03-16 16:00:00+00:00,1.3892,1.39036,1.38836,1.38977,22221
2021-03-16 20:00:00+00:00,1.38979,1.39041,1.3885,1.39012,7033
2021-03-17 00:00:00+00:00,1.39,1.3905,1.38787,1.38897,16402
2021-03-17 04:00:00+00:00,1.38893,1.3927,1.38782,1.39161,15185
2021-03-17 08:00:00+00:00,1.3913,1.39219,1.3891,1.3897,22800
2021-03-17 12:00:00+00:00,1.3897,1.39102,1.38679,1.38873,28811
2021-03-17 16:00:00+00:00,1.38821,1.39642,1.38511,1.39627,35985
2021-03-17 20:00:00+00:00,1.39627,1.39746,1.39544,1.39745,9577
2021-03-18 00:00:00+00:00,1.3972,1.39766,1.39413,1.3942,24026
2021-03-18 04:00:00+00:00,1.3942,1.39993,1.39359,1.39574,22671
2021-03-18 08:00:00+00:00,1.39549,1.39901,1.39488,1.39595,31721
2021-03-18 12:00:00+00:00,1.39596,1.39596,1.38974,1.3935,34341
2021-03-18 16:00:00+00:00,1.39383,1.39504,1.3915,1.39234,26753
2021-03-18 20:00:00+00:00,1.39258,1.39371,1.39177,1.3922,8493
2021-03-19 00:00:00+00:00,1.39204,1.39204,1.3892,1.39145,20188
2021-03-19 04:00:00+00:00,1.3915,1.39557,1.39068,1.39492,18313
2021-03-19 08:00:00+00:00,1.3953,1.39551,1.39072,1.39073,24711
2021-03-19 12:00:00+00:00,1.39094,1.3916,1.38304,1.38712,41718
2021-03-19 16:00:00+00:00,1.38714,1.38856,1.3862,1.38639,20312
2021-03-19 20:00:00+00:00,1.38611,1.387,1.38579,1.3869,2363
2021-03-21 20:00:00+00:00,1.38431,1.3846,1.38302,1.3833,2777
2021-03-22 00:00:00+00:00,1.38331,1.38466,1.3817,1.38393,12373
2021-03-22 04:00:00+00:00,1.3841,1.38615,1.3836,1.3848,15739
2021-03-22 08:00:00+00:00,1.38484,1.38765,1.38399,1.38701,22387
2021-03-22 12:00:00+00:00,1.38685,1.38685,1.38222,1.38528,28272
2021-03-22 16:00:00+00:00,1.3855,1.38703,1.38504,1.38584,14513
2021-03-22 20:00:00+00:00,1.3859,1.38668,1.38509,1.38585,8050
2021-03-23 00:00:00+00:00,1.386,1.38603,1.3833,1.38467,14391
2021-03-23 04:00:00+00:00,1.38481,1.38519,1.38221,1.38437,14732
2021-03-23 08:00:00+00:00,1.38365,1.38383,1.37524,1.37747,28703
2021-03-23 12:00:00+00:00,1.3777,1.38001,1.37696,1.37931,29628
2021-03-23 16:00:00+00:00,1.37911,1.37911,1.37486,1.37488,20178
2021-03-23 20:00:00+00:00,1.37486,1.3756,1.37234,1.3729,10490
2021-03-24 00:00:00+00:00,1.37354,1.37419,1.3724,1.37258,13649
2021-03-24 04:00:00+00:00,1.37253,1.37293,1.36761,1.36877,15878
2021-03-24 08:00:00+00:00,1.36863,1.37319,1.3679,1.3709,23255
2021-03-24 12:00:00+00:00,1.3712,1.3724,1.36961,1.3722,26965
2021-03-24 16:00:00+00:00,1.37252,1.37322,1.3684,1.36867,20631
2021-03-24 20:00:00+00:00,1.3684,1.3691,1.3679,1.36878,7696
2021-03-25 00:00:00+00:00,1.36902,1.37072,1.36785,1.36994,15389
2021-03-25 04:00:00+00:00,1.36991,1.3703,1.3671,1.36781,13460
2021-03-25 08:00:00+00:00,1.36759,1.37287,1.367,1.3699,23639
2021-03-25 12:00:00+00:00,1.36956,1.37391,1.36956,1.37216,34614
2021-03-25 16:00:00+00:00,1.3719,1.37442,1.37165,1.37364,24089
2021-03-25 20:00:00+00:00,1.37351,1.3748,1.3728,1.37459,6794
2021-03-26 00:00:00+00:00,1.3748,1.37638,1.37445,1.37633,12124
2021-03-26 04:00:00+00:00,1.37614,1.37726,1.37427,1.37646,12326
2021-03-26 08:00:00+00:00,1.37664,1.3791,1.37628,1.37756,21621
2021-03-26 12:00:00+00:00,1.37693,1.38096,1.3751,1.37918,27721
2021-03-26 16:00:00+00:00,1.37911,1.37985,1.3776,1.37901,18179
2021-03-26 20:00:00+00:00,1.37885,1.3794,1.3787,1.379,2668
2021-03-28 16:00:00+00:00,1.37902,1.37902,1.37901,1.37901,2
2021-03-28 20:00:00+00:00,1.37902,1.37948,1.37825,1.37899,2111
2021-03-29 00:00:00+00:00,1.3789,1.3789,1.37654,1.37785,12625
2021-03-29 04:00:00+00:00,1.37781,1.3804,1.37565,1.3796,16802
2021-03-29 08:00:00+00:00,1.37943,1.38435,1.37885,1.38424,23498
2021-03-29 12:00:00+00:00,1.38444,1.38446,1.37649,1.37929,32370
2021-03-29 16:00:00+00:00,1.37953,1.37967,1.3759,1.37646,17294
2021-03-29 20:00:00+00:00,1.37622,1.37752,1.3758,1.37736,6814
2021-03-30 00:00:00+00:00,1.37733,1.378,1.3759,1.3775,12669
2021-03-30 04:00:00+00:00,1.37777,1.3783,1.37455,1.37455,11659
2021-03-30 12:00:00+00:00,1.37509,1.37543,1.37074,1.3728,21709
2021-03-30 16:00:00+00:00,1.37301,1.3731,1.3713,1.37255,16140
2021-03-30 20:00:00+00:00,1.37248,1.3749,1.3721,1.37452,7592
2021-03-31 00:00:00+00:00,1.37446,1.37505,1.37186,1.3725,13856
2021-03-31 04:00:00+00:00,1.3724,1.37594,1.37171,1.3743,18848
2021-03-31 08:00:00+00:00,1.37429,1.3791,1.37399,1.37694,23120
2021-03-31 12:00:00+00:00,1.37703,1.38078,1.37594,1.37933,34224
2021-03-31 16:00:00+00:00,1.3796,1.38096,1.37761,1.37839,18852
2021-03-31 20:00:00+00:00,1.3784,1.37882,1.3775,1.37843,8734
2021-04-01 00:00:00+00:00,1.37875,1.3791,1.3777,1.37807,16119
2021-04-01 04:00:00+00:00,1.37824,1.37869,1.3747,1.37854,23712
2021-04-01 08:00:00+00:00,1.37851,1.37948,1.37586,1.37853,24334
2021-04-01 12:00:00+00:00,1.37855,1.38334,1.3783,1.3824,35530
2021-04-01 16:00:00+00:00,1.3825,1.38352,1.38174,1.38332,15865
2021-04-01 20:00:00+00:00,1.38322,1.38372,1.3827,1.3832,5807
2021-04-02 00:00:00+00:00,1.3832,1.3849,1.3832,1.3845,8446
2021-04-02 04:00:00+00:00,1.38436,1.3851,1.3833,1.38378,7476
2021-04-02 08:00:00+00:00,1.38406,1.3841,1.3826,1.38294,8062
2021-04-02 12:00:00+00:00,1.38291,1.38411,1.3813,1.3821,11371
2021-04-02 16:00:00+00:00,1.38208,1.3835,1.38178,1.3833,6982
2021-04-02 20:00:00+00:00,1.38318,1.3834,1.3824,1.383,1193
2021-04-04 16:00:00+00:00,1.38233,1.38233,1.38233,1.38233,1
2021-04-04 20:00:00+00:00,1.38209,1.38315,1.3816,1.3829,3270
2021-04-05 00:00:00+00:00,1.38285,1.3842,1.3821,1.38363,9435
2021-04-05 04:00:00+00:00,1.3834,1.38396,1.3812,1.38378,11811
2021-04-05 08:00:00+00:00,1.3837,1.38692,1.3837,1.38633,12507
2021-04-05 12:00:00+00:00,1.38659,1.3913,1.38628,1.39061,19283
2021-04-05 16:00:00+00:00,1.3904,1.39071,1.3897,1.39048,10457
2021-04-05 20:00:00+00:00,1.3905,1.3916,1.38944,1.3912,6756
2021-04-06 00:00:00+00:00,1.391,1.39134,1.3889,1.38919,12139
2021-04-06 04:00:00+00:00,1.38919,1.3918,1.3867,1.38797,17766
2021-04-06 08:00:00+00:00,1.38719,1.38775,1.38187,1.38249,23024
2021-04-06 12:00:00+00:00,1.38251,1.38652,1.3823,1.38481,26249
2021-04-06 16:00:00+00:00,1.38477,1.38477,1.38044,1.38294,17685
2021-04-06 20:00:00+00:00,1.38273,1.3833,1.38188,1.3831,8190
2021-04-07 00:00:00+00:00,1.38292,1.38387,1.382,1.38243,15247
2021-04-07 04:00:00+00:00,1.38235,1.3832,1.37743,1.3806,21300
2021-04-07 08:00:00+00:00,1.38043,1.38348,1.3793,1.38139,23830
2021-04-07 12:00:00+00:00,1.38092,1.38099,1.37299,1.3754,33342
2021-04-07 16:00:00+00:00,1.37567,1.37587,1.3724,1.3732,16520
2021-04-07 20:00:00+00:00,1.37304,1.3743,1.37304,1.37408,7560
2021-04-08 00:00:00+00:00,1.37394,1.3761,1.3733,1.37557,12169
2021-04-08 04:00:00+00:00,1.3756,1.37812,1.3753,1.37639,14428
2021-04-08 08:00:00+00:00,1.3763,1.37687,1.37192,1.37656,21542
2021-04-08 12:00:00+00:00,1.37642,1.37716,1.37256,1.3738,29869
2021-04-08 16:00:00+00:00,1.3737,1.37493,1.3728,1.37294,15770
2021-04-08 20:00:00+00:00,1.37302,1.3738,1.3722,1.37329,7727
2021-04-09 00:00:00+00:00,1.3732,1.3751,1.37285,1.37369,12452
2021-04-09 04:00:00+00:00,1.3736,1.3736,1.36706,1.3703,16999
2021-04-09 08:00:00+00:00,1.37008,1.37268,1.3691,1.37197,18644
2021-04-09 12:00:00+00:00,1.37184,1.37432,1.36975,1.373,28181
2021-04-09 16:00:00+00:00,1.37306,1.37318,1.37098,1.37098,11959
2021-04-09 20:00:00+00:00,1.37083,1.3711,1.37013,1.3704,2121
2021-04-10 08:00:00+00:00,1.3707,1.3707,1.3707,1.3707,1
2021-04-10 12:00:00+00:00,1.3705,1.3707,1.3705,1.3705,5
2021-04-11 16:00:00+00:00,1.37022,1.37022,1.37022,1.37022,1
2021-04-11 20:00:00+00:00,1.37024,1.3714,1.36983,1.3706,3693
2021-04-12 00:00:00+00:00,1.37061,1.3713,1.3681,1.36897,15460
2021-04-12 04:00:00+00:00,1.369,1.37353,1.3668,1.3729,19217
2021-04-12 08:00:00+00:00,1.3732,1.3767,1.37319,1.376,19082
2021-04-12 12:00:00+00:00,1.37649,1.37755,1.37318,1.37396,20284
2021-04-12 16:00:00+00:00,1.3739,1.37508,1.3734,1.37374,12407
2021-04-12 20:00:00+00:00,1.3739,1.3755,1.37259,1.3753,7629
2021-04-13 00:00:00+00:00,1.3752,1.3752,1.3729,1.37308,12995
2021-04-13 04:00:00+00:00,1.37327,1.3764,1.3724,1.3748,16153
2021-04-13 08:00:00+00:00,1.3747,1.37677,1.3714,1.3724,21669
2021-04-13 12:00:00+00:00,1.3719,1.37542,1.37017,1.37411,30422
2021-04-13 16:00:00+00:00,1.37439,1.37567,1.37365,1.37567,14653
2021-04-13 20:00:00+00:00,1.3755,1.37615,1.3747,1.37584,8620
2021-04-14 00:00:00+00:00,1.376,1.37716,1.37497,1.3766,13378
2021-04-14 04:00:00+00:00,1.3767,1.37991,1.37651,1.37832,17278
2021-04-14 08:00:00+00:00,1.37814,1.38068,1.3754,1.37542,21272
2021-04-14 12:00:00+00:00,1.37511,1.3799,1.37511,1.37891,24616
2021-04-14 16:00:00+00:00,1.37869,1.37972,1.3777,1.37833,14573
2021-04-14 20:00:00+00:00,1.37824,1.3784,1.3773,1.37768,6507
2021-04-15 00:00:00+00:00,1.3777,1.37937,1.3767,1.3773,14804
2021-04-15 04:00:00+00:00,1.37696,1.3797,1.37641,1.37927,15860
2021-04-15 08:00:00+00:00,1.3792,1.3808,1.3762,1.37866,20635
2021-04-15 12:00:00+00:00,1.3791,1.38039,1.37721,1.37793,30091
2021-04-15 16:00:00+00:00,1.37783,1.37937,1.3774,1.37882,13721
2021-04-15 20:00:00+00:00,1.37861,1.37871,1.3776,1.37819,7201
2021-04-16 00:00:00+00:00,1.37833,1.37842,1.3752,1.37581,15028
2021-04-16 04:00:00+00:00,1.37569,1.3768,1.37167,1.37546,18985
2021-04-16 08:00:00+00:00,1.37516,1.38006,1.37441,1.38,24725
2021-04-16 12:00:00+00:00,1.37998,1.38258,1.37911,1.38244,24647
2021-04-16 16:00:00+00:00,1.38267,1.3838,1.3816,1.3837,12366
2021-04-16 20:00:00+00:00,1.3835,1.384,1.383,1.3834,1859
2021-04-17 08:00:00+00:00,1.3832,1.3832,1.383,1.3832,11
2021-04-17 12:00:00+00:00,1.3832,1.3832,1.383,1.3832,20
2021-04-17 16:00:00+00:00,1.383,1.3832,1.383,1.3832,18
2021-04-17 20:00:00+00:00,1.383,1.3832,1.383,1.3832,20
2021-04-18 00:00:00+00:00,1.383,1.3832,1.383,1.3832,18
2021-04-18 04:00:00+00:00,1.383,1.3832,1.383,1.3832,20
2021-04-18 08:00:00+00:00,1.383,1.3832,1.383,1.3832,6
2021-04-18 16:00:00+00:00,1.3827,1.3827,1.3811,1.3811,2
2021-04-18 20:00:00+00:00,1.38078,1.38374,1.38078,1.38169,3410
2021-04-19 00:00:00+00:00,1.3817,1.3839,1.38095,1.38327,15796
2021-04-19 04:00:00+00:00,1.38361,1.38774,1.3831,1.38758,20036
2021-04-19 08:00:00+00:00,1.3871,1.39294,1.38685,1.39294,27304
2021-04-19 12:00:00+00:00,1.3925,1.39892,1.3925,1.39763,30411
2021-04-19 16:00:00+00:00,1.3975,1.39902,1.39727,1.39877,13907
2021-04-19 20:00:00+00:00,1.39863,1.3992,1.3979,1.39907,7172
2021-04-20 00:00:00+00:00,1.39917,1.40067,1.39752,1.40012,16140
2021-04-20 04:00:00+00:00,1.3999,1.40084,1.39862,1.3989,20505
2021-04-20 08:00:00+00:00,1.3985,1.4,1.39681,1.39711,22090
2021-04-20 12:00:00+00:00,1.397,1.39718,1.3934,1.39532,25848
2021-04-20 16:00:00+00:00,1.39525,1.39536,1.3925,1.39348,14609
2021-04-20 20:00:00+00:00,1.39338,1.3942,1.39318,1.39369,7299
2021-04-21 00:00:00+00:00,1.3935,1.39481,1.3925,1.39284,16888
2021-04-21 04:00:00+00:00,1.39278,1.39445,1.39107,1.39353,17810
2021-04-21 08:00:00+00:00,1.39354,1.39442,1.39189,1.39207,18661
2021-04-21 12:00:00+00:00,1.39203,1.39422,1.38863,1.39347,27070
2021-04-21 16:00:00+00:00,1.39352,1.39384,1.39237,1.39278,12295
2021-04-21 20:00:00+00:00,1.3925,1.3933,1.3923,1.39303,6265
2021-04-22 00:00:00+00:00,1.39306,1.3949,1.3925,1.3936,14081
2021-04-22 04:00:00+00:00,1.39356,1.39447,1.3924,1.3926,15739
2021-04-22 08:00:00+00:00,1.39183,1.39218,1.3889,1.38943,20677
2021-04-22 12:00:00+00:00,1.38907,1.38907,1.3827,1.38487,31733
2021-04-22 16:00:00+00:00,1.3848,1.3858,1.3824,1.3837,20862
2021-04-22 20:00:00+00:00,1.3838,1.3844,1.38331,1.38381,6729
2021-04-23 00:00:00+00:00,1.38419,1.3863,1.3835,1.38583,14284
2021-04-23 04:00:00+00:00,1.38584,1.38899,1.3852,1.38883,17052
2021-04-23 08:00:00+00:00,1.3886,1.3894,1.3863,1.38861,20194
2021-04-23 12:00:00+00:00,1.3885,1.38913,1.38365,1.3842,27119
2021-04-23 16:00:00+00:00,1.3843,1.38894,1.3843,1.38848,13144
2021-04-23 20:00:00+00:00,1.38849,1.3887,1.38747,1.3875,2712
2021-04-24 04:00:00+00:00,1.3872,1.3875,1.3872,1.3875,4
2021-04-25 16:00:00+00:00,1.38639,1.3869,1.38639,1.3869,2
2021-04-25 20:00:00+00:00,1.3872,1.38797,1.38632,1.38632,2453
2021-04-26 00:00:00+00:00,1.38658,1.3905,1.38658,1.39,11985
2021-04-26 04:00:00+00:00,1.3899,1.39284,1.38913,1.3923,17615
2021-04-26 08:00:00+00:00,1.3925,1.39281,1.38833,1.38897,21925
2021-04-26 12:00:00+00:00,1.38917,1.39033,1.3866,1.38894,25379
2021-04-26 16:00:00+00:00,1.38897,1.39073,1.3876,1.39061,13319
2021-04-26 20:00:00+00:00,1.39049,1.39049,1.3891,1.38939,7211
2021-04-27 00:00:00+00:00,1.3894,1.3902,1.3874,1.3881,12491
2021-04-27 04:00:00+00:00,1.3878,1.3899,1.3869,1.3884,14448
2021-04-27 08:00:00+00:00,1.38838,1.39169,1.3858,1.39069,21337
2021-04-27 12:00:00+00:00,1.39058,1.3923,1.3886,1.39071,24147
2021-04-27 16:00:00+00:00,1.39087,1.39139,1.38965,1.3904,13021
2021-04-27 20:00:00+00:00,1.3904,1.3913,1.3895,1.3901,8289
2021-04-28 00:00:00+00:00,1.39008,1.3902,1.3873,1.3873,13015
2021-04-28 04:00:00+00:00,1.3874,1.38907,1.38628,1.38722,15239
2021-04-28 08:00:00+00:00,1.38756,1.3895,1.38615,1.38779,22082
2021-04-28 12:00:00+00:00,1.38797,1.39211,1.38643,1.39153,26228
2021-04-28 16:00:00+00:00,1.39121,1.39487,1.38925,1.3944,23389
2021-04-28 20:00:00+00:00,1.3944,1.3955,1.3926,1.3953,8387
2021-04-29 00:00:00+00:00,1.3955,1.39741,1.39389,1.39441,14515
2021-04-29 04:00:00+00:00,1.39436,1.39692,1.39413,1.39625,17050
2021-04-29 08:00:00+00:00,1.3962,1.39651,1.393,1.39484,22620
2021-04-29 12:00:00+00:00,1.39495,1.39642,1.3937,1.39545,31329
2021-04-29 16:00:00+00:00,1.39513,1.39513,1.3935,1.39498,17693
2021-04-29 20:00:00+00:00,1.3946,1.39513,1.39268,1.3949,8038
2021-04-30 00:00:00+00:00,1.39488,1.39574,1.39418,1.39455,12904
2021-04-30 04:00:00+00:00,1.3946,1.3951,1.3911,1.39144,16216
2021-04-30 08:00:00+00:00,1.39107,1.39212,1.39008,1.3906,22722
2021-04-30 12:00:00+00:00,1.39058,1.3913,1.38094,1.38361,36067
2021-04-30 16:00:00+00:00,1.38355,1.3841,1.3802,1.38106,19903
2021-04-30 20:00:00+00:00,1.3811,1.3821,1.381,1.381,2495
2021-05-01 04:00:00+00:00,1.3815,1.3816,1.3815,1.3816,2
2021-05-02 16:00:00+00:00,1.38044,1.38044,1.38034,1.38034,2
2021-05-02 20:00:00+00:00,1.38044,1.3822,1.38044,1.3818,2073
2021-05-03 00:00:00+00:00,1.3816,1.3835,1.3812,1.3824,10095
2021-05-03 04:00:00+00:00,1.3826,1.38448,1.3803,1.3841,15988
2021-05-03 08:00:00+00:00,1.38408,1.38768,1.3837,1.387,20172
2021-05-03 12:00:00+00:00,1.3869,1.39308,1.38668,1.39116,25793
2021-05-03 16:00:00+00:00,1.39096,1.39145,1.3904,1.39066,15169
2021-05-03 20:00:00+00:00,1.39062,1.3913,1.3899,1.39023,6674
2021-05-04 00:00:00+00:00,1.3901,1.39049,1.38751,1.38768,11178
2021-05-04 04:00:00+00:00,1.3879,1.3891,1.3852,1.38671,16793
2021-05-04 08:00:00+00:00,1.38677,1.389,1.38577,1.38633,24703
2021-05-04 12:00:00+00:00,1.38602,1.38889,1.3839,1.38717,37121
2021-05-04 16:00:00+00:00,1.38717,1.38963,1.38717,1.3889,22334
2021-05-04 20:00:00+00:00,1.3889,1.38939,1.3883,1.38868,7149
2021-05-05 00:00:00+00:00,1.38873,1.3914,1.3886,1.39111,10225
2021-05-05 04:00:00+00:00,1.39119,1.3913,1.38852,1.3894,16469
2021-05-05 08:00:00+00:00,1.38968,1.39255,1.38773,1.3906,20792
2021-05-05 12:00:00+00:00,1.3906,1.39237,1.389,1.3912,26543
2021-05-05 16:00:00+00:00,1.39141,1.39141,1.3897,1.39088,15589
2021-05-05 20:00:00+00:00,1.39089,1.391,1.3898,1.39081,7086
2021-05-06 00:00:00+00:00,1.3908,1.39132,1.3886,1.3895,15905
2021-05-06 04:00:00+00:00,1.3895,1.39113,1.3892,1.3902,17871
2021-05-06 08:00:00+00:00,1.39029,1.39381,1.38666,1.39162,26906
2021-05-06 12:00:00+00:00,1.39195,1.39269,1.3865,1.3877,32765
2021-05-06 16:00:00+00:00,1.3879,1.38987,1.38788,1.38987,15683
2021-05-06 20:00:00+00:00,1.38949,1.38962,1.38868,1.3894,6634
2021-05-07 00:00:00+00:00,1.3893,1.39107,1.389,1.391,14037
2021-05-07 04:00:00+00:00,1.39086,1.39277,1.3895,1.39224,16767
2021-05-07 08:00:00+00:00,1.3921,1.39279,1.38953,1.39005,16958
2021-05-07 12:00:00+00:00,1.38992,1.39998,1.389,1.39998,41511
2021-05-07 16:00:00+00:00,1.39994,1.40048,1.39713,1.4002,20493
2021-05-07 20:00:00+00:00,1.40007,1.40046,1.3978,1.3978,2510
2021-05-08 04:00:00+00:00,1.3973,1.398,1.3973,1.398,2
2021-05-08 12:00:00+00:00,1.3973,1.398,1.3973,1.398,4
2021-05-09 16:00:00+00:00,1.39841,1.39841,1.39758,1.39758,2
2021-05-09 20:00:00+00:00,1.39793,1.40438,1.39793,1.40399,4334
2021-05-10 00:00:00+00:00,1.4035,1.40397,1.40167,1.40195,14632
2021-05-10 04:00:00+00:00,1.4019,1.40776,1.4014,1.40758,20747
2021-05-10 08:00:00+00:00,1.40754,1.41185,1.40653,1.41101,24639
2021-05-10 12:00:00+00:00,1.41082,1.41566,1.41082,1.41513,31028
2021-05-10 16:00:00+00:00,1.41506,1.41528,1.4127,1.4132,19007
2021-05-10 20:00:00+00:00,1.4131,1.41342,1.41148,1.4129,8596
2021-05-11 00:00:00+00:00,1.4131,1.41332,1.4112,1.4119,16977
2021-05-11 04:00:00+00:00,1.412,1.41357,1.41069,1.41241,18906
2021-05-11 08:00:00+00:00,1.4124,1.415,1.4105,1.4145,25795
2021-05-11 12:00:00+00:00,1.41481,1.41567,1.41197,1.41482,36688
2021-05-11 16:00:00+00:00,1.41453,1.41652,1.41408,1.4144,20892
2021-05-11 20:00:00+00:00,1.4141,1.4147,1.4133,1.41347,9044
2021-05-12 00:00:00+00:00,1.41357,1.4141,1.41078,1.4108,15963
2021-05-12 04:00:00+00:00,1.41094,1.41485,1.41071,1.4137,18122
2021-05-12 08:00:00+00:00,1.4135,1.41452,1.4124,1.4129,20964
2021-05-12 12:00:00+00:00,1.41304,1.41486,1.40802,1.40802,45460
2021-05-12 16:00:00+00:00,1.40775,1.40803,1.405,1.40583,25384
2021-05-12 20:00:00+00:00,1.40589,1.40685,1.4049,1.406,7613
2021-05-13 00:00:00+00:00,1.40576,1.40767,1.40502,1.4062,17777
2021-05-13 04:00:00+00:00,1.4061,1.40709,1.4036,1.40502,22269
2021-05-13 08:00:00+00:00,1.40502,1.40636,1.4006,1.40275,28768
2021-05-13 12:00:00+00:00,1.40314,1.4062,1.40258,1.40311,33341
2021-05-13 16:00:00+00:00,1.40289,1.40537,1.4016,1.40537,22782
2021-05-13 20:00:00+00:00,1.40524,1.4055,1.4044,1.40456,6959
2021-05-14 00:00:00+00:00,1.40453,1.4051,1.40357,1.40454,15775
2021-05-14 04:00:00+00:00,1.40462,1.40732,1.40406,1.4062,18567
2021-05-14 08:00:00+00:00,1.40584,1.4085,1.40542,1.40768,22538
2021-05-14 12:00:00+00:00,1.40789,1.41087,1.40737,1.4094,30388
2021-05-14 16:00:00+00:00,1.4093,1.4102,1.4085,1.40955,14305
2021-05-14 20:00:00+00:00,1.40973,1.4101,1.4091,1.40948,1993
2021-05-16 16:00:00+00:00,1.40849,1.40873,1.40849,1.40873,2
2021-05-16 20:00:00+00:00,1.40894,1.41031,1.40855,1.41,2245
2021-05-17 00:00:00+00:00,1.40983,1.40983,1.4077,1.4084,14722
2021-05-17 04:00:00+00:00,1.40858,1.41184,1.4079,1.40948,18863
2021-05-17 08:00:00+00:00,1.40997,1.41157,1.40863,1.40919,23084
2021-05-17 12:00:00+00:00,1.4089,1.41279,1.40777,1.41256,31047
2021-05-17 16:00:00+00:00,1.4124,1.4146,1.4124,1.41414,13368
2021-05-17 20:00:00+00:00,1.41412,1.41454,1.4132,1.41454,5294
2021-05-18 00:00:00+00:00,1.41456,1.4178,1.4144,1.4175,1967
2021-05-18 04:00:00+00:00,1.4175,1.42016,1.41649,1.42009,16406
2021-05-18 08:00:00+00:00,1.42022,1.4219,1.41842,1.42034,24708
2021-05-18 12:00:00+00:00,1.42051,1.42139,1.41825,1.41826,31204
2021-05-18 16:00:00+00:00,1.41824,1.41967,1.418,1.41892,14853
2021-05-18 20:00:00+00:00,1.4187,1.4191,1.41819,1.4185,8072
2021-05-19 00:00:00+00:00,1.4188,1.41996,1.41788,1.41873,15654
2021-05-19 04:00:00+00:00,1.41859,1.41994,1.41734,1.41753,20354
2021-05-19 08:00:00+00:00,1.41779,1.41885,1.4143,1.41546,28513
2021-05-19 12:00:00+00:00,1.41552,1.41793,1.41331,1.41669,40322
2021-05-19 16:00:00+00:00,1.41657,1.41708,1.41011,1.41188,29436
2021-05-19 20:00:00+00:00,1.412,1.4126,1.4104,1.41065,8696
2021-05-20 00:00:00+00:00,1.41059,1.41204,1.4102,1.4113,18856
2021-05-20 04:00:00+00:00,1.41138,1.41392,1.4109,1.41379,19338
2021-05-20 08:00:00+00:00,1.41375,1.41409,1.41032,1.41275,25189
2021-05-20 12:00:00+00:00,1.41268,1.41806,1.41204,1.41799,31212
2021-05-20 16:00:00+00:00,1.41804,1.4192,1.4171,1.41889,16622
2021-05-20 20:00:00+00:00,1.4188,1.4194,1.41828,1.4183,14213
2021-05-21 00:00:00+00:00,1.41855,1.41905,1.41687,1.41769,16076
2021-05-21 04:00:00+00:00,1.4176,1.42,1.417,1.4179,19474
2021-05-21 08:00:00+00:00,1.41869,1.42324,1.41807,1.41887,25340
2021-05-21 12:00:00+00:00,1.41906,1.42053,1.4154,1.4154,33024
2021-05-21 16:00:00+00:00,1.41553,1.41591,1.41412,1.41537,15597
2021-05-21 20:00:00+00:00,1.4155,1.41555,1.41441,1.4148,2622
2021-05-24 12:00:00+00:00,1.4144,1.41662,1.4136,1.41463,20536
2021-05-24 16:00:00+00:00,1.41483,1.416,1.4146,1.4159,12420
2021-05-24 20:00:00+00:00,1.41577,1.4159,1.41491,1.41546,8090
2021-05-25 00:00:00+00:00,1.4156,1.41817,1.41519,1.4178,17696
2021-05-25 04:00:00+00:00,1.4178,1.42101,1.4171,1.4185,20310
2021-05-25 08:00:00+00:00,1.41846,1.4192,1.41516,1.41628,23156
2021-05-25 12:00:00+00:00,1.41632,1.41703,1.4116,1.41222,30645
2021-05-25 16:00:00+00:00,1.41224,1.41603,1.41184,1.41438,17252
2021-05-25 20:00:00+00:00,1.4141,1.4153,1.4139,1.41417,8696
2021-05-26 00:00:00+00:00,1.41422,1.41614,1.414,1.41607,18060
2021-05-26 04:00:00+00:00,1.41607,1.41706,1.4132,1.41428,18002
2021-05-26 08:00:00+00:00,1.41408,1.41757,1.4138,1.41537,22315
2021-05-26 12:00:00+00:00,1.4153,1.41643,1.4117,1.41286,28391
2021-05-26 16:00:00+00:00,1.41281,1.41289,1.4111,1.41228,17177
2021-05-26 20:00:00+00:00,1.41228,1.41243,1.4113,1.41147,7695
2021-05-27 00:00:00+00:00,1.41115,1.4116,1.40909,1.41149,15171
2021-05-27 04:00:00+00:00,1.4114,1.41342,1.4101,1.41226,18284
2021-05-27 08:00:00+00:00,1.41242,1.41819,1.4114,1.41722,25422
2021-05-27 12:00:00+00:00,1.41759,1.41939,1.41549,1.4171,32926
2021-05-27 16:00:00+00:00,1.41733,1.4217,1.4168,1.42032,18977
2021-05-27 20:00:00+00:00,1.42026,1.4209,1.41982,1.4201,7802
2021-05-28 00:00:00+00:00,1.42025,1.42031,1.4182,1.41929,14793
2021-05-28 04:00:00+00:00,1.41946,1.41987,1.4172,1.4189,21039
2021-05-28 08:00:00+00:00,1.41903,1.42042,1.4154,1.41622,28578
2021-05-28 12:00:00+00:00,1.416,1.41913,1.41362,1.41876,40358
2021-05-28 16:00:00+00:00,1.41873,1.41994,1.4186,1.4189,20412
2021-05-28 20:00:00+00:00,1.4191,1.4195,1.4185,1.41881,3360
2021-05-30 16:00:00+00:00,1.41709,1.41709,1.41518,1.41518,2
2021-05-30 20:00:00+00:00,1.4173,1.41924,1.4173,1.4179,1356
2021-05-31 00:00:00+00:00,1.41799,1.4201,1.4172,1.4194,12074
2021-05-31 04:00:00+00:00,1.4196,1.4198,1.4174,1.4176,16241
2021-05-31 08:00:00+00:00,1.41758,1.41842,1.4164,1.41827,21912
2021-05-31 12:00:00+00:00,1.41814,1.42161,1.4166,1.4212,19501
2021-05-31 16:00:00+00:00,1.42123,1.42123,1.4201,1.4204,11097
2021-05-31 20:00:00+00:00,1.4206,1.4227,1.42027,1.4226,6023
2021-06-01 00:00:00+00:00,1.42255,1.42459,1.4218,1.4236,18525
2021-06-01 04:00:00+00:00,1.42355,1.42414,1.42137,1.42227,20900
2021-06-01 08:00:00+00:00,1.42227,1.42227,1.41672,1.41698,28177
2021-06-01 12:00:00+00:00,1.41682,1.41893,1.41547,1.41668,34564
2021-06-01 16:00:00+00:00,1.41661,1.41692,1.41509,1.41509,16475
2021-06-01 20:00:00+00:00,1.41496,1.4156,1.41449,1.4156,6815
2021-06-02 00:00:00+00:00,1.4153,1.4163,1.4151,1.41587,13375
2021-06-02 04:00:00+00:00,1.4159,1.416,1.41318,1.41392,20396
2021-06-02 08:00:00+00:00,1.41406,1.41461,1.4114,1.41403,26955
2021-06-02 12:00:00+00:00,1.414,1.41815,1.414,1.41761,30295
2021-06-02 16:00:00+00:00,1.4175,1.41793,1.41618,1.417,15402
2021-06-02 20:00:00+00:00,1.41697,1.4176,1.4165,1.4169,6628
2021-06-03 00:00:00+00:00,1.4169,1.4178,1.4163,1.41686,10253
2021-06-03 04:00:00+00:00,1.41676,1.41691,1.41442,1.4146,17156
2021-06-03 08:00:00+00:00,1.41473,1.4201,1.41473,1.41866,28756
2021-06-03 12:00:00+00:00,1.4188,1.4188,1.40925,1.40984,44617
2021-06-03 16:00:00+00:00,1.40971,1.41069,1.4086,1.41069,17637
2021-06-03 20:00:00+00:00,1.41048,1.4111,1.4097,1.41073,7118
2021-06-04 00:00:00+00:00,1.4106,1.411,1.4095,1.4095,16236
2021-06-04 04:00:00+00:00,1.4094,1.41164,1.4083,1.41147,20654
2021-06-04 08:00:00+00:00,1.41144,1.41302,1.41121,1.41301,22547
2021-06-04 12:00:00+00:00,1.41327,1.41996,1.41327,1.41734,39751
2021-06-04 16:00:00+00:00,1.41708,1.41745,1.4154,1.41659,14628
2021-06-04 20:00:00+00:00,1.4165,1.41665,1.41547,1.41547,2306
2021-06-06 16:00:00+00:00,1.41496,1.41496,1.41481,1.41481,2
2021-06-06 20:00:00+00:00,1.41453,1.41642,1.41448,1.4164,2247
2021-06-07 00:00:00+00:00,1.4159,1.41697,1.4138,1.41426,19779
2021-06-07 04:00:00+00:00,1.41428,1.4149,1.411,1.41347,19904
2021-06-07 08:00:00+00:00,1.413,1.41741,1.41182,1.41731,22256
2021-06-07 12:00:00+00:00,1.4172,1.4184,1.4163,1.41767,28802
2021-06-07 16:00:00+00:00,1.4178,1.4189,1.4175,1.41816,13230
2021-06-07 20:00:00+00:00,1.41812,1.4184,1.41745,1.41745,7682
2021-06-08 00:00:00+00:00,1.41743,1.41837,1.41579,1.41596,17488
2021-06-08 04:00:00+00:00,1.41597,1.41638,1.4132,1.41386,17294
2021-06-08 08:00:00+00:00,1.4141,1.41533,1.4128,1.41461,23159
2021-06-08 12:00:00+00:00,1.41473,1.41581,1.41225,1.41456,31065
2021-06-08 16:00:00+00:00,1.4144,1.41634,1.4143,1.4156,13846
2021-06-08 20:00:00+00:00,1.41557,1.4159,1.4145,1.41485,6583
2021-06-09 00:00:00+00:00,1.41469,1.4168,1.41469,1.4159,12502
2021-06-09 04:00:00+00:00,1.4159,1.41821,1.415,1.41722,15378
2021-06-09 08:00:00+00:00,1.41758,1.41881,1.41648,1.41741,19568
2021-06-09 12:00:00+00:00,1.41746,1.41746,1.41149,1.41233,29323
2021-06-09 16:00:00+00:00,1.4121,1.41246,1.4109,1.41103,14092
2021-06-09 20:00:00+00:00,1.4111,1.4117,1.4108,1.41109,5914
2021-06-10 00:00:00+00:00,1.4108,1.41232,1.4108,1.4119,11097
2021-06-10 04:00:00+00:00,1.4118,1.4118,1.40747,1.40876,17776
2021-06-10 08:00:00+00:00,1.4088,1.41003,1.4077,1.40929,13819
2021-06-10 12:00:00+00:00,1.41535,1.417,1.41225,1.41644,29793
2021-06-10 16:00:00+00:00,1.41657,1.41753,1.41563,1.41669,18891
2021-06-10 20:00:00+00:00,1.41681,1.4178,1.4165,1.41699,8740
2021-06-11 00:00:00+00:00,1.41726,1.4179,1.41679,1.41781,12219
2021-06-11 04:00:00+00:00,1.41776,1.41843,1.4159,1.4166,16272
2021-06-11 08:00:00+00:00,1.4168,1.41689,1.41418,1.41502,25245
2021-06-11 12:00:00+00:00,1.41513,1.41561,1.41057,1.41126,30149
2021-06-11 16:00:00+00:00,1.4111,1.41157,1.4094,1.41157,15166
2021-06-11 20:00:00+00:00,1.41146,1.41176,1.40846,1.40846,2186
2021-06-13 16:00:00+00:00,1.40829,1.41008,1.40829,1.41008,2
2021-06-13 20:00:00+00:00,1.4104,1.4119,1.40985,1.4116,1986
2021-06-14 00:00:00+00:00,1.41179,1.41179,1.41051,1.41108,11167
2021-06-14 04:00:00+00:00,1.4111,1.41152,1.4094,1.41016,15673
2021-06-14 08:00:00+00:00,1.41021,1.41084,1.4071,1.41008,21021
2021-06-14 12:00:00+00:00,1.41027,1.4123,1.41004,1.4115,24958
2021-06-14 16:00:00+00:00,1.4114,1.41193,1.4105,1.41084,11713
2021-06-14 20:00:00+00:00,1.4107,1.4113,1.41035,1.41089,7090
2021-06-15 00:00:00+00:00,1.41105,1.41158,1.4098,1.41106,14168
2021-06-15 04:00:00+00:00,1.41123,1.41274,1.4106,1.41154,16265
2021-06-15 08:00:00+00:00,1.4114,1.41174,1.40359,1.40412,23388
2021-06-15 12:00:00+00:00,1.40433,1.40931,1.40422,1.40719,29288
2021-06-15 16:00:00+00:00,1.40721,1.40836,1.40699,1.40819,14346
2021-06-15 20:00:00+00:00,1.40812,1.4086,1.4077,1.40799,6064
2021-06-16 00:00:00+00:00,1.40815,1.40841,1.4075,1.40815,11431
2021-06-16 04:00:00+00:00,1.40831,1.41216,1.40808,1.41177,18196
2021-06-16 08:00:00+00:00,1.41174,1.41184,1.4098,1.41163,19023
2021-06-16 12:00:00+00:00,1.41163,1.41299,1.4099,1.41083,25508
2021-06-16 16:00:00+00:00,1.41111,1.41127,1.3995,1.39962,39524
2021-06-16 20:00:00+00:00,1.40001,1.40001,1.39819,1.3988,14646
2021-06-17 00:00:00+00:00,1.39822,1.40016,1.39708,1.39914,19998
2021-06-17 04:00:00+00:00,1.39922,1.40078,1.39675,1.39742,21770
2021-06-17 08:00:00+00:00,1.39791,1.39929,1.3933,1.3946,31242
2021-06-17 12:00:00+00:00,1.39475,1.39615,1.391,1.39151,39159
2021-06-17 16:00:00+00:00,1.3911,1.3934,1.38959,1.39188,23709
2021-06-17 20:00:00+00:00,1.39204,1.394,1.3916,1.39372,8472
2021-06-18 00:00:00+00:00,1.39377,1.39439,1.3925,1.3926,16404
2021-06-18 04:00:00+00:00,1.39274,1.39274,1.3855,1.38893,24427
2021-06-18 08:00:00+00:00,1.38879,1.39098,1.38714,1.38908,26320
2021-06-18 12:00:00+00:00,1.38887,1.38887,1.3796,1.3814,48567
2021-06-18 16:00:00+00:00,1.38136,1.38321,1.38082,1.38082,23964
2021-06-18 20:00:00+00:00,1.38105,1.38126,1.37731,1.37731,3626
2021-06-20 16:00:00+00:00,1.37902,1.37981,1.37902,1.37981,2
2021-06-20 20:00:00+00:00,1.37981,1.38223,1.37964,1.3814,3928
2021-06-21 00:00:00+00:00,1.3813,1.38277,1.37858,1.37944,25356
2021-06-21 04:00:00+00:00,1.37934,1.38335,1.37893,1.38335,27075
2021-06-21 08:00:00+00:00,1.38322,1.38874,1.3832,1.38766,28935
2021-06-21 12:00:00+00:00,1.38726,1.39183,1.3866,1.39139,33923
2021-06-21 16:00:00+00:00,1.39133,1.3936,1.39127,1.39316,17889
2021-06-21 20:00:00+00:00,1.39301,1.3937,1.3922,1.39235,9591
2021-06-22 00:00:00+00:00,1.39218,1.3924,1.3901,1.39129,14846
2021-06-22 04:00:00+00:00,1.3911,1.3916,1.3879,1.3885,21241
2021-06-22 08:00:00+00:00,1.38845,1.39064,1.38622,1.39004,25801
2021-06-22 12:00:00+00:00,1.39003,1.39295,1.388,1.392,31281
2021-06-22 16:00:00+00:00,1.39207,1.39631,1.39185,1.39491,20033
2021-06-22 20:00:00+00:00,1.3948,1.3955,1.3942,1.3948,8759
2021-06-23 00:00:00+00:00,1.39472,1.39503,1.39232,1.393,19095
2021-06-23 04:00:00+00:00,1.39296,1.39872,1.3924,1.39786,21221
2021-06-23 08:00:00+00:00,1.39811,1.39823,1.3954,1.39713,25626
2021-06-23 12:00:00+00:00,1.3972,1.40004,1.39592,1.39754,30544
2021-06-23 16:00:00+00:00,1.39739,1.39795,1.395,1.39581,17160
2021-06-23 20:00:00+00:00,1.3958,1.3971,1.3956,1.39662,7577
2021-06-24 00:00:00+00:00,1.39668,1.3967,1.39511,1.39552,18611
2021-06-24 04:00:00+00:00,1.39545,1.39723,1.39509,1.3956,19660
2021-06-24 08:00:00+00:00,1.3957,1.39857,1.3907,1.39112,28438
2021-06-24 12:00:00+00:00,1.39095,1.39282,1.3891,1.39058,32893
2021-06-24 16:00:00+00:00,1.3904,1.39353,1.3903,1.39353,17981
2021-06-24 20:00:00+00:00,1.39357,1.39363,1.3915,1.39155,11097
2021-06-25 00:00:00+00:00,1.39148,1.3935,1.39126,1.39292,16219
2021-06-25 04:00:00+00:00,1.3931,1.39313,1.3901,1.39102,18513
2021-06-25 08:00:00+00:00,1.39074,1.39154,1.389,1.38959,21609
2021-06-25 12:00:00+00:00,1.3898,1.393,1.3892,1.38978,31405
2021-06-25 16:00:00+00:00,1.38953,1.39075,1.387,1.38887,14364
2021-06-25 20:00:00+00:00,1.3888,1.3891,1.38746,1.38791,2537
2021-06-27 00:00:00+00:00,1.3877,1.38801,1.3877,1.3877,7
2021-06-27 04:00:00+00:00,1.38801,1.38801,1.3877,1.38801,9
2021-06-27 08:00:00+00:00,1.3877,1.38801,1.3877,1.3877,9
2021-06-27 16:00:00+00:00,1.3876,1.3877,1.38649,1.3877,4
2021-06-27 20:00:00+00:00,1.3881,1.38956,1.38713,1.38956,2746
2021-06-28 00:00:00+00:00,1.38895,1.38946,1.3875,1.38795,9794
2021-06-28 12:00:00+00:00,1.39064,1.39248,1.3882,1.38946,15652
2021-06-28 16:00:00+00:00,1.38938,1.38938,1.38738,1.38738,13978
2021-06-28 20:00:00+00:00,1.38728,1.3884,1.3869,1.38781,7187
2021-06-29 00:00:00+00:00,1.38789,1.38798,1.38588,1.3865,15899
2021-06-29 04:00:00+00:00,1.38653,1.38784,1.38544,1.38575,17196
2021-06-29 08:00:00+00:00,1.3859,1.38642,1.3822,1.3825,24467
2021-06-29 12:00:00+00:00,1.38286,1.38476,1.3814,1.38442,30705
2021-06-29 16:00:00+00:00,1.38462,1.38524,1.3836,1.38502,13390
2021-06-29 20:00:00+00:00,1.385,1.38507,1.3836,1.384,7467
2021-06-30 00:00:00+00:00,1.38399,1.386,1.38399,1.38515,15231
2021-06-30 04:00:00+00:00,1.3851,1.38557,1.38204,1.38315,18857
2021-06-30 08:00:00+00:00,1.3827,1.3869,1.3816,1.38673,26923
2021-06-30 12:00:00+00:00,1.38645,1.38645,1.3803,1.38055,32849
2021-06-30 16:00:00+00:00,1.38044,1.38343,1.37989,1.3833,16856
2021-06-30 20:00:00+00:00,1.3831,1.38371,1.38229,1.3827,8104
2021-07-01 00:00:00+00:00,1.38264,1.3829,1.381,1.38178,16052
2021-07-01 04:00:00+00:00,1.3821,1.38321,1.3805,1.38191,18285
2021-07-01 08:00:00+00:00,1.38205,1.38312,1.3766,1.38089,28275
2021-07-01 12:00:00+00:00,1.3806,1.38184,1.3762,1.37784,33754
2021-07-01 16:00:00+00:00,1.37793,1.37793,1.3751,1.37574,15708
2021-07-01 20:00:00+00:00,1.37582,1.3766,1.375,1.37586,6428
2021-07-02 00:00:00+00:00,1.37586,1.37701,1.3758,1.37675,15823
2021-07-02 04:00:00+00:00,1.37704,1.37744,1.3744,1.37594,17552
2021-07-02 08:00:00+00:00,1.376,1.37664,1.37373,1.37415,21841
2021-07-02 12:00:00+00:00,1.3742,1.37953,1.3739,1.3791,41192
2021-07-02 16:00:00+00:00,1.37922,1.38436,1.3791,1.38343,15777
2021-07-02 20:00:00+00:00,1.3835,1.38367,1.3825,1.38298,1958
2021-07-03 08:00:00+00:00,1.3821,1.3831,1.3821,1.3831,2
2021-07-04 16:00:00+00:00,1.38198,1.38198,1.38188,1.38188,2
2021-07-04 20:00:00+00:00,1.38236,1.38354,1.38118,1.383,2410
2021-07-05 00:00:00+00:00,1.38282,1.38286,1.38181,1.382,14834
2021-07-05 04:00:00+00:00,1.38209,1.38469,1.3817,1.38469,16781
2021-07-05 08:00:00+00:00,1.38494,1.38614,1.3844,1.38552,17741
2021-07-05 12:00:00+00:00,1.38553,1.38555,1.38368,1.38524,16662
2021-07-05 16:00:00+00:00,1.38523,1.3858,1.38305,1.38496,11560
2021-07-05 20:00:00+00:00,1.38487,1.3858,1.38399,1.38528,6346
2021-07-06 00:00:00+00:00,1.38521,1.3888,1.38511,1.38829,15220
2021-07-06 04:00:00+00:00,1.38841,1.38969,1.387,1.38708,21138
2021-07-06 08:00:00+00:00,1.38655,1.3872,1.38344,1.3855,25126
2021-07-06 12:00:00+00:00,1.38584,1.3874,1.3789,1.37927,39070
2021-07-06 16:00:00+00:00,1.379,1.38067,1.3773,1.3801,19567
2021-07-06 20:00:00+00:00,1.38016,1.38052,1.37933,1.38034,8146
2021-07-07 00:00:00+00:00,1.3798,1.3806,1.37907,1.38005,19229
2021-07-07 04:00:00+00:00,1.37993,1.38143,1.37863,1.38005,20254
2021-07-07 08:00:00+00:00,1.3801,1.38348,1.3777,1.38301,23453
2021-07-07 12:00:00+00:00,1.38301,1.38402,1.37566,1.37921,36839
2021-07-07 16:00:00+00:00,1.3792,1.38139,1.37879,1.37985,25309
2021-07-07 20:00:00+00:00,1.37984,1.3805,1.3795,1.37982,8171
2021-07-08 00:00:00+00:00,1.37967,1.3801,1.3774,1.37828,17532
2021-07-08 04:00:00+00:00,1.37812,1.37937,1.376,1.37779,27049
2021-07-08 08:00:00+00:00,1.37755,1.3791,1.37544,1.37605,38327
2021-07-08 12:00:00+00:00,1.37593,1.37947,1.37418,1.37659,41619
2021-07-08 16:00:00+00:00,1.3764,1.37847,1.37608,1.37847,21049
2021-07-08 20:00:00+00:00,1.37842,1.37937,1.3777,1.3788,10398
2021-07-09 00:00:00+00:00,1.37904,1.37931,1.3766,1.37795,22782
2021-07-09 04:00:00+00:00,1.37792,1.37876,1.37595,1.37784,27946
2021-07-09 08:00:00+00:00,1.37788,1.38234,1.37718,1.38166,32368
2021-07-09 12:00:00+00:00,1.38183,1.3875,1.38183,1.38401,35488
2021-07-09 16:00:00+00:00,1.38424,1.3893,1.38424,1.3891,19304
2021-07-09 20:00:00+00:00,1.38919,1.39002,1.38919,1.38996,3992
2021-07-10 08:00:00+00:00,1.3901,1.3901,1.39,1.39,4
2021-07-11 16:00:00+00:00,1.38652,1.38652,1.38552,1.38552,2
2021-07-11 20:00:00+00:00,1.38916,1.39002,1.38851,1.3897,1567
2021-07-12 00:00:00+00:00,1.38979,1.3906,1.38842,1.38853,2933
2021-07-12 04:00:00+00:00,1.38848,1.38921,1.38799,1.38804,3876
2021-07-12 08:00:00+00:00,1.38731,1.38799,1.38413,1.38439,22130
2021-07-12 12:00:00+00:00,1.38445,1.39043,1.3838,1.38853,32141
2021-07-12 16:00:00+00:00,1.38846,1.38846,1.38724,1.38829,13858
2021-07-12 20:00:00+00:00,1.3883,1.3888,1.38799,1.3887,7260
2021-07-13 16:00:00+00:00,1.38363,1.38363,1.38092,1.38115,14896
2021-07-13 20:00:00+00:00,1.38122,1.3819,1.3804,1.3804,7187
2021-07-14 00:00:00+00:00,1.38032,1.38234,1.38,1.38192,21634
2021-07-14 04:00:00+00:00,1.3817,1.38522,1.3814,1.38373,22842
2021-07-14 08:00:00+00:00,1.3836,1.38743,1.38355,1.38593,26995
2021-07-14 12:00:00+00:00,1.38649,1.38907,1.3849,1.3852,37800
2021-07-14 16:00:00+00:00,1.38525,1.38644,1.3849,1.3857,19200
2021-07-14 20:00:00+00:00,1.38576,1.3863,1.38539,1.38558,12109
2021-07-15 00:00:00+00:00,1.38549,1.3857,1.3821,1.38335,23698
2021-07-15 04:00:00+00:00,1.3832,1.38647,1.38138,1.38175,22935
2021-07-15 08:00:00+00:00,1.38151,1.3897,1.3814,1.38717,34079
2021-07-15 12:00:00+00:00,1.38731,1.38731,1.3837,1.3848,37999
2021-07-15 16:00:00+00:00,1.3845,1.38496,1.3805,1.38238,23867
2021-07-15 20:00:00+00:00,1.38206,1.3833,1.382,1.38268,10973
2021-07-16 00:00:00+00:00,1.3828,1.38386,1.3823,1.38386,21704
2021-07-16 04:00:00+00:00,1.38377,1.3839,1.37928,1.38088,21331
2021-07-16 08:00:00+00:00,1.38076,1.38617,1.38,1.38124,29688
2021-07-16 12:00:00+00:00,1.3815,1.38373,1.3772,1.3781,37464
2021-07-16 16:00:00+00:00,1.37821,1.3789,1.3759,1.37607,18459
2021-07-16 20:00:00+00:00,1.37612,1.377,1.3761,1.37611,2917
2021-07-17 08:00:00+00:00,1.3773,1.3773,1.37711,1.37711,4
2021-07-18 16:00:00+00:00,1.37615,1.37615,1.37605,1.37605,2
2021-07-18 20:00:00+00:00,1.37715,1.37754,1.3756,1.37628,3183
2021-07-19 00:00:00+00:00,1.37609,1.3762,1.3746,1.3755,22706
2021-07-19 04:00:00+00:00,1.37563,1.3761,1.37141,1.37227,25094
2021-07-19 08:00:00+00:00,1.37249,1.37436,1.37,1.37151,38651
2021-07-19 12:00:00+00:00,1.37035,1.37244,1.36648,1.36895,51228
2021-07-19 16:00:00+00:00,1.36888,1.36888,1.36549,1.3668,30161
2021-07-19 20:00:00+00:00,1.36679,1.3678,1.36659,1.36678,7910
2021-07-20 00:00:00+00:00,1.36665,1.36867,1.36605,1.3669,22546
2021-07-20 04:00:00+00:00,1.36683,1.3672,1.36286,1.36371,28440
2021-07-20 08:00:00+00:00,1.36355,1.36745,1.36077,1.36233,36585
2021-07-20 12:00:00+00:00,1.36201,1.36229,1.35727,1.36135,43246
2021-07-20 16:00:00+00:00,1.36128,1.36304,1.36128,1.36291,20400
2021-07-20 20:00:00+00:00,1.36297,1.3635,1.36188,1.3633,11170
2021-07-21 00:00:00+00:00,1.3634,1.3639,1.3606,1.3617,19490
2021-07-21 04:00:00+00:00,1.36164,1.36193,1.35909,1.36086,23577
2021-07-21 08:00:00+00:00,1.36036,1.36383,1.3597,1.3619,30618
2021-07-21 12:00:00+00:00,1.36241,1.36936,1.36197,1.36936,35788
2021-07-21 16:00:00+00:00,1.36946,1.3723,1.3685,1.37181,18178
2021-07-21 20:00:00+00:00,1.37173,1.37192,1.37075,1.37104,7137
2021-07-22 00:00:00+00:00,1.37104,1.37119,1.36899,1.3708,15752
2021-07-22 04:00:00+00:00,1.371,1.37576,1.3709,1.37401,20670
2021-07-22 08:00:00+00:00,1.37396,1.3773,1.3717,1.3773,30738
2021-07-22 12:00:00+00:00,1.37721,1.37866,1.37426,1.37462,41524
2021-07-22 16:00:00+00:00,1.37463,1.37776,1.3739,1.37662,19458
2021-07-22 20:00:00+00:00,1.37652,1.3777,1.3755,1.37725,7211
2021-07-23 00:00:00+00:00,1.37723,1.37793,1.37558,1.37603,15348
2021-07-23 04:00:00+00:00,1.37589,1.3766,1.37337,1.3741,22031
2021-07-23 08:00:00+00:00,1.3742,1.37431,1.37204,1.3735,29258
2021-07-23 12:00:00+00:00,1.3737,1.3772,1.3737,1.37493,32423
2021-07-23 16:00:00+00:00,1.3749,1.37628,1.3748,1.3749,14968
2021-07-23 20:00:00+00:00,1.37492,1.3752,1.37158,1.37158,2522
2021-07-24 04:00:00+00:00,1.3747,1.3747,1.37338,1.37338,4
2021-07-24 08:00:00+00:00,1.3747,1.3747,1.37338,1.37338,2
2021-07-25 16:00:00+00:00,1.3736,1.3736,1.37306,1.37306,2
2021-07-25 20:00:00+00:00,1.3751,1.37631,1.3743,1.37565,1954
2021-07-26 00:00:00+00:00,1.37558,1.37558,1.37401,1.37469,20304
2021-07-26 04:00:00+00:00,1.37486,1.3772,1.3736,1.37571,22237
2021-07-26 08:00:00+00:00,1.3756,1.37984,1.3743,1.37941,28540
2021-07-26 12:00:00+00:00,1.37968,1.38319,1.37736,1.38288,31765
2021-07-26 16:00:00+00:00,1.38283,1.38323,1.38108,1.38215,13921
2021-07-26 20:00:00+00:00,1.38206,1.3828,1.38159,1.3826,11653
2021-07-27 00:00:00+00:00,1.38239,1.3831,1.38175,1.38272,15158
2021-07-27 04:00:00+00:00,1.38272,1.38286,1.37809,1.37938,24455
2021-07-27 08:00:00+00:00,1.37886,1.38014,1.37673,1.38014,27698
2021-07-27 12:00:00+00:00,1.38056,1.38913,1.38047,1.38837,36725
2021-07-27 16:00:00+00:00,1.38833,1.38933,1.38765,1.38844,18100
2021-07-27 20:00:00+00:00,1.3881,1.38854,1.3874,1.38804,9312
2021-07-28 00:00:00+00:00,1.38855,1.38894,1.38738,1.38739,16602
2021-07-28 04:00:00+00:00,1.3875,1.38939,1.38639,1.38721,19120
2021-07-28 08:00:00+00:00,1.38701,1.38943,1.38623,1.3877,26776
2021-07-28 12:00:00+00:00,1.38786,1.38863,1.3845,1.38821,29383
2021-07-28 16:00:00+00:00,1.38834,1.39088,1.3852,1.39078,30361
2021-07-28 20:00:00+00:00,1.39083,1.39098,1.3899,1.39045,9889
2021-07-29 00:00:00+00:00,1.39061,1.39282,1.3897,1.39268,17048
2021-07-29 04:00:00+00:00,1.3927,1.39493,1.3924,1.39385,19191
2021-07-29 08:00:00+00:00,1.39382,1.39696,1.39382,1.39622,23027
2021-07-29 12:00:00+00:00,1.39662,1.39807,1.39521,1.3966,29231
2021-07-29 16:00:00+00:00,1.39646,1.39703,1.3957,1.3963,11338
2021-07-29 20:00:00+00:00,1.3964,1.3971,1.39548,1.39633,9164
2021-07-30 00:00:00+00:00,1.39625,1.39625,1.39416,1.39423,19390
2021-07-30 04:00:00+00:00,1.39428,1.39687,1.39344,1.39657,16285
2021-07-30 08:00:00+00:00,1.39626,1.39828,1.39556,1.39561,23926
2021-07-30 12:00:00+00:00,1.39548,1.39659,1.38962,1.3912,31165
2021-07-30 16:00:00+00:00,1.391,1.39119,1.3886,1.38977,15516
2021-07-30 20:00:00+00:00,1.38974,1.3909,1.3893,1.3902,3640
2021-08-01 16:00:00+00:00,1.38981,1.38981,1.38981,1.38981,1
2021-08-01 20:00:00+00:00,1.3896,1.39033,1.38925,1.38949,2187
2021-08-02 00:00:00+00:00,1.3897,1.39034,1.3886,1.38977,17044
2021-08-02 04:00:00+00:00,1.3898,1.39272,1.3895,1.39173,16289
2021-08-02 08:00:00+00:00,1.3918,1.39322,1.38922,1.3898,19827
2021-08-02 12:00:00+00:00,1.38982,1.3911,1.38843,1.38843,31195
2021-08-02 16:00:00+00:00,1.3885,1.3897,1.3877,1.38907,14671
2021-08-02 20:00:00+00:00,1.389,1.3893,1.3879,1.38903,6934
2021-08-03 00:00:00+00:00,1.389,1.39,1.3886,1.38926,15432
2021-08-03 04:00:00+00:00,1.38923,1.39199,1.3887,1.3912,20989
2021-08-03 08:00:00+00:00,1.3916,1.39381,1.3907,1.3932,19848
2021-08-03 12:00:00+00:00,1.3931,1.39318,1.38847,1.3906,34304
2021-08-03 16:00:00+00:00,1.39053,1.39183,1.39053,1.39183,13280
2021-08-03 20:00:00+00:00,1.3916,1.3918,1.39076,1.39164,7046
2021-08-04 00:00:00+00:00,1.39153,1.39316,1.39013,1.39242,13454
2021-08-04 04:00:00+00:00,1.39232,1.39462,1.392,1.39419,15204
2021-08-04 08:00:00+00:00,1.39401,1.39413,1.3919,1.39278,20405
2021-08-04 12:00:00+00:00,1.39237,1.39564,1.39,1.39116,35678
2021-08-04 16:00:00+00:00,1.39094,1.39103,1.38867,1.38869,13730
2021-08-04 20:00:00+00:00,1.38869,1.38898,1.3884,1.3887,6951
2021-08-05 00:00:00+00:00,1.3891,1.38969,1.38779,1.38899,13188
2021-08-05 04:00:00+00:00,1.3891,1.39242,1.38752,1.39242,17339
2021-08-05 08:00:00+00:00,1.39217,1.39389,1.39034,1.3925,27405
2021-08-05 12:00:00+00:00,1.39285,1.39472,1.39,1.3925,31079
2021-08-05 16:00:00+00:00,1.3926,1.39369,1.39249,1.39307,13031
2021-08-05 20:00:00+00:00,1.393,1.3932,1.39249,1.39264,6597
2021-08-06 00:00:00+00:00,1.3926,1.39271,1.3914,1.39205,10731
2021-08-06 04:00:00+00:00,1.39196,1.39318,1.39127,1.39211,14350
2021-08-06 08:00:00+00:00,1.3917,1.39279,1.3904,1.39171,19570
2021-08-06 12:00:00+00:00,1.39159,1.3928,1.38605,1.387,34261
2021-08-06 16:00:00+00:00,1.38706,1.3881,1.3864,1.38774,10795
2021-08-06 20:00:00+00:00,1.38761,1.388,1.3872,1.38727,3037
2021-08-07 16:00:00+00:00,1.3876,1.3876,1.3874,1.3876,3
2021-08-07 20:00:00+00:00,1.3874,1.3876,1.3874,1.3874,9
2021-08-08 00:00:00+00:00,1.3876,1.3876,1.3874,1.3874,6
2021-08-08 16:00:00+00:00,1.38424,1.38759,1.38424,1.38759,2
2021-08-08 20:00:00+00:00,1.38727,1.38781,1.38578,1.3866,5515
2021-08-09 00:00:00+00:00,1.38647,1.38683,1.38549,1.38672,13524
2021-08-09 04:00:00+00:00,1.3869,1.3889,1.38645,1.38652,15170
2021-08-09 08:00:00+00:00,1.38641,1.3893,1.38509,1.38746,23510
2021-08-09 12:00:00+00:00,1.38749,1.38887,1.38462,1.3851,29316
2021-08-09 16:00:00+00:00,1.3848,1.38581,1.3842,1.38457,12720
2021-08-09 20:00:00+00:00,1.38472,1.3853,1.3842,1.3846,6525
2021-08-10 00:00:00+00:00,1.38458,1.3851,1.3835,1.38474,11720
2021-08-10 04:00:00+00:00,1.3845,1.38586,1.384,1.38521,15661
2021-08-10 08:00:00+00:00,1.38545,1.38701,1.38527,1.38613,20299
2021-08-10 12:00:00+00:00,1.386,1.38671,1.3833,1.38379,27764
2021-08-10 16:00:00+00:00,1.3837,1.38411,1.38279,1.3834,12425
2021-08-10 20:00:00+00:00,1.38338,1.3842,1.3829,1.38348,7895
2021-08-11 00:00:00+00:00,1.38351,1.38351,1.38195,1.3828,10237
2021-08-11 04:00:00+00:00,1.38277,1.3833,1.38127,1.38166,14283
2021-08-11 08:00:00+00:00,1.3816,1.38296,1.38044,1.38294,17410
2021-08-11 12:00:00+00:00,1.38283,1.38712,1.38283,1.3863,32386
2021-08-11 16:00:00+00:00,1.38659,1.38852,1.3863,1.38704,13677
2021-08-11 20:00:00+00:00,1.38687,1.3872,1.38629,1.3865,6811
2021-08-12 00:00:00+00:00,1.3865,1.3874,1.3863,1.38736,10285
2021-08-12 04:00:00+00:00,1.3873,1.38776,1.3855,1.38776,13931
2021-08-12 08:00:00+00:00,1.38746,1.38754,1.38442,1.38472,17683
2021-08-12 12:00:00+00:00,1.3849,1.38546,1.3822,1.38321,24170
2021-08-12 16:00:00+00:00,1.38339,1.38339,1.3796,1.38053,16456
2021-08-12 20:00:00+00:00,1.3803,1.38135,1.3802,1.38105,7548
2021-08-13 00:00:00+00:00,1.38096,1.3817,1.38031,1.38131,8979
2021-08-13 04:00:00+00:00,1.38139,1.3815,1.3798,1.38073,11246
2021-08-13 08:00:00+00:00,1.38065,1.38224,1.3791,1.38182,16402
2021-08-13 12:00:00+00:00,1.38194,1.38615,1.3819,1.38559,25056
2021-08-13 16:00:00+00:00,1.38563,1.3875,1.3855,1.38698,13195
2021-08-13 20:00:00+00:00,1.38679,1.3871,1.386,1.3866,2457
2021-08-15 16:00:00+00:00,1.38617,1.38617,1.38237,1.38237,2
2021-08-15 20:00:00+00:00,1.38577,1.38721,1.38316,1.3863,1774
2021-08-16 00:00:00+00:00,1.38648,1.3866,1.385,1.3851,9693
2021-08-16 04:00:00+00:00,1.3851,1.38607,1.38392,1.38547,13682
2021-08-16 08:00:00+00:00,1.3854,1.38741,1.38491,1.38651,19625
2021-08-16 12:00:00+00:00,1.38649,1.38721,1.38288,1.38472,30159
2021-08-16 16:00:00+00:00,1.3845,1.38527,1.3835,1.38387,11431
2021-08-16 20:00:00+00:00,1.38373,1.3849,1.3835,1.38404,7258
2021-08-17 00:00:00+00:00,1.38392,1.38404,1.3813,1.3816,12807
2021-08-17 04:00:00+00:00,1.38147,1.38294,1.3789,1.3799,19543
2021-08-17 08:00:00+00:00,1.3798,1.38114,1.3785,1.37889,21719
2021-08-17 12:00:00+00:00,1.37883,1.37935,1.3734,1.37378,30214
2021-08-17 16:00:00+00:00,1.37371,1.37426,1.37265,1.37382,14309
2021-08-17 20:00:00+00:00,1.37354,1.3743,1.3728,1.3738,7137
2021-08-18 00:00:00+00:00,1.37389,1.37583,1.37376,1.37521,13579
2021-08-18 04:00:00+00:00,1.37536,1.37543,1.37327,1.37414,13469
2021-08-18 08:00:00+00:00,1.37397,1.37687,1.37384,1.37686,17859
2021-08-18 12:00:00+00:00,1.3767,1.37705,1.37454,1.37455,25373
2021-08-18 16:00:00+00:00,1.37485,1.37771,1.37449,1.37569,20888
2021-08-18 20:00:00+00:00,1.3757,1.3759,1.3742,1.3742,8436
2021-08-19 00:00:00+00:00,1.3742,1.37485,1.37122,1.37195,15968
2021-08-19 04:00:00+00:00,1.37207,1.3722,1.36911,1.36968,21257
2021-08-19 08:00:00+00:00,1.36947,1.36992,1.3665,1.36811,25446
2021-08-19 12:00:00+00:00,1.3678,1.36917,1.36532,1.36712,31908
2021-08-19 16:00:00+00:00,1.36699,1.36717,1.36332,1.36335,18534
2021-08-19 20:00:00+00:00,1.36345,1.3646,1.3627,1.36298,6895
2021-08-20 00:00:00+00:00,1.363,1.364,1.3617,1.36295,13845
2021-08-20 04:00:00+00:00,1.36289,1.36343,1.36099,1.36175,19691
2021-08-20 08:00:00+00:00,1.36205,1.3628,1.36069,1.36113,19765
2021-08-20 12:00:00+00:00,1.36102,1.36353,1.36024,1.36249,26788
2021-08-20 16:00:00+00:00,1.36245,1.36333,1.3618,1.36247,12140
2021-08-20 20:00:00+00:00,1.36243,1.36276,1.36209,1.3621,6285
2021-08-21 08:00:00+00:00,1.3621,1.3624,1.3621,1.3624,2
2021-08-22 04:00:00+00:00,1.3621,1.3621,1.3621,1.3621,1
2021-08-22 08:00:00+00:00,1.3624,1.3624,1.3621,1.3621,2
2021-08-22 16:00:00+00:00,1.36141,1.36141,1.36124,1.36124,2
2021-08-22 20:00:00+00:00,1.3613,1.36278,1.36121,1.3623,2142
2021-08-23 00:00:00+00:00,1.36271,1.36538,1.36271,1.3649,13796
2021-08-23 04:00:00+00:00,1.36466,1.36608,1.36347,1.36489,16942
2021-08-23 08:00:00+00:00,1.36475,1.3683,1.36463,1.3682,22290
2021-08-23 12:00:00+00:00,1.36823,1.37194,1.368,1.37157,27083
2021-08-23 16:00:00+00:00,1.37164,1.37311,1.3715,1.37282,10938
2021-08-23 20:00:00+00:00,1.37279,1.3729,1.3714,1.37216,6363
2021-08-24 00:00:00+00:00,1.37216,1.37241,1.3711,1.37161,10247
2021-08-24 04:00:00+00:00,1.37181,1.37466,1.37157,1.37163,15720
2021-08-24 08:00:00+00:00,1.37132,1.37316,1.36947,1.37207,21340
2021-08-24 12:00:00+00:00,1.37258,1.37456,1.37064,1.37147,26323
2021-08-24 16:00:00+00:00,1.37136,1.3731,1.3711,1.37309,10632
2021-08-24 20:00:00+00:00,1.3731,1.3732,1.37215,1.37234,6549
2021-08-25 00:00:00+00:00,1.37262,1.37311,1.3713,1.37182,12825
2021-08-25 04:00:00+00:00,1.37177,1.37253,1.37076,1.37183,13731
2021-08-25 08:00:00+00:00,1.37183,1.37422,1.3711,1.37152,19020
2021-08-25 12:00:00+00:00,1.37152,1.37344,1.36979,1.37215,26669
2021-08-25 16:00:00+00:00,1.372,1.37662,1.372,1.37595,13775
2021-08-25 20:00:00+00:00,1.37594,1.3765,1.37533,1.3762,9305
2021-08-26 00:00:00+00:00,1.37625,1.37671,1.37489,1.375,11866
2021-08-26 04:00:00+00:00,1.3751,1.3759,1.37377,1.37464,15262
2021-08-26 08:00:00+00:00,1.37431,1.37497,1.3731,1.37337,19939
2021-08-26 12:00:00+00:00,1.3732,1.37344,1.37099,1.37118,32264
2021-08-26 16:00:00+00:00,1.37111,1.37152,1.36899,1.36995,14041
2021-08-26 20:00:00+00:00,1.36969,1.3703,1.3695,1.36998,8232
2021-08-27 00:00:00+00:00,1.36939,1.3697,1.36793,1.36965,12993
2021-08-27 04:00:00+00:00,1.36963,1.37195,1.36944,1.37157,15781
2021-08-27 08:00:00+00:00,1.37169,1.37205,1.36941,1.37196,20028
2021-08-27 12:00:00+00:00,1.3719,1.37806,1.37023,1.37668,38863
2021-08-27 16:00:00+00:00,1.37662,1.37785,1.3761,1.37633,14503
2021-08-27 20:00:00+00:00,1.37614,1.37644,1.3753,1.3753,2746
2021-08-29 16:00:00+00:00,1.37513,1.37513,1.37513,1.37513,1
2021-08-29 20:00:00+00:00,1.37525,1.37646,1.37481,1.3761,2954
2021-08-30 00:00:00+00:00,1.37622,1.37744,1.3755,1.37683,12427
2021-08-30 04:00:00+00:00,1.3766,1.37739,1.37518,1.37662,13608
2021-08-30 08:00:00+00:00,1.3763,1.37717,1.37481,1.37593,17245
2021-08-30 12:00:00+00:00,1.37578,1.3767,1.37353,1.3756,21540
2021-08-30 16:00:00+00:00,1.37557,1.37669,1.3752,1.37603,8814
2021-08-30 20:00:00+00:00,1.376,1.3768,1.37511,1.37583,5743
2021-08-31 00:00:00+00:00,1.3759,1.37765,1.3756,1.37756,14321
2021-08-31 04:00:00+00:00,1.37762,1.38,1.3773,1.3784,18257
2021-08-31 08:00:00+00:00,1.37813,1.37905,1.37609,1.37882,26559
2021-08-31 12:00:00+00:00,1.3785,1.38035,1.37429,1.37474,37474
2021-08-31 16:00:00+00:00,1.37455,1.37592,1.3745,1.3748,16475
2021-08-31 20:00:00+00:00,1.37487,1.3758,1.37487,1.37517,8125
2021-09-01 00:00:00+00:00,1.37522,1.37544,1.373,1.3738,13321
2021-09-01 04:00:00+00:00,1.37373,1.37644,1.373,1.3754,18748
2021-09-01 08:00:00+00:00,1.37543,1.37646,1.37447,1.37567,19988
2021-09-01 12:00:00+00:00,1.37584,1.37973,1.3758,1.37892,30776
2021-09-01 16:00:00+00:00,1.3789,1.37931,1.3767,1.37689,14790
2021-09-01 20:00:00+00:00,1.37672,1.3774,1.3766,1.37705,6822
2021-09-02 00:00:00+00:00,1.37724,1.37794,1.3767,1.37737,12105
2021-09-02 04:00:00+00:00,1.37733,1.37902,1.37702,1.37889,14910
2021-09-02 08:00:00+00:00,1.37866,1.37994,1.37783,1.37897,20042
2021-09-02 12:00:00+00:00,1.37909,1.38348,1.3782,1.38227,27667
2021-09-02 16:00:00+00:00,1.3825,1.38392,1.3823,1.38362,14051
2021-09-02 20:00:00+00:00,1.3835,1.3838,1.3831,1.38355,6907
2021-09-03 00:00:00+00:00,1.38347,1.38445,1.3831,1.3834,13544
2021-09-03 04:00:00+00:00,1.3833,1.38371,1.3824,1.3826,14368
2021-09-03 08:00:00+00:00,1.38248,1.38405,1.3816,1.3832,20661
2021-09-03 12:00:00+00:00,1.38305,1.38737,1.38238,1.38613,37611
2021-09-03 16:00:00+00:00,1.38619,1.3891,1.386,1.3863,13479
2021-09-03 20:00:00+00:00,1.38627,1.38633,1.3856,1.38583,2631
2021-09-05 16:00:00+00:00,1.38431,1.38441,1.38431,1.38441,2
2021-09-05 20:00:00+00:00,1.38541,1.38672,1.38541,1.3858,2005
2021-09-06 00:00:00+00:00,1.3855,1.3859,1.38487,1.38508,11767
2021-09-06 04:00:00+00:00,1.38512,1.38542,1.38369,1.38392,13783
2021-09-06 08:00:00+00:00,1.38387,1.3846,1.3831,1.38452,16115
2021-09-06 12:00:00+00:00,1.3843,1.38451,1.3818,1.38267,14754
2021-09-06 16:00:00+00:00,1.38282,1.3838,1.3826,1.38333,15414
2021-09-06 20:00:00+00:00,1.38317,1.3841,1.3824,1.3838,8142
2021-09-07 00:00:00+00:00,1.38387,1.38561,1.38379,1.38465,13487
2021-09-07 04:00:00+00:00,1.38472,1.38514,1.38219,1.38316,21120
2021-09-07 08:00:00+00:00,1.38294,1.38294,1.37693,1.37744,28169
2021-09-07 12:00:00+00:00,1.3773,1.37984,1.37685,1.379,30258
2021-09-07 16:00:00+00:00,1.379,1.37953,1.378,1.37807,15542
2021-09-07 20:00:00+00:00,1.37843,1.37874,1.3777,1.37787,8322
2021-09-08 00:00:00+00:00,1.37791,1.3791,1.37755,1.37786,12417
2021-09-08 04:00:00+00:00,1.3779,1.37816,1.37558,1.37648,20155
2021-09-08 08:00:00+00:00,1.37611,1.37771,1.37507,1.3767,26946
2021-09-08 12:00:00+00:00,1.37689,1.37752,1.3727,1.3763,34295
2021-09-08 16:00:00+00:00,1.37583,1.3784,1.37583,1.37738,18212
2021-09-08 20:00:00+00:00,1.3775,1.3777,1.37639,1.37662,9798
2021-09-09 00:00:00+00:00,1.3764,1.3773,1.3758,1.37627,13517
2021-09-09 04:00:00+00:00,1.37637,1.37912,1.3752,1.37869,19657
2021-09-09 08:00:00+00:00,1.37883,1.38368,1.37883,1.38368,25392
2021-09-09 12:00:00+00:00,1.3835,1.38531,1.38208,1.38531,35034
2021-09-09 16:00:00+00:00,1.38531,1.3862,1.3836,1.38373,20116
2021-09-09 20:00:00+00:00,1.38369,1.3842,1.38316,1.38378,10891
2021-09-10 00:00:00+00:00,1.38394,1.38507,1.3832,1.385,13884
2021-09-10 04:00:00+00:00,1.3849,1.38786,1.38412,1.38729,19478
2021-09-10 08:00:00+00:00,1.38735,1.38843,1.3864,1.3884,23700
2021-09-10 12:00:00+00:00,1.38857,1.38882,1.38417,1.38464,30699
2021-09-10 16:00:00+00:00,1.38461,1.38584,1.38319,1.38319,15731
2021-09-10 20:00:00+00:00,1.38306,1.38349,1.381,1.381,3317
2021-09-12 16:00:00+00:00,1.38296,1.38296,1.38286,1.38286,2
2021-09-12 20:00:00+00:00,1.38326,1.38412,1.38293,1.38381,2256
2021-09-13 12:00:00+00:00,1.384,1.38509,1.38152,1.38432,21147
2021-09-13 16:00:00+00:00,1.38429,1.38434,1.38263,1.38347,15530
2021-09-13 20:00:00+00:00,1.3833,1.38415,1.38317,1.3837,6700
2021-09-14 00:00:00+00:00,1.38393,1.38494,1.38342,1.38445,14300
2021-09-14 04:00:00+00:00,1.38443,1.38798,1.38297,1.3876,21758
2021-09-14 08:00:00+00:00,1.38793,1.38799,1.38523,1.38531,20767
2021-09-14 12:00:00+00:00,1.38521,1.39122,1.3838,1.38466,36335
2021-09-14 16:00:00+00:00,1.38462,1.38564,1.3802,1.38066,17422
2021-09-14 20:00:00+00:00,1.38049,1.3814,1.38009,1.38073,8269
2021-09-15 00:00:00+00:00,1.38085,1.3811,1.3792,1.3804,13772
2021-09-15 04:00:00+00:00,1.38044,1.38373,1.37995,1.38264,19289
2021-09-15 08:00:00+00:00,1.38309,1.38406,1.38137,1.38229,21642
2021-09-15 12:00:00+00:00,1.38259,1.38514,1.38153,1.38348,34620
2021-09-15 16:00:00+00:00,1.3834,1.38459,1.38253,1.38456,12945
2021-09-15 20:00:00+00:00,1.3845,1.3852,1.38342,1.38477,6092
2021-09-16 00:00:00+00:00,1.38453,1.3849,1.3833,1.3834,11241
2021-09-16 04:00:00+00:00,1.3833,1.3837,1.38123,1.38222,18019
2021-09-16 08:00:00+00:00,1.38192,1.38407,1.3807,1.38378,22094
2021-09-16 12:00:00+00:00,1.38361,1.38361,1.3764,1.37834,32283
2021-09-16 16:00:00+00:00,1.37825,1.37975,1.3774,1.37926,13470
2021-09-16 20:00:00+00:00,1.37945,1.38,1.37761,1.3796,10438
2021-09-17 00:00:00+00:00,1.3794,1.37983,1.37825,1.37957,13649
2021-09-17 04:00:00+00:00,1.3793,1.38089,1.3788,1.37912,17153
2021-09-17 08:00:00+00:00,1.37885,1.3813,1.37754,1.37975,25944
2021-09-17 12:00:00+00:00,1.37983,1.3805,1.3743,1.37547,34508
2021-09-17 16:00:00+00:00,1.37516,1.37637,1.37354,1.3736,16493
2021-09-17 20:00:00+00:00,1.3734,1.37388,1.3726,1.37388,2878
2021-09-19 16:00:00+00:00,1.37262,1.37302,1.37262,1.37302,2
2021-09-19 20:00:00+00:00,1.37397,1.37457,1.37231,1.37282,2151
2021-09-20 00:00:00+00:00,1.37265,1.37285,1.3699,1.37094,12488
2021-09-20 04:00:00+00:00,1.3709,1.37148,1.36664,1.36699,19929
2021-09-20 08:00:00+00:00,1.36683,1.36983,1.3657,1.36581,25397
2021-09-20 12:00:00+00:00,1.3656,1.3684,1.3646,1.36562,34700
2021-09-20 16:00:00+00:00,1.36561,1.36645,1.3641,1.36643,19683
2021-09-20 20:00:00+00:00,1.36622,1.3664,1.3652,1.36604,8680
2021-09-21 00:00:00+00:00,1.36591,1.36717,1.36502,1.36691,15224
2021-09-21 04:00:00+00:00,1.36701,1.3687,1.3663,1.36827,20663
2021-09-21 08:00:00+00:00,1.36831,1.36927,1.3673,1.36785,23234
2021-09-21 12:00:00+00:00,1.36766,1.36888,1.36412,1.36624,38179
2021-09-21 16:00:00+00:00,1.36614,1.36732,1.365,1.36633,22995
2021-09-21 20:00:00+00:00,1.36618,1.36645,1.36544,1.3657,8994
2021-09-22 00:00:00+00:00,1.36564,1.36761,1.3648,1.36491,18214
2021-09-22 04:00:00+00:00,1.3647,1.36598,1.3634,1.3634,18735
2021-09-22 08:00:00+00:00,1.36387,1.36495,1.363,1.36399,20804
2021-09-22 12:00:00+00:00,1.36418,1.36675,1.36171,1.36671,29150
2021-09-22 16:00:00+00:00,1.36666,1.36856,1.36115,1.3618,37325
2021-09-22 20:00:00+00:00,1.36178,1.3632,1.3613,1.36155,10898
2021-09-23 00:00:00+00:00,1.36179,1.36444,1.36115,1.36411,12760
2021-09-23 04:00:00+00:00,1.36409,1.36559,1.36342,1.36553,20015
2021-09-23 08:00:00+00:00,1.36546,1.37181,1.365,1.37177,36347
2021-09-23 12:00:00+00:00,1.37147,1.37481,1.3702,1.37445,34328
2021-09-23 16:00:00+00:00,1.37427,1.37499,1.37225,1.37242,18812
2021-09-23 20:00:00+00:00,1.37226,1.37274,1.37151,1.37195,8828
2021-09-24 00:00:00+00:00,1.372,1.37351,1.3716,1.3724,14290
2021-09-24 04:00:00+00:00,1.37226,1.3727,1.3703,1.37077,18870
2021-09-24 08:00:00+00:00,1.37069,1.3719,1.3671,1.36753,27055
2021-09-24 12:00:00+00:00,1.3676,1.36941,1.36587,1.36803,31207
2021-09-24 16:00:00+00:00,1.36785,1.36882,1.3659,1.367,15210
2021-09-24 20:00:00+00:00,1.3671,1.3676,1.3668,1.3668,2197
2021-09-26 16:00:00+00:00,1.36643,1.36643,1.36586,1.36603,13
2021-09-26 20:00:00+00:00,1.36614,1.36726,1.36587,1.36667,1968
2021-09-27 00:00:00+00:00,1.36664,1.36792,1.3664,1.36729,12957
2021-09-27 04:00:00+00:00,1.36728,1.36956,1.3657,1.36803,19798
2021-09-27 08:00:00+00:00,1.36837,1.3713,1.36822,1.3686,28281
2021-09-27 12:00:00+00:00,1.36885,1.3728,1.36821,1.3712,38990
2021-09-27 16:00:00+00:00,1.37085,1.37151,1.3699,1.3702,15717
2021-09-27 20:00:00+00:00,1.3704,1.3707,1.3696,1.36999,6051
2021-09-28 00:00:00+00:00,1.3699,1.37052,1.36874,1.37029,11430
2021-09-28 04:00:00+00:00,1.37018,1.3717,1.3667,1.3675,22930
2021-09-28 08:00:00+00:00,1.36739,1.36754,1.3594,1.35975,34230
2021-09-28 12:00:00+00:00,1.3594,1.3594,1.3524,1.35356,46460
2021-09-28 16:00:00+00:00,1.35345,1.35455,1.35206,1.35393,23384
2021-09-28 20:00:00+00:00,1.3541,1.35439,1.35314,1.3541,10321
2021-09-29 00:00:00+00:00,1.35405,1.3547,1.353,1.3545,17724
2021-09-29 04:00:00+00:00,1.3544,1.35535,1.35044,1.35186,25825
2021-09-29 08:00:00+00:00,1.35187,1.35298,1.3474,1.34896,29452
2021-09-29 12:00:00+00:00,1.34866,1.349,1.34232,1.34365,41901
2021-09-29 16:00:00+00:00,1.34402,1.34412,1.3411,1.34162,23172
2021-09-29 20:00:00+00:00,1.34147,1.3431,1.34147,1.3427,7802
2021-09-30 00:00:00+00:00,1.34248,1.34579,1.34248,1.3455,15169
2021-09-30 04:00:00+00:00,1.34551,1.34582,1.34163,1.34354,21311
2021-09-30 08:00:00+00:00,1.34436,1.34683,1.3429,1.34482,27334
2021-09-30 12:00:00+00:00,1.3449,1.35163,1.3449,1.34692,44343
2021-09-30 16:00:00+00:00,1.34723,1.34835,1.3446,1.34719,26499
2021-09-30 20:00:00+00:00,1.3475,1.348,1.34659,1.3469,11251
2021-10-01 00:00:00+00:00,1.34706,1.3471,1.3445,1.3453,19405
2021-10-01 04:00:00+00:00,1.34544,1.34613,1.34351,1.3459,29096
2021-10-01 08:00:00+00:00,1.3459,1.35413,1.3449,1.35401,34659
2021-10-01 12:00:00+00:00,1.35383,1.35726,1.3526,1.35697,47623
2021-10-01 16:00:00+00:00,1.35651,1.3574,1.35467,1.35512,22638
2021-10-01 20:00:00+00:00,1.35515,1.3552,1.354,1.35434,2493
2021-10-03 16:00:00+00:00,1.35352,1.35357,1.35352,1.35357,2
2021-10-03 20:00:00+00:00,1.3543,1.3575,1.35394,1.35692,3490
2021-10-04 00:00:00+00:00,1.35691,1.35765,1.3532,1.35339,15891
2021-10-04 04:00:00+00:00,1.3532,1.3563,1.3532,1.3562,24751
2021-10-04 08:00:00+00:00,1.35667,1.36055,1.35448,1.3605,31896
2021-10-04 12:00:00+00:00,1.36019,1.36387,1.35948,1.36005,37203
2021-10-04 16:00:00+00:00,1.36014,1.36176,1.36014,1.36125,23255
2021-10-04 20:00:00+00:00,1.36124,1.3614,1.3603,1.36063,8076
2021-10-05 00:00:00+00:00,1.36057,1.3611,1.3583,1.35948,17838
2021-10-05 04:00:00+00:00,1.35944,1.36158,1.3585,1.36082,23570
2021-10-05 08:00:00+00:00,1.361,1.3636,1.361,1.36194,27586
2021-10-05 12:00:00+00:00,1.36208,1.3647,1.36001,1.36389,36952
2021-10-05 16:00:00+00:00,1.36374,1.36438,1.3621,1.36235,18867
2021-10-05 20:00:00+00:00,1.36239,1.363,1.362,1.36253,11672
2021-10-06 00:00:00+00:00,1.36245,1.36299,1.36086,1.3612,16313
2021-10-06 04:00:00+00:00,1.36136,1.36145,1.35636,1.35636,25360
2021-10-06 08:00:00+00:00,1.35613,1.35776,1.35445,1.357,34613
2021-10-06 12:00:00+00:00,1.35721,1.35902,1.3551,1.35656,43913
2021-10-06 16:00:00+00:00,1.35685,1.35889,1.35535,1.35882,26111
2021-10-06 20:00:00+00:00,1.35874,1.3592,1.3578,1.359,9314
2021-10-07 00:00:00+00:00,1.35918,1.3596,1.3576,1.3583,13624
2021-10-07 04:00:00+00:00,1.35839,1.36037,1.3573,1.35822,22313
2021-10-07 08:00:00+00:00,1.35753,1.3617,1.357,1.36066,28898
2021-10-07 12:00:00+00:00,1.36057,1.36362,1.35859,1.36317,33490
2021-10-07 16:00:00+00:00,1.36326,1.36366,1.3613,1.36162,18382
2021-10-07 20:00:00+00:00,1.3617,1.362,1.361,1.3619,8725
2021-10-08 00:00:00+00:00,1.3619,1.36196,1.36057,1.36095,15566
2021-10-08 04:00:00+00:00,1.36088,1.3613,1.35844,1.35914,20294
2021-10-08 08:00:00+00:00,1.35906,1.36367,1.3586,1.36232,22496
2021-10-08 12:00:00+00:00,1.36213,1.36529,1.36118,1.36288,44733
2021-10-08 16:00:00+00:00,1.36265,1.36265,1.36096,1.36196,16718
2021-10-08 20:00:00+00:00,1.36193,1.3621,1.3611,1.3614,2249
2021-10-09 04:00:00+00:00,1.3612,1.3612,1.3611,1.3611,4
2021-10-09 08:00:00+00:00,1.3612,1.3612,1.3611,1.3611,6
2021-10-10 16:00:00+00:00,1.36321,1.36424,1.36318,1.36414,32
2021-10-10 20:00:00+00:00,1.36346,1.36359,1.3611,1.3615,3183
2021-10-11 00:00:00+00:00,1.36171,1.3655,1.36171,1.36365,14364
2021-10-11 04:00:00+00:00,1.3634,1.36724,1.3633,1.3647,21854
2021-10-11 08:00:00+00:00,1.36471,1.36559,1.36109,1.3629,26295
2021-10-11 12:00:00+00:00,1.36307,1.365,1.362,1.36235,26891
2021-10-11 16:00:00+00:00,1.36207,1.36216,1.3586,1.3586,16966
2021-10-11 20:00:00+00:00,1.35872,1.3596,1.3584,1.359,8181
2021-10-12 00:00:00+00:00,1.35918,1.36013,1.3581,1.35964,15731
2021-10-12 04:00:00+00:00,1.3595,1.36091,1.35848,1.35848,19887
2021-10-12 08:00:00+00:00,1.35844,1.36277,1.357,1.36254,24790
2021-10-12 12:00:00+00:00,1.36254,1.3637,1.35711,1.36029,36651
2021-10-12 16:00:00+00:00,1.36048,1.36048,1.35773,1.35927,19341
2021-10-12 20:00:00+00:00,1.35897,1.35921,1.3576,1.35765,8509
2021-10-13 00:00:00+00:00,1.35759,1.3617,1.35759,1.36126,14351
2021-10-13 04:00:00+00:00,1.36136,1.36175,1.36023,1.3611,14219
2021-10-13 12:00:00+00:00,1.35959,1.3647,1.35904,1.3643,30990
2021-10-13 16:00:00+00:00,1.36455,1.3664,1.3632,1.36609,20957
2021-10-13 20:00:00+00:00,1.36609,1.3668,1.3653,1.36679,9968
2021-10-14 00:00:00+00:00,1.367,1.36713,1.36575,1.36688,9582
2021-10-14 04:00:00+00:00,1.3671,1.36991,1.36603,1.3697,16227
2021-10-14 08:00:00+00:00,1.36994,1.37338,1.3695,1.37157,24032
2021-10-14 12:00:00+00:00,1.3714,1.372,1.36759,1.36842,30717
2021-10-14 16:00:00+00:00,1.36864,1.36903,1.36708,1.36708,16377
2021-10-14 20:00:00+00:00,1.3669,1.3677,1.36666,1.36666,6934
2021-10-15 00:00:00+00:00,1.36677,1.3688,1.36673,1.3686,11405
2021-10-15 04:00:00+00:00,1.3685,1.3727,1.3674,1.37202,18910
2021-10-15 08:00:00+00:00,1.37193,1.37568,1.37161,1.37507,26795
2021-10-15 12:00:00+00:00,1.37501,1.37721,1.3733,1.37557,33755
2021-10-15 16:00:00+00:00,1.37568,1.37636,1.3739,1.37425,16815
2021-10-15 20:00:00+00:00,1.3742,1.375,1.36803,1.36803,2485
2021-10-17 16:00:00+00:00,1.37499,1.37499,1.37489,1.37489,2
2021-10-17 20:00:00+00:00,1.3748,1.37645,1.37419,1.37601,4800
2021-10-18 00:00:00+00:00,1.3757,1.37628,1.3727,1.3728,10255
2021-10-18 04:00:00+00:00,1.3729,1.37467,1.37194,1.37467,15113
2021-10-18 08:00:00+00:00,1.37439,1.37464,1.3718,1.37336,20569
2021-10-18 12:00:00+00:00,1.37298,1.37446,1.37099,1.37264,26242
2021-10-18 16:00:00+00:00,1.37238,1.374,1.3723,1.37318,10626
2021-10-18 20:00:00+00:00,1.37276,1.3736,1.3723,1.37352,7688
2021-10-19 00:00:00+00:00,1.37369,1.3766,1.37369,1.3764,10072
2021-10-19 04:00:00+00:00,1.3764,1.37856,1.3764,1.37783,15753
2021-10-19 08:00:00+00:00,1.37836,1.38312,1.37796,1.38243,20506
2021-10-19 12:00:00+00:00,1.38243,1.38312,1.3792,1.38055,23825
2021-10-19 16:00:00+00:00,1.38044,1.38124,1.3791,1.37914,9980
2021-10-19 20:00:00+00:00,1.379,1.3802,1.37847,1.3793,5339
2021-10-20 00:00:00+00:00,1.3793,1.38135,1.3787,1.3806,11484
2021-10-20 04:00:00+00:00,1.38065,1.3813,1.3771,1.3777,15687
2021-10-20 08:00:00+00:00,1.3777,1.37882,1.37423,1.37424,15826
2021-10-20 12:00:00+00:00,1.37425,1.3823,1.37425,1.38202,24592
2021-10-20 16:00:00+00:00,1.382,1.3834,1.3816,1.38252,12076
2021-10-20 20:00:00+00:00,1.3823,1.3829,1.3816,1.3822,6266
2021-10-21 00:00:00+00:00,1.3822,1.3832,1.3821,1.3832,12555
2021-10-21 04:00:00+00:00,1.3831,1.3831,1.37928,1.38155,21216
2021-10-21 08:00:00+00:00,1.38137,1.3816,1.37862,1.38114,20827
2021-10-21 12:00:00+00:00,1.38089,1.38236,1.37957,1.3808,32248
2021-10-21 16:00:00+00:00,1.3811,1.38112,1.3776,1.3787,17079
2021-10-21 20:00:00+00:00,1.37859,1.3796,1.3784,1.37909,11336
2021-10-22 00:00:00+00:00,1.37899,1.3808,1.37828,1.37951,17115
2021-10-22 04:00:00+00:00,1.37947,1.3803,1.37774,1.37774,22600
2021-10-22 08:00:00+00:00,1.3773,1.38128,1.37728,1.3781,26160
2021-10-22 12:00:00+00:00,1.37826,1.37923,1.37447,1.37447,35479
2021-10-22 16:00:00+00:00,1.37415,1.37612,1.37379,1.37612,23067
2021-10-22 20:00:00+00:00,1.3761,1.3763,1.3752,1.37537,2647
2021-10-23 20:00:00+00:00,1.3759,1.3759,1.375,1.375,4
2021-10-24 16:00:00+00:00,1.37358,1.37358,1.37358,1.37358,2
2021-10-24 20:00:00+00:00,1.37368,1.37635,1.37368,1.376,2869
2021-10-25 00:00:00+00:00,1.3762,1.37845,1.3759,1.3781,18008
2021-10-25 04:00:00+00:00,1.37801,1.37895,1.37602,1.37873,21355
2021-10-25 08:00:00+00:00,1.37884,1.37909,1.3742,1.3754,28615
2021-10-25 12:00:00+00:00,1.37516,1.37784,1.37424,1.37728,36433
2021-10-25 16:00:00+00:00,1.37698,1.37754,1.37563,1.37659,15674
2021-10-25 20:00:00+00:00,1.37649,1.3769,1.3757,1.37632,6091
2021-10-26 00:00:00+00:00,1.37651,1.37712,1.37566,1.37648,15614
2021-10-26 04:00:00+00:00,1.3765,1.37862,1.3756,1.37705,19628
2021-10-26 08:00:00+00:00,1.37667,1.38288,1.37667,1.3806,28376
2021-10-26 12:00:00+00:00,1.38067,1.38081,1.3767,1.37695,34258
2021-10-26 16:00:00+00:00,1.37654,1.37704,1.37582,1.37629,19029
2021-10-26 20:00:00+00:00,1.37625,1.377,1.37608,1.37649,6737
2021-10-27 00:00:00+00:00,1.37666,1.3777,1.3764,1.3768,14834
2021-10-27 04:00:00+00:00,1.3768,1.37785,1.37442,1.37463,19001
2021-10-27 08:00:00+00:00,1.37513,1.37586,1.37102,1.37321,29896
2021-10-27 12:00:00+00:00,1.37334,1.37512,1.37105,1.37377,42093
2021-10-27 16:00:00+00:00,1.37381,1.37578,1.37324,1.37364,21905
2021-10-27 20:00:00+00:00,1.37365,1.3748,1.3729,1.37303,6440
2021-10-28 00:00:00+00:00,1.37313,1.3746,1.3722,1.3746,19107
2021-10-28 04:00:00+00:00,1.3744,1.37736,1.37351,1.37593,23050
2021-10-28 08:00:00+00:00,1.3758,1.37657,1.37401,1.37492,32346
2021-10-28 12:00:00+00:00,1.37503,1.3814,1.37316,1.38033,48849
2021-10-28 16:00:00+00:00,1.38007,1.38062,1.37857,1.37885,24429
2021-10-28 20:00:00+00:00,1.37903,1.3801,1.3787,1.3798,8470
2021-10-29 00:00:00+00:00,1.37983,1.38032,1.3787,1.37949,17381
2021-10-29 04:00:00+00:00,1.37935,1.38005,1.37797,1.37895,22056
2021-10-29 08:00:00+00:00,1.37876,1.3798,1.37645,1.37891,31190
2021-10-29 12:00:00+00:00,1.37832,1.37889,1.36806,1.36844,45417
2021-10-29 16:00:00+00:00,1.36828,1.36983,1.36683,1.36847,23523
2021-10-29 20:00:00+00:00,1.36842,1.36941,1.3684,1.36941,3827
2021-10-31 20:00:00+00:00,1.36824,1.36874,1.36794,1.3681,2585
2021-11-01 00:00:00+00:00,1.36851,1.36873,1.36669,1.36787,15474
2021-11-01 04:00:00+00:00,1.36785,1.3687,1.36434,1.3651,19066
2021-11-01 08:00:00+00:00,1.3654,1.3677,1.36421,1.36763,29163
2021-11-01 12:00:00+00:00,1.3677,1.36922,1.3662,1.36777,34987
2021-11-01 16:00:00+00:00,1.36761,1.36798,1.3652,1.36623,21306
2021-11-01 20:00:00+00:00,1.36625,1.3679,1.36536,1.36536,7925
2021-11-02 00:00:00+00:00,1.36577,1.36581,1.36468,1.36506,17092
2021-11-02 04:00:00+00:00,1.36489,1.36657,1.3639,1.36587,21947
2021-11-02 08:00:00+00:00,1.36588,1.36588,1.36268,1.3648,29740
2021-11-02 12:00:00+00:00,1.3656,1.36627,1.361,1.3611,34619
2021-11-02 16:00:00+00:00,1.3611,1.36243,1.3605,1.3615,18133
2021-11-02 20:00:00+00:00,1.36158,1.3619,1.36093,1.3617,7658
2021-11-03 00:00:00+00:00,1.36164,1.3632,1.361,1.36314,12590
2021-11-03 04:00:00+00:00,1.3629,1.36332,1.36199,1.36201,14200
2021-11-03 08:00:00+00:00,1.36155,1.36533,1.36099,1.36533,24420
2021-11-03 12:00:00+00:00,1.365,1.36638,1.36345,1.36589,32622
2021-11-03 16:00:00+00:00,1.36595,1.36871,1.36465,1.36815,39941
2021-11-03 20:00:00+00:00,1.36805,1.36967,1.36783,1.36935,8602
2021-11-04 00:00:00+00:00,1.3692,1.36932,1.3658,1.36605,15114
2021-11-04 04:00:00+00:00,1.36614,1.3669,1.36482,1.36578,15136
2021-11-04 08:00:00+00:00,1.36558,1.36581,1.3617,1.3644,26219
2021-11-04 12:00:00+00:00,1.35916,1.35916,1.34723,1.34913,45843
2021-11-04 16:00:00+00:00,1.34929,1.35154,1.3484,1.35025,22165
2021-11-04 20:00:00+00:00,1.3503,1.3507,1.3488,1.3507,8160
2021-11-05 00:00:00+00:00,1.35063,1.35063,1.3484,1.34983,18167
2021-11-05 04:00:00+00:00,1.3498,1.35084,1.3489,1.35047,14355
2021-11-05 08:00:00+00:00,1.34987,1.34999,1.34248,1.3441,32259
2021-11-05 12:00:00+00:00,1.34431,1.34987,1.34373,1.34896,39711
2021-11-05 16:00:00+00:00,1.349,1.35062,1.34769,1.34928,20367
2021-11-05 20:00:00+00:00,1.34916,1.3502,1.34873,1.3502,2628
2021-11-07 20:00:00+00:00,1.34801,1.34917,1.34753,1.349,4155
2021-11-08 00:00:00+00:00,1.34884,1.34936,1.3471,1.34783,13872
2021-11-08 04:00:00+00:00,1.348,1.34952,1.3472,1.3479,13859
2021-11-08 08:00:00+00:00,1.34806,1.3515,1.34509,1.3515,23056
2021-11-08 12:00:00+00:00,1.35181,1.35788,1.3503,1.35616,30379
2021-11-08 16:00:00+00:00,1.35612,1.35683,1.35496,1.3555,18038
2021-11-08 20:00:00+00:00,1.35566,1.3568,1.35531,1.3563,10526
2021-11-09 00:00:00+00:00,1.35621,1.3566,1.3545,1.3555,16546
2021-11-09 04:00:00+00:00,1.3557,1.3581,1.3462,1.3566,16262
2021-11-09 08:00:00+00:00,1.35659,1.35718,1.35637,1.35718,1084
2021-11-09 12:00:00+00:00,1.35561,1.35697,1.35299,1.35502,26684
2021-11-09 16:00:00+00:00,1.35517,1.35675,1.35254,1.35617,24285
2021-11-09 20:00:00+00:00,1.35646,1.35667,1.35533,1.3559,9455
2021-11-10 00:00:00+00:00,1.3559,1.3564,1.35459,1.3557,14826
2021-11-10 04:00:00+00:00,1.35559,1.35628,1.3545,1.35536,16178
2021-11-10 08:00:00+00:00,1.35557,1.35566,1.35004,1.35104,27920
2021-11-10 12:00:00+00:00,1.35043,1.3538,1.34696,1.34748,42166
2021-11-10 16:00:00+00:00,1.34722,1.34975,1.34139,1.34139,35700
2021-11-10 20:00:00+00:00,1.34136,1.34146,1.3401,1.34114,12918
2021-11-11 00:00:00+00:00,1.34115,1.34192,1.33921,1.34062,19257
2021-11-11 04:00:00+00:00,1.34059,1.34304,1.33879,1.339,15358
2021-11-11 08:00:00+00:00,1.3386,1.34078,1.33682,1.33981,28743
2021-11-11 12:00:00+00:00,1.3395,1.34146,1.33827,1.33911,29708
2021-11-11 16:00:00+00:00,1.3392,1.33931,1.33601,1.33632,20412
2021-11-11 20:00:00+00:00,1.3365,1.3374,1.3359,1.33634,10839
2021-11-12 00:00:00+00:00,1.33636,1.3374,1.3352,1.33593,13560
2021-11-12 04:00:00+00:00,1.33579,1.33881,1.33579,1.33881,14040
2021-11-12 08:00:00+00:00,1.33879,1.34105,1.3378,1.3392,25877
2021-11-12 12:00:00+00:00,1.339,1.34221,1.3379,1.33939,32623
2021-11-12 16:00:00+00:00,1.3393,1.3426,1.3393,1.34139,18507
2021-11-12 20:00:00+00:00,1.34167,1.3422,1.34101,1.34143,5487
2021-11-14 20:00:00+00:00,1.34092,1.34188,1.34092,1.34153,2057
2021-11-15 00:00:00+00:00,1.34154,1.34372,1.3411,1.3427,12157
2021-11-15 04:00:00+00:00,1.34275,1.34385,1.3422,1.34263,14132
2021-11-15 08:00:00+00:00,1.3415,1.3443,1.3403,1.34397,26249
2021-11-15 12:00:00+00:00,1.34373,1.34486,1.34212,1.34313,30367
2021-11-15 16:00:00+00:00,1.34313,1.34429,1.34164,1.34275,23179
2021-11-15 20:00:00+00:00,1.34277,1.343,1.3404,1.34087,13217
2021-11-16 00:00:00+00:00,1.34107,1.34371,1.34107,1.34332,16816
2021-11-16 04:00:00+00:00,1.3434,1.34637,1.3416,1.34637,18099
2021-11-16 08:00:00+00:00,1.34619,1.34716,1.34328,1.3445,29134
2021-11-16 12:00:00+00:00,1.34464,1.34615,1.34147,1.34208,37971
2021-11-16 16:00:00+00:00,1.3419,1.34428,1.3419,1.34284,23898
2021-11-16 20:00:00+00:00,1.34265,1.34306,1.34192,1.3425,11349
2021-11-17 00:00:00+00:00,1.34229,1.34362,1.33985,1.34138,18062
2021-11-17 04:00:00+00:00,1.34138,1.3466,1.34105,1.34465,22756
2021-11-17 08:00:00+00:00,1.34424,1.34555,1.34176,1.34536,30165
2021-11-17 12:00:00+00:00,1.34535,1.34886,1.3451,1.34644,34983
2021-11-17 16:00:00+00:00,1.34642,1.3495,1.34592,1.34847,25431
2021-11-17 20:00:00+00:00,1.34826,1.34938,1.34808,1.34874,10770
2021-11-18 00:00:00+00:00,1.34877,1.35003,1.3483,1.34917,17295
2021-11-18 04:00:00+00:00,1.34914,1.35127,1.3482,1.351,17004
2021-11-18 08:00:00+00:00,1.35102,1.35118,1.34856,1.3486,30813
2021-11-18 12:00:00+00:00,1.3488,1.34924,1.34649,1.34766,35879
2021-11-18 16:00:00+00:00,1.34768,1.3504,1.3469,1.34964,20402
2021-11-18 20:00:00+00:00,1.34947,1.3504,1.3492,1.34978,9215
2021-11-19 00:00:00+00:00,1.3497,1.3498,1.3482,1.3485,13363
2021-11-19 04:00:00+00:00,1.34838,1.351,1.34801,1.34909,13959
2021-11-19 08:00:00+00:00,1.34957,1.34957,1.34083,1.34502,42829
2021-11-19 12:00:00+00:00,1.34478,1.34721,1.3414,1.34596,43714
2021-11-19 16:00:00+00:00,1.34579,1.34741,1.34437,1.3445,24663
2021-11-19 20:00:00+00:00,1.34444,1.3452,1.344,1.34434,6461
2021-11-22 04:00:00+00:00,1.34426,1.3448,1.34282,1.34282,14183
2021-11-22 08:00:00+00:00,1.34299,1.34462,1.34178,1.34418,33399
2021-11-22 12:00:00+00:00,1.34391,1.34485,1.33913,1.3398,41407
2021-11-22 16:00:00+00:00,1.34039,1.34197,1.33846,1.33846,24907
2021-11-22 20:00:00+00:00,1.33857,1.3399,1.3384,1.3396,10851
2021-11-23 00:00:00+00:00,1.3396,1.34048,1.33854,1.33965,13853
2021-11-23 04:00:00+00:00,1.33965,1.34074,1.338,1.33981,20320
2021-11-23 08:00:00+00:00,1.33913,1.33931,1.3357,1.33572,38650
2021-11-23 12:00:00+00:00,1.33569,1.33782,1.3343,1.33691,41485
2021-11-23 16:00:00+00:00,1.33681,1.33868,1.33598,1.33799,26104
2021-11-23 20:00:00+00:00,1.3381,1.33844,1.3372,1.3374,11187
2021-11-24 00:00:00+00:00,1.33735,1.33829,1.33688,1.33697,16777
2021-11-24 04:00:00+00:00,1.33691,1.33888,1.3368,1.33708,18782
2021-11-24 08:00:00+00:00,1.33696,1.3383,1.3352,1.33707,33658
2021-11-24 12:00:00+00:00,1.33724,1.33773,1.33251,1.33304,44057
2021-11-24 16:00:00+00:00,1.33292,1.3337,1.33168,1.33207,24604
2021-11-24 20:00:00+00:00,1.33228,1.3333,1.3319,1.33284,9729
2021-11-25 00:00:00+00:00,1.33298,1.3352,1.33269,1.3346,13208
2021-11-25 04:00:00+00:00,1.3348,1.3351,1.334,1.3349,11236
2021-11-25 08:00:00+00:00,1.33502,1.33523,1.33158,1.33231,24424
2021-11-25 12:00:00+00:00,1.33215,1.3325,1.33051,1.33182,22661
2021-11-25 16:00:00+00:00,1.33186,1.3331,1.3316,1.33213,30001
2021-11-25 20:00:00+00:00,1.33222,1.33233,1.33103,1.33103,23458
2021-11-26 00:00:00+00:00,1.33125,1.3317,1.3298,1.33004,23682
2021-11-26 04:00:00+00:00,1.3302,1.33067,1.3295,1.3303,24204
2021-11-26 08:00:00+00:00,1.32974,1.33382,1.32801,1.33294,47719
2021-11-26 12:00:00+00:00,1.3329,1.33475,1.33191,1.33348,43809
2021-11-26 16:00:00+00:00,1.33354,1.3346,1.33081,1.3335,31033
2021-11-26 20:00:00+00:00,1.33339,1.33638,1.3329,1.3341,5942
2021-11-28 20:00:00+00:00,1.33199,1.33415,1.33182,1.334,2143
2021-11-29 00:00:00+00:00,1.33378,1.33406,1.33274,1.33334,20238
2021-11-29 04:00:00+00:00,1.33327,1.3341,1.33197,1.33292,22758
2021-11-29 08:00:00+00:00,1.33287,1.33626,1.33189,1.3341,31775
2021-11-29 12:00:00+00:00,1.33405,1.3346,1.32944,1.32944,35970
2021-11-29 16:00:00+00:00,1.32965,1.33082,1.32879,1.32915,22291
2021-11-29 20:00:00+00:00,1.32942,1.3323,1.32942,1.33128,14273
2021-11-30 00:00:00+00:00,1.3315,1.3329,1.33087,1.3319,15198
2021-11-30 04:00:00+00:00,1.3319,1.33299,1.33068,1.3328,30931
2021-11-30 08:00:00+00:00,1.33315,1.33686,1.3328,1.33408,38771
2021-11-30 12:00:00+00:00,1.33403,1.33654,1.32299,1.32334,45847
2021-11-30 16:00:00+00:00,1.32258,1.3285,1.32051,1.32838,42629
2021-11-30 20:00:00+00:00,1.32828,1.3314,1.32828,1.32941,15366
2021-12-01 00:00:00+00:00,1.3295,1.33141,1.32886,1.33121,19708
2021-12-01 04:00:00+00:00,1.3314,1.33308,1.3308,1.33174,21491
2021-12-01 08:00:00+00:00,1.33206,1.33282,1.32762,1.33221,37135
2021-12-01 12:00:00+00:00,1.33219,1.33507,1.33093,1.3312,41498
2021-12-01 16:00:00+00:00,1.33166,1.33216,1.32782,1.32782,33071
2021-12-01 20:00:00+00:00,1.32801,1.3283,1.32627,1.3275,13161
2021-12-02 00:00:00+00:00,1.32783,1.3305,1.32708,1.32964,15336
2021-12-02 04:00:00+00:00,1.32971,1.32982,1.32762,1.32829,19316
2021-12-02 08:00:00+00:00,1.32833,1.33324,1.32807,1.33286,36242
2021-12-02 12:00:00+00:00,1.33256,1.33313,1.33004,1.3307,44147
2021-12-02 16:00:00+00:00,1.33027,1.33203,1.329,1.32975,31822
2021-12-02 20:00:00+00:00,1.3299,1.3305,1.3294,1.32984,10949
2021-12-03 00:00:00+00:00,1.3298,1.32991,1.32824,1.32858,14965
2021-12-03 04:00:00+00:00,1.32842,1.32976,1.32691,1.32773,16205
2021-12-03 08:00:00+00:00,1.32751,1.32883,1.3255,1.32733,31290
2021-12-03 12:00:00+00:00,1.32658,1.33068,1.3209,1.32196,44287
2021-12-03 16:00:00+00:00,1.32168,1.32525,1.32148,1.32296,29655
2021-12-03 20:00:00+00:00,1.32296,1.32405,1.32273,1.32314,8426
2021-12-04 08:00:00+00:00,1.3231,1.3232,1.3231,1.3232,2
2021-12-06 12:00:00+00:00,1.32624,1.32679,1.32316,1.32363,21427
2021-12-06 16:00:00+00:00,1.3234,1.32672,1.3234,1.32566,22716
2021-12-06 20:00:00+00:00,1.32601,1.3265,1.32535,1.3262,12990
2021-12-07 00:00:00+00:00,1.3263,1.32839,1.32553,1.32839,16476
2021-12-07 04:00:00+00:00,1.32842,1.32881,1.32711,1.32822,18153
2021-12-07 08:00:00+00:00,1.3281,1.32872,1.3245,1.32511,29130
2021-12-07 12:00:00+00:00,1.32521,1.32566,1.3209,1.32342,33461
2021-12-07 16:00:00+00:00,1.32371,1.32485,1.32223,1.32372,21261
2021-12-07 20:00:00+00:00,1.3237,1.3248,1.3232,1.32441,11022
2021-12-08 00:00:00+00:00,1.32448,1.32608,1.3239,1.32595,15167
2021-12-08 04:00:00+00:00,1.32595,1.3261,1.3233,1.32413,15445
2021-12-08 08:00:00+00:00,1.32484,1.3254,1.31742,1.32135,38264
2021-12-08 12:00:00+00:00,1.32093,1.32177,1.31833,1.32154,41492
2021-12-08 16:00:00+00:00,1.32184,1.32424,1.32136,1.32342,23780
2021-12-08 20:00:00+00:00,1.32325,1.3237,1.31916,1.32075,12190
2021-12-09 00:00:00+00:00,1.3208,1.32101,1.3193,1.32065,13482
2021-12-09 04:00:00+00:00,1.3207,1.3215,1.32002,1.32004,15494
2021-12-09 08:00:00+00:00,1.31967,1.32107,1.3177,1.31862,27880
2021-12-09 12:00:00+00:00,1.3182,1.32124,1.31754,1.32062,32352
2021-12-09 16:00:00+00:00,1.3207,1.322,1.31863,1.32074,23296
2021-12-09 20:00:00+00:00,1.32123,1.3225,1.3212,1.32234,10131
2021-12-10 00:00:00+00:00,1.32233,1.32329,1.32127,1.32275,15224
2021-12-10 04:00:00+00:00,1.32273,1.3229,1.32116,1.32148,18209
2021-12-10 08:00:00+00:00,1.32161,1.32181,1.31902,1.31986,29014
2021-12-10 12:00:00+00:00,1.31991,1.32395,1.31961,1.32275,35439
2021-12-10 16:00:00+00:00,1.32273,1.32747,1.32255,1.32565,21326
2021-12-10 20:00:00+00:00,1.32576,1.327,1.3256,1.32643,5571
2021-12-11 04:00:00+00:00,1.3271,1.3271,1.3271,1.3271,1
2021-12-11 08:00:00+00:00,1.3267,1.3267,1.3267,1.3267,1
2021-12-13 08:00:00+00:00,1.32519,1.32598,1.325,1.32598,6001
2021-12-13 12:00:00+00:00,1.32592,1.32684,1.32296,1.32302,37478
2021-12-13 16:00:00+00:00,1.32289,1.32403,1.3209,1.32178,20911
2021-12-13 20:00:00+00:00,1.32189,1.3221,1.32068,1.32123,8792
2021-12-14 00:00:00+00:00,1.32114,1.32125,1.31908,1.31908,11112
2021-12-14 04:00:00+00:00,1.31905,1.32149,1.319,1.32012,12492
2021-12-14 08:00:00+00:00,1.3201,1.32532,1.31981,1.32506,30002
2021-12-14 12:00:00+00:00,1.32498,1.32549,1.32267,1.32324,36318
2021-12-14 16:00:00+00:00,1.32344,1.32381,1.32198,1.32198,20360
2021-12-14 20:00:00+00:00,1.32194,1.3235,1.32149,1.32289,10077
2021-12-15 00:00:00+00:00,1.32297,1.3236,1.3226,1.32298,13202
2021-12-15 04:00:00+00:00,1.323,1.32533,1.323,1.32509,15853
2021-12-15 08:00:00+00:00,1.3248,1.3282,1.32459,1.3259,26682
2021-12-15 12:00:00+00:00,1.32583,1.32614,1.32084,1.32151,36693
2021-12-15 16:00:00+00:00,1.3217,1.3238,1.31713,1.3238,37975
2021-12-15 20:00:00+00:00,1.32351,1.3271,1.3233,1.3261,18751
2021-12-16 00:00:00+00:00,1.3261,1.32614,1.32477,1.32517,19189
2021-12-16 04:00:00+00:00,1.32532,1.32651,1.32406,1.32641,17039
2021-12-16 08:00:00+00:00,1.32685,1.33016,1.326,1.32772,33530
2021-12-16 12:00:00+00:00,1.33328,1.33726,1.33141,1.33302,52829
2021-12-16 16:00:00+00:00,1.33324,1.3333,1.3305,1.33089,24633
2021-12-16 20:00:00+00:00,1.33072,1.33267,1.33023,1.3321,11691
2021-12-17 00:00:00+00:00,1.33228,1.33301,1.33185,1.33196,16432
2021-12-17 04:00:00+00:00,1.3321,1.33371,1.3307,1.33087,19571
2021-12-17 08:00:00+00:00,1.33085,1.33383,1.328,1.32869,36037
2021-12-17 12:00:00+00:00,1.3286,1.33029,1.32627,1.32627,37721
2021-12-17 16:00:00+00:00,1.32634,1.32724,1.32462,1.32504,27899
2021-12-17 20:00:00+00:00,1.32503,1.32507,1.323,1.32353,8972
2021-12-18 08:00:00+00:00,1.3245,1.3245,1.32363,1.32363,2
2021-12-19 20:00:00+00:00,1.32334,1.32417,1.32207,1.32283,2245
2021-12-20 00:00:00+00:00,1.32283,1.32347,1.3221,1.32254,16073
2021-12-20 04:00:00+00:00,1.32255,1.3227,1.32024,1.32132,19923
2021-12-20 08:00:00+00:00,1.3208,1.32108,1.31738,1.3203,33765
2021-12-20 12:00:00+00:00,1.32029,1.3243,1.32027,1.322,36292
2021-12-20 16:00:00+00:00,1.32192,1.32283,1.32032,1.32032,23761
2021-12-20 20:00:00+00:00,1.32044,1.32123,1.3199,1.32079,2010
2021-12-21 00:00:00+00:00,1.32073,1.32132,1.31967,1.32113,2280
2021-12-21 04:00:00+00:00,1.32114,1.32234,1.3207,1.322,2091
2021-12-21 08:00:00+00:00,1.32202,1.32614,1.32201,1.32447,9367
2021-12-21 12:00:00+00:00,1.32482,1.32596,1.32314,1.32328,34855
2021-12-21 16:00:00+00:00,1.3232,1.32662,1.32319,1.32639,21104
2021-12-21 20:00:00+00:00,1.32635,1.32702,1.32576,1.32676,9829
2021-12-22 00:00:00+00:00,1.32684,1.32745,1.3255,1.32551,15011
2021-12-22 04:00:00+00:00,1.32554,1.32727,1.32398,1.32727,15573
2021-12-22 08:00:00+00:00,1.32727,1.33224,1.32637,1.33133,29430
2021-12-22 12:00:00+00:00,1.33122,1.33456,1.33016,1.3343,33994
2021-12-22 16:00:00+00:00,1.3346,1.33619,1.3342,1.33587,21387
2021-12-22 20:00:00+00:00,1.33589,1.3365,1.33437,1.3349,11941
2021-12-23 00:00:00+00:00,1.335,1.33594,1.33422,1.33487,13613
2021-12-23 04:00:00+00:00,1.3347,1.3368,1.33466,1.3368,11667
2021-12-23 08:00:00+00:00,1.3371,1.34332,1.33667,1.3433,28264
2021-12-23 12:00:00+00:00,1.3434,1.34358,1.33941,1.34096,36324
2021-12-23 16:00:00+00:00,1.34064,1.34197,1.33997,1.34186,18754
2021-12-23 20:00:00+00:00,1.3418,1.34194,1.3403,1.34036,11555
2021-12-24 00:00:00+00:00,1.34039,1.34121,1.34008,1.34052,24338
2021-12-24 04:00:00+00:00,1.34051,1.34135,1.33887,1.34075,32348
2021-12-24 08:00:00+00:00,1.34092,1.34143,1.33937,1.34116,31240
2021-12-24 12:00:00+00:00,1.34111,1.34164,1.33949,1.3397,28097
2021-12-24 16:00:00+00:00,1.33958,1.3412,1.33847,1.3399,8854
2021-12-24 20:00:00+00:00,1.3399,1.3416,1.33833,1.33843,1296
2021-12-26 20:00:00+00:00,1.33612,1.34057,1.33612,1.34003,896
2021-12-27 00:00:00+00:00,1.33992,1.3416,1.33914,1.34133,10656
2021-12-27 04:00:00+00:00,1.3413,1.3414,1.33924,1.34104,11636
2021-12-27 08:00:00+00:00,1.3412,1.34181,1.3393,1.34029,19172
2021-12-27 12:00:00+00:00,1.34012,1.34389,1.33975,1.3415,22169
2021-12-27 16:00:00+00:00,1.34151,1.3443,1.34151,1.3441,12556
2021-12-27 20:00:00+00:00,1.34401,1.3444,1.3436,1.34406,6454
2021-12-28 00:00:00+00:00,1.3441,1.3441,1.3427,1.34302,11244
2021-12-28 04:00:00+00:00,1.34312,1.34384,1.3428,1.34322,10252
2021-12-28 08:00:00+00:00,1.34339,1.34567,1.34314,1.34539,16526
2021-12-28 12:00:00+00:00,1.34531,1.34603,1.34171,1.3425,23556
2021-12-28 16:00:00+00:00,1.34247,1.34418,1.342,1.34236,15650
2021-12-28 20:00:00+00:00,1.34244,1.3438,1.3424,1.3432,7038
2021-12-29 00:00:00+00:00,1.34323,1.3437,1.3421,1.34321,11189
2021-12-29 04:00:00+00:00,1.34322,1.3435,1.34154,1.34253,9091
2021-12-29 08:00:00+00:00,1.34258,1.34393,1.3408,1.34382,22034
2021-12-29 12:00:00+00:00,1.34413,1.34985,1.34234,1.34853,31705
2021-12-29 16:00:00+00:00,1.34842,1.3491,1.3468,1.34891,16992
2021-12-29 20:00:00+00:00,1.34858,1.34957,1.34817,1.34957,8160
2021-12-30 00:00:00+00:00,1.34962,1.35039,1.34864,1.34864,12452
2021-12-30 04:00:00+00:00,1.3485,1.349,1.3463,1.34723,11579
2021-12-30 08:00:00+00:00,1.34715,1.3491,1.3454,1.34862,21458
2021-12-30 12:00:00+00:00,1.3488,1.35209,1.34783,1.34982,31650
2021-12-30 16:00:00+00:00,1.34957,1.35087,1.34801,1.35087,16056
2021-12-30 20:00:00+00:00,1.35084,1.35125,1.34918,1.34942,9006
2021-12-31 00:00:00+00:00,1.34967,1.3505,1.34934,1.3497,9316
2021-12-31 04:00:00+00:00,1.34958,1.35059,1.34928,1.35059,10621
2021-12-31 08:00:00+00:00,1.35069,1.35183,1.3475,1.3476,22769
2021-12-31 12:00:00+00:00,1.34723,1.35478,1.34663,1.35442,33141
2021-12-31 16:00:00+00:00,1.35432,1.35433,1.35279,1.3532,17797
2021-12-31 20:00:00+00:00,1.35332,1.3534,1.352,1.3522,4972
2022-01-02 20:00:00+00:00,1.35181,1.35325,1.35181,1.35209,1774
2022-01-03 00:00:00+00:00,1.35204,1.353,1.3495,1.3498,12044
2022-01-03 04:00:00+00:00,1.34994,1.3507,1.3494,1.35055,11528
2022-01-03 08:00:00+00:00,1.35062,1.35273,1.3504,1.35102,20571
2022-01-03 12:00:00+00:00,1.35106,1.35115,1.34319,1.34467,32129
2022-01-03 16:00:00+00:00,1.34505,1.34857,1.34387,1.3484,20531
2022-01-03 20:00:00+00:00,1.3482,1.34847,1.34693,1.34819,10398
2022-01-04 00:00:00+00:00,1.34815,1.34834,1.3462,1.3463,13361
2022-01-04 04:00:00+00:00,1.34633,1.34881,1.3459,1.34881,14809
2022-01-04 08:00:00+00:00,1.34881,1.35139,1.34834,1.34944,29151
2022-01-04 12:00:00+00:00,1.34942,1.35556,1.34786,1.35531,34920
2022-01-04 16:00:00+00:00,1.35516,1.35516,1.35207,1.35346,21356
2022-01-04 20:00:00+00:00,1.35354,1.35357,1.35237,1.35276,9163
2022-01-05 00:00:00+00:00,1.3529,1.35395,1.3525,1.35325,13822
2022-01-05 04:00:00+00:00,1.35316,1.35396,1.3521,1.35356,13237
2022-01-05 08:00:00+00:00,1.35358,1.35533,1.35279,1.35407,25628
2022-01-05 12:00:00+00:00,1.35378,1.35657,1.35313,1.35657,32926
2022-01-05 16:00:00+00:00,1.35653,1.3597,1.35574,1.35603,30373
2022-01-05 20:00:00+00:00,1.35542,1.35584,1.3544,1.35538,13998
2022-01-06 00:00:00+00:00,1.35539,1.35542,1.3532,1.35373,18292
2022-01-06 04:00:00+00:00,1.35353,1.35375,1.3494,1.34989,20152
2022-01-06 08:00:00+00:00,1.34948,1.35441,1.34899,1.35364,31423
2022-01-06 12:00:00+00:00,1.35353,1.35571,1.35171,1.35273,39656
2022-01-06 16:00:00+00:00,1.35232,1.35402,1.3523,1.3525,23305
2022-01-06 20:00:00+00:00,1.35259,1.35358,1.35237,1.35318,18789
2022-01-07 00:00:00+00:00,1.35318,1.35521,1.35283,1.35482,14477
2022-01-07 04:00:00+00:00,1.35464,1.35474,1.35321,1.35391,13163
2022-01-07 08:00:00+00:00,1.35352,1.35565,1.35315,1.3551,23031
2022-01-07 12:00:00+00:00,1.35469,1.35735,1.35299,1.35707,20270
2022-01-07 16:00:00+00:00,1.35729,1.35964,1.35604,1.35958,16696
2022-01-07 20:00:00+00:00,1.35944,1.3597,1.3582,1.35885,5649
2022-01-08 08:00:00+00:00,1.3587,1.35875,1.3587,1.35875,2
2022-01-09 20:00:00+00:00,1.35653,1.35912,1.35653,1.3591,3220
2022-01-10 00:00:00+00:00,1.35895,1.35963,1.35807,1.35833,12344
2022-01-10 04:00:00+00:00,1.35832,1.35923,1.3578,1.35854,13261
2022-01-10 08:00:00+00:00,1.35832,1.36015,1.35754,1.35824,31262
2022-01-10 12:00:00+00:00,1.35832,1.3589,1.35335,1.35604,35325
2022-01-10 16:00:00+00:00,1.35626,1.35736,1.3553,1.35704,24730
2022-01-10 20:00:00+00:00,1.35694,1.35801,1.3562,1.35785,11533
2022-01-11 00:00:00+00:00,1.35786,1.35962,1.3577,1.35923,17462
2022-01-11 04:00:00+00:00,1.3591,1.35996,1.35801,1.35973,17359
2022-01-11 08:00:00+00:00,1.35971,1.36179,1.35853,1.35854,29623
2022-01-11 12:00:00+00:00,1.3582,1.36045,1.35622,1.36045,31503
2022-01-11 16:00:00+00:00,1.36087,1.36273,1.36085,1.36272,19766
2022-01-11 20:00:00+00:00,1.36266,1.36361,1.36246,1.3632,12842
2022-01-12 00:00:00+00:00,1.3631,1.3645,1.36279,1.36441,13183
2022-01-12 04:00:00+00:00,1.36425,1.36441,1.3626,1.36291,12375
2022-01-12 08:00:00+00:00,1.36334,1.36403,1.36212,1.36339,25132
2022-01-12 12:00:00+00:00,1.3636,1.36938,1.3635,1.36863,33345
2022-01-12 16:00:00+00:00,1.36868,1.37117,1.3686,1.37117,22686
2022-01-12 20:00:00+00:00,1.37106,1.3712,1.36973,1.3706,11353
2022-01-13 00:00:00+00:00,1.3705,1.3719,1.3704,1.3712,19023
2022-01-13 04:00:00+00:00,1.37109,1.37315,1.3705,1.37315,17222
2022-01-13 08:00:00+00:00,1.37357,1.37481,1.3725,1.37281,29349
2022-01-13 12:00:00+00:00,1.37228,1.37465,1.37143,1.37337,35055
2022-01-13 16:00:00+00:00,1.37344,1.37394,1.3709,1.37196,22406
2022-01-13 20:00:00+00:00,1.3718,1.37186,1.36986,1.3713,10840
2022-01-14 00:00:00+00:00,1.3712,1.37284,1.3705,1.3726,21748
2022-01-14 04:00:00+00:00,1.37256,1.3737,1.37168,1.37244,19089
2022-01-14 08:00:00+00:00,1.37237,1.37414,1.37191,1.37191,30515
2022-01-14 12:00:00+00:00,1.37221,1.37257,1.36752,1.3683,41738
2022-01-14 16:00:00+00:00,1.36826,1.36878,1.36535,1.36762,24130
2022-01-14 20:00:00+00:00,1.36763,1.3683,1.36572,1.3678,7280
2022-01-17 00:00:00+00:00,1.36671,1.368,1.36638,1.36778,9997
2022-01-17 04:00:00+00:00,1.3677,1.36853,1.36696,1.36835,16883
2022-01-17 08:00:00+00:00,1.36853,1.36883,1.3655,1.36612,29572
2022-01-17 12:00:00+00:00,1.36618,1.36632,1.36374,1.36484,30431
2022-01-17 16:00:00+00:00,1.3649,1.36563,1.3643,1.36442,13943
2022-01-17 20:00:00+00:00,1.3644,1.365,1.36384,1.3646,10127
2022-01-18 00:00:00+00:00,1.36468,1.366,1.36229,1.3626,21753
2022-01-18 04:00:00+00:00,1.363,1.3649,1.3628,1.36443,26367
2022-01-18 08:00:00+00:00,1.36428,1.36508,1.36028,1.36028,36862
2022-01-18 12:00:00+00:00,1.36009,1.36014,1.35748,1.35819,40485
2022-01-18 16:00:00+00:00,1.35806,1.3603,1.3574,1.35968,28783
2022-01-18 20:00:00+00:00,1.35966,1.36,1.3583,1.36,16437
2022-01-19 00:00:00+00:00,1.35993,1.36047,1.35877,1.35982,24200
2022-01-19 04:00:00+00:00,1.35962,1.36153,1.3587,1.35893,21995
2022-01-19 08:00:00+00:00,1.35905,1.36447,1.35905,1.363,33420
2022-01-19 12:00:00+00:00,1.36314,1.36472,1.3622,1.3628,33310
2022-01-19 16:00:00+00:00,1.36285,1.36347,1.3619,1.36253,22286
2022-01-19 20:00:00+00:00,1.36256,1.3627,1.36048,1.3608,11790
2022-01-20 00:00:00+00:00,1.361,1.36346,1.36089,1.36266,22556
2022-01-20 04:00:00+00:00,1.36272,1.36334,1.36197,1.3628,21003
2022-01-20 08:00:00+00:00,1.36283,1.36368,1.36065,1.36073,33132
2022-01-20 12:00:00+00:00,1.36042,1.36604,1.36006,1.36554,37034
2022-01-20 16:00:00+00:00,1.36553,1.36588,1.36123,1.36123,23707
2022-01-20 20:00:00+00:00,1.36145,1.36145,1.3587,1.35953,17389
2022-01-21 00:00:00+00:00,1.35981,1.36003,1.35793,1.35954,26198
2022-01-21 04:00:00+00:00,1.35965,1.35965,1.35717,1.35758,21337
2022-01-21 08:00:00+00:00,1.35695,1.35726,1.3551,1.35568,33503
2022-01-21 12:00:00+00:00,1.3554,1.35749,1.35464,1.35539,34185
2022-01-21 16:00:00+00:00,1.35558,1.35663,1.35512,1.35544,28327
2022-01-21 20:00:00+00:00,1.35514,1.3558,1.35473,1.35473,10173
2022-01-23 20:00:00+00:00,1.35441,1.35548,1.35441,1.35548,2382
2022-01-24 00:00:00+00:00,1.3554,1.35642,1.3548,1.3556,18544
2022-01-24 04:00:00+00:00,1.35555,1.3558,1.3534,1.35423,19309
2022-01-24 08:00:00+00:00,1.35431,1.3554,1.34861,1.34875,37893
2022-01-24 12:00:00+00:00,1.34874,1.34933,1.3444,1.34641,44658
2022-01-24 16:00:00+00:00,1.34631,1.34824,1.34405,1.34824,35047
2022-01-24 20:00:00+00:00,1.3482,1.3492,1.34801,1.34872,13393
2022-01-25 00:00:00+00:00,1.34871,1.34871,1.3467,1.3475,22572
2022-01-25 04:00:00+00:00,1.34755,1.34842,1.34706,1.34821,21299
2022-01-25 08:00:00+00:00,1.3484,1.34949,1.3444,1.34462,35416
2022-01-25 12:00:00+00:00,1.3445,1.34902,1.34358,1.34841,38503
2022-01-25 16:00:00+00:00,1.34827,1.35179,1.3478,1.35173,28940
2022-01-25 20:00:00+00:00,1.35171,1.35171,1.34984,1.3508,13232
2022-01-26 00:00:00+00:00,1.3509,1.352,1.3502,1.35081,17402
2022-01-26 04:00:00+00:00,1.35077,1.3517,1.34969,1.35017,16186
2022-01-26 08:00:00+00:00,1.3504,1.3523,1.34939,1.3512,28106
2022-01-26 12:00:00+00:00,1.3505,1.35192,1.3493,1.35098,29681
2022-01-26 16:00:00+00:00,1.351,1.3524,1.34601,1.34661,27180
2022-01-26 20:00:00+00:00,1.34639,1.3468,1.34461,1.34667,17843
2022-01-27 00:00:00+00:00,1.34648,1.34648,1.34346,1.34361,27850
2022-01-27 04:00:00+00:00,1.34352,1.34406,1.34122,1.34129,24750
2022-01-27 08:00:00+00:00,1.3409,1.34325,1.33757,1.33863,35894
2022-01-27 12:00:00+00:00,1.33851,1.34054,1.33594,1.3389,42120
2022-01-27 16:00:00+00:00,1.33925,1.34034,1.33673,1.33731,32759
2022-01-27 20:00:00+00:00,1.3374,1.3389,1.33689,1.33867,12832
2022-01-28 00:00:00+00:00,1.33871,1.3403,1.33789,1.33988,23683
2022-01-28 04:00:00+00:00,1.33981,1.3415,1.33825,1.33866,21955
2022-01-28 08:00:00+00:00,1.33825,1.3394,1.33651,1.33892,34541
2022-01-28 12:00:00+00:00,1.33858,1.34294,1.3374,1.34141,42640
2022-01-28 16:00:00+00:00,1.34139,1.34314,1.33741,1.33847,29639
2022-01-28 20:00:00+00:00,1.33858,1.3401,1.3381,1.33927,7503
2022-01-30 00:00:00+00:00,1.3404,1.3404,1.3404,1.3404,1
2022-01-30 20:00:00+00:00,1.33914,1.34022,1.33864,1.34022,2106
2022-01-31 00:00:00+00:00,1.34008,1.34131,1.3399,1.34092,17801
2022-01-31 04:00:00+00:00,1.341,1.34342,1.34088,1.34342,17133
2022-01-31 08:00:00+00:00,1.34334,1.34478,1.34036,1.34036,31472
2022-01-31 12:00:00+00:00,1.33944,1.3454,1.33944,1.34186,40697
2022-01-31 16:00:00+00:00,1.34184,1.34573,1.34082,1.34573,26800
2022-01-31 20:00:00+00:00,1.34559,1.34596,1.34172,1.34434,12520
2022-02-01 00:00:00+00:00,1.34412,1.3447,1.3433,1.34401,17336
2022-02-01 04:00:00+00:00,1.344,1.34776,1.34399,1.34767,19007
2022-02-01 08:00:00+00:00,1.34784,1.3511,1.347,1.34941,31243
2022-02-01 12:00:00+00:00,1.34932,1.35121,1.34767,1.35051,38565
2022-02-01 16:00:00+00:00,1.35075,1.35212,1.3497,1.35172,25247
2022-02-01 20:00:00+00:00,1.35171,1.35276,1.35144,1.3524,11908
2022-02-02 00:00:00+00:00,1.3522,1.35269,1.35162,1.35162,11422
2022-02-02 04:00:00+00:00,1.3517,1.35368,1.3516,1.35348,14803
2022-02-02 08:00:00+00:00,1.3534,1.35658,1.35269,1.3564,30577
2022-02-02 12:00:00+00:00,1.35629,1.35841,1.3555,1.3565,39830
2022-02-02 16:00:00+00:00,1.35645,1.3586,1.35552,1.35837,24741
2022-02-02 20:00:00+00:00,1.3582,1.35842,1.35621,1.35621,11650
2022-02-03 00:00:00+00:00,1.35618,1.3567,1.3553,1.35636,16275
2022-02-03 04:00:00+00:00,1.3564,1.3564,1.35468,1.35581,18333
2022-02-03 08:00:00+00:00,1.3559,1.35664,1.35382,1.35638,28857
2022-02-03 12:00:00+00:00,1.3606,1.3625,1.35597,1.36093,57227
2022-02-03 16:00:00+00:00,1.36086,1.3618,1.35855,1.3586,31093
2022-02-03 20:00:00+00:00,1.35886,1.3604,1.35852,1.35968,11372
2022-02-04 00:00:00+00:00,1.35962,1.36137,1.35935,1.36085,19608
2022-02-04 04:00:00+00:00,1.36073,1.36114,1.3579,1.35813,21009
2022-02-04 08:00:00+00:00,1.35799,1.35866,1.35675,1.35698,8083
2022-02-04 12:00:00+00:00,1.35252,1.35384,1.3518,1.35299,14967
2022-02-04 16:00:00+00:00,1.3531,1.35497,1.35252,1.35285,27276
2022-02-04 20:00:00+00:00,1.35315,1.35362,1.35227,1.35312,7349
2022-02-06 20:00:00+00:00,1.35118,1.35435,1.35118,1.35321,1652
2022-02-07 00:00:00+00:00,1.35319,1.35355,1.35148,1.3522,19042
2022-02-07 04:00:00+00:00,1.35232,1.35433,1.3517,1.35433,19285
2022-02-07 08:00:00+00:00,1.35494,1.35497,1.34902,1.35105,34454
2022-02-07 12:00:00+00:00,1.35125,1.35315,1.3501,1.35297,39944
2022-02-07 16:00:00+00:00,1.35325,1.35376,1.3515,1.35376,24262
2022-02-07 20:00:00+00:00,1.35354,1.3537,1.3524,1.3536,10711
2022-02-08 00:00:00+00:00,1.35367,1.3538,1.3523,1.35339,18100
2022-02-08 04:00:00+00:00,1.35335,1.35345,1.3508,1.35232,19890
2022-02-08 08:00:00+00:00,1.35273,1.35615,1.35236,1.3547,32799
2022-02-08 12:00:00+00:00,1.35445,1.35538,1.35157,1.35529,37036
2022-02-08 16:00:00+00:00,1.35552,1.35558,1.35372,1.35423,21703
2022-02-08 20:00:00+00:00,1.3542,1.35518,1.35373,1.35453,13070
2022-02-09 00:00:00+00:00,1.35468,1.35648,1.3541,1.3557,16714
2022-02-09 04:00:00+00:00,1.35592,1.35615,1.3536,1.35525,16945
2022-02-09 08:00:00+00:00,1.35563,1.35874,1.35454,1.35754,30411
2022-02-09 12:00:00+00:00,1.35772,1.35847,1.35461,1.35461,33284
2022-02-09 16:00:00+00:00,1.35447,1.35561,1.353,1.35352,21792
2022-02-09 20:00:00+00:00,1.35352,1.3537,1.3527,1.35322,9577
2022-02-10 00:00:00+00:00,1.3531,1.35352,1.35261,1.35318,19562
2022-02-10 04:00:00+00:00,1.3533,1.35469,1.3527,1.35469,17344
2022-02-10 08:00:00+00:00,1.3548,1.35549,1.35438,1.3549,4621
2022-02-10 12:00:00+00:00,1.35331,1.36172,1.35331,1.36148,21026
2022-02-10 16:00:00+00:00,1.36151,1.36425,1.3573,1.35738,42225
2022-02-10 20:00:00+00:00,1.35702,1.35773,1.35436,1.35491,19279
2022-02-11 00:00:00+00:00,1.35474,1.35551,1.35326,1.35384,24684
2022-02-11 04:00:00+00:00,1.3539,1.3543,1.35156,1.35344,25565
2022-02-11 08:00:00+00:00,1.35296,1.35697,1.3519,1.35623,34717
2022-02-11 12:00:00+00:00,1.35631,1.36083,1.3563,1.36029,41081
2022-02-11 16:00:00+00:00,1.36029,1.36044,1.35456,1.35485,49922
2022-02-11 20:00:00+00:00,1.35468,1.3565,1.3541,1.35603,18743
2022-02-12 08:00:00+00:00,1.3561,1.35613,1.3561,1.35613,4
2022-02-13 20:00:00+00:00,1.35438,1.35703,1.35426,1.35683,2824
2022-02-14 00:00:00+00:00,1.35687,1.35705,1.35338,1.3534,21467
2022-02-14 04:00:00+00:00,1.3536,1.35477,1.35267,1.35386,21050
2022-02-14 08:00:00+00:00,1.35363,1.3537,1.3495,1.35143,41089
2022-02-14 12:00:00+00:00,1.35095,1.35456,1.35024,1.35126,50591
2022-02-14 16:00:00+00:00,1.35129,1.35403,1.35106,1.35196,40360
2022-02-14 20:00:00+00:00,1.35217,1.35339,1.35188,1.353,15863
2022-02-15 00:00:00+00:00,1.35312,1.35449,1.35312,1.35369,23801
2022-02-15 04:00:00+00:00,1.35364,1.35417,1.35275,1.35308,21727
2022-02-15 08:00:00+00:00,1.35291,1.35667,1.35278,1.35386,42931
2022-02-15 12:00:00+00:00,1.35338,1.3552,1.3488,1.35212,44435
2022-02-15 16:00:00+00:00,1.35218,1.35409,1.352,1.35348,26441
2022-02-15 20:00:00+00:00,1.3536,1.3545,1.3528,1.35401,13171
2022-02-16 00:00:00+00:00,1.35391,1.35483,1.3538,1.3539,19806
2022-02-16 04:00:00+00:00,1.3539,1.35618,1.35377,1.35582,15847
2022-02-16 08:00:00+00:00,1.35607,1.35739,1.35548,1.3558,35552
2022-02-16 12:00:00+00:00,1.35591,1.35901,1.35433,1.35795,40270
2022-02-16 16:00:00+00:00,1.3577,1.35996,1.35724,1.35996,31964
2022-02-16 20:00:00+00:00,1.35996,1.36004,1.35792,1.35812,12831
2022-02-17 00:00:00+00:00,1.35834,1.3597,1.35613,1.35613,23573
2022-02-17 04:00:00+00:00,1.35589,1.35958,1.35571,1.35958,28141
2022-02-17 08:00:00+00:00,1.35968,1.36181,1.35738,1.36079,41872
2022-02-17 12:00:00+00:00,1.36096,1.36354,1.3602,1.36201,48871
2022-02-17 16:00:00+00:00,1.36193,1.36307,1.3616,1.36229,25301
2022-02-17 20:00:00+00:00,1.36218,1.36226,1.36092,1.36129,15053
2022-02-18 00:00:00+00:00,1.3616,1.3617,1.3599,1.36106,25024
2022-02-18 04:00:00+00:00,1.36117,1.36263,1.36045,1.36234,18242
2022-02-18 08:00:00+00:00,1.36244,1.3639,1.361,1.36165,37016
2022-02-18 12:00:00+00:00,1.36174,1.36245,1.3581,1.35827,43212
2022-02-18 16:00:00+00:00,1.35819,1.36052,1.35733,1.36015,32073
2022-02-18 20:00:00+00:00,1.36023,1.36042,1.35855,1.35872,9029
2022-02-20 20:00:00+00:00,1.35638,1.35972,1.35638,1.35905,3148
2022-02-21 00:00:00+00:00,1.3587,1.36232,1.35859,1.3619,22894
2022-02-21 04:00:00+00:00,1.3617,1.36317,1.36146,1.3627,16988
2022-02-21 08:00:00+00:00,1.36262,1.36374,1.36108,1.3617,34258
2022-02-21 12:00:00+00:00,1.36182,1.362,1.3598,1.36071,39470
2022-02-21 16:00:00+00:00,1.36065,1.36181,1.3596,1.3603,24945
2022-02-21 20:00:00+00:00,1.36036,1.3605,1.3582,1.35932,9955
2022-02-22 00:00:00+00:00,1.3594,1.3598,1.35799,1.3585,25384
2022-02-22 04:00:00+00:00,1.3588,1.35981,1.3566,1.35661,24718
2022-02-22 08:00:00+00:00,1.35594,1.35958,1.3549,1.35537,47362
2022-02-22 12:00:00+00:00,1.35548,1.36008,1.35394,1.35897,42929
2022-02-22 16:00:00+00:00,1.35941,1.36026,1.3575,1.35915,31778
2022-02-22 20:00:00+00:00,1.35928,1.35937,1.35766,1.3588,17033
2022-02-23 00:00:00+00:00,1.35894,1.3603,1.3583,1.3591,20929
2022-02-23 04:00:00+00:00,1.35922,1.36084,1.35876,1.36074,18955
2022-02-23 08:00:00+00:00,1.36067,1.36192,1.35858,1.35858,37495
2022-02-23 12:00:00+00:00,1.35863,1.36065,1.35554,1.35598,39631
2022-02-23 16:00:00+00:00,1.35592,1.3562,1.3537,1.35376,28314
2022-02-23 20:00:00+00:00,1.35379,1.35484,1.3536,1.35441,13695
2022-02-24 00:00:00+00:00,1.3544,1.35462,1.35112,1.3513,36057
2022-02-24 04:00:00+00:00,1.35137,1.35159,1.34645,1.34778,44912
2022-02-24 08:00:00+00:00,1.3483,1.34911,1.33838,1.33966,57611
2022-02-24 12:00:00+00:00,1.33875,1.34182,1.32748,1.32748,58076
2022-02-24 16:00:00+00:00,1.32753,1.34031,1.32753,1.33811,47772
2022-02-24 20:00:00+00:00,1.33838,1.33991,1.33694,1.33695,20075
2022-02-25 00:00:00+00:00,1.337,1.34223,1.3367,1.34223,36646
2022-02-25 04:00:00+00:00,1.342,1.34376,1.341,1.3418,27581
2022-02-25 08:00:00+00:00,1.34178,1.34233,1.3369,1.33855,43897
2022-02-25 12:00:00+00:00,1.33862,1.34186,1.33692,1.34162,54179
2022-02-25 16:00:00+00:00,1.3416,1.34231,1.3382,1.3409,27716
2022-02-25 20:00:00+00:00,1.34086,1.34177,1.34,1.34133,9852
2022-02-26 16:00:00+00:00,1.3406,1.3412,1.3406,1.3412,2
2022-02-27 00:00:00+00:00,1.3406,1.3412,1.3406,1.3412,2
2022-02-27 04:00:00+00:00,1.3406,1.3412,1.3406,1.3412,2
2022-02-27 20:00:00+00:00,1.3338,1.33718,1.33147,1.3371,4822
2022-02-28 00:00:00+00:00,1.3468,1.3468,1.3345,1.3345,34790
2022-02-28 04:00:00+00:00,1.33469,1.33854,1.33398,1.33732,29053
2022-02-28 08:00:00+00:00,1.33721,1.34098,1.33522,1.3392,45114
2022-02-28 12:00:00+00:00,1.33917,1.34301,1.3389,1.34196,47886
2022-02-28 16:00:00+00:00,1.34194,1.34219,1.33874,1.34124,34315
2022-02-28 20:00:00+00:00,1.34101,1.3427,1.3402,1.34215,13878
2022-03-01 00:00:00+00:00,1.3422,1.3422,1.34049,1.34054,19361
2022-03-01 04:00:00+00:00,1.34043,1.34362,1.34043,1.34234,27949
2022-03-01 08:00:00+00:00,1.34211,1.34352,1.33873,1.34063,43326
2022-03-01 12:00:00+00:00,1.34069,1.34182,1.33518,1.33518,48562
2022-03-01 16:00:00+00:00,1.33522,1.33539,1.33027,1.33125,39819
2022-03-01 20:00:00+00:00,1.33141,1.33342,1.3307,1.33342,17395
2022-03-02 00:00:00+00:00,1.33309,1.3339,1.33136,1.33185,19017
2022-03-02 04:00:00+00:00,1.3318,1.33196,1.32723,1.32903,28788
2022-03-02 08:00:00+00:00,1.32922,1.3336,1.32766,1.33287,51362
2022-03-02 12:00:00+00:00,1.3326,1.3354,1.33135,1.33135,53844
2022-03-02 16:00:00+00:00,1.33146,1.33854,1.331,1.33747,40585
2022-03-02 20:00:00+00:00,1.33771,1.3407,1.33744,1.33953,19398
2022-03-03 00:00:00+00:00,1.33952,1.34003,1.3376,1.33925,22278
2022-03-03 04:00:00+00:00,1.33927,1.34171,1.339,1.339,21481
2022-03-03 08:00:00+00:00,1.33848,1.33986,1.33629,1.337,40436
2022-03-03 12:00:00+00:00,1.33703,1.33926,1.33392,1.33392,47382
2022-03-03 16:00:00+00:00,1.33429,1.33563,1.33194,1.33345,38769
2022-03-03 20:00:00+00:00,1.33324,1.3356,1.33321,1.33496,12004
2022-03-04 00:00:00+00:00,1.33492,1.33492,1.33183,1.3334,40867
2022-03-04 04:00:00+00:00,1.33326,1.33471,1.33195,1.33223,26715
2022-03-04 08:00:00+00:00,1.33245,1.33255,1.3283,1.32867,41214
2022-03-04 12:00:00+00:00,1.3287,1.32896,1.3204,1.32188,51572
2022-03-04 16:00:00+00:00,1.32174,1.32442,1.32051,1.32192,34735
2022-03-04 20:00:00+00:00,1.32189,1.32484,1.32189,1.3228,12405
2022-03-05 20:00:00+00:00,1.3226,1.3228,1.3226,1.3228,2
2022-03-06 20:00:00+00:00,1.32185,1.3235,1.32023,1.3211,5375
2022-03-07 00:00:00+00:00,1.32108,1.32222,1.31845,1.32075,38198
2022-03-07 04:00:00+00:00,1.32087,1.32257,1.3201,1.3202,31611
2022-03-07 08:00:00+00:00,1.3203,1.32091,1.31415,1.31686,52271
2022-03-07 12:00:00+00:00,1.31681,1.32139,1.31196,1.31347,64939
2022-03-07 16:00:00+00:00,1.3132,1.3137,1.31028,1.3103,45809
2022-03-07 20:00:00+00:00,1.31042,1.31151,1.31017,1.3112,23346
2022-03-08 00:00:00+00:00,1.3114,1.31294,1.31013,1.31236,31523
2022-03-08 04:00:00+00:00,1.3125,1.31276,1.30822,1.30911,34640
2022-03-08 08:00:00+00:00,1.30878,1.31306,1.30878,1.31179,55050
2022-03-08 12:00:00+00:00,1.31179,1.31428,1.30855,1.31112,57492
2022-03-08 16:00:00+00:00,1.31079,1.3141,1.30904,1.31071,55069
2022-03-08 20:00:00+00:00,1.31059,1.31128,1.30873,1.3098,18241
2022-03-09 00:00:00+00:00,1.31014,1.31161,1.3098,1.31063,27034
2022-03-09 04:00:00+00:00,1.31075,1.31262,1.31075,1.31109,26569
2022-03-09 08:00:00+00:00,1.31066,1.31791,1.31063,1.3151,45970
2022-03-09 12:00:00+00:00,1.31482,1.31815,1.31373,1.31573,50842
2022-03-09 16:00:00+00:00,1.3154,1.31853,1.3154,1.31809,37725
2022-03-09 20:00:00+00:00,1.31824,1.31888,1.3171,1.31834,15068
2022-03-10 00:00:00+00:00,1.31862,1.31862,1.31438,1.31658,25548
2022-03-10 04:00:00+00:00,1.31672,1.31935,1.3163,1.31935,21136
2022-03-10 08:00:00+00:00,1.31889,1.31893,1.31419,1.31586,51990
2022-03-10 12:00:00+00:00,1.31586,1.31907,1.31211,1.31294,56177
2022-03-10 16:00:00+00:00,1.31292,1.31303,1.30914,1.3097,29753
2022-03-10 20:00:00+00:00,1.30984,1.31036,1.30809,1.3101,14972
2022-03-11 00:00:00+00:00,1.31018,1.31032,1.30743,1.30881,18489
2022-03-11 04:00:00+00:00,1.30914,1.31002,1.30683,1.30718,21143
2022-03-11 08:00:00+00:00,1.30728,1.31177,1.30521,1.31081,48007
2022-03-11 12:00:00+00:00,1.31097,1.31245,1.30748,1.30853,53076
2022-03-11 16:00:00+00:00,1.3083,1.30869,1.30358,1.3038,35285
2022-03-11 20:00:00+00:00,1.30378,1.30392,1.30274,1.3039,10347
2022-03-13 20:00:00+00:00,1.30432,1.30517,1.2948,1.30491,4846
2022-03-14 00:00:00+00:00,1.30487,1.30487,1.2913,1.30126,18563
2022-03-14 04:00:00+00:00,1.30116,1.30418,1.2916,1.30389,19458
2022-03-14 08:00:00+00:00,1.30378,1.30545,1.30195,1.30227,40117
2022-03-14 12:00:00+00:00,1.3028,1.30787,1.3028,1.30473,45021
2022-03-14 16:00:00+00:00,1.30433,1.30619,1.30013,1.30013,30798
2022-03-14 20:00:00+00:00,1.30015,1.30103,1.3,1.30088,7816
2022-03-15 00:00:00+00:00,1.30088,1.3044,1.29991,1.3044,28111
2022-03-15 04:00:00+00:00,1.3041,1.30491,1.30262,1.30325,29216
2022-03-15 08:00:00+00:00,1.30297,1.30586,1.3017,1.3049,41808
2022-03-15 12:00:00+00:00,1.30539,1.30876,1.30539,1.30663,46497
2022-03-15 16:00:00+00:00,1.30618,1.30659,1.3021,1.30467,31831
2022-03-15 20:00:00+00:00,1.30444,1.30483,1.30349,1.30436,10282
2022-03-16 00:00:00+00:00,1.30429,1.3055,1.30359,1.30504,26723
2022-03-16 04:00:00+00:00,1.30521,1.30622,1.30358,1.30389,23450
2022-03-16 08:00:00+00:00,1.30392,1.31045,1.30391,1.3092,41677
2022-03-16 12:00:00+00:00,1.30902,1.3117,1.30746,1.30949,49130
2022-03-16 16:00:00+00:00,1.30948,1.31553,1.30449,1.31529,53945
2022-03-16 20:00:00+00:00,1.31547,1.316,1.31267,1.3138,19971
2022-03-17 00:00:00+00:00,1.31387,1.3167,1.31334,1.3156,35457
2022-03-17 04:00:00+00:00,1.3151,1.3186,1.31468,1.31803,27079
2022-03-17 08:00:00+00:00,1.31778,1.32103,1.31609,1.32032,40350
2022-03-17 12:00:00+00:00,1.3149,1.31589,1.30886,1.31581,46280
2022-03-17 16:00:00+00:00,1.31577,1.31721,1.31454,1.31532,27334
2022-03-17 20:00:00+00:00,1.31517,1.31577,1.31449,1.31565,10198
2022-03-18 00:00:00+00:00,1.31576,1.31806,1.31504,1.31593,27989
2022-03-18 04:00:00+00:00,1.31572,1.31711,1.31428,1.3155,25211
2022-03-18 08:00:00+00:00,1.31559,1.31564,1.31224,1.31285,36362
2022-03-18 12:00:00+00:00,1.31295,1.31753,1.3111,1.31699,43597
2022-03-18 16:00:00+00:00,1.31681,1.31969,1.3167,1.31809,28847
2022-03-18 20:00:00+00:00,1.31813,1.31848,1.3173,1.318,3760
2022-03-20 20:00:00+00:00,1.31652,1.3179,1.31578,1.31591,3838
2022-03-21 00:00:00+00:00,1.31596,1.31707,1.3154,1.31564,18554
2022-03-21 04:00:00+00:00,1.31561,1.3165,1.31459,1.31528,18401
2022-03-21 08:00:00+00:00,1.31586,1.31672,1.31276,1.31418,34404
2022-03-21 12:00:00+00:00,1.3144,1.32093,1.3136,1.31994,38220
2022-03-21 16:00:00+00:00,1.32026,1.32059,1.31553,1.3163,34501
2022-03-21 20:00:00+00:00,1.31642,1.3169,1.31518,1.31688,9154
2022-03-22 00:00:00+00:00,1.31668,1.31668,1.31338,1.31512,31232
2022-03-22 04:00:00+00:00,1.31509,1.31509,1.312,1.31394,24745
2022-03-22 08:00:00+00:00,1.3135,1.32251,1.31344,1.32209,39590
2022-03-22 12:00:00+00:00,1.32251,1.3271,1.32207,1.3257,43279
2022-03-22 16:00:00+00:00,1.3258,1.32634,1.32469,1.32591,26704
2022-03-22 20:00:00+00:00,1.32602,1.32711,1.3255,1.3264,10160
2022-03-23 00:00:00+00:00,1.32675,1.32967,1.32659,1.32844,24276
2022-03-23 04:00:00+00:00,1.3282,1.329,1.32576,1.32607,22051
2022-03-23 08:00:00+00:00,1.32594,1.32594,1.31997,1.32081,34361
2022-03-23 12:00:00+00:00,1.32039,1.3214,1.31757,1.32111,40420
2022-03-23 16:00:00+00:00,1.32113,1.32125,1.31977,1.3209,24224
2022-03-23 20:00:00+00:00,1.32082,1.32103,1.31954,1.3204,8447
2022-03-24 00:00:00+00:00,1.32054,1.32114,1.31834,1.31927,28330
2022-03-24 04:00:00+00:00,1.31909,1.3203,1.31812,1.31818,25143
2022-03-24 08:00:00+00:00,1.3181,1.32096,1.3157,1.32023,39950
2022-03-24 12:00:00+00:00,1.3194,1.3211,1.31673,1.31839,45738
2022-03-24 16:00:00+00:00,1.31852,1.31951,1.31677,1.31903,28882
2022-03-24 20:00:00+00:00,1.31877,1.31966,1.31742,1.31927,9038
2022-03-25 00:00:00+00:00,1.31912,1.32118,1.31844,1.3206,31119
2022-03-25 04:00:00+00:00,1.32053,1.32234,1.31866,1.31894,22958
2022-03-25 08:00:00+00:00,1.31889,1.31973,1.31616,1.31973,33884
2022-03-25 12:00:00+00:00,1.31984,1.32217,1.31791,1.31908,45519
2022-03-25 16:00:00+00:00,1.31928,1.31976,1.31793,1.31895,32301
2022-03-25 20:00:00+00:00,1.31884,1.3203,1.318,1.3201,2754
2022-03-26 12:00:00+00:00,1.3189,1.32,1.3189,1.32,2
2022-03-26 16:00:00+00:00,1.3189,1.32,1.3189,1.32,2
2022-03-27 16:00:00+00:00,1.31649,1.31715,1.31649,1.31715,4
2022-03-27 20:00:00+00:00,1.31725,1.31843,1.3168,1.31724,3869
2022-03-28 00:00:00+00:00,1.31745,1.31759,1.31443,1.31527,30489
2022-03-28 04:00:00+00:00,1.31505,1.31637,1.31292,1.3146,31676
2022-03-28 08:00:00+00:00,1.31436,1.31645,1.31068,1.31141,41960
2022-03-28 12:00:00+00:00,1.3113,1.3116,1.30678,1.3091,46006
2022-03-28 16:00:00+00:00,1.30893,1.30991,1.30818,1.30931,25679
2022-03-28 20:00:00+00:00,1.30917,1.3106,1.30886,1.30979,9374
2022-03-29 00:00:00+00:00,1.30999,1.31045,1.3079,1.30947,30707
2022-03-29 04:00:00+00:00,1.30953,1.31132,1.30875,1.30912,31798
2022-03-29 08:00:00+00:00,1.30881,1.31423,1.30514,1.31285,45769
2022-03-29 12:00:00+00:00,1.31322,1.3157,1.31247,1.31296,57562
2022-03-29 16:00:00+00:00,1.31247,1.31247,1.3063,1.30983,29089
2022-03-29 20:00:00+00:00,1.30965,1.3101,1.30845,1.3093,10580
2022-03-30 00:00:00+00:00,1.3091,1.31104,1.30906,1.31066,34313
2022-03-30 04:00:00+00:00,1.31071,1.31319,1.3097,1.31262,35312
2022-03-30 08:00:00+00:00,1.313,1.31599,1.31184,1.31589,44807
2022-03-30 12:00:00+00:00,1.31611,1.31804,1.31477,1.31496,48939
2022-03-30 16:00:00+00:00,1.31468,1.31537,1.31268,1.31333,24617
2022-03-30 20:00:00+00:00,1.31327,1.3139,1.31302,1.3136,15244
2022-03-31 00:00:00+00:00,1.31358,1.3142,1.3114,1.3116,29269
2022-03-31 04:00:00+00:00,1.31151,1.3147,1.3109,1.3135,31599
2022-03-31 08:00:00+00:00,1.31336,1.31426,1.31114,1.31255,40723
2022-03-31 12:00:00+00:00,1.31245,1.31703,1.31113,1.31497,50813
2022-03-31 16:00:00+00:00,1.31493,1.31517,1.313,1.31368,27313
2022-03-31 20:00:00+00:00,1.31382,1.3151,1.31322,1.3145,16969
2022-04-01 00:00:00+00:00,1.31428,1.3145,1.31209,1.31331,27147
2022-04-01 04:00:00+00:00,1.31333,1.31382,1.31241,1.31248,15684
2022-04-01 12:00:00+00:00,1.30913,1.31122,1.3088,1.31122,23758
2022-04-01 16:00:00+00:00,1.31122,1.31141,1.3093,1.31132,26226
2022-04-01 20:00:00+00:00,1.31132,1.3115,1.3108,1.31101,3535
2022-04-02 08:00:00+00:00,1.3113,1.31141,1.3113,1.31141,2
2022-04-03 16:00:00+00:00,1.30798,1.30923,1.30798,1.30923,2
2022-04-03 20:00:00+00:00,1.30979,1.31082,1.30937,1.31042,3109
2022-04-04 00:00:00+00:00,1.31043,1.31195,1.3102,1.31148,20487
2022-04-04 04:00:00+00:00,1.31134,1.31355,1.3113,1.31274,25206
2022-04-04 08:00:00+00:00,1.3125,1.31276,1.30939,1.30962,33964
2022-04-04 12:00:00+00:00,1.30985,1.31273,1.30962,1.31154,37631
2022-04-04 16:00:00+00:00,1.31157,1.31193,1.3096,1.31143,22851
2022-04-04 20:00:00+00:00,1.31144,1.3117,1.31077,1.31114,8115
2022-04-05 00:00:00+00:00,1.31106,1.31221,1.31061,1.31137,18590
2022-04-05 04:00:00+00:00,1.31125,1.31427,1.31064,1.3126,31141
2022-04-05 08:00:00+00:00,1.31253,1.31419,1.31194,1.31344,34193
2022-04-05 12:00:00+00:00,1.3135,1.31664,1.30994,1.30994,45782
2022-04-05 16:00:00+00:00,1.31005,1.31005,1.30668,1.30774,27684
2022-04-05 20:00:00+00:00,1.30763,1.3082,1.3068,1.30764,11539
2022-04-06 00:00:00+00:00,1.30754,1.30762,1.3056,1.30711,25339
2022-04-06 04:00:00+00:00,1.30701,1.30747,1.3045,1.30661,30539
2022-04-06 08:00:00+00:00,1.30633,1.31063,1.30633,1.30852,38511
2022-04-06 12:00:00+00:00,1.30861,1.30994,1.3068,1.30803,44582
2022-04-06 16:00:00+00:00,1.30826,1.30962,1.3049,1.3074,40370
2022-04-06 20:00:00+00:00,1.30754,1.30754,1.3064,1.3068,10351
2022-04-07 00:00:00+00:00,1.30675,1.30828,1.30675,1.30783,25567
2022-04-07 04:00:00+00:00,1.30758,1.31059,1.3074,1.30898,29161
2022-04-07 08:00:00+00:00,1.3088,1.30902,1.30636,1.3082,39031
2022-04-07 12:00:00+00:00,1.30867,1.30867,1.3053,1.3059,44712
2022-04-07 16:00:00+00:00,1.30587,1.30748,1.3053,1.30737,27878
2022-04-07 20:00:00+00:00,1.30717,1.308,1.30655,1.30676,10672
2022-04-08 00:00:00+00:00,1.30678,1.30767,1.3063,1.30681,25620
2022-04-08 04:00:00+00:00,1.30674,1.30724,1.30273,1.3041,27139
2022-04-08 08:00:00+00:00,1.3041,1.3054,1.30227,1.30305,32117
2022-04-08 12:00:00+00:00,1.30291,1.30311,1.2983,1.30303,41199
2022-04-08 16:00:00+00:00,1.30311,1.30385,1.3022,1.30333,21756
2022-04-08 20:00:00+00:00,1.30339,1.3038,1.3032,1.30348,2538
2022-04-10 20:00:00+00:00,1.30373,1.30388,1.30296,1.30296,2298
2022-04-11 00:00:00+00:00,1.30293,1.3031,1.30075,1.30126,25994
2022-04-11 04:00:00+00:00,1.3014,1.30272,1.29906,1.3027,30583
2022-04-11 08:00:00+00:00,1.30243,1.30554,1.3019,1.30297,34570
2022-04-11 12:00:00+00:00,1.30278,1.30463,1.30187,1.30317,42431
2022-04-11 16:00:00+00:00,1.30295,1.30376,1.3019,1.30229,22948
2022-04-11 20:00:00+00:00,1.30254,1.3031,1.30193,1.30223,13070
2022-04-12 00:00:00+00:00,1.30232,1.30366,1.30044,1.30232,25754
2022-04-12 04:00:00+00:00,1.30233,1.30333,1.30024,1.30149,32378
2022-04-12 08:00:00+00:00,1.30121,1.30214,1.29954,1.30214,34336
2022-04-12 12:00:00+00:00,1.30218,1.30502,1.30088,1.303,52093
2022-04-12 16:00:00+00:00,1.303,1.30443,1.2999,1.30016,31419
2022-04-12 20:00:00+00:00,1.30008,1.3004,1.29965,1.30014,8359
2022-04-13 00:00:00+00:00,1.30042,1.3014,1.29876,1.30115,24186
2022-04-13 04:00:00+00:00,1.30123,1.30211,1.29739,1.29989,29461
2022-04-13 08:00:00+00:00,1.29976,1.30238,1.29948,1.29991,34119
2022-04-13 12:00:00+00:00,1.29967,1.3073,1.2994,1.30701,44131
2022-04-13 16:00:00+00:00,1.30729,1.31144,1.30729,1.3109,26702
2022-04-13 20:00:00+00:00,1.31089,1.3122,1.3104,1.31174,9305
2022-04-14 00:00:00+00:00,1.3127,1.31405,1.31128,1.31336,24930
2022-04-14 04:00:00+00:00,1.3132,1.31464,1.3126,1.31312,26262
2022-04-14 08:00:00+00:00,1.31305,1.31455,1.31159,1.31159,32629
2022-04-14 12:00:00+00:00,1.3121,1.3123,1.30335,1.30508,54969
2022-04-14 16:00:00+00:00,1.30525,1.30813,1.30525,1.30751,24206
2022-04-14 20:00:00+00:00,1.3076,1.30811,1.306,1.3067,8160
2022-04-15 00:00:00+00:00,1.3061,1.3067,1.30459,1.3062,10816
2022-04-15 04:00:00+00:00,1.30602,1.30737,1.3051,1.30737,28874
2022-04-15 08:00:00+00:00,1.30706,1.30736,1.30566,1.30644,32395
2022-04-15 12:00:00+00:00,1.30638,1.3071,1.30563,1.3062,18716
2022-04-15 16:00:00+00:00,1.3059,1.30674,1.30559,1.30612,18029
2022-04-15 20:00:00+00:00,1.3062,1.3064,1.30545,1.30589,2510
2022-04-17 16:00:00+00:00,1.30543,1.30543,1.30301,1.30301,2
2022-04-17 20:00:00+00:00,1.30455,1.30639,1.30453,1.3055,4259
2022-04-18 00:00:00+00:00,1.30568,1.30568,1.3025,1.30266,23378
2022-04-18 04:00:00+00:00,1.30266,1.30301,1.3007,1.30091,19020
2022-04-18 08:00:00+00:00,1.30088,1.30389,1.30088,1.30389,20268
2022-04-18 12:00:00+00:00,1.30385,1.30437,1.30148,1.3019,30301
2022-04-18 16:00:00+00:00,1.30188,1.30206,1.3003,1.30087,19449
2022-04-18 20:00:00+00:00,1.30102,1.3016,1.29804,1.30073,7985
2022-04-19 00:00:00+00:00,1.30068,1.30181,1.29889,1.30043,24111
2022-04-19 04:00:00+00:00,1.30032,1.30146,1.29888,1.30146,29094
2022-04-19 08:00:00+00:00,1.30138,1.30397,1.3004,1.30162,33086
2022-04-19 12:00:00+00:00,1.30142,1.30234,1.2982,1.30098,40974
2022-04-19 16:00:00+00:00,1.3007,1.30142,1.2992,1.30024,21923
2022-04-19 20:00:00+00:00,1.29976,1.30134,1.29846,1.30134,10555
2022-04-20 00:00:00+00:00,1.30157,1.30447,1.3011,1.30411,29700
2022-04-20 04:00:00+00:00,1.30385,1.3043,1.30007,1.30007,28154
2022-04-20 08:00:00+00:00,1.3001,1.30646,1.2997,1.30513,33221
2022-04-20 12:00:00+00:00,1.30533,1.30641,1.3033,1.30536,42405
2022-04-20 16:00:00+00:00,1.30531,1.30698,1.30476,1.3063,24772
2022-04-20 20:00:00+00:00,1.30632,1.3074,1.3053,1.30679,10118
2022-04-21 00:00:00+00:00,1.30672,1.30672,1.30421,1.30447,26276
2022-04-21 04:00:00+00:00,1.30448,1.308,1.30448,1.30748,32307
2022-04-21 08:00:00+00:00,1.30716,1.30883,1.30294,1.3033,33477
2022-04-21 12:00:00+00:00,1.303,1.30742,1.3025,1.30432,41397
2022-04-21 16:00:00+00:00,1.3042,1.30464,1.30227,1.30291,30601
2022-04-21 20:00:00+00:00,1.30291,1.3033,1.3023,1.30242,13334
2022-04-22 00:00:00+00:00,1.30208,1.30311,1.301,1.30199,26740
2022-04-22 04:00:00+00:00,1.302,1.30322,1.2901,1.29073,33786
2022-04-22 08:00:00+00:00,1.2906,1.29159,1.28631,1.29029,34603
2022-04-22 12:00:00+00:00,1.28988,1.28991,1.28383,1.28465,44559
2022-04-22 16:00:00+00:00,1.28472,1.28472,1.28232,1.28274,24064
2022-04-22 20:00:00+00:00,1.2831,1.2842,1.27589,1.27929,3079
2022-04-23 08:00:00+00:00,1.2838,1.2838,1.2838,1.2838,1
2022-04-24 16:00:00+00:00,1.28267,1.28547,1.28267,1.28547,2
2022-04-24 20:00:00+00:00,1.28533,1.28533,1.2825,1.28278,5568
2022-04-25 00:00:00+00:00,1.28264,1.28291,1.27919,1.28043,29292
2022-04-25 04:00:00+00:00,1.2805,1.2808,1.27304,1.2749,39082
2022-04-25 08:00:00+00:00,1.27566,1.27655,1.27062,1.27498,43382
2022-04-25 12:00:00+00:00,1.27415,1.27539,1.27,1.27,50287
2022-04-25 16:00:00+00:00,1.26986,1.2743,1.26976,1.27399,33624
2022-04-25 20:00:00+00:00,1.27411,1.27438,1.2727,1.27364,13930
2022-04-26 00:00:00+00:00,1.27352,1.27711,1.27299,1.2766,29926
2022-04-26 04:00:00+00:00,1.27663,1.27672,1.27117,1.27117,33212
2022-04-26 08:00:00+00:00,1.27124,1.2727,1.26858,1.26858,36847
2022-04-26 12:00:00+00:00,1.26849,1.26956,1.26088,1.26146,47864
2022-04-26 16:00:00+00:00,1.26161,1.26218,1.258,1.2589,30372
2022-04-26 20:00:00+00:00,1.25842,1.2587,1.25607,1.25812,11931
2022-04-27 00:00:00+00:00,1.2584,1.2589,1.25694,1.25798,25832
2022-04-27 04:00:00+00:00,1.2579,1.25959,1.2542,1.25722,33031
2022-04-27 08:00:00+00:00,1.25704,1.26015,1.25378,1.2564,39410
2022-04-27 12:00:00+00:00,1.25612,1.2575,1.2503,1.25437,48773
2022-04-27 16:00:00+00:00,1.25471,1.25733,1.25354,1.25455,28445
2022-04-27 20:00:00+00:00,1.2544,1.255,1.2533,1.25399,11914
2022-04-28 00:00:00+00:00,1.25369,1.2544,1.25089,1.25103,28190
2022-04-28 04:00:00+00:00,1.25116,1.25665,1.24922,1.25562,38712
2022-04-28 08:00:00+00:00,1.2553,1.25552,1.2424,1.24255,40551
2022-04-28 12:00:00+00:00,1.24349,1.24712,1.24123,1.24388,53985
2022-04-28 16:00:00+00:00,1.24427,1.24733,1.2437,1.24665,27177
2022-04-28 20:00:00+00:00,1.24636,1.24681,1.2448,1.24634,8216
2022-04-29 00:00:00+00:00,1.24684,1.24967,1.24661,1.24816,23374
2022-04-29 04:00:00+00:00,1.24778,1.25684,1.2477,1.25595,31311
2022-04-29 08:00:00+00:00,1.25606,1.25826,1.25448,1.25551,37167
2022-04-29 12:00:00+00:00,1.2555,1.25719,1.25303,1.25648,49863
2022-04-29 16:00:00+00:00,1.25639,1.26137,1.25574,1.25752,30402
2022-04-29 20:00:00+00:00,1.25734,1.25819,1.25689,1.2573,4076
2022-05-01 16:00:00+00:00,1.25526,1.25862,1.25526,1.25862,2
2022-05-01 20:00:00+00:00,1.25867,1.25887,1.2568,1.2568,6331
2022-05-02 00:00:00+00:00,1.25752,1.25962,1.25509,1.2559,26335
2022-05-02 04:00:00+00:00,1.25566,1.25794,1.25384,1.25734,24490
2022-05-02 08:00:00+00:00,1.25764,1.25819,1.25565,1.25609,27235
2022-05-02 12:00:00+00:00,1.25597,1.2567,1.25054,1.25209,38459
2022-05-02 16:00:00+00:00,1.25221,1.25232,1.24727,1.24898,27230
2022-05-02 20:00:00+00:00,1.24898,1.2499,1.24848,1.24989,8449
2022-05-03 00:00:00+00:00,1.25007,1.25313,1.24964,1.25312,22082
2022-05-03 04:00:00+00:00,1.2528,1.25434,1.25036,1.25373,31934
2022-05-03 08:00:00+00:00,1.25427,1.25552,1.24944,1.25316,36056
2022-05-03 12:00:00+00:00,1.25368,1.25657,1.25079,1.25096,43287
2022-05-03 16:00:00+00:00,1.25054,1.25125,1.24704,1.24964,29161
2022-05-03 20:00:00+00:00,1.24963,1.2504,1.2478,1.24972,11137
2022-05-04 00:00:00+00:00,1.25,1.25041,1.2482,1.24832,16836
2022-05-04 04:00:00+00:00,1.24834,1.2512,1.24687,1.2512,24017
2022-05-04 08:00:00+00:00,1.25095,1.25225,1.2501,1.25101,29365
2022-05-04 12:00:00+00:00,1.25083,1.25368,1.247,1.2488,42319
2022-05-04 16:00:00+00:00,1.24866,1.2636,1.24608,1.26157,56543
2022-05-04 20:00:00+00:00,1.26145,1.26359,1.2605,1.26155,13772
2022-05-05 00:00:00+00:00,1.26164,1.26305,1.25786,1.25786,27648
2022-05-05 04:00:00+00:00,1.2578,1.2578,1.2519,1.254,34578
2022-05-05 08:00:00+00:00,1.254,1.25762,1.23837,1.23942,42638
2022-05-05 12:00:00+00:00,1.23922,1.24106,1.23282,1.23282,55320
2022-05-05 16:00:00+00:00,1.23302,1.23682,1.23255,1.23643,43942
2022-05-05 20:00:00+00:00,1.23661,1.2372,1.2354,1.23619,10943
2022-05-06 00:00:00+00:00,1.2364,1.23796,1.23353,1.23682,34104
2022-05-06 04:00:00+00:00,1.23699,1.23718,1.22784,1.2313,36451
2022-05-06 08:00:00+00:00,1.23119,1.23793,1.23106,1.2336,45869
2022-05-06 12:00:00+00:00,1.2333,1.23675,1.23033,1.23441,66846
2022-05-06 16:00:00+00:00,1.23413,1.23604,1.23227,1.23419,42107
2022-05-06 20:00:00+00:00,1.23407,1.2345,1.233,1.2334,2977
2022-05-08 16:00:00+00:00,1.23282,1.23517,1.23282,1.23517,2
2022-05-08 20:00:00+00:00,1.23477,1.2353,1.23242,1.23253,6779
2022-05-09 00:00:00+00:00,1.23254,1.23262,1.22843,1.22903,24747
2022-05-09 04:00:00+00:00,1.22915,1.22987,1.2262,1.22875,28146
2022-05-09 08:00:00+00:00,1.22861,1.23704,1.2269,1.23654,42413
2022-05-09 12:00:00+00:00,1.23653,1.2405,1.2301,1.23336,53036
2022-05-09 16:00:00+00:00,1.2333,1.23786,1.23258,1.23309,42064
2022-05-09 20:00:00+00:00,1.2333,1.2342,1.23236,1.23348,12536
2022-05-10 00:00:00+00:00,1.23314,1.23707,1.23174,1.2364,38231
2022-05-10 04:00:00+00:00,1.2363,1.23737,1.2317,1.2317,37126
2022-05-10 08:00:00+00:00,1.2318,1.23586,1.23051,1.23378,40690
2022-05-10 12:00:00+00:00,1.23393,1.23399,1.2294,1.23125,54889
2022-05-10 16:00:00+00:00,1.23136,1.23295,1.22986,1.23176,44193
2022-05-10 20:00:00+00:00,1.23185,1.2328,1.2305,1.2305,10380
2022-05-11 00:00:00+00:00,1.23052,1.23394,1.23052,1.23306,25569
2022-05-11 04:00:00+00:00,1.23304,1.23459,1.23232,1.23451,30450
2022-05-11 08:00:00+00:00,1.2346,1.23875,1.23268,1.23564,39531
2022-05-11 12:00:00+00:00,1.2357,1.23953,1.22781,1.23147,68869
2022-05-11 16:00:00+00:00,1.23138,1.23231,1.22377,1.22424,47984
2022-05-11 20:00:00+00:00,1.2242,1.2256,1.2232,1.22329,14576
2022-05-12 00:00:00+00:00,1.22326,1.22475,1.22104,1.22266,33913
2022-05-12 04:00:00+00:00,1.22283,1.22307,1.21827,1.2198,46048
2022-05-12 08:00:00+00:00,1.2202,1.2218,1.21663,1.21954,49665
2022-05-12 12:00:00+00:00,1.2195,1.22467,1.21903,1.21963,61118
2022-05-12 16:00:00+00:00,1.21961,1.22174,1.2173,1.21924,47071
2022-05-12 20:00:00+00:00,1.21916,1.2207,1.21916,1.2203,13844
2022-05-13 00:00:00+00:00,1.2201,1.22258,1.21933,1.22173,32378
2022-05-13 04:00:00+00:00,1.2216,1.22308,1.22014,1.2217,36883
2022-05-13 08:00:00+00:00,1.22204,1.22272,1.2174,1.21909,39185
2022-05-13 12:00:00+00:00,1.21974,1.22436,1.21636,1.22432,48968
2022-05-13 16:00:00+00:00,1.22355,1.22484,1.22208,1.22416,28314
2022-05-13 20:00:00+00:00,1.22421,1.2264,1.22413,1.22559,3732
2022-05-15 16:00:00+00:00,1.219,1.22391,1.219,1.22391,2
2022-05-15 20:00:00+00:00,1.22359,1.22646,1.22313,1.22565,8506
2022-05-16 00:00:00+00:00,1.22623,1.22866,1.22323,1.2236,32775
2022-05-16 04:00:00+00:00,1.22364,1.2252,1.22187,1.22187,32775
2022-05-16 08:00:00+00:00,1.22243,1.22685,1.222,1.22589,36323
2022-05-16 12:00:00+00:00,1.2258,1.2272,1.22384,1.22695,47889
2022-05-16 16:00:00+00:00,1.22701,1.23285,1.2266,1.2317,28311
2022-05-16 20:00:00+00:00,1.23161,1.2327,1.2314,1.23252,9739
2022-05-17 00:00:00+00:00,1.23313,1.2344,1.2321,1.2334,30278
2022-05-17 04:00:00+00:00,1.23345,1.2428,1.233,1.24237,32719
2022-05-17 08:00:00+00:00,1.24224,1.24964,1.24221,1.2483,49085
2022-05-17 12:00:00+00:00,1.24871,1.24944,1.24516,1.24691,48706
2022-05-17 16:00:00+00:00,1.24645,1.24901,1.24526,1.24835,39708
2022-05-17 20:00:00+00:00,1.24812,1.24959,1.248,1.24869,11550
2022-05-18 00:00:00+00:00,1.24902,1.24993,1.2462,1.24686,24323
2022-05-18 04:00:00+00:00,1.24678,1.24926,1.23943,1.23943,30664
2022-05-18 08:00:00+00:00,1.23902,1.2424,1.23729,1.24192,33313
2022-05-18 12:00:00+00:00,1.24211,1.24344,1.23879,1.23927,45800
2022-05-18 16:00:00+00:00,1.23888,1.23896,1.23392,1.23405,31881
2022-05-18 20:00:00+00:00,1.23401,1.2356,1.233,1.23436,16638
2022-05-19 00:00:00+00:00,1.2346,1.2383,1.2338,1.2383,31807
2022-05-19 04:00:00+00:00,1.2378,1.23944,1.23383,1.23834,35355
2022-05-19 08:00:00+00:00,1.23799,1.24376,1.23712,1.24317,47208
2022-05-19 12:00:00+00:00,1.24326,1.25216,1.2409,1.25028,61520
2022-05-19 16:00:00+00:00,1.25026,1.25152,1.24867,1.24943,45681
2022-05-19 20:00:00+00:00,1.24944,1.24944,1.24576,1.2461,13440
2022-05-20 00:00:00+00:00,1.24639,1.2468,1.24403,1.2448,31218
2022-05-20 04:00:00+00:00,1.2442,1.24936,1.2442,1.24739,37853
2022-05-20 08:00:00+00:00,1.2468,1.249,1.246,1.24689,36326
2022-05-20 12:00:00+00:00,1.24699,1.24987,1.2454,1.24906,49706
2022-05-20 16:00:00+00:00,1.24927,1.24927,1.24532,1.24882,42284
2022-05-20 20:00:00+00:00,1.24872,1.24961,1.2482,1.2486,3087
2022-05-22 16:00:00+00:00,1.2469,1.2469,1.24612,1.24612,2
2022-05-22 20:00:00+00:00,1.24711,1.25088,1.24711,1.25028,6994
2022-05-23 00:00:00+00:00,1.25065,1.2548,1.24996,1.2541,21923
2022-05-23 04:00:00+00:00,1.254,1.25719,1.25397,1.25497,27833
2022-05-23 08:00:00+00:00,1.25596,1.26004,1.25493,1.25746,42806
2022-05-23 12:00:00+00:00,1.25772,1.25921,1.25579,1.25706,45378
2022-05-23 16:00:00+00:00,1.25704,1.25816,1.2558,1.25778,25408
2022-05-23 20:00:00+00:00,1.25779,1.2588,1.25656,1.25656,10678
2022-05-24 00:00:00+00:00,1.2565,1.25679,1.25467,1.25644,28615
2022-05-24 04:00:00+00:00,1.25644,1.25969,1.25569,1.25821,27618
2022-05-24 08:00:00+00:00,1.25852,1.25882,1.2476,1.24984,39771
2022-05-24 12:00:00+00:00,1.25016,1.25413,1.24721,1.25413,52365
2022-05-24 16:00:00+00:00,1.25392,1.25539,1.25108,1.2531,37756
2022-05-24 20:00:00+00:00,1.25351,1.2549,1.25279,1.2541,11046
2022-05-25 00:00:00+00:00,1.25402,1.25425,1.25139,1.25334,33467
2022-05-25 04:00:00+00:00,1.25345,1.25595,1.2525,1.2539,31750
2022-05-25 08:00:00+00:00,1.25478,1.25478,1.2483,1.24912,41068
2022-05-25 12:00:00+00:00,1.24891,1.2555,1.2483,1.2538,48036
2022-05-25 16:00:00+00:00,1.25383,1.25902,1.2524,1.25765,37836
2022-05-25 20:00:00+00:00,1.25761,1.25938,1.25568,1.25852,10155
2022-05-26 00:00:00+00:00,1.25861,1.26115,1.25756,1.25857,32982
2022-05-26 04:00:00+00:00,1.25864,1.25955,1.25518,1.25863,35624
2022-05-26 08:00:00+00:00,1.25887,1.262,1.2555,1.25932,39161
2022-05-26 12:00:00+00:00,1.25941,1.25941,1.25539,1.25805,47141
2022-05-26 16:00:00+00:00,1.25828,1.2599,1.25684,1.25982,24307
2022-05-26 20:00:00+00:00,1.25986,1.26182,1.2588,1.2617,10999
2022-05-27 00:00:00+00:00,1.26199,1.26645,1.26126,1.26485,32974
2022-05-27 04:00:00+00:00,1.26461,1.2656,1.2612,1.26209,29651
2022-05-27 08:00:00+00:00,1.26195,1.26262,1.2586,1.2615,34612
2022-05-27 12:00:00+00:00,1.2616,1.26523,1.25997,1.26116,43699
2022-05-27 16:00:00+00:00,1.26123,1.26305,1.25995,1.26292,19601
2022-05-27 20:00:00+00:00,1.26304,1.26314,1.2621,1.26243,2436
2022-05-29 16:00:00+00:00,1.25978,1.25978,1.25968,1.25968,2
2022-05-29 20:00:00+00:00,1.25928,1.26342,1.25928,1.26239,5150
2022-05-30 00:00:00+00:00,1.2623,1.26558,1.26211,1.26446,28029
2022-05-30 04:00:00+00:00,1.2645,1.26504,1.26206,1.26206,30574
2022-05-30 08:00:00+00:00,1.26234,1.26545,1.26163,1.26393,28363
2022-05-30 12:00:00+00:00,1.26387,1.26595,1.2624,1.26577,30925
2022-05-30 16:00:00+00:00,1.26593,1.26593,1.2647,1.26538,19207
2022-05-30 20:00:00+00:00,1.2655,1.2656,1.2642,1.26454,21130
2022-05-31 00:00:00+00:00,1.26441,1.26479,1.26002,1.26159,35336
2022-05-31 04:00:00+00:00,1.26149,1.26211,1.2592,1.26069,30321
2022-05-31 08:00:00+00:00,1.26055,1.26301,1.25787,1.25892,33442
2022-05-31 12:00:00+00:00,1.25873,1.2627,1.25613,1.26253,47874
2022-05-31 16:00:00+00:00,1.26221,1.26274,1.25983,1.26006,26234
2022-05-31 20:00:00+00:00,1.26022,1.26101,1.25978,1.2609,9520
2022-06-01 00:00:00+00:00,1.26068,1.26162,1.25901,1.25923,27083
2022-06-01 04:00:00+00:00,1.25934,1.2611,1.2574,1.25947,31627
2022-06-01 08:00:00+00:00,1.25963,1.26074,1.2561,1.25723,27318
2022-06-01 12:00:00+00:00,1.25718,1.25991,1.24591,1.24697,49939
2022-06-01 16:00:00+00:00,1.24699,1.25007,1.2467,1.24825,31591
2022-06-01 20:00:00+00:00,1.24848,1.2496,1.2477,1.24834,8534
2022-06-02 00:00:00+00:00,1.24825,1.2491,1.2472,1.24771,23625
2022-06-02 04:00:00+00:00,1.24774,1.25363,1.24683,1.25279,24691
2022-06-02 08:00:00+00:00,1.25304,1.25588,1.25279,1.25563,25902
2022-06-02 12:00:00+00:00,1.25541,1.25699,1.25251,1.2556,43044
2022-06-02 16:00:00+00:00,1.2555,1.25855,1.25545,1.25733,23675
2022-06-02 20:00:00+00:00,1.2573,1.2579,1.25663,1.25778,11542
2022-06-03 00:00:00+00:00,1.25757,1.25878,1.257,1.25715,23316
2022-06-03 04:00:00+00:00,1.2571,1.25831,1.25603,1.2574,21219
2022-06-03 08:00:00+00:00,1.25756,1.25813,1.25574,1.25595,22895
2022-06-03 12:00:00+00:00,1.25618,1.2573,1.24923,1.24923,45096
2022-06-03 16:00:00+00:00,1.24936,1.25145,1.2493,1.2496,20815
2022-06-03 20:00:00+00:00,1.2496,1.2498,1.24827,1.24887,2469
2022-06-04 04:00:00+00:00,1.2487,1.2489,1.2487,1.2489,2
2022-06-05 16:00:00+00:00,1.24881,1.24898,1.24881,1.24898,2
2022-06-05 20:00:00+00:00,1.24994,1.25016,1.24866,1.24897,5870
2022-06-06 00:00:00+00:00,1.24895,1.24998,1.2477,1.2494,25381
2022-06-06 04:00:00+00:00,1.24924,1.25465,1.24909,1.25465,29570
2022-06-06 08:00:00+00:00,1.2546,1.25733,1.2546,1.25694,30264
2022-06-06 12:00:00+00:00,1.25662,1.2569,1.2525,1.25437,38224
2022-06-06 16:00:00+00:00,1.2544,1.2547,1.25263,1.25353,26340
2022-06-06 20:00:00+00:00,1.25365,1.25365,1.25133,1.25229,11246
2022-06-07 00:00:00+00:00,1.2523,1.25235,1.24918,1.25058,33828
2022-06-07 04:00:00+00:00,1.25041,1.25211,1.24349,1.2478,39184
2022-06-07 08:00:00+00:00,1.24833,1.25265,1.24833,1.24919,37119
2022-06-07 12:00:00+00:00,1.24912,1.25952,1.2489,1.25939,16334
2022-06-07 16:00:00+00:00,1.25925,1.2599,1.25718,1.2597,23810
2022-06-07 20:00:00+00:00,1.25952,1.2597,1.25831,1.25869,8243
2022-06-08 00:00:00+00:00,1.25849,1.25878,1.25637,1.25671,31177
2022-06-08 04:00:00+00:00,1.2568,1.25809,1.25457,1.2548,35120
2022-06-08 08:00:00+00:00,1.25448,1.25582,1.2513,1.2548,37904
2022-06-08 12:00:00+00:00,1.25498,1.25606,1.25221,1.2556,41876
2022-06-08 16:00:00+00:00,1.25588,1.2563,1.25355,1.2538,25124
2022-06-08 20:00:00+00:00,1.25397,1.25429,1.25327,1.25398,21186
2022-06-09 00:00:00+00:00,1.25405,1.2548,1.25197,1.2542,28003
2022-06-09 04:00:00+00:00,1.254,1.25403,1.24969,1.24969,31999
2022-06-09 08:00:00+00:00,1.24931,1.25449,1.24931,1.25402,39423
2022-06-09 12:00:00+00:00,1.25386,1.25547,1.25123,1.25123,58949
2022-06-09 16:00:00+00:00,1.2511,1.25219,1.24898,1.24899,27937
2022-06-09 20:00:00+00:00,1.24899,1.2501,1.24847,1.24911,12753
2022-06-10 00:00:00+00:00,1.2492,1.25007,1.24791,1.2495,27941
2022-06-10 04:00:00+00:00,1.2495,1.25166,1.24698,1.24698,34415
2022-06-10 08:00:00+00:00,1.24724,1.24854,1.24223,1.24368,38596
2022-06-10 12:00:00+00:00,1.24348,1.24494,1.23134,1.2329,60675
2022-06-10 16:00:00+00:00,1.23275,1.2328,1.23009,1.231,33206
2022-06-10 20:00:00+00:00,1.23116,1.23169,1.23068,1.23169,3645
2022-06-11 04:00:00+00:00,1.2315,1.23159,1.2315,1.23159,2
2022-06-12 16:00:00+00:00,1.23003,1.23004,1.23003,1.23004,2
2022-06-12 20:00:00+00:00,1.23106,1.23256,1.2272,1.2276,11360
2022-06-13 00:00:00+00:00,1.2276,1.22886,1.22639,1.22886,37044
2022-06-13 04:00:00+00:00,1.2288,1.22988,1.2234,1.22395,40259
2022-06-13 08:00:00+00:00,1.2231,1.22377,1.21616,1.21616,46553
2022-06-13 12:00:00+00:00,1.21642,1.22066,1.21245,1.21681,56355
2022-06-13 16:00:00+00:00,1.21649,1.21982,1.21076,1.21252,46323
2022-06-13 20:00:00+00:00,1.21244,1.21432,1.21227,1.2141,18159
2022-06-14 00:00:00+00:00,1.21428,1.21776,1.21335,1.21764,41169
2022-06-14 04:00:00+00:00,1.21787,1.21998,1.2158,1.21802,42524
2022-06-14 08:00:00+00:00,1.21781,1.21834,1.2067,1.20682,51324
2022-06-14 12:00:00+00:00,1.20766,1.20946,1.19891,1.20145,64296
2022-06-14 16:00:00+00:00,1.2005,1.20265,1.19369,1.19845,47016
2022-06-14 20:00:00+00:00,1.19845,1.20107,1.1982,1.20094,13387
2022-06-15 00:00:00+00:00,1.20149,1.204,1.1998,1.2021,37206
2022-06-15 04:00:00+00:00,1.20212,1.20385,1.19904,1.20312,46734
2022-06-15 08:00:00+00:00,1.20328,1.2122,1.2032,1.21117,52027
2022-06-15 12:00:00+00:00,1.21099,1.21183,1.2046,1.20567,56866
2022-06-15 16:00:00+00:00,1.2057,1.22025,1.20281,1.21881,60524
2022-06-15 20:00:00+00:00,1.21883,1.21966,1.21537,1.21743,23052
2022-06-16 00:00:00+00:00,1.21787,1.21885,1.21416,1.21571,35154
2022-06-16 04:00:00+00:00,1.21571,1.2158,1.20597,1.20902,41002
2022-06-16 08:00:00+00:00,1.20906,1.21812,1.20419,1.21312,60913
2022-06-16 12:00:00+00:00,1.21368,1.2344,1.21365,1.2338,61777
2022-06-16 16:00:00+00:00,1.23363,1.24067,1.2318,1.2358,52178
2022-06-16 20:00:00+00:00,1.23579,1.2364,1.23367,1.23497,24342
2022-06-17 00:00:00+00:00,1.23483,1.23483,1.22855,1.22863,40699
2022-06-17 04:00:00+00:00,1.22879,1.23171,1.22521,1.2299,41688
2022-06-17 08:00:00+00:00,1.22981,1.23416,1.22631,1.22631,48737
2022-06-17 12:00:00+00:00,1.22651,1.22826,1.21734,1.22,52929
2022-06-17 16:00:00+00:00,1.21979,1.22294,1.21836,1.22127,39756
2022-06-17 20:00:00+00:00,1.22139,1.22316,1.22093,1.2219,3444
2022-06-18 04:00:00+00:00,1.2224,1.2224,1.2221,1.2221,2
2022-06-18 08:00:00+00:00,1.2221,1.2224,1.2221,1.2221,4
2022-06-19 16:00:00+00:00,1.22096,1.22099,1.22096,1.22099,2
2022-06-19 20:00:00+00:00,1.22109,1.223,1.22033,1.22273,9228
2022-06-20 00:00:00+00:00,1.22269,1.22511,1.21992,1.22483,41694
2022-06-20 04:00:00+00:00,1.22462,1.22503,1.22205,1.22257,41810
2022-06-20 08:00:00+00:00,1.22268,1.22791,1.22268,1.22614,41802
2022-06-20 12:00:00+00:00,1.2263,1.22709,1.22269,1.22496,37297
2022-06-20 16:00:00+00:00,1.22488,1.2259,1.22315,1.2259,15824
2022-06-20 20:00:00+00:00,1.22506,1.22579,1.22408,1.2247,13425
2022-06-21 00:00:00+00:00,1.22511,1.22815,1.2249,1.22782,33575
2022-06-21 04:00:00+00:00,1.2278,1.23064,1.22462,1.2295,32706
2022-06-21 08:00:00+00:00,1.22879,1.23167,1.22519,1.22686,40832
2022-06-21 12:00:00+00:00,1.22667,1.22942,1.22497,1.2276,47081
2022-06-21 16:00:00+00:00,1.22745,1.22799,1.2257,1.2266,29268
2022-06-21 20:00:00+00:00,1.22678,1.22809,1.22609,1.22634,10411
2022-06-22 00:00:00+00:00,1.2264,1.2264,1.22352,1.22436,34822
2022-06-22 04:00:00+00:00,1.22439,1.2246,1.2161,1.21964,38918
2022-06-22 08:00:00+00:00,1.21931,1.2269,1.21894,1.22366,45663
2022-06-22 12:00:00+00:00,1.2241,1.2313,1.22386,1.22775,57445
2022-06-22 16:00:00+00:00,1.2279,1.22866,1.2258,1.22639,32612
2022-06-22 20:00:00+00:00,1.22639,1.2267,1.2245,1.22506,9492
2022-06-23 00:00:00+00:00,1.22542,1.2262,1.223,1.22557,39972
2022-06-23 04:00:00+00:00,1.22566,1.22623,1.21734,1.21762,41263
2022-06-23 08:00:00+00:00,1.21816,1.22264,1.21711,1.22253,47372
2022-06-23 12:00:00+00:00,1.2226,1.2293,1.22202,1.22381,61147
2022-06-23 16:00:00+00:00,1.22325,1.22718,1.22198,1.2267,39645
2022-06-23 20:00:00+00:00,1.2263,1.2269,1.22526,1.22584,12529
2022-06-24 00:00:00+00:00,1.22613,1.22835,1.2241,1.22747,30694
2022-06-24 04:00:00+00:00,1.22733,1.22834,1.2259,1.22675,31556
2022-06-24 08:00:00+00:00,1.22657,1.23067,1.22439,1.22665,39058
2022-06-24 12:00:00+00:00,1.22647,1.23173,1.2261,1.22704,56227
2022-06-24 16:00:00+00:00,1.2272,1.22855,1.225,1.22855,26472
2022-06-24 20:00:00+00:00,1.22843,1.22847,1.22633,1.227,3645
2022-06-26 16:00:00+00:00,1.22499,1.22542,1.22499,1.22542,2
2022-06-26 20:00:00+00:00,1.22528,1.22954,1.22528,1.2282,8232
2022-06-27 00:00:00+00:00,1.22868,1.22891,1.22657,1.22748,36252
2022-06-27 04:00:00+00:00,1.22731,1.2328,1.22635,1.23215,34662
2022-06-27 08:00:00+00:00,1.23197,1.23197,1.2254,1.22603,39092
2022-06-27 12:00:00+00:00,1.2261,1.23107,1.22382,1.23033,51964
2022-06-27 16:00:00+00:00,1.23031,1.23073,1.22636,1.22641,31810
2022-06-27 20:00:00+00:00,1.22638,1.22683,1.22601,1.22657,9706
2022-06-28 00:00:00+00:00,1.22687,1.22826,1.226,1.2275,34368
2022-06-28 04:00:00+00:00,1.2275,1.22889,1.2257,1.22708,36621
2022-06-28 08:00:00+00:00,1.22688,1.22858,1.22307,1.2239,42296
2022-06-28 12:00:00+00:00,1.22393,1.2242,1.21868,1.21985,53239
2022-06-28 16:00:00+00:00,1.21989,1.22143,1.2179,1.21876,35134
2022-06-28 20:00:00+00:00,1.21892,1.21899,1.21758,1.2186,23469
2022-06-29 00:00:00+00:00,1.21872,1.22095,1.21868,1.22028,34688
2022-06-29 04:00:00+00:00,1.22037,1.22089,1.21726,1.2195,41247
2022-06-29 08:00:00+00:00,1.21975,1.22046,1.2142,1.21539,48160
2022-06-29 12:00:00+00:00,1.21574,1.21719,1.2107,1.21539,59618
2022-06-29 16:00:00+00:00,1.21449,1.21501,1.21133,1.2115,32276
2022-06-29 20:00:00+00:00,1.21168,1.213,1.21154,1.21273,16519
2022-06-30 00:00:00+00:00,1.21273,1.21405,1.21065,1.21273,33986
2022-06-30 04:00:00+00:00,1.21276,1.21633,1.21242,1.21303,37895
2022-06-30 08:00:00+00:00,1.21317,1.21625,1.20916,1.2112,43997
2022-06-30 12:00:00+00:00,1.21099,1.21852,1.2103,1.21639,59750
2022-06-30 16:00:00+00:00,1.21585,1.21861,1.21578,1.21723,37851
2022-06-30 20:00:00+00:00,1.21717,1.2182,1.21564,1.21583,15817
2022-07-01 00:00:00+00:00,1.21574,1.21597,1.21172,1.21232,37304
2022-07-01 04:00:00+00:00,1.21223,1.21373,1.20949,1.21098,40707
2022-07-01 08:00:00+00:00,1.2111,1.21198,1.20331,1.204,45711
2022-07-01 12:00:00+00:00,1.20377,1.20584,1.19774,1.20466,57773
2022-07-01 16:00:00+00:00,1.205,1.21058,1.20369,1.20962,32651
2022-07-01 20:00:00+00:00,1.2098,1.2103,1.2089,1.20933,2877
2022-07-03 16:00:00+00:00,1.20784,1.20784,1.20764,1.20764,2
2022-07-03 20:00:00+00:00,1.20779,1.21213,1.20779,1.20995,8591
2022-07-04 00:00:00+00:00,1.21048,1.21123,1.20843,1.20865,36229
2022-07-04 04:00:00+00:00,1.2087,1.21251,1.2086,1.21242,33694
2022-07-04 08:00:00+00:00,1.21173,1.21609,1.2106,1.21538,36027
2022-07-04 12:00:00+00:00,1.21527,1.21641,1.21019,1.21063,36814
2022-07-04 16:00:00+00:00,1.21068,1.21104,1.20966,1.21033,15907
2022-07-04 20:00:00+00:00,1.21056,1.21174,1.2098,1.2113,15966
2022-07-05 00:00:00+00:00,1.21128,1.21211,1.20985,1.2111,33808
2022-07-05 04:00:00+00:00,1.21098,1.21238,1.20695,1.20799,37875
2022-07-05 08:00:00+00:00,1.20797,1.20842,1.19907,1.20002,49194
2022-07-05 12:00:00+00:00,1.19986,1.19986,1.18999,1.19339,58980
2022-07-05 16:00:00+00:00,1.19291,1.19583,1.1907,1.19565,36347
2022-07-05 20:00:00+00:00,1.19579,1.1959,1.1939,1.19496,13803
2022-07-06 00:00:00+00:00,1.19446,1.19713,1.19446,1.19565,37344
2022-07-06 04:00:00+00:00,1.1956,1.19852,1.191,1.19675,40359
2022-07-06 08:00:00+00:00,1.19682,1.1982,1.1904,1.19062,44510
2022-07-06 12:00:00+00:00,1.18833,1.19391,1.1876,1.19048,57638
2022-07-06 16:00:00+00:00,1.19015,1.19408,1.18879,1.1923,46697
2022-07-06 20:00:00+00:00,1.1924,1.1929,1.19146,1.19207,14236
2022-07-07 00:00:00+00:00,1.19189,1.19518,1.1908,1.19462,39111
2022-07-07 04:00:00+00:00,1.19485,1.19632,1.1935,1.19378,36031
2022-07-07 08:00:00+00:00,1.19402,1.20219,1.19402,1.19745,51555
2022-07-07 12:00:00+00:00,1.19772,1.20092,1.19491,1.19934,53265
2022-07-07 16:00:00+00:00,1.19929,1.2029,1.1991,1.20255,31184
2022-07-07 20:00:00+00:00,1.20216,1.20326,1.2018,1.20277,11707
2022-07-08 00:00:00+00:00,1.20301,1.20536,1.2019,1.20218,37827
2022-07-08 04:00:00+00:00,1.20223,1.2024,1.19284,1.19432,40162
2022-07-08 08:00:00+00:00,1.19387,1.20038,1.19212,1.19977,46402
2022-07-08 12:00:00+00:00,1.19989,1.20466,1.19519,1.20359,60462
2022-07-08 16:00:00+00:00,1.20339,1.20363,1.201,1.2031,27898
2022-07-08 20:00:00+00:00,1.20308,1.2035,1.19994,1.20295,3458
2022-07-09 08:00:00+00:00,1.2028,1.2032,1.2028,1.2032,2
2022-07-10 16:00:00+00:00,1.19699,1.19749,1.19699,1.19749,2
2022-07-10 20:00:00+00:00,1.20069,1.20353,1.19925,1.2016,7077
2022-07-11 00:00:00+00:00,1.20139,1.20179,1.19768,1.19862,37725
2022-07-11 04:00:00+00:00,1.1984,1.19922,1.19539,1.19588,35868
2022-07-11 08:00:00+00:00,1.19614,1.19807,1.19302,1.19345,40036
2022-07-11 12:00:00+00:00,1.19362,1.19439,1.18677,1.19044,55967
2022-07-11 16:00:00+00:00,1.19052,1.19092,1.1882,1.18945,33079
2022-07-11 20:00:00+00:00,1.1892,1.1901,1.18878,1.18979,15526
2022-07-12 00:00:00+00:00,1.19007,1.19083,1.18617,1.18762,44717
2022-07-12 04:00:00+00:00,1.18749,1.1876,1.18276,1.18394,46076
2022-07-12 08:00:00+00:00,1.18385,1.18771,1.1807,1.18332,50275
2022-07-12 12:00:00+00:00,1.18421,1.19086,1.18344,1.19057,58229
2022-07-12 16:00:00+00:00,1.1904,1.19129,1.18818,1.18888,29774
2022-07-12 20:00:00+00:00,1.18936,1.1894,1.18737,1.1877,14209
2022-07-13 00:00:00+00:00,1.18819,1.1918,1.187,1.1905,41065
2022-07-13 04:00:00+00:00,1.1909,1.19284,1.1889,1.19044,44174
2022-07-13 08:00:00+00:00,1.19128,1.19345,1.18772,1.19345,44508
2022-07-13 12:00:00+00:00,1.19345,1.19642,1.18342,1.19154,72202
2022-07-13 16:00:00+00:00,1.19159,1.19381,1.18871,1.1893,39332
2022-07-13 20:00:00+00:00,1.18934,1.1894,1.18542,1.1861,17113
2022-07-14 00:00:00+00:00,1.18607,1.18832,1.18469,1.18699,43245
2022-07-14 04:00:00+00:00,1.187,1.18727,1.183,1.18639,41392
2022-07-14 08:00:00+00:00,1.18607,1.18749,1.18141,1.18246,53998
2022-07-14 12:00:00+00:00,1.18212,1.18463,1.17633,1.18259,68821
2022-07-14 16:00:00+00:00,1.18232,1.18369,1.17755,1.18228,50292
2022-07-14 20:00:00+00:00,1.1822,1.18391,1.18169,1.18391,15675
2022-07-15 00:00:00+00:00,1.18371,1.185,1.1819,1.18293,40351
2022-07-15 04:00:00+00:00,1.18294,1.18442,1.18065,1.18311,42585
2022-07-15 08:00:00+00:00,1.18313,1.18503,1.18194,1.18347,44846
2022-07-15 12:00:00+00:00,1.18392,1.18733,1.18103,1.18593,63879
2022-07-15 16:00:00+00:00,1.18548,1.18666,1.18428,1.18666,27719
2022-07-15 20:00:00+00:00,1.18687,1.187,1.18596,1.18681,3058
2022-07-16 16:00:00+00:00,1.18671,1.18671,1.18671,1.18671,2
2022-07-17 16:00:00+00:00,1.1844,1.18452,1.1844,1.18452,2
2022-07-17 20:00:00+00:00,1.18663,1.18892,1.18629,1.1888,9789
2022-07-18 00:00:00+00:00,1.18865,1.19052,1.18734,1.18967,34320
2022-07-18 04:00:00+00:00,1.18954,1.19487,1.188,1.1946,35740
2022-07-18 08:00:00+00:00,1.19505,1.19905,1.19344,1.19688,43231
2022-07-18 12:00:00+00:00,1.19692,1.20312,1.1952,1.19884,49801
2022-07-18 16:00:00+00:00,1.19864,1.19987,1.19458,1.19544,30844
2022-07-18 20:00:00+00:00,1.19549,1.196,1.19413,1.1948,14438
2022-07-19 00:00:00+00:00,1.19481,1.19481,1.19265,1.19414,29080
2022-07-19 04:00:00+00:00,1.19437,1.2006,1.19374,1.2006,39454
2022-07-19 08:00:00+00:00,1.20124,1.20351,1.20008,1.202,48133
2022-07-19 12:00:00+00:00,1.20193,1.20412,1.20013,1.20209,52184
2022-07-19 16:00:00+00:00,1.20208,1.20246,1.19864,1.19977,25753
2022-07-19 20:00:00+00:00,1.19998,1.2008,1.19927,1.20009,15277
2022-07-20 00:00:00+00:00,1.20014,1.20309,1.20007,1.20241,31783
2022-07-20 04:00:00+00:00,1.20232,1.20361,1.19891,1.19904,40965
2022-07-20 08:00:00+00:00,1.19893,1.203,1.19672,1.19733,48912
2022-07-20 12:00:00+00:00,1.19698,1.20055,1.19599,1.19873,56210
2022-07-20 16:00:00+00:00,1.19863,1.19883,1.19537,1.1975,36085
2022-07-20 20:00:00+00:00,1.19735,1.1982,1.1965,1.19664,12762
2022-07-21 00:00:00+00:00,1.19661,1.19907,1.19624,1.19787,33143
2022-07-21 04:00:00+00:00,1.19795,1.2003,1.1938,1.19413,41072
2022-07-21 08:00:00+00:00,1.19366,1.19694,1.1921,1.19215,49674
2022-07-21 12:00:00+00:00,1.19226,1.19911,1.18942,1.19685,73345
2022-07-21 16:00:00+00:00,1.19613,1.19805,1.1948,1.19805,34453
2022-07-21 20:00:00+00:00,1.1979,1.20022,1.1974,1.19939,18694
2022-07-22 00:00:00+00:00,1.19916,1.19939,1.1958,1.19639,39051
2022-07-22 04:00:00+00:00,1.1962,1.1987,1.19206,1.19273,40113
2022-07-22 08:00:00+00:00,1.19306,1.19744,1.1923,1.19529,54184
2022-07-22 12:00:00+00:00,1.19498,1.20594,1.19405,1.20192,64048
2022-07-22 16:00:00+00:00,1.201,1.20224,1.197,1.19968,41535
2022-07-22 20:00:00+00:00,1.19947,1.20061,1.1991,1.20061,4347
2022-07-23 08:00:00+00:00,1.2003,1.2003,1.2003,1.2003,1
2022-07-24 16:00:00+00:00,1.19799,1.19909,1.19799,1.19909,2
2022-07-24 20:00:00+00:00,1.20229,1.20283,1.1983,1.1983,8811
2022-07-25 00:00:00+00:00,1.1987,1.19938,1.19598,1.19858,37613
2022-07-25 04:00:00+00:00,1.19861,1.19968,1.1963,1.1993,38473
2022-07-25 08:00:00+00:00,1.19892,1.20805,1.19892,1.2057,49133
2022-07-25 12:00:00+00:00,1.20579,1.20848,1.20254,1.20401,53274
2022-07-25 16:00:00+00:00,1.20394,1.20589,1.2035,1.20528,27699
2022-07-25 20:00:00+00:00,1.20508,1.20542,1.2038,1.20522,16552
2022-07-26 00:00:00+00:00,1.2055,1.20888,1.20536,1.2066,30388
2022-07-26 04:00:00+00:00,1.20666,1.20706,1.20376,1.20449,35825
2022-07-26 08:00:00+00:00,1.20429,1.20466,1.19727,1.19811,47754
2022-07-26 12:00:00+00:00,1.19813,1.20506,1.19645,1.2033,53795
2022-07-26 16:00:00+00:00,1.20331,1.20413,1.2016,1.20206,29156
2022-07-26 20:00:00+00:00,1.20249,1.20406,1.20079,1.2034,17527
2022-07-27 00:00:00+00:00,1.20369,1.20532,1.20364,1.20484,35010
2022-07-27 04:00:00+00:00,1.20487,1.20682,1.2038,1.20507,37876
2022-07-27 08:00:00+00:00,1.20482,1.20859,1.20482,1.20645,43056
2022-07-27 12:00:00+00:00,1.20671,1.20684,1.20214,1.20247,49824
2022-07-27 16:00:00+00:00,1.20261,1.21838,1.2026,1.21658,51202
2022-07-27 20:00:00+00:00,1.21636,1.2167,1.2147,1.21615,26493
2022-07-28 00:00:00+00:00,1.21649,1.21811,1.21415,1.21634,39384
2022-07-28 04:00:00+00:00,1.21648,1.2183,1.21534,1.2183,39498
2022-07-28 08:00:00+00:00,1.218,1.21891,1.21057,1.21209,49351
2022-07-28 12:00:00+00:00,1.21217,1.21634,1.21033,1.21269,65056
2022-07-28 16:00:00+00:00,1.21252,1.2166,1.21116,1.2166,29544
2022-07-28 20:00:00+00:00,1.21661,1.21823,1.21619,1.21712,23302
2022-07-29 00:00:00+00:00,1.21739,1.21951,1.21622,1.21886,41363
2022-07-29 04:00:00+00:00,1.21907,1.22432,1.21842,1.22143,46854
2022-07-29 08:00:00+00:00,1.22091,1.22091,1.21368,1.21537,49342
2022-07-29 12:00:00+00:00,1.21511,1.21844,1.20674,1.21817,64631
2022-07-29 16:00:00+00:00,1.21806,1.21833,1.2151,1.21775,28472
2022-07-29 20:00:00+00:00,1.2176,1.21882,1.2166,1.2173,3006
2022-07-31 16:00:00+00:00,1.21439,1.21439,1.21419,1.21419,2
2022-07-31 20:00:00+00:00,1.21629,1.21766,1.21559,1.21675,8025
2022-08-01 00:00:00+00:00,1.21674,1.2198,1.2162,1.21823,32994
2022-08-01 04:00:00+00:00,1.21801,1.22027,1.21747,1.21962,30161
2022-08-01 08:00:00+00:00,1.22034,1.22607,1.21957,1.22255,42366
2022-08-01 12:00:00+00:00,1.22204,1.22905,1.2219,1.22762,56728
2022-08-01 16:00:00+00:00,1.22794,1.22833,1.22416,1.22555,33596
2022-08-01 20:00:00+00:00,1.2251,1.22597,1.2249,1.22564,17299
2022-08-02 00:00:00+00:00,1.22577,1.22779,1.22467,1.22575,40104
2022-08-02 04:00:00+00:00,1.22554,1.22617,1.21908,1.22015,47802
2022-08-02 08:00:00+00:00,1.22043,1.2227,1.21861,1.22172,47998
2022-08-02 12:00:00+00:00,1.22156,1.22388,1.21834,1.22194,63114
2022-08-02 16:00:00+00:00,1.2215,1.22241,1.2166,1.2167,39320
2022-08-02 20:00:00+00:00,1.21683,1.2173,1.214,1.21431,28344
2022-08-03 00:00:00+00:00,1.21427,1.21863,1.21354,1.21863,35039
2022-08-03 04:00:00+00:00,1.21886,1.22011,1.21588,1.21906,36756
2022-08-03 08:00:00+00:00,1.21976,1.22061,1.21671,1.21901,44665
2022-08-03 12:00:00+00:00,1.21944,1.21944,1.21013,1.21305,57242
2022-08-03 16:00:00+00:00,1.2128,1.21541,1.2122,1.21455,35064
2022-08-03 20:00:00+00:00,1.21496,1.21496,1.21359,1.2137,14421
2022-08-04 00:00:00+00:00,1.21415,1.21664,1.21361,1.21501,25900
2022-08-04 04:00:00+00:00,1.21519,1.21753,1.21301,1.2165,29373
2022-08-04 08:00:00+00:00,1.2165,1.21941,1.20683,1.20856,47909
2022-08-04 12:00:00+00:00,1.20823,1.21431,1.20725,1.21392,60158
2022-08-04 16:00:00+00:00,1.21389,1.21745,1.21389,1.21687,31352
2022-08-04 20:00:00+00:00,1.21691,1.21695,1.21468,1.21578,18657
2022-08-05 00:00:00+00:00,1.21561,1.21563,1.21305,1.21432,27873
2022-08-05 04:00:00+00:00,1.21424,1.21671,1.2135,1.21551,30288
2022-08-05 08:00:00+00:00,1.21457,1.21529,1.21256,1.21395,33863
2022-08-05 12:00:00+00:00,1.21397,1.21474,1.20049,1.20602,65131
2022-08-05 16:00:00+00:00,1.2058,1.20931,1.20548,1.20687,38233
2022-08-05 20:00:00+00:00,1.20693,1.2076,1.2063,1.2063,4155
2022-08-06 08:00:00+00:00,1.2071,1.2071,1.2067,1.2071,9
2022-08-06 12:00:00+00:00,1.2067,1.2067,1.2067,1.2067,1
2022-08-07 16:00:00+00:00,1.20529,1.20661,1.20529,1.20661,2
2022-08-07 20:00:00+00:00,1.20813,1.20813,1.20568,1.20606,7786
2022-08-08 00:00:00+00:00,1.2062,1.20783,1.2046,1.2078,27220
2022-08-08 04:00:00+00:00,1.20762,1.21203,1.20687,1.2117,29382
2022-08-08 08:00:00+00:00,1.21096,1.21165,1.20717,1.21165,37424
2022-08-08 12:00:00+00:00,1.21177,1.2136,1.20922,1.20957,43706
2022-08-08 16:00:00+00:00,1.20961,1.20986,1.2068,1.20794,32439
2022-08-08 20:00:00+00:00,1.20797,1.2093,1.2073,1.20846,16841
2022-08-09 00:00:00+00:00,1.20861,1.20877,1.20682,1.20829,20735
2022-08-09 04:00:00+00:00,1.20836,1.209,1.2065,1.20877,25214
2022-08-09 08:00:00+00:00,1.20874,1.21285,1.2087,1.20976,37369
2022-08-09 12:00:00+00:00,1.21021,1.21273,1.20792,1.20872,47303
2022-08-09 16:00:00+00:00,1.20872,1.20941,1.20629,1.20724,25773
2022-08-09 20:00:00+00:00,1.20723,1.2085,1.20541,1.20709,7994
2022-08-10 00:00:00+00:00,1.20713,1.20831,1.20639,1.20818,16387
2022-08-10 04:00:00+00:00,1.2081,1.20905,1.20677,1.2087,21178
2022-08-10 08:00:00+00:00,1.2085,1.21242,1.20815,1.21242,26159
2022-08-10 12:00:00+00:00,1.2121,1.22754,1.21048,1.224,46457
2022-08-10 16:00:00+00:00,1.22471,1.22604,1.22141,1.22178,27005
2022-08-10 20:00:00+00:00,1.22189,1.2226,1.22025,1.221,10156
2022-08-11 00:00:00+00:00,1.2213,1.2216,1.21813,1.21913,21876
2022-08-11 04:00:00+00:00,1.21927,1.22299,1.2183,1.22252,26817
2022-08-11 08:00:00+00:00,1.22232,1.22444,1.2194,1.22095,31917
2022-08-11 12:00:00+00:00,1.22097,1.2249,1.21987,1.22279,47446
2022-08-11 16:00:00+00:00,1.22293,1.22293,1.2185,1.21902,25481
2022-08-11 20:00:00+00:00,1.219,1.22025,1.21876,1.2193,7996
2022-08-12 00:00:00+00:00,1.21992,1.21992,1.2177,1.21893,15790
2022-08-12 04:00:00+00:00,1.21884,1.22072,1.21688,1.21809,25461
2022-08-12 08:00:00+00:00,1.21776,1.21833,1.2116,1.21295,31269
2022-08-12 12:00:00+00:00,1.21297,1.21465,1.21008,1.213,42475
2022-08-12 16:00:00+00:00,1.21308,1.21459,1.2126,1.21366,19603
2022-08-12 20:00:00+00:00,1.21348,1.21412,1.2132,1.21412,3156
2022-08-14 16:00:00+00:00,1.21042,1.21042,1.21042,1.21042,1
2022-08-14 20:00:00+00:00,1.21152,1.21381,1.21152,1.2126,5116
2022-08-15 00:00:00+00:00,1.21298,1.21473,1.2107,1.2121,26304
2022-08-15 04:00:00+00:00,1.2121,1.21254,1.209,1.2103,26134
2022-08-15 08:00:00+00:00,1.21043,1.21072,1.20503,1.2083,33184
2022-08-15 12:00:00+00:00,1.208,1.21115,1.2072,1.20873,39528
2022-08-15 16:00:00+00:00,1.20863,1.20865,1.2052,1.20546,20072
2022-08-15 20:00:00+00:00,1.20539,1.2059,1.2049,1.2056,9675
2022-08-16 00:00:00+00:00,1.2053,1.20597,1.20342,1.2049,20464
2022-08-16 04:00:00+00:00,1.20481,1.20571,1.2009,1.20554,26257
2022-08-16 08:00:00+00:00,1.2052,1.2053,1.2014,1.20213,33457
2022-08-16 12:00:00+00:00,1.20212,1.21162,1.2017,1.20889,39799
2022-08-16 16:00:00+00:00,1.2086,1.21031,1.20748,1.20942,20648
2022-08-16 20:00:00+00:00,1.20941,1.2101,1.2079,1.2093,13086
2022-08-17 00:00:00+00:00,1.20958,1.21151,1.20938,1.21058,19800
2022-08-17 04:00:00+00:00,1.2106,1.21296,1.20837,1.20977,27122
2022-08-17 08:00:00+00:00,1.20944,1.2119,1.20623,1.20794,32509
2022-08-17 12:00:00+00:00,1.208,1.20951,1.20283,1.20283,38863
2022-08-17 16:00:00+00:00,1.2029,1.20868,1.2029,1.20506,31525
2022-08-17 20:00:00+00:00,1.20507,1.2065,1.204,1.2044,8260
2022-08-18 00:00:00+00:00,1.20445,1.20594,1.20298,1.20337,19683
2022-08-18 04:00:00+00:00,1.2035,1.20498,1.19958,1.20256,25419
2022-08-18 08:00:00+00:00,1.20278,1.20777,1.20278,1.20628,30766
2022-08-18 12:00:00+00:00,1.20627,1.207,1.19683,1.19689,38262
2022-08-18 16:00:00+00:00,1.19683,1.19749,1.19229,1.19363,23435
2022-08-18 20:00:00+00:00,1.19359,1.195,1.1927,1.1936,13603
2022-08-19 00:00:00+00:00,1.19314,1.19314,1.19041,1.1916,22811
2022-08-19 04:00:00+00:00,1.1914,1.19244,1.18929,1.19118,26650
2022-08-19 08:00:00+00:00,1.19081,1.19081,1.18165,1.18333,34733
2022-08-19 12:00:00+00:00,1.18365,1.1855,1.17931,1.18072,40225
2022-08-19 16:00:00+00:00,1.18087,1.1834,1.18087,1.183,23315
2022-08-19 20:00:00+00:00,1.18313,1.1832,1.18238,1.18281,2514
2022-08-20 04:00:00+00:00,1.1828,1.1828,1.1828,1.1828,1
2022-08-21 20:00:00+00:00,1.1828,1.1828,1.1828,1.1828,1
2022-08-22 04:00:00+00:00,1.18226,1.18259,1.17882,1.17943,18230
2022-08-22 08:00:00+00:00,1.17942,1.18188,1.17824,1.18051,35174
2022-08-22 12:00:00+00:00,1.18063,1.18222,1.1744,1.175,34593
2022-08-22 16:00:00+00:00,1.17502,1.17835,1.175,1.17642,20724
2022-08-22 20:00:00+00:00,1.1766,1.1769,1.1759,1.1764,8217
2022-08-23 00:00:00+00:00,1.17636,1.17832,1.17571,1.17712,24620
2022-08-23 04:00:00+00:00,1.17717,1.1778,1.17174,1.17646,28973
2022-08-23 08:00:00+00:00,1.17631,1.17795,1.1745,1.17676,30678
2022-08-23 12:00:00+00:00,1.17698,1.18731,1.17496,1.18438,45715
2022-08-23 16:00:00+00:00,1.18444,1.18523,1.18167,1.18285,23580
2022-08-23 20:00:00+00:00,1.1828,1.184,1.17675,1.18285,10684
2022-08-24 00:00:00+00:00,1.1826,1.18539,1.1798,1.18069,21056
2022-08-24 04:00:00+00:00,1.18061,1.18317,1.17999,1.18274,24177
2022-08-24 08:00:00+00:00,1.1825,1.18316,1.1767,1.17765,31516
2022-08-24 12:00:00+00:00,1.17789,1.18235,1.1757,1.18005,44591
2022-08-24 16:00:00+00:00,1.17969,1.18053,1.17795,1.17992,22952
2022-08-24 20:00:00+00:00,1.17983,1.1814,1.17871,1.17899,8865
2022-08-25 00:00:00+00:00,1.17869,1.18236,1.17828,1.18159,20388
2022-08-25 04:00:00+00:00,1.18142,1.18612,1.18142,1.18416,34117
2022-08-25 08:00:00+00:00,1.18481,1.18555,1.18223,1.18344,37896
2022-08-25 12:00:00+00:00,1.18365,1.18465,1.17942,1.18012,49186
2022-08-25 16:00:00+00:00,1.17998,1.18383,1.17951,1.18355,27712
2022-08-25 20:00:00+00:00,1.18343,1.18381,1.1821,1.18212,12112
2022-08-26 00:00:00+00:00,1.18242,1.1829,1.18053,1.1824,21434
2022-08-26 04:00:00+00:00,1.18253,1.18254,1.18004,1.18022,9693
2022-08-26 08:00:00+00:00,1.1779,1.18423,1.1779,1.1816,32297
2022-08-26 12:00:00+00:00,1.1823,1.18969,1.17545,1.17754,65693
2022-08-26 16:00:00+00:00,1.17784,1.17845,1.17343,1.17356,32154
2022-08-26 20:00:00+00:00,1.17387,1.17409,1.1729,1.1729,2415
2022-08-27 04:00:00+00:00,1.1748,1.1748,1.173,1.173,2
2022-08-28 16:00:00+00:00,1.17319,1.17431,1.17319,1.17431,7
2022-08-28 20:00:00+00:00,1.17359,1.17359,1.1684,1.16879,8326
2022-08-29 00:00:00+00:00,1.16908,1.16992,1.16553,1.16661,32112
2022-08-29 04:00:00+00:00,1.16689,1.16812,1.16475,1.16726,32174
2022-08-29 08:00:00+00:00,1.16753,1.17045,1.1656,1.16992,38762
2022-08-29 12:00:00+00:00,1.16992,1.17426,1.16865,1.17135,49716
2022-08-29 16:00:00+00:00,1.17133,1.17277,1.16997,1.17041,30683
2022-08-29 20:00:00+00:00,1.17039,1.1722,1.16993,1.17211,16888
2022-08-30 00:00:00+00:00,1.17209,1.17246,1.16871,1.1701,27922
2022-08-30 04:00:00+00:00,1.17006,1.17376,1.16976,1.17355,36020
2022-08-30 08:00:00+00:00,1.17342,1.17581,1.17058,1.1715,43920
2022-08-30 12:00:00+00:00,1.17192,1.17194,1.1624,1.16504,58321
2022-08-30 16:00:00+00:00,1.1652,1.16681,1.1647,1.16542,35927
2022-08-30 20:00:00+00:00,1.16568,1.16599,1.1648,1.16567,18823
2022-08-31 00:00:00+00:00,1.16574,1.16757,1.1653,1.16757,25324
2022-08-31 04:00:00+00:00,1.16785,1.16927,1.16407,1.16407,33161
2022-08-31 08:00:00+00:00,1.16414,1.16548,1.1613,1.16227,45679
2022-08-31 12:00:00+00:00,1.16263,1.16525,1.16014,1.16422,58147
2022-08-31 16:00:00+00:00,1.16397,1.1643,1.1607,1.16144,37243
2022-08-31 20:00:00+00:00,1.16162,1.1624,1.15934,1.15966,26747
2022-09-01 00:00:00+00:00,1.1595,1.1595,1.15682,1.1577,29806
2022-09-01 04:00:00+00:00,1.15784,1.16159,1.15683,1.16042,34916
2022-09-01 08:00:00+00:00,1.16038,1.16108,1.15523,1.15665,45011
2022-09-01 12:00:00+00:00,1.15656,1.15768,1.15017,1.15379,56711
2022-09-01 16:00:00+00:00,1.15458,1.15539,1.1532,1.15407,35069
2022-09-01 20:00:00+00:00,1.15413,1.1547,1.15362,1.15461,14875
2022-09-02 00:00:00+00:00,1.15494,1.15582,1.154,1.15479,24884
2022-09-02 04:00:00+00:00,1.15484,1.15669,1.15332,1.15574,33864
2022-09-02 08:00:00+00:00,1.15569,1.1581,1.1547,1.15601,36162
2022-09-02 12:00:00+00:00,1.1559,1.15879,1.15282,1.15802,59483
2022-09-02 16:00:00+00:00,1.15815,1.15815,1.1496,1.15083,42063
2022-09-02 20:00:00+00:00,1.1511,1.1517,1.1505,1.15055,4362
2022-09-04 16:00:00+00:00,1.14959,1.15085,1.14717,1.1472,12
2022-09-04 20:00:00+00:00,1.14714,1.1574,1.14662,1.14722,7812
2022-09-05 00:00:00+00:00,1.14751,1.1571,1.14599,1.14709,34304
2022-09-05 04:00:00+00:00,1.14703,1.14848,1.1442,1.14782,39561
2022-09-05 08:00:00+00:00,1.14738,1.15183,1.14722,1.15066,39257
2022-09-05 12:00:00+00:00,1.1507,1.15191,1.14815,1.15171,37036
2022-09-05 16:00:00+00:00,1.15181,1.15206,1.1512,1.15164,12713
2022-09-05 20:00:00+00:00,1.15146,1.1565,1.15129,1.15628,18428
2022-09-06 00:00:00+00:00,1.15648,1.15986,1.156,1.15647,36561
2022-09-06 04:00:00+00:00,1.15636,1.1605,1.15602,1.1584,45008
2022-09-06 08:00:00+00:00,1.15832,1.16071,1.15499,1.15736,50403
2022-09-06 12:00:00+00:00,1.15737,1.15805,1.1499,1.1548,61535
2022-09-06 16:00:00+00:00,1.15419,1.15457,1.1512,1.15159,40359
2022-09-06 20:00:00+00:00,1.15157,1.1521,1.1501,1.15101,12005
2022-09-07 00:00:00+00:00,1.1513,1.15146,1.1451,1.14648,36626
2022-09-07 04:00:00+00:00,1.14615,1.15167,1.1454,1.15141,38941
2022-09-07 08:00:00+00:00,1.15143,1.15192,1.14175,1.1424,47313
2022-09-07 12:00:00+00:00,1.14237,1.14814,1.14076,1.1469,56115
2022-09-07 16:00:00+00:00,1.14707,1.15314,1.147,1.15304,35168
2022-09-07 20:00:00+00:00,1.15283,1.15402,1.15162,1.15208,14036
2022-09-08 00:00:00+00:00,1.15191,1.15247,1.1492,1.14982,34368
2022-09-08 04:00:00+00:00,1.15002,1.15197,1.14804,1.14866,39950
2022-09-08 08:00:00+00:00,1.14886,1.15589,1.14769,1.15546,45885
2022-09-08 12:00:00+00:00,1.1557,1.15574,1.14648,1.14821,69849
2022-09-08 16:00:00+00:00,1.14856,1.15163,1.14634,1.15011,43625
2022-09-08 20:00:00+00:00,1.15033,1.1521,1.14958,1.15187,15721
2022-09-09 00:00:00+00:00,1.1519,1.15833,1.1515,1.15833,34640
2022-09-09 04:00:00+00:00,1.15785,1.16342,1.15778,1.16313,42853
2022-09-09 08:00:00+00:00,1.16279,1.16453,1.15557,1.1559,46677
2022-09-09 12:00:00+00:00,1.15586,1.15993,1.1552,1.15989,54484
2022-09-09 16:00:00+00:00,1.1596,1.16015,1.158,1.15907,28604
2022-09-09 20:00:00+00:00,1.15887,1.16,1.1583,1.16,3662
2022-09-10 04:00:00+00:00,1.1588,1.1599,1.1588,1.1599,2
2022-09-10 12:00:00+00:00,1.16,1.16,1.16,1.16,1
2022-09-11 16:00:00+00:00,1.15644,1.16477,1.15644,1.16456,3
2022-09-11 20:00:00+00:00,1.16392,1.16548,1.1602,1.16195,8882
2022-09-12 00:00:00+00:00,1.16202,1.1627,1.1604,1.16104,28377
2022-09-12 04:00:00+00:00,1.16097,1.16926,1.16007,1.16847,41654
2022-09-12 08:00:00+00:00,1.16797,1.16991,1.16638,1.16901,47079
2022-09-12 12:00:00+00:00,1.16886,1.17091,1.16647,1.16966,50194
2022-09-12 16:00:00+00:00,1.16984,1.17084,1.1675,1.16761,31823
2022-09-12 20:00:00+00:00,1.16765,1.16887,1.1676,1.16886,14241
2022-09-13 00:00:00+00:00,1.16876,1.17048,1.16795,1.1687,29385
2022-09-13 04:00:00+00:00,1.1688,1.17293,1.1678,1.17258,35092
2022-09-13 08:00:00+00:00,1.17279,1.1736,1.17008,1.17322,40364
2022-09-13 12:00:00+00:00,1.17359,1.17359,1.15205,1.15244,67476
2022-09-13 16:00:00+00:00,1.15208,1.15391,1.14971,1.14993,38672
2022-09-13 20:00:00+00:00,1.15006,1.15054,1.14801,1.15018,17906
2022-09-14 00:00:00+00:00,1.1501,1.15102,1.1486,1.15062,34138
2022-09-14 04:00:00+00:00,1.1505,1.15313,1.1481,1.15252,45635
2022-09-14 08:00:00+00:00,1.15204,1.15717,1.15204,1.1545,53737
2022-09-14 12:00:00+00:00,1.15492,1.15865,1.15386,1.15629,62370
2022-09-14 16:00:00+00:00,1.15624,1.15753,1.15266,1.15401,38282
2022-09-14 20:00:00+00:00,1.15388,1.1551,1.1536,1.15424,10283
2022-09-15 00:00:00+00:00,1.1539,1.1546,1.1522,1.15303,18832
2022-09-15 04:00:00+00:00,1.15307,1.1536,1.15068,1.15333,24545
2022-09-15 08:00:00+00:00,1.15331,1.15343,1.14905,1.14952,39517
2022-09-15 12:00:00+00:00,1.1494,1.15164,1.14704,1.14705,56870
2022-09-15 16:00:00+00:00,1.147,1.14976,1.1461,1.14691,36600
2022-09-15 20:00:00+00:00,1.14696,1.14725,1.14492,1.1451,14904
2022-09-16 00:00:00+00:00,1.14519,1.148,1.14519,1.14626,30254
2022-09-16 04:00:00+00:00,1.14624,1.14697,1.13509,1.13727,38870
2022-09-16 08:00:00+00:00,1.13713,1.14115,1.13556,1.13983,46361
2022-09-16 12:00:00+00:00,1.13994,1.14447,1.13766,1.14166,58354
2022-09-16 16:00:00+00:00,1.14137,1.14253,1.1386,1.1424,35709
2022-09-16 20:00:00+00:00,1.14252,1.14258,1.14156,1.1422,4238
2022-09-17 04:00:00+00:00,1.1535,1.1535,1.1422,1.1422,2
2022-09-18 16:00:00+00:00,1.13599,1.1409,1.13599,1.1409,2
2022-09-18 20:00:00+00:00,1.14059,1.1438,1.14031,1.14337,8342
2022-09-19 00:00:00+00:00,1.14363,1.144,1.13939,1.14001,28234
2022-09-19 04:00:00+00:00,1.14019,1.14049,1.13771,1.13791,29673
2022-09-19 08:00:00+00:00,1.13779,1.13914,1.1356,1.13719,36571
2022-09-19 12:00:00+00:00,1.13736,1.14196,1.13637,1.14013,41710
2022-09-19 16:00:00+00:00,1.14033,1.14374,1.14021,1.14361,24843
2022-09-19 20:00:00+00:00,1.1438,1.14442,1.14277,1.14442,15910
2022-09-20 00:00:00+00:00,1.14471,1.14583,1.14081,1.14325,31485
2022-09-20 04:00:00+00:00,1.1432,1.14596,1.1412,1.14586,38174
2022-09-20 08:00:00+00:00,1.14551,1.14579,1.14093,1.14289,44505
2022-09-20 12:00:00+00:00,1.14319,1.14319,1.13821,1.14027,54184
2022-09-20 16:00:00+00:00,1.14046,1.14046,1.1356,1.13851,36768
2022-09-20 20:00:00+00:00,1.13857,1.1387,1.1366,1.13801,17155
2022-09-21 00:00:00+00:00,1.1382,1.13831,1.1364,1.13762,33393
2022-09-21 04:00:00+00:00,1.13761,1.13811,1.13069,1.13359,46050
2022-09-21 08:00:00+00:00,1.13322,1.13496,1.13267,1.13361,41755
2022-09-21 12:00:00+00:00,1.134,1.13483,1.13228,1.13297,48903
2022-09-21 16:00:00+00:00,1.13264,1.13535,1.12477,1.12829,56643
2022-09-21 20:00:00+00:00,1.12798,1.12913,1.1244,1.12558,21305
2022-09-22 00:00:00+00:00,1.12556,1.12576,1.1221,1.12307,47439
2022-09-22 04:00:00+00:00,1.12317,1.12795,1.1215,1.12724,45583
2022-09-22 08:00:00+00:00,1.127,1.13591,1.127,1.13138,62486
2022-09-22 12:00:00+00:00,1.13153,1.13462,1.12467,1.12681,61480
2022-09-22 16:00:00+00:00,1.12678,1.12748,1.12501,1.12571,40150
2022-09-22 20:00:00+00:00,1.12566,1.12633,1.12491,1.12622,19403
2022-09-23 00:00:00+00:00,1.12642,1.12728,1.12262,1.12311,31343
2022-09-23 04:00:00+00:00,1.12314,1.12426,1.1171,1.11839,40529
2022-09-23 08:00:00+00:00,1.11816,1.1202,1.10245,1.10553,65796
2022-09-23 12:00:00+00:00,1.1053,1.10959,1.08976,1.09199,65672
2022-09-23 16:00:00+00:00,1.09194,1.09239,1.08437,1.08662,51858
2022-09-23 20:00:00+00:00,1.08679,1.08723,1.0844,1.0848,6010
2022-09-24 04:00:00+00:00,1.0857,1.0857,1.0847,1.0847,4
2022-09-25 16:00:00+00:00,1.07919,1.07919,1.07649,1.07649,2
2022-09-25 20:00:00+00:00,1.07817,1.08447,1.07788,1.07923,11194
2022-09-26 00:00:00+00:00,1.07978,1.08078,1.0379,1.04975,64041
2022-09-26 04:00:00+00:00,1.04965,1.07492,1.04792,1.06746,68857
2022-09-26 08:00:00+00:00,1.06821,1.08324,1.06772,1.07776,69446
2022-09-26 12:00:00+00:00,1.07846,1.09109,1.06457,1.0699,81790
2022-09-26 16:00:00+00:00,1.06952,1.07181,1.06425,1.06966,65980
2022-09-26 20:00:00+00:00,1.07018,1.07745,1.0653,1.07656,22481
2022-09-27 00:00:00+00:00,1.07671,1.0787,1.07392,1.07743,49539
2022-09-27 04:00:00+00:00,1.0776,1.0833,1.07631,1.08042,54388
2022-09-27 08:00:00+00:00,1.07986,1.08299,1.07814,1.07887,62459
2022-09-27 12:00:00+00:00,1.07959,1.08119,1.07398,1.07507,77455
2022-09-27 16:00:00+00:00,1.07426,1.07471,1.06587,1.07183,56213
2022-09-27 20:00:00+00:00,1.07191,1.0738,1.07061,1.07255,20774
2022-09-28 00:00:00+00:00,1.07278,1.07365,1.06317,1.0656,60534
2022-09-28 04:00:00+00:00,1.06567,1.07112,1.06306,1.07006,62627
2022-09-28 08:00:00+00:00,1.07066,1.08278,1.05409,1.05791,74122
2022-09-28 12:00:00+00:00,1.05938,1.08357,1.05741,1.08288,80606
2022-09-28 16:00:00+00:00,1.08407,1.09102,1.07987,1.08822,57058
2022-09-28 20:00:00+00:00,1.08793,1.089,1.08278,1.08294,33639
2022-09-29 00:00:00+00:00,1.08284,1.08332,1.0781,1.07889,53904
2022-09-29 04:00:00+00:00,1.07895,1.08146,1.07627,1.07812,59336
2022-09-29 08:00:00+00:00,1.07745,1.08943,1.07726,1.08683,70226
2022-09-29 12:00:00+00:00,1.08665,1.10746,1.08428,1.10461,80482
2022-09-29 16:00:00+00:00,1.1045,1.11025,1.10383,1.10769,47207
2022-09-29 20:00:00+00:00,1.10757,1.1198,1.10699,1.117,37308
2022-09-30 00:00:00+00:00,1.1156,1.1173,1.1071,1.1081,59776
2022-09-30 04:00:00+00:00,1.10849,1.1177,1.10803,1.11765,59871
2022-09-30 08:00:00+00:00,1.11873,1.12323,1.10248,1.10424,71492
2022-09-30 12:00:00+00:00,1.10444,1.11717,1.10256,1.11327,81015
2022-09-30 16:00:00+00:00,1.11282,1.11787,1.11019,1.11669,49613
2022-09-30 20:00:00+00:00,1.11655,1.1167,1.11432,1.11654,6846
2022-10-02 16:00:00+00:00,1.11067,1.11103,1.11067,1.11103,2
2022-10-02 20:00:00+00:00,1.11525,1.11923,1.0169,1.11343,9739
2022-10-03 00:00:00+00:00,1.1134,1.11595,1.11126,1.11164,45216
2022-10-03 04:00:00+00:00,1.11136,1.12679,1.10849,1.12062,59439
2022-10-03 08:00:00+00:00,1.12092,1.12409,1.11703,1.1218,48911
2022-10-03 12:00:00+00:00,1.12098,1.13313,1.12019,1.12699,64935
2022-10-03 16:00:00+00:00,1.1272,1.13235,1.12607,1.13225,45779
2022-10-03 20:00:00+00:00,1.13244,1.13376,1.13139,1.13376,19843
2022-10-04 00:00:00+00:00,1.13367,1.13387,1.1281,1.13178,41709
2022-10-04 04:00:00+00:00,1.13165,1.14256,1.033,1.1392,55929
2022-10-04 08:00:00+00:00,1.13889,1.13923,1.13125,1.13326,59617
2022-10-04 12:00:00+00:00,1.13402,1.14437,1.13258,1.14437,67086
2022-10-04 16:00:00+00:00,1.14435,1.1488,1.1427,1.14755,50138
2022-10-04 20:00:00+00:00,1.14733,1.14859,1.0455,1.14499,21009
2022-10-05 00:00:00+00:00,1.14507,1.14682,1.14149,1.1432,51465
2022-10-05 04:00:00+00:00,1.14323,1.14903,1.13992,1.1406,50160
2022-10-05 08:00:00+00:00,1.14041,1.14298,1.13219,1.1331,52737
2022-10-05 12:00:00+00:00,1.13277,1.13508,1.12294,1.12733,66655
2022-10-05 16:00:00+00:00,1.1267,1.13548,1.12663,1.13256,47673
2022-10-05 20:00:00+00:00,1.13258,1.13554,1.0341,1.13552,22635
2022-10-06 00:00:00+00:00,1.13515,1.13795,1.0351,1.13649,47736
2022-10-06 04:00:00+00:00,1.13613,1.13676,1.0352,1.13271,50650
2022-10-06 08:00:00+00:00,1.13293,1.13293,1.12422,1.12572,58350
2022-10-06 12:00:00+00:00,1.12543,1.12844,1.11316,1.11316,69315
2022-10-06 16:00:00+00:00,1.11301,1.11902,1.1124,1.11559,55528
2022-10-06 20:00:00+00:00,1.11575,1.1172,1.1153,1.11609,22576
2022-10-07 00:00:00+00:00,1.11616,1.11889,1.11359,1.1172,42223
2022-10-07 04:00:00+00:00,1.11676,1.1185,1.11169,1.11677,49186
2022-10-07 08:00:00+00:00,1.1169,1.12213,1.11619,1.11937,50579
2022-10-07 12:00:00+00:00,1.11946,1.12121,1.10916,1.11145,71014
2022-10-07 16:00:00+00:00,1.11075,1.11293,1.10556,1.10795,46975
2022-10-07 20:00:00+00:00,1.10818,1.10969,1.10802,1.1088,8880
2022-10-08 04:00:00+00:00,1.1085,1.1085,1.1085,1.1085,1
2022-10-08 08:00:00+00:00,1.1089,1.1089,1.1089,1.1089,1
2022-10-09 16:00:00+00:00,1.0035,1.0088,1.0035,1.0088,3
2022-10-09 20:00:00+00:00,1.0347,1.10919,1.0347,1.10719,14961
2022-10-10 00:00:00+00:00,1.10741,1.11065,1.10607,1.10779,45667
2022-10-10 04:00:00+00:00,1.10794,1.11084,1.10573,1.10723,46757
2022-10-10 08:00:00+00:00,1.10733,1.10941,1.10274,1.10659,50903
2022-10-10 12:00:00+00:00,1.10649,1.108,1.10293,1.10398,61327
2022-10-10 16:00:00+00:00,1.10402,1.10807,1.10195,1.10553,45688
2022-10-10 20:00:00+00:00,1.10561,1.10783,1.10538,1.10783,19823
2022-10-11 00:00:00+00:00,1.10751,1.10936,1.10269,1.10371,52557
2022-10-11 04:00:00+00:00,1.1037,1.1053,1.09993,1.10191,55132
2022-10-11 08:00:00+00:00,1.10195,1.10985,1.10195,1.10899,58234
2022-10-11 12:00:00+00:00,1.10909,1.11697,1.10475,1.11653,66336
2022-10-11 16:00:00+00:00,1.11597,1.11749,1.09712,1.09869,62798
2022-10-11 20:00:00+00:00,1.0984,1.09907,1.09526,1.09624,36422
2022-10-12 00:00:00+00:00,1.09649,1.09834,1.09238,1.0946,54176
2022-10-12 04:00:00+00:00,1.09448,1.10321,1.09431,1.09734,65067
2022-10-12 08:00:00+00:00,1.09796,1.10937,1.09749,1.10522,61220
2022-10-12 12:00:00+00:00,1.10581,1.10948,1.10232,1.10933,69271
2022-10-12 16:00:00+00:00,1.10853,1.11248,1.10595,1.10933,53249
2022-10-12 20:00:00+00:00,1.10925,1.1109,1.10845,1.10998,25086
2022-10-13 00:00:00+00:00,1.10928,1.11167,1.1077,1.10797,39589
2022-10-13 04:00:00+00:00,1.10788,1.10939,1.10592,1.10885,39134
2022-10-13 08:00:00+00:00,1.1082,1.12788,1.1074,1.12613,58810
2022-10-13 12:00:00+00:00,1.12602,1.13647,1.11546,1.13421,90332
2022-10-13 16:00:00+00:00,1.13437,1.13729,1.13016,1.1316,73969
2022-10-13 20:00:00+00:00,1.13164,1.13368,1.12994,1.12994,26020
2022-10-14 00:00:00+00:00,1.12994,1.1363,1.12898,1.13281,55943
2022-10-14 04:00:00+00:00,1.1326,1.13331,1.12609,1.13054,54478
2022-10-14 08:00:00+00:00,1.1302,1.13021,1.11692,1.11946,64837
2022-10-14 12:00:00+00:00,1.11958,1.12841,1.11655,1.12068,79305
2022-10-14 16:00:00+00:00,1.12102,1.12228,1.11542,1.11846,55337
2022-10-14 20:00:00+00:00,1.11829,1.11829,1.11621,1.1178,5005
2022-10-16 16:00:00+00:00,1.12345,1.12544,1.12345,1.12544,3
2022-10-16 20:00:00+00:00,1.12496,1.12496,1.1208,1.12409,13912
2022-10-17 00:00:00+00:00,1.12393,1.12488,1.12172,1.12335,52391
2022-10-17 04:00:00+00:00,1.12308,1.13035,1.12142,1.12582,57425
2022-10-17 08:00:00+00:00,1.12568,1.1321,1.12249,1.12949,64071
2022-10-17 12:00:00+00:00,1.12952,1.14387,1.12904,1.14248,74619
2022-10-17 16:00:00+00:00,1.14202,1.14281,1.13466,1.13488,55700
2022-10-17 20:00:00+00:00,1.13496,1.13675,1.13478,1.135,29870
2022-10-18 00:00:00+00:00,1.13596,1.13726,1.13317,1.13713,50323
2022-10-18 04:00:00+00:00,1.13778,1.1408,1.13067,1.1353,60538
2022-10-18 08:00:00+00:00,1.13529,1.13589,1.1257,1.13088,61491
2022-10-18 12:00:00+00:00,1.13115,1.13449,1.12821,1.13052,68248
2022-10-18 16:00:00+00:00,1.13033,1.133,1.12808,1.13253,55943
2022-10-18 20:00:00+00:00,1.13223,1.13547,1.13164,1.13417,25309
2022-10-19 00:00:00+00:00,1.13435,1.13493,1.13279,1.13339,50074
2022-10-19 04:00:00+00:00,1.13328,1.1337,1.12612,1.12779,55620
2022-10-19 08:00:00+00:00,1.12715,1.12851,1.12235,1.12469,70506
2022-10-19 12:00:00+00:00,1.12468,1.1274,1.12239,1.12305,71494
2022-10-19 16:00:00+00:00,1.12248,1.12364,1.11864,1.1226,63656
2022-10-19 20:00:00+00:00,1.12255,1.12263,1.12014,1.12063,24815
2022-10-20 00:00:00+00:00,1.12057,1.12185,1.11912,1.1201,45620
2022-10-20 04:00:00+00:00,1.12025,1.12385,1.11963,1.12163,61351
2022-10-20 08:00:00+00:00,1.12147,1.12579,1.11739,1.1253,66830
2022-10-20 12:00:00+00:00,1.12524,1.13255,1.12433,1.12857,61418
2022-10-20 16:00:00+00:00,1.12781,1.12781,1.12039,1.12224,75114
2022-10-20 20:00:00+00:00,1.12274,1.1238,1.12155,1.1221,22296
2022-10-21 00:00:00+00:00,1.12193,1.12193,1.11938,1.11996,38655
2022-10-21 04:00:00+00:00,1.11972,1.1219,1.11757,1.11791,54108
2022-10-21 08:00:00+00:00,1.1173,1.11758,1.11007,1.11093,66303
2022-10-21 12:00:00+00:00,1.11162,1.1289,1.10616,1.1289,89404
2022-10-21 16:00:00+00:00,1.12911,1.13077,1.12184,1.13012,71800
2022-10-21 20:00:00+00:00,1.13016,1.13126,1.12915,1.1301,8525
2022-10-22 08:00:00+00:00,1.1303,1.1307,1.1303,1.1307,9
2022-10-23 16:00:00+00:00,1.12758,1.13493,1.12758,1.13145,4
2022-10-23 20:00:00+00:00,1.13144,1.14062,1.13084,1.13351,20742
2022-10-24 00:00:00+00:00,1.13393,1.1345,1.12992,1.13032,39291
2022-10-24 04:00:00+00:00,1.13102,1.13791,1.13087,1.13259,42001
2022-10-24 08:00:00+00:00,1.13267,1.13469,1.12758,1.13074,47465
2022-10-24 12:00:00+00:00,1.1305,1.13414,1.12763,1.12923,49663
2022-10-24 16:00:00+00:00,1.12962,1.12962,1.12599,1.12782,36430
2022-10-24 20:00:00+00:00,1.12781,1.13142,1.1273,1.1303,15474
2022-10-25 00:00:00+00:00,1.13024,1.13246,1.12938,1.13018,37718
2022-10-25 04:00:00+00:00,1.12968,1.1304,1.12707,1.1295,38420
2022-10-25 08:00:00+00:00,1.12975,1.13395,1.12967,1.13131,40062
2022-10-25 12:00:00+00:00,1.13123,1.14956,1.13063,1.14671,44998
2022-10-25 16:00:00+00:00,1.14627,1.14859,1.1461,1.14705,38225
2022-10-25 20:00:00+00:00,1.14701,1.1477,1.14511,1.1457,26586
2022-10-26 00:00:00+00:00,1.14609,1.14658,1.14303,1.14586,36614
2022-10-26 04:00:00+00:00,1.14571,1.15752,1.14446,1.15681,40786
2022-10-26 08:00:00+00:00,1.15742,1.16171,1.15494,1.15633,47237
2022-10-26 12:00:00+00:00,1.15583,1.16227,1.15457,1.16131,40685
2022-10-26 16:00:00+00:00,1.16154,1.16356,1.1599,1.16266,38289
2022-10-26 20:00:00+00:00,1.16258,1.16396,1.1609,1.16374,33323
2022-10-27 00:00:00+00:00,1.16288,1.16435,1.16043,1.16104,35351
2022-10-27 04:00:00+00:00,1.16089,1.16347,1.1588,1.15928,42914
2022-10-27 08:00:00+00:00,1.15955,1.16071,1.15526,1.1583,46127
2022-10-27 12:00:00+00:00,1.15788,1.16297,1.1554,1.1572,66030
2022-10-27 16:00:00+00:00,1.15772,1.16006,1.1558,1.1575,49566
2022-10-27 20:00:00+00:00,1.15756,1.15756,1.15579,1.15639,30803
2022-10-28 00:00:00+00:00,1.15609,1.15922,1.15458,1.15806,42337
2022-10-28 04:00:00+00:00,1.15777,1.15819,1.15124,1.15152,54421
2022-10-28 08:00:00+00:00,1.1517,1.15723,1.15052,1.15525,58729
2022-10-28 12:00:00+00:00,1.15564,1.15959,1.15257,1.15721,73100
2022-10-28 16:00:00+00:00,1.15704,1.16206,1.15585,1.16171,39708
2022-10-28 20:00:00+00:00,1.16149,1.1622,1.16085,1.1612,6243
2022-10-30 16:00:00+00:00,1.15734,1.15816,1.15542,1.15542,4
2022-10-30 20:00:00+00:00,1.15611,1.16055,1.15489,1.15941,8252
2022-10-31 00:00:00+00:00,1.15994,1.16118,1.1584,1.1606,30058
2022-10-31 04:00:00+00:00,1.16012,1.16082,1.15765,1.15775,40379
2022-10-31 08:00:00+00:00,1.15779,1.15779,1.1517,1.154,50978
2022-10-31 12:00:00+00:00,1.15356,1.1539,1.14794,1.15131,60318
2022-10-31 16:00:00+00:00,1.15091,1.15141,1.14604,1.14672,44647
2022-10-31 20:00:00+00:00,1.14678,1.1476,1.14611,1.14672,16149
2022-11-01 00:00:00+00:00,1.147,1.15141,1.1465,1.15063,36602
2022-11-01 04:00:00+00:00,1.15042,1.15443,1.14934,1.15179,50347
2022-11-01 08:00:00+00:00,1.15212,1.15541,1.15147,1.15492,53734
2022-11-01 12:00:00+00:00,1.15582,1.15649,1.14448,1.14593,65575
2022-11-01 16:00:00+00:00,1.1463,1.14921,1.1439,1.14825,48275
2022-11-01 20:00:00+00:00,1.14834,1.1492,1.14731,1.1488,21396
2022-11-02 00:00:00+00:00,1.14911,1.15265,1.14874,1.1514,42676
2022-11-02 04:00:00+00:00,1.15169,1.15194,1.1485,1.14937,42944
2022-11-02 08:00:00+00:00,1.14981,1.15228,1.14863,1.1502,50569
2022-11-02 12:00:00+00:00,1.15017,1.15118,1.14578,1.14653,60466
2022-11-02 16:00:00+00:00,1.14633,1.15625,1.13945,1.13945,64534
2022-11-02 20:00:00+00:00,1.13937,1.1406,1.13738,1.1384,26866
2022-11-03 00:00:00+00:00,1.1381,1.14201,1.1375,1.14157,46267
2022-11-03 04:00:00+00:00,1.14173,1.14191,1.13321,1.1345,44274
2022-11-03 08:00:00+00:00,1.134,1.134,1.12317,1.12479,60330
2022-11-03 12:00:00+00:00,1.1203,1.12498,1.1162,1.11811,69058
2022-11-03 16:00:00+00:00,1.11782,1.12015,1.11558,1.11636,47381
2022-11-03 20:00:00+00:00,1.11621,1.11704,1.11486,1.11696,24379
2022-11-04 00:00:00+00:00,1.11696,1.12139,1.11696,1.12092,49311
2022-11-04 04:00:00+00:00,1.12073,1.12402,1.11924,1.12011,49645
2022-11-04 08:00:00+00:00,1.12102,1.12467,1.12021,1.12115,54577
2022-11-04 12:00:00+00:00,1.12022,1.13334,1.11621,1.12769,76491
2022-11-04 16:00:00+00:00,1.12759,1.13807,1.12653,1.13731,57646
2022-11-04 20:00:00+00:00,1.13718,1.138,1.13701,1.1379,5721
2022-11-05 08:00:00+00:00,1.1376,1.1378,1.1376,1.1378,4
2022-11-05 12:00:00+00:00,1.1376,1.1378,1.1376,1.1378,2
2022-11-06 12:00:00+00:00,1.1376,1.1376,1.1376,1.1376,1
2022-11-06 16:00:00+00:00,1.1375,1.1375,1.13108,1.13108,3
2022-11-06 20:00:00+00:00,1.13097,1.13394,1.12999,1.13303,6105
2022-11-07 00:00:00+00:00,1.1336,1.1343,1.13064,1.13299,37242
2022-11-07 04:00:00+00:00,1.13296,1.1348,1.12944,1.13033,42606
2022-11-07 08:00:00+00:00,1.1303,1.14749,1.13005,1.14449,61498
2022-11-07 12:00:00+00:00,1.1448,1.1483,1.1428,1.14656,64126
2022-11-07 16:00:00+00:00,1.14624,1.15404,1.14524,1.1532,44644
2022-11-07 20:00:00+00:00,1.1535,1.15371,1.1507,1.15121,21965
2022-11-08 00:00:00+00:00,1.15087,1.15353,1.14991,1.15104,43860
2022-11-08 04:00:00+00:00,1.15088,1.15133,1.14598,1.14698,42134
2022-11-08 08:00:00+00:00,1.14711,1.14933,1.14467,1.14654,56114
2022-11-08 12:00:00+00:00,1.1465,1.15713,1.1431,1.15635,60987
2022-11-08 16:00:00+00:00,1.15641,1.1596,1.15138,1.15348,52664
2022-11-08 20:00:00+00:00,1.15375,1.15562,1.1534,1.155,22795
2022-11-09 00:00:00+00:00,1.1547,1.15576,1.15244,1.15459,45423
2022-11-09 04:00:00+00:00,1.15465,1.15512,1.15234,1.15234,43522
2022-11-09 08:00:00+00:00,1.1529,1.15657,1.14247,1.14616,62958
2022-11-09 12:00:00+00:00,1.14587,1.1468,1.1358,1.13759,68541
2022-11-09 16:00:00+00:00,1.13824,1.14204,1.13353,1.13428,56188
2022-11-09 20:00:00+00:00,1.1345,1.13686,1.13445,1.13675,24769
2022-11-10 00:00:00+00:00,1.13675,1.13819,1.13649,1.13721,7187
2022-11-10 04:00:00+00:00,1.14049,1.14113,1.13667,1.13829,40022
2022-11-10 08:00:00+00:00,1.13816,1.1404,1.1364,1.13736,59285
2022-11-10 12:00:00+00:00,1.1377,1.16809,1.13748,1.16796,72591
2022-11-10 16:00:00+00:00,1.16788,1.16964,1.16297,1.16964,61370
2022-11-10 20:00:00+00:00,1.16918,1.17304,1.1687,1.16941,29852
2022-11-11 00:00:00+00:00,1.16972,1.17012,1.1646,1.16732,48337
2022-11-11 04:00:00+00:00,1.16716,1.17551,1.16592,1.17457,53264
2022-11-11 08:00:00+00:00,1.17425,1.17691,1.17112,1.17606,69045
2022-11-11 12:00:00+00:00,1.17546,1.17934,1.17128,1.17767,65529
2022-11-11 16:00:00+00:00,1.17735,1.18533,1.17625,1.18528,53836
2022-11-11 20:00:00+00:00,1.18518,1.18529,1.18,1.1811,16902
2022-11-12 08:00:00+00:00,1.1836,1.1836,1.1836,1.1836,1
2022-11-12 12:00:00+00:00,1.1812,1.1836,1.1812,1.1812,7
2022-11-13 16:00:00+00:00,1.1745,1.18461,1.1745,1.18172,4
2022-11-13 20:00:00+00:00,1.17962,1.1808,1.17683,1.17961,8522
2022-11-14 00:00:00+00:00,1.17906,1.18154,1.1774,1.17765,43796
2022-11-14 04:00:00+00:00,1.1775,1.17895,1.17446,1.17895,41007
2022-11-14 08:00:00+00:00,1.1789,1.18272,1.17494,1.17699,60625
2022-11-14 12:00:00+00:00,1.17649,1.18098,1.17109,1.17305,64128
2022-11-14 16:00:00+00:00,1.17334,1.18019,1.1715,1.17792,50226
2022-11-14 20:00:00+00:00,1.17801,1.17841,1.17447,1.175,26257
2022-11-15 00:00:00+00:00,1.17592,1.17722,1.17413,1.17645,38570
2022-11-15 04:00:00+00:00,1.1768,1.18351,1.17539,1.18302,40102
2022-11-15 08:00:00+00:00,1.18289,1.18816,1.18104,1.18717,61796
2022-11-15 12:00:00+00:00,1.18725,1.20022,1.18568,1.18955,75028
2022-11-15 16:00:00+00:00,1.18972,1.18998,1.17912,1.18742,74326
2022-11-15 20:00:00+00:00,1.18721,1.18858,1.18505,1.18786,34273
2022-11-16 00:00:00+00:00,1.18796,1.18842,1.1836,1.18461,48589
2022-11-16 04:00:00+00:00,1.18453,1.19005,1.18303,1.18927,53347
2022-11-16 08:00:00+00:00,1.1894,1.19414,1.18583,1.19022,58575
2022-11-16 12:00:00+00:00,1.18973,1.19157,1.18335,1.18907,69907
2022-11-16 16:00:00+00:00,1.18913,1.19146,1.18665,1.19112,51698
2022-11-16 20:00:00+00:00,1.19111,1.19244,1.19008,1.19133,30936
2022-11-17 00:00:00+00:00,1.1916,1.1918,1.18666,1.18783,49422
2022-11-17 04:00:00+00:00,1.18782,1.19344,1.18758,1.19344,45078
2022-11-17 08:00:00+00:00,1.19335,1.19547,1.1808,1.18514,61821
2022-11-17 12:00:00+00:00,1.18643,1.18693,1.17646,1.17777,71385
2022-11-17 16:00:00+00:00,1.17799,1.18642,1.17663,1.18514,50878
2022-11-17 20:00:00+00:00,1.18476,1.1868,1.18439,1.18582,26348
2022-11-18 00:00:00+00:00,1.18586,1.19278,1.18586,1.1919,37356
2022-11-18 04:00:00+00:00,1.19163,1.192,1.18812,1.19173,40105
2022-11-18 08:00:00+00:00,1.1914,1.19503,1.18848,1.19102,55171
2022-11-18 12:00:00+00:00,1.19092,1.19385,1.1875,1.19293,58630
2022-11-18 16:00:00+00:00,1.19255,1.19315,1.18743,1.18903,44665
2022-11-18 20:00:00+00:00,1.18927,1.18998,1.1879,1.1894,15103
2022-11-20 20:00:00+00:00,1.18851,1.1895,1.18803,1.18838,7144
2022-11-21 00:00:00+00:00,1.18839,1.18855,1.18367,1.18541,35871
2022-11-21 04:00:00+00:00,1.18519,1.18558,1.18045,1.18184,39182
2022-11-21 08:00:00+00:00,1.18182,1.1836,1.1796,1.18093,54395
2022-11-21 12:00:00+00:00,1.18033,1.1824,1.17837,1.17837,53586
2022-11-21 16:00:00+00:00,1.17876,1.1823,1.17795,1.18147,41987
2022-11-21 20:00:00+00:00,1.18157,1.18261,1.18059,1.18255,25132
2022-11-22 00:00:00+00:00,1.18231,1.18627,1.18218,1.18575,44561
2022-11-22 04:00:00+00:00,1.18543,1.18561,1.1825,1.18471,39473
2022-11-22 08:00:00+00:00,1.18486,1.1882,1.18296,1.18754,53612
2022-11-22 12:00:00+00:00,1.18764,1.19022,1.18679,1.18788,52728
2022-11-22 16:00:00+00:00,1.18783,1.18916,1.18561,1.18831,36789
2022-11-22 20:00:00+00:00,1.18826,1.1892,1.1876,1.18919,23490
2022-11-23 00:00:00+00:00,1.18963,1.19063,1.18765,1.1879,31852
2022-11-23 04:00:00+00:00,1.18766,1.19105,1.18706,1.19032,32610
2022-11-23 08:00:00+00:00,1.18994,1.19454,1.18763,1.19384,47456
2022-11-23 12:00:00+00:00,1.19363,1.2077,1.1927,1.20663,62011
2022-11-23 16:00:00+00:00,1.20611,1.20713,1.20218,1.2065,53497
2022-11-23 20:00:00+00:00,1.20679,1.20766,1.2047,1.20757,30875
2022-11-24 00:00:00+00:00,1.20735,1.2104,1.20589,1.2104,36199
2022-11-24 04:00:00+00:00,1.21,1.21117,1.20804,1.20817,37339
2022-11-24 08:00:00+00:00,1.20792,1.21301,1.20601,1.21263,53126
2022-11-24 12:00:00+00:00,1.21268,1.21529,1.21051,1.21402,46532
2022-11-24 16:00:00+00:00,1.2138,1.21409,1.211,1.21188,27234
2022-11-24 20:00:00+00:00,1.21187,1.21206,1.2108,1.21116,22380
2022-11-25 00:00:00+00:00,1.21087,1.21148,1.20964,1.2111,28623
2022-11-25 04:00:00+00:00,1.211,1.2127,1.20908,1.20911,35305
2022-11-25 08:00:00+00:00,1.20916,1.21194,1.20747,1.20863,49070
2022-11-25 12:00:00+00:00,1.20904,1.20986,1.2059,1.20942,50824
2022-11-25 16:00:00+00:00,1.20941,1.21106,1.20774,1.2091,36285
2022-11-25 20:00:00+00:00,1.2094,1.20989,1.20817,1.209,7889
2022-11-27 16:00:00+00:00,1.20615,1.20675,1.20615,1.20675,4
2022-11-27 20:00:00+00:00,1.20664,1.20688,1.20511,1.2053,8153
2022-11-28 00:00:00+00:00,1.20593,1.20745,1.20236,1.20461,31829
2022-11-28 04:00:00+00:00,1.20476,1.20785,1.20422,1.20648,36924
2022-11-28 08:00:00+00:00,1.20606,1.21176,1.2055,1.20947,58888
2022-11-28 12:00:00+00:00,1.20961,1.20997,1.20344,1.20376,55335
2022-11-28 16:00:00+00:00,1.2038,1.204,1.19519,1.19519,46197
2022-11-28 20:00:00+00:00,1.19527,1.1965,1.194,1.1959,28341
2022-11-29 00:00:00+00:00,1.19617,1.20089,1.19537,1.20032,41340
2022-11-29 04:00:00+00:00,1.20009,1.20356,1.19808,1.20339,43714
2022-11-29 08:00:00+00:00,1.20431,1.20635,1.19817,1.20261,57727
2022-11-29 12:00:00+00:00,1.20226,1.20308,1.1956,1.19996,62138
2022-11-29 16:00:00+00:00,1.19968,1.19996,1.19453,1.19523,46083
2022-11-29 20:00:00+00:00,1.19517,1.1961,1.19392,1.1945,20242
2022-11-30 00:00:00+00:00,1.19426,1.19891,1.19426,1.19782,35522
2022-11-30 04:00:00+00:00,1.19799,1.19921,1.19491,1.19662,37001
2022-11-30 08:00:00+00:00,1.19686,1.20263,1.19564,1.20107,52387
2022-11-30 12:00:00+00:00,1.20127,1.20167,1.19082,1.19106,62966
2022-11-30 16:00:00+00:00,1.19058,1.20573,1.19011,1.20573,66052
2022-11-30 20:00:00+00:00,1.20539,1.20848,1.20466,1.2075,36556
2022-12-01 00:00:00+00:00,1.20724,1.2102,1.20724,1.20896,49855
2022-12-01 04:00:00+00:00,1.20868,1.21065,1.20843,1.20984,18868
2022-12-01 12:00:00+00:00,1.219,1.2296,1.21802,1.22668,57766
2022-12-01 16:00:00+00:00,1.2265,1.2275,1.22262,1.22589,57522
2022-12-01 20:00:00+00:00,1.22569,1.22755,1.22394,1.22577,26697
2022-12-02 00:00:00+00:00,1.22529,1.22529,1.22287,1.22504,36408
2022-12-02 04:00:00+00:00,1.22509,1.22663,1.22229,1.22613,36674
2022-12-02 08:00:00+00:00,1.22523,1.22961,1.22497,1.22773,51275
2022-12-02 12:00:00+00:00,1.22767,1.22919,1.2138,1.22153,70527
2022-12-02 16:00:00+00:00,1.22098,1.22988,1.22098,1.22884,48711
2022-12-02 20:00:00+00:00,1.22856,1.2302,1.22766,1.2299,17223
2022-12-03 08:00:00+00:00,1.229,1.2298,1.229,1.2298,2
2022-12-03 12:00:00+00:00,1.2299,1.2299,1.2299,1.2299,1
2022-12-04 16:00:00+00:00,1.2275,1.2276,1.225,1.2273,37
2022-12-04 20:00:00+00:00,1.2274,1.22952,1.2258,1.22952,5886
2022-12-05 00:00:00+00:00,1.22957,1.2341,1.22884,1.23372,35645
2022-12-05 04:00:00+00:00,1.2339,1.23435,1.22868,1.22948,40826
2022-12-05 08:00:00+00:00,1.22906,1.22968,1.22344,1.22756,53275
2022-12-05 12:00:00+00:00,1.22774,1.23195,1.2192,1.2215,60682
2022-12-05 16:00:00+00:00,1.22172,1.22181,1.2163,1.21735,47197
2022-12-05 20:00:00+00:00,1.2174,1.2197,1.21657,1.2192,24837
2022-12-06 00:00:00+00:00,1.2193,1.22219,1.2192,1.21972,35983
2022-12-06 04:00:00+00:00,1.21987,1.22082,1.2168,1.22022,41188
2022-12-06 08:00:00+00:00,1.22033,1.22213,1.21595,1.22147,52763
2022-12-06 12:00:00+00:00,1.22118,1.22404,1.21582,1.22193,57966
2022-12-06 16:00:00+00:00,1.22216,1.22626,1.21379,1.21425,49399
2022-12-06 20:00:00+00:00,1.2146,1.21465,1.21262,1.2131,23112
2022-12-07 00:00:00+00:00,1.21321,1.21476,1.2121,1.21387,36102
2022-12-07 04:00:00+00:00,1.21377,1.21439,1.21048,1.21317,41971
2022-12-07 08:00:00+00:00,1.21357,1.21865,1.21154,1.21476,51897
2022-12-07 12:00:00+00:00,1.21435,1.22236,1.21435,1.21955,65521
2022-12-07 16:00:00+00:00,1.21964,1.2233,1.21733,1.22134,51158
2022-12-07 20:00:00+00:00,1.22128,1.2218,1.2197,1.22087,22421
2022-12-08 00:00:00+00:00,1.22088,1.22128,1.218,1.21949,38074
2022-12-08 04:00:00+00:00,1.2194,1.22127,1.21757,1.22017,36803
2022-12-08 08:00:00+00:00,1.2195,1.22062,1.2155,1.21737,45753
2022-12-08 12:00:00+00:00,1.2167,1.22458,1.21653,1.22174,56342
2022-12-08 16:00:00+00:00,1.2218,1.22463,1.22075,1.22427,45943
2022-12-08 20:00:00+00:00,1.22386,1.22416,1.22196,1.2232,27605
2022-12-09 00:00:00+00:00,1.22319,1.22758,1.22252,1.22736,39174
2022-12-09 04:00:00+00:00,1.22743,1.22764,1.2253,1.22554,42505
2022-12-09 08:00:00+00:00,1.22539,1.22746,1.22331,1.22645,49809
2022-12-09 12:00:00+00:00,1.22634,1.22975,1.22203,1.22946,65957
2022-12-09 16:00:00+00:00,1.22937,1.23224,1.2269,1.2272,44030
2022-12-09 20:00:00+00:00,1.22703,1.22742,1.2252,1.2258,13983
2022-12-10 08:00:00+00:00,1.2256,1.2259,1.2256,1.2259,2
2022-12-11 16:00:00+00:00,1.22476,1.22509,1.22446,1.22455,4
2022-12-11 20:00:00+00:00,1.22498,1.22631,1.22344,1.22347,2923
2022-12-12 00:00:00+00:00,1.22366,1.22395,1.22119,1.22291,42115
2022-12-12 04:00:00+00:00,1.22281,1.22576,1.22197,1.22572,36404
2022-12-12 08:00:00+00:00,1.22481,1.22918,1.22319,1.22764,48732
2022-12-12 12:00:00+00:00,1.2273,1.22978,1.22526,1.22526,50655
2022-12-12 16:00:00+00:00,1.22509,1.22872,1.22416,1.2257,46677
2022-12-12 20:00:00+00:00,1.22607,1.22723,1.22571,1.22687,18819
2022-12-13 00:00:00+00:00,1.22686,1.22876,1.22563,1.22588,39363
2022-12-13 04:00:00+00:00,1.22583,1.2301,1.22528,1.22842,33945
2022-12-13 08:00:00+00:00,1.2288,1.23004,1.225,1.22908,52008
2022-12-13 12:00:00+00:00,1.229,1.24406,1.22865,1.23935,73632
2022-12-13 16:00:00+00:00,1.23986,1.2414,1.23465,1.23726,63320
2022-12-13 20:00:00+00:00,1.23698,1.23767,1.2353,1.2353,29559
2022-12-14 00:00:00+00:00,1.23563,1.2357,1.23418,1.2352,38580
2022-12-14 04:00:00+00:00,1.23515,1.23733,1.23438,1.23638,36704
2022-12-14 08:00:00+00:00,1.23585,1.24025,1.23534,1.23733,56995
2022-12-14 12:00:00+00:00,1.23698,1.24159,1.23559,1.24028,58009
2022-12-14 16:00:00+00:00,1.24062,1.24405,1.23455,1.24031,62637
2022-12-14 20:00:00+00:00,1.24048,1.24453,1.24023,1.24165,33515
2022-12-15 00:00:00+00:00,1.24162,1.24243,1.2386,1.23868,37035
2022-12-15 04:00:00+00:00,1.23857,1.24016,1.23758,1.23801,38105
2022-12-15 08:00:00+00:00,1.23805,1.23821,1.23016,1.23322,57155
2022-12-15 12:00:00+00:00,1.23113,1.23463,1.22158,1.22158,74527
2022-12-15 16:00:00+00:00,1.22238,1.22238,1.21578,1.21902,54823
2022-12-15 20:00:00+00:00,1.21938,1.21941,1.21717,1.21903,24917
2022-12-16 00:00:00+00:00,1.21893,1.22218,1.21893,1.22044,34438
2022-12-16 04:00:00+00:00,1.22026,1.2221,1.21733,1.21764,29565
2022-12-16 08:00:00+00:00,1.21819,1.22141,1.21212,1.2191,60109
2022-12-16 12:00:00+00:00,1.2191,1.22194,1.21484,1.21532,64716
2022-12-16 16:00:00+00:00,1.21509,1.21938,1.21479,1.21663,53292
2022-12-16 20:00:00+00:00,1.21654,1.21804,1.2134,1.2143,19816
2022-12-17 04:00:00+00:00,1.2141,1.2142,1.2141,1.2142,2
2022-12-18 16:00:00+00:00,1.21398,1.21421,1.21398,1.21406,4
2022-12-18 20:00:00+00:00,1.21465,1.21686,1.21389,1.21586,4946
2022-12-19 00:00:00+00:00,1.2159,1.22012,1.21542,1.21816,34675
2022-12-19 04:00:00+00:00,1.21821,1.2192,1.2166,1.21901,37979
2022-12-19 08:00:00+00:00,1.21987,1.22406,1.21823,1.21856,56480
2022-12-19 12:00:00+00:00,1.21872,1.2193,1.21223,1.21305,56896
2022-12-19 16:00:00+00:00,1.21304,1.21882,1.21304,1.2142,46522
2022-12-19 20:00:00+00:00,1.214,1.2158,1.21388,1.2154,21156
2022-12-20 00:00:00+00:00,1.21524,1.22187,1.21362,1.2139,48228
2022-12-20 04:00:00+00:00,1.2146,1.21621,1.20861,1.21454,55160
2022-12-20 08:00:00+00:00,1.21493,1.2195,1.21349,1.2161,61810
2022-12-20 12:00:00+00:00,1.21558,1.21655,1.20996,1.21392,65201
2022-12-20 16:00:00+00:00,1.21354,1.21698,1.2126,1.21689,48907
2022-12-20 20:00:00+00:00,1.21668,1.21915,1.21612,1.21876,24479
2022-12-21 00:00:00+00:00,1.21874,1.21893,1.2161,1.21684,38499
2022-12-21 04:00:00+00:00,1.21681,1.21806,1.21509,1.21806,37779
2022-12-21 08:00:00+00:00,1.21772,1.21772,1.2095,1.20986,50518
2022-12-21 12:00:00+00:00,1.21012,1.21613,1.20874,1.21089,58319
2022-12-21 16:00:00+00:00,1.21122,1.21122,1.2055,1.20815,44645
2022-12-21 20:00:00+00:00,1.20826,1.20935,1.2073,1.20755,23327
2022-12-22 00:00:00+00:00,1.20766,1.2134,1.20766,1.21333,32664
2022-12-22 04:00:00+00:00,1.21324,1.21336,1.21,1.21308,38701
2022-12-22 08:00:00+00:00,1.21354,1.21453,1.20428,1.20443,49754
2022-12-22 12:00:00+00:00,1.20444,1.20602,1.19933,1.2027,60325
2022-12-22 16:00:00+00:00,1.20268,1.20401,1.20026,1.20302,44067
2022-12-22 20:00:00+00:00,1.20312,1.20467,1.2028,1.20364,27215
2022-12-23 00:00:00+00:00,1.20375,1.20517,1.20191,1.20496,34757
2022-12-23 04:00:00+00:00,1.2053,1.20689,1.20271,1.20641,35401
2022-12-23 08:00:00+00:00,1.20676,1.20892,1.2044,1.20689,44705
2022-12-23 12:00:00+00:00,1.20689,1.2084,1.2028,1.20602,60462
2022-12-23 16:00:00+00:00,1.20607,1.20678,1.2028,1.20398,42249
2022-12-23 20:00:00+00:00,1.20386,1.2053,1.20348,1.2052,12415
2022-12-25 16:00:00+00:00,1.19992,1.20092,1.19992,1.20065,4
2022-12-25 20:00:00+00:00,1.20064,1.2069,1.20064,1.2063,11
2022-12-26 00:00:00+00:00,1.20516,1.2076,1.20505,1.2067,1984
2022-12-26 04:00:00+00:00,1.2068,1.2078,1.2047,1.2067,2587
2022-12-26 08:00:00+00:00,1.2065,1.2083,1.2046,1.2075,2629
2022-12-26 12:00:00+00:00,1.2074,1.2084,1.2059,1.206,4349
2022-12-26 16:00:00+00:00,1.2065,1.2069,1.2052,1.2055,1881
2022-12-26 20:00:00+00:00,1.2062,1.20898,1.20449,1.20815,6901
2022-12-27 00:00:00+00:00,1.20781,1.2102,1.20722,1.20803,36291
2022-12-27 04:00:00+00:00,1.20813,1.21108,1.20793,1.20915,35862
2022-12-27 08:00:00+00:00,1.20862,1.20872,1.20323,1.20373,46332
2022-12-27 12:00:00+00:00,1.20375,1.20467,1.20022,1.20209,55525
2022-12-27 16:00:00+00:00,1.20191,1.2035,1.20085,1.20296,42144
2022-12-27 20:00:00+00:00,1.20293,1.2032,1.20221,1.2025,16435
2022-12-28 00:00:00+00:00,1.20265,1.20297,1.2002,1.20054,41454
2022-12-28 04:00:00+00:00,1.20059,1.20518,1.20056,1.20447,35997
2022-12-28 08:00:00+00:00,1.20519,1.20874,1.20185,1.2076,43382
2022-12-28 12:00:00+00:00,1.20766,1.21239,1.20341,1.20349,52336
2022-12-28 16:00:00+00:00,1.20289,1.20532,1.20225,1.20269,40122
2022-12-28 20:00:00+00:00,1.20257,1.20306,1.20077,1.20271,24310
2022-12-29 00:00:00+00:00,1.20317,1.20493,1.2028,1.20371,29902
2022-12-29 04:00:00+00:00,1.20366,1.2042,1.20142,1.20339,25274
2022-12-29 08:00:00+00:00,1.20299,1.20612,1.20223,1.20284,43285
2022-12-29 12:00:00+00:00,1.20244,1.20755,1.20207,1.20542,52748
2022-12-29 16:00:00+00:00,1.20508,1.20716,1.20508,1.20709,37726
2022-12-29 20:00:00+00:00,1.20679,1.20705,1.20482,1.20547,17039
2022-12-30 00:00:00+00:00,1.20553,1.2064,1.204,1.20434,29275
2022-12-30 04:00:00+00:00,1.2039,1.20689,1.20292,1.20664,40914
2022-12-30 08:00:00+00:00,1.20643,1.2071,1.2027,1.20386,43979
2022-12-30 12:00:00+00:00,1.20388,1.21057,1.20118,1.20289,58642
2022-12-30 16:00:00+00:00,1.2028,1.2098,1.2028,1.20637,49497
2022-12-30 20:00:00+00:00,1.20657,1.2106,1.2064,1.2102,17339
2022-12-31 00:00:00+00:00,1.2097,1.21,1.2097,1.21,2
2023-01-01 16:00:00+00:00,1.2015,1.20232,1.2015,1.20232,3
2023-01-01 20:00:00+00:00,1.20282,1.20837,1.20282,1.20837,4
2023-01-02 00:00:00+00:00,1.2094,1.2101,1.2072,1.20742,2167
2023-01-02 04:00:00+00:00,1.20746,1.208,1.20555,1.20625,9355
2023-01-02 08:00:00+00:00,1.20688,1.2072,1.20456,1.205,19676
2023-01-02 12:00:00+00:00,1.2051,1.2053,1.20438,1.20438,12299
2023-01-02 16:00:00+00:00,1.20354,1.2048,1.20354,1.20455,12545
2023-01-02 20:00:00+00:00,1.20454,1.2072,1.2036,1.2062,9466
2023-01-03 00:00:00+00:00,1.20605,1.20834,1.2035,1.2073,32353
2023-01-03 04:00:00+00:00,1.20736,1.2084,1.2025,1.20282,39181
2023-01-03 08:00:00+00:00,1.20285,1.20291,1.1903,1.19311,55805
2023-01-03 12:00:00+00:00,1.19299,1.205,1.19246,1.20089,56563
2023-01-03 16:00:00+00:00,1.20051,1.20113,1.19531,1.19837,42547
2023-01-03 20:00:00+00:00,1.19846,1.19903,1.19401,1.19653,22734
2023-01-04 00:00:00+00:00,1.19725,1.19997,1.19725,1.19888,31039
2023-01-04 04:00:00+00:00,1.19887,1.2038,1.197,1.20264,37642
2023-01-04 08:00:00+00:00,1.20266,1.20866,1.20266,1.20544,54194
2023-01-04 12:00:00+00:00,1.20568,1.20702,1.2018,1.20449,60082
2023-01-04 16:00:00+00:00,1.2043,1.20747,1.2022,1.2059,52378
2023-01-04 20:00:00+00:00,1.20578,1.20659,1.20505,1.20556,25037
2023-01-05 00:00:00+00:00,1.2051,1.20746,1.2035,1.20363,35036
2023-01-05 04:00:00+00:00,1.20381,1.20485,1.20009,1.20075,29635
2023-01-05 08:00:00+00:00,1.20076,1.20341,1.2001,1.20225,44721
2023-01-05 12:00:00+00:00,1.20207,1.20343,1.18772,1.18809,63194
2023-01-05 16:00:00+00:00,1.18829,1.19347,1.18829,1.19174,50059
2023-01-05 20:00:00+00:00,1.19182,1.1919,1.1898,1.1907,25484
2023-01-06 00:00:00+00:00,1.19076,1.19351,1.1907,1.19283,41781
2023-01-06 04:00:00+00:00,1.19271,1.19333,1.18874,1.18907,36999
2023-01-06 08:00:00+00:00,1.18941,1.19153,1.18436,1.18471,48746
2023-01-06 12:00:00+00:00,1.18481,1.20503,1.18464,1.20462,70194
2023-01-06 16:00:00+00:00,1.20439,1.20982,1.20342,1.20963,45768
2023-01-06 20:00:00+00:00,1.20973,1.2098,1.20882,1.2092,14248
2023-01-08 16:00:00+00:00,1.20917,1.20917,1.20807,1.20807,4
2023-01-08 20:00:00+00:00,1.20707,1.21193,1.20707,1.21193,5828
2023-01-09 00:00:00+00:00,1.21198,1.21355,1.20942,1.21222,33345
2023-01-09 04:00:00+00:00,1.21221,1.21665,1.21221,1.21396,36118
2023-01-09 08:00:00+00:00,1.21421,1.21714,1.21131,1.21439,52229
2023-01-09 12:00:00+00:00,1.21392,1.22063,1.21302,1.21911,57266
2023-01-09 16:00:00+00:00,1.21908,1.22069,1.21767,1.22033,46652
2023-01-09 20:00:00+00:00,1.2202,1.2202,1.21771,1.21832,25303
2023-01-10 00:00:00+00:00,1.21817,1.21969,1.21587,1.21676,34873
2023-01-10 04:00:00+00:00,1.21662,1.21758,1.2141,1.21494,39568
2023-01-10 08:00:00+00:00,1.21524,1.21836,1.21518,1.21546,48641
2023-01-10 12:00:00+00:00,1.21497,1.21752,1.21115,1.21472,62599
2023-01-10 16:00:00+00:00,1.21487,1.21786,1.2142,1.21636,46090
2023-01-10 20:00:00+00:00,1.21633,1.21633,1.21447,1.21507,18429
2023-01-11 00:00:00+00:00,1.21536,1.2163,1.21398,1.21537,35015
2023-01-11 04:00:00+00:00,1.21534,1.21771,1.21509,1.21568,35564
2023-01-11 08:00:00+00:00,1.21562,1.21613,1.21191,1.21298,47730
2023-01-11 12:00:00+00:00,1.21248,1.21524,1.21017,1.2126,54287
2023-01-11 16:00:00+00:00,1.21252,1.21554,1.21133,1.21543,43464
2023-01-11 20:00:00+00:00,1.21541,1.21614,1.214,1.21578,24803
2023-01-12 00:00:00+00:00,1.21561,1.21665,1.215,1.2163,32139
2023-01-12 04:00:00+00:00,1.21644,1.21693,1.21337,1.21478,32834
2023-01-12 08:00:00+00:00,1.21522,1.21888,1.2136,1.21609,44677
2023-01-12 12:00:00+00:00,1.21651,1.22364,1.20962,1.21553,75376
2023-01-12 16:00:00+00:00,1.21525,1.22455,1.21508,1.22226,57037
2023-01-12 20:00:00+00:00,1.22188,1.2221,1.22038,1.2214,23266
2023-01-13 00:00:00+00:00,1.2215,1.22321,1.21911,1.21984,38712
2023-01-13 04:00:00+00:00,1.21966,1.22127,1.2174,1.22127,33501
2023-01-13 08:00:00+00:00,1.22075,1.22466,1.21722,1.21731,50456
2023-01-13 12:00:00+00:00,1.21742,1.22189,1.21512,1.22151,58633
2023-01-13 16:00:00+00:00,1.22077,1.2233,1.2185,1.2228,45437
2023-01-13 20:00:00+00:00,1.2229,1.22389,1.2225,1.223,14484
2023-01-15 16:00:00+00:00,1.21807,1.21815,1.21807,1.21815,2
2023-01-15 20:00:00+00:00,1.21825,1.22318,1.21825,1.22223,5879
2023-01-16 12:00:00+00:00,1.22015,1.22105,1.21803,1.22049,43790
2023-01-16 16:00:00+00:00,1.22049,1.22103,1.2182,1.21946,32931
2023-01-16 20:00:00+00:00,1.21946,1.2208,1.219,1.22071,19229
2023-01-17 08:00:00+00:00,1.22226,1.2258,1.21928,1.22536,47586
2023-01-17 12:00:00+00:00,1.22539,1.22975,1.22352,1.2278,64048
2023-01-17 16:00:00+00:00,1.22825,1.22846,1.22472,1.22739,45418
2023-01-17 20:00:00+00:00,1.22742,1.22906,1.2274,1.2283,20510
2023-01-18 12:00:00+00:00,1.24038,1.2414,1.23882,1.23936,3800
2023-01-18 16:00:00+00:00,1.23917,1.23928,1.2328,1.2341,46570
2023-01-18 20:00:00+00:00,1.23393,1.235,1.23328,1.2345,26065
2023-01-19 00:00:00+00:00,1.23447,1.23447,1.23182,1.23336,27660
2023-01-19 04:00:00+00:00,1.2335,1.2343,1.23129,1.23339,36215
2023-01-19 08:00:00+00:00,1.23328,1.23572,1.23225,1.23524,50049
2023-01-19 12:00:00+00:00,1.23486,1.23643,1.2319,1.23588,60486
2023-01-19 16:00:00+00:00,1.23589,1.23923,1.23567,1.23914,45708
2023-01-19 20:00:00+00:00,1.23927,1.2397,1.23781,1.23917,19849
2023-01-20 12:00:00+00:00,1.23386,1.23929,1.23357,1.23699,31474
2023-01-20 16:00:00+00:00,1.2366,1.24003,1.2366,1.2396,43479
2023-01-20 20:00:00+00:00,1.23959,1.24039,1.2388,1.2388,13880
2023-01-22 16:00:00+00:00,1.2373,1.2373,1.23557,1.23565,4
2023-01-22 20:00:00+00:00,1.23679,1.24111,1.23679,1.24052,4972
2023-01-23 04:00:00+00:00,1.24025,1.24173,1.23954,1.24173,5004
2023-01-23 08:00:00+00:00,1.24119,1.24228,1.23518,1.2354,43248
2023-01-23 12:00:00+00:00,1.23568,1.23764,1.23237,1.23705,52147
2023-01-23 16:00:00+00:00,1.23697,1.2387,1.23574,1.23653,40529
2023-01-23 20:00:00+00:00,1.23695,1.23844,1.23635,1.2378,21721
2023-01-24 04:00:00+00:00,1.23804,1.24101,1.238,1.24041,21520
2023-01-24 08:00:00+00:00,1.2407,1.24119,1.23019,1.23144,43534
2023-01-24 12:00:00+00:00,1.23148,1.23193,1.22646,1.23145,55515
2023-01-24 16:00:00+00:00,1.23125,1.234,1.23108,1.23365,42312
2023-01-24 20:00:00+00:00,1.2335,1.23411,1.23257,1.23308,27817
2023-01-25 04:00:00+00:00,1.23255,1.23363,1.23042,1.23168,27018
2023-01-25 08:00:00+00:00,1.23185,1.23292,1.22846,1.23058,42164
2023-01-25 12:00:00+00:00,1.23093,1.23989,1.23068,1.23579,54022
2023-01-25 16:00:00+00:00,1.23579,1.2399,1.23344,1.23987,40784
2023-01-25 20:00:00+00:00,1.23977,1.24175,1.23895,1.24097,19505
2023-01-26 12:00:00+00:00,1.23826,1.24172,1.23478,1.23555,41613
2023-01-26 16:00:00+00:00,1.2354,1.24078,1.23456,1.24078,41068
2023-01-26 20:00:00+00:00,1.24052,1.2418,1.24,1.2414,16335
2023-01-27 12:00:00+00:00,1.23632,1.23956,1.23479,1.23572,39265
2023-01-27 16:00:00+00:00,1.2359,1.23968,1.23583,1.23929,38507
2023-01-27 20:00:00+00:00,1.23936,1.2399,1.238,1.238,10614
2023-01-28 08:00:00+00:00,1.2398,1.2398,1.2381,1.2381,2
2023-01-29 20:00:00+00:00,1.23849,1.24,1.23829,1.23995,5156
2023-01-30 08:00:00+00:00,1.2414,1.24162,1.23789,1.23845,13966
2023-01-30 12:00:00+00:00,1.23794,1.23964,1.23676,1.23802,48538
2023-01-30 16:00:00+00:00,1.23801,1.23819,1.23387,1.23459,39250
2023-01-30 20:00:00+00:00,1.2344,1.23568,1.23327,1.23477,22342
2023-01-31 00:00:00+00:00,1.23494,1.23692,1.23429,1.23432,28870
2023-01-31 04:00:00+00:00,1.23437,1.23611,1.23319,1.23492,27315
2023-01-31 08:00:00+00:00,1.23528,1.23528,1.23078,1.23254,44103
2023-01-31 12:00:00+00:00,1.23255,1.23277,1.22854,1.2305,57053
2023-01-31 16:00:00+00:00,1.2312,1.23371,1.23072,1.23229,34960
2023-01-31 20:00:00+00:00,1.23217,1.23282,1.23078,1.2308,23840
2023-02-01 00:00:00+00:00,1.23136,1.23148,1.2312,1.2313,387
2023-02-01 04:00:00+00:00,1.23121,1.23278,1.23092,1.23194,25999
2023-02-01 08:00:00+00:00,1.23195,1.23341,1.23129,1.23268,40160
2023-02-01 12:00:00+00:00,1.23244,1.23442,1.2317,1.23245,49500
2023-02-01 16:00:00+00:00,1.23227,1.23819,1.22778,1.23687,52870
2023-02-01 20:00:00+00:00,1.23723,1.23991,1.2358,1.23869,35026
2023-02-02 04:00:00+00:00,1.2374,1.23756,1.23738,1.23738,242
2023-02-02 08:00:00+00:00,1.2375,1.23932,1.23118,1.23314,44648
2023-02-02 12:00:00+00:00,1.23799,1.23799,1.224,1.22924,72267
2023-02-02 16:00:00+00:00,1.22956,1.22981,1.22297,1.22314,51006
2023-02-02 20:00:00+00:00,1.22307,1.22405,1.22185,1.22191,30930
2023-02-03 00:00:00+00:00,1.2215,1.2219,1.22002,1.22125,29829
2023-02-03 04:00:00+00:00,1.22128,1.22227,1.21859,1.21984,29377
2023-02-03 08:00:00+00:00,1.21938,1.22653,1.21835,1.22593,46216
2023-02-03 12:00:00+00:00,1.22556,1.22622,1.20651,1.21044,67681
2023-02-03 16:00:00+00:00,1.21045,1.21126,1.20527,1.20551,47710
2023-02-03 20:00:00+00:00,1.20539,1.20561,1.2046,1.2047,14495
2023-02-04 04:00:00+00:00,1.2053,1.2053,1.2053,1.2053,1
2023-02-04 08:00:00+00:00,1.2048,1.2053,1.2048,1.2048,3
2023-02-05 16:00:00+00:00,1.2045,1.2045,1.2035,1.20362,4
2023-02-05 20:00:00+00:00,1.2031,1.20559,1.20275,1.20428,6693
2023-02-06 00:00:00+00:00,1.20436,1.20624,1.203,1.20525,29548
2023-02-06 04:00:00+00:00,1.2054,1.20665,1.20513,1.20532,27616
2023-02-06 08:00:00+00:00,1.20499,1.20668,1.2021,1.20505,47462
2023-02-06 12:00:00+00:00,1.20517,1.20759,1.20084,1.20127,52821
2023-02-06 16:00:00+00:00,1.20126,1.20377,1.20056,1.20234,41159
2023-02-06 20:00:00+00:00,1.20226,1.2032,1.20133,1.20254,19455
2023-02-07 00:00:00+00:00,1.20264,1.20536,1.20244,1.20456,24750
2023-02-07 04:00:00+00:00,1.2042,1.20569,1.20207,1.20224,30872
2023-02-07 08:00:00+00:00,1.20205,1.20389,1.1973,1.19846,48915
2023-02-07 12:00:00+00:00,1.19885,1.20112,1.19624,1.20107,49934
2023-02-07 16:00:00+00:00,1.20083,1.20907,1.19881,1.20333,63020
2023-02-07 20:00:00+00:00,1.20362,1.20531,1.20226,1.2053,25623
2023-02-08 00:00:00+00:00,1.20534,1.20604,1.20408,1.2052,31174
2023-02-08 04:00:00+00:00,1.20511,1.21011,1.20381,1.20989,31166
2023-02-08 08:00:00+00:00,1.2096,1.21094,1.2077,1.20917,43542
2023-02-08 12:00:00+00:00,1.2093,1.21071,1.20559,1.20787,49029
2023-02-08 16:00:00+00:00,1.20767,1.20951,1.20653,1.20708,42396
2023-02-08 20:00:00+00:00,1.20717,1.20735,1.20599,1.207,21208
2023-02-09 00:00:00+00:00,1.20687,1.20831,1.2057,1.208,34986
2023-02-09 04:00:00+00:00,1.20808,1.21043,1.20798,1.20947,28059
2023-02-09 08:00:00+00:00,1.20982,1.21577,1.2095,1.21473,43328
2023-02-09 12:00:00+00:00,1.21513,1.2192,1.2147,1.21703,49209
2023-02-09 16:00:00+00:00,1.21672,1.21694,1.21154,1.2118,45743
2023-02-09 20:00:00+00:00,1.21179,1.2126,1.21112,1.21147,26006
2023-02-10 00:00:00+00:00,1.21144,1.21155,1.2089,1.20913,35141
2023-02-10 04:00:00+00:00,1.20902,1.21211,1.2089,1.21199,36680
2023-02-10 08:00:00+00:00,1.21263,1.21376,1.20823,1.21085,50089
2023-02-10 12:00:00+00:00,1.21071,1.21288,1.20706,1.20754,53025
2023-02-10 16:00:00+00:00,1.20762,1.20858,1.2047,1.20489,37677
2023-02-10 20:00:00+00:00,1.2048,1.2063,1.20477,1.2063,13361
2023-02-11 04:00:00+00:00,1.2059,1.2062,1.2059,1.2062,2
2023-02-13 04:00:00+00:00,1.2044,1.20653,1.2041,1.20632,24439
2023-02-13 08:00:00+00:00,1.20644,1.20645,1.20314,1.20579,40499
2023-02-13 12:00:00+00:00,1.20606,1.21432,1.2058,1.21365,47683
2023-02-13 16:00:00+00:00,1.21354,1.215,1.212,1.21317,36048
2023-02-13 20:00:00+00:00,1.21307,1.21513,1.21289,1.21499,18624
2023-02-14 00:00:00+00:00,1.21479,1.21498,1.21338,1.21452,36695
2023-02-14 04:00:00+00:00,1.2144,1.21684,1.21344,1.21388,34344
2023-02-14 08:00:00+00:00,1.2138,1.22134,1.21369,1.22018,40379
2023-02-14 12:00:00+00:00,1.22023,1.22555,1.21202,1.21556,68022
2023-02-14 16:00:00+00:00,1.21599,1.2187,1.21448,1.21743,52686
2023-02-14 20:00:00+00:00,1.21739,1.21791,1.2166,1.21728,27174
2023-02-15 00:00:00+00:00,1.21736,1.21792,1.21454,1.21464,31431
2023-02-15 04:00:00+00:00,1.21455,1.21595,1.20825,1.20825,33343
2023-02-15 08:00:00+00:00,1.20833,1.21006,1.20565,1.20565,45384
2023-02-15 12:00:00+00:00,1.20583,1.20671,1.19904,1.20023,59101
2023-02-15 16:00:00+00:00,1.20024,1.20334,1.19974,1.2021,41718
2023-02-15 20:00:00+00:00,1.20239,1.20376,1.20183,1.20361,20103
2023-02-16 00:00:00+00:00,1.20389,1.2052,1.20132,1.20465,38431
2023-02-16 04:00:00+00:00,1.20474,1.2051,1.20286,1.20466,35454
2023-02-16 08:00:00+00:00,1.20435,1.20736,1.20397,1.20542,41753
2023-02-16 12:00:00+00:00,1.20542,1.20556,1.19663,1.20125,57809
2023-02-16 16:00:00+00:00,1.20114,1.20266,1.19983,1.20121,44414
2023-02-16 20:00:00+00:00,1.20103,1.20103,1.19705,1.19734,29071
2023-02-17 00:00:00+00:00,1.1972,1.19762,1.19472,1.19539,29758
2023-02-17 04:00:00+00:00,1.1953,1.19569,1.19333,1.19375,29971
2023-02-17 08:00:00+00:00,1.19326,1.19479,1.19159,1.19345,46882
2023-02-17 12:00:00+00:00,1.19351,1.20303,1.19219,1.19973,56358
2023-02-17 16:00:00+00:00,1.19957,1.20456,1.19899,1.20456,42278
2023-02-17 20:00:00+00:00,1.20471,1.2048,1.2036,1.2043,11593
2023-02-18 04:00:00+00:00,1.2036,1.2036,1.2036,1.2036,1
2023-02-18 08:00:00+00:00,1.2042,1.2042,1.2042,1.2042,1
2023-02-19 16:00:00+00:00,1.20214,1.20456,1.20214,1.20234,5
2023-02-19 20:00:00+00:00,1.2024,1.20348,1.20223,1.20284,5649
2023-02-20 00:00:00+00:00,1.20263,1.20319,1.2014,1.20265,35443
2023-02-20 04:00:00+00:00,1.20258,1.20552,1.20258,1.20517,33746
2023-02-20 08:00:00+00:00,1.20476,1.20555,1.20187,1.20315,41081
2023-02-20 12:00:00+00:00,1.2027,1.2042,1.202,1.20292,32066
2023-02-20 16:00:00+00:00,1.20294,1.20418,1.2027,1.20418,19021
2023-02-20 20:00:00+00:00,1.2042,1.2044,1.20221,1.20366,19552
2023-02-21 00:00:00+00:00,1.20357,1.20378,1.20133,1.2023,31816
2023-02-21 04:00:00+00:00,1.2023,1.20312,1.1997,1.2015,29844
2023-02-21 08:00:00+00:00,1.20128,1.21166,1.19905,1.21088,54824
2023-02-21 12:00:00+00:00,1.2111,1.21439,1.20737,1.21413,58150
2023-02-21 16:00:00+00:00,1.21355,1.21382,1.20981,1.21077,42809
2023-02-21 20:00:00+00:00,1.21075,1.2116,1.20929,1.21077,19846
2023-02-22 00:00:00+00:00,1.21075,1.2134,1.2105,1.21191,37502
2023-02-22 04:00:00+00:00,1.21172,1.21279,1.20969,1.21143,27574
2023-02-22 08:00:00+00:00,1.21132,1.21188,1.20647,1.2084,47405
2023-02-22 12:00:00+00:00,1.20822,1.21176,1.20641,1.2067,52661
2023-02-22 16:00:00+00:00,1.20722,1.20823,1.2036,1.2036,47711
2023-02-22 20:00:00+00:00,1.20362,1.20493,1.20362,1.20464,18909
2023-02-23 00:00:00+00:00,1.20474,1.20668,1.2044,1.20637,30621
2023-02-23 04:00:00+00:00,1.20621,1.2074,1.2052,1.206,28247
2023-02-23 08:00:00+00:00,1.20571,1.20592,1.20155,1.20298,45102
2023-02-23 12:00:00+00:00,1.20279,1.20667,1.20141,1.20238,58510
2023-02-23 16:00:00+00:00,1.20244,1.20302,1.19924,1.20172,40901
2023-02-23 20:00:00+00:00,1.20179,1.20231,1.2011,1.20157,24786
2023-02-24 00:00:00+00:00,1.20159,1.20314,1.20086,1.20216,43518
2023-02-24 04:00:00+00:00,1.2021,1.20275,1.201,1.20264,28878
2023-02-24 08:00:00+00:00,1.20254,1.20397,1.19817,1.19872,44590
2023-02-24 12:00:00+00:00,1.19857,1.19857,1.19316,1.19412,64166
2023-02-24 16:00:00+00:00,1.19418,1.19601,1.19378,1.1942,40959
2023-02-24 20:00:00+00:00,1.19475,1.1954,1.19367,1.1944,9566
2023-02-25 08:00:00+00:00,1.1945,1.1945,1.1943,1.1943,6
2023-02-26 16:00:00+00:00,1.19304,1.19585,1.19304,1.1957,4
2023-02-26 20:00:00+00:00,1.19517,1.19548,1.19429,1.19492,4576
2023-02-27 00:00:00+00:00,1.19492,1.19637,1.19374,1.19439,35022
2023-02-27 04:00:00+00:00,1.1944,1.19567,1.19215,1.1955,33291
2023-02-27 08:00:00+00:00,1.19643,1.19869,1.19412,1.19843,45610
2023-02-27 12:00:00+00:00,1.19802,1.20553,1.1974,1.20257,53309
2023-02-27 16:00:00+00:00,1.20296,1.20655,1.20168,1.20576,38630
2023-02-27 20:00:00+00:00,1.20574,1.2068,1.20512,1.20616,17892
2023-02-28 00:00:00+00:00,1.20604,1.20668,1.2047,1.2049,32744
2023-02-28 04:00:00+00:00,1.20506,1.2052,1.2032,1.20362,31965
2023-02-28 08:00:00+00:00,1.20338,1.21078,1.20272,1.2094,48250
2023-02-28 12:00:00+00:00,1.20879,1.2142,1.20866,1.21071,51735
2023-02-28 16:00:00+00:00,1.21065,1.2122,1.20536,1.20536,40886
2023-02-28 20:00:00+00:00,1.20537,1.2055,1.2012,1.20321,24928
2023-03-01 00:00:00+00:00,1.20288,1.20406,1.20135,1.20383,36220
2023-03-01 04:00:00+00:00,1.20388,1.20858,1.20362,1.20781,31223
2023-03-01 08:00:00+00:00,1.20784,1.20882,1.20165,1.20497,53445
2023-03-01 12:00:00+00:00,1.20439,1.20726,1.19657,1.20068,60033
2023-03-01 16:00:00+00:00,1.20044,1.20409,1.19908,1.20157,44652
2023-03-01 20:00:00+00:00,1.20164,1.2031,1.20108,1.20258,17756
2023-03-02 00:00:00+00:00,1.20269,1.20347,1.19993,1.20036,43695
2023-03-02 04:00:00+00:00,1.20051,1.20083,1.19631,1.19779,32720
2023-03-02 08:00:00+00:00,1.19718,1.20076,1.19557,1.19812,50729
2023-03-02 12:00:00+00:00,1.19807,1.19874,1.19268,1.19536,57728
2023-03-02 16:00:00+00:00,1.19546,1.19595,1.19251,1.19426,40593
2023-03-02 20:00:00+00:00,1.19422,1.19553,1.1937,1.19486,20537
2023-03-03 00:00:00+00:00,1.19507,1.19749,1.1947,1.1963,32824
2023-03-03 04:00:00+00:00,1.19661,1.1987,1.1961,1.19723,27324
2023-03-03 08:00:00+00:00,1.19796,1.20034,1.19726,1.1997,44971
2023-03-03 12:00:00+00:00,1.20023,1.20179,1.19647,1.1976,51792
2023-03-03 16:00:00+00:00,1.19764,1.20452,1.19678,1.20444,34971
2023-03-03 20:00:00+00:00,1.20452,1.2048,1.2034,1.2034,9469
2023-03-05 16:00:00+00:00,1.20211,1.20279,1.20201,1.20221,4
2023-03-05 20:00:00+00:00,1.20251,1.2036,1.20066,1.20271,4398
2023-03-06 00:00:00+00:00,1.20291,1.2047,1.20229,1.20431,28841
2023-03-06 04:00:00+00:00,1.20425,1.20436,1.20229,1.20365,28709
2023-03-06 08:00:00+00:00,1.20358,1.20441,1.19932,1.19992,42150
2023-03-06 12:00:00+00:00,1.20004,1.20359,1.19964,1.20271,46771
2023-03-06 16:00:00+00:00,1.20266,1.20484,1.2014,1.20156,30781
2023-03-06 20:00:00+00:00,1.20168,1.2028,1.2013,1.20244,13965
2023-03-07 00:00:00+00:00,1.20252,1.2044,1.20162,1.2044,31189
2023-03-07 04:00:00+00:00,1.20432,1.20633,1.2033,1.2049,30159
2023-03-07 08:00:00+00:00,1.2046,1.20461,1.198,1.19892,45124
2023-03-07 12:00:00+00:00,1.19842,1.19982,1.18693,1.18755,56208
2023-03-07 16:00:00+00:00,1.18753,1.18843,1.1823,1.18288,49488
2023-03-07 20:00:00+00:00,1.18299,1.1838,1.1822,1.18262,16020
2023-03-08 00:00:00+00:00,1.18271,1.18347,1.1808,1.1811,32966
2023-03-08 04:00:00+00:00,1.18137,1.18314,1.18107,1.18247,28806
2023-03-08 08:00:00+00:00,1.18239,1.18465,1.18164,1.18356,41467
2023-03-08 12:00:00+00:00,1.18364,1.18578,1.1806,1.18358,55960
2023-03-08 16:00:00+00:00,1.18379,1.185,1.18264,1.18421,41436
2023-03-08 20:00:00+00:00,1.18414,1.18491,1.18275,1.18487,15963
2023-03-09 00:00:00+00:00,1.18483,1.1854,1.18311,1.18462,29383
2023-03-09 04:00:00+00:00,1.1846,1.18634,1.1842,1.1849,25700
2023-03-09 08:00:00+00:00,1.18434,1.19008,1.18401,1.1889,42856
2023-03-09 12:00:00+00:00,1.1886,1.19349,1.18762,1.19107,49534
2023-03-09 16:00:00+00:00,1.19091,1.19345,1.19044,1.19097,41382
2023-03-09 20:00:00+00:00,1.19102,1.19234,1.19056,1.19223,22329
2023-03-10 00:00:00+00:00,1.19225,1.19324,1.19101,1.19242,41353
2023-03-10 04:00:00+00:00,1.19239,1.19598,1.19188,1.19546,33829
2023-03-10 08:00:00+00:00,1.19602,1.2002,1.1929,1.19931,49304
2023-03-10 12:00:00+00:00,1.19887,1.21089,1.19762,1.20979,72774
2023-03-10 16:00:00+00:00,1.20944,1.20954,1.20182,1.20318,57806
2023-03-10 20:00:00+00:00,1.20314,1.20358,1.20208,1.2033,15209
2023-03-11 08:00:00+00:00,1.2029,1.203,1.2029,1.203,2
2023-03-12 16:00:00+00:00,1.20158,1.20332,1.20158,1.20295,4
2023-03-12 20:00:00+00:00,1.20235,1.21024,1.20235,1.20743,13657
2023-03-13 00:00:00+00:00,1.20733,1.21397,1.20538,1.2123,48354
2023-03-13 04:00:00+00:00,1.21223,1.21279,1.20967,1.21025,40947
2023-03-13 08:00:00+00:00,1.21056,1.21178,1.20505,1.20766,73434
2023-03-13 12:00:00+00:00,1.20871,1.21754,1.2063,1.21584,81630
2023-03-13 16:00:00+00:00,1.21573,1.2199,1.21417,1.21846,56646
2023-03-13 20:00:00+00:00,1.21843,1.2188,1.2166,1.2166,19813
2023-03-14 00:00:00+00:00,1.21664,1.21679,1.21444,1.21534,47053
2023-03-14 04:00:00+00:00,1.21554,1.21818,1.21458,1.21547,43842
2023-03-14 08:00:00+00:00,1.21575,1.21663,1.21429,1.21659,54448
2023-03-14 12:00:00+00:00,1.21631,1.22017,1.21405,1.21447,71622
2023-03-14 16:00:00+00:00,1.2145,1.21831,1.21426,1.21777,51675
2023-03-14 20:00:00+00:00,1.21775,1.2178,1.21497,1.215,23658
2023-03-15 00:00:00+00:00,1.21499,1.21802,1.21463,1.21717,43206
2023-03-15 04:00:00+00:00,1.21718,1.21735,1.21398,1.21566,35399
2023-03-15 08:00:00+00:00,1.2153,1.21636,1.2061,1.20668,68102
2023-03-15 12:00:00+00:00,1.20648,1.21007,1.20188,1.20307,80744
2023-03-15 16:00:00+00:00,1.20302,1.20841,1.20107,1.20593,64461
2023-03-15 20:00:00+00:00,1.20594,1.20709,1.2043,1.2067,17505
2023-03-16 00:00:00+00:00,1.20619,1.20802,1.20609,1.20744,51149
2023-03-16 04:00:00+00:00,1.20745,1.2099,1.20639,1.20952,36466
2023-03-16 08:00:00+00:00,1.21032,1.21102,1.20329,1.2049,55995
2023-03-16 12:00:00+00:00,1.20493,1.2116,1.20285,1.21096,76112
2023-03-16 16:00:00+00:00,1.21116,1.21272,1.2101,1.21156,48884
2023-03-16 20:00:00+00:00,1.2117,1.21209,1.2098,1.21078,17035
2023-03-17 00:00:00+00:00,1.2107,1.2147,1.21,1.21398,38957
2023-03-17 04:00:00+00:00,1.21395,1.21759,1.21395,1.21632,34278
2023-03-17 08:00:00+00:00,1.21654,1.21703,1.21142,1.21314,48514
2023-03-17 12:00:00+00:00,1.21292,1.21646,1.21251,1.21395,59095
2023-03-17 16:00:00+00:00,1.2136,1.21997,1.2136,1.21693,42481
2023-03-17 20:00:00+00:00,1.21694,1.2182,1.2168,1.2181,4792
2023-03-18 04:00:00+00:00,1.2176,1.2181,1.2176,1.2181,2
2023-03-18 12:00:00+00:00,1.2176,1.2181,1.2176,1.2181,2
2023-03-19 16:00:00+00:00,1.21309,1.22243,1.21309,1.22191,5
2023-03-19 20:00:00+00:00,1.2207,1.2207,1.21776,1.21865,12003
2023-03-20 00:00:00+00:00,1.21862,1.22,1.21687,1.21717,45280
2023-03-20 04:00:00+00:00,1.21735,1.21987,1.21672,1.21891,41854
2023-03-20 08:00:00+00:00,1.21909,1.22317,1.21703,1.22314,53513
2023-03-20 12:00:00+00:00,1.22347,1.2265,1.22165,1.22553,49749
2023-03-20 16:00:00+00:00,1.22537,1.22842,1.22537,1.2275,33260
2023-03-20 20:00:00+00:00,1.22774,1.2281,1.22701,1.22724,14471
2023-03-21 00:00:00+00:00,1.22733,1.22798,1.22561,1.22584,34802
2023-03-21 04:00:00+00:00,1.22565,1.22619,1.22365,1.22367,26393
2023-03-21 08:00:00+00:00,1.22414,1.22578,1.22296,1.22498,40559
2023-03-21 12:00:00+00:00,1.22523,1.22556,1.21818,1.21939,43724
2023-03-21 16:00:00+00:00,1.21952,1.22179,1.21791,1.22173,27638
2023-03-21 20:00:00+00:00,1.22188,1.2225,1.2211,1.2223,10537
2023-03-22 00:00:00+00:00,1.22242,1.2233,1.22073,1.22302,37506
2023-03-22 04:00:00+00:00,1.22305,1.22702,1.2223,1.22592,30273
2023-03-22 08:00:00+00:00,1.22619,1.2295,1.22619,1.2268,37670
2023-03-22 12:00:00+00:00,1.22698,1.22791,1.22228,1.22302,37327
2023-03-22 16:00:00+00:00,1.223,1.2333,1.22266,1.22722,56803
2023-03-22 20:00:00+00:00,1.22747,1.2281,1.22623,1.22758,27040
2023-03-23 00:00:00+00:00,1.22801,1.23231,1.22757,1.23151,34994
2023-03-23 04:00:00+00:00,1.23149,1.23418,1.23082,1.23095,33657
2023-03-23 08:00:00+00:00,1.23148,1.23307,1.22831,1.2303,43268
2023-03-23 12:00:00+00:00,1.23283,1.23341,1.22654,1.23205,50577
2023-03-23 16:00:00+00:00,1.23195,1.23274,1.22647,1.22898,46567
2023-03-23 20:00:00+00:00,1.22888,1.2291,1.22761,1.22802,19086
2023-03-24 00:00:00+00:00,1.2278,1.22855,1.22613,1.22815,38495
2023-03-24 04:00:00+00:00,1.22807,1.2288,1.22671,1.22708,30195
2023-03-24 08:00:00+00:00,1.22698,1.2273,1.21914,1.22182,54937
2023-03-24 12:00:00+00:00,1.2214,1.22307,1.22007,1.22232,55373
2023-03-24 16:00:00+00:00,1.2226,1.2234,1.22125,1.22259,26502
2023-03-24 20:00:00+00:00,1.2227,1.2233,1.2225,1.2226,3261
2023-03-26 16:00:00+00:00,1.22059,1.22302,1.22059,1.22302,4
2023-03-26 20:00:00+00:00,1.22291,1.22496,1.22265,1.22447,8558
2023-03-27 00:00:00+00:00,1.22403,1.225,1.223,1.2245,34475
2023-03-27 04:00:00+00:00,1.2244,1.22573,1.2218,1.22347,34479
2023-03-27 08:00:00+00:00,1.22357,1.22722,1.22347,1.22643,36455
2023-03-27 12:00:00+00:00,1.22676,1.22906,1.22402,1.22773,42904
2023-03-27 16:00:00+00:00,1.22792,1.2292,1.2272,1.22884,27558
2023-03-27 20:00:00+00:00,1.22881,1.2298,1.22705,1.2296,21437
2023-03-28 00:00:00+00:00,1.2293,1.23211,1.2293,1.2318,30235
2023-03-28 04:00:00+00:00,1.23194,1.23298,1.23094,1.23094,31067
2023-03-28 08:00:00+00:00,1.23133,1.23266,1.22816,1.2321,33742
2023-03-28 12:00:00+00:00,1.23239,1.23487,1.23003,1.23394,40293
2023-03-28 16:00:00+00:00,1.23414,1.2347,1.233,1.2343,22453
2023-03-28 20:00:00+00:00,1.2342,1.23422,1.23255,1.23294,10467
2023-03-29 00:00:00+00:00,1.23348,1.23406,1.23201,1.23246,27173
2023-03-29 04:00:00+00:00,1.23248,1.23335,1.23097,1.23212,32742
2023-03-29 08:00:00+00:00,1.23189,1.23594,1.23052,1.23388,39920
2023-03-29 12:00:00+00:00,1.23421,1.2344,1.2303,1.23106,47546
2023-03-29 16:00:00+00:00,1.23131,1.23223,1.2306,1.23122,27752
2023-03-29 20:00:00+00:00,1.23118,1.2318,1.22964,1.23098,10240
2023-03-30 00:00:00+00:00,1.23104,1.23107,1.22935,1.23035,27804
2023-03-30 04:00:00+00:00,1.23034,1.23524,1.23023,1.23506,34670
2023-03-30 08:00:00+00:00,1.23481,1.2362,1.23287,1.23382,35729
2023-03-30 12:00:00+00:00,1.23408,1.23824,1.2339,1.23669,43698
2023-03-30 16:00:00+00:00,1.23665,1.23925,1.2364,1.23891,24095
2023-03-30 20:00:00+00:00,1.239,1.23912,1.23778,1.23851,10621
2023-03-31 00:00:00+00:00,1.23865,1.24214,1.23828,1.23963,28984
2023-03-31 04:00:00+00:00,1.23965,1.2403,1.23615,1.2367,30124
2023-03-31 08:00:00+00:00,1.23626,1.23907,1.23545,1.23737,35394
2023-03-31 12:00:00+00:00,1.23753,1.23962,1.23441,1.23679,44569
2023-03-31 16:00:00+00:00,1.23628,1.23662,1.2325,1.23365,24729
2023-03-31 20:00:00+00:00,1.23342,1.2344,1.2325,1.2344,4664
2023-04-02 16:00:00+00:00,1.2322,1.23256,1.2322,1.23256,2
2023-04-02 20:00:00+00:00,1.23261,1.23307,1.22847,1.22856,9898
2023-04-03 00:00:00+00:00,1.22879,1.23063,1.22756,1.22756,33630
2023-04-03 04:00:00+00:00,1.2275,1.23249,1.22748,1.23228,30302
2023-04-03 08:00:00+00:00,1.23225,1.23823,1.23101,1.23823,35498
2023-04-03 12:00:00+00:00,1.23794,1.24199,1.23781,1.24017,44696
2023-04-03 16:00:00+00:00,1.23997,1.24224,1.2385,1.24218,24460
2023-04-03 20:00:00+00:00,1.2419,1.2425,1.2409,1.24191,11909
2023-04-04 00:00:00+00:00,1.24213,1.2422,1.23992,1.24032,26498
2023-04-04 04:00:00+00:00,1.24042,1.24727,1.23943,1.24697,32238
2023-04-04 08:00:00+00:00,1.24711,1.25191,1.24627,1.24808,35426
2023-04-04 12:00:00+00:00,1.24819,1.25193,1.2467,1.2498,45918
2023-04-04 16:00:00+00:00,1.24989,1.2501,1.24888,1.24984,23219
2023-04-04 20:00:00+00:00,1.24986,1.25076,1.24962,1.24986,10946
2023-04-05 00:00:00+00:00,1.24973,1.25092,1.24825,1.24893,26847
2023-04-05 04:00:00+00:00,1.24882,1.25138,1.248,1.24863,29668
2023-04-05 08:00:00+00:00,1.24849,1.24931,1.24574,1.24726,34648
2023-04-05 12:00:00+00:00,1.2472,1.24977,1.24351,1.24678,51312
2023-04-05 16:00:00+00:00,1.24686,1.24686,1.24469,1.24586,24088
2023-04-05 20:00:00+00:00,1.24599,1.2467,1.2455,1.2461,9666
2023-04-06 00:00:00+00:00,1.2463,1.2463,1.24366,1.24447,19626
2023-04-06 04:00:00+00:00,1.24457,1.24854,1.24398,1.24685,25023
2023-04-06 08:00:00+00:00,1.24663,1.24803,1.24528,1.2478,30948
2023-04-06 12:00:00+00:00,1.248,1.24806,1.24134,1.24541,42343
2023-04-06 16:00:00+00:00,1.24571,1.24663,1.24399,1.2441,19540
2023-04-06 20:00:00+00:00,1.24425,1.2443,1.24322,1.24357,11667
2023-04-07 00:00:00+00:00,1.24386,1.2449,1.24339,1.24475,24717
2023-04-07 04:00:00+00:00,1.24474,1.24553,1.2433,1.2434,20131
2023-04-07 08:00:00+00:00,1.2433,1.24452,1.24316,1.2435,19852
2023-04-07 12:00:00+00:00,1.2436,1.2436,1.23928,1.2417,28370
2023-04-07 16:00:00+00:00,1.2419,1.24271,1.24145,1.2424,10931
2023-04-07 20:00:00+00:00,1.2427,1.2429,1.2414,1.242,2367
2023-04-08 04:00:00+00:00,1.244,1.244,1.2421,1.2421,2
2023-04-09 16:00:00+00:00,1.24119,1.24119,1.24119,1.24119,1
2023-04-09 20:00:00+00:00,1.24141,1.2431,1.24079,1.24301,8861
2023-04-10 00:00:00+00:00,1.24336,1.24336,1.2406,1.2406,24944
2023-04-10 04:00:00+00:00,1.24062,1.2425,1.2396,1.2425,22720
2023-04-10 08:00:00+00:00,1.24258,1.24422,1.24099,1.24121,27124
2023-04-10 12:00:00+00:00,1.24139,1.24139,1.23472,1.23574,34631
2023-04-10 16:00:00+00:00,1.23572,1.23845,1.23561,1.23845,15363
2023-04-10 20:00:00+00:00,1.23837,1.23905,1.23778,1.23902,12905
2023-04-11 00:00:00+00:00,1.23929,1.2412,1.23868,1.2405,29295
2023-04-11 04:00:00+00:00,1.24068,1.24357,1.24006,1.24243,31907
2023-04-11 08:00:00+00:00,1.24267,1.24553,1.24208,1.24279,35774
2023-04-11 12:00:00+00:00,1.24291,1.24381,1.24078,1.24078,38517
2023-04-11 16:00:00+00:00,1.24072,1.24268,1.24059,1.24249,20677
2023-04-11 20:00:00+00:00,1.24258,1.24303,1.24208,1.24284,10261
2023-04-12 00:00:00+00:00,1.24304,1.244,1.24205,1.24313,24405
2023-04-12 04:00:00+00:00,1.24309,1.24443,1.24179,1.24235,25470
2023-04-12 08:00:00+00:00,1.24208,1.2428,1.23987,1.24043,29251
2023-04-12 12:00:00+00:00,1.24038,1.24826,1.2398,1.2469,51756
2023-04-12 16:00:00+00:00,1.24684,1.2494,1.24684,1.2483,28754
2023-04-12 20:00:00+00:00,1.24817,1.24946,1.24789,1.24899,13061
2023-04-13 00:00:00+00:00,1.24904,1.24959,1.2481,1.24857,28424
2023-04-13 04:00:00+00:00,1.24858,1.25062,1.24789,1.24957,28846
2023-04-13 08:00:00+00:00,1.25029,1.25251,1.25022,1.25022,34869
2023-04-13 12:00:00+00:00,1.25012,1.25358,1.25012,1.2529,47533
2023-04-13 16:00:00+00:00,1.2531,1.25342,1.2519,1.25243,23116
2023-04-13 20:00:00+00:00,1.25267,1.2529,1.2516,1.25228,12195
2023-04-14 00:00:00+00:00,1.25217,1.25452,1.25187,1.25408,32350
2023-04-14 04:00:00+00:00,1.25405,1.25444,1.2525,1.25265,29533
2023-04-14 08:00:00+00:00,1.25249,1.25249,1.2485,1.24927,33210
2023-04-14 12:00:00+00:00,1.24935,1.25094,1.2414,1.24158,54692
2023-04-14 16:00:00+00:00,1.24184,1.24252,1.2398,1.24156,26915
2023-04-14 20:00:00+00:00,1.24151,1.2427,1.2412,1.2422,3406
2023-04-15 12:00:00+00:00,1.2413,1.2421,1.2413,1.2421,2
2023-04-16 16:00:00+00:00,1.24044,1.24044,1.24044,1.24044,2
2023-04-16 20:00:00+00:00,1.24039,1.2415,1.2398,1.2399,4773
2023-04-17 00:00:00+00:00,1.24001,1.24114,1.23832,1.2403,22595
2023-04-17 04:00:00+00:00,1.24023,1.24263,1.2399,1.24133,27419
2023-04-17 08:00:00+00:00,1.24116,1.2427,1.23759,1.24243,36689
2023-04-17 12:00:00+00:00,1.24212,1.24375,1.23561,1.23561,46869
2023-04-17 16:00:00+00:00,1.23545,1.2378,1.2352,1.2378,21193
2023-04-17 20:00:00+00:00,1.2377,1.2383,1.23701,1.2373,8904
2023-04-18 00:00:00+00:00,1.23752,1.23868,1.23673,1.23815,24488
2023-04-18 04:00:00+00:00,1.23807,1.24288,1.238,1.24288,28927
2023-04-18 08:00:00+00:00,1.24285,1.24474,1.2426,1.2441,34121
2023-04-18 12:00:00+00:00,1.24424,1.2449,1.24144,1.24195,41280
2023-04-18 16:00:00+00:00,1.24179,1.2432,1.2416,1.24252,20188
2023-04-18 20:00:00+00:00,1.24253,1.2434,1.24215,1.2425,9989
2023-04-19 00:00:00+00:00,1.24284,1.24324,1.24096,1.24195,21579
2023-04-19 04:00:00+00:00,1.24182,1.24704,1.24045,1.2459,34547
2023-04-19 08:00:00+00:00,1.24592,1.24596,1.23929,1.24049,44036
2023-04-19 12:00:00+00:00,1.24015,1.24724,1.2401,1.2439,42096
2023-04-19 16:00:00+00:00,1.24384,1.24535,1.2436,1.24391,23107
2023-04-19 20:00:00+00:00,1.2439,1.2443,1.2424,1.2427,10491
2023-04-20 00:00:00+00:00,1.24295,1.24347,1.24198,1.24285,22538
2023-04-20 04:00:00+00:00,1.2427,1.24511,1.24204,1.24213,30204
2023-04-20 08:00:00+00:00,1.24176,1.24514,1.24165,1.24281,35944
2023-04-20 12:00:00+00:00,1.2428,1.24653,1.24055,1.24462,44911
2023-04-20 16:00:00+00:00,1.24483,1.2452,1.2429,1.2437,25416
2023-04-20 20:00:00+00:00,1.2435,1.2446,1.2432,1.24388,9347
2023-04-21 00:00:00+00:00,1.24373,1.24456,1.2429,1.24354,21576
2023-04-21 04:00:00+00:00,1.2434,1.24356,1.23791,1.23976,30995
2023-04-21 08:00:00+00:00,1.23972,1.241,1.23785,1.2394,37673
2023-04-21 12:00:00+00:00,1.2396,1.24239,1.23693,1.24174,47023
2023-04-21 16:00:00+00:00,1.24197,1.24438,1.24177,1.24438,28346
2023-04-21 20:00:00+00:00,1.24448,1.24461,1.2434,1.2434,3612
2023-04-23 16:00:00+00:00,1.24182,1.24182,1.24179,1.24179,2
2023-04-23 20:00:00+00:00,1.24206,1.24514,1.24206,1.24474,5100
2023-04-24 00:00:00+00:00,1.24445,1.24498,1.2431,1.2435,25024
2023-04-24 04:00:00+00:00,1.24352,1.2442,1.24132,1.24366,31180
2023-04-24 08:00:00+00:00,1.24387,1.24578,1.24267,1.2437,36839
2023-04-24 12:00:00+00:00,1.24356,1.24681,1.2431,1.2456,41007
2023-04-24 16:00:00+00:00,1.24598,1.24849,1.2458,1.2482,21213
2023-04-24 20:00:00+00:00,1.24822,1.2499,1.24797,1.2499,10321
2023-04-25 00:00:00+00:00,1.2497,1.25055,1.2483,1.24845,23238
2023-04-25 04:00:00+00:00,1.24853,1.24906,1.2456,1.24621,32582
2023-04-25 08:00:00+00:00,1.24622,1.24774,1.24274,1.24274,36267
2023-04-25 12:00:00+00:00,1.24276,1.24413,1.23877,1.23954,44528
2023-04-25 16:00:00+00:00,1.23977,1.24132,1.23916,1.24023,29586
2023-04-25 20:00:00+00:00,1.24015,1.24174,1.24015,1.24124,11195
2023-04-26 00:00:00+00:00,1.24154,1.24183,1.2402,1.24127,27869
2023-04-26 04:00:00+00:00,1.2413,1.24607,1.24119,1.24593,33428
2023-04-26 08:00:00+00:00,1.24581,1.24886,1.24498,1.24724,46053
2023-04-26 12:00:00+00:00,1.24725,1.25105,1.24618,1.24842,51426
2023-04-26 16:00:00+00:00,1.24826,1.24858,1.2453,1.2463,31277
2023-04-26 20:00:00+00:00,1.24621,1.24726,1.24607,1.24692,10955
2023-04-27 00:00:00+00:00,1.24692,1.24769,1.24623,1.24681,26900
2023-04-27 04:00:00+00:00,1.24682,1.24874,1.24619,1.24619,34701
2023-04-27 08:00:00+00:00,1.24601,1.24786,1.244,1.24774,37245
2023-04-27 12:00:00+00:00,1.2479,1.2493,1.24376,1.24689,53648
2023-04-27 16:00:00+00:00,1.2473,1.24965,1.24617,1.24897,28342
2023-04-27 20:00:00+00:00,1.2489,1.25,1.2484,1.24966,16237
2023-04-28 00:00:00+00:00,1.24984,1.25031,1.24867,1.24927,29561
2023-04-28 04:00:00+00:00,1.24892,1.24914,1.24649,1.24914,43515
2023-04-28 08:00:00+00:00,1.24856,1.24856,1.24479,1.24707,41994
2023-04-28 12:00:00+00:00,1.24702,1.25803,1.24614,1.25803,58578
2023-04-28 16:00:00+00:00,1.25794,1.25827,1.2558,1.2567,29702
2023-04-28 20:00:00+00:00,1.25659,1.2569,1.2562,1.2568,5172
2023-04-29 08:00:00+00:00,1.2573,1.2573,1.2567,1.2567,2
2023-04-30 16:00:00+00:00,1.25526,1.25579,1.25526,1.25579,2
2023-04-30 20:00:00+00:00,1.2556,1.25672,1.2555,1.25575,6917
2023-05-01 00:00:00+00:00,1.25569,1.2568,1.2549,1.2568,23274
2023-05-01 04:00:00+00:00,1.25676,1.25676,1.2531,1.2533,21374
2023-05-01 08:00:00+00:00,1.2529,1.25386,1.2514,1.25228,30451
2023-05-01 12:00:00+00:00,1.25234,1.2559,1.24885,1.24925,49261
2023-05-01 16:00:00+00:00,1.24911,1.24962,1.2481,1.24912,29042
2023-05-01 20:00:00+00:00,1.24913,1.2499,1.24819,1.24842,12865
2023-05-02 00:00:00+00:00,1.24845,1.25111,1.24845,1.24964,27294
2023-05-02 04:00:00+00:00,1.24977,1.25107,1.24874,1.24903,36577
2023-05-02 08:00:00+00:00,1.24849,1.24889,1.24666,1.248,19905
2023-05-02 12:00:00+00:00,1.24782,1.24881,1.24354,1.24733,53434
2023-05-02 16:00:00+00:00,1.24723,1.2482,1.24665,1.24747,27110
2023-05-02 20:00:00+00:00,1.24756,1.2477,1.2463,1.24761,11904
2023-05-03 00:00:00+00:00,1.24769,1.24927,1.2468,1.24923,22583
2023-05-03 04:00:00+00:00,1.24913,1.2521,1.24808,1.25102,28345
2023-05-03 08:00:00+00:00,1.25115,1.25321,1.25016,1.25022,36180
2023-05-03 12:00:00+00:00,1.25018,1.25512,1.24891,1.25445,46416
2023-05-03 16:00:00+00:00,1.25438,1.25874,1.2539,1.25517,48248
2023-05-03 20:00:00+00:00,1.25527,1.25756,1.2552,1.25667,21547
2023-05-04 00:00:00+00:00,1.25682,1.25892,1.2567,1.25834,30124
2023-05-04 04:00:00+00:00,1.25817,1.25923,1.2561,1.25699,35699
2023-05-04 08:00:00+00:00,1.25665,1.25855,1.25527,1.25855,43363
2023-05-04 12:00:00+00:00,1.25832,1.2596,1.25514,1.25771,66740
2023-05-04 16:00:00+00:00,1.25784,1.25976,1.25726,1.25732,36085
2023-05-04 20:00:00+00:00,1.25734,1.2584,1.25672,1.2581,13086
2023-05-05 00:00:00+00:00,1.25817,1.2614,1.25761,1.26086,26313
2023-05-05 04:00:00+00:00,1.26097,1.26331,1.25975,1.26102,31844
2023-05-05 08:00:00+00:00,1.26096,1.26171,1.26,1.26046,34544
2023-05-05 12:00:00+00:00,1.26046,1.26498,1.25631,1.26475,57757
2023-05-05 16:00:00+00:00,1.26449,1.26504,1.26282,1.26346,29539
2023-05-05 20:00:00+00:00,1.26342,1.264,1.26289,1.2638,4979
2023-05-07 16:00:00+00:00,1.26219,1.26344,1.26219,1.26344,2
2023-05-07 20:00:00+00:00,1.26255,1.26346,1.2621,1.26294,5704
2023-05-08 00:00:00+00:00,1.26298,1.26461,1.26266,1.26447,24669
2023-05-08 04:00:00+00:00,1.26441,1.26569,1.26316,1.2637,26193
2023-05-08 08:00:00+00:00,1.2642,1.26678,1.26322,1.26496,31020
2023-05-08 12:00:00+00:00,1.26485,1.26549,1.2627,1.26308,36172
2023-05-08 16:00:00+00:00,1.2628,1.26435,1.2612,1.2614,24720
2023-05-08 20:00:00+00:00,1.26152,1.2629,1.261,1.26121,11543
2023-05-09 00:00:00+00:00,1.26108,1.26172,1.26037,1.2616,25381
2023-05-09 04:00:00+00:00,1.26168,1.26385,1.2598,1.26021,32319
2023-05-09 08:00:00+00:00,1.26003,1.26248,1.25982,1.26,35862
2023-05-09 12:00:00+00:00,1.26006,1.26205,1.258,1.26175,44769
2023-05-09 16:00:00+00:00,1.26144,1.2628,1.2608,1.2618,29390
2023-05-09 20:00:00+00:00,1.26196,1.2628,1.26122,1.2623,10778
2023-05-10 00:00:00+00:00,1.26245,1.26324,1.26237,1.26302,21674
2023-05-10 04:00:00+00:00,1.26293,1.26427,1.2611,1.26223,27071
2023-05-10 08:00:00+00:00,1.26176,1.26336,1.26034,1.26074,32521
2023-05-10 12:00:00+00:00,1.26096,1.26776,1.26055,1.26117,52700
2023-05-10 16:00:00+00:00,1.26107,1.2631,1.26064,1.26254,30692
2023-05-10 20:00:00+00:00,1.26255,1.263,1.262,1.26239,11680
2023-05-11 00:00:00+00:00,1.26277,1.264,1.26164,1.26164,25057
2023-05-11 04:00:00+00:00,1.2615,1.26237,1.25658,1.25658,32127
2023-05-11 08:00:00+00:00,1.257,1.26138,1.25671,1.25858,43524
2023-05-11 12:00:00+00:00,1.25901,1.26072,1.2498,1.24997,56083
2023-05-11 16:00:00+00:00,1.24997,1.2517,1.24997,1.25114,26902
2023-05-11 20:00:00+00:00,1.25119,1.2514,1.2505,1.25071,9471
2023-05-12 00:00:00+00:00,1.25092,1.25212,1.2508,1.25212,23710
2023-05-12 04:00:00+00:00,1.25199,1.25395,1.25072,1.25172,30453
2023-05-12 08:00:00+00:00,1.25177,1.25398,1.2514,1.25195,35227
2023-05-12 12:00:00+00:00,1.25184,1.25191,1.24593,1.2463,47677
2023-05-12 16:00:00+00:00,1.24614,1.24614,1.2444,1.245,25090
2023-05-12 20:00:00+00:00,1.24505,1.24513,1.2445,1.2451,4963
2023-05-13 20:00:00+00:00,1.2458,1.2458,1.245,1.245,2
2023-05-14 16:00:00+00:00,1.24356,1.24454,1.24356,1.24454,2
2023-05-14 20:00:00+00:00,1.24498,1.24596,1.24419,1.24508,4457
2023-05-15 00:00:00+00:00,1.24528,1.24649,1.24451,1.24568,23951
2023-05-15 04:00:00+00:00,1.2457,1.24899,1.2452,1.24816,26722
2023-05-15 08:00:00+00:00,1.24814,1.2513,1.2476,1.2507,31407
2023-05-15 12:00:00+00:00,1.251,1.25247,1.25039,1.2524,40297
2023-05-15 16:00:00+00:00,1.25245,1.25337,1.2518,1.25313,22761
2023-05-15 20:00:00+00:00,1.2531,1.2531,1.25211,1.25236,9317
2023-05-16 00:00:00+00:00,1.25243,1.2532,1.25147,1.25273,21905
2023-05-16 04:00:00+00:00,1.25268,1.25294,1.24659,1.25142,31877
2023-05-16 08:00:00+00:00,1.2516,1.25446,1.25144,1.25181,33014
2023-05-16 12:00:00+00:00,1.25194,1.25353,1.2477,1.24923,51272
2023-05-16 16:00:00+00:00,1.24913,1.2496,1.24773,1.2481,27935
2023-05-16 20:00:00+00:00,1.2479,1.2486,1.24784,1.24831,10481
2023-05-17 00:00:00+00:00,1.24864,1.24922,1.24775,1.2481,26094
2023-05-17 04:00:00+00:00,1.24803,1.24825,1.24218,1.24218,30837
2023-05-17 08:00:00+00:00,1.24256,1.24692,1.24225,1.24605,34660
2023-05-17 12:00:00+00:00,1.24585,1.24856,1.24449,1.24746,46138
2023-05-17 16:00:00+00:00,1.24756,1.25093,1.2474,1.2492,28316
2023-05-17 20:00:00+00:00,1.24915,1.24923,1.248,1.248,9936
2023-05-18 00:00:00+00:00,1.24818,1.24914,1.24772,1.24788,25805
2023-05-18 04:00:00+00:00,1.24782,1.2479,1.24467,1.24504,30600
2023-05-18 08:00:00+00:00,1.24491,1.24578,1.24265,1.24429,35111
2023-05-18 12:00:00+00:00,1.24423,1.24468,1.23992,1.24214,46473
2023-05-18 16:00:00+00:00,1.24227,1.24227,1.23915,1.24085,28404
2023-05-18 20:00:00+00:00,1.24087,1.2414,1.24026,1.24111,11982
2023-05-19 00:00:00+00:00,1.24116,1.24144,1.23919,1.24015,26472
2023-05-19 04:00:00+00:00,1.24012,1.24243,1.23932,1.24066,31062
2023-05-19 08:00:00+00:00,1.24025,1.24431,1.23973,1.24431,37187
2023-05-19 12:00:00+00:00,1.24421,1.24788,1.24229,1.24615,52452
2023-05-19 16:00:00+00:00,1.24626,1.24738,1.24358,1.24486,33265
2023-05-19 20:00:00+00:00,1.245,1.24508,1.24414,1.2447,5502
2023-05-20 08:00:00+00:00,1.2445,1.2446,1.2445,1.2446,2
2023-05-21 16:00:00+00:00,1.24344,1.24473,1.24344,1.2445,6
2023-05-21 20:00:00+00:00,1.24488,1.2461,1.2434,1.2461,4400
2023-05-22 00:00:00+00:00,1.24589,1.24709,1.24555,1.24568,26763
2023-05-22 04:00:00+00:00,1.24567,1.24619,1.24146,1.24337,31813
2023-05-22 08:00:00+00:00,1.24321,1.24637,1.24228,1.24627,35564
2023-05-22 12:00:00+00:00,1.24614,1.247,1.2415,1.24221,46630
2023-05-22 16:00:00+00:00,1.24231,1.24428,1.242,1.24313,28428
2023-05-22 20:00:00+00:00,1.2432,1.2439,1.24288,1.24336,13828
2023-05-23 00:00:00+00:00,1.24356,1.2445,1.24257,1.2436,27289
2023-05-23 04:00:00+00:00,1.2434,1.2436,1.24035,1.24089,33562
2023-05-23 08:00:00+00:00,1.24056,1.24127,1.2372,1.23834,40379
2023-05-23 12:00:00+00:00,1.23863,1.2432,1.23767,1.24204,47849
2023-05-23 16:00:00+00:00,1.2418,1.2423,1.2408,1.2409,30358
2023-05-23 20:00:00+00:00,1.24095,1.242,1.2408,1.2415,10468
2023-05-24 00:00:00+00:00,1.24179,1.24279,1.2415,1.24253,23044
2023-05-24 04:00:00+00:00,1.24246,1.24637,1.24027,1.24097,35461
2023-05-24 08:00:00+00:00,1.2405,1.24304,1.23643,1.23978,41733
2023-05-24 12:00:00+00:00,1.23964,1.24115,1.2358,1.23648,49697
2023-05-24 16:00:00+00:00,1.23668,1.23769,1.23574,1.23601,37687
2023-05-24 20:00:00+00:00,1.23602,1.23705,1.2357,1.2368,16111
2023-05-25 00:00:00+00:00,1.23658,1.23681,1.23325,1.23389,26409
2023-05-25 04:00:00+00:00,1.23381,1.23652,1.23345,1.23537,32173
2023-05-25 08:00:00+00:00,1.23568,1.23853,1.23529,1.23632,35837
2023-05-25 12:00:00+00:00,1.23636,1.23764,1.23182,1.23232,54304
2023-05-25 16:00:00+00:00,1.23237,1.23319,1.23082,1.23182,30762
2023-05-25 20:00:00+00:00,1.23178,1.2329,1.23144,1.2315,13466
2023-05-26 12:00:00+00:00,1.23519,1.23611,1.23213,1.23387,21270
2023-05-26 16:00:00+00:00,1.23409,1.23564,1.23382,1.23512,27969
2023-05-26 20:00:00+00:00,1.23501,1.2352,1.2345,1.2345,5729
2023-05-28 16:00:00+00:00,1.2343,1.2343,1.23342,1.23388,3
2023-05-28 20:00:00+00:00,1.23373,1.23516,1.23355,1.2345,5259
2023-05-29 00:00:00+00:00,1.23451,1.2357,1.23407,1.23459,23381
2023-05-29 04:00:00+00:00,1.23452,1.23716,1.23381,1.23404,26066
2023-05-29 08:00:00+00:00,1.23426,1.23517,1.23358,1.23401,23463
2023-05-29 12:00:00+00:00,1.234,1.23615,1.2336,1.23613,18331
2023-05-29 16:00:00+00:00,1.2359,1.2362,1.2355,1.2356,11713
2023-05-29 20:00:00+00:00,1.23559,1.2359,1.23458,1.23474,11491
2023-05-30 00:00:00+00:00,1.23465,1.23764,1.2343,1.23479,28760
2023-05-30 04:00:00+00:00,1.23488,1.23567,1.23276,1.23549,35448
2023-05-30 08:00:00+00:00,1.23577,1.24349,1.2355,1.24337,41524
2023-05-30 12:00:00+00:00,1.24356,1.24443,1.23982,1.24011,43848
2023-05-30 16:00:00+00:00,1.2399,1.24084,1.23841,1.24084,30997
2023-05-30 20:00:00+00:00,1.2405,1.2414,1.2404,1.24117,10140
2023-05-31 00:00:00+00:00,1.2413,1.24237,1.23808,1.23869,28713
2023-05-31 04:00:00+00:00,1.23875,1.23979,1.23603,1.23613,35899
2023-05-31 08:00:00+00:00,1.23637,1.23737,1.23481,1.23612,32960
2023-05-31 12:00:00+00:00,1.23629,1.24118,1.23585,1.23929,49403
2023-05-31 16:00:00+00:00,1.23931,1.24386,1.23761,1.24362,35760
2023-05-31 20:00:00+00:00,1.244,1.2449,1.243,1.24446,13974
2023-06-01 00:00:00+00:00,1.24444,1.24475,1.24268,1.24322,29337
2023-06-01 04:00:00+00:00,1.24305,1.24413,1.24047,1.24081,31029
2023-06-01 08:00:00+00:00,1.24032,1.24794,1.2403,1.2475,34743
2023-06-01 12:00:00+00:00,1.2475,1.25357,1.24524,1.25333,50549
2023-06-01 16:00:00+00:00,1.25353,1.2538,1.2521,1.25297,27188
2023-06-01 20:00:00+00:00,1.2529,1.25301,1.2518,1.25241,12182
2023-06-02 00:00:00+00:00,1.25282,1.25438,1.25218,1.25377,26431
2023-06-02 04:00:00+00:00,1.25353,1.25428,1.25232,1.2526,30626
2023-06-02 08:00:00+00:00,1.25251,1.254,1.25197,1.25216,30106
2023-06-02 12:00:00+00:00,1.25208,1.25343,1.24569,1.24661,48544
2023-06-02 16:00:00+00:00,1.24663,1.24663,1.24414,1.24493,27450
2023-06-02 20:00:00+00:00,1.24497,1.24533,1.24463,1.245,4075
2023-06-03 12:00:00+00:00,1.2449,1.2452,1.2449,1.2452,2
2023-06-04 16:00:00+00:00,1.24336,1.24386,1.24336,1.24386,2
2023-06-04 20:00:00+00:00,1.24429,1.245,1.24269,1.24299,6249
2023-06-05 00:00:00+00:00,1.24291,1.244,1.24257,1.2438,25387
2023-06-05 04:00:00+00:00,1.24389,1.2439,1.23886,1.23986,29300
2023-06-05 08:00:00+00:00,1.23966,1.24128,1.23771,1.23833,29606
2023-06-05 12:00:00+00:00,1.23819,1.24381,1.23696,1.24381,43291
2023-06-05 16:00:00+00:00,1.2439,1.24428,1.2427,1.24308,27336
2023-06-05 20:00:00+00:00,1.2432,1.2436,1.2426,1.24305,11384
2023-06-06 00:00:00+00:00,1.24302,1.24504,1.243,1.244,22768
2023-06-06 04:00:00+00:00,1.24407,1.24573,1.24267,1.24331,34049
2023-06-06 08:00:00+00:00,1.24351,1.24375,1.24005,1.24006,33323
2023-06-06 12:00:00+00:00,1.24043,1.24235,1.23927,1.2414,39883
2023-06-06 16:00:00+00:00,1.24161,1.24305,1.24136,1.2425,24625
2023-06-06 20:00:00+00:00,1.2425,1.2429,1.2418,1.24273,9988
2023-06-07 00:00:00+00:00,1.24292,1.24377,1.2416,1.24247,23988
2023-06-07 04:00:00+00:00,1.24254,1.2429,1.23962,1.24107,26746
2023-06-07 08:00:00+00:00,1.24118,1.2471,1.2408,1.24701,33191
2023-06-07 12:00:00+00:00,1.247,1.24979,1.24461,1.24481,46216
2023-06-07 16:00:00+00:00,1.24512,1.24519,1.24275,1.24298,30149
2023-06-07 20:00:00+00:00,1.24311,1.24446,1.24305,1.24435,11575
2023-06-08 00:00:00+00:00,1.24441,1.2452,1.24429,1.2447,23506
2023-06-08 04:00:00+00:00,1.24478,1.2461,1.244,1.24566,29193
2023-06-08 08:00:00+00:00,1.24577,1.24806,1.2453,1.24665,29417
2023-06-08 12:00:00+00:00,1.24667,1.25569,1.24658,1.25446,47949
2023-06-08 16:00:00+00:00,1.25435,1.25578,1.254,1.25564,27820
2023-06-08 20:00:00+00:00,1.25566,1.2563,1.2553,1.25577,10899
2023-06-09 00:00:00+00:00,1.25574,1.2561,1.2546,1.25472,23176
2023-06-09 04:00:00+00:00,1.25473,1.25662,1.25427,1.25495,28183
2023-06-09 08:00:00+00:00,1.25488,1.25649,1.2535,1.25641,31242
2023-06-09 12:00:00+00:00,1.25672,1.2588,1.25604,1.25779,44440
2023-06-09 16:00:00+00:00,1.25746,1.2584,1.25722,1.25722,17041
2023-06-09 20:00:00+00:00,1.25769,1.2581,1.2564,1.2564,3141
2023-06-10 00:00:00+00:00,1.2569,1.2569,1.2565,1.2565,2
2023-06-10 08:00:00+00:00,1.2569,1.2569,1.2565,1.2565,2
2023-06-11 04:00:00+00:00,1.2569,1.2569,1.2569,1.2569,1
2023-06-11 08:00:00+00:00,1.2565,1.2565,1.2565,1.2565,1
2023-06-11 16:00:00+00:00,1.2559,1.25617,1.2559,1.25617,2
2023-06-11 20:00:00+00:00,1.25622,1.25811,1.25554,1.25791,4330
2023-06-12 00:00:00+00:00,1.25772,1.25789,1.2563,1.25699,18408
2023-06-12 04:00:00+00:00,1.25669,1.25924,1.25657,1.25888,26779
2023-06-12 08:00:00+00:00,1.25887,1.25991,1.25612,1.25631,33341
2023-06-12 12:00:00+00:00,1.2562,1.25694,1.2486,1.2488,40994
2023-06-12 16:00:00+00:00,1.24883,1.2512,1.24883,1.25107,27371
2023-06-12 20:00:00+00:00,1.25111,1.25161,1.2502,1.25143,9703
2023-06-13 00:00:00+00:00,1.25143,1.25343,1.25143,1.25333,23396
2023-06-13 04:00:00+00:00,1.25313,1.25752,1.2527,1.25654,33561
2023-06-13 08:00:00+00:00,1.25621,1.25752,1.25555,1.25713,35475
2023-06-13 12:00:00+00:00,1.2573,1.26198,1.25687,1.26099,55188
2023-06-13 16:00:00+00:00,1.26118,1.26242,1.2592,1.26077,32725
2023-06-13 20:00:00+00:00,1.26072,1.2615,1.2602,1.26063,10716
2023-06-14 00:00:00+00:00,1.2606,1.2617,1.26,1.26117,23571
2023-06-14 04:00:00+00:00,1.2611,1.26212,1.26002,1.2619,29958
2023-06-14 08:00:00+00:00,1.26175,1.2649,1.26164,1.26476,30531
2023-06-14 12:00:00+00:00,1.26476,1.26986,1.2647,1.26941,41380
2023-06-14 16:00:00+00:00,1.26924,1.2699,1.2631,1.26581,49916
2023-06-14 20:00:00+00:00,1.26587,1.267,1.26563,1.267,11993
2023-06-15 00:00:00+00:00,1.2669,1.26737,1.26301,1.26431,25728
2023-06-15 04:00:00+00:00,1.26417,1.26559,1.26319,1.26541,33632
2023-06-15 08:00:00+00:00,1.26537,1.26712,1.26432,1.26432,31954
2023-06-15 12:00:00+00:00,1.26416,1.2764,1.26412,1.27594,49713
2023-06-15 16:00:00+00:00,1.27604,1.27846,1.27593,1.27835,28322
2023-06-15 20:00:00+00:00,1.27816,1.279,1.27786,1.27844,11370
2023-06-16 00:00:00+00:00,1.2784,1.2791,1.27676,1.2773,22065
2023-06-16 04:00:00+00:00,1.27739,1.28169,1.27725,1.27873,32752
2023-06-16 08:00:00+00:00,1.27832,1.28248,1.2782,1.28243,33021
2023-06-16 12:00:00+00:00,1.28248,1.28474,1.28053,1.28143,48722
2023-06-16 16:00:00+00:00,1.28146,1.28346,1.2813,1.28199,30745
2023-06-16 20:00:00+00:00,1.28206,1.28249,1.28193,1.2823,4807
2023-06-18 08:00:00+00:00,1.2818,1.2822,1.2818,1.2822,2
2023-06-18 16:00:00+00:00,1.2811,1.2811,1.28043,1.28043,2
2023-06-18 20:00:00+00:00,1.28122,1.28322,1.28122,1.283,493
2023-06-19 00:00:00+00:00,1.2831,1.2835,1.28113,1.28156,12646
2023-06-19 04:00:00+00:00,1.2813,1.28296,1.2809,1.28132,16636
2023-06-19 08:00:00+00:00,1.28149,1.2822,1.2802,1.28107,23726
2023-06-19 12:00:00+00:00,1.281,1.28129,1.27853,1.27933,29808
2023-06-19 16:00:00+00:00,1.27939,1.27964,1.27735,1.278,14904
2023-06-19 20:00:00+00:00,1.27802,1.2805,1.27766,1.27914,14825
2023-06-20 00:00:00+00:00,1.27921,1.28034,1.27809,1.2791,31645
2023-06-20 04:00:00+00:00,1.27911,1.28044,1.2762,1.28018,35778
2023-06-20 08:00:00+00:00,1.2799,1.2799,1.2748,1.27534,37792
2023-06-20 12:00:00+00:00,1.2753,1.27602,1.27146,1.27286,49580
2023-06-20 16:00:00+00:00,1.27286,1.27652,1.27219,1.2763,28681
2023-06-20 20:00:00+00:00,1.276,1.2768,1.2757,1.27651,12259
2023-06-21 00:00:00+00:00,1.2764,1.2767,1.27536,1.27599,33739
2023-06-21 04:00:00+00:00,1.27603,1.2797,1.27329,1.2736,40063
2023-06-21 08:00:00+00:00,1.27323,1.27429,1.26929,1.27276,43031
2023-06-21 12:00:00+00:00,1.27249,1.27491,1.2702,1.27353,54879
2023-06-21 16:00:00+00:00,1.27337,1.2785,1.27329,1.27753,35973
2023-06-21 20:00:00+00:00,1.27757,1.27765,1.2762,1.27701,16427
2023-06-22 00:00:00+00:00,1.27698,1.27732,1.2761,1.27669,28874
2023-06-22 04:00:00+00:00,1.27684,1.27698,1.27397,1.27654,35675
2023-06-22 08:00:00+00:00,1.27718,1.28172,1.27426,1.27743,42359
2023-06-22 12:00:00+00:00,1.27738,1.27812,1.27307,1.27473,56400
2023-06-22 16:00:00+00:00,1.27476,1.27485,1.2726,1.2745,31143
2023-06-22 20:00:00+00:00,1.27453,1.2749,1.27411,1.27463,14378
2023-06-23 00:00:00+00:00,1.27437,1.27467,1.2709,1.27101,32613
2023-06-23 04:00:00+00:00,1.27103,1.27295,1.26956,1.27098,38629
2023-06-23 08:00:00+00:00,1.27108,1.27329,1.26907,1.27208,42880
2023-06-23 12:00:00+00:00,1.27219,1.2736,1.26976,1.26984,51191
2023-06-23 16:00:00+00:00,1.26972,1.27193,1.26891,1.27184,33941
2023-06-23 20:00:00+00:00,1.27215,1.27215,1.2711,1.2713,6234
2023-06-24 16:00:00+00:00,1.2711,1.2715,1.2711,1.2715,2
2023-06-25 16:00:00+00:00,1.26944,1.27056,1.26944,1.27056,2
2023-06-25 20:00:00+00:00,1.27028,1.27308,1.26983,1.27287,5720
2023-06-26 00:00:00+00:00,1.27307,1.27376,1.27253,1.27304,31462
2023-06-26 04:00:00+00:00,1.273,1.27481,1.27123,1.27425,34457
2023-06-26 08:00:00+00:00,1.27393,1.2745,1.26886,1.27142,37903
2023-06-26 12:00:00+00:00,1.27172,1.27272,1.26957,1.27217,42000
2023-06-26 16:00:00+00:00,1.27214,1.27253,1.27099,1.27099,28184
2023-06-26 20:00:00+00:00,1.27122,1.2715,1.2702,1.27104,13194
2023-06-27 00:00:00+00:00,1.27085,1.2731,1.27034,1.27275,33655
2023-06-27 04:00:00+00:00,1.27277,1.27547,1.27258,1.27347,34630
2023-06-27 08:00:00+00:00,1.27331,1.27387,1.2711,1.27273,37274
2023-06-27 12:00:00+00:00,1.27293,1.2758,1.27194,1.27493,42764
2023-06-27 16:00:00+00:00,1.27506,1.27565,1.2743,1.27532,32173
2023-06-27 20:00:00+00:00,1.27523,1.27523,1.27431,1.27444,11884
2023-06-28 00:00:00+00:00,1.2743,1.27504,1.2723,1.27298,34474
2023-06-28 04:00:00+00:00,1.27319,1.27361,1.27174,1.27306,36703
2023-06-28 08:00:00+00:00,1.27319,1.27358,1.26622,1.26642,43814
2023-06-28 12:00:00+00:00,1.26649,1.26649,1.26078,1.26356,54865
2023-06-28 16:00:00+00:00,1.26356,1.2653,1.26332,1.26403,32939
2023-06-28 20:00:00+00:00,1.26411,1.2645,1.2633,1.26399,9111
2023-06-29 00:00:00+00:00,1.26397,1.2645,1.26205,1.26244,30192
2023-06-29 04:00:00+00:00,1.26243,1.2647,1.26148,1.26458,33425
2023-06-29 08:00:00+00:00,1.26441,1.26643,1.26353,1.26557,35983
2023-06-29 12:00:00+00:00,1.26534,1.26649,1.25923,1.26148,58547
2023-06-29 16:00:00+00:00,1.2615,1.2627,1.2609,1.26133,30865
2023-06-29 20:00:00+00:00,1.26122,1.2615,1.26077,1.26119,12574
2023-06-30 00:00:00+00:00,1.2612,1.26226,1.26105,1.26175,28082
2023-06-30 04:00:00+00:00,1.262,1.26467,1.25992,1.2641,30534
2023-06-30 08:00:00+00:00,1.2639,1.26531,1.26131,1.26479,34631
2023-06-30 12:00:00+00:00,1.26479,1.27253,1.2647,1.27085,54012
2023-06-30 16:00:00+00:00,1.27081,1.27211,1.2692,1.26983,31246
2023-06-30 20:00:00+00:00,1.26972,1.27,1.25665,1.25845,5890
2023-07-02 08:00:00+00:00,1.2705,1.2705,1.2705,1.2705,1
2023-07-02 16:00:00+00:00,1.2666,1.26802,1.2666,1.26802,2
2023-07-02 20:00:00+00:00,1.26799,1.27013,1.26799,1.26934,3068
2023-07-03 00:00:00+00:00,1.26925,1.27051,1.26862,1.2699,29462
2023-07-03 04:00:00+00:00,1.2698,1.27053,1.26593,1.2666,33442
2023-07-03 08:00:00+00:00,1.26686,1.26804,1.26608,1.26748,34479
2023-07-03 12:00:00+00:00,1.26742,1.27186,1.26696,1.2694,42850
2023-07-03 16:00:00+00:00,1.26932,1.27034,1.2679,1.26885,18533
2023-07-03 20:00:00+00:00,1.26893,1.2695,1.2687,1.26902,10126
2023-07-04 00:00:00+00:00,1.26896,1.2702,1.2683,1.26867,23181
2023-07-04 04:00:00+00:00,1.2688,1.27097,1.2683,1.26964,31261
2023-07-04 08:00:00+00:00,1.26962,1.27231,1.26894,1.27162,33318
2023-07-04 12:00:00+00:00,1.27146,1.27368,1.2712,1.27305,30193
2023-07-04 16:00:00+00:00,1.27295,1.27299,1.2713,1.27146,16728
2023-07-04 20:00:00+00:00,1.2714,1.2717,1.2709,1.2717,11543
2023-07-05 00:00:00+00:00,1.27199,1.2721,1.26992,1.27049,24509
2023-07-05 04:00:00+00:00,1.2704,1.2721,1.2697,1.27099,26408
2023-07-05 08:00:00+00:00,1.26921,1.26994,1.269,1.26984,3048
2023-07-05 12:00:00+00:00,1.26974,1.27324,1.26924,1.27067,44419
2023-07-05 16:00:00+00:00,1.27061,1.27153,1.26919,1.27002,32893
2023-07-05 20:00:00+00:00,1.2701,1.27065,1.26857,1.27031,11489
2023-07-06 00:00:00+00:00,1.27053,1.27106,1.26901,1.26932,28132
2023-07-06 04:00:00+00:00,1.26938,1.27287,1.2688,1.27287,29203
2023-07-06 08:00:00+00:00,1.27677,1.27791,1.27631,1.2773,12145
2023-07-06 12:00:00+00:00,1.27706,1.27794,1.26749,1.27179,58592
2023-07-06 16:00:00+00:00,1.27193,1.27435,1.2719,1.27413,32832
2023-07-06 20:00:00+00:00,1.27408,1.2745,1.2734,1.27407,10267
2023-07-07 00:00:00+00:00,1.2739,1.27436,1.27261,1.2737,25628
2023-07-07 04:00:00+00:00,1.2736,1.27483,1.27298,1.27316,33653
2023-07-07 08:00:00+00:00,1.2729,1.27715,1.27262,1.27613,37105
2023-07-07 12:00:00+00:00,1.27641,1.28382,1.27531,1.28377,58230
2023-07-07 16:00:00+00:00,1.28391,1.28486,1.28298,1.28298,33862
2023-07-07 20:00:00+00:00,1.2832,1.2841,1.2832,1.2841,4218
2023-07-08 00:00:00+00:00,1.2837,1.2838,1.2837,1.2838,4
2023-07-08 04:00:00+00:00,1.2837,1.2838,1.2837,1.2838,2
2023-07-09 12:00:00+00:00,1.2837,1.2837,1.2837,1.2837,1
2023-07-09 16:00:00+00:00,1.2832,1.2832,1.28249,1.28249,2
2023-07-09 20:00:00+00:00,1.28242,1.28408,1.28242,1.28373,4908
2023-07-10 00:00:00+00:00,1.28375,1.28375,1.28088,1.28107,27460
2023-07-10 04:00:00+00:00,1.28114,1.28232,1.27981,1.28126,30415
2023-07-10 08:00:00+00:00,1.28126,1.28232,1.27759,1.2778,31986
2023-07-10 12:00:00+00:00,1.2777,1.28374,1.275,1.28352,41725
2023-07-10 16:00:00+00:00,1.28373,1.2867,1.28314,1.28616,24873
2023-07-10 20:00:00+00:00,1.28618,1.2866,1.28554,1.28636,9188
2023-07-11 00:00:00+00:00,1.28624,1.28788,1.2857,1.28771,23545
2023-07-11 04:00:00+00:00,1.28766,1.29118,1.2868,1.28736,33744
2023-07-11 08:00:00+00:00,1.28731,1.29323,1.28718,1.29143,34318
2023-07-11 12:00:00+00:00,1.2914,1.29155,1.28871,1.28993,40294
2023-07-11 16:00:00+00:00,1.28993,1.29306,1.2895,1.29305,24128
2023-07-11 20:00:00+00:00,1.29307,1.29389,1.2927,1.2933,11004
2023-07-12 00:00:00+00:00,1.2932,1.29679,1.2932,1.29583,28516
2023-07-12 04:00:00+00:00,1.29574,1.29666,1.29367,1.29401,32786
2023-07-12 08:00:00+00:00,1.29376,1.29454,1.29074,1.29109,33664
2023-07-12 12:00:00+00:00,1.29141,1.29998,1.29046,1.29903,58201
2023-07-12 16:00:00+00:00,1.29927,1.2998,1.29765,1.29924,35361
2023-07-12 20:00:00+00:00,1.29914,1.2996,1.2982,1.29942,13995
2023-07-13 00:00:00+00:00,1.29939,1.3018,1.29888,1.30107,27365
2023-07-13 04:00:00+00:00,1.30124,1.30294,1.29887,1.30257,36074
2023-07-13 08:00:00+00:00,1.30275,1.30782,1.30275,1.30625,34844
2023-07-13 12:00:00+00:00,1.30619,1.31143,1.30478,1.30952,51365
2023-07-13 16:00:00+00:00,1.30942,1.31396,1.30942,1.3131,31235
2023-07-13 20:00:00+00:00,1.31324,1.3139,1.31248,1.31277,11990
2023-07-14 00:00:00+00:00,1.3129,1.31398,1.31168,1.31379,31096
2023-07-14 04:00:00+00:00,1.31351,1.31352,1.30943,1.31149,36510
2023-07-14 08:00:00+00:00,1.3116,1.31401,1.31024,1.31131,37072
2023-07-14 12:00:00+00:00,1.3113,1.31289,1.30966,1.31109,53268
2023-07-14 16:00:00+00:00,1.31132,1.31158,1.3092,1.3093,32309
2023-07-14 20:00:00+00:00,1.30921,1.3093,1.30883,1.309,6909
2023-07-15 08:00:00+00:00,1.3089,1.3092,1.3089,1.3092,4
2023-07-16 16:00:00+00:00,1.30799,1.30799,1.30794,1.30794,2
2023-07-16 20:00:00+00:00,1.30815,1.30974,1.30815,1.30892,5668
2023-07-17 00:00:00+00:00,1.30901,1.30958,1.3082,1.30874,28007
2023-07-17 04:00:00+00:00,1.30854,1.31061,1.30654,1.3101,34415
2023-07-17 08:00:00+00:00,1.30987,1.31069,1.30709,1.30848,37042
2023-07-17 12:00:00+00:00,1.30849,1.30906,1.30518,1.30756,45786
2023-07-17 16:00:00+00:00,1.30761,1.30869,1.3072,1.3077,27701
2023-07-17 20:00:00+00:00,1.3077,1.3077,1.3067,1.30714,12445
2023-07-18 00:00:00+00:00,1.30689,1.30951,1.30673,1.30941,35660
2023-07-18 04:00:00+00:00,1.3094,1.31045,1.30709,1.30891,38828
2023-07-18 08:00:00+00:00,1.30835,1.3123,1.30743,1.31062,40534
2023-07-18 12:00:00+00:00,1.31079,1.31141,1.30507,1.30512,59098
2023-07-18 16:00:00+00:00,1.30509,1.30509,1.30289,1.30405,31769
2023-07-18 20:00:00+00:00,1.30405,1.3043,1.30297,1.30334,13210
2023-07-19 00:00:00+00:00,1.30342,1.30376,1.3012,1.3021,32047
2023-07-19 04:00:00+00:00,1.30208,1.30284,1.2931,1.29481,44004
2023-07-19 08:00:00+00:00,1.29508,1.29598,1.28977,1.28977,44393
2023-07-19 12:00:00+00:00,1.28977,1.29192,1.2871,1.28956,56092
2023-07-19 16:00:00+00:00,1.28994,1.2936,1.28926,1.2936,31147
2023-07-19 20:00:00+00:00,1.29379,1.2941,1.29319,1.2936,12259
2023-07-20 00:00:00+00:00,1.29371,1.29632,1.29341,1.29513,33582
2023-07-20 04:00:00+00:00,1.29508,1.29526,1.29056,1.29102,36911
2023-07-20 08:00:00+00:00,1.2911,1.29294,1.28897,1.28917,39851
2023-07-20 12:00:00+00:00,1.28893,1.28893,1.2842,1.28473,53927
2023-07-20 16:00:00+00:00,1.2847,1.28671,1.28409,1.28645,29801
2023-07-20 20:00:00+00:00,1.28636,1.2874,1.2861,1.28718,11083
2023-07-21 00:00:00+00:00,1.2868,1.28852,1.28662,1.28754,29999
2023-07-21 04:00:00+00:00,1.28751,1.29032,1.28666,1.28698,38604
2023-07-21 08:00:00+00:00,1.2873,1.2873,1.28247,1.28247,44920
2023-07-21 12:00:00+00:00,1.28236,1.28603,1.28169,1.28519,48967
2023-07-21 16:00:00+00:00,1.28518,1.28656,1.2847,1.28557,28202
2023-07-21 20:00:00+00:00,1.28566,1.28608,1.2851,1.2855,5389
2023-07-22 00:00:00+00:00,1.2856,1.2856,1.2853,1.2856,3
2023-07-22 04:00:00+00:00,1.2853,1.2856,1.2853,1.2856,6
2023-07-22 08:00:00+00:00,1.2853,1.2856,1.2853,1.2853,3
2023-07-22 12:00:00+00:00,1.2856,1.2856,1.2853,1.2853,2
2023-07-23 08:00:00+00:00,1.2856,1.2856,1.2856,1.2856,1
2023-07-23 16:00:00+00:00,1.2851,1.2851,1.2851,1.2851,1
2023-07-23 20:00:00+00:00,1.28514,1.28575,1.2847,1.28518,5428
2023-07-24 00:00:00+00:00,1.2851,1.28689,1.285,1.28618,34719
2023-07-24 04:00:00+00:00,1.28607,1.28826,1.28455,1.28489,39669
2023-07-24 08:00:00+00:00,1.28464,1.28592,1.2811,1.2852,46981
2023-07-24 12:00:00+00:00,1.28521,1.28529,1.27982,1.28249,51294
2023-07-24 16:00:00+00:00,1.28251,1.28392,1.28149,1.2817,30148
2023-07-24 20:00:00+00:00,1.28167,1.283,1.28098,1.28118,14518
2023-07-25 00:00:00+00:00,1.28116,1.28411,1.281,1.28389,32512
2023-07-25 04:00:00+00:00,1.28369,1.28635,1.28294,1.28573,37738
2023-07-25 08:00:00+00:00,1.2855,1.2858,1.28205,1.283,38412
2023-07-25 12:00:00+00:00,1.28299,1.28782,1.28142,1.28735,42494
2023-07-25 16:00:00+00:00,1.28713,1.2902,1.28696,1.28988,28253
2023-07-25 20:00:00+00:00,1.28998,1.2904,1.28913,1.28924,13924
2023-07-26 00:00:00+00:00,1.28923,1.28957,1.28745,1.28893,31069
2023-07-26 04:00:00+00:00,1.2888,1.29095,1.28816,1.29043,35824
2023-07-26 08:00:00+00:00,1.29057,1.29236,1.28952,1.291,37185
2023-07-26 12:00:00+00:00,1.29083,1.29353,1.29038,1.29291,43911
2023-07-26 16:00:00+00:00,1.2927,1.2958,1.28994,1.29476,51808
2023-07-26 20:00:00+00:00,1.29471,1.29471,1.2923,1.29258,12355
2023-07-27 00:00:00+00:00,1.29274,1.29754,1.29274,1.2962,31824
2023-07-27 04:00:00+00:00,1.29627,1.29831,1.29413,1.29823,40956
2023-07-27 08:00:00+00:00,1.29812,1.29954,1.29482,1.29646,40915
2023-07-27 12:00:00+00:00,1.29571,1.29583,1.28265,1.28672,68226
2023-07-27 16:00:00+00:00,1.28695,1.28719,1.2782,1.27835,46044
2023-07-27 20:00:00+00:00,1.2782,1.28,1.2782,1.27929,11716
2023-07-28 00:00:00+00:00,1.2793,1.28037,1.27868,1.27896,36531
2023-07-28 04:00:00+00:00,1.27908,1.28045,1.27627,1.27767,56875
2023-07-28 08:00:00+00:00,1.27773,1.28762,1.27757,1.28693,43965
2023-07-28 12:00:00+00:00,1.28717,1.28842,1.28401,1.28662,52872
2023-07-28 16:00:00+00:00,1.2868,1.28811,1.28509,1.28561,33378
2023-07-28 20:00:00+00:00,1.28558,1.28558,1.2844,1.2845,6376
2023-07-30 16:00:00+00:00,1.28338,1.28352,1.28338,1.28352,2
2023-07-30 20:00:00+00:00,1.28327,1.28575,1.28327,1.28532,5419
2023-07-31 00:00:00+00:00,1.2852,1.28581,1.2844,1.28497,38110
2023-07-31 04:00:00+00:00,1.28486,1.2866,1.28433,1.28563,42155
2023-07-31 08:00:00+00:00,1.2852,1.28706,1.28352,1.28616,35680
2023-07-31 12:00:00+00:00,1.28611,1.28691,1.28284,1.2855,47993
2023-07-31 16:00:00+00:00,1.28575,1.28662,1.28318,1.2834,28527
2023-07-31 20:00:00+00:00,1.28323,1.284,1.283,1.28314,10831
2023-08-01 00:00:00+00:00,1.28312,1.28358,1.28152,1.2821,33408
2023-08-01 04:00:00+00:00,1.28198,1.28377,1.2814,1.28182,37751
2023-08-01 08:00:00+00:00,1.28157,1.28326,1.27796,1.27841,37192
2023-08-01 12:00:00+00:00,1.27838,1.27872,1.27418,1.27475,49642
2023-08-01 16:00:00+00:00,1.27476,1.27801,1.27445,1.27743,23464
2023-08-01 20:00:00+00:00,1.27724,1.2805,1.2772,1.27942,11448
2023-08-02 00:00:00+00:00,1.27906,1.27945,1.27631,1.27741,37435
2023-08-02 04:00:00+00:00,1.2775,1.27935,1.27599,1.27919,41521
2023-08-02 08:00:00+00:00,1.27916,1.27959,1.27632,1.27632,39182
2023-08-02 12:00:00+00:00,1.27654,1.27715,1.26815,1.27109,54453
2023-08-02 16:00:00+00:00,1.27098,1.27383,1.27098,1.27137,32386
2023-08-02 20:00:00+00:00,1.2714,1.2722,1.27064,1.27174,10525
2023-08-03 00:00:00+00:00,1.27168,1.27273,1.2709,1.2718,28403
2023-08-03 04:00:00+00:00,1.27162,1.27162,1.26841,1.26882,38701
2023-08-03 08:00:00+00:00,1.26899,1.26993,1.26249,1.26469,46478
2023-08-03 12:00:00+00:00,1.2641,1.27217,1.26391,1.27073,56902
2023-08-03 16:00:00+00:00,1.27031,1.27233,1.26967,1.27031,28658
2023-08-03 20:00:00+00:00,1.27027,1.27162,1.27027,1.2714,14455
2023-08-04 00:00:00+00:00,1.27142,1.2739,1.27105,1.27326,36735
2023-08-04 04:00:00+00:00,1.27323,1.27353,1.27028,1.2704,36442
2023-08-04 08:00:00+00:00,1.2702,1.27111,1.26945,1.26953,37054
2023-08-04 12:00:00+00:00,1.26933,1.27821,1.26904,1.2773,59520
2023-08-04 16:00:00+00:00,1.27729,1.27916,1.274,1.27429,34255
2023-08-04 20:00:00+00:00,1.27425,1.275,1.27403,1.2747,5829
2023-08-06 20:00:00+00:00,1.27439,1.27542,1.27439,1.27483,6185
2023-08-07 00:00:00+00:00,1.27511,1.27591,1.27367,1.27369,31249
2023-08-07 04:00:00+00:00,1.27356,1.27429,1.27133,1.27429,36305
2023-08-07 08:00:00+00:00,1.27399,1.27433,1.27168,1.2743,35661
2023-08-07 12:00:00+00:00,1.27432,1.27854,1.27402,1.2766,39748
2023-08-07 16:00:00+00:00,1.27648,1.27883,1.27633,1.27849,25429
2023-08-07 20:00:00+00:00,1.27845,1.2785,1.2775,1.27801,8953
2023-08-08 00:00:00+00:00,1.27844,1.27846,1.275,1.27542,33482
2023-08-08 04:00:00+00:00,1.27531,1.27708,1.2739,1.27552,38041
2023-08-08 08:00:00+00:00,1.27529,1.27567,1.26974,1.26974,42196
2023-08-08 12:00:00+00:00,1.26973,1.27288,1.26844,1.27262,48737
2023-08-08 16:00:00+00:00,1.27261,1.2751,1.27261,1.27433,31906
2023-08-08 20:00:00+00:00,1.27458,1.2749,1.2735,1.2743,13232
2023-08-09 00:00:00+00:00,1.27427,1.27588,1.27384,1.27529,34778
2023-08-09 04:00:00+00:00,1.2753,1.27789,1.2749,1.27704,34333
2023-08-09 08:00:00+00:00,1.27688,1.27718,1.2729,1.27342,35583
2023-08-09 12:00:00+00:00,1.27337,1.27491,1.27116,1.2714,39234
2023-08-09 16:00:00+00:00,1.27143,1.27359,1.27139,1.27202,31803
2023-08-09 20:00:00+00:00,1.27213,1.2724,1.27132,1.2719,11326
2023-08-10 00:00:00+00:00,1.27179,1.27223,1.27093,1.2711,27590
2023-08-10 04:00:00+00:00,1.27131,1.27567,1.27111,1.27444,32145
2023-08-10 08:00:00+00:00,1.27469,1.27744,1.27447,1.27631,32465
2023-08-10 12:00:00+00:00,1.27625,1.28093,1.27155,1.2722,60791
2023-08-10 16:00:00+00:00,1.27222,1.27227,1.26722,1.2675,45173
2023-08-10 20:00:00+00:00,1.2673,1.2682,1.26667,1.2669,12304
2023-08-11 00:00:00+00:00,1.2666,1.26898,1.2666,1.26842,30316
2023-08-11 04:00:00+00:00,1.26856,1.27226,1.26788,1.27052,38346
2023-08-11 08:00:00+00:00,1.27044,1.27344,1.2694,1.27329,39954
2023-08-11 12:00:00+00:00,1.27344,1.27371,1.26825,1.2693,58268
2023-08-11 16:00:00+00:00,1.26967,1.27016,1.2686,1.26988,36216
2023-08-11 20:00:00+00:00,1.26987,1.27012,1.26926,1.2693,6361
2023-08-13 16:00:00+00:00,1.2684,1.26851,1.2684,1.26851,2
2023-08-13 20:00:00+00:00,1.26811,1.27019,1.26811,1.26938,4777
2023-08-14 00:00:00+00:00,1.26943,1.26949,1.26667,1.26688,39185
2023-08-14 04:00:00+00:00,1.26696,1.26957,1.26676,1.26935,38759
2023-08-14 08:00:00+00:00,1.26935,1.27143,1.26879,1.26931,39529
2023-08-14 12:00:00+00:00,1.26937,1.26953,1.2618,1.26895,52362
2023-08-14 16:00:00+00:00,1.26932,1.27054,1.2672,1.26799,34016
2023-08-14 20:00:00+00:00,1.2679,1.2694,1.2679,1.26846,13043
2023-08-15 00:00:00+00:00,1.26843,1.26921,1.26759,1.26875,38755
2023-08-15 04:00:00+00:00,1.26867,1.27159,1.26801,1.26922,43249
2023-08-15 08:00:00+00:00,1.26899,1.27285,1.26852,1.27065,43185
2023-08-15 12:00:00+00:00,1.27082,1.27523,1.26816,1.27419,59733
2023-08-15 16:00:00+00:00,1.27418,1.27418,1.2693,1.27024,36561
2023-08-15 20:00:00+00:00,1.27015,1.2706,1.26957,1.26996,12751
2023-08-16 00:00:00+00:00,1.26963,1.2702,1.26872,1.26962,37370
2023-08-16 04:00:00+00:00,1.26974,1.27435,1.2696,1.27412,36051
2023-08-16 08:00:00+00:00,1.2741,1.27656,1.27358,1.27405,34925
2023-08-16 12:00:00+00:00,1.27433,1.27589,1.27207,1.27469,49671
2023-08-16 16:00:00+00:00,1.27469,1.27499,1.27105,1.27184,41141
2023-08-16 20:00:00+00:00,1.27194,1.2735,1.2719,1.27266,14983
2023-08-17 00:00:00+00:00,1.27246,1.27246,1.2711,1.27124,38030
2023-08-17 04:00:00+00:00,1.27118,1.27413,1.27115,1.27342,39613
2023-08-17 08:00:00+00:00,1.27311,1.2764,1.27043,1.276,42082
2023-08-17 12:00:00+00:00,1.27612,1.27863,1.27378,1.2749,53685
2023-08-17 16:00:00+00:00,1.27523,1.27655,1.27268,1.27446,37930
2023-08-17 20:00:00+00:00,1.2744,1.27493,1.27395,1.27464,10556
2023-08-18 00:00:00+00:00,1.27472,1.27646,1.2746,1.275,35585
2023-08-18 04:00:00+00:00,1.2751,1.27539,1.27069,1.27138,40850
2023-08-18 08:00:00+00:00,1.2716,1.27411,1.2702,1.2702,39284
2023-08-18 12:00:00+00:00,1.27,1.27469,1.26898,1.27365,51999
2023-08-18 16:00:00+00:00,1.27367,1.27561,1.27337,1.27366,39581
2023-08-18 20:00:00+00:00,1.27388,1.27398,1.27269,1.2733,5961
2023-08-20 20:00:00+00:00,1.2726,1.2741,1.27221,1.2741,5414
2023-08-21 00:00:00+00:00,1.27411,1.275,1.273,1.27359,24219
2023-08-21 04:00:00+00:00,1.27346,1.27445,1.27236,1.273,25900
2023-08-21 08:00:00+00:00,1.2725,1.27638,1.2711,1.27591,25783
2023-08-21 12:00:00+00:00,1.27592,1.27629,1.27242,1.27348,35584
2023-08-21 16:00:00+00:00,1.2736,1.2766,1.2734,1.27585,21280
2023-08-21 20:00:00+00:00,1.27583,1.2765,1.2753,1.2758,9428
2023-08-22 00:00:00+00:00,1.27607,1.27773,1.2755,1.27735,24678
2023-08-22 04:00:00+00:00,1.27732,1.28001,1.2768,1.27947,27177
2023-08-22 08:00:00+00:00,1.27969,1.2797,1.2757,1.27661,26473
2023-08-22 12:00:00+00:00,1.27668,1.27668,1.272,1.27306,34897
2023-08-22 16:00:00+00:00,1.27314,1.27429,1.2726,1.27297,19598
2023-08-22 20:00:00+00:00,1.273,1.2736,1.2723,1.27309,8200
2023-08-23 00:00:00+00:00,1.27309,1.275,1.27298,1.275,24027
2023-08-23 04:00:00+00:00,1.27467,1.27632,1.27083,1.27201,27252
2023-08-23 08:00:00+00:00,1.27252,1.2735,1.26242,1.26287,37605
2023-08-23 12:00:00+00:00,1.26301,1.27173,1.2614,1.27123,40576
2023-08-23 16:00:00+00:00,1.27143,1.2731,1.27084,1.27177,24276
2023-08-23 20:00:00+00:00,1.27168,1.27258,1.2713,1.27196,11991
2023-08-24 00:00:00+00:00,1.27198,1.2728,1.27059,1.2713,23316
2023-08-24 04:00:00+00:00,1.2713,1.27268,1.26935,1.27024,26639
2023-08-24 08:00:00+00:00,1.27045,1.27123,1.2657,1.2658,25868
2023-08-24 12:00:00+00:00,1.2656,1.266,1.26285,1.26313,40702
2023-08-24 16:00:00+00:00,1.26318,1.26341,1.25926,1.25926,24357
2023-08-24 20:00:00+00:00,1.25934,1.2606,1.2586,1.25921,10277
2023-08-25 00:00:00+00:00,1.25922,1.2597,1.2563,1.25656,22807
2023-08-25 04:00:00+00:00,1.25675,1.25878,1.2559,1.2573,24814
2023-08-25 08:00:00+00:00,1.2573,1.26212,1.2573,1.26157,28331
2023-08-25 12:00:00+00:00,1.26131,1.26439,1.25481,1.25691,46257
2023-08-25 16:00:00+00:00,1.25709,1.26009,1.25709,1.25881,30565
2023-08-25 20:00:00+00:00,1.25889,1.25898,1.2576,1.258,3762
2023-08-27 16:00:00+00:00,1.25494,1.25732,1.25494,1.25732,2
2023-08-27 20:00:00+00:00,1.25769,1.2589,1.25693,1.25885,5667
2023-08-28 00:00:00+00:00,1.25906,1.26036,1.25906,1.25979,34963
2023-08-28 04:00:00+00:00,1.2597,1.26097,1.25735,1.2575,33499
2023-08-28 08:00:00+00:00,1.25792,1.25915,1.25666,1.25871,32316
2023-08-28 12:00:00+00:00,1.25905,1.25947,1.2573,1.25899,41273
2023-08-28 16:00:00+00:00,1.25891,1.26069,1.25882,1.26041,38989
2023-08-28 20:00:00+00:00,1.26039,1.2615,1.2596,1.26104,14016
2023-08-29 00:00:00+00:00,1.26092,1.2632,1.2609,1.26268,29010
2023-08-29 04:00:00+00:00,1.2627,1.26348,1.26093,1.26115,33613
2023-08-29 08:00:00+00:00,1.26146,1.26166,1.25842,1.25867,40289
2023-08-29 12:00:00+00:00,1.25849,1.26315,1.25638,1.26109,57527
2023-08-29 16:00:00+00:00,1.26113,1.2654,1.2609,1.265,36282
2023-08-29 20:00:00+00:00,1.26496,1.26496,1.2635,1.26355,12639
2023-08-30 00:00:00+00:00,1.26364,1.26424,1.26248,1.26297,28302
2023-08-30 04:00:00+00:00,1.26298,1.26464,1.26222,1.26418,18839
2023-08-30 08:00:00+00:00,1.26369,1.26697,1.26282,1.26561,40080
2023-08-30 12:00:00+00:00,1.26537,1.27424,1.26537,1.27239,59801
2023-08-30 16:00:00+00:00,1.27226,1.2728,1.2707,1.27169,33799
2023-08-30 20:00:00+00:00,1.2717,1.2722,1.27068,1.27107,11437
2023-08-31 00:00:00+00:00,1.27096,1.27333,1.27096,1.2719,30203
2023-08-31 04:00:00+00:00,1.27191,1.27232,1.27016,1.2709,29212
2023-08-31 08:00:00+00:00,1.27116,1.27151,1.26637,1.26808,42250
2023-08-31 12:00:00+00:00,1.26836,1.26939,1.2653,1.26652,57312
2023-08-31 16:00:00+00:00,1.26631,1.26735,1.2655,1.26672,34302
2023-08-31 20:00:00+00:00,1.26666,1.2675,1.26563,1.267,14110
2023-09-01 00:00:00+00:00,1.267,1.26817,1.2657,1.26592,28880
2023-09-01 04:00:00+00:00,1.26605,1.26892,1.2641,1.2684,30871
2023-09-01 08:00:00+00:00,1.26796,1.26853,1.26687,1.26694,34670
2023-09-01 12:00:00+00:00,1.26731,1.27107,1.2591,1.25911,62933
2023-09-01 16:00:00+00:00,1.2588,1.25988,1.25777,1.25861,30581
2023-09-01 20:00:00+00:00,1.25898,1.2591,1.25839,1.2586,4522
2023-09-03 20:00:00+00:00,1.2586,1.2586,1.2586,1.2586,1
2023-09-04 00:00:00+00:00,1.25957,1.2605,1.25884,1.26029,19986
2023-09-04 04:00:00+00:00,1.26023,1.26284,1.26023,1.262,15305
2023-09-04 08:00:00+00:00,1.2625,1.26418,1.2623,1.26279,33770
2023-09-04 12:00:00+00:00,1.26265,1.26377,1.26152,1.2623,27626
2023-09-04 16:00:00+00:00,1.2623,1.2633,1.2621,1.26283,12425
2023-09-04 20:00:00+00:00,1.26309,1.2631,1.26185,1.26216,4649
2023-09-05 00:00:00+00:00,1.26238,1.26309,1.2612,1.26173,25562
2023-09-05 04:00:00+00:00,1.26171,1.26278,1.25609,1.2563,34411
2023-09-05 08:00:00+00:00,1.256,1.25661,1.25287,1.25491,40382
2023-09-05 12:00:00+00:00,1.25506,1.25813,1.25409,1.25807,54618
2023-09-05 16:00:00+00:00,1.25831,1.25854,1.2558,1.25616,28938
2023-09-05 20:00:00+00:00,1.25622,1.2572,1.256,1.25693,8475
2023-09-06 00:00:00+00:00,1.25674,1.25733,1.2548,1.25706,26755
2023-09-06 04:00:00+00:00,1.257,1.25797,1.25528,1.25546,12515
2023-09-06 08:00:00+00:00,1.25525,1.25637,1.25465,1.2563,37119
2023-09-06 12:00:00+00:00,1.25608,1.25664,1.24836,1.2496,53403
2023-09-06 16:00:00+00:00,1.2496,1.2511,1.2496,1.25041,27544
2023-09-06 20:00:00+00:00,1.25052,1.2508,1.2495,1.24969,9897
2023-09-07 00:00:00+00:00,1.24984,1.25051,1.24903,1.25032,24708
2023-09-07 04:00:00+00:00,1.25029,1.25029,1.24647,1.24731,11238
2023-09-07 08:00:00+00:00,1.24664,1.24871,1.24513,1.24606,37879
2023-09-07 12:00:00+00:00,1.24598,1.24887,1.24473,1.24834,50682
2023-09-07 16:00:00+00:00,1.24822,1.24866,1.24677,1.24701,32163
2023-09-07 20:00:00+00:00,1.24721,1.2476,1.24666,1.2473,9515
2023-09-08 00:00:00+00:00,1.2473,1.24997,1.2473,1.24955,28475
2023-09-08 04:00:00+00:00,1.24954,1.2509,1.24791,1.2492,22145
2023-09-08 08:00:00+00:00,1.24946,1.2499,1.24662,1.24822,40810
2023-09-08 12:00:00+00:00,1.24824,1.25125,1.24699,1.2473,47858
2023-09-08 16:00:00+00:00,1.24721,1.24759,1.2451,1.24552,33938
2023-09-08 20:00:00+00:00,1.24555,1.2467,1.24555,1.2464,6492
2023-09-10 16:00:00+00:00,1.2456,1.24626,1.2456,1.24626,2
2023-09-10 20:00:00+00:00,1.24665,1.24911,1.24665,1.2488,4052
2023-09-11 00:00:00+00:00,1.24886,1.2503,1.24781,1.2499,23397
2023-09-11 04:00:00+00:00,1.25,1.25268,1.25,1.25229,33203
2023-09-11 08:00:00+00:00,1.25235,1.25356,1.25012,1.2515,34544
2023-09-11 12:00:00+00:00,1.2513,1.25463,1.25118,1.25266,47662
2023-09-11 16:00:00+00:00,1.25279,1.25418,1.25077,1.25118,31335
2023-09-11 20:00:00+00:00,1.25118,1.2517,1.25043,1.25076,10704
2023-09-12 00:00:00+00:00,1.25067,1.25178,1.25,1.2517,26236
2023-09-12 04:00:00+00:00,1.2515,1.252,1.24784,1.24856,32608
2023-09-12 08:00:00+00:00,1.24815,1.24873,1.24616,1.24703,33532
2023-09-12 12:00:00+00:00,1.24693,1.24829,1.24614,1.24753,44685
2023-09-12 16:00:00+00:00,1.24761,1.24919,1.2475,1.24917,29395
2023-09-12 20:00:00+00:00,1.24911,1.24971,1.2488,1.249,12452
2023-09-13 00:00:00+00:00,1.2492,1.25019,1.24806,1.2489,28453
2023-09-13 04:00:00+00:00,1.24876,1.24971,1.24424,1.24679,36762
2023-09-13 08:00:00+00:00,1.24697,1.24841,1.24563,1.24726,37244
2023-09-13 12:00:00+00:00,1.24674,1.25104,1.24514,1.2487,58046
2023-09-13 16:00:00+00:00,1.24894,1.2506,1.24809,1.24874,34231
2023-09-13 20:00:00+00:00,1.24868,1.24911,1.24797,1.24891,11816
2023-09-14 00:00:00+00:00,1.24861,1.2503,1.2483,1.24959,28163
2023-09-14 04:00:00+00:00,1.2495,1.25052,1.24798,1.24855,29811
2023-09-14 08:00:00+00:00,1.24884,1.24927,1.24606,1.24759,35359
2023-09-14 12:00:00+00:00,1.24764,1.24797,1.2402,1.24076,65541
2023-09-14 16:00:00+00:00,1.24116,1.24199,1.23975,1.24062,32167
2023-09-14 20:00:00+00:00,1.24067,1.2413,1.2399,1.23994,12386
2023-09-15 00:00:00+00:00,1.2399,1.24214,1.2399,1.24214,27782
2023-09-15 04:00:00+00:00,1.2421,1.24343,1.2415,1.24343,33448
2023-09-15 08:00:00+00:00,1.24364,1.24454,1.23981,1.24059,35452
2023-09-15 12:00:00+00:00,1.24083,1.24245,1.23854,1.23887,53377
2023-09-15 16:00:00+00:00,1.23922,1.24005,1.23793,1.23838,31290
2023-09-15 20:00:00+00:00,1.23854,1.2386,1.23789,1.2385,6220
2023-09-17 16:00:00+00:00,1.23759,1.23777,1.23759,1.23777,2
2023-09-17 20:00:00+00:00,1.23685,1.2397,1.23685,1.2395,2943
2023-09-18 00:00:00+00:00,1.23967,1.2403,1.23861,1.23861,27241
2023-09-18 04:00:00+00:00,1.23861,1.24041,1.23769,1.23795,32445
2023-09-18 08:00:00+00:00,1.23781,1.24102,1.23701,1.23835,32215
2023-09-18 12:00:00+00:00,1.23794,1.24047,1.23728,1.24008,45728
2023-09-18 16:00:00+00:00,1.24005,1.24009,1.2375,1.23815,29558
2023-09-18 20:00:00+00:00,1.23817,1.239,1.2379,1.23819,11593
2023-09-19 00:00:00+00:00,1.23853,1.239,1.23741,1.23776,26643
2023-09-19 04:00:00+00:00,1.23781,1.2391,1.237,1.23891,34418
2023-09-19 08:00:00+00:00,1.23864,1.24118,1.23722,1.24118,35859
2023-09-19 12:00:00+00:00,1.24141,1.24239,1.2381,1.23896,45736
2023-09-19 16:00:00+00:00,1.23865,1.23965,1.2383,1.23949,30101
2023-09-19 20:00:00+00:00,1.23954,1.23963,1.23867,1.2391,11490
2023-09-20 00:00:00+00:00,1.2391,1.23942,1.23812,1.23845,30915
2023-09-20 04:00:00+00:00,1.23864,1.23948,1.23359,1.23602,36221
2023-09-20 08:00:00+00:00,1.23579,1.23761,1.23541,1.23677,34945
2023-09-20 12:00:00+00:00,1.23689,1.2409,1.23653,1.2387,45499
2023-09-20 16:00:00+00:00,1.23856,1.24204,1.23382,1.23396,53218
2023-09-20 20:00:00+00:00,1.23393,1.2348,1.23233,1.23258,13202
2023-09-21 00:00:00+00:00,1.23262,1.23272,1.2304,1.2321,28028
2023-09-21 04:00:00+00:00,1.2321,1.23313,1.22959,1.23131,32756
2023-09-21 08:00:00+00:00,1.2313,1.23185,1.22453,1.22684,46751
2023-09-21 12:00:00+00:00,1.22628,1.23036,1.22443,1.22968,55190
2023-09-21 16:00:00+00:00,1.22963,1.23069,1.22885,1.22917,33947
2023-09-21 20:00:00+00:00,1.22917,1.2299,1.2288,1.22925,12432
2023-09-22 00:00:00+00:00,1.2291,1.22911,1.22722,1.2277,27371
2023-09-22 04:00:00+00:00,1.2277,1.22873,1.22516,1.22657,42322
2023-09-22 08:00:00+00:00,1.22669,1.22669,1.2233,1.2253,40082
2023-09-22 12:00:00+00:00,1.2263,1.22838,1.22455,1.22549,49069
2023-09-22 16:00:00+00:00,1.2254,1.22601,1.22308,1.22383,32726
2023-09-22 20:00:00+00:00,1.224,1.22413,1.22341,1.224,5859
2023-09-24 16:00:00+00:00,1.22308,1.22348,1.22308,1.22348,2
2023-09-24 20:00:00+00:00,1.22458,1.22569,1.22366,1.22403,8039
2023-09-25 00:00:00+00:00,1.22411,1.2249,1.2236,1.22379,30138
2023-09-25 04:00:00+00:00,1.22383,1.225,1.22326,1.22414,33332
2023-09-25 08:00:00+00:00,1.22416,1.22438,1.22129,1.22207,40224
2023-09-25 12:00:00+00:00,1.2223,1.22274,1.21942,1.2213,48984
2023-09-25 16:00:00+00:00,1.22126,1.22211,1.2204,1.2211,32828
2023-09-25 20:00:00+00:00,1.22111,1.2215,1.2204,1.22102,13746
2023-09-26 00:00:00+00:00,1.2213,1.2213,1.2193,1.21961,36983
2023-09-26 04:00:00+00:00,1.21984,1.22065,1.2167,1.21725,37821
2023-09-26 08:00:00+00:00,1.21702,1.21934,1.21702,1.21768,39702
2023-09-26 12:00:00+00:00,1.2182,1.21906,1.2159,1.2164,49230
2023-09-26 16:00:00+00:00,1.21634,1.21755,1.2154,1.21553,31517
2023-09-26 20:00:00+00:00,1.21557,1.2165,1.21436,1.21457,12263
2023-09-27 00:00:00+00:00,1.2145,1.21565,1.21397,1.21403,31901
2023-09-27 04:00:00+00:00,1.2142,1.21568,1.21381,1.21479,35669
2023-09-27 08:00:00+00:00,1.21481,1.21634,1.2132,1.21385,40090
2023-09-27 12:00:00+00:00,1.21385,1.21583,1.21284,1.2129,54308
2023-09-27 16:00:00+00:00,1.21292,1.2152,1.2111,1.21386,44282
2023-09-27 20:00:00+00:00,1.21385,1.2145,1.2129,1.21339,14030
2023-09-28 00:00:00+00:00,1.21364,1.21448,1.2129,1.2136,35233
2023-09-28 04:00:00+00:00,1.21356,1.21605,1.21208,1.21525,37645
2023-09-28 08:00:00+00:00,1.21518,1.22123,1.21501,1.22075,42226
2023-09-28 12:00:00+00:00,1.22087,1.22232,1.21758,1.222,58388
2023-09-28 16:00:00+00:00,1.22229,1.22229,1.21872,1.21988,38787
2023-09-28 20:00:00+00:00,1.21989,1.22106,1.2196,1.22038,12977
2023-09-29 00:00:00+00:00,1.2205,1.22273,1.21953,1.22177,27217
2023-09-29 04:00:00+00:00,1.22177,1.22539,1.22175,1.22432,38848
2023-09-29 08:00:00+00:00,1.22393,1.2271,1.22297,1.22546,40855
2023-09-29 12:00:00+00:00,1.22507,1.22652,1.21809,1.22118,60765
2023-09-29 16:00:00+00:00,1.22107,1.2218,1.21859,1.21991,44018
2023-09-29 20:00:00+00:00,1.22003,1.2204,1.2196,1.2196,6442
2023-10-01 16:00:00+00:00,1.21948,1.21948,1.21815,1.21815,2
2023-10-01 20:00:00+00:00,1.21853,1.22034,1.21795,1.21924,4933
2023-10-02 00:00:00+00:00,1.21888,1.21958,1.2186,1.21902,28236
2023-10-02 04:00:00+00:00,1.2189,1.22194,1.21749,1.21935,33349
2023-10-02 08:00:00+00:00,1.21935,1.2196,1.21489,1.2152,37829
2023-10-02 12:00:00+00:00,1.21523,1.2167,1.21153,1.21275,52951
2023-10-02 16:00:00+00:00,1.21259,1.21282,1.20921,1.20921,39253
2023-10-02 20:00:00+00:00,1.20925,1.20936,1.2083,1.2088,14359
2023-10-03 00:00:00+00:00,1.20871,1.2088,1.207,1.20768,28568
2023-10-03 04:00:00+00:00,1.2076,1.20879,1.206,1.20831,34715
2023-10-03 08:00:00+00:00,1.20837,1.2095,1.20523,1.20655,38028
2023-10-03 12:00:00+00:00,1.20671,1.21,1.20534,1.20657,60381
2023-10-03 16:00:00+00:00,1.2068,1.20904,1.2068,1.20778,40062
2023-10-03 20:00:00+00:00,1.20803,1.2081,1.2071,1.20769,13604
2023-10-04 00:00:00+00:00,1.20763,1.20835,1.20598,1.206,28545
2023-10-04 04:00:00+00:00,1.20629,1.20835,1.2042,1.20835,33651
2023-10-04 08:00:00+00:00,1.20846,1.21389,1.20821,1.21197,39204
2023-10-04 12:00:00+00:00,1.21213,1.21748,1.21073,1.2154,57844
2023-10-04 16:00:00+00:00,1.21545,1.21658,1.21299,1.21501,37097
2023-10-04 20:00:00+00:00,1.21496,1.215,1.21336,1.21367,10734
2023-10-05 00:00:00+00:00,1.2134,1.21624,1.21299,1.21585,26058
2023-10-05 04:00:00+00:00,1.2159,1.21627,1.21304,1.21311,33756
2023-10-05 08:00:00+00:00,1.21324,1.21514,1.21163,1.21482,38457
2023-10-05 12:00:00+00:00,1.2149,1.21733,1.21091,1.21679,56990
2023-10-05 16:00:00+00:00,1.21687,1.21955,1.2166,1.21936,37943
2023-10-05 20:00:00+00:00,1.21937,1.21949,1.21816,1.21832,9887
2023-10-06 00:00:00+00:00,1.21878,1.21882,1.2176,1.21796,31808
2023-10-06 04:00:00+00:00,1.21787,1.22048,1.21645,1.2204,34202
2023-10-06 08:00:00+00:00,1.22039,1.22174,1.21939,1.22111,41011
2023-10-06 12:00:00+00:00,1.22149,1.22596,1.21091,1.2253,71402
2023-10-06 16:00:00+00:00,1.22503,1.22545,1.22314,1.22418,41975
2023-10-06 20:00:00+00:00,1.22413,1.22413,1.22319,1.2239,5717
2023-10-08 16:00:00+00:00,1.22042,1.22057,1.22041,1.22041,13
2023-10-08 20:00:00+00:00,1.21998,1.2221,1.21979,1.2219,9810
2023-10-09 00:00:00+00:00,1.22214,1.22238,1.21965,1.21971,31204
2023-10-09 04:00:00+00:00,1.21978,1.22162,1.2168,1.21705,38218
2023-10-09 08:00:00+00:00,1.217,1.21891,1.21637,1.21687,36600
2023-10-09 12:00:00+00:00,1.21652,1.22198,1.2164,1.22034,46808
2023-10-09 16:00:00+00:00,1.2204,1.22422,1.21962,1.22422,37664
2023-10-09 20:00:00+00:00,1.2243,1.22513,1.2233,1.2248,11940
2023-10-10 00:00:00+00:00,1.22515,1.22547,1.2234,1.22358,28811
2023-10-10 04:00:00+00:00,1.22359,1.22359,1.22129,1.22308,38017
2023-10-10 08:00:00+00:00,1.2227,1.22744,1.2225,1.22398,45234
2023-10-10 12:00:00+00:00,1.22387,1.22876,1.22382,1.22865,51513
2023-10-10 16:00:00+00:00,1.22867,1.22915,1.22653,1.22839,36188
2023-10-10 20:00:00+00:00,1.22839,1.2294,1.2275,1.2288,12985
2023-10-11 00:00:00+00:00,1.22896,1.23031,1.22872,1.22922,24104
2023-10-11 04:00:00+00:00,1.22931,1.23029,1.22706,1.22764,31230
2023-10-11 08:00:00+00:00,1.22717,1.22978,1.2271,1.22897,40578
2023-10-11 12:00:00+00:00,1.22873,1.23353,1.22807,1.2301,56350
2023-10-11 16:00:00+00:00,1.2299,1.23115,1.2275,1.23082,36481
2023-10-11 20:00:00+00:00,1.2307,1.23183,1.2299,1.23145,12121
2023-10-12 00:00:00+00:00,1.23146,1.23218,1.23096,1.23168,26688
2023-10-12 04:00:00+00:00,1.23169,1.23306,1.22943,1.22953,32683
2023-10-12 08:00:00+00:00,1.22952,1.23119,1.2292,1.23119,35191
2023-10-12 12:00:00+00:00,1.23132,1.23133,1.22064,1.22116,60623
2023-10-12 16:00:00+00:00,1.22165,1.22232,1.21729,1.21751,38952
2023-10-12 20:00:00+00:00,1.2175,1.2184,1.217,1.2183,12889
2023-10-13 00:00:00+00:00,1.2182,1.2208,1.2182,1.2202,24141
2023-10-13 04:00:00+00:00,1.2203,1.22237,1.21855,1.22103,33835
2023-10-13 08:00:00+00:00,1.22128,1.22187,1.21614,1.21846,43725
2023-10-13 12:00:00+00:00,1.21862,1.2199,1.2132,1.2136,58748
2023-10-13 16:00:00+00:00,1.21339,1.21459,1.2122,1.21397,39237
2023-10-13 20:00:00+00:00,1.214,1.2144,1.2121,1.2123,7031
2023-10-15 16:00:00+00:00,1.21209,1.21332,1.21209,1.21253,4
2023-10-15 20:00:00+00:00,1.21285,1.21556,1.21285,1.21542,5304
2023-10-16 00:00:00+00:00,1.21538,1.21582,1.2144,1.21548,23805
2023-10-16 04:00:00+00:00,1.21549,1.21768,1.21548,1.21751,36140
2023-10-16 08:00:00+00:00,1.21753,1.21799,1.21433,1.21778,40904
2023-10-16 12:00:00+00:00,1.2179,1.21985,1.21531,1.21958,49039
2023-10-16 16:00:00+00:00,1.21951,1.22191,1.21911,1.2217,29140
2023-10-16 20:00:00+00:00,1.22162,1.2218,1.22063,1.22098,12026
2023-10-17 00:00:00+00:00,1.22112,1.22142,1.21922,1.22023,24737
2023-10-17 04:00:00+00:00,1.22019,1.22022,1.21653,1.21754,32151
2023-10-17 08:00:00+00:00,1.21722,1.21896,1.2149,1.21846,39374
2023-10-17 12:00:00+00:00,1.21856,1.22035,1.21344,1.22035,55904
2023-10-17 16:00:00+00:00,1.22034,1.22104,1.2169,1.21842,33467
2023-10-17 20:00:00+00:00,1.21829,1.2189,1.21751,1.21769,11233
2023-10-18 00:00:00+00:00,1.21772,1.21792,1.21583,1.21748,26501
2023-10-18 04:00:00+00:00,1.21769,1.22097,1.2174,1.21895,35401
2023-10-18 08:00:00+00:00,1.21901,1.22088,1.21763,1.2189,39671
2023-10-18 12:00:00+00:00,1.2188,1.22052,1.21395,1.21483,44313
2023-10-18 16:00:00+00:00,1.21502,1.21735,1.2137,1.21396,33132
2023-10-18 20:00:00+00:00,1.21402,1.21455,1.21372,1.21409,9416
2023-10-19 00:00:00+00:00,1.21425,1.21446,1.21256,1.21262,20907
2023-10-19 04:00:00+00:00,1.2125,1.21426,1.2112,1.21179,27358
2023-10-19 08:00:00+00:00,1.21185,1.21251,1.20916,1.2121,33312
2023-10-19 12:00:00+00:00,1.21204,1.21576,1.21195,1.2141,41747
2023-10-19 16:00:00+00:00,1.21506,1.21879,1.21316,1.21487,45628
2023-10-19 20:00:00+00:00,1.21484,1.21484,1.21318,1.21346,9466
2023-10-20 00:00:00+00:00,1.21359,1.2143,1.21169,1.21361,21171
2023-10-20 04:00:00+00:00,1.21339,1.2137,1.2094,1.21035,28093
2023-10-20 08:00:00+00:00,1.21015,1.21445,1.20973,1.21403,33537
2023-10-20 12:00:00+00:00,1.2142,1.2159,1.21214,1.21502,44029
2023-10-20 16:00:00+00:00,1.21507,1.21698,1.2135,1.21602,30403
2023-10-20 20:00:00+00:00,1.21596,1.21651,1.2144,1.215,5106
2023-10-22 20:00:00+00:00,1.21601,1.2165,1.21574,1.2161,2894
2023-10-23 00:00:00+00:00,1.2161,1.2163,1.21485,1.2149,17201
2023-10-23 04:00:00+00:00,1.21468,1.21711,1.21434,1.21683,25158
2023-10-23 08:00:00+00:00,1.21665,1.21832,1.2143,1.21697,34047
2023-10-23 12:00:00+00:00,1.21661,1.2236,1.21513,1.22322,41511
2023-10-23 16:00:00+00:00,1.2232,1.22581,1.22195,1.22441,29452
2023-10-23 20:00:00+00:00,1.22435,1.22522,1.2241,1.22488,10630
2023-10-24 00:00:00+00:00,1.22495,1.22732,1.22463,1.22643,27575
2023-10-24 04:00:00+00:00,1.22645,1.2288,1.22585,1.22625,35371
2023-10-24 08:00:00+00:00,1.2262,1.22648,1.2211,1.2219,42718
2023-10-24 12:00:00+00:00,1.22208,1.22214,1.2158,1.2168,52839
2023-10-24 16:00:00+00:00,1.21702,1.21714,1.2153,1.21626,36354
2023-10-24 20:00:00+00:00,1.21631,1.2165,1.2154,1.21603,13140
2023-10-25 00:00:00+00:00,1.21601,1.2174,1.21597,1.2171,27732
2023-10-25 04:00:00+00:00,1.21711,1.21745,1.21379,1.21409,32378
2023-10-25 08:00:00+00:00,1.21456,1.21482,1.21146,1.21182,41253
2023-10-25 12:00:00+00:00,1.21204,1.21554,1.21175,1.21372,52029
2023-10-25 16:00:00+00:00,1.21388,1.21389,1.21117,1.21117,40298
2023-10-25 20:00:00+00:00,1.21116,1.21129,1.20935,1.21004,17640
2023-10-26 00:00:00+00:00,1.20996,1.21041,1.20761,1.20794,27947
2023-10-26 04:00:00+00:00,1.2081,1.20919,1.207,1.20891,35972
2023-10-26 08:00:00+00:00,1.20878,1.20946,1.20749,1.20853,39339
2023-10-26 12:00:00+00:00,1.20858,1.21318,1.20858,1.21096,57074
2023-10-26 16:00:00+00:00,1.21095,1.21391,1.20989,1.21214,40889
2023-10-26 20:00:00+00:00,1.21197,1.21379,1.21181,1.21344,15497
2023-10-27 00:00:00+00:00,1.21343,1.21381,1.2121,1.21338,27080
2023-10-27 04:00:00+00:00,1.21338,1.21404,1.21131,1.2119,34211
2023-10-27 08:00:00+00:00,1.21188,1.21424,1.21058,1.21085,36820
2023-10-27 12:00:00+00:00,1.21065,1.21605,1.21065,1.21498,53471
2023-10-27 16:00:00+00:00,1.21501,1.2154,1.21108,1.21198,42672
2023-10-27 20:00:00+00:00,1.21198,1.2127,1.21157,1.2124,6974
2023-10-29 16:00:00+00:00,1.21169,1.21177,1.21127,1.21152,4
2023-10-29 20:00:00+00:00,1.21153,1.21255,1.21096,1.21125,3114
2023-10-30 00:00:00+00:00,1.2112,1.21199,1.21064,1.2119,21251
2023-10-30 04:00:00+00:00,1.21193,1.21326,1.2092,1.20981,27363
2023-10-30 08:00:00+00:00,1.2098,1.21402,1.2092,1.21253,41218
2023-10-30 12:00:00+00:00,1.2123,1.21643,1.2122,1.21557,49984
2023-10-30 16:00:00+00:00,1.21548,1.2174,1.2141,1.2173,36117
2023-10-30 20:00:00+00:00,1.21715,1.21724,1.21552,1.21621,10859
2023-10-31 00:00:00+00:00,1.21609,1.21615,1.21367,1.21434,29145
2023-10-31 04:00:00+00:00,1.21457,1.21608,1.2138,1.21562,31996
2023-10-31 08:00:00+00:00,1.21541,1.21994,1.21461,1.21797,42184
2023-10-31 12:00:00+00:00,1.21766,1.21853,1.212,1.21334,53248
2023-10-31 16:00:00+00:00,1.21353,1.21546,1.21259,1.21524,39367
2023-10-31 20:00:00+00:00,1.21533,1.2155,1.21406,1.21484,12962
2023-11-01 00:00:00+00:00,1.21471,1.21502,1.21331,1.21445,27262
2023-11-01 04:00:00+00:00,1.21423,1.21601,1.21312,1.21521,29350
2023-11-01 08:00:00+00:00,1.21575,1.21602,1.21241,1.21254,40725
2023-11-01 12:00:00+00:00,1.21262,1.21639,1.20967,1.2126,56304
2023-11-01 16:00:00+00:00,1.21232,1.21549,1.21045,1.21476,48510
2023-11-01 20:00:00+00:00,1.21475,1.21802,1.21392,1.21802,14196
2023-11-02 00:00:00+00:00,1.21823,1.21956,1.21787,1.21913,28620
2023-11-02 04:00:00+00:00,1.21903,1.21908,1.21641,1.21695,29320
2023-11-02 08:00:00+00:00,1.21709,1.21991,1.21555,1.21941,42208
2023-11-02 12:00:00+00:00,1.22062,1.22238,1.21686,1.21729,55044
2023-11-02 16:00:00+00:00,1.21739,1.22088,1.21692,1.22078,37668
2023-11-02 20:00:00+00:00,1.22074,1.22089,1.21885,1.21885,11443
2023-11-03 00:00:00+00:00,1.219,1.22036,1.21841,1.2199,25374
2023-11-03 04:00:00+00:00,1.21983,1.22133,1.2196,1.21995,27063
2023-11-03 08:00:00+00:00,1.21988,1.22305,1.21862,1.22262,39266
2023-11-03 12:00:00+00:00,1.22271,1.23742,1.22267,1.23712,60347
2023-11-03 16:00:00+00:00,1.23705,1.2388,1.23604,1.23729,38986
2023-11-03 20:00:00+00:00,1.2373,1.23825,1.2373,1.2374,5608
2023-11-05 16:00:00+00:00,1.23736,1.23736,1.23675,1.23696,4
2023-11-05 20:00:00+00:00,1.23665,1.23769,1.23628,1.23716,1692
2023-11-06 00:00:00+00:00,1.2371,1.23746,1.23653,1.23743,22299
2023-11-06 04:00:00+00:00,1.23744,1.23962,1.237,1.23824,28467
2023-11-06 08:00:00+00:00,1.23777,1.24247,1.23777,1.24238,39335
2023-11-06 12:00:00+00:00,1.24282,1.24282,1.23734,1.239,45008
2023-11-06 16:00:00+00:00,1.23898,1.23968,1.23514,1.23514,35671
2023-11-06 20:00:00+00:00,1.23515,1.23515,1.23378,1.23426,17671
2023-11-07 00:00:00+00:00,1.23429,1.2347,1.2332,1.23332,25384
2023-11-07 04:00:00+00:00,1.23328,1.23355,1.23117,1.23149,28014
2023-11-07 08:00:00+00:00,1.23179,1.23303,1.22752,1.22883,41106
2023-11-07 12:00:00+00:00,1.22905,1.23108,1.22836,1.22985,43724
2023-11-07 16:00:00+00:00,1.22995,1.23101,1.22636,1.22957,38475
2023-11-07 20:00:00+00:00,1.22955,1.2303,1.22857,1.22897,19366
2023-11-08 00:00:00+00:00,1.22892,1.22952,1.2278,1.22796,23885
2023-11-08 04:00:00+00:00,1.2278,1.2284,1.2265,1.22724,25089
2023-11-08 08:00:00+00:00,1.2274,1.22747,1.22429,1.22677,34408
2023-11-08 12:00:00+00:00,1.2268,1.22878,1.22509,1.2285,41667
2023-11-08 16:00:00+00:00,1.2288,1.23007,1.22832,1.22833,37209
2023-11-08 20:00:00+00:00,1.22828,1.2294,1.22786,1.22836,18809
2023-11-09 00:00:00+00:00,1.22836,1.22926,1.22763,1.22811,21907
2023-11-09 04:00:00+00:00,1.22813,1.22885,1.2275,1.22821,25089
2023-11-09 08:00:00+00:00,1.228,1.2307,1.22538,1.22613,36966
2023-11-09 12:00:00+00:00,1.22614,1.22919,1.22526,1.22869,44679
2023-11-09 16:00:00+00:00,1.22865,1.22876,1.22122,1.222,43456
2023-11-09 20:00:00+00:00,1.22205,1.22291,1.22102,1.2214,20179
2023-11-10 00:00:00+00:00,1.22132,1.22268,1.22101,1.22207,22120
2023-11-10 04:00:00+00:00,1.22208,1.22377,1.22167,1.22273,25477
2023-11-10 08:00:00+00:00,1.22263,1.22336,1.22,1.22072,35999
2023-11-10 12:00:00+00:00,1.2208,1.22262,1.21881,1.21963,44835
2023-11-10 16:00:00+00:00,1.21969,1.223,1.21929,1.22177,34309
2023-11-10 20:00:00+00:00,1.22161,1.22279,1.22148,1.2222,12307
2023-11-12 16:00:00+00:00,1.21933,1.22038,1.21933,1.22038,3
2023-11-12 20:00:00+00:00,1.22046,1.22304,1.22046,1.22291,1357
2023-11-13 00:00:00+00:00,1.22313,1.22348,1.2221,1.22265,17685
2023-11-13 04:00:00+00:00,1.22266,1.22432,1.2226,1.22368,21192
2023-11-13 08:00:00+00:00,1.22333,1.22551,1.223,1.22501,32290
2023-11-13 12:00:00+00:00,1.22497,1.22567,1.22299,1.22525,41516
2023-11-13 16:00:00+00:00,1.22544,1.2279,1.22478,1.22778,30172
2023-11-13 20:00:00+00:00,1.22762,1.228,1.2268,1.22794,12770
2023-11-14 00:00:00+00:00,1.22775,1.2279,1.2268,1.22698,15976
2023-11-14 04:00:00+00:00,1.22706,1.23003,1.22652,1.2295,20571
2023-11-14 08:00:00+00:00,1.22954,1.23072,1.22767,1.22804,33337
2023-11-14 12:00:00+00:00,1.22804,1.24746,1.22804,1.24566,52036
2023-11-14 16:00:00+00:00,1.24566,1.24991,1.24558,1.24991,34743
2023-11-14 20:00:00+00:00,1.24993,1.25052,1.24864,1.24929,14332
2023-11-15 00:00:00+00:00,1.24919,1.24945,1.24783,1.24937,22428
2023-11-15 04:00:00+00:00,1.2494,1.2497,1.2465,1.2468,25015
2023-11-15 08:00:00+00:00,1.24718,1.24755,1.24565,1.24719,37128
2023-11-15 12:00:00+00:00,1.24735,1.24744,1.24047,1.24422,48478
2023-11-15 16:00:00+00:00,1.24441,1.24533,1.241,1.2418,34405
2023-11-15 20:00:00+00:00,1.2418,1.2422,1.2406,1.2422,14560
2023-11-16 00:00:00+00:00,1.24229,1.24231,1.23797,1.2387,22834
2023-11-16 04:00:00+00:00,1.23872,1.23974,1.2379,1.23796,21225
2023-11-16 08:00:00+00:00,1.23782,1.2413,1.23772,1.2403,35464
2023-11-16 12:00:00+00:00,1.2401,1.2455,1.23829,1.24407,48672
2023-11-16 16:00:00+00:00,1.24401,1.2448,1.2415,1.24175,33959
2023-11-16 20:00:00+00:00,1.24179,1.24179,1.24045,1.24138,13819
2023-11-17 00:00:00+00:00,1.2416,1.2421,1.24029,1.24064,21537
2023-11-17 04:00:00+00:00,1.24073,1.24175,1.23753,1.23843,22943
2023-11-17 08:00:00+00:00,1.2382,1.24363,1.23802,1.2429,42320
2023-11-17 12:00:00+00:00,1.24281,1.24398,1.24072,1.24341,47593
2023-11-17 16:00:00+00:00,1.24362,1.24569,1.24181,1.2448,33415
2023-11-17 20:00:00+00:00,1.24485,1.2464,1.24469,1.2456,11843
2023-11-19 16:00:00+00:00,1.2417,1.24447,1.2417,1.24447,4
2023-11-19 20:00:00+00:00,1.24452,1.24598,1.24452,1.24528,1951
2023-11-20 00:00:00+00:00,1.24532,1.24846,1.24459,1.2484,25339
2023-11-20 04:00:00+00:00,1.24858,1.24936,1.24711,1.24748,26555
2023-11-20 08:00:00+00:00,1.2478,1.25099,1.2463,1.2471,38889
2023-11-20 12:00:00+00:00,1.2467,1.24935,1.24627,1.24925,41507
2023-11-20 16:00:00+00:00,1.24968,1.25169,1.24913,1.25099,32284
2023-11-20 20:00:00+00:00,1.25098,1.25131,1.2492,1.2507,13459
2023-11-21 00:00:00+00:00,1.25093,1.25375,1.25046,1.2536,27208
2023-11-21 04:00:00+00:00,1.25375,1.25386,1.2522,1.25242,26361
2023-11-21 08:00:00+00:00,1.25205,1.25516,1.25205,1.25284,37067
2023-11-21 12:00:00+00:00,1.25291,1.25578,1.2528,1.25368,43723
2023-11-21 16:00:00+00:00,1.25389,1.25505,1.25174,1.25406,36100
2023-11-21 20:00:00+00:00,1.25404,1.2545,1.25292,1.2543,13084
2023-11-22 00:00:00+00:00,1.2544,1.25479,1.25317,1.2537,22499
2023-11-22 04:00:00+00:00,1.25392,1.25406,1.25125,1.25261,24983
2023-11-22 08:00:00+00:00,1.25286,1.25374,1.25078,1.25352,37877
2023-11-22 12:00:00+00:00,1.25313,1.25482,1.24494,1.24586,49168
2023-11-22 16:00:00+00:00,1.24603,1.24943,1.24546,1.24903,34068
2023-11-22 20:00:00+00:00,1.24899,1.2496,1.24878,1.24878,13559
2023-11-23 00:00:00+00:00,1.24891,1.25053,1.24883,1.25048,20621
2023-11-23 04:00:00+00:00,1.25046,1.2518,1.24996,1.25176,23250
2023-11-23 08:00:00+00:00,1.25166,1.25622,1.25051,1.25566,37101
2023-11-23 12:00:00+00:00,1.25557,1.25571,1.2526,1.25388,32668
2023-11-23 16:00:00+00:00,1.25376,1.25377,1.2528,1.25341,13520
2023-11-23 20:00:00+00:00,1.2534,1.2536,1.2528,1.25316,7861
2023-11-24 00:00:00+00:00,1.25337,1.25431,1.25237,1.25346,20457
2023-11-24 04:00:00+00:00,1.25353,1.2544,1.25273,1.2532,21031
2023-11-24 08:00:00+00:00,1.25318,1.25698,1.25318,1.25681,32988
2023-11-24 12:00:00+00:00,1.25646,1.26144,1.2562,1.26127,39218
2023-11-24 16:00:00+00:00,1.26125,1.26146,1.25965,1.2607,23369
2023-11-24 20:00:00+00:00,1.26077,1.261,1.25997,1.26,9755
2023-11-26 16:00:00+00:00,1.25942,1.26016,1.25942,1.25949,6
2023-11-26 20:00:00+00:00,1.25949,1.26044,1.25914,1.2599,1457
2023-11-27 00:00:00+00:00,1.25991,1.2609,1.25909,1.26043,19743
2023-11-27 04:00:00+00:00,1.26046,1.26259,1.25989,1.26173,24428
2023-11-27 08:00:00+00:00,1.26149,1.26355,1.26022,1.26346,34064
2023-11-27 12:00:00+00:00,1.26326,1.2643,1.26052,1.26052,44739
2023-11-27 16:00:00+00:00,1.26073,1.26326,1.2599,1.26321,32200
2023-11-27 20:00:00+00:00,1.26313,1.26338,1.26172,1.26333,15007
2023-11-28 00:00:00+00:00,1.2634,1.2641,1.26288,1.26307,23655
2023-11-28 04:00:00+00:00,1.26308,1.26323,1.26092,1.26118,22109
2023-11-28 08:00:00+00:00,1.26158,1.26391,1.26068,1.26197,34116
2023-11-28 12:00:00+00:00,1.26183,1.26956,1.26089,1.26823,48291
2023-11-28 16:00:00+00:00,1.26805,1.27135,1.26741,1.26985,40070
2023-11-28 20:00:00+00:00,1.26982,1.27121,1.26821,1.27121,16441
2023-11-29 00:00:00+00:00,1.27099,1.27309,1.27038,1.27074,26600
2023-11-29 04:00:00+00:00,1.27051,1.27202,1.26917,1.26977,26931
2023-11-29 08:00:00+00:00,1.27013,1.27125,1.26752,1.26886,38248
2023-11-29 12:00:00+00:00,1.26888,1.27106,1.26649,1.26968,49860
2023-11-29 16:00:00+00:00,1.26941,1.27268,1.267,1.27072,36348
2023-11-29 20:00:00+00:00,1.27056,1.27076,1.2689,1.26943,16181
2023-11-30 00:00:00+00:00,1.26941,1.27048,1.2689,1.26976,24228
2023-11-30 04:00:00+00:00,1.2699,1.2707,1.26796,1.26937,24625
2023-11-30 08:00:00+00:00,1.26966,1.2709,1.2631,1.26397,40831
2023-11-30 12:00:00+00:00,1.26408,1.26657,1.26047,1.26573,52912
2023-11-30 16:00:00+00:00,1.26544,1.26621,1.2613,1.26231,41122
2023-11-30 20:00:00+00:00,1.26228,1.26316,1.2612,1.26299,19444
2023-12-01 00:00:00+00:00,1.26298,1.2655,1.26298,1.26339,25021
2023-12-01 04:00:00+00:00,1.26332,1.26449,1.26295,1.26329,24512
2023-12-01 08:00:00+00:00,1.26351,1.2674,1.2631,1.26458,36684
2023-12-01 12:00:00+00:00,1.265,1.26547,1.26147,1.26364,47481
2023-12-01 16:00:00+00:00,1.26278,1.27149,1.26278,1.26999,48175
2023-12-01 20:00:00+00:00,1.2699,1.2712,1.2698,1.2698,12841
2023-12-03 16:00:00+00:00,1.26705,1.26953,1.26705,1.26953,4
2023-12-03 20:00:00+00:00,1.26943,1.27226,1.26768,1.27102,3349
2023-12-04 00:00:00+00:00,1.27113,1.27113,1.26673,1.26771,25279
2023-12-04 04:00:00+00:00,1.26769,1.26844,1.26626,1.26639,27666
2023-12-04 08:00:00+00:00,1.26665,1.26859,1.2655,1.26833,39363
2023-12-04 12:00:00+00:00,1.26787,1.26838,1.26056,1.26103,50816
2023-12-04 16:00:00+00:00,1.2612,1.26345,1.2605,1.2622,36726
2023-12-04 20:00:00+00:00,1.26234,1.2634,1.2621,1.26327,17253
2023-12-05 00:00:00+00:00,1.26337,1.26438,1.2627,1.26331,26104
2023-12-05 04:00:00+00:00,1.26337,1.2641,1.26067,1.26092,27686
2023-12-05 08:00:00+00:00,1.26142,1.26445,1.2614,1.26223,40782
2023-12-05 12:00:00+00:00,1.2621,1.26492,1.2601,1.26127,51369
2023-12-05 16:00:00+00:00,1.26125,1.26168,1.25777,1.25822,40280
2023-12-05 20:00:00+00:00,1.25815,1.2599,1.25804,1.25931,14633
2023-12-06 00:00:00+00:00,1.2596,1.26115,1.25916,1.26101,24969
2023-12-06 04:00:00+00:00,1.26094,1.26121,1.25939,1.26073,24810
2023-12-06 08:00:00+00:00,1.26057,1.26094,1.25822,1.2587,39103
2023-12-06 12:00:00+00:00,1.25877,1.26025,1.25823,1.25927,48711
2023-12-06 16:00:00+00:00,1.25938,1.26036,1.2557,1.25613,34742
2023-12-06 20:00:00+00:00,1.25603,1.2564,1.25514,1.2556,14574
2023-12-07 00:00:00+00:00,1.2556,1.2565,1.25478,1.25479,24643
2023-12-07 04:00:00+00:00,1.25485,1.25831,1.2544,1.25808,28066
2023-12-07 08:00:00+00:00,1.25805,1.2594,1.25619,1.257,42386
2023-12-07 12:00:00+00:00,1.25712,1.25899,1.25499,1.25739,52677
2023-12-07 16:00:00+00:00,1.25747,1.26109,1.25698,1.25916,43587
2023-12-07 20:00:00+00:00,1.25913,1.2597,1.2582,1.2587,15704
2023-12-08 00:00:00+00:00,1.25876,1.25995,1.25847,1.25902,33028
2023-12-08 04:00:00+00:00,1.25898,1.25951,1.25606,1.25653,31620
2023-12-08 08:00:00+00:00,1.25667,1.2586,1.2554,1.25796,39542
2023-12-08 12:00:00+00:00,1.25799,1.25836,1.25034,1.2546,56737
2023-12-08 16:00:00+00:00,1.25435,1.25549,1.25238,1.25497,41404
2023-12-08 20:00:00+00:00,1.25484,1.255,1.25435,1.2547,13923
2023-12-10 16:00:00+00:00,1.2519,1.25424,1.2519,1.25414,4
2023-12-10 20:00:00+00:00,1.25437,1.25534,1.25212,1.25534,1837
2023-12-11 00:00:00+00:00,1.2556,1.25579,1.2539,1.25405,20315
2023-12-11 04:00:00+00:00,1.25392,1.25471,1.25337,1.254,26367
2023-12-11 08:00:00+00:00,1.25422,1.25899,1.2541,1.25899,35776
2023-12-11 12:00:00+00:00,1.25889,1.25891,1.25487,1.25501,41472
2023-12-11 16:00:00+00:00,1.25514,1.25673,1.25381,1.25546,36322
2023-12-11 20:00:00+00:00,1.25547,1.256,1.25493,1.25526,14605
2023-12-12 00:00:00+00:00,1.25526,1.25748,1.2552,1.25744,24062
2023-12-12 04:00:00+00:00,1.25723,1.25838,1.25634,1.25634,26341
2023-12-12 08:00:00+00:00,1.2559,1.2581,1.25427,1.25709,34679
2023-12-12 12:00:00+00:00,1.25715,1.26084,1.2518,1.25604,50062
2023-12-12 16:00:00+00:00,1.256,1.25688,1.25429,1.2563,37784
2023-12-12 20:00:00+00:00,1.2562,1.2571,1.25597,1.25678,18230
2023-12-13 00:00:00+00:00,1.25681,1.25686,1.2548,1.25514,23007
2023-12-13 04:00:00+00:00,1.25513,1.2559,1.2518,1.25211,26984
2023-12-13 08:00:00+00:00,1.25207,1.25361,1.25096,1.25266,34347
2023-12-13 12:00:00+00:00,1.25288,1.2546,1.25061,1.25252,43499
2023-12-13 16:00:00+00:00,1.25249,1.26283,1.25,1.26259,43753
2023-12-13 20:00:00+00:00,1.26231,1.26327,1.26109,1.26203,27050
2023-12-14 00:00:00+00:00,1.26225,1.26513,1.26192,1.26443,37341
2023-12-14 04:00:00+00:00,1.26447,1.26454,1.26132,1.26198,38349
2023-12-14 08:00:00+00:00,1.2623,1.26788,1.26161,1.26633,47427
2023-12-14 12:00:00+00:00,1.27063,1.27632,1.26823,1.27582,60567
2023-12-14 16:00:00+00:00,1.27574,1.2793,1.27483,1.27575,46797
2023-12-14 20:00:00+00:00,1.2755,1.27714,1.2754,1.27704,20949
2023-12-15 00:00:00+00:00,1.2768,1.27686,1.27468,1.27662,30619
2023-12-15 04:00:00+00:00,1.27659,1.27729,1.27519,1.27678,32679
2023-12-15 08:00:00+00:00,1.27704,1.27899,1.27399,1.27711,43398
2023-12-15 12:00:00+00:00,1.27712,1.27744,1.26961,1.26989,52979
2023-12-15 16:00:00+00:00,1.26997,1.27156,1.26697,1.26896,41523
2023-12-15 20:00:00+00:00,1.26909,1.26941,1.26699,1.2688,16007
2023-12-17 16:00:00+00:00,1.26599,1.26609,1.26599,1.26609,3
2023-12-17 20:00:00+00:00,1.26695,1.26885,1.26658,1.26707,1619
2023-12-18 00:00:00+00:00,1.26715,1.26979,1.26708,1.26931,26642
2023-12-18 04:00:00+00:00,1.2693,1.27035,1.26859,1.26908,30122
2023-12-18 08:00:00+00:00,1.2693,1.2695,1.26465,1.26541,38934
2023-12-18 12:00:00+00:00,1.26562,1.26711,1.26363,1.26435,44317
2023-12-18 16:00:00+00:00,1.26405,1.26552,1.26288,1.26398,37835
2023-12-18 20:00:00+00:00,1.26397,1.2653,1.2636,1.2653,17971
2023-12-19 00:00:00+00:00,1.26497,1.26637,1.2648,1.26597,28043
2023-12-19 04:00:00+00:00,1.266,1.26763,1.2652,1.26674,30271
2023-12-19 08:00:00+00:00,1.26669,1.27083,1.26669,1.27,36838
2023-12-19 12:00:00+00:00,1.27032,1.2757,1.27032,1.27388,45624
2023-12-19 16:00:00+00:00,1.27362,1.27598,1.27194,1.27224,35852
2023-12-19 20:00:00+00:00,1.27227,1.2733,1.2715,1.27291,15892
2023-12-20 00:00:00+00:00,1.27297,1.27297,1.27154,1.27187,24703
2023-12-20 04:00:00+00:00,1.27193,1.2725,1.26489,1.26633,29080
2023-12-20 08:00:00+00:00,1.26567,1.26785,1.26496,1.26507,37878
2023-12-20 12:00:00+00:00,1.26451,1.26807,1.26318,1.26677,44201
2023-12-20 16:00:00+00:00,1.26685,1.26749,1.26418,1.26418,36462
2023-12-20 20:00:00+00:00,1.26399,1.2644,1.26249,1.26392,22725
2023-12-21 00:00:00+00:00,1.26372,1.26497,1.263,1.2632,27875
2023-12-21 04:00:00+00:00,1.26329,1.26498,1.26321,1.26371,29246
2023-12-21 08:00:00+00:00,1.26424,1.26734,1.26132,1.26661,37303
2023-12-21 12:00:00+00:00,1.2664,1.2692,1.26459,1.2655,48921
2023-12-21 16:00:00+00:00,1.26545,1.26908,1.26448,1.26846,44235
2023-12-21 20:00:00+00:00,1.26837,1.26916,1.26754,1.26818,18565
2023-12-22 00:00:00+00:00,1.26843,1.26908,1.2678,1.26823,28567
2023-12-22 04:00:00+00:00,1.26833,1.27055,1.26803,1.26944,30120
2023-12-22 08:00:00+00:00,1.2692,1.27423,1.26854,1.27335,38481
2023-12-22 12:00:00+00:00,1.27353,1.27439,1.26982,1.2715,47926
2023-12-22 16:00:00+00:00,1.27173,1.27271,1.2689,1.27029,41306
2023-12-22 20:00:00+00:00,1.27019,1.27043,1.26937,1.2698,12911
2023-12-24 20:00:00+00:00,1.2688,1.269,1.2674,1.269,4
2023-12-25 00:00:00+00:00,1.26903,1.2717,1.2672,1.26822,1903
2023-12-25 04:00:00+00:00,1.26836,1.2715,1.26661,1.2702,2564
2023-12-25 08:00:00+00:00,1.2704,1.2728,1.26243,1.2689,1132
2023-12-25 12:00:00+00:00,1.269,1.2699,1.26815,1.2696,1261
2023-12-25 16:00:00+00:00,1.2695,1.2724,1.26647,1.2697,1874
2023-12-25 20:00:00+00:00,1.2701,1.2732,1.268,1.2704,3280
2023-12-26 00:00:00+00:00,1.27019,1.27122,1.26968,1.271,23175
2023-12-26 04:00:00+00:00,1.27104,1.27111,1.269,1.26949,23369
2023-12-26 08:00:00+00:00,1.26954,1.2703,1.26861,1.2694,29024
2023-12-26 12:00:00+00:00,1.26936,1.27188,1.26844,1.27046,36380
2023-12-26 16:00:00+00:00,1.27065,1.27226,1.2701,1.27225,32171
2023-12-26 20:00:00+00:00,1.27224,1.273,1.2712,1.27263,14388
2023-12-27 00:00:00+00:00,1.27258,1.27282,1.2715,1.27241,24606
2023-12-27 04:00:00+00:00,1.2723,1.27346,1.2723,1.27255,23680
2023-12-27 08:00:00+00:00,1.27228,1.27377,1.26987,1.27349,32651
2023-12-27 12:00:00+00:00,1.27323,1.27885,1.27311,1.27885,41073
2023-12-27 16:00:00+00:00,1.27894,1.28006,1.27833,1.27938,34957
2023-12-27 20:00:00+00:00,1.27942,1.2802,1.27909,1.27996,16192
2023-12-28 00:00:00+00:00,1.27986,1.28138,1.27978,1.28116,22277
2023-12-28 04:00:00+00:00,1.28105,1.2826,1.2804,1.28186,26429
2023-12-28 08:00:00+00:00,1.28164,1.28173,1.27878,1.2791,35056
2023-12-28 12:00:00+00:00,1.279,1.27904,1.27393,1.27702,42937
2023-12-28 16:00:00+00:00,1.27678,1.27678,1.27129,1.27264,34408
2023-12-28 20:00:00+00:00,1.27261,1.274,1.27244,1.27337,14681
2023-12-29 00:00:00+00:00,1.27341,1.27455,1.27294,1.27369,23130
2023-12-29 04:00:00+00:00,1.27366,1.2771,1.2735,1.27467,23496
2023-12-29 08:00:00+00:00,1.2748,1.27563,1.27007,1.27453,35347
2023-12-29 12:00:00+00:00,1.27447,1.27596,1.27015,1.27473,44314
2023-12-29 16:00:00+00:00,1.275,1.27669,1.27315,1.27452,39561
2023-12-29 20:00:00+00:00,1.2745,1.27548,1.27296,1.2731,13575
2023-12-31 20:00:00+00:00,1.2728,1.2728,1.2728,1.2728,1
2024-01-01 00:00:00+00:00,1.2731,1.2731,1.2728,1.2728,2
2024-01-01 04:00:00+00:00,1.2731,1.2731,1.2731,1.2731,3
2024-01-01 16:00:00+00:00,1.2694,1.2751,1.2672,1.272,1079
2024-01-01 20:00:00+00:00,1.272,1.2735,1.26733,1.2726,6939
2024-01-02 00:00:00+00:00,1.27283,1.27311,1.27092,1.2719,25349
2024-01-02 04:00:00+00:00,1.27171,1.2742,1.271,1.27321,27122
2024-01-02 08:00:00+00:00,1.27337,1.27591,1.26556,1.26625,45052
2024-01-02 12:00:00+00:00,1.26587,1.26618,1.26165,1.26245,52211
2024-01-02 16:00:00+00:00,1.26241,1.26357,1.26116,1.26199,38157
2024-01-02 20:00:00+00:00,1.26196,1.26255,1.2615,1.26217,17792
2024-01-03 00:00:00+00:00,1.26212,1.26401,1.2619,1.26397,24932
2024-01-03 04:00:00+00:00,1.26391,1.2647,1.2623,1.26435,28629
2024-01-03 08:00:00+00:00,1.26422,1.26511,1.26191,1.2627,40759
2024-01-03 12:00:00+00:00,1.2625,1.26524,1.2618,1.26279,45922
2024-01-03 16:00:00+00:00,1.26279,1.26765,1.26279,1.26637,46975
2024-01-03 20:00:00+00:00,1.26642,1.26728,1.26556,1.2672,21511
2024-01-04 00:00:00+00:00,1.26697,1.26727,1.26557,1.26727,25567
2024-01-04 04:00:00+00:00,1.26732,1.26927,1.2663,1.26927,29204
2024-01-04 08:00:00+00:00,1.26857,1.2728,1.2682,1.269,42562
2024-01-04 12:00:00+00:00,1.26915,1.271,1.26658,1.26989,48984
2024-01-04 16:00:00+00:00,1.26984,1.27031,1.26739,1.26828,32572
2024-01-04 20:00:00+00:00,1.26809,1.269,1.26717,1.268,17360
2024-01-05 00:00:00+00:00,1.26789,1.26952,1.2678,1.26809,26392
2024-01-05 04:00:00+00:00,1.26807,1.26851,1.26645,1.26784,29321
2024-01-05 08:00:00+00:00,1.26753,1.26875,1.26508,1.26534,38222
2024-01-05 12:00:00+00:00,1.26545,1.27688,1.26117,1.27514,54468
2024-01-05 16:00:00+00:00,1.2752,1.27534,1.271,1.27229,45184
2024-01-05 20:00:00+00:00,1.27209,1.27227,1.271,1.2717,13915
2024-01-07 20:00:00+00:00,1.2705,1.27174,1.2705,1.27168,1566
2024-01-08 00:00:00+00:00,1.2716,1.27284,1.26986,1.27011,19540
2024-01-08 04:00:00+00:00,1.27007,1.27196,1.26977,1.2708,25479
2024-01-08 08:00:00+00:00,1.27063,1.27118,1.26744,1.26982,39634
2024-01-08 12:00:00+00:00,1.26991,1.27541,1.26991,1.27501,44406
2024-01-08 16:00:00+00:00,1.27519,1.27649,1.27407,1.27586,33651
2024-01-08 20:00:00+00:00,1.27568,1.27568,1.27404,1.27404,15924
2024-01-09 00:00:00+00:00,1.27427,1.2763,1.27404,1.27558,26790
2024-01-09 04:00:00+00:00,1.27557,1.27557,1.27331,1.27471,26863
2024-01-09 08:00:00+00:00,1.27436,1.27441,1.27081,1.27132,37424
2024-01-09 12:00:00+00:00,1.27125,1.27343,1.27026,1.27034,45730
2024-01-09 16:00:00+00:00,1.27025,1.27173,1.26899,1.2698,37200
2024-01-09 20:00:00+00:00,1.27021,1.2711,1.27005,1.2711,15645
2024-01-10 00:00:00+00:00,1.27122,1.27166,1.26982,1.26983,22288
2024-01-10 04:00:00+00:00,1.26981,1.2705,1.26858,1.26974,24073
2024-01-10 08:00:00+00:00,1.26995,1.27337,1.26975,1.27247,36154
2024-01-10 12:00:00+00:00,1.27259,1.27392,1.2713,1.27361,42015
2024-01-10 16:00:00+00:00,1.27354,1.2742,1.2719,1.27419,30651
2024-01-10 20:00:00+00:00,1.2742,1.2745,1.27308,1.27435,15442
2024-01-11 00:00:00+00:00,1.27435,1.2769,1.27435,1.27646,22466
2024-01-11 04:00:00+00:00,1.2766,1.2773,1.27588,1.27643,24050
2024-01-11 08:00:00+00:00,1.27576,1.27674,1.27358,1.27656,30115
2024-01-11 12:00:00+00:00,1.27637,1.27699,1.2691,1.2714,26158
2024-01-11 16:00:00+00:00,1.27106,1.27641,1.27013,1.27623,38467
2024-01-11 20:00:00+00:00,1.2761,1.27783,1.27333,1.27783,22703
2024-01-12 00:00:00+00:00,1.27787,1.2784,1.2765,1.2774,28234
2024-01-12 04:00:00+00:00,1.27731,1.27771,1.27542,1.27558,28469
2024-01-12 08:00:00+00:00,1.27573,1.27791,1.2725,1.27254,37714
2024-01-12 12:00:00+00:00,1.27274,1.27842,1.27205,1.27615,53249
2024-01-12 16:00:00+00:00,1.27622,1.27673,1.27325,1.27471,40104
2024-01-12 20:00:00+00:00,1.27481,1.27529,1.27429,1.27506,14076
2024-01-14 20:00:00+00:00,1.27422,1.27498,1.27347,1.27351,2054
2024-01-15 00:00:00+00:00,1.2735,1.27636,1.27281,1.27583,24855
2024-01-15 04:00:00+00:00,1.27564,1.27594,1.2742,1.27435,27463
2024-01-15 08:00:00+00:00,1.27451,1.27575,1.27132,1.2731,36954
2024-01-15 12:00:00+00:00,1.27319,1.27391,1.27132,1.27306,38572
2024-01-15 16:00:00+00:00,1.27318,1.27377,1.2725,1.27263,17632
2024-01-15 20:00:00+00:00,1.27272,1.27368,1.27127,1.27149,8153
2024-01-16 00:00:00+00:00,1.27162,1.27162,1.26779,1.2681,28391
2024-01-16 04:00:00+00:00,1.26799,1.26845,1.2662,1.26728,25769
2024-01-16 08:00:00+00:00,1.2671,1.26729,1.26201,1.26455,44298
2024-01-16 12:00:00+00:00,1.26465,1.26704,1.26384,1.26655,50884
2024-01-16 16:00:00+00:00,1.2647,1.26777,1.26196,1.26313,44429
2024-01-16 20:00:00+00:00,1.26331,1.2642,1.2627,1.2635,15640
2024-01-17 00:00:00+00:00,1.26392,1.26419,1.26136,1.26187,27973
2024-01-17 04:00:00+00:00,1.26187,1.26563,1.25964,1.26563,32320
2024-01-17 08:00:00+00:00,1.26549,1.26948,1.26452,1.26916,43424
2024-01-17 12:00:00+00:00,1.2688,1.26909,1.26407,1.26573,51009
2024-01-17 16:00:00+00:00,1.26604,1.26844,1.26585,1.26776,41551
2024-01-17 20:00:00+00:00,1.26773,1.26854,1.26721,1.26756,17529
2024-01-18 00:00:00+00:00,1.26771,1.26933,1.26727,1.26817,29527
2024-01-18 04:00:00+00:00,1.268,1.27032,1.26767,1.26975,29680
2024-01-18 08:00:00+00:00,1.26971,1.26979,1.26741,1.26846,39975
2024-01-18 12:00:00+00:00,1.26836,1.26898,1.26497,1.26731,52414
2024-01-18 16:00:00+00:00,1.26716,1.27007,1.26716,1.26858,41425
2024-01-18 20:00:00+00:00,1.26854,1.27104,1.26844,1.27104,15483
2024-01-19 00:00:00+00:00,1.271,1.2714,1.26988,1.27114,25281
2024-01-19 04:00:00+00:00,1.27128,1.27128,1.26762,1.26858,26296
2024-01-19 08:00:00+00:00,1.26787,1.26903,1.26658,1.2679,37439
2024-01-19 12:00:00+00:00,1.26815,1.26861,1.26618,1.2679,46084
2024-01-19 16:00:00+00:00,1.26799,1.26989,1.26659,1.2695,35862
2024-01-19 20:00:00+00:00,1.26972,1.27042,1.26943,1.27026,11495
2024-01-21 20:00:00+00:00,1.26784,1.27075,1.26784,1.2699,1760
2024-01-22 00:00:00+00:00,1.26995,1.27172,1.26962,1.27114,21745
2024-01-22 04:00:00+00:00,1.27117,1.27221,1.2699,1.27034,24590
2024-01-22 08:00:00+00:00,1.27051,1.2714,1.2687,1.2714,34561
2024-01-22 12:00:00+00:00,1.27125,1.27301,1.27125,1.27193,43049
2024-01-22 16:00:00+00:00,1.27168,1.27313,1.26986,1.27045,33482
2024-01-22 20:00:00+00:00,1.27048,1.2712,1.26999,1.27055,15797
2024-01-23 00:00:00+00:00,1.2706,1.27274,1.2706,1.27232,23278
2024-01-23 04:00:00+00:00,1.27224,1.27461,1.27222,1.27422,29295
2024-01-23 08:00:00+00:00,1.27421,1.27421,1.2701,1.27066,37296
2024-01-23 12:00:00+00:00,1.2705,1.27174,1.26603,1.26656,43149
2024-01-23 16:00:00+00:00,1.26659,1.26816,1.2649,1.26802,32946
2024-01-23 20:00:00+00:00,1.26797,1.26935,1.26721,1.26897,14473
2024-01-24 00:00:00+00:00,1.26922,1.26979,1.26844,1.26946,23021
2024-01-24 04:00:00+00:00,1.26954,1.27117,1.26943,1.27039,24558
2024-01-24 08:00:00+00:00,1.27076,1.27717,1.27076,1.27404,39232
2024-01-24 12:00:00+00:00,1.27411,1.27729,1.2727,1.27527,46117
2024-01-24 16:00:00+00:00,1.27527,1.27543,1.27135,1.27251,37765
2024-01-24 20:00:00+00:00,1.27245,1.27294,1.27146,1.27172,16408
2024-01-25 00:00:00+00:00,1.27174,1.27174,1.27029,1.2712,26327
2024-01-25 04:00:00+00:00,1.27121,1.27328,1.2706,1.27319,25141
2024-01-25 08:00:00+00:00,1.27345,1.27415,1.27207,1.27328,36403
2024-01-25 12:00:00+00:00,1.27325,1.27367,1.26966,1.26996,53441
2024-01-25 16:00:00+00:00,1.26999,1.2705,1.26815,1.27005,40517
2024-01-25 20:00:00+00:00,1.27003,1.2711,1.26961,1.27056,16575
2024-01-26 00:00:00+00:00,1.27057,1.2716,1.26999,1.27092,19923
2024-01-26 04:00:00+00:00,1.27093,1.27109,1.26766,1.26822,23844
2024-01-26 08:00:00+00:00,1.26839,1.27463,1.26821,1.27423,36027
2024-01-26 12:00:00+00:00,1.27413,1.27576,1.27203,1.27224,46661
2024-01-26 16:00:00+00:00,1.27219,1.27241,1.2699,1.27045,31158
2024-01-26 20:00:00+00:00,1.27014,1.2709,1.26982,1.2704,9104
2024-01-28 20:00:00+00:00,1.26992,1.26993,1.26904,1.2696,2045
2024-01-29 00:00:00+00:00,1.26969,1.27051,1.26913,1.27022,20183
2024-01-29 04:00:00+00:00,1.27038,1.27188,1.26985,1.27106,23813
2024-01-29 08:00:00+00:00,1.27102,1.27133,1.26926,1.26949,34586
2024-01-29 12:00:00+00:00,1.26948,1.27127,1.26632,1.26781,38355
2024-01-29 16:00:00+00:00,1.26787,1.2692,1.2672,1.26916,27108
2024-01-29 20:00:00+00:00,1.26983,1.27161,1.26983,1.2713,17124
2024-01-30 00:00:00+00:00,1.2712,1.2721,1.27045,1.27059,24698
2024-01-30 04:00:00+00:00,1.2707,1.2712,1.2682,1.26956,24712
2024-01-30 08:00:00+00:00,1.26976,1.26979,1.26716,1.26778,34541
2024-01-30 12:00:00+00:00,1.26792,1.26874,1.26426,1.26647,43293
2024-01-30 16:00:00+00:00,1.26661,1.2695,1.26594,1.2695,32545
2024-01-30 20:00:00+00:00,1.26955,1.27,1.2689,1.26921,14624
2024-01-31 00:00:00+00:00,1.26961,1.26995,1.26706,1.26749,24581
2024-01-31 04:00:00+00:00,1.2675,1.26813,1.26633,1.2675,22055
2024-01-31 08:00:00+00:00,1.26772,1.26967,1.26681,1.26842,35425
2024-01-31 12:00:00+00:00,1.26856,1.27484,1.26783,1.27326,48991
2024-01-31 16:00:00+00:00,1.27368,1.2737,1.26891,1.271,46537
2024-01-31 20:00:00+00:00,1.27077,1.27077,1.26583,1.26774,25615
2024-02-01 00:00:00+00:00,1.26763,1.268,1.26742,1.2679,2771
2024-02-01 12:00:00+00:00,1.26806,1.2684,1.26741,1.26814,4756
2024-02-01 16:00:00+00:00,1.2681,1.27548,1.2681,1.27467,46069
2024-02-01 20:00:00+00:00,1.2745,1.27499,1.27386,1.27457,16909
2024-02-02 00:00:00+00:00,1.27448,1.27531,1.27415,1.27481,22556
2024-02-02 04:00:00+00:00,1.27462,1.27572,1.2742,1.27508,26787
2024-02-02 08:00:00+00:00,1.27535,1.27717,1.27423,1.27587,32450
2024-02-02 12:00:00+00:00,1.27582,1.27689,1.2632,1.26564,50696
2024-02-02 16:00:00+00:00,1.2655,1.2655,1.26143,1.26382,39399
2024-02-02 20:00:00+00:00,1.26378,1.26421,1.2631,1.2631,11971
2024-02-04 20:00:00+00:00,1.26319,1.26337,1.26108,1.2621,2234
2024-02-05 00:00:00+00:00,1.26155,1.26248,1.25978,1.26103,26476
2024-02-05 04:00:00+00:00,1.26106,1.26217,1.26027,1.26165,29034
2024-02-05 08:00:00+00:00,1.2618,1.26283,1.2571,1.25737,35275
2024-02-05 12:00:00+00:00,1.25731,1.25756,1.25191,1.25199,40507
2024-02-05 16:00:00+00:00,1.25203,1.25435,1.25203,1.2534,29147
2024-02-05 20:00:00+00:00,1.25329,1.2538,1.25261,1.25321,13161
2024-02-06 00:00:00+00:00,1.2534,1.25482,1.2534,1.25413,22794
2024-02-06 04:00:00+00:00,1.25407,1.2565,1.25407,1.2555,28836
2024-02-06 08:00:00+00:00,1.25568,1.25635,1.25362,1.25534,33851
2024-02-06 12:00:00+00:00,1.25544,1.25829,1.25418,1.25764,42880
2024-02-06 16:00:00+00:00,1.25755,1.26002,1.25735,1.25938,35466
2024-02-06 20:00:00+00:00,1.25959,1.26042,1.25834,1.26015,16001
2024-02-07 00:00:00+00:00,1.26002,1.26114,1.25949,1.25991,24519
2024-02-07 04:00:00+00:00,1.2599,1.2628,1.25973,1.2628,25954
2024-02-07 08:00:00+00:00,1.26279,1.26375,1.26177,1.26312,32074
2024-02-07 12:00:00+00:00,1.26299,1.26414,1.26206,1.26305,42236
2024-02-07 16:00:00+00:00,1.2631,1.26335,1.26167,1.2628,36047
2024-02-07 20:00:00+00:00,1.26281,1.26322,1.262,1.2626,13945
2024-02-08 00:00:00+00:00,1.26246,1.26374,1.26246,1.26324,24937
2024-02-08 04:00:00+00:00,1.2631,1.2637,1.26244,1.26276,27558
2024-02-08 08:00:00+00:00,1.26263,1.26339,1.26002,1.26057,35001
2024-02-08 12:00:00+00:00,1.2605,1.26111,1.25738,1.26042,43408
2024-02-08 16:00:00+00:00,1.26046,1.2627,1.26044,1.26146,35260
2024-02-08 20:00:00+00:00,1.2616,1.262,1.26064,1.26194,14007
2024-02-09 00:00:00+00:00,1.26197,1.26213,1.2612,1.26147,21360
2024-02-09 04:00:00+00:00,1.2614,1.26335,1.261,1.26322,20310
2024-02-09 08:00:00+00:00,1.26336,1.2634,1.2602,1.2608,34759
2024-02-09 12:00:00+00:00,1.26073,1.26417,1.25995,1.26342,45615
2024-02-09 16:00:00+00:00,1.26318,1.26371,1.26214,1.26282,27591
2024-02-09 20:00:00+00:00,1.26281,1.26352,1.2624,1.2628,10604
2024-02-11 20:00:00+00:00,1.26225,1.26364,1.26225,1.26363,2053
2024-02-12 00:00:00+00:00,1.26363,1.26431,1.26258,1.26272,15166
2024-02-12 04:00:00+00:00,1.26291,1.26533,1.26257,1.26463,19384
2024-02-12 08:00:00+00:00,1.26452,1.26452,1.26106,1.2613,35020
2024-02-12 12:00:00+00:00,1.26155,1.26254,1.26074,1.26152,35223
2024-02-12 16:00:00+00:00,1.2613,1.26392,1.2613,1.26238,31404
2024-02-12 20:00:00+00:00,1.26248,1.263,1.26168,1.26262,14023
2024-02-13 00:00:00+00:00,1.26255,1.26263,1.2609,1.26095,18735
2024-02-13 04:00:00+00:00,1.26094,1.26544,1.26077,1.26517,22265
2024-02-13 08:00:00+00:00,1.2652,1.26755,1.26364,1.26678,34441
2024-02-13 12:00:00+00:00,1.26696,1.26826,1.2577,1.26011,50828
2024-02-13 16:00:00+00:00,1.26006,1.26068,1.25739,1.2574,34687
2024-02-13 20:00:00+00:00,1.25755,1.2595,1.25755,1.25879,15629
2024-02-14 00:00:00+00:00,1.2587,1.26009,1.25824,1.25982,26456
2024-02-14 04:00:00+00:00,1.25994,1.26098,1.25576,1.25637,29522
2024-02-14 08:00:00+00:00,1.25592,1.25597,1.2535,1.25523,37535
2024-02-14 12:00:00+00:00,1.25517,1.25664,1.25398,1.25492,42796
2024-02-14 16:00:00+00:00,1.25493,1.25683,1.25493,1.25606,35402
2024-02-14 20:00:00+00:00,1.25616,1.2569,1.2558,1.2568,14714
2024-02-15 00:00:00+00:00,1.25632,1.25726,1.25573,1.25628,21787
2024-02-15 04:00:00+00:00,1.25629,1.25719,1.2543,1.2545,25022
2024-02-15 08:00:00+00:00,1.2542,1.25603,1.25419,1.25495,32671
2024-02-15 12:00:00+00:00,1.25499,1.25954,1.2543,1.2584,45130
2024-02-15 16:00:00+00:00,1.25862,1.25989,1.25739,1.25955,34011
2024-02-15 20:00:00+00:00,1.25958,1.2605,1.25872,1.25978,14823
2024-02-16 00:00:00+00:00,1.25983,1.25998,1.25779,1.25802,24254
2024-02-16 04:00:00+00:00,1.25811,1.26006,1.25756,1.25899,26952
2024-02-16 08:00:00+00:00,1.25903,1.26002,1.25758,1.25994,32648
2024-02-16 12:00:00+00:00,1.26003,1.26003,1.2553,1.25834,45141
2024-02-16 16:00:00+00:00,1.25846,1.2624,1.25831,1.2604,33315
2024-02-16 20:00:00+00:00,1.26037,1.26037,1.25974,1.2601,11480
2024-02-18 20:00:00+00:00,1.2602,1.26102,1.25976,1.26102,1998
2024-02-19 00:00:00+00:00,1.26111,1.26264,1.26102,1.26106,21851
2024-02-19 04:00:00+00:00,1.26117,1.26292,1.26101,1.26199,23391
2024-02-19 08:00:00+00:00,1.2622,1.26266,1.26078,1.26102,32271
2024-02-19 12:00:00+00:00,1.26093,1.26144,1.2585,1.25871,28834
2024-02-19 16:00:00+00:00,1.25872,1.2599,1.25833,1.25974,15205
2024-02-19 20:00:00+00:00,1.25963,1.26,1.25839,1.25869,8961
2024-02-20 00:00:00+00:00,1.25874,1.25911,1.2579,1.25833,25018
2024-02-20 04:00:00+00:00,1.25843,1.25937,1.25774,1.25902,24330
2024-02-20 08:00:00+00:00,1.25913,1.26107,1.25815,1.25931,24689
2024-02-20 12:00:00+00:00,1.25975,1.26667,1.25964,1.26622,42139
2024-02-20 16:00:00+00:00,1.26601,1.26609,1.26172,1.26184,30554
2024-02-20 20:00:00+00:00,1.26184,1.2628,1.2617,1.26245,15081
2024-02-21 00:00:00+00:00,1.26221,1.26358,1.26181,1.26358,24823
2024-02-21 04:00:00+00:00,1.26349,1.26365,1.26173,1.26302,25258
2024-02-21 08:00:00+00:00,1.2625,1.26323,1.2603,1.26159,34784
2024-02-21 12:00:00+00:00,1.26177,1.2634,1.26099,1.26122,38101
2024-02-21 16:00:00+00:00,1.26135,1.26363,1.26055,1.26315,37876
2024-02-21 20:00:00+00:00,1.26316,1.2641,1.26253,1.26374,19877
2024-02-22 00:00:00+00:00,1.26367,1.26461,1.26298,1.26369,21364
2024-02-22 04:00:00+00:00,1.26356,1.26754,1.26331,1.26739,23148
2024-02-22 08:00:00+00:00,1.26728,1.27084,1.2666,1.26803,37568
2024-02-22 12:00:00+00:00,1.26813,1.26827,1.2612,1.26208,45252
2024-02-22 16:00:00+00:00,1.26227,1.26643,1.26227,1.26585,33701
2024-02-22 20:00:00+00:00,1.26574,1.2665,1.2654,1.26603,15836
2024-02-23 00:00:00+00:00,1.26599,1.26656,1.26482,1.26627,24394
2024-02-23 04:00:00+00:00,1.2663,1.26716,1.2659,1.26693,22660
2024-02-23 08:00:00+00:00,1.267,1.26841,1.26494,1.26803,34890
2024-02-23 12:00:00+00:00,1.26807,1.27002,1.26681,1.26773,40001
2024-02-23 16:00:00+00:00,1.26772,1.26856,1.2666,1.26742,34012
2024-02-23 20:00:00+00:00,1.26739,1.26743,1.2665,1.2672,11433
2024-02-25 20:00:00+00:00,1.267,1.26765,1.26669,1.26698,1823
2024-02-26 00:00:00+00:00,1.26714,1.26723,1.26555,1.26573,18461
2024-02-26 04:00:00+00:00,1.26565,1.26776,1.26563,1.26767,21666
2024-02-26 08:00:00+00:00,1.26759,1.26964,1.26668,1.26943,32408
2024-02-26 12:00:00+00:00,1.26951,1.2699,1.26725,1.26825,38420
2024-02-26 16:00:00+00:00,1.26838,1.26838,1.267,1.26771,28443
2024-02-26 20:00:00+00:00,1.26771,1.2693,1.2676,1.26833,13362
2024-02-27 00:00:00+00:00,1.26822,1.26836,1.26733,1.26783,25808
2024-02-27 04:00:00+00:00,1.26792,1.26937,1.26753,1.26902,26073
2024-02-27 08:00:00+00:00,1.26877,1.26965,1.26718,1.26871,33299
2024-02-27 12:00:00+00:00,1.2687,1.26941,1.26603,1.26824,40110
2024-02-27 16:00:00+00:00,1.26837,1.26944,1.26779,1.26795,35412
2024-02-27 20:00:00+00:00,1.26784,1.2687,1.26783,1.26789,14294
2024-02-28 00:00:00+00:00,1.26796,1.26828,1.26649,1.26669,22785
2024-02-28 04:00:00+00:00,1.26685,1.2669,1.26452,1.26597,21133
2024-02-28 08:00:00+00:00,1.26603,1.26603,1.26234,1.26537,33609
2024-02-28 12:00:00+00:00,1.2651,1.26571,1.263,1.2651,41459
2024-02-28 16:00:00+00:00,1.26528,1.26729,1.26509,1.26528,28296
2024-02-28 20:00:00+00:00,1.26526,1.2663,1.2652,1.26596,14248
2024-02-29 00:00:00+00:00,1.26597,1.26688,1.26553,1.26653,25621
2024-02-29 04:00:00+00:00,1.26671,1.267,1.26528,1.26537,26286
2024-02-29 08:00:00+00:00,1.26547,1.26734,1.26481,1.26508,39987
2024-02-29 12:00:00+00:00,1.26511,1.26811,1.2634,1.26498,45140
2024-02-29 16:00:00+00:00,1.26503,1.26503,1.2613,1.2613,34693
2024-02-29 20:00:00+00:00,1.26162,1.26257,1.2614,1.26257,16651
2024-03-01 00:00:00+00:00,1.26252,1.26352,1.2622,1.2631,22859
2024-03-01 04:00:00+00:00,1.26307,1.26361,1.26182,1.26311,21766
2024-03-01 08:00:00+00:00,1.26314,1.26454,1.26185,1.26427,37023
2024-03-01 12:00:00+00:00,1.26432,1.26556,1.26004,1.26519,44493
2024-03-01 16:00:00+00:00,1.26539,1.26632,1.26353,1.26624,34351
2024-03-01 20:00:00+00:00,1.26613,1.26613,1.26517,1.2653,10080
2024-03-03 20:00:00+00:00,1.26555,1.26615,1.26492,1.26599,2244
2024-03-04 00:00:00+00:00,1.26599,1.2666,1.2655,1.26632,17150
2024-03-04 04:00:00+00:00,1.26633,1.26783,1.26598,1.26783,20364
2024-03-04 08:00:00+00:00,1.26792,1.26794,1.2665,1.2676,32216
2024-03-04 12:00:00+00:00,1.26785,1.26996,1.26661,1.26977,35734
2024-03-04 16:00:00+00:00,1.26982,1.27057,1.2689,1.26903,27281
2024-03-04 20:00:00+00:00,1.26913,1.26932,1.2685,1.26893,12573
2024-03-05 00:00:00+00:00,1.26892,1.2694,1.26808,1.26893,19332
2024-03-05 04:00:00+00:00,1.26888,1.2689,1.2671,1.26766,21989
2024-03-05 08:00:00+00:00,1.26816,1.26891,1.26714,1.26779,31054
2024-03-05 12:00:00+00:00,1.26764,1.27333,1.26746,1.27314,41444
2024-03-05 16:00:00+00:00,1.27322,1.27322,1.2699,1.27018,32371
2024-03-05 20:00:00+00:00,1.27018,1.271,1.2696,1.27038,16035
2024-03-06 00:00:00+00:00,1.2702,1.2703,1.2689,1.26988,21530
2024-03-06 04:00:00+00:00,1.26982,1.27144,1.26979,1.27106,21607
2024-03-06 08:00:00+00:00,1.2711,1.27309,1.2711,1.2723,32601
2024-03-06 12:00:00+00:00,1.27254,1.27468,1.27068,1.27423,44115
2024-03-06 16:00:00+00:00,1.27407,1.276,1.2737,1.27408,37389
2024-03-06 20:00:00+00:00,1.27389,1.27404,1.2724,1.27354,16216
2024-03-07 00:00:00+00:00,1.27348,1.27388,1.2723,1.27335,26589
2024-03-07 04:00:00+00:00,1.27336,1.27426,1.2731,1.27353,26371
2024-03-07 08:00:00+00:00,1.2735,1.27615,1.27297,1.27547,34323
2024-03-07 12:00:00+00:00,1.27534,1.27905,1.27438,1.27884,46341
2024-03-07 16:00:00+00:00,1.27891,1.28074,1.2783,1.28046,32313
2024-03-07 20:00:00+00:00,1.28037,1.28125,1.27999,1.28124,14869
2024-03-08 00:00:00+00:00,1.2812,1.28192,1.2803,1.28073,21268
2024-03-08 04:00:00+00:00,1.28071,1.28133,1.2801,1.28034,23055
2024-03-08 08:00:00+00:00,1.28039,1.28387,1.28018,1.28296,33886
2024-03-08 12:00:00+00:00,1.28297,1.28894,1.28263,1.28803,48105
2024-03-08 16:00:00+00:00,1.28786,1.28786,1.284,1.28563,40810
2024-03-08 20:00:00+00:00,1.2858,1.2859,1.28485,1.2858,11538
2024-03-10 20:00:00+00:00,1.28555,1.28555,1.2848,1.28551,3136
2024-03-11 00:00:00+00:00,1.2854,1.28612,1.2846,1.2851,21399
2024-03-11 04:00:00+00:00,1.28496,1.28576,1.28434,1.28449,25289
2024-03-11 08:00:00+00:00,1.28463,1.28529,1.28323,1.28508,34757
2024-03-11 12:00:00+00:00,1.28483,1.28498,1.27944,1.28051,41081
2024-03-11 16:00:00+00:00,1.2806,1.28129,1.2799,1.28086,30881
2024-03-11 20:00:00+00:00,1.28093,1.2819,1.2807,1.28179,10791
2024-03-12 00:00:00+00:00,1.28191,1.2822,1.2813,1.28185,24145
2024-03-12 04:00:00+00:00,1.28181,1.2823,1.27898,1.27898,25089
2024-03-12 08:00:00+00:00,1.27937,1.2798,1.27771,1.27915,31554
2024-03-12 12:00:00+00:00,1.27917,1.2805,1.27481,1.27836,50944
2024-03-12 16:00:00+00:00,1.27835,1.27926,1.2769,1.2792,29478
2024-03-12 20:00:00+00:00,1.27934,1.2796,1.27836,1.27947,9716
2024-03-13 00:00:00+00:00,1.27959,1.27985,1.2791,1.27942,20528
2024-03-13 04:00:00+00:00,1.27926,1.27961,1.2776,1.27856,23556
2024-03-13 08:00:00+00:00,1.27879,1.28081,1.27753,1.28081,33419
2024-03-13 12:00:00+00:00,1.28052,1.28057,1.2786,1.27966,39935
2024-03-13 16:00:00+00:00,1.27963,1.28096,1.27911,1.27959,29944
2024-03-13 20:00:00+00:00,1.27959,1.2803,1.27848,1.28009,9554
2024-03-14 00:00:00+00:00,1.28017,1.28037,1.2787,1.27893,22139
2024-03-14 04:00:00+00:00,1.2788,1.28049,1.27867,1.28029,24566
2024-03-14 08:00:00+00:00,1.2802,1.28223,1.2802,1.28097,30826
2024-03-14 12:00:00+00:00,1.28088,1.28112,1.2731,1.27469,50707
2024-03-14 16:00:00+00:00,1.27484,1.27563,1.27436,1.27555,31298
2024-03-14 20:00:00+00:00,1.27539,1.27571,1.2744,1.27449,10972
2024-03-15 00:00:00+00:00,1.27419,1.27447,1.2729,1.27364,22109
2024-03-15 04:00:00+00:00,1.27358,1.27446,1.2733,1.27353,22322
2024-03-15 08:00:00+00:00,1.27401,1.27584,1.27339,1.2755,32120
2024-03-15 12:00:00+00:00,1.27532,1.27568,1.27324,1.27387,41171
2024-03-15 16:00:00+00:00,1.27372,1.274,1.27245,1.2736,27315
2024-03-15 20:00:00+00:00,1.27384,1.27384,1.27278,1.273,3631
2024-03-17 20:00:00+00:00,1.27352,1.2737,1.27289,1.27303,2744
2024-03-18 00:00:00+00:00,1.27309,1.27368,1.27257,1.27263,15732
2024-03-18 04:00:00+00:00,1.27276,1.27421,1.27267,1.27412,18560
2024-03-18 08:00:00+00:00,1.2739,1.27462,1.2726,1.27426,25850
2024-03-18 12:00:00+00:00,1.27428,1.27456,1.27221,1.27322,35049
2024-03-18 16:00:00+00:00,1.27325,1.27325,1.2718,1.27261,23899
2024-03-18 20:00:00+00:00,1.27268,1.27305,1.2722,1.27259,11670
2024-03-19 00:00:00+00:00,1.27259,1.2727,1.27145,1.27224,24921
2024-03-19 04:00:00+00:00,1.27231,1.27246,1.2694,1.2699,29902
2024-03-19 08:00:00+00:00,1.2697,1.27014,1.2667,1.26921,32560
2024-03-19 12:00:00+00:00,1.26925,1.27153,1.269,1.27105,34759
2024-03-19 16:00:00+00:00,1.27122,1.2732,1.2709,1.27209,24464
2024-03-19 20:00:00+00:00,1.2722,1.2723,1.2717,1.27172,11347
2024-03-20 00:00:00+00:00,1.27173,1.27236,1.27105,1.27235,21064
2024-03-20 04:00:00+00:00,1.27234,1.27297,1.27115,1.27138,23865
2024-03-20 08:00:00+00:00,1.2712,1.2712,1.26868,1.26932,28914
2024-03-20 12:00:00+00:00,1.26947,1.27121,1.26842,1.27096,31887
2024-03-20 16:00:00+00:00,1.27097,1.27858,1.27097,1.27825,41764
2024-03-20 20:00:00+00:00,1.27812,1.2798,1.278,1.27971,16504
2024-03-21 00:00:00+00:00,1.27955,1.28019,1.27885,1.2796,27952
2024-03-21 04:00:00+00:00,1.27958,1.28027,1.27834,1.27846,26276
2024-03-21 08:00:00+00:00,1.27844,1.27892,1.27434,1.27434,37826
2024-03-21 12:00:00+00:00,1.27239,1.27474,1.26596,1.26667,46794
2024-03-21 16:00:00+00:00,1.26652,1.26719,1.26503,1.26504,29052
2024-03-21 20:00:00+00:00,1.2651,1.2663,1.26485,1.266,10079
2024-03-22 00:00:00+00:00,1.2662,1.26741,1.26343,1.2642,24929
2024-03-22 04:00:00+00:00,1.26418,1.26446,1.25997,1.26066,26346
2024-03-22 08:00:00+00:00,1.26035,1.26035,1.25758,1.25834,32328
2024-03-22 12:00:00+00:00,1.2582,1.26231,1.2582,1.26008,39287
2024-03-22 16:00:00+00:00,1.26021,1.26049,1.25865,1.25939,25122
2024-03-22 20:00:00+00:00,1.25937,1.2602,1.2592,1.26,4303
2024-03-24 20:00:00+00:00,1.25945,1.25991,1.25928,1.25971,2310
2024-03-25 00:00:00+00:00,1.2597,1.26165,1.2591,1.2606,20158
2024-03-25 04:00:00+00:00,1.26052,1.2614,1.25993,1.26023,21053
2024-03-25 08:00:00+00:00,1.25974,1.26386,1.2594,1.2634,28656
2024-03-25 12:00:00+00:00,1.2636,1.26515,1.26357,1.26441,31093
2024-03-25 16:00:00+00:00,1.2644,1.2644,1.2635,1.26378,18975
2024-03-25 20:00:00+00:00,1.2638,1.264,1.2633,1.26359,9677
2024-03-26 00:00:00+00:00,1.2635,1.26461,1.2633,1.26369,20609
2024-03-26 04:00:00+00:00,1.2635,1.26571,1.2635,1.26505,19963
2024-03-26 08:00:00+00:00,1.26452,1.26671,1.26416,1.26529,28674
2024-03-26 12:00:00+00:00,1.26529,1.26554,1.26254,1.2628,36099
2024-03-26 16:00:00+00:00,1.26304,1.26341,1.26219,1.26232,22491
2024-03-26 20:00:00+00:00,1.2624,1.2633,1.26226,1.26273,9882
2024-03-27 00:00:00+00:00,1.26263,1.26265,1.2609,1.26134,21174
2024-03-27 04:00:00+00:00,1.2614,1.26307,1.2612,1.26296,21429
2024-03-27 08:00:00+00:00,1.26288,1.26376,1.26123,1.26153,30526
2024-03-27 12:00:00+00:00,1.26149,1.26291,1.26057,1.26285,32351
2024-03-27 16:00:00+00:00,1.26304,1.2637,1.26229,1.2637,21733
2024-03-27 20:00:00+00:00,1.26375,1.26404,1.26132,1.26164,9944
2024-03-28 00:00:00+00:00,1.26173,1.26338,1.2611,1.26274,19414
2024-03-28 04:00:00+00:00,1.26273,1.26368,1.26118,1.26162,18507
2024-03-28 08:00:00+00:00,1.26128,1.26254,1.2586,1.26118,27051
2024-03-28 12:00:00+00:00,1.26117,1.26494,1.26117,1.26313,39774
2024-03-28 16:00:00+00:00,1.26305,1.26445,1.2615,1.26204,25215
2024-03-28 20:00:00+00:00,1.262,1.2633,1.26174,1.26206,12034
2024-03-29 00:00:00+00:00,1.26208,1.26308,1.2615,1.2622,9896
2024-03-29 04:00:00+00:00,1.2621,1.26259,1.2617,1.26179,6395
2024-03-29 08:00:00+00:00,1.26178,1.2627,1.26097,1.2614,8988
2024-03-29 12:00:00+00:00,1.26141,1.26445,1.26117,1.26357,10581
2024-03-29 16:00:00+00:00,1.26339,1.2634,1.2615,1.26177,6702
2024-03-29 20:00:00+00:00,1.26169,1.2627,1.26152,1.2625,2045
2024-03-31 20:00:00+00:00,1.26316,1.26417,1.26244,1.26371,3451
2024-04-01 00:00:00+00:00,1.26354,1.26416,1.2625,1.2633,18367
2024-04-01 04:00:00+00:00,1.26343,1.26348,1.2618,1.26198,17901
2024-04-01 08:00:00+00:00,1.26187,1.26274,1.2607,1.26143,18592
2024-04-01 12:00:00+00:00,1.26156,1.26156,1.254,1.25419,31633
2024-04-01 16:00:00+00:00,1.25419,1.25491,1.2541,1.25469,18734
2024-04-01 20:00:00+00:00,1.25467,1.2555,1.25416,1.25459,9159
2024-04-02 00:00:00+00:00,1.25441,1.25483,1.25409,1.25411,18606
2024-04-02 04:00:00+00:00,1.2541,1.25557,1.2539,1.25537,22072
2024-04-02 08:00:00+00:00,1.25503,1.25746,1.25476,1.25732,28228
2024-04-02 12:00:00+00:00,1.2574,1.2577,1.2552,1.25736,35031
2024-04-02 16:00:00+00:00,1.25746,1.2577,1.2566,1.25763,17234
2024-04-02 20:00:00+00:00,1.25758,1.25801,1.2572,1.25754,10303
2024-04-03 00:00:00+00:00,1.25749,1.258,1.2566,1.25789,18231
2024-04-03 04:00:00+00:00,1.25786,1.25826,1.2562,1.25658,21505
2024-04-03 08:00:00+00:00,1.25653,1.2586,1.25653,1.25776,27048
2024-04-03 12:00:00+00:00,1.25791,1.26343,1.25676,1.26326,41894
2024-04-03 16:00:00+00:00,1.26321,1.26543,1.2627,1.26489,26166
2024-04-03 20:00:00+00:00,1.2649,1.26552,1.2646,1.2651,9858
2024-04-04 00:00:00+00:00,1.2653,1.26537,1.26449,1.26523,17105
2024-04-04 04:00:00+00:00,1.26529,1.26694,1.26507,1.26626,22694
2024-04-04 08:00:00+00:00,1.26604,1.26686,1.26487,1.26505,24874
2024-04-04 12:00:00+00:00,1.26517,1.26815,1.2648,1.26662,33393
2024-04-04 16:00:00+00:00,1.26659,1.26726,1.26354,1.26377,28470
2024-04-04 20:00:00+00:00,1.26368,1.26445,1.26331,1.26388,15445
2024-04-05 00:00:00+00:00,1.2637,1.26477,1.2621,1.26254,22431
2024-04-05 04:00:00+00:00,1.26262,1.26305,1.26149,1.2627,22007
2024-04-05 08:00:00+00:00,1.26251,1.26403,1.26217,1.26321,25411
2024-04-05 12:00:00+00:00,1.26352,1.26438,1.25746,1.2629,47549
2024-04-05 16:00:00+00:00,1.26333,1.26393,1.26261,1.2634,24717
2024-04-05 20:00:00+00:00,1.26328,1.2638,1.2632,1.2637,3140
2024-04-07 20:00:00+00:00,1.26311,1.26311,1.26205,1.26235,3000
2024-04-08 00:00:00+00:00,1.26221,1.26392,1.2614,1.263,26110
2024-04-08 04:00:00+00:00,1.26303,1.2634,1.26217,1.26271,26215
2024-04-08 08:00:00+00:00,1.26273,1.26353,1.26161,1.26188,27654
2024-04-08 12:00:00+00:00,1.26169,1.26551,1.2613,1.26531,35886
2024-04-08 16:00:00+00:00,1.26511,1.26635,1.26435,1.26545,23043
2024-04-08 20:00:00+00:00,1.26542,1.26591,1.2645,1.26572,8933
2024-04-09 00:00:00+00:00,1.26564,1.26611,1.2651,1.26543,19244
2024-04-09 04:00:00+00:00,1.2654,1.26632,1.26492,1.26536,20280
2024-04-09 08:00:00+00:00,1.26513,1.269,1.26503,1.268,25043
2024-04-09 12:00:00+00:00,1.26792,1.2708,1.26674,1.26719,39286
2024-04-09 16:00:00+00:00,1.26721,1.26746,1.2663,1.26746,24250
2024-04-09 20:00:00+00:00,1.26741,1.26785,1.26715,1.26767,8239
2024-04-10 00:00:00+00:00,1.26761,1.2678,1.2668,1.26759,19266
2024-04-10 04:00:00+00:00,1.26754,1.26888,1.26729,1.26883,20609
2024-04-10 08:00:00+00:00,1.26874,1.27043,1.26846,1.2703,16256
2024-04-10 12:00:00+00:00,1.2608,1.26278,1.25348,1.25414,44188
2024-04-10 16:00:00+00:00,1.25407,1.2551,1.25198,1.2541,37791
2024-04-10 20:00:00+00:00,1.25401,1.25422,1.2533,1.25362,11402
2024-04-11 00:00:00+00:00,1.25332,1.25486,1.2532,1.2545,22856
2024-04-11 04:00:00+00:00,1.25451,1.25611,1.25334,1.25603,24177
2024-04-11 08:00:00+00:00,1.25633,1.25692,1.253,1.25388,29136
2024-04-11 12:00:00+00:00,1.25386,1.25766,1.25111,1.25339,50726
2024-04-11 16:00:00+00:00,1.2534,1.25628,1.25286,1.25594,29359
2024-04-11 20:00:00+00:00,1.25571,1.25573,1.2551,1.2552,9529
2024-04-12 00:00:00+00:00,1.25509,1.2558,1.25439,1.2544,21790
2024-04-12 04:00:00+00:00,1.25445,1.25445,1.25068,1.25194,25315
2024-04-12 08:00:00+00:00,1.252,1.25219,1.2463,1.2471,30396
2024-04-12 12:00:00+00:00,1.2469,1.24738,1.24285,1.24557,50465
2024-04-12 16:00:00+00:00,1.24533,1.24612,1.24427,1.24461,35474
2024-04-12 20:00:00+00:00,1.24468,1.2457,1.2445,1.2456,3243
2024-04-14 20:00:00+00:00,1.24461,1.24627,1.24461,1.24592,4277
2024-04-15 00:00:00+00:00,1.24602,1.24635,1.24428,1.24597,25596
2024-04-15 04:00:00+00:00,1.24596,1.24771,1.2453,1.24755,28548
2024-04-15 08:00:00+00:00,1.2476,1.24977,1.24759,1.24783,30732
2024-04-15 12:00:00+00:00,1.24778,1.24941,1.2445,1.24638,47058
2024-04-15 16:00:00+00:00,1.24646,1.24681,1.24356,1.24479,34289
2024-04-15 20:00:00+00:00,1.24465,1.2449,1.2439,1.24456,12118
2024-04-16 00:00:00+00:00,1.24426,1.24466,1.24206,1.2427,27321
2024-04-16 04:00:00+00:00,1.24291,1.24449,1.24101,1.24379,30951
2024-04-16 08:00:00+00:00,1.24381,1.24603,1.24353,1.24581,30669
2024-04-16 12:00:00+00:00,1.24569,1.24712,1.2429,1.24349,46978
2024-04-16 16:00:00+00:00,1.2434,1.24494,1.24067,1.24311,40755
2024-04-16 20:00:00+00:00,1.2429,1.2433,1.24225,1.24299,12870
2024-04-17 00:00:00+00:00,1.24299,1.24393,1.2425,1.24298,24477
2024-04-17 04:00:00+00:00,1.24299,1.24777,1.2417,1.24549,29471
2024-04-17 08:00:00+00:00,1.24543,1.24807,1.24538,1.24573,29693
2024-04-17 12:00:00+00:00,1.24594,1.2469,1.24413,1.24414,41459
2024-04-17 16:00:00+00:00,1.24384,1.24642,1.24245,1.24523,40136
2024-04-17 20:00:00+00:00,1.24536,1.246,1.24458,1.24524,11818
2024-04-18 00:00:00+00:00,1.24511,1.24692,1.2447,1.24692,21563
2024-04-18 04:00:00+00:00,1.24684,1.24839,1.2462,1.24725,23166
2024-04-18 08:00:00+00:00,1.24695,1.24812,1.24656,1.24717,27464
2024-04-18 12:00:00+00:00,1.24728,1.24732,1.24367,1.24626,43811
2024-04-18 16:00:00+00:00,1.2464,1.2466,1.24336,1.2437,30091
2024-04-18 20:00:00+00:00,1.24361,1.244,1.2431,1.24343,10886
2024-04-19 00:00:00+00:00,1.24345,1.24358,1.23898,1.24162,40534
2024-04-19 04:00:00+00:00,1.24177,1.24516,1.24046,1.24491,34596
2024-04-19 08:00:00+00:00,1.24472,1.24556,1.2429,1.2437,33283
2024-04-19 12:00:00+00:00,1.24419,1.24677,1.23964,1.23964,43286
2024-04-19 16:00:00+00:00,1.23981,1.23993,1.2366,1.23716,34278
2024-04-19 20:00:00+00:00,1.23726,1.2373,1.23678,1.2368,4168
2024-04-21 20:00:00+00:00,1.23703,1.2378,1.23673,1.23747,2601
2024-04-22 00:00:00+00:00,1.23756,1.2392,1.2371,1.23815,22428
2024-04-22 04:00:00+00:00,1.23817,1.2389,1.23517,1.23682,24145
2024-04-22 08:00:00+00:00,1.23704,1.23713,1.23096,1.23147,29670
2024-04-22 12:00:00+00:00,1.2313,1.23397,1.22993,1.23387,35078
2024-04-22 16:00:00+00:00,1.2338,1.23607,1.2338,1.23522,22641
2024-04-22 20:00:00+00:00,1.23518,1.23533,1.23444,1.2349,8521
2024-04-23 00:00:00+00:00,1.2351,1.23576,1.23475,1.23523,20632
2024-04-23 04:00:00+00:00,1.23528,1.23692,1.2332,1.2365,24544
2024-04-23 08:00:00+00:00,1.23616,1.24,1.23458,1.24,29628
2024-04-23 12:00:00+00:00,1.24021,1.24571,1.23814,1.24312,43421
2024-04-23 16:00:00+00:00,1.24322,1.24576,1.24291,1.24492,26920
2024-04-23 20:00:00+00:00,1.2448,1.24541,1.24358,1.24541,9704
2024-04-24 00:00:00+00:00,1.24527,1.24642,1.24495,1.2456,19222
2024-04-24 04:00:00+00:00,1.24557,1.24573,1.2427,1.24282,20732
2024-04-24 08:00:00+00:00,1.24319,1.24436,1.2423,1.24351,23496
2024-04-24 12:00:00+00:00,1.24334,1.24537,1.2427,1.24313,25295
2024-04-24 16:00:00+00:00,1.24339,1.24694,1.2431,1.24631,22193
2024-04-24 20:00:00+00:00,1.24627,1.2465,1.2453,1.24589,10517
2024-04-25 00:00:00+00:00,1.24607,1.24676,1.2454,1.24633,21395
2024-04-25 04:00:00+00:00,1.24633,1.25093,1.2461,1.25058,24054
2024-04-25 08:00:00+00:00,1.25063,1.25225,1.25045,1.25122,26616
2024-04-25 12:00:00+00:00,1.25104,1.2514,1.24583,1.24924,51149
2024-04-25 16:00:00+00:00,1.24901,1.25215,1.24878,1.25128,32218
2024-04-25 20:00:00+00:00,1.25138,1.2518,1.2506,1.25069,12050
2024-04-26 00:00:00+00:00,1.25048,1.25082,1.24942,1.24987,22833
2024-04-26 04:00:00+00:00,1.24984,1.25156,1.24972,1.25051,25860
2024-04-26 08:00:00+00:00,1.25084,1.25404,1.25074,1.25107,32580
2024-04-26 12:00:00+00:00,1.25125,1.25243,1.245,1.24715,46173
2024-04-26 16:00:00+00:00,1.24709,1.25034,1.24709,1.24972,24289
2024-04-26 20:00:00+00:00,1.24986,1.24992,1.2487,1.2487,4417
2024-04-28 20:00:00+00:00,1.24827,1.25093,1.24811,1.25093,2177
2024-04-29 00:00:00+00:00,1.2509,1.25275,1.25076,1.25222,20724
2024-04-29 04:00:00+00:00,1.2521,1.2547,1.25157,1.25297,37756
2024-04-29 08:00:00+00:00,1.25326,1.25393,1.25078,1.25316,31444
2024-04-29 12:00:00+00:00,1.25304,1.25532,1.25145,1.25508,38774
2024-04-29 16:00:00+00:00,1.25515,1.25684,1.25515,1.25608,27660
2024-04-29 20:00:00+00:00,1.25613,1.2564,1.2556,1.25588,10547
2024-04-30 00:00:00+00:00,1.25581,1.25603,1.2542,1.2544,19899
2024-04-30 04:00:00+00:00,1.2546,1.2546,1.2525,1.25411,24527
2024-04-30 08:00:00+00:00,1.25394,1.25539,1.25275,1.25404,28460
2024-04-30 12:00:00+00:00,1.25395,1.25452,1.25037,1.25116,50018
2024-04-30 16:00:00+00:00,1.25132,1.25133,1.2494,1.24958,28442
2024-04-30 20:00:00+00:00,1.2495,1.2498,1.2486,1.24884,14856
2024-05-01 00:00:00+00:00,1.24893,1.2491,1.24708,1.24718,15179
2024-05-01 04:00:00+00:00,1.24717,1.24864,1.2466,1.24841,12838
2024-05-01 08:00:00+00:00,1.24856,1.24977,1.2476,1.24847,23372
2024-05-01 12:00:00+00:00,1.24872,1.24943,1.24773,1.24868,38829
2024-05-01 16:00:00+00:00,1.24853,1.25488,1.24777,1.24928,40646
2024-05-01 20:00:00+00:00,1.24908,1.25367,1.24892,1.25336,11957
2024-05-02 00:00:00+00:00,1.25354,1.25384,1.2529,1.25297,10276
2024-05-02 04:00:00+00:00,1.25312,1.25442,1.25201,1.2528,31505
2024-05-02 08:00:00+00:00,1.25271,1.2532,1.25066,1.25146,33386
2024-05-02 12:00:00+00:00,1.2515,1.25313,1.2472,1.25065,47788
2024-05-02 16:00:00+00:00,1.25062,1.25381,1.25022,1.25361,30844
2024-05-02 20:00:00+00:00,1.25359,1.2542,1.25156,1.2539,10190
2024-05-03 00:00:00+00:00,1.25371,1.25561,1.2529,1.25517,22063
2024-05-03 04:00:00+00:00,1.25518,1.25541,1.25404,1.25477,21772
2024-05-03 08:00:00+00:00,1.25475,1.25662,1.25475,1.25548,28171
2024-05-03 12:00:00+00:00,1.25557,1.26284,1.25289,1.25472,56852
2024-05-03 16:00:00+00:00,1.25458,1.25538,1.25397,1.25485,27515
2024-05-03 20:00:00+00:00,1.25481,1.25503,1.25457,1.25461,3136
2024-05-05 20:00:00+00:00,1.2547,1.25529,1.25401,1.25402,2365
2024-05-06 00:00:00+00:00,1.25386,1.25552,1.25386,1.25466,24335
2024-05-06 04:00:00+00:00,1.25463,1.25736,1.25417,1.25679,22463
2024-05-06 08:00:00+00:00,1.2566,1.25835,1.25636,1.2576,26714
2024-05-06 12:00:00+00:00,1.2577,1.25937,1.2567,1.25726,33183
2024-05-06 16:00:00+00:00,1.25732,1.2574,1.2556,1.25596,24684
2024-05-06 20:00:00+00:00,1.25596,1.2568,1.2558,1.25616,4450
2024-05-07 00:00:00+00:00,1.25605,1.25695,1.255,1.25568,19489
2024-05-07 04:00:00+00:00,1.2557,1.2557,1.25355,1.2537,26083
2024-05-07 08:00:00+00:00,1.25363,1.25469,1.25313,1.25442,27861
2024-05-07 12:00:00+00:00,1.25445,1.25632,1.25319,1.25324,33574
2024-05-07 16:00:00+00:00,1.25328,1.25375,1.25,1.25085,24992
2024-05-07 20:00:00+00:00,1.25086,1.2515,1.24942,1.25,8238
2024-05-08 00:00:00+00:00,1.2498,1.2503,1.2483,1.24864,23757
2024-05-08 04:00:00+00:00,1.24851,1.2492,1.24719,1.24723,24628
2024-05-08 08:00:00+00:00,1.24718,1.25001,1.2468,1.24838,28204
2024-05-08 12:00:00+00:00,1.24839,1.25043,1.24728,1.2501,33471
2024-05-08 16:00:00+00:00,1.2502,1.25021,1.2491,1.24963,22284
2024-05-08 20:00:00+00:00,1.24963,1.2499,1.24907,1.24927,7973
2024-05-09 00:00:00+00:00,1.24924,1.25011,1.2486,1.2496,20311
2024-05-09 04:00:00+00:00,1.2496,1.2498,1.24711,1.2477,21032
2024-05-09 08:00:00+00:00,1.24769,1.24971,1.24482,1.24693,32032
2024-05-09 12:00:00+00:00,1.24692,1.25197,1.24692,1.25034,41635
2024-05-09 16:00:00+00:00,1.25039,1.25253,1.25039,1.25222,22680
2024-05-09 20:00:00+00:00,1.2523,1.2529,1.2516,1.25245,9613
2024-05-10 00:00:00+00:00,1.25255,1.25255,1.251,1.25167,20708
2024-05-10 04:00:00+00:00,1.2517,1.25407,1.2514,1.25302,25746
2024-05-10 08:00:00+00:00,1.25281,1.25352,1.25239,1.25281,28364
2024-05-10 12:00:00+00:00,1.25267,1.2537,1.2502,1.25259,38006
2024-05-10 16:00:00+00:00,1.25252,1.25368,1.25221,1.25263,23715
2024-05-10 20:00:00+00:00,1.2526,1.25296,1.2522,1.2524,3391
2024-05-12 20:00:00+00:00,1.25156,1.25268,1.25156,1.25217,2308
2024-05-13 00:00:00+00:00,1.25208,1.2527,1.2516,1.2526,25626
2024-05-13 04:00:00+00:00,1.25267,1.2534,1.25179,1.25232,24189
2024-05-13 08:00:00+00:00,1.25226,1.25512,1.2519,1.25458,25647
2024-05-13 12:00:00+00:00,1.2546,1.25681,1.2546,1.256,33759
2024-05-13 16:00:00+00:00,1.25624,1.25661,1.2552,1.25544,22771
2024-05-13 20:00:00+00:00,1.25539,1.2562,1.2552,1.25597,8387
2024-05-14 00:00:00+00:00,1.25582,1.25592,1.2552,1.25587,21507
2024-05-14 04:00:00+00:00,1.25587,1.25631,1.25464,1.25521,22103
2024-05-14 08:00:00+00:00,1.25502,1.25582,1.25112,1.25517,29904
2024-05-14 12:00:00+00:00,1.25533,1.25922,1.25325,1.25877,42919
2024-05-14 16:00:00+00:00,1.2587,1.2592,1.25808,1.25897,21869
2024-05-14 20:00:00+00:00,1.2591,1.2592,1.25839,1.2584,7992
2024-05-15 00:00:00+00:00,1.25839,1.25991,1.2583,1.2598,18586
2024-05-15 04:00:00+00:00,1.25974,1.25998,1.2586,1.25943,23007
2024-05-15 08:00:00+00:00,1.2596,1.26245,1.2596,1.26133,26865
2024-05-15 12:00:00+00:00,1.26143,1.26701,1.26143,1.26555,47666
2024-05-15 16:00:00+00:00,1.26497,1.26831,1.26497,1.26818,25412
2024-05-15 20:00:00+00:00,1.2682,1.2693,1.26751,1.26883,9892
2024-05-16 00:00:00+00:00,1.26856,1.26998,1.26828,1.26916,26020
2024-05-16 04:00:00+00:00,1.2691,1.2691,1.2673,1.26797,25153
2024-05-16 08:00:00+00:00,1.26821,1.26822,1.2653,1.26562,26096
2024-05-16 12:00:00+00:00,1.26584,1.26794,1.2644,1.26794,35569
2024-05-16 16:00:00+00:00,1.2674,1.26784,1.26672,1.26688,21260
2024-05-16 20:00:00+00:00,1.2669,1.2674,1.26651,1.267,7658
2024-05-17 00:00:00+00:00,1.26705,1.26713,1.2651,1.2656,21023
2024-05-17 04:00:00+00:00,1.2658,1.26697,1.2653,1.26564,21288
2024-05-17 08:00:00+00:00,1.26563,1.26581,1.2645,1.26536,24782
2024-05-17 12:00:00+00:00,1.26543,1.27078,1.26512,1.27013,33455
2024-05-17 16:00:00+00:00,1.27029,1.27109,1.2698,1.27063,21066
2024-05-17 20:00:00+00:00,1.27055,1.2706,1.26973,1.27,2889
2024-05-19 20:00:00+00:00,1.26967,1.2708,1.26902,1.27055,1836
2024-05-20 00:00:00+00:00,1.27034,1.27073,1.26971,1.27043,20520
2024-05-20 04:00:00+00:00,1.27043,1.27107,1.26905,1.26943,22792
2024-05-20 08:00:00+00:00,1.26952,1.27057,1.26931,1.26951,23566
2024-05-20 12:00:00+00:00,1.26946,1.27112,1.26925,1.27045,35330
2024-05-20 16:00:00+00:00,1.27079,1.27243,1.2704,1.2707,20103
2024-05-20 20:00:00+00:00,1.2707,1.2711,1.2702,1.27094,6866
2024-05-21 00:00:00+00:00,1.2707,1.27112,1.2697,1.2706,20101
2024-05-21 04:00:00+00:00,1.27062,1.27202,1.2704,1.2711,20459
2024-05-21 08:00:00+00:00,1.2713,1.27232,1.27041,1.27199,24595
2024-05-21 12:00:00+00:00,1.2721,1.2726,1.2691,1.2708,38082
2024-05-21 16:00:00+00:00,1.27063,1.2715,1.27018,1.27128,21211
2024-05-21 20:00:00+00:00,1.27123,1.2714,1.26992,1.27095,7327
2024-05-22 00:00:00+00:00,1.27102,1.27214,1.2709,1.27124,22732
2024-05-22 04:00:00+00:00,1.27127,1.27599,1.2706,1.27472,26930
2024-05-22 08:00:00+00:00,1.2743,1.27453,1.27001,1.27092,28133
2024-05-22 12:00:00+00:00,1.2708,1.2747,1.2708,1.27347,36708
2024-05-22 16:00:00+00:00,1.27335,1.27496,1.27108,1.27163,28536
2024-05-22 20:00:00+00:00,1.27157,1.2721,1.2714,1.27198,10595
2024-05-23 00:00:00+00:00,1.2718,1.27287,1.27163,1.27284,20839
2024-05-23 04:00:00+00:00,1.27286,1.2731,1.27188,1.27236,23802
2024-05-23 08:00:00+00:00,1.27248,1.2741,1.27059,1.27404,28831
2024-05-23 12:00:00+00:00,1.27414,1.27458,1.27078,1.27163,42663
2024-05-23 16:00:00+00:00,1.27169,1.2722,1.26853,1.26934,30911
2024-05-23 20:00:00+00:00,1.2694,1.26991,1.26882,1.26928,9071
2024-05-24 00:00:00+00:00,1.26928,1.26969,1.2686,1.26879,19392
2024-05-24 04:00:00+00:00,1.26872,1.27039,1.26809,1.26985,22072
2024-05-24 08:00:00+00:00,1.26964,1.27239,1.2695,1.27177,23911
2024-05-24 12:00:00+00:00,1.27196,1.27505,1.27139,1.27442,36256
2024-05-24 16:00:00+00:00,1.27429,1.27497,1.27323,1.27396,23368
2024-05-24 20:00:00+00:00,1.2738,1.274,1.27317,1.2737,3212
2024-05-26 20:00:00+00:00,1.27366,1.27425,1.2732,1.27336,2296
2024-05-27 00:00:00+00:00,1.2735,1.27425,1.2734,1.27418,14612
2024-05-27 04:00:00+00:00,1.27421,1.27462,1.2736,1.27397,16322
2024-05-27 08:00:00+00:00,1.27391,1.27571,1.2734,1.27516,18353
2024-05-27 12:00:00+00:00,1.27498,1.2777,1.27436,1.27719,25657
2024-05-27 16:00:00+00:00,1.2772,1.2774,1.2761,1.27705,8941
2024-05-27 20:00:00+00:00,1.27707,1.2772,1.2766,1.2771,6564
2024-05-28 00:00:00+00:00,1.27709,1.27827,1.27687,1.27808,20491
2024-05-28 04:00:00+00:00,1.27809,1.27817,1.27689,1.27729,21042
2024-05-28 08:00:00+00:00,1.27724,1.2789,1.2762,1.27853,24739
2024-05-28 12:00:00+00:00,1.27873,1.27994,1.27729,1.27841,35964
2024-05-28 16:00:00+00:00,1.27844,1.27844,1.27539,1.27633,27561
2024-05-28 20:00:00+00:00,1.27626,1.2769,1.27557,1.2757,8821
2024-05-29 00:00:00+00:00,1.2756,1.27588,1.2746,1.27504,21151
2024-05-29 04:00:00+00:00,1.275,1.27709,1.2746,1.27631,24386
2024-05-29 08:00:00+00:00,1.27605,1.27643,1.27354,1.27484,29788
2024-05-29 12:00:00+00:00,1.27497,1.27546,1.27061,1.27118,39318
2024-05-29 16:00:00+00:00,1.27089,1.27182,1.2699,1.27017,26718
2024-05-29 20:00:00+00:00,1.2701,1.2707,1.2694,1.26972,9373
2024-05-30 00:00:00+00:00,1.26961,1.27015,1.2689,1.2695,21048
2024-05-30 04:00:00+00:00,1.26947,1.27082,1.268,1.27082,24828
2024-05-30 08:00:00+00:00,1.27094,1.272,1.26963,1.27096,29053
2024-05-30 12:00:00+00:00,1.27096,1.27465,1.27054,1.27367,38762
2024-05-30 16:00:00+00:00,1.27373,1.2744,1.2725,1.27307,22546
2024-05-30 20:00:00+00:00,1.273,1.2735,1.2727,1.2728,10012
2024-05-31 00:00:00+00:00,1.27289,1.27334,1.27149,1.27227,20331
2024-05-31 04:00:00+00:00,1.27224,1.2724,1.27005,1.27059,22810
2024-05-31 08:00:00+00:00,1.27066,1.27265,1.27062,1.27139,27049
2024-05-31 12:00:00+00:00,1.27141,1.27653,1.2709,1.27345,44289
2024-05-31 16:00:00+00:00,1.27333,1.27453,1.27223,1.2744,26220
2024-05-31 20:00:00+00:00,1.27438,1.27451,1.27397,1.274,4332
2024-06-02 20:00:00+00:00,1.27355,1.2745,1.27348,1.27439,2917
2024-06-03 00:00:00+00:00,1.2743,1.27552,1.27374,1.27386,19477
2024-06-03 04:00:00+00:00,1.27387,1.27449,1.27141,1.27141,25232
2024-06-03 08:00:00+00:00,1.27109,1.27325,1.26954,1.27285,32519
2024-06-03 12:00:00+00:00,1.27293,1.27936,1.27271,1.27926,40095
2024-06-03 16:00:00+00:00,1.2792,1.27999,1.27766,1.27999,28412
2024-06-03 20:00:00+00:00,1.28018,1.2812,1.2799,1.28096,8472
2024-06-04 00:00:00+00:00,1.28121,1.2816,1.2803,1.2808,19082
2024-06-04 04:00:00+00:00,1.28091,1.28123,1.27864,1.27904,23830
2024-06-04 08:00:00+00:00,1.27899,1.27919,1.27435,1.27607,36072
2024-06-04 12:00:00+00:00,1.27647,1.27891,1.27587,1.2783,41213
2024-06-04 16:00:00+00:00,1.27837,1.27961,1.2771,1.2771,30133
2024-06-04 20:00:00+00:00,1.2772,1.2774,1.276,1.27719,7749
2024-06-05 00:00:00+00:00,1.27698,1.27802,1.27679,1.2771,19783
2024-06-05 04:00:00+00:00,1.27699,1.27819,1.2765,1.27724,23144
2024-06-05 08:00:00+00:00,1.27756,1.27784,1.27669,1.27782,23881
2024-06-05 12:00:00+00:00,1.27782,1.27942,1.27564,1.27691,41906
2024-06-05 16:00:00+00:00,1.2766,1.2794,1.27631,1.27913,24367
2024-06-05 20:00:00+00:00,1.27912,1.27935,1.2783,1.27933,8561
2024-06-06 00:00:00+00:00,1.27941,1.28083,1.2794,1.27978,17874
2024-06-06 04:00:00+00:00,1.27982,1.27994,1.2787,1.279,20727
2024-06-06 08:00:00+00:00,1.2789,1.2791,1.27679,1.27705,24269
2024-06-06 12:00:00+00:00,1.27704,1.2787,1.27646,1.27834,39726
2024-06-06 16:00:00+00:00,1.27804,1.2796,1.2776,1.27892,22269
2024-06-06 20:00:00+00:00,1.27902,1.2795,1.27871,1.27917,8176
2024-06-07 00:00:00+00:00,1.27901,1.27919,1.27842,1.27885,21073
2024-06-07 04:00:00+00:00,1.27882,1.28014,1.2782,1.28004,23354
2024-06-07 08:00:00+00:00,1.27994,1.28075,1.27832,1.2805,25969
2024-06-07 12:00:00+00:00,1.28072,1.28088,1.2716,1.27245,47334
2024-06-07 16:00:00+00:00,1.27246,1.27297,1.2718,1.27204,28536
2024-06-07 20:00:00+00:00,1.27203,1.27226,1.27182,1.2721,2756
2024-06-09 20:00:00+00:00,1.27291,1.27291,1.27178,1.27278,3067
2024-06-10 00:00:00+00:00,1.27277,1.27304,1.27134,1.27139,17513
2024-06-10 04:00:00+00:00,1.27145,1.27238,1.27072,1.27228,25231
2024-06-10 08:00:00+00:00,1.27203,1.27242,1.26885,1.27145,29665
2024-06-10 12:00:00+00:00,1.27149,1.27301,1.2705,1.27301,32853
2024-06-10 16:00:00+00:00,1.27318,1.27366,1.27245,1.27303,25564
2024-06-10 20:00:00+00:00,1.27297,1.2734,1.2713,1.27255,8864
2024-06-11 00:00:00+00:00,1.27275,1.2736,1.2723,1.27358,19750
2024-06-11 04:00:00+00:00,1.27359,1.27386,1.27144,1.27225,22352
2024-06-11 08:00:00+00:00,1.27216,1.27493,1.272,1.2736,31762
2024-06-11 12:00:00+00:00,1.27367,1.27461,1.27067,1.27214,37460
2024-06-11 16:00:00+00:00,1.27213,1.2751,1.27177,1.274,23259
2024-06-11 20:00:00+00:00,1.2741,1.2744,1.27286,1.27395,6233
2024-06-12 00:00:00+00:00,1.27376,1.2745,1.2732,1.27428,20410
2024-06-12 04:00:00+00:00,1.27425,1.27521,1.2737,1.27503,20875
2024-06-12 08:00:00+00:00,1.27514,1.27671,1.2747,1.27598,26571
2024-06-12 12:00:00+00:00,1.27581,1.28596,1.27574,1.28396,45979
2024-06-12 16:00:00+00:00,1.28396,1.28497,1.2792,1.27968,42354
2024-06-12 20:00:00+00:00,1.27956,1.28007,1.27921,1.27959,9337
2024-06-13 00:00:00+00:00,1.27958,1.27988,1.2783,1.27839,23857
2024-06-13 04:00:00+00:00,1.2784,1.2791,1.27731,1.27883,23742
2024-06-13 08:00:00+00:00,1.2788,1.27998,1.2763,1.27643,27436
2024-06-13 12:00:00+00:00,1.27632,1.28048,1.275,1.27625,43919
2024-06-13 16:00:00+00:00,1.27572,1.27662,1.27387,1.27645,30009
2024-06-13 20:00:00+00:00,1.27648,1.2766,1.27536,1.27536,8429
2024-06-14 00:00:00+00:00,1.27528,1.27628,1.2748,1.27521,21095
2024-06-14 04:00:00+00:00,1.27527,1.27537,1.27227,1.27301,27020
2024-06-14 08:00:00+00:00,1.27317,1.27317,1.26941,1.27037,40728
2024-06-14 12:00:00+00:00,1.27045,1.27045,1.26568,1.26829,42116
2024-06-14 16:00:00+00:00,1.26796,1.26924,1.26761,1.26895,25072
2024-06-14 20:00:00+00:00,1.26878,1.26891,1.2682,1.2686,3339
2024-06-16 20:00:00+00:00,1.26817,1.26871,1.2658,1.2682,2910
2024-06-17 00:00:00+00:00,1.2684,1.26877,1.26764,1.26819,20854
2024-06-17 04:00:00+00:00,1.26811,1.2684,1.26616,1.26684,27063
2024-06-17 08:00:00+00:00,1.2666,1.26771,1.2659,1.26625,28946
2024-06-17 12:00:00+00:00,1.26622,1.26898,1.26622,1.26873,32001
2024-06-17 16:00:00+00:00,1.26892,1.27092,1.2688,1.2703,22897
2024-06-17 20:00:00+00:00,1.2702,1.2714,1.26988,1.27135,8229
2024-06-18 00:00:00+00:00,1.27137,1.27148,1.26934,1.2697,20682
2024-06-18 04:00:00+00:00,1.26973,1.27017,1.2675,1.2679,25714
2024-06-18 08:00:00+00:00,1.2676,1.26895,1.2671,1.2672,28730
2024-06-18 12:00:00+00:00,1.26743,1.27201,1.26682,1.26952,39209
2024-06-18 16:00:00+00:00,1.26944,1.27088,1.2692,1.27078,25296
2024-06-18 20:00:00+00:00,1.27079,1.2712,1.2699,1.27066,8108
2024-06-19 00:00:00+00:00,1.27075,1.2713,1.2702,1.2708,17053
2024-06-19 04:00:00+00:00,1.27074,1.27315,1.26977,1.27272,24458
2024-06-19 08:00:00+00:00,1.2727,1.27388,1.27248,1.2733,25634
2024-06-19 12:00:00+00:00,1.2734,1.2734,1.27165,1.2722,23584
2024-06-19 16:00:00+00:00,1.2722,1.27252,1.2712,1.27178,9380
2024-06-19 20:00:00+00:00,1.27173,1.2724,1.2715,1.27198,7094
2024-06-20 00:00:00+00:00,1.27195,1.27195,1.2709,1.2715,16662
2024-06-20 04:00:00+00:00,1.27145,1.27175,1.2702,1.27069,17069
2024-06-20 08:00:00+00:00,1.27063,1.27079,1.26798,1.26806,21314
2024-06-20 12:00:00+00:00,1.26801,1.26928,1.26676,1.26676,24336
2024-06-20 16:00:00+00:00,1.26661,1.26819,1.26598,1.2663,20337
2024-06-20 20:00:00+00:00,1.26624,1.26644,1.2654,1.26595,8816
2024-06-21 00:00:00+00:00,1.26597,1.26645,1.2654,1.26604,14753
2024-06-21 04:00:00+00:00,1.26602,1.2669,1.26379,1.26424,16762
2024-06-21 08:00:00+00:00,1.2644,1.26607,1.26305,1.26431,21814
2024-06-21 12:00:00+00:00,1.26451,1.26497,1.2625,1.26425,24952
2024-06-21 16:00:00+00:00,1.26392,1.26499,1.2634,1.2648,17158
2024-06-21 20:00:00+00:00,1.26482,1.26509,1.26385,1.2644,2916
2024-06-23 20:00:00+00:00,1.26389,1.26444,1.2635,1.26378,2791
2024-06-24 00:00:00+00:00,1.2635,1.26442,1.2632,1.26415,20060
2024-06-24 04:00:00+00:00,1.26417,1.26564,1.2641,1.26538,22561
2024-06-24 08:00:00+00:00,1.26558,1.26713,1.26538,1.26629,27451
2024-06-24 12:00:00+00:00,1.26616,1.26979,1.2659,1.26816,31074
2024-06-24 16:00:00+00:00,1.26817,1.26932,1.2672,1.26857,23534
2024-06-24 20:00:00+00:00,1.26839,1.2689,1.26788,1.26817,10110
2024-06-25 00:00:00+00:00,1.2684,1.26963,1.2682,1.26963,18389
2024-06-25 04:00:00+00:00,1.26963,1.26982,1.26836,1.26887,21198
2024-06-25 08:00:00+00:00,1.26887,1.2702,1.26766,1.2682,25244
2024-06-25 12:00:00+00:00,1.26829,1.26867,1.26704,1.26742,32882
2024-06-25 16:00:00+00:00,1.26739,1.26955,1.2673,1.2689,21758
2024-06-25 20:00:00+00:00,1.26875,1.2688,1.268,1.2683,7548
2024-06-26 00:00:00+00:00,1.2683,1.26912,1.2678,1.2686,18567
2024-06-26 04:00:00+00:00,1.26859,1.2688,1.26678,1.26707,22301
2024-06-26 08:00:00+00:00,1.26698,1.26728,1.26401,1.26596,28384
2024-06-26 12:00:00+00:00,1.26603,1.26611,1.26199,1.2621,38044
2024-06-26 16:00:00+00:00,1.26197,1.26374,1.2614,1.26246,25101
2024-06-26 20:00:00+00:00,1.26243,1.2626,1.26166,1.26205,9720
2024-06-27 00:00:00+00:00,1.26205,1.2632,1.26128,1.26298,19100
2024-06-27 04:00:00+00:00,1.263,1.26455,1.2629,1.26331,22956
2024-06-27 08:00:00+00:00,1.26331,1.26532,1.26266,1.26409,26931
2024-06-27 12:00:00+00:00,1.26435,1.26701,1.2642,1.26511,38403
2024-06-27 16:00:00+00:00,1.26513,1.26559,1.2637,1.26378,23615
2024-06-27 20:00:00+00:00,1.26385,1.2646,1.2636,1.2644,8886
2024-06-28 00:00:00+00:00,1.26444,1.2647,1.2622,1.26295,21373
2024-06-28 04:00:00+00:00,1.2629,1.26494,1.2621,1.26435,21732
2024-06-28 08:00:00+00:00,1.26442,1.2658,1.2631,1.2641,28004
2024-06-28 12:00:00+00:00,1.26438,1.26613,1.26201,1.26369,42125
2024-06-28 16:00:00+00:00,1.26379,1.26535,1.2631,1.26407,29182
2024-06-28 20:00:00+00:00,1.26405,1.26449,1.264,1.26445,4122
2024-06-30 20:00:00+00:00,1.26498,1.26572,1.2643,1.26483,3066
2024-07-01 00:00:00+00:00,1.26479,1.26652,1.26464,1.26557,18342
2024-07-01 04:00:00+00:00,1.2655,1.26893,1.2653,1.26632,23945
2024-07-01 08:00:00+00:00,1.26637,1.26795,1.26623,1.2677,27523
2024-07-01 12:00:00+00:00,1.2677,1.26934,1.2636,1.26461,36721
2024-07-01 16:00:00+00:00,1.26457,1.26579,1.2633,1.26432,10264
2024-07-01 20:00:00+00:00,1.2641,1.2653,1.26405,1.26444,7064
2024-07-02 00:00:00+00:00,1.26449,1.26464,1.2631,1.26338,15935
2024-07-02 04:00:00+00:00,1.26339,1.26394,1.2614,1.26247,22500
2024-07-02 08:00:00+00:00,1.26258,1.26534,1.26224,1.26534,27694
2024-07-02 12:00:00+00:00,1.26557,1.26841,1.26547,1.26753,37846
2024-07-02 16:00:00+00:00,1.26747,1.26872,1.26651,1.26872,20921
2024-07-02 20:00:00+00:00,1.2686,1.2691,1.2675,1.26872,7416
2024-07-03 00:00:00+00:00,1.2689,1.2693,1.268,1.26862,16006
2024-07-03 04:00:00+00:00,1.2686,1.26975,1.2677,1.26934,19445
2024-07-03 08:00:00+00:00,1.26905,1.27062,1.26887,1.27062,6409
2024-07-03 12:00:00+00:00,1.27052,1.27758,1.27024,1.27637,38125
2024-07-03 16:00:00+00:00,1.2764,1.27653,1.2733,1.27397,20497
2024-07-03 20:00:00+00:00,1.27395,1.2757,1.2738,1.27466,6465
2024-07-04 00:00:00+00:00,1.2748,1.27528,1.27404,1.27412,14140
2024-07-04 04:00:00+00:00,1.27413,1.27532,1.2739,1.27532,19857
2024-07-04 08:00:00+00:00,1.27534,1.2763,1.2747,1.27525,23664
2024-07-04 12:00:00+00:00,1.27533,1.27664,1.27471,1.27602,21516
2024-07-04 16:00:00+00:00,1.2759,1.2763,1.2757,1.27608,9252
2024-07-04 20:00:00+00:00,1.27607,1.2762,1.2753,1.27546,7824
2024-07-05 00:00:00+00:00,1.27551,1.27706,1.27551,1.27706,19371
2024-07-05 04:00:00+00:00,1.2768,1.27804,1.27641,1.27804,19107
2024-07-05 08:00:00+00:00,1.27776,1.27907,1.27741,1.2785,21253
2024-07-05 12:00:00+00:00,1.27859,1.28129,1.27857,1.28067,44515
2024-07-05 16:00:00+00:00,1.2806,1.28168,1.2795,1.28155,22602
2024-07-05 20:00:00+00:00,1.28156,1.2816,1.2813,1.2813,2542
2024-07-07 20:00:00+00:00,1.27952,1.28153,1.27919,1.2806,2949
2024-07-08 00:00:00+00:00,1.28065,1.2818,1.2801,1.2814,16909
2024-07-08 04:00:00+00:00,1.2814,1.28161,1.28017,1.2814,22813
2024-07-08 08:00:00+00:00,1.2814,1.28324,1.2813,1.28324,28177
2024-07-08 12:00:00+00:00,1.28341,1.28453,1.2823,1.28253,29714
2024-07-08 16:00:00+00:00,1.2824,1.2824,1.2806,1.28091,18324
2024-07-08 20:00:00+00:00,1.28086,1.28152,1.27914,1.28147,7240
2024-07-09 00:00:00+00:00,1.28142,1.28162,1.27988,1.28047,16596
2024-07-09 04:00:00+00:00,1.28047,1.2812,1.2796,1.2796,19641
2024-07-09 08:00:00+00:00,1.27964,1.28238,1.2794,1.27997,20932
2024-07-09 12:00:00+00:00,1.27994,1.28205,1.2777,1.27842,36206
2024-07-09 16:00:00+00:00,1.2785,1.27895,1.27785,1.27895,22809
2024-07-09 20:00:00+00:00,1.27895,1.279,1.27802,1.2786,7366
2024-07-10 00:00:00+00:00,1.27895,1.27945,1.2784,1.27921,16211
2024-07-10 04:00:00+00:00,1.27915,1.28008,1.2788,1.27921,19890
2024-07-10 08:00:00+00:00,1.27924,1.28122,1.27901,1.28054,25689
2024-07-10 12:00:00+00:00,1.28056,1.28466,1.2804,1.28409,30852
2024-07-10 16:00:00+00:00,1.28412,1.28461,1.2834,1.28458,19937
2024-07-10 20:00:00+00:00,1.28462,1.28538,1.2843,1.28538,6869
2024-07-11 00:00:00+00:00,1.28538,1.28632,1.2849,1.28604,14909
2024-07-11 04:00:00+00:00,1.28594,1.28699,1.2854,1.28661,20000
2024-07-11 08:00:00+00:00,1.28689,1.28812,1.2867,1.2877,23428
2024-07-11 12:00:00+00:00,1.28778,1.29472,1.2868,1.29162,49003
2024-07-11 16:00:00+00:00,1.29153,1.29173,1.28988,1.29112,29582
2024-07-11 20:00:00+00:00,1.29131,1.2923,1.28964,1.2923,11481
2024-07-12 00:00:00+00:00,1.29192,1.29232,1.2901,1.2907,21311
2024-07-12 04:00:00+00:00,1.2908,1.29292,1.2902,1.2926,22771
2024-07-12 08:00:00+00:00,1.29295,1.29651,1.2928,1.29607,26652
2024-07-12 12:00:00+00:00,1.29598,1.29903,1.29464,1.29842,43129
2024-07-12 16:00:00+00:00,1.29854,1.29901,1.298,1.29857,22451
2024-07-12 20:00:00+00:00,1.29859,1.2989,1.2983,1.2989,2384
2024-07-14 20:00:00+00:00,1.29682,1.29806,1.29627,1.29669,3362
2024-07-15 00:00:00+00:00,1.2968,1.2975,1.29613,1.29733,17838
2024-07-15 04:00:00+00:00,1.2972,1.29826,1.29638,1.29819,23029
2024-07-15 08:00:00+00:00,1.29833,1.29909,1.29705,1.29734,28624
2024-07-15 12:00:00+00:00,1.2974,1.29943,1.29676,1.29819,33392
2024-07-15 16:00:00+00:00,1.29791,1.29841,1.29624,1.29681,29821
2024-07-15 20:00:00+00:00,1.29678,1.2972,1.2959,1.29689,8862
2024-07-16 00:00:00+00:00,1.29694,1.29694,1.2961,1.29635,18861
2024-07-16 04:00:00+00:00,1.29635,1.29718,1.29514,1.2967,22512
2024-07-16 08:00:00+00:00,1.29677,1.29709,1.29556,1.29688,30313
2024-07-16 12:00:00+00:00,1.29702,1.29785,1.29389,1.29558,37535
2024-07-16 16:00:00+00:00,1.29556,1.29762,1.2949,1.29742,25220
2024-07-16 20:00:00+00:00,1.29736,1.29758,1.29578,1.29727,9411
2024-07-17 04:00:00+00:00,1.29761,1.30127,1.2965,1.3006,26222
2024-07-17 08:00:00+00:00,1.3009,1.3044,1.30085,1.30328,32710
2024-07-17 12:00:00+00:00,1.30323,1.30353,1.29988,1.30054,40163
2024-07-17 16:00:00+00:00,1.30054,1.3012,1.29997,1.30079,31035
2024-07-17 20:00:00+00:00,1.30073,1.3012,1.30033,1.30078,13057
2024-07-18 00:00:00+00:00,1.3009,1.3009,1.2998,1.3002,20213
2024-07-18 04:00:00+00:00,1.30018,1.30122,1.2985,1.29995,26306
2024-07-18 08:00:00+00:00,1.30005,1.30023,1.29779,1.29813,27328
2024-07-18 12:00:00+00:00,1.29821,1.29875,1.2968,1.29726,38819
2024-07-18 16:00:00+00:00,1.29746,1.29765,1.294,1.29451,31341
2024-07-18 20:00:00+00:00,1.29453,1.2963,1.29403,1.29482,9185
2024-07-19 00:00:00+00:00,1.29471,1.29477,1.2933,1.29405,21152
2024-07-19 04:00:00+00:00,1.29404,1.29425,1.29244,1.29287,22508
2024-07-19 08:00:00+00:00,1.29253,1.29292,1.29,1.29274,24595
2024-07-19 12:00:00+00:00,1.29282,1.29286,1.2912,1.29207,29654
2024-07-19 16:00:00+00:00,1.29212,1.29244,1.2907,1.29103,26202
2024-07-19 20:00:00+00:00,1.29105,1.2913,1.29079,1.29121,3080
2024-07-21 20:00:00+00:00,1.29126,1.2938,1.29099,1.29321,3775
2024-07-22 00:00:00+00:00,1.2931,1.2931,1.29124,1.29221,18792
2024-07-22 04:00:00+00:00,1.2922,1.29307,1.291,1.29238,26759
2024-07-22 08:00:00+00:00,1.29224,1.29404,1.2922,1.29246,27025
2024-07-22 12:00:00+00:00,1.29239,1.29287,1.29063,1.2908,32893
2024-07-22 16:00:00+00:00,1.29085,1.2929,1.29065,1.2927,23806
2024-07-22 20:00:00+00:00,1.29285,1.29343,1.2926,1.29308,8952
2024-07-23 00:00:00+00:00,1.29318,1.29341,1.2924,1.29306,19011
2024-07-23 04:00:00+00:00,1.2929,1.29316,1.29115,1.29162,22547
2024-07-23 08:00:00+00:00,1.29179,1.29279,1.28879,1.29123,28943
2024-07-23 12:00:00+00:00,1.29158,1.29191,1.29041,1.29138,32589
2024-07-23 16:00:00+00:00,1.29129,1.29161,1.29,1.29028,22433
2024-07-23 20:00:00+00:00,1.2903,1.291,1.2899,1.29008,9629
2024-07-24 00:00:00+00:00,1.28998,1.29007,1.28864,1.28889,19660
2024-07-24 04:00:00+00:00,1.2887,1.29007,1.2882,1.28864,26195
2024-07-24 08:00:00+00:00,1.28846,1.2919,1.2878,1.29185,29277
2024-07-24 12:00:00+00:00,1.29179,1.29363,1.29147,1.2921,36703
2024-07-24 16:00:00+00:00,1.29229,1.29269,1.2898,1.29026,28534
2024-07-24 20:00:00+00:00,1.29026,1.2913,1.28976,1.28976,10444
2024-07-25 00:00:00+00:00,1.28968,1.28981,1.28859,1.2893,23556
2024-07-25 04:00:00+00:00,1.28932,1.28957,1.28745,1.28927,27487
2024-07-25 08:00:00+00:00,1.2892,1.29128,1.28705,1.2872,31880
2024-07-25 12:00:00+00:00,1.28707,1.28915,1.28615,1.28811,45061
2024-07-25 16:00:00+00:00,1.28802,1.28892,1.28522,1.28522,31807
2024-07-25 20:00:00+00:00,1.28504,1.2861,1.2848,1.28545,10867
2024-07-26 00:00:00+00:00,1.28555,1.2865,1.2853,1.28636,19193
2024-07-26 04:00:00+00:00,1.28648,1.28718,1.2857,1.28633,22219
2024-07-26 08:00:00+00:00,1.28636,1.28731,1.286,1.28717,27238
2024-07-26 12:00:00+00:00,1.28725,1.28728,1.28503,1.28618,35635
2024-07-26 16:00:00+00:00,1.28614,1.2878,1.28614,1.28731,25558
2024-07-26 20:00:00+00:00,1.28719,1.28743,1.28651,1.2866,3447
2024-07-28 20:00:00+00:00,1.28558,1.28708,1.28558,1.2866,3296
2024-07-29 00:00:00+00:00,1.28653,1.28878,1.28636,1.28807,19755
2024-07-29 04:00:00+00:00,1.28798,1.28809,1.28308,1.2833,22986
2024-07-29 08:00:00+00:00,1.2828,1.28456,1.28069,1.28267,30168
2024-07-29 12:00:00+00:00,1.28264,1.28557,1.2822,1.28495,32760
2024-07-29 16:00:00+00:00,1.285,1.28676,1.28459,1.28645,25853
2024-07-29 20:00:00+00:00,1.28645,1.2865,1.2857,1.2859,10079
2024-07-30 00:00:00+00:00,1.28563,1.28575,1.2844,1.28551,16977
2024-07-30 04:00:00+00:00,1.2855,1.28584,1.2843,1.28502,21043
2024-07-30 08:00:00+00:00,1.285,1.28638,1.2843,1.28445,23854
2024-07-30 12:00:00+00:00,1.28441,1.2846,1.28207,1.28276,35872
2024-07-30 16:00:00+00:00,1.28261,1.28386,1.28258,1.28318,28336
2024-07-30 20:00:00+00:00,1.28316,1.28414,1.2829,1.2835,14001
2024-07-31 00:00:00+00:00,1.2836,1.28519,1.28319,1.28397,24302
2024-07-31 04:00:00+00:00,1.28401,1.28464,1.28272,1.28387,28778
2024-07-31 08:00:00+00:00,1.28375,1.28481,1.28215,1.28345,30566
2024-07-31 12:00:00+00:00,1.28344,1.28534,1.28304,1.28391,41265
2024-07-31 16:00:00+00:00,1.28369,1.28634,1.28207,1.28535,40510
2024-07-31 20:00:00+00:00,1.28532,1.2863,1.28507,1.28527,12394
2024-08-01 00:00:00+00:00,1.28537,1.28599,1.2848,1.28526,24506
2024-08-01 04:00:00+00:00,1.28536,1.2858,1.27897,1.27919,28555
2024-08-01 08:00:00+00:00,1.27902,1.27975,1.27551,1.27926,34379
2024-08-01 12:00:00+00:00,1.27933,1.28373,1.2766,1.27674,42687
2024-08-01 16:00:00+00:00,1.27664,1.27755,1.27271,1.27416,34072
2024-08-01 20:00:00+00:00,1.27405,1.2755,1.27277,1.27277,15808
2024-08-02 00:00:00+00:00,1.27249,1.27282,1.27138,1.2718,24378
2024-08-02 04:00:00+00:00,1.27198,1.27387,1.27078,1.27128,30546
2024-08-02 08:00:00+00:00,1.2713,1.27502,1.2713,1.2741,32551
2024-08-02 12:00:00+00:00,1.27423,1.28394,1.27423,1.27967,54165
2024-08-02 16:00:00+00:00,1.27943,1.28117,1.2785,1.28086,38810
2024-08-02 20:00:00+00:00,1.28082,1.28103,1.27999,1.2803,4182
2024-08-04 20:00:00+00:00,1.27978,1.28064,1.27824,1.27873,5386
2024-08-05 00:00:00+00:00,1.27868,1.28013,1.27775,1.27988,35863
2024-08-05 04:00:00+00:00,1.28008,1.28104,1.27113,1.27943,52684
2024-08-05 08:00:00+00:00,1.27933,1.2815,1.27279,1.2766,47819
2024-08-05 12:00:00+00:00,1.27623,1.27941,1.2747,1.27635,63626
2024-08-05 16:00:00+00:00,1.27622,1.27827,1.27449,1.2773,44665
2024-08-05 20:00:00+00:00,1.27755,1.27917,1.2766,1.2786,16860
2024-08-06 00:00:00+00:00,1.2785,1.28026,1.27784,1.27787,36310
2024-08-06 04:00:00+00:00,1.27782,1.27794,1.27345,1.27398,43393
2024-08-06 08:00:00+00:00,1.27371,1.27453,1.26803,1.26926,43914
2024-08-06 12:00:00+00:00,1.26961,1.27243,1.26731,1.26937,50279
2024-08-06 16:00:00+00:00,1.26944,1.27113,1.26858,1.26911,36953
2024-08-06 20:00:00+00:00,1.26918,1.26975,1.26803,1.2683,15592
2024-08-07 00:00:00+00:00,1.26814,1.27141,1.26814,1.27141,32458
2024-08-07 04:00:00+00:00,1.27149,1.27172,1.26893,1.26979,36323
2024-08-07 08:00:00+00:00,1.26946,1.27348,1.26946,1.27264,35131
2024-08-07 12:00:00+00:00,1.27288,1.27295,1.2707,1.27153,41864
2024-08-07 16:00:00+00:00,1.27141,1.27141,1.26832,1.26893,37237
2024-08-07 20:00:00+00:00,1.26877,1.2694,1.2677,1.26816,13187
2024-08-08 00:00:00+00:00,1.26801,1.26997,1.2677,1.26988,27663
2024-08-08 04:00:00+00:00,1.26992,1.27128,1.2688,1.27002,33240
2024-08-08 08:00:00+00:00,1.27009,1.27084,1.26658,1.26955,33987
2024-08-08 12:00:00+00:00,1.2695,1.27412,1.26668,1.2741,48424
2024-08-08 16:00:00+00:00,1.2741,1.27516,1.2732,1.27441,33202
2024-08-08 20:00:00+00:00,1.27447,1.2754,1.27365,1.27455,11750
2024-08-09 00:00:00+00:00,1.27431,1.2759,1.2737,1.27584,21478
2024-08-09 04:00:00+00:00,1.276,1.27716,1.2748,1.27633,26214
2024-08-09 08:00:00+00:00,1.2761,1.27707,1.27298,1.27409,27624
2024-08-09 12:00:00+00:00,1.27387,1.27726,1.27263,1.2764,36744
2024-08-09 16:00:00+00:00,1.27625,1.27695,1.2753,1.27596,26552
2024-08-09 20:00:00+00:00,1.27615,1.2762,1.27537,1.2762,3478
2024-08-11 20:00:00+00:00,1.27595,1.27595,1.27477,1.27477,2179
2024-08-12 00:00:00+00:00,1.27471,1.27631,1.2747,1.27581,18903
2024-08-12 04:00:00+00:00,1.27588,1.27812,1.2758,1.27682,24878
2024-08-12 08:00:00+00:00,1.2769,1.27716,1.2753,1.27698,27027
2024-08-12 12:00:00+00:00,1.27709,1.27934,1.27588,1.27722,39954
2024-08-12 16:00:00+00:00,1.2769,1.27717,1.27547,1.27684,31955
2024-08-12 20:00:00+00:00,1.27676,1.2771,1.27564,1.277,8502
2024-08-13 00:00:00+00:00,1.27678,1.27772,1.2763,1.27733,17254
2024-08-13 04:00:00+00:00,1.27748,1.28124,1.2774,1.28091,25083
2024-08-13 08:00:00+00:00,1.28069,1.28069,1.27806,1.27918,30443
2024-08-13 12:00:00+00:00,1.27932,1.2835,1.2779,1.2827,43350
2024-08-13 16:00:00+00:00,1.2827,1.2872,1.2827,1.28656,35153
2024-08-13 20:00:00+00:00,1.28645,1.2868,1.2855,1.28648,9857
2024-08-14 00:00:00+00:00,1.28656,1.28679,1.2854,1.28557,22316
2024-08-14 04:00:00+00:00,1.28551,1.2861,1.28228,1.2838,27157
2024-08-14 08:00:00+00:00,1.2835,1.28525,1.28238,1.28484,28608
2024-08-14 12:00:00+00:00,1.28501,1.28619,1.28279,1.28479,45069
2024-08-14 16:00:00+00:00,1.28481,1.28481,1.2821,1.2827,28305
2024-08-14 20:00:00+00:00,1.28277,1.2832,1.28218,1.2825,10899
2024-08-15 00:00:00+00:00,1.28239,1.28334,1.282,1.2832,19213
2024-08-15 04:00:00+00:00,1.28329,1.28574,1.28329,1.28505,22591
2024-08-15 08:00:00+00:00,1.28506,1.28626,1.28409,1.28614,25291
2024-08-15 12:00:00+00:00,1.28636,1.28694,1.27991,1.28624,46337
2024-08-15 16:00:00+00:00,1.2863,1.28707,1.28481,1.28542,26144
2024-08-15 20:00:00+00:00,1.28541,1.28591,1.2848,1.28582,10885
2024-08-16 00:00:00+00:00,1.28586,1.28749,1.2858,1.28673,19205
2024-08-16 04:00:00+00:00,1.28674,1.2885,1.2866,1.28797,22511
2024-08-16 08:00:00+00:00,1.28811,1.29099,1.28802,1.29084,27200
2024-08-16 12:00:00+00:00,1.29083,1.29136,1.28818,1.29051,34765
2024-08-16 16:00:00+00:00,1.29052,1.29454,1.29049,1.29441,24478
2024-08-16 20:00:00+00:00,1.29442,1.2946,1.29407,1.2943,3038
2024-08-18 20:00:00+00:00,1.29376,1.29495,1.29366,1.29457,2451
2024-08-19 00:00:00+00:00,1.29463,1.29593,1.29436,1.29537,19030
2024-08-19 04:00:00+00:00,1.29525,1.29686,1.29519,1.29649,26719
2024-08-19 08:00:00+00:00,1.29648,1.29747,1.29425,1.2957,29799
2024-08-19 12:00:00+00:00,1.29569,1.29959,1.29416,1.29787,36581
2024-08-19 16:00:00+00:00,1.29809,1.29958,1.29726,1.29895,26178
2024-08-19 20:00:00+00:00,1.29894,1.2994,1.2983,1.29889,9914
2024-08-20 00:00:00+00:00,1.29904,1.29915,1.2977,1.29781,20218
2024-08-20 04:00:00+00:00,1.29782,1.30032,1.2972,1.30021,25257
2024-08-20 08:00:00+00:00,1.30027,1.3013,1.29923,1.30078,31897
2024-08-20 12:00:00+00:00,1.30083,1.30386,1.30074,1.30257,31335
2024-08-20 16:00:00+00:00,1.30249,1.30356,1.3017,1.30324,27320
2024-08-20 20:00:00+00:00,1.30324,1.3037,1.30245,1.30332,10323
2024-08-21 00:00:00+00:00,1.30331,1.30374,1.30234,1.30268,19232
2024-08-21 04:00:00+00:00,1.30262,1.3031,1.3011,1.30152,26582
2024-08-21 08:00:00+00:00,1.30157,1.30432,1.30124,1.30314,27810
2024-08-21 12:00:00+00:00,1.30305,1.30769,1.30278,1.30746,45450
2024-08-21 16:00:00+00:00,1.30748,1.31163,1.3072,1.30897,34614
2024-08-21 20:00:00+00:00,1.30889,1.3095,1.3069,1.30918,10337
2024-08-22 00:00:00+00:00,1.30919,1.30963,1.30821,1.30862,16261
2024-08-22 04:00:00+00:00,1.30861,1.30998,1.308,1.30975,23105
2024-08-22 08:00:00+00:00,1.30976,1.31277,1.30926,1.31117,33170
2024-08-22 12:00:00+00:00,1.3109,1.31276,1.3082,1.30935,43662
2024-08-22 16:00:00+00:00,1.30934,1.31015,1.30773,1.3084,32182
2024-08-22 20:00:00+00:00,1.3084,1.3097,1.3084,1.3096,9846
2024-08-23 00:00:00+00:00,1.30944,1.3107,1.30915,1.31025,18012
2024-08-23 04:00:00+00:00,1.31038,1.3125,1.31038,1.31175,22702
2024-08-23 08:00:00+00:00,1.31197,1.31355,1.31118,1.31215,28887
2024-08-23 12:00:00+00:00,1.31182,1.32286,1.31087,1.31941,47571
2024-08-23 16:00:00+00:00,1.31925,1.32197,1.3175,1.321,38508
2024-08-23 20:00:00+00:00,1.32074,1.32172,1.32069,1.3215,4978
2024-08-25 20:00:00+00:00,1.3209,1.32158,1.32039,1.32135,3050
2024-08-26 00:00:00+00:00,1.3212,1.3221,1.32016,1.32023,21186
2024-08-26 04:00:00+00:00,1.32027,1.32094,1.319,1.31938,23426
2024-08-26 08:00:00+00:00,1.31936,1.32054,1.31815,1.31891,27285
2024-08-26 12:00:00+00:00,1.31889,1.32085,1.31813,1.31843,41513
2024-08-26 16:00:00+00:00,1.31837,1.3206,1.31799,1.31846,28136
2024-08-26 20:00:00+00:00,1.31823,1.3194,1.318,1.31912,9665
2024-08-27 00:00:00+00:00,1.31888,1.31947,1.31798,1.319,16624
2024-08-27 04:00:00+00:00,1.31917,1.32151,1.3189,1.32001,25287
2024-08-27 08:00:00+00:00,1.32002,1.32443,1.32002,1.32203,32653
2024-08-27 12:00:00+00:00,1.32182,1.32416,1.32045,1.32342,42923
2024-08-27 16:00:00+00:00,1.32352,1.3265,1.3226,1.32617,28643
2024-08-27 20:00:00+00:00,1.32631,1.32653,1.3248,1.32549,9578
2024-08-28 00:00:00+00:00,1.32538,1.32595,1.3242,1.3247,17223
2024-08-28 04:00:00+00:00,1.32477,1.325,1.32167,1.32316,25232
2024-08-28 08:00:00+00:00,1.32308,1.3243,1.32061,1.32095,32831
2024-08-28 12:00:00+00:00,1.32097,1.32283,1.31909,1.32,42337
2024-08-28 16:00:00+00:00,1.31948,1.31948,1.31683,1.31836,31108
2024-08-28 20:00:00+00:00,1.31834,1.3197,1.31816,1.31925,12005
2024-08-29 00:00:00+00:00,1.31936,1.32106,1.3193,1.3205,18098
2024-08-29 04:00:00+00:00,1.32063,1.32258,1.32054,1.3218,24903
2024-08-29 08:00:00+00:00,1.32126,1.32126,1.31689,1.3184,37584
2024-08-29 12:00:00+00:00,1.31822,1.31846,1.3145,1.31846,45624
2024-08-29 16:00:00+00:00,1.31848,1.31894,1.31644,1.3166,32373
2024-08-29 20:00:00+00:00,1.31664,1.31702,1.31588,1.31646,9371
2024-08-30 00:00:00+00:00,1.3164,1.31706,1.31619,1.3162,17869
2024-08-30 04:00:00+00:00,1.3163,1.31966,1.3159,1.319,23763
2024-08-30 08:00:00+00:00,1.31897,1.31987,1.317,1.31787,29260
2024-08-30 12:00:00+00:00,1.31777,1.31862,1.31257,1.31305,48167
2024-08-30 16:00:00+00:00,1.31259,1.3132,1.31105,1.3132,33501
2024-08-30 20:00:00+00:00,1.31323,1.31351,1.3125,1.3125,4292
2024-09-01 20:00:00+00:00,1.31254,1.3134,1.31205,1.3128,2156
2024-09-02 00:00:00+00:00,1.31278,1.31368,1.3119,1.31277,17804
2024-09-02 04:00:00+00:00,1.31263,1.31441,1.3122,1.31345,21964
2024-09-02 08:00:00+00:00,1.31365,1.31457,1.31276,1.3128,26669
2024-09-02 12:00:00+00:00,1.31302,1.31544,1.31296,1.31446,25175
2024-09-02 16:00:00+00:00,1.31445,1.3147,1.31355,1.31456,8094
2024-09-02 20:00:00+00:00,1.3146,1.3149,1.31367,1.31398,6901
2024-09-03 00:00:00+00:00,1.31408,1.31467,1.3127,1.3127,21354
2024-09-03 04:00:00+00:00,1.31285,1.31391,1.31087,1.31217,28207
2024-09-03 08:00:00+00:00,1.31211,1.31271,1.31099,1.31221,35012
2024-09-03 12:00:00+00:00,1.31232,1.31444,1.30886,1.31029,47602
2024-09-03 16:00:00+00:00,1.31043,1.31075,1.30872,1.31071,31625
2024-09-03 20:00:00+00:00,1.31089,1.3116,1.31044,1.31123,12558
2024-09-04 00:00:00+00:00,1.31121,1.31138,1.31016,1.31111,22657
2024-09-04 04:00:00+00:00,1.31108,1.312,1.31008,1.31155,27388
2024-09-04 08:00:00+00:00,1.31144,1.31263,1.311,1.31194,30816
2024-09-04 12:00:00+00:00,1.31169,1.31725,1.3107,1.31414,43203
2024-09-04 16:00:00+00:00,1.31398,1.31523,1.3128,1.31436,33138
2024-09-04 20:00:00+00:00,1.31421,1.3155,1.31214,1.31432,11947
2024-09-05 00:00:00+00:00,1.31436,1.31551,1.31407,1.31464,19905
2024-09-05 04:00:00+00:00,1.31454,1.3156,1.31387,1.31476,24255
2024-09-05 08:00:00+00:00,1.31465,1.31734,1.31457,1.31589,30679
2024-09-05 12:00:00+00:00,1.31597,1.31792,1.31516,1.31642,47679
2024-09-05 16:00:00+00:00,1.31651,1.31848,1.3163,1.317,32093
2024-09-05 20:00:00+00:00,1.3169,1.3181,1.3169,1.31756,10720
2024-09-06 00:00:00+00:00,1.31745,1.31808,1.31724,1.3176,16338
2024-09-06 04:00:00+00:00,1.31766,1.31922,1.31718,1.31813,25905
2024-09-06 08:00:00+00:00,1.31833,1.31833,1.316,1.31758,30118
2024-09-06 12:00:00+00:00,1.31768,1.32322,1.31289,1.31322,54173
2024-09-06 16:00:00+00:00,1.31312,1.31383,1.3111,1.31325,42040
2024-09-06 20:00:00+00:00,1.31327,1.31334,1.31196,1.3131,6222
2024-09-08 20:00:00+00:00,1.31175,1.31374,1.31175,1.3131,2900
2024-09-09 00:00:00+00:00,1.31318,1.31428,1.3129,1.313,20877
2024-09-09 04:00:00+00:00,1.31308,1.31319,1.30916,1.31046,27300
2024-09-09 08:00:00+00:00,1.31049,1.31069,1.30724,1.30869,31953
2024-09-09 12:00:00+00:00,1.30876,1.30984,1.307,1.3082,39085
2024-09-09 16:00:00+00:00,1.30825,1.31016,1.30727,1.30729,31319
2024-09-09 20:00:00+00:00,1.30724,1.3076,1.30678,1.30704,9556
2024-09-10 00:00:00+00:00,1.30687,1.30735,1.30575,1.30722,17265
2024-09-10 04:00:00+00:00,1.30736,1.31072,1.307,1.30893,24422
2024-09-10 08:00:00+00:00,1.30912,1.31042,1.30783,1.30891,31079
2024-09-10 12:00:00+00:00,1.30901,1.30921,1.30494,1.30645,43019
2024-09-10 16:00:00+00:00,1.30633,1.30862,1.30571,1.30852,32349
2024-09-10 20:00:00+00:00,1.3084,1.3087,1.30689,1.30793,11062
2024-09-11 00:00:00+00:00,1.30813,1.30961,1.30698,1.30936,22758
2024-09-11 04:00:00+00:00,1.30933,1.31102,1.30777,1.30824,29391
2024-09-11 08:00:00+00:00,1.30795,1.30975,1.30753,1.30912,30945
2024-09-11 12:00:00+00:00,1.3092,1.3093,1.30026,1.30231,53034
2024-09-11 16:00:00+00:00,1.30232,1.30495,1.30211,1.30429,34891
2024-09-11 20:00:00+00:00,1.30422,1.3046,1.3035,1.30375,12361
2024-09-12 00:00:00+00:00,1.3038,1.30428,1.3031,1.3041,19915
2024-09-12 04:00:00+00:00,1.30427,1.30562,1.30389,1.3039,25158
2024-09-12 08:00:00+00:00,1.3033,1.30595,1.3033,1.30381,32348
2024-09-12 12:00:00+00:00,1.3041,1.30834,1.30379,1.30799,47021
2024-09-12 16:00:00+00:00,1.3081,1.31183,1.3081,1.31176,38163
2024-09-12 20:00:00+00:00,1.31152,1.31316,1.31144,1.3131,12755
2024-09-13 00:00:00+00:00,1.313,1.31487,1.313,1.31487,23264
2024-09-13 04:00:00+00:00,1.3149,1.31501,1.31247,1.31459,27277
2024-09-13 08:00:00+00:00,1.31446,1.31517,1.31162,1.31217,35973
2024-09-13 12:00:00+00:00,1.31209,1.31566,1.31147,1.3138,44469
2024-09-13 16:00:00+00:00,1.31361,1.31361,1.3117,1.3123,31232
2024-09-13 20:00:00+00:00,1.31237,1.31267,1.3121,1.31221,6127
2024-09-15 20:00:00+00:00,1.31169,1.31363,1.31166,1.31347,2901
2024-09-16 00:00:00+00:00,1.3136,1.31626,1.3136,1.3159,17013
2024-09-16 04:00:00+00:00,1.31585,1.31733,1.31525,1.31706,24193
2024-09-16 08:00:00+00:00,1.31714,1.3203,1.31703,1.31994,32943
2024-09-16 12:00:00+00:00,1.3201,1.32128,1.31881,1.32008,42109
2024-09-16 16:00:00+00:00,1.32,1.32132,1.31947,1.32121,27436
2024-09-16 20:00:00+00:00,1.32124,1.3218,1.32039,1.32096,12056
2024-09-17 00:00:00+00:00,1.32098,1.3211,1.3198,1.32024,17701
2024-09-17 04:00:00+00:00,1.32022,1.32173,1.31997,1.32172,24417
2024-09-17 08:00:00+00:00,1.32171,1.32295,1.3207,1.32204,31066
2024-09-17 12:00:00+00:00,1.32226,1.32247,1.31594,1.31631,48658
2024-09-17 16:00:00+00:00,1.31636,1.31685,1.31475,1.31621,35799
2024-09-17 20:00:00+00:00,1.31624,1.31677,1.3155,1.31667,12614
2024-09-18 00:00:00+00:00,1.3167,1.31714,1.316,1.31643,19781
2024-09-18 04:00:00+00:00,1.3162,1.31994,1.3155,1.31979,26068
2024-09-18 08:00:00+00:00,1.3198,1.32265,1.31959,1.32103,31906
2024-09-18 12:00:00+00:00,1.3209,1.32523,1.31952,1.31976,40532
2024-09-18 16:00:00+00:00,1.31994,1.32954,1.31771,1.3187,51889
2024-09-18 20:00:00+00:00,1.31878,1.3217,1.31849,1.32024,20781
2024-09-19 00:00:00+00:00,1.32019,1.32117,1.31543,1.32104,32672
2024-09-19 04:00:00+00:00,1.32107,1.32576,1.32005,1.32468,34393
2024-09-19 08:00:00+00:00,1.32472,1.33112,1.32452,1.3285,43015
2024-09-19 12:00:00+00:00,1.32848,1.32899,1.32205,1.32787,53150
2024-09-19 16:00:00+00:00,1.32781,1.32886,1.3274,1.32815,35917
2024-09-19 20:00:00+00:00,1.32814,1.3286,1.3274,1.32806,12568
2024-09-20 00:00:00+00:00,1.3282,1.3301,1.3272,1.32936,23312
2024-09-20 04:00:00+00:00,1.32955,1.33397,1.3285,1.33121,33283
2024-09-20 08:00:00+00:00,1.33147,1.33148,1.3281,1.32995,34510
2024-09-20 12:00:00+00:00,1.3303,1.33229,1.32689,1.33042,47817
2024-09-20 16:00:00+00:00,1.33078,1.33303,1.33048,1.33157,40405
2024-09-20 20:00:00+00:00,1.33149,1.3323,1.33135,1.3323,7435
2024-09-22 20:00:00+00:00,1.3315,1.33219,1.33113,1.33116,2217
2024-09-23 00:00:00+00:00,1.3314,1.3319,1.3308,1.33089,17505
2024-09-23 04:00:00+00:00,1.33085,1.33194,1.32609,1.32622,34882
2024-09-23 08:00:00+00:00,1.32633,1.33176,1.32505,1.33113,40052
2024-09-23 12:00:00+00:00,1.33129,1.33589,1.32996,1.33509,47603
2024-09-23 16:00:00+00:00,1.33473,1.3353,1.3336,1.33467,35815
2024-09-23 20:00:00+00:00,1.33476,1.33494,1.3336,1.33482,11034
2024-09-24 00:00:00+00:00,1.33493,1.33567,1.334,1.3352,24666
2024-09-24 04:00:00+00:00,1.33529,1.33653,1.33322,1.33489,35090
2024-09-24 08:00:00+00:00,1.33529,1.33815,1.33509,1.33698,35458
2024-09-24 12:00:00+00:00,1.33716,1.3398,1.33678,1.3375,47281
2024-09-24 16:00:00+00:00,1.33784,1.34139,1.3377,1.34139,32360
2024-09-24 20:00:00+00:00,1.34132,1.34268,1.3407,1.34266,13131
2024-09-25 00:00:00+00:00,1.34264,1.34286,1.3411,1.34227,24439
2024-09-25 04:00:00+00:00,1.34226,1.34226,1.3383,1.33891,29171
2024-09-25 08:00:00+00:00,1.33879,1.33919,1.3364,1.33756,36336
2024-09-25 12:00:00+00:00,1.33766,1.34114,1.33362,1.33372,49935
2024-09-25 16:00:00+00:00,1.33358,1.33409,1.33133,1.33153,17575
2024-09-25 20:00:00+00:00,1.33154,1.3326,1.33122,1.33136,5388
2024-09-26 00:00:00+00:00,1.33132,1.33404,1.33132,1.33384,7223
2024-09-26 04:00:00+00:00,1.33385,1.33575,1.33343,1.33441,7444
2024-09-26 08:00:00+00:00,1.3335,1.3388,1.3335,1.33741,22285
2024-09-26 12:00:00+00:00,1.33753,1.34326,1.33509,1.34283,56378
2024-09-26 16:00:00+00:00,1.34241,1.34249,1.34052,1.34141,39605
2024-09-26 20:00:00+00:00,1.34138,1.3416,1.3402,1.34102,14606
2024-09-27 00:00:00+00:00,1.34092,1.34092,1.3383,1.33927,25218
2024-09-27 04:00:00+00:00,1.33921,1.3395,1.33611,1.33674,37313
2024-09-27 08:00:00+00:00,1.33653,1.33972,1.33607,1.33878,36422
2024-09-27 12:00:00+00:00,1.33868,1.34272,1.3378,1.33937,52281
2024-09-27 16:00:00+00:00,1.33925,1.33933,1.3374,1.33761,40270
2024-09-27 20:00:00+00:00,1.33722,1.3378,1.33702,1.3378,7247
2024-09-29 20:00:00+00:00,1.33625,1.33831,1.33625,1.33821,2630
2024-09-30 00:00:00+00:00,1.33831,1.33885,1.33732,1.33842,23961
2024-09-30 04:00:00+00:00,1.33861,1.33985,1.33754,1.33982,28670
2024-09-30 08:00:00+00:00,1.33983,1.34224,1.33858,1.34022,34380
2024-09-30 12:00:00+00:00,1.34037,1.34155,1.33615,1.33972,47606
2024-09-30 16:00:00+00:00,1.34002,1.34069,1.3354,1.33704,42665
2024-09-30 20:00:00+00:00,1.33687,1.3382,1.33486,1.33771,12748
2024-10-01 00:00:00+00:00,1.33769,1.3389,1.33695,1.3372,25632
2024-10-01 04:00:00+00:00,1.33688,1.3384,1.33366,1.33379,33883
2024-10-01 08:00:00+00:00,1.3335,1.33488,1.3312,1.33203,41415
2024-10-01 12:00:00+00:00,1.33217,1.33273,1.32637,1.32785,55800
2024-10-01 16:00:00+00:00,1.32797,1.32894,1.32375,1.32796,50811
2024-10-01 20:00:00+00:00,1.32797,1.3287,1.32721,1.32741,16113
2024-10-02 00:00:00+00:00,1.32773,1.3295,1.32759,1.32855,23624
2024-10-02 04:00:00+00:00,1.32861,1.32994,1.32619,1.32879,33685
2024-10-02 08:00:00+00:00,1.3287,1.3304,1.32752,1.32933,36445
2024-10-02 12:00:00+00:00,1.3293,1.32935,1.32478,1.32701,48998
2024-10-02 16:00:00+00:00,1.32712,1.32775,1.32585,1.32706,34262
2024-10-02 20:00:00+00:00,1.32724,1.32724,1.32607,1.32626,13706
2024-10-03 00:00:00+00:00,1.32645,1.32645,1.32468,1.32502,26509
2024-10-03 04:00:00+00:00,1.3249,1.32515,1.31489,1.31542,39089
2024-10-03 08:00:00+00:00,1.31493,1.31493,1.30936,1.31126,42786
2024-10-03 12:00:00+00:00,1.31163,1.31255,1.30937,1.31114,56860
2024-10-03 16:00:00+00:00,1.3114,1.31313,1.31128,1.31209,36483
2024-10-03 20:00:00+00:00,1.31216,1.31315,1.31175,1.31284,12808
2024-10-04 00:00:00+00:00,1.31299,1.31353,1.31236,1.3128,25756
2024-10-04 04:00:00+00:00,1.31292,1.31651,1.31236,1.31583,30169
2024-10-04 08:00:00+00:00,1.31632,1.31734,1.31454,1.31696,36305
2024-10-04 12:00:00+00:00,1.31713,1.31745,1.30719,1.31056,59079
2024-10-04 16:00:00+00:00,1.31071,1.31272,1.30956,1.31254,37637
2024-10-04 20:00:00+00:00,1.31255,1.31288,1.31176,1.3122,6730
2024-10-06 20:00:00+00:00,1.31031,1.31237,1.31031,1.31226,3303
2024-10-07 00:00:00+00:00,1.31213,1.31325,1.31188,1.31274,25215
2024-10-07 04:00:00+00:00,1.31272,1.31301,1.30974,1.31118,29993
2024-10-07 08:00:00+00:00,1.3106,1.31148,1.30596,1.30815,39188
2024-10-07 12:00:00+00:00,1.30845,1.3092,1.30674,1.30795,47598
2024-10-07 16:00:00+00:00,1.30788,1.30963,1.30707,1.30819,32265
2024-10-07 20:00:00+00:00,1.30823,1.30871,1.30779,1.30841,13229
2024-10-08 00:00:00+00:00,1.30854,1.31022,1.30854,1.30919,32640
2024-10-08 04:00:00+00:00,1.3092,1.31021,1.30648,1.31014,34027
2024-10-08 08:00:00+00:00,1.31006,1.3106,1.30869,1.31043,36118
2024-10-08 12:00:00+00:00,1.31077,1.3113,1.30808,1.30922,43669
2024-10-08 16:00:00+00:00,1.30888,1.31005,1.30763,1.30996,34509
2024-10-08 20:00:00+00:00,1.3099,1.31043,1.3092,1.30927,14256
2024-10-09 00:00:00+00:00,1.30929,1.31027,1.30838,1.30849,25737
2024-10-09 04:00:00+00:00,1.30851,1.31,1.3057,1.30806,34064
2024-10-09 08:00:00+00:00,1.30827,1.30947,1.30673,1.30841,33336
2024-10-09 12:00:00+00:00,1.30862,1.30887,1.30661,1.30786,40720
2024-10-09 16:00:00+00:00,1.30765,1.30778,1.30637,1.30639,30327
2024-10-09 20:00:00+00:00,1.30636,1.30744,1.3059,1.30658,10790
2024-10-10 00:00:00+00:00,1.30686,1.30772,1.3066,1.30754,25988
2024-10-10 04:00:00+00:00,1.30755,1.30884,1.30676,1.30824,26265
2024-10-10 08:00:00+00:00,1.30807,1.3092,1.3065,1.3065,31048
2024-10-10 12:00:00+00:00,1.3065,1.30848,1.3027,1.30521,54852
2024-10-10 16:00:00+00:00,1.30544,1.3058,1.3023,1.30551,38573
2024-10-10 20:00:00+00:00,1.30554,1.30636,1.30491,1.30607,9183
2024-10-11 00:00:00+00:00,1.30608,1.30662,1.3051,1.30546,19155
2024-10-11 04:00:00+00:00,1.3055,1.30748,1.30423,1.30748,23771
2024-10-11 08:00:00+00:00,1.30762,1.30803,1.30525,1.30608,28353
2024-10-11 12:00:00+00:00,1.3061,1.30811,1.30555,1.30691,43639
2024-10-11 16:00:00+00:00,1.30669,1.30778,1.30638,1.30638,23503
2024-10-11 20:00:00+00:00,1.30635,1.3068,1.30609,1.3066,3884
2024-10-13 20:00:00+00:00,1.3069,1.3069,1.3069,1.3069,1
2024-10-14 00:00:00+00:00,1.3041,1.30617,1.3041,1.30588,22833
2024-10-14 04:00:00+00:00,1.30587,1.30718,1.3055,1.30608,23296
2024-10-14 08:00:00+00:00,1.3064,1.30675,1.30372,1.30372,31062
2024-10-14 12:00:00+00:00,1.30376,1.30595,1.3029,1.30489,39502
2024-10-14 16:00:00+00:00,1.30473,1.30601,1.3043,1.30549,26459
2024-10-14 20:00:00+00:00,1.3054,1.30664,1.30515,1.30664,8794
2024-10-15 00:00:00+00:00,1.30663,1.30678,1.30538,1.30538,21799
2024-10-15 04:00:00+00:00,1.30539,1.30732,1.30351,1.30732,30651
2024-10-15 08:00:00+00:00,1.30731,1.30962,1.30678,1.3076,29613
2024-10-15 12:00:00+00:00,1.30765,1.31011,1.30762,1.30819,45136
2024-10-15 16:00:00+00:00,1.30793,1.30842,1.306,1.30665,31125
2024-10-15 20:00:00+00:00,1.30667,1.3076,1.30598,1.30642,12384
2024-10-16 00:00:00+00:00,1.30642,1.30757,1.3058,1.30708,23509
2024-10-16 04:00:00+00:00,1.30703,1.3076,1.29826,1.30005,32544
2024-10-16 08:00:00+00:00,1.29959,1.3032,1.29923,1.30308,34312
2024-10-16 12:00:00+00:00,1.303,1.30367,1.29969,1.29989,39651
2024-10-16 16:00:00+00:00,1.29988,1.3005,1.29765,1.29817,26556
2024-10-16 20:00:00+00:00,1.29818,1.2994,1.29818,1.29904,10900
2024-10-17 00:00:00+00:00,1.29893,1.30005,1.29807,1.29864,27194
2024-10-17 04:00:00+00:00,1.29866,1.29922,1.29747,1.29841,26121
2024-10-17 08:00:00+00:00,1.29862,1.3017,1.2975,1.30155,31144
2024-10-17 12:00:00+00:00,1.30146,1.30193,1.29809,1.30069,52912
2024-10-17 16:00:00+00:00,1.30075,1.30145,1.29987,1.30121,31311
2024-10-17 20:00:00+00:00,1.30134,1.3017,1.30017,1.30135,11020
2024-10-18 00:00:00+00:00,1.30142,1.30255,1.30114,1.30205,25397
2024-10-18 04:00:00+00:00,1.30206,1.30691,1.302,1.3052,28700
2024-10-18 08:00:00+00:00,1.30517,1.30517,1.30338,1.3045,31284
2024-10-18 12:00:00+00:00,1.30449,1.30663,1.30201,1.30212,38501
2024-10-18 16:00:00+00:00,1.30206,1.30451,1.30204,1.30422,34005
2024-10-18 20:00:00+00:00,1.30414,1.305,1.30414,1.305,6784
2024-10-20 20:00:00+00:00,1.3053,1.30557,1.3047,1.30515,2147
2024-10-21 00:00:00+00:00,1.30499,1.30523,1.30428,1.30499,26264
2024-10-21 04:00:00+00:00,1.30499,1.305,1.30203,1.30218,27210
2024-10-21 08:00:00+00:00,1.30229,1.30332,1.30127,1.3019,30441
2024-10-21 12:00:00+00:00,1.30233,1.3033,1.29784,1.29784,38216
2024-10-21 16:00:00+00:00,1.2981,1.29909,1.2977,1.29836,28818
2024-10-21 20:00:00+00:00,1.29834,1.2988,1.29787,1.29818,10704
2024-10-22 00:00:00+00:00,1.29836,1.2995,1.29796,1.2995,30473
2024-10-22 04:00:00+00:00,1.2995,1.30142,1.2995,1.3009,27883
2024-10-22 08:00:00+00:00,1.30091,1.30095,1.2968,1.29792,32204
2024-10-22 12:00:00+00:00,1.29807,1.29842,1.29454,1.29684,41501
2024-10-22 16:00:00+00:00,1.2967,1.2984,1.2966,1.29832,29476
2024-10-22 20:00:00+00:00,1.29804,1.29863,1.2971,1.29806,12373
2024-10-23 00:00:00+00:00,1.29806,1.29915,1.29709,1.2985,30234
2024-10-23 04:00:00+00:00,1.29852,1.29946,1.29643,1.29643,28026
2024-10-23 08:00:00+00:00,1.29659,1.29871,1.29504,1.29507,32011
2024-10-23 12:00:00+00:00,1.29492,1.29609,1.29363,1.29436,41148
2024-10-23 16:00:00+00:00,1.29467,1.29467,1.29083,1.29322,32718
2024-10-23 20:00:00+00:00,1.2932,1.2932,1.2908,1.29154,11578
2024-10-24 00:00:00+00:00,1.29161,1.2928,1.29116,1.2925,28036
2024-10-24 04:00:00+00:00,1.2924,1.29681,1.2924,1.29617,31039
2024-10-24 08:00:00+00:00,1.29627,1.29801,1.29498,1.2973,34718
2024-10-24 12:00:00+00:00,1.2977,1.29866,1.2953,1.29623,43321
2024-10-24 16:00:00+00:00,1.29636,1.29774,1.29484,1.29748,29956
2024-10-24 20:00:00+00:00,1.29747,1.29766,1.2964,1.2972,7862
2024-10-25 00:00:00+00:00,1.29732,1.29732,1.2961,1.29629,28967
2024-10-25 04:00:00+00:00,1.2963,1.29755,1.2956,1.29703,26687
2024-10-25 08:00:00+00:00,1.2971,1.29916,1.29687,1.29866,28610
2024-10-25 12:00:00+00:00,1.29866,1.2998,1.29764,1.29771,37850
2024-10-25 16:00:00+00:00,1.29751,1.29795,1.2957,1.29595,31862
2024-10-25 20:00:00+00:00,1.296,1.29622,1.2958,1.2958,7462
2024-10-27 20:00:00+00:00,1.29699,1.29699,1.29557,1.2957,2888
2024-10-28 00:00:00+00:00,1.29571,1.29628,1.29426,1.29426,20493
2024-10-28 04:00:00+00:00,1.29424,1.29715,1.29397,1.29702,23562
2024-10-28 08:00:00+00:00,1.29688,1.29926,1.2961,1.29914,30909
2024-10-28 12:00:00+00:00,1.29887,1.29998,1.2978,1.29801,36774
2024-10-28 16:00:00+00:00,1.29797,1.29875,1.2966,1.29733,29151
2024-10-28 20:00:00+00:00,1.29742,1.2977,1.2963,1.29744,10067
2024-10-29 00:00:00+00:00,1.29736,1.2977,1.2958,1.29598,28530
2024-10-29 04:00:00+00:00,1.29584,1.29734,1.2956,1.29713,27015
2024-10-29 08:00:00+00:00,1.29724,1.29917,1.29701,1.29857,32341
2024-10-29 12:00:00+00:00,1.29826,1.30066,1.29674,1.30033,45865
2024-10-29 16:00:00+00:00,1.30034,1.30114,1.29902,1.30057,33131
2024-10-29 20:00:00+00:00,1.30061,1.3017,1.30015,1.30108,12345
2024-10-30 00:00:00+00:00,1.30114,1.30198,1.2996,1.29987,25335
2024-10-30 04:00:00+00:00,1.29986,1.30133,1.2995,1.30078,24890
2024-10-30 08:00:00+00:00,1.30106,1.30255,1.29634,1.2971,37171
2024-10-30 12:00:00+00:00,1.29699,1.30391,1.29382,1.30116,52609
2024-10-30 16:00:00+00:00,1.3008,1.30147,1.29676,1.29694,34613
2024-10-30 20:00:00+00:00,1.29682,1.297,1.29461,1.2956,14459
2024-10-31 00:00:00+00:00,1.29583,1.29584,1.2943,1.29488,26236
2024-10-31 04:00:00+00:00,1.29494,1.29967,1.2947,1.29957,28349
2024-10-31 08:00:00+00:00,1.29959,1.29981,1.29603,1.29781,35738
2024-10-31 12:00:00+00:00,1.29751,1.29948,1.28462,1.28552,55788
2024-10-31 16:00:00+00:00,1.28566,1.28929,1.28555,1.2892,40646
2024-10-31 20:00:00+00:00,1.28942,1.2903,1.2893,1.28968,12905
2024-11-01 00:00:00+00:00,1.2894,1.2902,1.28887,1.28985,24760
2024-11-01 04:00:00+00:00,1.28977,1.29022,1.2884,1.28982,23608
2024-11-01 08:00:00+00:00,1.28918,1.29222,1.2889,1.292,31921
2024-11-01 12:00:00+00:00,1.29201,1.29791,1.29165,1.29593,51114
2024-11-01 16:00:00+00:00,1.29599,1.29627,1.29198,1.29203,35284
2024-11-01 20:00:00+00:00,1.29198,1.2926,1.2791,1.2926,7013
2024-11-03 20:00:00+00:00,1.29694,1.29694,1.295,1.29521,2403
2024-11-04 00:00:00+00:00,1.29537,1.29983,1.29515,1.29929,23117
2024-11-04 04:00:00+00:00,1.29942,1.29961,1.29693,1.29696,25416
2024-11-04 08:00:00+00:00,1.29675,1.29823,1.29462,1.29773,36778
2024-11-04 12:00:00+00:00,1.29762,1.29925,1.29602,1.29805,41734
2024-11-04 16:00:00+00:00,1.2979,1.29796,1.29344,1.29536,35316
2024-11-04 20:00:00+00:00,1.29521,1.2959,1.29432,1.29537,13989
2024-11-05 00:00:00+00:00,1.29526,1.29609,1.2948,1.29532,22877
2024-11-05 04:00:00+00:00,1.29539,1.29813,1.2951,1.29769,23294
2024-11-05 08:00:00+00:00,1.2977,1.29939,1.29714,1.29911,29448
2024-11-05 12:00:00+00:00,1.29937,1.30197,1.29794,1.30018,38865
2024-11-05 16:00:00+00:00,1.30006,1.3037,1.30006,1.30208,34426
2024-11-05 20:00:00+00:00,1.3016,1.30465,1.30154,1.30416,17150
2024-11-06 00:00:00+00:00,1.30383,1.30416,1.28643,1.28881,57255
2024-11-06 04:00:00+00:00,1.2893,1.29242,1.28485,1.28662,55095
2024-11-06 08:00:00+00:00,1.28659,1.29222,1.28531,1.28565,52595
2024-11-06 12:00:00+00:00,1.28601,1.28894,1.28351,1.28894,60796
2024-11-06 16:00:00+00:00,1.28897,1.29193,1.287,1.28899,47857
2024-11-06 20:00:00+00:00,1.28909,1.2897,1.28721,1.2882,18378
2024-11-07 00:00:00+00:00,1.28843,1.29229,1.28763,1.29222,27794
2024-11-07 04:00:00+00:00,1.2922,1.29464,1.29152,1.29301,28233
2024-11-07 08:00:00+00:00,1.29278,1.29382,1.28993,1.29043,39842
2024-11-07 12:00:00+00:00,1.2921,1.3009,1.29153,1.2996,53977
2024-11-07 16:00:00+00:00,1.29978,1.29978,1.29487,1.2965,44759
2024-11-07 20:00:00+00:00,1.2961,1.29901,1.2961,1.29827,21533
2024-11-08 00:00:00+00:00,1.2982,1.29831,1.2962,1.29641,24729
2024-11-08 04:00:00+00:00,1.29625,1.29732,1.29612,1.29647,26363
2024-11-08 08:00:00+00:00,1.2961,1.29759,1.29376,1.29675,41076
2024-11-08 12:00:00+00:00,1.2964,1.29664,1.29249,1.2938,45630
2024-11-08 16:00:00+00:00,1.29396,1.29439,1.28845,1.29126,38847
2024-11-08 20:00:00+00:00,1.29102,1.29245,1.291,1.292,11858
2024-11-10 20:00:00+00:00,1.29021,1.29169,1.29012,1.2915,1344
2024-11-11 00:00:00+00:00,1.29139,1.29251,1.29095,1.29139,18822
2024-11-11 04:00:00+00:00,1.29134,1.29215,1.28916,1.28951,24718
2024-11-11 08:00:00+00:00,1.28951,1.29061,1.28774,1.28853,37550
2024-11-11 12:00:00+00:00,1.28865,1.28901,1.28563,1.2869,40924
2024-11-11 16:00:00+00:00,1.28703,1.2876,1.28579,1.28618,29271
2024-11-11 20:00:00+00:00,1.2864,1.28732,1.28619,1.28732,13058
2024-11-12 00:00:00+00:00,1.28717,1.28718,1.2841,1.28412,27936
2024-11-12 04:00:00+00:00,1.284,1.28442,1.28032,1.28137,31925
2024-11-12 08:00:00+00:00,1.28118,1.28305,1.2794,1.28208,39144
2024-11-12 12:00:00+00:00,1.28257,1.28276,1.27574,1.2763,45352
2024-11-12 16:00:00+00:00,1.27625,1.27641,1.27201,1.27362,39192
2024-11-12 20:00:00+00:00,1.27375,1.2752,1.2735,1.27364,17420
2024-11-13 00:00:00+00:00,1.27379,1.27542,1.27311,1.27439,26320
2024-11-13 04:00:00+00:00,1.27435,1.2747,1.27301,1.27353,25980
2024-11-13 08:00:00+00:00,1.27363,1.27552,1.27299,1.27542,36120
2024-11-13 12:00:00+00:00,1.27552,1.27619,1.26879,1.27239,55243
2024-11-13 16:00:00+00:00,1.27253,1.27264,1.27001,1.27045,39930
2024-11-13 20:00:00+00:00,1.2705,1.2715,1.26989,1.27068,18314
2024-11-14 00:00:00+00:00,1.27093,1.27097,1.2682,1.26834,25348
2024-11-14 04:00:00+00:00,1.26831,1.2695,1.2674,1.26868,27070
2024-11-14 08:00:00+00:00,1.2689,1.26918,1.263,1.26587,40367
2024-11-14 12:00:00+00:00,1.26557,1.27092,1.26474,1.27078,51237
2024-11-14 16:00:00+00:00,1.27076,1.27195,1.26827,1.2687,35990
2024-11-14 20:00:00+00:00,1.26758,1.26758,1.26482,1.26667,25472
2024-11-15 00:00:00+00:00,1.26656,1.26822,1.26569,1.26756,29047
2024-11-15 04:00:00+00:00,1.26748,1.26891,1.26664,1.26664,29183
2024-11-15 08:00:00+00:00,1.26688,1.26963,1.26493,1.26897,38501
2024-11-15 12:00:00+00:00,1.26916,1.26916,1.26149,1.26277,50515
2024-11-15 16:00:00+00:00,1.26279,1.26418,1.26116,1.26116,41641
2024-11-15 20:00:00+00:00,1.26108,1.2621,1.25971,1.2617,15206
2024-11-17 20:00:00+00:00,1.26206,1.26206,1.26045,1.26189,1447
2024-11-18 00:00:00+00:00,1.26157,1.26418,1.26157,1.2624,21492
2024-11-18 04:00:00+00:00,1.26238,1.26402,1.26207,1.26263,25690
2024-11-18 08:00:00+00:00,1.26264,1.26344,1.26139,1.26182,37659
2024-11-18 12:00:00+00:00,1.26186,1.26432,1.2618,1.26395,39453
2024-11-18 16:00:00+00:00,1.26407,1.26862,1.26395,1.26711,33671
2024-11-18 20:00:00+00:00,1.26745,1.26812,1.2671,1.2678,15231
2024-11-19 00:00:00+00:00,1.26786,1.26868,1.2665,1.2685,24854
2024-11-19 04:00:00+00:00,1.26861,1.26883,1.26632,1.2673,25433
2024-11-19 08:00:00+00:00,1.26777,1.26777,1.26135,1.26345,49207
2024-11-19 12:00:00+00:00,1.26355,1.26699,1.26284,1.26637,48881
2024-11-19 16:00:00+00:00,1.26646,1.26816,1.26617,1.26761,36413
2024-11-19 20:00:00+00:00,1.26761,1.26938,1.26722,1.26938,16255
2024-11-20 00:00:00+00:00,1.2694,1.26951,1.26801,1.26815,24075
2024-11-20 04:00:00+00:00,1.26808,1.27132,1.26797,1.2695,26845
2024-11-20 08:00:00+00:00,1.26945,1.26952,1.26501,1.26626,39695
2024-11-20 12:00:00+00:00,1.26653,1.26742,1.26417,1.26529,44668
2024-11-20 16:00:00+00:00,1.26559,1.26609,1.26319,1.26472,35612
2024-11-20 20:00:00+00:00,1.26463,1.2658,1.2643,1.26554,16537
2024-11-21 00:00:00+00:00,1.26543,1.26589,1.26506,1.26584,21438
2024-11-21 04:00:00+00:00,1.26585,1.26596,1.26371,1.26484,27123
2024-11-21 08:00:00+00:00,1.26468,1.265,1.26238,1.26372,41979
2024-11-21 12:00:00+00:00,1.26376,1.26565,1.26176,1.26176,47583
2024-11-21 16:00:00+00:00,1.26208,1.2621,1.25768,1.26015,41336
2024-11-21 20:00:00+00:00,1.2605,1.2605,1.25834,1.25846,15444
2024-11-22 00:00:00+00:00,1.25843,1.25932,1.25811,1.25837,27982
2024-11-22 04:00:00+00:00,1.25853,1.25869,1.25518,1.25721,31481
2024-11-22 08:00:00+00:00,1.25756,1.25796,1.24875,1.25127,51651
2024-11-22 12:00:00+00:00,1.25143,1.2537,1.25018,1.25265,49807
2024-11-22 16:00:00+00:00,1.2528,1.25347,1.2508,1.25252,37310
2024-11-22 20:00:00+00:00,1.25252,1.2533,1.2522,1.2529,13804
2024-11-25 12:00:00+00:00,1.26011,1.26011,1.2548,1.25508,23846
2024-11-25 16:00:00+00:00,1.25533,1.25763,1.25422,1.25744,36855
2024-11-25 20:00:00+00:00,1.25759,1.25776,1.25303,1.25317,20469
2024-11-26 00:00:00+00:00,1.25286,1.25486,1.25076,1.25486,37373
2024-11-26 04:00:00+00:00,1.25519,1.2562,1.25431,1.25437,31852
2024-11-26 08:00:00+00:00,1.25444,1.25927,1.2538,1.25838,41371
2024-11-26 12:00:00+00:00,1.25806,1.26153,1.2556,1.25629,52292
2024-11-26 16:00:00+00:00,1.25628,1.25656,1.25248,1.25457,41985
2024-11-26 20:00:00+00:00,1.25456,1.25735,1.2545,1.25732,19513
2024-11-27 00:00:00+00:00,1.25729,1.2579,1.2568,1.257,29186
2024-11-27 04:00:00+00:00,1.2572,1.25961,1.2566,1.25921,28142
2024-11-27 08:00:00+00:00,1.25903,1.26186,1.25903,1.26101,41246
2024-11-27 12:00:00+00:00,1.26097,1.26865,1.2608,1.26759,49705
2024-11-27 16:00:00+00:00,1.26742,1.26937,1.26648,1.26727,38352
2024-11-27 20:00:00+00:00,1.2671,1.2682,1.26607,1.2677,17057
2024-11-28 00:00:00+00:00,1.26738,1.26775,1.2661,1.26625,27650
2024-11-28 04:00:00+00:00,1.26623,1.26686,1.2646,1.26515,27444
2024-11-28 08:00:00+00:00,1.26537,1.26734,1.26452,1.26666,37466
2024-11-28 12:00:00+00:00,1.26656,1.26824,1.2659,1.26819,34018
2024-11-28 16:00:00+00:00,1.2681,1.269,1.26764,1.26892,14786
2024-11-28 20:00:00+00:00,1.26901,1.26953,1.26782,1.2695,7401
2024-11-29 00:00:00+00:00,1.26955,1.27142,1.2693,1.27126,28596
2024-11-29 04:00:00+00:00,1.27126,1.27478,1.2705,1.27227,29772
2024-11-29 08:00:00+00:00,1.27227,1.27227,1.26828,1.26976,39863
2024-11-29 12:00:00+00:00,1.26976,1.27133,1.26731,1.27084,44382
2024-11-29 16:00:00+00:00,1.2705,1.27397,1.26914,1.27393,37900
2024-11-29 20:00:00+00:00,1.27388,1.2745,1.27294,1.2737,14304
2024-12-01 20:00:00+00:00,1.27334,1.27334,1.26961,1.27007,2389
2024-12-02 00:00:00+00:00,1.27042,1.27042,1.26809,1.26888,23435
2024-12-02 04:00:00+00:00,1.26874,1.27072,1.26808,1.26824,32111
2024-12-02 08:00:00+00:00,1.26812,1.27218,1.26803,1.2711,41460
2024-12-02 12:00:00+00:00,1.27096,1.27123,1.26171,1.26277,50934
2024-12-02 16:00:00+00:00,1.26295,1.26524,1.2618,1.26499,37381
2024-12-02 20:00:00+00:00,1.2649,1.26688,1.26463,1.2657,17566
2024-12-03 00:00:00+00:00,1.26575,1.26584,1.26387,1.2646,29334
2024-12-03 04:00:00+00:00,1.26463,1.26701,1.264,1.26625,26768
2024-12-03 08:00:00+00:00,1.2664,1.26964,1.26599,1.26624,39914
2024-12-03 12:00:00+00:00,1.26634,1.26724,1.26381,1.26619,46794
2024-12-03 16:00:00+00:00,1.26624,1.26992,1.26523,1.26676,36577
2024-12-03 20:00:00+00:00,1.26686,1.26764,1.26668,1.26737,16114
2024-12-04 00:00:00+00:00,1.26738,1.2678,1.2652,1.26553,27565
2024-12-04 04:00:00+00:00,1.26544,1.27007,1.2653,1.26813,28506
2024-12-04 08:00:00+00:00,1.26872,1.26949,1.26362,1.26797,43764
2024-12-04 12:00:00+00:00,1.26791,1.2709,1.2661,1.27074,48994
2024-12-04 16:00:00+00:00,1.27073,1.27203,1.2688,1.27002,37722
2024-12-04 20:00:00+00:00,1.26998,1.2708,1.26953,1.27004,14926
2024-12-05 00:00:00+00:00,1.26971,1.27092,1.26936,1.27089,23790
2024-12-05 04:00:00+00:00,1.27092,1.27307,1.2701,1.27296,25198
2024-12-05 08:00:00+00:00,1.27327,1.27397,1.27141,1.27317,34879
2024-12-05 12:00:00+00:00,1.27294,1.27693,1.2714,1.27562,47568
2024-12-05 16:00:00+00:00,1.27558,1.27612,1.2732,1.27561,34324
2024-12-05 20:00:00+00:00,1.27557,1.27613,1.27495,1.276,13871
2024-12-06 00:00:00+00:00,1.27593,1.27593,1.2739,1.27505,23020
2024-12-06 04:00:00+00:00,1.27507,1.27643,1.27415,1.27637,23197
2024-12-06 08:00:00+00:00,1.27642,1.27729,1.275,1.27698,32976
2024-12-06 12:00:00+00:00,1.2768,1.28073,1.27291,1.27437,53547
2024-12-06 16:00:00+00:00,1.27422,1.27547,1.27223,1.27348,34411
2024-12-06 20:00:00+00:00,1.2737,1.2743,1.2735,1.274,9972
2024-12-08 20:00:00+00:00,1.27324,1.27496,1.2732,1.27476,1944
2024-12-09 00:00:00+00:00,1.27452,1.27452,1.27233,1.27233,17774
2024-12-09 04:00:00+00:00,1.27221,1.27619,1.27171,1.27619,26201
2024-12-09 08:00:00+00:00,1.27615,1.27826,1.27562,1.27651,35116
2024-12-09 12:00:00+00:00,1.27647,1.27983,1.2752,1.27952,40593
2024-12-09 16:00:00+00:00,1.27974,1.27974,1.27489,1.27533,29172
2024-12-09 20:00:00+00:00,1.27558,1.27558,1.27373,1.2747,14731
2024-12-10 00:00:00+00:00,1.27479,1.27532,1.27373,1.27472,24218
2024-12-10 04:00:00+00:00,1.27483,1.27627,1.27409,1.27409,24872
2024-12-10 08:00:00+00:00,1.2744,1.27656,1.27372,1.2759,35945
2024-12-10 12:00:00+00:00,1.27591,1.27615,1.27248,1.27384,41790
2024-12-10 16:00:00+00:00,1.27396,1.27772,1.27374,1.27735,32196
2024-12-10 20:00:00+00:00,1.27727,1.27792,1.276,1.2779,15865
2024-12-11 00:00:00+00:00,1.27794,1.27813,1.2771,1.27732,24005
2024-12-11 04:00:00+00:00,1.27726,1.27742,1.27318,1.27332,26440
2024-12-11 08:00:00+00:00,1.27335,1.27557,1.27146,1.27352,38392
2024-12-11 12:00:00+00:00,1.27385,1.27801,1.2733,1.27435,51158
2024-12-11 16:00:00+00:00,1.27434,1.27655,1.27334,1.27448,37038
2024-12-11 20:00:00+00:00,1.27455,1.27652,1.2711,1.2763,16072
2024-12-12 00:00:00+00:00,1.27642,1.27711,1.27608,1.27656,24307
2024-12-12 04:00:00+00:00,1.27652,1.27859,1.2761,1.27627,23852
2024-12-12 08:00:00+00:00,1.27647,1.27672,1.27375,1.27401,36511
2024-12-12 12:00:00+00:00,1.27361,1.27412,1.2673,1.26893,54019
2024-12-12 16:00:00+00:00,1.26904,1.27191,1.267,1.26703,39633
2024-12-12 20:00:00+00:00,1.26713,1.2683,1.26664,1.26748,16939
2024-12-13 00:00:00+00:00,1.26763,1.26784,1.266,1.26611,23235
2024-12-13 04:00:00+00:00,1.26598,1.26648,1.26218,1.26266,25428
2024-12-13 08:00:00+00:00,1.2628,1.26539,1.26224,1.26447,35679
2024-12-13 12:00:00+00:00,1.26439,1.26672,1.2608,1.26125,41911
2024-12-13 16:00:00+00:00,1.26143,1.26344,1.2614,1.26165,19660
2024-12-13 20:00:00+00:00,1.26175,1.26236,1.261,1.261,11414
2024-12-15 20:00:00+00:00,1.26085,1.26264,1.26085,1.26258,1662
2024-12-16 00:00:00+00:00,1.26288,1.26388,1.26267,1.2631,16046
2024-12-16 04:00:00+00:00,1.26327,1.26407,1.2631,1.26327,19441
2024-12-16 08:00:00+00:00,1.2631,1.26701,1.26287,1.26481,33478
2024-12-16 12:00:00+00:00,1.26484,1.26917,1.2641,1.26904,39463
2024-12-16 16:00:00+00:00,1.26914,1.26979,1.26776,1.26835,31020
2024-12-16 20:00:00+00:00,1.26826,1.26919,1.26782,1.2688,13266
2024-12-17 00:00:00+00:00,1.26925,1.2697,1.26823,1.26827,19971
2024-12-17 04:00:00+00:00,1.26827,1.27046,1.26664,1.26986,24217
2024-12-17 08:00:00+00:00,1.2701,1.27045,1.2671,1.26992,36415
2024-12-17 12:00:00+00:00,1.27007,1.27146,1.2685,1.27099,42953
2024-12-17 16:00:00+00:00,1.27116,1.27273,1.2702,1.27104,33786
2024-12-17 20:00:00+00:00,1.2709,1.272,1.2684,1.27099,13382
2024-12-18 00:00:00+00:00,1.271,1.2713,1.26965,1.26966,21516
2024-12-18 04:00:00+00:00,1.26958,1.27133,1.2685,1.26917,22415
2024-12-18 08:00:00+00:00,1.26902,1.27215,1.26816,1.27071,34589
2024-12-18 12:00:00+00:00,1.27078,1.27197,1.26866,1.26924,40611
2024-12-18 16:00:00+00:00,1.26906,1.2718,1.25939,1.25939,42186
2024-12-18 20:00:00+00:00,1.2596,1.25984,1.25632,1.2567,30145
2024-12-19 00:00:00+00:00,1.2571,1.25954,1.2568,1.25874,31095
2024-12-19 04:00:00+00:00,1.25864,1.26136,1.25815,1.26136,30317
2024-12-19 08:00:00+00:00,1.26074,1.26646,1.2606,1.26292,42779
2024-12-19 12:00:00+00:00,1.25956,1.26191,1.25452,1.25503,52134
2024-12-19 16:00:00+00:00,1.25465,1.2563,1.2504,1.25041,41960
2024-12-19 20:00:00+00:00,1.25057,1.25107,1.2494,1.24969,17484
2024-12-20 00:00:00+00:00,1.25008,1.25008,1.2474,1.24798,25283
2024-12-20 04:00:00+00:00,1.24807,1.2509,1.2476,1.25034,28915
2024-12-20 08:00:00+00:00,1.25017,1.25197,1.24917,1.2505,36618
2024-12-20 12:00:00+00:00,1.2505,1.25602,1.25039,1.25404,46390
2024-12-20 16:00:00+00:00,1.25391,1.26113,1.25391,1.25983,39340
2024-12-20 20:00:00+00:00,1.2596,1.26032,1.25648,1.2569,12863
2024-12-22 20:00:00+00:00,1.25666,1.25731,1.25577,1.25694,1615
2024-12-23 00:00:00+00:00,1.25729,1.25872,1.257,1.25779,17461
2024-12-23 04:00:00+00:00,1.25781,1.2584,1.25556,1.25585,21972
2024-12-23 08:00:00+00:00,1.25589,1.25823,1.2529,1.25326,31526
2024-12-23 12:00:00+00:00,1.25335,1.25372,1.25124,1.25177,38948
2024-12-23 16:00:00+00:00,1.25191,1.25363,1.25097,1.25349,32369
2024-12-23 20:00:00+00:00,1.25372,1.254,1.25289,1.25319,16803
2024-12-24 00:00:00+00:00,1.25344,1.2542,1.25259,1.25311,18429
2024-12-24 04:00:00+00:00,1.25322,1.25401,1.2531,1.25318,19474
2024-12-24 08:00:00+00:00,1.25338,1.2544,1.25251,1.25334,25872
2024-12-24 12:00:00+00:00,1.25334,1.25738,1.253,1.25393,32902
2024-12-24 16:00:00+00:00,1.25408,1.25433,1.2519,1.2532,20531
2024-12-24 20:00:00+00:00,1.25318,1.25491,1.2525,1.2534,2983
2024-12-25 00:00:00+00:00,1.2533,1.255,1.25119,1.2543,834
2024-12-25 04:00:00+00:00,1.2542,1.2595,1.25302,1.2568,961
2024-12-25 08:00:00+00:00,1.256,1.2702,1.14188,1.14228,112
2024-12-25 12:00:00+00:00,1.14288,1.14288,1.14178,1.14178,4
2024-12-25 16:00:00+00:00,1.14068,1.2607,1.14068,1.2548,102
2024-12-25 20:00:00+00:00,1.2546,1.2559,1.25351,1.25424,4808
2024-12-26 00:00:00+00:00,1.25437,1.2549,1.2538,1.2545,15549
2024-12-26 04:00:00+00:00,1.2543,1.25472,1.2522,1.25304,14981
2024-12-26 08:00:00+00:00,1.25313,1.25345,1.25232,1.25305,18566
2024-12-26 12:00:00+00:00,1.25296,1.25306,1.25017,1.25094,31564
2024-12-26 16:00:00+00:00,1.25092,1.25355,1.25091,1.25253,28351
2024-12-26 20:00:00+00:00,1.2524,1.25314,1.25145,1.25274,15081
2024-12-27 00:00:00+00:00,1.25282,1.25303,1.25181,1.25256,22688
2024-12-27 04:00:00+00:00,1.25262,1.25317,1.25182,1.25301,21599
2024-12-27 08:00:00+00:00,1.25311,1.25552,1.25052,1.2552,30488
2024-12-27 12:00:00+00:00,1.25489,1.25887,1.25489,1.2576,39679
2024-12-27 16:00:00+00:00,1.25807,1.25915,1.25552,1.2581,33373
2024-12-27 20:00:00+00:00,1.25798,1.25811,1.2562,1.2576,12701
2024-12-29 20:00:00+00:00,1.25711,1.25865,1.25627,1.2577,989
2024-12-30 00:00:00+00:00,1.25743,1.25833,1.25725,1.25792,13885
2024-12-30 04:00:00+00:00,1.25788,1.25885,1.25717,1.25799,20145
2024-12-30 08:00:00+00:00,1.25777,1.2606,1.25628,1.25983,29321
2024-12-30 12:00:00+00:00,1.25965,1.2605,1.25074,1.25122,42131
2024-12-30 16:00:00+00:00,1.25125,1.25566,1.25083,1.25435,34119
2024-12-30 20:00:00+00:00,1.25415,1.2557,1.2528,1.25478,14162
2024-12-31 00:00:00+00:00,1.25474,1.25596,1.2537,1.25514,16464
2024-12-31 04:00:00+00:00,1.25508,1.2565,1.25426,1.25614,17180
2024-12-31 08:00:00+00:00,1.25579,1.25675,1.2533,1.25386,33091
2024-12-31 12:00:00+00:00,1.25368,1.25527,1.25201,1.25275,42501
2024-12-31 16:00:00+00:00,1.25256,1.2528,1.25064,1.25151,21309
2024-12-31 20:00:00+00:00,1.25151,1.25151,1.25151,1.25151,1
2025-01-01 20:00:00+00:00,1.2514,1.25194,1.25049,1.25194,3959
2025-01-02 00:00:00+00:00,1.2518,1.25363,1.25093,1.25363,19590
2025-01-02 04:00:00+00:00,1.25367,1.25403,1.25208,1.25213,18372
2025-01-02 08:00:00+00:00,1.25225,1.25225,1.24357,1.24535,38360
2025-01-02 12:00:00+00:00,1.2455,1.2455,1.23707,1.23747,46679
2025-01-02 16:00:00+00:00,1.23737,1.23792,1.23566,1.23686,40737
2025-01-02 20:00:00+00:00,1.23705,1.2386,1.23637,1.23795,13476
2025-01-03 00:00:00+00:00,1.23788,1.23955,1.2378,1.23938,16337
2025-01-03 04:00:00+00:00,1.23935,1.24055,1.23862,1.23997,19792
2025-01-03 08:00:00+00:00,1.24009,1.24163,1.23869,1.24068,32461
2025-01-03 12:00:00+00:00,1.24086,1.24143,1.23886,1.24045,39158
2025-01-03 16:00:00+00:00,1.24034,1.24337,1.24021,1.24273,30750
2025-01-03 20:00:00+00:00,1.24252,1.2434,1.24199,1.242,9695
2025-01-05 20:00:00+00:00,1.24131,1.24334,1.24131,1.2424,1797
2025-01-06 00:00:00+00:00,1.24226,1.24413,1.24178,1.24355,15407
2025-01-06 04:00:00+00:00,1.24364,1.24557,1.24324,1.24523,18243
2025-01-06 08:00:00+00:00,1.2453,1.25462,1.2453,1.25434,43960
2025-01-06 12:00:00+00:00,1.25462,1.25501,1.24702,1.25081,55810
2025-01-06 16:00:00+00:00,1.25049,1.25328,1.25028,1.25124,31559
2025-01-06 20:00:00+00:00,1.25141,1.2523,1.2497,1.251,12125
2025-01-07 00:00:00+00:00,1.25099,1.25326,1.2504,1.25326,20100
2025-01-07 04:00:00+00:00,1.25333,1.25626,1.2529,1.25518,22716
2025-01-07 08:00:00+00:00,1.25525,1.25742,1.25327,1.25397,36206
2025-01-07 12:00:00+00:00,1.254,1.25476,1.24821,1.24975,46439
2025-01-07 16:00:00+00:00,1.24992,1.25057,1.24841,1.24901,40754
2025-01-07 20:00:00+00:00,1.24889,1.24896,1.24717,1.24753,13104
2025-01-08 00:00:00+00:00,1.24759,1.2488,1.24759,1.24782,18868
2025-01-08 04:00:00+00:00,1.24781,1.24937,1.24637,1.24682,20453
2025-01-08 08:00:00+00:00,1.24686,1.24699,1.23306,1.23723,42401
2025-01-08 12:00:00+00:00,1.23724,1.23724,1.2323,1.2343,52005
2025-01-08 16:00:00+00:00,1.23405,1.23754,1.23344,1.23573,38325
2025-01-08 20:00:00+00:00,1.23602,1.2372,1.23522,1.23579,12820
2025-01-09 00:00:00+00:00,1.23592,1.23645,1.23438,1.23438,19342
2025-01-09 04:00:00+00:00,1.23431,1.23445,1.22555,1.22587,27700
2025-01-09 08:00:00+00:00,1.22637,1.23028,1.22423,1.22886,42581
2025-01-09 12:00:00+00:00,1.22866,1.2322,1.22716,1.23028,38869
2025-01-09 16:00:00+00:00,1.23013,1.2312,1.22897,1.23085,24692
2025-01-09 20:00:00+00:00,1.23086,1.23147,1.22977,1.22983,10020
2025-01-10 00:00:00+00:00,1.2303,1.23074,1.22937,1.23007,18208
2025-01-10 04:00:00+00:00,1.23025,1.23031,1.22676,1.22904,21181
2025-01-10 08:00:00+00:00,1.22883,1.23068,1.2284,1.23019,34381
2025-01-10 12:00:00+00:00,1.23007,1.23217,1.22016,1.22297,57963
2025-01-10 16:00:00+00:00,1.22287,1.223,1.21955,1.221,43295
2025-01-10 20:00:00+00:00,1.22078,1.22136,1.22025,1.2206,11054
2025-01-12 20:00:00+00:00,1.21929,1.22095,1.21929,1.22033,1732
2025-01-13 00:00:00+00:00,1.22038,1.2207,1.2138,1.21423,18547
2025-01-13 04:00:00+00:00,1.21464,1.21599,1.21236,1.21381,25083
2025-01-13 08:00:00+00:00,1.21418,1.21694,1.21034,1.21098,45707
2025-01-13 12:00:00+00:00,1.21143,1.21578,1.21005,1.21514,47882
2025-01-13 16:00:00+00:00,1.21487,1.21827,1.21433,1.2167,36365
2025-01-13 20:00:00+00:00,1.21664,1.22482,1.21664,1.22311,19318
2025-01-14 08:00:00+00:00,1.21905,1.21924,1.21712,1.21765,19244
2025-01-14 12:00:00+00:00,1.21757,1.22021,1.21382,1.22003,49812
2025-01-14 16:00:00+00:00,1.21997,1.22124,1.21688,1.21991,38256
2025-01-14 20:00:00+00:00,1.22001,1.22159,1.21843,1.22105,15154
2025-01-15 00:00:00+00:00,1.22094,1.22094,1.2193,1.22032,18195
2025-01-15 04:00:00+00:00,1.22022,1.22409,1.21769,1.22335,25540
2025-01-15 08:00:00+00:00,1.2228,1.22371,1.22005,1.22244,34946
2025-01-15 12:00:00+00:00,1.22215,1.23059,1.22023,1.22579,50060
2025-01-15 16:00:00+00:00,1.22548,1.22565,1.21991,1.22306,35763
2025-01-15 20:00:00+00:00,1.22308,1.22446,1.22302,1.22423,12427
2025-01-16 00:00:00+00:00,1.22411,1.22475,1.22196,1.22259,23078
2025-01-16 04:00:00+00:00,1.22257,1.2231,1.22018,1.22189,23854
2025-01-16 08:00:00+00:00,1.2217,1.22223,1.2191,1.22096,34926
2025-01-16 12:00:00+00:00,1.22073,1.22367,1.21755,1.22341,50440
2025-01-16 16:00:00+00:00,1.22339,1.22593,1.22183,1.22352,40388
2025-01-16 20:00:00+00:00,1.2233,1.2244,1.2226,1.2234,13545
2025-01-17 00:00:00+00:00,1.22332,1.22432,1.2229,1.22329,16581
2025-01-17 04:00:00+00:00,1.22335,1.22335,1.2163,1.2174,23334
2025-01-17 08:00:00+00:00,1.21792,1.22165,1.21792,1.21962,34378
2025-01-17 12:00:00+00:00,1.21949,1.22242,1.21621,1.21977,48978
2025-01-17 16:00:00+00:00,1.21973,1.21976,1.21652,1.21679,33143
2025-01-17 20:00:00+00:00,1.21685,1.21743,1.21653,1.2166,11092
2025-01-19 20:00:00+00:00,1.2172,1.21748,1.21603,1.21746,1488
2025-01-20 00:00:00+00:00,1.21803,1.22044,1.21746,1.22044,17121
2025-01-20 04:00:00+00:00,1.22034,1.22208,1.22005,1.22148,20342
2025-01-20 08:00:00+00:00,1.22112,1.22178,1.2166,1.2206,34447
2025-01-20 12:00:00+00:00,1.22041,1.2323,1.21877,1.22923,48699
2025-01-20 16:00:00+00:00,1.22865,1.23378,1.22611,1.23354,30800
2025-01-20 20:00:00+00:00,1.2338,1.23423,1.23179,1.23315,20736
2025-01-21 00:00:00+00:00,1.23317,1.23445,1.22509,1.22947,40085
2025-01-21 04:00:00+00:00,1.22976,1.2308,1.22568,1.22668,25834
2025-01-21 08:00:00+00:00,1.22658,1.22664,1.22304,1.2236,40297
2025-01-21 12:00:00+00:00,1.22349,1.23122,1.22345,1.22996,49869
2025-01-21 16:00:00+00:00,1.22994,1.23394,1.22987,1.23273,35609
2025-01-21 20:00:00+00:00,1.2325,1.23566,1.23217,1.2338,18615
2025-01-22 00:00:00+00:00,1.23386,1.23526,1.23283,1.23319,23270
2025-01-22 04:00:00+00:00,1.23331,1.23476,1.23114,1.23185,23469
2025-01-22 08:00:00+00:00,1.23181,1.23739,1.23166,1.23549,39245
2025-01-22 12:00:00+00:00,1.23589,1.23681,1.2313,1.23177,44192
2025-01-22 16:00:00+00:00,1.2316,1.23306,1.23085,1.23256,32405
2025-01-22 20:00:00+00:00,1.23242,1.23286,1.23061,1.23135,14833
2025-01-23 00:00:00+00:00,1.23157,1.23227,1.23017,1.23147,21709
2025-01-23 04:00:00+00:00,1.2316,1.23206,1.2298,1.23049,22606
2025-01-23 08:00:00+00:00,1.23026,1.23303,1.22938,1.23081,34650
2025-01-23 12:00:00+00:00,1.23066,1.2335,1.23003,1.23232,43672
2025-01-23 16:00:00+00:00,1.2325,1.23749,1.23061,1.23594,43587
2025-01-23 20:00:00+00:00,1.23561,1.2365,1.2336,1.23538,15997
2025-01-24 00:00:00+00:00,1.2351,1.24032,1.23489,1.23928,26974
2025-01-24 04:00:00+00:00,1.23924,1.24167,1.23778,1.23868,31384
2025-01-24 08:00:00+00:00,1.23862,1.24451,1.2384,1.24151,39469
2025-01-24 12:00:00+00:00,1.24128,1.24847,1.24013,1.24828,44074
2025-01-24 16:00:00+00:00,1.24853,1.25012,1.24793,1.24828,34256
2025-01-24 20:00:00+00:00,1.24791,1.24888,1.2478,1.2482,12117
2025-01-26 20:00:00+00:00,1.24648,1.24677,1.24562,1.24571,1990
2025-01-27 00:00:00+00:00,1.24567,1.24639,1.2442,1.24551,20631
2025-01-27 04:00:00+00:00,1.24565,1.24594,1.2429,1.2429,26725
2025-01-27 08:00:00+00:00,1.24266,1.25143,1.24266,1.2497,46006
2025-01-27 12:00:00+00:00,1.24987,1.25207,1.24699,1.24733,47558
2025-01-27 16:00:00+00:00,1.24739,1.24902,1.24678,1.24898,39526
2025-01-27 20:00:00+00:00,1.24893,1.24998,1.244,1.24505,22764
2025-01-28 00:00:00+00:00,1.2458,1.24639,1.24396,1.244,29214
2025-01-28 04:00:00+00:00,1.2441,1.2452,1.2426,1.24372,24252
2025-01-28 08:00:00+00:00,1.24354,1.2454,1.2426,1.2426,36436
2025-01-28 12:00:00+00:00,1.24224,1.24469,1.24155,1.24322,42398
2025-01-28 16:00:00+00:00,1.24353,1.24444,1.24233,1.24434,35706
2025-01-28 20:00:00+00:00,1.24405,1.24445,1.24331,1.24402,16302
2025-01-29 00:00:00+00:00,1.24426,1.245,1.2433,1.24472,19889
2025-01-29 04:00:00+00:00,1.24484,1.24617,1.24473,1.24484,24170
2025-01-29 08:00:00+00:00,1.24505,1.24551,1.24105,1.24192,36668
2025-01-29 12:00:00+00:00,1.24188,1.24445,1.23941,1.24337,46180
2025-01-29 16:00:00+00:00,1.2436,1.24573,1.2417,1.24439,47017
2025-01-29 20:00:00+00:00,1.24431,1.24579,1.2436,1.2455,21448
2025-01-30 00:00:00+00:00,1.24541,1.24595,1.2445,1.24512,15308
2025-01-30 04:00:00+00:00,1.24517,1.24534,1.24319,1.24519,21125
2025-01-30 08:00:00+00:00,1.24503,1.24623,1.24252,1.24276,34999
2025-01-30 12:00:00+00:00,1.24263,1.24735,1.24253,1.24662,48881
2025-01-30 16:00:00+00:00,1.24708,1.24708,1.2436,1.2459,31971
2025-01-30 20:00:00+00:00,1.24578,1.24635,1.2409,1.24217,19829
2025-01-31 00:00:00+00:00,1.24244,1.24293,1.24116,1.24168,16672
2025-01-31 04:00:00+00:00,1.24162,1.24391,1.2414,1.24351,24373
2025-01-31 08:00:00+00:00,1.24345,1.2438,1.24027,1.24083,36228
2025-01-31 12:00:00+00:00,1.24111,1.24301,1.23885,1.24253,43270
2025-01-31 16:00:00+00:00,1.24227,1.24702,1.23869,1.23997,50709
2025-01-31 20:00:00+00:00,1.23984,1.24097,1.23874,1.2393,19566
2025-02-02 20:00:00+00:00,1.22739,1.23177,1.22739,1.22895,4447
2025-02-03 00:00:00+00:00,1.22923,1.23104,1.22498,1.22622,30338
2025-02-03 04:00:00+00:00,1.22705,1.23001,1.22497,1.22839,36324
2025-02-03 08:00:00+00:00,1.2277,1.23217,1.2277,1.2319,42227
2025-02-03 12:00:00+00:00,1.2318,1.24275,1.23166,1.24124,57042
2025-02-03 16:00:00+00:00,1.24135,1.24344,1.23813,1.23943,53612
2025-02-03 20:00:00+00:00,1.23953,1.24528,1.23947,1.2433,18731
2025-02-04 00:00:00+00:00,1.24364,1.24364,1.2409,1.24137,20647
2025-02-04 04:00:00+00:00,1.24131,1.24201,1.23809,1.24153,33070
2025-02-04 08:00:00+00:00,1.24126,1.24356,1.2403,1.24041,41171
2025-02-04 12:00:00+00:00,1.24014,1.24847,1.2396,1.24764,46839
2025-02-04 16:00:00+00:00,1.24769,1.24911,1.2472,1.24818,39293
2025-02-04 20:00:00+00:00,1.2481,1.2489,1.24704,1.24751,15174
2025-02-05 00:00:00+00:00,1.2478,1.2488,1.24689,1.24739,19235
2025-02-05 04:00:00+00:00,1.24736,1.25046,1.2463,1.25014,26824
2025-02-05 08:00:00+00:00,1.25009,1.25489,1.24929,1.25317,38634
2025-02-05 12:00:00+00:00,1.25296,1.25442,1.25051,1.2518,46864
2025-02-05 16:00:00+00:00,1.25163,1.25215,1.2503,1.25056,33770
2025-02-05 20:00:00+00:00,1.25047,1.2507,1.2498,1.2501,13638
2025-02-06 00:00:00+00:00,1.25023,1.25091,1.24897,1.24941,16561
2025-02-06 04:00:00+00:00,1.24944,1.24958,1.2471,1.24737,23597
2025-02-06 08:00:00+00:00,1.24699,1.2474,1.24097,1.24233,37295
2025-02-06 12:00:00+00:00,1.23733,1.24202,1.23664,1.24134,49368
2025-02-06 16:00:00+00:00,1.24163,1.24552,1.24152,1.24357,35131
2025-02-06 20:00:00+00:00,1.24353,1.24404,1.24267,1.24339,12507
2025-02-07 00:00:00+00:00,1.24363,1.24421,1.2423,1.24278,14890
2025-02-07 04:00:00+00:00,1.24276,1.24457,1.2418,1.24412,20427
2025-02-07 08:00:00+00:00,1.24413,1.24668,1.24401,1.24534,30827
2025-02-07 12:00:00+00:00,1.24523,1.24664,1.24048,1.24243,48806
2025-02-07 16:00:00+00:00,1.24173,1.24218,1.23832,1.24131,47040
2025-02-07 20:00:00+00:00,1.2411,1.24166,1.23972,1.2409,12980
2025-02-09 20:00:00+00:00,1.23786,1.2394,1.23657,1.2389,1812
2025-02-10 00:00:00+00:00,1.23912,1.24001,1.2379,1.2396,18525
2025-02-10 04:00:00+00:00,1.23961,1.24133,1.23948,1.24044,23327
2025-02-10 08:00:00+00:00,1.24047,1.24205,1.2392,1.24021,35117
2025-02-10 12:00:00+00:00,1.2402,1.2402,1.23721,1.23892,37323
2025-02-10 16:00:00+00:00,1.23887,1.23934,1.23639,1.23665,27136
2025-02-10 20:00:00+00:00,1.23682,1.237,1.23541,1.23594,10747
2025-02-11 00:00:00+00:00,1.2361,1.2365,1.2345,1.23529,15367
2025-02-11 04:00:00+00:00,1.2353,1.2365,1.23391,1.23391,22019
2025-02-11 08:00:00+00:00,1.23373,1.23776,1.23326,1.23663,33225
2025-02-11 12:00:00+00:00,1.23667,1.24165,1.23603,1.2405,37619
2025-02-11 16:00:00+00:00,1.24052,1.24471,1.24052,1.24376,30317
2025-02-11 20:00:00+00:00,1.24385,1.2451,1.24319,1.24496,13778
2025-02-12 00:00:00+00:00,1.2449,1.24578,1.24378,1.24501,15869
2025-02-12 04:00:00+00:00,1.24491,1.24591,1.24404,1.24571,22864
2025-02-12 08:00:00+00:00,1.2456,1.24634,1.24362,1.24563,33123
2025-02-12 12:00:00+00:00,1.2455,1.24578,1.2377,1.2433,49057
2025-02-12 16:00:00+00:00,1.24323,1.2483,1.24044,1.2446,43645
2025-02-12 20:00:00+00:00,1.24446,1.24516,1.24353,1.24497,13140
2025-02-13 00:00:00+00:00,1.24503,1.24793,1.24429,1.2475,19553
2025-02-13 04:00:00+00:00,1.2478,1.25155,1.2478,1.25092,29331
2025-02-13 08:00:00+00:00,1.25068,1.25068,1.2471,1.24753,36964
2025-02-13 12:00:00+00:00,1.24726,1.25249,1.2455,1.25232,48654
2025-02-13 16:00:00+00:00,1.25206,1.25438,1.24859,1.2537,42717
2025-02-13 20:00:00+00:00,1.25346,1.25688,1.25346,1.2564,15426
2025-02-14 00:00:00+00:00,1.25643,1.25709,1.25554,1.25579,16792
2025-02-14 04:00:00+00:00,1.25581,1.2575,1.25493,1.25628,24521
2025-02-14 08:00:00+00:00,1.25643,1.25953,1.25643,1.25815,35850
2025-02-14 12:00:00+00:00,1.25781,1.26292,1.25729,1.26177,43282
2025-02-14 16:00:00+00:00,1.26163,1.26215,1.2593,1.2595,29101
2025-02-14 20:00:00+00:00,1.25933,1.25933,1.25828,1.2585,10213
2025-02-16 20:00:00+00:00,1.25795,1.25876,1.25774,1.25834,2094
2025-02-17 00:00:00+00:00,1.25839,1.25997,1.258,1.25913,17990
2025-02-17 04:00:00+00:00,1.25913,1.25989,1.25829,1.25953,25999
2025-02-17 08:00:00+00:00,1.25968,1.26066,1.25848,1.2601,28549
2025-02-17 12:00:00+00:00,1.26017,1.26074,1.25848,1.26063,25221
2025-02-17 16:00:00+00:00,1.26078,1.26343,1.26035,1.26272,14742
2025-02-17 20:00:00+00:00,1.26275,1.26288,1.2613,1.26202,9185
2025-02-18 00:00:00+00:00,1.26208,1.26208,1.25993,1.26022,17421
2025-02-18 04:00:00+00:00,1.26027,1.26208,1.2592,1.26144,23565
2025-02-18 08:00:00+00:00,1.26186,1.26217,1.25916,1.26004,29149
2025-02-18 12:00:00+00:00,1.26002,1.26193,1.25836,1.26152,35585
2025-02-18 16:00:00+00:00,1.26148,1.26181,1.2592,1.2596,25682
2025-02-18 20:00:00+00:00,1.25953,1.2638,1.25953,1.26238,11633
2025-02-19 00:00:00+00:00,1.26215,1.26276,1.26075,1.26154,17625
2025-02-19 04:00:00+00:00,1.26163,1.26296,1.26106,1.26183,22419
2025-02-19 08:00:00+00:00,1.26169,1.26291,1.25769,1.25845,30899
2025-02-19 12:00:00+00:00,1.25804,1.26041,1.2576,1.25898,37028
2025-02-19 16:00:00+00:00,1.25889,1.25896,1.2564,1.25841,31790
2025-02-19 20:00:00+00:00,1.25836,1.2588,1.25779,1.2583,11896
2025-02-20 00:00:00+00:00,1.25841,1.25943,1.25809,1.25919,18226
2025-02-20 04:00:00+00:00,1.2592,1.26016,1.25886,1.25955,20753
2025-02-20 08:00:00+00:00,1.25955,1.26196,1.25955,1.26087,29884
2025-02-20 12:00:00+00:00,1.26093,1.26433,1.25992,1.26404,42031
2025-02-20 16:00:00+00:00,1.26373,1.26702,1.26327,1.26693,33184
2025-02-20 20:00:00+00:00,1.26675,1.2673,1.2657,1.2668,11263
2025-02-21 00:00:00+00:00,1.26683,1.26727,1.26537,1.26696,18349
2025-02-21 04:00:00+00:00,1.2668,1.26776,1.26566,1.26694,24237
2025-02-21 08:00:00+00:00,1.26689,1.26698,1.26421,1.26451,31562
2025-02-21 12:00:00+00:00,1.26451,1.2664,1.26302,1.26373,38326
2025-02-21 16:00:00+00:00,1.264,1.26494,1.26251,1.26309,36280
2025-02-21 20:00:00+00:00,1.26306,1.26358,1.26264,1.263,11439
2025-02-23 20:00:00+00:00,1.26404,1.26568,1.26291,1.26484,1728
2025-02-24 00:00:00+00:00,1.26445,1.26896,1.26445,1.26803,21365
2025-02-24 04:00:00+00:00,1.26814,1.26814,1.26382,1.26439,25307
2025-02-24 08:00:00+00:00,1.26437,1.26569,1.26254,1.26396,34086
2025-02-24 12:00:00+00:00,1.26389,1.26497,1.26129,1.26202,38066
2025-02-24 16:00:00+00:00,1.26198,1.26502,1.26182,1.26323,34045
2025-02-24 20:00:00+00:00,1.26329,1.26357,1.26155,1.26167,14254
2025-02-25 00:00:00+00:00,1.26175,1.26351,1.2616,1.26321,15915
2025-02-25 04:00:00+00:00,1.2634,1.26378,1.26127,1.26127,21318
2025-02-25 08:00:00+00:00,1.2609,1.26534,1.26071,1.26534,34396
2025-02-25 12:00:00+00:00,1.26531,1.26764,1.26472,1.26536,43485
2025-02-25 16:00:00+00:00,1.26531,1.2674,1.26413,1.26693,36830
2025-02-25 20:00:00+00:00,1.26699,1.26773,1.26597,1.26714,13402
2025-02-26 00:00:00+00:00,1.26709,1.2677,1.2648,1.26493,16940
2025-02-26 04:00:00+00:00,1.2648,1.2656,1.2635,1.26484,23122
2025-02-26 08:00:00+00:00,1.26481,1.2663,1.26405,1.26486,32536
2025-02-26 12:00:00+00:00,1.26494,1.26965,1.26411,1.26947,40718
2025-02-26 16:00:00+00:00,1.26942,1.27092,1.26733,1.26842,43409
2025-02-26 20:00:00+00:00,1.26842,1.26842,1.2669,1.26801,14277
2025-02-27 00:00:00+00:00,1.26778,1.26778,1.26562,1.26562,19834
2025-02-27 04:00:00+00:00,1.26545,1.26709,1.26502,1.26662,25333
2025-02-27 08:00:00+00:00,1.2666,1.26882,1.26645,1.26726,31506
2025-02-27 12:00:00+00:00,1.26719,1.26854,1.2622,1.26271,49721
2025-02-27 16:00:00+00:00,1.2626,1.26342,1.26055,1.26077,36957
2025-02-27 20:00:00+00:00,1.26103,1.2612,1.25959,1.25959,15360
2025-02-28 00:00:00+00:00,1.25969,1.26097,1.25818,1.2584,21141
2025-02-28 04:00:00+00:00,1.25845,1.25939,1.2574,1.25884,26579
2025-02-28 08:00:00+00:00,1.25879,1.26065,1.25844,1.25945,30887
2025-02-28 12:00:00+00:00,1.25942,1.26201,1.25876,1.25922,41845
2025-02-28 16:00:00+00:00,1.25906,1.26036,1.25597,1.25716,44874
2025-02-28 20:00:00+00:00,1.25699,1.2583,1.25684,1.2578,14964
2025-03-02 20:00:00+00:00,1.25836,1.26071,1.25758,1.26019,2536
2025-03-03 00:00:00+00:00,1.26005,1.26131,1.25942,1.2602,20751
2025-03-03 04:00:00+00:00,1.26009,1.26074,1.25911,1.26013,24842
2025-03-03 08:00:00+00:00,1.26008,1.26606,1.25833,1.26606,38123
2025-03-03 12:00:00+00:00,1.26638,1.27075,1.26638,1.26986,48810
2025-03-03 16:00:00+00:00,1.26999,1.27169,1.26888,1.26902,39824
2025-03-03 20:00:00+00:00,1.26858,1.27091,1.26803,1.27012,21143
2025-03-04 00:00:00+00:00,1.27029,1.27065,1.2685,1.26869,22961
2025-03-04 04:00:00+00:00,1.26874,1.27082,1.26789,1.27039,30351
2025-03-04 08:00:00+00:00,1.26995,1.27403,1.26923,1.27394,40747
2025-03-04 12:00:00+00:00,1.27407,1.27524,1.27014,1.27163,52014
2025-03-04 16:00:00+00:00,1.27158,1.27875,1.27067,1.27875,50676
2025-03-04 20:00:00+00:00,1.27915,1.27991,1.27834,1.27951,21204
2025-03-05 00:00:00+00:00,1.27921,1.27939,1.27685,1.27864,27298
2025-03-05 04:00:00+00:00,1.27868,1.28209,1.2785,1.28209,31906
2025-03-05 08:00:00+00:00,1.2819,1.28536,1.2816,1.28234,43167
2025-03-05 12:00:00+00:00,1.28269,1.28694,1.2805,1.28672,55533
2025-03-05 16:00:00+00:00,1.28622,1.28975,1.2854,1.28967,49530
2025-03-05 20:00:00+00:00,1.28977,1.28997,1.28855,1.28895,15688
2025-03-06 00:00:00+00:00,1.28894,1.29072,1.2886,1.2886,20386
2025-03-06 04:00:00+00:00,1.28859,1.29218,1.28827,1.29088,29498
2025-03-06 08:00:00+00:00,1.29046,1.29128,1.28669,1.28794,45953
2025-03-06 12:00:00+00:00,1.28754,1.29163,1.28754,1.28903,55297
2025-03-06 16:00:00+00:00,1.28894,1.29075,1.28766,1.28941,46603
2025-03-06 20:00:00+00:00,1.28932,1.28942,1.2871,1.28827,14941
2025-03-07 00:00:00+00:00,1.2882,1.28917,1.2876,1.28866,19136
2025-03-07 04:00:00+00:00,1.2886,1.29108,1.28798,1.29041,25570
2025-03-07 08:00:00+00:00,1.29038,1.29444,1.29029,1.29197,37196
2025-03-07 12:00:00+00:00,1.29166,1.29354,1.29013,1.29228,54894
2025-03-07 16:00:00+00:00,1.29248,1.29294,1.28959,1.29206,46598
2025-03-07 20:00:00+00:00,1.2921,1.29293,1.29195,1.292,11614
2025-03-09 20:00:00+00:00,1.2897,1.29359,1.2897,1.29315,5026
2025-03-10 00:00:00+00:00,1.29306,1.2945,1.29097,1.29113,20124
2025-03-10 04:00:00+00:00,1.29108,1.2921,1.28925,1.28956,28415
2025-03-10 08:00:00+00:00,1.28961,1.29331,1.28751,1.29226,46099
2025-03-10 12:00:00+00:00,1.29239,1.29457,1.28997,1.29045,49398
2025-03-10 16:00:00+00:00,1.29052,1.29085,1.28613,1.28765,39096
2025-03-10 20:00:00+00:00,1.28785,1.288,1.28618,1.2873,9807
2025-03-11 00:00:00+00:00,1.28748,1.28944,1.28748,1.28896,22721
2025-03-11 04:00:00+00:00,1.28883,1.29161,1.28734,1.29091,33466
2025-03-11 08:00:00+00:00,1.29098,1.29398,1.29067,1.29244,40191
2025-03-11 12:00:00+00:00,1.29245,1.29549,1.29192,1.29456,51827
2025-03-11 16:00:00+00:00,1.29428,1.29639,1.29337,1.29517,43791
2025-03-11 20:00:00+00:00,1.29508,1.2957,1.29396,1.29434,8211
2025-03-12 00:00:00+00:00,1.29451,1.29451,1.29218,1.29218,15634
2025-03-12 04:00:00+00:00,1.29224,1.2932,1.2913,1.29284,25168
2025-03-12 08:00:00+00:00,1.29259,1.29586,1.2925,1.29439,36946
2025-03-12 12:00:00+00:00,1.29449,1.29765,1.2925,1.29679,50941
2025-03-12 16:00:00+00:00,1.29677,1.29824,1.29628,1.29669,33176
2025-03-12 20:00:00+00:00,1.29668,1.297,1.29553,1.29637,7323
2025-03-13 00:00:00+00:00,1.29641,1.29723,1.29573,1.29577,14828
2025-03-13 04:00:00+00:00,1.29559,1.29617,1.29422,1.29527,25366
2025-03-13 08:00:00+00:00,1.29535,1.29657,1.29296,1.29323,38469
2025-03-13 12:00:00+00:00,1.29295,1.29602,1.29216,1.29434,49894
2025-03-13 16:00:00+00:00,1.29409,1.29584,1.29366,1.29442,32997
2025-03-13 20:00:00+00:00,1.29425,1.29567,1.29407,1.29562,7574
2025-03-14 00:00:00+00:00,1.29559,1.2958,1.29358,1.29437,17972
2025-03-14 04:00:00+00:00,1.29448,1.29492,1.29181,1.29252,28725
2025-03-14 08:00:00+00:00,1.29258,1.29522,1.29201,1.29391,39919
2025-03-14 12:00:00+00:00,1.29421,1.29512,1.2913,1.29148,44446
2025-03-14 16:00:00+00:00,1.29136,1.29354,1.29136,1.29349,26548
2025-03-14 20:00:00+00:00,1.29338,1.29383,1.29218,1.2932,4690
2025-03-16 20:00:00+00:00,1.29156,1.2935,1.29156,1.29263,3582
2025-03-17 00:00:00+00:00,1.29292,1.29434,1.2927,1.29353,14735
2025-03-17 04:00:00+00:00,1.29361,1.29428,1.29279,1.29355,21406
2025-03-17 08:00:00+00:00,1.29348,1.29766,1.29312,1.29711,31310
2025-03-17 12:00:00+00:00,1.29696,1.29941,1.29587,1.29848,37077
2025-03-17 16:00:00+00:00,1.29848,1.29983,1.29821,1.2991,24262
2025-03-17 20:00:00+00:00,1.29902,1.29976,1.29807,1.29833,7127
2025-03-18 00:00:00+00:00,1.29839,1.29869,1.29703,1.29734,13626
2025-03-18 04:00:00+00:00,1.2974,1.29887,1.29679,1.2987,18333
2025-03-18 08:00:00+00:00,1.29908,1.30047,1.29649,1.29649,30093
2025-03-18 12:00:00+00:00,1.29647,1.29924,1.29533,1.29844,41445
2025-03-18 16:00:00+00:00,1.29815,1.30084,1.29776,1.30051,28818
2025-03-18 20:00:00+00:00,1.30033,1.30059,1.29943,1.3,6411
2025-03-19 00:00:00+00:00,1.29991,1.30019,1.29897,1.29938,12794
2025-03-19 04:00:00+00:00,1.29931,1.29931,1.29623,1.29707,22043
2025-03-19 08:00:00+00:00,1.29739,1.2981,1.29577,1.29769,32055
2025-03-19 12:00:00+00:00,1.29789,1.29821,1.29556,1.29665,33336
2025-03-19 16:00:00+00:00,1.29673,1.30102,1.2956,1.2997,38844
2025-03-19 20:00:00+00:00,1.29989,1.3013,1.29853,1.30095,7586
2025-03-20 00:00:00+00:00,1.30093,1.30138,1.3001,1.30074,14841
2025-03-20 04:00:00+00:00,1.3005,1.30079,1.2963,1.29716,20404
2025-03-20 08:00:00+00:00,1.29736,1.29784,1.29383,1.2953,36030
2025-03-20 12:00:00+00:00,1.29696,1.29777,1.2935,1.29728,41887
2025-03-20 16:00:00+00:00,1.29712,1.29714,1.2956,1.29655,24047
2025-03-20 20:00:00+00:00,1.2964,1.2972,1.2959,1.29644,6022
2025-03-21 00:00:00+00:00,1.29666,1.29695,1.29447,1.29456,13908
2025-03-21 04:00:00+00:00,1.29454,1.29465,1.2924,1.29354,21823
2025-03-21 08:00:00+00:00,1.29395,1.2947,1.29233,1.29456,30508
2025-03-21 12:00:00+00:00,1.29473,1.2954,1.28933,1.28933,38249
2025-03-21 16:00:00+00:00,1.28881,1.2929,1.28881,1.29185,26429
2025-03-21 20:00:00+00:00,1.29162,1.29199,1.2911,1.2915,2760
2025-03-23 20:00:00+00:00,1.28942,1.29249,1.28887,1.29249,3058
2025-03-24 00:00:00+00:00,1.29228,1.29342,1.29131,1.29131,15044
2025-03-24 04:00:00+00:00,1.29125,1.29516,1.29113,1.29477,22753
2025-03-24 08:00:00+00:00,1.29523,1.29738,1.29399,1.29445,32917
2025-03-24 12:00:00+00:00,1.29465,1.29498,1.29098,1.29114,41272
2025-03-24 16:00:00+00:00,1.2912,1.29284,1.28968,1.29209,27353
2025-03-24 20:00:00+00:00,1.29203,1.29269,1.29145,1.29222,6446
2025-03-25 00:00:00+00:00,1.29203,1.29246,1.29121,1.29243,13027
2025-03-25 04:00:00+00:00,1.29263,1.29277,1.2903,1.29054,19470
2025-03-25 08:00:00+00:00,1.29082,1.29576,1.2904,1.29424,34769
2025-03-25 12:00:00+00:00,1.29457,1.29605,1.29336,1.29476,35621
2025-03-25 16:00:00+00:00,1.29472,1.29658,1.29404,1.29465,25139
2025-03-25 20:00:00+00:00,1.29469,1.29474,1.2933,1.29447,6072
2025-03-26 00:00:00+00:00,1.2944,1.2946,1.29289,1.29356,14418
2025-03-26 04:00:00+00:00,1.29363,1.29426,1.29033,1.29112,22387
2025-03-26 08:00:00+00:00,1.29117,1.29131,1.28869,1.2897,32384
2025-03-26 12:00:00+00:00,1.28956,1.29066,1.28762,1.2886,41679
2025-03-26 16:00:00+00:00,1.28846,1.29007,1.28793,1.28879,29010
2025-03-26 20:00:00+00:00,1.28885,1.28922,1.28686,1.28769,8124
2025-03-27 00:00:00+00:00,1.28777,1.29158,1.28771,1.29109,14196
2025-03-27 04:00:00+00:00,1.29112,1.29284,1.29034,1.29126,23365
2025-03-27 08:00:00+00:00,1.29115,1.29412,1.29023,1.29308,35476
2025-03-27 12:00:00+00:00,1.29307,1.29916,1.29238,1.29618,43363
2025-03-27 16:00:00+00:00,1.29615,1.29705,1.29464,1.29487,28118
2025-03-27 20:00:00+00:00,1.29481,1.2953,1.29342,1.29509,5403
2025-03-28 00:00:00+00:00,1.2949,1.2952,1.2941,1.29457,13319
2025-03-28 04:00:00+00:00,1.2944,1.29668,1.2937,1.29505,18531
2025-03-28 08:00:00+00:00,1.29528,1.29587,1.29231,1.29294,29878
2025-03-28 12:00:00+00:00,1.2929,1.29664,1.29243,1.29413,43587
2025-03-28 16:00:00+00:00,1.29416,1.29492,1.29301,1.2945,25990
2025-03-28 20:00:00+00:00,1.29443,1.29467,1.2931,1.294,2818
2025-03-30 20:00:00+00:00,1.2928,1.29391,1.29219,1.29371,4593
2025-03-31 00:00:00+00:00,1.29391,1.29713,1.29367,1.29567,22829
2025-03-31 04:00:00+00:00,1.29561,1.29718,1.29496,1.29563,29530
2025-03-31 08:00:00+00:00,1.29587,1.29589,1.29179,1.29528,32200
2025-03-31 12:00:00+00:00,1.29531,1.29566,1.2891,1.2891,42594
2025-03-31 16:00:00+00:00,1.28896,1.29228,1.28896,1.29184,26698
2025-03-31 20:00:00+00:00,1.29176,1.29206,1.29089,1.2919,7800
2025-04-01 00:00:00+00:00,1.29202,1.29354,1.29181,1.29329,18395
2025-04-01 04:00:00+00:00,1.29326,1.29401,1.29037,1.29087,27001
2025-04-01 08:00:00+00:00,1.29074,1.29378,1.28906,1.28907,34541
2025-04-01 12:00:00+00:00,1.28945,1.29287,1.28799,1.29211,41225
2025-04-01 16:00:00+00:00,1.29179,1.2932,1.29091,1.29207,25818
2025-04-01 20:00:00+00:00,1.29194,1.29315,1.29167,1.2921,7242
2025-04-02 00:00:00+00:00,1.29192,1.29293,1.29063,1.29212,16805
2025-04-02 04:00:00+00:00,1.2921,1.29213,1.29021,1.2913,21881
2025-04-02 08:00:00+00:00,1.29131,1.29492,1.2911,1.29479,29335
2025-04-02 12:00:00+00:00,1.29496,1.29779,1.29337,1.2973,40505
2025-04-02 16:00:00+00:00,1.29737,1.29857,1.29629,1.29784,27543
2025-04-02 20:00:00+00:00,1.29789,1.30492,1.29612,1.30448,21252
2025-04-03 00:00:00+00:00,1.30435,1.30736,1.30274,1.30705,33541
2025-04-03 04:00:00+00:00,1.30698,1.3136,1.30566,1.31359,36647
2025-04-03 08:00:00+00:00,1.31393,1.32012,1.31336,1.31741,26031
2025-04-03 12:00:00+00:00,1.31743,1.31915,1.31069,1.31099,28759
2025-04-03 16:00:00+00:00,1.31078,1.31203,1.308,1.30814,17402
2025-04-03 20:00:00+00:00,1.30808,1.3107,1.30804,1.30887,8513
2025-04-04 00:00:00+00:00,1.30892,1.31084,1.30807,1.31036,15978
2025-04-04 04:00:00+00:00,1.31022,1.31113,1.30076,1.30076,19331
2025-04-04 08:00:00+00:00,1.29924,1.30313,1.29664,1.30196,32573
2025-04-04 12:00:00+00:00,1.3013,1.3047,1.29133,1.29261,38354
2025-04-04 16:00:00+00:00,1.29266,1.29274,1.28582,1.28722,25402
2025-04-04 20:00:00+00:00,1.28742,1.28998,1.2853,1.289,3323
2025-04-06 20:00:00+00:00,1.28402,1.29279,1.28278,1.29079,9587
2025-04-07 00:00:00+00:00,1.2909,1.29134,1.28514,1.28854,39337
2025-04-07 04:00:00+00:00,1.28867,1.2932,1.28853,1.28948,52991
2025-04-07 08:00:00+00:00,1.28993,1.29107,1.28041,1.28245,59878
2025-04-07 12:00:00+00:00,1.28255,1.28482,1.27253,1.27253,68329
2025-04-07 16:00:00+00:00,1.27215,1.27765,1.27126,1.27158,53822
2025-04-07 20:00:00+00:00,1.27122,1.27376,1.27081,1.2733,12149
2025-04-08 00:00:00+00:00,1.27373,1.27906,1.27373,1.27766,30856
2025-04-08 04:00:00+00:00,1.27769,1.27944,1.27506,1.27506,41247
2025-04-08 08:00:00+00:00,1.2748,1.2781,1.27256,1.2778,49957
2025-04-08 12:00:00+00:00,1.27793,1.27951,1.27447,1.27676,58058
2025-04-08 16:00:00+00:00,1.27654,1.28067,1.27568,1.27742,52543
2025-04-08 20:00:00+00:00,1.27736,1.27895,1.27548,1.27858,13520
2025-04-09 00:00:00+00:00,1.27857,1.28449,1.27759,1.28171,39644
2025-04-09 04:00:00+00:00,1.28144,1.28595,1.27932,1.28002,56260
2025-04-09 08:00:00+00:00,1.28031,1.28357,1.27739,1.27739,56266
2025-04-09 12:00:00+00:00,1.27795,1.28126,1.27539,1.27689,60079
2025-04-09 16:00:00+00:00,1.27661,1.28353,1.2743,1.2802,61129
2025-04-09 20:00:00+00:00,1.27988,1.28324,1.27945,1.28244,15566
2025-04-10 00:00:00+00:00,1.28246,1.285,1.28226,1.28461,33944
2025-04-10 04:00:00+00:00,1.2845,1.28808,1.2842,1.28768,43497
2025-04-10 08:00:00+00:00,1.28768,1.29363,1.28616,1.29318,51722
2025-04-10 12:00:00+00:00,1.29324,1.29758,1.28924,1.2938,62137
2025-04-10 16:00:00+00:00,1.29321,1.29949,1.29268,1.297,53436
2025-04-10 20:00:00+00:00,1.29671,1.29944,1.29529,1.29902,15427
2025-04-11 00:00:00+00:00,1.29928,1.30454,1.29914,1.30356,44730
2025-04-11 04:00:00+00:00,1.30327,1.30727,1.29859,1.30675,50055
2025-04-11 08:00:00+00:00,1.30638,1.31414,1.30554,1.30871,61471
2025-04-11 12:00:00+00:00,1.30884,1.31302,1.30406,1.30477,65032
2025-04-11 16:00:00+00:00,1.30418,1.3083,1.30316,1.30742,49313
2025-04-11 20:00:00+00:00,1.30729,1.3093,1.30633,1.308,6256
2025-04-13 20:00:00+00:00,1.30768,1.30886,1.30611,1.30836,6941
2025-04-14 00:00:00+00:00,1.30894,1.31274,1.30847,1.31059,33458
2025-04-14 04:00:00+00:00,1.3106,1.31728,1.30975,1.31656,38632
2025-04-14 08:00:00+00:00,1.31635,1.32007,1.31622,1.31754,39605
2025-04-14 12:00:00+00:00,1.31739,1.319,1.31242,1.31731,52956
2025-04-14 16:00:00+00:00,1.31727,1.3199,1.31662,1.31898,36423
2025-04-14 20:00:00+00:00,1.31864,1.31955,1.31674,1.3172,10017
2025-04-15 00:00:00+00:00,1.3172,1.31983,1.31643,1.3197,21040
2025-04-15 04:00:00+00:00,1.31972,1.32244,1.31856,1.32239,32806
2025-04-15 08:00:00+00:00,1.32251,1.32508,1.32186,1.32316,38062
2025-04-15 12:00:00+00:00,1.3233,1.32456,1.32074,1.32199,51134
2025-04-15 16:00:00+00:00,1.32217,1.32291,1.32063,1.3226,31920
2025-04-15 20:00:00+00:00,1.32271,1.3238,1.32158,1.32299,8006
2025-04-16 00:00:00+00:00,1.32309,1.32627,1.32309,1.32627,23046
2025-04-16 04:00:00+00:00,1.32639,1.3285,1.32567,1.32836,33182
2025-04-16 08:00:00+00:00,1.32857,1.3291,1.3258,1.32721,40902
2025-04-16 12:00:00+00:00,1.32718,1.32718,1.32272,1.32448,45802
2025-04-16 16:00:00+00:00,1.32462,1.3248,1.32143,1.32375,38370
2025-04-16 20:00:00+00:00,1.32357,1.3253,1.32307,1.32324,8747
2025-04-17 00:00:00+00:00,1.32327,1.32327,1.32045,1.32133,22493
2025-04-17 04:00:00+00:00,1.32134,1.32447,1.32041,1.32423,28819
2025-04-17 08:00:00+00:00,1.32452,1.32467,1.32198,1.32273,34249
2025-04-17 12:00:00+00:00,1.32258,1.32718,1.32212,1.32572,48424
2025-04-17 16:00:00+00:00,1.32539,1.32708,1.3247,1.32648,26222
2025-04-17 20:00:00+00:00,1.32648,1.32648,1.32648,1.32648,1
2025-04-20 20:00:00+00:00,1.32708,1.33184,1.32708,1.33138,5281
2025-04-21 00:00:00+00:00,1.3318,1.33847,1.3318,1.33812,24383
2025-04-21 04:00:00+00:00,1.33765,1.3412,1.33662,1.3411,27635
2025-04-21 08:00:00+00:00,1.34133,1.342,1.3381,1.33964,30940
2025-04-21 12:00:00+00:00,1.33985,1.34074,1.33785,1.3381,38409
2025-04-21 16:00:00+00:00,1.33809,1.3384,1.33632,1.33744,25372
2025-04-21 20:00:00+00:00,1.3375,1.3386,1.3368,1.33793,6462
2025-04-22 00:00:00+00:00,1.33784,1.34089,1.33616,1.34042,22501
2025-04-22 04:00:00+00:00,1.34039,1.34208,1.3371,1.33772,35907
2025-04-22 08:00:00+00:00,1.33774,1.33886,1.33638,1.33772,37455
2025-04-22 12:00:00+00:00,1.33776,1.33899,1.3358,1.33739,43813
2025-04-22 16:00:00+00:00,1.33712,1.33771,1.3331,1.33313,35033
2025-04-22 20:00:00+00:00,1.33302,1.3339,1.32343,1.32717,12809
2025-04-23 00:00:00+00:00,1.328,1.33157,1.32797,1.32923,27915
2025-04-23 04:00:00+00:00,1.32928,1.33271,1.32879,1.33055,34946
2025-04-23 08:00:00+00:00,1.33088,1.33381,1.32905,1.3299,39071
2025-04-23 12:00:00+00:00,1.33034,1.33182,1.32548,1.32548,53085
2025-04-23 16:00:00+00:00,1.32524,1.32759,1.3251,1.32655,35117
2025-04-23 20:00:00+00:00,1.32632,1.3272,1.32455,1.32646,8830
2025-04-24 00:00:00+00:00,1.32641,1.32853,1.32601,1.32693,20119
2025-04-24 04:00:00+00:00,1.32714,1.32943,1.32643,1.32943,27083
2025-04-24 08:00:00+00:00,1.32984,1.33203,1.3295,1.33081,32930
2025-04-24 12:00:00+00:00,1.33102,1.33304,1.32915,1.33049,41731
2025-04-24 16:00:00+00:00,1.33047,1.33438,1.33025,1.33367,26855
2025-04-24 20:00:00+00:00,1.33369,1.33482,1.33242,1.33267,7282
2025-04-25 00:00:00+00:00,1.33249,1.33249,1.32864,1.32864,21886
2025-04-25 04:00:00+00:00,1.32834,1.33125,1.32739,1.3298,32079
2025-04-25 08:00:00+00:00,1.3298,1.33176,1.32866,1.33069,28607
2025-04-25 12:00:00+00:00,1.33084,1.33296,1.33,1.33282,36624
2025-04-25 16:00:00+00:00,1.3329,1.33321,1.33173,1.3319,23560
2025-04-25 20:00:00+00:00,1.332,1.33222,1.3308,1.3309,2881
2025-04-27 20:00:00+00:00,1.3308,1.331,1.32892,1.32896,3909
2025-04-28 00:00:00+00:00,1.32932,1.33045,1.32801,1.3295,16872
2025-04-28 04:00:00+00:00,1.32935,1.3327,1.32885,1.33052,25868
2025-04-28 08:00:00+00:00,1.33062,1.33532,1.33062,1.33381,31142
2025-04-28 12:00:00+00:00,1.33401,1.34186,1.33385,1.33931,40995
2025-04-28 16:00:00+00:00,1.33936,1.34416,1.33936,1.34386,28871
2025-04-28 20:00:00+00:00,1.3438,1.34432,1.3429,1.34343,7242
2025-04-29 00:00:00+00:00,1.34345,1.34416,1.34087,1.34124,19422
2025-04-29 04:00:00+00:00,1.34126,1.34217,1.33949,1.34217,25894
2025-04-29 08:00:00+00:00,1.3419,1.34248,1.33805,1.33837,30039
2025-04-29 12:00:00+00:00,1.33836,1.34186,1.3383,1.3396,40476
2025-04-29 16:00:00+00:00,1.3396,1.34189,1.3393,1.34027,25575
2025-04-29 20:00:00+00:00,1.34034,1.34126,1.33948,1.34115,6597
2025-04-30 00:00:00+00:00,1.34107,1.34137,1.33826,1.33837,16709
2025-04-30 04:00:00+00:00,1.33833,1.34053,1.33812,1.33852,23545
2025-04-30 08:00:00+00:00,1.338,1.33872,1.33556,1.33565,30671
2025-04-30 12:00:00+00:00,1.33563,1.33653,1.33097,1.33416,49068
2025-04-30 16:00:00+00:00,1.33409,1.33575,1.33265,1.33283,28664
2025-04-30 20:00:00+00:00,1.33249,1.33312,1.3317,1.33204,8031
2025-05-01 00:00:00+00:00,1.33206,1.33252,1.32933,1.3298,14988
2025-05-01 04:00:00+00:00,1.3302,1.33068,1.32748,1.33058,25906
2025-05-01 08:00:00+00:00,1.33068,1.33453,1.33068,1.33235,27158
2025-05-01 12:00:00+00:00,1.33239,1.3338,1.32651,1.32725,43049
2025-05-01 16:00:00+00:00,1.32683,1.32862,1.32615,1.32784,25925
2025-05-01 20:00:00+00:00,1.32795,1.32916,1.3274,1.32851,7064
2025-05-02 00:00:00+00:00,1.32893,1.33095,1.3274,1.3309,18227
2025-05-02 04:00:00+00:00,1.33084,1.33207,1.32977,1.32977,27606
2025-05-02 08:00:00+00:00,1.32965,1.33144,1.32821,1.32941,32292
2025-05-02 12:00:00+00:00,1.32978,1.33293,1.32709,1.3279,50339
2025-05-02 16:00:00+00:00,1.32824,1.3296,1.32677,1.32771,30027
2025-05-02 20:00:00+00:00,1.32778,1.32782,1.32627,1.3271,2848
2025-05-04 20:00:00+00:00,1.3261,1.32754,1.32576,1.32691,3243
2025-05-05 00:00:00+00:00,1.3268,1.32992,1.3261,1.32881,18969
2025-05-05 04:00:00+00:00,1.32881,1.33053,1.32768,1.32807,26121
2025-05-05 08:00:00+00:00,1.3282,1.33247,1.32783,1.33161,29941
2025-05-05 12:00:00+00:00,1.33163,1.33357,1.328,1.3282,38193
2025-05-05 16:00:00+00:00,1.32809,1.32987,1.327,1.32928,22829
2025-05-05 20:00:00+00:00,1.32928,1.33,1.32829,1.32899,5444
2025-05-06 00:00:00+00:00,1.32911,1.3296,1.32611,1.32946,20620
2025-05-06 04:00:00+00:00,1.32951,1.33285,1.32864,1.33198,25951
2025-05-06 08:00:00+00:00,1.33199,1.33739,1.3308,1.33698,34562
2025-05-06 12:00:00+00:00,1.33695,1.34004,1.33574,1.3367,39597
2025-05-06 16:00:00+00:00,1.33664,1.33857,1.33527,1.33784,27773
2025-05-06 20:00:00+00:00,1.33787,1.33808,1.33438,1.33514,9704
2025-05-07 00:00:00+00:00,1.33552,1.33605,1.33339,1.33454,24115
2025-05-07 04:00:00+00:00,1.33463,1.33655,1.33412,1.33518,27473
2025-05-07 08:00:00+00:00,1.33519,1.33575,1.33239,1.3348,29585
2025-05-07 12:00:00+00:00,1.33471,1.33756,1.33392,1.33427,35511
2025-05-07 16:00:00+00:00,1.33392,1.3351,1.32898,1.32961,38228
2025-05-07 20:00:00+00:00,1.3293,1.3296,1.328,1.3291,7962
2025-05-08 00:00:00+00:00,1.32917,1.33554,1.32916,1.33444,22441
2025-05-08 04:00:00+00:00,1.3344,1.33469,1.3268,1.32891,32353
2025-05-08 08:00:00+00:00,1.329,1.3332,1.32491,1.3326,36963
2025-05-08 12:00:00+00:00,1.33299,1.33439,1.32738,1.32843,45438
2025-05-08 16:00:00+00:00,1.32836,1.32836,1.32367,1.3244,31535
2025-05-08 20:00:00+00:00,1.32425,1.325,1.3232,1.32384,6576
2025-05-09 00:00:00+00:00,1.32399,1.3242,1.32119,1.32311,22107
2025-05-09 04:00:00+00:00,1.3233,1.32685,1.32236,1.32622,25023
2025-05-09 08:00:00+00:00,1.3259,1.32844,1.32559,1.3276,28631
2025-05-09 12:00:00+00:00,1.32756,1.33156,1.32731,1.33155,34338
2025-05-09 16:00:00+00:00,1.33173,1.33205,1.33027,1.3311,20408
2025-05-09 20:00:00+00:00,1.33099,1.33105,1.3296,1.3304,3175
2025-05-11 20:00:00+00:00,1.32585,1.32934,1.32568,1.32842,3771
2025-05-12 00:00:00+00:00,1.32875,1.32925,1.32751,1.32906,21113
2025-05-12 04:00:00+00:00,1.3289,1.32989,1.31629,1.31689,33060
2025-05-12 08:00:00+00:00,1.31738,1.32034,1.31414,1.31765,46023
2025-05-12 12:00:00+00:00,1.31756,1.32135,1.31733,1.31913,43864
2025-05-12 16:00:00+00:00,1.31912,1.31966,1.31624,1.3177,28295
2025-05-12 20:00:00+00:00,1.31773,1.31807,1.31638,1.31775,7719
2025-05-13 00:00:00+00:00,1.31789,1.32,1.31738,1.31978,20207
2025-05-13 04:00:00+00:00,1.31971,1.32116,1.31901,1.32116,26978
2025-05-13 08:00:00+00:00,1.32135,1.32195,1.32025,1.32135,29577
2025-05-13 12:00:00+00:00,1.32155,1.32797,1.32125,1.32771,44618
2025-05-13 16:00:00+00:00,1.3278,1.33071,1.32722,1.33055,23227
2025-05-13 20:00:00+00:00,1.33059,1.33139,1.32998,1.3302,6837
2025-05-14 00:00:00+00:00,1.3303,1.33194,1.3298,1.33087,20011
2025-05-14 04:00:00+00:00,1.33112,1.33305,1.32922,1.33288,26090
2025-05-14 08:00:00+00:00,1.33292,1.33602,1.33285,1.33335,39951
2025-05-14 12:00:00+00:00,1.33354,1.33379,1.32883,1.33006,44432
2025-05-14 16:00:00+00:00,1.32989,1.33094,1.32545,1.32595,30052
2025-05-14 20:00:00+00:00,1.3261,1.3273,1.3252,1.32629,5986
2025-05-15 00:00:00+00:00,1.32633,1.32853,1.32593,1.32805,19962
2025-05-15 04:00:00+00:00,1.32808,1.33039,1.32625,1.32677,28402
2025-05-15 08:00:00+00:00,1.32631,1.32989,1.32631,1.32697,31538
2025-05-15 12:00:00+00:00,1.32759,1.33184,1.32644,1.32896,44397
2025-05-15 16:00:00+00:00,1.32911,1.33071,1.32829,1.3305,23462
2025-05-15 20:00:00+00:00,1.33062,1.33092,1.32937,1.33027,6548
2025-05-16 00:00:00+00:00,1.33034,1.3318,1.33034,1.33122,19510
2025-05-16 04:00:00+00:00,1.33119,1.33311,1.33088,1.33146,24805
2025-05-16 08:00:00+00:00,1.33118,1.3315,1.32826,1.32827,29423
2025-05-16 12:00:00+00:00,1.32811,1.32988,1.3254,1.3256,38327
2025-05-16 16:00:00+00:00,1.32579,1.32825,1.32512,1.32758,24089
2025-05-16 20:00:00+00:00,1.3275,1.32838,1.32748,1.32748,3985
2025-05-18 20:00:00+00:00,1.32992,1.33044,1.32943,1.33044,1626
2025-05-19 00:00:00+00:00,1.33054,1.33119,1.32912,1.32968,21956
2025-05-19 04:00:00+00:00,1.32967,1.3371,1.32932,1.33679,28928
2025-05-19 08:00:00+00:00,1.33675,1.34033,1.33483,1.3381,36405
2025-05-19 12:00:00+00:00,1.33824,1.33824,1.33548,1.33548,38597
2025-05-19 16:00:00+00:00,1.33535,1.33599,1.33448,1.33588,23216
2025-05-19 20:00:00+00:00,1.33589,1.3372,1.33471,1.33581,7213
2025-05-20 00:00:00+00:00,1.33572,1.33733,1.33448,1.3366,20866
2025-05-20 04:00:00+00:00,1.33695,1.33947,1.33625,1.33913,29809
2025-05-20 08:00:00+00:00,1.33928,1.33928,1.33541,1.33615,29535
2025-05-20 12:00:00+00:00,1.33632,1.33743,1.33353,1.3368,39206
2025-05-20 16:00:00+00:00,1.33719,1.33897,1.33609,1.33873,24882
2025-05-20 20:00:00+00:00,1.33857,1.33975,1.3378,1.33965,6527
2025-05-21 00:00:00+00:00,1.33967,1.34337,1.33949,1.34302,22020
2025-05-21 04:00:00+00:00,1.3431,1.34648,1.34091,1.34122,32363
2025-05-21 08:00:00+00:00,1.34148,1.34376,1.33905,1.34134,35943
2025-05-21 12:00:00+00:00,1.34169,1.34489,1.3401,1.34452,43064
2025-05-21 16:00:00+00:00,1.34454,1.34515,1.3416,1.3416,32882
2025-05-21 20:00:00+00:00,1.34129,1.3425,1.3404,1.34198,8004
2025-05-22 00:00:00+00:00,1.34205,1.34392,1.34171,1.34246,22446
2025-05-22 04:00:00+00:00,1.34251,1.34322,1.34108,1.34315,27216
2025-05-22 08:00:00+00:00,1.34326,1.34378,1.33912,1.34199,36130
2025-05-22 12:00:00+00:00,1.34188,1.34347,1.34032,1.34249,43185
2025-05-22 16:00:00+00:00,1.34237,1.34356,1.3404,1.34187,27272
2025-05-22 20:00:00+00:00,1.34162,1.3426,1.341,1.34188,6015
2025-05-23 00:00:00+00:00,1.34194,1.34478,1.3418,1.34474,18371
2025-05-23 04:00:00+00:00,1.34478,1.34831,1.34444,1.34796,25433
2025-05-23 08:00:00+00:00,1.3479,1.35155,1.34788,1.34873,34351
2025-05-23 12:00:00+00:00,1.34874,1.35324,1.34793,1.35084,47586
2025-05-23 16:00:00+00:00,1.35073,1.3538,1.35056,1.35339,25973
2025-05-23 20:00:00+00:00,1.3532,1.35388,1.35317,1.3537,3413
2025-05-25 20:00:00+00:00,1.35275,1.35414,1.35195,1.35373,4728
2025-05-26 00:00:00+00:00,1.35403,1.35911,1.3536,1.35785,22739
2025-05-26 04:00:00+00:00,1.35784,1.35917,1.35647,1.35658,25591
2025-05-26 08:00:00+00:00,1.35684,1.35708,1.3554,1.35592,21751
2025-05-26 12:00:00+00:00,1.35612,1.3567,1.35509,1.35629,20269
2025-05-26 16:00:00+00:00,1.3563,1.35646,1.3557,1.35637,10610
2025-05-26 20:00:00+00:00,1.35629,1.3568,1.35501,1.35647,5875
2025-05-27 00:00:00+00:00,1.35665,1.35861,1.35655,1.35688,18626
2025-05-27 04:00:00+00:00,1.35701,1.35744,1.35222,1.35247,32632
2025-05-27 08:00:00+00:00,1.35275,1.35534,1.35236,1.35484,30785
2025-05-27 12:00:00+00:00,1.35497,1.35643,1.35006,1.35008,38303
2025-05-27 16:00:00+00:00,1.35032,1.35146,1.3501,1.35047,22908
2025-05-27 20:00:00+00:00,1.35038,1.3515,1.35002,1.35131,6119
2025-05-28 00:00:00+00:00,1.35138,1.35212,1.3476,1.34822,24221
2025-05-28 04:00:00+00:00,1.34828,1.35019,1.34634,1.34986,27225
2025-05-28 08:00:00+00:00,1.34984,1.35182,1.34768,1.34789,28257
2025-05-28 12:00:00+00:00,1.34797,1.34884,1.34517,1.34596,39836
2025-05-28 16:00:00+00:00,1.34607,1.34791,1.34607,1.34638,24010
2025-05-28 20:00:00+00:00,1.34655,1.3472,1.34147,1.34278,10018
2025-05-29 00:00:00+00:00,1.34234,1.34456,1.34189,1.34359,27046
2025-05-29 04:00:00+00:00,1.34343,1.3469,1.34274,1.34646,28738
2025-05-29 08:00:00+00:00,1.34654,1.34834,1.34548,1.34606,31094
2025-05-29 12:00:00+00:00,1.34629,1.35072,1.34629,1.34881,44746
2025-05-29 16:00:00+00:00,1.34882,1.35046,1.34868,1.34942,26336
2025-05-29 20:00:00+00:00,1.34931,1.35,1.34817,1.34982,7232
2025-05-30 00:00:00+00:00,1.34996,1.3511,1.3467,1.34706,21749
2025-05-30 04:00:00+00:00,1.34728,1.34842,1.34558,1.3477,27112
2025-05-30 08:00:00+00:00,1.3479,1.34839,1.34636,1.34756,29440
2025-05-30 12:00:00+00:00,1.34754,1.34976,1.3449,1.3467,46129
2025-05-30 16:00:00+00:00,1.34674,1.34761,1.34553,1.34724,27001
2025-05-30 20:00:00+00:00,1.34744,1.34744,1.34507,1.3464,3855
2025-06-01 20:00:00+00:00,1.34617,1.34726,1.34512,1.34677,3381
2025-06-02 00:00:00+00:00,1.34698,1.35041,1.34698,1.34822,21002
2025-06-02 04:00:00+00:00,1.34839,1.35575,1.34814,1.3548,27499
2025-06-02 08:00:00+00:00,1.35488,1.35541,1.35287,1.35359,32871
2025-06-02 12:00:00+00:00,1.35353,1.35588,1.35197,1.35474,40030
2025-06-02 16:00:00+00:00,1.3542,1.35472,1.35176,1.35462,25245
2025-06-02 20:00:00+00:00,1.35442,1.3558,1.35299,1.35565,6163
2025-06-03 00:00:00+00:00,1.35567,1.35567,1.35146,1.35183,19998
2025-06-03 04:00:00+00:00,1.35181,1.35374,1.35125,1.35189,26038
2025-06-03 08:00:00+00:00,1.35164,1.35256,1.34945,1.35027,29279
2025-06-03 12:00:00+00:00,1.35035,1.35321,1.3493,1.352,38526
2025-06-03 16:00:00+00:00,1.35234,1.35283,1.35103,1.35153,22154
2025-06-03 20:00:00+00:00,1.35151,1.3531,1.35096,1.35299,6966
2025-06-04 00:00:00+00:00,1.35315,1.35433,1.35147,1.3516,19267
2025-06-04 04:00:00+00:00,1.35161,1.35409,1.35013,1.35288,26311
2025-06-04 08:00:00+00:00,1.35278,1.35454,1.3512,1.3512,28401
2025-06-04 12:00:00+00:00,1.35171,1.35801,1.35123,1.3568,42521
2025-06-04 16:00:00+00:00,1.35657,1.35722,1.35459,1.35459,23143
2025-06-04 20:00:00+00:00,1.35452,1.3558,1.35447,1.35502,6088
2025-06-05 00:00:00+00:00,1.3551,1.35647,1.35408,1.35447,20132
2025-06-05 04:00:00+00:00,1.35439,1.35727,1.35428,1.35602,24451
2025-06-05 08:00:00+00:00,1.35624,1.35844,1.356,1.35703,28144
2025-06-05 12:00:00+00:00,1.35711,1.3614,1.3567,1.3582,49413
2025-06-05 16:00:00+00:00,1.35791,1.35891,1.3565,1.35735,29174
2025-06-05 20:00:00+00:00,1.35731,1.358,1.35636,1.35782,6769
2025-06-06 00:00:00+00:00,1.35795,1.3585,1.35653,1.35718,18059
2025-06-06 04:00:00+00:00,1.35716,1.35762,1.3536,1.35454,24459
2025-06-06 08:00:00+00:00,1.35438,1.35547,1.35299,1.3551,25899
2025-06-06 12:00:00+00:00,1.35522,1.35599,1.35067,1.35303,49299
2025-06-06 16:00:00+00:00,1.35328,1.3534,1.35161,1.35317,27748
2025-06-06 20:00:00+00:00,1.35293,1.35311,1.35193,1.35193,2584
2025-06-08 20:00:00+00:00,1.35205,1.3539,1.35192,1.35363,2326
2025-06-09 00:00:00+00:00,1.35365,1.35646,1.35277,1.35511,19634
2025-06-09 04:00:00+00:00,1.35505,1.35714,1.35488,1.35645,21503
2025-06-09 08:00:00+00:00,1.3566,1.35811,1.3556,1.35614,25995
2025-06-09 12:00:00+00:00,1.35595,1.35635,1.35244,1.35622,34271
2025-06-09 16:00:00+00:00,1.35618,1.35654,1.3552,1.35576,20236
2025-06-09 20:00:00+00:00,1.35568,1.3559,1.3525,1.35541,8802
2025-06-10 00:00:00+00:00,1.3553,1.35634,1.35206,1.35432,24693
2025-06-10 04:00:00+00:00,1.3543,1.3544,1.34576,1.34713,31615
2025-06-10 08:00:00+00:00,1.34757,1.35077,1.3473,1.35054,29999
2025-06-10 12:00:00+00:00,1.35082,1.35358,1.34991,1.35073,36563
2025-06-10 16:00:00+00:00,1.35088,1.35088,1.34899,1.35015,22745
2025-06-10 20:00:00+00:00,1.35021,1.35085,1.34901,1.35064,12127
2025-06-11 00:00:00+00:00,1.3505,1.35087,1.34747,1.3482,23360
2025-06-11 04:00:00+00:00,1.34807,1.349,1.34636,1.34835,24016
2025-06-11 08:00:00+00:00,1.34808,1.35048,1.34808,1.3495,28248
2025-06-11 12:00:00+00:00,1.34938,1.35565,1.34897,1.35552,44628
2025-06-11 16:00:00+00:00,1.35543,1.35641,1.35356,1.35376,28892
2025-06-11 20:00:00+00:00,1.35396,1.35709,1.353,1.3568,12535
2025-06-12 00:00:00+00:00,1.35693,1.35925,1.35623,1.3583,25668
2025-06-12 04:00:00+00:00,1.35827,1.35891,1.35258,1.35428,29425
2025-06-12 08:00:00+00:00,1.35414,1.35984,1.35373,1.35922,38626
2025-06-12 12:00:00+00:00,1.35873,1.36215,1.35804,1.35864,44915
2025-06-12 16:00:00+00:00,1.35845,1.36038,1.35828,1.36025,23674
2025-06-12 20:00:00+00:00,1.36016,1.36281,1.35769,1.36281,11360
2025-06-13 00:00:00+00:00,1.3628,1.36307,1.35406,1.35522,38762
2025-06-13 04:00:00+00:00,1.35501,1.35698,1.35227,1.35593,34593
2025-06-13 08:00:00+00:00,1.35566,1.3568,1.35242,1.35392,36955
2025-06-13 12:00:00+00:00,1.35402,1.36022,1.3518,1.35921,38955
2025-06-13 16:00:00+00:00,1.35927,1.36006,1.35583,1.357,29354
2025-06-13 20:00:00+00:00,1.35697,1.3574,1.3559,1.3564,4947
2025-06-15 20:00:00+00:00,1.3561,1.3561,1.3561,1.3561,1
2025-06-16 00:00:00+00:00,1.35463,1.35579,1.35344,1.35357,24991
2025-06-16 04:00:00+00:00,1.35375,1.35916,1.3537,1.35841,29913
2025-06-16 08:00:00+00:00,1.3583,1.35903,1.35759,1.35779,28733
2025-06-16 12:00:00+00:00,1.35769,1.36197,1.35734,1.35967,40497
2025-06-16 16:00:00+00:00,1.36003,1.36088,1.35739,1.35739,26141
2025-06-16 20:00:00+00:00,1.35726,1.3591,1.35638,1.35677,13689
2025-06-17 00:00:00+00:00,1.35644,1.35747,1.3557,1.35737,24250
2025-06-17 04:00:00+00:00,1.35747,1.35789,1.35545,1.35633,26514
2025-06-17 08:00:00+00:00,1.35634,1.35713,1.35424,1.35618,28934
2025-06-17 12:00:00+00:00,1.35604,1.35731,1.34963,1.35133,41547
2025-06-17 16:00:00+00:00,1.35144,1.35155,1.34233,1.34261,33991
2025-06-17 20:00:00+00:00,1.34257,1.3448,1.34152,1.34286,12477
2025-06-18 00:00:00+00:00,1.34312,1.34458,1.34275,1.34379,24349
2025-06-18 04:00:00+00:00,1.34356,1.34755,1.34356,1.34586,26936
2025-06-18 08:00:00+00:00,1.34569,1.34675,1.34375,1.3451,28342
2025-06-18 12:00:00+00:00,1.34513,1.34725,1.3436,1.34688,40090
2025-06-18 16:00:00+00:00,1.347,1.3474,1.34011,1.3409,39303
2025-06-18 20:00:00+00:00,1.34074,1.3435,1.34074,1.3412,13123
2025-06-19 00:00:00+00:00,1.34143,1.3416,1.33882,1.34066,24982
2025-06-19 04:00:00+00:00,1.34065,1.34163,1.33838,1.34023,26651
2025-06-19 08:00:00+00:00,1.33998,1.34483,1.33998,1.34471,33443
2025-06-19 12:00:00+00:00,1.34484,1.34484,1.34184,1.34297,31000
2025-06-19 16:00:00+00:00,1.34277,1.34689,1.34225,1.34683,17585
2025-06-19 20:00:00+00:00,1.34673,1.34772,1.34462,1.34756,10836
2025-06-20 00:00:00+00:00,1.34772,1.34981,1.34772,1.3497,24656
2025-06-20 04:00:00+00:00,1.3495,1.35001,1.34627,1.34765,25846
2025-06-20 08:00:00+00:00,1.34771,1.34988,1.34724,1.34972,28063
2025-06-20 12:00:00+00:00,1.34964,1.35104,1.34573,1.34642,40418
2025-06-20 16:00:00+00:00,1.34638,1.34789,1.34456,1.34458,26426
2025-06-20 20:00:00+00:00,1.3446,1.3465,1.34408,1.3465,3691
2025-06-22 20:00:00+00:00,1.33967,1.34406,1.33967,1.3434,5499
2025-06-23 00:00:00+00:00,1.34366,1.34375,1.34036,1.3417,25027
2025-06-23 04:00:00+00:00,1.34158,1.34472,1.3406,1.34397,30573
2025-06-23 08:00:00+00:00,1.34387,1.34456,1.33722,1.33942,35330
2025-06-23 12:00:00+00:00,1.33916,1.35043,1.33732,1.34893,44963
2025-06-23 16:00:00+00:00,1.34889,1.35299,1.34759,1.35267,36725
2025-06-23 20:00:00+00:00,1.35244,1.35536,1.35,1.3545,15556
2025-06-24 00:00:00+00:00,1.3546,1.35651,1.35368,1.35636,25740
2025-06-24 04:00:00+00:00,1.35626,1.35919,1.35582,1.35798,31440
2025-06-24 08:00:00+00:00,1.35808,1.36246,1.35792,1.36135,31432
2025-06-24 12:00:00+00:00,1.36114,1.36467,1.35923,1.36139,41760
2025-06-24 16:00:00+00:00,1.36154,1.36379,1.36099,1.36197,26083
2025-06-24 20:00:00+00:00,1.36191,1.3628,1.36065,1.36145,10968
2025-06-25 00:00:00+00:00,1.36162,1.36284,1.361,1.36119,24577
2025-06-25 04:00:00+00:00,1.3613,1.36327,1.36089,1.36139,25493
2025-06-25 08:00:00+00:00,1.36167,1.36224,1.36017,1.36068,30073
2025-06-25 12:00:00+00:00,1.36051,1.36268,1.35921,1.3623,35450
2025-06-25 16:00:00+00:00,1.36294,1.36706,1.36294,1.36648,27870
2025-06-25 20:00:00+00:00,1.36644,1.3691,1.3472,1.36898,12502
2025-06-26 00:00:00+00:00,1.36904,1.37228,1.3677,1.37104,24308
2025-06-26 04:00:00+00:00,1.37084,1.37403,1.3697,1.37364,30227
2025-06-26 08:00:00+00:00,1.37351,1.37632,1.3699,1.37077,36654
2025-06-26 12:00:00+00:00,1.37052,1.37526,1.3701,1.37521,45392
2025-06-26 16:00:00+00:00,1.3751,1.37695,1.37292,1.37321,28244
2025-06-26 20:00:00+00:00,1.37348,1.37348,1.37114,1.37244,10970
2025-06-27 00:00:00+00:00,1.37271,1.37491,1.37239,1.37358,23058
2025-06-27 04:00:00+00:00,1.37353,1.37489,1.372,1.37397,25134
2025-06-27 08:00:00+00:00,1.37418,1.37493,1.3721,1.37373,28778
2025-06-27 12:00:00+00:00,1.37357,1.37523,1.3704,1.37162,42204
2025-06-27 16:00:00+00:00,1.37168,1.3724,1.36831,1.37065,31587
2025-06-27 20:00:00+00:00,1.37073,1.37194,1.37073,1.3714,4320
2025-06-29 20:00:00+00:00,1.36965,1.37272,1.36965,1.3718,3884
2025-06-30 00:00:00+00:00,1.3719,1.37283,1.37089,1.37121,20076
2025-06-30 04:00:00+00:00,1.37122,1.37389,1.37026,1.37026,26927
2025-06-30 08:00:00+00:00,1.37004,1.37114,1.36908,1.37031,27435
2025-06-30 12:00:00+00:00,1.37068,1.37214,1.36758,1.372,39470
2025-06-30 16:00:00+00:00,1.37195,1.3727,1.36988,1.37253,24795
2025-06-30 20:00:00+00:00,1.37258,1.3736,1.37144,1.37301,10008
2025-07-01 00:00:00+00:00,1.37326,1.37456,1.37247,1.37374,19981
2025-07-01 04:00:00+00:00,1.37388,1.37676,1.37334,1.37676,24562
2025-07-01 08:00:00+00:00,1.37648,1.37879,1.37541,1.37541,34471
2025-07-01 12:00:00+00:00,1.3755,1.37591,1.37046,1.37241,40698
2025-07-01 16:00:00+00:00,1.37229,1.37422,1.3711,1.374,25484
2025-07-01 20:00:00+00:00,1.37403,1.37492,1.37386,1.3745,11152
2025-07-02 00:00:00+00:00,1.37463,1.37521,1.37334,1.37453,19849
2025-07-02 04:00:00+00:00,1.37451,1.3746,1.37057,1.37057,23902
2025-07-02 08:00:00+00:00,1.37035,1.37124,1.36562,1.36627,30020
2025-07-02 12:00:00+00:00,1.36545,1.3665,1.35646,1.3621,48434
2025-07-02 16:00:00+00:00,1.36205,1.36437,1.36147,1.36348,27139
2025-07-02 20:00:00+00:00,1.3632,1.36643,1.36266,1.36487,10027
2025-07-03 00:00:00+00:00,1.36514,1.36527,1.36252,1.36274,19265
2025-07-03 04:00:00+00:00,1.36277,1.36729,1.36236,1.36548,22637
2025-07-03 08:00:00+00:00,1.3656,1.36753,1.36462,1.36573,28129
2025-07-03 12:00:00+00:00,1.36568,1.36696,1.35876,1.36527,47356
2025-07-03 16:00:00+00:00,1.36537,1.36537,1.36357,1.3646,17436
2025-07-03 20:00:00+00:00,1.36446,1.36669,1.36434,1.36669,10608
2025-07-04 00:00:00+00:00,1.3665,1.36674,1.36456,1.36573,19989
2025-07-04 04:00:00+00:00,1.36569,1.36806,1.36568,1.36568,23680
2025-07-04 08:00:00+00:00,1.36584,1.36661,1.36425,1.36476,25321
2025-07-04 12:00:00+00:00,1.36464,1.36528,1.36353,1.36436,24231
2025-07-04 16:00:00+00:00,1.3642,1.3656,1.3642,1.36486,17390
2025-07-04 20:00:00+00:00,1.36494,1.3659,1.36393,1.3649,6616
2025-07-06 20:00:00+00:00,1.36373,1.36543,1.36373,1.36503,2736
2025-07-07 00:00:00+00:00,1.36488,1.36567,1.3625,1.36274,19135
2025-07-07 04:00:00+00:00,1.36274,1.36295,1.36038,1.36045,25533
2025-07-07 08:00:00+00:00,1.36045,1.36207,1.35755,1.36148,29136
2025-07-07 12:00:00+00:00,1.3615,1.36468,1.36118,1.36362,32203
2025-07-07 16:00:00+00:00,1.36363,1.36409,1.35909,1.36096,32490
2025-07-07 20:00:00+00:00,1.36083,1.36233,1.35947,1.36233,7648
2025-07-08 00:00:00+00:00,1.36253,1.36375,1.36189,1.36326,18541
2025-07-08 04:00:00+00:00,1.36313,1.36453,1.36234,1.36412,25144
2025-07-08 08:00:00+00:00,1.36387,1.36387,1.3573,1.35734,28041
2025-07-08 12:00:00+00:00,1.35732,1.35844,1.35282,1.35726,40522
2025-07-08 16:00:00+00:00,1.35701,1.35963,1.35636,1.3588,31831
2025-07-08 20:00:00+00:00,1.35901,1.35954,1.3572,1.35844,6924
2025-07-09 00:00:00+00:00,1.35845,1.35923,1.35644,1.35685,19586
2025-07-09 04:00:00+00:00,1.3568,1.36051,1.35666,1.35857,24142
2025-07-09 08:00:00+00:00,1.35834,1.36066,1.3574,1.3574,26894
2025-07-09 12:00:00+00:00,1.35778,1.36193,1.35774,1.35833,36175
2025-07-09 16:00:00+00:00,1.3584,1.35996,1.35783,1.35948,22459
2025-07-09 20:00:00+00:00,1.3594,1.35972,1.3576,1.35972,6222
2025-07-10 00:00:00+00:00,1.35953,1.36123,1.35953,1.3604,16555
2025-07-10 04:00:00+00:00,1.36031,1.36191,1.35999,1.36122,20540
2025-07-10 08:00:00+00:00,1.3614,1.36171,1.35724,1.35808,22834
2025-07-10 12:00:00+00:00,1.35824,1.35859,1.35346,1.35671,38931
2025-07-10 16:00:00+00:00,1.35637,1.35819,1.356,1.35754,24477
2025-07-10 20:00:00+00:00,1.35738,1.3585,1.35603,1.35795,6855
2025-07-11 00:00:00+00:00,1.358,1.358,1.35464,1.35647,23960
2025-07-11 04:00:00+00:00,1.35638,1.35649,1.35331,1.35415,24551
2025-07-11 08:00:00+00:00,1.3542,1.35524,1.35011,1.3503,30146
2025-07-11 12:00:00+00:00,1.35003,1.35154,1.34814,1.35027,38995
2025-07-11 16:00:00+00:00,1.35032,1.35167,1.3496,1.3497,26185
2025-07-11 20:00:00+00:00,1.34959,1.3499,1.34835,1.3499,3827
2025-07-13 20:00:00+00:00,1.34884,1.34948,1.34807,1.34948,4306
2025-07-14 00:00:00+00:00,1.34964,1.3503,1.34722,1.34815,20234
2025-07-14 04:00:00+00:00,1.34778,1.34876,1.3452,1.34837,24976
2025-07-14 08:00:00+00:00,1.3484,1.34933,1.34718,1.34829,26176
2025-07-14 12:00:00+00:00,1.34845,1.34912,1.34331,1.34331,35701
2025-07-14 16:00:00+00:00,1.34327,1.34427,1.34242,1.3426,24853
2025-07-14 20:00:00+00:00,1.34274,1.3434,1.34182,1.34274,7001
2025-07-15 00:00:00+00:00,1.34285,1.34397,1.34267,1.34289,17817
2025-07-15 04:00:00+00:00,1.34294,1.34526,1.3427,1.34526,21843
2025-07-15 08:00:00+00:00,1.345,1.34584,1.3441,1.34431,26042
2025-07-15 12:00:00+00:00,1.34403,1.34621,1.33808,1.33953,47713
2025-07-15 16:00:00+00:00,1.33962,1.33962,1.33794,1.33859,27794
2025-07-15 20:00:00+00:00,1.33857,1.3393,1.33774,1.3391,6532
2025-07-16 00:00:00+00:00,1.33927,1.33991,1.3383,1.33879,17958
2025-07-16 04:00:00+00:00,1.3387,1.34147,1.3387,1.33924,22063
2025-07-16 08:00:00+00:00,1.33948,1.341,1.33852,1.34004,26189
2025-07-16 12:00:00+00:00,1.33986,1.34814,1.33655,1.34251,50482
2025-07-16 16:00:00+00:00,1.34175,1.34437,1.3405,1.3417,34905
2025-07-16 20:00:00+00:00,1.34149,1.3434,1.34081,1.34096,8563
2025-07-17 00:00:00+00:00,1.34091,1.34091,1.33843,1.33921,19646
2025-07-17 04:00:00+00:00,1.3392,1.33998,1.33756,1.33832,24250
2025-07-17 08:00:00+00:00,1.33851,1.34109,1.3381,1.33922,26049
2025-07-17 12:00:00+00:00,1.33919,1.34188,1.33852,1.34126,37719
2025-07-17 16:00:00+00:00,1.3413,1.34202,1.33982,1.34184,22932
2025-07-17 20:00:00+00:00,1.34178,1.34337,1.3408,1.34308,7087
2025-07-18 00:00:00+00:00,1.34312,1.34397,1.34274,1.34287,15716
2025-07-18 04:00:00+00:00,1.3428,1.34388,1.3411,1.34305,18297
2025-07-18 08:00:00+00:00,1.3433,1.34572,1.3433,1.34572,23465
2025-07-18 12:00:00+00:00,1.3456,1.34727,1.34354,1.34373,35063
2025-07-18 16:00:00+00:00,1.34361,1.34366,1.34089,1.34134,22268
2025-07-18 20:00:00+00:00,1.3412,1.3416,1.34056,1.3408,2692
2025-07-20 20:00:00+00:00,1.34171,1.3421,1.3408,1.34144,3496
2025-07-21 00:00:00+00:00,1.34156,1.34191,1.34024,1.34156,15970
2025-07-21 04:00:00+00:00,1.3415,1.34463,1.34134,1.34448,19789
2025-07-21 08:00:00+00:00,1.34453,1.34786,1.34421,1.34786,25612
2025-07-21 12:00:00+00:00,1.34779,1.35101,1.34675,1.34958,33807
2025-07-21 16:00:00+00:00,1.34936,1.34988,1.3483,1.34836,22387
2025-07-21 20:00:00+00:00,1.3483,1.3494,1.3482,1.3489,5718
2025-07-22 00:00:00+00:00,1.3487,1.3487,1.3476,1.34785,14862
2025-07-22 04:00:00+00:00,1.34777,1.3482,1.34623,1.34668,18157
2025-07-22 08:00:00+00:00,1.34648,1.34984,1.34648,1.34863,24103
2025-07-22 12:00:00+00:00,1.34874,1.35191,1.34715,1.35191,37678
2025-07-22 16:00:00+00:00,1.35184,1.35322,1.35175,1.35307,23438
2025-07-22 20:00:00+00:00,1.35312,1.35335,1.35188,1.352,7454
2025-07-23 00:00:00+00:00,1.352,1.35343,1.35163,1.35272,20635
2025-07-23 04:00:00+00:00,1.35267,1.35481,1.35172,1.35433,21918
2025-07-23 08:00:00+00:00,1.35428,1.35477,1.35326,1.35398,26142
2025-07-23 12:00:00+00:00,1.35403,1.35746,1.35235,1.3566,35146
2025-07-23 16:00:00+00:00,1.35644,1.35832,1.3553,1.35814,28397
2025-07-23 20:00:00+00:00,1.35804,1.35867,1.35684,1.35784,6742
2025-07-24 00:00:00+00:00,1.35767,1.35873,1.3571,1.35779,19013
2025-07-24 04:00:00+00:00,1.35762,1.35813,1.35568,1.35605,21734
2025-07-24 08:00:00+00:00,1.35625,1.35652,1.35356,1.35516,25696
2025-07-24 12:00:00+00:00,1.35499,1.35603,1.35237,1.35237,40940
2025-07-24 16:00:00+00:00,1.35206,1.35264,1.35059,1.35072,25260
2025-07-24 20:00:00+00:00,1.35066,1.3515,1.35016,1.35081,8708
2025-07-25 00:00:00+00:00,1.35099,1.35108,1.34881,1.34939,16467
2025-07-25 04:00:00+00:00,1.34942,1.35032,1.34675,1.3468,21536
2025-07-25 08:00:00+00:00,1.34709,1.34764,1.34384,1.34492,23561
2025-07-25 12:00:00+00:00,1.34501,1.3454,1.34154,1.34264,34341
2025-07-25 16:00:00+00:00,1.34277,1.34372,1.34166,1.34372,18284
2025-07-25 20:00:00+00:00,1.34353,1.34354,1.34286,1.34329,2853
2025-07-27 20:00:00+00:00,1.34288,1.34452,1.34245,1.34372,3650
2025-07-28 00:00:00+00:00,1.34388,1.34512,1.34298,1.34422,16670
2025-07-28 04:00:00+00:00,1.34433,1.3444,1.34073,1.34091,22263
2025-07-28 08:00:00+00:00,1.34119,1.34279,1.34035,1.34258,27553
2025-07-28 12:00:00+00:00,1.34283,1.3438,1.33911,1.33911,33572
2025-07-28 16:00:00+00:00,1.3391,1.3391,1.3351,1.33541,18416
2025-07-28 20:00:00+00:00,1.33545,1.3361,1.33503,1.33589,6095
2025-07-29 00:00:00+00:00,1.3359,1.3359,1.33406,1.33406,15537
2025-07-29 04:00:00+00:00,1.33406,1.33518,1.33149,1.3333,23112
2025-07-29 08:00:00+00:00,1.3329,1.33609,1.33269,1.33391,25821
2025-07-29 12:00:00+00:00,1.33411,1.3343,1.33082,1.33376,36269
2025-07-29 16:00:00+00:00,1.33391,1.33631,1.33353,1.33563,22057
2025-07-29 20:00:00+00:00,1.33573,1.33593,1.3342,1.33528,5569
2025-07-30 00:00:00+00:00,1.33543,1.33683,1.33529,1.33591,16152
2025-07-30 04:00:00+00:00,1.3356,1.33675,1.33419,1.33608,20150
2025-07-30 08:00:00+00:00,1.33624,1.33842,1.33568,1.33733,24392
2025-07-30 12:00:00+00:00,1.33767,1.33789,1.32713,1.32731,38252
2025-07-30 16:00:00+00:00,1.32706,1.33093,1.32298,1.32448,33663
2025-07-30 20:00:00+00:00,1.3247,1.3258,1.3226,1.32554,9346
2025-07-31 00:00:00+00:00,1.32556,1.32621,1.32416,1.32586,18175
2025-07-31 04:00:00+00:00,1.32592,1.32805,1.32462,1.32581,22344
2025-07-31 08:00:00+00:00,1.32584,1.32607,1.32105,1.32363,27429
2025-07-31 12:00:00+00:00,1.32396,1.32396,1.3187,1.32196,38789
2025-07-31 16:00:00+00:00,1.32233,1.32354,1.31988,1.32053,24761
2025-07-31 20:00:00+00:00,1.32035,1.3217,1.31975,1.32074,8582
2025-08-01 00:00:00+00:00,1.32037,1.32124,1.319,1.32004,17373
2025-08-01 04:00:00+00:00,1.32002,1.32125,1.3186,1.31946,19181
2025-08-01 08:00:00+00:00,1.31926,1.31926,1.3143,1.31573,25061
2025-08-01 12:00:00+00:00,1.31567,1.33063,1.3146,1.32582,55521
2025-08-01 16:00:00+00:00,1.32606,1.32743,1.3216,1.32606,28683
2025-08-01 20:00:00+00:00,1.32617,1.32898,1.3261,1.3277,4445
2025-08-03 20:00:00+00:00,1.32705,1.3291,1.32705,1.32907,4128
2025-08-04 00:00:00+00:00,1.329,1.329,1.32548,1.32824,18858
2025-08-04 04:00:00+00:00,1.32824,1.32895,1.32659,1.32768,22974
2025-08-04 08:00:00+00:00,1.32761,1.33136,1.32661,1.32951,28213
2025-08-04 12:00:00+00:00,1.32928,1.333,1.32785,1.32875,36693
2025-08-04 16:00:00+00:00,1.32913,1.32913,1.32722,1.32763,21019
2025-08-04 20:00:00+00:00,1.32754,1.32991,1.32749,1.32972,6994
2025-08-05 00:00:00+00:00,1.32982,1.33025,1.3276,1.32767,16061
2025-08-05 04:00:00+00:00,1.32761,1.32952,1.32629,1.32726,19015
2025-08-05 08:00:00+00:00,1.32694,1.32942,1.32671,1.32808,26315
2025-08-05 12:00:00+00:00,1.32779,1.33079,1.32692,1.33075,39404
2025-08-05 16:00:00+00:00,1.33079,1.33153,1.32889,1.3296,21736
2025-08-05 20:00:00+00:00,1.3296,1.33012,1.32859,1.32978,6831
2025-08-06 00:00:00+00:00,1.32981,1.33094,1.3295,1.33088,14234
2025-08-06 04:00:00+00:00,1.33093,1.3313,1.32901,1.33021,17538
2025-08-06 08:00:00+00:00,1.32994,1.33287,1.3282,1.33177,24058
2025-08-06 12:00:00+00:00,1.33169,1.33582,1.3308,1.33582,41853
2025-08-06 16:00:00+00:00,1.33569,1.33676,1.33437,1.33571,32957
2025-08-06 20:00:00+00:00,1.33573,1.336,1.3345,1.33571,8313
2025-08-07 00:00:00+00:00,1.33549,1.33595,1.3346,1.33595,19104
2025-08-07 04:00:00+00:00,1.3358,1.33791,1.3358,1.33743,22418
2025-08-07 08:00:00+00:00,1.33778,1.34304,1.33634,1.34122,39008
2025-08-07 12:00:00+00:00,1.34126,1.34354,1.33919,1.34298,48858
2025-08-07 16:00:00+00:00,1.34309,1.34429,1.34035,1.34429,34729
2025-08-07 20:00:00+00:00,1.34438,1.34517,1.34335,1.3451,10189
2025-08-08 00:00:00+00:00,1.34519,1.34519,1.34347,1.34387,19894
2025-08-08 04:00:00+00:00,1.34379,1.34484,1.3424,1.34418,22411
2025-08-08 08:00:00+00:00,1.34433,1.34519,1.34298,1.34406,35746
2025-08-08 12:00:00+00:00,1.34404,1.34541,1.342,1.34423,43164
2025-08-08 16:00:00+00:00,1.3442,1.34577,1.344,1.34499,30365
2025-08-08 20:00:00+00:00,1.34501,1.34529,1.34443,1.3449,4396
2025-08-10 20:00:00+00:00,1.34385,1.3447,1.34368,1.3441,2157
2025-08-11 00:00:00+00:00,1.34415,1.34656,1.3436,1.34651,17187
2025-08-11 04:00:00+00:00,1.34649,1.34762,1.34489,1.34535,21489
2025-08-11 08:00:00+00:00,1.34529,1.34678,1.34254,1.34293,30708
2025-08-11 12:00:00+00:00,1.343,1.343,1.33995,1.34145,39669
2025-08-11 16:00:00+00:00,1.34148,1.34363,1.34148,1.34271,28589
2025-08-11 20:00:00+00:00,1.34268,1.34351,1.34185,1.34329,6753
2025-08-12 00:00:00+00:00,1.34336,1.34385,1.34281,1.34323,17868
2025-08-12 04:00:00+00:00,1.34307,1.34596,1.34204,1.34589,27165
2025-08-12 08:00:00+00:00,1.34582,1.34716,1.34471,1.3457,32367
2025-08-12 12:00:00+00:00,1.34571,1.35227,1.34544,1.35067,55573
2025-08-12 16:00:00+00:00,1.3506,1.35201,1.34889,1.34952,32516
2025-08-12 20:00:00+00:00,1.34946,1.3506,1.34906,1.3504,7747
2025-08-13 00:00:00+00:00,1.3505,1.35072,1.34926,1.3503,17466
2025-08-13 04:00:00+00:00,1.3502,1.35473,1.34994,1.35438,22643
2025-08-13 08:00:00+00:00,1.35451,1.3578,1.35437,1.35766,33868
2025-08-13 12:00:00+00:00,1.35778,1.35843,1.35558,1.3571,41815
2025-08-13 16:00:00+00:00,1.3571,1.35785,1.35636,1.35735,26048
2025-08-13 20:00:00+00:00,1.35748,1.35843,1.3558,1.3583,6227
2025-08-14 00:00:00+00:00,1.35852,1.35912,1.35704,1.35734,21940
2025-08-14 04:00:00+00:00,1.35733,1.35909,1.35684,1.35729,26474
2025-08-14 08:00:00+00:00,1.35736,1.35933,1.35648,1.35738,34813
2025-08-14 12:00:00+00:00,1.35746,1.3582,1.35277,1.35298,49079
2025-08-14 16:00:00+00:00,1.35292,1.3539,1.3521,1.35362,30752
2025-08-14 20:00:00+00:00,1.35372,1.35379,1.35233,1.35294,6575
2025-08-15 00:00:00+00:00,1.35279,1.35506,1.35268,1.35472,20260
2025-08-15 04:00:00+00:00,1.35472,1.35599,1.3542,1.35553,20413
2025-08-15 08:00:00+00:00,1.35558,1.3564,1.35462,1.35594,28678
2025-08-15 12:00:00+00:00,1.35592,1.35722,1.3549,1.35625,43818
2025-08-15 16:00:00+00:00,1.35621,1.35631,1.35501,1.35548,26857
2025-08-15 20:00:00+00:00,1.35547,1.35578,1.35489,1.35489,4620
2025-08-17 20:00:00+00:00,1.35455,1.3562,1.35455,1.35556,4592
2025-08-18 00:00:00+00:00,1.35566,1.35614,1.35488,1.35559,24926
2025-08-18 04:00:00+00:00,1.35574,1.35643,1.35391,1.35391,33151
2025-08-18 08:00:00+00:00,1.35396,1.35531,1.35314,1.35379,45599
2025-08-18 12:00:00+00:00,1.35359,1.35453,1.35128,1.35187,53195
2025-08-18 16:00:00+00:00,1.35188,1.35212,1.3503,1.35057,38454
2025-08-18 20:00:00+00:00,1.35071,1.3519,1.35,1.35072,11428
2025-08-19 00:00:00+00:00,1.3506,1.35092,1.34869,1.35004,31108
2025-08-19 04:00:00+00:00,1.34996,1.35221,1.34968,1.35207,34772
2025-08-19 08:00:00+00:00,1.35218,1.35307,1.35106,1.35212,43678
2025-08-19 12:00:00+00:00,1.35213,1.3525,1.34914,1.34925,55603
2025-08-19 16:00:00+00:00,1.34926,1.34949,1.34775,1.34891,40351
2025-08-19 20:00:00+00:00,1.34886,1.3493,1.34801,1.34845,10894
2025-08-20 00:00:00+00:00,1.34853,1.34856,1.34617,1.34721,35897
2025-08-20 04:00:00+00:00,1.34719,1.35088,1.34719,1.35088,37652
2025-08-20 08:00:00+00:00,1.3505,1.35072,1.3471,1.3471,43197
2025-08-20 12:00:00+00:00,1.3476,1.3494,1.34467,1.3449,59485
2025-08-20 16:00:00+00:00,1.34497,1.347,1.34482,1.34534,40639
2025-08-20 20:00:00+00:00,1.34535,1.34657,1.34485,1.34657,10826
2025-08-21 00:00:00+00:00,1.34644,1.34644,1.34476,1.34532,28181
2025-08-21 04:00:00+00:00,1.34534,1.34579,1.34381,1.34558,31955
2025-08-21 08:00:00+00:00,1.34559,1.34816,1.34514,1.34544,46154
2025-08-21 12:00:00+00:00,1.34522,1.3467,1.34101,1.34142,64119
2025-08-21 16:00:00+00:00,1.34103,1.34265,1.34053,1.34124,43303
2025-08-21 20:00:00+00:00,1.3411,1.342,1.34019,1.34175,9580
2025-08-22 00:00:00+00:00,1.34169,1.34226,1.3401,1.34012,32917
2025-08-22 04:00:00+00:00,1.34021,1.34101,1.339,1.3406,33718
2025-08-22 08:00:00+00:00,1.34057,1.34185,1.34057,1.34151,42190
2025-08-22 12:00:00+00:00,1.34173,1.35431,1.34126,1.35251,67154
2025-08-22 16:00:00+00:00,1.35246,1.35432,1.35172,1.35179,50009
2025-08-22 20:00:00+00:00,1.35177,1.35283,1.35177,1.352,5648
2025-08-24 20:00:00+00:00,1.35105,1.35242,1.3508,1.3508,4552
2025-08-25 00:00:00+00:00,1.35072,1.35119,1.349,1.35109,28301
2025-08-25 04:00:00+00:00,1.35105,1.3526,1.3503,1.3503,32658
2025-08-25 08:00:00+00:00,1.35055,1.35191,1.34847,1.35191,39205
2025-08-25 12:00:00+00:00,1.35181,1.35188,1.34855,1.34891,55257
2025-08-25 16:00:00+00:00,1.34883,1.34922,1.34458,1.34534,46927
2025-08-25 20:00:00+00:00,1.34534,1.3474,1.34448,1.34539,12316
2025-08-26 00:00:00+00:00,1.34511,1.34892,1.34482,1.34516,42409
2025-08-26 04:00:00+00:00,1.34519,1.34672,1.34336,1.34554,42792
2025-08-26 08:00:00+00:00,1.34581,1.34918,1.34559,1.34878,49615
2025-08-26 12:00:00+00:00,1.34901,1.34911,1.34717,1.34813,63010
2025-08-26 16:00:00+00:00,1.34821,1.34911,1.34687,1.34785,42993
2025-08-26 20:00:00+00:00,1.3477,1.3482,1.3471,1.34765,11545
2025-08-27 00:00:00+00:00,1.34766,1.34775,1.34563,1.34568,29177
2025-08-27 04:00:00+00:00,1.34568,1.34653,1.34414,1.34531,32868
2025-08-27 08:00:00+00:00,1.34523,1.34523,1.3419,1.34304,47376
2025-08-27 12:00:00+00:00,1.34323,1.34728,1.34312,1.3466,59489
2025-08-27 16:00:00+00:00,1.34668,1.35014,1.34668,1.34972,45057
2025-08-27 20:00:00+00:00,1.34991,1.35049,1.34858,1.35035,13369
2025-08-28 00:00:00+00:00,1.35039,1.35171,1.34971,1.35079,30601
2025-08-28 04:00:00+00:00,1.35079,1.35127,1.34884,1.34989,34130
2025-08-28 08:00:00+00:00,1.34978,1.35256,1.34838,1.35143,47219
2025-08-28 12:00:00+00:00,1.3515,1.35264,1.34898,1.35149,65628
2025-08-28 16:00:00+00:00,1.35138,1.35306,1.35104,1.35118,41862
2025-08-28 20:00:00+00:00,1.3511,1.3513,1.35025,1.35075,11917
2025-08-29 00:00:00+00:00,1.35072,1.35109,1.34955,1.34984,31353
2025-08-29 04:00:00+00:00,1.34984,1.35028,1.3484,1.34912,31900
2025-08-29 08:00:00+00:00,1.34902,1.34935,1.34503,1.34531,49967
2025-08-29 12:00:00+00:00,1.34538,1.3513,1.34469,1.35073,64550
2025-08-29 16:00:00+00:00,1.35068,1.35149,1.34997,1.35148,39296
2025-08-29 20:00:00+00:00,1.35152,1.35156,1.3499,1.3499,5216
2025-08-31 20:00:00+00:00,1.34903,1.3506,1.34903,1.35027,3582
2025-09-01 00:00:00+00:00,1.35021,1.35275,1.35021,1.35229,33397
2025-09-01 04:00:00+00:00,1.3523,1.35403,1.35149,1.353,34201
2025-09-01 08:00:00+00:00,1.35305,1.35364,1.35231,1.35241,43136
2025-09-01 12:00:00+00:00,1.3526,1.35495,1.35239,1.35414,42403
2025-09-01 16:00:00+00:00,1.35399,1.35485,1.3539,1.35482,17873
2025-09-01 20:00:00+00:00,1.35489,1.3551,1.35347,1.35458,8019
2025-09-02 00:00:00+00:00,1.35458,1.35469,1.35238,1.35256,33384
2025-09-02 04:00:00+00:00,1.35255,1.35331,1.33947,1.34028,41609
2025-09-02 08:00:00+00:00,1.34065,1.3432,1.33698,1.33833,64346
2025-09-02 12:00:00+00:00,1.33845,1.3417,1.33422,1.33897,70838
2025-09-02 16:00:00+00:00,1.33918,1.33925,1.33749,1.33902,43777
2025-09-02 20:00:00+00:00,1.33927,1.33965,1.33807,1.33807,11698
2025-09-03 00:00:00+00:00,1.33822,1.33822,1.336,1.33614,31801
2025-09-03 04:00:00+00:00,1.33615,1.33908,1.3334,1.3366,40358
2025-09-03 08:00:00+00:00,1.33711,1.34151,1.33685,1.34117,54573
2025-09-03 12:00:00+00:00,1.34121,1.34537,1.34081,1.3448,65336
2025-09-03 16:00:00+00:00,1.3447,1.34574,1.3435,1.34383,43537
2025-09-03 20:00:00+00:00,1.34393,1.3447,1.3432,1.34405,11722
2025-09-04 00:00:00+00:00,1.34388,1.34486,1.34258,1.34278,32980
2025-09-04 04:00:00+00:00,1.34288,1.34403,1.34166,1.34273,33976
2025-09-04 08:00:00+00:00,1.34284,1.34576,1.34258,1.34333,47748
2025-09-04 12:00:00+00:00,1.34341,1.34469,1.34169,1.34386,64298
2025-09-04 16:00:00+00:00,1.34387,1.34387,1.34179,1.34355,38342
2025-09-04 20:00:00+00:00,1.3435,1.34441,1.3426,1.34435,11182
2025-09-05 00:00:00+00:00,1.34441,1.34565,1.34417,1.34532,28840
2025-09-05 04:00:00+00:00,1.34536,1.34699,1.3448,1.34641,31260
2025-09-05 08:00:00+00:00,1.34628,1.34849,1.34621,1.34621,42160
2025-09-05 12:00:00+00:00,1.34576,1.35523,1.34576,1.35402,77542
2025-09-05 16:00:00+00:00,1.35414,1.35414,1.3499,1.35025,48923
2025-09-05 20:00:00+00:00,1.35026,1.351,1.3502,1.3508,6542
2025-09-07 20:00:00+00:00,1.34969,1.35014,1.34825,1.34923,7751
2025-09-08 00:00:00+00:00,1.34885,1.35048,1.34829,1.34952,37869
2025-09-08 04:00:00+00:00,1.34949,1.35247,1.34869,1.35149,37918
2025-09-08 08:00:00+00:00,1.35181,1.35356,1.35029,1.35291,48130
2025-09-08 12:00:00+00:00,1.35332,1.35545,1.35281,1.3545,60232
2025-09-08 16:00:00+00:00,1.35475,1.35537,1.35274,1.35506,39546
2025-09-08 20:00:00+00:00,1.35506,1.35569,1.35377,1.35524,11437
2025-09-09 00:00:00+00:00,1.35509,1.35704,1.3549,1.35593,28876
2025-09-09 04:00:00+00:00,1.35591,1.35814,1.3558,1.35654,36486
2025-09-09 08:00:00+00:00,1.35658,1.359,1.35575,1.3558,50831
2025-09-09 12:00:00+00:00,1.35551,1.35668,1.35238,1.35311,64490
2025-09-09 16:00:00+00:00,1.35312,1.35462,1.35183,1.35191,42426
2025-09-09 20:00:00+00:00,1.3519,1.35301,1.35167,1.35203,10950
2025-09-10 00:00:00+00:00,1.35187,1.35356,1.35151,1.35325,33051
2025-09-10 04:00:00+00:00,1.35325,1.35427,1.35182,1.35333,36861
2025-09-10 08:00:00+00:00,1.35328,1.3545,1.35203,1.35337,46819
2025-09-10 12:00:00+00:00,1.35358,1.35595,1.35246,1.3546,64312
2025-09-10 16:00:00+00:00,1.35468,1.35486,1.3521,1.35303,40549
2025-09-10 20:00:00+00:00,1.35304,1.35387,1.35183,1.35327,9304
2025-09-11 00:00:00+00:00,1.35305,1.3533,1.35224,1.35272,28278
2025-09-11 04:00:00+00:00,1.35275,1.35278,1.35042,1.35158,34846
2025-09-11 08:00:00+00:00,1.35167,1.35219,1.34971,1.35075,48984
2025-09-11 12:00:00+00:00,1.35097,1.35775,1.35079,1.35659,69577
2025-09-11 16:00:00+00:00,1.35661,1.3582,1.35661,1.35774,39338
2025-09-11 20:00:00+00:00,1.35776,1.358,1.35649,1.35737,11419
2025-09-12 00:00:00+00:00,1.35728,1.3575,1.35537,1.35549,30812
2025-09-12 04:00:00+00:00,1.35534,1.35735,1.35459,1.35641,36805
2025-09-12 08:00:00+00:00,1.35638,1.35638,1.35304,1.35488,51986
2025-09-12 12:00:00+00:00,1.35474,1.3568,1.35258,1.35452,59094
2025-09-12 16:00:00+00:00,1.35446,1.35703,1.35413,1.35613,37522
2025-09-12 20:00:00+00:00,1.35604,1.35606,1.3556,1.3556,6256
2025-09-14 20:00:00+00:00,1.35506,1.35598,1.3547,1.35523,3747
2025-09-15 00:00:00+00:00,1.35544,1.35668,1.35491,1.35644,23969
2025-09-15 04:00:00+00:00,1.35655,1.35935,1.35536,1.35818,31691
2025-09-15 08:00:00+00:00,1.3582,1.36185,1.3579,1.36138,46399
2025-09-15 12:00:00+00:00,1.36173,1.3619,1.35854,1.3607,54985
2025-09-15 16:00:00+00:00,1.36072,1.36108,1.3595,1.36088,37714
2025-09-15 20:00:00+00:00,1.36083,1.36109,1.35918,1.36004,11594
2025-09-16 00:00:00+00:00,1.36028,1.36235,1.3597,1.3617,30349
2025-09-16 04:00:00+00:00,1.36164,1.36424,1.36124,1.36282,35537
2025-09-16 08:00:00+00:00,1.36285,1.36498,1.36244,1.36433,50628
2025-09-16 12:00:00+00:00,1.36422,1.36689,1.36285,1.3653,65358
2025-09-16 16:00:00+00:00,1.36517,1.36661,1.36507,1.36512,41187
2025-09-16 20:00:00+00:00,1.36512,1.3657,1.36389,1.36522,11555
2025-09-17 00:00:00+00:00,1.36531,1.36585,1.36394,1.36425,27093
2025-09-17 04:00:00+00:00,1.36424,1.36487,1.363,1.36345,30595
2025-09-17 08:00:00+00:00,1.3634,1.3655,1.36324,1.36467,41655
2025-09-17 12:00:00+00:00,1.36467,1.36683,1.36435,1.36588,50103
2025-09-17 16:00:00+00:00,1.36616,1.37241,1.36266,1.36369,62367
2025-09-17 20:00:00+00:00,1.36369,1.3638,1.36199,1.36291,19312
2025-09-18 00:00:00+00:00,1.36273,1.363,1.36114,1.36203,32255
2025-09-18 04:00:00+00:00,1.36203,1.36393,1.35868,1.36331,43928
2025-09-18 08:00:00+00:00,1.36319,1.36591,1.36134,1.36214,53054
2025-09-18 12:00:00+00:00,1.3618,1.36215,1.35361,1.35468,70796
2025-09-18 16:00:00+00:00,1.35494,1.35622,1.354,1.35482,42246
2025-09-18 20:00:00+00:00,1.35459,1.3556,1.3543,1.3553,14396
2025-09-19 00:00:00+00:00,1.35537,1.35562,1.35308,1.35503,31067
2025-09-19 04:00:00+00:00,1.35515,1.35583,1.34864,1.34909,50576
2025-09-19 08:00:00+00:00,1.34912,1.351,1.34745,1.34773,46505
2025-09-19 12:00:00+00:00,1.34741,1.34969,1.34643,1.34819,63653
2025-09-19 16:00:00+00:00,1.34839,1.34845,1.34669,1.34722,35653
2025-09-19 20:00:00+00:00,1.34719,1.34737,1.34673,1.3471,6989
2025-09-21 20:00:00+00:00,1.34628,1.34715,1.34603,1.34625,4094
2025-09-22 00:00:00+00:00,1.34614,1.34733,1.34582,1.34618,30138
2025-09-22 04:00:00+00:00,1.34599,1.34819,1.3453,1.34784,37352
2025-09-22 08:00:00+00:00,1.34805,1.35062,1.34805,1.34979,46174
2025-09-22 12:00:00+00:00,1.3497,1.35132,1.34896,1.35021,53677
2025-09-22 16:00:00+00:00,1.35026,1.35196,1.35003,1.35159,35247
2025-09-22 20:00:00+00:00,1.35145,1.3517,1.34979,1.35136,11558
2025-09-23 00:00:00+00:00,1.3511,1.35259,1.35036,1.35154,26038
2025-09-23 04:00:00+00:00,1.35157,1.35215,1.35027,1.35201,38952
2025-09-23 08:00:00+00:00,1.3517,1.35271,1.34879,1.35143,49725
2025-09-23 12:00:00+00:00,1.35138,1.35355,1.35065,1.35164,59609
2025-09-23 16:00:00+00:00,1.35168,1.35263,1.35092,1.35248,45943
2025-09-23 20:00:00+00:00,1.3525,1.353,1.35119,1.35235,11182
2025-09-24 00:00:00+00:00,1.35229,1.35229,1.35063,1.35066,27963
2025-09-24 04:00:00+00:00,1.35058,1.35114,1.3482,1.34843,35621
2025-09-24 08:00:00+00:00,1.3479,1.34872,1.34563,1.34565,44478
2025-09-24 12:00:00+00:00,1.34576,1.34693,1.3426,1.34472,59479
2025-09-24 16:00:00+00:00,1.34459,1.34554,1.34398,1.34459,39553
2025-09-24 20:00:00+00:00,1.34474,1.34527,1.344,1.34491,11071
2025-09-25 00:00:00+00:00,1.34521,1.34616,1.3448,1.34609,28092
2025-09-25 04:00:00+00:00,1.34621,1.3465,1.34373,1.34373,35039
2025-09-25 08:00:00+00:00,1.34373,1.34587,1.34185,1.34213,47621
2025-09-25 12:00:00+00:00,1.34212,1.34213,1.33411,1.33481,68434
2025-09-25 16:00:00+00:00,1.33484,1.33563,1.33242,1.33363,47823
2025-09-25 20:00:00+00:00,1.3337,1.3347,1.33269,1.33346,11646
2025-09-26 00:00:00+00:00,1.33333,1.33546,1.33287,1.33537,25212
2025-09-26 04:00:00+00:00,1.33512,1.33685,1.33454,1.33524,34668
2025-09-26 08:00:00+00:00,1.3352,1.33695,1.3344,1.335,43154
2025-09-26 12:00:00+00:00,1.33518,1.3412,1.33513,1.34014,65807
2025-09-26 16:00:00+00:00,1.34011,1.34104,1.33967,1.34078,37225
2025-09-26 20:00:00+00:00,1.34079,1.3408,1.33951,1.33951,5200
2025-09-28 20:00:00+00:00,1.33875,1.34103,1.33875,1.34068,3598
2025-09-29 00:00:00+00:00,1.34085,1.3434,1.34085,1.34317,26418
2025-09-29 04:00:00+00:00,1.34302,1.34495,1.34282,1.34462,34131
2025-09-29 08:00:00+00:00,1.34449,1.34478,1.34241,1.34475,39746
2025-09-29 12:00:00+00:00,1.34475,1.3455,1.34176,1.3432,56512
2025-09-29 16:00:00+00:00,1.34317,1.34386,1.3423,1.34356,29826
2025-09-29 20:00:00+00:00,1.34347,1.3437,1.34214,1.3433,7790
2025-09-30 00:00:00+00:00,1.34299,1.34379,1.34203,1.34347,25215
2025-09-30 04:00:00+00:00,1.3435,1.34515,1.34282,1.34468,38796
2025-09-30 08:00:00+00:00,1.34462,1.34517,1.34252,1.34366,44176
2025-09-30 12:00:00+00:00,1.34372,1.34665,1.34139,1.34427,59456
2025-09-30 16:00:00+00:00,1.34447,1.34622,1.34399,1.34487,36176
2025-09-30 20:00:00+00:00,1.34465,1.3449,1.34359,1.34422,9419
2025-10-01 00:00:00+00:00,1.34404,1.34435,1.34346,1.34405,21551
2025-10-01 04:00:00+00:00,1.34414,1.34775,1.34414,1.34668,40630
2025-10-01 08:00:00+00:00,1.34693,1.34867,1.34576,1.34819,45922
2025-10-01 12:00:00+00:00,1.34796,1.35273,1.34696,1.34715,66081
2025-10-01 16:00:00+00:00,1.34667,1.34886,1.34665,1.34795,33658
2025-10-01 20:00:00+00:00,1.34788,1.34827,1.34696,1.34781,9236
2025-10-02 00:00:00+00:00,1.34766,1.34862,1.34673,1.34778,21700
2025-10-02 04:00:00+00:00,1.3477,1.34996,1.34691,1.34942,32863
2025-10-02 08:00:00+00:00,1.34922,1.35089,1.3471,1.34761,40537
2025-10-02 12:00:00+00:00,1.34773,1.34822,1.34018,1.34211,57983
2025-10-02 16:00:00+00:00,1.342,1.34509,1.342,1.34427,34114
2025-10-02 20:00:00+00:00,1.344,1.34493,1.34281,1.34461,9195
2025-10-03 00:00:00+00:00,1.34454,1.34482,1.34336,1.34445,20852
2025-10-03 04:00:00+00:00,1.34445,1.34602,1.343,1.34602,29113
2025-10-03 08:00:00+00:00,1.34628,1.34648,1.34439,1.34491,37434
2025-10-03 12:00:00+00:00,1.34514,1.34838,1.34385,1.34793,56188
2025-10-03 16:00:00+00:00,1.34804,1.34836,1.34637,1.34826,31891
2025-10-03 20:00:00+00:00,1.34842,1.34853,1.34747,1.34783,4212
2025-10-05 20:00:00+00:00,1.3432,1.34443,1.3422,1.34317,10203
2025-10-06 00:00:00+00:00,1.34324,1.34577,1.34284,1.34515,28069
2025-10-06 04:00:00+00:00,1.34507,1.3462,1.34331,1.34433,42757
2025-10-06 08:00:00+00:00,1.34409,1.34409,1.34167,1.34245,48093
2025-10-06 12:00:00+00:00,1.34296,1.34835,1.34257,1.34748,57088
2025-10-06 16:00:00+00:00,1.34747,1.34896,1.34659,1.34814,31286
2025-10-06 20:00:00+00:00,1.34804,1.3487,1.34763,1.34837,10614
2025-10-07 00:00:00+00:00,1.3481,1.34837,1.34727,1.34758,21215
2025-10-07 04:00:00+00:00,1.34751,1.34797,1.34307,1.34367,35560
2025-10-07 08:00:00+00:00,1.34382,1.34451,1.33929,1.34012,40640
2025-10-07 12:00:00+00:00,1.34024,1.34532,1.33937,1.34402,56886
2025-10-07 16:00:00+00:00,1.34425,1.34516,1.34157,1.34208,41523
2025-10-07 20:00:00+00:00,1.34204,1.3438,1.3412,1.342,10771
2025-10-08 00:00:00+00:00,1.34204,1.34204,1.33902,1.33992,31482
2025-10-08 04:00:00+00:00,1.33992,1.34171,1.3384,1.34171,37085
2025-10-08 08:00:00+00:00,1.34163,1.34267,1.34012,1.3407,43205
2025-10-08 12:00:00+00:00,1.34081,1.34382,1.33871,1.33887,52329
2025-10-08 16:00:00+00:00,1.33881,1.34002,1.3369,1.33994,40604
2025-10-08 20:00:00+00:00,1.34002,1.3408,1.339,1.33999,11914
2025-10-09 00:00:00+00:00,1.33995,1.34185,1.33995,1.34147,24305
2025-10-09 04:00:00+00:00,1.34146,1.34162,1.33512,1.33524,36702
2025-10-09 08:00:00+00:00,1.33534,1.33893,1.33435,1.33751,45480
2025-10-09 12:00:00+00:00,1.33744,1.33915,1.32924,1.33088,65292
2025-10-09 16:00:00+00:00,1.3314,1.33141,1.328,1.32963,45446
2025-10-09 20:00:00+00:00,1.32973,1.3306,1.32908,1.33022,10994
2025-10-10 00:00:00+00:00,1.33017,1.33131,1.32958,1.33112,25329
2025-10-10 04:00:00+00:00,1.33107,1.33139,1.32794,1.33029,38298
2025-10-10 08:00:00+00:00,1.32997,1.33117,1.32616,1.32718,45705
2025-10-10 12:00:00+00:00,1.32751,1.33642,1.32687,1.33423,64482
2025-10-10 16:00:00+00:00,1.33442,1.33567,1.33327,1.33497,53393
2025-10-10 20:00:00+00:00,1.33497,1.3355,1.33388,1.33489,7714
2025-10-12 20:00:00+00:00,1.33259,1.33516,1.33259,1.33353,10644
2025-10-13 00:00:00+00:00,1.33386,1.33625,1.33361,1.33531,30353
2025-10-13 04:00:00+00:00,1.33529,1.33658,1.33306,1.33347,37691
2025-10-13 08:00:00+00:00,1.33347,1.33507,1.33156,1.33307,42057
2025-10-13 12:00:00+00:00,1.33305,1.33391,1.33202,1.33282,53541
2025-10-13 16:00:00+00:00,1.33297,1.334,1.33263,1.33303,33241
2025-10-13 20:00:00+00:00,1.33308,1.3343,1.3325,1.33318,10658
2025-10-14 00:00:00+00:00,1.33297,1.33489,1.33268,1.33452,28786
2025-10-14 04:00:00+00:00,1.33456,1.33516,1.32529,1.32569,52482
2025-10-14 08:00:00+00:00,1.32555,1.32837,1.32555,1.32685,52767
2025-10-14 12:00:00+00:00,1.32677,1.33177,1.32492,1.33177,66659
2025-10-14 16:00:00+00:00,1.332,1.33317,1.33073,1.33253,48694
2025-10-14 20:00:00+00:00,1.33268,1.33268,1.3312,1.33214,10335
2025-10-15 00:00:00+00:00,1.33207,1.33532,1.33207,1.3351,30330
2025-10-15 04:00:00+00:00,1.33519,1.33716,1.33444,1.33499,39355
2025-10-15 08:00:00+00:00,1.33505,1.33656,1.33383,1.33517,43744
2025-10-15 12:00:00+00:00,1.33519,1.34009,1.33353,1.33935,61127
2025-10-15 16:00:00+00:00,1.3391,1.33934,1.33701,1.33929,44388
2025-10-15 20:00:00+00:00,1.33945,1.34068,1.33893,1.34026,12525
2025-10-16 00:00:00+00:00,1.34006,1.34412,1.33998,1.34218,32236
2025-10-16 04:00:00+00:00,1.34194,1.34267,1.34051,1.34263,39647
2025-10-16 08:00:00+00:00,1.34252,1.34476,1.34219,1.34402,42039
2025-10-16 12:00:00+00:00,1.34388,1.34519,1.3415,1.34225,61829
2025-10-16 16:00:00+00:00,1.3426,1.34475,1.34157,1.34336,54373
2025-10-16 20:00:00+00:00,1.34337,1.34449,1.34226,1.34436,12870
2025-10-17 00:00:00+00:00,1.34435,1.34508,1.34322,1.34476,33135
2025-10-17 04:00:00+00:00,1.34484,1.34712,1.34288,1.3432,45427
2025-10-17 08:00:00+00:00,1.34366,1.34428,1.34128,1.34345,48370
2025-10-17 12:00:00+00:00,1.34337,1.34344,1.33912,1.3422,66964
2025-10-17 16:00:00+00:00,1.3418,1.3438,1.34107,1.34369,44810
2025-10-17 20:00:00+00:00,1.34376,1.34376,1.34204,1.34204,6384
2025-10-19 20:00:00+00:00,1.34235,1.343,1.34209,1.34247,5635
2025-10-20 00:00:00+00:00,1.34273,1.34425,1.34217,1.34398,27507
2025-10-20 04:00:00+00:00,1.3439,1.34424,1.34057,1.34155,38954
2025-10-20 08:00:00+00:00,1.34144,1.34383,1.34004,1.34114,48927
2025-10-20 12:00:00+00:00,1.34139,1.34285,1.3401,1.34195,55293
2025-10-20 16:00:00+00:00,1.34204,1.34229,1.34,1.3406,33844
2025-10-20 20:00:00+00:00,1.34066,1.3418,1.33994,1.3404,8875
2025-10-21 00:00:00+00:00,1.3403,1.34153,1.3389,1.33926,24826
2025-10-21 04:00:00+00:00,1.3391,1.33965,1.3373,1.33928,40967
2025-10-21 08:00:00+00:00,1.33904,1.3393,1.33691,1.33842,50851
2025-10-21 12:00:00+00:00,1.33861,1.33925,1.33628,1.33884,65500
2025-10-21 16:00:00+00:00,1.33938,1.33955,1.33656,1.33715,44041
2025-10-21 20:00:00+00:00,1.33696,1.3375,1.33603,1.33648,9711
2025-10-22 00:00:00+00:00,1.33668,1.33793,1.33642,1.33739,25647
2025-10-22 04:00:00+00:00,1.33747,1.33865,1.33204,1.33219,41451
2025-10-22 08:00:00+00:00,1.33195,1.33321,1.3306,1.33276,50588
2025-10-22 12:00:00+00:00,1.33283,1.33737,1.3311,1.33702,63383
2025-10-22 16:00:00+00:00,1.33717,1.33755,1.33535,1.33564,45368
2025-10-22 20:00:00+00:00,1.33557,1.3364,1.33486,1.33503,10064
2025-10-23 00:00:00+00:00,1.33494,1.33494,1.33326,1.33327,22379
2025-10-23 04:00:00+00:00,1.33325,1.33566,1.3329,1.33505,30932
2025-10-23 08:00:00+00:00,1.33507,1.33541,1.33341,1.33359,36767
2025-10-23 12:00:00+00:00,1.33364,1.33495,1.3311,1.33207,56772
2025-10-23 16:00:00+00:00,1.33242,1.33258,1.33086,1.3324,34965
2025-10-23 20:00:00+00:00,1.33227,1.3329,1.33179,1.33263,9193
2025-10-24 00:00:00+00:00,1.3326,1.33317,1.33183,1.33248,24874
2025-10-24 04:00:00+00:00,1.33243,1.33329,1.33118,1.33139,35930
2025-10-24 08:00:00+00:00,1.33154,1.33259,1.33008,1.3306,44304
2025-10-24 12:00:00+00:00,1.33084,1.33586,1.32914,1.3296,66806
2025-10-24 16:00:00+00:00,1.32968,1.33116,1.32886,1.33116,32442
2025-10-24 20:00:00+00:00,1.33126,1.3317,1.33038,1.33038,6041
2025-10-26 20:00:00+00:00,1.33188,1.33261,1.33163,1.33212,7791
2025-10-27 00:00:00+00:00,1.33222,1.33346,1.33175,1.33214,21594
2025-10-27 04:00:00+00:00,1.33218,1.33337,1.33107,1.33157,30040
2025-10-27 08:00:00+00:00,1.33127,1.33513,1.33098,1.33477,45412
2025-10-27 12:00:00+00:00,1.3346,1.33504,1.33187,1.33287,52722
2025-10-27 16:00:00+00:00,1.33298,1.33387,1.33239,1.33346,34172
2025-10-27 20:00:00+00:00,1.33365,1.3344,1.33308,1.33398,10902
2025-10-28 00:00:00+00:00,1.3338,1.33579,1.3337,1.33556,23908
2025-10-28 04:00:00+00:00,1.33558,1.33694,1.33317,1.3336,36063
2025-10-28 08:00:00+00:00,1.33371,1.33371,1.33017,1.33076,47560
2025-10-28 12:00:00+00:00,1.33103,1.33131,1.32493,1.32769,58450
2025-10-28 16:00:00+00:00,1.32782,1.32893,1.32699,1.32726,41085
2025-10-28 20:00:00+00:00,1.32729,1.32787,1.32603,1.3278,10321
2025-10-29 00:00:00+00:00,1.32775,1.32798,1.32505,1.3252,24638
2025-10-29 04:00:00+00:00,1.32522,1.32542,1.32211,1.32276,32967
2025-10-29 08:00:00+00:00,1.32284,1.32284,1.31982,1.32174,44938
2025-10-29 12:00:00+00:00,1.32172,1.32467,1.31965,1.32412,58346
2025-10-29 16:00:00+00:00,1.3241,1.32435,1.3147,1.3194,61274
2025-10-29 20:00:00+00:00,1.3195,1.32,1.31783,1.3192,15563
2025-10-30 00:00:00+00:00,1.31925,1.32092,1.31872,1.32022,28545
2025-10-30 04:00:00+00:00,1.32019,1.32183,1.3192,1.31977,43228
2025-10-30 08:00:00+00:00,1.31985,1.3209,1.31751,1.3178,48643
2025-10-30 12:00:00+00:00,1.31767,1.31848,1.31164,1.31464,63232
2025-10-30 16:00:00+00:00,1.3149,1.3159,1.31352,1.31444,40234
2025-10-30 20:00:00+00:00,1.31437,1.31595,1.31437,1.31582,10774
2025-10-31 00:00:00+00:00,1.31589,1.31637,1.315,1.31515,21711
2025-10-31 04:00:00+00:00,1.31512,1.3157,1.31252,1.31452,30093
2025-10-31 08:00:00+00:00,1.3141,1.31474,1.31152,1.31285,43230
2025-10-31 12:00:00+00:00,1.31261,1.31385,1.30984,1.31382,58070
2025-10-31 16:00:00+00:00,1.31408,1.31435,1.31232,1.31361,39208
2025-10-31 20:00:00+00:00,1.31385,1.31479,1.31377,1.31459,5897
2025-11-02 20:00:00+00:00,1.31265,1.31403,1.31265,1.31336,4818
2025-11-03 00:00:00+00:00,1.31354,1.31415,1.31298,1.31389,18797
2025-11-03 04:00:00+00:00,1.31398,1.31487,1.31345,1.31379,24544
2025-11-03 08:00:00+00:00,1.31356,1.31385,1.31182,1.31276,38761
2025-11-03 12:00:00+00:00,1.31275,1.31461,1.31104,1.3146,50162
2025-11-03 16:00:00+00:00,1.31466,1.31617,1.31358,1.31374,42408
2025-11-03 20:00:00+00:00,1.31387,1.3146,1.31328,1.3134,15501
2025-11-04 00:00:00+00:00,1.31306,1.31321,1.3117,1.31277,25540
2025-11-04 04:00:00+00:00,1.31275,1.31386,1.31167,1.31209,38224
2025-11-04 08:00:00+00:00,1.31202,1.31202,1.30566,1.30584,51699
2025-11-04 12:00:00+00:00,1.30592,1.30676,1.30341,1.3046,55464
2025-11-04 16:00:00+00:00,1.30475,1.30514,1.30134,1.30146,44178
2025-11-04 20:00:00+00:00,1.3012,1.3028,1.30102,1.30206,17085
2025-11-05 00:00:00+00:00,1.30206,1.30234,1.30109,1.30198,27950
2025-11-05 04:00:00+00:00,1.30208,1.3031,1.30195,1.30268,29971
2025-11-05 08:00:00+00:00,1.30281,1.30505,1.30122,1.30348,44462
2025-11-05 12:00:00+00:00,1.30373,1.30461,1.30146,1.30412,56679
2025-11-05 16:00:00+00:00,1.30412,1.30487,1.30318,1.30448,41286
2025-11-05 20:00:00+00:00,1.30467,1.3054,1.30439,1.305,14820
2025-11-06 00:00:00+00:00,1.3051,1.3065,1.30506,1.30632,20146
2025-11-06 04:00:00+00:00,1.30633,1.30712,1.30528,1.30626,28973
2025-11-06 08:00:00+00:00,1.3063,1.30943,1.30596,1.30908,42402
2025-11-06 12:00:00+00:00,1.30704,1.31217,1.30612,1.31018,61711
2025-11-06 16:00:00+00:00,1.31004,1.31423,1.30972,1.31318,50943
2025-11-06 20:00:00+00:00,1.31336,1.3141,1.31234,1.31395,17415
2025-11-07 00:00:00+00:00,1.31383,1.31407,1.31152,1.31185,24699
2025-11-07 04:00:00+00:00,1.31169,1.3125,1.31135,1.3125,31430
2025-11-07 08:00:00+00:00,1.31236,1.31257,1.30954,1.31201,46539
2025-11-07 12:00:00+00:00,1.31193,1.31732,1.31097,1.31512,62649
2025-11-07 16:00:00+00:00,1.31526,1.31742,1.31526,1.31576,50789
2025-11-07 20:00:00+00:00,1.31568,1.3165,1.31528,1.31554,17633
2025-11-09 20:00:00+00:00,1.31429,1.31591,1.31389,1.31407,3703
2025-11-10 00:00:00+00:00,1.31489,1.31542,1.31371,1.31467,30003
2025-11-10 04:00:00+00:00,1.3148,1.3166,1.31397,1.31564,37181
2025-11-10 08:00:00+00:00,1.31574,1.3184,1.31522,1.31757,48936
2025-11-10 12:00:00+00:00,1.3176,1.319,1.31467,1.3148,49731
2025-11-10 16:00:00+00:00,1.3149,1.31845,1.31485,1.31797,45989
2025-11-10 20:00:00+00:00,1.31796,1.31842,1.31673,1.31713,17718
2025-11-11 00:00:00+00:00,1.31722,1.31744,1.31577,1.31678,26061
2025-11-11 04:00:00+00:00,1.31688,1.31709,1.3121,1.31249,37749
2025-11-11 08:00:00+00:00,1.31265,1.31497,1.31177,1.31483,47552
2025-11-11 12:00:00+00:00,1.31487,1.3183,1.31404,1.31734,57653
2025-11-11 16:00:00+00:00,1.31733,1.3179,1.31646,1.31664,43725
2025-11-11 20:00:00+00:00,1.31672,1.31705,1.31462,1.31515,15854
2025-11-12 00:00:00+00:00,1.31515,1.31518,1.31346,1.31394,23615
2025-11-12 04:00:00+00:00,1.31398,1.31487,1.31285,1.31452,35775
2025-11-12 08:00:00+00:00,1.31448,1.3155,1.31111,1.3137,52269
2025-11-12 12:00:00+00:00,1.3135,1.3135,1.30852,1.31303,61689
2025-11-12 16:00:00+00:00,1.31332,1.31437,1.31281,1.31298,45819
2025-11-12 20:00:00+00:00,1.31297,1.3135,1.31203,1.31273,13816
2025-11-13 00:00:00+00:00,1.31269,1.3128,1.31104,1.31257,21473
2025-11-13 04:00:00+00:00,1.31259,1.3142,1.31032,1.31404,20626
2025-11-13 08:00:00+00:00,1.31434,1.31691,1.31304,1.31476,30397
2025-11-13 12:00:00+00:00,1.3148,1.3198,1.3147,1.3198,36489
2025-11-13 16:00:00+00:00,1.31965,1.32147,1.31896,1.31896,33067
2025-11-13 20:00:00+00:00,1.31895,1.32,1.31382,1.31523,15745
2025-11-14 00:00:00+00:00,1.31537,1.31603,1.31357,1.31454,28225
2025-11-14 04:00:00+00:00,1.31456,1.31574,1.31275,1.31468,38389
2025-11-14 08:00:00+00:00,1.31471,1.31923,1.31082,1.31381,51721
2025-11-14 12:00:00+00:00,1.31357,1.31798,1.31254,1.3139,57748
2025-11-14 16:00:00+00:00,1.31401,1.31665,1.31398,1.31645,32591
2025-11-14 20:00:00+00:00,1.3162,1.31733,1.3162,1.3169,11263
2025-11-16 20:00:00+00:00,1.31556,1.31705,1.31556,1.31585,2246
2025-11-17 00:00:00+00:00,1.31564,1.31643,1.3141,1.31449,25576
2025-11-17 04:00:00+00:00,1.31446,1.31755,1.31362,1.3175,30875
2025-11-17 08:00:00+00:00,1.3171,1.31803,1.3152,1.31803,46782
2025-11-17 12:00:00+00:00,1.3178,1.31921,1.31616,1.31774,56268
2025-11-17 16:00:00+00:00,1.31769,1.31781,1.3146,1.3146,46562
2025-11-17 20:00:00+00:00,1.31449,1.316,1.31449,1.31548,19801
2025-11-18 00:00:00+00:00,1.31525,1.3155,1.3144,1.31488,29567
2025-11-18 04:00:00+00:00,1.31477,1.31637,1.31447,1.315,46115
2025-11-18 08:00:00+00:00,1.31528,1.31748,1.31373,1.31406,52741
2025-11-18 12:00:00+00:00,1.31378,1.31712,1.31352,1.31442,63498
2025-11-18 16:00:00+00:00,1.3144,1.31567,1.31359,1.3155,47330
2025-11-18 20:00:00+00:00,1.31546,1.31562,1.31414,1.31466,20227
2025-11-19 00:00:00+00:00,1.31436,1.31484,1.31289,1.31399,29660
2025-11-19 04:00:00+00:00,1.31398,1.31513,1.31326,1.3142,39346
2025-11-19 08:00:00+00:00,1.31467,1.31468,1.31017,1.31268,53331
2025-11-19 12:00:00+00:00,1.31281,1.31289,1.30727,1.30796,56951
2025-11-19 16:00:00+00:00,1.30802,1.30849,1.30434,1.30455,54860
2025-11-19 20:00:00+00:00,1.30467,1.3062,1.3044,1.30595,23270
2025-11-20 00:00:00+00:00,1.30571,1.30571,1.3037,1.30463,28455
2025-11-20 04:00:00+00:00,1.30458,1.30692,1.30437,1.30692,33701
2025-11-20 08:00:00+00:00,1.307,1.3084,1.30594,1.30645,47275
2025-11-20 12:00:00+00:00,1.30634,1.31214,1.3055,1.30945,62978
2025-11-20 16:00:00+00:00,1.30941,1.31017,1.30661,1.30871,58776
2025-11-20 20:00:00+00:00,1.30858,1.30862,1.30595,1.30827,22190
2025-11-21 00:00:00+00:00,1.30784,1.3088,1.30753,1.30863,32042
2025-11-21 04:00:00+00:00,1.30867,1.3097,1.3075,1.30809,40681
2025-11-21 08:00:00+00:00,1.30777,1.31023,1.3043,1.30449,56986
2025-11-21 12:00:00+00:00,1.30465,1.30981,1.304,1.3083,64833
2025-11-21 16:00:00+00:00,1.30857,1.31089,1.30737,1.31024,50677
2025-11-21 20:00:00+00:00,1.31021,1.31078,1.30935,1.3097,16189
2025-11-23 20:00:00+00:00,1.30948,1.30976,1.30928,1.30954,2277
2025-11-24 00:00:00+00:00,1.30953,1.31015,1.3085,1.30974,29363
2025-11-24 04:00:00+00:00,1.30978,1.31114,1.3089,1.309,38042
2025-11-24 08:00:00+00:00,1.30918,1.31086,1.30884,1.3091,50188
2025-11-24 12:00:00+00:00,1.30918,1.31174,1.30812,1.30983,52087
2025-11-24 16:00:00+00:00,1.3098,1.31156,1.3086,1.31086,40813
2025-11-24 20:00:00+00:00,1.31085,1.3111,1.3102,1.31053,17903
2025-11-25 00:00:00+00:00,1.31055,1.31151,1.30996,1.30996,29318
2025-11-25 04:00:00+00:00,1.30993,1.31275,1.3094,1.31217,35278
2025-11-25 08:00:00+00:00,1.31208,1.314,1.31095,1.31119,48892
2025-11-25 12:00:00+00:00,1.311,1.31945,1.311,1.31767,57647
2025-11-25 16:00:00+00:00,1.31759,1.32135,1.31716,1.32116,44705
2025-11-25 20:00:00+00:00,1.32129,1.32129,1.31537,1.31576,22214
2025-11-26 00:00:00+00:00,1.31626,1.31968,1.31616,1.3196,31370
2025-11-26 04:00:00+00:00,1.31964,1.31971,1.31659,1.31791,32182
2025-11-26 08:00:00+00:00,1.31792,1.31926,1.3149,1.3172,50069
2025-11-26 12:00:00+00:00,1.31642,1.32335,1.31288,1.32255,64168
2025-11-26 16:00:00+00:00,1.3228,1.32368,1.32188,1.32343,41154
2025-11-26 20:00:00+00:00,1.32344,1.32461,1.3233,1.32442,15849
2025-11-27 00:00:00+00:00,1.32444,1.32622,1.32435,1.3254,27414
2025-11-27 04:00:00+00:00,1.3255,1.32672,1.32308,1.32387,33382
2025-11-27 08:00:00+00:00,1.32355,1.32409,1.3209,1.32292,39564
2025-11-27 12:00:00+00:00,1.32272,1.32517,1.3226,1.3251,39568
2025-11-27 16:00:00+00:00,1.32502,1.3256,1.3229,1.32368,20255
2025-11-27 20:00:00+00:00,1.32371,1.3241,1.32288,1.32395,11055
2025-11-28 00:00:00+00:00,1.32424,1.32438,1.32286,1.3238,35110
2025-11-28 04:00:00+00:00,1.32369,1.32414,1.32106,1.32133,52370
2025-11-28 08:00:00+00:00,1.32111,1.3226,1.3201,1.32018,67141
2025-11-28 12:00:00+00:00,1.32013,1.3251,1.32013,1.3251,69493
2025-11-28 16:00:00+00:00,1.32471,1.32505,1.32268,1.32452,42234
2025-11-28 20:00:00+00:00,1.32458,1.32464,1.3231,1.3232,10190
2025-11-30 20:00:00+00:00,1.32231,1.32474,1.32231,1.32385,3749
2025-12-01 00:00:00+00:00,1.32414,1.32458,1.32223,1.32304,36296
2025-12-01 04:00:00+00:00,1.323,1.32334,1.32112,1.32202,42466
2025-12-01 08:00:00+00:00,1.32158,1.32353,1.32067,1.32333,54874
2025-12-01 12:00:00+00:00,1.32382,1.32737,1.32319,1.3252,61851
2025-12-01 16:00:00+00:00,1.32517,1.32517,1.3208,1.32123,48224
2025-12-01 20:00:00+00:00,1.3214,1.32175,1.32081,1.32084,15785
2025-12-02 00:00:00+00:00,1.32093,1.32173,1.3203,1.32167,21617
2025-12-02 04:00:00+00:00,1.32179,1.32208,1.32074,1.32151,28357
2025-12-02 08:00:00+00:00,1.32158,1.32197,1.31809,1.31982,49232
2025-12-02 12:00:00+00:00,1.31966,1.3213,1.31867,1.32007,54916
2025-12-02 16:00:00+00:00,1.32038,1.3212,1.31806,1.32096,41879
2025-12-02 20:00:00+00:00,1.32107,1.32204,1.31922,1.32194,15187
2025-12-03 00:00:00+00:00,1.32189,1.32315,1.3218,1.32288,23108
2025-12-03 04:00:00+00:00,1.32286,1.32519,1.3227,1.32425,31956
2025-12-03 08:00:00+00:00,1.32435,1.32962,1.3238,1.32962,47379
2025-12-03 12:00:00+00:00,1.3297,1.3331,1.32927,1.3331,59002
2025-12-03 16:00:00+00:00,1.33321,1.3353,1.33296,1.33506,44714
2025-12-03 20:00:00+00:00,1.33507,1.3353,1.33451,1.33471,16782
2025-12-04 00:00:00+00:00,1.33454,1.33454,1.3326,1.33316,24188
2025-12-04 04:00:00+00:00,1.33316,1.33404,1.333,1.33365,31555
2025-12-04 08:00:00+00:00,1.33357,1.33626,1.33346,1.33599,49493
2025-12-04 12:00:00+00:00,1.33602,1.33837,1.33309,1.33725,58457
2025-12-04 16:00:00+00:00,1.3372,1.3372,1.3336,1.33397,39903
2025-12-04 20:00:00+00:00,1.33364,1.33387,1.33198,1.33214,14869
2025-12-05 00:00:00+00:00,1.33237,1.33336,1.33218,1.33268,18734
2025-12-05 04:00:00+00:00,1.33268,1.33611,1.33268,1.3353,32410
2025-12-05 08:00:00+00:00,1.33479,1.33588,1.33286,1.33399,44416
2025-12-05 12:00:00+00:00,1.33415,1.33609,1.33384,1.3342,52824
2025-12-05 16:00:00+00:00,1.33355,1.33389,1.33182,1.3334,41692
2025-12-05 20:00:00+00:00,1.33319,1.33368,1.3326,1.33289,13598
2025-12-07 20:00:00+00:00,1.33222,1.33295,1.33166,1.33255,3515
2025-12-08 00:00:00+00:00,1.33229,1.33417,1.33229,1.33368,22167
2025-12-08 04:00:00+00:00,1.33368,1.33456,1.33227,1.3325,29457
2025-12-08 08:00:00+00:00,1.33255,1.3332,1.33145,1.33176,36648
2025-12-08 12:00:00+00:00,1.33182,1.33361,1.33066,1.33117,49303
2025-12-08 16:00:00+00:00,1.33112,1.33304,1.33084,1.33265,40275
2025-12-08 20:00:00+00:00,1.3328,1.33288,1.33141,1.33263,12854
2025-12-09 00:00:00+00:00,1.33275,1.3334,1.3318,1.33278,20955
2025-12-09 04:00:00+00:00,1.33292,1.33365,1.33234,1.33279,30604
2025-12-09 08:00:00+00:00,1.33305,1.33548,1.33243,1.33287,46659
2025-12-09 12:00:00+00:00,1.33304,1.33304,1.32897,1.32967,57125
2025-12-09 16:00:00+00:00,1.32979,1.33177,1.3292,1.33018,41084
2025-12-09 20:00:00+00:00,1.33029,1.33057,1.32901,1.33022,14942
2025-12-10 00:00:00+00:00,1.33032,1.33044,1.3295,1.33022,19703
2025-12-10 04:00:00+00:00,1.33038,1.3325,1.3302,1.3324,28590
2025-12-10 08:00:00+00:00,1.33213,1.33264,1.33015,1.33103,44904
2025-12-10 12:00:00+00:00,1.33109,1.33355,1.33053,1.33206,52561
2025-12-10 16:00:00+00:00,1.33216,1.33677,1.33162,1.33646,53013
2025-12-10 20:00:00+00:00,1.33617,1.33911,1.33614,1.33878,26848
2025-12-11 00:00:00+00:00,1.3388,1.33914,1.33659,1.33667,27380
2025-12-11 04:00:00+00:00,1.3368,1.33781,1.33593,1.33698,33170
2025-12-11 08:00:00+00:00,1.33699,1.33865,1.3354,1.33855,48790
2025-12-11 12:00:00+00:00,1.3384,1.34346,1.33787,1.34345,59558
2025-12-11 16:00:00+00:00,1.34346,1.34365,1.339,1.33902,46511
2025-12-11 20:00:00+00:00,1.3386,1.33955,1.3383,1.33928,17292
2025-12-12 00:00:00+00:00,1.33943,1.33992,1.3388,1.33907,21367
2025-12-12 04:00:00+00:00,1.33906,1.3398,1.3374,1.33843,27303
2025-12-12 08:00:00+00:00,1.33801,1.33882,1.33678,1.33748,42452
2025-12-12 12:00:00+00:00,1.33726,1.33832,1.33531,1.33545,53924
2025-12-12 16:00:00+00:00,1.33568,1.33756,1.33432,1.33655,49288
2025-12-12 20:00:00+00:00,1.337,1.33742,1.33614,1.3372,14102
2025-12-14 20:00:00+00:00,1.33775,1.33775,1.33589,1.33666,2096
2025-12-15 00:00:00+00:00,1.33666,1.3374,1.33556,1.33563,24783
2025-12-15 04:00:00+00:00,1.33554,1.33691,1.33547,1.33635,30384
2025-12-15 08:00:00+00:00,1.33644,1.33891,1.33613,1.33832,40408
2025-12-15 12:00:00+00:00,1.33849,1.34007,1.33831,1.33947,51644
2025-12-15 16:00:00+00:00,1.33937,1.33939,1.33588,1.33726,45027
2025-12-15 20:00:00+00:00,1.33708,1.33802,1.33672,1.33783,16363
2025-12-16 00:00:00+00:00,1.33802,1.33826,1.33616,1.33654,29957
2025-12-16 04:00:00+00:00,1.33662,1.33782,1.33557,1.33746,32880
2025-12-16 08:00:00+00:00,1.33763,1.34308,1.33763,1.34308,47395
2025-12-16 12:00:00+00:00,1.34309,1.34519,1.3405,1.34155,66747
2025-12-16 16:00:00+00:00,1.34157,1.34397,1.34076,1.34251,54828
2025-12-16 20:00:00+00:00,1.34297,1.34351,1.34171,1.34248,21000
2025-12-17 00:00:00+00:00,1.34253,1.34253,1.34063,1.34095,22968
2025-12-17 04:00:00+00:00,1.34071,1.34087,1.33159,1.33224,40233
2025-12-17 08:00:00+00:00,1.33241,1.33367,1.3311,1.3327,50460
2025-12-17 12:00:00+00:00,1.33271,1.33996,1.33271,1.33993,59573
2025-12-17 16:00:00+00:00,1.34004,1.34048,1.33724,1.33766,52864
2025-12-17 20:00:00+00:00,1.33783,1.33838,1.33706,1.33728,17263
2025-12-18 00:00:00+00:00,1.33739,1.33784,1.33617,1.33645,23729
2025-12-18 04:00:00+00:00,1.33643,1.33737,1.33628,1.33661,30655
2025-12-18 08:00:00+00:00,1.33676,1.33719,1.33413,1.335,42287
2025-12-18 12:00:00+00:00,1.33782,1.3445,1.33754,1.33948,69225
2025-12-18 16:00:00+00:00,1.33935,1.34039,1.3371,1.3386,51949
2025-12-18 20:00:00+00:00,1.3386,1.33889,1.33728,1.33827,18407
2025-12-19 00:00:00+00:00,1.33828,1.33858,1.33748,1.33775,24937
2025-12-19 04:00:00+00:00,1.33781,1.33843,1.33642,1.33651,33817
2025-12-19 08:00:00+00:00,1.3366,1.33875,1.3366,1.33722,47936
2025-12-19 12:00:00+00:00,1.33722,1.33862,1.33574,1.33615,57615
2025-12-19 16:00:00+00:00,1.33604,1.33912,1.33604,1.33905,43750
2025-12-19 20:00:00+00:00,1.33915,1.33937,1.33721,1.3377,14183
2025-12-21 20:00:00+00:00,1.3379,1.33827,1.33594,1.33772,7142
2025-12-22 00:00:00+00:00,1.33783,1.33993,1.33783,1.3392,31536
2025-12-22 04:00:00+00:00,1.33921,1.34186,1.33919,1.34137,29284
2025-12-22 08:00:00+00:00,1.3411,1.34409,1.34103,1.34383,44236
2025-12-22 12:00:00+00:00,1.34374,1.34577,1.34276,1.34532,52766
2025-12-22 16:00:00+00:00,1.34533,1.34766,1.3448,1.34582,42297
2025-12-22 20:00:00+00:00,1.3457,1.34687,1.34521,1.34669,15567
2025-12-23 00:00:00+00:00,1.34685,1.34891,1.34685,1.34887,23462
2025-12-23 04:00:00+00:00,1.34899,1.35014,1.34803,1.35014,32739
2025-12-23 08:00:00+00:00,1.34985,1.35182,1.34969,1.35034,47775
2025-12-23 12:00:00+00:00,1.35051,1.35115,1.34739,1.34836,56343
2025-12-23 16:00:00+00:00,1.34831,1.34967,1.34709,1.34967,38279
2025-12-23 20:00:00+00:00,1.3497,1.35224,1.34849,1.35123,16815
2025-12-24 00:00:00+00:00,1.35146,1.35335,1.35071,1.35159,25619
2025-12-24 04:00:00+00:00,1.35147,1.35233,1.3508,1.351,31194
2025-12-24 08:00:00+00:00,1.35133,1.35267,1.35026,1.35138,39752
2025-12-24 12:00:00+00:00,1.35121,1.3514,1.34925,1.35067,46584
2025-12-24 16:00:00+00:00,1.35055,1.35089,1.34948,1.3495,19135
2025-12-24 20:00:00+00:00,1.3495,1.3495,1.3495,1.3495,1
2025-12-25 20:00:00+00:00,1.3524,1.3527,1.34954,1.35072,5125
2025-12-26 00:00:00+00:00,1.35055,1.35218,1.35047,1.35053,27141
2025-12-26 04:00:00+00:00,1.35046,1.35067,1.348,1.34825,31605
2025-12-26 08:00:00+00:00,1.34798,1.34979,1.34765,1.34943,36130
2025-12-26 12:00:00+00:00,1.34934,1.35261,1.3488,1.35065,46147
2025-12-26 16:00:00+00:00,1.35062,1.35069,1.34828,1.35,42443
2025-12-26 20:00:00+00:00,1.35011,1.3506,1.34916,1.3493,15281
2025-12-28 20:00:00+00:00,1.34916,1.35003,1.34875,1.34962,4017
2025-12-29 00:00:00+00:00,1.34994,1.35113,1.34994,1.35064,27959
2025-12-29 04:00:00+00:00,1.35056,1.35056,1.34818,1.34849,34802
2025-12-29 08:00:00+00:00,1.3485,1.35102,1.3475,1.34889,49946
2025-12-29 12:00:00+00:00,1.34853,1.35099,1.34701,1.34991,59773
2025-12-29 16:00:00+00:00,1.34978,1.35074,1.34823,1.35066,45097
2025-12-29 20:00:00+00:00,1.35071,1.35136,1.34981,1.35078,18266
2025-12-30 00:00:00+00:00,1.35091,1.351,1.3497,1.35049,21013
2025-12-30 04:00:00+00:00,1.35049,1.35206,1.35005,1.35055,28398
2025-12-30 08:00:00+00:00,1.35074,1.353,1.35039,1.35041,40769
2025-12-30 12:00:00+00:00,1.35027,1.35071,1.34503,1.34735,53100
2025-12-30 16:00:00+00:00,1.34729,1.34827,1.3462,1.34653,40506
2025-12-30 20:00:00+00:00,1.3466,1.347,1.34603,1.34657,15714
2025-12-31 00:00:00+00:00,1.34668,1.34668,1.3458,1.34636,22793
2025-12-31 04:00:00+00:00,1.34635,1.34638,1.3451,1.34561,26729
2025-12-31 08:00:00+00:00,1.34592,1.34636,1.34262,1.34552,41087
2025-12-31 12:00:00+00:00,1.34575,1.34752,1.34027,1.34503,56044
2025-12-31 16:00:00+00:00,1.34486,1.34595,1.34382,1.34475,26127
2025-12-31 20:00:00+00:00,1.34475,1.34475,1.34475,1.34475,1
2026-01-01 20:00:00+00:00,1.346,1.34734,1.3449,1.3473,3847
