time,open,high,low,close,volume
2018-01-01 20:00:00+00:00,1.25504,1.25572,1.25426,1.25565,2909
2018-01-02 00:00:00+00:00,1.25552,1.25562,1.25505,1.25512,819
2018-01-02 04:00:00+00:00,1.25348,1.2539,1.25207,1.25257,14513
2018-01-02 08:00:00+00:00,1.25247,1.25486,1.25206,1.25486,28739
2018-01-02 12:00:00+00:00,1.25485,1.25485,1.25028,1.25028,51486
2018-01-02 16:00:00+00:00,1.25048,1.2512,1.25001,1.25083,33460
2018-01-02 20:00:00+00:00,1.2509,1.25174,1.25027,1.25068,16717
2018-01-03 00:00:00+00:00,1.25054,1.25305,1.25018,1.25211,18230
2018-01-03 04:00:00+00:00,1.25208,1.25265,1.25077,1.25173,18669
2018-01-03 08:00:00+00:00,1.25156,1.25274,1.25082,1.25217,23671
2018-01-03 12:00:00+00:00,1.25219,1.25373,1.25022,1.2537,47034
2018-01-03 16:00:00+00:00,1.2537,1.25527,1.25291,1.2537,32111
2018-01-03 20:00:00+00:00,1.25344,1.25475,1.25287,1.2547,14451
2018-01-04 00:00:00+00:00,1.2548,1.25545,1.25375,1.25389,17549
2018-01-04 04:00:00+00:00,1.25382,1.2539,1.25167,1.25224,22531
2018-01-04 08:00:00+00:00,1.25197,1.25296,1.25129,1.25171,24488
2018-01-04 12:00:00+00:00,1.2515,1.25386,1.25119,1.25271,53057
2018-01-04 16:00:00+00:00,1.25266,1.25306,1.24887,1.24962,38899
2018-01-04 20:00:00+00:00,1.24965,1.24987,1.24833,1.24911,17699
2018-01-05 00:00:00+00:00,1.24911,1.24951,1.24839,1.24877,14340
2018-01-05 04:00:00+00:00,1.24879,1.25078,1.24846,1.25078,16468
2018-01-05 08:00:00+00:00,1.25028,1.25126,1.25003,1.25042,23248
2018-01-05 12:00:00+00:00,1.25062,1.2512,1.23604,1.23949,92720
2018-01-05 16:00:00+00:00,1.23971,1.24121,1.23858,1.24065,31974
2018-01-05 20:00:00+00:00,1.24079,1.24146,1.24063,1.24113,8690
2018-01-07 20:00:00+00:00,1.24097,1.24116,1.23944,1.23944,3245
2018-01-08 00:00:00+00:00,1.23943,1.24018,1.23786,1.23958,18042
2018-01-08 04:00:00+00:00,1.23958,1.24185,1.23958,1.24134,17854
2018-01-08 08:00:00+00:00,1.24113,1.24175,1.23882,1.24114,23233
2018-01-08 12:00:00+00:00,1.24111,1.24379,1.24013,1.2421,44202
2018-01-08 16:00:00+00:00,1.24194,1.24301,1.24086,1.24211,27050
2018-01-08 20:00:00+00:00,1.24225,1.24272,1.2414,1.2415,10514
2018-01-09 00:00:00+00:00,1.24164,1.2422,1.24052,1.24083,19915
2018-01-09 04:00:00+00:00,1.24089,1.242,1.2401,1.24175,18964
2018-01-09 08:00:00+00:00,1.24204,1.24475,1.24204,1.24275,32761
2018-01-09 12:00:00+00:00,1.24254,1.2477,1.24225,1.24606,45869
2018-01-09 16:00:00+00:00,1.24596,1.24679,1.24513,1.2459,30236
2018-01-09 20:00:00+00:00,1.24586,1.24743,1.24578,1.24743,14121
2018-01-10 00:00:00+00:00,1.24737,1.24737,1.24554,1.24607,20289
2018-01-10 04:00:00+00:00,1.24606,1.24756,1.24593,1.24639,23839
2018-01-10 08:00:00+00:00,1.24631,1.24648,1.2429,1.24418,50909
2018-01-10 12:00:00+00:00,1.24424,1.24936,1.24367,1.24791,63165
2018-01-10 16:00:00+00:00,1.24812,1.25803,1.24778,1.25777,62803
2018-01-10 20:00:00+00:00,1.25775,1.25775,1.25263,1.25332,32426
2018-01-11 00:00:00+00:00,1.25338,1.25591,1.25338,1.25489,30762
2018-01-11 04:00:00+00:00,1.25491,1.25658,1.25415,1.25578,24457
2018-01-11 08:00:00+00:00,1.25586,1.25885,1.25464,1.25809,38360
2018-01-11 12:00:00+00:00,1.25776,1.25836,1.25242,1.25341,79061
2018-01-11 16:00:00+00:00,1.25398,1.25415,1.2516,1.25234,37662
2018-01-11 20:00:00+00:00,1.2526,1.25454,1.2518,1.25222,16837
2018-01-12 00:00:00+00:00,1.25235,1.25306,1.25097,1.2525,20323
2018-01-12 04:00:00+00:00,1.25242,1.25479,1.25227,1.25473,20229
2018-01-12 08:00:00+00:00,1.25479,1.25532,1.25101,1.25205,37263
2018-01-12 12:00:00+00:00,1.25232,1.25526,1.24937,1.25106,89245
2018-01-12 16:00:00+00:00,1.25106,1.25321,1.24704,1.2485,47709
2018-01-12 20:00:00+00:00,1.24868,1.24874,1.24554,1.24554,11418
2018-01-14 20:00:00+00:00,1.2465,1.24672,1.2443,1.24611,5894
2018-01-15 00:00:00+00:00,1.24594,1.24701,1.24443,1.24518,28089
2018-01-15 04:00:00+00:00,1.24515,1.24555,1.24395,1.24452,32209
2018-01-15 08:00:00+00:00,1.24451,1.24495,1.24069,1.24391,35148
2018-01-15 12:00:00+00:00,1.2441,1.24463,1.2407,1.24075,41316
2018-01-15 16:00:00+00:00,1.24063,1.24295,1.24043,1.24262,72424
2018-01-15 20:00:00+00:00,1.24252,1.24285,1.2419,1.24285,48985
2018-01-16 00:00:00+00:00,1.24291,1.24439,1.24245,1.24338,18809
2018-01-16 04:00:00+00:00,1.24322,1.24383,1.24187,1.24302,28373
2018-01-16 08:00:00+00:00,1.24292,1.24514,1.24184,1.24493,37260
2018-01-16 12:00:00+00:00,1.24485,1.24485,1.2405,1.24087,49059
2018-01-16 16:00:00+00:00,1.24069,1.24405,1.23982,1.24274,41416
2018-01-16 20:00:00+00:00,1.24294,1.24376,1.24199,1.24255,14088
2018-01-17 00:00:00+00:00,1.24245,1.24434,1.24121,1.24416,32228
2018-01-17 04:00:00+00:00,1.24409,1.24605,1.24406,1.24547,33228
2018-01-17 08:00:00+00:00,1.24548,1.24588,1.24328,1.24483,34201
2018-01-17 12:00:00+00:00,1.2447,1.25028,1.24073,1.2459,88430
2018-01-17 16:00:00+00:00,1.24607,1.24825,1.23776,1.24061,78662
2018-01-17 20:00:00+00:00,1.24192,1.24559,1.23976,1.24438,31562
2018-01-18 00:00:00+00:00,1.24448,1.24672,1.24335,1.24582,36658
2018-01-18 04:00:00+00:00,1.24582,1.24593,1.24409,1.24424,32414
2018-01-18 08:00:00+00:00,1.24404,1.24594,1.24322,1.24458,32211
2018-01-18 12:00:00+00:00,1.24409,1.24849,1.24355,1.24695,57166
2018-01-18 16:00:00+00:00,1.24672,1.24672,1.2415,1.24306,55410
2018-01-18 20:00:00+00:00,1.24278,1.24316,1.24,1.24111,21116
2018-01-19 00:00:00+00:00,1.24098,1.24299,1.24018,1.24123,33711
2018-01-19 04:00:00+00:00,1.24139,1.24293,1.24127,1.24245,27294
2018-01-19 08:00:00+00:00,1.24272,1.24343,1.24006,1.24232,37174
2018-01-19 12:00:00+00:00,1.24213,1.24556,1.24213,1.24507,57077
2018-01-19 16:00:00+00:00,1.24497,1.24817,1.24473,1.24812,37924
2018-01-19 20:00:00+00:00,1.24822,1.25061,1.2482,1.24957,14546
2018-01-21 20:00:00+00:00,1.2474,1.24957,1.2474,1.24861,3781
2018-01-22 00:00:00+00:00,1.24862,1.24958,1.24793,1.24831,22072
2018-01-22 04:00:00+00:00,1.24838,1.2489,1.24659,1.24675,22048
2018-01-22 08:00:00+00:00,1.24673,1.24768,1.24578,1.24611,26265
2018-01-22 12:00:00+00:00,1.24612,1.24781,1.2435,1.24443,30585
2018-01-22 16:00:00+00:00,1.24481,1.2469,1.24445,1.24528,32773
2018-01-22 20:00:00+00:00,1.24555,1.246,1.2442,1.24531,21009
2018-01-23 00:00:00+00:00,1.24517,1.24636,1.244,1.24558,25427
2018-01-23 04:00:00+00:00,1.24564,1.24714,1.24461,1.24714,29833
2018-01-23 08:00:00+00:00,1.24714,1.24904,1.24709,1.24758,36716
2018-01-23 12:00:00+00:00,1.24735,1.24866,1.24334,1.24343,51488
2018-01-23 16:00:00+00:00,1.24314,1.2466,1.24305,1.24335,41834
2018-01-23 20:00:00+00:00,1.2434,1.24347,1.24126,1.24151,15142
2018-01-24 00:00:00+00:00,1.24137,1.24249,1.24076,1.24139,27090
2018-01-24 04:00:00+00:00,1.2413,1.24145,1.23991,1.24113,40593
2018-01-24 08:00:00+00:00,1.24092,1.24092,1.23244,1.23244,48770
2018-01-24 12:00:00+00:00,1.23252,1.23523,1.2318,1.23484,65895
2018-01-24 16:00:00+00:00,1.23472,1.23653,1.23169,1.23209,47555
2018-01-24 20:00:00+00:00,1.23201,1.23549,1.23199,1.23508,22210
2018-01-25 00:00:00+00:00,1.23479,1.23488,1.23057,1.23126,44566
2018-01-25 04:00:00+00:00,1.23136,1.23277,1.22931,1.23242,59389
2018-01-25 08:00:00+00:00,1.23281,1.23288,1.23099,1.23245,48428
2018-01-25 12:00:00+00:00,1.23242,1.2336,1.22831,1.22874,99706
2018-01-25 16:00:00+00:00,1.22869,1.23894,1.22869,1.23623,77371
2018-01-25 20:00:00+00:00,1.23678,1.23899,1.23577,1.23791,43477
2018-01-26 00:00:00+00:00,1.23787,1.23832,1.23464,1.23509,37155
2018-01-26 04:00:00+00:00,1.23498,1.23605,1.23136,1.23199,37480
2018-01-26 08:00:00+00:00,1.23192,1.2324,1.23058,1.23218,44343
2018-01-26 12:00:00+00:00,1.23165,1.23591,1.23047,1.23264,85737
2018-01-26 16:00:00+00:00,1.23277,1.23299,1.22933,1.23187,53960
2018-01-26 20:00:00+00:00,1.23182,1.23307,1.23142,1.23142,25465
2018-01-28 20:00:00+00:00,1.23186,1.23317,1.23124,1.23124,5113
2018-01-29 00:00:00+00:00,1.23141,1.23527,1.23123,1.23327,33963
2018-01-29 04:00:00+00:00,1.23319,1.23549,1.2328,1.2345,29391
2018-01-29 08:00:00+00:00,1.23425,1.23556,1.2337,1.23407,34491
2018-01-29 12:00:00+00:00,1.23388,1.23487,1.23252,1.23295,44409
2018-01-29 16:00:00+00:00,1.23297,1.23543,1.23211,1.23229,52253
2018-01-29 20:00:00+00:00,1.23237,1.23418,1.23237,1.23355,25642
2018-01-30 00:00:00+00:00,1.23342,1.23565,1.2331,1.23468,30578
2018-01-30 04:00:00+00:00,1.23467,1.23778,1.23432,1.23763,30046
2018-01-30 08:00:00+00:00,1.23763,1.23785,1.23099,1.23138,40681
2018-01-30 12:00:00+00:00,1.23128,1.23473,1.23124,1.23265,49861
2018-01-30 16:00:00+00:00,1.23267,1.23456,1.23235,1.23235,36439
2018-01-30 20:00:00+00:00,1.2323,1.23428,1.23226,1.23354,17027
2018-01-31 00:00:00+00:00,1.23371,1.23474,1.23129,1.23157,36868
2018-01-31 04:00:00+00:00,1.23156,1.23209,1.22728,1.22863,35624
2018-01-31 08:00:00+00:00,1.22926,1.22953,1.22759,1.22885,31637
2018-01-31 12:00:00+00:00,1.22837,1.2295,1.22551,1.22689,59858
2018-01-31 16:00:00+00:00,1.22696,1.23227,1.22683,1.23038,76247
2018-01-31 20:00:00+00:00,1.23022,1.23184,1.22907,1.23048,25674
2018-02-01 00:00:00+00:00,1.23022,1.23195,1.22949,1.23081,31463
2018-02-01 04:00:00+00:00,1.23087,1.23267,1.22997,1.2322,38328
2018-02-01 08:00:00+00:00,1.23201,1.23312,1.22974,1.23211,37961
2018-02-01 12:00:00+00:00,1.23205,1.23275,1.22707,1.22832,55251
2018-02-01 16:00:00+00:00,1.22822,1.22966,1.22665,1.22727,44523
2018-02-01 20:00:00+00:00,1.22702,1.22732,1.22564,1.2259,31218
2018-02-02 00:00:00+00:00,1.22578,1.22862,1.22578,1.22748,40546
2018-02-02 04:00:00+00:00,1.22749,1.22907,1.2272,1.22823,27783
2018-02-02 08:00:00+00:00,1.22813,1.23157,1.22813,1.23108,32368
2018-02-02 12:00:00+00:00,1.2309,1.24022,1.23029,1.23892,89773
2018-02-02 16:00:00+00:00,1.23925,1.24042,1.23677,1.23886,76675
2018-02-02 20:00:00+00:00,1.23875,1.24343,1.23852,1.24214,33514
2018-02-04 20:00:00+00:00,1.24343,1.24503,1.2431,1.24344,8203
2018-02-05 00:00:00+00:00,1.24351,1.24391,1.241,1.24177,33501
2018-02-05 04:00:00+00:00,1.24194,1.24232,1.24105,1.24232,29747
2018-02-05 08:00:00+00:00,1.24178,1.24331,1.23978,1.24331,44865
2018-02-05 12:00:00+00:00,1.24326,1.24919,1.24268,1.24673,67079
2018-02-05 16:00:00+00:00,1.24687,1.25208,1.24687,1.25075,61189
2018-02-05 20:00:00+00:00,1.25051,1.25419,1.24935,1.2533,87433
2018-02-06 00:00:00+00:00,1.25351,1.25643,1.2528,1.25439,63774
2018-02-06 04:00:00+00:00,1.25441,1.25602,1.25255,1.25293,61160
2018-02-06 08:00:00+00:00,1.2535,1.25442,1.25058,1.25441,57165
2018-02-06 12:00:00+00:00,1.25465,1.2565,1.25071,1.25317,104924
2018-02-06 16:00:00+00:00,1.25324,1.25433,1.25124,1.25219,88400
2018-02-06 20:00:00+00:00,1.25218,1.25262,1.24899,1.2505,37419
2018-02-07 00:00:00+00:00,1.25052,1.25133,1.2498,1.2512,29569
2018-02-07 04:00:00+00:00,1.2511,1.25175,1.24978,1.25152,31181
2018-02-07 08:00:00+00:00,1.25188,1.25279,1.25049,1.2513,36396
2018-02-07 12:00:00+00:00,1.25136,1.25438,1.25092,1.25404,61617
2018-02-07 16:00:00+00:00,1.25401,1.25767,1.25236,1.25699,68863
2018-02-07 20:00:00+00:00,1.25715,1.25728,1.25565,1.25665,30752
2018-02-08 00:00:00+00:00,1.2568,1.25698,1.25499,1.25609,32858
2018-02-08 04:00:00+00:00,1.256,1.25787,1.25523,1.25787,42148
2018-02-08 08:00:00+00:00,1.25804,1.25971,1.25724,1.25885,45602
2018-02-08 12:00:00+00:00,1.25826,1.25984,1.25464,1.25974,86564
2018-02-08 16:00:00+00:00,1.25988,1.26117,1.25699,1.25889,105035
2018-02-08 20:00:00+00:00,1.25888,1.26121,1.25829,1.2589,32621
2018-02-09 00:00:00+00:00,1.25924,1.26107,1.25915,1.25978,43633
2018-02-09 04:00:00+00:00,1.25996,1.26005,1.2586,1.25926,30165
2018-02-09 08:00:00+00:00,1.25918,1.26153,1.25901,1.26079,39223
2018-02-09 12:00:00+00:00,1.26068,1.26688,1.25655,1.26158,110804
2018-02-09 16:00:00+00:00,1.26148,1.26298,1.25851,1.26131,106618
2018-02-09 20:00:00+00:00,1.2616,1.26194,1.25792,1.25814,38113
2018-02-11 20:00:00+00:00,1.25912,1.25963,1.25876,1.25881,3806
2018-02-12 00:00:00+00:00,1.25881,1.25888,1.25604,1.25604,26290
2018-02-12 04:00:00+00:00,1.25595,1.25721,1.25567,1.25718,17631
2018-02-12 08:00:00+00:00,1.25746,1.25839,1.25573,1.2569,34949
2018-02-12 12:00:00+00:00,1.25715,1.26132,1.25687,1.26131,59396
2018-02-12 16:00:00+00:00,1.26152,1.26224,1.25988,1.26128,44511
2018-02-12 20:00:00+00:00,1.2609,1.26091,1.25758,1.25806,30083
2018-02-13 00:00:00+00:00,1.25803,1.25926,1.25776,1.25777,20919
2018-02-13 04:00:00+00:00,1.25775,1.25866,1.25712,1.25852,27006
2018-02-13 08:00:00+00:00,1.25859,1.25937,1.25675,1.25915,40129
2018-02-13 12:00:00+00:00,1.25934,1.26225,1.2581,1.25994,58865
2018-02-13 16:00:00+00:00,1.26028,1.26099,1.25913,1.25929,40005
2018-02-13 20:00:00+00:00,1.25954,1.25972,1.25852,1.25889,22490
2018-02-14 00:00:00+00:00,1.25899,1.25903,1.2561,1.25633,21022
2018-02-14 04:00:00+00:00,1.25642,1.25842,1.25642,1.25836,20696
2018-02-14 08:00:00+00:00,1.2583,1.25909,1.25726,1.25767,25496
2018-02-14 12:00:00+00:00,1.25775,1.26462,1.25374,1.25581,112772
2018-02-14 16:00:00+00:00,1.25533,1.25795,1.25186,1.25207,69327
2018-02-14 20:00:00+00:00,1.25182,1.25182,1.24801,1.24824,50154
2018-02-15 00:00:00+00:00,1.24825,1.25018,1.24805,1.24908,31317
2018-02-15 04:00:00+00:00,1.24898,1.24929,1.24655,1.24683,31462
2018-02-15 08:00:00+00:00,1.24697,1.24944,1.24668,1.24863,39020
2018-02-15 12:00:00+00:00,1.24885,1.25335,1.24823,1.25246,69886
2018-02-15 16:00:00+00:00,1.25243,1.25352,1.24869,1.24891,57417
2018-02-15 20:00:00+00:00,1.2486,1.24918,1.24771,1.24823,37005
2018-02-16 00:00:00+00:00,1.24808,1.24876,1.24699,1.24726,17755
2018-02-16 04:00:00+00:00,1.24733,1.24751,1.24605,1.24731,26939
2018-02-16 08:00:00+00:00,1.24677,1.24885,1.24508,1.24885,33753
2018-02-16 12:00:00+00:00,1.24887,1.25528,1.24887,1.25415,72855
2018-02-16 16:00:00+00:00,1.25411,1.2565,1.25261,1.25524,58092
2018-02-16 20:00:00+00:00,1.25531,1.25618,1.25468,1.25548,21816
2018-02-18 20:00:00+00:00,1.25573,1.25647,1.25504,1.25573,3291
2018-02-19 00:00:00+00:00,1.25576,1.25586,1.2528,1.25369,25693
2018-02-19 04:00:00+00:00,1.25361,1.25535,1.25352,1.25473,23446
2018-02-19 08:00:00+00:00,1.25455,1.25571,1.25397,1.25478,24027
2018-02-19 12:00:00+00:00,1.25473,1.25919,1.25456,1.25755,33514
2018-02-19 16:00:00+00:00,1.25753,1.25753,1.25573,1.25619,19084
2018-02-19 20:00:00+00:00,1.25621,1.25696,1.25536,1.25677,13926
2018-02-20 00:00:00+00:00,1.25683,1.25842,1.25602,1.25801,19705
2018-02-20 04:00:00+00:00,1.25799,1.25922,1.25695,1.25906,34423
2018-02-20 08:00:00+00:00,1.25909,1.26035,1.25836,1.25908,38448
2018-02-20 12:00:00+00:00,1.25894,1.2627,1.25871,1.2615,56283
2018-02-20 16:00:00+00:00,1.26143,1.26432,1.2605,1.26432,48103
2018-02-20 20:00:00+00:00,1.2641,1.2651,1.26388,1.26486,18525
2018-02-21 00:00:00+00:00,1.26491,1.26606,1.26443,1.2658,18765
2018-02-21 04:00:00+00:00,1.26581,1.26678,1.26458,1.26678,20099
2018-02-21 08:00:00+00:00,1.26699,1.26699,1.26539,1.26643,29221
2018-02-21 12:00:00+00:00,1.26657,1.26829,1.26553,1.26638,68396
2018-02-21 16:00:00+00:00,1.26612,1.26873,1.26295,1.26833,73141
2018-02-21 20:00:00+00:00,1.26882,1.27024,1.26846,1.26991,33208
2018-02-22 00:00:00+00:00,1.26994,1.27054,1.26911,1.26946,21294
2018-02-22 04:00:00+00:00,1.26946,1.27035,1.26889,1.27026,22855
2018-02-22 08:00:00+00:00,1.2703,1.27122,1.26767,1.26874,33013
2018-02-22 12:00:00+00:00,1.26854,1.27508,1.26731,1.27005,82408
2018-02-22 16:00:00+00:00,1.27037,1.27176,1.2691,1.27161,45531
2018-02-22 20:00:00+00:00,1.27144,1.27162,1.26956,1.27146,18251
2018-02-23 00:00:00+00:00,1.27152,1.27197,1.27048,1.27161,17216
2018-02-23 04:00:00+00:00,1.27166,1.27249,1.27124,1.27124,17809
2018-02-23 08:00:00+00:00,1.27119,1.27151,1.26939,1.26939,34602
2018-02-23 12:00:00+00:00,1.26941,1.27036,1.26357,1.26744,62990
2018-02-23 16:00:00+00:00,1.26755,1.26831,1.26529,1.26609,40191
2018-02-23 20:00:00+00:00,1.26572,1.26632,1.26286,1.26288,20682
2018-02-25 20:00:00+00:00,1.264,1.2652,1.26395,1.26483,4335
2018-02-26 00:00:00+00:00,1.26491,1.26611,1.26274,1.26308,21884
2018-02-26 04:00:00+00:00,1.26305,1.26347,1.26151,1.26297,20940
2018-02-26 08:00:00+00:00,1.26312,1.26428,1.26219,1.26428,28512
2018-02-26 12:00:00+00:00,1.26442,1.27087,1.26442,1.27059,46178
2018-02-26 16:00:00+00:00,1.27061,1.27069,1.26776,1.26776,32132
2018-02-26 20:00:00+00:00,1.26789,1.2688,1.26682,1.26851,15127
2018-02-27 00:00:00+00:00,1.26843,1.26873,1.26682,1.2686,17798
2018-02-27 04:00:00+00:00,1.26856,1.26886,1.26767,1.26826,21063
2018-02-27 08:00:00+00:00,1.26796,1.26983,1.26781,1.26955,27457
2018-02-27 12:00:00+00:00,1.26946,1.27615,1.2693,1.27531,73963
2018-02-27 16:00:00+00:00,1.27553,1.27574,1.27325,1.27561,49119
2018-02-27 20:00:00+00:00,1.27539,1.27774,1.27497,1.27718,25244
2018-02-28 00:00:00+00:00,1.27728,1.27784,1.27676,1.27733,22462
2018-02-28 04:00:00+00:00,1.27729,1.27759,1.2765,1.27694,21190
2018-02-28 08:00:00+00:00,1.27697,1.27742,1.27624,1.27696,32597
2018-02-28 12:00:00+00:00,1.27715,1.28164,1.27636,1.28124,49349
2018-02-28 16:00:00+00:00,1.28131,1.28322,1.27998,1.28288,44538
2018-02-28 20:00:00+00:00,1.28296,1.28407,1.28283,1.28353,31371
2018-03-01 00:00:00+00:00,1.28356,1.28475,1.28326,1.28366,10200
2018-03-01 04:00:00+00:00,1.28365,1.28439,1.28271,1.28332,21669
2018-03-01 08:00:00+00:00,1.28338,1.28555,1.28322,1.28477,24718
2018-03-01 12:00:00+00:00,1.28486,1.28643,1.28134,1.28461,58944
2018-03-01 16:00:00+00:00,1.28447,1.2893,1.28211,1.28282,81913
2018-03-01 20:00:00+00:00,1.28281,1.28368,1.28105,1.2831,34324
2018-03-02 00:00:00+00:00,1.28289,1.28407,1.282,1.28328,16373
2018-03-02 04:00:00+00:00,1.28323,1.28396,1.2827,1.28373,25501
2018-03-02 08:00:00+00:00,1.28379,1.28645,1.28347,1.28592,30905
2018-03-02 12:00:00+00:00,1.28613,1.28938,1.28562,1.28866,68426
2018-03-02 16:00:00+00:00,1.28867,1.29147,1.2878,1.28967,48905
2018-03-02 20:00:00+00:00,1.28926,1.2907,1.28694,1.28849,17816
2018-03-04 20:00:00+00:00,1.28771,1.28978,1.2871,1.28874,6429
2018-03-05 00:00:00+00:00,1.28876,1.29014,1.28782,1.2894,18587
2018-03-05 04:00:00+00:00,1.28941,1.29095,1.28927,1.29089,23764
2018-03-05 08:00:00+00:00,1.29087,1.29107,1.2887,1.29106,38421
2018-03-05 12:00:00+00:00,1.29121,1.29882,1.29117,1.29706,54602
2018-03-05 16:00:00+00:00,1.29702,1.29974,1.29655,1.29956,38669
2018-03-05 20:00:00+00:00,1.29929,1.3,1.29635,1.29808,24162
2018-03-06 00:00:00+00:00,1.29793,1.29863,1.29631,1.2976,21793
2018-03-06 04:00:00+00:00,1.29759,1.29912,1.2973,1.29897,22517
2018-03-06 08:00:00+00:00,1.29896,1.29946,1.29314,1.29314,38247
2018-03-06 12:00:00+00:00,1.29324,1.29435,1.28668,1.29005,66843
2018-03-06 16:00:00+00:00,1.28995,1.29236,1.28829,1.28984,47806
2018-03-06 20:00:00+00:00,1.29005,1.29584,1.28748,1.29484,30037
2018-03-07 00:00:00+00:00,1.29475,1.29492,1.29153,1.29279,31867
2018-03-07 04:00:00+00:00,1.29279,1.29403,1.29229,1.29345,27843
2018-03-07 08:00:00+00:00,1.29357,1.29375,1.29208,1.29352,33814
2018-03-07 12:00:00+00:00,1.29334,1.29761,1.28953,1.29683,77129
2018-03-07 16:00:00+00:00,1.2968,1.30004,1.29065,1.29278,54230
2018-03-07 20:00:00+00:00,1.29258,1.29275,1.28902,1.29052,29703
2018-03-08 00:00:00+00:00,1.29052,1.29226,1.28682,1.28821,22538
2018-03-08 04:00:00+00:00,1.28806,1.28979,1.28801,1.28925,20426
2018-03-08 08:00:00+00:00,1.28933,1.295,1.2892,1.29365,35265
2018-03-08 12:00:00+00:00,1.29336,1.29446,1.28849,1.29427,76515
2018-03-08 16:00:00+00:00,1.2943,1.29595,1.29009,1.29103,55127
2018-03-08 20:00:00+00:00,1.28995,1.29073,1.28877,1.28963,30021
2018-03-09 00:00:00+00:00,1.28961,1.29089,1.28937,1.29034,19346
2018-03-09 04:00:00+00:00,1.29032,1.29049,1.28874,1.28892,25748
2018-03-09 08:00:00+00:00,1.28897,1.28916,1.28667,1.28811,29288
2018-03-09 12:00:00+00:00,1.28802,1.28935,1.28246,1.28405,85915
2018-03-09 16:00:00+00:00,1.28403,1.28476,1.28159,1.28318,43565
2018-03-09 20:00:00+00:00,1.28324,1.28327,1.28096,1.28096,16692
2018-03-11 20:00:00+00:00,1.28093,1.28178,1.28088,1.28128,16726
2018-03-12 00:00:00+00:00,1.28127,1.28159,1.28035,1.28053,50671
2018-03-12 04:00:00+00:00,1.28052,1.28171,1.28044,1.28115,17932
2018-03-12 08:00:00+00:00,1.28135,1.28381,1.28119,1.2835,25033
2018-03-12 12:00:00+00:00,1.28341,1.28413,1.28146,1.28352,38392
2018-03-12 16:00:00+00:00,1.28339,1.28376,1.28223,1.28331,27128
2018-03-12 20:00:00+00:00,1.28351,1.2846,1.28329,1.28431,7691
2018-03-13 00:00:00+00:00,1.28423,1.28442,1.2833,1.2842,9810
2018-03-13 04:00:00+00:00,1.28419,1.28571,1.2841,1.28571,22289
2018-03-13 08:00:00+00:00,1.28578,1.28716,1.28498,1.28699,27199
2018-03-13 12:00:00+00:00,1.28686,1.29349,1.2833,1.29271,95459
2018-03-13 16:00:00+00:00,1.29286,1.29823,1.29169,1.29711,50852
2018-03-13 20:00:00+00:00,1.29707,1.29749,1.2942,1.29568,24312
2018-03-14 00:00:00+00:00,1.29579,1.29633,1.29381,1.29459,20493
2018-03-14 04:00:00+00:00,1.29446,1.29583,1.29379,1.2955,27606
2018-03-14 08:00:00+00:00,1.29553,1.2965,1.29393,1.295,39031
2018-03-14 12:00:00+00:00,1.29507,1.2974,1.29264,1.2946,72135
2018-03-14 16:00:00+00:00,1.29447,1.29519,1.29221,1.29488,40384
2018-03-14 20:00:00+00:00,1.2948,1.29629,1.29471,1.29551,11093
2018-03-15 00:00:00+00:00,1.29554,1.29641,1.29469,1.29506,16643
2018-03-15 04:00:00+00:00,1.29507,1.29614,1.29485,1.29531,20865
2018-03-15 08:00:00+00:00,1.29515,1.29785,1.29464,1.29724,32571
2018-03-15 12:00:00+00:00,1.29705,1.30601,1.29607,1.30575,70357
2018-03-15 16:00:00+00:00,1.3057,1.3067,1.30415,1.30522,37331
2018-03-15 20:00:00+00:00,1.30519,1.30597,1.30461,1.30533,17119
2018-03-16 00:00:00+00:00,1.30558,1.30701,1.30546,1.3059,18965
2018-03-16 04:00:00+00:00,1.30595,1.30664,1.30476,1.30664,15042
2018-03-16 08:00:00+00:00,1.30686,1.3091,1.30539,1.30904,28005
2018-03-16 12:00:00+00:00,1.3091,1.30972,1.30651,1.30966,56572
2018-03-16 16:00:00+00:00,1.30911,1.30978,1.30853,1.3095,26035
2018-03-16 20:00:00+00:00,1.30941,1.30967,1.30935,1.30946,4107
2018-03-18 20:00:00+00:00,1.30883,1.3098,1.30883,1.30938,5603
2018-03-19 00:00:00+00:00,1.30956,1.31084,1.3091,1.31035,16365
2018-03-19 04:00:00+00:00,1.31036,1.31222,1.31012,1.31116,18057
2018-03-19 08:00:00+00:00,1.31159,1.31246,1.30713,1.30713,34208
2018-03-19 12:00:00+00:00,1.30723,1.31022,1.30478,1.30915,65081
2018-03-19 16:00:00+00:00,1.30923,1.30926,1.30547,1.30619,44827
2018-03-19 20:00:00+00:00,1.30596,1.30851,1.30596,1.30825,43092
2018-03-20 00:00:00+00:00,1.30822,1.30864,1.30632,1.30807,18250
2018-03-20 04:00:00+00:00,1.30817,1.30859,1.30649,1.3069,26912
2018-03-20 08:00:00+00:00,1.30717,1.30801,1.30585,1.30797,33119
2018-03-20 12:00:00+00:00,1.30815,1.31014,1.30565,1.30874,53919
2018-03-20 16:00:00+00:00,1.30842,1.30873,1.30698,1.30828,28818
2018-03-20 20:00:00+00:00,1.30813,1.30851,1.30691,1.30745,8566
2018-03-21 00:00:00+00:00,1.30751,1.30755,1.3011,1.30237,20067
2018-03-21 04:00:00+00:00,1.30219,1.30316,1.3015,1.30311,18823
2018-03-21 08:00:00+00:00,1.30317,1.30523,1.30036,1.30147,40606
2018-03-21 12:00:00+00:00,1.30113,1.30113,1.2951,1.29577,61580
2018-03-21 16:00:00+00:00,1.29564,1.29693,1.28913,1.29019,101188
2018-03-21 20:00:00+00:00,1.29027,1.29054,1.28905,1.28972,30776
2018-03-22 00:00:00+00:00,1.28991,1.29021,1.28824,1.28928,20720
2018-03-22 04:00:00+00:00,1.28931,1.29004,1.28791,1.28859,20845
2018-03-22 08:00:00+00:00,1.28852,1.28886,1.28304,1.28685,45965
2018-03-22 12:00:00+00:00,1.28677,1.29334,1.28677,1.29309,71738
2018-03-22 16:00:00+00:00,1.29342,1.29342,1.28782,1.29242,61615
2018-03-22 20:00:00+00:00,1.2921,1.29481,1.29192,1.29301,36176
2018-03-23 00:00:00+00:00,1.29293,1.29296,1.29065,1.29172,31981
2018-03-23 04:00:00+00:00,1.2919,1.29203,1.28962,1.29046,31557
2018-03-23 08:00:00+00:00,1.29042,1.29339,1.28956,1.29215,39219
2018-03-23 12:00:00+00:00,1.29194,1.29217,1.28267,1.28724,82394
2018-03-23 16:00:00+00:00,1.28685,1.28763,1.28246,1.28729,56555
2018-03-23 20:00:00+00:00,1.28702,1.28937,1.28674,1.28936,10932
2018-03-25 20:00:00+00:00,1.28893,1.289,1.28738,1.28809,5569
2018-03-26 00:00:00+00:00,1.28805,1.28823,1.28606,1.28653,18889
2018-03-26 04:00:00+00:00,1.28662,1.28742,1.28423,1.28549,21492
2018-03-26 08:00:00+00:00,1.2856,1.28926,1.28416,1.28878,32252
2018-03-26 12:00:00+00:00,1.28889,1.29188,1.28663,1.28669,62526
2018-03-26 16:00:00+00:00,1.28665,1.28887,1.28547,1.28581,38443
2018-03-26 20:00:00+00:00,1.28582,1.2863,1.28365,1.28365,11723
2018-03-27 00:00:00+00:00,1.28349,1.28476,1.28292,1.28308,16511
2018-03-27 04:00:00+00:00,1.2831,1.28466,1.28161,1.28463,22544
2018-03-27 08:00:00+00:00,1.2847,1.28867,1.2847,1.28867,34190
2018-03-27 12:00:00+00:00,1.28865,1.29014,1.28399,1.28418,57347
2018-03-27 16:00:00+00:00,1.28432,1.28961,1.28432,1.28918,46891
2018-03-27 20:00:00+00:00,1.28915,1.28915,1.28766,1.28799,18684
2018-03-28 00:00:00+00:00,1.28794,1.28794,1.28696,1.2873,32943
2018-03-28 04:00:00+00:00,1.28737,1.29046,1.28718,1.29024,31140
2018-03-28 08:00:00+00:00,1.29007,1.29076,1.28642,1.28765,36295
2018-03-28 12:00:00+00:00,1.28769,1.29313,1.28659,1.2888,88493
2018-03-28 16:00:00+00:00,1.28856,1.29266,1.28722,1.29256,54205
2018-03-28 20:00:00+00:00,1.29271,1.29285,1.29138,1.29175,38627
2018-03-29 00:00:00+00:00,1.2919,1.29306,1.29162,1.29182,22226
2018-03-29 04:00:00+00:00,1.29175,1.29223,1.29078,1.29159,29813
2018-03-29 08:00:00+00:00,1.29128,1.29239,1.28975,1.28975,27962
2018-03-29 12:00:00+00:00,1.28962,1.2925,1.28665,1.29011,67291
2018-03-29 16:00:00+00:00,1.28997,1.2905,1.28714,1.2882,35672
2018-03-29 20:00:00+00:00,1.28836,1.28908,1.2882,1.28869,7679
2018-03-30 00:00:00+00:00,1.28887,1.28934,1.28859,1.28865,7620
2018-03-30 04:00:00+00:00,1.2886,1.28908,1.28624,1.28627,13261
2018-03-30 08:00:00+00:00,1.28637,1.28878,1.28613,1.28819,32836
2018-03-30 12:00:00+00:00,1.28819,1.28998,1.28818,1.28942,7303
2018-03-30 16:00:00+00:00,1.28952,1.28952,1.28852,1.28951,6107
2018-03-30 20:00:00+00:00,1.28936,1.28957,1.28911,1.28954,1316
2018-04-01 20:00:00+00:00,1.2895,1.28979,1.28843,1.28933,8807
2018-04-02 00:00:00+00:00,1.28921,1.2895,1.28787,1.28907,12373
2018-04-02 04:00:00+00:00,1.28916,1.28963,1.28774,1.28774,13198
2018-04-02 08:00:00+00:00,1.28802,1.28831,1.28712,1.28756,12534
2018-04-02 12:00:00+00:00,1.28732,1.29304,1.28639,1.29185,44948
2018-04-02 16:00:00+00:00,1.29165,1.29424,1.29088,1.29088,41789
2018-04-02 20:00:00+00:00,1.29162,1.29235,1.29101,1.29218,15009
2018-04-03 00:00:00+00:00,1.29206,1.29206,1.28902,1.28934,13095
2018-04-03 04:00:00+00:00,1.28933,1.28935,1.28729,1.2883,22278
2018-04-03 08:00:00+00:00,1.28817,1.28881,1.28661,1.28744,27142
2018-04-03 12:00:00+00:00,1.28731,1.28742,1.27824,1.28012,68825
2018-04-03 16:00:00+00:00,1.27966,1.28178,1.27835,1.28058,36409
2018-04-03 20:00:00+00:00,1.28095,1.28099,1.27972,1.28071,7117
2018-04-04 00:00:00+00:00,1.28068,1.28068,1.27751,1.2778,15587
2018-04-04 04:00:00+00:00,1.27776,1.28141,1.27765,1.28114,26865
2018-04-04 08:00:00+00:00,1.28132,1.28386,1.28114,1.2831,43572
2018-04-04 12:00:00+00:00,1.28308,1.28477,1.27981,1.28015,71779
2018-04-04 16:00:00+00:00,1.28032,1.28109,1.2761,1.27726,41088
2018-04-04 20:00:00+00:00,1.27734,1.27752,1.27524,1.27544,23686
2018-04-05 00:00:00+00:00,1.27556,1.27691,1.27469,1.27602,13812
2018-04-05 04:00:00+00:00,1.27608,1.27794,1.27596,1.2771,21999
2018-04-05 08:00:00+00:00,1.27653,1.27844,1.27643,1.2779,25635
2018-04-05 12:00:00+00:00,1.27773,1.28066,1.27673,1.27783,65884
2018-04-05 16:00:00+00:00,1.27786,1.27883,1.27539,1.27581,37349
2018-04-05 20:00:00+00:00,1.27571,1.27818,1.27451,1.27705,13299
2018-04-06 00:00:00+00:00,1.277,1.277,1.27531,1.27637,20011
2018-04-06 04:00:00+00:00,1.27651,1.279,1.27604,1.27803,23962
2018-04-06 08:00:00+00:00,1.278,1.27873,1.2775,1.27841,20466
2018-04-06 12:00:00+00:00,1.27857,1.27949,1.27345,1.27634,91939
2018-04-06 16:00:00+00:00,1.27661,1.27857,1.27487,1.27679,51348
2018-04-06 20:00:00+00:00,1.27679,1.27799,1.27595,1.27799,6279
2018-04-08 20:00:00+00:00,1.27678,1.2784,1.27638,1.27832,6521
2018-04-09 00:00:00+00:00,1.27856,1.27856,1.27667,1.27721,16228
2018-04-09 04:00:00+00:00,1.27719,1.27903,1.2766,1.27836,28534
2018-04-09 08:00:00+00:00,1.2784,1.28172,1.2782,1.27898,29105
2018-04-09 12:00:00+00:00,1.2788,1.27929,1.27009,1.27012,56180
2018-04-09 16:00:00+00:00,1.27001,1.27155,1.26911,1.27103,32080
2018-04-09 20:00:00+00:00,1.27076,1.27105,1.26963,1.27031,15154
2018-04-10 00:00:00+00:00,1.27038,1.27054,1.26753,1.26908,20264
2018-04-10 04:00:00+00:00,1.26929,1.27001,1.26765,1.26957,23632
2018-04-10 08:00:00+00:00,1.26917,1.26962,1.26632,1.26649,34221
2018-04-10 12:00:00+00:00,1.26637,1.26694,1.26036,1.26098,55333
2018-04-10 16:00:00+00:00,1.26094,1.26153,1.25888,1.26063,31182
2018-04-10 20:00:00+00:00,1.26065,1.26118,1.25908,1.25939,9246
2018-04-11 00:00:00+00:00,1.25948,1.2606,1.25933,1.26006,13892
2018-04-11 04:00:00+00:00,1.25995,1.26139,1.25978,1.26115,20204
2018-04-11 08:00:00+00:00,1.26098,1.26205,1.26008,1.26202,29411
2018-04-11 12:00:00+00:00,1.26186,1.26229,1.25487,1.25822,54361
2018-04-11 16:00:00+00:00,1.2581,1.25984,1.25608,1.25707,38051
2018-04-11 20:00:00+00:00,1.25716,1.25813,1.25686,1.25701,6322
2018-04-12 00:00:00+00:00,1.25682,1.25886,1.25622,1.25878,16149
2018-04-12 04:00:00+00:00,1.25882,1.2607,1.25828,1.2606,22526
2018-04-12 08:00:00+00:00,1.2606,1.26149,1.25747,1.25879,41612
2018-04-12 12:00:00+00:00,1.2587,1.26215,1.25799,1.25841,66523
2018-04-12 16:00:00+00:00,1.25826,1.25985,1.25825,1.25879,26982
2018-04-12 20:00:00+00:00,1.25871,1.25918,1.25865,1.25883,5922
2018-04-13 00:00:00+00:00,1.25883,1.25935,1.25819,1.25865,13250
2018-04-13 04:00:00+00:00,1.25864,1.25883,1.25606,1.2566,23149
2018-04-13 08:00:00+00:00,1.25642,1.25752,1.25527,1.25688,31291
2018-04-13 12:00:00+00:00,1.25684,1.26154,1.25605,1.26049,46585
2018-04-13 16:00:00+00:00,1.2604,1.26172,1.25998,1.26056,26164
2018-04-13 20:00:00+00:00,1.2605,1.26139,1.25998,1.26087,4364
2018-04-15 20:00:00+00:00,1.25977,1.26069,1.25921,1.26033,5102
2018-04-16 00:00:00+00:00,1.2603,1.26106,1.25996,1.26088,11488
2018-04-16 04:00:00+00:00,1.26088,1.26227,1.26034,1.26048,21475
2018-04-16 08:00:00+00:00,1.26035,1.26177,1.2596,1.26047,24623
2018-04-16 12:00:00+00:00,1.26059,1.26094,1.25721,1.25803,46948
2018-04-16 16:00:00+00:00,1.25793,1.25815,1.25654,1.25725,17214
2018-04-16 20:00:00+00:00,1.25719,1.25719,1.25642,1.25678,5448
2018-04-17 00:00:00+00:00,1.25665,1.25754,1.25594,1.25743,11231
2018-04-17 04:00:00+00:00,1.25742,1.25751,1.25545,1.25625,17829
2018-04-17 08:00:00+00:00,1.25633,1.25787,1.25492,1.25554,26739
2018-04-17 12:00:00+00:00,1.25508,1.25786,1.25421,1.25482,51066
2018-04-17 16:00:00+00:00,1.25447,1.25558,1.25276,1.25505,26845
2018-04-17 20:00:00+00:00,1.25505,1.25593,1.25463,1.25583,7690
2018-04-18 00:00:00+00:00,1.25578,1.25729,1.25573,1.25668,10554
2018-04-18 04:00:00+00:00,1.25667,1.25949,1.2566,1.25792,21667
2018-04-18 08:00:00+00:00,1.25798,1.25965,1.25708,1.2573,29330
2018-04-18 12:00:00+00:00,1.25733,1.26508,1.25493,1.2636,85727
2018-04-18 16:00:00+00:00,1.26264,1.26584,1.26227,1.26227,35182
2018-04-18 20:00:00+00:00,1.2622,1.26318,1.26198,1.26273,7518
2018-04-19 00:00:00+00:00,1.26264,1.26453,1.26237,1.26271,14469
2018-04-19 04:00:00+00:00,1.26271,1.26289,1.2606,1.26199,25482
2018-04-19 08:00:00+00:00,1.26224,1.26271,1.25927,1.2602,38657
2018-04-19 12:00:00+00:00,1.26004,1.26383,1.25891,1.26378,72465
2018-04-19 16:00:00+00:00,1.2639,1.2676,1.26313,1.26618,44646
2018-04-19 20:00:00+00:00,1.26637,1.26715,1.26559,1.26663,11467
2018-04-20 00:00:00+00:00,1.26673,1.26722,1.26556,1.26667,14927
2018-04-20 04:00:00+00:00,1.2668,1.2678,1.266,1.26751,26301
2018-04-20 08:00:00+00:00,1.26769,1.26847,1.26494,1.26514,33672
2018-04-20 12:00:00+00:00,1.26509,1.27442,1.26308,1.2743,84768
2018-04-20 16:00:00+00:00,1.27411,1.27545,1.27289,1.27543,36395
2018-04-20 20:00:00+00:00,1.2754,1.27645,1.27523,1.27645,4848
2018-04-22 20:00:00+00:00,1.27539,1.27688,1.27538,1.27688,3082
2018-04-23 00:00:00+00:00,1.27679,1.27686,1.27519,1.27578,13426
2018-04-23 04:00:00+00:00,1.27571,1.27774,1.27515,1.27774,21295
2018-04-23 08:00:00+00:00,1.27782,1.28047,1.27755,1.27755,33110
2018-04-23 12:00:00+00:00,1.27776,1.28483,1.2775,1.28455,60583
2018-04-23 16:00:00+00:00,1.28423,1.28561,1.2835,1.28451,29484
2018-04-23 20:00:00+00:00,1.28467,1.28513,1.28401,1.28452,7372
2018-04-24 00:00:00+00:00,1.2844,1.28592,1.28326,1.28348,19159
2018-04-24 04:00:00+00:00,1.28347,1.28503,1.28288,1.28428,20667
2018-04-24 08:00:00+00:00,1.28427,1.28487,1.28157,1.28223,30485
2018-04-24 12:00:00+00:00,1.28229,1.28519,1.28161,1.2823,71219
2018-04-24 16:00:00+00:00,1.28217,1.28357,1.28183,1.28246,37096
2018-04-24 20:00:00+00:00,1.28248,1.28329,1.28214,1.28218,7400
2018-04-25 00:00:00+00:00,1.28233,1.28412,1.28222,1.28352,13459
2018-04-25 04:00:00+00:00,1.28358,1.28663,1.28357,1.28663,25196
2018-04-25 08:00:00+00:00,1.28661,1.28966,1.28524,1.28923,32041
2018-04-25 12:00:00+00:00,1.28917,1.28944,1.28681,1.28721,73622
2018-04-25 16:00:00+00:00,1.28709,1.2872,1.28339,1.2846,34054
2018-04-25 20:00:00+00:00,1.28457,1.2848,1.28327,1.28372,8630
2018-04-26 00:00:00+00:00,1.28378,1.28437,1.28303,1.28322,15937
2018-04-26 04:00:00+00:00,1.2833,1.28542,1.28291,1.28491,27141
2018-04-26 08:00:00+00:00,1.28502,1.28569,1.28262,1.28397,33064
2018-04-26 12:00:00+00:00,1.28408,1.28803,1.2822,1.28671,106131
2018-04-26 16:00:00+00:00,1.28682,1.28837,1.28583,1.28828,33641
2018-04-26 20:00:00+00:00,1.28835,1.28853,1.28681,1.28723,12476
2018-04-27 00:00:00+00:00,1.28707,1.2882,1.28665,1.28669,13154
2018-04-27 04:00:00+00:00,1.28677,1.28974,1.28672,1.28927,20150
2018-04-27 08:00:00+00:00,1.28905,1.29,1.28705,1.28842,28522
2018-04-27 12:00:00+00:00,1.28835,1.28873,1.28495,1.28626,69020
2018-04-27 16:00:00+00:00,1.28619,1.28642,1.28265,1.28304,33677
2018-04-27 20:00:00+00:00,1.28308,1.28416,1.28273,1.28273,3542
2018-04-29 20:00:00+00:00,1.28363,1.28452,1.28335,1.28419,8767
2018-04-30 00:00:00+00:00,1.28429,1.28507,1.28327,1.28477,11925
2018-04-30 04:00:00+00:00,1.28468,1.28531,1.28383,1.28495,24864
2018-04-30 08:00:00+00:00,1.285,1.2874,1.28468,1.28695,24689
2018-04-30 12:00:00+00:00,1.28716,1.2872,1.2816,1.28182,67876
2018-04-30 16:00:00+00:00,1.28195,1.2845,1.28068,1.2839,42188
2018-04-30 20:00:00+00:00,1.28355,1.28428,1.28302,1.28329,12733
2018-05-01 00:00:00+00:00,1.28343,1.28372,1.28259,1.2826,9146
2018-05-01 04:00:00+00:00,1.28259,1.28456,1.2821,1.28456,18047
2018-05-01 08:00:00+00:00,1.2843,1.28697,1.2843,1.28656,29655
2018-05-01 12:00:00+00:00,1.28644,1.29098,1.28347,1.28725,85763
2018-05-01 16:00:00+00:00,1.28713,1.28848,1.2838,1.28584,56816
2018-05-01 20:00:00+00:00,1.28575,1.28599,1.28403,1.28456,9969
2018-05-02 00:00:00+00:00,1.2845,1.28572,1.28243,1.28291,16115
2018-05-02 04:00:00+00:00,1.2829,1.28403,1.2805,1.28173,31897
2018-05-02 08:00:00+00:00,1.28141,1.28402,1.28092,1.28294,33548
2018-05-02 12:00:00+00:00,1.28288,1.28815,1.28227,1.28495,86097
2018-05-02 16:00:00+00:00,1.28485,1.28811,1.2814,1.28784,77332
2018-05-02 20:00:00+00:00,1.28793,1.28874,1.28716,1.28843,12791
2018-05-03 00:00:00+00:00,1.28833,1.28855,1.2848,1.28507,19864
2018-05-03 04:00:00+00:00,1.28491,1.28633,1.28391,1.28478,27231
2018-05-03 08:00:00+00:00,1.2848,1.28521,1.28182,1.28373,43096
2018-05-03 12:00:00+00:00,1.28386,1.29047,1.28386,1.28781,93736
2018-05-03 16:00:00+00:00,1.28778,1.28809,1.28417,1.28574,54772
2018-05-03 20:00:00+00:00,1.28557,1.28564,1.28451,1.28507,8441
2018-05-04 00:00:00+00:00,1.28509,1.28521,1.28366,1.2842,12231
2018-05-04 04:00:00+00:00,1.28418,1.28689,1.28387,1.2863,18764
2018-05-04 08:00:00+00:00,1.28626,1.28793,1.28585,1.28703,19762
2018-05-04 12:00:00+00:00,1.28688,1.29163,1.28486,1.28486,109225
2018-05-04 16:00:00+00:00,1.28515,1.28634,1.28407,1.28614,36746
2018-05-04 20:00:00+00:00,1.28621,1.28633,1.28443,1.28477,3282
2018-05-06 20:00:00+00:00,1.28456,1.28567,1.28456,1.28567,4263
2018-05-07 00:00:00+00:00,1.28577,1.28587,1.28398,1.28488,15640
2018-05-07 04:00:00+00:00,1.28498,1.28724,1.28498,1.28618,20375
2018-05-07 08:00:00+00:00,1.28622,1.28895,1.28598,1.28884,23014
2018-05-07 12:00:00+00:00,1.28869,1.28894,1.28504,1.28504,55101
2018-05-07 16:00:00+00:00,1.28481,1.28968,1.2842,1.28903,33234
2018-05-07 20:00:00+00:00,1.28934,1.2895,1.28789,1.28805,9547
2018-05-08 00:00:00+00:00,1.28808,1.29091,1.28763,1.29091,18708
2018-05-08 04:00:00+00:00,1.29109,1.29499,1.28941,1.29464,34528
2018-05-08 08:00:00+00:00,1.29499,1.29846,1.29496,1.29612,41723
2018-05-08 12:00:00+00:00,1.29597,1.29961,1.29555,1.29669,88275
2018-05-08 16:00:00+00:00,1.2965,1.29702,1.29443,1.29519,71091
2018-05-08 20:00:00+00:00,1.2953,1.29544,1.29455,1.29477,9511
2018-05-09 00:00:00+00:00,1.29501,1.29674,1.29486,1.29539,19174
2018-05-09 04:00:00+00:00,1.29541,1.2974,1.29497,1.29554,28745
2018-05-09 08:00:00+00:00,1.29561,1.29582,1.28983,1.29063,39956
2018-05-09 12:00:00+00:00,1.28986,1.28986,1.2842,1.28526,86699
2018-05-09 16:00:00+00:00,1.2851,1.28596,1.28262,1.28559,37814
2018-05-09 20:00:00+00:00,1.28566,1.2858,1.28475,1.28499,10804
2018-05-10 00:00:00+00:00,1.28468,1.28497,1.28295,1.28327,20262
2018-05-10 04:00:00+00:00,1.28341,1.28416,1.27756,1.27756,39665
2018-05-10 08:00:00+00:00,1.27776,1.27981,1.27727,1.27851,48547
2018-05-10 12:00:00+00:00,1.27887,1.28133,1.27445,1.27873,118790
2018-05-10 16:00:00+00:00,1.27889,1.27889,1.27559,1.27625,32880
2018-05-10 20:00:00+00:00,1.27625,1.27723,1.27604,1.27714,8831
2018-05-11 00:00:00+00:00,1.27727,1.27731,1.27597,1.27635,14229
2018-05-11 04:00:00+00:00,1.27635,1.27692,1.27528,1.27607,24847
2018-05-11 08:00:00+00:00,1.27611,1.27655,1.27314,1.2733,25408
2018-05-11 12:00:00+00:00,1.27318,1.27985,1.27299,1.27821,72817
2018-05-11 16:00:00+00:00,1.27802,1.27945,1.2776,1.27912,27937
2018-05-11 20:00:00+00:00,1.27911,1.27989,1.2786,1.27915,5411
2018-05-13 20:00:00+00:00,1.27808,1.27938,1.27789,1.27809,4055
2018-05-14 00:00:00+00:00,1.27812,1.27891,1.27703,1.27826,12593
2018-05-14 04:00:00+00:00,1.27828,1.279,1.27656,1.27742,26609
2018-05-14 08:00:00+00:00,1.27744,1.27776,1.27576,1.27593,27200
2018-05-14 12:00:00+00:00,1.27555,1.27844,1.27538,1.27621,55130
2018-05-14 16:00:00+00:00,1.27629,1.28039,1.27594,1.28029,31848
2018-05-14 20:00:00+00:00,1.28022,1.28124,1.27973,1.28011,8088
2018-05-15 00:00:00+00:00,1.28011,1.28049,1.27929,1.27962,11778
2018-05-15 04:00:00+00:00,1.27961,1.28214,1.27928,1.28085,27964
2018-05-15 08:00:00+00:00,1.2811,1.28476,1.28028,1.28421,39833
2018-05-15 12:00:00+00:00,1.28425,1.29236,1.28081,1.28689,111778
2018-05-15 16:00:00+00:00,1.28711,1.28784,1.28536,1.28671,55963
2018-05-15 20:00:00+00:00,1.28673,1.28767,1.28623,1.28724,14379
2018-05-16 00:00:00+00:00,1.28721,1.2875,1.28529,1.28562,22553
2018-05-16 04:00:00+00:00,1.2857,1.28662,1.28428,1.2843,37726
2018-05-16 08:00:00+00:00,1.28455,1.28692,1.28402,1.28612,55518
2018-05-16 12:00:00+00:00,1.28629,1.28687,1.27795,1.28291,93283
2018-05-16 16:00:00+00:00,1.2829,1.2829,1.27811,1.27929,43025
2018-05-16 20:00:00+00:00,1.2792,1.27963,1.27795,1.27837,10389
2018-05-17 00:00:00+00:00,1.27852,1.27875,1.27516,1.27595,21197
2018-05-17 04:00:00+00:00,1.27607,1.2781,1.2756,1.27568,45307
2018-05-17 08:00:00+00:00,1.2757,1.27871,1.27541,1.27782,44337
2018-05-17 12:00:00+00:00,1.27798,1.28198,1.27698,1.28149,75534
2018-05-17 16:00:00+00:00,1.2814,1.2815,1.27921,1.27981,41112
2018-05-17 20:00:00+00:00,1.27979,1.28465,1.27972,1.28358,12686
2018-05-18 00:00:00+00:00,1.28348,1.28373,1.28215,1.28239,18380
2018-05-18 04:00:00+00:00,1.2823,1.28266,1.28036,1.28146,28306
2018-05-18 08:00:00+00:00,1.28157,1.2836,1.28079,1.28085,40999
2018-05-18 12:00:00+00:00,1.28053,1.29098,1.2792,1.28917,97302
2018-05-18 16:00:00+00:00,1.28885,1.28992,1.28751,1.28788,30804
2018-05-18 20:00:00+00:00,1.28794,1.28844,1.28713,1.28801,4277
2018-05-20 20:00:00+00:00,1.28713,1.28833,1.28713,1.28772,6541
2018-05-21 00:00:00+00:00,1.28804,1.28903,1.28653,1.28687,20996
2018-05-21 04:00:00+00:00,1.28677,1.28847,1.28677,1.28717,26368
2018-05-21 08:00:00+00:00,1.28738,1.28766,1.28556,1.28681,37569
2018-05-21 12:00:00+00:00,1.28668,1.28787,1.28323,1.28355,62726
2018-05-21 16:00:00+00:00,1.28354,1.28354,1.27974,1.27992,29545
2018-05-21 20:00:00+00:00,1.27965,1.27977,1.27759,1.27766,6561
2018-05-22 00:00:00+00:00,1.27783,1.27817,1.27654,1.27802,17030
2018-05-22 04:00:00+00:00,1.27804,1.27837,1.27546,1.27572,33886
2018-05-22 08:00:00+00:00,1.27517,1.27787,1.275,1.27658,38139
2018-05-22 12:00:00+00:00,1.27663,1.27869,1.27434,1.27757,71990
2018-05-22 16:00:00+00:00,1.27762,1.28214,1.27762,1.28179,32181
2018-05-22 20:00:00+00:00,1.28193,1.28245,1.28143,1.28168,8254
2018-05-23 00:00:00+00:00,1.28154,1.28562,1.28134,1.285,26247
2018-05-23 04:00:00+00:00,1.2851,1.28854,1.28457,1.2882,40673
2018-05-23 08:00:00+00:00,1.28844,1.29079,1.28713,1.29035,55138
2018-05-23 12:00:00+00:00,1.29049,1.29145,1.28553,1.28829,94338
2018-05-23 16:00:00+00:00,1.28818,1.2896,1.28271,1.28317,65315
2018-05-23 20:00:00+00:00,1.28293,1.28518,1.28276,1.28364,11281
2018-05-24 00:00:00+00:00,1.28394,1.2863,1.28394,1.28471,25804
2018-05-24 04:00:00+00:00,1.28444,1.2861,1.28366,1.28521,47552
2018-05-24 08:00:00+00:00,1.28558,1.28872,1.28479,1.28872,47237
2018-05-24 12:00:00+00:00,1.28894,1.29195,1.28788,1.29076,100712
2018-05-24 16:00:00+00:00,1.29061,1.29075,1.28742,1.28917,31890
2018-05-24 20:00:00+00:00,1.28911,1.28911,1.28713,1.28863,11830
2018-05-25 00:00:00+00:00,1.28871,1.29083,1.28827,1.28992,20750
2018-05-25 04:00:00+00:00,1.28995,1.2921,1.28974,1.29145,31760
2018-05-25 08:00:00+00:00,1.29111,1.29561,1.28907,1.2949,59342
2018-05-25 12:00:00+00:00,1.2952,1.29863,1.29502,1.29713,90085
2018-05-25 16:00:00+00:00,1.2971,1.29875,1.29639,1.29758,27375
2018-05-25 20:00:00+00:00,1.29767,1.29814,1.297,1.29701,4840
2018-05-27 20:00:00+00:00,1.2961,1.29789,1.296,1.29769,5553
2018-05-28 00:00:00+00:00,1.29768,1.29924,1.29737,1.29864,23545
2018-05-28 04:00:00+00:00,1.29882,1.29888,1.2974,1.29822,28286
2018-05-28 08:00:00+00:00,1.2984,1.29954,1.29791,1.29851,42407
2018-05-28 12:00:00+00:00,1.29827,1.30181,1.29749,1.30179,47914
2018-05-28 16:00:00+00:00,1.30173,1.30211,1.2991,1.29936,12092
2018-05-28 20:00:00+00:00,1.29935,1.29997,1.29903,1.29922,6741
2018-05-29 00:00:00+00:00,1.29919,1.30012,1.29685,1.29866,20103
2018-05-29 04:00:00+00:00,1.29868,1.3002,1.29794,1.30011,31683
2018-05-29 08:00:00+00:00,1.30011,1.30454,1.29967,1.3031,67832
2018-05-29 12:00:00+00:00,1.30342,1.3035,1.2995,1.30264,81619
2018-05-29 16:00:00+00:00,1.30301,1.30337,1.30147,1.30147,59930
2018-05-29 20:00:00+00:00,1.3014,1.30322,1.30113,1.3029,11884
2018-05-30 00:00:00+00:00,1.30278,1.3035,1.30138,1.30308,24909
2018-05-30 04:00:00+00:00,1.30313,1.30394,1.30129,1.30157,41991
2018-05-30 08:00:00+00:00,1.30134,1.30164,1.29714,1.29717,59082
2018-05-30 12:00:00+00:00,1.29723,1.30091,1.28378,1.28431,130719
2018-05-30 16:00:00+00:00,1.28406,1.28929,1.28371,1.28755,43741
2018-05-30 20:00:00+00:00,1.28806,1.28942,1.28729,1.28939,10376
2018-05-31 00:00:00+00:00,1.28923,1.28945,1.28674,1.28725,18267
2018-05-31 04:00:00+00:00,1.28709,1.28754,1.28469,1.28484,39386
2018-05-31 08:00:00+00:00,1.28516,1.28576,1.28198,1.28478,47326
2018-05-31 12:00:00+00:00,1.28487,1.29899,1.28487,1.29703,139527
2018-05-31 16:00:00+00:00,1.29714,1.29878,1.29441,1.2967,58631
2018-05-31 20:00:00+00:00,1.29675,1.29675,1.29408,1.2944,11116
2018-06-01 00:00:00+00:00,1.29455,1.29593,1.29363,1.29539,19773
2018-06-01 04:00:00+00:00,1.29552,1.29662,1.29321,1.29486,32130
2018-06-01 08:00:00+00:00,1.29449,1.29641,1.29386,1.29641,44958
2018-06-01 12:00:00+00:00,1.2962,1.2998,1.29416,1.29493,111617
2018-06-01 16:00:00+00:00,1.2948,1.29783,1.29468,1.29605,38317
2018-06-01 20:00:00+00:00,1.29573,1.29707,1.29522,1.29522,6017
2018-06-03 20:00:00+00:00,1.29509,1.29633,1.29509,1.29562,3617
2018-06-04 00:00:00+00:00,1.2956,1.2956,1.29311,1.29338,21372
2018-06-04 04:00:00+00:00,1.29339,1.29415,1.29112,1.29218,37624
2018-06-04 08:00:00+00:00,1.29211,1.29264,1.2905,1.29124,47183
2018-06-04 12:00:00+00:00,1.29105,1.29418,1.29014,1.29233,87685
2018-06-04 16:00:00+00:00,1.29244,1.29453,1.29243,1.29334,32515
2018-06-04 20:00:00+00:00,1.29368,1.29369,1.29224,1.29234,8135
2018-06-05 00:00:00+00:00,1.29197,1.29346,1.29197,1.29334,17427
2018-06-05 04:00:00+00:00,1.29338,1.29376,1.29153,1.29219,28618
2018-06-05 08:00:00+00:00,1.29218,1.29865,1.29154,1.29854,50212
2018-06-05 12:00:00+00:00,1.29883,1.30651,1.29619,1.30087,122802
2018-06-05 16:00:00+00:00,1.3006,1.3006,1.29668,1.29764,49531
2018-06-05 20:00:00+00:00,1.29762,1.29784,1.29291,1.29413,14076
2018-06-06 00:00:00+00:00,1.29391,1.29498,1.29334,1.29347,18623
2018-06-06 04:00:00+00:00,1.29356,1.29548,1.29251,1.29482,48150
2018-06-06 08:00:00+00:00,1.29512,1.29543,1.28925,1.28925,48827
2018-06-06 12:00:00+00:00,1.28889,1.29138,1.2863,1.29082,118921
2018-06-06 16:00:00+00:00,1.29112,1.29593,1.29107,1.29593,40220
2018-06-06 20:00:00+00:00,1.29616,1.29616,1.29414,1.29468,13675
2018-06-07 00:00:00+00:00,1.2947,1.29513,1.29359,1.29482,17224
2018-06-07 04:00:00+00:00,1.29486,1.29576,1.29368,1.29491,30272
2018-06-07 08:00:00+00:00,1.29491,1.29661,1.29457,1.29522,38918
2018-06-07 12:00:00+00:00,1.29536,1.29942,1.2937,1.2989,97272
2018-06-07 16:00:00+00:00,1.29878,1.29988,1.29703,1.29847,59499
2018-06-07 20:00:00+00:00,1.29846,1.29851,1.29691,1.29826,9715
2018-06-08 00:00:00+00:00,1.29824,1.29893,1.297,1.29822,16990
2018-06-08 04:00:00+00:00,1.29841,1.30153,1.29799,1.30033,42591
2018-06-08 08:00:00+00:00,1.30046,1.30254,1.29916,1.29916,51821
2018-06-08 12:00:00+00:00,1.29889,1.30185,1.29477,1.29569,117146
2018-06-08 16:00:00+00:00,1.29569,1.29597,1.29305,1.29346,32992
2018-06-08 20:00:00+00:00,1.29305,1.29343,1.29216,1.29257,4805
2018-06-10 20:00:00+00:00,1.29929,1.29955,1.29657,1.29682,3298
2018-06-11 00:00:00+00:00,1.29679,1.29716,1.29561,1.29649,15042
2018-06-11 04:00:00+00:00,1.29648,1.29783,1.29616,1.29689,23108
2018-06-11 08:00:00+00:00,1.29683,1.30204,1.29657,1.30183,33035
2018-06-11 12:00:00+00:00,1.30215,1.30268,1.29796,1.29848,68209
2018-06-11 16:00:00+00:00,1.29849,1.29972,1.29756,1.29847,28882
2018-06-11 20:00:00+00:00,1.29855,1.2988,1.29779,1.29871,7722
2018-06-12 00:00:00+00:00,1.29886,1.30121,1.29886,1.29947,35216
2018-06-12 04:00:00+00:00,1.29957,1.30084,1.29865,1.29895,44946
2018-06-12 08:00:00+00:00,1.29896,1.30164,1.29865,1.30057,41613
2018-06-12 12:00:00+00:00,1.30073,1.30153,1.298,1.29882,80548
2018-06-12 16:00:00+00:00,1.2988,1.30285,1.29852,1.30182,41109
2018-06-12 20:00:00+00:00,1.30194,1.30208,1.30116,1.30146,8644
2018-06-13 00:00:00+00:00,1.30152,1.30264,1.30136,1.30239,25280
2018-06-13 04:00:00+00:00,1.30251,1.30393,1.30174,1.30354,23775
2018-06-13 08:00:00+00:00,1.3032,1.30457,1.30144,1.30247,37988
2018-06-13 12:00:00+00:00,1.30231,1.30231,1.29558,1.29643,57365
2018-06-13 16:00:00+00:00,1.29651,1.30471,1.29613,1.29888,101067
2018-06-13 20:00:00+00:00,1.29885,1.29904,1.29703,1.29749,12095
2018-06-14 00:00:00+00:00,1.29748,1.29882,1.29736,1.29807,19827
2018-06-14 04:00:00+00:00,1.29807,1.29919,1.29694,1.29734,29762
2018-06-14 08:00:00+00:00,1.29706,1.29776,1.29503,1.29742,45145
2018-06-14 12:00:00+00:00,1.29721,1.308,1.29688,1.30702,115274
2018-06-14 16:00:00+00:00,1.30704,1.31084,1.30657,1.3092,61794
2018-06-14 20:00:00+00:00,1.30908,1.31174,1.30901,1.31166,12256
2018-06-15 00:00:00+00:00,1.31191,1.31412,1.31151,1.31299,21532
2018-06-15 04:00:00+00:00,1.31299,1.31517,1.31253,1.31355,38600
2018-06-15 08:00:00+00:00,1.31355,1.31582,1.31221,1.31306,57575
2018-06-15 12:00:00+00:00,1.3125,1.32004,1.31234,1.31689,98411
2018-06-15 16:00:00+00:00,1.3169,1.31962,1.31645,1.31821,42422
2018-06-15 20:00:00+00:00,1.31914,1.32054,1.31867,1.32022,4923
2018-06-17 20:00:00+00:00,1.31868,1.32029,1.31849,1.31977,3884
2018-06-18 00:00:00+00:00,1.31991,1.32069,1.31821,1.31834,19858
2018-06-18 04:00:00+00:00,1.31832,1.31892,1.31723,1.31892,27849
2018-06-18 08:00:00+00:00,1.31891,1.31905,1.31618,1.31793,41148
2018-06-18 12:00:00+00:00,1.31823,1.32298,1.31796,1.32298,64338
2018-06-18 16:00:00+00:00,1.323,1.3236,1.31935,1.31963,30633
2018-06-18 20:00:00+00:00,1.31953,1.32133,1.31942,1.32117,16061
2018-06-19 00:00:00+00:00,1.32119,1.32169,1.31984,1.32107,34425
2018-06-19 04:00:00+00:00,1.32121,1.32445,1.32121,1.32362,49509
2018-06-19 08:00:00+00:00,1.32331,1.32911,1.32292,1.32719,74184
2018-06-19 12:00:00+00:00,1.32734,1.3289,1.32541,1.32642,84394
2018-06-19 16:00:00+00:00,1.32657,1.32882,1.32657,1.32841,37886
2018-06-19 20:00:00+00:00,1.32852,1.32889,1.32737,1.3278,11675
2018-06-20 00:00:00+00:00,1.32769,1.32919,1.32695,1.32837,30296
2018-06-20 04:00:00+00:00,1.3283,1.33002,1.32741,1.33002,39045
2018-06-20 08:00:00+00:00,1.3307,1.33085,1.32857,1.32951,49450
2018-06-20 12:00:00+00:00,1.32992,1.33087,1.32765,1.32914,90104
2018-06-20 16:00:00+00:00,1.32942,1.33213,1.32909,1.33149,39051
2018-06-20 20:00:00+00:00,1.3313,1.33186,1.33037,1.33073,10813
2018-06-21 00:00:00+00:00,1.33069,1.33184,1.32947,1.33138,33458
2018-06-21 04:00:00+00:00,1.33122,1.33263,1.33096,1.3311,40629
2018-06-21 08:00:00+00:00,1.33113,1.33291,1.33089,1.33187,64100
2018-06-21 12:00:00+00:00,1.33224,1.3333,1.32856,1.33201,112045
2018-06-21 16:00:00+00:00,1.33191,1.3329,1.32974,1.33023,40677
2018-06-21 20:00:00+00:00,1.33024,1.33214,1.33024,1.33186,12252
2018-06-22 00:00:00+00:00,1.33167,1.33187,1.3295,1.32967,22226
2018-06-22 04:00:00+00:00,1.32969,1.33007,1.32871,1.32928,30312
2018-06-22 08:00:00+00:00,1.32939,1.32979,1.32629,1.32757,39669
2018-06-22 12:00:00+00:00,1.3282,1.33711,1.32684,1.33189,102094
2018-06-22 16:00:00+00:00,1.33164,1.33254,1.32693,1.32772,36747
2018-06-22 20:00:00+00:00,1.32754,1.32762,1.32603,1.32605,5207
2018-06-24 20:00:00+00:00,1.32676,1.32811,1.32667,1.32787,4738
2018-06-25 00:00:00+00:00,1.32811,1.32975,1.32784,1.32909,25454
2018-06-25 04:00:00+00:00,1.32909,1.33078,1.32769,1.32769,32927
2018-06-25 08:00:00+00:00,1.32786,1.33147,1.3272,1.32913,40288
2018-06-25 12:00:00+00:00,1.32914,1.3319,1.328,1.3313,63909
2018-06-25 16:00:00+00:00,1.33134,1.33235,1.32934,1.3302,38799
2018-06-25 20:00:00+00:00,1.33019,1.33045,1.3288,1.32976,10195
2018-06-26 00:00:00+00:00,1.32977,1.33001,1.32836,1.32939,26432
2018-06-26 04:00:00+00:00,1.32927,1.32997,1.32816,1.32952,29391
2018-06-26 08:00:00+00:00,1.32962,1.33279,1.32918,1.33255,42010
2018-06-26 12:00:00+00:00,1.33225,1.33286,1.32878,1.32929,69135
2018-06-26 16:00:00+00:00,1.32933,1.33162,1.32905,1.33098,39115
2018-06-26 20:00:00+00:00,1.33111,1.33123,1.32966,1.33007,8812
2018-06-27 00:00:00+00:00,1.33024,1.33249,1.33024,1.33117,30862
2018-06-27 04:00:00+00:00,1.33115,1.33245,1.33016,1.33178,31858
2018-06-27 08:00:00+00:00,1.33154,1.33259,1.32832,1.32917,49269
2018-06-27 12:00:00+00:00,1.32941,1.33127,1.32781,1.33003,80595
2018-06-27 16:00:00+00:00,1.32972,1.33844,1.32903,1.33664,68428
2018-06-27 20:00:00+00:00,1.33628,1.33628,1.33272,1.33303,15103
2018-06-28 00:00:00+00:00,1.33293,1.33368,1.3325,1.33317,30416
2018-06-28 04:00:00+00:00,1.33319,1.33495,1.33238,1.33279,33611
2018-06-28 08:00:00+00:00,1.33273,1.33485,1.32755,1.32908,46302
2018-06-28 12:00:00+00:00,1.32908,1.33111,1.32423,1.32543,96909
2018-06-28 16:00:00+00:00,1.32544,1.32745,1.3246,1.32651,46970
2018-06-28 20:00:00+00:00,1.3265,1.32695,1.32484,1.32549,8546
2018-06-29 00:00:00+00:00,1.32539,1.32666,1.32317,1.32317,47974
2018-06-29 04:00:00+00:00,1.32314,1.32315,1.32187,1.32237,40239
2018-06-29 08:00:00+00:00,1.32244,1.32533,1.32107,1.32484,53363
2018-06-29 12:00:00+00:00,1.32488,1.32672,1.31354,1.31408,102641
2018-06-29 16:00:00+00:00,1.31395,1.31608,1.31322,1.31461,47792
2018-06-29 20:00:00+00:00,1.31465,1.31488,1.3131,1.31332,5087
2018-07-01 20:00:00+00:00,1.3152,1.3158,1.31419,1.3149,10452
2018-07-02 00:00:00+00:00,1.3147,1.31722,1.3147,1.31714,35695
2018-07-02 04:00:00+00:00,1.31702,1.31885,1.31687,1.31772,41317
2018-07-02 08:00:00+00:00,1.31699,1.31855,1.31619,1.31834,36579
2018-07-02 12:00:00+00:00,1.31838,1.32169,1.31787,1.3214,52109
2018-07-02 16:00:00+00:00,1.32135,1.3222,1.3193,1.31986,23172
2018-07-02 20:00:00+00:00,1.31981,1.31985,1.31802,1.31876,8307
2018-07-03 00:00:00+00:00,1.31877,1.32069,1.31841,1.31981,35232
2018-07-03 04:00:00+00:00,1.31983,1.32021,1.31615,1.31615,48282
2018-07-03 08:00:00+00:00,1.31622,1.31686,1.31326,1.31445,38209
2018-07-03 12:00:00+00:00,1.31432,1.31753,1.31404,1.31507,56604
2018-07-03 16:00:00+00:00,1.31534,1.31655,1.31359,1.31374,18063
2018-07-03 20:00:00+00:00,1.31369,1.31478,1.31363,1.31434,11436
2018-07-04 00:00:00+00:00,1.31437,1.31437,1.31126,1.31306,31954
2018-07-04 04:00:00+00:00,1.31306,1.31583,1.31254,1.31566,30117
2018-07-04 08:00:00+00:00,1.31532,1.31604,1.31341,1.31469,27707
2018-07-04 12:00:00+00:00,1.31468,1.31571,1.31397,1.31445,34697
2018-07-04 16:00:00+00:00,1.3145,1.31464,1.31303,1.3144,31321
2018-07-04 20:00:00+00:00,1.31465,1.31465,1.31378,1.31403,9217
2018-07-05 00:00:00+00:00,1.31421,1.31507,1.31376,1.31491,35751
2018-07-05 04:00:00+00:00,1.315,1.31572,1.31356,1.3146,36648
2018-07-05 08:00:00+00:00,1.31452,1.31591,1.31315,1.31315,35183
2018-07-05 12:00:00+00:00,1.31282,1.31386,1.31154,1.31234,58925
2018-07-05 16:00:00+00:00,1.31247,1.31519,1.31201,1.31325,31185
2018-07-05 20:00:00+00:00,1.31354,1.31426,1.31301,1.31382,10355
2018-07-06 00:00:00+00:00,1.31379,1.31503,1.31361,1.31457,27389
2018-07-06 04:00:00+00:00,1.3145,1.31476,1.31234,1.31311,35794
2018-07-06 08:00:00+00:00,1.31306,1.31447,1.31266,1.31332,32840
2018-07-06 12:00:00+00:00,1.31319,1.31464,1.30774,1.30905,85686
2018-07-06 16:00:00+00:00,1.30924,1.31078,1.3088,1.31051,25054
2018-07-06 20:00:00+00:00,1.31001,1.31046,1.30888,1.30888,5122
2018-07-08 20:00:00+00:00,1.30888,1.31002,1.30888,1.30957,4935
2018-07-09 00:00:00+00:00,1.30952,1.30983,1.30799,1.30804,23507
2018-07-09 04:00:00+00:00,1.30804,1.30936,1.30691,1.30855,30659
2018-07-09 08:00:00+00:00,1.30864,1.30879,1.30721,1.30784,34330
2018-07-09 12:00:00+00:00,1.30764,1.3112,1.30667,1.31113,65970
2018-07-09 16:00:00+00:00,1.31105,1.31221,1.31031,1.31157,28926
2018-07-09 20:00:00+00:00,1.31167,1.31177,1.31067,1.31108,8678
2018-07-10 00:00:00+00:00,1.31101,1.31202,1.31026,1.31202,26313
2018-07-10 04:00:00+00:00,1.31189,1.31354,1.31189,1.31273,29555
2018-07-10 08:00:00+00:00,1.31288,1.31452,1.31231,1.31376,36094
2018-07-10 12:00:00+00:00,1.31368,1.31436,1.31132,1.31202,61127
2018-07-10 16:00:00+00:00,1.31203,1.31283,1.31144,1.31163,24851
2018-07-10 20:00:00+00:00,1.31156,1.3146,1.31029,1.3145,16081
2018-07-11 00:00:00+00:00,1.31433,1.31543,1.31327,1.31332,32817
2018-07-11 04:00:00+00:00,1.31335,1.3143,1.31316,1.31361,36580
2018-07-11 08:00:00+00:00,1.3136,1.31728,1.31337,1.31457,40233
2018-07-11 12:00:00+00:00,1.31455,1.31561,1.30676,1.31267,107212
2018-07-11 16:00:00+00:00,1.31276,1.32129,1.31213,1.32053,60467
2018-07-11 20:00:00+00:00,1.32032,1.32162,1.32027,1.32079,11206
2018-07-12 00:00:00+00:00,1.32127,1.32148,1.32042,1.32057,28873
2018-07-12 04:00:00+00:00,1.32058,1.32091,1.31818,1.31876,35238
2018-07-12 08:00:00+00:00,1.31879,1.32032,1.31812,1.31812,37896
2018-07-12 12:00:00+00:00,1.31774,1.31853,1.31505,1.31595,79742
2018-07-12 16:00:00+00:00,1.31594,1.31725,1.3156,1.31604,36245
2018-07-12 20:00:00+00:00,1.31593,1.31723,1.31538,1.31645,13280
2018-07-13 00:00:00+00:00,1.31661,1.31662,1.31529,1.31624,23781
2018-07-13 04:00:00+00:00,1.31621,1.31844,1.31577,1.31765,31828
2018-07-13 08:00:00+00:00,1.31791,1.32084,1.31791,1.31974,41746
2018-07-13 12:00:00+00:00,1.3199,1.31992,1.31592,1.31707,75865
2018-07-13 16:00:00+00:00,1.31675,1.3178,1.31502,1.31583,28545
2018-07-13 20:00:00+00:00,1.31589,1.31589,1.31509,1.31528,3120
2018-07-15 20:00:00+00:00,1.31571,1.3162,1.31528,1.31574,5003
2018-07-16 00:00:00+00:00,1.3158,1.31607,1.31448,1.31535,25422
2018-07-16 04:00:00+00:00,1.31533,1.31589,1.31377,1.31472,27337
2018-07-16 08:00:00+00:00,1.31456,1.31543,1.31371,1.31381,34440
2018-07-16 12:00:00+00:00,1.31406,1.31569,1.31126,1.31313,57414
2018-07-16 16:00:00+00:00,1.31307,1.3148,1.31256,1.31403,29324
2018-07-16 20:00:00+00:00,1.31412,1.31418,1.31328,1.31371,8882
2018-07-17 00:00:00+00:00,1.31373,1.31408,1.3117,1.31187,28550
2018-07-17 04:00:00+00:00,1.31168,1.31284,1.31112,1.31241,29068
2018-07-17 08:00:00+00:00,1.31226,1.31579,1.31155,1.3156,34861
2018-07-17 12:00:00+00:00,1.31569,1.32001,1.31456,1.32001,74459
2018-07-17 16:00:00+00:00,1.31992,1.32167,1.31859,1.31884,44918
2018-07-17 20:00:00+00:00,1.31899,1.3205,1.31896,1.32033,9508
2018-07-18 00:00:00+00:00,1.32023,1.32052,1.31947,1.32049,27725
2018-07-18 04:00:00+00:00,1.3206,1.32448,1.3206,1.32425,35349
2018-07-18 08:00:00+00:00,1.32438,1.32535,1.32332,1.32531,43077
2018-07-18 12:00:00+00:00,1.32548,1.32578,1.32016,1.32049,75764
2018-07-18 16:00:00+00:00,1.32023,1.32023,1.3167,1.3167,34998
2018-07-18 20:00:00+00:00,1.31698,1.31738,1.31626,1.31687,9598
2018-07-19 00:00:00+00:00,1.31683,1.3175,1.31604,1.31664,33302
2018-07-19 04:00:00+00:00,1.31663,1.32143,1.31656,1.32143,38701
2018-07-19 08:00:00+00:00,1.32144,1.32447,1.32061,1.32358,51646
2018-07-19 12:00:00+00:00,1.32385,1.32758,1.32286,1.32729,75723
2018-07-19 16:00:00+00:00,1.32733,1.32885,1.32316,1.3269,73786
2018-07-19 20:00:00+00:00,1.32699,1.32721,1.32517,1.32606,11857
2018-07-20 00:00:00+00:00,1.32602,1.32892,1.3253,1.32621,52995
2018-07-20 04:00:00+00:00,1.32622,1.32647,1.32478,1.32571,45675
2018-07-20 08:00:00+00:00,1.32576,1.3261,1.32341,1.32342,47529
2018-07-20 12:00:00+00:00,1.32328,1.32384,1.31178,1.31557,128188
2018-07-20 16:00:00+00:00,1.31551,1.31645,1.31222,1.31244,33054
2018-07-20 20:00:00+00:00,1.31244,1.3143,1.31233,1.31413,4191
2018-07-22 20:00:00+00:00,1.31296,1.31375,1.31162,1.31198,7668
2018-07-23 00:00:00+00:00,1.31195,1.31351,1.31157,1.31309,31977
2018-07-23 04:00:00+00:00,1.31304,1.31429,1.31281,1.31399,31811
2018-07-23 08:00:00+00:00,1.31415,1.31562,1.3131,1.31339,28195
2018-07-23 12:00:00+00:00,1.31357,1.31597,1.31301,1.31505,63350
2018-07-23 16:00:00+00:00,1.31488,1.31792,1.31461,1.31645,30547
2018-07-23 20:00:00+00:00,1.31656,1.31753,1.31653,1.31709,10206
2018-07-24 00:00:00+00:00,1.31709,1.31797,1.31657,1.31765,31517
2018-07-24 04:00:00+00:00,1.31762,1.31902,1.31712,1.31727,30963
2018-07-24 08:00:00+00:00,1.31721,1.31779,1.31435,1.31494,31988
2018-07-24 12:00:00+00:00,1.31504,1.31729,1.31395,1.31659,71940
2018-07-24 16:00:00+00:00,1.31649,1.31733,1.31519,1.31519,33731
2018-07-24 20:00:00+00:00,1.31562,1.31626,1.31472,1.31522,10705
2018-07-25 00:00:00+00:00,1.31516,1.31649,1.31387,1.3161,28382
2018-07-25 04:00:00+00:00,1.31622,1.31649,1.31412,1.31495,28106
2018-07-25 08:00:00+00:00,1.31498,1.31551,1.31197,1.31199,36064
2018-07-25 12:00:00+00:00,1.31217,1.31326,1.3081,1.31055,100760
2018-07-25 16:00:00+00:00,1.31063,1.31116,1.30257,1.3034,70020
2018-07-25 20:00:00+00:00,1.30308,1.30502,1.30308,1.30393,17896
2018-07-26 00:00:00+00:00,1.30385,1.30411,1.30251,1.30376,28429
2018-07-26 04:00:00+00:00,1.30386,1.3048,1.30339,1.30397,30294
2018-07-26 08:00:00+00:00,1.30413,1.3059,1.3027,1.3059,35061
2018-07-26 12:00:00+00:00,1.30609,1.30888,1.30333,1.308,104443
2018-07-26 16:00:00+00:00,1.30796,1.30796,1.30586,1.30735,37766
2018-07-26 20:00:00+00:00,1.30718,1.3079,1.3069,1.30696,9415
2018-07-27 00:00:00+00:00,1.3069,1.30742,1.30567,1.30616,22641
2018-07-27 04:00:00+00:00,1.30615,1.30703,1.30535,1.30596,27222
2018-07-27 08:00:00+00:00,1.30587,1.30765,1.30579,1.30734,35563
2018-07-27 12:00:00+00:00,1.30734,1.30742,1.30466,1.3058,86333
2018-07-27 16:00:00+00:00,1.306,1.3071,1.30562,1.30608,40009
2018-07-27 20:00:00+00:00,1.30612,1.30645,1.3057,1.30589,5674
2018-07-29 20:00:00+00:00,1.305,1.30647,1.305,1.30646,3424
2018-07-30 00:00:00+00:00,1.30636,1.30786,1.30618,1.30749,19344
2018-07-30 04:00:00+00:00,1.30749,1.30754,1.30587,1.30619,24170
2018-07-30 08:00:00+00:00,1.30636,1.307,1.30385,1.30477,32096
2018-07-30 12:00:00+00:00,1.30504,1.30523,1.29948,1.30139,61125
2018-07-30 16:00:00+00:00,1.30149,1.30302,1.30118,1.30302,26993
2018-07-30 20:00:00+00:00,1.30299,1.30354,1.30275,1.30277,9202
2018-07-31 00:00:00+00:00,1.30267,1.30897,1.30238,1.3064,32068
2018-07-31 04:00:00+00:00,1.30655,1.30719,1.30308,1.30497,39301
2018-07-31 08:00:00+00:00,1.30507,1.30549,1.30327,1.3035,31952
2018-07-31 12:00:00+00:00,1.30366,1.3053,1.29931,1.30183,113046
2018-07-31 16:00:00+00:00,1.30171,1.3019,1.29875,1.30063,44625
2018-07-31 20:00:00+00:00,1.30081,1.30223,1.30046,1.30189,13156
2018-08-01 00:00:00+00:00,1.30189,1.30198,1.30071,1.30167,18819
2018-08-01 04:00:00+00:00,1.3016,1.30253,1.30143,1.30205,26372
2018-08-01 08:00:00+00:00,1.30188,1.30325,1.30153,1.30267,24606
2018-08-01 12:00:00+00:00,1.30231,1.30283,1.29765,1.30075,79175
2018-08-01 16:00:00+00:00,1.30065,1.30148,1.29844,1.29977,48766
2018-08-01 20:00:00+00:00,1.2998,1.30068,1.29946,1.2999,8881
2018-08-02 00:00:00+00:00,1.29995,1.30111,1.29941,1.30111,19870
2018-08-02 04:00:00+00:00,1.301,1.30204,1.30073,1.30181,26796
2018-08-02 08:00:00+00:00,1.30183,1.30393,1.30164,1.30303,38602
2018-08-02 12:00:00+00:00,1.30318,1.30368,1.30016,1.30043,61689
2018-08-02 16:00:00+00:00,1.30054,1.30271,1.29966,1.30163,31008
2018-08-02 20:00:00+00:00,1.30168,1.30267,1.3016,1.30245,11147
2018-08-03 00:00:00+00:00,1.30247,1.30261,1.30097,1.30107,20345
2018-08-03 04:00:00+00:00,1.30119,1.3037,1.30114,1.3037,26509
2018-08-03 08:00:00+00:00,1.30377,1.30377,1.29839,1.30125,43025
2018-08-03 12:00:00+00:00,1.30195,1.30228,1.29706,1.29764,99393
2018-08-03 16:00:00+00:00,1.29746,1.29876,1.29706,1.29846,30401
2018-08-03 20:00:00+00:00,1.29856,1.2996,1.29856,1.29904,3830
2018-08-05 20:00:00+00:00,1.29925,1.30171,1.29907,1.30144,6343
2018-08-06 00:00:00+00:00,1.30128,1.30137,1.2988,1.29999,16063
2018-08-06 04:00:00+00:00,1.3,1.30123,1.3,1.30058,22875
2018-08-06 08:00:00+00:00,1.30069,1.3025,1.30025,1.30176,28140
2018-08-06 12:00:00+00:00,1.30213,1.30372,1.29953,1.2998,41023
2018-08-06 16:00:00+00:00,1.29988,1.30125,1.29972,1.30043,20463
2018-08-06 20:00:00+00:00,1.30037,1.30066,1.30009,1.3002,9797
2018-08-07 00:00:00+00:00,1.30027,1.30062,1.29918,1.29944,15513
2018-08-07 04:00:00+00:00,1.29941,1.29957,1.29716,1.29718,25473
2018-08-07 08:00:00+00:00,1.29716,1.29755,1.29631,1.29692,30593
2018-08-07 12:00:00+00:00,1.29689,1.3023,1.29652,1.3018,56780
2018-08-07 16:00:00+00:00,1.30179,1.30739,1.30157,1.3056,38852
2018-08-07 20:00:00+00:00,1.30567,1.30659,1.30522,1.30586,10826
2018-08-08 00:00:00+00:00,1.30586,1.30623,1.30497,1.30532,14872
2018-08-08 04:00:00+00:00,1.30533,1.30729,1.30498,1.30651,24277
2018-08-08 08:00:00+00:00,1.30634,1.30933,1.30634,1.309,36317
2018-08-08 12:00:00+00:00,1.30907,1.31081,1.30542,1.30639,80408
2018-08-08 16:00:00+00:00,1.30644,1.30789,1.30075,1.30184,43568
2018-08-08 20:00:00+00:00,1.30192,1.3025,1.30131,1.30209,9328
2018-08-09 00:00:00+00:00,1.30208,1.30288,1.30039,1.30127,21267
2018-08-09 04:00:00+00:00,1.30138,1.30297,1.30011,1.30245,32327
2018-08-09 08:00:00+00:00,1.30242,1.30471,1.30121,1.3042,32635
2018-08-09 12:00:00+00:00,1.30409,1.30472,1.302,1.30466,52882
2018-08-09 16:00:00+00:00,1.30451,1.30626,1.30349,1.30442,31118
2018-08-09 20:00:00+00:00,1.30435,1.3053,1.30398,1.30462,8566
2018-08-10 00:00:00+00:00,1.30439,1.30522,1.30439,1.30461,18605
2018-08-10 04:00:00+00:00,1.30467,1.31042,1.30463,1.3098,73875
2018-08-10 08:00:00+00:00,1.30987,1.31221,1.30881,1.30941,55136
2018-08-10 12:00:00+00:00,1.30975,1.31267,1.30679,1.31267,121284
2018-08-10 16:00:00+00:00,1.31238,1.31514,1.31182,1.31264,43401
2018-08-10 20:00:00+00:00,1.31246,1.31425,1.31187,1.31367,6027
2018-08-12 20:00:00+00:00,1.31644,1.31644,1.31374,1.31489,10527
2018-08-13 00:00:00+00:00,1.31502,1.31656,1.31471,1.3155,37068
2018-08-13 04:00:00+00:00,1.31544,1.3166,1.31441,1.31553,50948
2018-08-13 08:00:00+00:00,1.31586,1.317,1.31447,1.31493,51745
2018-08-13 12:00:00+00:00,1.31484,1.31589,1.31045,1.31382,88566
2018-08-13 16:00:00+00:00,1.31394,1.31561,1.31334,1.31344,40753
2018-08-13 20:00:00+00:00,1.31335,1.31361,1.3125,1.31315,10254
2018-08-14 00:00:00+00:00,1.31342,1.31357,1.31125,1.31157,20821
2018-08-14 04:00:00+00:00,1.31152,1.31226,1.30785,1.30816,38510
2018-08-14 08:00:00+00:00,1.30848,1.31035,1.30827,1.3083,51107
2018-08-14 12:00:00+00:00,1.30833,1.31095,1.30719,1.31066,76434
2018-08-14 16:00:00+00:00,1.3107,1.31181,1.30719,1.30725,41301
2018-08-14 20:00:00+00:00,1.30724,1.30727,1.30506,1.30579,10991
2018-08-15 00:00:00+00:00,1.30577,1.30759,1.3055,1.30733,24177
2018-08-15 04:00:00+00:00,1.30757,1.30843,1.30658,1.30782,37034
2018-08-15 08:00:00+00:00,1.30773,1.31149,1.30711,1.30985,48097
2018-08-15 12:00:00+00:00,1.30984,1.31743,1.30949,1.3156,100514
2018-08-15 16:00:00+00:00,1.3156,1.31583,1.31327,1.31372,45758
2018-08-15 20:00:00+00:00,1.31344,1.31472,1.31264,1.31472,12781
2018-08-16 00:00:00+00:00,1.3148,1.31548,1.31238,1.31243,38520
2018-08-16 04:00:00+00:00,1.31267,1.31328,1.31147,1.31286,41896
2018-08-16 08:00:00+00:00,1.31313,1.3148,1.31177,1.31471,41558
2018-08-16 12:00:00+00:00,1.31453,1.31626,1.31235,1.3145,68498
2018-08-16 16:00:00+00:00,1.31447,1.31737,1.31409,1.31618,45298
2018-08-16 20:00:00+00:00,1.31599,1.31643,1.31521,1.316,11879
2018-08-17 00:00:00+00:00,1.31597,1.3168,1.31432,1.3151,25079
2018-08-17 04:00:00+00:00,1.31497,1.31582,1.31401,1.31442,26645
2018-08-17 08:00:00+00:00,1.3145,1.31592,1.31302,1.31515,46935
2018-08-17 12:00:00+00:00,1.31514,1.31562,1.30692,1.30812,78005
2018-08-17 16:00:00+00:00,1.30813,1.3094,1.30535,1.30604,37352
2018-08-17 20:00:00+00:00,1.30604,1.30649,1.30597,1.30612,2902
2018-08-19 20:00:00+00:00,1.30596,1.30623,1.30543,1.30604,4617
2018-08-20 00:00:00+00:00,1.30613,1.30689,1.30562,1.30589,21381
2018-08-20 04:00:00+00:00,1.30599,1.30709,1.30584,1.30615,26863
2018-08-20 08:00:00+00:00,1.30598,1.30838,1.30582,1.30722,31019
2018-08-20 12:00:00+00:00,1.30723,1.30915,1.30523,1.30892,61209
2018-08-20 16:00:00+00:00,1.3082,1.3082,1.30427,1.30452,30524
2018-08-20 20:00:00+00:00,1.30452,1.30477,1.30379,1.30419,12137
2018-08-21 00:00:00+00:00,1.30426,1.30461,1.30247,1.30267,25893
2018-08-21 04:00:00+00:00,1.3026,1.30344,1.30206,1.30325,28493
2018-08-21 08:00:00+00:00,1.30315,1.30325,1.3014,1.30199,32526
2018-08-21 12:00:00+00:00,1.30182,1.30569,1.30182,1.30483,68204
2018-08-21 16:00:00+00:00,1.30484,1.30484,1.30206,1.30435,51849
2018-08-21 20:00:00+00:00,1.30439,1.30445,1.3034,1.30347,13021
2018-08-22 00:00:00+00:00,1.3034,1.30416,1.30167,1.30349,26879
2018-08-22 04:00:00+00:00,1.30351,1.30411,1.30256,1.30334,29647
2018-08-22 08:00:00+00:00,1.30337,1.30397,1.30076,1.30229,47265
2018-08-22 12:00:00+00:00,1.3026,1.30404,1.3012,1.30151,78978
2018-08-22 16:00:00+00:00,1.30144,1.30218,1.29875,1.29889,46146
2018-08-22 20:00:00+00:00,1.29889,1.30083,1.29889,1.3008,12002
2018-08-23 00:00:00+00:00,1.30098,1.30454,1.3009,1.30397,28691
2018-08-23 04:00:00+00:00,1.30397,1.30482,1.30337,1.30372,33093
2018-08-23 08:00:00+00:00,1.30377,1.30481,1.30268,1.30363,35408
2018-08-23 12:00:00+00:00,1.30369,1.30753,1.30308,1.30579,65093
2018-08-23 16:00:00+00:00,1.30566,1.30974,1.30562,1.3086,34493
2018-08-23 20:00:00+00:00,1.30835,1.31017,1.30765,1.30997,10501
2018-08-24 00:00:00+00:00,1.30983,1.3103,1.30856,1.30875,27612
2018-08-24 04:00:00+00:00,1.30863,1.3089,1.30745,1.3085,28006
2018-08-24 08:00:00+00:00,1.30831,1.30872,1.30586,1.30681,39671
2018-08-24 12:00:00+00:00,1.30692,1.30784,1.30174,1.30224,87678
2018-08-24 16:00:00+00:00,1.30204,1.30375,1.30114,1.30275,37629
2018-08-24 20:00:00+00:00,1.30272,1.30367,1.30224,1.30252,5425
2018-08-26 20:00:00+00:00,1.30135,1.3022,1.30092,1.301,7078
2018-08-27 00:00:00+00:00,1.30105,1.30215,1.30075,1.3017,19576
2018-08-27 04:00:00+00:00,1.30177,1.30348,1.30141,1.30348,23934
2018-08-27 08:00:00+00:00,1.30314,1.30667,1.30237,1.30498,35679
2018-08-27 12:00:00+00:00,1.30499,1.30534,1.29547,1.29663,82644
2018-08-27 16:00:00+00:00,1.29673,1.29818,1.29562,1.29602,31388
2018-08-27 20:00:00+00:00,1.29591,1.29705,1.29544,1.29629,14487
2018-08-28 00:00:00+00:00,1.29629,1.29774,1.29505,1.29763,25467
2018-08-28 04:00:00+00:00,1.29764,1.29816,1.29553,1.29588,32499
2018-08-28 08:00:00+00:00,1.29579,1.296,1.29264,1.29271,38618
2018-08-28 12:00:00+00:00,1.29272,1.29293,1.28875,1.29261,73675
2018-08-28 16:00:00+00:00,1.29217,1.29381,1.29087,1.29372,36451
2018-08-28 20:00:00+00:00,1.29379,1.29379,1.29243,1.29278,11418
2018-08-29 00:00:00+00:00,1.29277,1.29352,1.29042,1.29067,22721
2018-08-29 04:00:00+00:00,1.29072,1.29344,1.29034,1.29333,37649
2018-08-29 08:00:00+00:00,1.29331,1.29482,1.2926,1.29469,34224
2018-08-29 12:00:00+00:00,1.29461,1.29598,1.29227,1.29431,88420
2018-08-29 16:00:00+00:00,1.29385,1.29385,1.29068,1.29088,41744
2018-08-29 20:00:00+00:00,1.29078,1.29128,1.29037,1.29049,10596
2018-08-30 00:00:00+00:00,1.2906,1.29243,1.2906,1.292,21608
2018-08-30 04:00:00+00:00,1.29198,1.29323,1.29115,1.29199,26139
2018-08-30 08:00:00+00:00,1.29189,1.29346,1.29141,1.29276,38422
2018-08-30 12:00:00+00:00,1.29287,1.29993,1.29239,1.29916,94797
2018-08-30 16:00:00+00:00,1.29932,1.29983,1.2972,1.29753,50851
2018-08-30 20:00:00+00:00,1.29718,1.29864,1.297,1.29864,14566
2018-08-31 00:00:00+00:00,1.29862,1.30229,1.29862,1.30143,25663
2018-08-31 04:00:00+00:00,1.3016,1.30213,1.30076,1.30143,29567
2018-08-31 08:00:00+00:00,1.30118,1.30465,1.29991,1.30343,52831
2018-08-31 12:00:00+00:00,1.3031,1.30864,1.30254,1.30726,102129
2018-08-31 16:00:00+00:00,1.30717,1.30859,1.30287,1.30492,65594
2018-08-31 20:00:00+00:00,1.3048,1.30529,1.30417,1.30417,5762
2018-09-02 20:00:00+00:00,1.30747,1.30747,1.3054,1.30631,5460
2018-09-03 00:00:00+00:00,1.30631,1.30753,1.30587,1.30606,22834
2018-09-03 04:00:00+00:00,1.30615,1.30644,1.30501,1.30521,28104
2018-09-03 08:00:00+00:00,1.30526,1.30654,1.30462,1.30651,33219
2018-09-03 12:00:00+00:00,1.30648,1.31022,1.30601,1.30987,38610
2018-09-03 16:00:00+00:00,1.30953,1.31004,1.30901,1.30928,8653
2018-09-03 20:00:00+00:00,1.30933,1.30973,1.30902,1.30952,9967
2018-09-04 00:00:00+00:00,1.30973,1.3117,1.30973,1.31124,19172
2018-09-04 04:00:00+00:00,1.31126,1.31421,1.30929,1.31394,38619
2018-09-04 08:00:00+00:00,1.3139,1.31657,1.3136,1.31649,58034
2018-09-04 12:00:00+00:00,1.31648,1.32069,1.31648,1.31832,79884
2018-09-04 16:00:00+00:00,1.31812,1.3192,1.31728,1.31766,34713
2018-09-04 20:00:00+00:00,1.31739,1.31885,1.31703,1.31746,17377
2018-09-05 00:00:00+00:00,1.31738,1.3181,1.31647,1.31747,27634
2018-09-05 04:00:00+00:00,1.31746,1.32063,1.31746,1.32032,40518
2018-09-05 08:00:00+00:00,1.32014,1.32046,1.31679,1.31755,52798
2018-09-05 12:00:00+00:00,1.31748,1.32013,1.31608,1.31915,94901
2018-09-05 16:00:00+00:00,1.31871,1.31988,1.31778,1.31782,29583
2018-09-05 20:00:00+00:00,1.31764,1.31799,1.31705,1.31748,14063
2018-09-06 00:00:00+00:00,1.31746,1.31799,1.31642,1.31771,24859
2018-09-06 04:00:00+00:00,1.3177,1.32,1.31755,1.31896,31796
2018-09-06 08:00:00+00:00,1.31879,1.31903,1.31668,1.3188,45918
2018-09-06 12:00:00+00:00,1.31884,1.32253,1.31714,1.32116,75964
2018-09-06 16:00:00+00:00,1.32148,1.32175,1.31288,1.31434,53252
2018-09-06 20:00:00+00:00,1.31452,1.31551,1.31361,1.3155,18091
2018-09-07 00:00:00+00:00,1.31541,1.31627,1.31145,1.31339,32045
2018-09-07 04:00:00+00:00,1.31339,1.3146,1.31236,1.31331,35012
2018-09-07 08:00:00+00:00,1.31339,1.31368,1.31205,1.31241,37494
2018-09-07 12:00:00+00:00,1.31236,1.31759,1.31122,1.31714,99932
2018-09-07 16:00:00+00:00,1.31706,1.31886,1.31642,1.3179,45691
2018-09-07 20:00:00+00:00,1.31792,1.31799,1.31626,1.31663,4847
2018-09-09 20:00:00+00:00,1.31648,1.31757,1.31648,1.3172,4324
2018-09-10 00:00:00+00:00,1.31726,1.31852,1.31714,1.31843,20882
2018-09-10 04:00:00+00:00,1.31848,1.31964,1.31765,1.31772,27775
2018-09-10 08:00:00+00:00,1.31758,1.31945,1.31674,1.31851,28363
2018-09-10 12:00:00+00:00,1.31868,1.31945,1.31521,1.316,54908
2018-09-10 16:00:00+00:00,1.31606,1.3168,1.31556,1.31634,21115
2018-09-10 20:00:00+00:00,1.31663,1.31663,1.31554,1.31629,9186
2018-09-11 00:00:00+00:00,1.31646,1.31719,1.31473,1.31489,19372
2018-09-11 04:00:00+00:00,1.31489,1.31509,1.31321,1.31373,23821
2018-09-11 08:00:00+00:00,1.31356,1.31656,1.31341,1.31561,40262
2018-09-11 12:00:00+00:00,1.31576,1.31736,1.31319,1.31319,59389
2018-09-11 16:00:00+00:00,1.31342,1.31379,1.31104,1.3114,25915
2018-09-11 20:00:00+00:00,1.31153,1.31153,1.30442,1.30629,20491
2018-09-12 00:00:00+00:00,1.30632,1.30781,1.30623,1.30696,15549
2018-09-12 04:00:00+00:00,1.30698,1.30735,1.30554,1.30562,25739
2018-09-12 08:00:00+00:00,1.30555,1.30771,1.30416,1.30762,46503
2018-09-12 12:00:00+00:00,1.30761,1.30761,1.29889,1.30058,96234
2018-09-12 16:00:00+00:00,1.30041,1.30115,1.29806,1.30017,46151
2018-09-12 20:00:00+00:00,1.30045,1.30091,1.29934,1.30023,16835
2018-09-13 00:00:00+00:00,1.30026,1.30095,1.29938,1.3004,16842
2018-09-13 04:00:00+00:00,1.3004,1.30182,1.30004,1.30039,22931
2018-09-13 08:00:00+00:00,1.30013,1.30176,1.30006,1.30073,33923
2018-09-13 12:00:00+00:00,1.30058,1.30247,1.29775,1.30064,86301
2018-09-13 16:00:00+00:00,1.30045,1.3007,1.29863,1.30054,28700
2018-09-13 20:00:00+00:00,1.30056,1.3007,1.29937,1.30055,22493
2018-09-14 00:00:00+00:00,1.3006,1.30066,1.29911,1.29943,20449
2018-09-14 04:00:00+00:00,1.29949,1.29972,1.29834,1.29906,27316
2018-09-14 08:00:00+00:00,1.29903,1.30107,1.29876,1.30097,30736
2018-09-14 12:00:00+00:00,1.30073,1.30466,1.29976,1.30301,63600
2018-09-14 16:00:00+00:00,1.30393,1.30544,1.30276,1.30402,37810
2018-09-14 20:00:00+00:00,1.30385,1.30399,1.30307,1.30399,4392
2018-09-16 20:00:00+00:00,1.30341,1.30451,1.30337,1.3044,4528
2018-09-17 00:00:00+00:00,1.30447,1.30484,1.30333,1.30344,16622
2018-09-17 04:00:00+00:00,1.30345,1.30409,1.30281,1.303,22999
2018-09-17 08:00:00+00:00,1.30309,1.30342,1.30172,1.3023,30467
2018-09-17 12:00:00+00:00,1.30222,1.30392,1.30031,1.30185,52243
2018-09-17 16:00:00+00:00,1.30176,1.30336,1.30101,1.30285,23408
2018-09-17 20:00:00+00:00,1.30284,1.30643,1.30274,1.3064,17009
2018-09-18 00:00:00+00:00,1.30628,1.30628,1.30379,1.30409,32064
2018-09-18 04:00:00+00:00,1.3041,1.30475,1.30213,1.30305,43735
2018-09-18 08:00:00+00:00,1.30321,1.30365,1.30138,1.30246,33390
2018-09-18 12:00:00+00:00,1.30247,1.30322,1.29755,1.29774,79166
2018-09-18 16:00:00+00:00,1.29792,1.29965,1.29722,1.29805,41780
2018-09-18 20:00:00+00:00,1.29801,1.29831,1.29696,1.29732,10905
2018-09-19 00:00:00+00:00,1.2972,1.29821,1.29654,1.29699,23532
2018-09-19 04:00:00+00:00,1.29709,1.29716,1.2948,1.29532,22933
2018-09-19 08:00:00+00:00,1.29546,1.29651,1.29336,1.29604,41125
2018-09-19 12:00:00+00:00,1.29598,1.2994,1.29379,1.29379,84717
2018-09-19 16:00:00+00:00,1.29373,1.29434,1.29125,1.2925,38151
2018-09-19 20:00:00+00:00,1.29263,1.29314,1.29004,1.29186,32157
2018-09-20 00:00:00+00:00,1.29187,1.29258,1.29153,1.29222,26018
2018-09-20 04:00:00+00:00,1.29212,1.29266,1.29071,1.29108,27463
2018-09-20 08:00:00+00:00,1.29118,1.2926,1.28937,1.28988,44408
2018-09-20 12:00:00+00:00,1.28974,1.29216,1.28857,1.29215,82805
2018-09-20 16:00:00+00:00,1.292,1.29267,1.29004,1.29039,40388
2018-09-20 20:00:00+00:00,1.29033,1.29095,1.28993,1.29095,10215
2018-09-21 00:00:00+00:00,1.29097,1.2912,1.28988,1.29085,15556
2018-09-21 04:00:00+00:00,1.29086,1.29136,1.28979,1.2906,28411
2018-09-21 08:00:00+00:00,1.29057,1.29235,1.29017,1.29215,34890
2018-09-21 12:00:00+00:00,1.29216,1.29432,1.28885,1.2913,94744
2018-09-21 16:00:00+00:00,1.29138,1.29251,1.29088,1.29158,32409
2018-09-21 20:00:00+00:00,1.29178,1.29201,1.2911,1.29116,3180
2018-09-23 20:00:00+00:00,1.2925,1.2926,1.29141,1.29149,3431
2018-09-24 00:00:00+00:00,1.29145,1.29318,1.29119,1.29277,15595
2018-09-24 04:00:00+00:00,1.29295,1.2945,1.29284,1.29386,27029
2018-09-24 08:00:00+00:00,1.2937,1.29485,1.2933,1.29397,32125
2018-09-24 12:00:00+00:00,1.29381,1.29406,1.29113,1.29351,58237
2018-09-24 16:00:00+00:00,1.2934,1.2955,1.2934,1.29475,28668
2018-09-24 20:00:00+00:00,1.29473,1.29555,1.29452,1.29493,10782
2018-09-25 00:00:00+00:00,1.295,1.29652,1.29455,1.29612,12723
2018-09-25 04:00:00+00:00,1.29604,1.29681,1.29517,1.29681,21838
2018-09-25 08:00:00+00:00,1.29672,1.29723,1.29469,1.29553,39212
2018-09-25 12:00:00+00:00,1.29537,1.2962,1.29366,1.29443,53404
2018-09-25 16:00:00+00:00,1.29443,1.29541,1.29434,1.29519,26791
2018-09-25 20:00:00+00:00,1.29526,1.29575,1.2947,1.29574,6358
2018-09-26 00:00:00+00:00,1.29576,1.29631,1.29451,1.2947,15322
2018-09-26 04:00:00+00:00,1.2947,1.29583,1.29467,1.2958,18457
2018-09-26 08:00:00+00:00,1.29568,1.2966,1.29464,1.29643,29166
2018-09-26 12:00:00+00:00,1.29627,1.29782,1.29521,1.29644,50213
2018-09-26 16:00:00+00:00,1.29642,1.30232,1.29601,1.30123,77072
2018-09-26 20:00:00+00:00,1.30125,1.30442,1.30125,1.30373,11133
2018-09-27 00:00:00+00:00,1.30381,1.30464,1.30294,1.30368,19481
2018-09-27 04:00:00+00:00,1.30369,1.30589,1.30365,1.30548,43358
2018-09-27 08:00:00+00:00,1.30526,1.30674,1.3048,1.30674,42443
2018-09-27 12:00:00+00:00,1.30664,1.30791,1.30335,1.30374,64599
2018-09-27 16:00:00+00:00,1.30351,1.30466,1.30172,1.30466,31000
2018-09-27 20:00:00+00:00,1.30469,1.30491,1.30309,1.3036,9531
2018-09-28 00:00:00+00:00,1.3036,1.30385,1.30222,1.30244,14448
2018-09-28 04:00:00+00:00,1.30244,1.30299,1.30106,1.30118,19300
2018-09-28 08:00:00+00:00,1.3012,1.30221,1.3009,1.30125,32368
2018-09-28 12:00:00+00:00,1.30117,1.3014,1.29137,1.29231,68778
2018-09-28 16:00:00+00:00,1.29244,1.29433,1.29158,1.29174,32737
2018-09-28 20:00:00+00:00,1.29132,1.29306,1.2907,1.29077,4744
2018-09-30 20:00:00+00:00,1.2847,1.28617,1.28364,1.28364,10740
2018-10-01 00:00:00+00:00,1.28401,1.2862,1.28153,1.28356,23885
2018-10-01 04:00:00+00:00,1.2836,1.28474,1.28189,1.28189,23862
2018-10-01 08:00:00+00:00,1.2819,1.28196,1.2787,1.28071,35960
2018-10-01 12:00:00+00:00,1.28052,1.28271,1.27954,1.28002,64245
2018-10-01 16:00:00+00:00,1.27975,1.28067,1.27836,1.28037,31750
2018-10-01 20:00:00+00:00,1.2804,1.28177,1.2804,1.28131,9802
2018-10-02 00:00:00+00:00,1.28131,1.28156,1.27997,1.2803,13157
2018-10-02 04:00:00+00:00,1.2803,1.28286,1.28016,1.28173,29421
2018-10-02 08:00:00+00:00,1.28169,1.28394,1.28131,1.28311,40245
2018-10-02 12:00:00+00:00,1.28296,1.28375,1.28091,1.28163,67021
2018-10-02 16:00:00+00:00,1.28174,1.28225,1.28072,1.28207,25551
2018-10-02 20:00:00+00:00,1.28216,1.2831,1.28173,1.28208,8355
2018-10-03 00:00:00+00:00,1.28217,1.28306,1.28091,1.28207,31086
2018-10-03 04:00:00+00:00,1.28207,1.28323,1.2815,1.28323,29342
2018-10-03 08:00:00+00:00,1.28318,1.28434,1.28288,1.2834,31820
2018-10-03 12:00:00+00:00,1.28305,1.28431,1.28151,1.28281,65720
2018-10-03 16:00:00+00:00,1.28263,1.28529,1.28221,1.28529,36522
2018-10-03 20:00:00+00:00,1.28523,1.2884,1.28519,1.28809,21422
2018-10-04 00:00:00+00:00,1.28793,1.28864,1.28771,1.28807,18546
2018-10-04 04:00:00+00:00,1.28804,1.28876,1.28663,1.28694,29234
2018-10-04 08:00:00+00:00,1.28708,1.28877,1.28633,1.28666,30055
2018-10-04 12:00:00+00:00,1.28658,1.29041,1.28587,1.29041,62440
2018-10-04 16:00:00+00:00,1.29028,1.29376,1.29022,1.29254,51914
2018-10-04 20:00:00+00:00,1.29255,1.29281,1.29178,1.29208,10679
2018-10-05 00:00:00+00:00,1.29208,1.29298,1.29165,1.29288,16618
2018-10-05 04:00:00+00:00,1.29288,1.29355,1.29196,1.2934,21605
2018-10-05 08:00:00+00:00,1.29343,1.29407,1.29138,1.29204,26127
2018-10-05 12:00:00+00:00,1.29194,1.29503,1.2904,1.29488,88003
2018-10-05 16:00:00+00:00,1.2951,1.29536,1.29377,1.29461,32583
2018-10-05 20:00:00+00:00,1.29465,1.29523,1.29389,1.29389,2970
2018-10-07 20:00:00+00:00,1.29453,1.29525,1.29358,1.29481,14590
2018-10-08 00:00:00+00:00,1.29478,1.29739,1.29449,1.29728,17577
2018-10-08 04:00:00+00:00,1.29723,1.29942,1.29696,1.29912,19878
2018-10-08 08:00:00+00:00,1.29906,1.30099,1.29901,1.29906,32027
2018-10-08 12:00:00+00:00,1.2989,1.30011,1.29683,1.29782,47616
2018-10-08 16:00:00+00:00,1.29803,1.29813,1.29512,1.29515,25189
2018-10-08 20:00:00+00:00,1.29551,1.29602,1.29515,1.29563,27764
2018-10-09 00:00:00+00:00,1.29555,1.29689,1.29555,1.29636,19134
2018-10-09 04:00:00+00:00,1.29637,1.29731,1.29526,1.29676,22240
2018-10-09 08:00:00+00:00,1.29655,1.2999,1.29655,1.29985,40578
2018-10-09 12:00:00+00:00,1.29973,1.30017,1.29572,1.29593,75573
2018-10-09 16:00:00+00:00,1.29575,1.29676,1.29385,1.29478,40845
2018-10-09 20:00:00+00:00,1.29476,1.29505,1.29358,1.29386,7254
2018-10-10 00:00:00+00:00,1.29401,1.2943,1.29338,1.29394,16551
2018-10-10 04:00:00+00:00,1.29388,1.2953,1.29269,1.2949,25225
2018-10-10 08:00:00+00:00,1.29457,1.29649,1.29455,1.29643,32111
2018-10-10 12:00:00+00:00,1.29643,1.29928,1.29581,1.29846,78658
2018-10-10 16:00:00+00:00,1.29864,1.30453,1.29833,1.30425,63411
2018-10-10 20:00:00+00:00,1.30407,1.3068,1.30358,1.30521,21490
2018-10-11 00:00:00+00:00,1.30508,1.30639,1.30418,1.3043,39012
2018-10-11 04:00:00+00:00,1.30443,1.30526,1.30338,1.30495,37155
2018-10-11 08:00:00+00:00,1.30484,1.30619,1.30362,1.30404,44212
2018-10-11 12:00:00+00:00,1.30391,1.30716,1.30259,1.30372,131103
2018-10-11 16:00:00+00:00,1.30374,1.3053,1.30163,1.30361,84941
2018-10-11 20:00:00+00:00,1.30343,1.30357,1.30183,1.30314,15433
2018-10-12 00:00:00+00:00,1.30322,1.30403,1.30261,1.30279,25990
2018-10-12 04:00:00+00:00,1.30288,1.30322,1.30031,1.30119,30917
2018-10-12 08:00:00+00:00,1.30135,1.30255,1.30039,1.30079,38821
2018-10-12 12:00:00+00:00,1.30074,1.30353,1.30065,1.30237,74273
2018-10-12 16:00:00+00:00,1.30227,1.30498,1.30227,1.30369,67636
2018-10-12 20:00:00+00:00,1.30373,1.30373,1.30184,1.30191,5196
2018-10-14 20:00:00+00:00,1.30177,1.30283,1.30158,1.30234,11760
2018-10-15 00:00:00+00:00,1.30235,1.30322,1.30144,1.30251,28982
2018-10-15 04:00:00+00:00,1.30251,1.30311,1.30188,1.30268,32535
2018-10-15 08:00:00+00:00,1.30269,1.30309,1.3009,1.30245,42949
2018-10-15 12:00:00+00:00,1.30238,1.30492,1.29581,1.2966,95092
2018-10-15 16:00:00+00:00,1.29692,1.29948,1.29611,1.29911,39868
2018-10-15 20:00:00+00:00,1.2991,1.29944,1.29819,1.29944,15978
2018-10-16 00:00:00+00:00,1.29944,1.29944,1.29791,1.29927,19977
2018-10-16 04:00:00+00:00,1.29901,1.29988,1.29813,1.2983,30851
2018-10-16 08:00:00+00:00,1.29831,1.29857,1.29544,1.29544,41518
2018-10-16 12:00:00+00:00,1.29552,1.29617,1.29301,1.29355,67342
2018-10-16 16:00:00+00:00,1.29374,1.29473,1.29171,1.29457,29913
2018-10-16 20:00:00+00:00,1.29473,1.29473,1.29314,1.2936,13661
2018-10-17 00:00:00+00:00,1.2934,1.29581,1.2934,1.29553,23505
2018-10-17 04:00:00+00:00,1.29555,1.29616,1.29509,1.29551,34184
2018-10-17 08:00:00+00:00,1.29539,1.29745,1.29417,1.29745,49103
2018-10-17 12:00:00+00:00,1.29762,1.30049,1.29694,1.29863,79977
2018-10-17 16:00:00+00:00,1.29888,1.3022,1.29874,1.3014,48454
2018-10-17 20:00:00+00:00,1.30151,1.30282,1.30132,1.30255,14919
2018-10-18 00:00:00+00:00,1.30263,1.3046,1.30214,1.30385,29129
2018-10-18 04:00:00+00:00,1.30383,1.30553,1.30333,1.3034,33475
2018-10-18 08:00:00+00:00,1.30332,1.3049,1.3029,1.30461,42945
2018-10-18 12:00:00+00:00,1.30463,1.30595,1.3023,1.30595,73388
2018-10-18 16:00:00+00:00,1.3055,1.30867,1.30533,1.3077,63046
2018-10-18 20:00:00+00:00,1.30752,1.3087,1.30711,1.30788,9872
2018-10-19 00:00:00+00:00,1.30787,1.30789,1.30623,1.30654,27170
2018-10-19 04:00:00+00:00,1.30656,1.30665,1.3051,1.30558,35053
2018-10-19 08:00:00+00:00,1.30538,1.30588,1.30284,1.3037,45816
2018-10-19 12:00:00+00:00,1.30345,1.31146,1.303,1.31034,103629
2018-10-19 16:00:00+00:00,1.31037,1.31308,1.31037,1.31105,49534
2018-10-19 20:00:00+00:00,1.31103,1.3113,1.30997,1.30998,4768
2018-10-21 20:00:00+00:00,1.3091,1.31099,1.3091,1.31044,9238
2018-10-22 00:00:00+00:00,1.31026,1.31169,1.30894,1.30906,34108
2018-10-22 04:00:00+00:00,1.30909,1.3096,1.30809,1.30843,33143
2018-10-22 08:00:00+00:00,1.3084,1.30963,1.30809,1.30876,49204
2018-10-22 12:00:00+00:00,1.30877,1.31142,1.30877,1.31062,76574
2018-10-22 16:00:00+00:00,1.3107,1.31249,1.3096,1.31028,35929
2018-10-22 20:00:00+00:00,1.31018,1.31028,1.30939,1.30986,13202
2018-10-23 00:00:00+00:00,1.30988,1.3108,1.30882,1.30949,19636
2018-10-23 04:00:00+00:00,1.30951,1.31146,1.30837,1.30872,38341
2018-10-23 08:00:00+00:00,1.3088,1.31105,1.30861,1.31052,56770
2018-10-23 12:00:00+00:00,1.31049,1.31202,1.30876,1.31024,92208
2018-10-23 16:00:00+00:00,1.31005,1.31023,1.30817,1.3086,56409
2018-10-23 20:00:00+00:00,1.30834,1.3088,1.30767,1.30823,9651
2018-10-24 00:00:00+00:00,1.30812,1.30872,1.30703,1.30723,20879
2018-10-24 04:00:00+00:00,1.30726,1.30877,1.30726,1.30829,39210
2018-10-24 08:00:00+00:00,1.30824,1.30996,1.30788,1.30862,53305
2018-10-24 12:00:00+00:00,1.3088,1.30969,1.29899,1.29944,131248
2018-10-24 16:00:00+00:00,1.29903,1.30562,1.29701,1.30484,85990
2018-10-24 20:00:00+00:00,1.30434,1.30566,1.30392,1.30476,13839
2018-10-25 00:00:00+00:00,1.30475,1.30475,1.30161,1.302,26041
2018-10-25 04:00:00+00:00,1.30203,1.3038,1.3018,1.30295,40318
2018-10-25 08:00:00+00:00,1.30295,1.30576,1.30154,1.30554,52687
2018-10-25 12:00:00+00:00,1.30516,1.30973,1.30417,1.30675,110541
2018-10-25 16:00:00+00:00,1.30692,1.30858,1.3066,1.3066,45890
2018-10-25 20:00:00+00:00,1.30669,1.30761,1.30667,1.30712,12244
2018-10-26 00:00:00+00:00,1.30735,1.31152,1.30735,1.31143,32340
2018-10-26 04:00:00+00:00,1.31135,1.31428,1.31033,1.3138,52686
2018-10-26 08:00:00+00:00,1.31372,1.31527,1.31327,1.31457,64652
2018-10-26 12:00:00+00:00,1.31425,1.31552,1.30957,1.3101,102834
2018-10-26 16:00:00+00:00,1.3097,1.31011,1.30698,1.30847,74750
2018-10-26 20:00:00+00:00,1.30829,1.31038,1.30811,1.31038,5185
2018-10-28 20:00:00+00:00,1.3093,1.30992,1.30906,1.30974,4232
2018-10-29 00:00:00+00:00,1.30973,1.31085,1.30944,1.30997,22451
2018-10-29 04:00:00+00:00,1.30994,1.31125,1.30976,1.3098,24220
2018-10-29 08:00:00+00:00,1.30985,1.31139,1.30831,1.30966,53189
2018-10-29 12:00:00+00:00,1.30955,1.31291,1.30883,1.31291,77809
2018-10-29 16:00:00+00:00,1.3132,1.31481,1.31178,1.31351,68967
2018-10-29 20:00:00+00:00,1.3135,1.3135,1.31273,1.31296,22184
2018-10-30 00:00:00+00:00,1.31305,1.31305,1.31024,1.31082,28286
2018-10-30 04:00:00+00:00,1.31082,1.31194,1.3107,1.3107,27184
2018-10-30 08:00:00+00:00,1.31038,1.31273,1.31008,1.31258,50774
2018-10-30 12:00:00+00:00,1.31215,1.31438,1.31166,1.31335,82986
2018-10-30 16:00:00+00:00,1.31344,1.31469,1.31181,1.31229,49731
2018-10-30 20:00:00+00:00,1.31229,1.31229,1.31056,1.31159,12181
2018-10-31 00:00:00+00:00,1.31164,1.31258,1.31078,1.31247,20294
2018-10-31 04:00:00+00:00,1.31248,1.31305,1.31192,1.3126,20993
2018-10-31 08:00:00+00:00,1.31259,1.31391,1.31191,1.31327,42816
2018-10-31 12:00:00+00:00,1.3133,1.31379,1.31113,1.31291,90760
2018-10-31 16:00:00+00:00,1.31339,1.31691,1.3133,1.31638,61517
2018-10-31 20:00:00+00:00,1.31646,1.31657,1.3151,1.31586,15500
2018-11-01 00:00:00+00:00,1.316,1.31679,1.31374,1.31392,26185
2018-11-01 04:00:00+00:00,1.31386,1.31488,1.31229,1.31237,23889
2018-11-01 08:00:00+00:00,1.31252,1.31254,1.30971,1.31035,51482
2018-11-01 12:00:00+00:00,1.31029,1.31136,1.30701,1.31082,89248
2018-11-01 16:00:00+00:00,1.31081,1.31081,1.30848,1.30902,45619
2018-11-01 20:00:00+00:00,1.30882,1.30954,1.3082,1.3091,11098
2018-11-02 00:00:00+00:00,1.30928,1.30979,1.30897,1.30955,20250
2018-11-02 04:00:00+00:00,1.30954,1.30965,1.30542,1.30549,39383
2018-11-02 08:00:00+00:00,1.30554,1.30674,1.30488,1.30674,54022
2018-11-02 12:00:00+00:00,1.30661,1.31134,1.3063,1.31083,104184
2018-11-02 16:00:00+00:00,1.31073,1.31181,1.30997,1.31013,52386
2018-11-02 20:00:00+00:00,1.30987,1.31047,1.30951,1.30989,3410
2018-11-04 20:00:00+00:00,1.30902,1.31048,1.30902,1.3101,9944
2018-11-05 00:00:00+00:00,1.3101,1.31098,1.3099,1.31093,24177
2018-11-05 04:00:00+00:00,1.31093,1.31112,1.31032,1.31069,22279
2018-11-05 08:00:00+00:00,1.31073,1.31128,1.30992,1.31021,34619
2018-11-05 12:00:00+00:00,1.31018,1.31038,1.30715,1.30878,53414
2018-11-05 16:00:00+00:00,1.3089,1.31156,1.30835,1.31076,42072
2018-11-05 20:00:00+00:00,1.31097,1.31121,1.31016,1.3111,17657
2018-11-06 00:00:00+00:00,1.31111,1.31144,1.31092,1.31143,16589
2018-11-06 04:00:00+00:00,1.31138,1.31149,1.31065,1.31137,25098
2018-11-06 08:00:00+00:00,1.31141,1.31276,1.31096,1.31206,41973
2018-11-06 12:00:00+00:00,1.31224,1.3134,1.31149,1.31191,54006
2018-11-06 16:00:00+00:00,1.31208,1.31442,1.31208,1.31422,41812
2018-11-06 20:00:00+00:00,1.31416,1.31416,1.31162,1.31162,17815
2018-11-07 00:00:00+00:00,1.31127,1.31575,1.31075,1.31109,55441
2018-11-07 04:00:00+00:00,1.31113,1.31352,1.31042,1.31269,32455
2018-11-07 08:00:00+00:00,1.31252,1.31252,1.30735,1.30754,53668
2018-11-07 12:00:00+00:00,1.30743,1.31167,1.30566,1.3113,74049
2018-11-07 16:00:00+00:00,1.31106,1.31183,1.30984,1.30995,61590
2018-11-07 20:00:00+00:00,1.31008,1.31192,1.31008,1.31163,21350
2018-11-08 00:00:00+00:00,1.31162,1.31247,1.31144,1.3117,26764
2018-11-08 04:00:00+00:00,1.31169,1.31226,1.31009,1.3103,37743
2018-11-08 08:00:00+00:00,1.3102,1.3106,1.30879,1.30978,53042
2018-11-08 12:00:00+00:00,1.30965,1.31101,1.30917,1.31037,69337
2018-11-08 16:00:00+00:00,1.31019,1.31828,1.30919,1.31817,81662
2018-11-08 20:00:00+00:00,1.31808,1.31818,1.31419,1.31439,29899
2018-11-09 00:00:00+00:00,1.31448,1.31814,1.31447,1.31812,30730
2018-11-09 04:00:00+00:00,1.3182,1.31887,1.31735,1.31876,27880
2018-11-09 08:00:00+00:00,1.31884,1.31976,1.31855,1.31901,44661
2018-11-09 12:00:00+00:00,1.31918,1.31993,1.31762,1.31913,73057
2018-11-09 16:00:00+00:00,1.31943,1.32307,1.31943,1.32109,61590
2018-11-09 20:00:00+00:00,1.3211,1.32119,1.31906,1.32074,14707
2018-11-11 20:00:00+00:00,1.3204,1.32066,1.31935,1.31938,11416
2018-11-12 00:00:00+00:00,1.3193,1.31968,1.31828,1.31859,23005
2018-11-12 04:00:00+00:00,1.31855,1.32076,1.31846,1.32012,31950
2018-11-12 08:00:00+00:00,1.32032,1.32126,1.32001,1.3205,41376
2018-11-12 12:00:00+00:00,1.32045,1.32182,1.31942,1.32182,59925
2018-11-12 16:00:00+00:00,1.3216,1.32296,1.32047,1.32291,52240
2018-11-12 20:00:00+00:00,1.32263,1.32489,1.32246,1.32432,19220
2018-11-13 00:00:00+00:00,1.32442,1.32447,1.32183,1.32205,22629
2018-11-13 04:00:00+00:00,1.3218,1.32318,1.32153,1.32292,24725
2018-11-13 08:00:00+00:00,1.32297,1.32422,1.32261,1.32344,53730
2018-11-13 12:00:00+00:00,1.32345,1.32589,1.32192,1.32432,81743
2018-11-13 16:00:00+00:00,1.32444,1.32633,1.32218,1.32537,80117
2018-11-13 20:00:00+00:00,1.32491,1.32518,1.32245,1.32245,24030
2018-11-14 00:00:00+00:00,1.32247,1.32367,1.32193,1.32343,21492
2018-11-14 04:00:00+00:00,1.3234,1.32463,1.32329,1.32341,28631
2018-11-14 08:00:00+00:00,1.3234,1.3248,1.32303,1.32338,52313
2018-11-14 12:00:00+00:00,1.32329,1.32618,1.32114,1.32307,88953
2018-11-14 16:00:00+00:00,1.32285,1.32558,1.32254,1.32254,90465
2018-11-14 20:00:00+00:00,1.32299,1.32491,1.32224,1.32472,26110
2018-11-15 00:00:00+00:00,1.32461,1.3249,1.32322,1.32334,22312
2018-11-15 04:00:00+00:00,1.32333,1.32343,1.32214,1.3224,25027
2018-11-15 08:00:00+00:00,1.32237,1.32384,1.32107,1.32278,57652
2018-11-15 12:00:00+00:00,1.32267,1.32369,1.321,1.32277,74680
2018-11-15 16:00:00+00:00,1.32299,1.32316,1.31568,1.31666,74391
2018-11-15 20:00:00+00:00,1.31719,1.31888,1.31708,1.31732,25402
2018-11-16 00:00:00+00:00,1.31733,1.31758,1.31523,1.31581,25283
2018-11-16 04:00:00+00:00,1.31582,1.31689,1.31569,1.3165,17759
2018-11-16 08:00:00+00:00,1.31626,1.31768,1.31497,1.31698,32298
2018-11-16 12:00:00+00:00,1.31688,1.31858,1.31283,1.31419,67384
2018-11-16 16:00:00+00:00,1.31428,1.31778,1.31354,1.31647,69690
2018-11-16 20:00:00+00:00,1.31621,1.31621,1.31448,1.31448,12761
2018-11-18 20:00:00+00:00,1.3151,1.31549,1.31418,1.31472,5966
2018-11-19 00:00:00+00:00,1.31488,1.31643,1.31488,1.31631,16054
2018-11-19 04:00:00+00:00,1.31625,1.31709,1.31592,1.31639,17269
2018-11-19 08:00:00+00:00,1.31644,1.31778,1.31507,1.31778,34585
2018-11-19 12:00:00+00:00,1.31766,1.32008,1.31607,1.31708,56230
2018-11-19 16:00:00+00:00,1.31713,1.32006,1.31687,1.31791,53206
2018-11-19 20:00:00+00:00,1.31789,1.31827,1.31666,1.31722,18568
2018-11-20 00:00:00+00:00,1.31711,1.31747,1.31656,1.31656,15555
2018-11-20 04:00:00+00:00,1.31659,1.31771,1.31624,1.31634,18879
2018-11-20 08:00:00+00:00,1.31626,1.31868,1.31556,1.31729,47245
2018-11-20 12:00:00+00:00,1.31736,1.32699,1.31736,1.32353,93053
2018-11-20 16:00:00+00:00,1.32294,1.33152,1.32288,1.33151,78431
2018-11-20 20:00:00+00:00,1.33141,1.33172,1.32956,1.33062,19783
2018-11-21 00:00:00+00:00,1.33061,1.33168,1.33039,1.33059,15384
2018-11-21 04:00:00+00:00,1.33071,1.33097,1.32879,1.32926,15604
2018-11-21 08:00:00+00:00,1.32938,1.33,1.3276,1.32902,51304
2018-11-21 12:00:00+00:00,1.32878,1.3297,1.32709,1.3297,68592
2018-11-21 16:00:00+00:00,1.32949,1.32949,1.32367,1.32529,47203
2018-11-21 20:00:00+00:00,1.32525,1.32539,1.32244,1.32277,18041
2018-11-22 00:00:00+00:00,1.32279,1.32397,1.32194,1.32274,15588
2018-11-22 04:00:00+00:00,1.3226,1.32395,1.32205,1.32376,16793
2018-11-22 08:00:00+00:00,1.32404,1.32449,1.32195,1.32228,35512
2018-11-22 12:00:00+00:00,1.32232,1.32359,1.32036,1.32152,35605
2018-11-22 16:00:00+00:00,1.32157,1.32218,1.31833,1.31939,34233
2018-11-22 20:00:00+00:00,1.31951,1.31955,1.31823,1.31908,13498
2018-11-23 00:00:00+00:00,1.31911,1.32081,1.31887,1.3197,14485
2018-11-23 04:00:00+00:00,1.31952,1.32092,1.31931,1.31985,15384
2018-11-23 08:00:00+00:00,1.31968,1.324,1.31944,1.32281,42964
2018-11-23 12:00:00+00:00,1.32273,1.32575,1.32141,1.32342,75548
2018-11-23 16:00:00+00:00,1.32294,1.32379,1.31882,1.323,85074
2018-11-23 20:00:00+00:00,1.32304,1.32384,1.3222,1.32334,18721
2018-11-25 20:00:00+00:00,1.3221,1.32291,1.32207,1.32272,4684
2018-11-26 00:00:00+00:00,1.3227,1.32282,1.32119,1.32176,19501
2018-11-26 04:00:00+00:00,1.32156,1.3216,1.3194,1.31956,19912
2018-11-26 08:00:00+00:00,1.31975,1.32101,1.31879,1.32023,34215
2018-11-26 12:00:00+00:00,1.32004,1.32386,1.31982,1.32371,56010
2018-11-26 16:00:00+00:00,1.32362,1.32475,1.32272,1.32411,37528
2018-11-26 20:00:00+00:00,1.32415,1.32604,1.32412,1.3254,16461
2018-11-27 00:00:00+00:00,1.32545,1.32647,1.32497,1.32577,15798
2018-11-27 04:00:00+00:00,1.32575,1.32639,1.32372,1.32639,31389
2018-11-27 08:00:00+00:00,1.32637,1.32742,1.32461,1.32462,42104
2018-11-27 12:00:00+00:00,1.3248,1.32829,1.32405,1.32815,58690
2018-11-27 16:00:00+00:00,1.32839,1.33273,1.32793,1.32991,53280
2018-11-27 20:00:00+00:00,1.32981,1.32993,1.32915,1.32971,15603
2018-11-28 00:00:00+00:00,1.3298,1.33077,1.32943,1.33052,15512
2018-11-28 04:00:00+00:00,1.3304,1.33237,1.33008,1.33237,15694
2018-11-28 08:00:00+00:00,1.33229,1.33311,1.33141,1.33141,34914
2018-11-28 12:00:00+00:00,1.33123,1.3358,1.33088,1.3358,65723
2018-11-28 16:00:00+00:00,1.33562,1.33582,1.32422,1.32723,118585
2018-11-28 20:00:00+00:00,1.32738,1.328,1.32643,1.3277,16974
2018-11-29 00:00:00+00:00,1.32772,1.32855,1.32727,1.32739,26092
2018-11-29 04:00:00+00:00,1.32733,1.32744,1.32559,1.32573,24181
2018-11-29 08:00:00+00:00,1.3257,1.33115,1.3255,1.32946,39655
2018-11-29 12:00:00+00:00,1.33,1.33027,1.32567,1.32799,93699
2018-11-29 16:00:00+00:00,1.32805,1.32868,1.32601,1.32751,62415
2018-11-29 20:00:00+00:00,1.3276,1.32891,1.32726,1.32752,16134
2018-11-30 00:00:00+00:00,1.32753,1.32879,1.3274,1.32851,15719
2018-11-30 04:00:00+00:00,1.32851,1.32965,1.32844,1.32961,19096
2018-11-30 08:00:00+00:00,1.32979,1.33187,1.32966,1.33125,35069
2018-11-30 12:00:00+00:00,1.33125,1.33317,1.32901,1.32901,85804
2018-11-30 16:00:00+00:00,1.32926,1.33133,1.32796,1.32905,63130
2018-11-30 20:00:00+00:00,1.32915,1.33002,1.32858,1.32858,10868
2018-12-02 20:00:00+00:00,1.32342,1.32643,1.32342,1.32554,5644
2018-12-03 00:00:00+00:00,1.32568,1.32676,1.32137,1.3219,24938
2018-12-03 04:00:00+00:00,1.32181,1.32181,1.31738,1.31769,29771
2018-12-03 08:00:00+00:00,1.31785,1.31996,1.31599,1.31915,44372
2018-12-03 12:00:00+00:00,1.31949,1.31991,1.31647,1.319,82925
2018-12-03 16:00:00+00:00,1.31892,1.32184,1.31817,1.32114,66545
2018-12-03 20:00:00+00:00,1.32113,1.32174,1.31939,1.31989,19647
2018-12-04 00:00:00+00:00,1.3199,1.32016,1.31809,1.31825,30555
2018-12-04 04:00:00+00:00,1.31825,1.31839,1.31726,1.31753,28007
2018-12-04 08:00:00+00:00,1.31737,1.31791,1.31643,1.31763,46709
2018-12-04 12:00:00+00:00,1.31754,1.3212,1.31683,1.32068,80499
2018-12-04 16:00:00+00:00,1.32058,1.32557,1.31881,1.32466,90191
2018-12-04 20:00:00+00:00,1.32476,1.32656,1.32449,1.32567,20942
2018-12-05 00:00:00+00:00,1.32563,1.32822,1.32533,1.32793,20010
2018-12-05 04:00:00+00:00,1.32788,1.32914,1.32788,1.32856,23664
2018-12-05 08:00:00+00:00,1.32896,1.32949,1.32769,1.32826,27849
2018-12-05 12:00:00+00:00,1.32825,1.33975,1.32721,1.33776,62711
2018-12-05 16:00:00+00:00,1.33768,1.33894,1.33623,1.33853,41549
2018-12-05 20:00:00+00:00,1.33799,1.33809,1.33514,1.33626,17615
2018-12-06 00:00:00+00:00,1.3363,1.34032,1.3363,1.34028,21357
2018-12-06 04:00:00+00:00,1.34031,1.34084,1.33901,1.34084,28954
2018-12-06 08:00:00+00:00,1.34078,1.34421,1.3404,1.34209,66657
2018-12-06 12:00:00+00:00,1.34221,1.34265,1.33998,1.34238,120660
2018-12-06 16:00:00+00:00,1.34178,1.34394,1.33801,1.33936,79890
2018-12-06 20:00:00+00:00,1.33927,1.3396,1.33702,1.33915,20143
2018-12-07 00:00:00+00:00,1.33898,1.33973,1.33861,1.33871,16392
2018-12-07 04:00:00+00:00,1.33869,1.33984,1.33869,1.33933,17061
2018-12-07 08:00:00+00:00,1.33951,1.33993,1.33836,1.33993,39397
2018-12-07 12:00:00+00:00,1.33989,1.33991,1.32553,1.32924,142581
2018-12-07 16:00:00+00:00,1.32908,1.33127,1.32824,1.32827,70900
2018-12-07 20:00:00+00:00,1.32865,1.33224,1.32865,1.33217,20611
2018-12-09 20:00:00+00:00,1.33319,1.33331,1.33213,1.33294,5941
2018-12-10 00:00:00+00:00,1.33302,1.33313,1.32971,1.32982,22391
2018-12-10 04:00:00+00:00,1.33002,1.33109,1.32929,1.33101,16939
2018-12-10 08:00:00+00:00,1.33077,1.33241,1.3303,1.33128,35639
2018-12-10 12:00:00+00:00,1.33143,1.33924,1.33057,1.33923,79236
2018-12-10 16:00:00+00:00,1.33956,1.34148,1.3382,1.34123,83177
2018-12-10 20:00:00+00:00,1.34087,1.34115,1.33918,1.3398,16638
2018-12-11 00:00:00+00:00,1.33998,1.34079,1.33914,1.34006,15452
2018-12-11 04:00:00+00:00,1.34014,1.34141,1.3398,1.34128,14225
2018-12-11 08:00:00+00:00,1.34096,1.34201,1.33867,1.33867,37868
2018-12-11 12:00:00+00:00,1.3388,1.34142,1.33795,1.34134,76704
2018-12-11 16:00:00+00:00,1.34153,1.34232,1.33902,1.33953,72319
2018-12-11 20:00:00+00:00,1.33954,1.34079,1.33789,1.33789,30208
2018-12-12 00:00:00+00:00,1.33793,1.33802,1.33707,1.33762,12338
2018-12-12 04:00:00+00:00,1.33764,1.33869,1.33727,1.33761,15867
2018-12-12 08:00:00+00:00,1.33749,1.33822,1.3369,1.33773,29131
2018-12-12 12:00:00+00:00,1.3377,1.33822,1.33236,1.33328,83658
2018-12-12 16:00:00+00:00,1.33347,1.33595,1.33239,1.33509,66565
2018-12-12 20:00:00+00:00,1.3352,1.33722,1.33421,1.33499,27214
2018-12-13 00:00:00+00:00,1.33517,1.33654,1.33513,1.33559,12415
2018-12-13 04:00:00+00:00,1.33568,1.33615,1.33497,1.33513,14762
2018-12-13 08:00:00+00:00,1.33519,1.33742,1.33434,1.33734,30759
2018-12-13 12:00:00+00:00,1.33714,1.33811,1.3355,1.3355,81284
2018-12-13 16:00:00+00:00,1.33543,1.33668,1.3339,1.33552,64197
2018-12-13 20:00:00+00:00,1.33572,1.33572,1.33482,1.33509,17466
2018-12-14 00:00:00+00:00,1.33514,1.33725,1.33472,1.33687,12734
2018-12-14 04:00:00+00:00,1.33688,1.33901,1.33677,1.33855,14073
2018-12-14 08:00:00+00:00,1.33879,1.34013,1.33809,1.33879,45747
2018-12-14 12:00:00+00:00,1.33863,1.33965,1.33694,1.33704,63622
2018-12-14 16:00:00+00:00,1.33718,1.33883,1.33703,1.33731,56936
2018-12-14 20:00:00+00:00,1.3372,1.33945,1.33706,1.33829,16913
2018-12-16 20:00:00+00:00,1.338,1.33875,1.33784,1.3387,25870
2018-12-17 00:00:00+00:00,1.33868,1.33868,1.33739,1.33794,36358
2018-12-17 04:00:00+00:00,1.33801,1.3385,1.33781,1.33781,10947
2018-12-17 08:00:00+00:00,1.33785,1.33905,1.33729,1.33866,28860
2018-12-17 12:00:00+00:00,1.33851,1.3407,1.33764,1.33764,53602
2018-12-17 16:00:00+00:00,1.33775,1.34107,1.33762,1.34082,53994
2018-12-17 20:00:00+00:00,1.34087,1.34201,1.34052,1.34129,23657
2018-12-18 00:00:00+00:00,1.34144,1.342,1.33985,1.34001,19322
2018-12-18 04:00:00+00:00,1.33996,1.34052,1.33945,1.34007,25411
2018-12-18 08:00:00+00:00,1.3403,1.34139,1.33907,1.33961,38309
2018-12-18 12:00:00+00:00,1.3395,1.34445,1.33927,1.34445,67364
2018-12-18 16:00:00+00:00,1.34431,1.34953,1.34408,1.34937,87353
2018-12-18 20:00:00+00:00,1.34911,1.34911,1.34551,1.34551,30268
2018-12-19 00:00:00+00:00,1.34554,1.34593,1.34493,1.34571,18611
2018-12-19 04:00:00+00:00,1.34579,1.34714,1.34492,1.34714,19077
2018-12-19 08:00:00+00:00,1.34701,1.34821,1.34467,1.34496,41255
2018-12-19 12:00:00+00:00,1.34508,1.34663,1.34163,1.34166,69334
2018-12-19 16:00:00+00:00,1.34181,1.34985,1.34174,1.3495,112194
2018-12-19 20:00:00+00:00,1.34991,1.35044,1.34734,1.34748,55030
2018-12-20 00:00:00+00:00,1.34757,1.34978,1.34757,1.34972,19437
2018-12-20 04:00:00+00:00,1.34966,1.35039,1.34801,1.34801,23865
2018-12-20 08:00:00+00:00,1.34818,1.34871,1.34476,1.34573,61169
2018-12-20 12:00:00+00:00,1.34569,1.34932,1.34467,1.34932,87984
2018-12-20 16:00:00+00:00,1.34965,1.35301,1.34886,1.34946,128203
2018-12-20 20:00:00+00:00,1.34962,1.35079,1.3486,1.34984,36165
2018-12-21 00:00:00+00:00,1.34994,1.35061,1.34963,1.35014,12509
2018-12-21 04:00:00+00:00,1.35013,1.35119,1.34933,1.35015,17649
2018-12-21 08:00:00+00:00,1.3503,1.35404,1.34995,1.35358,49033
2018-12-21 12:00:00+00:00,1.35386,1.35631,1.35193,1.35523,105731
2018-12-21 16:00:00+00:00,1.3555,1.35943,1.35508,1.35901,128869
2018-12-21 20:00:00+00:00,1.35895,1.36017,1.35895,1.35984,27618
2018-12-23 20:00:00+00:00,1.35952,1.35982,1.35907,1.35974,5128
2018-12-24 00:00:00+00:00,1.35975,1.35976,1.35674,1.35723,11322
2018-12-24 04:00:00+00:00,1.35713,1.35932,1.35675,1.35932,10471
2018-12-24 08:00:00+00:00,1.35922,1.35922,1.35654,1.35747,33330
2018-12-24 12:00:00+00:00,1.35733,1.3601,1.35688,1.35862,89326
2018-12-24 16:00:00+00:00,1.35874,1.361,1.35692,1.36098,84033
2018-12-26 04:00:00+00:00,1.36097,1.36097,1.35974,1.35989,9515
2018-12-26 08:00:00+00:00,1.35987,1.36008,1.35952,1.35962,8555
2018-12-26 12:00:00+00:00,1.35969,1.36151,1.35884,1.36061,44681
2018-12-26 16:00:00+00:00,1.36023,1.36038,1.3573,1.3582,62360
2018-12-26 20:00:00+00:00,1.35842,1.35889,1.35669,1.35737,21468
2018-12-27 00:00:00+00:00,1.35744,1.35943,1.35744,1.35904,16185
2018-12-27 04:00:00+00:00,1.35903,1.361,1.35865,1.361,21968
2018-12-27 08:00:00+00:00,1.36073,1.36326,1.35915,1.36037,52122
2018-12-27 12:00:00+00:00,1.36035,1.36602,1.36021,1.36391,91683
2018-12-27 16:00:00+00:00,1.36448,1.36581,1.36333,1.36399,95506
2018-12-27 20:00:00+00:00,1.36429,1.36434,1.36099,1.36211,34177
2018-12-28 00:00:00+00:00,1.36203,1.36228,1.36136,1.36174,13145
2018-12-28 04:00:00+00:00,1.36175,1.36251,1.36038,1.3604,15071
2018-12-28 08:00:00+00:00,1.36044,1.36147,1.35952,1.35997,27454
2018-12-28 12:00:00+00:00,1.35995,1.36602,1.35995,1.36331,84014
2018-12-28 16:00:00+00:00,1.36394,1.36486,1.36131,1.3639,85078
2018-12-28 20:00:00+00:00,1.36379,1.366,1.36344,1.36374,29581
2018-12-30 20:00:00+00:00,1.36357,1.3638,1.36251,1.36256,3080
2018-12-31 00:00:00+00:00,1.36266,1.36367,1.36165,1.36233,9711
2018-12-31 04:00:00+00:00,1.36218,1.36332,1.36122,1.36137,10863
2018-12-31 08:00:00+00:00,1.36154,1.3624,1.36092,1.36203,27648
2018-12-31 12:00:00+00:00,1.36199,1.36633,1.36146,1.3652,62051
2018-12-31 16:00:00+00:00,1.3659,1.3659,1.36237,1.36461,56017
2019-01-02 04:00:00+00:00,1.36275,1.36275,1.35698,1.35771,26796
2019-01-02 08:00:00+00:00,1.35736,1.36381,1.35736,1.36322,51495
2019-01-02 12:00:00+00:00,1.36342,1.36594,1.35752,1.3606,89929
2019-01-02 16:00:00+00:00,1.36083,1.36083,1.35728,1.35867,79539
2019-01-02 20:00:00+00:00,1.35874,1.36542,1.35769,1.36312,34363
2019-01-03 00:00:00+00:00,1.36288,1.36354,1.36199,1.36342,17306
2019-01-03 04:00:00+00:00,1.36343,1.36451,1.36162,1.36175,23089
2019-01-03 08:00:00+00:00,1.36188,1.36245,1.36081,1.36158,49888
2019-01-03 12:00:00+00:00,1.36164,1.36175,1.35077,1.35092,115853
2019-01-03 16:00:00+00:00,1.35123,1.3515,1.34699,1.34774,122801
2019-01-03 20:00:00+00:00,1.34801,1.34935,1.34744,1.34795,33607
2019-01-04 00:00:00+00:00,1.34798,1.34909,1.34774,1.34837,18296
2019-01-04 04:00:00+00:00,1.3483,1.3488,1.34452,1.34491,17819
2019-01-04 08:00:00+00:00,1.34486,1.34563,1.34327,1.34451,42492
2019-01-04 12:00:00+00:00,1.34442,1.34624,1.33845,1.33884,111664
2019-01-04 16:00:00+00:00,1.33923,1.3419,1.33811,1.33942,83879
2019-01-04 20:00:00+00:00,1.33949,1.34051,1.33706,1.33706,14883
2019-01-06 20:00:00+00:00,1.33794,1.33878,1.33688,1.33694,4738
2019-01-07 00:00:00+00:00,1.33698,1.33778,1.3358,1.3358,11165
2019-01-07 04:00:00+00:00,1.3359,1.33644,1.33504,1.33512,14635
2019-01-07 08:00:00+00:00,1.33532,1.33688,1.33453,1.3359,27280
2019-01-07 12:00:00+00:00,1.33589,1.33633,1.33054,1.33145,65137
2019-01-07 16:00:00+00:00,1.33145,1.33145,1.32794,1.32946,59173
2019-01-07 20:00:00+00:00,1.32947,1.33036,1.32906,1.3297,15521
2019-01-08 00:00:00+00:00,1.3296,1.33018,1.32732,1.32869,16797
2019-01-08 04:00:00+00:00,1.32856,1.32906,1.32682,1.32849,15476
2019-01-08 08:00:00+00:00,1.32888,1.32904,1.3268,1.32784,31006
2019-01-08 12:00:00+00:00,1.32792,1.3308,1.32772,1.32885,64304
2019-01-08 16:00:00+00:00,1.32891,1.33203,1.32756,1.32821,47976
2019-01-08 20:00:00+00:00,1.32818,1.32821,1.32449,1.32449,13882
2019-01-09 00:00:00+00:00,1.32466,1.32546,1.32265,1.3229,15737
2019-01-09 04:00:00+00:00,1.3229,1.32371,1.3224,1.32319,15936
2019-01-09 08:00:00+00:00,1.32334,1.32472,1.32301,1.32349,33245
2019-01-09 12:00:00+00:00,1.32381,1.32463,1.31818,1.3239,101966
2019-01-09 16:00:00+00:00,1.32362,1.32388,1.32,1.32219,83092
2019-01-09 20:00:00+00:00,1.32183,1.32195,1.32045,1.32132,25935
2019-01-10 00:00:00+00:00,1.32129,1.3242,1.32081,1.32241,18780
2019-01-10 04:00:00+00:00,1.32251,1.32499,1.32251,1.32405,18610
2019-01-10 08:00:00+00:00,1.32443,1.32443,1.32096,1.3221,30820
2019-01-10 12:00:00+00:00,1.32218,1.32568,1.32097,1.32289,62647
2019-01-10 16:00:00+00:00,1.32301,1.3248,1.3222,1.32287,63533
2019-01-10 20:00:00+00:00,1.32304,1.32445,1.32285,1.32391,13239
2019-01-11 00:00:00+00:00,1.32372,1.32372,1.32103,1.32114,13544
2019-01-11 04:00:00+00:00,1.32116,1.32116,1.3198,1.3198,15019
2019-01-11 08:00:00+00:00,1.31979,1.32016,1.31835,1.31985,31051
2019-01-11 12:00:00+00:00,1.3197,1.32743,1.31963,1.3253,76496
2019-01-11 16:00:00+00:00,1.32532,1.32713,1.32512,1.32713,48481
2019-01-11 20:00:00+00:00,1.32726,1.32779,1.32607,1.32639,10819
2019-01-13 20:00:00+00:00,1.32569,1.32687,1.32569,1.32687,5248
2019-01-14 00:00:00+00:00,1.32668,1.3284,1.32544,1.32792,10553
2019-01-14 04:00:00+00:00,1.32791,1.3297,1.32736,1.32837,14012
2019-01-14 08:00:00+00:00,1.32835,1.32854,1.32651,1.32749,32428
2019-01-14 12:00:00+00:00,1.32748,1.32851,1.32537,1.32632,59281
2019-01-14 16:00:00+00:00,1.32672,1.32808,1.32623,1.32667,42894
2019-01-14 20:00:00+00:00,1.32683,1.32844,1.32657,1.32776,12288
2019-01-15 00:00:00+00:00,1.32764,1.32787,1.32606,1.32677,16238
2019-01-15 04:00:00+00:00,1.32671,1.32707,1.32555,1.32573,16666
2019-01-15 08:00:00+00:00,1.32539,1.32785,1.3245,1.32643,37161
2019-01-15 12:00:00+00:00,1.32644,1.32761,1.32271,1.32432,69833
2019-01-15 16:00:00+00:00,1.32453,1.32939,1.32449,1.32815,67727
2019-01-15 20:00:00+00:00,1.32789,1.32807,1.32602,1.32612,19954
2019-01-16 00:00:00+00:00,1.32629,1.32794,1.32617,1.32706,18117
2019-01-16 04:00:00+00:00,1.32698,1.32698,1.32476,1.32496,20243
2019-01-16 08:00:00+00:00,1.32488,1.32841,1.32459,1.3271,37842
2019-01-16 12:00:00+00:00,1.32708,1.32735,1.32355,1.32485,56918
2019-01-16 16:00:00+00:00,1.32495,1.3255,1.32383,1.32486,53062
2019-01-16 20:00:00+00:00,1.32513,1.32618,1.32398,1.32589,21136
2019-01-17 00:00:00+00:00,1.32611,1.32751,1.32554,1.32726,16524
2019-01-17 04:00:00+00:00,1.32729,1.32956,1.32719,1.32888,20449
2019-01-17 08:00:00+00:00,1.32871,1.33074,1.32745,1.32806,31839
2019-01-17 12:00:00+00:00,1.32787,1.33178,1.3277,1.3295,64466
2019-01-17 16:00:00+00:00,1.32948,1.33048,1.32496,1.32702,59852
2019-01-17 20:00:00+00:00,1.32676,1.32821,1.32658,1.32818,18342
2019-01-18 00:00:00+00:00,1.32812,1.32828,1.32675,1.32779,18438
2019-01-18 04:00:00+00:00,1.32775,1.32802,1.32621,1.3264,14643
2019-01-18 08:00:00+00:00,1.32667,1.32765,1.32509,1.32535,22417
2019-01-18 12:00:00+00:00,1.32527,1.32747,1.32356,1.32501,64390
2019-01-18 16:00:00+00:00,1.32473,1.32738,1.32404,1.32705,44539
2019-01-18 20:00:00+00:00,1.32725,1.32831,1.32641,1.32648,13712
2019-01-20 20:00:00+00:00,1.32645,1.32768,1.32626,1.32765,7160
2019-01-21 00:00:00+00:00,1.32782,1.32782,1.32568,1.32665,17782
2019-01-21 04:00:00+00:00,1.32692,1.32732,1.32598,1.32715,13482
2019-01-21 08:00:00+00:00,1.32711,1.32949,1.32707,1.32917,17582
2019-01-21 12:00:00+00:00,1.32917,1.33168,1.3287,1.32904,28280
2019-01-21 16:00:00+00:00,1.32851,1.33003,1.32851,1.32946,57184
2019-01-21 20:00:00+00:00,1.32949,1.32996,1.32921,1.32977,23747
2019-01-22 00:00:00+00:00,1.32977,1.33071,1.32966,1.33071,10078
2019-01-22 04:00:00+00:00,1.33085,1.33373,1.33075,1.33338,14228
2019-01-22 08:00:00+00:00,1.3335,1.3342,1.33202,1.33288,24103
2019-01-22 12:00:00+00:00,1.33284,1.33526,1.33159,1.33371,60521
2019-01-22 16:00:00+00:00,1.33372,1.33538,1.33273,1.33502,50593
2019-01-22 20:00:00+00:00,1.33504,1.33582,1.33448,1.33567,23110
2019-01-23 00:00:00+00:00,1.33562,1.33562,1.33264,1.33274,16734
2019-01-23 04:00:00+00:00,1.33275,1.33293,1.33232,1.33264,14951
2019-01-23 08:00:00+00:00,1.33276,1.33314,1.33124,1.33162,26175
2019-01-23 12:00:00+00:00,1.33154,1.33682,1.33051,1.33557,70133
2019-01-23 16:00:00+00:00,1.33572,1.33643,1.33434,1.33481,48381
2019-01-23 20:00:00+00:00,1.33456,1.33481,1.33399,1.33417,13639
2019-01-24 00:00:00+00:00,1.33411,1.33491,1.33298,1.33455,16046
2019-01-24 04:00:00+00:00,1.33457,1.33636,1.3343,1.336,16682
2019-01-24 08:00:00+00:00,1.3361,1.33653,1.33461,1.33601,34631
2019-01-24 12:00:00+00:00,1.33575,1.33737,1.33332,1.33387,86445
2019-01-24 16:00:00+00:00,1.33422,1.33622,1.3336,1.33534,58278
2019-01-24 20:00:00+00:00,1.33533,1.33615,1.33433,1.33504,23903
2019-01-25 00:00:00+00:00,1.33537,1.33557,1.33124,1.3315,15573
2019-01-25 04:00:00+00:00,1.33142,1.33248,1.33111,1.33114,16029
2019-01-25 08:00:00+00:00,1.33134,1.333,1.33096,1.33103,28303
2019-01-25 12:00:00+00:00,1.33113,1.33311,1.32383,1.32608,74298
2019-01-25 16:00:00+00:00,1.32587,1.32675,1.32287,1.32287,53362
2019-01-25 20:00:00+00:00,1.32295,1.32309,1.32153,1.32153,11801
2019-01-27 20:00:00+00:00,1.3218,1.32238,1.32115,1.32224,2457
2019-01-28 00:00:00+00:00,1.32225,1.32226,1.32036,1.32055,11543
2019-01-28 04:00:00+00:00,1.32055,1.3223,1.32036,1.32215,10414
2019-01-28 08:00:00+00:00,1.32225,1.32374,1.32153,1.32374,22730
2019-01-28 12:00:00+00:00,1.32357,1.32846,1.3232,1.32567,55651
2019-01-28 16:00:00+00:00,1.32566,1.32707,1.32498,1.32558,38003
2019-01-28 20:00:00+00:00,1.32543,1.32637,1.32521,1.32616,16295
2019-01-29 00:00:00+00:00,1.32619,1.32776,1.32611,1.32616,16377
2019-01-29 04:00:00+00:00,1.32615,1.32652,1.32457,1.32646,17754
2019-01-29 08:00:00+00:00,1.32641,1.32709,1.32519,1.32519,30448
2019-01-29 12:00:00+00:00,1.32528,1.3274,1.32433,1.32723,64678
2019-01-29 16:00:00+00:00,1.32696,1.32843,1.32614,1.32843,47121
2019-01-29 20:00:00+00:00,1.32831,1.32846,1.32663,1.32715,23166
2019-01-30 00:00:00+00:00,1.32718,1.32806,1.32601,1.32615,27557
2019-01-30 04:00:00+00:00,1.32613,1.32632,1.32478,1.32525,20970
2019-01-30 08:00:00+00:00,1.32505,1.32603,1.32277,1.32277,27317
2019-01-30 12:00:00+00:00,1.32275,1.32305,1.31952,1.32015,65390
2019-01-30 16:00:00+00:00,1.32012,1.32089,1.3119,1.31266,83889
2019-01-30 20:00:00+00:00,1.31342,1.31584,1.31336,1.31434,44478
2019-01-31 00:00:00+00:00,1.31436,1.31462,1.31271,1.31316,19359
2019-01-31 04:00:00+00:00,1.31315,1.31348,1.31213,1.31254,19693
2019-01-31 08:00:00+00:00,1.31228,1.31443,1.31226,1.3134,33475
2019-01-31 12:00:00+00:00,1.31358,1.31632,1.31292,1.31349,69824
2019-01-31 16:00:00+00:00,1.31359,1.31573,1.313,1.313,57668
2019-01-31 20:00:00+00:00,1.31327,1.31421,1.3121,1.31267,17335
2019-02-01 00:00:00+00:00,1.31267,1.31473,1.31232,1.31452,20371
2019-02-01 04:00:00+00:00,1.31462,1.31571,1.31431,1.3145,16926
2019-02-01 08:00:00+00:00,1.31433,1.31514,1.31379,1.31397,26972
2019-02-01 12:00:00+00:00,1.31395,1.31424,1.30844,1.30994,86188
2019-02-01 16:00:00+00:00,1.31003,1.31005,1.30694,1.30891,45919
2019-02-01 20:00:00+00:00,1.30882,1.3101,1.30857,1.30993,8361
2019-02-03 20:00:00+00:00,1.30973,1.31,1.30886,1.31,3277
2019-02-04 00:00:00+00:00,1.30974,1.3098,1.3086,1.30965,15968
2019-02-04 04:00:00+00:00,1.30972,1.31063,1.30955,1.30955,12577
2019-02-04 08:00:00+00:00,1.30959,1.31006,1.30858,1.30979,21200
2019-02-04 12:00:00+00:00,1.3098,1.31455,1.3098,1.31227,47057
2019-02-04 16:00:00+00:00,1.31217,1.31389,1.31186,1.31241,37280
2019-02-04 20:00:00+00:00,1.31234,1.31261,1.31096,1.31163,15686
2019-02-05 00:00:00+00:00,1.31163,1.31203,1.31045,1.31062,15176
2019-02-05 04:00:00+00:00,1.31054,1.31192,1.31024,1.31184,10701
2019-02-05 08:00:00+00:00,1.31141,1.31201,1.31029,1.31126,20280
2019-02-05 12:00:00+00:00,1.31125,1.31526,1.31062,1.31315,48574
2019-02-05 16:00:00+00:00,1.31321,1.31459,1.31311,1.3144,34040
2019-02-05 20:00:00+00:00,1.31432,1.31432,1.31249,1.31268,27686
2019-02-06 00:00:00+00:00,1.31287,1.31506,1.31255,1.31475,22333
2019-02-06 04:00:00+00:00,1.3148,1.31992,1.31432,1.31992,21116
2019-02-06 08:00:00+00:00,1.31976,1.32046,1.31837,1.32046,23296
2019-02-06 12:00:00+00:00,1.32039,1.32079,1.31735,1.31754,51090
2019-02-06 16:00:00+00:00,1.31771,1.32069,1.31756,1.32032,35972
2019-02-06 20:00:00+00:00,1.32009,1.32183,1.31999,1.32159,18746
2019-02-07 00:00:00+00:00,1.32157,1.32427,1.32157,1.32384,13100
2019-02-07 04:00:00+00:00,1.32384,1.32484,1.32372,1.32476,13709
2019-02-07 08:00:00+00:00,1.32481,1.32578,1.32297,1.3255,26780
2019-02-07 12:00:00+00:00,1.32572,1.3279,1.32454,1.32624,58266
2019-02-07 16:00:00+00:00,1.32613,1.33169,1.32597,1.33033,54373
2019-02-07 20:00:00+00:00,1.32982,1.3314,1.32956,1.33113,12451
2019-02-08 00:00:00+00:00,1.3312,1.33284,1.3312,1.33231,19556
2019-02-08 04:00:00+00:00,1.33226,1.3324,1.33149,1.3316,15388
2019-02-08 08:00:00+00:00,1.3319,1.33247,1.33087,1.33221,28043
2019-02-08 12:00:00+00:00,1.3321,1.3321,1.32325,1.32729,72347
2019-02-08 16:00:00+00:00,1.3279,1.3295,1.32626,1.32681,40791
2019-02-08 20:00:00+00:00,1.32696,1.32768,1.32639,1.32745,8958
2019-02-10 20:00:00+00:00,1.32684,1.32778,1.32673,1.32763,2500
2019-02-11 00:00:00+00:00,1.32779,1.32918,1.3273,1.32864,13744
2019-02-11 04:00:00+00:00,1.32863,1.32963,1.32761,1.32877,14643
2019-02-11 08:00:00+00:00,1.32889,1.32914,1.32639,1.32721,33722
2019-02-11 12:00:00+00:00,1.32724,1.33101,1.32637,1.33101,59042
2019-02-11 16:00:00+00:00,1.33109,1.33178,1.3288,1.32982,37499
2019-02-11 20:00:00+00:00,1.32983,1.33074,1.32917,1.3303,34711
2019-02-12 00:00:00+00:00,1.33044,1.33142,1.32879,1.32879,17797
2019-02-12 04:00:00+00:00,1.32884,1.32954,1.32786,1.32823,12218
2019-02-12 08:00:00+00:00,1.32806,1.32888,1.32611,1.32632,21766
2019-02-12 12:00:00+00:00,1.32644,1.32729,1.32445,1.32577,45884
2019-02-12 16:00:00+00:00,1.32606,1.32622,1.32341,1.3241,42610
2019-02-12 20:00:00+00:00,1.32392,1.32422,1.32253,1.32303,11236
2019-02-13 00:00:00+00:00,1.32303,1.32326,1.31967,1.31984,23366
2019-02-13 04:00:00+00:00,1.32001,1.32213,1.32001,1.32192,12610
2019-02-13 08:00:00+00:00,1.32211,1.32412,1.32211,1.32294,22523
2019-02-13 12:00:00+00:00,1.32293,1.32554,1.32179,1.32336,51504
2019-02-13 16:00:00+00:00,1.32332,1.32519,1.32214,1.32502,40640
2019-02-13 20:00:00+00:00,1.32473,1.32662,1.32473,1.32597,11047
2019-02-14 00:00:00+00:00,1.32604,1.32666,1.32423,1.32423,20644
2019-02-14 04:00:00+00:00,1.32432,1.32454,1.32313,1.32357,20402
2019-02-14 08:00:00+00:00,1.32375,1.32731,1.32375,1.32627,28835
2019-02-14 12:00:00+00:00,1.32626,1.33391,1.32586,1.33183,84602
2019-02-14 16:00:00+00:00,1.33151,1.33234,1.32775,1.32828,46603
2019-02-14 20:00:00+00:00,1.32837,1.32974,1.32825,1.32974,13227
2019-02-15 00:00:00+00:00,1.32988,1.33123,1.32973,1.33035,21257
2019-02-15 04:00:00+00:00,1.33041,1.33119,1.32971,1.33105,18975
2019-02-15 08:00:00+00:00,1.3308,1.33121,1.3278,1.3292,26945
2019-02-15 12:00:00+00:00,1.32891,1.32939,1.32583,1.32814,70548
2019-02-15 16:00:00+00:00,1.32778,1.32879,1.32461,1.32501,41688
2019-02-15 20:00:00+00:00,1.32501,1.32527,1.32421,1.32421,6645
2019-02-17 20:00:00+00:00,1.32537,1.32545,1.32399,1.32412,3943
2019-02-18 00:00:00+00:00,1.32414,1.32414,1.32252,1.32296,24297
2019-02-18 04:00:00+00:00,1.32295,1.32359,1.32283,1.32322,21101
2019-02-18 08:00:00+00:00,1.32342,1.32422,1.32278,1.32371,18586
2019-02-18 12:00:00+00:00,1.32367,1.32422,1.32261,1.32375,23547
2019-02-18 16:00:00+00:00,1.32363,1.32428,1.32289,1.32368,26651
2019-02-18 20:00:00+00:00,1.32371,1.32424,1.32326,1.32349,11729
2019-02-19 00:00:00+00:00,1.32354,1.32629,1.32344,1.3262,22520
2019-02-19 04:00:00+00:00,1.32624,1.32624,1.3252,1.32589,16858
2019-02-19 08:00:00+00:00,1.3258,1.32625,1.32458,1.32569,29042
2019-02-19 12:00:00+00:00,1.32581,1.32804,1.32407,1.32587,55521
2019-02-19 16:00:00+00:00,1.32572,1.32599,1.3208,1.32128,48479
2019-02-19 20:00:00+00:00,1.32082,1.32163,1.32057,1.32107,11929
2019-02-20 00:00:00+00:00,1.32099,1.32137,1.31845,1.31951,25492
2019-02-20 04:00:00+00:00,1.31945,1.32048,1.31839,1.31855,16159
2019-02-20 08:00:00+00:00,1.31884,1.31979,1.31775,1.31867,30311
2019-02-20 12:00:00+00:00,1.31887,1.31975,1.31686,1.31715,56379
2019-02-20 16:00:00+00:00,1.31711,1.31742,1.31509,1.31536,57448
2019-02-20 20:00:00+00:00,1.31616,1.31792,1.31574,1.31719,17023
2019-02-21 00:00:00+00:00,1.31709,1.3189,1.31646,1.31648,33289
2019-02-21 04:00:00+00:00,1.31651,1.32054,1.31638,1.31941,37019
2019-02-21 08:00:00+00:00,1.31907,1.32032,1.3181,1.3184,35023
2019-02-21 12:00:00+00:00,1.3185,1.3194,1.31642,1.3184,63835
2019-02-21 16:00:00+00:00,1.31847,1.32312,1.31832,1.32252,72825
2019-02-21 20:00:00+00:00,1.32269,1.32338,1.32192,1.32263,19213
2019-02-22 00:00:00+00:00,1.32288,1.32409,1.32277,1.32347,23920
2019-02-22 04:00:00+00:00,1.32348,1.3241,1.32169,1.32176,20665
2019-02-22 08:00:00+00:00,1.32192,1.32261,1.32045,1.32139,23020
2019-02-22 12:00:00+00:00,1.32143,1.32281,1.31852,1.31861,65372
2019-02-22 16:00:00+00:00,1.31844,1.31935,1.3134,1.31385,52339
2019-02-22 20:00:00+00:00,1.31369,1.31494,1.31348,1.31348,11453
2019-02-24 20:00:00+00:00,1.31338,1.31374,1.31315,1.31322,5236
2019-02-25 00:00:00+00:00,1.31321,1.31433,1.31254,1.31394,17294
2019-02-25 04:00:00+00:00,1.31396,1.31448,1.31218,1.31258,21002
2019-02-25 08:00:00+00:00,1.31282,1.31342,1.31136,1.31144,26435
2019-02-25 12:00:00+00:00,1.31196,1.31843,1.31155,1.31744,61098
2019-02-25 16:00:00+00:00,1.31741,1.31957,1.31705,1.31931,59166
2019-02-25 20:00:00+00:00,1.31908,1.31945,1.31843,1.31853,12746
2019-02-26 00:00:00+00:00,1.31878,1.32008,1.31853,1.31981,16280
2019-02-26 04:00:00+00:00,1.31977,1.32125,1.31939,1.32054,16742
2019-02-26 08:00:00+00:00,1.32072,1.32233,1.32043,1.32184,26058
2019-02-26 12:00:00+00:00,1.32191,1.32353,1.31957,1.31967,59457
2019-02-26 16:00:00+00:00,1.31965,1.31974,1.31616,1.31682,49556
2019-02-26 20:00:00+00:00,1.31694,1.3174,1.31553,1.31645,15281
2019-02-27 00:00:00+00:00,1.3163,1.31742,1.31603,1.31728,223458
2019-02-27 04:00:00+00:00,1.31728,1.3176,1.31598,1.31695,62904
2019-02-27 08:00:00+00:00,1.31684,1.31685,1.31321,1.31354,28670
2019-02-27 12:00:00+00:00,1.31365,1.31618,1.31203,1.31438,71593
2019-02-27 16:00:00+00:00,1.31438,1.3155,1.31376,1.31498,42254
2019-02-27 20:00:00+00:00,1.31521,1.31561,1.31456,1.31456,13520
2019-02-28 00:00:00+00:00,1.31492,1.31579,1.31434,1.31529,19196
2019-02-28 04:00:00+00:00,1.31519,1.31762,1.31511,1.31734,21049
2019-02-28 08:00:00+00:00,1.31719,1.31788,1.3156,1.31612,28776
2019-02-28 12:00:00+00:00,1.31609,1.32057,1.31593,1.31657,80760
2019-02-28 16:00:00+00:00,1.31706,1.31776,1.31414,1.31416,54334
2019-02-28 20:00:00+00:00,1.31448,1.31749,1.31448,1.31645,17181
2019-03-01 00:00:00+00:00,1.31653,1.31735,1.31589,1.31619,20145
2019-03-01 04:00:00+00:00,1.3162,1.31639,1.31332,1.31337,16178
2019-03-01 08:00:00+00:00,1.31328,1.31454,1.31304,1.31314,28481
2019-03-01 12:00:00+00:00,1.31323,1.32481,1.31314,1.32445,100160
2019-03-01 16:00:00+00:00,1.32434,1.33032,1.32393,1.33007,61995
2019-03-01 20:00:00+00:00,1.32998,1.33056,1.32923,1.32964,16619
2019-03-03 20:00:00+00:00,1.32761,1.3285,1.32759,1.32846,4074
2019-03-04 00:00:00+00:00,1.32847,1.32934,1.32821,1.32838,16776
2019-03-04 04:00:00+00:00,1.3284,1.32971,1.32753,1.32953,15846
2019-03-04 08:00:00+00:00,1.32958,1.33241,1.32907,1.33182,37935
2019-03-04 12:00:00+00:00,1.33192,1.33248,1.32966,1.33224,60668
2019-03-04 16:00:00+00:00,1.33213,1.3337,1.33135,1.33156,52422
2019-03-04 20:00:00+00:00,1.3316,1.33186,1.33009,1.33125,12308
2019-03-05 00:00:00+00:00,1.33125,1.33241,1.33122,1.33241,19976
2019-03-05 04:00:00+00:00,1.33229,1.33403,1.33203,1.33354,20067
2019-03-05 08:00:00+00:00,1.33356,1.335,1.33332,1.3337,29313
2019-03-05 12:00:00+00:00,1.33358,1.33593,1.33312,1.33446,58044
2019-03-05 16:00:00+00:00,1.33472,1.33598,1.33336,1.33452,39121
2019-03-05 20:00:00+00:00,1.33467,1.33582,1.3342,1.33562,12591
2019-03-06 00:00:00+00:00,1.33573,1.33736,1.33548,1.33719,16490
2019-03-06 04:00:00+00:00,1.3371,1.33724,1.33584,1.33603,14800
2019-03-06 08:00:00+00:00,1.33593,1.33802,1.33561,1.33702,25404
2019-03-06 12:00:00+00:00,1.33723,1.34557,1.33723,1.34216,85293
2019-03-06 16:00:00+00:00,1.3419,1.34491,1.34182,1.34212,46992
2019-03-06 20:00:00+00:00,1.3422,1.34435,1.34203,1.34434,12567
2019-03-07 00:00:00+00:00,1.34443,1.34469,1.34348,1.34435,14995
2019-03-07 04:00:00+00:00,1.3443,1.3446,1.34362,1.34362,12662
2019-03-07 08:00:00+00:00,1.3437,1.34445,1.34208,1.34215,37342
2019-03-07 12:00:00+00:00,1.34212,1.34377,1.34136,1.34351,81881
2019-03-07 16:00:00+00:00,1.34326,1.34598,1.34182,1.34579,64534
2019-03-07 20:00:00+00:00,1.34581,1.34671,1.34441,1.34446,16339
2019-03-08 00:00:00+00:00,1.34444,1.34584,1.34444,1.34525,17276
2019-03-08 04:00:00+00:00,1.34526,1.34646,1.3448,1.34493,18540
2019-03-08 08:00:00+00:00,1.3448,1.34625,1.3448,1.3461,36187
2019-03-08 12:00:00+00:00,1.34596,1.34641,1.33931,1.34382,99075
2019-03-08 16:00:00+00:00,1.34348,1.34366,1.34031,1.34111,40420
2019-03-08 20:00:00+00:00,1.34112,1.34194,1.34039,1.34158,11277
2019-03-10 20:00:00+00:00,1.34154,1.34268,1.34154,1.34225,4380
2019-03-11 00:00:00+00:00,1.34246,1.34334,1.34204,1.34265,17244
2019-03-11 04:00:00+00:00,1.3427,1.34322,1.34169,1.34169,15150
2019-03-11 08:00:00+00:00,1.34167,1.34262,1.3406,1.34256,28939
2019-03-11 12:00:00+00:00,1.34262,1.34387,1.33965,1.34184,58718
2019-03-11 16:00:00+00:00,1.34186,1.34213,1.3399,1.3399,39924
2019-03-11 20:00:00+00:00,1.34,1.34042,1.33856,1.33954,12510
2019-03-12 00:00:00+00:00,1.33971,1.34023,1.33944,1.33944,13944
2019-03-12 04:00:00+00:00,1.33944,1.34062,1.33944,1.3403,13979
2019-03-12 08:00:00+00:00,1.34033,1.34152,1.33971,1.34083,37399
2019-03-12 12:00:00+00:00,1.34072,1.34081,1.33704,1.33803,68733
2019-03-12 16:00:00+00:00,1.33784,1.33827,1.33532,1.33591,38271
2019-03-12 20:00:00+00:00,1.33584,1.33625,1.33503,1.33593,10313
2019-03-13 00:00:00+00:00,1.3361,1.33702,1.33512,1.33644,11731
2019-03-13 04:00:00+00:00,1.33654,1.33677,1.33541,1.33674,12536
2019-03-13 08:00:00+00:00,1.33683,1.33683,1.33485,1.33524,30984
2019-03-13 12:00:00+00:00,1.33497,1.33614,1.33121,1.33183,64869
2019-03-13 16:00:00+00:00,1.33168,1.334,1.32911,1.32942,46568
2019-03-13 20:00:00+00:00,1.32958,1.33045,1.32876,1.33007,18328
2019-03-14 00:00:00+00:00,1.33008,1.3313,1.32999,1.33113,11005
2019-03-14 04:00:00+00:00,1.33111,1.33189,1.33096,1.33163,12484
2019-03-14 08:00:00+00:00,1.33165,1.33348,1.33054,1.33326,45015
2019-03-14 12:00:00+00:00,1.33316,1.3347,1.33145,1.33162,68098
2019-03-14 16:00:00+00:00,1.33134,1.33336,1.33134,1.33271,34692
2019-03-14 20:00:00+00:00,1.33296,1.3335,1.33229,1.33254,11152
2019-03-15 00:00:00+00:00,1.33232,1.33311,1.3307,1.33116,12942
2019-03-15 04:00:00+00:00,1.33115,1.33143,1.32908,1.32971,12687
2019-03-15 08:00:00+00:00,1.32949,1.33305,1.32938,1.33294,30468
2019-03-15 12:00:00+00:00,1.33305,1.33702,1.33248,1.33355,78370
2019-03-15 16:00:00+00:00,1.33364,1.33473,1.3328,1.33447,35614
2019-03-15 20:00:00+00:00,1.33508,1.33517,1.33351,1.33353,4712
2019-03-17 20:00:00+00:00,1.33306,1.33441,1.33296,1.33424,7695
2019-03-18 00:00:00+00:00,1.33429,1.33467,1.33171,1.33185,15562
2019-03-18 04:00:00+00:00,1.33186,1.33199,1.33031,1.33081,13845
2019-03-18 08:00:00+00:00,1.3311,1.33322,1.3311,1.33221,37885
2019-03-18 12:00:00+00:00,1.33214,1.33595,1.33206,1.33428,55137
2019-03-18 16:00:00+00:00,1.33401,1.3365,1.33396,1.33442,31545
2019-03-18 20:00:00+00:00,1.33424,1.33441,1.3331,1.33394,10633
2019-03-19 00:00:00+00:00,1.33407,1.33436,1.33277,1.33277,13173
2019-03-19 04:00:00+00:00,1.33284,1.33391,1.33277,1.33344,14903
2019-03-19 08:00:00+00:00,1.33357,1.33357,1.33043,1.33081,31834
2019-03-19 12:00:00+00:00,1.33084,1.33084,1.32526,1.32942,84635
2019-03-19 16:00:00+00:00,1.32928,1.33211,1.32916,1.33123,50888
2019-03-19 20:00:00+00:00,1.3313,1.33278,1.33121,1.33249,11345
2019-03-20 00:00:00+00:00,1.3326,1.33396,1.33219,1.33313,11609
2019-03-20 04:00:00+00:00,1.33317,1.33451,1.3329,1.3341,13685
2019-03-20 08:00:00+00:00,1.33374,1.33419,1.333,1.33309,30556
2019-03-20 12:00:00+00:00,1.33276,1.33457,1.33174,1.33272,61281
2019-03-20 16:00:00+00:00,1.33257,1.33336,1.32586,1.32905,78629
2019-03-20 20:00:00+00:00,1.32916,1.33098,1.32878,1.32893,18531
2019-03-21 00:00:00+00:00,1.32889,1.32973,1.32774,1.32968,17436
2019-03-21 04:00:00+00:00,1.3297,1.33056,1.3292,1.33052,17571
2019-03-21 08:00:00+00:00,1.33077,1.33391,1.32984,1.3339,45693
2019-03-21 12:00:00+00:00,1.33382,1.33778,1.33334,1.33694,90520
2019-03-21 16:00:00+00:00,1.33714,1.33988,1.33664,1.33742,62679
2019-03-21 20:00:00+00:00,1.33731,1.33749,1.33523,1.33706,14548
2019-03-22 00:00:00+00:00,1.33706,1.33739,1.336,1.33664,14789
2019-03-22 04:00:00+00:00,1.33646,1.33703,1.33531,1.33551,14986
2019-03-22 08:00:00+00:00,1.3353,1.34023,1.3353,1.34023,76445
2019-03-22 12:00:00+00:00,1.33993,1.34247,1.33879,1.34069,129214
2019-03-22 16:00:00+00:00,1.34032,1.34284,1.34029,1.34284,50658
2019-03-22 20:00:00+00:00,1.34289,1.34289,1.3419,1.34269,3597
2019-03-24 20:00:00+00:00,1.34254,1.34285,1.3417,1.34258,2656
2019-03-25 00:00:00+00:00,1.34258,1.34394,1.34258,1.34279,14912
2019-03-25 04:00:00+00:00,1.34287,1.34293,1.34131,1.34185,19148
2019-03-25 08:00:00+00:00,1.34186,1.34353,1.34041,1.34353,43367
2019-03-25 12:00:00+00:00,1.34351,1.34423,1.34014,1.342,87469
2019-03-25 16:00:00+00:00,1.34191,1.34296,1.34013,1.34013,46441
2019-03-25 20:00:00+00:00,1.34003,1.34101,1.33929,1.33947,8702
2019-03-26 00:00:00+00:00,1.33954,1.33966,1.33866,1.33905,14136
2019-03-26 04:00:00+00:00,1.33906,1.3401,1.33887,1.33935,17807
2019-03-26 08:00:00+00:00,1.33943,1.34039,1.338,1.33952,39897
2019-03-26 12:00:00+00:00,1.33946,1.34114,1.33742,1.33895,75887
2019-03-26 16:00:00+00:00,1.33905,1.33915,1.33732,1.33867,40250
2019-03-26 20:00:00+00:00,1.33862,1.33919,1.33784,1.33812,7887
2019-03-27 00:00:00+00:00,1.33811,1.33987,1.33786,1.3395,20036
2019-03-27 04:00:00+00:00,1.33949,1.34047,1.33877,1.33884,17733
2019-03-27 08:00:00+00:00,1.3388,1.34141,1.33773,1.34095,47631
2019-03-27 12:00:00+00:00,1.34074,1.3434,1.34022,1.3434,88915
2019-03-27 16:00:00+00:00,1.34367,1.34376,1.33984,1.34068,43967
2019-03-27 20:00:00+00:00,1.34076,1.34174,1.34036,1.34141,10288
2019-03-28 00:00:00+00:00,1.34183,1.34238,1.34055,1.34059,20213
2019-03-28 04:00:00+00:00,1.34061,1.34217,1.34016,1.34217,19399
2019-03-28 08:00:00+00:00,1.34203,1.34392,1.34195,1.34276,46170
2019-03-28 12:00:00+00:00,1.34309,1.34354,1.33973,1.34243,96942
2019-03-28 16:00:00+00:00,1.34253,1.34493,1.34253,1.34411,44788
2019-03-28 20:00:00+00:00,1.34413,1.34433,1.343,1.34307,6052
2019-03-29 00:00:00+00:00,1.34306,1.34339,1.34254,1.34321,13040
2019-03-29 04:00:00+00:00,1.34323,1.34416,1.34242,1.34315,16340
2019-03-29 08:00:00+00:00,1.34323,1.34378,1.34136,1.34171,34408
2019-03-29 12:00:00+00:00,1.34145,1.34216,1.33429,1.33603,89477
2019-03-29 16:00:00+00:00,1.33619,1.33733,1.33523,1.33632,32173
2019-03-29 20:00:00+00:00,1.33632,1.33633,1.33462,1.33462,3044
2019-03-31 20:00:00+00:00,1.33447,1.33514,1.33417,1.33498,4825
2019-04-01 00:00:00+00:00,1.33498,1.33561,1.33426,1.33487,17381
2019-04-01 04:00:00+00:00,1.33486,1.3354,1.33398,1.33434,22873
2019-04-01 08:00:00+00:00,1.33426,1.33645,1.33385,1.33643,39502
2019-04-01 12:00:00+00:00,1.33647,1.33667,1.33367,1.33446,75041
2019-04-01 16:00:00+00:00,1.33464,1.33499,1.33006,1.33129,32655
2019-04-01 20:00:00+00:00,1.33156,1.3317,1.33029,1.33139,9254
2019-04-02 00:00:00+00:00,1.33149,1.33214,1.33064,1.33171,19400
2019-04-02 04:00:00+00:00,1.3317,1.33365,1.33086,1.33284,26653
2019-04-02 08:00:00+00:00,1.33285,1.33358,1.33146,1.33149,32989
2019-04-02 12:00:00+00:00,1.33116,1.33719,1.33116,1.33572,67898
2019-04-02 16:00:00+00:00,1.33564,1.33683,1.33364,1.33364,27807
2019-04-02 20:00:00+00:00,1.33371,1.3344,1.33329,1.33434,6776
2019-04-03 00:00:00+00:00,1.33485,1.33519,1.33143,1.3318,19928
2019-04-03 04:00:00+00:00,1.3319,1.33204,1.33029,1.33086,26582
2019-04-03 08:00:00+00:00,1.3306,1.33139,1.32963,1.33127,34643
2019-04-03 12:00:00+00:00,1.33115,1.33385,1.33057,1.33151,66205
2019-04-03 16:00:00+00:00,1.33162,1.33438,1.33084,1.33416,28403
2019-04-03 20:00:00+00:00,1.33436,1.33479,1.33366,1.33451,8364
2019-04-04 00:00:00+00:00,1.33462,1.33541,1.33425,1.33496,11968
2019-04-04 04:00:00+00:00,1.33496,1.33602,1.33469,1.33524,18085
2019-04-04 08:00:00+00:00,1.33543,1.33648,1.33463,1.33511,31534
2019-04-04 12:00:00+00:00,1.33522,1.33725,1.33448,1.33575,62149
2019-04-04 16:00:00+00:00,1.33545,1.33634,1.33474,1.33553,26477
2019-04-04 20:00:00+00:00,1.33543,1.33669,1.33508,1.33653,10213
2019-04-05 00:00:00+00:00,1.3367,1.33671,1.33572,1.33607,13396
2019-04-05 04:00:00+00:00,1.33607,1.33608,1.33497,1.33518,13843
2019-04-05 08:00:00+00:00,1.33509,1.33856,1.33502,1.33801,21554
2019-04-05 12:00:00+00:00,1.33785,1.33993,1.33675,1.33883,80526
2019-04-05 16:00:00+00:00,1.33872,1.33968,1.33826,1.33844,21055
2019-04-05 20:00:00+00:00,1.33843,1.33905,1.33782,1.33809,3650
2019-04-07 20:00:00+00:00,1.33841,1.33874,1.33715,1.33734,4916
2019-04-08 00:00:00+00:00,1.33743,1.33847,1.33689,1.3378,14717
2019-04-08 04:00:00+00:00,1.33778,1.33859,1.33751,1.33751,14461
2019-04-08 08:00:00+00:00,1.33752,1.33833,1.33674,1.33711,22087
2019-04-08 12:00:00+00:00,1.33729,1.33768,1.33162,1.33166,54179
2019-04-08 16:00:00+00:00,1.33171,1.33192,1.3305,1.3307,24346
2019-04-08 20:00:00+00:00,1.3309,1.33152,1.33072,1.33143,5142
2019-04-09 00:00:00+00:00,1.3313,1.33193,1.33068,1.33096,12180
2019-04-09 04:00:00+00:00,1.33098,1.33158,1.32936,1.33016,14157
2019-04-09 08:00:00+00:00,1.33014,1.33073,1.32861,1.32919,29084
2019-04-09 12:00:00+00:00,1.32931,1.33254,1.32849,1.33213,65569
2019-04-09 16:00:00+00:00,1.33193,1.33285,1.33136,1.33241,18291
2019-04-09 20:00:00+00:00,1.33239,1.33323,1.33215,1.33295,16723
2019-04-10 00:00:00+00:00,1.33306,1.33382,1.33289,1.33333,11537
2019-04-10 04:00:00+00:00,1.3333,1.33353,1.33207,1.33235,14258
2019-04-10 08:00:00+00:00,1.33223,1.33292,1.33194,1.33262,21407
2019-04-10 12:00:00+00:00,1.33255,1.33581,1.332,1.33226,70380
2019-04-10 16:00:00+00:00,1.33237,1.33271,1.33073,1.33212,30184
2019-04-10 20:00:00+00:00,1.33177,1.33271,1.33091,1.3319,6786
2019-04-11 00:00:00+00:00,1.33196,1.33464,1.3317,1.33419,9466
2019-04-11 04:00:00+00:00,1.33417,1.3356,1.33375,1.33544,16314
2019-04-11 08:00:00+00:00,1.33544,1.33581,1.33475,1.33572,23350
2019-04-11 12:00:00+00:00,1.33592,1.33952,1.33592,1.33797,66147
2019-04-11 16:00:00+00:00,1.33791,1.33861,1.33681,1.3369,23114
2019-04-11 20:00:00+00:00,1.3368,1.3386,1.3368,1.33775,20850
2019-04-12 00:00:00+00:00,1.33805,1.33846,1.33641,1.33647,17623
2019-04-12 04:00:00+00:00,1.33647,1.33729,1.33585,1.33612,11640
2019-04-12 08:00:00+00:00,1.336,1.336,1.33244,1.33366,35536
2019-04-12 12:00:00+00:00,1.33347,1.33358,1.33154,1.33332,62684
2019-04-12 16:00:00+00:00,1.33325,1.33406,1.33277,1.33304,19927
2019-04-12 20:00:00+00:00,1.33311,1.33346,1.33244,1.33244,2855
2019-04-14 20:00:00+00:00,1.3335,1.3335,1.33255,1.33334,3537
2019-04-15 00:00:00+00:00,1.33333,1.334,1.33198,1.33257,12109
2019-04-15 04:00:00+00:00,1.33257,1.33406,1.33229,1.33292,15411
2019-04-15 08:00:00+00:00,1.33289,1.33388,1.33148,1.33234,25557
2019-04-15 12:00:00+00:00,1.33208,1.33894,1.32975,1.3373,62418
2019-04-15 16:00:00+00:00,1.33721,1.33801,1.33664,1.33716,18604
2019-04-15 20:00:00+00:00,1.33714,1.33744,1.33662,1.33695,7209
2019-04-16 00:00:00+00:00,1.337,1.3392,1.337,1.3381,15463
2019-04-16 04:00:00+00:00,1.33813,1.34009,1.3376,1.33954,17991
2019-04-16 08:00:00+00:00,1.33941,1.33951,1.33711,1.3372,36617
2019-04-16 12:00:00+00:00,1.3371,1.33828,1.33462,1.33503,60702
2019-04-16 16:00:00+00:00,1.33512,1.33668,1.33496,1.33577,20684
2019-04-16 20:00:00+00:00,1.33561,1.33672,1.33486,1.3359,10818
2019-04-17 00:00:00+00:00,1.33597,1.33709,1.33441,1.33503,17807
2019-04-17 04:00:00+00:00,1.33504,1.33504,1.33167,1.33186,18138
2019-04-17 08:00:00+00:00,1.33176,1.33391,1.3309,1.33378,26706
2019-04-17 12:00:00+00:00,1.33369,1.33463,1.32751,1.33463,74889
2019-04-17 16:00:00+00:00,1.33408,1.33516,1.33379,1.33442,21206
2019-04-17 20:00:00+00:00,1.33467,1.33552,1.33357,1.33505,7857
2019-04-18 00:00:00+00:00,1.33503,1.33592,1.33492,1.33563,15167
2019-04-18 04:00:00+00:00,1.3356,1.33666,1.33497,1.33616,21701
2019-04-18 08:00:00+00:00,1.33702,1.33808,1.33596,1.33801,38221
2019-04-18 12:00:00+00:00,1.33834,1.33967,1.33661,1.3374,76864
2019-04-18 16:00:00+00:00,1.33722,1.33893,1.33722,1.33795,19583
2019-04-18 20:00:00+00:00,1.33834,1.33887,1.33699,1.33749,22637
2019-04-19 00:00:00+00:00,1.33747,1.33791,1.33661,1.33674,18024
2019-04-19 04:00:00+00:00,1.33675,1.33718,1.33653,1.33694,9633
2019-04-19 08:00:00+00:00,1.33694,1.33729,1.33684,1.33708,24979
2019-04-19 12:00:00+00:00,1.33711,1.33909,1.33707,1.33889,36296
2019-04-19 16:00:00+00:00,1.33879,1.3391,1.33836,1.33854,16227
2019-04-19 20:00:00+00:00,1.33854,1.33904,1.3382,1.33895,11990
2019-04-21 20:00:00+00:00,1.33848,1.33903,1.33785,1.33818,6048
2019-04-22 00:00:00+00:00,1.33831,1.33834,1.33585,1.33651,14032
2019-04-22 04:00:00+00:00,1.33642,1.33688,1.33572,1.33607,8272
2019-04-22 08:00:00+00:00,1.33609,1.33658,1.33552,1.33605,13425
2019-04-22 12:00:00+00:00,1.33607,1.33749,1.33508,1.33529,47370
2019-04-22 16:00:00+00:00,1.33534,1.33534,1.33363,1.33457,16060
2019-04-22 20:00:00+00:00,1.33467,1.33521,1.33435,1.33463,5800
2019-04-23 00:00:00+00:00,1.33464,1.33671,1.33463,1.33585,10559
2019-04-23 04:00:00+00:00,1.33585,1.3373,1.33574,1.33729,11989
2019-04-23 08:00:00+00:00,1.33729,1.33768,1.33604,1.33746,19870
2019-04-23 12:00:00+00:00,1.33748,1.34282,1.33748,1.34202,73953
2019-04-23 16:00:00+00:00,1.34183,1.34428,1.34183,1.34347,28610
2019-04-23 20:00:00+00:00,1.3433,1.34332,1.34148,1.34295,9876
2019-04-24 00:00:00+00:00,1.34297,1.34557,1.34297,1.34493,19228
2019-04-24 04:00:00+00:00,1.34492,1.34596,1.34422,1.3456,19525
2019-04-24 08:00:00+00:00,1.34585,1.34614,1.34434,1.34434,29840
2019-04-24 12:00:00+00:00,1.34437,1.35168,1.34383,1.34654,108436
2019-04-24 16:00:00+00:00,1.34665,1.34921,1.34665,1.34894,41052
2019-04-24 20:00:00+00:00,1.34895,1.3497,1.34827,1.34936,10337
2019-04-25 00:00:00+00:00,1.34947,1.35009,1.34838,1.34887,13473
2019-04-25 04:00:00+00:00,1.34878,1.35029,1.34851,1.35007,21738
2019-04-25 08:00:00+00:00,1.34998,1.35163,1.34978,1.35043,34897
2019-04-25 12:00:00+00:00,1.35035,1.35088,1.34879,1.34949,72817
2019-04-25 16:00:00+00:00,1.34924,1.34967,1.34854,1.34865,26035
2019-04-25 20:00:00+00:00,1.34874,1.349,1.34759,1.34795,8037
2019-04-26 00:00:00+00:00,1.34797,1.34827,1.34687,1.34811,23664
2019-04-26 04:00:00+00:00,1.34808,1.34858,1.34752,1.34786,18939
2019-04-26 08:00:00+00:00,1.34786,1.34973,1.34786,1.34858,28483
2019-04-26 12:00:00+00:00,1.34828,1.34942,1.34518,1.34598,111700
2019-04-26 16:00:00+00:00,1.34587,1.34622,1.34526,1.34594,25503
2019-04-26 20:00:00+00:00,1.34607,1.34645,1.3455,1.3455,4171
2019-04-28 20:00:00+00:00,1.34522,1.34624,1.34522,1.34624,3047
2019-04-29 00:00:00+00:00,1.34624,1.34625,1.34523,1.34526,11882
2019-04-29 04:00:00+00:00,1.34524,1.34658,1.34504,1.34658,13885
2019-04-29 08:00:00+00:00,1.34659,1.34737,1.34632,1.34722,17388
2019-04-29 12:00:00+00:00,1.3473,1.3479,1.34454,1.34486,56064
2019-04-29 16:00:00+00:00,1.34483,1.34494,1.34406,1.34475,26505
2019-04-29 20:00:00+00:00,1.34477,1.34575,1.34459,1.34551,7349
2019-04-30 00:00:00+00:00,1.34554,1.34677,1.3453,1.34605,16838
2019-04-30 04:00:00+00:00,1.34605,1.34802,1.34595,1.34669,18801
2019-04-30 08:00:00+00:00,1.34634,1.34634,1.34349,1.34371,29619
2019-04-30 12:00:00+00:00,1.34341,1.34656,1.34265,1.3428,96355
2019-04-30 16:00:00+00:00,1.34273,1.34294,1.33819,1.3397,43028
2019-04-30 20:00:00+00:00,1.3397,1.3399,1.3386,1.33898,13659
2019-05-01 00:00:00+00:00,1.33903,1.33903,1.33771,1.33779,9829
2019-05-01 04:00:00+00:00,1.33779,1.33906,1.33775,1.33848,10703
2019-05-01 08:00:00+00:00,1.33852,1.34044,1.33832,1.34043,17397
2019-05-01 12:00:00+00:00,1.34061,1.34221,1.33932,1.3418,61430
2019-05-01 16:00:00+00:00,1.3419,1.34581,1.33939,1.34439,59939
2019-05-01 20:00:00+00:00,1.34399,1.34475,1.3432,1.34389,13887
2019-05-02 00:00:00+00:00,1.34398,1.34453,1.34331,1.34398,11021
2019-05-02 04:00:00+00:00,1.34397,1.34455,1.34308,1.34395,15571
2019-05-02 08:00:00+00:00,1.3441,1.34499,1.34317,1.34393,28628
2019-05-02 12:00:00+00:00,1.34384,1.34759,1.34354,1.34689,85033
2019-05-02 16:00:00+00:00,1.34694,1.34715,1.34569,1.34684,27072
2019-05-02 20:00:00+00:00,1.34685,1.34744,1.34648,1.34706,7109
2019-05-03 00:00:00+00:00,1.34711,1.34723,1.34631,1.34669,11867
2019-05-03 04:00:00+00:00,1.3467,1.34722,1.34633,1.34666,17148
2019-05-03 08:00:00+00:00,1.34648,1.34758,1.34592,1.34701,21258
2019-05-03 12:00:00+00:00,1.34687,1.34818,1.34069,1.34253,92690
2019-05-03 16:00:00+00:00,1.34265,1.34332,1.34195,1.34265,24811
2019-05-03 20:00:00+00:00,1.34268,1.34352,1.34196,1.34198,3605
2019-05-05 20:00:00+00:00,1.3456,1.34725,1.3455,1.34715,20107
2019-05-06 00:00:00+00:00,1.3473,1.34849,1.34723,1.34759,35564
2019-05-06 04:00:00+00:00,1.34756,1.34932,1.34699,1.34762,31833
2019-05-06 08:00:00+00:00,1.34751,1.34781,1.3467,1.34699,26966
2019-05-06 12:00:00+00:00,1.34719,1.34911,1.34455,1.34475,64699
2019-05-06 16:00:00+00:00,1.34477,1.34557,1.34332,1.34386,29525
2019-05-06 20:00:00+00:00,1.34388,1.3459,1.34379,1.34491,9635
2019-05-07 00:00:00+00:00,1.34501,1.34502,1.34194,1.34226,21185
2019-05-07 04:00:00+00:00,1.34221,1.34361,1.34135,1.3433,38578
2019-05-07 08:00:00+00:00,1.34337,1.34718,1.34329,1.34718,27562
2019-05-07 12:00:00+00:00,1.34709,1.34833,1.34623,1.3473,77254
2019-05-07 16:00:00+00:00,1.34741,1.34886,1.34669,1.34741,39242
2019-05-07 20:00:00+00:00,1.34733,1.34737,1.34675,1.3472,9442
2019-05-08 00:00:00+00:00,1.34731,1.34745,1.34592,1.34649,32862
2019-05-08 04:00:00+00:00,1.34651,1.34651,1.34547,1.34597,23224
2019-05-08 08:00:00+00:00,1.34616,1.34865,1.34558,1.3464,38624
2019-05-08 12:00:00+00:00,1.34645,1.3473,1.34448,1.34595,97682
2019-05-08 16:00:00+00:00,1.34594,1.34846,1.34594,1.34813,29353
2019-05-08 20:00:00+00:00,1.34799,1.34828,1.34707,1.3474,9387
2019-05-09 00:00:00+00:00,1.34734,1.34879,1.34719,1.34823,30551
2019-05-09 04:00:00+00:00,1.34827,1.34935,1.34815,1.34886,28710
2019-05-09 08:00:00+00:00,1.34849,1.34961,1.34724,1.34808,34942
2019-05-09 12:00:00+00:00,1.34815,1.35034,1.34796,1.34922,103012
2019-05-09 16:00:00+00:00,1.34913,1.34935,1.34604,1.34624,49469
2019-05-09 20:00:00+00:00,1.34607,1.34767,1.34604,1.34662,15742
2019-05-10 00:00:00+00:00,1.34652,1.34702,1.34364,1.34686,77607
2019-05-10 04:00:00+00:00,1.34671,1.34762,1.34554,1.34591,38563
2019-05-10 08:00:00+00:00,1.3459,1.34759,1.34481,1.34755,38487
2019-05-10 12:00:00+00:00,1.34795,1.34795,1.33813,1.34288,101734
2019-05-10 16:00:00+00:00,1.34294,1.34379,1.34106,1.34132,44305
2019-05-10 20:00:00+00:00,1.34143,1.34264,1.34128,1.34131,4587
2019-05-12 20:00:00+00:00,1.34242,1.34419,1.34168,1.34419,9864
2019-05-13 00:00:00+00:00,1.3442,1.34434,1.34307,1.34392,17973
2019-05-13 04:00:00+00:00,1.34385,1.34445,1.3432,1.34359,21104
2019-05-13 08:00:00+00:00,1.34349,1.34448,1.34206,1.34386,30803
2019-05-13 12:00:00+00:00,1.34394,1.34761,1.34251,1.34673,105922
2019-05-13 16:00:00+00:00,1.34692,1.34812,1.34644,1.34705,47218
2019-05-13 20:00:00+00:00,1.34702,1.34872,1.34687,1.34791,10803
2019-05-14 00:00:00+00:00,1.34774,1.34776,1.34635,1.34689,24104
2019-05-14 04:00:00+00:00,1.34692,1.34726,1.34602,1.34687,23598
2019-05-14 08:00:00+00:00,1.34684,1.34718,1.34565,1.34713,34071
2019-05-14 12:00:00+00:00,1.347,1.34862,1.34624,1.34672,78291
2019-05-14 16:00:00+00:00,1.34664,1.34707,1.34578,1.34645,24352
2019-05-14 20:00:00+00:00,1.34637,1.34683,1.34573,1.34607,10897
2019-05-15 00:00:00+00:00,1.34613,1.34726,1.34585,1.34617,25367
2019-05-15 04:00:00+00:00,1.34616,1.34765,1.346,1.34722,20366
2019-05-15 08:00:00+00:00,1.34731,1.34863,1.3468,1.34756,31533
2019-05-15 12:00:00+00:00,1.34766,1.34924,1.3432,1.34329,108497
2019-05-15 16:00:00+00:00,1.34282,1.34438,1.34281,1.34413,27697
2019-05-15 20:00:00+00:00,1.3442,1.34439,1.34341,1.34424,9135
2019-05-16 00:00:00+00:00,1.34433,1.34459,1.34355,1.3439,24411
2019-05-16 04:00:00+00:00,1.34389,1.34415,1.34289,1.34289,19292
2019-05-16 08:00:00+00:00,1.34306,1.34315,1.3401,1.34204,37612
2019-05-16 12:00:00+00:00,1.34202,1.34391,1.34135,1.34335,60625
2019-05-16 16:00:00+00:00,1.3434,1.34693,1.34322,1.34597,33494
2019-05-16 20:00:00+00:00,1.34595,1.34653,1.34567,1.34633,8124
2019-05-17 00:00:00+00:00,1.34638,1.34711,1.34587,1.3471,27206
2019-05-17 04:00:00+00:00,1.3473,1.34801,1.34615,1.34629,30074
2019-05-17 08:00:00+00:00,1.3463,1.34972,1.34629,1.34944,37050
2019-05-17 12:00:00+00:00,1.34921,1.35128,1.34521,1.34769,104313
2019-05-17 16:00:00+00:00,1.34771,1.34791,1.3437,1.34589,37402
2019-05-17 20:00:00+00:00,1.34602,1.34702,1.34577,1.34619,4002
2019-05-19 20:00:00+00:00,1.34401,1.34557,1.34401,1.34467,7615
2019-05-20 00:00:00+00:00,1.34467,1.34467,1.34297,1.34342,29516
2019-05-20 04:00:00+00:00,1.34345,1.34345,1.34239,1.34272,26125
2019-05-20 08:00:00+00:00,1.34279,1.34466,1.34253,1.34339,34354
2019-05-20 12:00:00+00:00,1.3434,1.344,1.34165,1.34331,70894
2019-05-20 16:00:00+00:00,1.34336,1.34387,1.34251,1.34302,21183
2019-05-20 20:00:00+00:00,1.3429,1.34313,1.34204,1.34274,12894
2019-05-21 00:00:00+00:00,1.34254,1.3429,1.342,1.34256,30695
2019-05-21 04:00:00+00:00,1.34261,1.3433,1.34229,1.34274,24697
2019-05-21 08:00:00+00:00,1.34256,1.34321,1.34097,1.34113,35043
2019-05-21 12:00:00+00:00,1.34122,1.34311,1.33964,1.34268,77903
2019-05-21 16:00:00+00:00,1.34238,1.34261,1.3402,1.34058,24324
2019-05-21 20:00:00+00:00,1.34055,1.34066,1.34012,1.34037,13621
2019-05-22 00:00:00+00:00,1.3404,1.3409,1.33954,1.34033,20096
2019-05-22 04:00:00+00:00,1.34029,1.34162,1.34027,1.34027,26936
2019-05-22 08:00:00+00:00,1.34036,1.34037,1.33815,1.33872,28263
2019-05-22 12:00:00+00:00,1.33854,1.34208,1.33596,1.34171,86599
2019-05-22 16:00:00+00:00,1.34171,1.3434,1.34156,1.34281,29437
2019-05-22 20:00:00+00:00,1.34285,1.3439,1.34279,1.34387,9016
2019-05-23 00:00:00+00:00,1.34383,1.34492,1.34373,1.34448,26039
2019-05-23 04:00:00+00:00,1.34457,1.3462,1.34445,1.34536,28495
2019-05-23 08:00:00+00:00,1.34574,1.34762,1.34536,1.3463,40488
2019-05-23 12:00:00+00:00,1.34608,1.35017,1.34608,1.34721,108239
2019-05-23 16:00:00+00:00,1.34728,1.34869,1.3468,1.34773,45510
2019-05-23 20:00:00+00:00,1.34772,1.34772,1.34684,1.34743,10847
2019-05-24 00:00:00+00:00,1.34743,1.34818,1.3473,1.34753,32650
2019-05-24 04:00:00+00:00,1.34752,1.34762,1.34559,1.34567,28920
2019-05-24 08:00:00+00:00,1.3456,1.3461,1.34458,1.3461,29108
2019-05-24 12:00:00+00:00,1.34625,1.34673,1.34399,1.34544,79691
2019-05-24 16:00:00+00:00,1.34547,1.34562,1.34305,1.3436,25319
2019-05-24 20:00:00+00:00,1.34346,1.3442,1.34324,1.3441,2913
2019-05-26 20:00:00+00:00,1.3436,1.34409,1.3434,1.3437,5002
2019-05-27 00:00:00+00:00,1.34385,1.34465,1.34338,1.34408,25332
2019-05-27 04:00:00+00:00,1.34409,1.34435,1.34296,1.34405,17169
2019-05-27 08:00:00+00:00,1.34398,1.34524,1.34397,1.34516,17769
2019-05-27 12:00:00+00:00,1.34518,1.34518,1.34368,1.34394,34287
2019-05-27 16:00:00+00:00,1.34382,1.34455,1.34382,1.34454,8626
2019-05-27 20:00:00+00:00,1.34437,1.34444,1.34371,1.34371,10812
2019-05-28 00:00:00+00:00,1.34379,1.34469,1.34346,1.34398,18902
2019-05-28 04:00:00+00:00,1.34397,1.34481,1.3434,1.34378,23562
2019-05-28 08:00:00+00:00,1.34401,1.34781,1.34401,1.34656,37170
2019-05-28 12:00:00+00:00,1.34648,1.34793,1.34586,1.34739,80623
2019-05-28 16:00:00+00:00,1.34748,1.34963,1.34725,1.34955,38322
2019-05-28 20:00:00+00:00,1.34956,1.34984,1.34857,1.34899,17429
2019-05-29 00:00:00+00:00,1.34902,1.34929,1.34832,1.34852,27870
2019-05-29 04:00:00+00:00,1.34846,1.35101,1.34821,1.35092,31804
2019-05-29 08:00:00+00:00,1.35098,1.35201,1.35004,1.35034,44458
2019-05-29 12:00:00+00:00,1.35048,1.35414,1.3485,1.35341,117718
2019-05-29 16:00:00+00:00,1.35314,1.35314,1.35104,1.35168,40601
2019-05-29 20:00:00+00:00,1.35184,1.35199,1.3511,1.3514,9905
2019-05-30 00:00:00+00:00,1.35146,1.35197,1.35085,1.3515,26404
2019-05-30 04:00:00+00:00,1.35151,1.35151,1.34951,1.3503,25357
2019-05-30 08:00:00+00:00,1.35031,1.35051,1.34878,1.34943,27365
2019-05-30 12:00:00+00:00,1.34946,1.35131,1.34862,1.35081,70623
2019-05-30 16:00:00+00:00,1.35087,1.35161,1.3496,1.3507,38032
2019-05-30 20:00:00+00:00,1.35061,1.35323,1.34935,1.35323,15238
2019-05-31 00:00:00+00:00,1.35322,1.35414,1.3524,1.35336,43818
2019-05-31 04:00:00+00:00,1.35334,1.35481,1.3527,1.35279,35654
2019-05-31 08:00:00+00:00,1.35299,1.35638,1.35243,1.35535,48804
2019-05-31 12:00:00+00:00,1.35536,1.3558,1.35095,1.35236,110383
2019-05-31 16:00:00+00:00,1.35238,1.35345,1.35113,1.35179,48088
2019-05-31 20:00:00+00:00,1.35147,1.35223,1.35147,1.35156,5064
2019-06-02 20:00:00+00:00,1.35171,1.3527,1.3517,1.35215,7565
2019-06-03 00:00:00+00:00,1.35223,1.35229,1.3492,1.34966,29922
2019-06-03 04:00:00+00:00,1.34965,1.35195,1.34937,1.35183,34752
2019-06-03 08:00:00+00:00,1.35187,1.35232,1.34893,1.34986,47744
2019-06-03 12:00:00+00:00,1.3497,1.35011,1.34622,1.34724,99010
2019-06-03 16:00:00+00:00,1.34731,1.34809,1.34355,1.34458,69381
2019-06-03 20:00:00+00:00,1.34439,1.34484,1.34369,1.34415,13161
2019-06-04 00:00:00+00:00,1.34408,1.34462,1.34366,1.34372,23136
2019-06-04 04:00:00+00:00,1.34366,1.34465,1.34207,1.34293,38025
2019-06-04 08:00:00+00:00,1.34302,1.34447,1.34206,1.34217,52721
2019-06-04 12:00:00+00:00,1.34215,1.34446,1.34158,1.34179,110433
2019-06-04 16:00:00+00:00,1.34217,1.34219,1.33819,1.33962,38672
2019-06-04 20:00:00+00:00,1.33973,1.33988,1.33905,1.33926,10126
2019-06-05 00:00:00+00:00,1.33915,1.33931,1.33767,1.33775,22681
2019-06-05 04:00:00+00:00,1.33777,1.33824,1.33737,1.3375,29086
2019-06-05 08:00:00+00:00,1.33751,1.33872,1.33633,1.33869,42841
2019-06-05 12:00:00+00:00,1.33888,1.34105,1.33681,1.34094,125973
2019-06-05 16:00:00+00:00,1.34104,1.34274,1.3405,1.34218,41555
2019-06-05 20:00:00+00:00,1.34207,1.34289,1.34145,1.34222,10745
2019-06-06 00:00:00+00:00,1.34222,1.34302,1.34096,1.34104,18390
2019-06-06 04:00:00+00:00,1.34104,1.34217,1.34078,1.34115,22230
2019-06-06 08:00:00+00:00,1.34087,1.34172,1.34008,1.34059,39864
2019-06-06 12:00:00+00:00,1.34049,1.34072,1.33628,1.33747,106561
2019-06-06 16:00:00+00:00,1.33758,1.33811,1.33615,1.33696,58122
2019-06-06 20:00:00+00:00,1.33712,1.33712,1.33543,1.3357,8571
2019-06-07 00:00:00+00:00,1.33571,1.33571,1.33462,1.33561,16775
2019-06-07 04:00:00+00:00,1.3356,1.33617,1.33471,1.33471,17905
2019-06-07 08:00:00+00:00,1.335,1.3366,1.33465,1.33551,28607
2019-06-07 12:00:00+00:00,1.3358,1.33635,1.32668,1.32873,133765
2019-06-07 16:00:00+00:00,1.32866,1.32919,1.32626,1.32801,42188
2019-06-07 20:00:00+00:00,1.32827,1.32836,1.32657,1.32657,3602
2019-06-09 20:00:00+00:00,1.32393,1.32706,1.32393,1.3269,8195
2019-06-10 00:00:00+00:00,1.32684,1.32762,1.32629,1.32726,21827
2019-06-10 04:00:00+00:00,1.32726,1.3278,1.3256,1.32717,18937
2019-06-10 08:00:00+00:00,1.32708,1.32784,1.32646,1.32746,31585
2019-06-10 12:00:00+00:00,1.32754,1.32784,1.32527,1.32602,57983
2019-06-10 16:00:00+00:00,1.32605,1.32756,1.32603,1.32684,30901
2019-06-10 20:00:00+00:00,1.32674,1.32715,1.32636,1.32656,6997
2019-06-11 00:00:00+00:00,1.32657,1.32699,1.3261,1.32653,18733
2019-06-11 04:00:00+00:00,1.32653,1.32661,1.32521,1.3256,19464
2019-06-11 08:00:00+00:00,1.32581,1.32645,1.32531,1.32583,27151
2019-06-11 12:00:00+00:00,1.32582,1.32933,1.3251,1.32918,73882
2019-06-11 16:00:00+00:00,1.3292,1.33061,1.32758,1.3285,34988
2019-06-11 20:00:00+00:00,1.32852,1.32861,1.32805,1.32806,5775
2019-06-12 00:00:00+00:00,1.32816,1.32884,1.32783,1.32883,18351
2019-06-12 04:00:00+00:00,1.32893,1.32984,1.32842,1.32845,20627
2019-06-12 08:00:00+00:00,1.32847,1.33044,1.32815,1.32983,31958
2019-06-12 12:00:00+00:00,1.33002,1.33025,1.32747,1.32985,71121
2019-06-12 16:00:00+00:00,1.32966,1.33422,1.32913,1.33383,34262
2019-06-12 20:00:00+00:00,1.33372,1.33444,1.33341,1.33348,6417
2019-06-13 00:00:00+00:00,1.33342,1.33399,1.33269,1.33377,25905
2019-06-13 04:00:00+00:00,1.33379,1.33385,1.33146,1.33186,30245
2019-06-13 08:00:00+00:00,1.33214,1.33238,1.33004,1.33033,30453
2019-06-13 12:00:00+00:00,1.33052,1.33322,1.33024,1.33311,64526
2019-06-13 16:00:00+00:00,1.33309,1.33344,1.33183,1.33328,29242
2019-06-13 20:00:00+00:00,1.33328,1.33345,1.33236,1.33277,5066
2019-06-14 00:00:00+00:00,1.33287,1.33433,1.33284,1.33389,16847
2019-06-14 04:00:00+00:00,1.33395,1.33456,1.33324,1.33389,25107
2019-06-14 08:00:00+00:00,1.33403,1.33454,1.33286,1.33412,30077
2019-06-14 12:00:00+00:00,1.33408,1.3387,1.33297,1.3383,83414
2019-06-14 16:00:00+00:00,1.33831,1.342,1.33816,1.34125,30279
2019-06-14 20:00:00+00:00,1.34121,1.34136,1.34088,1.34088,2597
2019-06-16 20:00:00+00:00,1.34068,1.34131,1.34064,1.34102,5748
2019-06-17 00:00:00+00:00,1.34105,1.34153,1.34062,1.34064,16237
2019-06-17 04:00:00+00:00,1.34063,1.34187,1.34051,1.34163,17277
2019-06-17 08:00:00+00:00,1.34164,1.34164,1.34081,1.341,18777
2019-06-17 12:00:00+00:00,1.34101,1.3415,1.33939,1.3398,49992
2019-06-17 16:00:00+00:00,1.33975,1.34193,1.33975,1.34137,25438
2019-06-17 20:00:00+00:00,1.34128,1.3416,1.34077,1.34107,5158
2019-06-18 00:00:00+00:00,1.34106,1.34127,1.34025,1.34053,17627
2019-06-18 04:00:00+00:00,1.34062,1.34216,1.34008,1.34216,20061
2019-06-18 08:00:00+00:00,1.34234,1.34324,1.34146,1.34182,48322
2019-06-18 12:00:00+00:00,1.34164,1.34242,1.3386,1.33969,85209
2019-06-18 16:00:00+00:00,1.33945,1.33961,1.33764,1.33814,34127
2019-06-18 20:00:00+00:00,1.33813,1.33833,1.3373,1.33734,5575
2019-06-19 00:00:00+00:00,1.33739,1.33804,1.33657,1.33774,22873
2019-06-19 04:00:00+00:00,1.33775,1.3382,1.33706,1.33768,25455
2019-06-19 08:00:00+00:00,1.3377,1.33821,1.33723,1.33762,28336
2019-06-19 12:00:00+00:00,1.3377,1.33818,1.33401,1.33632,57743
2019-06-19 16:00:00+00:00,1.33613,1.33622,1.32858,1.32866,102703
2019-06-19 20:00:00+00:00,1.32893,1.32893,1.32699,1.32707,10828
2019-06-20 00:00:00+00:00,1.327,1.327,1.32369,1.32397,38629
2019-06-20 04:00:00+00:00,1.32399,1.32429,1.32129,1.32131,42153
2019-06-20 08:00:00+00:00,1.32131,1.32175,1.31663,1.31663,44333
2019-06-20 12:00:00+00:00,1.31672,1.32195,1.31519,1.32087,86177
2019-06-20 16:00:00+00:00,1.32084,1.32084,1.3189,1.31896,42733
2019-06-20 20:00:00+00:00,1.31916,1.32018,1.31835,1.31843,9667
2019-06-21 00:00:00+00:00,1.31857,1.31857,1.31631,1.31746,26621
2019-06-21 04:00:00+00:00,1.31746,1.31946,1.31709,1.3186,39864
2019-06-21 08:00:00+00:00,1.31866,1.31975,1.31812,1.31952,39615
2019-06-21 12:00:00+00:00,1.31962,1.32247,1.31887,1.32184,71819
2019-06-21 16:00:00+00:00,1.32177,1.32277,1.32057,1.3207,36060
2019-06-21 20:00:00+00:00,1.32071,1.32229,1.32071,1.3219,3188
2019-06-23 20:00:00+00:00,1.321,1.32155,1.32002,1.32002,6884
2019-06-24 00:00:00+00:00,1.32013,1.32022,1.31892,1.31925,18410
2019-06-24 04:00:00+00:00,1.31926,1.31978,1.31818,1.3197,22188
2019-06-24 08:00:00+00:00,1.31952,1.32009,1.31783,1.31868,31549
2019-06-24 12:00:00+00:00,1.31856,1.32133,1.31854,1.31975,51084
2019-06-24 16:00:00+00:00,1.31982,1.32004,1.31815,1.31826,23897
2019-06-24 20:00:00+00:00,1.31828,1.31905,1.31795,1.31841,6060
2019-06-25 00:00:00+00:00,1.31832,1.31955,1.31721,1.3189,30950
2019-06-25 04:00:00+00:00,1.31888,1.31954,1.3178,1.3185,42311
2019-06-25 08:00:00+00:00,1.31837,1.31844,1.31688,1.31799,26127
2019-06-25 12:00:00+00:00,1.31793,1.318,1.31531,1.31644,52453
2019-06-25 16:00:00+00:00,1.31633,1.32068,1.31608,1.31734,74687
2019-06-25 20:00:00+00:00,1.31713,1.31855,1.31605,1.31776,12432
2019-06-26 00:00:00+00:00,1.31773,1.31915,1.31723,1.31828,27610
2019-06-26 04:00:00+00:00,1.31823,1.31857,1.31602,1.31611,24909
2019-06-26 08:00:00+00:00,1.31611,1.31624,1.31426,1.3162,31539
2019-06-26 12:00:00+00:00,1.31585,1.31618,1.31089,1.31089,62276
2019-06-26 16:00:00+00:00,1.31094,1.31221,1.31072,1.3119,23237
2019-06-26 20:00:00+00:00,1.31184,1.31271,1.31184,1.3123,6780
2019-06-27 00:00:00+00:00,1.31229,1.31295,1.31175,1.31285,17749
2019-06-27 04:00:00+00:00,1.31293,1.31377,1.31189,1.31233,22196
2019-06-27 08:00:00+00:00,1.31233,1.31337,1.31217,1.31319,28103
2019-06-27 12:00:00+00:00,1.31318,1.31352,1.31069,1.31152,50246
2019-06-27 16:00:00+00:00,1.31154,1.31156,1.3092,1.31021,20738
2019-06-27 20:00:00+00:00,1.31012,1.31026,1.30942,1.30945,9024
2019-06-28 00:00:00+00:00,1.30941,1.31008,1.30864,1.30965,25616
2019-06-28 04:00:00+00:00,1.30957,1.31006,1.3085,1.30928,21107
2019-06-28 08:00:00+00:00,1.30923,1.30985,1.30881,1.30896,22306
2019-06-28 12:00:00+00:00,1.30896,1.30988,1.30653,1.30914,65701
2019-06-28 16:00:00+00:00,1.30904,1.31013,1.30803,1.30965,25716
2019-06-28 20:00:00+00:00,1.3095,1.31009,1.30869,1.30869,3390
2019-06-30 20:00:00+00:00,1.3077,1.30918,1.30706,1.30914,12729
2019-07-01 00:00:00+00:00,1.30909,1.31001,1.30854,1.30971,25445
2019-07-01 04:00:00+00:00,1.30977,1.31076,1.30882,1.30965,27686
2019-07-01 08:00:00+00:00,1.30951,1.31077,1.30922,1.30955,22932
2019-07-01 12:00:00+00:00,1.3095,1.31284,1.30947,1.31248,42126
2019-07-01 16:00:00+00:00,1.31255,1.31445,1.31236,1.31348,24013
2019-07-01 20:00:00+00:00,1.31356,1.3136,1.31277,1.31348,9260
2019-07-02 00:00:00+00:00,1.3135,1.31381,1.31266,1.31325,19652
2019-07-02 04:00:00+00:00,1.31324,1.31333,1.3109,1.31189,22537
2019-07-02 08:00:00+00:00,1.31194,1.31308,1.31165,1.31172,23765
2019-07-02 12:00:00+00:00,1.31164,1.31362,1.31119,1.31179,47195
2019-07-02 16:00:00+00:00,1.31172,1.31202,1.30973,1.31114,34117
2019-07-02 20:00:00+00:00,1.31109,1.31136,1.30997,1.30998,6663
2019-07-03 00:00:00+00:00,1.31023,1.31134,1.30969,1.3103,28921
2019-07-03 04:00:00+00:00,1.31023,1.31174,1.31022,1.31149,17758
2019-07-03 08:00:00+00:00,1.31156,1.3119,1.30919,1.3099,19834
2019-07-03 12:00:00+00:00,1.30971,1.31048,1.30654,1.30703,48912
2019-07-03 16:00:00+00:00,1.30732,1.30732,1.30627,1.30656,12882
2019-07-03 20:00:00+00:00,1.30655,1.30655,1.3055,1.30576,8094
2019-07-04 00:00:00+00:00,1.30566,1.30675,1.30557,1.30674,14884
2019-07-04 04:00:00+00:00,1.3067,1.30788,1.30659,1.30779,12287
2019-07-04 08:00:00+00:00,1.30784,1.30789,1.307,1.30706,13192
2019-07-04 12:00:00+00:00,1.3068,1.30681,1.30387,1.3054,19961
2019-07-04 16:00:00+00:00,1.30529,1.30646,1.30521,1.30535,19014
2019-07-04 20:00:00+00:00,1.30535,1.30537,1.30443,1.30493,11155
2019-07-05 00:00:00+00:00,1.30489,1.30608,1.30488,1.30546,12444
2019-07-05 04:00:00+00:00,1.30546,1.30659,1.30544,1.30643,13179
2019-07-05 08:00:00+00:00,1.30648,1.30698,1.3061,1.30668,15971
2019-07-05 12:00:00+00:00,1.30651,1.31364,1.30547,1.31086,71902
2019-07-05 16:00:00+00:00,1.31077,1.31079,1.3072,1.30724,23249
2019-07-05 20:00:00+00:00,1.30745,1.30782,1.30675,1.30782,3601
2019-07-07 20:00:00+00:00,1.30671,1.30782,1.30671,1.30782,3638
2019-07-08 00:00:00+00:00,1.30798,1.30805,1.30713,1.30737,17664
2019-07-08 04:00:00+00:00,1.30738,1.30827,1.3063,1.30657,17944
2019-07-08 08:00:00+00:00,1.30646,1.30786,1.30584,1.30594,15886
2019-07-08 12:00:00+00:00,1.30595,1.30975,1.30512,1.30893,32685
2019-07-08 16:00:00+00:00,1.30895,1.31026,1.30834,1.30962,19007
2019-07-08 20:00:00+00:00,1.30943,1.31038,1.30888,1.31036,7483
2019-07-09 00:00:00+00:00,1.31042,1.31065,1.3098,1.31051,14391
2019-07-09 04:00:00+00:00,1.31049,1.31239,1.30992,1.31222,16056
2019-07-09 08:00:00+00:00,1.31224,1.31342,1.31171,1.31242,19719
2019-07-09 12:00:00+00:00,1.3121,1.3136,1.31147,1.31232,34427
2019-07-09 16:00:00+00:00,1.3123,1.31414,1.31189,1.31254,27859
2019-07-09 20:00:00+00:00,1.31243,1.31314,1.31243,1.31275,19074
2019-07-10 00:00:00+00:00,1.313,1.31343,1.31242,1.31296,15619
2019-07-10 04:00:00+00:00,1.313,1.31375,1.31252,1.31329,16162
2019-07-10 08:00:00+00:00,1.31307,1.31307,1.31198,1.31233,16708
2019-07-10 12:00:00+00:00,1.3119,1.31426,1.307,1.31005,89371
2019-07-10 16:00:00+00:00,1.31023,1.31048,1.30625,1.30795,35150
2019-07-10 20:00:00+00:00,1.30794,1.30854,1.30721,1.30739,8619
2019-07-11 00:00:00+00:00,1.30739,1.30739,1.30501,1.3052,18615
2019-07-11 04:00:00+00:00,1.30528,1.30604,1.30474,1.3052,19080
2019-07-11 08:00:00+00:00,1.30527,1.30602,1.30423,1.30583,18031
2019-07-11 12:00:00+00:00,1.30553,1.30902,1.30475,1.30716,58659
2019-07-11 16:00:00+00:00,1.30722,1.30874,1.30593,1.30593,33454
2019-07-11 20:00:00+00:00,1.30603,1.3072,1.3058,1.30692,10291
2019-07-12 00:00:00+00:00,1.30682,1.30688,1.30371,1.30383,18796
2019-07-12 04:00:00+00:00,1.30377,1.30387,1.30221,1.3026,17320
2019-07-12 08:00:00+00:00,1.3024,1.30384,1.30183,1.30339,21864
2019-07-12 12:00:00+00:00,1.30333,1.30535,1.30325,1.30421,42989
2019-07-12 16:00:00+00:00,1.3041,1.30411,1.30278,1.3034,18402
2019-07-12 20:00:00+00:00,1.3033,1.30351,1.30262,1.30262,3706
2019-07-14 20:00:00+00:00,1.30325,1.30346,1.30266,1.30342,19874
2019-07-15 00:00:00+00:00,1.30343,1.30426,1.30268,1.30275,18544
2019-07-15 04:00:00+00:00,1.30269,1.30318,1.30216,1.30224,13193
2019-07-15 08:00:00+00:00,1.30216,1.30359,1.30216,1.30359,15910
2019-07-15 12:00:00+00:00,1.30353,1.30503,1.30216,1.30371,32046
2019-07-15 16:00:00+00:00,1.30382,1.30526,1.30363,1.30507,15821
2019-07-15 20:00:00+00:00,1.30505,1.3053,1.30436,1.30487,5901
2019-07-16 00:00:00+00:00,1.30489,1.30585,1.30481,1.30509,15772
2019-07-16 04:00:00+00:00,1.30506,1.30641,1.30483,1.3062,14696
2019-07-16 08:00:00+00:00,1.30612,1.30612,1.30449,1.30505,18421
2019-07-16 12:00:00+00:00,1.30514,1.30537,1.30253,1.30444,42744
2019-07-16 16:00:00+00:00,1.30454,1.30797,1.30443,1.30776,42291
2019-07-16 20:00:00+00:00,1.30766,1.30911,1.30753,1.30866,9403
2019-07-17 00:00:00+00:00,1.30864,1.30927,1.30745,1.30756,13382
2019-07-17 04:00:00+00:00,1.3075,1.30762,1.30612,1.30652,14480
2019-07-17 08:00:00+00:00,1.30657,1.30657,1.30529,1.30619,14210
2019-07-17 12:00:00+00:00,1.30625,1.30771,1.30386,1.30431,45130
2019-07-17 16:00:00+00:00,1.30404,1.30503,1.30358,1.30496,24487
2019-07-17 20:00:00+00:00,1.30487,1.30555,1.30479,1.30549,5355
2019-07-18 00:00:00+00:00,1.30554,1.30613,1.30423,1.30474,19932
2019-07-18 04:00:00+00:00,1.30491,1.30596,1.30483,1.30581,15444
2019-07-18 08:00:00+00:00,1.30589,1.30647,1.3051,1.30647,23708
2019-07-18 12:00:00+00:00,1.30647,1.30941,1.3056,1.30904,45695
2019-07-18 16:00:00+00:00,1.30883,1.30883,1.30311,1.3038,47263
2019-07-18 20:00:00+00:00,1.30347,1.30503,1.30161,1.30356,15979
2019-07-19 00:00:00+00:00,1.30353,1.30363,1.3026,1.30295,20808
2019-07-19 04:00:00+00:00,1.30296,1.30443,1.3029,1.30329,19504
2019-07-19 08:00:00+00:00,1.30328,1.30524,1.30313,1.30498,21400
2019-07-19 12:00:00+00:00,1.30499,1.31075,1.30497,1.3082,57682
2019-07-19 16:00:00+00:00,1.30826,1.30826,1.30566,1.30602,38285
2019-07-19 20:00:00+00:00,1.30611,1.30623,1.30529,1.30585,2848
2019-07-21 20:00:00+00:00,1.3061,1.30627,1.30525,1.30545,10394
2019-07-22 00:00:00+00:00,1.30562,1.3068,1.30551,1.30611,17986
2019-07-22 04:00:00+00:00,1.3061,1.30667,1.30468,1.30468,15292
2019-07-22 08:00:00+00:00,1.3046,1.30726,1.30415,1.30726,14574
2019-07-22 12:00:00+00:00,1.30733,1.31175,1.30712,1.31157,32910
2019-07-22 16:00:00+00:00,1.31135,1.31192,1.31044,1.31102,14684
2019-07-22 20:00:00+00:00,1.31105,1.31298,1.31105,1.31298,6134
2019-07-23 00:00:00+00:00,1.31281,1.31317,1.31222,1.31303,15722
2019-07-23 04:00:00+00:00,1.3131,1.31413,1.31282,1.31317,18062
2019-07-23 08:00:00+00:00,1.31329,1.31421,1.31281,1.3142,22073
2019-07-23 12:00:00+00:00,1.31412,1.31622,1.31374,1.31386,42222
2019-07-23 16:00:00+00:00,1.31376,1.31454,1.3124,1.31427,26375
2019-07-23 20:00:00+00:00,1.31455,1.31462,1.31279,1.31404,9366
2019-07-24 00:00:00+00:00,1.31411,1.31433,1.31316,1.31364,16727
2019-07-24 04:00:00+00:00,1.31364,1.31414,1.31301,1.31361,16831
2019-07-24 08:00:00+00:00,1.3137,1.31466,1.31264,1.31321,17739
2019-07-24 12:00:00+00:00,1.31317,1.31455,1.31192,1.31355,41740
2019-07-24 16:00:00+00:00,1.31343,1.31505,1.31333,1.31485,23068
2019-07-24 20:00:00+00:00,1.31476,1.31479,1.31326,1.31434,6829
2019-07-25 00:00:00+00:00,1.31441,1.31441,1.31323,1.31358,14848
2019-07-25 04:00:00+00:00,1.31359,1.31378,1.31287,1.31344,12179
2019-07-25 08:00:00+00:00,1.31358,1.31382,1.31275,1.31301,20291
2019-07-25 12:00:00+00:00,1.31257,1.31518,1.31171,1.31456,94009
2019-07-25 16:00:00+00:00,1.31441,1.31673,1.31441,1.31621,30210
2019-07-25 20:00:00+00:00,1.3163,1.31647,1.31562,1.31616,12500
2019-07-26 00:00:00+00:00,1.31618,1.31637,1.31571,1.31612,16005
2019-07-26 04:00:00+00:00,1.31613,1.31763,1.31608,1.3176,12058
2019-07-26 08:00:00+00:00,1.31772,1.31862,1.31758,1.31763,12929
2019-07-26 12:00:00+00:00,1.3174,1.31976,1.3174,1.31873,55568
2019-07-26 16:00:00+00:00,1.31865,1.31883,1.31661,1.31681,14470
2019-07-26 20:00:00+00:00,1.3168,1.31739,1.31645,1.31655,2726
2019-07-28 20:00:00+00:00,1.31623,1.31704,1.31612,1.317,4268
2019-07-29 00:00:00+00:00,1.31693,1.3171,1.31581,1.31674,8108
2019-07-29 04:00:00+00:00,1.31673,1.31825,1.31667,1.31773,9550
2019-07-29 08:00:00+00:00,1.31777,1.31817,1.31643,1.31697,12052
2019-07-29 12:00:00+00:00,1.31715,1.3172,1.31496,1.31511,38015
2019-07-29 16:00:00+00:00,1.31513,1.31668,1.31511,1.31567,17181
2019-07-29 20:00:00+00:00,1.31571,1.31673,1.31562,1.31656,8800
2019-07-30 00:00:00+00:00,1.31663,1.31724,1.31622,1.31713,14607
2019-07-30 04:00:00+00:00,1.31712,1.31771,1.31648,1.31691,15956
2019-07-30 08:00:00+00:00,1.31697,1.31825,1.31697,1.31722,17261
2019-07-30 12:00:00+00:00,1.31718,1.31917,1.31688,1.31697,38447
2019-07-30 16:00:00+00:00,1.3169,1.3175,1.31485,1.31512,20078
2019-07-30 20:00:00+00:00,1.31507,1.31559,1.3144,1.3149,5473
2019-07-31 00:00:00+00:00,1.31488,1.31494,1.31356,1.3141,15603
2019-07-31 04:00:00+00:00,1.31416,1.3146,1.31352,1.31446,13806
2019-07-31 08:00:00+00:00,1.31444,1.31531,1.31421,1.31478,13294
2019-07-31 12:00:00+00:00,1.31486,1.31574,1.31078,1.31439,58053
2019-07-31 16:00:00+00:00,1.31444,1.32114,1.31275,1.31988,139255
2019-07-31 20:00:00+00:00,1.31976,1.32046,1.31835,1.31954,14908
2019-08-01 00:00:00+00:00,1.31952,1.32179,1.31952,1.32112,30564
2019-08-01 04:00:00+00:00,1.32112,1.32223,1.3207,1.32223,16828
2019-08-01 08:00:00+00:00,1.32227,1.32277,1.32105,1.32226,24238
2019-08-01 12:00:00+00:00,1.32235,1.32472,1.31979,1.32051,59700
2019-08-01 16:00:00+00:00,1.32039,1.3243,1.31828,1.32181,97537
2019-08-01 20:00:00+00:00,1.32206,1.3222,1.32064,1.32135,11154
2019-08-02 00:00:00+00:00,1.32113,1.32244,1.32108,1.32198,46012
2019-08-02 04:00:00+00:00,1.32194,1.32301,1.32141,1.32178,33926
2019-08-02 08:00:00+00:00,1.322,1.32304,1.32151,1.32214,27949
2019-08-02 12:00:00+00:00,1.32231,1.3263,1.32146,1.32182,99289
2019-08-02 16:00:00+00:00,1.32174,1.32236,1.32003,1.32138,32308
2019-08-02 20:00:00+00:00,1.32156,1.32165,1.31998,1.32012,2790
2019-08-04 20:00:00+00:00,1.321,1.32114,1.31986,1.32031,6482
2019-08-05 00:00:00+00:00,1.32045,1.32416,1.31921,1.32291,51487
2019-08-05 04:00:00+00:00,1.32289,1.32408,1.32251,1.32391,28455
2019-08-05 08:00:00+00:00,1.32373,1.32472,1.32138,1.32138,28094
2019-08-05 12:00:00+00:00,1.32158,1.32253,1.31803,1.31967,54552
2019-08-05 16:00:00+00:00,1.31933,1.32256,1.31842,1.32125,39313
2019-08-05 20:00:00+00:00,1.32138,1.32222,1.31961,1.32145,20833
2019-08-06 00:00:00+00:00,1.32137,1.32181,1.3188,1.31903,49910
2019-08-06 04:00:00+00:00,1.31924,1.32064,1.31891,1.31941,43978
2019-08-06 08:00:00+00:00,1.31932,1.32189,1.31894,1.32184,25260
2019-08-06 12:00:00+00:00,1.32205,1.3267,1.32144,1.32532,66904
2019-08-06 16:00:00+00:00,1.32535,1.32905,1.32531,1.32727,31885
2019-08-06 20:00:00+00:00,1.32731,1.32867,1.32661,1.32812,9621
2019-08-07 00:00:00+00:00,1.32831,1.3314,1.32697,1.3305,50446
2019-08-07 04:00:00+00:00,1.33049,1.33079,1.32901,1.32911,26882
2019-08-07 08:00:00+00:00,1.32918,1.33034,1.32844,1.33032,26470
2019-08-07 12:00:00+00:00,1.33032,1.33419,1.33032,1.33313,113005
2019-08-07 16:00:00+00:00,1.33276,1.33419,1.32878,1.33051,62218
2019-08-07 20:00:00+00:00,1.33061,1.33138,1.32933,1.33138,11056
2019-08-08 00:00:00+00:00,1.33139,1.33139,1.32741,1.32761,41971
2019-08-08 04:00:00+00:00,1.32765,1.32899,1.32752,1.3282,20574
2019-08-08 08:00:00+00:00,1.32837,1.33106,1.32809,1.33005,23155
2019-08-08 12:00:00+00:00,1.33022,1.33063,1.32367,1.32419,78938
2019-08-08 16:00:00+00:00,1.32416,1.3243,1.32273,1.32273,30224
2019-08-08 20:00:00+00:00,1.32278,1.32375,1.32218,1.32295,11290
2019-08-09 00:00:00+00:00,1.32291,1.32339,1.32152,1.32195,19079
2019-08-09 04:00:00+00:00,1.32192,1.3228,1.32175,1.32219,13898
2019-08-09 08:00:00+00:00,1.32248,1.32308,1.32158,1.32187,22480
2019-08-09 12:00:00+00:00,1.32189,1.32674,1.32071,1.32275,74695
2019-08-09 16:00:00+00:00,1.32257,1.32327,1.31969,1.32076,31656
2019-08-09 20:00:00+00:00,1.32081,1.32162,1.3207,1.32148,2898
2019-08-11 20:00:00+00:00,1.31989,1.32198,1.31974,1.32176,3939
2019-08-12 00:00:00+00:00,1.32175,1.3228,1.32165,1.32209,15860
2019-08-12 04:00:00+00:00,1.32202,1.32299,1.32139,1.32295,17024
2019-08-12 08:00:00+00:00,1.32289,1.32476,1.32289,1.3237,37399
2019-08-12 12:00:00+00:00,1.32378,1.32438,1.32156,1.32325,62164
2019-08-12 16:00:00+00:00,1.32327,1.32459,1.32304,1.32398,23475
2019-08-12 20:00:00+00:00,1.32416,1.32416,1.32315,1.32369,13200
2019-08-13 00:00:00+00:00,1.32364,1.32472,1.32358,1.32451,28318
2019-08-13 04:00:00+00:00,1.32455,1.32613,1.32411,1.32607,20299
2019-08-13 08:00:00+00:00,1.32578,1.32729,1.32473,1.32658,28599
2019-08-13 12:00:00+00:00,1.32677,1.32922,1.31916,1.3222,124330
2019-08-13 16:00:00+00:00,1.32212,1.3231,1.32127,1.32272,34540
2019-08-13 20:00:00+00:00,1.32264,1.32309,1.32143,1.32146,9134
2019-08-14 00:00:00+00:00,1.32143,1.32287,1.3211,1.32212,28931
2019-08-14 04:00:00+00:00,1.322,1.32446,1.32191,1.32411,23967
2019-08-14 08:00:00+00:00,1.32414,1.32991,1.32385,1.32927,38994
2019-08-14 12:00:00+00:00,1.32967,1.33217,1.32904,1.33202,104111
2019-08-14 16:00:00+00:00,1.33215,1.33247,1.3307,1.33146,50881
2019-08-14 20:00:00+00:00,1.33134,1.3322,1.33112,1.33112,7910
2019-08-15 00:00:00+00:00,1.33094,1.33127,1.33013,1.33041,27193
2019-08-15 04:00:00+00:00,1.3305,1.33086,1.32886,1.32898,26344
2019-08-15 08:00:00+00:00,1.32947,1.33293,1.32916,1.3307,54028
2019-08-15 12:00:00+00:00,1.33078,1.33363,1.33046,1.33225,118595
2019-08-15 16:00:00+00:00,1.33226,1.33359,1.33154,1.33162,40157
2019-08-15 20:00:00+00:00,1.33154,1.33212,1.33067,1.33174,12308
2019-08-16 00:00:00+00:00,1.33204,1.33246,1.33123,1.33152,19208
2019-08-16 04:00:00+00:00,1.33164,1.33198,1.32979,1.33096,17648
2019-08-16 08:00:00+00:00,1.33099,1.33122,1.32861,1.32993,25876
2019-08-16 12:00:00+00:00,1.32984,1.33093,1.32775,1.32804,61380
2019-08-16 16:00:00+00:00,1.32827,1.32851,1.32614,1.32705,22151
2019-08-16 20:00:00+00:00,1.32711,1.32742,1.32613,1.32626,3060
2019-08-18 20:00:00+00:00,1.32591,1.32708,1.32574,1.32675,5534
2019-08-19 00:00:00+00:00,1.32684,1.32769,1.32648,1.32766,13334
2019-08-19 04:00:00+00:00,1.3276,1.32769,1.32646,1.32698,13344
2019-08-19 08:00:00+00:00,1.32691,1.32734,1.32524,1.3257,22764
2019-08-19 12:00:00+00:00,1.32584,1.33072,1.32584,1.33054,38420
2019-08-19 16:00:00+00:00,1.33064,1.33365,1.33056,1.33365,21670
2019-08-19 20:00:00+00:00,1.33328,1.33336,1.3323,1.33299,7329
2019-08-20 00:00:00+00:00,1.33299,1.33308,1.33132,1.33184,18404
2019-08-20 04:00:00+00:00,1.33183,1.33275,1.33086,1.33255,14982
2019-08-20 08:00:00+00:00,1.33229,1.33371,1.33209,1.33242,14672
2019-08-20 12:00:00+00:00,1.33254,1.33448,1.33144,1.3331,52916
2019-08-20 16:00:00+00:00,1.33315,1.33323,1.33112,1.33154,17720
2019-08-20 20:00:00+00:00,1.33179,1.33245,1.33163,1.33182,7254
2019-08-21 00:00:00+00:00,1.3318,1.33187,1.32993,1.33067,15217
2019-08-21 04:00:00+00:00,1.3307,1.33163,1.33042,1.33143,12071
2019-08-21 08:00:00+00:00,1.33131,1.33148,1.32896,1.32942,18738
2019-08-21 12:00:00+00:00,1.32942,1.3297,1.32564,1.32774,56577
2019-08-21 16:00:00+00:00,1.32765,1.3297,1.32688,1.32916,31049
2019-08-21 20:00:00+00:00,1.32908,1.32932,1.3283,1.32884,8352
2019-08-22 00:00:00+00:00,1.32884,1.33106,1.32868,1.33106,17577
2019-08-22 04:00:00+00:00,1.33096,1.3315,1.32894,1.32894,20521
2019-08-22 08:00:00+00:00,1.32895,1.33049,1.3279,1.32806,23073
2019-08-22 12:00:00+00:00,1.32799,1.3313,1.32756,1.3296,64211
2019-08-22 16:00:00+00:00,1.32949,1.33014,1.32893,1.33014,21535
2019-08-22 20:00:00+00:00,1.33022,1.33031,1.32926,1.32959,11611
2019-08-23 00:00:00+00:00,1.3297,1.33221,1.32945,1.33213,17830
2019-08-23 04:00:00+00:00,1.33214,1.33264,1.33103,1.33166,14504
2019-08-23 08:00:00+00:00,1.33167,1.33237,1.33129,1.33172,17510
2019-08-23 12:00:00+00:00,1.33262,1.33362,1.32793,1.33198,120611
2019-08-23 16:00:00+00:00,1.33239,1.33269,1.32874,1.32927,49353
2019-08-23 20:00:00+00:00,1.32914,1.32977,1.32812,1.32825,4976
2019-08-25 20:00:00+00:00,1.3293,1.33191,1.3292,1.33155,18080
2019-08-26 00:00:00+00:00,1.33143,1.33143,1.3292,1.32947,38139
2019-08-26 04:00:00+00:00,1.3294,1.33137,1.32905,1.33048,39622
2019-08-26 08:00:00+00:00,1.33045,1.33146,1.32876,1.32994,37550
2019-08-26 12:00:00+00:00,1.32986,1.33148,1.32697,1.32825,73622
2019-08-26 16:00:00+00:00,1.328,1.32805,1.32555,1.32566,30413
2019-08-26 20:00:00+00:00,1.32564,1.3257,1.32487,1.32526,8005
2019-08-27 00:00:00+00:00,1.32537,1.32537,1.32351,1.32407,22815
2019-08-27 04:00:00+00:00,1.32404,1.32446,1.32299,1.3236,22489
2019-08-27 08:00:00+00:00,1.32369,1.32468,1.32256,1.32301,25168
2019-08-27 12:00:00+00:00,1.32327,1.32833,1.32256,1.32744,62921
2019-08-27 16:00:00+00:00,1.32745,1.32996,1.32745,1.32991,41043
2019-08-27 20:00:00+00:00,1.32975,1.33003,1.32794,1.32852,13672
2019-08-28 00:00:00+00:00,1.32841,1.33046,1.32841,1.33033,26832
2019-08-28 04:00:00+00:00,1.33025,1.33105,1.32963,1.33061,17480
2019-08-28 08:00:00+00:00,1.33054,1.33116,1.32964,1.33099,30461
2019-08-28 12:00:00+00:00,1.33105,1.33178,1.32888,1.32996,56550
2019-08-28 16:00:00+00:00,1.33008,1.33121,1.32883,1.33041,34673
2019-08-28 20:00:00+00:00,1.33075,1.33093,1.33022,1.33069,14059
2019-08-29 00:00:00+00:00,1.33068,1.33185,1.3305,1.33164,21763
2019-08-29 04:00:00+00:00,1.33162,1.33165,1.32951,1.3296,23120
2019-08-29 08:00:00+00:00,1.32947,1.3296,1.328,1.328,31364
2019-08-29 12:00:00+00:00,1.32811,1.33168,1.32737,1.33,66687
2019-08-29 16:00:00+00:00,1.32991,1.33041,1.3293,1.3296,25594
2019-08-29 20:00:00+00:00,1.32964,1.32968,1.32834,1.32835,6047
2019-08-30 00:00:00+00:00,1.32836,1.33027,1.32784,1.33003,18367
2019-08-30 04:00:00+00:00,1.33002,1.33106,1.32976,1.33076,15407
2019-08-30 08:00:00+00:00,1.33081,1.33098,1.32843,1.32872,18782
2019-08-30 12:00:00+00:00,1.32884,1.33028,1.32514,1.329,70353
2019-08-30 16:00:00+00:00,1.32881,1.33318,1.32881,1.33126,33096
2019-08-30 20:00:00+00:00,1.33125,1.33177,1.3305,1.33078,2956
2019-09-01 20:00:00+00:00,1.33148,1.33236,1.33148,1.33183,4881
2019-09-02 00:00:00+00:00,1.33195,1.33219,1.33135,1.33173,16966
2019-09-02 04:00:00+00:00,1.33173,1.33285,1.33136,1.33275,14208
2019-09-02 08:00:00+00:00,1.33274,1.33368,1.33244,1.33336,23157
2019-09-02 12:00:00+00:00,1.33344,1.33599,1.33144,1.33199,23353
2019-09-02 16:00:00+00:00,1.33194,1.33293,1.33162,1.33275,9068
2019-09-02 20:00:00+00:00,1.33286,1.33341,1.33194,1.33341,4442
2019-09-03 00:00:00+00:00,1.33339,1.33453,1.33301,1.33429,21989
2019-09-03 04:00:00+00:00,1.33429,1.33574,1.33282,1.33557,32554
2019-09-03 08:00:00+00:00,1.33525,1.33664,1.3345,1.33659,35716
2019-09-03 12:00:00+00:00,1.33655,1.33824,1.33323,1.33323,53712
2019-09-03 16:00:00+00:00,1.33319,1.33398,1.33234,1.33394,22694
2019-09-03 20:00:00+00:00,1.33404,1.33445,1.33317,1.33394,23374
2019-09-04 00:00:00+00:00,1.33379,1.33379,1.3324,1.33258,19088
2019-09-04 04:00:00+00:00,1.33254,1.33283,1.33176,1.33188,23850
2019-09-04 08:00:00+00:00,1.33189,1.3327,1.33133,1.33175,28406
2019-09-04 12:00:00+00:00,1.33205,1.33376,1.32402,1.32475,54209
2019-09-04 16:00:00+00:00,1.32516,1.32516,1.32196,1.3229,27439
2019-09-04 20:00:00+00:00,1.32291,1.32345,1.32208,1.32255,5852
2019-09-05 00:00:00+00:00,1.32262,1.32336,1.32179,1.322,30875
2019-09-05 04:00:00+00:00,1.32202,1.32208,1.32069,1.32129,28133
2019-09-05 08:00:00+00:00,1.3212,1.32155,1.31916,1.3197,31418
2019-09-05 12:00:00+00:00,1.31968,1.32445,1.31957,1.32386,44712
2019-09-05 16:00:00+00:00,1.324,1.32459,1.32296,1.3233,19372
2019-09-05 20:00:00+00:00,1.32346,1.32348,1.32266,1.32304,5766
2019-09-06 00:00:00+00:00,1.32302,1.3235,1.3214,1.3214,17862
2019-09-06 04:00:00+00:00,1.32136,1.32172,1.31972,1.32007,25556
2019-09-06 08:00:00+00:00,1.3201,1.32306,1.31998,1.32292,32641
2019-09-06 12:00:00+00:00,1.32271,1.32281,1.31618,1.31704,55796
2019-09-06 16:00:00+00:00,1.31707,1.31827,1.31588,1.3182,32762
2019-09-06 20:00:00+00:00,1.31812,1.31822,1.31641,1.31641,3545
2019-09-08 20:00:00+00:00,1.31752,1.31764,1.31669,1.31691,4264
2019-09-09 00:00:00+00:00,1.31704,1.31751,1.3166,1.31676,19897
2019-09-09 04:00:00+00:00,1.31669,1.31711,1.31632,1.31669,17397
2019-09-09 08:00:00+00:00,1.31671,1.31686,1.31542,1.31559,22177
2019-09-09 12:00:00+00:00,1.31553,1.31671,1.31401,1.31404,34038
2019-09-09 16:00:00+00:00,1.31399,1.31707,1.31399,1.31628,21820
2019-09-09 20:00:00+00:00,1.3163,1.31721,1.31599,1.31697,8433
2019-09-10 00:00:00+00:00,1.3171,1.31779,1.3165,1.31739,20007
2019-09-10 04:00:00+00:00,1.31739,1.3187,1.31684,1.31868,17935
2019-09-10 08:00:00+00:00,1.31873,1.31913,1.31696,1.31723,22709
2019-09-10 12:00:00+00:00,1.31723,1.31772,1.3134,1.31415,36829
2019-09-10 16:00:00+00:00,1.31391,1.31542,1.31348,1.31538,28111
2019-09-10 20:00:00+00:00,1.31511,1.3153,1.31422,1.31465,8072
2019-09-11 00:00:00+00:00,1.31474,1.31504,1.31409,1.31418,19621
2019-09-11 04:00:00+00:00,1.31422,1.31545,1.31399,1.31534,23398
2019-09-11 08:00:00+00:00,1.31528,1.31598,1.31404,1.31503,22269
2019-09-11 12:00:00+00:00,1.315,1.32015,1.31472,1.31993,37800
2019-09-11 16:00:00+00:00,1.32004,1.32117,1.3193,1.31953,25251
2019-09-11 20:00:00+00:00,1.31939,1.31992,1.3183,1.31848,10066
2019-09-12 00:00:00+00:00,1.31839,1.31888,1.31778,1.31804,19659
2019-09-12 04:00:00+00:00,1.31803,1.31888,1.31783,1.31813,18862
2019-09-12 08:00:00+00:00,1.31807,1.31987,1.31789,1.31965,28021
2019-09-12 12:00:00+00:00,1.31991,1.32165,1.31773,1.32088,80883
2019-09-12 16:00:00+00:00,1.32077,1.32199,1.31894,1.32199,27620
2019-09-12 20:00:00+00:00,1.32195,1.32195,1.32057,1.3212,6227
2019-09-13 00:00:00+00:00,1.32113,1.32201,1.32102,1.32175,13176
2019-09-13 04:00:00+00:00,1.32175,1.32288,1.32164,1.32211,20894
2019-09-13 08:00:00+00:00,1.32228,1.32286,1.3218,1.32234,22625
2019-09-13 12:00:00+00:00,1.32224,1.3271,1.3214,1.32679,43873
2019-09-13 16:00:00+00:00,1.32683,1.32831,1.32618,1.32827,24502
2019-09-13 20:00:00+00:00,1.32818,1.3286,1.3277,1.32844,3356
2019-09-15 20:00:00+00:00,1.32199,1.32453,1.32114,1.32148,17679
2019-09-16 00:00:00+00:00,1.32148,1.3235,1.32148,1.323,27103
2019-09-16 04:00:00+00:00,1.32294,1.32602,1.32294,1.32585,30883
2019-09-16 08:00:00+00:00,1.32591,1.3266,1.32484,1.32582,32153
2019-09-16 12:00:00+00:00,1.32562,1.32696,1.3235,1.32415,48078
2019-09-16 16:00:00+00:00,1.32431,1.3251,1.32363,1.32464,29946
2019-09-16 20:00:00+00:00,1.32462,1.3249,1.32349,1.3242,6823
2019-09-17 00:00:00+00:00,1.32411,1.32544,1.32394,1.32517,18518
2019-09-17 04:00:00+00:00,1.32514,1.3259,1.32434,1.32485,23486
2019-09-17 08:00:00+00:00,1.32475,1.32595,1.32436,1.32565,27477
2019-09-17 12:00:00+00:00,1.32572,1.32952,1.32454,1.3249,62917
2019-09-17 16:00:00+00:00,1.32462,1.32536,1.32338,1.32448,34159
2019-09-17 20:00:00+00:00,1.32411,1.32479,1.32396,1.32422,8198
2019-09-18 00:00:00+00:00,1.32416,1.32556,1.32413,1.32534,16520
2019-09-18 04:00:00+00:00,1.32529,1.32663,1.3252,1.3261,16712
2019-09-18 08:00:00+00:00,1.32606,1.32712,1.3253,1.32531,21999
2019-09-18 12:00:00+00:00,1.32529,1.32843,1.32438,1.32843,39002
2019-09-18 16:00:00+00:00,1.32838,1.33082,1.32703,1.32852,61185
2019-09-18 20:00:00+00:00,1.32862,1.32992,1.32815,1.32992,8855
2019-09-19 00:00:00+00:00,1.32996,1.33072,1.32893,1.32905,20218
2019-09-19 04:00:00+00:00,1.32888,1.32957,1.32791,1.32891,21753
2019-09-19 08:00:00+00:00,1.32889,1.32936,1.32746,1.32762,25968
2019-09-19 12:00:00+00:00,1.32756,1.32801,1.325,1.326,37943
2019-09-19 16:00:00+00:00,1.32575,1.32626,1.32423,1.32617,24604
2019-09-19 20:00:00+00:00,1.32626,1.327,1.32535,1.32594,7708
2019-09-20 00:00:00+00:00,1.32603,1.32734,1.3259,1.32682,16658
2019-09-20 04:00:00+00:00,1.3268,1.32691,1.32595,1.32679,15264
2019-09-20 08:00:00+00:00,1.32681,1.3276,1.32613,1.32659,22167
2019-09-20 12:00:00+00:00,1.32634,1.32999,1.32621,1.32692,43432
2019-09-20 16:00:00+00:00,1.32673,1.32799,1.32548,1.32747,30207
2019-09-20 20:00:00+00:00,1.32752,1.32771,1.32622,1.32622,2832
2019-09-22 20:00:00+00:00,1.326,1.32724,1.326,1.32682,3307
2019-09-23 00:00:00+00:00,1.32673,1.32759,1.3267,1.32744,12095
2019-09-23 04:00:00+00:00,1.32742,1.32991,1.3271,1.32991,17587
2019-09-23 08:00:00+00:00,1.32972,1.33041,1.32791,1.32808,20716
2019-09-23 12:00:00+00:00,1.3284,1.32842,1.3263,1.3272,37255
2019-09-23 16:00:00+00:00,1.32743,1.32782,1.32554,1.32571,17200
2019-09-23 20:00:00+00:00,1.32588,1.32633,1.32561,1.32615,5969
2019-09-24 00:00:00+00:00,1.32607,1.32651,1.32539,1.32616,12756
2019-09-24 04:00:00+00:00,1.32615,1.32673,1.32562,1.32626,14202
2019-09-24 08:00:00+00:00,1.32618,1.32618,1.32494,1.32536,16811
2019-09-24 12:00:00+00:00,1.32546,1.32732,1.32459,1.32533,34682
2019-09-24 16:00:00+00:00,1.32525,1.32584,1.32322,1.32404,37970
2019-09-24 20:00:00+00:00,1.32407,1.32472,1.32369,1.3241,7719
2019-10-06 20:00:00+00:00,1.3323,1.33255,1.33058,1.33067,6884
2019-10-07 00:00:00+00:00,1.33052,1.33252,1.33052,1.33198,10683
2019-10-07 04:00:00+00:00,1.33197,1.33306,1.33189,1.33251,14420
2019-10-07 08:00:00+00:00,1.33257,1.33297,1.33066,1.33127,25653
2019-10-07 12:00:00+00:00,1.33125,1.33125,1.32904,1.33057,36051
2019-10-07 16:00:00+00:00,1.33075,1.33165,1.33039,1.33073,28185
2019-10-07 20:00:00+00:00,1.33075,1.33115,1.33024,1.33043,5819
2019-10-08 00:00:00+00:00,1.3303,1.3307,1.32928,1.32953,13604
2019-10-08 04:00:00+00:00,1.32953,1.33043,1.32886,1.33042,18824
2019-10-08 08:00:00+00:00,1.33043,1.3326,1.32965,1.33179,31039
2019-10-08 12:00:00+00:00,1.33184,1.33359,1.33056,1.33323,52293
2019-10-08 16:00:00+00:00,1.33324,1.33346,1.33177,1.33227,35603
2019-10-08 20:00:00+00:00,1.33216,1.33282,1.33191,1.33215,6652
2019-10-09 00:00:00+00:00,1.33206,1.33252,1.3315,1.33165,11041
2019-10-09 04:00:00+00:00,1.33165,1.33192,1.33033,1.3307,16971
2019-10-09 08:00:00+00:00,1.33066,1.33104,1.32961,1.33066,34529
2019-10-09 12:00:00+00:00,1.33066,1.33315,1.32989,1.33274,42307
2019-10-09 16:00:00+00:00,1.33267,1.33336,1.33229,1.33326,23299
2019-10-09 20:00:00+00:00,1.33329,1.33457,1.3329,1.33356,9922
2019-10-10 00:00:00+00:00,1.33349,1.33442,1.3313,1.33165,27545
2019-10-10 04:00:00+00:00,1.33165,1.33193,1.33058,1.33098,19274
2019-10-10 08:00:00+00:00,1.33115,1.33157,1.32984,1.33118,26678
2019-10-10 12:00:00+00:00,1.33104,1.33199,1.32704,1.32755,58202
2019-10-10 16:00:00+00:00,1.32754,1.32996,1.32694,1.32961,27156
2019-10-10 20:00:00+00:00,1.32965,1.32986,1.3281,1.32878,8121
2019-10-11 00:00:00+00:00,1.32877,1.33,1.32877,1.32902,13421
2019-10-11 04:00:00+00:00,1.3291,1.32929,1.32703,1.32725,19564
2019-10-11 08:00:00+00:00,1.32732,1.32843,1.32599,1.32817,36865
2019-10-11 12:00:00+00:00,1.32824,1.32932,1.31712,1.31817,77205
2019-10-11 16:00:00+00:00,1.31822,1.32055,1.31802,1.32027,34633
2019-10-11 20:00:00+00:00,1.32042,1.3207,1.31918,1.31918,4446
2019-10-13 20:00:00+00:00,1.3201,1.32028,1.31914,1.32024,3971
2019-10-14 00:00:00+00:00,1.32039,1.3217,1.32013,1.32083,11997
2019-10-14 04:00:00+00:00,1.32087,1.32163,1.32045,1.32143,16526
2019-10-14 08:00:00+00:00,1.32144,1.3225,1.32028,1.32088,19671
2019-10-14 12:00:00+00:00,1.32097,1.32335,1.32096,1.32278,29356
2019-10-14 16:00:00+00:00,1.32259,1.32372,1.32259,1.3234,13811
2019-10-14 20:00:00+00:00,1.32341,1.32389,1.32214,1.32267,3942
2019-10-15 00:00:00+00:00,1.32275,1.32347,1.32219,1.3231,9310
2019-10-15 04:00:00+00:00,1.32308,1.32392,1.32238,1.32268,15391
2019-10-15 08:00:00+00:00,1.32284,1.32374,1.32215,1.32299,24789
2019-10-15 12:00:00+00:00,1.32294,1.32347,1.31976,1.32,52837
2019-10-15 16:00:00+00:00,1.31993,1.32094,1.31964,1.32039,19004
2019-10-15 20:00:00+00:00,1.32034,1.32069,1.31948,1.32056,6239
2019-10-16 00:00:00+00:00,1.32037,1.32116,1.32,1.32109,9986
2019-10-16 04:00:00+00:00,1.321,1.32229,1.32038,1.32201,19159
2019-10-16 08:00:00+00:00,1.32217,1.32217,1.32013,1.32054,28367
2019-10-16 12:00:00+00:00,1.32076,1.32275,1.31851,1.31913,51457
2019-10-16 16:00:00+00:00,1.31915,1.32016,1.31848,1.32016,18166
2019-10-16 20:00:00+00:00,1.32027,1.32045,1.31889,1.32045,5661
2019-10-17 00:00:00+00:00,1.32058,1.32065,1.31951,1.32037,9504
2019-10-17 04:00:00+00:00,1.32037,1.32108,1.31918,1.31939,12889
2019-10-17 08:00:00+00:00,1.31931,1.31938,1.31587,1.31721,38010
2019-10-17 12:00:00+00:00,1.31724,1.31797,1.31311,1.31372,47451
2019-10-17 16:00:00+00:00,1.31361,1.31443,1.31324,1.31439,18429
2019-10-17 20:00:00+00:00,1.31444,1.31457,1.31331,1.31361,5032
2019-10-18 00:00:00+00:00,1.31355,1.31391,1.31314,1.31351,8910
2019-10-18 04:00:00+00:00,1.31351,1.31443,1.31334,1.31356,11512
2019-10-18 08:00:00+00:00,1.31345,1.31405,1.31335,1.31355,14991
2019-10-18 12:00:00+00:00,1.31353,1.31441,1.31288,1.31342,29612
2019-10-18 16:00:00+00:00,1.31344,1.31446,1.31196,1.31227,18337
2019-10-18 20:00:00+00:00,1.31225,1.31262,1.31205,1.31233,3900
2019-10-20 20:00:00+00:00,1.31319,1.31383,1.31283,1.3132,4160
2019-10-21 00:00:00+00:00,1.31324,1.31368,1.3127,1.31311,8530
2019-10-21 04:00:00+00:00,1.3131,1.3136,1.31249,1.31255,11235
2019-10-21 08:00:00+00:00,1.31243,1.31248,1.31022,1.31088,17337
2019-10-21 12:00:00+00:00,1.31087,1.31159,1.30989,1.31004,32590
2019-10-21 16:00:00+00:00,1.3099,1.31002,1.30828,1.30828,16810
2019-10-21 20:00:00+00:00,1.30834,1.30911,1.30823,1.30875,5403
2019-10-22 00:00:00+00:00,1.30875,1.30885,1.30714,1.30821,10760
2019-10-22 04:00:00+00:00,1.3082,1.30899,1.30769,1.30892,11973
2019-10-22 08:00:00+00:00,1.30881,1.31048,1.30795,1.31048,16455
2019-10-22 12:00:00+00:00,1.31034,1.31207,1.30816,1.30862,40900
2019-10-22 16:00:00+00:00,1.30847,1.31044,1.30795,1.30985,30251
2019-10-22 20:00:00+00:00,1.30984,1.30999,1.3087,1.30945,6600
2019-10-23 00:00:00+00:00,1.3095,1.31093,1.30934,1.31073,9211
2019-10-23 04:00:00+00:00,1.3108,1.3108,1.30931,1.30931,13589
2019-10-23 08:00:00+00:00,1.30923,1.30999,1.30902,1.30946,17596
2019-10-23 12:00:00+00:00,1.30934,1.31052,1.30845,1.30894,30604
2019-10-23 16:00:00+00:00,1.30852,1.30914,1.30712,1.30749,19134
2019-10-23 20:00:00+00:00,1.30767,1.30769,1.30685,1.30757,4951
2019-10-24 00:00:00+00:00,1.3076,1.30791,1.30721,1.30782,9185
2019-10-24 04:00:00+00:00,1.30787,1.30839,1.30679,1.30755,16020
2019-10-24 08:00:00+00:00,1.30804,1.30863,1.30728,1.30787,21672
2019-10-24 12:00:00+00:00,1.30769,1.30929,1.30536,1.30784,50709
2019-10-24 16:00:00+00:00,1.30803,1.30838,1.30702,1.30718,19705
2019-10-24 20:00:00+00:00,1.30723,1.30753,1.30676,1.30713,6047
2019-10-25 00:00:00+00:00,1.30712,1.30764,1.30686,1.30723,6928
2019-10-25 04:00:00+00:00,1.30725,1.30725,1.30614,1.30625,11347
2019-10-25 08:00:00+00:00,1.30618,1.30717,1.30575,1.30715,15415
2019-10-25 12:00:00+00:00,1.3071,1.30736,1.30582,1.30643,36067
2019-10-25 16:00:00+00:00,1.30636,1.30725,1.30564,1.30564,16234
2019-10-25 20:00:00+00:00,1.30579,1.30639,1.30551,1.30551,2570
2019-10-27 20:00:00+00:00,1.306,1.30649,1.30561,1.30646,2761
2019-10-28 00:00:00+00:00,1.30644,1.3077,1.30639,1.30734,7415
2019-10-28 04:00:00+00:00,1.30733,1.30782,1.30701,1.30747,7324
2019-10-28 08:00:00+00:00,1.30751,1.30751,1.30502,1.30605,17875
2019-10-28 12:00:00+00:00,1.30586,1.30715,1.3051,1.30634,39940
2019-10-28 16:00:00+00:00,1.30635,1.30644,1.30503,1.30555,16824
2019-10-28 20:00:00+00:00,1.30555,1.30573,1.30524,1.3056,4900
2019-10-29 00:00:00+00:00,1.30558,1.30597,1.30518,1.30579,8834
2019-10-29 04:00:00+00:00,1.30582,1.30582,1.30518,1.30544,9012
2019-10-29 08:00:00+00:00,1.30545,1.30673,1.30446,1.30513,20308
2019-10-29 12:00:00+00:00,1.30546,1.30786,1.30441,1.30786,35410
2019-10-29 16:00:00+00:00,1.30781,1.30994,1.30778,1.30994,19597
2019-10-29 20:00:00+00:00,1.3092,1.30922,1.30847,1.30909,5084
2019-10-30 00:00:00+00:00,1.30897,1.30941,1.30846,1.30915,9609
2019-10-30 04:00:00+00:00,1.30908,1.30951,1.3078,1.30819,8710
2019-10-30 08:00:00+00:00,1.30833,1.30891,1.30756,1.30825,16440
2019-10-30 12:00:00+00:00,1.30823,1.31846,1.30823,1.31801,60526
2019-10-30 16:00:00+00:00,1.31809,1.32045,1.31616,1.31641,46300
2019-10-30 20:00:00+00:00,1.3165,1.31661,1.31585,1.31659,7024
2019-10-31 00:00:00+00:00,1.31651,1.31721,1.31512,1.31537,13604
2019-10-31 04:00:00+00:00,1.31544,1.31611,1.31503,1.31567,11629
2019-10-31 08:00:00+00:00,1.31562,1.31772,1.31554,1.31691,30408
2019-10-31 12:00:00+00:00,1.31704,1.31704,1.31378,1.31438,55475
2019-10-31 16:00:00+00:00,1.31478,1.31717,1.31458,1.31717,31727
2019-10-31 20:00:00+00:00,1.31675,1.31707,1.31595,1.31687,5198
2019-11-01 00:00:00+00:00,1.31688,1.31727,1.3148,1.31528,12399
2019-11-01 04:00:00+00:00,1.31532,1.31571,1.31439,1.31482,9720
2019-11-01 08:00:00+00:00,1.31439,1.31684,1.31412,1.31673,28183
2019-11-01 12:00:00+00:00,1.31673,1.3195,1.31454,1.31454,66834
2019-11-01 16:00:00+00:00,1.31435,1.31553,1.314,1.314,29806
2019-11-01 20:00:00+00:00,1.3145,1.31468,1.31381,1.31381,3055
2019-11-03 20:00:00+00:00,1.3137,1.31439,1.3136,1.31421,1947
2019-11-04 00:00:00+00:00,1.31409,1.31457,1.31328,1.31361,8003
2019-11-04 04:00:00+00:00,1.31357,1.31399,1.31305,1.31334,7104
2019-11-04 08:00:00+00:00,1.31341,1.31603,1.31341,1.31601,25944
2019-11-04 12:00:00+00:00,1.31588,1.31588,1.31396,1.31396,31577
2019-11-04 16:00:00+00:00,1.31397,1.31562,1.3138,1.3149,23141
2019-11-04 20:00:00+00:00,1.31508,1.31566,1.31486,1.31528,10904
2019-11-05 00:00:00+00:00,1.31535,1.31612,1.315,1.31553,10832
2019-11-05 04:00:00+00:00,1.31552,1.31559,1.31306,1.31342,13817
2019-11-05 08:00:00+00:00,1.31343,1.31372,1.31156,1.31292,26417
2019-11-05 12:00:00+00:00,1.313,1.3161,1.31266,1.3159,47775
2019-11-05 16:00:00+00:00,1.31567,1.31776,1.31527,1.31581,28644
2019-11-05 20:00:00+00:00,1.31589,1.31654,1.3143,1.31543,9624
2019-11-06 00:00:00+00:00,1.31543,1.31615,1.31542,1.31615,9510
2019-11-06 04:00:00+00:00,1.31614,1.31698,1.31602,1.31655,9461
2019-11-06 08:00:00+00:00,1.3165,1.31681,1.3154,1.31655,20621
2019-11-06 12:00:00+00:00,1.3163,1.31845,1.31629,1.3179,33790
2019-11-06 16:00:00+00:00,1.31783,1.31927,1.31754,1.31841,26437
2019-11-06 20:00:00+00:00,1.3184,1.31862,1.31797,1.3186,5902
2019-11-07 00:00:00+00:00,1.3186,1.31969,1.31828,1.31956,10258
2019-11-07 04:00:00+00:00,1.31963,1.31963,1.31676,1.31738,16633
2019-11-07 08:00:00+00:00,1.31729,1.31745,1.31601,1.3171,26460
2019-11-07 12:00:00+00:00,1.31709,1.31821,1.31623,1.31746,42541
2019-11-07 16:00:00+00:00,1.31785,1.31886,1.31715,1.31826,29808
2019-11-07 20:00:00+00:00,1.3181,1.3181,1.31728,1.31747,8226
2019-11-08 00:00:00+00:00,1.31748,1.31852,1.31723,1.31843,13007
2019-11-08 04:00:00+00:00,1.31843,1.31909,1.31832,1.31885,8537
2019-11-08 08:00:00+00:00,1.31886,1.32052,1.3186,1.3191,17680
2019-11-08 12:00:00+00:00,1.31891,1.32368,1.31856,1.32149,45500
2019-11-08 16:00:00+00:00,1.32182,1.32296,1.32149,1.32278,17314
2019-11-08 20:00:00+00:00,1.32277,1.32303,1.3224,1.32254,4696
2019-11-10 20:00:00+00:00,1.32184,1.32289,1.32184,1.32269,1429
2019-11-11 00:00:00+00:00,1.32267,1.32331,1.32255,1.3231,8517
2019-11-11 04:00:00+00:00,1.32305,1.32333,1.32222,1.32231,8417
2019-11-11 08:00:00+00:00,1.3224,1.32297,1.32177,1.32286,16874
2019-11-11 12:00:00+00:00,1.32286,1.32346,1.32144,1.32144,23647
2019-11-11 16:00:00+00:00,1.32152,1.32243,1.32127,1.32235,14798
2019-11-11 20:00:00+00:00,1.32234,1.32374,1.32224,1.32343,6216
2019-11-12 00:00:00+00:00,1.32349,1.32488,1.32349,1.32417,11461
2019-11-12 04:00:00+00:00,1.32409,1.32452,1.32329,1.32401,10745
2019-11-12 08:00:00+00:00,1.32412,1.3257,1.32405,1.32521,23335
2019-11-12 12:00:00+00:00,1.32527,1.32531,1.32167,1.32301,36416
2019-11-12 16:00:00+00:00,1.32308,1.32365,1.32168,1.3226,27001
2019-11-12 20:00:00+00:00,1.3225,1.32407,1.3225,1.32366,8393
2019-11-13 00:00:00+00:00,1.32367,1.32481,1.32322,1.32459,18452
2019-11-13 04:00:00+00:00,1.32457,1.32491,1.32435,1.32487,11008
2019-11-13 08:00:00+00:00,1.32493,1.32673,1.32492,1.32637,20870
2019-11-13 12:00:00+00:00,1.32638,1.32676,1.32371,1.32427,36857
2019-11-13 16:00:00+00:00,1.32433,1.32557,1.32364,1.32538,21713
2019-11-13 20:00:00+00:00,1.32549,1.32549,1.32481,1.3252,7109
2019-11-14 00:00:00+00:00,1.3253,1.32613,1.32512,1.32581,14207
2019-11-14 04:00:00+00:00,1.32586,1.3263,1.32539,1.32544,13180
2019-11-14 08:00:00+00:00,1.32539,1.32678,1.32539,1.32624,22201
2019-11-14 12:00:00+00:00,1.32623,1.32702,1.32525,1.32573,32691
2019-11-14 16:00:00+00:00,1.32597,1.32626,1.32446,1.32564,25335
2019-11-14 20:00:00+00:00,1.32561,1.32574,1.32458,1.32498,8423
2019-11-15 00:00:00+00:00,1.32506,1.32518,1.32217,1.3222,13191
2019-11-15 04:00:00+00:00,1.32228,1.32367,1.32197,1.32367,8453
2019-11-15 08:00:00+00:00,1.32379,1.32517,1.32354,1.32449,18460
2019-11-15 12:00:00+00:00,1.32443,1.32459,1.32207,1.32213,34991
2019-11-15 16:00:00+00:00,1.32179,1.3237,1.32179,1.32287,19734
2019-11-15 20:00:00+00:00,1.32287,1.32295,1.32169,1.32169,4776
2019-11-17 20:00:00+00:00,1.32224,1.32246,1.32208,1.32246,2019
2019-11-18 00:00:00+00:00,1.3225,1.3225,1.32152,1.32183,11482
2019-11-18 04:00:00+00:00,1.32184,1.32196,1.32105,1.32186,12740
2019-11-18 08:00:00+00:00,1.32187,1.32239,1.3212,1.32191,17689
2019-11-18 12:00:00+00:00,1.32177,1.32345,1.32131,1.3214,30185
2019-11-18 16:00:00+00:00,1.32136,1.32181,1.32009,1.32088,16041
2019-11-18 20:00:00+00:00,1.32091,1.32117,1.32022,1.3207,6600
2019-11-19 00:00:00+00:00,1.3207,1.32161,1.32055,1.32068,12440
2019-11-19 04:00:00+00:00,1.32069,1.32104,1.32034,1.32104,11956
2019-11-19 08:00:00+00:00,1.32083,1.3213,1.32035,1.32054,22743
2019-11-19 12:00:00+00:00,1.32073,1.32281,1.31915,1.32281,33886
2019-11-19 16:00:00+00:00,1.323,1.32717,1.32234,1.32695,26140
2019-11-19 20:00:00+00:00,1.32684,1.32721,1.32626,1.32718,10549
2019-11-20 00:00:00+00:00,1.32721,1.32834,1.32705,1.32804,12844
2019-11-20 04:00:00+00:00,1.32806,1.32925,1.32774,1.32925,11099
2019-11-20 08:00:00+00:00,1.3293,1.33146,1.32895,1.33028,28044
2019-11-20 12:00:00+00:00,1.33022,1.33057,1.32783,1.32959,35934
2019-11-20 16:00:00+00:00,1.32975,1.33263,1.32974,1.33137,33775
2019-11-20 20:00:00+00:00,1.33099,1.33133,1.33027,1.33038,10621
2019-11-21 00:00:00+00:00,1.33045,1.33215,1.33045,1.33091,22462
2019-11-21 04:00:00+00:00,1.3308,1.33145,1.33045,1.33121,17094
2019-11-21 08:00:00+00:00,1.33096,1.33144,1.32967,1.33085,32255
2019-11-21 12:00:00+00:00,1.33075,1.33248,1.32702,1.32782,53364
2019-11-21 16:00:00+00:00,1.32774,1.32849,1.32722,1.32774,23250
2019-11-21 20:00:00+00:00,1.32783,1.32849,1.32779,1.32806,7500
2019-11-22 00:00:00+00:00,1.32819,1.32846,1.327,1.32808,12787
2019-11-22 04:00:00+00:00,1.32806,1.32879,1.32787,1.32787,11711
2019-11-22 08:00:00+00:00,1.32798,1.32906,1.32691,1.32827,34998
2019-11-22 12:00:00+00:00,1.32824,1.32951,1.32553,1.32879,39973
2019-11-22 16:00:00+00:00,1.32878,1.32976,1.32878,1.3294,18858
2019-11-22 20:00:00+00:00,1.32921,1.33014,1.32904,1.32968,5402
2019-11-24 20:00:00+00:00,1.32953,1.33009,1.32929,1.32977,2296
2019-11-25 00:00:00+00:00,1.32976,1.32976,1.32909,1.32957,11739
2019-11-25 04:00:00+00:00,1.32955,1.32977,1.32868,1.32869,11854
2019-11-25 08:00:00+00:00,1.32872,1.3302,1.32858,1.32984,20354
2019-11-25 12:00:00+00:00,1.32982,1.3315,1.32914,1.33125,32088
2019-11-25 16:00:00+00:00,1.33133,1.33174,1.33044,1.33082,17695
2019-11-25 20:00:00+00:00,1.33063,1.33073,1.32964,1.33036,8435
2019-11-26 00:00:00+00:00,1.3304,1.3313,1.3301,1.33098,14710
2019-11-26 04:00:00+00:00,1.33099,1.33127,1.33059,1.33106,12388
2019-11-26 08:00:00+00:00,1.33106,1.33159,1.33087,1.3313,26473
2019-11-26 12:00:00+00:00,1.3313,1.33145,1.3291,1.3291,34280
2019-11-26 16:00:00+00:00,1.32887,1.32942,1.32747,1.3276,22456
2019-11-26 20:00:00+00:00,1.32762,1.32772,1.32693,1.32706,8009
2019-11-27 00:00:00+00:00,1.32694,1.32786,1.32694,1.32785,10299
2019-11-27 04:00:00+00:00,1.32785,1.3282,1.32698,1.32769,12814
2019-11-27 08:00:00+00:00,1.3276,1.3277,1.32632,1.32649,22067
2019-11-27 12:00:00+00:00,1.32658,1.32846,1.32603,1.32846,33771
2019-11-27 16:00:00+00:00,1.32856,1.32893,1.32781,1.32823,23191
2019-11-27 20:00:00+00:00,1.32811,1.32891,1.32775,1.32853,7954
2019-11-28 00:00:00+00:00,1.3285,1.32917,1.32832,1.32917,12511
2019-11-28 04:00:00+00:00,1.32914,1.32929,1.32878,1.32921,9872
2019-11-28 08:00:00+00:00,1.32918,1.32985,1.32898,1.32898,17718
2019-11-28 12:00:00+00:00,1.32891,1.32945,1.32814,1.32875,14634
2019-11-28 16:00:00+00:00,1.32886,1.32923,1.32803,1.32806,5020
2019-11-28 20:00:00+00:00,1.32814,1.32828,1.32798,1.32805,4203
2019-11-29 00:00:00+00:00,1.32807,1.3289,1.32807,1.32878,8946
2019-11-29 04:00:00+00:00,1.32878,1.32906,1.32807,1.32807,9596
2019-11-29 08:00:00+00:00,1.32807,1.32928,1.32807,1.32908,14511
2019-11-29 12:00:00+00:00,1.32909,1.33131,1.32785,1.32816,39881
2019-11-29 16:00:00+00:00,1.32838,1.32934,1.32734,1.32734,19855
2019-11-29 20:00:00+00:00,1.32737,1.32836,1.32722,1.3274,3416
2019-12-01 20:00:00+00:00,1.3271,1.32891,1.3271,1.32855,3450
2019-12-02 00:00:00+00:00,1.32856,1.32901,1.32774,1.32897,10563
2019-12-02 04:00:00+00:00,1.3289,1.32945,1.3282,1.32836,9906
2019-12-02 08:00:00+00:00,1.32844,1.32999,1.32776,1.32999,27106
2019-12-02 12:00:00+00:00,1.33003,1.3306,1.32903,1.3306,31196
2019-12-02 16:00:00+00:00,1.33035,1.33035,1.32906,1.32969,18949
2019-12-02 20:00:00+00:00,1.32952,1.3308,1.32951,1.33062,9354
2019-12-03 00:00:00+00:00,1.33064,1.33095,1.33015,1.33046,9711
2019-12-03 04:00:00+00:00,1.33041,1.33061,1.32984,1.33015,11091
2019-12-03 08:00:00+00:00,1.33006,1.33085,1.32843,1.3299,31649
2019-12-03 12:00:00+00:00,1.33015,1.33206,1.32938,1.32958,34732
2019-12-03 16:00:00+00:00,1.32957,1.33047,1.32948,1.33013,17071
2019-12-03 20:00:00+00:00,1.33013,1.33013,1.32918,1.32918,7058
2019-12-04 00:00:00+00:00,1.3292,1.32944,1.3285,1.32858,15183
2019-12-04 04:00:00+00:00,1.32868,1.32972,1.32866,1.32959,10119
2019-12-04 08:00:00+00:00,1.32955,1.32972,1.32792,1.32811,28028
2019-12-04 12:00:00+00:00,1.32789,1.32792,1.32221,1.3233,40114
2019-12-04 16:00:00+00:00,1.3231,1.32314,1.31923,1.31923,23239
2019-12-04 20:00:00+00:00,1.31959,1.32022,1.3193,1.31931,9661
2019-12-05 00:00:00+00:00,1.31932,1.31932,1.31805,1.31859,19171
2019-12-05 04:00:00+00:00,1.31856,1.31907,1.31797,1.31816,12540
2019-12-05 08:00:00+00:00,1.31815,1.31887,1.31758,1.3179,17935
2019-12-05 12:00:00+00:00,1.31806,1.31864,1.31589,1.31836,35655
2019-12-05 16:00:00+00:00,1.31863,1.31863,1.31714,1.31732,14662
2019-12-05 20:00:00+00:00,1.31739,1.31821,1.31713,1.31769,9266
2019-12-06 00:00:00+00:00,1.31758,1.31842,1.31755,1.31836,8921
2019-12-06 04:00:00+00:00,1.31839,1.31865,1.318,1.3181,8846
2019-12-06 08:00:00+00:00,1.3181,1.3181,1.31721,1.31751,10824
2019-12-06 12:00:00+00:00,1.31758,1.32697,1.31727,1.3266,42774
2019-12-06 16:00:00+00:00,1.32664,1.32682,1.32547,1.32635,15472
2019-12-06 20:00:00+00:00,1.32626,1.32646,1.32483,1.32483,5171
2019-12-08 20:00:00+00:00,1.32514,1.32602,1.3249,1.32514,2501
2019-12-09 00:00:00+00:00,1.3253,1.32639,1.3253,1.32637,9923
2019-12-09 04:00:00+00:00,1.32639,1.32642,1.32532,1.32532,9465
2019-12-09 08:00:00+00:00,1.32517,1.32649,1.32507,1.32602,12726
2019-12-09 12:00:00+00:00,1.32588,1.32596,1.32238,1.32277,22734
2019-12-09 16:00:00+00:00,1.32287,1.32373,1.32243,1.32289,18527
2019-12-09 20:00:00+00:00,1.32312,1.32444,1.32258,1.32379,7453
2019-12-10 00:00:00+00:00,1.32395,1.32412,1.32288,1.32348,11235
2019-12-10 04:00:00+00:00,1.32347,1.32349,1.32246,1.32283,8936
2019-12-10 08:00:00+00:00,1.32281,1.32449,1.32263,1.32388,22942
2019-12-10 12:00:00+00:00,1.32384,1.32492,1.32298,1.32325,32858
2019-12-10 16:00:00+00:00,1.32325,1.32383,1.32277,1.32313,17578
2019-12-10 20:00:00+00:00,1.32311,1.32356,1.32269,1.32345,13009
2019-12-11 00:00:00+00:00,1.32326,1.32384,1.32323,1.32339,14330
2019-12-11 04:00:00+00:00,1.32339,1.32375,1.32311,1.32375,8804
2019-12-11 08:00:00+00:00,1.32365,1.32396,1.32269,1.32338,18108
2019-12-11 12:00:00+00:00,1.3234,1.32383,1.32151,1.32164,20970
2019-12-11 16:00:00+00:00,1.32155,1.32163,1.31639,1.31653,28879
2019-12-11 20:00:00+00:00,1.31665,1.31801,1.31643,1.31738,16431
2019-12-12 00:00:00+00:00,1.31741,1.31745,1.31632,1.31635,8227
2019-12-12 04:00:00+00:00,1.31635,1.31703,1.31634,1.31667,7025
2019-12-12 08:00:00+00:00,1.31677,1.31729,1.31643,1.31687,14289
2019-12-12 12:00:00+00:00,1.31688,1.31921,1.31688,1.31921,48938
2019-12-12 16:00:00+00:00,1.31914,1.31914,1.31771,1.31829,37606
2019-12-12 20:00:00+00:00,1.31814,1.31917,1.31512,1.31543,25857
2019-12-13 00:00:00+00:00,1.3153,1.31659,1.3153,1.3159,20392
2019-12-13 04:00:00+00:00,1.31583,1.31701,1.3158,1.31672,16253
2019-12-13 08:00:00+00:00,1.31649,1.31681,1.31542,1.31657,22580
2019-12-13 12:00:00+00:00,1.31666,1.31995,1.31529,1.31995,71556
2019-12-13 16:00:00+00:00,1.31996,1.32043,1.31826,1.3186,27341
2019-12-13 20:00:00+00:00,1.31886,1.31915,1.3162,1.31667,8498
2019-12-15 20:00:00+00:00,1.3171,1.3186,1.3171,1.3186,16989
2019-12-16 00:00:00+00:00,1.31847,1.31847,1.3169,1.31711,11166
2019-12-16 04:00:00+00:00,1.31713,1.31741,1.31422,1.31464,12530
2019-12-16 08:00:00+00:00,1.31452,1.31454,1.3128,1.31317,19348
2019-12-16 12:00:00+00:00,1.31316,1.31522,1.31153,1.31518,25847
2019-12-16 16:00:00+00:00,1.31513,1.31599,1.31398,1.31556,24386
2019-12-16 20:00:00+00:00,1.31564,1.31695,1.31495,1.31652,10304
2019-12-17 00:00:00+00:00,1.31645,1.31737,1.31631,1.31646,11615
2019-12-17 04:00:00+00:00,1.31648,1.31716,1.31604,1.31702,10883
2019-12-17 08:00:00+00:00,1.31715,1.31846,1.31689,1.3169,21086
2019-12-17 12:00:00+00:00,1.3169,1.31764,1.31459,1.31563,30945
2019-12-17 16:00:00+00:00,1.31584,1.31714,1.31476,1.31651,20165
2019-12-17 20:00:00+00:00,1.31648,1.31702,1.31528,1.31614,11671
2019-12-18 00:00:00+00:00,1.31615,1.31696,1.31551,1.3168,9417
2019-12-18 04:00:00+00:00,1.31681,1.31755,1.31613,1.31739,9933
2019-12-18 08:00:00+00:00,1.31715,1.31723,1.31427,1.31453,16377
2019-12-18 12:00:00+00:00,1.31459,1.31571,1.31138,1.31138,33140
2019-12-18 16:00:00+00:00,1.31155,1.31216,1.31044,1.31135,21302
2019-12-18 20:00:00+00:00,1.31153,1.31185,1.31062,1.31146,10687
2019-12-19 00:00:00+00:00,1.31145,1.31182,1.31101,1.31171,8893
2019-12-19 04:00:00+00:00,1.31179,1.31191,1.31116,1.31182,9286
2019-12-19 08:00:00+00:00,1.31185,1.31209,1.31146,1.31209,15126
2019-12-19 12:00:00+00:00,1.31187,1.31356,1.31122,1.31293,29014
2019-12-19 16:00:00+00:00,1.3126,1.31314,1.31174,1.31191,20239
2019-12-19 20:00:00+00:00,1.31197,1.31267,1.31189,1.31237,7360
2019-12-20 00:00:00+00:00,1.31238,1.31375,1.31238,1.31325,7684
2019-12-20 04:00:00+00:00,1.31326,1.31414,1.31297,1.31414,9860
2019-12-20 08:00:00+00:00,1.31394,1.31407,1.31314,1.31387,21419
2019-12-20 12:00:00+00:00,1.31378,1.31783,1.31336,1.31671,37405
2019-12-20 16:00:00+00:00,1.31657,1.31722,1.31582,1.31582,20474
2019-12-20 20:00:00+00:00,1.31571,1.31606,1.31428,1.31428,9131
2019-12-22 20:00:00+00:00,1.31453,1.31512,1.31411,1.31454,3909
2019-12-23 00:00:00+00:00,1.31454,1.31579,1.31454,1.31556,7849
2019-12-23 04:00:00+00:00,1.31563,1.31602,1.31542,1.31543,8201
2019-12-23 08:00:00+00:00,1.31526,1.3154,1.31454,1.31501,18285
2019-12-23 12:00:00+00:00,1.31511,1.31764,1.31501,1.31717,26005
2019-12-23 16:00:00+00:00,1.31724,1.31752,1.3143,1.31509,20955
2019-12-23 20:00:00+00:00,1.3151,1.3154,1.31413,1.31473,9955
2019-12-24 00:00:00+00:00,1.31476,1.31573,1.31468,1.31547,8012
2019-12-24 04:00:00+00:00,1.31548,1.31596,1.31532,1.31591,8640
2019-12-24 08:00:00+00:00,1.31591,1.31665,1.31553,1.3162,11741
2019-12-24 12:00:00+00:00,1.31625,1.31633,1.31492,1.31559,21624
2019-12-24 16:00:00+00:00,1.31574,1.3166,1.31528,1.31649,12899
2019-12-26 04:00:00+00:00,1.31553,1.31555,1.31517,1.31524,484
2019-12-26 08:00:00+00:00,1.31523,1.31546,1.31488,1.31531,2866
2019-12-26 12:00:00+00:00,1.31531,1.31573,1.31123,1.31196,16149
2019-12-26 16:00:00+00:00,1.31215,1.31339,1.31059,1.31067,14608
2019-12-26 20:00:00+00:00,1.31068,1.31151,1.31046,1.31107,5036
2019-12-27 00:00:00+00:00,1.31102,1.31204,1.31034,1.31053,9712
2019-12-27 04:00:00+00:00,1.31051,1.31105,1.31024,1.31102,11105
2019-12-27 08:00:00+00:00,1.31079,1.31079,1.30862,1.30933,16087
2019-12-27 12:00:00+00:00,1.30939,1.30959,1.30764,1.30877,33316
2019-12-27 16:00:00+00:00,1.30865,1.30888,1.30649,1.30681,29077
2019-12-27 20:00:00+00:00,1.30728,1.30863,1.30719,1.3079,7548
2019-12-29 20:00:00+00:00,1.30688,1.30759,1.30688,1.30759,4205
2019-12-30 00:00:00+00:00,1.30753,1.30844,1.3065,1.30675,13846
2019-12-30 04:00:00+00:00,1.30676,1.30788,1.30641,1.30759,12874
2019-12-30 08:00:00+00:00,1.30737,1.30769,1.30673,1.30733,19023
2019-12-30 12:00:00+00:00,1.30717,1.30768,1.30563,1.30563,34867
2019-12-30 16:00:00+00:00,1.30564,1.30626,1.30511,1.30559,30356
2019-12-30 20:00:00+00:00,1.30568,1.30705,1.30568,1.30615,11059
2019-12-31 00:00:00+00:00,1.30613,1.30613,1.30456,1.30515,7974
2019-12-31 04:00:00+00:00,1.30515,1.30532,1.30452,1.30452,7303
2019-12-31 08:00:00+00:00,1.30447,1.30532,1.30211,1.30211,18309
2019-12-31 12:00:00+00:00,1.30201,1.30223,1.29624,1.29703,44698
2019-12-31 16:00:00+00:00,1.29648,1.29824,1.29542,1.29753,27208
2020-01-02 04:00:00+00:00,1.2986,1.29917,1.29805,1.29865,5342
2020-01-02 08:00:00+00:00,1.29868,1.30074,1.29689,1.3004,23545
2020-01-02 12:00:00+00:00,1.30046,1.30075,1.29789,1.29789,42785
2020-01-02 16:00:00+00:00,1.29793,1.3004,1.2976,1.29906,29433
2020-01-02 20:00:00+00:00,1.29897,1.29907,1.29791,1.29843,8967
2020-01-03 00:00:00+00:00,1.29851,1.2999,1.29769,1.29933,19848
2020-01-03 04:00:00+00:00,1.29929,1.2999,1.29641,1.29641,22538
2020-01-03 08:00:00+00:00,1.29625,1.30043,1.29617,1.30025,39316
2020-01-03 12:00:00+00:00,1.30024,1.30045,1.29755,1.29818,38562
2020-01-03 16:00:00+00:00,1.29814,1.29984,1.29769,1.29915,32120
2020-01-03 20:00:00+00:00,1.29931,1.30046,1.29864,1.29955,7831
2020-01-05 20:00:00+00:00,1.2986,1.29898,1.29857,1.29892,3677
2020-01-06 00:00:00+00:00,1.2988,1.2988,1.29766,1.29781,12907
2020-01-06 04:00:00+00:00,1.29785,1.29834,1.29751,1.29799,11455
2020-01-06 08:00:00+00:00,1.29808,1.2987,1.29645,1.2974,24426
2020-01-06 12:00:00+00:00,1.29748,1.29894,1.29669,1.29733,35307
2020-01-06 16:00:00+00:00,1.29733,1.29767,1.29607,1.29648,22411
2020-01-06 20:00:00+00:00,1.29644,1.29703,1.29603,1.29638,11615
2020-01-07 00:00:00+00:00,1.29643,1.29664,1.296,1.29658,8185
2020-01-07 04:00:00+00:00,1.29656,1.29764,1.2962,1.29755,14259
2020-01-07 08:00:00+00:00,1.2975,1.29865,1.2957,1.29835,25611
2020-01-07 12:00:00+00:00,1.29816,1.30285,1.29785,1.30144,46387
2020-01-07 16:00:00+00:00,1.30161,1.3018,1.30023,1.30045,21546
2020-01-07 20:00:00+00:00,1.30037,1.30081,1.30002,1.3001,10254
2020-01-08 00:00:00+00:00,1.30028,1.30031,1.29806,1.29826,42884
2020-01-08 04:00:00+00:00,1.29829,1.29914,1.29773,1.29839,18838
2020-01-08 08:00:00+00:00,1.29831,1.30141,1.29831,1.30124,36098
2020-01-08 12:00:00+00:00,1.30114,1.30392,1.30096,1.30357,53114
2020-01-08 16:00:00+00:00,1.30351,1.30429,1.30227,1.30275,37421
2020-01-08 20:00:00+00:00,1.30267,1.30401,1.30248,1.30363,11230
2020-01-09 00:00:00+00:00,1.30356,1.30394,1.30267,1.30369,15946
2020-01-09 04:00:00+00:00,1.30367,1.30427,1.30359,1.30361,11838
2020-01-09 08:00:00+00:00,1.30368,1.30563,1.30368,1.30518,20212
2020-01-09 12:00:00+00:00,1.30517,1.31033,1.30433,1.30972,39940
2020-01-09 16:00:00+00:00,1.30958,1.30986,1.30758,1.30795,29686
2020-01-09 20:00:00+00:00,1.3079,1.3079,1.30537,1.3063,14742
2020-01-10 00:00:00+00:00,1.30636,1.30681,1.30611,1.30635,11071
2020-01-10 04:00:00+00:00,1.30628,1.30637,1.30548,1.30605,9110
2020-01-10 08:00:00+00:00,1.30604,1.3075,1.30595,1.307,15085
2020-01-10 12:00:00+00:00,1.30704,1.30717,1.303,1.30515,46900
2020-01-10 16:00:00+00:00,1.30508,1.30594,1.30434,1.30594,30633
2020-01-10 20:00:00+00:00,1.30579,1.30635,1.30495,1.30495,11769
2020-01-12 20:00:00+00:00,1.30504,1.30669,1.30504,1.30667,2318
2020-01-13 00:00:00+00:00,1.30672,1.30673,1.30459,1.30459,12126
2020-01-13 04:00:00+00:00,1.30459,1.30617,1.30453,1.30615,8638
2020-01-13 08:00:00+00:00,1.30615,1.30648,1.30527,1.30604,18149
2020-01-13 12:00:00+00:00,1.30587,1.30606,1.30335,1.30522,43441
2020-01-13 16:00:00+00:00,1.30514,1.30545,1.30457,1.30465,25669
2020-01-13 20:00:00+00:00,1.30467,1.3061,1.30464,1.30567,9435
2020-01-14 00:00:00+00:00,1.3056,1.30624,1.305,1.30581,13633
2020-01-14 04:00:00+00:00,1.30572,1.30717,1.30529,1.30651,11482
2020-01-14 08:00:00+00:00,1.30678,1.30779,1.30661,1.3067,19031
2020-01-14 12:00:00+00:00,1.30685,1.30785,1.30633,1.3067,41135
2020-01-14 16:00:00+00:00,1.30648,1.30669,1.30477,1.30571,28411
2020-01-14 20:00:00+00:00,1.30574,1.30677,1.3055,1.30677,8786
2020-01-15 00:00:00+00:00,1.30676,1.30716,1.30608,1.30609,11846
2020-01-15 04:00:00+00:00,1.30608,1.30627,1.30562,1.30593,9039
2020-01-15 08:00:00+00:00,1.30592,1.30778,1.30592,1.30643,20163
2020-01-15 12:00:00+00:00,1.30655,1.30772,1.30449,1.30474,47117
2020-01-15 16:00:00+00:00,1.30497,1.30497,1.30357,1.30403,27247
2020-01-15 20:00:00+00:00,1.30427,1.30504,1.30402,1.30402,9774
2020-01-16 00:00:00+00:00,1.30409,1.30451,1.30353,1.30443,9123
2020-01-16 04:00:00+00:00,1.30445,1.3048,1.3042,1.3043,6707
2020-01-16 08:00:00+00:00,1.30428,1.30465,1.30328,1.30386,20631
2020-01-16 12:00:00+00:00,1.30385,1.30561,1.3034,1.30435,42257
2020-01-16 16:00:00+00:00,1.30426,1.30526,1.30372,1.30476,25829
2020-01-16 20:00:00+00:00,1.30472,1.30472,1.30387,1.30414,8872
2020-01-17 00:00:00+00:00,1.3042,1.30521,1.30397,1.30486,12918
2020-01-17 04:00:00+00:00,1.30491,1.30518,1.30361,1.30361,8041
2020-01-17 08:00:00+00:00,1.30358,1.30504,1.3034,1.30476,19775
2020-01-17 12:00:00+00:00,1.30466,1.30672,1.30413,1.30582,40490
2020-01-17 16:00:00+00:00,1.30585,1.30743,1.30585,1.30642,24269
2020-01-17 20:00:00+00:00,1.30632,1.30734,1.30628,1.30641,7163
2020-01-19 20:00:00+00:00,1.30574,1.30677,1.30574,1.30648,4614
2020-01-20 00:00:00+00:00,1.30641,1.3069,1.30641,1.30653,11659
2020-01-20 04:00:00+00:00,1.30659,1.3067,1.30549,1.30661,9353
2020-01-20 08:00:00+00:00,1.3066,1.30714,1.30651,1.30669,13468
2020-01-20 12:00:00+00:00,1.30661,1.30721,1.30546,1.30574,17428
2020-01-20 16:00:00+00:00,1.30588,1.30604,1.3044,1.30455,9842
2020-01-20 20:00:00+00:00,1.30444,1.30482,1.30436,1.30459,6539
2020-01-21 00:00:00+00:00,1.30466,1.30615,1.30451,1.30557,15508
2020-01-21 04:00:00+00:00,1.30557,1.30691,1.30553,1.3069,11033
2020-01-21 08:00:00+00:00,1.30697,1.30776,1.30639,1.30659,22888
2020-01-21 12:00:00+00:00,1.30647,1.30735,1.30519,1.3064,37230
2020-01-21 16:00:00+00:00,1.30654,1.3076,1.30652,1.30708,26644
2020-01-21 20:00:00+00:00,1.30709,1.30796,1.3069,1.30741,9689
2020-01-22 00:00:00+00:00,1.3073,1.30915,1.30728,1.30852,15204
2020-01-22 04:00:00+00:00,1.30844,1.30855,1.30765,1.30778,9462
2020-01-22 08:00:00+00:00,1.30792,1.30828,1.30617,1.3062,15103
2020-01-22 12:00:00+00:00,1.30625,1.31392,1.3037,1.31188,60291
2020-01-22 16:00:00+00:00,1.31185,1.31522,1.31054,1.3143,44193
2020-01-22 20:00:00+00:00,1.31402,1.31424,1.31328,1.31424,11156
2020-01-23 00:00:00+00:00,1.31432,1.31632,1.31424,1.31632,20144
2020-01-23 04:00:00+00:00,1.3164,1.31714,1.3156,1.31589,16181
2020-01-23 08:00:00+00:00,1.31588,1.3166,1.31525,1.3155,19749
2020-01-23 12:00:00+00:00,1.31548,1.31662,1.31423,1.31474,55715
2020-01-23 16:00:00+00:00,1.31465,1.31534,1.31274,1.31275,29612
2020-01-23 20:00:00+00:00,1.31284,1.31309,1.3124,1.3128,11607
2020-01-24 00:00:00+00:00,1.31285,1.31315,1.31245,1.31288,7384
2020-01-24 04:00:00+00:00,1.31288,1.31309,1.3124,1.31298,7778
2020-01-24 08:00:00+00:00,1.31304,1.31424,1.31218,1.31342,24492
2020-01-24 12:00:00+00:00,1.31345,1.31406,1.31224,1.31377,51531
2020-01-24 16:00:00+00:00,1.31394,1.31519,1.31394,1.31422,37651
2020-01-24 20:00:00+00:00,1.3143,1.31492,1.31404,1.31466,11921
2020-01-26 20:00:00+00:00,1.31502,1.3162,1.31489,1.3162,7944
2020-01-27 00:00:00+00:00,1.31616,1.31634,1.31481,1.3159,14471
2020-01-27 04:00:00+00:00,1.3159,1.31725,1.31577,1.31725,12771
2020-01-27 08:00:00+00:00,1.31728,1.31903,1.317,1.31772,28662
2020-01-27 12:00:00+00:00,1.31777,1.31982,1.31766,1.31785,55383
2020-01-27 16:00:00+00:00,1.31786,1.31845,1.31738,1.3182,31132
2020-01-27 20:00:00+00:00,1.31819,1.31945,1.3181,1.31882,12412
2020-01-28 00:00:00+00:00,1.31883,1.3192,1.31856,1.31882,11869
2020-01-28 04:00:00+00:00,1.3188,1.31892,1.31806,1.31878,9647
2020-01-28 08:00:00+00:00,1.31883,1.32053,1.31883,1.31951,25988
2020-01-28 12:00:00+00:00,1.3196,1.3202,1.31744,1.31823,48670
2020-01-28 16:00:00+00:00,1.31822,1.31822,1.31669,1.31697,25343
2020-01-28 20:00:00+00:00,1.31703,1.31703,1.31547,1.3164,10819
2020-01-29 00:00:00+00:00,1.3164,1.31648,1.31591,1.31591,13645
2020-01-29 04:00:00+00:00,1.31588,1.31716,1.31588,1.31716,8552
2020-01-29 08:00:00+00:00,1.31719,1.31832,1.31647,1.31795,19544
2020-01-29 12:00:00+00:00,1.31797,1.32074,1.3174,1.32051,34623
2020-01-29 16:00:00+00:00,1.32044,1.32088,1.31921,1.31931,25109
2020-01-29 20:00:00+00:00,1.31931,1.32073,1.3188,1.31983,13688
2020-01-30 00:00:00+00:00,1.31981,1.32053,1.31981,1.32011,13397
2020-01-30 04:00:00+00:00,1.32011,1.32242,1.32011,1.32198,16181
2020-01-30 08:00:00+00:00,1.32211,1.3225,1.32125,1.32217,23991
2020-01-30 12:00:00+00:00,1.32215,1.32245,1.32067,1.32237,49641
2020-01-30 16:00:00+00:00,1.32257,1.3226,1.32128,1.32186,35260
2020-01-30 20:00:00+00:00,1.32165,1.32165,1.31913,1.32123,21379
2020-01-31 00:00:00+00:00,1.32125,1.32125,1.31955,1.32054,15178
2020-01-31 04:00:00+00:00,1.3205,1.32176,1.32018,1.32155,10786
2020-01-31 08:00:00+00:00,1.3216,1.32444,1.3216,1.32355,25857
2020-01-31 12:00:00+00:00,1.32341,1.32406,1.32214,1.32255,50542
2020-01-31 16:00:00+00:00,1.32244,1.32528,1.32189,1.32329,56843
2020-01-31 20:00:00+00:00,1.32354,1.32387,1.32278,1.3231,17888
2020-02-02 20:00:00+00:00,1.3236,1.32445,1.32341,1.32417,4013
2020-02-03 00:00:00+00:00,1.32424,1.32492,1.32381,1.32422,21129
2020-02-03 04:00:00+00:00,1.32417,1.32446,1.32357,1.32383,14507
2020-02-03 08:00:00+00:00,1.32383,1.32546,1.32365,1.32396,32971
2020-02-03 12:00:00+00:00,1.32405,1.32696,1.32325,1.32641,45469
2020-02-03 16:00:00+00:00,1.32617,1.33027,1.32617,1.32955,38926
2020-02-03 20:00:00+00:00,1.32956,1.32995,1.3285,1.32955,13433
2020-02-04 00:00:00+00:00,1.3296,1.33013,1.32869,1.32904,24659
2020-02-04 04:00:00+00:00,1.32912,1.3294,1.32854,1.32854,17565
2020-02-04 08:00:00+00:00,1.32875,1.32875,1.32674,1.32782,32680
2020-02-04 12:00:00+00:00,1.3278,1.32894,1.32728,1.32804,37922
2020-02-04 16:00:00+00:00,1.32794,1.32859,1.32641,1.32859,28049
2020-02-04 20:00:00+00:00,1.3283,1.32841,1.3276,1.32832,11720
2020-02-05 00:00:00+00:00,1.32851,1.32947,1.32805,1.32912,19219
2020-02-05 04:00:00+00:00,1.32913,1.32977,1.32884,1.32953,12434
2020-02-05 08:00:00+00:00,1.32971,1.32994,1.32639,1.32805,45652
2020-02-05 12:00:00+00:00,1.32834,1.33016,1.3272,1.32935,55266
2020-02-05 16:00:00+00:00,1.32925,1.3299,1.32728,1.32938,29073
2020-02-05 20:00:00+00:00,1.32931,1.32942,1.328,1.32862,10011
2020-02-06 00:00:00+00:00,1.32868,1.32875,1.32805,1.32869,12251
2020-02-06 04:00:00+00:00,1.32864,1.32864,1.32771,1.32781,14551
2020-02-06 08:00:00+00:00,1.328,1.32859,1.32759,1.32761,30318
2020-02-06 12:00:00+00:00,1.3275,1.33086,1.32706,1.32968,43662
2020-02-06 16:00:00+00:00,1.32985,1.32987,1.32843,1.32915,25670
2020-02-06 20:00:00+00:00,1.32898,1.32934,1.32828,1.32875,9007
2020-02-07 00:00:00+00:00,1.32874,1.32942,1.32854,1.32868,18316
2020-02-07 04:00:00+00:00,1.32867,1.33013,1.32867,1.33013,16997
2020-02-07 08:00:00+00:00,1.33019,1.33132,1.33019,1.33059,26309
2020-02-07 12:00:00+00:00,1.3306,1.33188,1.32835,1.33047,58326
2020-02-07 16:00:00+00:00,1.3305,1.33113,1.32967,1.32991,26103
2020-02-07 20:00:00+00:00,1.32986,1.33076,1.32986,1.33036,7322
2020-02-09 20:00:00+00:00,1.33007,1.33117,1.33007,1.33117,4884
2020-02-10 00:00:00+00:00,1.33118,1.33118,1.3291,1.3296,21451
2020-02-10 04:00:00+00:00,1.3296,1.32999,1.32889,1.32961,17853
2020-02-10 08:00:00+00:00,1.32979,1.33023,1.32894,1.32935,37295
2020-02-10 12:00:00+00:00,1.3291,1.33282,1.3291,1.33193,41511
2020-02-10 16:00:00+00:00,1.33183,1.33266,1.3317,1.33182,19255
2020-02-10 20:00:00+00:00,1.33182,1.33203,1.33154,1.33181,7362
2020-02-11 00:00:00+00:00,1.33187,1.33195,1.33016,1.33027,12782
2020-02-11 04:00:00+00:00,1.33043,1.33056,1.32902,1.32936,12251
2020-02-11 08:00:00+00:00,1.32948,1.33002,1.32884,1.32896,24851
2020-02-11 12:00:00+00:00,1.32888,1.33128,1.32773,1.32893,38556
2020-02-11 16:00:00+00:00,1.32872,1.33024,1.3285,1.32909,24726
2020-02-11 20:00:00+00:00,1.32913,1.32944,1.32851,1.32909,8771
2020-02-12 00:00:00+00:00,1.32908,1.32954,1.32786,1.32815,13813
2020-02-12 04:00:00+00:00,1.32813,1.32859,1.32728,1.32728,12869
2020-02-12 08:00:00+00:00,1.32746,1.32763,1.32652,1.32703,26339
2020-02-12 12:00:00+00:00,1.32709,1.32727,1.32531,1.32595,33409
2020-02-12 16:00:00+00:00,1.3259,1.32615,1.3239,1.32599,22657
2020-02-12 20:00:00+00:00,1.32615,1.32639,1.32487,1.32564,12558
2020-02-13 00:00:00+00:00,1.32557,1.3257,1.32418,1.32486,21450
2020-02-13 04:00:00+00:00,1.32486,1.3264,1.32469,1.32593,15732
2020-02-13 08:00:00+00:00,1.32595,1.32693,1.32477,1.32683,31761
2020-02-13 12:00:00+00:00,1.32667,1.32682,1.32404,1.32554,47257
2020-02-13 16:00:00+00:00,1.32547,1.32633,1.32519,1.32598,21179
2020-02-13 20:00:00+00:00,1.32595,1.32681,1.32585,1.3266,7343
2020-02-14 00:00:00+00:00,1.3266,1.32689,1.32559,1.32596,11839
2020-02-14 04:00:00+00:00,1.32595,1.32606,1.32481,1.3249,9673
2020-02-14 08:00:00+00:00,1.325,1.32578,1.32379,1.32457,17870
2020-02-14 12:00:00+00:00,1.32449,1.32583,1.3236,1.32575,33271
2020-02-14 16:00:00+00:00,1.32576,1.32598,1.32424,1.32522,18922
2020-02-14 20:00:00+00:00,1.32521,1.32556,1.32476,1.32479,6492
2020-02-16 20:00:00+00:00,1.32491,1.32491,1.32447,1.3245,2988
2020-02-17 00:00:00+00:00,1.32461,1.32503,1.32362,1.32369,12220
2020-02-17 04:00:00+00:00,1.32368,1.32414,1.32338,1.32414,8238
2020-02-17 08:00:00+00:00,1.32419,1.3246,1.32253,1.32253,16002
2020-02-17 12:00:00+00:00,1.32256,1.32396,1.32252,1.32396,14333
2020-02-17 16:00:00+00:00,1.32373,1.32373,1.32264,1.32354,6435
2020-02-17 20:00:00+00:00,1.3235,1.32374,1.32302,1.32374,4635
2020-02-18 00:00:00+00:00,1.32381,1.32552,1.32352,1.32477,14243
2020-02-18 04:00:00+00:00,1.32482,1.32546,1.32428,1.32543,11380
2020-02-18 08:00:00+00:00,1.32539,1.32696,1.32476,1.32588,30825
2020-02-18 12:00:00+00:00,1.32593,1.32776,1.32522,1.32556,36396
2020-02-18 16:00:00+00:00,1.32553,1.32609,1.3249,1.32534,20402
2020-02-18 20:00:00+00:00,1.32533,1.32625,1.32533,1.32542,18120
2020-02-19 00:00:00+00:00,1.32526,1.32555,1.3245,1.3246,10198
2020-02-19 04:00:00+00:00,1.3246,1.3249,1.32313,1.32315,10883
2020-02-19 08:00:00+00:00,1.32318,1.32395,1.32289,1.32328,20102
2020-02-19 12:00:00+00:00,1.3234,1.32524,1.32169,1.32381,38328
2020-02-19 16:00:00+00:00,1.32362,1.3242,1.32224,1.32272,24035
2020-02-19 20:00:00+00:00,1.32258,1.32298,1.32188,1.32219,10261
2020-02-20 00:00:00+00:00,1.32218,1.324,1.32121,1.32326,19414
2020-02-20 04:00:00+00:00,1.32335,1.32437,1.32256,1.32425,16148
2020-02-20 08:00:00+00:00,1.32441,1.32628,1.32433,1.32573,26502
2020-02-20 12:00:00+00:00,1.3258,1.32652,1.32255,1.32323,33194
2020-02-20 16:00:00+00:00,1.32315,1.32675,1.32315,1.32632,31621
2020-02-20 20:00:00+00:00,1.32623,1.32645,1.32513,1.32616,9021
2020-02-21 00:00:00+00:00,1.32625,1.32669,1.32474,1.32561,19190
2020-02-21 04:00:00+00:00,1.32562,1.32585,1.32447,1.32585,19396
2020-02-21 08:00:00+00:00,1.32596,1.32672,1.32488,1.32576,32668
2020-02-21 12:00:00+00:00,1.32583,1.32639,1.32156,1.32242,44182
2020-02-21 16:00:00+00:00,1.32212,1.32249,1.32022,1.3209,22585
2020-02-21 20:00:00+00:00,1.32082,1.32261,1.32082,1.32213,8019
2020-02-23 20:00:00+00:00,1.32519,1.32578,1.32422,1.32534,7384
2020-02-24 00:00:00+00:00,1.32525,1.3266,1.32481,1.32643,18837
2020-02-24 04:00:00+00:00,1.32644,1.32855,1.32632,1.32836,16187
2020-02-24 08:00:00+00:00,1.32853,1.33073,1.32806,1.32867,41176
2020-02-24 12:00:00+00:00,1.32857,1.32921,1.32539,1.32665,40551
2020-02-24 16:00:00+00:00,1.32636,1.32919,1.32636,1.32919,31780
2020-02-24 20:00:00+00:00,1.32884,1.32952,1.32839,1.32874,14787
2020-02-25 00:00:00+00:00,1.3289,1.32959,1.32803,1.32839,18985
2020-02-25 04:00:00+00:00,1.3284,1.32985,1.32812,1.32833,13992
2020-02-25 08:00:00+00:00,1.32835,1.33051,1.32799,1.3294,33746
2020-02-25 12:00:00+00:00,1.32927,1.32982,1.32715,1.32852,45747
2020-02-25 16:00:00+00:00,1.32852,1.32909,1.32676,1.32727,38305
2020-02-25 20:00:00+00:00,1.32708,1.32969,1.32699,1.32802,18355
2020-02-26 00:00:00+00:00,1.32825,1.3293,1.32747,1.32779,20940
2020-02-26 04:00:00+00:00,1.32785,1.32895,1.32773,1.32875,18828
2020-02-26 08:00:00+00:00,1.32863,1.33076,1.32842,1.32996,44872
2020-02-26 12:00:00+00:00,1.33012,1.33062,1.32719,1.33018,57872
2020-02-26 16:00:00+00:00,1.33005,1.33323,1.33005,1.33179,47196
2020-02-26 20:00:00+00:00,1.33164,1.3346,1.33094,1.33435,17326
2020-02-27 00:00:00+00:00,1.33429,1.33475,1.33311,1.33394,27872
2020-02-27 04:00:00+00:00,1.33396,1.33448,1.33326,1.33378,23901
2020-02-27 08:00:00+00:00,1.33362,1.33461,1.33171,1.33416,38581
2020-02-27 12:00:00+00:00,1.33422,1.33742,1.33397,1.33565,69598
2020-02-27 16:00:00+00:00,1.33567,1.33687,1.3354,1.33675,59672
2020-02-27 20:00:00+00:00,1.3365,1.33941,1.33647,1.33883,24554
2020-02-28 00:00:00+00:00,1.33873,1.34472,1.33872,1.34392,26275
2020-02-28 04:00:00+00:00,1.3439,1.34483,1.34338,1.34449,36519
2020-02-28 08:00:00+00:00,1.34461,1.34564,1.34344,1.3454,73905
2020-02-28 12:00:00+00:00,1.34509,1.34626,1.34162,1.34206,91429
2020-02-28 16:00:00+00:00,1.34182,1.34429,1.33985,1.3403,93554
2020-02-28 20:00:00+00:00,1.33993,1.34272,1.33904,1.33904,25540
2020-03-01 20:00:00+00:00,1.34356,1.3436,1.34056,1.34056,9844
2020-03-02 00:00:00+00:00,1.34067,1.34153,1.33341,1.33497,32332
2020-03-02 04:00:00+00:00,1.33514,1.33545,1.33365,1.33466,28211
2020-03-02 08:00:00+00:00,1.33483,1.33828,1.33162,1.33801,65168
2020-03-02 12:00:00+00:00,1.33761,1.3389,1.3352,1.33882,88729
2020-03-02 16:00:00+00:00,1.33879,1.33901,1.33268,1.33545,64575
2020-03-02 20:00:00+00:00,1.33537,1.33541,1.33189,1.33248,28539
2020-03-03 00:00:00+00:00,1.33266,1.3351,1.33264,1.33323,27479
2020-03-03 04:00:00+00:00,1.33325,1.33665,1.33312,1.33637,27270
2020-03-03 08:00:00+00:00,1.33644,1.33713,1.33516,1.33704,38705
2020-03-03 12:00:00+00:00,1.33676,1.33774,1.33203,1.33371,106796
2020-03-03 16:00:00+00:00,1.3337,1.33824,1.33309,1.33764,98346
2020-03-03 20:00:00+00:00,1.33716,1.3391,1.33656,1.33772,28135
2020-03-04 00:00:00+00:00,1.33767,1.33769,1.33454,1.33541,20165
2020-03-04 04:00:00+00:00,1.33546,1.33638,1.33512,1.33574,18185
2020-03-04 08:00:00+00:00,1.33608,1.33647,1.33461,1.33551,39969
2020-03-04 12:00:00+00:00,1.33552,1.34162,1.33277,1.33967,85135
2020-03-04 16:00:00+00:00,1.33942,1.34308,1.33942,1.34024,55358
2020-03-04 20:00:00+00:00,1.33996,1.34016,1.33832,1.33863,18445
2020-03-05 00:00:00+00:00,1.33886,1.34013,1.33883,1.33963,13191
2020-03-05 04:00:00+00:00,1.33965,1.34062,1.33878,1.3403,13519
2020-03-05 08:00:00+00:00,1.34038,1.34182,1.33928,1.34176,36628
2020-03-05 12:00:00+00:00,1.34195,1.34318,1.33897,1.34006,52545
2020-03-05 16:00:00+00:00,1.34,1.34378,1.33954,1.34248,54194
2020-03-05 20:00:00+00:00,1.34271,1.34271,1.33924,1.33924,26222
2020-03-06 00:00:00+00:00,1.33916,1.34129,1.33874,1.34124,23313
2020-03-06 04:00:00+00:00,1.34124,1.34124,1.33888,1.33972,19725
2020-03-06 08:00:00+00:00,1.33987,1.34191,1.33806,1.34017,68790
2020-03-06 12:00:00+00:00,1.34031,1.34379,1.34009,1.34258,90742
2020-03-06 16:00:00+00:00,1.34266,1.34376,1.34092,1.34264,56696
2020-03-06 20:00:00+00:00,1.34247,1.34346,1.34141,1.34206,21467
2020-03-08 20:00:00+00:00,1.35491,1.36261,1.35435,1.3624,33277
2020-03-09 00:00:00+00:00,1.36204,1.37242,1.35885,1.36303,79416
2020-03-09 04:00:00+00:00,1.36327,1.36624,1.36168,1.36477,65982
2020-03-09 08:00:00+00:00,1.3647,1.3689,1.35731,1.36757,66848
2020-03-09 12:00:00+00:00,1.36681,1.3669,1.35198,1.35273,101645
2020-03-09 16:00:00+00:00,1.35294,1.36738,1.35285,1.36627,122092
2020-03-09 20:00:00+00:00,1.3662,1.37034,1.3652,1.36617,30776
2020-03-10 00:00:00+00:00,1.36584,1.36638,1.36293,1.36403,37851
2020-03-10 04:00:00+00:00,1.36405,1.36541,1.36095,1.36531,45203
2020-03-10 08:00:00+00:00,1.36563,1.36843,1.36436,1.36564,79891
2020-03-10 12:00:00+00:00,1.36623,1.37934,1.36483,1.37765,99217
2020-03-10 16:00:00+00:00,1.37736,1.37874,1.37101,1.37404,106835
2020-03-10 20:00:00+00:00,1.37473,1.37598,1.37063,1.37325,25967
2020-03-11 00:00:00+00:00,1.37306,1.37444,1.36912,1.36912,30864
2020-03-11 04:00:00+00:00,1.36928,1.37316,1.36925,1.37036,40832
2020-03-11 08:00:00+00:00,1.37016,1.37328,1.36817,1.37305,57545
2020-03-11 12:00:00+00:00,1.37305,1.37584,1.37128,1.37483,82707
2020-03-11 16:00:00+00:00,1.37444,1.37789,1.37321,1.37494,85171
2020-03-11 20:00:00+00:00,1.37476,1.37934,1.37476,1.37734,19824
2020-03-12 00:00:00+00:00,1.37713,1.38195,1.37694,1.37887,44770
2020-03-12 04:00:00+00:00,1.37894,1.3796,1.37645,1.37645,36563
2020-03-12 08:00:00+00:00,1.37658,1.3831,1.37531,1.38185,42377
2020-03-12 12:00:00+00:00,1.38171,1.38789,1.37721,1.38717,142044
2020-03-12 16:00:00+00:00,1.38693,1.38881,1.37202,1.38745,144188
2020-03-12 20:00:00+00:00,1.38771,1.3959,1.38661,1.39448,37676
2020-03-13 00:00:00+00:00,1.39408,1.3947,1.39192,1.39357,42723
2020-03-13 04:00:00+00:00,1.39386,1.39391,1.38278,1.384,68947
2020-03-13 08:00:00+00:00,1.38419,1.38528,1.37823,1.38171,83198
2020-03-13 12:00:00+00:00,1.38187,1.39912,1.38187,1.39912,137560
2020-03-13 16:00:00+00:00,1.39879,1.39879,1.38352,1.3839,147301
2020-03-13 20:00:00+00:00,1.38379,1.38573,1.38008,1.38058,14066
2020-03-15 20:00:00+00:00,1.3879,1.3879,1.37296,1.3787,48431
2020-03-16 00:00:00+00:00,1.37915,1.38699,1.37915,1.38475,51009
2020-03-16 04:00:00+00:00,1.38486,1.3909,1.38441,1.38774,40887
2020-03-16 08:00:00+00:00,1.38749,1.39232,1.3852,1.3906,83428
2020-03-16 12:00:00+00:00,1.39088,1.39867,1.38961,1.39733,193164
2020-03-16 16:00:00+00:00,1.39749,1.40046,1.39627,1.39873,203804
2020-03-16 20:00:00+00:00,1.39818,1.40175,1.39773,1.40125,45340
2020-03-17 00:00:00+00:00,1.4014,1.40141,1.39615,1.39849,35917
2020-03-17 04:00:00+00:00,1.39856,1.39976,1.39745,1.39968,36819
2020-03-17 08:00:00+00:00,1.39976,1.41579,1.39935,1.4139,98596
2020-03-17 12:00:00+00:00,1.41479,1.41908,1.40868,1.41908,140138
2020-03-17 16:00:00+00:00,1.41832,1.42629,1.41655,1.42366,131264
2020-03-17 20:00:00+00:00,1.42351,1.42421,1.41837,1.42421,23957
2020-03-18 00:00:00+00:00,1.42434,1.42463,1.41672,1.41838,29324
2020-03-18 04:00:00+00:00,1.41851,1.42597,1.4175,1.4254,35173
2020-03-18 08:00:00+00:00,1.42563,1.43427,1.4247,1.43262,64586
2020-03-18 12:00:00+00:00,1.43343,1.45545,1.43343,1.45308,183622
2020-03-18 16:00:00+00:00,1.4531,1.46456,1.44243,1.44243,174144
2020-03-18 20:00:00+00:00,1.44222,1.45285,1.43702,1.44804,36702
2020-03-19 00:00:00+00:00,1.44727,1.46666,1.4459,1.46526,67333
2020-03-19 04:00:00+00:00,1.46523,1.46523,1.44691,1.45666,69163
2020-03-19 08:00:00+00:00,1.45654,1.45957,1.44602,1.45803,110943
2020-03-19 12:00:00+00:00,1.45818,1.46296,1.44219,1.44635,151714
2020-03-19 16:00:00+00:00,1.4459,1.45267,1.4459,1.45053,142732
2020-03-19 20:00:00+00:00,1.45043,1.45338,1.44701,1.45003,31650
2020-03-20 00:00:00+00:00,1.44965,1.4526,1.43772,1.44015,52534
2020-03-20 04:00:00+00:00,1.44061,1.44076,1.42148,1.42203,62640
2020-03-20 08:00:00+00:00,1.42247,1.43451,1.415,1.42635,126546
2020-03-20 12:00:00+00:00,1.427,1.43763,1.42238,1.43676,135178
2020-03-20 16:00:00+00:00,1.43513,1.44441,1.43476,1.441,115610
2020-03-20 20:00:00+00:00,1.43868,1.44242,1.4322,1.4336,9133
2020-03-22 20:00:00+00:00,1.43555,1.44869,1.43515,1.44637,21446
2020-03-23 00:00:00+00:00,1.44633,1.44773,1.4402,1.44312,51853
2020-03-23 04:00:00+00:00,1.443,1.4473,1.44093,1.44447,54092
2020-03-23 08:00:00+00:00,1.44401,1.44897,1.44293,1.44662,137603
2020-03-23 12:00:00+00:00,1.44464,1.45412,1.43384,1.45392,211249
2020-03-23 16:00:00+00:00,1.4534,1.45587,1.44958,1.45445,174029
2020-03-23 20:00:00+00:00,1.4541,1.45466,1.44777,1.44799,27136
2020-03-24 00:00:00+00:00,1.44794,1.44862,1.43999,1.44217,52626
2020-03-24 04:00:00+00:00,1.44242,1.44478,1.43876,1.43988,65012
2020-03-24 08:00:00+00:00,1.43929,1.45209,1.43747,1.451,57843
2020-03-24 12:00:00+00:00,1.45085,1.45292,1.44279,1.44791,131803
2020-03-24 16:00:00+00:00,1.44815,1.45193,1.44651,1.44854,98759
2020-03-24 20:00:00+00:00,1.44875,1.45064,1.44226,1.444,24643
2020-03-25 00:00:00+00:00,1.44395,1.44601,1.43781,1.43882,35046
2020-03-25 04:00:00+00:00,1.4388,1.4397,1.43332,1.43643,45476
2020-03-25 08:00:00+00:00,1.4374,1.44202,1.42998,1.43961,70867
2020-03-25 12:00:00+00:00,1.43994,1.43994,1.43028,1.4335,122483
2020-03-25 16:00:00+00:00,1.43354,1.43354,1.41809,1.42001,124968
2020-03-25 20:00:00+00:00,1.41964,1.42316,1.41857,1.42222,19799
2020-03-26 00:00:00+00:00,1.42238,1.42657,1.421,1.42358,36212
2020-03-26 04:00:00+00:00,1.42302,1.42749,1.42302,1.42306,26163
2020-03-26 08:00:00+00:00,1.42266,1.42352,1.41091,1.41464,85576
2020-03-26 12:00:00+00:00,1.41507,1.41807,1.40107,1.40459,102665
2020-03-26 16:00:00+00:00,1.4047,1.40956,1.40275,1.40442,83490
2020-03-26 20:00:00+00:00,1.40466,1.40708,1.40111,1.40416,20223
2020-03-27 00:00:00+00:00,1.40476,1.40685,1.39997,1.40012,43965
2020-03-27 04:00:00+00:00,1.40038,1.40794,1.39896,1.40547,44938
2020-03-27 08:00:00+00:00,1.40496,1.41007,1.40364,1.4078,76376
2020-03-27 12:00:00+00:00,1.40793,1.41511,1.40425,1.40756,108880
2020-03-27 16:00:00+00:00,1.40781,1.40883,1.39227,1.39904,95709
2020-03-27 20:00:00+00:00,1.39927,1.40055,1.39712,1.39712,7234
2020-03-29 20:00:00+00:00,1.40169,1.40822,1.40142,1.40495,16665
2020-03-30 00:00:00+00:00,1.40492,1.40695,1.40237,1.40525,44335
2020-03-30 04:00:00+00:00,1.40527,1.40952,1.40128,1.40797,55705
2020-03-30 08:00:00+00:00,1.40746,1.41617,1.40642,1.41473,66367
2020-03-30 12:00:00+00:00,1.41535,1.4183,1.41239,1.41709,114520
2020-03-30 16:00:00+00:00,1.41743,1.41754,1.41332,1.41399,80608
2020-03-30 20:00:00+00:00,1.41428,1.4188,1.41381,1.41804,21476
2020-03-31 00:00:00+00:00,1.4182,1.42052,1.41645,1.41796,50820
2020-03-31 04:00:00+00:00,1.41798,1.42038,1.41653,1.41862,50882
2020-03-31 08:00:00+00:00,1.41882,1.42636,1.41785,1.42508,66701
2020-03-31 12:00:00+00:00,1.42516,1.43469,1.40993,1.41244,156934
2020-03-31 16:00:00+00:00,1.4127,1.42241,1.40707,1.40707,118741
2020-03-31 20:00:00+00:00,1.40733,1.40933,1.40125,1.4077,29423
2020-04-01 00:00:00+00:00,1.40778,1.41155,1.4066,1.41053,33821
2020-04-01 04:00:00+00:00,1.4103,1.42018,1.40969,1.42018,50274
2020-04-01 08:00:00+00:00,1.41961,1.42693,1.41854,1.42366,75745
2020-04-01 12:00:00+00:00,1.4239,1.42705,1.41368,1.42226,118514
2020-04-01 16:00:00+00:00,1.42179,1.42472,1.42017,1.42172,93877
2020-04-01 20:00:00+00:00,1.42201,1.42203,1.41515,1.41515,22854
2020-04-02 00:00:00+00:00,1.41515,1.41947,1.41515,1.41746,27485
2020-04-02 04:00:00+00:00,1.41748,1.4177,1.40841,1.41275,49391
2020-04-02 08:00:00+00:00,1.41288,1.41609,1.40986,1.41553,66051
2020-04-02 12:00:00+00:00,1.41589,1.42904,1.40872,1.41116,184832
2020-04-02 16:00:00+00:00,1.41159,1.42219,1.41003,1.41816,87603
2020-04-02 20:00:00+00:00,1.41804,1.41805,1.41169,1.413,17544
2020-04-03 00:00:00+00:00,1.41346,1.41715,1.41346,1.41607,24584
2020-04-03 04:00:00+00:00,1.41604,1.41953,1.41507,1.41641,51291
2020-04-03 08:00:00+00:00,1.41662,1.42238,1.41335,1.41675,88859
2020-04-03 12:00:00+00:00,1.41703,1.41941,1.40946,1.41345,120062
2020-04-03 16:00:00+00:00,1.41344,1.41654,1.41258,1.41481,85499
2020-04-03 20:00:00+00:00,1.41524,1.4205,1.41509,1.41969,10100
2020-04-05 20:00:00+00:00,1.42228,1.42608,1.42217,1.42535,17746
2020-04-06 00:00:00+00:00,1.4254,1.42557,1.41756,1.41815,52085
2020-04-06 04:00:00+00:00,1.41809,1.41854,1.40872,1.41024,65543
2020-04-06 08:00:00+00:00,1.41035,1.41433,1.40893,1.41306,80355
2020-04-06 12:00:00+00:00,1.41293,1.41731,1.41142,1.41276,103405
2020-04-06 16:00:00+00:00,1.41276,1.41302,1.41002,1.41108,61086
2020-04-06 20:00:00+00:00,1.41116,1.41415,1.40955,1.41123,25144
2020-04-07 00:00:00+00:00,1.41107,1.41225,1.40854,1.4105,36149
2020-04-07 04:00:00+00:00,1.41052,1.41052,1.4014,1.40202,63381
2020-04-07 08:00:00+00:00,1.40246,1.40395,1.39957,1.40264,86795
2020-04-07 12:00:00+00:00,1.40334,1.40334,1.39471,1.39726,125776
2020-04-07 16:00:00+00:00,1.39712,1.40011,1.39515,1.3982,86038
2020-04-07 20:00:00+00:00,1.398,1.40189,1.398,1.40155,22933
2020-04-08 00:00:00+00:00,1.40132,1.40469,1.40098,1.40456,34911
2020-04-08 04:00:00+00:00,1.40475,1.40789,1.40278,1.40318,61969
2020-04-08 08:00:00+00:00,1.40368,1.40647,1.39911,1.40098,74979
2020-04-08 12:00:00+00:00,1.4015,1.40691,1.39986,1.40167,89826
2020-04-08 16:00:00+00:00,1.40168,1.40745,1.40168,1.40357,64777
2020-04-08 20:00:00+00:00,1.40349,1.40351,1.40003,1.40027,16445
2020-04-09 00:00:00+00:00,1.40059,1.4034,1.40033,1.4025,27407
2020-04-09 04:00:00+00:00,1.40256,1.40535,1.4013,1.40287,35651
2020-04-09 08:00:00+00:00,1.40272,1.40739,1.40272,1.40517,59915
2020-04-09 12:00:00+00:00,1.40543,1.40588,1.3933,1.39811,157194
2020-04-09 16:00:00+00:00,1.39825,1.40351,1.39438,1.39795,113353
2020-04-09 20:00:00+00:00,1.39791,1.39966,1.39606,1.39873,12221
2020-04-10 00:00:00+00:00,1.39849,1.40079,1.39691,1.39691,7928
2020-04-10 04:00:00+00:00,1.39676,1.39676,1.39448,1.39454,8609
2020-04-10 08:00:00+00:00,1.39459,1.39613,1.39448,1.39557,5668
2020-04-10 12:00:00+00:00,1.39541,1.39811,1.3954,1.3968,24916
2020-04-10 16:00:00+00:00,1.3969,1.39718,1.39525,1.39541,5846
2020-04-10 20:00:00+00:00,1.39537,1.39564,1.39509,1.39515,456
2020-04-12 20:00:00+00:00,1.39232,1.3999,1.39232,1.39687,13901
2020-04-13 00:00:00+00:00,1.39662,1.39686,1.39419,1.39524,21517
2020-04-13 04:00:00+00:00,1.39528,1.39568,1.39232,1.39502,20843
2020-04-13 08:00:00+00:00,1.39505,1.39844,1.39505,1.39563,31149
2020-04-13 12:00:00+00:00,1.39599,1.39872,1.39516,1.39551,73698
2020-04-13 16:00:00+00:00,1.39535,1.39535,1.3861,1.3861,60585
2020-04-13 20:00:00+00:00,1.3861,1.39048,1.38556,1.3874,16635
2020-04-14 00:00:00+00:00,1.38801,1.39026,1.38641,1.38674,33050
2020-04-14 04:00:00+00:00,1.38694,1.38962,1.38641,1.38773,28142
2020-04-14 08:00:00+00:00,1.38756,1.39248,1.38756,1.3901,47045
2020-04-14 12:00:00+00:00,1.3906,1.39205,1.38682,1.39038,71547
2020-04-14 16:00:00+00:00,1.39037,1.3919,1.38982,1.38988,41530
2020-04-14 20:00:00+00:00,1.3895,1.38964,1.38764,1.3881,11724
2020-04-15 00:00:00+00:00,1.3882,1.39121,1.38819,1.38978,18679
2020-04-15 04:00:00+00:00,1.38975,1.39893,1.38975,1.39869,31974
2020-04-15 08:00:00+00:00,1.39905,1.40614,1.39828,1.40459,59185
2020-04-15 12:00:00+00:00,1.40475,1.41212,1.4046,1.41072,107240
2020-04-15 16:00:00+00:00,1.41055,1.41307,1.4053,1.40938,65664
2020-04-15 20:00:00+00:00,1.40929,1.41238,1.40923,1.41186,16276
2020-04-16 00:00:00+00:00,1.41184,1.41357,1.41047,1.4117,35070
2020-04-16 04:00:00+00:00,1.41174,1.41311,1.40892,1.41155,42146
2020-04-16 08:00:00+00:00,1.41188,1.41251,1.4093,1.41055,50109
2020-04-16 12:00:00+00:00,1.41007,1.41527,1.40635,1.41423,84740
2020-04-16 16:00:00+00:00,1.41429,1.41819,1.41033,1.41106,64050
2020-04-16 20:00:00+00:00,1.41163,1.41279,1.40153,1.40382,27871
2020-04-17 00:00:00+00:00,1.40392,1.40493,1.4006,1.40309,26322
2020-04-17 04:00:00+00:00,1.40337,1.41002,1.40178,1.40988,41984
2020-04-17 08:00:00+00:00,1.40953,1.41164,1.4052,1.40629,59418
2020-04-17 12:00:00+00:00,1.4065,1.40811,1.40228,1.40276,89158
2020-04-17 16:00:00+00:00,1.40294,1.40457,1.40102,1.40292,47765
2020-04-17 20:00:00+00:00,1.40287,1.40306,1.39972,1.39972,7413
2020-04-19 20:00:00+00:00,1.40147,1.40521,1.40142,1.40521,11364
2020-04-20 00:00:00+00:00,1.40495,1.40775,1.40407,1.40747,23959
2020-04-20 04:00:00+00:00,1.40746,1.41016,1.40504,1.40504,32307
2020-04-20 08:00:00+00:00,1.40542,1.41262,1.4051,1.41262,42797
2020-04-20 12:00:00+00:00,1.41295,1.41306,1.40379,1.40685,87735
2020-04-20 16:00:00+00:00,1.4066,1.41351,1.40533,1.41285,76838
2020-04-20 20:00:00+00:00,1.4127,1.41519,1.41191,1.41301,19133
2020-04-21 00:00:00+00:00,1.41258,1.41769,1.41147,1.41571,38945
2020-04-21 04:00:00+00:00,1.4161,1.42084,1.41436,1.42062,45870
2020-04-21 08:00:00+00:00,1.42104,1.42634,1.41927,1.42288,119885
2020-04-21 12:00:00+00:00,1.42281,1.42424,1.41702,1.42008,123613
2020-04-21 16:00:00+00:00,1.42039,1.42292,1.41635,1.4182,135737
2020-04-21 20:00:00+00:00,1.41814,1.42107,1.41814,1.41914,14408
2020-04-22 00:00:00+00:00,1.41883,1.42202,1.41778,1.42189,37680
2020-04-22 04:00:00+00:00,1.42211,1.4236,1.41394,1.41438,65503
2020-04-22 08:00:00+00:00,1.41483,1.41621,1.41291,1.41439,64616
2020-04-22 12:00:00+00:00,1.41442,1.41643,1.41179,1.41329,100532
2020-04-22 16:00:00+00:00,1.41374,1.41954,1.41323,1.4183,62506
2020-04-22 20:00:00+00:00,1.41848,1.41892,1.4157,1.4185,12689
2020-04-23 00:00:00+00:00,1.41843,1.4198,1.41661,1.41808,24650
2020-04-23 04:00:00+00:00,1.41804,1.4181,1.41154,1.41706,53067
2020-04-23 08:00:00+00:00,1.41713,1.41713,1.4128,1.41503,58797
2020-04-23 12:00:00+00:00,1.41491,1.41512,1.4005,1.40294,93461
2020-04-23 16:00:00+00:00,1.40355,1.40785,1.40355,1.40687,68552
2020-04-23 20:00:00+00:00,1.40717,1.40807,1.40641,1.4066,11390
2020-04-24 00:00:00+00:00,1.40645,1.40882,1.40567,1.40675,30795
2020-04-24 04:00:00+00:00,1.40661,1.41071,1.40622,1.40875,41978
2020-04-24 08:00:00+00:00,1.40873,1.41139,1.40243,1.40477,53057
2020-04-24 12:00:00+00:00,1.4046,1.41063,1.40402,1.40983,78171
2020-04-24 16:00:00+00:00,1.40952,1.4119,1.40887,1.40923,51817
2020-04-24 20:00:00+00:00,1.40927,1.41089,1.40818,1.40934,6042
2020-04-26 20:00:00+00:00,1.40946,1.41162,1.40946,1.41095,8235
2020-04-27 00:00:00+00:00,1.41104,1.41136,1.40627,1.40709,35712
2020-04-27 04:00:00+00:00,1.40688,1.40755,1.40433,1.40473,45190
2020-04-27 08:00:00+00:00,1.40485,1.40727,1.40413,1.40627,41893
2020-04-27 12:00:00+00:00,1.40642,1.4082,1.40385,1.40432,75938
2020-04-27 16:00:00+00:00,1.40485,1.4066,1.40295,1.40373,39616
2020-04-27 20:00:00+00:00,1.40407,1.40462,1.40164,1.40369,11996
2020-04-28 00:00:00+00:00,1.40352,1.4064,1.40192,1.40554,30486
2020-04-28 04:00:00+00:00,1.40604,1.40725,1.40183,1.40211,36143
2020-04-28 08:00:00+00:00,1.40212,1.40322,1.39464,1.39592,52157
2020-04-28 12:00:00+00:00,1.39553,1.40046,1.39382,1.39935,73488
2020-04-28 16:00:00+00:00,1.39934,1.40007,1.39731,1.39901,39163
2020-04-28 20:00:00+00:00,1.39902,1.40029,1.39808,1.39829,11566
2020-04-29 00:00:00+00:00,1.39838,1.39858,1.39418,1.39462,22265
2020-04-29 04:00:00+00:00,1.39439,1.39572,1.39319,1.39386,36043
2020-04-29 08:00:00+00:00,1.3939,1.39552,1.3928,1.39507,32301
2020-04-29 12:00:00+00:00,1.3951,1.39614,1.39142,1.3935,68216
2020-04-29 16:00:00+00:00,1.39363,1.39394,1.3878,1.38823,41303
2020-04-29 20:00:00+00:00,1.38836,1.38938,1.38746,1.38754,10727
2020-04-30 00:00:00+00:00,1.38764,1.38982,1.38665,1.38683,23290
2020-04-30 04:00:00+00:00,1.38695,1.38938,1.38591,1.38741,33247
2020-04-30 08:00:00+00:00,1.38765,1.3886,1.38526,1.38717,39741
2020-04-30 12:00:00+00:00,1.38708,1.39145,1.38605,1.39101,104808
2020-04-30 16:00:00+00:00,1.3917,1.39562,1.391,1.39219,49456
2020-04-30 20:00:00+00:00,1.39218,1.39686,1.39182,1.3952,17543
2020-05-01 00:00:00+00:00,1.39505,1.40061,1.39505,1.39993,29097
2020-05-01 04:00:00+00:00,1.39993,1.40406,1.39957,1.40373,30455
2020-05-01 08:00:00+00:00,1.40397,1.4044,1.40095,1.40095,40388
2020-05-01 12:00:00+00:00,1.40121,1.41065,1.40099,1.41024,70326
2020-05-01 16:00:00+00:00,1.41064,1.41091,1.40606,1.40626,41910
2020-05-01 20:00:00+00:00,1.40614,1.40899,1.40502,1.40873,5358
2020-05-03 20:00:00+00:00,1.40827,1.41359,1.40766,1.4135,13614
2020-05-04 00:00:00+00:00,1.41349,1.4151,1.4105,1.41075,23917
2020-05-04 04:00:00+00:00,1.41072,1.41393,1.41029,1.41157,35162
2020-05-04 08:00:00+00:00,1.41167,1.41255,1.40781,1.40796,47039
2020-05-04 12:00:00+00:00,1.40857,1.41118,1.40537,1.40873,70129
2020-05-04 16:00:00+00:00,1.4093,1.40979,1.40695,1.40875,37352
2020-05-04 20:00:00+00:00,1.40907,1.41021,1.40816,1.40846,11972
2020-05-05 00:00:00+00:00,1.40825,1.40825,1.40557,1.40674,16524
2020-05-05 04:00:00+00:00,1.40682,1.40725,1.40319,1.40422,29865
2020-05-05 08:00:00+00:00,1.4044,1.40942,1.40341,1.40447,54427
2020-05-05 12:00:00+00:00,1.40445,1.40612,1.40098,1.40265,57991
2020-05-05 16:00:00+00:00,1.4027,1.4054,1.40192,1.40525,33287
2020-05-05 20:00:00+00:00,1.40506,1.4056,1.40322,1.40405,10074
2020-05-06 00:00:00+00:00,1.40419,1.40758,1.40395,1.40554,27529
2020-05-06 04:00:00+00:00,1.4055,1.40559,1.40233,1.40354,28206
2020-05-06 08:00:00+00:00,1.40345,1.40845,1.40345,1.40812,36890
2020-05-06 12:00:00+00:00,1.40794,1.41565,1.40794,1.41438,71897
2020-05-06 16:00:00+00:00,1.41402,1.41509,1.41162,1.41466,45630
2020-05-06 20:00:00+00:00,1.41484,1.41725,1.41363,1.41638,11283
2020-05-07 00:00:00+00:00,1.41588,1.4161,1.41247,1.41307,22152
2020-05-07 04:00:00+00:00,1.41308,1.41308,1.40858,1.4092,28993
2020-05-07 08:00:00+00:00,1.4098,1.4098,1.40671,1.40761,41891
2020-05-07 12:00:00+00:00,1.4078,1.4085,1.39698,1.39741,66371
2020-05-07 16:00:00+00:00,1.39735,1.40054,1.39549,1.39977,38911
2020-05-07 20:00:00+00:00,1.39993,1.39998,1.39605,1.39735,11737
2020-05-08 00:00:00+00:00,1.39718,1.39757,1.39249,1.39382,24741
2020-05-08 04:00:00+00:00,1.39382,1.39483,1.39273,1.39467,23043
2020-05-08 08:00:00+00:00,1.39474,1.39651,1.39373,1.39494,27589
2020-05-08 12:00:00+00:00,1.39503,1.3963,1.39103,1.39103,61002
2020-05-08 16:00:00+00:00,1.39111,1.39408,1.39111,1.39257,22489
2020-05-08 20:00:00+00:00,1.39259,1.39307,1.39159,1.39159,2977
2020-05-10 20:00:00+00:00,1.39315,1.3946,1.39245,1.39266,8463
2020-05-11 00:00:00+00:00,1.39282,1.39339,1.39004,1.39105,19496
2020-05-11 04:00:00+00:00,1.39085,1.39372,1.39058,1.39336,25497
2020-05-11 08:00:00+00:00,1.39338,1.40137,1.39338,1.40122,43389
2020-05-11 12:00:00+00:00,1.39959,1.40408,1.39764,1.40251,71957
2020-05-11 16:00:00+00:00,1.40312,1.4035,1.40051,1.40147,34963
2020-05-11 20:00:00+00:00,1.40158,1.40243,1.4003,1.40203,12214
2020-05-12 00:00:00+00:00,1.40206,1.40633,1.40206,1.40454,30525
2020-05-12 04:00:00+00:00,1.40464,1.4049,1.40134,1.40164,32878
2020-05-12 08:00:00+00:00,1.40174,1.40183,1.39729,1.39729,31340
2020-05-12 12:00:00+00:00,1.39745,1.40244,1.39745,1.401,56885
2020-05-12 16:00:00+00:00,1.40088,1.40615,1.4007,1.40615,51346
2020-05-12 20:00:00+00:00,1.40576,1.40833,1.40555,1.40833,16714
2020-05-13 00:00:00+00:00,1.40808,1.4085,1.40532,1.4057,33215
2020-05-13 04:00:00+00:00,1.40585,1.40757,1.40451,1.40702,34519
2020-05-13 08:00:00+00:00,1.40706,1.40752,1.4009,1.40158,41658
2020-05-13 12:00:00+00:00,1.4009,1.40964,1.4009,1.409,83683
2020-05-13 16:00:00+00:00,1.4087,1.41146,1.40842,1.40961,66323
2020-05-13 20:00:00+00:00,1.40972,1.4106,1.40857,1.40909,16229
2020-05-14 00:00:00+00:00,1.40936,1.41065,1.40891,1.40986,29152
2020-05-14 04:00:00+00:00,1.40969,1.4115,1.40893,1.41038,33446
2020-05-14 08:00:00+00:00,1.41058,1.41141,1.40686,1.41032,49708
2020-05-14 12:00:00+00:00,1.4108,1.41385,1.4076,1.4089,82491
2020-05-14 16:00:00+00:00,1.40843,1.40933,1.40351,1.40351,53802
2020-05-14 20:00:00+00:00,1.40359,1.405,1.40329,1.40337,20866
2020-05-15 00:00:00+00:00,1.40337,1.40591,1.40337,1.40458,25531
2020-05-15 04:00:00+00:00,1.40459,1.40548,1.40195,1.40206,30785
2020-05-15 08:00:00+00:00,1.40252,1.40986,1.40247,1.40982,50531
2020-05-15 12:00:00+00:00,1.41002,1.41092,1.40544,1.40911,85635
2020-05-15 16:00:00+00:00,1.40896,1.4116,1.40896,1.40984,37402
2020-05-15 20:00:00+00:00,1.4099,1.41141,1.40981,1.4105,6366
2020-05-17 20:00:00+00:00,1.40966,1.41113,1.40897,1.4093,8342
2020-05-18 00:00:00+00:00,1.40931,1.40964,1.40664,1.40764,19327
2020-05-18 04:00:00+00:00,1.40761,1.40885,1.40634,1.40691,25549
2020-05-18 08:00:00+00:00,1.40645,1.40795,1.40417,1.40421,36795
2020-05-18 12:00:00+00:00,1.40402,1.40402,1.39658,1.39684,63626
2020-05-18 16:00:00+00:00,1.39663,1.39803,1.3949,1.39496,37643
2020-05-18 20:00:00+00:00,1.39471,1.3949,1.39351,1.39398,12206
2020-05-19 00:00:00+00:00,1.39406,1.39686,1.39245,1.39588,27479
2020-05-19 04:00:00+00:00,1.39581,1.39618,1.39077,1.39364,42342
2020-05-19 08:00:00+00:00,1.39326,1.39469,1.39051,1.39252,51571
2020-05-19 12:00:00+00:00,1.39229,1.39342,1.38752,1.38802,62184
2020-05-19 16:00:00+00:00,1.3881,1.39267,1.38667,1.39267,37453
2020-05-19 20:00:00+00:00,1.39251,1.39599,1.39246,1.39381,15464
2020-05-20 00:00:00+00:00,1.39343,1.39357,1.39174,1.39276,19498
2020-05-20 04:00:00+00:00,1.39273,1.39503,1.39212,1.39472,31600
2020-05-20 08:00:00+00:00,1.39444,1.39444,1.3883,1.38834,39725
2020-05-20 12:00:00+00:00,1.38853,1.39127,1.38681,1.39117,55286
2020-05-20 16:00:00+00:00,1.39061,1.39228,1.38834,1.38956,42204
2020-05-20 20:00:00+00:00,1.38975,1.39071,1.38973,1.39058,11143
2020-05-21 00:00:00+00:00,1.3908,1.39401,1.3908,1.39377,22171
2020-05-21 04:00:00+00:00,1.39375,1.39458,1.39214,1.3926,22301
2020-05-21 08:00:00+00:00,1.39258,1.39405,1.38988,1.39247,40329
2020-05-21 12:00:00+00:00,1.39253,1.39689,1.38932,1.39482,79303
2020-05-21 16:00:00+00:00,1.39465,1.39631,1.39324,1.39423,43742
2020-05-21 20:00:00+00:00,1.39436,1.39579,1.39436,1.39468,9367
2020-05-22 00:00:00+00:00,1.39449,1.40039,1.39415,1.39951,29196
2020-05-22 04:00:00+00:00,1.39952,1.40316,1.39934,1.40315,41920
2020-05-22 08:00:00+00:00,1.40328,1.40339,1.4,1.40069,46491
2020-05-22 12:00:00+00:00,1.4008,1.40473,1.40044,1.40225,59281
2020-05-22 16:00:00+00:00,1.40222,1.40232,1.39834,1.39851,24786
2020-05-22 20:00:00+00:00,1.39851,1.40049,1.39826,1.4004,5071
2020-05-24 20:00:00+00:00,1.39867,1.40025,1.3983,1.39855,7327
2020-05-25 00:00:00+00:00,1.39847,1.40072,1.39798,1.39922,25993
2020-05-25 04:00:00+00:00,1.39923,1.39999,1.39861,1.39969,23314
2020-05-25 08:00:00+00:00,1.3997,1.40022,1.39714,1.39844,26485
2020-05-25 12:00:00+00:00,1.39844,1.39952,1.3971,1.3971,19941
2020-05-25 16:00:00+00:00,1.39709,1.39929,1.39692,1.39852,33098
2020-05-25 20:00:00+00:00,1.39856,1.3987,1.39713,1.39713,53392
2020-05-26 00:00:00+00:00,1.39728,1.39768,1.39452,1.39461,21131
2020-05-26 04:00:00+00:00,1.39452,1.39494,1.39143,1.39144,28450
2020-05-26 08:00:00+00:00,1.39164,1.3917,1.38372,1.38415,44698
2020-05-26 12:00:00+00:00,1.38414,1.38471,1.37882,1.38227,73868
2020-05-26 16:00:00+00:00,1.38221,1.38221,1.37577,1.37945,43248
2020-05-26 20:00:00+00:00,1.37945,1.37967,1.37691,1.37849,18407
2020-05-27 00:00:00+00:00,1.37844,1.38051,1.3771,1.37783,30246
2020-05-27 04:00:00+00:00,1.37792,1.37927,1.37607,1.37691,34394
2020-05-27 08:00:00+00:00,1.37694,1.37769,1.3729,1.37466,60799
2020-05-27 12:00:00+00:00,1.37479,1.38209,1.37372,1.37879,100714
2020-05-27 16:00:00+00:00,1.37863,1.37915,1.37583,1.37584,53214
2020-05-27 20:00:00+00:00,1.376,1.37707,1.37429,1.37552,17002
2020-05-28 00:00:00+00:00,1.37568,1.37745,1.37349,1.37721,37010
2020-05-28 04:00:00+00:00,1.37717,1.3781,1.37417,1.37637,46273
2020-05-28 08:00:00+00:00,1.37664,1.37879,1.3753,1.37625,50089
2020-05-28 12:00:00+00:00,1.37643,1.37829,1.37475,1.37642,83069
2020-05-28 16:00:00+00:00,1.37646,1.37899,1.37467,1.37756,57268
2020-05-28 20:00:00+00:00,1.37697,1.37779,1.37591,1.37763,18138
2020-05-29 00:00:00+00:00,1.37769,1.37932,1.37698,1.37748,36158
2020-05-29 04:00:00+00:00,1.3771,1.37794,1.37532,1.3769,40452
2020-05-29 08:00:00+00:00,1.37677,1.37785,1.37328,1.37351,48092
2020-05-29 12:00:00+00:00,1.37346,1.3831,1.37145,1.38101,110302
2020-05-29 16:00:00+00:00,1.38088,1.38283,1.37654,1.37716,89148
2020-05-29 20:00:00+00:00,1.37636,1.37756,1.37611,1.37679,8638
2020-05-31 20:00:00+00:00,1.37757,1.38001,1.37549,1.37788,11893
2020-06-01 00:00:00+00:00,1.37799,1.37821,1.3701,1.37336,42896
2020-06-01 04:00:00+00:00,1.37341,1.37341,1.36739,1.36777,35385
2020-06-01 08:00:00+00:00,1.36786,1.37293,1.36783,1.37142,56772
2020-06-01 12:00:00+00:00,1.37113,1.37372,1.36036,1.36036,80757
2020-06-01 16:00:00+00:00,1.36048,1.36053,1.35588,1.35688,37865
2020-06-01 20:00:00+00:00,1.3573,1.35848,1.35654,1.35826,11537
2020-06-02 00:00:00+00:00,1.35795,1.35798,1.3546,1.35531,30723
2020-06-02 04:00:00+00:00,1.35544,1.3558,1.35301,1.35422,37736
2020-06-02 08:00:00+00:00,1.35459,1.35459,1.34954,1.3519,47887
2020-06-02 12:00:00+00:00,1.35188,1.35434,1.34862,1.35171,81799
2020-06-02 16:00:00+00:00,1.35149,1.3537,1.35012,1.35234,40169
2020-06-02 20:00:00+00:00,1.3526,1.35275,1.35065,1.35105,12876
2020-06-03 00:00:00+00:00,1.35111,1.35156,1.34821,1.35016,40584
2020-06-03 04:00:00+00:00,1.35048,1.3508,1.34912,1.35072,37203
2020-06-03 08:00:00+00:00,1.35069,1.35715,1.35047,1.3558,59983
2020-06-03 12:00:00+00:00,1.35518,1.35646,1.34816,1.34896,108076
2020-06-03 16:00:00+00:00,1.34894,1.34987,1.3485,1.34932,37915
2020-06-03 20:00:00+00:00,1.34982,1.35041,1.34903,1.34942,12218
2020-06-04 00:00:00+00:00,1.34928,1.3517,1.34928,1.35148,31992
2020-06-04 04:00:00+00:00,1.35138,1.35285,1.35013,1.35129,31716
2020-06-04 08:00:00+00:00,1.35122,1.35222,1.34706,1.34853,39169
2020-06-04 12:00:00+00:00,1.34865,1.35388,1.34746,1.35133,116440
2020-06-04 16:00:00+00:00,1.35142,1.35191,1.34801,1.35024,56715
2020-06-04 20:00:00+00:00,1.35033,1.35093,1.34901,1.35031,18533
2020-06-05 00:00:00+00:00,1.35022,1.35126,1.34966,1.34974,28966
2020-06-05 04:00:00+00:00,1.34962,1.34981,1.34614,1.34657,40258
2020-06-05 08:00:00+00:00,1.3465,1.35032,1.34413,1.34466,46040
2020-06-05 12:00:00+00:00,1.34506,1.34631,1.3393,1.34211,119476
2020-06-05 16:00:00+00:00,1.34174,1.3447,1.34168,1.34468,47748
2020-06-05 20:00:00+00:00,1.34453,1.3448,1.34174,1.34174,4974
2020-06-07 20:00:00+00:00,1.34077,1.34177,1.33926,1.33971,7231
2020-06-08 00:00:00+00:00,1.3405,1.3435,1.3405,1.34224,31328
2020-06-08 04:00:00+00:00,1.34241,1.34364,1.34058,1.34142,33868
2020-06-08 08:00:00+00:00,1.34158,1.34189,1.33931,1.34091,43037
2020-06-08 12:00:00+00:00,1.34083,1.34122,1.33741,1.33819,73298
2020-06-08 16:00:00+00:00,1.33802,1.34001,1.33577,1.33619,39653
2020-06-08 20:00:00+00:00,1.33649,1.33841,1.33649,1.33706,11572
2020-06-09 00:00:00+00:00,1.33729,1.33944,1.33611,1.33922,32681
2020-06-09 04:00:00+00:00,1.33918,1.34553,1.33847,1.34434,41189
2020-06-09 08:00:00+00:00,1.34432,1.34877,1.34354,1.34399,75954
2020-06-09 12:00:00+00:00,1.34434,1.34652,1.34144,1.34332,97202
2020-06-09 16:00:00+00:00,1.34348,1.34366,1.33863,1.34017,49321
2020-06-09 20:00:00+00:00,1.34079,1.34241,1.33987,1.34233,13568
2020-06-10 00:00:00+00:00,1.34224,1.34279,1.33933,1.33955,31573
2020-06-10 04:00:00+00:00,1.33969,1.33997,1.33719,1.33921,41137
2020-06-10 08:00:00+00:00,1.33917,1.34141,1.33757,1.33823,62321
2020-06-10 12:00:00+00:00,1.33827,1.34372,1.338,1.33886,133641
2020-06-10 16:00:00+00:00,1.33863,1.34033,1.33182,1.33943,139648
2020-06-10 20:00:00+00:00,1.33967,1.34285,1.33899,1.3427,21842
2020-06-11 00:00:00+00:00,1.34262,1.34618,1.34018,1.34618,44868
2020-06-11 04:00:00+00:00,1.34576,1.34976,1.3456,1.34924,77380
2020-06-11 08:00:00+00:00,1.34965,1.35026,1.34525,1.34937,80415
2020-06-11 12:00:00+00:00,1.34942,1.35769,1.34837,1.35595,122384
2020-06-11 16:00:00+00:00,1.35623,1.36291,1.35574,1.36226,115994
2020-06-11 20:00:00+00:00,1.36178,1.36504,1.36131,1.36381,27192
2020-06-12 00:00:00+00:00,1.36357,1.36661,1.36184,1.3622,70645
2020-06-12 04:00:00+00:00,1.36197,1.36299,1.35699,1.3571,69426
2020-06-12 08:00:00+00:00,1.357,1.3572,1.35282,1.35646,60952
2020-06-12 12:00:00+00:00,1.35662,1.36255,1.35402,1.35896,138913
2020-06-12 16:00:00+00:00,1.3587,1.36446,1.35826,1.3595,138785
2020-06-12 20:00:00+00:00,1.35962,1.36001,1.35806,1.35806,6070
2020-06-14 20:00:00+00:00,1.36212,1.36412,1.36194,1.36358,18071
2020-06-15 00:00:00+00:00,1.36356,1.36411,1.36122,1.36207,61551
2020-06-15 04:00:00+00:00,1.36207,1.36853,1.36161,1.3679,86125
2020-06-15 08:00:00+00:00,1.36753,1.36753,1.36262,1.36358,71442
2020-06-15 12:00:00+00:00,1.36351,1.36563,1.35801,1.3617,126332
2020-06-15 16:00:00+00:00,1.36171,1.36171,1.35486,1.35699,89327
2020-06-15 20:00:00+00:00,1.35716,1.35783,1.3531,1.3531,18345
2020-06-16 00:00:00+00:00,1.35289,1.35488,1.35121,1.35277,45611
2020-06-16 04:00:00+00:00,1.35271,1.35883,1.35191,1.35883,60385
2020-06-16 08:00:00+00:00,1.35962,1.35962,1.35512,1.35617,61471
2020-06-16 12:00:00+00:00,1.35614,1.36151,1.35071,1.35626,167092
2020-06-16 16:00:00+00:00,1.35643,1.35799,1.35473,1.35584,85699
2020-06-16 20:00:00+00:00,1.35622,1.35634,1.35327,1.35366,17329
2020-06-17 00:00:00+00:00,1.354,1.35709,1.35378,1.35583,56836
2020-06-17 04:00:00+00:00,1.3557,1.3557,1.35125,1.35228,55771
2020-06-17 08:00:00+00:00,1.35236,1.35527,1.35131,1.35417,62976
2020-06-17 12:00:00+00:00,1.3539,1.35931,1.3528,1.35703,102584
2020-06-17 16:00:00+00:00,1.35675,1.35785,1.35421,1.3568,54508
2020-06-17 20:00:00+00:00,1.35667,1.35795,1.35559,1.35786,17185
2020-06-18 00:00:00+00:00,1.3577,1.36051,1.35624,1.35644,54802
2020-06-18 04:00:00+00:00,1.35649,1.35786,1.35501,1.35516,51339
2020-06-18 08:00:00+00:00,1.35561,1.35606,1.35248,1.35536,77022
2020-06-18 12:00:00+00:00,1.35571,1.35941,1.35568,1.35933,93216
2020-06-18 16:00:00+00:00,1.35912,1.36159,1.35912,1.36095,50752
2020-06-18 20:00:00+00:00,1.361,1.36114,1.35881,1.35932,15653
2020-06-19 00:00:00+00:00,1.35967,1.36147,1.35918,1.35952,36988
2020-06-19 04:00:00+00:00,1.35951,1.36038,1.35722,1.35754,34419
2020-06-19 08:00:00+00:00,1.35797,1.35995,1.35654,1.35654,42895
2020-06-19 12:00:00+00:00,1.35653,1.36037,1.35491,1.36037,86510
2020-06-19 16:00:00+00:00,1.36009,1.36163,1.35894,1.36067,76529
2020-06-19 20:00:00+00:00,1.36075,1.36171,1.36009,1.3604,6790
2020-06-21 20:00:00+00:00,1.3612,1.36292,1.36096,1.36193,13286
2020-06-22 00:00:00+00:00,1.36184,1.36245,1.35869,1.3589,34799
2020-06-22 04:00:00+00:00,1.35892,1.36032,1.35654,1.35675,36757
2020-06-22 08:00:00+00:00,1.3566,1.35895,1.3561,1.35681,35314
2020-06-22 12:00:00+00:00,1.35662,1.35795,1.35321,1.35451,65452
2020-06-22 16:00:00+00:00,1.35446,1.35455,1.35189,1.35327,38075
2020-06-22 20:00:00+00:00,1.35332,1.35354,1.35013,1.35044,14814
2020-06-23 00:00:00+00:00,1.35022,1.35691,1.35022,1.35365,83865
2020-06-23 04:00:00+00:00,1.35386,1.35565,1.35104,1.35104,41025
2020-06-23 08:00:00+00:00,1.35102,1.35357,1.35041,1.35041,41678
2020-06-23 12:00:00+00:00,1.35025,1.35166,1.34878,1.35101,66391
2020-06-23 16:00:00+00:00,1.35116,1.3554,1.35113,1.35521,43914
2020-06-23 20:00:00+00:00,1.35508,1.35585,1.35414,1.35414,14193
2020-06-24 00:00:00+00:00,1.35399,1.35564,1.35284,1.35524,39496
2020-06-24 04:00:00+00:00,1.35516,1.35766,1.35438,1.35631,36474
2020-06-24 08:00:00+00:00,1.3561,1.35881,1.35585,1.35881,48841
2020-06-24 12:00:00+00:00,1.35867,1.36036,1.35559,1.3601,97626
2020-06-24 16:00:00+00:00,1.36,1.36257,1.35871,1.36243,78354
2020-06-24 20:00:00+00:00,1.36222,1.36459,1.36222,1.36454,19439
2020-06-25 00:00:00+00:00,1.36419,1.36499,1.36207,1.36438,49937
2020-06-25 04:00:00+00:00,1.36429,1.3666,1.36318,1.3648,50644
2020-06-25 08:00:00+00:00,1.36466,1.36544,1.36086,1.36544,60526
2020-06-25 12:00:00+00:00,1.36499,1.36695,1.36227,1.36606,95917
2020-06-25 16:00:00+00:00,1.36547,1.3656,1.36333,1.36446,49838
2020-06-25 20:00:00+00:00,1.36434,1.36501,1.36296,1.36381,13512
2020-06-26 00:00:00+00:00,1.36388,1.36522,1.36329,1.36374,29721
2020-06-26 04:00:00+00:00,1.36376,1.36582,1.36284,1.36461,26321
2020-06-26 08:00:00+00:00,1.36467,1.36627,1.36365,1.36601,34846
2020-06-26 12:00:00+00:00,1.36543,1.37143,1.36488,1.36964,69790
2020-06-26 16:00:00+00:00,1.36986,1.36997,1.36532,1.36688,69683
2020-06-26 20:00:00+00:00,1.36657,1.36902,1.3664,1.36824,5865
2020-06-28 20:00:00+00:00,1.36797,1.36973,1.36734,1.36804,8836
2020-06-29 00:00:00+00:00,1.3679,1.36873,1.36483,1.36627,37881
2020-06-29 04:00:00+00:00,1.36627,1.367,1.36502,1.36639,52681
2020-06-29 08:00:00+00:00,1.36663,1.36735,1.36509,1.36564,48649
2020-06-29 12:00:00+00:00,1.36562,1.37037,1.36524,1.36881,87931
2020-06-29 16:00:00+00:00,1.36844,1.36945,1.36713,1.36796,53510
2020-06-29 20:00:00+00:00,1.36797,1.36797,1.36532,1.36568,15964
2020-06-30 00:00:00+00:00,1.36609,1.36709,1.36563,1.36627,25585
2020-06-30 04:00:00+00:00,1.36605,1.3691,1.36592,1.36755,35173
2020-06-30 08:00:00+00:00,1.36743,1.36986,1.3669,1.36832,52949
2020-06-30 12:00:00+00:00,1.3683,1.36885,1.35971,1.3615,94715
2020-06-30 16:00:00+00:00,1.36158,1.36161,1.35715,1.35765,72232
2020-06-30 20:00:00+00:00,1.35766,1.35851,1.35702,1.35748,14477
2020-07-01 00:00:00+00:00,1.35748,1.35819,1.35608,1.35757,26299
2020-07-01 04:00:00+00:00,1.35746,1.35857,1.35544,1.35587,26793
2020-07-01 08:00:00+00:00,1.35582,1.35931,1.35459,1.35847,48326
2020-07-01 12:00:00+00:00,1.35869,1.35924,1.35523,1.35789,79221
2020-07-01 16:00:00+00:00,1.35807,1.36012,1.35733,1.35862,63232
2020-07-01 20:00:00+00:00,1.35891,1.35931,1.35793,1.35928,15014
2020-07-02 00:00:00+00:00,1.35906,1.36053,1.35906,1.3603,30768
2020-07-02 04:00:00+00:00,1.36043,1.36112,1.35796,1.35807,29315
2020-07-02 08:00:00+00:00,1.35801,1.36013,1.35772,1.35932,31621
2020-07-02 12:00:00+00:00,1.35936,1.3623,1.35616,1.3592,97811
2020-07-02 16:00:00+00:00,1.35959,1.35972,1.35709,1.35741,57152
2020-07-02 20:00:00+00:00,1.35746,1.35752,1.35609,1.3571,10900
2020-07-03 00:00:00+00:00,1.35702,1.3575,1.35582,1.35599,31912
2020-07-03 04:00:00+00:00,1.35602,1.35677,1.35538,1.35577,32509
2020-07-03 08:00:00+00:00,1.35604,1.35767,1.35591,1.35694,37978
2020-07-03 12:00:00+00:00,1.35711,1.35789,1.35637,1.35637,27931
2020-07-03 16:00:00+00:00,1.35647,1.35688,1.35514,1.35518,24695
2020-07-03 20:00:00+00:00,1.35521,1.3555,1.35449,1.35454,3995
2020-07-05 20:00:00+00:00,1.35639,1.35639,1.35441,1.35495,6197
2020-07-06 00:00:00+00:00,1.35497,1.35549,1.35391,1.35397,23084
2020-07-06 04:00:00+00:00,1.35376,1.35406,1.35206,1.3528,33323
2020-07-06 08:00:00+00:00,1.35285,1.35593,1.35279,1.35413,37703
2020-07-06 12:00:00+00:00,1.35454,1.35522,1.35315,1.35454,65847
2020-07-06 16:00:00+00:00,1.35467,1.3549,1.35371,1.35392,31108
2020-07-06 20:00:00+00:00,1.35402,1.35454,1.3533,1.35392,9511
2020-07-07 00:00:00+00:00,1.35436,1.35552,1.35255,1.35498,33409
2020-07-07 04:00:00+00:00,1.35494,1.35849,1.35433,1.35717,33598
2020-07-07 08:00:00+00:00,1.35707,1.35878,1.35609,1.35666,44341
2020-07-07 12:00:00+00:00,1.35667,1.36035,1.35659,1.3588,63633
2020-07-07 16:00:00+00:00,1.35873,1.36087,1.35785,1.36087,45483
2020-07-07 20:00:00+00:00,1.36078,1.36096,1.3598,1.36051,9128
2020-07-08 00:00:00+00:00,1.36085,1.3612,1.35944,1.36008,30228
2020-07-08 04:00:00+00:00,1.36007,1.36224,1.35882,1.35921,34594
2020-07-08 08:00:00+00:00,1.35931,1.36134,1.35819,1.35883,38821
2020-07-08 12:00:00+00:00,1.35872,1.35988,1.35354,1.35401,70541
2020-07-08 16:00:00+00:00,1.35417,1.35417,1.34932,1.35096,42722
2020-07-08 20:00:00+00:00,1.3509,1.35207,1.35061,1.35178,9776
2020-07-09 00:00:00+00:00,1.35177,1.35247,1.35052,1.35052,25969
2020-07-09 04:00:00+00:00,1.35052,1.35154,1.34974,1.35006,34788
2020-07-09 08:00:00+00:00,1.35013,1.35086,1.34913,1.34982,32418
2020-07-09 12:00:00+00:00,1.35011,1.35839,1.34966,1.35781,98703
2020-07-09 16:00:00+00:00,1.35744,1.35932,1.3567,1.35932,41409
2020-07-09 20:00:00+00:00,1.35929,1.35932,1.35758,1.35812,8168
2020-07-10 00:00:00+00:00,1.3582,1.3603,1.3582,1.35934,27481
2020-07-10 04:00:00+00:00,1.35944,1.36306,1.35934,1.36094,34685
2020-07-10 08:00:00+00:00,1.36087,1.36149,1.35883,1.35935,41855
2020-07-10 12:00:00+00:00,1.3592,1.36053,1.35768,1.35922,72386
2020-07-10 16:00:00+00:00,1.35941,1.36262,1.35873,1.35966,33710
2020-07-10 20:00:00+00:00,1.35964,1.36015,1.35905,1.35905,3109
2020-07-12 20:00:00+00:00,1.35846,1.35989,1.35835,1.35989,10609
2020-07-13 00:00:00+00:00,1.35992,1.36013,1.35681,1.35733,23981
2020-07-13 04:00:00+00:00,1.3572,1.35728,1.35558,1.35681,26918
2020-07-13 08:00:00+00:00,1.35712,1.35808,1.35566,1.35593,38528
2020-07-13 12:00:00+00:00,1.35623,1.35696,1.35384,1.35686,50475
2020-07-13 16:00:00+00:00,1.35684,1.36111,1.35602,1.36089,59509
2020-07-13 20:00:00+00:00,1.36074,1.36115,1.35961,1.36109,14376
2020-07-14 00:00:00+00:00,1.36121,1.36259,1.36102,1.36183,29786
2020-07-14 04:00:00+00:00,1.36184,1.36456,1.36073,1.36371,35167
2020-07-14 08:00:00+00:00,1.36346,1.36352,1.3611,1.3611,44099
2020-07-14 12:00:00+00:00,1.36101,1.36317,1.35998,1.36059,105607
2020-07-14 16:00:00+00:00,1.36081,1.36256,1.36049,1.36144,60476
2020-07-14 20:00:00+00:00,1.36142,1.36187,1.35957,1.35994,13395
2020-07-15 00:00:00+00:00,1.35995,1.36065,1.35859,1.36043,30022
2020-07-15 04:00:00+00:00,1.36033,1.36054,1.35806,1.35853,27062
2020-07-15 08:00:00+00:00,1.35834,1.35866,1.35628,1.35715,37993
2020-07-15 12:00:00+00:00,1.35673,1.35851,1.35204,1.35232,78822
2020-07-15 16:00:00+00:00,1.35224,1.35268,1.35057,1.35135,44544
2020-07-15 20:00:00+00:00,1.35126,1.35128,1.35046,1.35074,13406
2020-07-16 00:00:00+00:00,1.35103,1.35155,1.35024,1.35057,28894
2020-07-16 04:00:00+00:00,1.35065,1.35171,1.35021,1.35135,26886
2020-07-16 08:00:00+00:00,1.35135,1.35378,1.35108,1.35363,33959
2020-07-16 12:00:00+00:00,1.3538,1.35451,1.35111,1.35401,62178
2020-07-16 16:00:00+00:00,1.354,1.35794,1.35309,1.3571,50730
2020-07-16 20:00:00+00:00,1.35701,1.35805,1.35643,1.35743,10386
2020-07-17 00:00:00+00:00,1.35755,1.35824,1.35689,1.35765,21930
2020-07-17 04:00:00+00:00,1.35763,1.35885,1.35759,1.35812,20049
2020-07-17 08:00:00+00:00,1.35817,1.3588,1.35706,1.35779,26318
2020-07-17 12:00:00+00:00,1.35791,1.35844,1.35659,1.35722,41424
2020-07-17 16:00:00+00:00,1.35732,1.35804,1.35695,1.35785,27785
2020-07-17 20:00:00+00:00,1.35793,1.3585,1.35763,1.35776,3038
2020-07-19 20:00:00+00:00,1.35709,1.35856,1.35709,1.35744,8879
2020-07-20 00:00:00+00:00,1.35756,1.35996,1.35756,1.35883,22831
2020-07-20 04:00:00+00:00,1.35858,1.35922,1.35772,1.35823,27065
2020-07-20 08:00:00+00:00,1.35791,1.35846,1.35553,1.35677,28979
2020-07-20 12:00:00+00:00,1.35674,1.3576,1.35313,1.35313,50412
2020-07-20 16:00:00+00:00,1.35298,1.35393,1.35261,1.35381,25146
2020-07-20 20:00:00+00:00,1.35387,1.35389,1.35244,1.35255,5314
2020-07-21 00:00:00+00:00,1.35231,1.35234,1.35106,1.35112,19380
2020-07-21 04:00:00+00:00,1.35118,1.35163,1.34893,1.35057,27205
2020-07-21 08:00:00+00:00,1.35073,1.35084,1.34579,1.34596,29051
2020-07-21 12:00:00+00:00,1.3459,1.34658,1.34354,1.34437,51597
2020-07-21 16:00:00+00:00,1.34443,1.34594,1.34256,1.34577,42647
2020-07-21 20:00:00+00:00,1.34565,1.34605,1.34425,1.3447,10080
2020-07-22 00:00:00+00:00,1.34474,1.34537,1.34411,1.34431,24445
2020-07-22 04:00:00+00:00,1.34432,1.34702,1.34377,1.34695,33411
2020-07-22 08:00:00+00:00,1.34686,1.34818,1.34221,1.34257,49064
2020-07-22 12:00:00+00:00,1.34275,1.34533,1.34067,1.34076,66085
2020-07-22 16:00:00+00:00,1.34062,1.34266,1.34011,1.34129,34068
2020-07-22 20:00:00+00:00,1.34146,1.3419,1.34086,1.3419,8743
2020-07-23 00:00:00+00:00,1.3416,1.34181,1.34024,1.34041,23093
2020-07-23 04:00:00+00:00,1.34041,1.3407,1.33804,1.33809,26877
2020-07-23 08:00:00+00:00,1.33803,1.33936,1.33718,1.33858,33167
2020-07-23 12:00:00+00:00,1.33891,1.34267,1.33679,1.33701,73022
2020-07-23 16:00:00+00:00,1.33688,1.34123,1.33517,1.34072,77145
2020-07-23 20:00:00+00:00,1.34077,1.34174,1.33962,1.34039,16275
2020-07-24 00:00:00+00:00,1.34046,1.34127,1.33778,1.34076,36574
2020-07-24 04:00:00+00:00,1.34082,1.34445,1.34068,1.34299,53584
2020-07-24 08:00:00+00:00,1.34293,1.34402,1.34095,1.34262,55918
2020-07-24 12:00:00+00:00,1.34255,1.34353,1.33898,1.34265,72886
2020-07-24 16:00:00+00:00,1.34268,1.34384,1.34171,1.34193,47760
2020-07-24 20:00:00+00:00,1.3419,1.3419,1.34109,1.34109,3985
2020-07-26 20:00:00+00:00,1.34204,1.34298,1.34108,1.34197,15467
2020-07-27 00:00:00+00:00,1.34192,1.34192,1.33733,1.33796,40401
2020-07-27 04:00:00+00:00,1.33787,1.34025,1.33762,1.33877,31234
2020-07-27 08:00:00+00:00,1.33878,1.33959,1.33721,1.33798,45298
2020-07-27 12:00:00+00:00,1.33812,1.3403,1.33682,1.33841,60705
2020-07-27 16:00:00+00:00,1.33842,1.33929,1.33546,1.33585,37125
2020-07-27 20:00:00+00:00,1.33612,1.33622,1.33383,1.33398,13599
2020-07-28 00:00:00+00:00,1.33397,1.33734,1.33322,1.33691,33737
2020-07-28 04:00:00+00:00,1.33675,1.33868,1.33604,1.33852,36538
2020-07-28 08:00:00+00:00,1.33834,1.34057,1.33737,1.34034,34976
2020-07-28 12:00:00+00:00,1.34037,1.34037,1.33652,1.33652,65148
2020-07-28 16:00:00+00:00,1.33671,1.33812,1.33458,1.3381,40326
2020-07-28 20:00:00+00:00,1.33807,1.33831,1.33673,1.33804,13250
2020-07-29 00:00:00+00:00,1.33782,1.33869,1.33669,1.33712,27196
2020-07-29 04:00:00+00:00,1.33719,1.33779,1.33408,1.33473,28463
2020-07-29 08:00:00+00:00,1.33456,1.33695,1.33407,1.33695,29222
2020-07-29 12:00:00+00:00,1.33678,1.33754,1.3345,1.33705,42355
2020-07-29 16:00:00+00:00,1.33709,1.33764,1.33349,1.33422,65048
2020-07-29 20:00:00+00:00,1.33426,1.33452,1.33333,1.3343,17098
2020-07-30 00:00:00+00:00,1.33422,1.33495,1.33341,1.33423,23992
2020-07-30 04:00:00+00:00,1.33422,1.34092,1.33421,1.3393,37397
2020-07-30 08:00:00+00:00,1.33959,1.34251,1.33868,1.34127,53017
2020-07-30 12:00:00+00:00,1.34155,1.34578,1.33968,1.34406,112359
2020-07-30 16:00:00+00:00,1.34386,1.34499,1.34157,1.34499,71811
2020-07-30 20:00:00+00:00,1.34471,1.34512,1.34116,1.34147,21992
2020-07-31 00:00:00+00:00,1.34121,1.34354,1.34074,1.34246,47363
2020-07-31 04:00:00+00:00,1.34263,1.34344,1.34071,1.34099,45637
2020-07-31 08:00:00+00:00,1.34091,1.34334,1.34062,1.34217,41549
2020-07-31 12:00:00+00:00,1.34208,1.34354,1.33727,1.33847,97178
2020-07-31 16:00:00+00:00,1.33894,1.34162,1.33758,1.33935,70460
2020-07-31 20:00:00+00:00,1.33944,1.34225,1.33942,1.34062,5519
2020-08-02 20:00:00+00:00,1.34004,1.34064,1.33905,1.34007,15798
2020-08-03 00:00:00+00:00,1.33997,1.34199,1.33966,1.34081,40647
2020-08-03 04:00:00+00:00,1.34052,1.34318,1.34009,1.34198,27980
2020-08-03 08:00:00+00:00,1.34201,1.34406,1.34146,1.34251,29937
2020-08-03 12:00:00+00:00,1.34251,1.34505,1.34006,1.34075,64536
2020-08-03 16:00:00+00:00,1.34065,1.34102,1.33817,1.33828,30976
2020-08-03 20:00:00+00:00,1.3382,1.33976,1.33801,1.33955,12695
2020-08-04 00:00:00+00:00,1.33965,1.34046,1.33849,1.33917,22113
2020-08-04 04:00:00+00:00,1.33913,1.33947,1.33631,1.33711,33086
2020-08-04 08:00:00+00:00,1.33705,1.34148,1.33638,1.34097,45777
2020-08-04 12:00:00+00:00,1.34103,1.34198,1.33497,1.33665,66087
2020-08-04 16:00:00+00:00,1.33622,1.33695,1.33194,1.33214,45221
2020-08-04 20:00:00+00:00,1.33213,1.33342,1.32962,1.32972,14131
2020-08-05 00:00:00+00:00,1.32969,1.33077,1.32842,1.32887,25505
2020-08-05 04:00:00+00:00,1.32881,1.3301,1.32642,1.32768,24911
2020-08-05 08:00:00+00:00,1.32766,1.32943,1.32406,1.32412,45117
2020-08-05 12:00:00+00:00,1.32441,1.32636,1.32337,1.32546,92438
2020-08-05 16:00:00+00:00,1.32537,1.32893,1.32525,1.32743,45350
2020-08-05 20:00:00+00:00,1.32775,1.32806,1.3261,1.32663,9248
2020-08-06 00:00:00+00:00,1.32665,1.32786,1.32554,1.3265,24287
2020-08-06 04:00:00+00:00,1.32653,1.32834,1.32461,1.3282,47017
2020-08-06 08:00:00+00:00,1.3286,1.32994,1.32692,1.32956,46474
2020-08-06 12:00:00+00:00,1.32971,1.33231,1.32685,1.32862,84881
2020-08-06 16:00:00+00:00,1.32841,1.33088,1.32767,1.33018,58787
2020-08-06 20:00:00+00:00,1.32995,1.33245,1.32819,1.33184,12077
2020-08-07 00:00:00+00:00,1.33226,1.33704,1.33065,1.3367,43219
2020-08-07 04:00:00+00:00,1.33677,1.33725,1.33404,1.33404,38755
2020-08-07 08:00:00+00:00,1.33411,1.33657,1.33411,1.33533,45877
2020-08-07 12:00:00+00:00,1.33536,1.33958,1.33261,1.33938,94028
2020-08-07 16:00:00+00:00,1.33904,1.33982,1.33751,1.33786,50629
2020-08-07 20:00:00+00:00,1.33798,1.33868,1.33772,1.33772,3392
2020-08-09 20:00:00+00:00,1.33894,1.33923,1.3371,1.33881,9814
2020-08-10 00:00:00+00:00,1.33883,1.3389,1.3371,1.33745,21486
2020-08-10 04:00:00+00:00,1.33749,1.33931,1.33692,1.33897,20315
2020-08-10 08:00:00+00:00,1.33894,1.33935,1.33767,1.33838,28020
2020-08-10 12:00:00+00:00,1.33834,1.33834,1.33359,1.33513,49184
2020-08-10 16:00:00+00:00,1.33493,1.33573,1.33415,1.33525,33058
2020-08-10 20:00:00+00:00,1.33522,1.33609,1.33497,1.33536,11973
2020-08-11 00:00:00+00:00,1.33521,1.33548,1.33236,1.33255,26102
2020-08-11 04:00:00+00:00,1.33258,1.33522,1.33222,1.33281,30769
2020-08-11 08:00:00+00:00,1.33271,1.33307,1.3272,1.32924,42330
2020-08-11 12:00:00+00:00,1.32908,1.33177,1.32715,1.32975,91241
2020-08-11 16:00:00+00:00,1.32954,1.33165,1.32717,1.331,65754
2020-08-11 20:00:00+00:00,1.33139,1.3317,1.32926,1.33115,22598
2020-08-12 00:00:00+00:00,1.33114,1.33455,1.33014,1.33372,50862
2020-08-12 04:00:00+00:00,1.33376,1.33467,1.33144,1.33146,43919
2020-08-12 08:00:00+00:00,1.33152,1.3321,1.3283,1.32916,40625
2020-08-12 12:00:00+00:00,1.32913,1.32966,1.32301,1.32512,76276
2020-08-12 16:00:00+00:00,1.32506,1.32614,1.32333,1.32583,45543
2020-08-12 20:00:00+00:00,1.32588,1.3259,1.3229,1.32431,18028
2020-08-13 00:00:00+00:00,1.32409,1.32446,1.32312,1.3241,37273
2020-08-13 04:00:00+00:00,1.32397,1.32507,1.3233,1.32386,28374
2020-08-13 08:00:00+00:00,1.32381,1.32428,1.32113,1.32185,30492
2020-08-13 12:00:00+00:00,1.32186,1.32317,1.31921,1.32153,62834
2020-08-13 16:00:00+00:00,1.32134,1.32375,1.32072,1.32203,55539
2020-08-13 20:00:00+00:00,1.32218,1.32257,1.32119,1.32217,13974
2020-08-14 00:00:00+00:00,1.32229,1.32343,1.32207,1.32272,22991
2020-08-14 04:00:00+00:00,1.32277,1.32372,1.32072,1.32364,28484
2020-08-14 08:00:00+00:00,1.32372,1.32533,1.32319,1.32385,39800
2020-08-14 12:00:00+00:00,1.32368,1.32691,1.32312,1.32512,73769
2020-08-14 16:00:00+00:00,1.32514,1.32614,1.32448,1.32582,43263
2020-08-14 20:00:00+00:00,1.32604,1.32661,1.32569,1.32637,4925
2020-08-16 20:00:00+00:00,1.32588,1.32613,1.32479,1.32538,5663
2020-08-17 00:00:00+00:00,1.32549,1.32619,1.32458,1.32539,13470
2020-08-17 04:00:00+00:00,1.32542,1.32584,1.32292,1.3236,25405
2020-08-17 08:00:00+00:00,1.32362,1.32466,1.32255,1.32271,32281
2020-08-17 12:00:00+00:00,1.32296,1.32356,1.31952,1.32032,49561
2020-08-17 16:00:00+00:00,1.32035,1.32101,1.31923,1.31947,26719
2020-08-17 20:00:00+00:00,1.31948,1.32313,1.31931,1.32222,10460
2020-08-18 00:00:00+00:00,1.32221,1.32229,1.31898,1.31907,25322
2020-08-18 04:00:00+00:00,1.31903,1.31909,1.31674,1.31772,31020
2020-08-18 08:00:00+00:00,1.31754,1.31754,1.31574,1.31689,37608
2020-08-18 12:00:00+00:00,1.31697,1.32036,1.31525,1.31811,72112
2020-08-18 16:00:00+00:00,1.31824,1.31913,1.31527,1.3169,40583
2020-08-18 20:00:00+00:00,1.31694,1.31742,1.31562,1.31587,16130
2020-08-19 00:00:00+00:00,1.31604,1.31692,1.31534,1.3164,26546
2020-08-19 04:00:00+00:00,1.31639,1.31691,1.31468,1.3148,33705
2020-08-19 08:00:00+00:00,1.31477,1.31546,1.31388,1.315,39396
2020-08-19 12:00:00+00:00,1.3152,1.31742,1.31347,1.31735,54351
2020-08-19 16:00:00+00:00,1.31716,1.32166,1.31713,1.32137,74794
2020-08-19 20:00:00+00:00,1.32156,1.32267,1.32025,1.32116,12213
2020-08-20 00:00:00+00:00,1.32162,1.32318,1.32092,1.32169,31936
2020-08-20 04:00:00+00:00,1.32168,1.32281,1.32105,1.3215,37136
2020-08-20 08:00:00+00:00,1.32159,1.32321,1.32,1.32035,45996
2020-08-20 12:00:00+00:00,1.32064,1.32435,1.3175,1.31781,73904
2020-08-20 16:00:00+00:00,1.31797,1.31872,1.31698,1.31761,47916
2020-08-20 20:00:00+00:00,1.31741,1.31877,1.31708,1.31743,12899
2020-08-21 00:00:00+00:00,1.31728,1.31763,1.31644,1.31677,24570
2020-08-21 04:00:00+00:00,1.31681,1.31838,1.31597,1.31829,31709
2020-08-21 08:00:00+00:00,1.31863,1.32253,1.31863,1.32253,50720
2020-08-21 12:00:00+00:00,1.3226,1.32328,1.31928,1.32013,71139
2020-08-21 16:00:00+00:00,1.32049,1.32094,1.31829,1.31853,37326
2020-08-21 20:00:00+00:00,1.31846,1.31919,1.31695,1.31695,5789
2020-08-23 20:00:00+00:00,1.31763,1.31845,1.31715,1.31797,7952
2020-08-24 00:00:00+00:00,1.31806,1.31856,1.31684,1.31727,19749
2020-08-24 04:00:00+00:00,1.31725,1.31734,1.31537,1.31571,27916
2020-08-24 08:00:00+00:00,1.31557,1.31656,1.31398,1.31423,35286
2020-08-24 12:00:00+00:00,1.31413,1.3224,1.31361,1.32194,61356
2020-08-24 16:00:00+00:00,1.3221,1.32376,1.32176,1.32238,43852
2020-08-24 20:00:00+00:00,1.32263,1.32292,1.32125,1.32181,13315
2020-08-25 00:00:00+00:00,1.32188,1.3234,1.32183,1.32264,25813
2020-08-25 04:00:00+00:00,1.32247,1.3239,1.32115,1.32132,29376
2020-08-25 08:00:00+00:00,1.32118,1.32294,1.31957,1.32062,37231
2020-08-25 12:00:00+00:00,1.32054,1.32117,1.31777,1.31919,67230
2020-08-25 16:00:00+00:00,1.3191,1.32051,1.31806,1.31816,41098
2020-08-25 20:00:00+00:00,1.31792,1.31804,1.31601,1.3166,13612
2020-08-26 00:00:00+00:00,1.31664,1.31778,1.3162,1.31758,24541
2020-08-26 04:00:00+00:00,1.31753,1.3195,1.3174,1.3195,27867
2020-08-26 08:00:00+00:00,1.31925,1.31925,1.31716,1.31845,40519
2020-08-26 12:00:00+00:00,1.31829,1.32036,1.31372,1.31458,59418
2020-08-26 16:00:00+00:00,1.31465,1.31604,1.31323,1.31503,42236
2020-08-26 20:00:00+00:00,1.31473,1.31534,1.31379,1.31408,9076
2020-08-27 00:00:00+00:00,1.31398,1.31545,1.3137,1.31463,24120
2020-08-27 04:00:00+00:00,1.31457,1.31657,1.31362,1.31411,25830
2020-08-27 08:00:00+00:00,1.31426,1.31577,1.31374,1.31438,39066
2020-08-27 12:00:00+00:00,1.31452,1.31602,1.31023,1.31122,139136
2020-08-27 16:00:00+00:00,1.31132,1.31411,1.31042,1.31258,84502
2020-08-27 20:00:00+00:00,1.31267,1.31293,1.31144,1.31231,12340
2020-08-28 00:00:00+00:00,1.31234,1.31327,1.31047,1.31047,33787
2020-08-28 04:00:00+00:00,1.31049,1.31072,1.30811,1.30919,57417
2020-08-28 08:00:00+00:00,1.30954,1.30954,1.30533,1.30562,54856
2020-08-28 12:00:00+00:00,1.30556,1.31164,1.30478,1.31072,92189
2020-08-28 16:00:00+00:00,1.31074,1.31245,1.30866,1.31014,54313
2020-08-28 20:00:00+00:00,1.31001,1.31001,1.30821,1.30941,7923
2020-08-30 20:00:00+00:00,1.3087,1.30921,1.30805,1.30825,9103
2020-08-31 00:00:00+00:00,1.30793,1.31035,1.30737,1.30752,30329
2020-08-31 04:00:00+00:00,1.30763,1.30974,1.30736,1.30782,35279
2020-08-31 08:00:00+00:00,1.30735,1.30813,1.30652,1.30677,38340
2020-08-31 12:00:00+00:00,1.30684,1.30719,1.30252,1.30344,81692
2020-08-31 16:00:00+00:00,1.30344,1.30424,1.30217,1.30412,69887
2020-08-31 20:00:00+00:00,1.30436,1.30518,1.30334,1.3039,19277
2020-09-01 00:00:00+00:00,1.30371,1.30372,1.30056,1.30097,46225
2020-09-01 04:00:00+00:00,1.30089,1.30152,1.29962,1.29962,46210
2020-09-01 08:00:00+00:00,1.29985,1.30151,1.29945,1.30113,54571
2020-09-01 12:00:00+00:00,1.3014,1.30756,1.30107,1.30435,83676
2020-09-01 16:00:00+00:00,1.30472,1.30866,1.30451,1.30741,59784
2020-09-01 20:00:00+00:00,1.30744,1.30792,1.30536,1.30547,11295
2020-09-02 00:00:00+00:00,1.30552,1.30839,1.30547,1.30677,28753
2020-09-02 04:00:00+00:00,1.30675,1.30755,1.30569,1.30691,31903
2020-09-02 08:00:00+00:00,1.30692,1.3081,1.30566,1.30743,45903
2020-09-02 12:00:00+00:00,1.30703,1.30949,1.30547,1.30607,84127
2020-09-02 16:00:00+00:00,1.30633,1.3078,1.3048,1.30494,61478
2020-09-02 20:00:00+00:00,1.3049,1.3053,1.3038,1.30474,11976
2020-09-03 00:00:00+00:00,1.30489,1.30692,1.30475,1.30675,30987
2020-09-03 04:00:00+00:00,1.3068,1.30988,1.30652,1.30807,43043
2020-09-03 08:00:00+00:00,1.30795,1.31138,1.30734,1.31115,44850
2020-09-03 12:00:00+00:00,1.31135,1.31579,1.30889,1.31334,100576
2020-09-03 16:00:00+00:00,1.31331,1.31478,1.31184,1.31274,69201
2020-09-03 20:00:00+00:00,1.31255,1.314,1.31178,1.31377,16112
2020-09-04 00:00:00+00:00,1.31351,1.31372,1.31133,1.31281,28968
2020-09-04 04:00:00+00:00,1.3129,1.31368,1.31055,1.31076,39264
2020-09-04 08:00:00+00:00,1.31078,1.31078,1.30834,1.30973,48153
2020-09-04 12:00:00+00:00,1.30968,1.31386,1.30782,1.30955,144300
2020-09-04 16:00:00+00:00,1.30956,1.30984,1.30454,1.30573,88067
2020-09-04 20:00:00+00:00,1.30595,1.30653,1.30561,1.30599,5638
2020-09-06 20:00:00+00:00,1.30502,1.30813,1.30502,1.30765,14674
2020-09-07 00:00:00+00:00,1.30765,1.30833,1.30673,1.30809,37931
2020-09-07 04:00:00+00:00,1.30812,1.31116,1.30806,1.31072,40778
2020-09-07 08:00:00+00:00,1.31088,1.31155,1.30914,1.30965,38781
2020-09-07 12:00:00+00:00,1.30954,1.31001,1.30759,1.3087,21456
2020-09-07 16:00:00+00:00,1.30891,1.30973,1.30891,1.30948,8569
2020-09-07 20:00:00+00:00,1.30945,1.30972,1.30911,1.30963,8020
2020-09-08 00:00:00+00:00,1.30959,1.31125,1.30918,1.31093,23746
2020-09-08 04:00:00+00:00,1.31101,1.31202,1.30868,1.31073,35905
2020-09-08 08:00:00+00:00,1.31087,1.31778,1.31087,1.31663,66047
2020-09-08 12:00:00+00:00,1.31639,1.32017,1.31558,1.31945,114859
2020-09-08 16:00:00+00:00,1.31926,1.3233,1.31813,1.3233,83241
2020-09-08 20:00:00+00:00,1.32261,1.3256,1.32216,1.324,21258
2020-09-09 00:00:00+00:00,1.32381,1.32435,1.3231,1.32395,34038
2020-09-09 04:00:00+00:00,1.32399,1.32593,1.32275,1.32311,38136
2020-09-09 08:00:00+00:00,1.32308,1.32384,1.32176,1.32228,45604
2020-09-09 12:00:00+00:00,1.32245,1.32245,1.31568,1.31637,86112
2020-09-09 16:00:00+00:00,1.31641,1.31663,1.31493,1.3158,47603
2020-09-09 20:00:00+00:00,1.31571,1.31571,1.31418,1.31534,14634
2020-09-10 00:00:00+00:00,1.31547,1.31669,1.31482,1.31547,32376
2020-09-10 04:00:00+00:00,1.31552,1.31658,1.31314,1.31635,35115
2020-09-10 08:00:00+00:00,1.31649,1.31669,1.31485,1.3149,40314
2020-09-10 12:00:00+00:00,1.31513,1.31681,1.31197,1.31624,98847
2020-09-10 16:00:00+00:00,1.31607,1.3202,1.31593,1.31968,99701
2020-09-10 20:00:00+00:00,1.31926,1.3197,1.31808,1.31894,22910
2020-09-11 00:00:00+00:00,1.31849,1.31929,1.31735,1.31747,24210
2020-09-11 04:00:00+00:00,1.31744,1.31755,1.31518,1.31707,26557
2020-09-11 08:00:00+00:00,1.31685,1.31775,1.31597,1.31775,36801
2020-09-11 12:00:00+00:00,1.31763,1.31928,1.31718,1.3184,64533
2020-09-11 16:00:00+00:00,1.31832,1.32074,1.31758,1.31856,66641
2020-09-11 20:00:00+00:00,1.31847,1.3192,1.31731,1.31731,4909
2020-09-13 20:00:00+00:00,1.31825,1.31912,1.31808,1.31813,8885
2020-09-14 00:00:00+00:00,1.31791,1.31936,1.31584,1.31644,22875
2020-09-14 04:00:00+00:00,1.31647,1.31661,1.31537,1.31609,25916
2020-09-14 08:00:00+00:00,1.3161,1.31958,1.31574,1.31706,36415
2020-09-14 12:00:00+00:00,1.31715,1.31844,1.31625,1.31734,52785
2020-09-14 16:00:00+00:00,1.3172,1.31858,1.31694,1.31796,54599
2020-09-14 20:00:00+00:00,1.31797,1.31835,1.31731,1.31771,10504
2020-09-15 00:00:00+00:00,1.31779,1.31862,1.31513,1.31527,29345
2020-09-15 04:00:00+00:00,1.31526,1.31669,1.31354,1.31644,29222
2020-09-15 08:00:00+00:00,1.31649,1.31684,1.31409,1.31484,34785
2020-09-15 12:00:00+00:00,1.31491,1.32007,1.31442,1.32007,55781
2020-09-15 16:00:00+00:00,1.31944,1.31954,1.31774,1.31904,49955
2020-09-15 20:00:00+00:00,1.31912,1.31968,1.31787,1.31945,11472
2020-09-16 00:00:00+00:00,1.31959,1.32003,1.31703,1.31742,37361
2020-09-16 04:00:00+00:00,1.31735,1.31863,1.31687,1.3172,30317
2020-09-16 08:00:00+00:00,1.3173,1.31777,1.31563,1.31664,39426
2020-09-16 12:00:00+00:00,1.31653,1.31903,1.31585,1.31641,74293
2020-09-16 16:00:00+00:00,1.3164,1.31865,1.31313,1.31795,121975
2020-09-16 20:00:00+00:00,1.31794,1.31822,1.31693,1.31806,16726
2020-09-17 00:00:00+00:00,1.31818,1.32357,1.31818,1.32316,52527
2020-09-17 04:00:00+00:00,1.32314,1.32466,1.32123,1.32144,47634
2020-09-17 08:00:00+00:00,1.32116,1.32174,1.31822,1.31857,51631
2020-09-17 12:00:00+00:00,1.31884,1.32292,1.31873,1.32049,88911
2020-09-17 16:00:00+00:00,1.32039,1.32182,1.31551,1.31553,61593
2020-09-17 20:00:00+00:00,1.31529,1.31672,1.31455,1.31504,18405
2020-09-18 00:00:00+00:00,1.31467,1.31683,1.31388,1.31603,50950
2020-09-18 04:00:00+00:00,1.31615,1.31644,1.31473,1.31633,44245
2020-09-18 08:00:00+00:00,1.31647,1.31785,1.31575,1.31731,42583
2020-09-18 12:00:00+00:00,1.31743,1.31999,1.31702,1.31795,82892
2020-09-18 16:00:00+00:00,1.31792,1.32077,1.3173,1.31977,65649
2020-09-18 20:00:00+00:00,1.31987,1.32046,1.31923,1.31986,5507
2020-09-20 20:00:00+00:00,1.3192,1.3208,1.3188,1.31986,11269
2020-09-21 00:00:00+00:00,1.31977,1.32003,1.31746,1.3176,34119
2020-09-21 04:00:00+00:00,1.31751,1.32164,1.31715,1.32132,39108
2020-09-21 08:00:00+00:00,1.32159,1.32412,1.32112,1.32329,61342
2020-09-21 12:00:00+00:00,1.32349,1.33181,1.32336,1.32976,107169
2020-09-21 16:00:00+00:00,1.32977,1.33193,1.32924,1.33083,73432
2020-09-21 20:00:00+00:00,1.3307,1.33162,1.32953,1.33025,18816
2020-09-22 00:00:00+00:00,1.33047,1.3322,1.32982,1.33035,50214
2020-09-22 04:00:00+00:00,1.33054,1.33454,1.33028,1.3331,60347
2020-09-22 08:00:00+00:00,1.33284,1.33326,1.32908,1.3311,62607
2020-09-22 12:00:00+00:00,1.33107,1.33382,1.32841,1.33136,99136
2020-09-22 16:00:00+00:00,1.33128,1.33312,1.33013,1.33054,55931
2020-09-22 20:00:00+00:00,1.3305,1.33085,1.32959,1.32977,13219
2020-09-23 00:00:00+00:00,1.32969,1.33231,1.32944,1.33208,46254
2020-09-23 04:00:00+00:00,1.3322,1.33443,1.33201,1.33269,41393
2020-09-23 08:00:00+00:00,1.33252,1.33374,1.33153,1.33357,43487
2020-09-23 12:00:00+00:00,1.33356,1.33734,1.33246,1.33718,82505
2020-09-23 16:00:00+00:00,1.33723,1.33834,1.33408,1.33785,81108
2020-09-23 20:00:00+00:00,1.33779,1.33937,1.33755,1.33875,20034
2020-09-24 00:00:00+00:00,1.33861,1.33999,1.33731,1.33995,51041
2020-09-24 04:00:00+00:00,1.34001,1.3414,1.3385,1.33865,53997
2020-09-24 08:00:00+00:00,1.33852,1.34075,1.3381,1.3393,52361
2020-09-24 12:00:00+00:00,1.33955,1.34155,1.33696,1.33704,109467
2020-09-24 16:00:00+00:00,1.33693,1.33726,1.33261,1.33538,87135
2020-09-24 20:00:00+00:00,1.3353,1.33641,1.33361,1.33507,17805
2020-09-25 00:00:00+00:00,1.33477,1.33596,1.33447,1.33511,34323
2020-09-25 04:00:00+00:00,1.33519,1.33652,1.33408,1.33584,44599
2020-09-25 08:00:00+00:00,1.33578,1.33881,1.33546,1.33721,49080
2020-09-25 12:00:00+00:00,1.33737,1.3415,1.33681,1.34104,79280
2020-09-25 16:00:00+00:00,1.34059,1.34177,1.33821,1.33852,50658
2020-09-25 20:00:00+00:00,1.33872,1.33929,1.3384,1.33843,5507
2020-09-27 20:00:00+00:00,1.33799,1.33839,1.33746,1.33813,9454
2020-09-28 00:00:00+00:00,1.33812,1.33976,1.33782,1.33789,34979
2020-09-28 04:00:00+00:00,1.3378,1.33978,1.33756,1.33978,32289
2020-09-28 08:00:00+00:00,1.34003,1.34034,1.3362,1.33761,50261
2020-09-28 12:00:00+00:00,1.33749,1.33954,1.33553,1.33777,74914
2020-09-28 16:00:00+00:00,1.33783,1.33884,1.33666,1.33779,60607
2020-09-28 20:00:00+00:00,1.33777,1.33797,1.33567,1.33583,12990
2020-09-29 00:00:00+00:00,1.33604,1.33836,1.33596,1.33798,27937
2020-09-29 04:00:00+00:00,1.33786,1.33917,1.33711,1.33735,33156
2020-09-29 08:00:00+00:00,1.33783,1.33906,1.3353,1.33691,46423
2020-09-29 12:00:00+00:00,1.3375,1.34122,1.33645,1.34122,72181
2020-09-29 16:00:00+00:00,1.34145,1.34182,1.33828,1.33931,52956
2020-09-29 20:00:00+00:00,1.3394,1.33942,1.33827,1.33843,9914
2020-09-30 00:00:00+00:00,1.33799,1.34079,1.33733,1.34079,51452
2020-09-30 04:00:00+00:00,1.34068,1.34197,1.3394,1.34041,53825
2020-09-30 08:00:00+00:00,1.34044,1.34096,1.33757,1.33881,55347
2020-09-30 12:00:00+00:00,1.33887,1.33912,1.33196,1.33235,96858
2020-09-30 16:00:00+00:00,1.33235,1.33309,1.3302,1.33163,84592
2020-09-30 20:00:00+00:00,1.3318,1.33216,1.3306,1.33083,13974
2020-10-01 00:00:00+00:00,1.3308,1.33154,1.32858,1.32942,21423
2020-10-01 04:00:00+00:00,1.32946,1.33048,1.32803,1.33027,34463
2020-10-01 08:00:00+00:00,1.33031,1.33105,1.32832,1.32861,53063
2020-10-01 12:00:00+00:00,1.32867,1.33214,1.3283,1.32899,83227
2020-10-01 16:00:00+00:00,1.32928,1.32979,1.32713,1.32793,69043
2020-10-01 20:00:00+00:00,1.32794,1.32882,1.32754,1.32862,15052
2020-10-02 00:00:00+00:00,1.3286,1.33057,1.32823,1.32988,35645
2020-10-02 04:00:00+00:00,1.32995,1.33267,1.32934,1.33019,81153
2020-10-02 08:00:00+00:00,1.33004,1.3328,1.32981,1.33136,60369
2020-10-02 12:00:00+00:00,1.33126,1.33297,1.33022,1.33212,94741
2020-10-02 16:00:00+00:00,1.33195,1.33221,1.32967,1.33102,72380
2020-10-02 20:00:00+00:00,1.331,1.331,1.32993,1.33062,4996
2020-10-04 20:00:00+00:00,1.33003,1.3303,1.32926,1.32936,11505
2020-10-05 00:00:00+00:00,1.32921,1.32932,1.32739,1.32777,27775
2020-10-05 04:00:00+00:00,1.32788,1.32882,1.32726,1.32837,30652
2020-10-05 08:00:00+00:00,1.32819,1.32819,1.32642,1.32696,34748
2020-10-05 12:00:00+00:00,1.32708,1.32773,1.32587,1.32696,54314
2020-10-05 16:00:00+00:00,1.32707,1.32822,1.32623,1.3263,32244
2020-10-05 20:00:00+00:00,1.32639,1.32662,1.32537,1.32586,13975
2020-10-06 00:00:00+00:00,1.32566,1.32613,1.32435,1.32523,25521
2020-10-06 04:00:00+00:00,1.32533,1.32717,1.32495,1.32654,29507
2020-10-06 08:00:00+00:00,1.32653,1.32707,1.32528,1.32573,36265
2020-10-06 12:00:00+00:00,1.32568,1.32829,1.32488,1.32765,58075
2020-10-06 16:00:00+00:00,1.32767,1.33164,1.32527,1.32983,92046
2020-10-06 20:00:00+00:00,1.32979,1.33236,1.32943,1.33213,18280
2020-10-07 00:00:00+00:00,1.33231,1.33404,1.33182,1.33221,28092
2020-10-07 04:00:00+00:00,1.33216,1.3322,1.32882,1.32894,29693
2020-10-07 08:00:00+00:00,1.32881,1.33094,1.32872,1.32873,32562
2020-10-07 12:00:00+00:00,1.32913,1.3292,1.32704,1.32844,56435
2020-10-07 16:00:00+00:00,1.32842,1.32864,1.32607,1.32715,49766
2020-10-07 20:00:00+00:00,1.32709,1.32709,1.32504,1.32593,10047
2020-10-08 00:00:00+00:00,1.32589,1.32648,1.32534,1.3258,21979
2020-10-08 04:00:00+00:00,1.32577,1.32601,1.32374,1.32426,24899
2020-10-08 08:00:00+00:00,1.32434,1.32473,1.32293,1.32469,27409
2020-10-08 12:00:00+00:00,1.32469,1.32495,1.32193,1.32235,55452
2020-10-08 16:00:00+00:00,1.32233,1.32233,1.31984,1.32009,38569
2020-10-08 20:00:00+00:00,1.32008,1.32008,1.31906,1.31923,10845
2020-10-09 00:00:00+00:00,1.31916,1.31954,1.31808,1.31839,24750
2020-10-09 04:00:00+00:00,1.31841,1.31875,1.3171,1.31727,23188
2020-10-09 08:00:00+00:00,1.31698,1.31806,1.31613,1.31806,33360
2020-10-09 12:00:00+00:00,1.31787,1.31792,1.31167,1.31204,58684
2020-10-09 16:00:00+00:00,1.31215,1.31416,1.31183,1.31272,38920
2020-10-09 20:00:00+00:00,1.31293,1.31301,1.31093,1.31159,5522
2020-10-11 20:00:00+00:00,1.31269,1.31339,1.31161,1.31317,10636
2020-10-12 00:00:00+00:00,1.31348,1.31424,1.31254,1.3132,25525
2020-10-12 04:00:00+00:00,1.3132,1.31332,1.31192,1.31215,20880
2020-10-12 08:00:00+00:00,1.31206,1.31391,1.31189,1.31296,25123
2020-10-12 12:00:00+00:00,1.31298,1.31311,1.31027,1.31122,28857
2020-10-12 16:00:00+00:00,1.31139,1.31194,1.31089,1.31152,23597
2020-10-12 20:00:00+00:00,1.31145,1.31161,1.3107,1.31126,9147
2020-11-15 16:00:00+00:00,1.31313,1.31357,1.31152,1.31158,12618
2020-11-15 20:00:00+00:00,1.31169,1.31181,1.31075,1.31113,14807
2020-11-16 00:00:00+00:00,1.31115,1.3112,1.30907,1.30965,20415
2020-11-16 04:00:00+00:00,1.30953,1.31233,1.30656,1.30759,48511
2020-11-16 08:00:00+00:00,1.30791,1.30964,1.3067,1.30724,56648
2020-11-16 12:00:00+00:00,1.30735,1.31041,1.3072,1.30934,29152
2020-11-16 16:00:00+00:00,1.30933,1.30951,1.30673,1.30685,15586
2020-11-16 20:00:00+00:00,1.30675,1.30735,1.3065,1.30712,18501
2020-11-17 00:00:00+00:00,1.30714,1.30887,1.30714,1.30788,24843
2020-11-17 04:00:00+00:00,1.30773,1.30872,1.30641,1.30827,32649
2020-11-17 08:00:00+00:00,1.30795,1.31164,1.30795,1.31097,61706
2020-11-17 12:00:00+00:00,1.31057,1.3111,1.3075,1.30942,33357
2020-11-17 16:00:00+00:00,1.3093,1.31174,1.30854,1.31139,15667
2020-11-17 20:00:00+00:00,1.31147,1.3116,1.3094,1.30948,14980
2020-11-18 00:00:00+00:00,1.30947,1.30956,1.30684,1.30802,14446
2020-11-18 04:00:00+00:00,1.30801,1.30801,1.30564,1.30738,30404
2020-11-18 08:00:00+00:00,1.30751,1.30988,1.3046,1.30513,47526
2020-11-18 12:00:00+00:00,1.30511,1.30795,1.30345,1.30795,41703
2020-11-18 16:00:00+00:00,1.30782,1.30991,1.30743,1.30973,19120
2020-11-18 20:00:00+00:00,1.30974,1.30977,1.30821,1.30852,24592
2020-11-19 00:00:00+00:00,1.30853,1.31138,1.30784,1.31117,30615
2020-11-19 04:00:00+00:00,1.31146,1.31232,1.30953,1.31019,36845
2020-11-19 08:00:00+00:00,1.31054,1.31141,1.30704,1.30829,50209
2020-11-19 12:00:00+00:00,1.30845,1.30847,1.30596,1.30608,31772
2020-11-19 16:00:00+00:00,1.30613,1.30874,1.30531,1.30792,16240
2020-11-19 20:00:00+00:00,1.30799,1.30821,1.30647,1.30665,24032
2020-11-20 00:00:00+00:00,1.30665,1.3076,1.30564,1.30575,35018
2020-11-20 04:00:00+00:00,1.3058,1.30634,1.30484,1.30553,30515
2020-11-20 08:00:00+00:00,1.30553,1.30778,1.30403,1.30743,46572
2020-11-20 12:00:00+00:00,1.30763,1.30962,1.30693,1.30838,33033
2020-11-20 16:00:00+00:00,1.30823,1.30964,1.30819,1.30911,5271
2020-11-22 16:00:00+00:00,1.30814,1.30935,1.30744,1.30755,11991
2020-11-22 20:00:00+00:00,1.30753,1.30812,1.30674,1.30797,16472
2020-11-23 00:00:00+00:00,1.30798,1.30808,1.30475,1.30483,24682
2020-11-23 04:00:00+00:00,1.30495,1.30618,1.30463,1.30507,26902
2020-11-23 08:00:00+00:00,1.3051,1.3111,1.30476,1.3098,60128
2020-11-23 12:00:00+00:00,1.31021,1.31025,1.30746,1.30811,37938
2020-11-23 16:00:00+00:00,1.30816,1.30864,1.30621,1.30647,14731
2020-11-23 20:00:00+00:00,1.30599,1.30668,1.30453,1.30453,28577
2020-11-24 00:00:00+00:00,1.30449,1.30532,1.30166,1.30248,29853
2020-11-24 04:00:00+00:00,1.30247,1.30652,1.30217,1.30585,37512
2020-11-24 08:00:00+00:00,1.30629,1.30908,1.30221,1.30288,65788
2020-11-24 12:00:00+00:00,1.30275,1.30286,1.30007,1.30007,33930
2020-11-24 16:00:00+00:00,1.29999,1.30035,1.29904,1.29954,14536
2020-11-24 20:00:00+00:00,1.29954,1.30034,1.29922,1.30013,21795
2020-11-25 00:00:00+00:00,1.30015,1.30282,1.29995,1.30046,34605
2020-11-25 04:00:00+00:00,1.30023,1.30287,1.29996,1.30187,31218
2020-11-25 08:00:00+00:00,1.30163,1.30246,1.29954,1.29963,56836
2020-11-25 12:00:00+00:00,1.29948,1.30084,1.29881,1.29963,34134
2020-11-25 16:00:00+00:00,1.29965,1.30091,1.29957,1.30044,10426
2020-11-25 20:00:00+00:00,1.30031,1.30033,1.29911,1.30001,17101
2020-11-26 00:00:00+00:00,1.30003,1.30094,1.29913,1.30084,23971
2020-11-26 04:00:00+00:00,1.30076,1.30125,1.30014,1.30074,21656
2020-11-26 08:00:00+00:00,1.30068,1.30223,1.29998,1.3011,22016
2020-11-26 12:00:00+00:00,1.30111,1.30209,1.3009,1.3019,36358
2020-11-26 16:00:00+00:00,1.30188,1.30234,1.30113,1.3022,10340
2020-11-26 20:00:00+00:00,1.30221,1.30248,1.30102,1.3011,17066
2020-11-27 00:00:00+00:00,1.30117,1.30145,1.29907,1.29907,21296
2020-11-27 04:00:00+00:00,1.29903,1.30031,1.29866,1.29922,22551
2020-11-27 08:00:00+00:00,1.29929,1.30011,1.29746,1.29908,39068
2020-11-27 12:00:00+00:00,1.29911,1.29926,1.29809,1.29902,25295
2020-11-27 16:00:00+00:00,1.29902,1.2994,1.29856,1.29893,8494
2020-11-29 16:00:00+00:00,1.29938,1.29951,1.29778,1.29877,11067
2020-11-29 20:00:00+00:00,1.29878,1.29935,1.29817,1.29893,22718
2020-11-30 00:00:00+00:00,1.29888,1.29949,1.2973,1.29817,27829
2020-11-30 04:00:00+00:00,1.29814,1.29844,1.29501,1.296,28925
2020-11-30 08:00:00+00:00,1.29593,1.29938,1.29255,1.2982,76553
2020-11-30 12:00:00+00:00,1.29819,1.29889,1.29605,1.29874,45064
2020-11-30 16:00:00+00:00,1.29863,1.30093,1.29767,1.29777,15353
2020-11-30 20:00:00+00:00,1.29781,1.2981,1.29653,1.29685,18472
2020-12-01 00:00:00+00:00,1.29685,1.29719,1.29444,1.29486,27105
2020-12-01 04:00:00+00:00,1.29485,1.29811,1.29485,1.2971,33065
2020-12-01 08:00:00+00:00,1.29694,1.29771,1.29458,1.29583,67842
2020-12-01 12:00:00+00:00,1.2958,1.29584,1.293,1.29368,41747
2020-12-01 16:00:00+00:00,1.29373,1.29409,1.29298,1.29367,15645
2020-12-01 20:00:00+00:00,1.29384,1.29493,1.29328,1.29428,25848
2020-12-02 00:00:00+00:00,1.29442,1.29489,1.29202,1.29355,36568
2020-12-02 04:00:00+00:00,1.29339,1.29581,1.29168,1.29531,34925
2020-12-02 08:00:00+00:00,1.29488,1.29508,1.29235,1.2935,55945
2020-12-02 12:00:00+00:00,1.29366,1.29397,1.2917,1.29244,34821
2020-12-02 16:00:00+00:00,1.29232,1.29246,1.29105,1.29246,13615
2020-12-02 20:00:00+00:00,1.29247,1.29282,1.29177,1.29262,17739
2020-12-03 00:00:00+00:00,1.29266,1.29296,1.29082,1.29185,25707
2020-12-03 04:00:00+00:00,1.29188,1.29408,1.29057,1.29077,35590
2020-12-03 08:00:00+00:00,1.29136,1.2918,1.28691,1.28754,55868
2020-12-03 12:00:00+00:00,1.28768,1.2882,1.28526,1.28681,36503
2020-12-03 16:00:00+00:00,1.28709,1.28714,1.28539,1.28658,16727
2020-12-03 20:00:00+00:00,1.28652,1.28737,1.28573,1.28613,22864
2020-12-04 00:00:00+00:00,1.28609,1.28647,1.2848,1.28614,25935
2020-12-04 04:00:00+00:00,1.28612,1.28682,1.28504,1.28589,33259
2020-12-04 08:00:00+00:00,1.286,1.28613,1.27908,1.27976,73655
2020-12-04 12:00:00+00:00,1.27968,1.28024,1.27748,1.27788,31642
2020-12-04 16:00:00+00:00,1.27783,1.27934,1.27732,1.27833,4368
2020-12-06 16:00:00+00:00,1.27761,1.27881,1.2774,1.27796,13368
2020-12-06 20:00:00+00:00,1.27835,1.27917,1.2778,1.27903,21057
2020-12-07 00:00:00+00:00,1.279,1.28242,1.27792,1.28229,36504
2020-12-07 04:00:00+00:00,1.28238,1.28326,1.28094,1.28116,40291
2020-12-07 08:00:00+00:00,1.28115,1.28146,1.27916,1.27963,48216
2020-12-07 12:00:00+00:00,1.27965,1.28097,1.27878,1.27983,34544
2020-12-07 16:00:00+00:00,1.27984,1.28088,1.2795,1.28034,12092
2020-12-07 20:00:00+00:00,1.28017,1.28017,1.2787,1.27899,20005
2020-12-08 00:00:00+00:00,1.27885,1.28026,1.27858,1.27891,26190
2020-12-08 04:00:00+00:00,1.27862,1.28057,1.27681,1.28022,37539
2020-12-08 08:00:00+00:00,1.28013,1.28164,1.2782,1.28091,58391
2020-12-08 12:00:00+00:00,1.28097,1.28241,1.28053,1.28186,28232
2020-12-08 16:00:00+00:00,1.28196,1.28226,1.28115,1.28136,11329
2020-12-08 20:00:00+00:00,1.28153,1.28153,1.27985,1.28001,15552
2020-12-09 00:00:00+00:00,1.27999,1.28013,1.27803,1.27824,25973
2020-12-09 04:00:00+00:00,1.27829,1.2793,1.27744,1.27852,31570
2020-12-09 08:00:00+00:00,1.27871,1.28119,1.27712,1.27917,54247
2020-12-09 12:00:00+00:00,1.27914,1.28332,1.27914,1.28199,50738
2020-12-09 16:00:00+00:00,1.28211,1.28292,1.28133,1.28176,13861
2020-12-09 20:00:00+00:00,1.28173,1.28212,1.27946,1.27948,19612
2020-12-10 00:00:00+00:00,1.27961,1.28104,1.27915,1.28017,28924
2020-12-10 04:00:00+00:00,1.28014,1.28058,1.27656,1.27672,34644
2020-12-10 08:00:00+00:00,1.2768,1.2768,1.27078,1.27273,78796
2020-12-10 12:00:00+00:00,1.27242,1.27484,1.27228,1.27365,43207
2020-12-10 16:00:00+00:00,1.27374,1.2747,1.27331,1.27461,20686
2020-12-10 20:00:00+00:00,1.27445,1.27445,1.27223,1.27259,31079
2020-12-11 00:00:00+00:00,1.27249,1.27704,1.27203,1.27645,31024
2020-12-11 04:00:00+00:00,1.27634,1.27801,1.27544,1.27674,45454
2020-12-11 08:00:00+00:00,1.27687,1.27909,1.27546,1.2768,51185
2020-12-11 12:00:00+00:00,1.27678,1.27757,1.27649,1.27678,28543
2020-12-11 16:00:00+00:00,1.27653,1.27713,1.27623,1.27689,3422
2020-12-13 16:00:00+00:00,1.27489,1.27632,1.27448,1.2763,9499
2020-12-13 20:00:00+00:00,1.27608,1.27624,1.27556,1.27559,14662
2020-12-14 00:00:00+00:00,1.27555,1.27595,1.27434,1.27513,22604
2020-12-14 04:00:00+00:00,1.27492,1.27575,1.27314,1.27314,29552
2020-12-14 08:00:00+00:00,1.27314,1.27894,1.27209,1.27894,61183
2020-12-14 12:00:00+00:00,1.27854,1.27854,1.27582,1.27597,36206
2020-12-14 16:00:00+00:00,1.27569,1.27672,1.27506,1.27543,10714
2020-12-14 20:00:00+00:00,1.2754,1.27713,1.27515,1.27692,20061
2020-12-15 00:00:00+00:00,1.27684,1.27685,1.27492,1.27572,25674
2020-12-15 04:00:00+00:00,1.27576,1.27667,1.27421,1.2754,33152
2020-12-15 08:00:00+00:00,1.27545,1.27545,1.27296,1.27313,50541
2020-12-15 12:00:00+00:00,1.27303,1.27334,1.26883,1.26959,36361
2020-12-15 16:00:00+00:00,1.26966,1.27103,1.26952,1.27098,9727
2020-12-15 20:00:00+00:00,1.27094,1.27256,1.26995,1.27255,14093
2020-12-16 00:00:00+00:00,1.27256,1.27396,1.27073,1.27098,29170
2020-12-16 04:00:00+00:00,1.27105,1.27533,1.27105,1.27498,35819
2020-12-16 08:00:00+00:00,1.27509,1.27627,1.27372,1.27554,45479
2020-12-16 12:00:00+00:00,1.27541,1.27882,1.27349,1.27423,45541
2020-12-16 16:00:00+00:00,1.27424,1.27507,1.27348,1.2744,11499
2020-12-16 20:00:00+00:00,1.27424,1.27433,1.27212,1.27213,18289
2020-12-17 00:00:00+00:00,1.2721,1.2721,1.27005,1.27034,21429
2020-12-17 04:00:00+00:00,1.27004,1.27088,1.26996,1.2704,24522
2020-12-17 08:00:00+00:00,1.27046,1.27273,1.26895,1.27148,51560
2020-12-17 12:00:00+00:00,1.2716,1.27377,1.27132,1.27306,28634
2020-12-17 16:00:00+00:00,1.27294,1.2741,1.27165,1.27393,12607
2020-12-17 20:00:00+00:00,1.27393,1.27495,1.27298,1.27483,16285
2020-12-18 00:00:00+00:00,1.27473,1.27555,1.27383,1.27481,24050
2020-12-18 04:00:00+00:00,1.2748,1.27641,1.27408,1.27545,26936
2020-12-18 08:00:00+00:00,1.27572,1.27853,1.27474,1.27764,51674
2020-12-18 12:00:00+00:00,1.27776,1.27977,1.2776,1.27814,35137
2020-12-18 16:00:00+00:00,1.27891,1.27921,1.27741,1.27806,6599
2020-12-20 16:00:00+00:00,1.27979,1.28155,1.27845,1.28147,11060
2020-12-20 20:00:00+00:00,1.28129,1.28534,1.28065,1.28406,26778
2020-12-21 00:00:00+00:00,1.2844,1.28911,1.28401,1.2878,41268
2020-12-21 04:00:00+00:00,1.28789,1.29539,1.28755,1.289,72805
2020-12-21 08:00:00+00:00,1.28893,1.28893,1.28366,1.28368,78782
2020-12-21 12:00:00+00:00,1.28354,1.2855,1.28208,1.28533,45745
2020-12-21 16:00:00+00:00,1.2855,1.28641,1.28436,1.28611,21309
2020-12-21 20:00:00+00:00,1.28604,1.28763,1.28512,1.28736,22023
2020-12-22 00:00:00+00:00,1.28731,1.28874,1.28654,1.28715,37072
2020-12-22 04:00:00+00:00,1.28703,1.28873,1.28559,1.2863,36585
2020-12-22 08:00:00+00:00,1.28621,1.29325,1.28621,1.29186,58244
2020-12-22 12:00:00+00:00,1.29199,1.29242,1.29013,1.29115,38404
2020-12-22 16:00:00+00:00,1.29108,1.29119,1.2891,1.29091,17254
2020-12-22 20:00:00+00:00,1.29141,1.29141,1.28849,1.28903,27547
2020-12-23 00:00:00+00:00,1.28903,1.28981,1.28811,1.28811,25191
2020-12-23 04:00:00+00:00,1.28821,1.28821,1.2866,1.28791,27605
2020-12-23 08:00:00+00:00,1.28794,1.2886,1.28416,1.28416,53227
2020-12-23 12:00:00+00:00,1.28392,1.28648,1.28344,1.28519,34723
2020-12-23 16:00:00+00:00,1.28514,1.28569,1.28408,1.28459,15519
2020-12-23 20:00:00+00:00,1.28445,1.28494,1.28323,1.28491,24964
2020-12-24 00:00:00+00:00,1.28484,1.28534,1.28338,1.28485,19620
2020-12-24 04:00:00+00:00,1.28493,1.28507,1.28312,1.2844,21065
2020-12-24 08:00:00+00:00,1.28428,1.28504,1.28196,1.28281,41051
2020-12-24 12:00:00+00:00,1.28274,1.28447,1.28132,1.28425,12740
2020-12-27 16:00:00+00:00,1.28545,1.28596,1.28334,1.2851,13952
2020-12-27 20:00:00+00:00,1.28484,1.28571,1.2839,1.28443,23903
2020-12-28 00:00:00+00:00,1.28452,1.28471,1.28209,1.28209,21682
2020-12-28 04:00:00+00:00,1.28215,1.28504,1.28146,1.28356,33083
2020-12-28 08:00:00+00:00,1.2835,1.28756,1.28216,1.2872,40146
2020-12-28 12:00:00+00:00,1.2872,1.28753,1.28419,1.28442,26854
2020-12-28 16:00:00+00:00,1.28484,1.28498,1.28366,1.28436,11995
2020-12-28 20:00:00+00:00,1.28419,1.28419,1.28249,1.28271,18712
2020-12-29 00:00:00+00:00,1.28268,1.28301,1.28086,1.28218,18577
2020-12-29 04:00:00+00:00,1.28237,1.28237,1.28037,1.28153,20762
2020-12-29 08:00:00+00:00,1.28164,1.28216,1.27803,1.2795,50113
2020-12-29 12:00:00+00:00,1.27933,1.28187,1.27869,1.28152,46731
2020-12-29 16:00:00+00:00,1.28154,1.28255,1.28058,1.28112,13274
2020-12-29 20:00:00+00:00,1.28117,1.28117,1.27865,1.27904,22231
2020-12-30 00:00:00+00:00,1.27906,1.28073,1.27848,1.28015,25601
2020-12-30 04:00:00+00:00,1.28014,1.2808,1.27726,1.2783,24886
2020-12-30 08:00:00+00:00,1.27806,1.27992,1.27499,1.27643,53086
2020-12-30 12:00:00+00:00,1.27671,1.27703,1.27602,1.27639,30125
2020-12-30 16:00:00+00:00,1.27641,1.27641,1.27454,1.27457,10880
2020-12-30 20:00:00+00:00,1.27442,1.27548,1.27363,1.27459,19981
2020-12-31 00:00:00+00:00,1.2745,1.27533,1.27318,1.27404,20539
2020-12-31 04:00:00+00:00,1.27428,1.27557,1.27304,1.27489,33008
2020-12-31 08:00:00+00:00,1.27461,1.27553,1.27141,1.27538,48372
2020-12-31 12:00:00+00:00,1.27535,1.27677,1.27521,1.2756,15966
2021-01-03 20:00:00+00:00,1.27172,1.27328,1.27172,1.27235,5742
2021-01-04 00:00:00+00:00,1.27253,1.2736,1.26952,1.26989,34733
2021-01-04 04:00:00+00:00,1.26997,1.27144,1.26868,1.26952,30556
2021-01-04 08:00:00+00:00,1.26969,1.27045,1.26652,1.26872,39400
2021-01-04 12:00:00+00:00,1.2689,1.27424,1.26838,1.27374,64363
2021-01-04 16:00:00+00:00,1.27392,1.2796,1.27392,1.27727,68360
2021-01-04 20:00:00+00:00,1.27748,1.27905,1.27715,1.27811,27321
2021-01-05 00:00:00+00:00,1.27813,1.27892,1.27404,1.27555,34334
2021-01-05 04:00:00+00:00,1.27553,1.27672,1.27436,1.27657,34293
2021-01-05 08:00:00+00:00,1.27606,1.27606,1.27305,1.27357,41159
2021-01-05 12:00:00+00:00,1.27339,1.27736,1.27311,1.27387,61548
2021-01-05 16:00:00+00:00,1.27327,1.27413,1.2657,1.26677,52428
2021-01-05 20:00:00+00:00,1.26666,1.26789,1.26655,1.2676,19009
2021-01-06 00:00:00+00:00,1.26753,1.26946,1.2665,1.26822,60373
2021-01-06 04:00:00+00:00,1.26824,1.26849,1.26473,1.26538,46088
2021-01-06 08:00:00+00:00,1.26557,1.26773,1.26302,1.26771,53991
2021-01-06 12:00:00+00:00,1.26763,1.27231,1.26649,1.26961,90430
2021-01-06 16:00:00+00:00,1.27015,1.27103,1.26652,1.26934,70101
2021-01-06 20:00:00+00:00,1.26953,1.26986,1.26642,1.26651,43618
2021-01-07 00:00:00+00:00,1.26683,1.26785,1.26655,1.2674,32408
2021-01-07 04:00:00+00:00,1.26738,1.26844,1.26714,1.26785,23583
2021-01-07 08:00:00+00:00,1.26805,1.2733,1.26795,1.27202,50263
2021-01-07 12:00:00+00:00,1.27222,1.27324,1.27037,1.2722,68351
2021-01-07 16:00:00+00:00,1.27213,1.27309,1.26782,1.26869,49809
2021-01-07 20:00:00+00:00,1.26846,1.2691,1.26753,1.26853,20554
2021-01-08 00:00:00+00:00,1.26854,1.27012,1.26777,1.26799,18977
2021-01-08 04:00:00+00:00,1.26802,1.26932,1.2673,1.26895,15608
2021-01-08 08:00:00+00:00,1.26952,1.27068,1.26746,1.26807,24819
2021-01-08 12:00:00+00:00,1.2681,1.27192,1.26601,1.26888,32673
2021-01-08 16:00:00+00:00,1.26886,1.27412,1.26886,1.27105,31762
2021-01-08 20:00:00+00:00,1.2709,1.2709,1.26689,1.26832,7737
2021-01-09 08:00:00+00:00,1.2683,1.2683,1.2683,1.2683,1
2021-01-10 20:00:00+00:00,1.26753,1.27313,1.26753,1.27262,3357
2021-01-11 00:00:00+00:00,1.27277,1.27555,1.27183,1.27509,15459
2021-01-11 04:00:00+00:00,1.27514,1.27644,1.27484,1.27644,15885
2021-01-11 08:00:00+00:00,1.27556,1.27822,1.27409,1.27724,21139
2021-01-11 12:00:00+00:00,1.27691,1.28337,1.27683,1.28033,28298
2021-01-11 16:00:00+00:00,1.27995,1.28027,1.276,1.27762,18581
2021-01-11 20:00:00+00:00,1.27738,1.27856,1.27662,1.27731,10544
2021-01-12 00:00:00+00:00,1.27747,1.27902,1.2771,1.27824,12824
2021-01-12 04:00:00+00:00,1.27815,1.2789,1.2736,1.27436,12847
2021-01-12 08:00:00+00:00,1.27435,1.2763,1.27333,1.27622,19886
2021-01-12 12:00:00+00:00,1.27563,1.27769,1.274,1.2767,25668
2021-01-12 16:00:00+00:00,1.2767,1.2767,1.2716,1.27221,22145
2021-01-12 20:00:00+00:00,1.27252,1.27252,1.27024,1.2705,8832
2021-01-13 00:00:00+00:00,1.2705,1.27175,1.27026,1.27069,10642
2021-01-13 04:00:00+00:00,1.27096,1.27231,1.27085,1.27231,11268
2021-01-13 08:00:00+00:00,1.27243,1.27438,1.27195,1.27284,20507
2021-01-13 12:00:00+00:00,1.27267,1.27462,1.2709,1.27196,26320
2021-01-13 16:00:00+00:00,1.27206,1.27274,1.26781,1.2695,19742
2021-01-13 20:00:00+00:00,1.26964,1.27064,1.26844,1.2696,10787
2021-01-14 00:00:00+00:00,1.26984,1.27054,1.26847,1.26942,14500
2021-01-14 04:00:00+00:00,1.2692,1.26973,1.2679,1.26819,12805
2021-01-14 08:00:00+00:00,1.2681,1.26818,1.26656,1.2677,18466
2021-01-14 12:00:00+00:00,1.26765,1.27033,1.26471,1.26527,23566
2021-01-14 16:00:00+00:00,1.26537,1.26562,1.26247,1.26372,19285
2021-01-14 20:00:00+00:00,1.2635,1.26477,1.26308,1.26472,9561
2021-01-15 00:00:00+00:00,1.26468,1.26534,1.26363,1.26534,14121
2021-01-15 04:00:00+00:00,1.26533,1.26764,1.2647,1.26764,15252
2021-01-15 08:00:00+00:00,1.26762,1.26996,1.26731,1.26992,20395
2021-01-15 12:00:00+00:00,1.26985,1.27641,1.26979,1.27572,26178
2021-01-15 16:00:00+00:00,1.27586,1.27594,1.2703,1.27272,20956
2021-01-15 20:00:00+00:00,1.27337,1.27436,1.26274,1.26274,6273
2021-01-16 08:00:00+00:00,1.27274,1.27274,1.27274,1.27274,1
2021-01-17 20:00:00+00:00,1.27288,1.27706,1.27247,1.27706,3286
2021-01-18 00:00:00+00:00,1.27702,1.27742,1.2756,1.2771,16439
2021-01-18 04:00:00+00:00,1.2771,1.27903,1.27704,1.27903,11926
2021-01-18 08:00:00+00:00,1.2791,1.27985,1.27678,1.27775,18968
2021-01-18 12:00:00+00:00,1.27765,1.2787,1.2759,1.2759,15777
2021-01-18 16:00:00+00:00,1.27601,1.27657,1.2751,1.27523,16873
2021-01-18 20:00:00+00:00,1.27525,1.2757,1.2742,1.2748,11154
2021-01-19 00:00:00+00:00,1.27478,1.27478,1.27209,1.27235,11064
2021-01-19 04:00:00+00:00,1.27237,1.27376,1.2717,1.27312,10257
2021-01-19 08:00:00+00:00,1.27304,1.27443,1.2718,1.27291,18029
2021-01-19 12:00:00+00:00,1.27292,1.27601,1.2723,1.27349,23840
2021-01-19 16:00:00+00:00,1.27346,1.2744,1.2717,1.27312,18069
2021-01-19 20:00:00+00:00,1.27297,1.27392,1.27191,1.27198,7750
2021-01-20 00:00:00+00:00,1.27228,1.27316,1.2705,1.2709,11865
2021-01-20 04:00:00+00:00,1.271,1.27156,1.269,1.26916,11400
2021-01-20 08:00:00+00:00,1.269,1.27047,1.269,1.27031,19418
2021-01-20 12:00:00+00:00,1.27019,1.27144,1.26073,1.26264,28652
2021-01-20 16:00:00+00:00,1.2629,1.26519,1.26284,1.26434,19662
2021-01-20 20:00:00+00:00,1.26435,1.26496,1.2617,1.26273,8548
2021-01-21 00:00:00+00:00,1.26286,1.26286,1.2611,1.26142,10766
2021-01-21 04:00:00+00:00,1.26148,1.2636,1.26105,1.26294,9764
2021-01-21 08:00:00+00:00,1.2628,1.2634,1.2613,1.26161,17925
2021-01-21 12:00:00+00:00,1.26175,1.2631,1.25934,1.26203,30555
2021-01-21 16:00:00+00:00,1.26206,1.26472,1.26196,1.26286,17580
2021-01-21 20:00:00+00:00,1.26282,1.2649,1.2623,1.26484,9465
2021-01-22 00:00:00+00:00,1.26478,1.26695,1.2638,1.26682,12590
2021-01-22 04:00:00+00:00,1.26672,1.26833,1.2659,1.2681,10567
2021-01-22 08:00:00+00:00,1.26805,1.27113,1.26764,1.2703,22000
2021-01-22 12:00:00+00:00,1.2702,1.27201,1.2683,1.27151,26055
2021-01-22 16:00:00+00:00,1.27183,1.2739,1.27044,1.27272,18736
2021-01-22 20:00:00+00:00,1.27268,1.27364,1.26648,1.26648,5898
2021-01-24 20:00:00+00:00,1.27156,1.27341,1.27063,1.27258,2458
2021-01-25 00:00:00+00:00,1.27235,1.27255,1.2701,1.27052,11524
2021-01-25 04:00:00+00:00,1.27029,1.27045,1.26859,1.26908,11125
2021-01-25 08:00:00+00:00,1.26922,1.27172,1.26922,1.2705,20825
2021-01-25 12:00:00+00:00,1.27048,1.27479,1.27048,1.27465,26079
2021-01-25 16:00:00+00:00,1.27462,1.27766,1.27315,1.27509,25008
2021-01-25 20:00:00+00:00,1.27492,1.27538,1.27315,1.2736,9167
2021-01-26 00:00:00+00:00,1.27396,1.27519,1.27371,1.27501,9878
2021-01-26 04:00:00+00:00,1.27509,1.27803,1.2747,1.27801,12101
2021-01-26 08:00:00+00:00,1.27774,1.27782,1.27267,1.27299,21307
2021-01-26 12:00:00+00:00,1.27306,1.27306,1.26958,1.27048,24386
2021-01-26 16:00:00+00:00,1.27061,1.2714,1.269,1.26954,15361
2021-01-26 20:00:00+00:00,1.26953,1.26961,1.26845,1.26927,8900
2021-01-27 00:00:00+00:00,1.26916,1.27186,1.2686,1.27186,12288
2021-01-27 04:00:00+00:00,1.2717,1.2724,1.2709,1.27182,11135
2021-01-27 08:00:00+00:00,1.27221,1.27434,1.27135,1.27391,23023
2021-01-27 12:00:00+00:00,1.27382,1.28218,1.2734,1.27746,38707
2021-01-27 16:00:00+00:00,1.27772,1.27986,1.2748,1.2796,31731
2021-01-27 20:00:00+00:00,1.27993,1.28187,1.27734,1.28176,20380
2021-01-28 00:00:00+00:00,1.28153,1.28325,1.2806,1.2823,22006
2021-01-28 04:00:00+00:00,1.28261,1.2858,1.2821,1.28455,19026
2021-01-28 08:00:00+00:00,1.28406,1.28767,1.28323,1.28629,31758
2021-01-28 12:00:00+00:00,1.28641,1.28745,1.27888,1.28066,36669
2021-01-28 16:00:00+00:00,1.28039,1.28171,1.27878,1.27958,25915
2021-01-28 20:00:00+00:00,1.27958,1.28319,1.27931,1.28301,14223
2021-01-29 00:00:00+00:00,1.28291,1.28677,1.28259,1.28677,17964
2021-01-29 04:00:00+00:00,1.28653,1.28737,1.2853,1.28585,19697
2021-01-29 08:00:00+00:00,1.28588,1.28701,1.28001,1.2806,33350
2021-01-29 12:00:00+00:00,1.28071,1.28113,1.27401,1.27702,41025
2021-01-29 16:00:00+00:00,1.27741,1.2819,1.27635,1.28024,38355
2021-01-29 20:00:00+00:00,1.27981,1.27981,1.277,1.2776,11943
2021-01-30 20:00:00+00:00,1.2778,1.2778,1.2776,1.2776,2
2021-01-31 00:00:00+00:00,1.2778,1.2778,1.2778,1.2778,1
2021-01-31 20:00:00+00:00,1.27799,1.28177,1.27749,1.2799,5702
2021-02-01 00:00:00+00:00,1.27966,1.28016,1.277,1.27729,21774
2021-02-01 04:00:00+00:00,1.27724,1.2777,1.27612,1.27721,17152
2021-02-01 08:00:00+00:00,1.27771,1.28109,1.2765,1.28065,29106
2021-02-01 12:00:00+00:00,1.2803,1.28372,1.27912,1.28347,33766
2021-02-01 16:00:00+00:00,1.2836,1.28433,1.2816,1.28433,26864
2021-02-01 20:00:00+00:00,1.28392,1.28641,1.2837,1.2849,11930
2021-02-02 00:00:00+00:00,1.28492,1.28573,1.28224,1.2827,18451
2021-02-02 04:00:00+00:00,1.2829,1.28346,1.28182,1.28259,14906
2021-02-02 08:00:00+00:00,1.28276,1.28276,1.27819,1.28183,26287
2021-02-02 12:00:00+00:00,1.28177,1.28664,1.28018,1.2829,32055
2021-02-02 16:00:00+00:00,1.2831,1.2831,1.2801,1.28048,22841
2021-02-02 20:00:00+00:00,1.28061,1.28111,1.27769,1.2786,11989
2021-02-03 00:00:00+00:00,1.27846,1.27871,1.2763,1.27766,14621
2021-02-03 04:00:00+00:00,1.27755,1.27926,1.2773,1.27771,13179
2021-02-03 08:00:00+00:00,1.2776,1.27963,1.27666,1.27899,20878
2021-02-03 12:00:00+00:00,1.2792,1.28101,1.27775,1.27887,30097
2021-02-03 16:00:00+00:00,1.27879,1.27879,1.2765,1.27806,21728
2021-02-03 20:00:00+00:00,1.27782,1.2787,1.27755,1.2783,11346
2021-02-04 00:00:00+00:00,1.27856,1.28001,1.2778,1.27982,13508
2021-02-04 04:00:00+00:00,1.27996,1.28074,1.27876,1.27888,14906
2021-02-04 08:00:00+00:00,1.27837,1.28242,1.27784,1.28242,21342
2021-02-04 12:00:00+00:00,1.28186,1.28422,1.28019,1.28377,28705
2021-02-04 16:00:00+00:00,1.28357,1.28432,1.2826,1.28323,18978
2021-02-04 20:00:00+00:00,1.28324,1.28325,1.2817,1.28246,10102
2021-02-05 00:00:00+00:00,1.28239,1.28295,1.2812,1.2827,13187
2021-02-05 04:00:00+00:00,1.2826,1.2832,1.2808,1.28093,11756
2021-02-05 08:00:00+00:00,1.28092,1.2811,1.27857,1.2795,19296
2021-02-05 12:00:00+00:00,1.27989,1.28186,1.27717,1.27743,30308
2021-02-05 16:00:00+00:00,1.27716,1.27829,1.2764,1.27686,19095
2021-02-05 20:00:00+00:00,1.2769,1.27696,1.27473,1.27473,5936
2021-02-07 20:00:00+00:00,1.27596,1.27647,1.27535,1.27593,3125
2021-02-08 00:00:00+00:00,1.27587,1.27675,1.27551,1.27639,14308
2021-02-08 04:00:00+00:00,1.2763,1.2768,1.2755,1.2761,9720
2021-02-08 08:00:00+00:00,1.27632,1.27812,1.27578,1.27739,16948
2021-02-08 12:00:00+00:00,1.27761,1.27819,1.27414,1.27523,24672
2021-02-08 16:00:00+00:00,1.27492,1.27691,1.27391,1.27408,18117
2021-02-08 20:00:00+00:00,1.27411,1.27468,1.2734,1.27371,10037
2021-02-09 00:00:00+00:00,1.2738,1.27393,1.27199,1.27272,14948
2021-02-09 04:00:00+00:00,1.2724,1.2734,1.2722,1.27275,10637
2021-02-09 08:00:00+00:00,1.27275,1.27364,1.27202,1.27235,7228
2021-02-09 12:00:00+00:00,1.27468,1.27529,1.27178,1.27198,8004
2021-02-09 16:00:00+00:00,1.27203,1.27342,1.26943,1.26948,18243
2021-02-09 20:00:00+00:00,1.26962,1.27031,1.26898,1.26981,9482
2021-02-10 00:00:00+00:00,1.26979,1.27085,1.2692,1.2696,11189
2021-02-10 04:00:00+00:00,1.2696,1.26999,1.2681,1.26842,9377
2021-02-10 08:00:00+00:00,1.26853,1.27101,1.2672,1.26961,19120
2021-02-10 12:00:00+00:00,1.26955,1.27045,1.26689,1.26833,29025
2021-02-10 16:00:00+00:00,1.26829,1.26993,1.2675,1.2689,24160
2021-02-10 20:00:00+00:00,1.26903,1.27064,1.26879,1.2697,9970
2021-02-11 00:00:00+00:00,1.2697,1.27102,1.2693,1.26949,8272
2021-02-11 04:00:00+00:00,1.2694,1.26947,1.26751,1.26866,8177
2021-02-11 08:00:00+00:00,1.2685,1.26914,1.26739,1.26753,16734
2021-02-11 12:00:00+00:00,1.26758,1.26853,1.26603,1.26853,21469
2021-02-11 16:00:00+00:00,1.26836,1.27059,1.2683,1.26999,24447
2021-02-11 20:00:00+00:00,1.27015,1.2707,1.2693,1.2697,8509
2021-02-12 00:00:00+00:00,1.2699,1.27284,1.2699,1.2725,9172
2021-02-12 04:00:00+00:00,1.27248,1.27346,1.2716,1.27316,8776
2021-02-12 08:00:00+00:00,1.27314,1.27552,1.27276,1.27399,17788
2021-02-12 12:00:00+00:00,1.2736,1.2763,1.2705,1.27056,21195
2021-02-12 16:00:00+00:00,1.27066,1.27122,1.26773,1.27032,17419
2021-02-12 20:00:00+00:00,1.27044,1.27072,1.26854,1.2695,5484
2021-02-13 00:00:00+00:00,1.2696,1.2696,1.2696,1.2696,1
2021-02-14 20:00:00+00:00,1.26802,1.26894,1.26775,1.26882,2542
2021-02-15 00:00:00+00:00,1.26881,1.269,1.26648,1.26658,8662
2021-02-15 04:00:00+00:00,1.26675,1.26793,1.2659,1.26748,10187
2021-02-15 08:00:00+00:00,1.26718,1.2672,1.2654,1.26567,13925
2021-02-15 12:00:00+00:00,1.26583,1.26658,1.264,1.26426,14315
2021-02-15 16:00:00+00:00,1.264,1.2644,1.2629,1.26357,9501
2021-02-15 20:00:00+00:00,1.26354,1.26443,1.26277,1.26352,5673
2021-02-16 00:00:00+00:00,1.26358,1.26358,1.2607,1.2611,9883
2021-02-16 04:00:00+00:00,1.26111,1.26422,1.2609,1.2642,11748
2021-02-16 08:00:00+00:00,1.26381,1.26493,1.26277,1.26311,17939
2021-02-16 12:00:00+00:00,1.263,1.26966,1.2624,1.26798,29489
2021-02-16 16:00:00+00:00,1.26792,1.27007,1.26747,1.26776,19401
2021-02-16 20:00:00+00:00,1.26807,1.27119,1.2676,1.27119,10563
2021-02-17 00:00:00+00:00,1.27098,1.27156,1.2693,1.26953,12643
2021-02-17 04:00:00+00:00,1.26957,1.27119,1.2686,1.27119,12424
2021-02-17 08:00:00+00:00,1.27114,1.27172,1.26911,1.27027,21869
2021-02-17 12:00:00+00:00,1.27023,1.27439,1.2687,1.27255,33041
2021-02-17 16:00:00+00:00,1.27251,1.27392,1.26984,1.27004,23344
2021-02-17 20:00:00+00:00,1.26993,1.27054,1.26917,1.26993,10643
2021-02-18 00:00:00+00:00,1.26986,1.2709,1.26867,1.2707,13397
2021-02-18 04:00:00+00:00,1.2707,1.27155,1.2697,1.27042,11974
2021-02-18 08:00:00+00:00,1.27053,1.27074,1.26815,1.26858,19961
2021-02-18 12:00:00+00:00,1.26863,1.27293,1.26658,1.27201,30442
2021-02-18 16:00:00+00:00,1.27195,1.27195,1.26785,1.26785,19014
2021-02-18 20:00:00+00:00,1.26818,1.2682,1.26704,1.26795,8110
2021-02-19 00:00:00+00:00,1.26804,1.27133,1.26714,1.271,15088
2021-02-19 04:00:00+00:00,1.27116,1.27116,1.26848,1.26878,14676
2021-02-19 08:00:00+00:00,1.26855,1.269,1.2634,1.26361,24106
2021-02-19 12:00:00+00:00,1.2633,1.26344,1.26047,1.26087,29051
2021-02-19 16:00:00+00:00,1.26088,1.26273,1.25945,1.26208,20522
2021-02-19 20:00:00+00:00,1.26183,1.2624,1.25866,1.26046,6658
2021-02-20 20:00:00+00:00,1.2611,1.2611,1.2611,1.2611,1
2021-02-21 20:00:00+00:00,1.26098,1.26171,1.25965,1.25997,3151
2021-02-22 00:00:00+00:00,1.26016,1.26141,1.25808,1.26074,19987
2021-02-22 04:00:00+00:00,1.26072,1.26412,1.25956,1.26378,17757
2021-02-22 08:00:00+00:00,1.26375,1.26525,1.26201,1.26285,22452
2021-02-22 12:00:00+00:00,1.26285,1.26445,1.2608,1.26153,29451
2021-02-22 16:00:00+00:00,1.26151,1.26257,1.25919,1.26021,18486
2021-02-22 20:00:00+00:00,1.26002,1.26196,1.25928,1.26108,11231
2021-02-23 00:00:00+00:00,1.26108,1.26179,1.2584,1.25959,15688
2021-02-23 04:00:00+00:00,1.2596,1.25991,1.2583,1.25932,12920
2021-02-23 08:00:00+00:00,1.25928,1.26234,1.25889,1.26144,25541
2021-02-23 12:00:00+00:00,1.2614,1.26443,1.25745,1.25976,27770
2021-02-23 16:00:00+00:00,1.2595,1.26121,1.25892,1.25922,25718
2021-02-23 20:00:00+00:00,1.25943,1.25964,1.25784,1.2592,12372
2021-02-24 00:00:00+00:00,1.25925,1.2593,1.2558,1.25769,23754
2021-02-24 04:00:00+00:00,1.25767,1.2595,1.25716,1.25803,18804
2021-02-24 08:00:00+00:00,1.25782,1.25833,1.25607,1.25629,23314
2021-02-24 12:00:00+00:00,1.25634,1.2594,1.255,1.25646,37156
2021-02-24 16:00:00+00:00,1.25619,1.25619,1.2526,1.25299,23667
2021-02-24 20:00:00+00:00,1.25288,1.25292,1.25052,1.25126,11766
2021-02-25 00:00:00+00:00,1.25145,1.25201,1.25048,1.25062,18674
2021-02-25 04:00:00+00:00,1.25047,1.25109,1.24944,1.24944,16354
2021-02-25 08:00:00+00:00,1.24948,1.25032,1.24716,1.2485,27497
2021-02-25 12:00:00+00:00,1.24846,1.25183,1.24686,1.25153,34752
2021-02-25 16:00:00+00:00,1.25185,1.2589,1.25123,1.25763,45009
2021-02-25 20:00:00+00:00,1.2571,1.26126,1.2571,1.26126,24023
2021-02-26 00:00:00+00:00,1.2611,1.26463,1.2586,1.26006,27512
2021-02-26 04:00:00+00:00,1.26004,1.26419,1.25982,1.26295,26904
2021-02-26 08:00:00+00:00,1.26303,1.26845,1.25917,1.26587,33062
2021-02-26 12:00:00+00:00,1.26614,1.26829,1.2625,1.26607,46545
2021-02-26 16:00:00+00:00,1.26655,1.27279,1.26561,1.2708,38734
2021-02-26 20:00:00+00:00,1.26987,1.27431,1.26964,1.27387,11822
2021-02-28 20:00:00+00:00,1.27158,1.27327,1.26927,1.26962,3924
2021-03-01 00:00:00+00:00,1.2698,1.27057,1.2686,1.27023,17765
2021-03-01 04:00:00+00:00,1.2703,1.27121,1.26756,1.2694,16928
2021-03-01 08:00:00+00:00,1.26891,1.27073,1.2677,1.26932,23038
2021-03-01 12:00:00+00:00,1.2694,1.26957,1.26495,1.26564,30794
2021-03-01 16:00:00+00:00,1.26567,1.26755,1.26456,1.26513,23677
2021-03-01 20:00:00+00:00,1.26506,1.26585,1.26395,1.26406,10648
2021-03-02 00:00:00+00:00,1.2642,1.26839,1.2639,1.26712,19756
2021-03-02 04:00:00+00:00,1.26719,1.26972,1.26678,1.2692,18391
2021-03-02 08:00:00+00:00,1.26916,1.26959,1.2645,1.26482,28250
2021-03-02 12:00:00+00:00,1.26405,1.26535,1.26188,1.26217,17809
2021-03-02 16:00:00+00:00,1.26236,1.26309,1.25999,1.26159,27010
2021-03-02 20:00:00+00:00,1.26123,1.26426,1.26057,1.26346,12415
2021-03-03 00:00:00+00:00,1.26368,1.26369,1.2625,1.26336,14290
2021-03-03 04:00:00+00:00,1.26338,1.2635,1.26067,1.26122,12867
2021-03-03 08:00:00+00:00,1.26141,1.26249,1.25925,1.26249,25343
2021-03-03 12:00:00+00:00,1.26268,1.26562,1.2621,1.26279,38315
2021-03-03 16:00:00+00:00,1.2629,1.26423,1.2604,1.26367,30750
2021-03-03 20:00:00+00:00,1.26372,1.26741,1.2629,1.26741,13611
2021-03-04 00:00:00+00:00,1.2672,1.2672,1.2649,1.2663,17035
2021-03-04 04:00:00+00:00,1.26633,1.26732,1.2632,1.26451,18655
2021-03-04 08:00:00+00:00,1.26431,1.26645,1.26377,1.26473,29137
2021-03-04 12:00:00+00:00,1.26448,1.26493,1.26049,1.26083,35792
2021-03-04 16:00:00+00:00,1.261,1.26911,1.2574,1.26606,53417
2021-03-04 20:00:00+00:00,1.26642,1.26799,1.2652,1.26782,19367
2021-03-05 00:00:00+00:00,1.26782,1.26942,1.2651,1.26528,23739
2021-03-05 04:00:00+00:00,1.26545,1.26674,1.2651,1.26608,21039
2021-03-05 08:00:00+00:00,1.26601,1.27226,1.266,1.27043,29736
2021-03-05 12:00:00+00:00,1.27024,1.27345,1.26481,1.26869,48086
2021-03-05 16:00:00+00:00,1.26898,1.26921,1.2649,1.26649,38527
2021-03-05 20:00:00+00:00,1.26634,1.26634,1.26337,1.265,8054
2021-03-07 20:00:00+00:00,1.26561,1.26561,1.26226,1.26302,3050
2021-03-08 00:00:00+00:00,1.26333,1.26629,1.2625,1.2659,18644
2021-03-08 04:00:00+00:00,1.26569,1.26762,1.26414,1.26738,16933
2021-03-08 08:00:00+00:00,1.26697,1.26986,1.26674,1.26866,17583
2021-03-08 12:00:00+00:00,1.26856,1.26973,1.26404,1.26627,26913
2021-03-08 16:00:00+00:00,1.26607,1.26723,1.26398,1.26547,19172
2021-03-08 20:00:00+00:00,1.2661,1.26785,1.2652,1.2658,9005
2021-03-09 00:00:00+00:00,1.2657,1.26835,1.2646,1.2646,16489
2021-03-09 04:00:00+00:00,1.26465,1.26643,1.2638,1.2641,12686
2021-03-09 08:00:00+00:00,1.26487,1.26516,1.25901,1.26016,16635
2021-03-09 12:00:00+00:00,1.2599,1.26481,1.25986,1.26433,21379
2021-03-09 16:00:00+00:00,1.26434,1.26604,1.263,1.2633,13811
2021-03-09 20:00:00+00:00,1.26329,1.26455,1.2625,1.26455,6162
2021-03-10 00:00:00+00:00,1.26458,1.26672,1.264,1.26663,12491
2021-03-10 04:00:00+00:00,1.2665,1.2681,1.2662,1.26662,11125
2021-03-10 08:00:00+00:00,1.26699,1.26779,1.2645,1.2647,13868
2021-03-10 12:00:00+00:00,1.26501,1.26528,1.2615,1.26418,26042
2021-03-10 16:00:00+00:00,1.26426,1.26628,1.26241,1.26243,28281
2021-03-10 20:00:00+00:00,1.26224,1.26268,1.26082,1.262,11291
2021-03-11 00:00:00+00:00,1.2621,1.26234,1.26007,1.26074,13820
2021-03-11 04:00:00+00:00,1.26073,1.26187,1.2595,1.25974,12150
2021-03-11 08:00:00+00:00,1.26001,1.2601,1.2569,1.25731,19841
2021-03-11 12:00:00+00:00,1.25758,1.2608,1.25677,1.25697,30732
2021-03-11 16:00:00+00:00,1.25692,1.25775,1.2537,1.25386,20734
2021-03-11 20:00:00+00:00,1.2538,1.2538,1.2519,1.25363,9690
2021-03-12 00:00:00+00:00,1.25346,1.25484,1.2522,1.2544,12471
2021-03-12 04:00:00+00:00,1.2543,1.25679,1.2538,1.25594,14218
2021-03-12 08:00:00+00:00,1.25599,1.25718,1.2541,1.25616,24817
2021-03-12 12:00:00+00:00,1.25591,1.25591,1.24942,1.24955,27837
2021-03-12 16:00:00+00:00,1.24986,1.25017,1.24613,1.24675,20816
2021-03-12 20:00:00+00:00,1.24693,1.24847,1.24578,1.2475,6177
2021-03-14 12:00:00+00:00,1.247,1.247,1.247,1.247,1
2021-03-14 20:00:00+00:00,1.24733,1.24814,1.24685,1.24687,2889
2021-03-15 00:00:00+00:00,1.24692,1.24803,1.2456,1.24737,15173
2021-03-15 04:00:00+00:00,1.24736,1.24917,1.2471,1.24822,15133
2021-03-15 08:00:00+00:00,1.24769,1.24769,1.2439,1.24681,19042
2021-03-15 12:00:00+00:00,1.24677,1.25112,1.2465,1.24907,28373
2021-03-15 16:00:00+00:00,1.24875,1.24878,1.2467,1.24715,15746
2021-03-15 20:00:00+00:00,1.24724,1.24815,1.2466,1.2477,6764
2021-03-16 00:00:00+00:00,1.2475,1.2487,1.24719,1.24786,11462
2021-03-16 04:00:00+00:00,1.24791,1.24989,1.2473,1.24973,12479
2021-03-16 08:00:00+00:00,1.25005,1.25005,1.24624,1.2464,18489
2021-03-16 12:00:00+00:00,1.24624,1.24738,1.24495,1.24503,27254
2021-03-16 16:00:00+00:00,1.24497,1.24614,1.2436,1.24419,20607
2021-03-16 20:00:00+00:00,1.24411,1.2451,1.24331,1.24428,6290
2021-03-17 00:00:00+00:00,1.2443,1.24579,1.2439,1.24535,11331
2021-03-17 04:00:00+00:00,1.24552,1.24582,1.24457,1.24582,10030
2021-03-17 08:00:00+00:00,1.24582,1.24764,1.2455,1.24695,17307
2021-03-17 12:00:00+00:00,1.24709,1.24899,1.2461,1.2476,25519
2021-03-17 16:00:00+00:00,1.24783,1.249,1.24085,1.24102,33507
2021-03-17 20:00:00+00:00,1.2411,1.2411,1.23875,1.23877,7569
2021-03-18 00:00:00+00:00,1.23862,1.24052,1.2377,1.2405,15298
2021-03-18 04:00:00+00:00,1.24037,1.24138,1.2365,1.24083,16068
2021-03-18 08:00:00+00:00,1.24106,1.24231,1.23945,1.24163,26041
2021-03-18 12:00:00+00:00,1.2414,1.24582,1.24124,1.2435,31734
2021-03-18 16:00:00+00:00,1.24313,1.25263,1.24222,1.25184,25881
2021-03-18 20:00:00+00:00,1.25152,1.25168,1.24799,1.24937,9817
2021-03-19 00:00:00+00:00,1.24931,1.25108,1.2488,1.25009,14818
2021-03-19 04:00:00+00:00,1.25021,1.25036,1.24628,1.24702,17713
2021-03-19 08:00:00+00:00,1.24708,1.24931,1.24647,1.24917,21491
2021-03-19 12:00:00+00:00,1.24882,1.25468,1.24882,1.2511,36242
2021-03-19 16:00:00+00:00,1.25099,1.25108,1.2484,1.25064,18596
2021-03-19 20:00:00+00:00,1.2506,1.2514,1.24575,1.2512,2485
2021-03-21 20:00:00+00:00,1.25196,1.25284,1.25162,1.25233,2951
2021-03-22 00:00:00+00:00,1.25225,1.25328,1.25015,1.25056,10804
2021-03-22 04:00:00+00:00,1.25037,1.25206,1.2492,1.25117,12191
2021-03-22 08:00:00+00:00,1.25122,1.25128,1.2473,1.24766,15688
2021-03-22 12:00:00+00:00,1.24764,1.25396,1.24748,1.25279,21003
2021-03-22 16:00:00+00:00,1.25268,1.25268,1.2505,1.25245,12348
2021-03-22 20:00:00+00:00,1.25245,1.25273,1.25083,1.25206,6405
2021-03-23 00:00:00+00:00,1.25189,1.25427,1.25186,1.2535,10827
2021-03-23 04:00:00+00:00,1.2533,1.25565,1.2533,1.25467,11463
2021-03-23 08:00:00+00:00,1.25499,1.25938,1.2548,1.25792,22259
2021-03-23 12:00:00+00:00,1.25785,1.25825,1.25453,1.2549,23725
2021-03-23 16:00:00+00:00,1.2551,1.25869,1.25254,1.25837,22430
2021-03-23 20:00:00+00:00,1.25857,1.25963,1.2577,1.25882,8337
2021-03-24 00:00:00+00:00,1.25867,1.26026,1.2577,1.25927,12355
2021-03-24 04:00:00+00:00,1.25916,1.26015,1.25812,1.26012,12301
2021-03-24 08:00:00+00:00,1.2602,1.26085,1.25655,1.25728,19198
2021-03-24 12:00:00+00:00,1.25722,1.25954,1.25469,1.25518,25535
2021-03-24 16:00:00+00:00,1.25479,1.2579,1.25432,1.25768,19991
2021-03-24 20:00:00+00:00,1.25767,1.25841,1.25671,1.25784,6658
2021-03-25 00:00:00+00:00,1.25749,1.2588,1.25634,1.25703,12930
2021-03-25 04:00:00+00:00,1.2568,1.25781,1.25631,1.25726,10878
2021-03-25 08:00:00+00:00,1.2574,1.2581,1.25487,1.2581,19629
2021-03-25 12:00:00+00:00,1.25797,1.26275,1.25789,1.26133,34178
2021-03-25 16:00:00+00:00,1.26132,1.26229,1.26024,1.26195,26095
2021-03-25 20:00:00+00:00,1.26171,1.26195,1.2598,1.2603,6359
2021-03-26 00:00:00+00:00,1.2603,1.26045,1.2584,1.2584,11622
2021-03-26 04:00:00+00:00,1.2585,1.25869,1.2569,1.25783,10309
2021-03-26 08:00:00+00:00,1.25771,1.25885,1.2569,1.25845,17666
2021-03-26 12:00:00+00:00,1.25844,1.25866,1.2563,1.25789,23905
2021-03-26 16:00:00+00:00,1.25784,1.26072,1.25736,1.2574,18534
2021-03-26 20:00:00+00:00,1.2577,1.2614,1.25511,1.2605,3128
2021-03-28 16:00:00+00:00,1.25686,1.25722,1.25686,1.25722,8
2021-03-28 20:00:00+00:00,1.25706,1.25842,1.25689,1.25842,1946
2021-03-29 00:00:00+00:00,1.25844,1.26071,1.2583,1.2604,13007
2021-03-29 04:00:00+00:00,1.2604,1.26253,1.2599,1.26101,14752
2021-03-29 08:00:00+00:00,1.26114,1.2623,1.2578,1.25926,15962
2021-03-29 12:00:00+00:00,1.25918,1.26185,1.25836,1.25925,25700
2021-03-29 16:00:00+00:00,1.2589,1.26004,1.2581,1.25922,15391
2021-03-29 20:00:00+00:00,1.25942,1.26,1.258,1.25904,6470
2021-03-30 00:00:00+00:00,1.25906,1.25983,1.2579,1.2584,10897
2021-03-30 04:00:00+00:00,1.2584,1.25985,1.2584,1.25968,8595
2021-03-30 12:00:00+00:00,1.26206,1.26454,1.2617,1.26256,20318
2021-03-30 16:00:00+00:00,1.26271,1.26405,1.2623,1.26351,15600
2021-03-30 20:00:00+00:00,1.2636,1.26365,1.26199,1.26212,7662
2021-03-31 00:00:00+00:00,1.26206,1.26282,1.26099,1.26202,12432
2021-03-31 04:00:00+00:00,1.26189,1.26273,1.2598,1.26022,13571
2021-03-31 08:00:00+00:00,1.26019,1.2608,1.2593,1.2599,15445
2021-03-31 12:00:00+00:00,1.26005,1.26084,1.25404,1.25727,29202
2021-03-31 16:00:00+00:00,1.25696,1.25809,1.2561,1.25678,18134
2021-03-31 20:00:00+00:00,1.25655,1.25696,1.2555,1.25646,7285
2021-04-01 00:00:00+00:00,1.2563,1.2589,1.2557,1.25888,12744
2021-04-01 04:00:00+00:00,1.25888,1.26009,1.25732,1.25732,17283
2021-04-01 08:00:00+00:00,1.25747,1.25955,1.257,1.25916,17434
2021-04-01 12:00:00+00:00,1.25949,1.25949,1.2561,1.25693,27462
2021-04-01 16:00:00+00:00,1.2565,1.25686,1.2544,1.25449,14682
2021-04-01 20:00:00+00:00,1.25443,1.25522,1.25387,1.2546,5681
2021-04-02 00:00:00+00:00,1.2545,1.25451,1.2526,1.2531,6349
2021-04-02 04:00:00+00:00,1.25311,1.25569,1.2527,1.25557,5938
2021-04-02 08:00:00+00:00,1.25562,1.25637,1.2554,1.2559,6627
2021-04-02 12:00:00+00:00,1.256,1.25721,1.25408,1.2566,9966
2021-04-02 16:00:00+00:00,1.2566,1.2577,1.25576,1.2569,3255
2021-04-02 20:00:00+00:00,1.2568,1.25784,1.25382,1.25392,1144
2021-04-04 16:00:00+00:00,1.25693,1.25753,1.25686,1.25696,6
2021-04-04 20:00:00+00:00,1.2572,1.25807,1.25625,1.2564,3094
2021-04-05 00:00:00+00:00,1.25678,1.25722,1.2561,1.25707,9260
2021-04-05 04:00:00+00:00,1.25711,1.25934,1.25702,1.25744,10480
2021-04-05 08:00:00+00:00,1.25756,1.25756,1.25465,1.2548,10541
2021-04-05 12:00:00+00:00,1.25484,1.25492,1.2502,1.25111,20020
2021-04-05 16:00:00+00:00,1.25141,1.25363,1.2513,1.25237,13941
2021-04-05 20:00:00+00:00,1.25255,1.2529,1.25164,1.25196,6835
2021-04-06 00:00:00+00:00,1.25202,1.25421,1.2517,1.2538,10466
2021-04-06 04:00:00+00:00,1.25406,1.25538,1.2524,1.25365,13044
2021-04-06 08:00:00+00:00,1.25416,1.25743,1.2535,1.25673,15805
2021-04-06 12:00:00+00:00,1.25681,1.25689,1.25393,1.25411,23431
2021-04-06 16:00:00+00:00,1.25395,1.25823,1.25395,1.25699,15198
2021-04-06 20:00:00+00:00,1.25699,1.25774,1.25604,1.2569,8020
2021-04-07 00:00:00+00:00,1.25705,1.25876,1.25663,1.25856,16201
2021-04-07 04:00:00+00:00,1.25853,1.26167,1.2578,1.26086,16155
2021-04-07 08:00:00+00:00,1.2609,1.26171,1.2583,1.25966,16978
2021-04-07 12:00:00+00:00,1.25982,1.26325,1.25982,1.26151,27839
2021-04-07 16:00:00+00:00,1.26159,1.26311,1.2604,1.26181,16761
2021-04-07 20:00:00+00:00,1.26178,1.26178,1.26046,1.2613,7548
2021-04-08 00:00:00+00:00,1.2613,1.2626,1.2606,1.2606,11437
2021-04-08 04:00:00+00:00,1.26082,1.26105,1.2589,1.26056,12850
2021-04-08 08:00:00+00:00,1.26062,1.26208,1.25847,1.25853,15762
2021-04-08 12:00:00+00:00,1.25897,1.26026,1.2573,1.25765,27746
2021-04-08 16:00:00+00:00,1.25753,1.2576,1.2561,1.25623,15651
2021-04-08 20:00:00+00:00,1.25647,1.25672,1.25547,1.25627,7159
2021-04-09 00:00:00+00:00,1.25625,1.25759,1.2553,1.2568,13817
2021-04-09 04:00:00+00:00,1.25693,1.26099,1.2569,1.259,15945
2021-04-09 08:00:00+00:00,1.25911,1.2603,1.25636,1.25679,17500
2021-04-09 12:00:00+00:00,1.25711,1.25826,1.25402,1.25402,29906
2021-04-09 16:00:00+00:00,1.25405,1.25424,1.2525,1.25285,13411
2021-04-09 20:00:00+00:00,1.25293,1.25329,1.2524,1.253,2146
2021-04-10 12:00:00+00:00,1.2527,1.2527,1.2527,1.2527,1
2021-04-11 16:00:00+00:00,1.2523,1.25356,1.25193,1.25356,10
2021-04-11 20:00:00+00:00,1.25365,1.25365,1.25243,1.2532,3539
2021-04-12 00:00:00+00:00,1.25345,1.25582,1.2528,1.25551,15806
2021-04-12 04:00:00+00:00,1.25551,1.25663,1.2553,1.25634,15076
2021-04-12 08:00:00+00:00,1.25625,1.25646,1.25308,1.25364,14763
2021-04-12 12:00:00+00:00,1.25385,1.25694,1.2532,1.25572,22875
2021-04-12 16:00:00+00:00,1.25574,1.25738,1.2541,1.25632,14487
2021-04-12 20:00:00+00:00,1.25605,1.2567,1.25541,1.25622,6414
2021-04-13 00:00:00+00:00,1.256,1.25808,1.256,1.2579,11430
2021-04-13 04:00:00+00:00,1.25783,1.25871,1.2572,1.25836,13991
2021-04-13 08:00:00+00:00,1.25839,1.2621,1.25761,1.2617,17577
2021-04-13 12:00:00+00:00,1.26202,1.26248,1.2541,1.25413,28786
2021-04-13 16:00:00+00:00,1.25355,1.25444,1.2528,1.25293,14291
2021-04-13 20:00:00+00:00,1.25301,1.25388,1.2524,1.2537,7396
2021-04-14 00:00:00+00:00,1.25353,1.25466,1.2533,1.2539,13039
2021-04-14 04:00:00+00:00,1.2537,1.25605,1.2532,1.25605,14387
2021-04-14 08:00:00+00:00,1.25603,1.25603,1.25358,1.2556,14884
2021-04-14 12:00:00+00:00,1.25584,1.25745,1.25124,1.25148,25652
2021-04-14 16:00:00+00:00,1.25176,1.25296,1.25,1.25172,17471
2021-04-14 20:00:00+00:00,1.2514,1.2523,1.2512,1.2517,6761
2021-04-15 00:00:00+00:00,1.25176,1.25248,1.2503,1.25211,14387
2021-04-15 04:00:00+00:00,1.25229,1.25281,1.2485,1.24893,14196
2021-04-15 08:00:00+00:00,1.24894,1.24973,1.24767,1.24972,16194
2021-04-15 12:00:00+00:00,1.24968,1.25561,1.249,1.25396,28069
2021-04-15 16:00:00+00:00,1.25404,1.25505,1.2531,1.25337,14704
2021-04-15 20:00:00+00:00,1.25338,1.25502,1.25251,1.25448,7969
2021-04-16 00:00:00+00:00,1.25448,1.25585,1.2539,1.2542,12852
2021-04-16 04:00:00+00:00,1.2544,1.2544,1.25146,1.25173,13902
2021-04-16 08:00:00+00:00,1.25162,1.25208,1.2494,1.25069,15878
2021-04-16 12:00:00+00:00,1.25033,1.2516,1.2494,1.24984,22612
2021-04-16 16:00:00+00:00,1.24961,1.25082,1.2496,1.25065,12985
2021-04-16 20:00:00+00:00,1.25065,1.25074,1.24996,1.2501,2082
2021-04-17 08:00:00+00:00,1.2504,1.2504,1.2504,1.2504,1
2021-04-18 08:00:00+00:00,1.2501,1.2501,1.2501,1.2501,1
2021-04-18 16:00:00+00:00,1.25032,1.25065,1.25032,1.25039,16
2021-04-18 20:00:00+00:00,1.25039,1.25176,1.25012,1.25176,2238
2021-04-19 00:00:00+00:00,1.25173,1.25273,1.2506,1.251,14904
2021-04-19 04:00:00+00:00,1.2507,1.2509,1.2478,1.24823,14705
2021-04-19 08:00:00+00:00,1.2484,1.24935,1.247,1.249,17661
2021-04-19 12:00:00+00:00,1.24934,1.25344,1.2478,1.25344,27156
2021-04-19 16:00:00+00:00,1.25304,1.25438,1.25196,1.25307,19093
2021-04-19 20:00:00+00:00,1.25308,1.2537,1.2521,1.25234,6051
2021-04-20 00:00:00+00:00,1.25247,1.2525,1.2489,1.24912,14407
2021-04-20 04:00:00+00:00,1.249,1.24988,1.2477,1.24956,17241
2021-04-20 08:00:00+00:00,1.24945,1.25396,1.24852,1.25262,18085
2021-04-20 12:00:00+00:00,1.25263,1.2586,1.25178,1.25748,30091
2021-04-20 16:00:00+00:00,1.25748,1.26224,1.257,1.26136,19908
2021-04-20 20:00:00+00:00,1.2616,1.26188,1.26023,1.26115,7627
2021-04-21 00:00:00+00:00,1.26134,1.26134,1.2597,1.26022,13397
2021-04-21 04:00:00+00:00,1.26031,1.26133,1.25841,1.25882,14437
2021-04-21 08:00:00+00:00,1.2587,1.26054,1.2582,1.26026,16398
2021-04-21 12:00:00+00:00,1.26,1.26481,1.24601,1.24843,35267
2021-04-21 16:00:00+00:00,1.24839,1.24981,1.24823,1.24927,14656
2021-04-21 20:00:00+00:00,1.24942,1.251,1.24913,1.25042,5643
2021-04-22 00:00:00+00:00,1.2505,1.2505,1.249,1.25006,13110
2021-04-22 04:00:00+00:00,1.25007,1.251,1.2473,1.24978,14468
2021-04-22 08:00:00+00:00,1.2497,1.25078,1.249,1.25048,15939
2021-04-22 12:00:00+00:00,1.25071,1.25333,1.24832,1.24906,29852
2021-04-22 16:00:00+00:00,1.24917,1.25098,1.24769,1.2505,26391
2021-04-22 20:00:00+00:00,1.2502,1.25075,1.24928,1.25022,7297
2021-04-23 00:00:00+00:00,1.24993,1.25055,1.2474,1.2474,12103
2021-04-23 04:00:00+00:00,1.24752,1.24874,1.2469,1.24707,14551
2021-04-23 08:00:00+00:00,1.2472,1.24952,1.2472,1.24771,14646
2021-04-23 12:00:00+00:00,1.24766,1.25042,1.24751,1.24956,27625
2021-04-23 16:00:00+00:00,1.24932,1.2509,1.2465,1.24775,13212
2021-04-23 20:00:00+00:00,1.24762,1.24774,1.246,1.24709,2469
2021-04-24 04:00:00+00:00,1.2472,1.2472,1.2472,1.2472,1
2021-04-25 16:00:00+00:00,1.2474,1.24755,1.24644,1.24744,21
2021-04-25 20:00:00+00:00,1.24751,1.24876,1.24713,1.24876,2556
2021-04-26 00:00:00+00:00,1.24873,1.24873,1.2446,1.2454,12511
2021-04-26 04:00:00+00:00,1.2454,1.24711,1.2447,1.24609,16333
2021-04-26 08:00:00+00:00,1.24626,1.24686,1.24367,1.24436,17447
2021-04-26 12:00:00+00:00,1.24414,1.24535,1.23839,1.2396,26560
2021-04-26 16:00:00+00:00,1.23988,1.24124,1.23937,1.23937,14798
2021-04-26 20:00:00+00:00,1.23938,1.2404,1.23881,1.23955,7191
2021-04-27 00:00:00+00:00,1.23961,1.24101,1.2388,1.24063,12111
2021-04-27 04:00:00+00:00,1.24063,1.24119,1.23941,1.2402,13238
2021-04-27 08:00:00+00:00,1.24072,1.24179,1.2394,1.24041,16011
2021-04-27 12:00:00+00:00,1.2406,1.24154,1.23912,1.23969,25749
2021-04-27 16:00:00+00:00,1.23971,1.24144,1.2395,1.23981,12343
2021-04-27 20:00:00+00:00,1.23975,1.2408,1.23934,1.24065,6342
2021-04-28 00:00:00+00:00,1.24077,1.24161,1.2403,1.241,12409
2021-04-28 04:00:00+00:00,1.2409,1.2413,1.2399,1.24107,11802
2021-04-28 08:00:00+00:00,1.24079,1.24149,1.23861,1.2393,16719
2021-04-28 12:00:00+00:00,1.23913,1.24018,1.23535,1.23549,26076
2021-04-28 16:00:00+00:00,1.2357,1.2357,1.23123,1.23123,25354
2021-04-28 20:00:00+00:00,1.2314,1.2324,1.23,1.2301,8397
2021-04-29 00:00:00+00:00,1.2301,1.23121,1.2285,1.231,12221
2021-04-29 04:00:00+00:00,1.23108,1.2313,1.22908,1.22997,13861
2021-04-29 08:00:00+00:00,1.22988,1.23143,1.22821,1.22841,18286
2021-04-29 12:00:00+00:00,1.22865,1.23202,1.2279,1.22948,31443
2021-04-29 16:00:00+00:00,1.22966,1.23077,1.22755,1.22755,17473
2021-04-29 20:00:00+00:00,1.22804,1.2285,1.2273,1.22755,7331
2021-04-30 00:00:00+00:00,1.22772,1.22819,1.227,1.227,12517
2021-04-30 04:00:00+00:00,1.22727,1.22869,1.2266,1.22809,13778
2021-04-30 08:00:00+00:00,1.22852,1.22881,1.2267,1.22784,18687
2021-04-30 12:00:00+00:00,1.2279,1.23218,1.2267,1.22913,33236
2021-04-30 16:00:00+00:00,1.22941,1.22944,1.2275,1.22918,19615
2021-04-30 20:00:00+00:00,1.2289,1.22938,1.22643,1.22847,2752
2021-05-01 04:00:00+00:00,1.2286,1.2286,1.2286,1.2286,1
2021-05-02 16:00:00+00:00,1.22846,1.22846,1.22602,1.22829,13
2021-05-02 20:00:00+00:00,1.22808,1.22912,1.22702,1.22791,1771
2021-05-03 00:00:00+00:00,1.22808,1.22983,1.2268,1.2289,11495
2021-05-03 04:00:00+00:00,1.2289,1.23101,1.2289,1.23015,14058
2021-05-03 08:00:00+00:00,1.23022,1.23164,1.2286,1.22911,16538
2021-05-03 12:00:00+00:00,1.22915,1.23031,1.2267,1.22748,26546
2021-05-03 16:00:00+00:00,1.22752,1.22838,1.2266,1.22774,13014
2021-05-03 20:00:00+00:00,1.22777,1.2287,1.2271,1.2277,6968
2021-05-04 00:00:00+00:00,1.22787,1.22978,1.2278,1.22949,10536
2021-05-04 04:00:00+00:00,1.22943,1.23161,1.2286,1.23098,13278
2021-05-04 08:00:00+00:00,1.23107,1.23449,1.2307,1.23341,18853
2021-05-04 12:00:00+00:00,1.2332,1.23473,1.22999,1.23195,34503
2021-05-04 16:00:00+00:00,1.23165,1.23199,1.2301,1.23057,18619
2021-05-04 20:00:00+00:00,1.23058,1.2311,1.22969,1.22997,7737
2021-05-05 00:00:00+00:00,1.23,1.23024,1.2282,1.22858,10013
2021-05-05 04:00:00+00:00,1.22862,1.23052,1.22839,1.22932,15075
2021-05-05 08:00:00+00:00,1.22927,1.22937,1.2267,1.22735,16082
2021-05-05 12:00:00+00:00,1.22689,1.22816,1.225,1.22629,24980
2021-05-05 16:00:00+00:00,1.22612,1.22839,1.22612,1.22694,13317
2021-05-05 20:00:00+00:00,1.22705,1.2273,1.22604,1.22671,6420
2021-05-06 00:00:00+00:00,1.22662,1.22866,1.2255,1.22757,15400
2021-05-06 04:00:00+00:00,1.22745,1.22765,1.2251,1.22593,15431
2021-05-06 08:00:00+00:00,1.2258,1.22584,1.22354,1.22425,20236
2021-05-06 12:00:00+00:00,1.22414,1.22458,1.21828,1.21926,29972
2021-05-06 16:00:00+00:00,1.219,1.21967,1.21602,1.21619,15830
2021-05-06 20:00:00+00:00,1.21648,1.21648,1.21435,1.2154,8751
2021-05-07 00:00:00+00:00,1.2157,1.21668,1.2146,1.2166,12605
2021-05-07 04:00:00+00:00,1.2166,1.21829,1.216,1.21829,13773
2021-05-07 08:00:00+00:00,1.21822,1.21891,1.2172,1.21795,13619
2021-05-07 12:00:00+00:00,1.2182,1.21902,1.2124,1.21382,37333
2021-05-07 16:00:00+00:00,1.21384,1.21578,1.2136,1.21372,17546
2021-05-07 20:00:00+00:00,1.2137,1.21375,1.21148,1.21243,2520
2021-05-08 04:00:00+00:00,1.21303,1.21303,1.21303,1.21303,1
2021-05-09 16:00:00+00:00,1.21188,1.21276,1.21113,1.21164,10
2021-05-09 20:00:00+00:00,1.2126,1.2131,1.21108,1.21154,3045
2021-05-10 00:00:00+00:00,1.21166,1.2129,1.2112,1.2125,14819
2021-05-10 04:00:00+00:00,1.21254,1.21266,1.20958,1.21128,17007
2021-05-10 08:00:00+00:00,1.21132,1.21232,1.21004,1.21134,16541
2021-05-10 12:00:00+00:00,1.21176,1.21253,1.2081,1.20856,27938
2021-05-10 16:00:00+00:00,1.20843,1.21024,1.2078,1.20899,16433
2021-05-10 20:00:00+00:00,1.20912,1.21045,1.2089,1.20937,7595
2021-05-11 00:00:00+00:00,1.20914,1.21121,1.2088,1.2094,18053
2021-05-11 04:00:00+00:00,1.20947,1.21137,1.2085,1.21065,17772
2021-05-11 08:00:00+00:00,1.21055,1.21112,1.2088,1.21061,19876
2021-05-11 12:00:00+00:00,1.21031,1.21233,1.20818,1.20925,35476
2021-05-11 16:00:00+00:00,1.2093,1.21094,1.208,1.2096,21301
2021-05-11 20:00:00+00:00,1.2093,1.2104,1.2091,1.20961,6477
2021-05-12 00:00:00+00:00,1.2095,1.21314,1.2091,1.21306,17160
2021-05-12 04:00:00+00:00,1.2129,1.21318,1.2083,1.2087,18681
2021-05-12 08:00:00+00:00,1.20858,1.20981,1.2079,1.20859,19375
2021-05-12 12:00:00+00:00,1.20857,1.21176,1.20509,1.21035,45614
2021-05-12 16:00:00+00:00,1.21063,1.213,1.2099,1.213,28274
2021-05-12 20:00:00+00:00,1.21251,1.21369,1.2118,1.21189,8507
2021-05-13 00:00:00+00:00,1.21208,1.21292,1.21022,1.21183,17552
2021-05-13 04:00:00+00:00,1.21185,1.21454,1.2113,1.21454,19986
2021-05-13 08:00:00+00:00,1.2146,1.21549,1.2124,1.21366,25005
2021-05-13 12:00:00+00:00,1.2137,1.21516,1.21168,1.2146,35624
2021-05-13 16:00:00+00:00,1.21473,1.22016,1.21376,1.21619,27829
2021-05-13 20:00:00+00:00,1.21609,1.21726,1.21579,1.2169,6895
2021-05-14 00:00:00+00:00,1.2168,1.21777,1.2161,1.2175,16734
2021-05-14 04:00:00+00:00,1.2171,1.21749,1.214,1.21438,16706
2021-05-14 08:00:00+00:00,1.21447,1.21533,1.21203,1.21248,18339
2021-05-14 12:00:00+00:00,1.21223,1.21322,1.20822,1.21149,30975
2021-05-14 16:00:00+00:00,1.21149,1.21264,1.2105,1.2117,14358
2021-05-14 20:00:00+00:00,1.21169,1.21169,1.2092,1.21036,2400
2021-05-16 16:00:00+00:00,1.20931,1.2107,1.20892,1.2106,18
2021-05-16 20:00:00+00:00,1.21069,1.21179,1.21018,1.2111,2757
2021-05-17 00:00:00+00:00,1.2113,1.21351,1.2112,1.21312,21055
2021-05-17 04:00:00+00:00,1.21318,1.21318,1.2104,1.21165,18365
2021-05-17 08:00:00+00:00,1.21153,1.21285,1.2104,1.21272,17546
2021-05-17 12:00:00+00:00,1.2126,1.21283,1.207,1.20736,31993
2021-05-17 16:00:00+00:00,1.2074,1.20802,1.2058,1.20653,16870
2021-05-17 20:00:00+00:00,1.20671,1.2072,1.206,1.2061,5637
2021-05-18 00:00:00+00:00,1.20616,1.20632,1.20365,1.20391,1651
2021-05-18 04:00:00+00:00,1.204,1.20463,1.20123,1.20271,13373
2021-05-18 08:00:00+00:00,1.20281,1.20423,1.2014,1.20358,16106
2021-05-18 12:00:00+00:00,1.2035,1.20619,1.202,1.20609,28799
2021-05-18 16:00:00+00:00,1.20639,1.2081,1.20497,1.20619,19297
2021-05-18 20:00:00+00:00,1.20612,1.20714,1.20541,1.2071,7240
2021-05-19 00:00:00+00:00,1.20711,1.208,1.20629,1.20689,16761
2021-05-19 04:00:00+00:00,1.20685,1.20784,1.2057,1.20775,19438
2021-05-19 08:00:00+00:00,1.2074,1.2094,1.2068,1.20835,25242
2021-05-19 12:00:00+00:00,1.20833,1.21215,1.20591,1.2089,41295
2021-05-19 16:00:00+00:00,1.20936,1.21411,1.20786,1.21234,33317
2021-05-19 20:00:00+00:00,1.21213,1.2138,1.2117,1.2131,8287
2021-05-20 00:00:00+00:00,1.2131,1.2132,1.2109,1.21124,17379
2021-05-20 04:00:00+00:00,1.21125,1.21139,1.2099,1.21034,15756
2021-05-20 08:00:00+00:00,1.21036,1.21436,1.2102,1.21065,20295
2021-05-20 12:00:00+00:00,1.21051,1.21098,1.2047,1.205,28765
2021-05-20 16:00:00+00:00,1.20538,1.20688,1.2049,1.20564,20294
2021-05-20 20:00:00+00:00,1.2059,1.20667,1.2053,1.20627,7083
2021-05-21 00:00:00+00:00,1.20619,1.20854,1.2056,1.2072,15682
2021-05-21 04:00:00+00:00,1.20768,1.20936,1.2066,1.20857,16189
2021-05-21 08:00:00+00:00,1.20855,1.20907,1.20299,1.20432,20037
2021-05-21 12:00:00+00:00,1.20431,1.20759,1.20273,1.207,31480
2021-05-21 16:00:00+00:00,1.20698,1.20917,1.20549,1.20629,21838
2021-05-21 20:00:00+00:00,1.20647,1.20677,1.20497,1.20533,2134
2021-05-24 12:00:00+00:00,1.20616,1.20845,1.20494,1.20829,19410
2021-05-24 16:00:00+00:00,1.20805,1.20811,1.204,1.20421,13322
2021-05-24 20:00:00+00:00,1.20433,1.205,1.204,1.20497,6185
2021-05-25 00:00:00+00:00,1.2049,1.2055,1.2035,1.20437,15695
2021-05-25 04:00:00+00:00,1.2042,1.20472,1.20305,1.20469,17937
2021-05-25 08:00:00+00:00,1.20483,1.2052,1.203,1.203,17513
2021-05-25 12:00:00+00:00,1.20315,1.20775,1.2029,1.20707,31706
2021-05-25 16:00:00+00:00,1.2069,1.20745,1.20432,1.20657,20681
2021-05-25 20:00:00+00:00,1.2066,1.2069,1.2057,1.2064,6505
2021-05-26 00:00:00+00:00,1.20665,1.20665,1.2045,1.20494,16247
2021-05-26 04:00:00+00:00,1.20492,1.20702,1.2041,1.20702,16125
2021-05-26 08:00:00+00:00,1.207,1.20883,1.2066,1.20875,17405
2021-05-26 12:00:00+00:00,1.20888,1.21235,1.2084,1.21118,31738
2021-05-26 16:00:00+00:00,1.2112,1.21201,1.2106,1.21172,16507
2021-05-26 20:00:00+00:00,1.21177,1.21325,1.21095,1.213,7410
2021-05-27 00:00:00+00:00,1.21301,1.21409,1.2119,1.2119,14562
2021-05-27 04:00:00+00:00,1.21207,1.21286,1.2101,1.2101,15797
2021-05-27 08:00:00+00:00,1.21024,1.21193,1.2086,1.20919,18301
2021-05-27 12:00:00+00:00,1.20832,1.20915,1.2057,1.20757,31286
2021-05-27 16:00:00+00:00,1.20746,1.20777,1.206,1.2064,14738
2021-05-27 20:00:00+00:00,1.20649,1.2073,1.20606,1.20702,8547
2021-05-28 00:00:00+00:00,1.20709,1.20872,1.207,1.2077,13406
2021-05-28 04:00:00+00:00,1.2076,1.20946,1.2073,1.20784,14119
2021-05-28 08:00:00+00:00,1.20782,1.21177,1.2068,1.21098,16138
2021-05-28 12:00:00+00:00,1.21105,1.2119,1.2064,1.20884,28795
2021-05-28 16:00:00+00:00,1.20888,1.20909,1.2073,1.20814,15142
2021-05-28 20:00:00+00:00,1.20788,1.20829,1.20594,1.2075,3084
2021-05-30 16:00:00+00:00,1.20666,1.20675,1.20482,1.20616,6
2021-05-30 20:00:00+00:00,1.20668,1.20784,1.20482,1.20778,1919
2021-05-31 00:00:00+00:00,1.20767,1.20845,1.2068,1.2077,14598
2021-05-31 04:00:00+00:00,1.2076,1.20822,1.20654,1.20698,11317
2021-05-31 08:00:00+00:00,1.20698,1.20754,1.20601,1.20717,11978
2021-05-31 12:00:00+00:00,1.20698,1.20888,1.2064,1.2067,13935
2021-05-31 16:00:00+00:00,1.20681,1.20722,1.20459,1.20675,14998
2021-05-31 20:00:00+00:00,1.20646,1.2071,1.20532,1.20607,9599
2021-06-01 00:00:00+00:00,1.20596,1.20626,1.2045,1.2047,12905
2021-06-01 04:00:00+00:00,1.2047,1.20584,1.2028,1.2031,13613
2021-06-01 08:00:00+00:00,1.2033,1.20542,1.2028,1.20323,14781
2021-06-01 12:00:00+00:00,1.2036,1.2036,1.20089,1.2029,25606
2021-06-01 16:00:00+00:00,1.20323,1.20774,1.2032,1.20712,13376
2021-06-01 20:00:00+00:00,1.2068,1.2076,1.2064,1.2069,6353
2021-06-02 00:00:00+00:00,1.2068,1.20698,1.2055,1.2061,12864
2021-06-02 04:00:00+00:00,1.20626,1.20871,1.2061,1.2081,14761
2021-06-02 08:00:00+00:00,1.20794,1.20891,1.2066,1.20731,16331
2021-06-02 12:00:00+00:00,1.2068,1.20709,1.2044,1.20474,20803
2021-06-02 16:00:00+00:00,1.20475,1.20526,1.2029,1.20329,11430
2021-06-02 20:00:00+00:00,1.20337,1.2041,1.20294,1.2038,5099
2021-06-03 00:00:00+00:00,1.20395,1.20436,1.2028,1.20368,9170
2021-06-03 04:00:00+00:00,1.20381,1.20669,1.2034,1.20669,11300
2021-06-03 08:00:00+00:00,1.2065,1.20737,1.2051,1.20652,15901
2021-06-03 12:00:00+00:00,1.20635,1.21191,1.20601,1.21164,31722
2021-06-03 16:00:00+00:00,1.21189,1.21189,1.21,1.21029,12660
2021-06-03 20:00:00+00:00,1.21034,1.2111,1.2099,1.21095,5458
2021-06-04 00:00:00+00:00,1.21103,1.21232,1.21103,1.2116,14061
2021-06-04 04:00:00+00:00,1.2118,1.2124,1.21055,1.21209,12106
2021-06-04 08:00:00+00:00,1.21205,1.21329,1.21156,1.21207,12552
2021-06-04 12:00:00+00:00,1.21218,1.21285,1.20733,1.20889,30691
2021-06-04 16:00:00+00:00,1.20881,1.20891,1.2069,1.20773,9696
2021-06-04 20:00:00+00:00,1.20779,1.2083,1.20454,1.20796,2266
2021-06-06 16:00:00+00:00,1.20737,1.20737,1.20709,1.20725,11
2021-06-06 20:00:00+00:00,1.20732,1.20791,1.20472,1.20758,1761
2021-06-07 00:00:00+00:00,1.2075,1.20942,1.207,1.2085,12233
2021-06-07 04:00:00+00:00,1.20867,1.21065,1.208,1.20905,13458
2021-06-07 08:00:00+00:00,1.20935,1.20986,1.20654,1.20693,14745
2021-06-07 12:00:00+00:00,1.2068,1.2093,1.2062,1.20625,24412
2021-06-07 16:00:00+00:00,1.20618,1.20828,1.2057,1.2079,11004
2021-06-07 20:00:00+00:00,1.20785,1.2089,1.2071,1.20861,6610
2021-06-08 00:00:00+00:00,1.20867,1.20901,1.2075,1.2087,12569
2021-06-08 04:00:00+00:00,1.20854,1.20939,1.20785,1.20857,11426
2021-06-08 08:00:00+00:00,1.20835,1.20941,1.2072,1.20752,16247
2021-06-08 12:00:00+00:00,1.2073,1.21011,1.2071,1.21011,27252
2021-06-08 16:00:00+00:00,1.20995,1.21172,1.2097,1.2116,12646
2021-06-08 20:00:00+00:00,1.21171,1.21171,1.20945,1.21114,6094
2021-06-09 00:00:00+00:00,1.21147,1.21147,1.2101,1.2108,11260
2021-06-09 04:00:00+00:00,1.21096,1.21109,1.2093,1.20934,11279
2021-06-09 08:00:00+00:00,1.2092,1.20942,1.2074,1.20777,13515
2021-06-09 12:00:00+00:00,1.20766,1.21044,1.2057,1.21015,24627
2021-06-09 16:00:00+00:00,1.21041,1.21169,1.20981,1.2114,12558
2021-06-09 20:00:00+00:00,1.2115,1.2117,1.21035,1.21146,5449
2021-06-10 00:00:00+00:00,1.21151,1.21227,1.2113,1.2114,10860
2021-06-10 04:00:00+00:00,1.2114,1.21242,1.2107,1.21181,12317
2021-06-10 08:00:00+00:00,1.2116,1.2122,1.2103,1.21073,7914
2021-06-10 12:00:00+00:00,1.20765,1.21132,1.20715,1.20957,24462
2021-06-10 16:00:00+00:00,1.20943,1.21115,1.2084,1.20948,15299
2021-06-10 20:00:00+00:00,1.20908,1.20989,1.2089,1.20961,5621
2021-06-11 00:00:00+00:00,1.20945,1.20966,1.2085,1.20883,9526
2021-06-11 04:00:00+00:00,1.20882,1.20893,1.2079,1.20871,11220
2021-06-11 08:00:00+00:00,1.20885,1.21079,1.2084,1.21042,17243
2021-06-11 12:00:00+00:00,1.21045,1.21629,1.21007,1.21608,25704
2021-06-11 16:00:00+00:00,1.21629,1.21751,1.2157,1.21605,11902
2021-06-11 20:00:00+00:00,1.21589,1.21666,1.21381,1.21396,2591
2021-06-13 16:00:00+00:00,1.21543,1.21609,1.21458,1.21543,15
2021-06-13 20:00:00+00:00,1.21577,1.21636,1.21329,1.2158,1385
2021-06-14 00:00:00+00:00,1.21566,1.21675,1.2147,1.21538,10217
2021-06-14 04:00:00+00:00,1.2151,1.21617,1.2145,1.21498,13025
2021-06-14 08:00:00+00:00,1.2149,1.217,1.2149,1.21641,16724
2021-06-14 12:00:00+00:00,1.21656,1.21668,1.21284,1.21326,24002
2021-06-14 16:00:00+00:00,1.213,1.21461,1.2129,1.21423,12520
2021-06-14 20:00:00+00:00,1.21423,1.21485,1.21365,1.2141,5632
2021-06-15 00:00:00+00:00,1.2141,1.21499,1.2135,1.21403,12654
2021-06-15 04:00:00+00:00,1.21389,1.21433,1.2128,1.21415,13178
2021-06-15 08:00:00+00:00,1.2142,1.21984,1.2138,1.2192,18196
2021-06-15 12:00:00+00:00,1.2191,1.22022,1.21708,1.22018,24893
2021-06-15 16:00:00+00:00,1.21995,1.22001,1.2184,1.21874,14415
2021-06-15 20:00:00+00:00,1.21875,1.21875,1.2178,1.21849,6329
2021-06-16 00:00:00+00:00,1.21844,1.21853,1.2173,1.21771,9809
2021-06-16 04:00:00+00:00,1.21768,1.21834,1.2171,1.21779,14307
2021-06-16 08:00:00+00:00,1.21771,1.21891,1.2176,1.21783,14964
2021-06-16 12:00:00+00:00,1.21795,1.21899,1.2164,1.21644,22047
2021-06-16 16:00:00+00:00,1.2158,1.22749,1.2154,1.22582,37371
2021-06-16 20:00:00+00:00,1.22589,1.22826,1.22589,1.2278,10463
2021-06-17 00:00:00+00:00,1.22789,1.22911,1.22672,1.22756,17848
2021-06-17 04:00:00+00:00,1.22759,1.23035,1.2261,1.23004,16862
2021-06-17 08:00:00+00:00,1.23009,1.23459,1.229,1.23346,25102
2021-06-17 12:00:00+00:00,1.23336,1.23554,1.2298,1.23531,35607
2021-06-17 16:00:00+00:00,1.2354,1.23748,1.23405,1.23584,24982
2021-06-17 20:00:00+00:00,1.23565,1.2358,1.2341,1.23451,7589
2021-06-18 00:00:00+00:00,1.23464,1.23565,1.23398,1.2349,14252
2021-06-18 04:00:00+00:00,1.235,1.23858,1.2349,1.23667,19988
2021-06-18 08:00:00+00:00,1.23657,1.23776,1.2354,1.23591,20264
2021-06-18 12:00:00+00:00,1.23641,1.24788,1.23641,1.24372,44817
2021-06-18 16:00:00+00:00,1.2439,1.24408,1.2415,1.24386,21605
2021-06-18 20:00:00+00:00,1.24376,1.24724,1.2437,1.24663,3471
2021-06-20 16:00:00+00:00,1.24616,1.24616,1.24217,1.24436,12
2021-06-20 20:00:00+00:00,1.245,1.2464,1.24376,1.24499,3624
2021-06-21 00:00:00+00:00,1.24521,1.24751,1.2435,1.24692,25764
2021-06-21 04:00:00+00:00,1.24729,1.24851,1.2449,1.24638,24105
2021-06-21 08:00:00+00:00,1.24635,1.24719,1.24155,1.24175,25020
2021-06-21 12:00:00+00:00,1.24208,1.24213,1.2366,1.23699,30469
2021-06-21 16:00:00+00:00,1.2369,1.237,1.23521,1.23584,17082
2021-06-21 20:00:00+00:00,1.23584,1.2371,1.2353,1.237,7671
2021-06-22 00:00:00+00:00,1.237,1.2382,1.2368,1.2371,13360
2021-06-22 04:00:00+00:00,1.2371,1.23877,1.2368,1.2384,16574
2021-06-22 08:00:00+00:00,1.23887,1.23921,1.23737,1.23856,19227
2021-06-22 12:00:00+00:00,1.2387,1.2402,1.23613,1.23639,26455
2021-06-22 16:00:00+00:00,1.23635,1.23635,1.23037,1.23102,20559
2021-06-22 20:00:00+00:00,1.23124,1.2313,1.2301,1.23105,6956
2021-06-23 00:00:00+00:00,1.23111,1.2327,1.2307,1.23226,15060
2021-06-23 04:00:00+00:00,1.23225,1.2328,1.22968,1.22968,16056
2021-06-23 08:00:00+00:00,1.22933,1.23,1.22714,1.22763,19513
2021-06-23 12:00:00+00:00,1.22775,1.22958,1.22523,1.22854,25351
2021-06-23 16:00:00+00:00,1.22861,1.23136,1.2286,1.23093,16480
2021-06-23 20:00:00+00:00,1.23076,1.23099,1.2299,1.23033,6120
2021-06-24 00:00:00+00:00,1.23035,1.23124,1.22987,1.23055,13192
2021-06-24 04:00:00+00:00,1.23058,1.23131,1.22928,1.2294,15367
2021-06-24 08:00:00+00:00,1.22963,1.23014,1.2281,1.22959,18955
2021-06-24 12:00:00+00:00,1.22976,1.23405,1.22869,1.23382,26982
2021-06-24 16:00:00+00:00,1.23376,1.23376,1.23094,1.23226,16591
2021-06-24 20:00:00+00:00,1.23203,1.233,1.23151,1.232,5869
2021-06-25 00:00:00+00:00,1.23225,1.23283,1.2308,1.23111,11339
2021-06-25 04:00:00+00:00,1.23111,1.23164,1.22993,1.23023,14396
2021-06-25 08:00:00+00:00,1.2305,1.23127,1.2297,1.23085,15251
2021-06-25 12:00:00+00:00,1.23082,1.23082,1.2271,1.22934,26811
2021-06-25 16:00:00+00:00,1.2295,1.23096,1.2291,1.22956,13531
2021-06-25 20:00:00+00:00,1.22966,1.23012,1.22711,1.22761,2458
2021-06-27 00:00:00+00:00,1.22821,1.22821,1.22821,1.22821,1
2021-06-27 08:00:00+00:00,1.2292,1.2292,1.2292,1.2292,1
2021-06-27 16:00:00+00:00,1.22911,1.22911,1.22885,1.22894,5
2021-06-27 20:00:00+00:00,1.22895,1.23036,1.2287,1.22911,2105
2021-06-28 00:00:00+00:00,1.22937,1.23123,1.2287,1.23112,7651
2021-06-28 12:00:00+00:00,1.23331,1.23403,1.2319,1.23246,14079
2021-06-28 16:00:00+00:00,1.23249,1.23455,1.2324,1.23425,12977
2021-06-28 20:00:00+00:00,1.2341,1.2345,1.23242,1.23343,5852
2021-06-29 00:00:00+00:00,1.23332,1.23482,1.233,1.2343,11106
2021-06-29 04:00:00+00:00,1.23458,1.23571,1.2333,1.23564,13610
2021-06-29 08:00:00+00:00,1.23563,1.2387,1.2355,1.23848,19375
2021-06-29 12:00:00+00:00,1.23829,1.23972,1.23652,1.23778,27198
2021-06-29 16:00:00+00:00,1.23764,1.23972,1.23746,1.23944,12119
2021-06-29 20:00:00+00:00,1.23923,1.2402,1.2387,1.23962,6439
2021-06-30 00:00:00+00:00,1.23975,1.2403,1.2389,1.2395,11026
2021-06-30 04:00:00+00:00,1.23953,1.24009,1.2379,1.23975,13359
2021-06-30 08:00:00+00:00,1.23973,1.24219,1.2379,1.238,19887
2021-06-30 12:00:00+00:00,1.23807,1.2405,1.23561,1.2404,30626
2021-06-30 16:00:00+00:00,1.24045,1.24197,1.23943,1.23973,16804
2021-06-30 20:00:00+00:00,1.23929,1.2401,1.2388,1.23927,8814
2021-07-01 00:00:00+00:00,1.23957,1.24084,1.2392,1.23964,10288
2021-07-01 04:00:00+00:00,1.23951,1.2409,1.2388,1.24003,13707
2021-07-01 08:00:00+00:00,1.23996,1.24168,1.238,1.23804,20381
2021-07-01 12:00:00+00:00,1.23819,1.24276,1.23653,1.24054,26496
2021-07-01 16:00:00+00:00,1.24052,1.24437,1.2405,1.24388,13574
2021-07-01 20:00:00+00:00,1.24383,1.2443,1.2433,1.2438,5190
2021-07-02 00:00:00+00:00,1.24397,1.24438,1.2428,1.2431,10402
2021-07-02 04:00:00+00:00,1.24301,1.24493,1.2426,1.24397,12585
2021-07-02 08:00:00+00:00,1.24405,1.24405,1.24028,1.24176,15655
2021-07-02 12:00:00+00:00,1.24164,1.24215,1.23408,1.2343,34903
2021-07-02 16:00:00+00:00,1.23449,1.23513,1.2308,1.23233,15512
2021-07-02 20:00:00+00:00,1.23243,1.23275,1.22917,1.23072,3021
2021-07-03 08:00:00+00:00,1.2316,1.2316,1.2316,1.2316,1
2021-07-04 16:00:00+00:00,1.23162,1.23162,1.23052,1.23065,15
2021-07-04 20:00:00+00:00,1.23115,1.23319,1.23062,1.233,2739
2021-07-05 00:00:00+00:00,1.23328,1.23462,1.2331,1.23462,12896
2021-07-05 04:00:00+00:00,1.2345,1.23533,1.2333,1.23441,12740
2021-07-05 08:00:00+00:00,1.2342,1.23575,1.2333,1.23565,14178
2021-07-05 12:00:00+00:00,1.2356,1.23691,1.23296,1.23304,15479
2021-07-05 16:00:00+00:00,1.23263,1.2338,1.2324,1.23327,13193
2021-07-05 20:00:00+00:00,1.23337,1.2345,1.23267,1.23399,6927
2021-07-06 00:00:00+00:00,1.23402,1.23454,1.232,1.2321,12789
2021-07-06 04:00:00+00:00,1.23243,1.23333,1.23025,1.23245,17035
2021-07-06 08:00:00+00:00,1.23286,1.2363,1.23286,1.23603,17705
2021-07-06 12:00:00+00:00,1.23599,1.24942,1.23576,1.24649,35388
2021-07-06 16:00:00+00:00,1.2468,1.24927,1.24511,1.24636,17684
2021-07-06 20:00:00+00:00,1.2459,1.2468,1.2452,1.2458,6536
2021-07-07 00:00:00+00:00,1.2458,1.24735,1.2458,1.24636,13615
2021-07-07 04:00:00+00:00,1.2462,1.24719,1.24408,1.24426,15566
2021-07-07 08:00:00+00:00,1.2444,1.24533,1.2429,1.24314,18620
2021-07-07 12:00:00+00:00,1.24302,1.25176,1.2422,1.25075,34758
2021-07-07 16:00:00+00:00,1.25052,1.25052,1.24528,1.24848,24654
2021-07-07 20:00:00+00:00,1.2484,1.2489,1.2475,1.24817,5912
2021-07-08 00:00:00+00:00,1.24819,1.25194,1.24777,1.25194,16267
2021-07-08 04:00:00+00:00,1.25191,1.2562,1.2517,1.2549,21851
2021-07-08 08:00:00+00:00,1.25517,1.25902,1.25391,1.2563,32606
2021-07-08 12:00:00+00:00,1.25655,1.25833,1.2526,1.25337,40374
2021-07-08 16:00:00+00:00,1.2531,1.25388,1.25165,1.25335,21133
2021-07-08 20:00:00+00:00,1.25313,1.2545,1.25202,1.2528,7761
2021-07-09 00:00:00+00:00,1.25299,1.25559,1.2523,1.2542,18646
2021-07-09 04:00:00+00:00,1.25427,1.25454,1.25165,1.25238,21845
2021-07-09 08:00:00+00:00,1.25229,1.25246,1.24906,1.24953,26421
2021-07-09 12:00:00+00:00,1.24947,1.25005,1.2464,1.24773,29532
2021-07-09 16:00:00+00:00,1.24745,1.24831,1.2449,1.24491,13766
2021-07-09 20:00:00+00:00,1.24468,1.24543,1.241,1.24438,2785
2021-07-10 08:00:00+00:00,1.2446,1.2446,1.2446,1.2446,1
2021-07-11 16:00:00+00:00,1.24413,1.24478,1.24413,1.24423,14
2021-07-11 20:00:00+00:00,1.24525,1.24539,1.24328,1.2448,1284
2021-07-12 00:00:00+00:00,1.24479,1.24734,1.2446,1.24734,2772
2021-07-12 04:00:00+00:00,1.24728,1.24796,1.2462,1.24676,3641
2021-07-12 08:00:00+00:00,1.24686,1.25118,1.24635,1.2506,18818
2021-07-12 12:00:00+00:00,1.2504,1.25062,1.2452,1.24548,29320
2021-07-12 16:00:00+00:00,1.24561,1.24688,1.2453,1.24543,13686
2021-07-12 20:00:00+00:00,1.2452,1.24573,1.2447,1.24552,5859
2021-07-13 00:00:00+00:00,1.2447,1.24551,1.24416,1.245,9561
2021-07-13 04:00:00+00:00,1.2449,1.2467,1.2449,1.2467,13879
2021-07-13 08:00:00+00:00,1.2465,1.2492,1.2463,1.2476,15255
2021-07-13 12:00:00+00:00,1.24829,1.25376,1.24706,1.25094,38436
2021-07-13 16:00:00+00:00,1.25116,1.25243,1.2497,1.25161,19277
2021-07-13 20:00:00+00:00,1.25162,1.25235,1.24914,1.2521,6322
2021-07-14 00:00:00+00:00,1.25235,1.25235,1.2494,1.25033,14378
2021-07-14 04:00:00+00:00,1.25062,1.25128,1.249,1.25128,16597
2021-07-14 08:00:00+00:00,1.25135,1.25242,1.2478,1.2479,21455
2021-07-14 12:00:00+00:00,1.24802,1.25239,1.2449,1.25223,37556
2021-07-14 16:00:00+00:00,1.25194,1.25202,1.2494,1.25057,22456
2021-07-14 20:00:00+00:00,1.25071,1.2518,1.24991,1.25154,6769
2021-07-15 00:00:00+00:00,1.2513,1.2548,1.2513,1.2538,17168
2021-07-15 04:00:00+00:00,1.25379,1.25444,1.25207,1.2528,19245
2021-07-15 08:00:00+00:00,1.25287,1.25358,1.2502,1.25322,26103
2021-07-15 12:00:00+00:00,1.25338,1.25811,1.2529,1.25811,35746
2021-07-15 16:00:00+00:00,1.25692,1.26129,1.2565,1.25987,26824
2021-07-15 20:00:00+00:00,1.25997,1.25997,1.2584,1.2589,8654
2021-07-16 00:00:00+00:00,1.25909,1.25953,1.2572,1.25733,15532
2021-07-16 04:00:00+00:00,1.25734,1.2596,1.2565,1.2596,15748
2021-07-16 08:00:00+00:00,1.25952,1.25987,1.25627,1.25945,22467
2021-07-16 12:00:00+00:00,1.25938,1.26116,1.25729,1.25871,35344
2021-07-16 16:00:00+00:00,1.25874,1.26164,1.2578,1.26112,21755
2021-07-16 20:00:00+00:00,1.26067,1.26191,1.25991,1.25991,2646
2021-07-17 08:00:00+00:00,1.26001,1.26001,1.26001,1.26001,1
2021-07-18 16:00:00+00:00,1.2607,1.2607,1.26039,1.26044,6
2021-07-18 20:00:00+00:00,1.26052,1.26216,1.2593,1.2617,2957
2021-07-19 00:00:00+00:00,1.26178,1.26406,1.2616,1.26386,17515
2021-07-19 04:00:00+00:00,1.26383,1.27069,1.2637,1.26965,19104
2021-07-19 08:00:00+00:00,1.26946,1.27999,1.2689,1.27747,31266
2021-07-19 12:00:00+00:00,1.27807,1.27845,1.27313,1.275,47188
2021-07-19 16:00:00+00:00,1.27536,1.27772,1.27461,1.27461,33443
2021-07-19 20:00:00+00:00,1.27453,1.2755,1.2738,1.27492,8745
2021-07-20 00:00:00+00:00,1.27484,1.27545,1.27319,1.2753,19926
2021-07-20 04:00:00+00:00,1.2753,1.27849,1.2753,1.27786,24764
2021-07-20 08:00:00+00:00,1.27768,1.27768,1.2738,1.27498,33044
2021-07-20 12:00:00+00:00,1.27492,1.27851,1.27219,1.2723,40615
2021-07-20 16:00:00+00:00,1.27238,1.27304,1.2673,1.26775,21027
2021-07-20 20:00:00+00:00,1.2674,1.2685,1.26709,1.2675,7664
2021-07-21 00:00:00+00:00,1.2676,1.27113,1.2672,1.27012,17408
2021-07-21 04:00:00+00:00,1.2701,1.27291,1.26995,1.26999,21159
2021-07-21 08:00:00+00:00,1.26991,1.27079,1.2669,1.26992,27877
2021-07-21 12:00:00+00:00,1.26975,1.26994,1.25272,1.2539,35137
2021-07-21 16:00:00+00:00,1.2539,1.25671,1.25327,1.2563,19571
2021-07-21 20:00:00+00:00,1.2564,1.25697,1.25383,1.25697,7088
2021-07-22 00:00:00+00:00,1.25689,1.25834,1.25681,1.2573,13083
2021-07-22 04:00:00+00:00,1.25749,1.25867,1.25622,1.25711,17409
2021-07-22 08:00:00+00:00,1.25757,1.25766,1.25402,1.25409,23673
2021-07-22 12:00:00+00:00,1.25437,1.25924,1.25291,1.25792,39631
2021-07-22 16:00:00+00:00,1.25804,1.25828,1.25518,1.2565,19984
2021-07-22 20:00:00+00:00,1.25644,1.25691,1.25487,1.2564,8055
2021-07-23 00:00:00+00:00,1.25623,1.2571,1.2553,1.2568,12168
2021-07-23 04:00:00+00:00,1.25706,1.25801,1.25646,1.25723,17027
2021-07-23 08:00:00+00:00,1.2568,1.25818,1.2558,1.25669,22707
2021-07-23 12:00:00+00:00,1.25669,1.26042,1.25604,1.258,27973
2021-07-23 16:00:00+00:00,1.25765,1.25789,1.2565,1.25679,17058
2021-07-23 20:00:00+00:00,1.25671,1.25671,1.2557,1.2563,2390
2021-07-24 04:00:00+00:00,1.2562,1.2562,1.2562,1.2562,1
2021-07-25 16:00:00+00:00,1.25569,1.25581,1.25548,1.25581,10
2021-07-25 20:00:00+00:00,1.25588,1.25714,1.25548,1.25675,2656
2021-07-26 00:00:00+00:00,1.25687,1.2586,1.2568,1.25797,20631
2021-07-26 04:00:00+00:00,1.25794,1.25891,1.25602,1.25741,22540
2021-07-26 08:00:00+00:00,1.25771,1.25865,1.2544,1.25564,23829
2021-07-26 12:00:00+00:00,1.25581,1.25873,1.25302,1.25401,29450
2021-07-26 16:00:00+00:00,1.25409,1.25531,1.2538,1.2541,14475
2021-07-26 20:00:00+00:00,1.25424,1.2556,1.2532,1.25428,6359
2021-07-27 00:00:00+00:00,1.25452,1.25522,1.2537,1.25442,14058
2021-07-27 04:00:00+00:00,1.25432,1.25917,1.2541,1.25783,20541
2021-07-27 08:00:00+00:00,1.25806,1.2592,1.2568,1.25709,24243
2021-07-27 12:00:00+00:00,1.25686,1.25943,1.2554,1.25803,36336
2021-07-27 16:00:00+00:00,1.25841,1.25976,1.25735,1.25932,24408
2021-07-27 20:00:00+00:00,1.25915,1.2604,1.2588,1.25909,9134
2021-07-28 00:00:00+00:00,1.25906,1.25966,1.2578,1.2585,18834
2021-07-28 04:00:00+00:00,1.25858,1.25958,1.2574,1.25818,20038
2021-07-28 08:00:00+00:00,1.25851,1.25904,1.25605,1.2561,25913
2021-07-28 12:00:00+00:00,1.2566,1.26,1.25565,1.25633,36157
2021-07-28 16:00:00+00:00,1.25645,1.25979,1.25257,1.25298,36042
2021-07-28 20:00:00+00:00,1.25287,1.2535,1.2514,1.25197,7380
2021-07-29 00:00:00+00:00,1.25189,1.25289,1.2489,1.2489,19574
2021-07-29 04:00:00+00:00,1.24906,1.24917,1.2467,1.2467,18485
2021-07-29 08:00:00+00:00,1.247,1.24748,1.24509,1.24678,20618
2021-07-29 12:00:00+00:00,1.24686,1.24789,1.2434,1.24399,31385
2021-07-29 16:00:00+00:00,1.24411,1.24506,1.2431,1.2448,15707
2021-07-29 20:00:00+00:00,1.24442,1.2451,1.24293,1.24492,8492
2021-07-30 00:00:00+00:00,1.24496,1.24722,1.2447,1.24499,20545
2021-07-30 04:00:00+00:00,1.245,1.2455,1.2435,1.24375,19513
2021-07-30 08:00:00+00:00,1.2437,1.2448,1.24263,1.24458,22920
2021-07-30 12:00:00+00:00,1.24453,1.24854,1.24237,1.2465,32704
2021-07-30 16:00:00+00:00,1.24684,1.24897,1.2467,1.2479,19669
2021-07-30 20:00:00+00:00,1.24765,1.24788,1.24302,1.24352,3472
2021-08-01 16:00:00+00:00,1.24684,1.24816,1.24316,1.24316,10
2021-08-01 20:00:00+00:00,1.24797,1.24806,1.24134,1.24667,2884
2021-08-02 00:00:00+00:00,1.24713,1.24898,1.2468,1.24745,20925
2021-08-02 04:00:00+00:00,1.24756,1.24805,1.2458,1.24701,16237
2021-08-02 08:00:00+00:00,1.24668,1.24738,1.2454,1.24638,17715
2021-08-02 12:00:00+00:00,1.24644,1.25021,1.24529,1.25019,29461
2021-08-02 16:00:00+00:00,1.25008,1.25146,1.2497,1.25087,20768
2021-08-02 20:00:00+00:00,1.2508,1.2515,1.2496,1.25011,6221
2021-08-03 00:00:00+00:00,1.24994,1.25165,1.2488,1.2515,15721
2021-08-03 04:00:00+00:00,1.25158,1.25255,1.2499,1.25095,22030
2021-08-03 08:00:00+00:00,1.25082,1.25216,1.2497,1.25035,18108
2021-08-03 12:00:00+00:00,1.25051,1.25752,1.2502,1.2548,36694
2021-08-03 16:00:00+00:00,1.25498,1.2554,1.2531,1.25318,16947
2021-08-03 20:00:00+00:00,1.25338,1.2542,1.2527,1.25333,6860
2021-08-04 00:00:00+00:00,1.2533,1.25504,1.2515,1.25201,12205
2021-08-04 04:00:00+00:00,1.25191,1.2542,1.25166,1.25214,14357
2021-08-04 08:00:00+00:00,1.2524,1.25513,1.25208,1.25492,18395
2021-08-04 12:00:00+00:00,1.25497,1.25618,1.25231,1.2547,36014
2021-08-04 16:00:00+00:00,1.25531,1.25551,1.254,1.25476,18626
2021-08-04 20:00:00+00:00,1.2547,1.25513,1.25329,1.2544,5975
2021-08-05 00:00:00+00:00,1.25423,1.25433,1.2526,1.25287,13452
2021-08-05 04:00:00+00:00,1.25289,1.25362,1.25179,1.25199,15656
2021-08-05 08:00:00+00:00,1.25209,1.25324,1.2502,1.25058,21571
2021-08-05 12:00:00+00:00,1.25058,1.25227,1.24749,1.24867,32897
2021-08-05 16:00:00+00:00,1.24875,1.25029,1.24875,1.24991,15901
2021-08-05 20:00:00+00:00,1.24981,1.2508,1.24859,1.25013,5236
2021-08-06 00:00:00+00:00,1.2501,1.25118,1.2501,1.25069,12744
2021-08-06 04:00:00+00:00,1.2506,1.25102,1.2495,1.25033,13509
2021-08-06 08:00:00+00:00,1.25044,1.25141,1.25018,1.25057,15762
2021-08-06 12:00:00+00:00,1.25064,1.25806,1.25011,1.25644,38454
2021-08-06 16:00:00+00:00,1.2564,1.25658,1.2547,1.25586,14956
2021-08-06 20:00:00+00:00,1.25578,1.25614,1.25398,1.25408,2360
2021-08-07 16:00:00+00:00,1.25448,1.25448,1.25448,1.25448,1
2021-08-08 16:00:00+00:00,1.25456,1.25456,1.25408,1.25453,12
2021-08-08 20:00:00+00:00,1.25459,1.25786,1.25189,1.2572,5227
2021-08-09 00:00:00+00:00,1.257,1.25829,1.2556,1.25622,17344
2021-08-09 04:00:00+00:00,1.25605,1.25682,1.254,1.25492,17184
2021-08-09 08:00:00+00:00,1.2551,1.25595,1.25327,1.25327,22632
2021-08-09 12:00:00+00:00,1.25341,1.25866,1.25309,1.2572,32277
2021-08-09 16:00:00+00:00,1.25716,1.25808,1.25633,1.25796,15619
2021-08-09 20:00:00+00:00,1.2578,1.25839,1.25654,1.25753,6154
2021-08-10 00:00:00+00:00,1.25734,1.25882,1.257,1.25783,11606
2021-08-10 04:00:00+00:00,1.2576,1.25808,1.25565,1.25676,14977
2021-08-10 08:00:00+00:00,1.25661,1.2579,1.2562,1.25645,17899
2021-08-10 12:00:00+00:00,1.25647,1.25864,1.2523,1.25313,29545
2021-08-10 16:00:00+00:00,1.25334,1.25354,1.25218,1.25249,14376
2021-08-10 20:00:00+00:00,1.25257,1.2526,1.2513,1.2519,7072
2021-08-11 00:00:00+00:00,1.25176,1.25313,1.25176,1.25298,10845
2021-08-11 04:00:00+00:00,1.2528,1.25447,1.2525,1.25354,13966
2021-08-11 08:00:00+00:00,1.25345,1.25474,1.2526,1.2527,16675
2021-08-11 12:00:00+00:00,1.25299,1.25316,1.2492,1.25144,33692
2021-08-11 16:00:00+00:00,1.25126,1.25132,1.249,1.25017,15839
2021-08-11 20:00:00+00:00,1.25021,1.251,1.25,1.2505,5562
2021-08-12 00:00:00+00:00,1.25051,1.25137,1.25,1.2501,10798
2021-08-12 04:00:00+00:00,1.2499,1.2521,1.2498,1.2512,16030
2021-08-12 08:00:00+00:00,1.25153,1.25213,1.25041,1.25126,20700
2021-08-12 12:00:00+00:00,1.2512,1.25284,1.25004,1.2517,27437
2021-08-12 16:00:00+00:00,1.25159,1.25323,1.25134,1.25152,14781
2021-08-12 20:00:00+00:00,1.25151,1.2532,1.25138,1.252,7268
2021-08-13 00:00:00+00:00,1.25188,1.25284,1.25141,1.2518,10081
2021-08-13 04:00:00+00:00,1.2517,1.25254,1.2513,1.25159,11371
2021-08-13 08:00:00+00:00,1.25168,1.25317,1.2507,1.25155,13316
2021-08-13 12:00:00+00:00,1.25156,1.25267,1.25028,1.25118,25256
2021-08-13 16:00:00+00:00,1.25108,1.25191,1.2505,1.25135,13383
2021-08-13 20:00:00+00:00,1.2515,1.25187,1.25021,1.25106,2286
2021-08-15 16:00:00+00:00,1.25118,1.25136,1.25084,1.25084,9
2021-08-15 20:00:00+00:00,1.2514,1.25186,1.25065,1.2516,1627
2021-08-16 00:00:00+00:00,1.2514,1.25424,1.2514,1.25411,11212
2021-08-16 04:00:00+00:00,1.25412,1.25522,1.253,1.25489,14138
2021-08-16 08:00:00+00:00,1.2546,1.25608,1.2532,1.25551,18228
2021-08-16 12:00:00+00:00,1.25585,1.2583,1.2552,1.25692,30428
2021-08-16 16:00:00+00:00,1.2567,1.25783,1.2565,1.25681,12953
2021-08-16 20:00:00+00:00,1.25685,1.2575,1.2566,1.2571,5868
2021-08-17 00:00:00+00:00,1.25711,1.25983,1.25706,1.2595,13854
2021-08-17 04:00:00+00:00,1.25959,1.26279,1.2583,1.26225,17958
2021-08-17 08:00:00+00:00,1.26171,1.26233,1.26067,1.26116,21591
2021-08-17 12:00:00+00:00,1.2608,1.26335,1.26018,1.26225,33796
2021-08-17 16:00:00+00:00,1.26238,1.26481,1.2617,1.26217,22905
2021-08-17 20:00:00+00:00,1.2621,1.2639,1.26186,1.26265,6145
2021-08-18 00:00:00+00:00,1.26263,1.26384,1.2608,1.26137,15532
2021-08-18 04:00:00+00:00,1.2613,1.26204,1.2603,1.26194,13429
2021-08-18 08:00:00+00:00,1.2617,1.2632,1.2611,1.2614,19478
2021-08-18 12:00:00+00:00,1.26131,1.2642,1.26054,1.26387,30946
2021-08-18 16:00:00+00:00,1.26375,1.26522,1.2617,1.26513,28071
2021-08-18 20:00:00+00:00,1.26483,1.26631,1.2646,1.26631,8816
2021-08-19 00:00:00+00:00,1.26611,1.26978,1.2658,1.269,18451
2021-08-19 04:00:00+00:00,1.26887,1.27405,1.2686,1.27353,22816
2021-08-19 08:00:00+00:00,1.27389,1.27699,1.27344,1.2751,31602
2021-08-19 12:00:00+00:00,1.27538,1.2817,1.27444,1.27928,42237
2021-08-19 16:00:00+00:00,1.27899,1.28283,1.27881,1.28239,28889
2021-08-19 20:00:00+00:00,1.28246,1.28316,1.28188,1.28312,7494
2021-08-20 00:00:00+00:00,1.28286,1.28625,1.2813,1.28514,19949
2021-08-20 04:00:00+00:00,1.28525,1.29193,1.28489,1.29099,28130
2021-08-20 08:00:00+00:00,1.29061,1.29476,1.2898,1.2907,25653
2021-08-20 12:00:00+00:00,1.29092,1.29118,1.28351,1.28529,34063
2021-08-20 16:00:00+00:00,1.28523,1.28523,1.2824,1.28254,17352
2021-08-20 20:00:00+00:00,1.28255,1.2829,1.28049,1.28049,3701
2021-08-21 08:00:00+00:00,1.28149,1.28149,1.28149,1.28149,1
2021-08-22 08:00:00+00:00,1.2821,1.2821,1.2821,1.2821,1
2021-08-22 16:00:00+00:00,1.28143,1.28179,1.28013,1.28013,21
2021-08-22 20:00:00+00:00,1.2819,1.28316,1.28101,1.2826,2332
2021-08-23 00:00:00+00:00,1.28206,1.28213,1.27683,1.27723,17375
2021-08-23 04:00:00+00:00,1.27706,1.27783,1.27552,1.27569,18677
2021-08-23 08:00:00+00:00,1.27596,1.27596,1.2712,1.27206,22418
2021-08-23 12:00:00+00:00,1.27207,1.27305,1.26612,1.26667,30410
2021-08-23 16:00:00+00:00,1.2666,1.26716,1.264,1.26529,15279
2021-08-23 20:00:00+00:00,1.26523,1.26602,1.26425,1.2651,6702
2021-08-24 00:00:00+00:00,1.26522,1.26575,1.26457,1.26539,12155
2021-08-24 04:00:00+00:00,1.2652,1.26554,1.26124,1.26272,16452
2021-08-24 08:00:00+00:00,1.26293,1.26382,1.2606,1.2624,21323
2021-08-24 12:00:00+00:00,1.2623,1.26365,1.2578,1.26141,28773
2021-08-24 16:00:00+00:00,1.26153,1.26191,1.25907,1.2597,13425
2021-08-24 20:00:00+00:00,1.25957,1.2598,1.2586,1.2596,6378
2021-08-25 00:00:00+00:00,1.25931,1.26164,1.2587,1.2612,14419
2021-08-25 04:00:00+00:00,1.2611,1.26258,1.2608,1.26139,14662
2021-08-25 08:00:00+00:00,1.26171,1.26313,1.2599,1.26267,20666
2021-08-25 12:00:00+00:00,1.2626,1.26403,1.26099,1.2624,28824
2021-08-25 16:00:00+00:00,1.26238,1.26238,1.25918,1.25929,17000
2021-08-25 20:00:00+00:00,1.25925,1.25951,1.2584,1.25887,6817
2021-08-26 00:00:00+00:00,1.25894,1.26243,1.2589,1.26221,11350
2021-08-26 04:00:00+00:00,1.26219,1.26253,1.25942,1.26063,15473
2021-08-26 08:00:00+00:00,1.26059,1.26164,1.25971,1.26078,18904
2021-08-26 12:00:00+00:00,1.26067,1.26543,1.26053,1.26539,34469
2021-08-26 16:00:00+00:00,1.26548,1.2695,1.2654,1.26856,19616
2021-08-26 20:00:00+00:00,1.26861,1.2688,1.2677,1.2685,6611
2021-08-27 00:00:00+00:00,1.2686,1.27073,1.2678,1.26828,13875
2021-08-27 04:00:00+00:00,1.2683,1.2688,1.26584,1.26621,15441
2021-08-27 08:00:00+00:00,1.26617,1.26887,1.2659,1.26862,17593
2021-08-27 12:00:00+00:00,1.2681,1.27048,1.2611,1.26136,38272
2021-08-27 16:00:00+00:00,1.26126,1.26216,1.2606,1.26128,15299
2021-08-27 20:00:00+00:00,1.26133,1.262,1.26093,1.26102,2687
2021-08-29 16:00:00+00:00,1.26093,1.26155,1.26033,1.26033,9
2021-08-29 20:00:00+00:00,1.26145,1.26234,1.26019,1.2611,2085
2021-08-30 00:00:00+00:00,1.2609,1.26304,1.2609,1.26265,14326
2021-08-30 04:00:00+00:00,1.2625,1.26328,1.26129,1.26129,14519
2021-08-30 08:00:00+00:00,1.26173,1.26236,1.26018,1.26018,16382
2021-08-30 12:00:00+00:00,1.2602,1.2613,1.2575,1.2606,24873
2021-08-30 16:00:00+00:00,1.2605,1.26137,1.2599,1.26056,13584
2021-08-30 20:00:00+00:00,1.26072,1.26102,1.25971,1.26088,6557
2021-08-31 00:00:00+00:00,1.26102,1.26246,1.26026,1.26069,14286
2021-08-31 04:00:00+00:00,1.26057,1.26086,1.2568,1.25871,16990
2021-08-31 08:00:00+00:00,1.2588,1.25907,1.2567,1.2576,23652
2021-08-31 12:00:00+00:00,1.25805,1.26518,1.25789,1.2629,37273
2021-08-31 16:00:00+00:00,1.26292,1.26335,1.26018,1.26159,18586
2021-08-31 20:00:00+00:00,1.2613,1.26193,1.25978,1.26161,7508
2021-09-01 00:00:00+00:00,1.26143,1.26358,1.2609,1.2617,14706
2021-09-01 04:00:00+00:00,1.2616,1.26254,1.25822,1.25869,17294
2021-09-01 08:00:00+00:00,1.25882,1.26088,1.25826,1.25952,18226
2021-09-01 12:00:00+00:00,1.2593,1.26264,1.25798,1.26154,32569
2021-09-01 16:00:00+00:00,1.2612,1.26237,1.25966,1.26222,16223
2021-09-01 20:00:00+00:00,1.26223,1.26267,1.26133,1.26217,6503
2021-09-02 00:00:00+00:00,1.26163,1.26379,1.2613,1.26271,11978
2021-09-02 04:00:00+00:00,1.26275,1.2628,1.2587,1.25886,13737
2021-09-02 08:00:00+00:00,1.25904,1.26083,1.25904,1.26051,16937
2021-09-02 12:00:00+00:00,1.26038,1.26215,1.2552,1.25612,29578
2021-09-02 16:00:00+00:00,1.2558,1.25644,1.255,1.25511,17293
2021-09-02 20:00:00+00:00,1.25504,1.25533,1.2545,1.25526,6376
2021-09-03 00:00:00+00:00,1.25538,1.25586,1.2548,1.25571,14346
2021-09-03 04:00:00+00:00,1.25568,1.25568,1.2539,1.25453,15974
2021-09-03 08:00:00+00:00,1.25469,1.25513,1.25298,1.25352,18140
2021-09-03 12:00:00+00:00,1.25358,1.25397,1.24979,1.25243,40689
2021-09-03 16:00:00+00:00,1.25246,1.25266,1.2502,1.25235,15597
2021-09-03 20:00:00+00:00,1.25256,1.25318,1.24906,1.25246,3046
2021-09-05 16:00:00+00:00,1.25168,1.25269,1.25168,1.25242,8
2021-09-05 20:00:00+00:00,1.25248,1.25305,1.25112,1.25305,2375
2021-09-06 00:00:00+00:00,1.2528,1.25421,1.2528,1.25385,14191
2021-09-06 04:00:00+00:00,1.2538,1.25434,1.2528,1.25396,13446
2021-09-06 08:00:00+00:00,1.25394,1.25574,1.2537,1.25464,14886
2021-09-06 12:00:00+00:00,1.25486,1.25486,1.25235,1.253,13819
2021-09-06 16:00:00+00:00,1.25309,1.25353,1.25179,1.25343,17447
2021-09-06 20:00:00+00:00,1.25337,1.2538,1.2528,1.25342,9020
2021-09-07 00:00:00+00:00,1.25347,1.25347,1.2518,1.2529,13303
2021-09-07 04:00:00+00:00,1.2527,1.25545,1.25216,1.2551,18976
2021-09-07 08:00:00+00:00,1.2552,1.25916,1.2552,1.25844,25267
2021-09-07 12:00:00+00:00,1.25871,1.26416,1.2582,1.26238,32259
2021-09-07 16:00:00+00:00,1.26234,1.26538,1.26182,1.26524,19251
2021-09-07 20:00:00+00:00,1.26476,1.26519,1.2642,1.2644,7167
2021-09-08 00:00:00+00:00,1.2644,1.26501,1.2625,1.26403,13893
2021-09-08 04:00:00+00:00,1.26399,1.2684,1.2633,1.26827,20307
2021-09-08 08:00:00+00:00,1.2688,1.27043,1.266,1.26637,26470
2021-09-08 12:00:00+00:00,1.2664,1.27609,1.26542,1.268,39783
2021-09-08 16:00:00+00:00,1.26841,1.26864,1.26473,1.2685,22418
2021-09-08 20:00:00+00:00,1.26847,1.26953,1.2683,1.26941,8034
2021-09-09 00:00:00+00:00,1.26967,1.27052,1.2684,1.27015,14904
2021-09-09 04:00:00+00:00,1.27001,1.2725,1.2698,1.2708,20904
2021-09-09 08:00:00+00:00,1.27054,1.27065,1.26698,1.26707,24259
2021-09-09 12:00:00+00:00,1.26767,1.27032,1.26459,1.2648,36967
2021-09-09 16:00:00+00:00,1.26487,1.26556,1.26229,1.26556,26618
2021-09-09 20:00:00+00:00,1.26538,1.2665,1.26517,1.26649,8055
2021-09-10 00:00:00+00:00,1.26646,1.26723,1.2638,1.2641,14915
2021-09-10 04:00:00+00:00,1.26412,1.26492,1.2614,1.26154,17251
2021-09-10 08:00:00+00:00,1.2615,1.26201,1.2592,1.26065,19823
2021-09-10 12:00:00+00:00,1.26063,1.26406,1.25838,1.2632,36168
2021-09-10 16:00:00+00:00,1.26358,1.26802,1.2627,1.26802,20014
2021-09-10 20:00:00+00:00,1.26795,1.26924,1.2675,1.2687,3390
2021-09-12 16:00:00+00:00,1.26882,1.26882,1.2679,1.26791,7
2021-09-12 20:00:00+00:00,1.268,1.26874,1.26753,1.26786,2371
2021-09-13 12:00:00+00:00,1.26548,1.26708,1.2638,1.26423,24532
2021-09-13 16:00:00+00:00,1.26429,1.26803,1.2642,1.26556,21328
2021-09-13 20:00:00+00:00,1.26528,1.26562,1.26398,1.2648,6518
2021-09-14 00:00:00+00:00,1.26469,1.26556,1.2639,1.2649,13574
2021-09-14 04:00:00+00:00,1.26492,1.26611,1.2642,1.26464,17409
2021-09-14 08:00:00+00:00,1.26439,1.26632,1.2638,1.26592,19912
2021-09-14 12:00:00+00:00,1.26625,1.26823,1.26021,1.26641,40660
2021-09-14 16:00:00+00:00,1.26633,1.26976,1.26535,1.26891,24477
2021-09-14 20:00:00+00:00,1.26893,1.2695,1.2686,1.26911,7415
2021-09-15 00:00:00+00:00,1.26902,1.27072,1.2686,1.26865,14932
2021-09-15 04:00:00+00:00,1.26869,1.27018,1.26786,1.26863,18950
2021-09-15 08:00:00+00:00,1.2684,1.26947,1.2666,1.26856,19893
2021-09-15 12:00:00+00:00,1.26852,1.26916,1.26365,1.26539,38227
2021-09-15 16:00:00+00:00,1.26539,1.26595,1.2625,1.26292,19581
2021-09-15 20:00:00+00:00,1.26315,1.26343,1.2616,1.2618,7322
2021-09-16 00:00:00+00:00,1.26232,1.26401,1.2614,1.2638,15124
2021-09-16 04:00:00+00:00,1.26383,1.26491,1.2629,1.26388,19367
2021-09-16 08:00:00+00:00,1.26409,1.26497,1.26269,1.26322,19783
2021-09-16 12:00:00+00:00,1.26331,1.26981,1.26286,1.26799,37286
2021-09-16 16:00:00+00:00,1.26801,1.26903,1.26683,1.26804,19813
2021-09-16 20:00:00+00:00,1.2676,1.26852,1.26703,1.26815,7577
2021-09-17 00:00:00+00:00,1.26805,1.26902,1.2669,1.26723,16643
2021-09-17 04:00:00+00:00,1.26728,1.268,1.2646,1.2649,16497
2021-09-17 08:00:00+00:00,1.26537,1.26668,1.2636,1.266,22502
2021-09-17 12:00:00+00:00,1.26596,1.27615,1.26513,1.27409,38265
2021-09-17 16:00:00+00:00,1.27394,1.27571,1.2725,1.27483,23010
2021-09-17 20:00:00+00:00,1.2751,1.27724,1.2751,1.2762,3908
2021-09-19 16:00:00+00:00,1.2769,1.2769,1.27293,1.27573,11
2021-09-19 20:00:00+00:00,1.27574,1.27774,1.27411,1.27654,2793
2021-09-20 00:00:00+00:00,1.27629,1.28014,1.2758,1.2791,16350
2021-09-20 04:00:00+00:00,1.27943,1.28139,1.2784,1.27971,24100
2021-09-20 08:00:00+00:00,1.27982,1.28647,1.27914,1.28585,29905
2021-09-20 12:00:00+00:00,1.28613,1.28911,1.27975,1.28203,45679
2021-09-20 16:00:00+00:00,1.28186,1.28428,1.28083,1.28128,29831
2021-09-20 20:00:00+00:00,1.28131,1.2825,1.2801,1.28025,9093
2021-09-21 00:00:00+00:00,1.2806,1.28105,1.2771,1.27729,16896
2021-09-21 04:00:00+00:00,1.27724,1.27744,1.27426,1.27596,21438
2021-09-21 08:00:00+00:00,1.27596,1.27697,1.2747,1.27542,22098
2021-09-21 12:00:00+00:00,1.2755,1.28473,1.27504,1.27887,42378
2021-09-21 16:00:00+00:00,1.27855,1.28162,1.27847,1.2809,29497
2021-09-21 20:00:00+00:00,1.28101,1.2827,1.2794,1.28163,9326
2021-09-22 00:00:00+00:00,1.2818,1.28255,1.2777,1.2796,23415
2021-09-22 04:00:00+00:00,1.27957,1.28066,1.27702,1.28066,20266
2021-09-22 08:00:00+00:00,1.28037,1.28078,1.2774,1.27823,20077
2021-09-22 12:00:00+00:00,1.27802,1.28141,1.2723,1.2733,31700
2021-09-22 16:00:00+00:00,1.27345,1.27872,1.27022,1.27619,40789
2021-09-22 20:00:00+00:00,1.2764,1.27867,1.2759,1.27857,9636
2021-09-23 00:00:00+00:00,1.2785,1.27951,1.2752,1.2754,15221
2021-09-23 04:00:00+00:00,1.27563,1.27627,1.26795,1.26795,19609
2021-09-23 08:00:00+00:00,1.2681,1.26864,1.26499,1.26656,29429
2021-09-23 12:00:00+00:00,1.2665,1.26812,1.26349,1.26614,37693
2021-09-23 16:00:00+00:00,1.26627,1.26673,1.2636,1.26569,19527
2021-09-23 20:00:00+00:00,1.26594,1.2664,1.2649,1.2662,8376
2021-09-24 00:00:00+00:00,1.266,1.26726,1.26409,1.26711,17148
2021-09-24 04:00:00+00:00,1.26722,1.26946,1.26637,1.26896,18409
2021-09-24 08:00:00+00:00,1.26894,1.27083,1.26693,1.27083,24886
2021-09-24 12:00:00+00:00,1.27048,1.27288,1.26715,1.26726,34653
2021-09-24 16:00:00+00:00,1.2674,1.2674,1.2653,1.2657,18666
2021-09-24 20:00:00+00:00,1.26547,1.26565,1.26418,1.2647,3238
2021-09-26 16:00:00+00:00,1.26439,1.26489,1.26439,1.26485,44
2021-09-26 20:00:00+00:00,1.26429,1.26556,1.26332,1.26494,2849
2021-09-27 00:00:00+00:00,1.2649,1.2649,1.2612,1.2632,17363
2021-09-27 04:00:00+00:00,1.26317,1.26369,1.261,1.26369,18220
2021-09-27 08:00:00+00:00,1.26352,1.2664,1.2632,1.26609,24776
2021-09-27 12:00:00+00:00,1.2658,1.26693,1.26317,1.26429,39975
2021-09-27 16:00:00+00:00,1.26435,1.2647,1.2614,1.26266,18759
2021-09-27 20:00:00+00:00,1.26258,1.263,1.26225,1.26262,6181
2021-09-28 00:00:00+00:00,1.26278,1.26371,1.2601,1.26108,14217
2021-09-28 04:00:00+00:00,1.26084,1.26453,1.25942,1.26314,22572
2021-09-28 08:00:00+00:00,1.26352,1.26558,1.26283,1.26426,30309
2021-09-28 12:00:00+00:00,1.26453,1.27067,1.26436,1.2693,51642
2021-09-28 16:00:00+00:00,1.26933,1.27023,1.26729,1.26782,33724
2021-09-28 20:00:00+00:00,1.2672,1.2689,1.26677,1.2677,8677
2021-09-29 00:00:00+00:00,1.2675,1.26965,1.2666,1.26812,21779
2021-09-29 04:00:00+00:00,1.26834,1.27001,1.26701,1.26874,28030
2021-09-29 08:00:00+00:00,1.26857,1.27011,1.2674,1.26979,28462
2021-09-29 12:00:00+00:00,1.26994,1.27554,1.2689,1.27496,42899
2021-09-29 16:00:00+00:00,1.27457,1.27737,1.27422,1.27584,28973
2021-09-29 20:00:00+00:00,1.27593,1.27638,1.27388,1.27538,7480
2021-09-30 00:00:00+00:00,1.2756,1.2756,1.2731,1.27352,19724
2021-09-30 04:00:00+00:00,1.2733,1.27409,1.27125,1.27161,23310
2021-09-30 08:00:00+00:00,1.27154,1.27536,1.27122,1.27403,26591
2021-09-30 12:00:00+00:00,1.27406,1.27455,1.26322,1.26738,48583
2021-09-30 16:00:00+00:00,1.26694,1.271,1.26472,1.26678,40349
2021-09-30 20:00:00+00:00,1.26657,1.2686,1.26623,1.26838,9638
2021-10-01 00:00:00+00:00,1.26806,1.2719,1.26775,1.2719,23994
2021-10-01 04:00:00+00:00,1.27187,1.27365,1.27076,1.27274,28981
2021-10-01 08:00:00+00:00,1.27271,1.27291,1.26526,1.26625,32630
2021-10-01 12:00:00+00:00,1.26639,1.26964,1.26462,1.26571,46318
2021-10-01 16:00:00+00:00,1.26581,1.26611,1.2625,1.26372,27300
2021-10-01 20:00:00+00:00,1.26348,1.26445,1.26027,1.26027,3212
2021-10-03 16:00:00+00:00,1.26365,1.26374,1.2636,1.26374,9
2021-10-03 20:00:00+00:00,1.26381,1.26435,1.26137,1.26257,4078
2021-10-04 00:00:00+00:00,1.2624,1.26532,1.2618,1.2632,22438
2021-10-04 04:00:00+00:00,1.26321,1.26434,1.26147,1.26271,28975
2021-10-04 08:00:00+00:00,1.26241,1.26337,1.26058,1.26082,30327
2021-10-04 12:00:00+00:00,1.2608,1.26144,1.25577,1.2572,42175
2021-10-04 16:00:00+00:00,1.25738,1.25893,1.2569,1.25773,34085
2021-10-04 20:00:00+00:00,1.2578,1.25926,1.25777,1.25895,7897
2021-10-05 00:00:00+00:00,1.2588,1.26153,1.25862,1.26136,23588
2021-10-05 04:00:00+00:00,1.26135,1.26267,1.26003,1.26051,24991
2021-10-05 08:00:00+00:00,1.26012,1.26039,1.2582,1.25921,25344
2021-10-05 12:00:00+00:00,1.25917,1.26006,1.25494,1.25622,36247
2021-10-05 16:00:00+00:00,1.2562,1.25843,1.25607,1.25781,23143
2021-10-05 20:00:00+00:00,1.2576,1.25856,1.25699,1.25831,8067
2021-10-06 00:00:00+00:00,1.25838,1.26017,1.2581,1.25984,23501
2021-10-06 04:00:00+00:00,1.25983,1.26398,1.2591,1.2639,28294
2021-10-06 08:00:00+00:00,1.26403,1.2647,1.26269,1.26394,34218
2021-10-06 12:00:00+00:00,1.26355,1.2644,1.26062,1.2614,45554
2021-10-06 16:00:00+00:00,1.26129,1.26221,1.2584,1.25881,31698
2021-10-06 20:00:00+00:00,1.2586,1.2594,1.2582,1.25854,7941
2021-10-07 00:00:00+00:00,1.25846,1.25914,1.25718,1.25852,17197
2021-10-07 04:00:00+00:00,1.25852,1.25922,1.25645,1.25787,22399
2021-10-07 08:00:00+00:00,1.25815,1.25979,1.257,1.25801,26374
2021-10-07 12:00:00+00:00,1.25785,1.2593,1.2538,1.25467,35890
2021-10-07 16:00:00+00:00,1.2547,1.25636,1.254,1.25423,23711
2021-10-07 20:00:00+00:00,1.25436,1.25546,1.25424,1.2547,7642
2021-10-08 00:00:00+00:00,1.25479,1.25609,1.2531,1.25483,20341
2021-10-08 04:00:00+00:00,1.25484,1.25584,1.25439,1.25455,21992
2021-10-08 08:00:00+00:00,1.25472,1.25543,1.2531,1.2539,18785
2021-10-08 12:00:00+00:00,1.25397,1.25397,1.24528,1.24774,45874
2021-10-08 16:00:00+00:00,1.24813,1.24913,1.2456,1.24697,22863
2021-10-08 20:00:00+00:00,1.24719,1.24751,1.24476,1.24666,2613
2021-10-09 04:00:00+00:00,1.2469,1.2469,1.2469,1.2469,1
2021-10-10 16:00:00+00:00,1.24735,1.24737,1.24728,1.24737,26
2021-10-10 20:00:00+00:00,1.24744,1.24852,1.24651,1.2484,3675
2021-10-11 00:00:00+00:00,1.24858,1.24858,1.2448,1.24644,16650
2021-10-11 04:00:00+00:00,1.24657,1.24667,1.2445,1.245,20708
2021-10-11 08:00:00+00:00,1.2448,1.24663,1.2446,1.2466,22550
2021-10-11 12:00:00+00:00,1.24687,1.24726,1.24487,1.24545,28037
2021-10-11 16:00:00+00:00,1.24565,1.24891,1.24565,1.24888,21530
2021-10-11 20:00:00+00:00,1.24903,1.24903,1.24645,1.248,6859
2021-10-12 00:00:00+00:00,1.24799,1.24974,1.24753,1.24897,16333
2021-10-12 04:00:00+00:00,1.2487,1.24891,1.2465,1.2473,19088
2021-10-12 08:00:00+00:00,1.24741,1.24786,1.245,1.24602,22638
2021-10-12 12:00:00+00:00,1.24616,1.24853,1.24403,1.24403,38190
2021-10-12 16:00:00+00:00,1.24404,1.24713,1.2435,1.24598,23271
2021-10-12 20:00:00+00:00,1.24641,1.24767,1.24541,1.24767,7834
2021-10-13 00:00:00+00:00,1.24774,1.24774,1.24501,1.2453,13517
2021-10-13 04:00:00+00:00,1.2454,1.24644,1.2447,1.24548,11871
2021-10-13 12:00:00+00:00,1.24605,1.24672,1.24336,1.24496,30056
2021-10-13 16:00:00+00:00,1.24479,1.24487,1.24317,1.24392,21543
2021-10-13 20:00:00+00:00,1.24399,1.2447,1.2436,1.24368,6193
2021-10-14 00:00:00+00:00,1.24345,1.24379,1.2422,1.24283,11729
2021-10-14 04:00:00+00:00,1.2426,1.2429,1.2392,1.23991,15770
2021-10-14 08:00:00+00:00,1.23981,1.23999,1.2372,1.23822,19691
2021-10-14 12:00:00+00:00,1.23813,1.23884,1.23549,1.23618,31635
2021-10-14 16:00:00+00:00,1.2362,1.23783,1.2358,1.23775,18643
2021-10-14 20:00:00+00:00,1.2378,1.2378,1.236,1.23746,7227
2021-10-15 00:00:00+00:00,1.23761,1.23808,1.2354,1.2358,15073
2021-10-15 04:00:00+00:00,1.23601,1.23609,1.2336,1.23405,16464
2021-10-15 08:00:00+00:00,1.23414,1.23597,1.2337,1.2355,20554
2021-10-15 12:00:00+00:00,1.23569,1.23894,1.2355,1.23881,33863
2021-10-15 16:00:00+00:00,1.2384,1.23963,1.2371,1.2375,17939
2021-10-15 20:00:00+00:00,1.23729,1.23744,1.23189,1.23371,3050
2021-10-17 16:00:00+00:00,1.23593,1.23647,1.23593,1.23646,10
2021-10-17 20:00:00+00:00,1.23651,1.23737,1.23481,1.23737,3277
2021-10-18 00:00:00+00:00,1.23747,1.23917,1.23716,1.23912,11893
2021-10-18 04:00:00+00:00,1.2391,1.24084,1.239,1.23907,13010
2021-10-18 08:00:00+00:00,1.23879,1.24035,1.2382,1.23966,16965
2021-10-18 12:00:00+00:00,1.23984,1.23992,1.23504,1.23621,26109
2021-10-18 16:00:00+00:00,1.2361,1.23833,1.2359,1.23805,12926
2021-10-18 20:00:00+00:00,1.2379,1.23818,1.23646,1.2372,6357
2021-10-19 00:00:00+00:00,1.23709,1.23713,1.2343,1.23464,12062
2021-10-19 04:00:00+00:00,1.2347,1.2349,1.232,1.23333,15114
2021-10-19 08:00:00+00:00,1.23269,1.23435,1.231,1.2337,17262
2021-10-19 12:00:00+00:00,1.23394,1.23727,1.2339,1.2353,25355
2021-10-19 16:00:00+00:00,1.2354,1.23675,1.2347,1.23673,12521
2021-10-19 20:00:00+00:00,1.23674,1.23681,1.23485,1.2354,5814
2021-10-20 00:00:00+00:00,1.23527,1.2365,1.23403,1.23413,13003
2021-10-20 04:00:00+00:00,1.23408,1.23552,1.2333,1.2348,15594
2021-10-20 08:00:00+00:00,1.23481,1.23582,1.2339,1.23541,14549
2021-10-20 12:00:00+00:00,1.23508,1.23596,1.2318,1.23268,24606
2021-10-20 16:00:00+00:00,1.23284,1.23306,1.2305,1.23225,15603
2021-10-20 20:00:00+00:00,1.23248,1.23256,1.23098,1.23244,7500
2021-10-21 00:00:00+00:00,1.23236,1.23236,1.22888,1.2298,14678
2021-10-21 04:00:00+00:00,1.22975,1.23434,1.22975,1.23257,22474
2021-10-21 08:00:00+00:00,1.23257,1.23454,1.23253,1.23345,19667
2021-10-21 12:00:00+00:00,1.23352,1.2352,1.23132,1.2339,32640
2021-10-21 16:00:00+00:00,1.2337,1.23832,1.2337,1.23757,18501
2021-10-21 20:00:00+00:00,1.23747,1.23761,1.23604,1.23704,8370
2021-10-22 00:00:00+00:00,1.23695,1.23737,1.2344,1.23475,17490
2021-10-22 04:00:00+00:00,1.23478,1.23557,1.23319,1.23414,20866
2021-10-22 08:00:00+00:00,1.23437,1.23443,1.23214,1.23335,19724
2021-10-22 12:00:00+00:00,1.23321,1.23847,1.23206,1.23845,34653
2021-10-22 16:00:00+00:00,1.23855,1.23876,1.236,1.23668,23707
2021-10-22 20:00:00+00:00,1.23666,1.2373,1.23345,1.23623,2410
2021-10-23 20:00:00+00:00,1.2365,1.2365,1.2365,1.2365,1
2021-10-24 16:00:00+00:00,1.23697,1.23697,1.23648,1.23697,9
2021-10-24 20:00:00+00:00,1.23628,1.23777,1.2356,1.23713,3260
2021-10-25 00:00:00+00:00,1.23695,1.23723,1.2341,1.2343,18291
2021-10-25 04:00:00+00:00,1.2343,1.23651,1.2341,1.2343,18852
2021-10-25 08:00:00+00:00,1.23394,1.23724,1.23376,1.23617,22331
2021-10-25 12:00:00+00:00,1.23605,1.23886,1.2356,1.23735,31799
2021-10-25 16:00:00+00:00,1.23744,1.23989,1.23744,1.23853,17624
2021-10-25 20:00:00+00:00,1.2384,1.2387,1.23742,1.23785,6922
2021-10-26 00:00:00+00:00,1.2375,1.23852,1.23674,1.23734,16062
2021-10-26 04:00:00+00:00,1.2372,1.23935,1.237,1.23863,17057
2021-10-26 08:00:00+00:00,1.23882,1.23882,1.2351,1.23622,21200
2021-10-26 12:00:00+00:00,1.23597,1.23904,1.235,1.23874,31894
2021-10-26 16:00:00+00:00,1.23928,1.23951,1.2377,1.23884,19021
2021-10-26 20:00:00+00:00,1.23896,1.23941,1.2381,1.23914,7414
2021-10-27 00:00:00+00:00,1.23888,1.2397,1.23828,1.23899,15475
2021-10-27 04:00:00+00:00,1.23909,1.24024,1.2383,1.2398,15326
2021-10-27 08:00:00+00:00,1.24003,1.24275,1.23983,1.2416,25070
2021-10-27 12:00:00+00:00,1.24152,1.24313,1.2305,1.23379,41928
2021-10-27 16:00:00+00:00,1.23318,1.23637,1.2316,1.23637,26285
2021-10-27 20:00:00+00:00,1.23608,1.23705,1.2349,1.2369,9417
2021-10-28 00:00:00+00:00,1.23684,1.23783,1.23609,1.2373,18438
2021-10-28 04:00:00+00:00,1.2372,1.23819,1.23653,1.23704,20283
2021-10-28 08:00:00+00:00,1.2369,1.23747,1.2352,1.23565,26485
2021-10-28 12:00:00+00:00,1.2354,1.23712,1.23307,1.23481,44683
2021-10-28 16:00:00+00:00,1.23492,1.23565,1.23365,1.23406,23575
2021-10-28 20:00:00+00:00,1.23401,1.23498,1.2337,1.2346,9714
2021-10-29 00:00:00+00:00,1.23451,1.23615,1.23407,1.2348,18185
2021-10-29 04:00:00+00:00,1.23513,1.23633,1.23344,1.23384,19608
2021-10-29 08:00:00+00:00,1.23408,1.23587,1.23279,1.23525,23273
2021-10-29 12:00:00+00:00,1.23516,1.24074,1.23451,1.23995,42446
2021-10-29 16:00:00+00:00,1.2398,1.24047,1.237,1.23783,23662
2021-10-29 20:00:00+00:00,1.2375,1.2388,1.237,1.2386,3801
2021-10-31 20:00:00+00:00,1.23809,1.23851,1.23739,1.23828,2516
2021-11-01 00:00:00+00:00,1.23795,1.23893,1.23728,1.23834,15226
2021-11-01 04:00:00+00:00,1.23828,1.24032,1.2379,1.2401,15196
2021-11-01 08:00:00+00:00,1.23998,1.23998,1.2369,1.23734,21798
2021-11-01 12:00:00+00:00,1.23718,1.2393,1.23519,1.23563,31710
2021-11-01 16:00:00+00:00,1.23531,1.23726,1.23531,1.23658,21335
2021-11-01 20:00:00+00:00,1.2366,1.2376,1.23583,1.23734,6836
2021-11-02 00:00:00+00:00,1.2373,1.23836,1.2369,1.23803,15172
2021-11-02 04:00:00+00:00,1.23803,1.23963,1.2379,1.23878,17931
2021-11-02 08:00:00+00:00,1.2388,1.24172,1.23877,1.24049,23296
2021-11-02 12:00:00+00:00,1.24016,1.242,1.2389,1.24194,31750
2021-11-02 16:00:00+00:00,1.24205,1.24214,1.2397,1.24006,18608
2021-11-02 20:00:00+00:00,1.24006,1.2418,1.24,1.2407,6530
2021-11-03 00:00:00+00:00,1.24081,1.24211,1.2404,1.2416,11917
2021-11-03 04:00:00+00:00,1.24152,1.24223,1.2411,1.24204,12077
2021-11-03 08:00:00+00:00,1.24217,1.24227,1.2404,1.24107,21189
2021-11-03 12:00:00+00:00,1.24096,1.24546,1.24067,1.2418,33527
2021-11-03 16:00:00+00:00,1.24165,1.24291,1.2381,1.2386,39326
2021-11-03 20:00:00+00:00,1.23887,1.23961,1.23775,1.23775,9104
2021-11-04 00:00:00+00:00,1.23787,1.24009,1.2377,1.2399,12591
2021-11-04 04:00:00+00:00,1.2398,1.24083,1.239,1.23944,15223
2021-11-04 08:00:00+00:00,1.23919,1.24242,1.23919,1.24177,23604
2021-11-04 12:00:00+00:00,1.24227,1.24698,1.2412,1.24613,38504
2021-11-04 16:00:00+00:00,1.24589,1.2469,1.245,1.24582,24077
2021-11-04 20:00:00+00:00,1.24571,1.24611,1.24484,1.24511,8011
2021-11-05 00:00:00+00:00,1.24525,1.24686,1.24525,1.24604,16310
2021-11-05 04:00:00+00:00,1.24604,1.24693,1.2453,1.2456,14363
2021-11-05 08:00:00+00:00,1.24594,1.24792,1.24569,1.24668,21507
2021-11-05 12:00:00+00:00,1.2465,1.24743,1.24379,1.24408,37224
2021-11-05 16:00:00+00:00,1.24397,1.246,1.2435,1.24446,22785
2021-11-05 20:00:00+00:00,1.24466,1.2456,1.24184,1.2446,3836
2021-11-07 20:00:00+00:00,1.24465,1.24544,1.24023,1.24508,1578
2021-11-08 00:00:00+00:00,1.24506,1.2459,1.24469,1.24551,13424
2021-11-08 04:00:00+00:00,1.24544,1.24571,1.244,1.24476,13019
2021-11-08 08:00:00+00:00,1.24452,1.2464,1.2438,1.24406,21446
2021-11-08 12:00:00+00:00,1.24371,1.24637,1.2435,1.24452,27615
2021-11-08 16:00:00+00:00,1.24444,1.24582,1.2438,1.24448,18403
2021-11-08 20:00:00+00:00,1.24438,1.24493,1.24337,1.24427,10266
2021-11-09 00:00:00+00:00,1.24425,1.24589,1.2437,1.2453,13689
2021-11-09 04:00:00+00:00,1.2453,1.2453,1.2429,1.24383,14389
2021-11-09 08:00:00+00:00,1.24388,1.24414,1.24375,1.2438,944
2021-11-09 12:00:00+00:00,1.24482,1.24827,1.24366,1.24596,24881
2021-11-09 16:00:00+00:00,1.2458,1.24698,1.2433,1.24368,25395
2021-11-09 20:00:00+00:00,1.24346,1.2446,1.24317,1.2436,9989
2021-11-10 00:00:00+00:00,1.2434,1.24444,1.2431,1.24416,15268
2021-11-10 04:00:00+00:00,1.2439,1.24453,1.24138,1.24138,15659
2021-11-10 08:00:00+00:00,1.24145,1.24378,1.241,1.24324,19985
2021-11-10 12:00:00+00:00,1.24356,1.24529,1.2388,1.24407,36641
2021-11-10 16:00:00+00:00,1.24421,1.24984,1.24259,1.24984,35709
2021-11-10 20:00:00+00:00,1.24926,1.25029,1.24706,1.24863,14384
2021-11-11 00:00:00+00:00,1.24869,1.25109,1.24813,1.25082,18198
2021-11-11 04:00:00+00:00,1.25081,1.25178,1.25033,1.25178,14949
2021-11-11 08:00:00+00:00,1.25204,1.25715,1.25184,1.25571,26221
2021-11-11 12:00:00+00:00,1.25607,1.25925,1.2552,1.25812,29937
2021-11-11 16:00:00+00:00,1.25813,1.25959,1.2578,1.25794,21682
2021-11-11 20:00:00+00:00,1.25791,1.25886,1.25607,1.25885,12305
2021-11-12 00:00:00+00:00,1.25889,1.25994,1.2581,1.2593,12466
2021-11-12 04:00:00+00:00,1.25943,1.25957,1.2567,1.25755,11790
2021-11-12 08:00:00+00:00,1.25726,1.26028,1.2569,1.25905,21322
2021-11-12 12:00:00+00:00,1.25894,1.2596,1.25466,1.25722,29653
2021-11-12 16:00:00+00:00,1.25732,1.25758,1.25457,1.2553,20230
2021-11-12 20:00:00+00:00,1.25512,1.25523,1.25234,1.25315,5710
2021-11-14 20:00:00+00:00,1.25449,1.25499,1.25369,1.25453,1591
2021-11-15 00:00:00+00:00,1.25456,1.25551,1.2533,1.2535,11847
2021-11-15 04:00:00+00:00,1.25355,1.25382,1.2523,1.25261,11074
2021-11-15 08:00:00+00:00,1.25303,1.25373,1.25215,1.25248,20172
2021-11-15 12:00:00+00:00,1.2522,1.2531,1.25018,1.2523,25183
2021-11-15 16:00:00+00:00,1.25229,1.25317,1.2504,1.2511,22723
2021-11-15 20:00:00+00:00,1.2508,1.25195,1.24996,1.2514,11658
2021-11-16 00:00:00+00:00,1.25134,1.25173,1.2491,1.25019,15035
2021-11-16 04:00:00+00:00,1.2503,1.25219,1.25,1.25146,15140
2021-11-16 08:00:00+00:00,1.2516,1.25345,1.25158,1.25281,21362
2021-11-16 12:00:00+00:00,1.25293,1.25558,1.25227,1.25423,32104
2021-11-16 16:00:00+00:00,1.25452,1.25644,1.2539,1.25584,22309
2021-11-16 20:00:00+00:00,1.25601,1.25673,1.25459,1.25657,12538
2021-11-17 00:00:00+00:00,1.25665,1.25846,1.2555,1.25756,15220
2021-11-17 04:00:00+00:00,1.25757,1.2578,1.25422,1.25468,17894
2021-11-17 08:00:00+00:00,1.25516,1.25736,1.2538,1.25682,20506
2021-11-17 12:00:00+00:00,1.2569,1.25972,1.25497,1.25941,30259
2021-11-17 16:00:00+00:00,1.25948,1.2622,1.25908,1.26151,25455
2021-11-17 20:00:00+00:00,1.26158,1.26172,1.2601,1.26106,12473
2021-11-18 00:00:00+00:00,1.261,1.26235,1.2603,1.262,16946
2021-11-18 04:00:00+00:00,1.2619,1.26213,1.2599,1.26007,14615
2021-11-18 08:00:00+00:00,1.2603,1.26185,1.2592,1.26012,19781
2021-11-18 12:00:00+00:00,1.25985,1.26457,1.2595,1.26405,32662
2021-11-18 16:00:00+00:00,1.26401,1.26408,1.25957,1.2602,22407
2021-11-18 20:00:00+00:00,1.26027,1.26064,1.2595,1.26035,11557
2021-11-19 00:00:00+00:00,1.26038,1.26043,1.2592,1.26011,12977
2021-11-19 04:00:00+00:00,1.26011,1.26013,1.2584,1.25956,12183
2021-11-19 08:00:00+00:00,1.2594,1.26559,1.2594,1.26512,34569
2021-11-19 12:00:00+00:00,1.265,1.26611,1.2612,1.26409,37300
2021-11-19 16:00:00+00:00,1.26422,1.26607,1.2624,1.26607,24236
2021-11-19 20:00:00+00:00,1.26603,1.2661,1.25911,1.26392,7737
2021-11-22 04:00:00+00:00,1.26409,1.26465,1.2636,1.26456,12245
2021-11-22 08:00:00+00:00,1.26446,1.26492,1.2628,1.26374,26483
2021-11-22 12:00:00+00:00,1.26354,1.2689,1.26307,1.26791,32814
2021-11-22 16:00:00+00:00,1.26783,1.27008,1.26685,1.26975,23674
2021-11-22 20:00:00+00:00,1.27003,1.27049,1.2688,1.27013,11680
2021-11-23 00:00:00+00:00,1.27015,1.27111,1.2694,1.27053,15838
2021-11-23 04:00:00+00:00,1.27042,1.27171,1.2701,1.27155,19793
2021-11-23 08:00:00+00:00,1.27167,1.27442,1.27162,1.27376,32681
2021-11-23 12:00:00+00:00,1.27376,1.27376,1.26989,1.27132,38472
2021-11-23 16:00:00+00:00,1.27148,1.272,1.26813,1.26826,30555
2021-11-23 20:00:00+00:00,1.26827,1.26838,1.26595,1.26759,13036
2021-11-24 00:00:00+00:00,1.26754,1.26909,1.2671,1.26892,17788
2021-11-24 04:00:00+00:00,1.26893,1.26931,1.2673,1.26821,18429
2021-11-24 08:00:00+00:00,1.26852,1.26948,1.2663,1.26887,27964
2021-11-24 12:00:00+00:00,1.26893,1.27088,1.26703,1.26782,40743
2021-11-24 16:00:00+00:00,1.26779,1.26804,1.26539,1.26706,24941
2021-11-24 20:00:00+00:00,1.26687,1.26715,1.26474,1.26614,11026
2021-11-25 00:00:00+00:00,1.26609,1.26614,1.2648,1.2651,11161
2021-11-25 04:00:00+00:00,1.26538,1.26592,1.264,1.26419,11281
2021-11-25 08:00:00+00:00,1.26426,1.26692,1.2639,1.26616,18538
2021-11-25 12:00:00+00:00,1.26629,1.26766,1.26466,1.26498,20489
2021-11-25 16:00:00+00:00,1.26509,1.26571,1.2643,1.26495,16314
2021-11-25 20:00:00+00:00,1.26492,1.26637,1.26296,1.2663,13116
2021-11-26 00:00:00+00:00,1.2661,1.27141,1.26607,1.2711,24302
2021-11-26 04:00:00+00:00,1.27094,1.27428,1.2708,1.27414,24312
2021-11-26 08:00:00+00:00,1.27434,1.27726,1.2736,1.27681,45287
2021-11-26 12:00:00+00:00,1.27667,1.27976,1.2741,1.27907,41948
2021-11-26 16:00:00+00:00,1.27933,1.27936,1.2751,1.2782,33983
2021-11-26 20:00:00+00:00,1.2784,1.2793,1.27393,1.2793,6080
2021-11-28 20:00:00+00:00,1.27624,1.27664,1.27245,1.2725,4739
2021-11-29 00:00:00+00:00,1.27219,1.27522,1.27219,1.27399,24454
2021-11-29 04:00:00+00:00,1.27395,1.27561,1.27308,1.27335,25504
2021-11-29 08:00:00+00:00,1.27377,1.27591,1.2729,1.27379,33291
2021-11-29 12:00:00+00:00,1.27392,1.27925,1.27297,1.27925,38297
2021-11-29 16:00:00+00:00,1.27918,1.27918,1.27581,1.27692,26588
2021-11-29 20:00:00+00:00,1.27683,1.27695,1.27296,1.2738,13640
2021-11-30 00:00:00+00:00,1.2737,1.27454,1.273,1.27363,15128
2021-11-30 04:00:00+00:00,1.27381,1.28024,1.2735,1.27913,31424
2021-11-30 08:00:00+00:00,1.27908,1.28113,1.2768,1.2775,37712
2021-11-30 12:00:00+00:00,1.27733,1.28279,1.27515,1.28223,44525
2021-11-30 16:00:00+00:00,1.28293,1.28293,1.27828,1.2784,48356
2021-11-30 20:00:00+00:00,1.27844,1.27876,1.27588,1.27742,19525
2021-12-01 00:00:00+00:00,1.27722,1.27814,1.27368,1.27414,22514
2021-12-01 04:00:00+00:00,1.27419,1.27575,1.27271,1.27543,21395
2021-12-01 08:00:00+00:00,1.27558,1.27741,1.27406,1.27437,31404
2021-12-01 12:00:00+00:00,1.27426,1.27616,1.27144,1.27486,37236
2021-12-01 16:00:00+00:00,1.27471,1.28262,1.27471,1.28133,41185
2021-12-01 20:00:00+00:00,1.28125,1.28288,1.27804,1.28109,22218
2021-12-02 00:00:00+00:00,1.28103,1.28256,1.2797,1.28036,21754
2021-12-02 04:00:00+00:00,1.2802,1.28118,1.27786,1.27884,20648
2021-12-02 08:00:00+00:00,1.2789,1.28051,1.27817,1.28,32774
2021-12-02 12:00:00+00:00,1.28026,1.28365,1.2798,1.28254,47554
2021-12-02 16:00:00+00:00,1.28241,1.28344,1.28022,1.28131,42523
2021-12-02 20:00:00+00:00,1.28117,1.2818,1.2801,1.28177,16948
2021-12-03 00:00:00+00:00,1.28185,1.2834,1.2812,1.28201,18021
2021-12-03 04:00:00+00:00,1.28192,1.28218,1.2802,1.28117,17313
2021-12-03 08:00:00+00:00,1.28123,1.2845,1.28121,1.28278,28799
2021-12-03 12:00:00+00:00,1.28265,1.28286,1.27434,1.27921,45168
2021-12-03 16:00:00+00:00,1.27927,1.28442,1.2788,1.28379,42127
2021-12-03 20:00:00+00:00,1.28389,1.28533,1.27879,1.27919,13081
2021-12-04 08:00:00+00:00,1.27979,1.27979,1.27979,1.27979,1
2021-12-06 12:00:00+00:00,1.27944,1.2804,1.2772,1.27909,23447
2021-12-06 16:00:00+00:00,1.2792,1.27959,1.2752,1.277,28260
2021-12-06 20:00:00+00:00,1.27689,1.27744,1.2753,1.2762,13591
2021-12-07 00:00:00+00:00,1.276,1.2767,1.27399,1.27429,16767
2021-12-07 04:00:00+00:00,1.2741,1.2741,1.2723,1.2727,16054
2021-12-07 08:00:00+00:00,1.27266,1.27266,1.2678,1.26833,26194
2021-12-07 12:00:00+00:00,1.26831,1.26872,1.26365,1.26459,30612
2021-12-07 16:00:00+00:00,1.2642,1.26716,1.2637,1.26463,20885
2021-12-07 20:00:00+00:00,1.26471,1.2656,1.26357,1.2644,13780
2021-12-08 00:00:00+00:00,1.26459,1.26459,1.2631,1.2636,16058
2021-12-08 04:00:00+00:00,1.26361,1.26637,1.2633,1.26497,16663
2021-12-08 08:00:00+00:00,1.2646,1.26526,1.26182,1.26189,34721
2021-12-08 12:00:00+00:00,1.2618,1.26631,1.26075,1.26606,40710
2021-12-08 16:00:00+00:00,1.26611,1.26662,1.26369,1.26576,23289
2021-12-08 20:00:00+00:00,1.2653,1.26553,1.2643,1.26522,11541
2021-12-09 00:00:00+00:00,1.26505,1.26669,1.2648,1.2662,13047
2021-12-09 04:00:00+00:00,1.26636,1.26694,1.2652,1.2664,15317
2021-12-09 08:00:00+00:00,1.26664,1.26887,1.26609,1.26817,24291
2021-12-09 12:00:00+00:00,1.26834,1.27154,1.2681,1.27091,29812
2021-12-09 16:00:00+00:00,1.2706,1.2721,1.26861,1.2721,25334
2021-12-09 20:00:00+00:00,1.27171,1.27191,1.27011,1.27058,12298
2021-12-10 00:00:00+00:00,1.27057,1.27183,1.2691,1.2698,15280
2021-12-10 04:00:00+00:00,1.26986,1.27225,1.2697,1.27163,16005
2021-12-10 08:00:00+00:00,1.27161,1.27225,1.26963,1.26981,20616
2021-12-10 12:00:00+00:00,1.26983,1.27341,1.26803,1.27099,34179
2021-12-10 16:00:00+00:00,1.27136,1.27313,1.27011,1.27294,21897
2021-12-10 20:00:00+00:00,1.27286,1.27322,1.27089,1.27227,5934
2021-12-11 08:00:00+00:00,1.2725,1.2725,1.2725,1.2725,1
2021-12-13 08:00:00+00:00,1.27491,1.27526,1.2746,1.275,4967
2021-12-13 12:00:00+00:00,1.27526,1.28098,1.27519,1.28078,34969
2021-12-13 16:00:00+00:00,1.28047,1.28194,1.27825,1.2796,25474
2021-12-13 20:00:00+00:00,1.2792,1.28203,1.2792,1.28076,12342
2021-12-14 00:00:00+00:00,1.2806,1.28262,1.2805,1.28251,12050
2021-12-14 04:00:00+00:00,1.28249,1.2826,1.27971,1.28056,14189
2021-12-14 08:00:00+00:00,1.28033,1.28231,1.28015,1.28082,25759
2021-12-14 12:00:00+00:00,1.28099,1.28473,1.2807,1.28425,37586
2021-12-14 16:00:00+00:00,1.28434,1.28624,1.28434,1.28558,25939
2021-12-14 20:00:00+00:00,1.28559,1.28671,1.2851,1.28671,14090
2021-12-15 00:00:00+00:00,1.28663,1.28663,1.2845,1.28484,14659
2021-12-15 04:00:00+00:00,1.28481,1.28615,1.2843,1.28541,13294
2021-12-15 08:00:00+00:00,1.28534,1.28823,1.2847,1.28764,22508
2021-12-15 12:00:00+00:00,1.2876,1.29193,1.28662,1.29132,36287
2021-12-15 16:00:00+00:00,1.29119,1.29318,1.28641,1.28684,42603
2021-12-15 20:00:00+00:00,1.28702,1.28754,1.283,1.28364,22441
2021-12-16 00:00:00+00:00,1.28357,1.28566,1.2833,1.2849,20636
2021-12-16 04:00:00+00:00,1.28486,1.28535,1.2799,1.28034,18198
2021-12-16 08:00:00+00:00,1.2804,1.28096,1.2769,1.2774,26990
2021-12-16 12:00:00+00:00,1.27711,1.28099,1.27642,1.27676,46210
2021-12-16 16:00:00+00:00,1.2765,1.27974,1.27643,1.27968,30272
2021-12-16 20:00:00+00:00,1.27927,1.28015,1.27676,1.27796,20075
2021-12-17 00:00:00+00:00,1.27792,1.2805,1.2777,1.28046,18402
2021-12-17 04:00:00+00:00,1.28047,1.28084,1.2787,1.27902,21217
2021-12-17 08:00:00+00:00,1.27915,1.28115,1.27788,1.28038,32032
2021-12-17 12:00:00+00:00,1.28042,1.28448,1.28042,1.28234,40272
2021-12-17 16:00:00+00:00,1.28247,1.2882,1.2812,1.28788,32776
2021-12-17 20:00:00+00:00,1.2876,1.29001,1.28594,1.28773,12047
2021-12-19 20:00:00+00:00,1.28874,1.29003,1.28792,1.28985,3198
2021-12-20 00:00:00+00:00,1.28968,1.29031,1.2885,1.28975,22751
2021-12-20 04:00:00+00:00,1.28978,1.29334,1.2894,1.29178,24940
2021-12-20 08:00:00+00:00,1.29188,1.29345,1.2911,1.29137,34837
2021-12-20 12:00:00+00:00,1.29122,1.29632,1.2911,1.29584,38354
2021-12-20 16:00:00+00:00,1.29586,1.29621,1.2934,1.29466,28929
2021-12-20 20:00:00+00:00,1.29453,1.29465,1.29338,1.29367,2106
2021-12-21 00:00:00+00:00,1.29345,1.29425,1.29148,1.29241,2389
2021-12-21 04:00:00+00:00,1.29249,1.29394,1.2921,1.29355,2131
2021-12-21 08:00:00+00:00,1.29378,1.2945,1.29245,1.29312,7416
2021-12-21 12:00:00+00:00,1.29305,1.29396,1.2919,1.29309,30964
2021-12-21 16:00:00+00:00,1.29292,1.29375,1.292,1.29256,23435
2021-12-21 20:00:00+00:00,1.29247,1.2926,1.291,1.2923,11115
2021-12-22 00:00:00+00:00,1.29228,1.29228,1.2904,1.2908,14028
2021-12-22 04:00:00+00:00,1.291,1.29193,1.2908,1.29095,14865
2021-12-22 08:00:00+00:00,1.29118,1.29122,1.2902,1.29042,20369
2021-12-22 12:00:00+00:00,1.29038,1.2915,1.28496,1.28552,28557
2021-12-22 16:00:00+00:00,1.28561,1.28656,1.28366,1.2842,22995
2021-12-22 20:00:00+00:00,1.28417,1.28514,1.2831,1.28514,11927
2021-12-23 00:00:00+00:00,1.28512,1.28531,1.2839,1.28445,10496
2021-12-23 04:00:00+00:00,1.28438,1.28438,1.2822,1.28289,9128
2021-12-23 08:00:00+00:00,1.28291,1.28291,1.28109,1.28201,19175
2021-12-23 12:00:00+00:00,1.2816,1.28401,1.28083,1.28141,29407
2021-12-23 16:00:00+00:00,1.28153,1.2821,1.2798,1.28105,18562
2021-12-23 20:00:00+00:00,1.281,1.2826,1.27928,1.2826,16008
2021-12-24 00:00:00+00:00,1.28296,1.28332,1.28065,1.28202,45057
2021-12-24 04:00:00+00:00,1.28185,1.28255,1.28097,1.28242,30747
2021-12-24 08:00:00+00:00,1.28245,1.28299,1.27825,1.2788,33387
2021-12-24 12:00:00+00:00,1.27906,1.28207,1.27826,1.28065,39530
2021-12-24 16:00:00+00:00,1.2807,1.2823,1.28034,1.28121,25865
2021-12-24 20:00:00+00:00,1.2809,1.28185,1.27936,1.281,2531
2021-12-26 20:00:00+00:00,1.27785,1.2816,1.27785,1.28142,1105
2021-12-27 00:00:00+00:00,1.28152,1.28172,1.2801,1.2804,9149
2021-12-27 04:00:00+00:00,1.28052,1.28253,1.2804,1.2819,8961
2021-12-27 08:00:00+00:00,1.28179,1.28331,1.2816,1.28308,14445
2021-12-27 12:00:00+00:00,1.2832,1.28453,1.27788,1.27832,20576
2021-12-27 16:00:00+00:00,1.27836,1.28025,1.27836,1.27968,12536
2021-12-27 20:00:00+00:00,1.27973,1.27985,1.27736,1.2787,8581
2021-12-28 00:00:00+00:00,1.27882,1.27986,1.2786,1.2794,9804
2021-12-28 04:00:00+00:00,1.27937,1.27987,1.2782,1.27987,9126
2021-12-28 08:00:00+00:00,1.27986,1.28022,1.2792,1.27954,14112
2021-12-28 12:00:00+00:00,1.27956,1.28163,1.278,1.28096,21203
2021-12-28 16:00:00+00:00,1.2815,1.2831,1.2808,1.2815,19329
2021-12-28 20:00:00+00:00,1.28159,1.2821,1.27528,1.2814,10217
2021-12-29 00:00:00+00:00,1.28151,1.2832,1.281,1.28164,10846
2021-12-29 04:00:00+00:00,1.28148,1.28283,1.2813,1.28171,9428
2021-12-29 08:00:00+00:00,1.28165,1.28338,1.2809,1.28258,15582
2021-12-29 12:00:00+00:00,1.28252,1.28305,1.2789,1.28015,30258
2021-12-29 16:00:00+00:00,1.28014,1.28127,1.279,1.27936,18000
2021-12-29 20:00:00+00:00,1.27941,1.27981,1.27811,1.27826,9529
2021-12-30 00:00:00+00:00,1.27829,1.27894,1.277,1.2788,10616
2021-12-30 04:00:00+00:00,1.27904,1.28086,1.2788,1.28019,10880
2021-12-30 08:00:00+00:00,1.28023,1.28118,1.2778,1.27804,16314
2021-12-30 12:00:00+00:00,1.27806,1.28067,1.2769,1.27876,26302
2021-12-30 16:00:00+00:00,1.27884,1.27902,1.2739,1.27433,18676
2021-12-30 20:00:00+00:00,1.27458,1.27468,1.27323,1.27444,11801
2021-12-31 00:00:00+00:00,1.2743,1.27502,1.2737,1.27445,9835
2021-12-31 04:00:00+00:00,1.27443,1.27451,1.272,1.27326,10508
2021-12-31 08:00:00+00:00,1.27329,1.27363,1.2714,1.27352,16644
2021-12-31 12:00:00+00:00,1.2734,1.27413,1.26285,1.26285,31999
2021-12-31 16:00:00+00:00,1.26269,1.26571,1.26269,1.2637,20307
2021-12-31 20:00:00+00:00,1.26402,1.26549,1.26148,1.26403,6402
2022-01-02 20:00:00+00:00,1.2629,1.26588,1.25903,1.26588,2261
2022-01-03 00:00:00+00:00,1.26571,1.26849,1.2644,1.26781,13155
2022-01-03 04:00:00+00:00,1.26773,1.26852,1.2667,1.26751,10828
2022-01-03 08:00:00+00:00,1.2673,1.26841,1.26666,1.26825,15532
2022-01-03 12:00:00+00:00,1.268,1.2778,1.2679,1.27729,28999
2022-01-03 16:00:00+00:00,1.27712,1.27712,1.27438,1.27469,20449
2022-01-03 20:00:00+00:00,1.27453,1.27578,1.2738,1.275,12307
2022-01-04 00:00:00+00:00,1.27514,1.27532,1.2735,1.27434,11599
2022-01-04 04:00:00+00:00,1.27441,1.27441,1.2722,1.27288,11657
2022-01-04 08:00:00+00:00,1.27302,1.27556,1.27302,1.27513,20048
2022-01-04 12:00:00+00:00,1.27486,1.27657,1.26667,1.26746,28998
2022-01-04 16:00:00+00:00,1.26754,1.27186,1.26754,1.27049,22704
2022-01-04 20:00:00+00:00,1.27035,1.27122,1.26909,1.27044,12178
2022-01-05 00:00:00+00:00,1.27035,1.27179,1.26965,1.27127,12059
2022-01-05 04:00:00+00:00,1.27121,1.27247,1.27057,1.27131,10475
2022-01-05 08:00:00+00:00,1.27125,1.27266,1.2707,1.272,20490
2022-01-05 12:00:00+00:00,1.27225,1.27392,1.26913,1.27006,29846
2022-01-05 16:00:00+00:00,1.26988,1.2754,1.2691,1.2754,27181
2022-01-05 20:00:00+00:00,1.27576,1.27654,1.27492,1.276,17472
2022-01-06 00:00:00+00:00,1.27576,1.27831,1.2757,1.27821,17370
2022-01-06 04:00:00+00:00,1.27828,1.28052,1.27789,1.2804,17849
2022-01-06 08:00:00+00:00,1.28045,1.28133,1.2753,1.27773,29675
2022-01-06 12:00:00+00:00,1.27723,1.2786,1.27263,1.27518,37945
2022-01-06 16:00:00+00:00,1.27504,1.27564,1.2705,1.27298,29554
2022-01-06 20:00:00+00:00,1.27286,1.27396,1.27129,1.27296,15520
2022-01-07 00:00:00+00:00,1.27269,1.27277,1.27066,1.27123,14311
2022-01-07 04:00:00+00:00,1.2713,1.27294,1.2706,1.27236,12994
2022-01-07 08:00:00+00:00,1.27251,1.27296,1.2705,1.27183,21691
2022-01-07 12:00:00+00:00,1.27167,1.27264,1.26711,1.2673,19704
2022-01-07 16:00:00+00:00,1.26707,1.26749,1.263,1.26338,21172
2022-01-07 20:00:00+00:00,1.2632,1.2647,1.26283,1.26353,8679
2022-01-08 08:00:00+00:00,1.26453,1.26453,1.26453,1.26453,1
2022-01-09 20:00:00+00:00,1.26467,1.26548,1.26307,1.26467,3309
2022-01-10 00:00:00+00:00,1.26456,1.26495,1.2634,1.26434,14960
2022-01-10 04:00:00+00:00,1.2644,1.26523,1.26305,1.26331,15588
2022-01-10 08:00:00+00:00,1.2634,1.26447,1.261,1.26301,28215
2022-01-10 12:00:00+00:00,1.26286,1.26929,1.2623,1.26765,34913
2022-01-10 16:00:00+00:00,1.2678,1.26955,1.26735,1.2678,30620
2022-01-10 20:00:00+00:00,1.268,1.26865,1.26602,1.2665,14710
2022-01-11 00:00:00+00:00,1.26651,1.26691,1.2644,1.26497,16487
2022-01-11 04:00:00+00:00,1.26507,1.26652,1.2642,1.26452,16539
2022-01-11 08:00:00+00:00,1.26445,1.26498,1.26312,1.26389,28019
2022-01-11 12:00:00+00:00,1.26363,1.26632,1.26138,1.26288,29988
2022-01-11 16:00:00+00:00,1.26237,1.26237,1.25676,1.25821,23276
2022-01-11 20:00:00+00:00,1.2581,1.25827,1.2568,1.25772,12724
2022-01-12 00:00:00+00:00,1.25786,1.25786,1.255,1.2551,13250
2022-01-12 04:00:00+00:00,1.25533,1.25758,1.25452,1.25741,12061
2022-01-12 08:00:00+00:00,1.25711,1.25711,1.25335,1.25462,21742
2022-01-12 12:00:00+00:00,1.25462,1.2556,1.25071,1.25091,32013
2022-01-12 16:00:00+00:00,1.25088,1.25145,1.2493,1.25006,25724
2022-01-12 20:00:00+00:00,1.2502,1.25094,1.24975,1.25028,15678
2022-01-13 00:00:00+00:00,1.25045,1.25094,1.2496,1.2498,16650
2022-01-13 04:00:00+00:00,1.2498,1.25072,1.24852,1.24852,17026
2022-01-13 08:00:00+00:00,1.24847,1.249,1.24663,1.24793,22873
2022-01-13 12:00:00+00:00,1.24782,1.24963,1.24548,1.24845,28526
2022-01-13 16:00:00+00:00,1.24853,1.25012,1.2476,1.24874,24962
2022-01-13 20:00:00+00:00,1.24896,1.25198,1.24878,1.25078,16008
2022-01-14 00:00:00+00:00,1.25093,1.25241,1.25038,1.2506,20071
2022-01-14 04:00:00+00:00,1.25055,1.25055,1.2482,1.24946,18302
2022-01-14 08:00:00+00:00,1.24974,1.25009,1.24713,1.24879,24813
2022-01-14 12:00:00+00:00,1.2486,1.25442,1.2486,1.25424,37992
2022-01-14 16:00:00+00:00,1.25448,1.25693,1.2539,1.25612,26729
2022-01-14 20:00:00+00:00,1.25613,1.25638,1.25317,1.25447,9268
2022-01-17 00:00:00+00:00,1.25463,1.25483,1.2533,1.25384,9401
2022-01-17 04:00:00+00:00,1.25374,1.25473,1.2521,1.2524,16529
2022-01-17 08:00:00+00:00,1.25239,1.25282,1.25,1.2517,23375
2022-01-17 12:00:00+00:00,1.25169,1.25353,1.25038,1.25189,24016
2022-01-17 16:00:00+00:00,1.25214,1.25217,1.2505,1.2518,12682
2022-01-17 20:00:00+00:00,1.25184,1.25238,1.25042,1.25157,7769
2022-01-18 00:00:00+00:00,1.25114,1.25325,1.24862,1.25279,18544
2022-01-18 04:00:00+00:00,1.25262,1.25299,1.2496,1.25011,25078
2022-01-18 08:00:00+00:00,1.25057,1.25267,1.2494,1.2501,32840
2022-01-18 12:00:00+00:00,1.25014,1.25282,1.24971,1.25281,35871
2022-01-18 16:00:00+00:00,1.25287,1.2563,1.25028,1.25028,28574
2022-01-18 20:00:00+00:00,1.25062,1.25228,1.24961,1.24974,17219
2022-01-19 00:00:00+00:00,1.2495,1.25102,1.2486,1.25038,21644
2022-01-19 04:00:00+00:00,1.25032,1.25219,1.2488,1.25193,23404
2022-01-19 08:00:00+00:00,1.25207,1.25239,1.2469,1.24757,29365
2022-01-19 12:00:00+00:00,1.24755,1.25184,1.2453,1.25164,31315
2022-01-19 16:00:00+00:00,1.25149,1.25157,1.24834,1.24893,26948
2022-01-19 20:00:00+00:00,1.2488,1.2515,1.2486,1.2509,16757
2022-01-20 00:00:00+00:00,1.25074,1.25108,1.24926,1.24951,21141
2022-01-20 04:00:00+00:00,1.24938,1.24981,1.24837,1.24898,17156
2022-01-20 08:00:00+00:00,1.24886,1.24968,1.248,1.24889,27890
2022-01-20 12:00:00+00:00,1.24905,1.24952,1.24542,1.24559,29909
2022-01-20 16:00:00+00:00,1.24583,1.24768,1.24544,1.24702,24484
2022-01-20 20:00:00+00:00,1.24692,1.25145,1.24692,1.25003,19469
2022-01-21 00:00:00+00:00,1.24981,1.25367,1.24981,1.25282,26882
2022-01-21 04:00:00+00:00,1.25253,1.25292,1.2509,1.25163,20776
2022-01-21 08:00:00+00:00,1.25209,1.25334,1.2506,1.252,29871
2022-01-21 12:00:00+00:00,1.2523,1.25531,1.25146,1.25329,34164
2022-01-21 16:00:00+00:00,1.25342,1.25732,1.25252,1.25721,34353
2022-01-21 20:00:00+00:00,1.25753,1.25864,1.25532,1.25672,12670
2022-01-23 20:00:00+00:00,1.25688,1.25798,1.2561,1.2561,4140
2022-01-24 00:00:00+00:00,1.25635,1.25747,1.2557,1.256,18733
2022-01-24 04:00:00+00:00,1.25593,1.25878,1.2553,1.25762,19368
2022-01-24 08:00:00+00:00,1.25755,1.2615,1.2567,1.26082,33369
2022-01-24 12:00:00+00:00,1.2606,1.26771,1.2606,1.26623,46822
2022-01-24 16:00:00+00:00,1.26645,1.27017,1.2637,1.26476,48767
2022-01-24 20:00:00+00:00,1.26424,1.26521,1.26232,1.26256,21342
2022-01-25 00:00:00+00:00,1.26267,1.26537,1.26195,1.26438,25477
2022-01-25 04:00:00+00:00,1.26464,1.26573,1.26289,1.26379,25289
2022-01-25 08:00:00+00:00,1.26389,1.26498,1.26283,1.26422,37230
2022-01-25 12:00:00+00:00,1.26417,1.26678,1.26238,1.26351,41833
2022-01-25 16:00:00+00:00,1.264,1.26437,1.25977,1.25994,36366
2022-01-25 20:00:00+00:00,1.25987,1.26317,1.2597,1.26158,18829
2022-01-26 00:00:00+00:00,1.26162,1.26294,1.25998,1.2606,20006
2022-01-26 04:00:00+00:00,1.26066,1.26101,1.2589,1.25973,17665
2022-01-26 08:00:00+00:00,1.25947,1.26,1.25631,1.25631,27323
2022-01-26 12:00:00+00:00,1.25657,1.26376,1.25596,1.26268,32692
2022-01-26 16:00:00+00:00,1.26256,1.26613,1.25807,1.26531,32487
2022-01-26 20:00:00+00:00,1.26538,1.26862,1.26538,1.26559,22276
2022-01-27 00:00:00+00:00,1.26594,1.2708,1.26594,1.27064,31242
2022-01-27 04:00:00+00:00,1.27079,1.27254,1.27023,1.27243,28484
2022-01-27 08:00:00+00:00,1.27239,1.27261,1.2662,1.27013,36830
2022-01-27 12:00:00+00:00,1.27003,1.27189,1.26505,1.27058,43519
2022-01-27 16:00:00+00:00,1.27017,1.2745,1.2699,1.2745,42624
2022-01-27 20:00:00+00:00,1.27415,1.27472,1.2727,1.27465,16986
2022-01-28 00:00:00+00:00,1.2743,1.27461,1.27126,1.2723,24587
2022-01-28 04:00:00+00:00,1.27239,1.2747,1.2712,1.27446,26027
2022-01-28 08:00:00+00:00,1.2746,1.2796,1.27447,1.27825,35756
2022-01-28 12:00:00+00:00,1.27838,1.27961,1.27511,1.27691,46469
2022-01-28 16:00:00+00:00,1.27711,1.27946,1.2749,1.27858,36764
2022-01-28 20:00:00+00:00,1.27825,1.2784,1.27537,1.27537,11685
2022-01-30 00:00:00+00:00,1.2761,1.2761,1.2761,1.2761,1
2022-01-30 20:00:00+00:00,1.27603,1.27757,1.27556,1.27591,2568
2022-01-31 00:00:00+00:00,1.27609,1.27635,1.2729,1.27329,18257
2022-01-31 04:00:00+00:00,1.27344,1.27412,1.2722,1.27233,18135
2022-01-31 08:00:00+00:00,1.27272,1.27437,1.272,1.27419,29091
2022-01-31 12:00:00+00:00,1.27442,1.27749,1.27137,1.27137,39894
2022-01-31 16:00:00+00:00,1.27142,1.27287,1.26827,1.2697,29940
2022-01-31 20:00:00+00:00,1.26965,1.27174,1.26955,1.27174,15648
2022-02-01 00:00:00+00:00,1.27193,1.27224,1.2702,1.27152,14603
2022-02-01 04:00:00+00:00,1.27145,1.27153,1.267,1.26703,17375
2022-02-01 08:00:00+00:00,1.26681,1.26935,1.26543,1.26935,27856
2022-02-01 12:00:00+00:00,1.26924,1.27248,1.26807,1.26833,39849
2022-02-01 16:00:00+00:00,1.26798,1.27019,1.26791,1.27002,30162
2022-02-01 20:00:00+00:00,1.26933,1.26933,1.2676,1.26895,13513
2022-02-02 00:00:00+00:00,1.2691,1.26942,1.26758,1.26895,13411
2022-02-02 04:00:00+00:00,1.26894,1.26903,1.2676,1.26808,14146
2022-02-02 08:00:00+00:00,1.26811,1.2698,1.26728,1.26792,25456
2022-02-02 12:00:00+00:00,1.2684,1.27045,1.26502,1.26856,34807
2022-02-02 16:00:00+00:00,1.26859,1.26972,1.2661,1.2666,25832
2022-02-02 20:00:00+00:00,1.2665,1.26865,1.2651,1.26865,13777
2022-02-03 00:00:00+00:00,1.26858,1.26858,1.2672,1.2673,15079
2022-02-03 04:00:00+00:00,1.26742,1.26914,1.2674,1.26868,14785
2022-02-03 08:00:00+00:00,1.26837,1.27149,1.26837,1.27078,24548
2022-02-03 12:00:00+00:00,1.27093,1.27127,1.26645,1.2681,47956
2022-02-03 16:00:00+00:00,1.2681,1.2686,1.26577,1.26779,32412
2022-02-03 20:00:00+00:00,1.26787,1.26929,1.26693,1.26788,15299
2022-02-04 00:00:00+00:00,1.26788,1.26844,1.2666,1.26691,18356
2022-02-04 04:00:00+00:00,1.26692,1.26996,1.2662,1.26996,18143
2022-02-04 08:00:00+00:00,1.26972,1.27086,1.26909,1.27084,7185
2022-02-04 12:00:00+00:00,1.27766,1.27808,1.27578,1.27728,15396
2022-02-04 16:00:00+00:00,1.27736,1.27814,1.2743,1.27531,27282
2022-02-04 20:00:00+00:00,1.27522,1.27666,1.27269,1.27329,9171
2022-02-06 20:00:00+00:00,1.27418,1.27513,1.27417,1.27455,1688
2022-02-07 00:00:00+00:00,1.27453,1.2754,1.2733,1.27435,21639
2022-02-07 04:00:00+00:00,1.27446,1.27446,1.27101,1.27101,21098
2022-02-07 08:00:00+00:00,1.27129,1.27397,1.27129,1.27242,30282
2022-02-07 12:00:00+00:00,1.272,1.27259,1.2682,1.26834,32663
2022-02-07 16:00:00+00:00,1.26786,1.26945,1.2658,1.26611,25575
2022-02-07 20:00:00+00:00,1.26634,1.26745,1.2655,1.2664,12769
2022-02-08 00:00:00+00:00,1.26659,1.26843,1.2664,1.26828,15264
2022-02-08 04:00:00+00:00,1.26809,1.27003,1.2678,1.26922,18162
2022-02-08 08:00:00+00:00,1.2691,1.27061,1.2672,1.27005,28259
2022-02-08 12:00:00+00:00,1.27013,1.27187,1.26976,1.27134,32501
2022-02-08 16:00:00+00:00,1.2712,1.27199,1.26969,1.2714,23086
2022-02-08 20:00:00+00:00,1.27123,1.27123,1.2699,1.27045,12777
2022-02-09 00:00:00+00:00,1.2704,1.27146,1.2687,1.26929,13348
2022-02-09 04:00:00+00:00,1.26926,1.27138,1.2687,1.27079,12785
2022-02-09 08:00:00+00:00,1.27056,1.2712,1.2681,1.26922,21484
2022-02-09 12:00:00+00:00,1.26905,1.26987,1.2677,1.26828,25978
2022-02-09 16:00:00+00:00,1.26781,1.26803,1.2664,1.26698,18891
2022-02-09 20:00:00+00:00,1.26724,1.2683,1.2665,1.26762,10373
2022-02-10 00:00:00+00:00,1.26768,1.26857,1.267,1.26773,13495
2022-02-10 04:00:00+00:00,1.26776,1.26782,1.26678,1.26695,11763
2022-02-10 08:00:00+00:00,1.26702,1.26723,1.26651,1.2672,3263
2022-02-10 12:00:00+00:00,1.27013,1.27013,1.26367,1.26542,18189
2022-02-10 16:00:00+00:00,1.26569,1.27148,1.26413,1.27148,40881
2022-02-10 20:00:00+00:00,1.27167,1.27336,1.27047,1.27336,17568
2022-02-11 00:00:00+00:00,1.2734,1.27493,1.27246,1.27341,19586
2022-02-11 04:00:00+00:00,1.2733,1.27533,1.2727,1.27308,20864
2022-02-11 08:00:00+00:00,1.27352,1.2737,1.2721,1.27249,28852
2022-02-11 12:00:00+00:00,1.27248,1.27248,1.2673,1.26865,33837
2022-02-11 16:00:00+00:00,1.26845,1.27456,1.2669,1.27418,47697
2022-02-11 20:00:00+00:00,1.27407,1.27457,1.26963,1.27097,19795
2022-02-12 08:00:00+00:00,1.27137,1.27137,1.27137,1.27137,1
2022-02-13 20:00:00+00:00,1.27332,1.27403,1.27199,1.27235,3284
2022-02-14 00:00:00+00:00,1.27219,1.27448,1.27219,1.27341,21655
2022-02-14 04:00:00+00:00,1.27366,1.27439,1.27265,1.27371,21928
2022-02-14 08:00:00+00:00,1.2744,1.27827,1.27419,1.27734,36841
2022-02-14 12:00:00+00:00,1.27755,1.27803,1.27219,1.27461,48085
2022-02-14 16:00:00+00:00,1.27473,1.2755,1.27203,1.27351,42354
2022-02-14 20:00:00+00:00,1.27337,1.2741,1.27201,1.2727,16355
2022-02-15 00:00:00+00:00,1.27285,1.27403,1.2724,1.2737,19256
2022-02-15 04:00:00+00:00,1.27388,1.27521,1.2729,1.27338,21476
2022-02-15 08:00:00+00:00,1.27368,1.27368,1.27021,1.27205,36182
2022-02-15 12:00:00+00:00,1.27226,1.27737,1.27112,1.27595,38534
2022-02-15 16:00:00+00:00,1.27605,1.27626,1.2729,1.27325,23857
2022-02-15 20:00:00+00:00,1.27309,1.27406,1.2713,1.27232,13586
2022-02-16 00:00:00+00:00,1.27238,1.2725,1.2708,1.27198,15689
2022-02-16 04:00:00+00:00,1.27205,1.27219,1.2701,1.2703,14889
2022-02-16 08:00:00+00:00,1.27027,1.27055,1.2674,1.26866,29827
2022-02-16 12:00:00+00:00,1.2682,1.2704,1.26657,1.26963,37663
2022-02-16 16:00:00+00:00,1.26968,1.27017,1.26742,1.26763,33844
2022-02-16 20:00:00+00:00,1.26761,1.26958,1.2674,1.26958,16443
2022-02-17 00:00:00+00:00,1.26944,1.27237,1.26827,1.27237,19922
2022-02-17 04:00:00+00:00,1.2724,1.27307,1.26976,1.2701,34411
2022-02-17 08:00:00+00:00,1.26989,1.27198,1.26947,1.27054,36596
2022-02-17 12:00:00+00:00,1.27035,1.27129,1.26784,1.26925,44222
2022-02-17 16:00:00+00:00,1.27,1.27,1.26818,1.26971,26345
2022-02-17 20:00:00+00:00,1.26993,1.27094,1.26819,1.27087,16500
2022-02-18 00:00:00+00:00,1.27072,1.27162,1.26917,1.2693,22649
2022-02-18 04:00:00+00:00,1.26919,1.26978,1.2681,1.26815,18140
2022-02-18 08:00:00+00:00,1.26795,1.27062,1.2672,1.27002,29365
2022-02-18 12:00:00+00:00,1.26999,1.27371,1.2692,1.2736,38702
2022-02-18 16:00:00+00:00,1.27364,1.27566,1.27361,1.27434,32401
2022-02-18 20:00:00+00:00,1.27426,1.276,1.274,1.2754,13012
2022-02-20 20:00:00+00:00,1.27476,1.27591,1.27398,1.27558,3097
2022-02-21 00:00:00+00:00,1.27561,1.27589,1.2725,1.2728,23356
2022-02-21 04:00:00+00:00,1.27309,1.27332,1.27209,1.2732,18606
2022-02-21 08:00:00+00:00,1.27324,1.27506,1.2726,1.27458,31805
2022-02-21 12:00:00+00:00,1.2748,1.2755,1.27342,1.27394,37557
2022-02-21 16:00:00+00:00,1.27396,1.27586,1.27396,1.2748,21481
2022-02-21 20:00:00+00:00,1.27507,1.27651,1.2743,1.2756,9234
2022-02-22 00:00:00+00:00,1.27562,1.27684,1.27452,1.27647,26338
2022-02-22 04:00:00+00:00,1.27607,1.27645,1.2741,1.27639,24762
2022-02-22 08:00:00+00:00,1.2765,1.2765,1.2725,1.27343,43169
2022-02-22 12:00:00+00:00,1.27323,1.27389,1.2717,1.27337,40270
2022-02-22 16:00:00+00:00,1.27299,1.27819,1.27281,1.27543,37432
2022-02-22 20:00:00+00:00,1.27526,1.2773,1.27476,1.27668,19011
2022-02-23 00:00:00+00:00,1.27675,1.27678,1.27431,1.2747,18318
2022-02-23 04:00:00+00:00,1.2747,1.27548,1.27356,1.27356,19004
2022-02-23 08:00:00+00:00,1.27328,1.27348,1.27032,1.27158,28081
2022-02-23 12:00:00+00:00,1.2715,1.27253,1.26813,1.27217,37417
2022-02-23 16:00:00+00:00,1.27224,1.27398,1.2709,1.27359,34321
2022-02-23 20:00:00+00:00,1.27382,1.27469,1.27277,1.27339,16979
2022-02-24 00:00:00+00:00,1.27327,1.27752,1.27327,1.27688,40994
2022-02-24 04:00:00+00:00,1.27661,1.28044,1.27644,1.28016,49312
2022-02-24 08:00:00+00:00,1.28031,1.28466,1.27872,1.28146,52337
2022-02-24 12:00:00+00:00,1.2819,1.28766,1.28076,1.28766,55922
2022-02-24 16:00:00+00:00,1.28764,1.28764,1.28006,1.28171,49651
2022-02-24 20:00:00+00:00,1.2812,1.28184,1.27916,1.28071,22034
2022-02-25 00:00:00+00:00,1.28063,1.28116,1.27881,1.27884,33556
2022-02-25 04:00:00+00:00,1.2785,1.27931,1.277,1.27843,26353
2022-02-25 08:00:00+00:00,1.27878,1.28194,1.27841,1.28034,39909
2022-02-25 12:00:00+00:00,1.28011,1.28011,1.27352,1.27407,51731
2022-02-25 16:00:00+00:00,1.27391,1.27544,1.27107,1.27107,34868
2022-02-25 20:00:00+00:00,1.27126,1.27221,1.2681,1.2681,13146
2022-02-26 16:00:00+00:00,1.2685,1.2685,1.2685,1.2685,1
2022-02-27 20:00:00+00:00,1.27471,1.27889,1.27349,1.27552,5073
2022-02-28 00:00:00+00:00,1.27599,1.28078,1.27505,1.28068,36111
2022-02-28 04:00:00+00:00,1.28025,1.28088,1.2762,1.27713,34728
2022-02-28 08:00:00+00:00,1.27744,1.27878,1.27333,1.27532,41276
2022-02-28 12:00:00+00:00,1.27512,1.27519,1.26741,1.26816,46967
2022-02-28 16:00:00+00:00,1.26813,1.27048,1.26609,1.26855,37897
2022-02-28 20:00:00+00:00,1.26892,1.27002,1.2665,1.2665,18898
2022-03-01 00:00:00+00:00,1.26663,1.26834,1.26656,1.26807,18412
2022-03-01 04:00:00+00:00,1.268,1.26806,1.2653,1.26658,18275
2022-03-01 08:00:00+00:00,1.26636,1.26806,1.26561,1.26789,36952
2022-03-01 12:00:00+00:00,1.26795,1.2694,1.26559,1.26755,46333
2022-03-01 16:00:00+00:00,1.26748,1.27491,1.26725,1.27423,42048
2022-03-01 20:00:00+00:00,1.27399,1.27493,1.27227,1.27227,19893
2022-03-02 00:00:00+00:00,1.27235,1.27338,1.2714,1.27203,18645
2022-03-02 04:00:00+00:00,1.27192,1.27435,1.2713,1.27291,25210
2022-03-02 08:00:00+00:00,1.27235,1.27308,1.26988,1.26988,43556
2022-03-02 12:00:00+00:00,1.2699,1.27079,1.26718,1.26947,50134
2022-03-02 16:00:00+00:00,1.2697,1.26987,1.26333,1.26506,41124
2022-03-02 20:00:00+00:00,1.26513,1.26513,1.2628,1.26462,15416
2022-03-03 00:00:00+00:00,1.26452,1.26544,1.2633,1.26379,18733
2022-03-03 04:00:00+00:00,1.26366,1.26378,1.26056,1.26072,19659
2022-03-03 08:00:00+00:00,1.26097,1.26396,1.25884,1.2634,34748
2022-03-03 12:00:00+00:00,1.26335,1.26672,1.2622,1.26654,44303
2022-03-03 16:00:00+00:00,1.26655,1.26911,1.26508,1.26809,44294
2022-03-03 20:00:00+00:00,1.2681,1.269,1.26696,1.26701,14443
2022-03-04 00:00:00+00:00,1.26698,1.27205,1.26698,1.26996,37084
2022-03-04 04:00:00+00:00,1.27016,1.27049,1.2681,1.26983,23746
2022-03-04 08:00:00+00:00,1.26956,1.27475,1.26934,1.27446,37316
2022-03-04 12:00:00+00:00,1.27456,1.27893,1.2741,1.2763,50766
2022-03-04 16:00:00+00:00,1.27629,1.27739,1.2713,1.27407,39720
2022-03-04 20:00:00+00:00,1.27422,1.27422,1.26771,1.26811,13191
2022-03-06 20:00:00+00:00,1.27151,1.27544,1.27092,1.27141,4601
2022-03-07 00:00:00+00:00,1.27128,1.27342,1.2711,1.27163,38620
2022-03-07 04:00:00+00:00,1.2715,1.27211,1.26856,1.27073,32849
2022-03-07 08:00:00+00:00,1.27041,1.2738,1.26922,1.2713,46276
2022-03-07 12:00:00+00:00,1.27129,1.27721,1.27031,1.27698,56628
2022-03-07 16:00:00+00:00,1.27697,1.28066,1.27606,1.28066,43390
2022-03-07 20:00:00+00:00,1.28077,1.28207,1.2799,1.2799,16799
2022-03-08 00:00:00+00:00,1.2799,1.28137,1.2794,1.28028,29004
2022-03-08 04:00:00+00:00,1.28022,1.28336,1.28022,1.28336,30341
2022-03-08 08:00:00+00:00,1.28334,1.28384,1.28067,1.28147,43516
2022-03-08 12:00:00+00:00,1.28147,1.28686,1.2807,1.28677,52184
2022-03-08 16:00:00+00:00,1.28672,1.28992,1.2858,1.28895,51551
2022-03-08 20:00:00+00:00,1.28885,1.28935,1.28669,1.2889,17423
2022-03-09 00:00:00+00:00,1.28879,1.28915,1.2867,1.289,25073
2022-03-09 04:00:00+00:00,1.28894,1.28894,1.2862,1.2865,22200
2022-03-09 08:00:00+00:00,1.28623,1.28623,1.2808,1.2833,40027
2022-03-09 12:00:00+00:00,1.28318,1.28427,1.28073,1.2815,45231
2022-03-09 16:00:00+00:00,1.28175,1.28347,1.28041,1.28306,33884
2022-03-09 20:00:00+00:00,1.28265,1.28265,1.27976,1.27985,15373
2022-03-10 00:00:00+00:00,1.27912,1.28403,1.27912,1.28103,21611
2022-03-10 04:00:00+00:00,1.28102,1.28233,1.27945,1.27946,18643
2022-03-10 08:00:00+00:00,1.27974,1.28314,1.27974,1.28212,38943
2022-03-10 12:00:00+00:00,1.28246,1.2832,1.27591,1.27818,47321
2022-03-10 16:00:00+00:00,1.27849,1.27909,1.2749,1.27573,30795
2022-03-10 20:00:00+00:00,1.27589,1.27741,1.27545,1.27559,11788
2022-03-11 00:00:00+00:00,1.2756,1.27888,1.27534,1.27781,20026
2022-03-11 04:00:00+00:00,1.27771,1.27927,1.276,1.27718,22858
2022-03-11 08:00:00+00:00,1.27722,1.27876,1.27586,1.27593,36770
2022-03-11 12:00:00+00:00,1.27571,1.27732,1.26939,1.27002,44820
2022-03-11 16:00:00+00:00,1.27007,1.2732,1.2699,1.27243,30679
2022-03-11 20:00:00+00:00,1.27259,1.27529,1.26787,1.2737,10229
2022-03-13 20:00:00+00:00,1.27191,1.27437,1.27088,1.27353,6524
2022-03-14 00:00:00+00:00,1.27366,1.27889,1.27332,1.27807,25867
2022-03-14 04:00:00+00:00,1.27824,1.27865,1.27645,1.27741,24773
2022-03-14 08:00:00+00:00,1.27713,1.27769,1.27453,1.27713,33991
2022-03-14 12:00:00+00:00,1.27682,1.27797,1.27387,1.27727,39704
2022-03-14 16:00:00+00:00,1.27727,1.28258,1.27594,1.28219,31104
2022-03-14 20:00:00+00:00,1.2823,1.28257,1.281,1.2819,8868
2022-03-15 00:00:00+00:00,1.28211,1.28518,1.28124,1.28205,27557
2022-03-15 04:00:00+00:00,1.28222,1.28521,1.28175,1.28413,23518
2022-03-15 08:00:00+00:00,1.28446,1.28705,1.28294,1.28375,32148
2022-03-15 12:00:00+00:00,1.28356,1.28369,1.27903,1.28052,37713
2022-03-15 16:00:00+00:00,1.2806,1.2806,1.27645,1.27694,29677
2022-03-15 20:00:00+00:00,1.27668,1.27747,1.27508,1.277,8580
2022-03-16 00:00:00+00:00,1.27708,1.27744,1.27549,1.27621,21773
2022-03-16 04:00:00+00:00,1.27626,1.2764,1.27327,1.27514,20419
2022-03-16 08:00:00+00:00,1.27494,1.27494,1.27012,1.27068,29983
2022-03-16 12:00:00+00:00,1.27049,1.27449,1.26906,1.2742,39977
2022-03-16 16:00:00+00:00,1.27424,1.27745,1.26893,1.26893,49377
2022-03-16 20:00:00+00:00,1.26903,1.2695,1.26748,1.26874,11539
2022-03-17 00:00:00+00:00,1.26877,1.26975,1.26688,1.26826,29557
2022-03-17 04:00:00+00:00,1.26828,1.26872,1.26605,1.26605,18894
2022-03-17 08:00:00+00:00,1.26638,1.26711,1.26515,1.26563,31707
2022-03-17 12:00:00+00:00,1.2657,1.26791,1.2639,1.2639,36908
2022-03-17 16:00:00+00:00,1.26363,1.26492,1.26191,1.26191,23202
2022-03-17 20:00:00+00:00,1.26213,1.26343,1.261,1.26317,9463
2022-03-18 00:00:00+00:00,1.26324,1.26331,1.2613,1.26196,18385
2022-03-18 04:00:00+00:00,1.262,1.262,1.2596,1.26027,18179
2022-03-18 08:00:00+00:00,1.2599,1.26229,1.25953,1.26191,26571
2022-03-18 12:00:00+00:00,1.26175,1.26464,1.26128,1.26328,35580
2022-03-18 16:00:00+00:00,1.2633,1.26378,1.25897,1.25934,24613
2022-03-18 20:00:00+00:00,1.25924,1.2611,1.25898,1.2606,3602
2022-03-20 20:00:00+00:00,1.25971,1.26112,1.25766,1.26058,2702
2022-03-21 00:00:00+00:00,1.26055,1.26082,1.259,1.2606,13037
2022-03-21 04:00:00+00:00,1.26062,1.26149,1.2601,1.26018,14674
2022-03-21 08:00:00+00:00,1.2595,1.26208,1.25892,1.2612,23868
2022-03-21 12:00:00+00:00,1.2612,1.26133,1.25753,1.2578,35351
2022-03-21 16:00:00+00:00,1.2578,1.26103,1.25653,1.25892,36930
2022-03-21 20:00:00+00:00,1.25877,1.25961,1.25758,1.25876,7833
2022-03-22 00:00:00+00:00,1.259,1.2602,1.25728,1.25754,21109
2022-03-22 04:00:00+00:00,1.2574,1.26059,1.25705,1.25988,19150
2022-03-22 08:00:00+00:00,1.25991,1.26207,1.25818,1.25868,27640
2022-03-22 12:00:00+00:00,1.25835,1.26162,1.25748,1.26054,37051
2022-03-22 16:00:00+00:00,1.26036,1.26078,1.2567,1.2567,23712
2022-03-22 20:00:00+00:00,1.2567,1.25857,1.2563,1.25824,8920
2022-03-23 00:00:00+00:00,1.25793,1.25849,1.25658,1.25773,16671
2022-03-23 04:00:00+00:00,1.25771,1.25897,1.257,1.2573,15856
2022-03-23 08:00:00+00:00,1.25714,1.25992,1.25714,1.25936,23854
2022-03-23 12:00:00+00:00,1.25941,1.26048,1.25424,1.25545,35606
2022-03-23 16:00:00+00:00,1.25554,1.25692,1.25529,1.25657,23186
2022-03-23 20:00:00+00:00,1.25659,1.25738,1.25557,1.25592,9054
2022-03-24 00:00:00+00:00,1.25572,1.25777,1.25552,1.25775,17668
2022-03-24 04:00:00+00:00,1.25767,1.25834,1.25674,1.25722,16844
2022-03-24 08:00:00+00:00,1.25703,1.2585,1.25546,1.25582,27058
2022-03-24 12:00:00+00:00,1.25572,1.25758,1.25107,1.25301,38705
2022-03-24 16:00:00+00:00,1.25323,1.25535,1.2529,1.25295,25576
2022-03-24 20:00:00+00:00,1.2528,1.25364,1.25194,1.25203,9107
2022-03-25 00:00:00+00:00,1.25203,1.2542,1.25178,1.25284,19136
2022-03-25 04:00:00+00:00,1.25287,1.25436,1.2522,1.2539,15424
2022-03-25 08:00:00+00:00,1.25368,1.25526,1.2525,1.25259,22245
2022-03-25 12:00:00+00:00,1.25267,1.25329,1.24989,1.2513,36324
2022-03-25 16:00:00+00:00,1.25133,1.25133,1.24654,1.24654,28196
2022-03-25 20:00:00+00:00,1.24656,1.2485,1.24197,1.2449,3206
2022-03-26 12:00:00+00:00,1.2483,1.2483,1.2483,1.2483,1
2022-03-27 16:00:00+00:00,1.24648,1.24784,1.24648,1.24784,21
2022-03-27 20:00:00+00:00,1.24749,1.24871,1.24731,1.24871,3889
2022-03-28 00:00:00+00:00,1.24847,1.24992,1.24769,1.24886,21543
2022-03-28 04:00:00+00:00,1.24912,1.25034,1.24862,1.24922,20286
2022-03-28 08:00:00+00:00,1.24947,1.24978,1.24733,1.2495,26565
2022-03-28 12:00:00+00:00,1.24962,1.25922,1.2488,1.25505,37817
2022-03-28 16:00:00+00:00,1.25505,1.25554,1.25216,1.25241,24410
2022-03-28 20:00:00+00:00,1.2525,1.25304,1.25115,1.25211,9133
2022-03-29 00:00:00+00:00,1.25205,1.25292,1.2511,1.2517,19475
2022-03-29 04:00:00+00:00,1.25168,1.25192,1.2492,1.25027,20933
2022-03-29 08:00:00+00:00,1.25038,1.25128,1.24723,1.24807,30976
2022-03-29 12:00:00+00:00,1.24787,1.25258,1.24784,1.25124,46045
2022-03-29 16:00:00+00:00,1.25139,1.25271,1.2479,1.2496,24045
2022-03-29 20:00:00+00:00,1.2495,1.25048,1.24757,1.24978,8091
2022-03-30 00:00:00+00:00,1.25003,1.25078,1.2487,1.24915,19656
2022-03-30 04:00:00+00:00,1.24906,1.24931,1.24759,1.24774,22969
2022-03-30 08:00:00+00:00,1.24769,1.24887,1.2474,1.24771,27843
2022-03-30 12:00:00+00:00,1.2479,1.2502,1.24309,1.24955,38355
2022-03-30 16:00:00+00:00,1.2494,1.24956,1.24662,1.24755,22003
2022-03-30 20:00:00+00:00,1.24767,1.24868,1.2469,1.24823,9183
2022-03-31 00:00:00+00:00,1.24839,1.25182,1.24755,1.25159,21857
2022-03-31 04:00:00+00:00,1.25153,1.252,1.2498,1.25103,18534
2022-03-31 08:00:00+00:00,1.25123,1.25323,1.25123,1.25203,24213
2022-03-31 12:00:00+00:00,1.25214,1.25249,1.24809,1.24836,39437
2022-03-31 16:00:00+00:00,1.2482,1.25023,1.24646,1.25023,24390
2022-03-31 20:00:00+00:00,1.24964,1.25091,1.24899,1.25017,10273
2022-04-01 00:00:00+00:00,1.25001,1.25068,1.2492,1.24922,16446
2022-04-01 04:00:00+00:00,1.24919,1.25181,1.2491,1.2517,10172
2022-04-01 12:00:00+00:00,1.25084,1.25196,1.24976,1.25062,18917
2022-04-01 16:00:00+00:00,1.25078,1.25374,1.2503,1.25129,24782
2022-04-01 20:00:00+00:00,1.2513,1.25235,1.24991,1.25001,3113
2022-04-02 08:00:00+00:00,1.25041,1.25041,1.25041,1.25041,1
2022-04-03 16:00:00+00:00,1.25163,1.25179,1.25161,1.25177,15
2022-04-03 20:00:00+00:00,1.25183,1.25274,1.25098,1.25268,2074
2022-04-04 00:00:00+00:00,1.2525,1.25272,1.2507,1.25098,11628
2022-04-04 04:00:00+00:00,1.2509,1.25113,1.2484,1.24886,16396
2022-04-04 08:00:00+00:00,1.24897,1.25036,1.2484,1.24982,20700
2022-04-04 12:00:00+00:00,1.24947,1.24964,1.24677,1.2491,27274
2022-04-04 16:00:00+00:00,1.24908,1.25021,1.248,1.24873,17333
2022-04-04 20:00:00+00:00,1.24875,1.2492,1.24748,1.2486,7659
2022-04-05 00:00:00+00:00,1.24871,1.24895,1.2483,1.2487,10951
2022-04-05 04:00:00+00:00,1.24878,1.24905,1.2452,1.24572,20965
2022-04-05 08:00:00+00:00,1.24588,1.24683,1.2438,1.24394,21765
2022-04-05 12:00:00+00:00,1.24401,1.2459,1.2401,1.24523,34359
2022-04-05 16:00:00+00:00,1.24535,1.24973,1.2449,1.24924,23910
2022-04-05 20:00:00+00:00,1.24906,1.24906,1.2481,1.24844,7633
2022-04-06 00:00:00+00:00,1.24865,1.2502,1.2483,1.2499,16919
2022-04-06 04:00:00+00:00,1.25,1.25092,1.249,1.2505,21384
2022-04-06 08:00:00+00:00,1.25067,1.25067,1.2487,1.24946,24994
2022-04-06 12:00:00+00:00,1.24932,1.2521,1.24804,1.25021,33520
2022-04-06 16:00:00+00:00,1.25013,1.25564,1.2492,1.25322,37448
2022-04-06 20:00:00+00:00,1.2528,1.25665,1.2528,1.25638,10701
2022-04-07 00:00:00+00:00,1.25636,1.25678,1.2549,1.2556,17528
2022-04-07 04:00:00+00:00,1.25597,1.25655,1.25382,1.25506,20631
2022-04-07 08:00:00+00:00,1.25539,1.25711,1.25419,1.25497,26869
2022-04-07 12:00:00+00:00,1.25467,1.26111,1.25467,1.25933,36360
2022-04-07 16:00:00+00:00,1.2594,1.26066,1.2574,1.25858,26802
2022-04-07 20:00:00+00:00,1.25865,1.25928,1.2583,1.25868,9282
2022-04-08 00:00:00+00:00,1.2587,1.2594,1.2577,1.25853,16623
2022-04-08 04:00:00+00:00,1.2584,1.25986,1.2576,1.25876,19852
2022-04-08 08:00:00+00:00,1.25883,1.2599,1.2582,1.25868,20565
2022-04-08 12:00:00+00:00,1.25858,1.26185,1.25779,1.25779,34347
2022-04-08 16:00:00+00:00,1.25784,1.25939,1.2563,1.25687,22844
2022-04-08 20:00:00+00:00,1.25693,1.25817,1.25506,1.25616,3180
2022-04-10 20:00:00+00:00,1.25678,1.25805,1.25655,1.25805,2177
2022-04-11 00:00:00+00:00,1.258,1.26161,1.258,1.2605,17209
2022-04-11 04:00:00+00:00,1.2605,1.26166,1.259,1.26039,20812
2022-04-11 08:00:00+00:00,1.26009,1.26048,1.2572,1.25936,23373
2022-04-11 12:00:00+00:00,1.25936,1.26271,1.25936,1.26215,34334
2022-04-11 16:00:00+00:00,1.26235,1.26359,1.2617,1.26359,22814
2022-04-11 20:00:00+00:00,1.26324,1.26434,1.26208,1.26396,8488
2022-04-12 00:00:00+00:00,1.26391,1.26556,1.2635,1.26441,16825
2022-04-12 04:00:00+00:00,1.26441,1.26544,1.2631,1.2644,24024
2022-04-12 08:00:00+00:00,1.26466,1.26608,1.26299,1.26307,22818
2022-04-12 12:00:00+00:00,1.2631,1.26417,1.25835,1.2607,42704
2022-04-12 16:00:00+00:00,1.26091,1.26438,1.25965,1.2639,29872
2022-04-12 20:00:00+00:00,1.26423,1.2647,1.2632,1.26349,7125
2022-04-13 00:00:00+00:00,1.26331,1.26408,1.2609,1.2616,16987
2022-04-13 04:00:00+00:00,1.26159,1.26479,1.26113,1.26355,23010
2022-04-13 08:00:00+00:00,1.26364,1.2658,1.26282,1.26564,26455
2022-04-13 12:00:00+00:00,1.26575,1.26755,1.25924,1.25968,37548
2022-04-13 16:00:00+00:00,1.25933,1.25977,1.25551,1.25654,26659
2022-04-13 20:00:00+00:00,1.25662,1.2574,1.2559,1.25675,8399
2022-04-14 00:00:00+00:00,1.25607,1.25684,1.2543,1.255,18168
2022-04-14 04:00:00+00:00,1.25533,1.25641,1.2542,1.25559,19359
2022-04-14 08:00:00+00:00,1.25565,1.25577,1.25205,1.25542,26762
2022-04-14 12:00:00+00:00,1.25535,1.26414,1.25515,1.26279,43224
2022-04-14 16:00:00+00:00,1.2626,1.26316,1.2587,1.26147,21462
2022-04-14 20:00:00+00:00,1.2614,1.26158,1.25755,1.26076,11887
2022-04-15 00:00:00+00:00,1.26087,1.26197,1.26003,1.26131,25042
2022-04-15 04:00:00+00:00,1.26107,1.2613,1.25869,1.25906,31921
2022-04-15 08:00:00+00:00,1.25938,1.26025,1.259,1.26016,27971
2022-04-15 12:00:00+00:00,1.26028,1.26147,1.2596,1.26117,24889
2022-04-15 16:00:00+00:00,1.26085,1.2616,1.2603,1.26096,14473
2022-04-15 20:00:00+00:00,1.26086,1.2612,1.26037,1.261,7968
2022-04-17 16:00:00+00:00,1.26097,1.26097,1.25448,1.25981,19
2022-04-17 20:00:00+00:00,1.26077,1.26195,1.25966,1.26143,3776
2022-04-18 00:00:00+00:00,1.26136,1.26379,1.2609,1.26378,15515
2022-04-18 04:00:00+00:00,1.26371,1.26426,1.2628,1.26371,13721
2022-04-18 08:00:00+00:00,1.26387,1.26431,1.2623,1.2625,14591
2022-04-18 12:00:00+00:00,1.2628,1.26306,1.26044,1.262,27208
2022-04-18 16:00:00+00:00,1.26195,1.26256,1.26053,1.26164,22381
2022-04-18 20:00:00+00:00,1.26148,1.2618,1.25997,1.26004,8917
2022-04-19 00:00:00+00:00,1.26017,1.26115,1.2578,1.25833,16509
2022-04-19 04:00:00+00:00,1.25836,1.25858,1.2568,1.25759,23494
2022-04-19 08:00:00+00:00,1.25767,1.26202,1.2569,1.26146,22977
2022-04-19 12:00:00+00:00,1.26148,1.26451,1.26068,1.2617,35825
2022-04-19 16:00:00+00:00,1.26196,1.26394,1.2615,1.26164,23061
2022-04-19 20:00:00+00:00,1.26202,1.26232,1.2602,1.2604,10897
2022-04-20 00:00:00+00:00,1.2604,1.26226,1.2583,1.25865,21798
2022-04-20 04:00:00+00:00,1.25874,1.2589,1.25693,1.25789,21776
2022-04-20 08:00:00+00:00,1.25785,1.25795,1.25345,1.25373,24820
2022-04-20 12:00:00+00:00,1.25354,1.25393,1.24728,1.2495,37617
2022-04-20 16:00:00+00:00,1.24911,1.25082,1.2482,1.24961,26280
2022-04-20 20:00:00+00:00,1.24964,1.2502,1.2482,1.24877,9551
2022-04-21 00:00:00+00:00,1.24871,1.24991,1.2477,1.24949,18467
2022-04-21 04:00:00+00:00,1.24943,1.24943,1.24592,1.24596,24562
2022-04-21 08:00:00+00:00,1.2461,1.24986,1.2459,1.249,22458
2022-04-21 12:00:00+00:00,1.24908,1.25274,1.24744,1.25261,34958
2022-04-21 16:00:00+00:00,1.25286,1.25897,1.25255,1.25766,33375
2022-04-21 20:00:00+00:00,1.25767,1.25917,1.2551,1.25917,10076
2022-04-22 00:00:00+00:00,1.2594,1.26061,1.25857,1.25987,24030
2022-04-22 04:00:00+00:00,1.2598,1.26358,1.259,1.26295,26502
2022-04-22 08:00:00+00:00,1.26299,1.26833,1.26275,1.26672,27039
2022-04-22 12:00:00+00:00,1.26694,1.27232,1.26607,1.27155,40995
2022-04-22 16:00:00+00:00,1.27162,1.27242,1.2701,1.27217,28043
2022-04-22 20:00:00+00:00,1.2717,1.27241,1.2615,1.26465,3759
2022-04-23 08:00:00+00:00,1.26985,1.26985,1.26985,1.26985,1
2022-04-24 16:00:00+00:00,1.26918,1.27238,1.26918,1.27201,62
2022-04-24 20:00:00+00:00,1.27201,1.2727,1.27008,1.27229,4341
2022-04-25 00:00:00+00:00,1.27242,1.2742,1.272,1.27314,22488
2022-04-25 04:00:00+00:00,1.2729,1.27557,1.2728,1.27312,30138
2022-04-25 08:00:00+00:00,1.27281,1.2768,1.27203,1.27495,32796
2022-04-25 12:00:00+00:00,1.27559,1.27762,1.27459,1.27754,38648
2022-04-25 16:00:00+00:00,1.27761,1.27761,1.27156,1.27251,33275
2022-04-25 20:00:00+00:00,1.27248,1.27422,1.27179,1.27377,10019
2022-04-26 00:00:00+00:00,1.274,1.27445,1.2687,1.2687,23447
2022-04-26 04:00:00+00:00,1.26903,1.27447,1.2682,1.2744,25798
2022-04-26 08:00:00+00:00,1.27469,1.27545,1.27315,1.27503,26962
2022-04-26 12:00:00+00:00,1.27502,1.28273,1.27502,1.27978,37699
2022-04-26 16:00:00+00:00,1.27965,1.28188,1.27846,1.28132,26378
2022-04-26 20:00:00+00:00,1.28117,1.2828,1.2803,1.28065,10553
2022-04-27 00:00:00+00:00,1.28063,1.282,1.27883,1.2792,22164
2022-04-27 04:00:00+00:00,1.27925,1.28458,1.27779,1.28232,24673
2022-04-27 08:00:00+00:00,1.28246,1.28461,1.2813,1.2829,29384
2022-04-27 12:00:00+00:00,1.28348,1.28533,1.28184,1.2828,40650
2022-04-27 16:00:00+00:00,1.28268,1.28346,1.27966,1.2819,31600
2022-04-27 20:00:00+00:00,1.28175,1.28282,1.281,1.28146,10326
2022-04-28 00:00:00+00:00,1.282,1.28408,1.2808,1.28408,20880
2022-04-28 04:00:00+00:00,1.28426,1.28555,1.2798,1.28042,29674
2022-04-28 08:00:00+00:00,1.28059,1.2879,1.28053,1.2873,27357
2022-04-28 12:00:00+00:00,1.28751,1.28751,1.28267,1.28316,43406
2022-04-28 16:00:00+00:00,1.28308,1.28389,1.27919,1.27997,26713
2022-04-28 20:00:00+00:00,1.2801,1.28128,1.27962,1.28037,9574
2022-04-29 00:00:00+00:00,1.28027,1.28035,1.27639,1.27764,21138
2022-04-29 04:00:00+00:00,1.27782,1.27782,1.2725,1.27311,27388
2022-04-29 08:00:00+00:00,1.273,1.27496,1.273,1.27428,27217
2022-04-29 12:00:00+00:00,1.27447,1.28207,1.2717,1.28032,43658
2022-04-29 16:00:00+00:00,1.28051,1.28593,1.2796,1.28465,30787
2022-04-29 20:00:00+00:00,1.28461,1.28585,1.27464,1.27464,4029
2022-05-01 16:00:00+00:00,1.28297,1.28297,1.28199,1.28248,10
2022-05-01 20:00:00+00:00,1.28353,1.28616,1.28207,1.28548,5665
2022-05-02 00:00:00+00:00,1.28502,1.28738,1.2845,1.2863,21584
2022-05-02 04:00:00+00:00,1.28647,1.28772,1.28503,1.28748,22219
2022-05-02 08:00:00+00:00,1.28712,1.28792,1.28609,1.28792,24678
2022-05-02 12:00:00+00:00,1.28793,1.29132,1.28785,1.28828,41784
2022-05-02 16:00:00+00:00,1.28852,1.29134,1.28735,1.28735,33970
2022-05-02 20:00:00+00:00,1.28777,1.2884,1.28631,1.2869,9518
2022-05-03 00:00:00+00:00,1.28682,1.28682,1.28383,1.28505,20142
2022-05-03 04:00:00+00:00,1.28517,1.28816,1.28357,1.28575,27837
2022-05-03 08:00:00+00:00,1.28557,1.28933,1.285,1.28587,27037
2022-05-03 12:00:00+00:00,1.2855,1.28661,1.28256,1.28359,41449
2022-05-03 16:00:00+00:00,1.28391,1.28617,1.28318,1.28323,34894
2022-05-03 20:00:00+00:00,1.28355,1.2842,1.28262,1.28325,9578
2022-05-04 00:00:00+00:00,1.28304,1.28381,1.2815,1.28283,16915
2022-05-04 04:00:00+00:00,1.28272,1.28419,1.2822,1.28237,20155
2022-05-04 08:00:00+00:00,1.28242,1.28242,1.2802,1.28092,18837
2022-05-04 12:00:00+00:00,1.28084,1.28515,1.28078,1.28177,34072
2022-05-04 16:00:00+00:00,1.28168,1.28356,1.27306,1.27354,54747
2022-05-04 20:00:00+00:00,1.27356,1.27471,1.27213,1.27382,13098
2022-05-05 00:00:00+00:00,1.2735,1.27459,1.27187,1.27187,24597
2022-05-05 04:00:00+00:00,1.27187,1.27556,1.2712,1.27485,27358
2022-05-05 08:00:00+00:00,1.27505,1.27706,1.2735,1.27679,29940
2022-05-05 12:00:00+00:00,1.2767,1.28475,1.27542,1.28475,49240
2022-05-05 16:00:00+00:00,1.28498,1.28667,1.28251,1.28325,45873
2022-05-05 20:00:00+00:00,1.28337,1.2838,1.282,1.28275,12237
2022-05-06 00:00:00+00:00,1.2823,1.28548,1.28153,1.28327,31003
2022-05-06 04:00:00+00:00,1.28323,1.28659,1.2828,1.28532,28423
2022-05-06 08:00:00+00:00,1.2849,1.28531,1.28189,1.28371,34290
2022-05-06 12:00:00+00:00,1.28362,1.28948,1.28135,1.28889,60705
2022-05-06 16:00:00+00:00,1.28902,1.29112,1.28731,1.2884,46649
2022-05-06 20:00:00+00:00,1.2892,1.29108,1.26807,1.27817,3957
2022-05-08 16:00:00+00:00,1.28851,1.28956,1.28851,1.28956,11
2022-05-08 20:00:00+00:00,1.28957,1.29191,1.28947,1.29185,6049
2022-05-09 00:00:00+00:00,1.29192,1.29439,1.29192,1.2939,19298
2022-05-09 04:00:00+00:00,1.294,1.2949,1.29262,1.29298,22743
2022-05-09 08:00:00+00:00,1.2932,1.29534,1.2922,1.29358,32958
2022-05-09 12:00:00+00:00,1.29378,1.29915,1.29078,1.29629,50743
2022-05-09 16:00:00+00:00,1.29645,1.30099,1.29346,1.30095,45504
2022-05-09 20:00:00+00:00,1.30054,1.30182,1.30024,1.30102,12336
2022-05-10 00:00:00+00:00,1.30135,1.30348,1.29925,1.29926,35434
2022-05-10 04:00:00+00:00,1.29952,1.30207,1.29876,1.30168,32015
2022-05-10 08:00:00+00:00,1.30146,1.30162,1.29857,1.29929,31756
2022-05-10 12:00:00+00:00,1.29926,1.30356,1.2963,1.30284,51612
2022-05-10 16:00:00+00:00,1.30295,1.30521,1.30077,1.30228,47965
2022-05-10 20:00:00+00:00,1.30226,1.30336,1.30132,1.30317,12565
2022-05-11 00:00:00+00:00,1.30327,1.30333,1.3003,1.30065,24855
2022-05-11 04:00:00+00:00,1.3004,1.30137,1.29933,1.29939,27435
2022-05-11 08:00:00+00:00,1.29948,1.29957,1.2953,1.29603,30008
2022-05-11 12:00:00+00:00,1.29624,1.30376,1.2921,1.29428,65491
2022-05-11 16:00:00+00:00,1.2944,1.3005,1.29408,1.2997,50525
2022-05-11 20:00:00+00:00,1.29978,1.30004,1.2981,1.29951,14946
2022-05-12 00:00:00+00:00,1.29951,1.30129,1.2976,1.29964,32184
2022-05-12 04:00:00+00:00,1.29966,1.30359,1.29934,1.30115,38056
2022-05-12 08:00:00+00:00,1.30115,1.30468,1.30115,1.30396,41206
2022-05-12 12:00:00+00:00,1.30404,1.30581,1.30019,1.30556,59705
2022-05-12 16:00:00+00:00,1.30572,1.30761,1.30183,1.30397,54284
2022-05-12 20:00:00+00:00,1.30425,1.3049,1.30228,1.3025,14998
2022-05-13 00:00:00+00:00,1.30262,1.303,1.2993,1.30025,29934
2022-05-13 04:00:00+00:00,1.29995,1.30222,1.2991,1.30056,31675
2022-05-13 08:00:00+00:00,1.30029,1.30187,1.29936,1.3005,27144
2022-05-13 12:00:00+00:00,1.30025,1.30168,1.29252,1.29276,44074
2022-05-13 16:00:00+00:00,1.29296,1.296,1.2915,1.29214,32247
2022-05-13 20:00:00+00:00,1.29226,1.2927,1.2724,1.2724,4131
2022-05-15 16:00:00+00:00,1.29167,1.29212,1.29167,1.29175,16
2022-05-15 20:00:00+00:00,1.29195,1.29217,1.28994,1.29049,7358
2022-05-16 00:00:00+00:00,1.29029,1.29795,1.28955,1.29725,34292
2022-05-16 04:00:00+00:00,1.29702,1.29731,1.2937,1.29463,30868
2022-05-16 08:00:00+00:00,1.29438,1.29438,1.2915,1.2926,29499
2022-05-16 12:00:00+00:00,1.29283,1.2932,1.28785,1.28808,48536
2022-05-16 16:00:00+00:00,1.28823,1.28861,1.28369,1.28463,36857
2022-05-16 20:00:00+00:00,1.28484,1.2857,1.2831,1.28485,11565
2022-05-17 00:00:00+00:00,1.28435,1.28457,1.28196,1.28356,26242
2022-05-17 04:00:00+00:00,1.2833,1.28391,1.28138,1.2821,26363
2022-05-17 08:00:00+00:00,1.2821,1.28252,1.2807,1.28238,33011
2022-05-17 12:00:00+00:00,1.28239,1.28517,1.28213,1.28386,41282
2022-05-17 16:00:00+00:00,1.28398,1.28566,1.2816,1.2816,41861
2022-05-17 20:00:00+00:00,1.28216,1.28216,1.2803,1.2805,11031
2022-05-18 00:00:00+00:00,1.28055,1.28403,1.27957,1.2833,25926
2022-05-18 04:00:00+00:00,1.28359,1.28399,1.2809,1.28399,27489
2022-05-18 08:00:00+00:00,1.28367,1.28511,1.2816,1.28306,26524
2022-05-18 12:00:00+00:00,1.28302,1.28539,1.28063,1.28399,44246
2022-05-18 16:00:00+00:00,1.28407,1.28837,1.28236,1.28831,40853
2022-05-18 20:00:00+00:00,1.28813,1.28941,1.2867,1.28871,15210
2022-05-19 00:00:00+00:00,1.28818,1.28864,1.28217,1.28229,31699
2022-05-19 04:00:00+00:00,1.28251,1.28582,1.2818,1.28349,33561
2022-05-19 08:00:00+00:00,1.28385,1.2846,1.28024,1.28129,36271
2022-05-19 12:00:00+00:00,1.28135,1.28278,1.27852,1.28278,59332
2022-05-19 16:00:00+00:00,1.28211,1.28277,1.27894,1.28095,48021
2022-05-19 20:00:00+00:00,1.28105,1.2831,1.28105,1.28189,14386
2022-05-20 00:00:00+00:00,1.28158,1.28333,1.2807,1.2829,25328
2022-05-20 04:00:00+00:00,1.28339,1.28339,1.2786,1.27955,30642
2022-05-20 08:00:00+00:00,1.27979,1.28023,1.2775,1.27933,28079
2022-05-20 12:00:00+00:00,1.27923,1.28442,1.27813,1.28365,45995
2022-05-20 16:00:00+00:00,1.28363,1.28662,1.28287,1.28324,46447
2022-05-20 20:00:00+00:00,1.28299,1.28386,1.28299,1.2836,4136
2022-05-22 16:00:00+00:00,1.28261,1.28261,1.28139,1.28224,7
2022-05-22 20:00:00+00:00,1.28318,1.2841,1.2809,1.28149,4627
2022-05-23 00:00:00+00:00,1.28136,1.28173,1.279,1.27985,18933
2022-05-23 04:00:00+00:00,1.28007,1.28048,1.27822,1.27874,23683
2022-05-23 08:00:00+00:00,1.27829,1.28045,1.27736,1.27839,32781
2022-05-23 12:00:00+00:00,1.2783,1.28,1.27679,1.27842,42630
2022-05-23 16:00:00+00:00,1.27845,1.28055,1.277,1.27753,26498
2022-05-23 20:00:00+00:00,1.27751,1.27932,1.27612,1.27873,11428
2022-05-24 00:00:00+00:00,1.27884,1.28079,1.27884,1.28021,22134
2022-05-24 04:00:00+00:00,1.28019,1.28121,1.2779,1.27831,22380
2022-05-24 08:00:00+00:00,1.27831,1.28093,1.27795,1.27925,27394
2022-05-24 12:00:00+00:00,1.27924,1.28702,1.27827,1.28419,46888
2022-05-24 16:00:00+00:00,1.28424,1.2847,1.28041,1.28101,41978
2022-05-24 20:00:00+00:00,1.28106,1.283,1.28094,1.28222,10691
2022-05-25 00:00:00+00:00,1.28222,1.28336,1.281,1.281,28945
2022-05-25 04:00:00+00:00,1.28139,1.284,1.281,1.28327,26928
2022-05-25 08:00:00+00:00,1.28304,1.28749,1.28304,1.28686,34194
2022-05-25 12:00:00+00:00,1.28688,1.28845,1.28134,1.28375,48763
2022-05-25 16:00:00+00:00,1.28352,1.28496,1.2801,1.28143,44366
2022-05-25 20:00:00+00:00,1.28164,1.28213,1.2806,1.28199,13203
2022-05-26 00:00:00+00:00,1.2819,1.28333,1.2801,1.28219,30727
2022-05-26 04:00:00+00:00,1.28225,1.28467,1.28111,1.28111,30655
2022-05-26 08:00:00+00:00,1.2808,1.28321,1.2808,1.2817,29237
2022-05-26 12:00:00+00:00,1.28148,1.28324,1.27775,1.27899,43859
2022-05-26 16:00:00+00:00,1.27857,1.27891,1.277,1.27781,30217
2022-05-26 20:00:00+00:00,1.2778,1.27822,1.2767,1.27748,11105
2022-05-27 00:00:00+00:00,1.27749,1.27813,1.27475,1.27556,28084
2022-05-27 04:00:00+00:00,1.27559,1.27625,1.2744,1.2744,24626
2022-05-27 08:00:00+00:00,1.27464,1.27521,1.2731,1.2744,29417
2022-05-27 12:00:00+00:00,1.27438,1.27636,1.27289,1.27402,39573
2022-05-27 16:00:00+00:00,1.27393,1.27485,1.2716,1.27217,23232
2022-05-27 20:00:00+00:00,1.2717,1.27275,1.26855,1.26895,3771
2022-05-29 16:00:00+00:00,1.27227,1.27227,1.2709,1.27227,9
2022-05-29 20:00:00+00:00,1.27228,1.27306,1.2711,1.2724,4130
2022-05-30 00:00:00+00:00,1.27248,1.27248,1.2699,1.27054,21364
2022-05-30 04:00:00+00:00,1.27051,1.27092,1.2691,1.26978,23405
2022-05-30 08:00:00+00:00,1.26984,1.26995,1.2679,1.26828,19412
2022-05-30 12:00:00+00:00,1.26821,1.26849,1.26504,1.26578,25875
2022-05-30 16:00:00+00:00,1.26548,1.26618,1.265,1.26578,9853
2022-05-30 20:00:00+00:00,1.26577,1.26595,1.2651,1.26567,8764
2022-05-31 00:00:00+00:00,1.26567,1.26829,1.26531,1.2673,27844
2022-05-31 04:00:00+00:00,1.26734,1.26796,1.26558,1.26793,24675
2022-05-31 08:00:00+00:00,1.2676,1.2682,1.26627,1.26627,26561
2022-05-31 12:00:00+00:00,1.26642,1.26854,1.26304,1.26409,43989
2022-05-31 16:00:00+00:00,1.26411,1.26502,1.2629,1.26489,31679
2022-05-31 20:00:00+00:00,1.26459,1.26534,1.2634,1.26372,9302
2022-06-01 00:00:00+00:00,1.26363,1.26527,1.26359,1.26493,22663
2022-06-01 04:00:00+00:00,1.26488,1.26713,1.26488,1.26534,23856
2022-06-01 08:00:00+00:00,1.26532,1.26581,1.2636,1.26426,19475
2022-06-01 12:00:00+00:00,1.2642,1.26741,1.26134,1.26709,44404
2022-06-01 16:00:00+00:00,1.26717,1.26755,1.26236,1.26561,35755
2022-06-01 20:00:00+00:00,1.26536,1.26683,1.2652,1.26673,10217
2022-06-02 00:00:00+00:00,1.26648,1.2675,1.2657,1.2668,23028
2022-06-02 04:00:00+00:00,1.26687,1.26859,1.2654,1.26598,21269
2022-06-02 08:00:00+00:00,1.26622,1.26622,1.26398,1.26478,19610
2022-06-02 12:00:00+00:00,1.26481,1.26517,1.25801,1.2587,42510
2022-06-02 16:00:00+00:00,1.25875,1.25875,1.2564,1.25766,24471
2022-06-02 20:00:00+00:00,1.25741,1.25772,1.25659,1.2571,10038
2022-06-03 00:00:00+00:00,1.25724,1.25781,1.25594,1.25713,19209
2022-06-03 04:00:00+00:00,1.2569,1.25742,1.2562,1.25666,17705
2022-06-03 08:00:00+00:00,1.25679,1.25794,1.25561,1.2578,21006
2022-06-03 12:00:00+00:00,1.25763,1.25873,1.25511,1.25834,46660
2022-06-03 16:00:00+00:00,1.2581,1.2595,1.25732,1.25914,29317
2022-06-03 20:00:00+00:00,1.2591,1.25951,1.25835,1.25931,3157
2022-06-04 04:00:00+00:00,1.2592,1.2592,1.2592,1.2592,1
2022-06-05 16:00:00+00:00,1.2585,1.25886,1.25842,1.25869,15
2022-06-05 20:00:00+00:00,1.25864,1.25948,1.2578,1.25877,4176
2022-06-06 00:00:00+00:00,1.25891,1.25995,1.25784,1.2583,20261
2022-06-06 04:00:00+00:00,1.2585,1.25855,1.2563,1.2563,21252
2022-06-06 08:00:00+00:00,1.25654,1.25676,1.25528,1.25528,20340
2022-06-06 12:00:00+00:00,1.25533,1.25788,1.25354,1.25696,35038
2022-06-06 16:00:00+00:00,1.25697,1.25831,1.2556,1.25753,26519
2022-06-06 20:00:00+00:00,1.25752,1.25848,1.2573,1.2582,10518
2022-06-07 00:00:00+00:00,1.2583,1.26022,1.2583,1.25931,24048
2022-06-07 04:00:00+00:00,1.25941,1.26175,1.25688,1.26017,29389
2022-06-07 08:00:00+00:00,1.26017,1.26023,1.25787,1.25906,25192
2022-06-07 12:00:00+00:00,1.25911,1.26105,1.25392,1.25494,15038
2022-06-07 16:00:00+00:00,1.2549,1.25516,1.2523,1.25269,23136
2022-06-07 20:00:00+00:00,1.25292,1.2539,1.25238,1.25358,7752
2022-06-08 00:00:00+00:00,1.25352,1.25496,1.25253,1.25486,21261
2022-06-08 04:00:00+00:00,1.25474,1.25512,1.25321,1.25415,23428
2022-06-08 08:00:00+00:00,1.25447,1.25578,1.2536,1.25368,24896
2022-06-08 12:00:00+00:00,1.2536,1.25478,1.25186,1.25218,36799
2022-06-08 16:00:00+00:00,1.25219,1.25644,1.25206,1.25504,28637
2022-06-08 20:00:00+00:00,1.2547,1.2558,1.25447,1.25539,8744
2022-06-09 00:00:00+00:00,1.25528,1.25698,1.25503,1.2556,21972
2022-06-09 04:00:00+00:00,1.25582,1.25798,1.2553,1.2578,21946
2022-06-09 08:00:00+00:00,1.2579,1.25795,1.2549,1.25645,24471
2022-06-09 12:00:00+00:00,1.25651,1.26568,1.25633,1.265,49362
2022-06-09 16:00:00+00:00,1.26497,1.26977,1.2647,1.26969,29937
2022-06-09 20:00:00+00:00,1.26971,1.27042,1.26946,1.2701,8777
2022-06-10 00:00:00+00:00,1.2702,1.27085,1.2693,1.2698,21404
2022-06-10 04:00:00+00:00,1.26985,1.27091,1.2679,1.27083,25962
2022-06-10 08:00:00+00:00,1.27086,1.27563,1.2704,1.2754,27964
2022-06-10 12:00:00+00:00,1.2755,1.28112,1.27314,1.27821,54785
2022-06-10 16:00:00+00:00,1.2783,1.27983,1.27527,1.27741,33581
2022-06-10 20:00:00+00:00,1.2772,1.2785,1.26934,1.26944,4080
2022-06-11 04:00:00+00:00,1.27284,1.27284,1.27284,1.27284,1
2022-06-12 16:00:00+00:00,1.27318,1.27679,1.27271,1.27679,11
2022-06-12 20:00:00+00:00,1.27508,1.27996,1.27508,1.27964,4921
2022-06-13 00:00:00+00:00,1.27978,1.28163,1.2793,1.28115,28747
2022-06-13 04:00:00+00:00,1.2811,1.28363,1.28041,1.28363,34887
2022-06-13 08:00:00+00:00,1.28393,1.28668,1.28338,1.2858,36923
2022-06-13 12:00:00+00:00,1.28579,1.28797,1.2826,1.28516,51976
2022-06-13 16:00:00+00:00,1.28525,1.28927,1.28385,1.28919,50714
2022-06-13 20:00:00+00:00,1.28926,1.2899,1.28841,1.28899,15363
2022-06-14 00:00:00+00:00,1.28887,1.28998,1.28805,1.2885,33285
2022-06-14 04:00:00+00:00,1.28823,1.2904,1.28665,1.28923,34647
2022-06-14 08:00:00+00:00,1.28908,1.29382,1.28908,1.29382,39037
2022-06-14 12:00:00+00:00,1.29363,1.29418,1.29033,1.29305,55732
2022-06-14 16:00:00+00:00,1.29354,1.29734,1.29299,1.29551,44438
2022-06-14 20:00:00+00:00,1.2957,1.296,1.29236,1.29476,13026
2022-06-15 00:00:00+00:00,1.29468,1.29563,1.29322,1.29521,31113
2022-06-15 04:00:00+00:00,1.29512,1.29715,1.29447,1.29664,36220
2022-06-15 08:00:00+00:00,1.29654,1.29683,1.2916,1.29237,34947
2022-06-15 12:00:00+00:00,1.29279,1.29755,1.29235,1.29755,46885
2022-06-15 16:00:00+00:00,1.29697,1.29944,1.28639,1.28907,55990
2022-06-15 20:00:00+00:00,1.28914,1.29047,1.28712,1.28712,14580
2022-06-16 00:00:00+00:00,1.2869,1.28945,1.28608,1.28873,27833
2022-06-16 04:00:00+00:00,1.28871,1.2957,1.2881,1.29317,32412
2022-06-16 08:00:00+00:00,1.29333,1.29493,1.29187,1.29462,40520
2022-06-16 12:00:00+00:00,1.29459,1.29688,1.29114,1.29236,45971
2022-06-16 16:00:00+00:00,1.29231,1.29422,1.28886,1.29319,45764
2022-06-16 20:00:00+00:00,1.29318,1.29551,1.29316,1.29549,14859
2022-06-17 00:00:00+00:00,1.29552,1.29686,1.29413,1.29627,34133
2022-06-17 04:00:00+00:00,1.2961,1.2986,1.29429,1.29647,32536
2022-06-17 08:00:00+00:00,1.2963,1.29968,1.29554,1.29968,33489
2022-06-17 12:00:00+00:00,1.29965,1.30784,1.29819,1.30524,43973
2022-06-17 16:00:00+00:00,1.30541,1.30557,1.30144,1.30276,37819
2022-06-17 20:00:00+00:00,1.30278,1.3031,1.29793,1.29798,3713
2022-06-18 04:00:00+00:00,1.29808,1.29808,1.29808,1.29808,1
2022-06-19 16:00:00+00:00,1.30128,1.30171,1.30128,1.30171,19
2022-06-19 20:00:00+00:00,1.30252,1.3031,1.29961,1.2998,5883
2022-06-20 00:00:00+00:00,1.30012,1.30244,1.29972,1.3002,33945
2022-06-20 04:00:00+00:00,1.30055,1.30106,1.29875,1.29951,31157
2022-06-20 08:00:00+00:00,1.29924,1.3006,1.2984,1.29907,28116
2022-06-20 12:00:00+00:00,1.29873,1.30122,1.29783,1.29783,30558
2022-06-20 16:00:00+00:00,1.29832,1.30002,1.29806,1.29867,11043
2022-06-20 20:00:00+00:00,1.2988,1.29888,1.2975,1.29837,8152
2022-06-21 00:00:00+00:00,1.29838,1.29838,1.294,1.29424,24124
2022-06-21 04:00:00+00:00,1.29421,1.29554,1.2908,1.29114,25277
2022-06-21 08:00:00+00:00,1.29108,1.29617,1.29065,1.29548,26042
2022-06-21 12:00:00+00:00,1.29522,1.29522,1.2909,1.29281,39480
2022-06-21 16:00:00+00:00,1.29271,1.29427,1.291,1.29183,27240
2022-06-21 20:00:00+00:00,1.29176,1.29324,1.29139,1.29324,11090
2022-06-22 00:00:00+00:00,1.29316,1.29725,1.2931,1.29647,27097
2022-06-22 04:00:00+00:00,1.2964,1.29941,1.29609,1.29808,28279
2022-06-22 08:00:00+00:00,1.29807,1.29902,1.2966,1.2981,28848
2022-06-22 12:00:00+00:00,1.29792,1.29897,1.29175,1.29346,47872
2022-06-22 16:00:00+00:00,1.29276,1.29466,1.2911,1.29462,31170
2022-06-22 20:00:00+00:00,1.29412,1.29633,1.29361,1.29631,9836
2022-06-23 00:00:00+00:00,1.29612,1.29838,1.29364,1.29636,30724
2022-06-23 04:00:00+00:00,1.2963,1.29854,1.29476,1.29794,30524
2022-06-23 08:00:00+00:00,1.29763,1.29822,1.2954,1.29601,30823
2022-06-23 12:00:00+00:00,1.2962,1.29844,1.29426,1.29804,52131
2022-06-23 16:00:00+00:00,1.29815,1.30158,1.2979,1.29859,38600
2022-06-23 20:00:00+00:00,1.29835,1.3002,1.29782,1.29894,10649
2022-06-24 00:00:00+00:00,1.29899,1.2998,1.2977,1.29835,26273
2022-06-24 04:00:00+00:00,1.29837,1.29855,1.2973,1.2979,24862
2022-06-24 08:00:00+00:00,1.29806,1.29923,1.2958,1.2977,24867
2022-06-24 12:00:00+00:00,1.29782,1.29817,1.29006,1.29187,46443
2022-06-24 16:00:00+00:00,1.29214,1.29343,1.28943,1.28943,24717
2022-06-24 20:00:00+00:00,1.28952,1.28963,1.2873,1.2883,3632
2022-06-26 16:00:00+00:00,1.28894,1.28899,1.28869,1.28899,6
2022-06-26 20:00:00+00:00,1.289,1.28984,1.2884,1.28984,4469
2022-06-27 00:00:00+00:00,1.28957,1.29159,1.28708,1.28729,27116
2022-06-27 04:00:00+00:00,1.28739,1.289,1.2863,1.2866,27038
2022-06-27 08:00:00+00:00,1.287,1.29027,1.28651,1.29009,26371
2022-06-27 12:00:00+00:00,1.29009,1.29135,1.287,1.28722,43374
2022-06-27 16:00:00+00:00,1.2872,1.28878,1.2868,1.28811,32563
2022-06-27 20:00:00+00:00,1.28802,1.28802,1.2864,1.28703,8694
2022-06-28 00:00:00+00:00,1.28672,1.28762,1.2855,1.28634,27884
2022-06-28 04:00:00+00:00,1.2862,1.28647,1.28237,1.28389,28730
2022-06-28 08:00:00+00:00,1.28397,1.28448,1.28189,1.28437,27363
2022-06-28 12:00:00+00:00,1.2845,1.2894,1.2834,1.28829,44388
2022-06-28 16:00:00+00:00,1.28824,1.28866,1.28507,1.28762,34019
2022-06-28 20:00:00+00:00,1.28736,1.28788,1.28387,1.28733,11047
2022-06-29 00:00:00+00:00,1.28723,1.28771,1.2863,1.28673,24780
2022-06-29 04:00:00+00:00,1.28669,1.2886,1.286,1.28694,29194
2022-06-29 08:00:00+00:00,1.28697,1.28885,1.2847,1.2847,28319
2022-06-29 12:00:00+00:00,1.28479,1.28984,1.28434,1.28602,46119
2022-06-29 16:00:00+00:00,1.28593,1.28994,1.28593,1.28992,29163
2022-06-29 20:00:00+00:00,1.2895,1.28973,1.2881,1.28838,12991
2022-06-30 00:00:00+00:00,1.28869,1.29063,1.28781,1.2888,28370
2022-06-30 04:00:00+00:00,1.28879,1.2917,1.2886,1.2906,29131
2022-06-30 08:00:00+00:00,1.29121,1.29317,1.2902,1.29172,31215
2022-06-30 12:00:00+00:00,1.29166,1.29276,1.28659,1.28701,50576
2022-06-30 16:00:00+00:00,1.28708,1.28863,1.28615,1.28718,39979
2022-06-30 20:00:00+00:00,1.28715,1.28839,1.2867,1.28722,10285
2022-07-01 00:00:00+00:00,1.2871,1.29148,1.28665,1.29102,29180
2022-07-01 04:00:00+00:00,1.29088,1.29295,1.2907,1.29268,33212
2022-07-01 08:00:00+00:00,1.29274,1.29368,1.2905,1.29301,30255
2022-07-01 12:00:00+00:00,1.29323,1.2963,1.2906,1.29152,47940
2022-07-01 16:00:00+00:00,1.29148,1.29191,1.28841,1.28895,29455
2022-07-01 20:00:00+00:00,1.28907,1.2891,1.27852,1.27852,2123
2022-07-03 16:00:00+00:00,1.28627,1.28702,1.28627,1.28657,5
2022-07-03 20:00:00+00:00,1.28667,1.2892,1.28657,1.2888,4713
2022-07-04 00:00:00+00:00,1.28854,1.29015,1.28742,1.2896,29882
2022-07-04 04:00:00+00:00,1.2897,1.28988,1.2861,1.28643,23743
2022-07-04 08:00:00+00:00,1.28649,1.28729,1.2836,1.28479,22200
2022-07-04 12:00:00+00:00,1.28494,1.28935,1.28476,1.288,24287
2022-07-04 16:00:00+00:00,1.28786,1.28815,1.2852,1.28642,10675
2022-07-04 20:00:00+00:00,1.2863,1.2871,1.2829,1.2858,10633
2022-07-05 00:00:00+00:00,1.28583,1.28642,1.2846,1.2859,26802
2022-07-05 04:00:00+00:00,1.28604,1.28772,1.2842,1.28716,28481
2022-07-05 08:00:00+00:00,1.28718,1.29585,1.28698,1.29559,33777
2022-07-05 12:00:00+00:00,1.29566,1.3082,1.29566,1.30659,52618
2022-07-05 16:00:00+00:00,1.30621,1.30765,1.30281,1.3037,40025
2022-07-05 20:00:00+00:00,1.30357,1.30369,1.29819,1.3032,11933
2022-07-06 00:00:00+00:00,1.30354,1.30436,1.30144,1.30362,30960
2022-07-06 04:00:00+00:00,1.30372,1.30639,1.30119,1.30224,33991
2022-07-06 08:00:00+00:00,1.30212,1.30509,1.30182,1.30446,30410
2022-07-06 12:00:00+00:00,1.30318,1.3076,1.30158,1.30532,49282
2022-07-06 16:00:00+00:00,1.30559,1.3071,1.30235,1.30397,42029
2022-07-06 20:00:00+00:00,1.3039,1.30473,1.3021,1.30374,11121
2022-07-07 00:00:00+00:00,1.30404,1.30542,1.3014,1.3016,29960
2022-07-07 04:00:00+00:00,1.3014,1.30256,1.30008,1.30063,26919
2022-07-07 08:00:00+00:00,1.30072,1.30224,1.2979,1.2979,30654
2022-07-07 12:00:00+00:00,1.29828,1.30183,1.29649,1.29875,37773
2022-07-07 16:00:00+00:00,1.29889,1.29919,1.297,1.29761,22386
2022-07-07 20:00:00+00:00,1.29776,1.29793,1.29608,1.29675,10689
2022-07-08 00:00:00+00:00,1.29674,1.30147,1.2953,1.30138,30105
2022-07-08 04:00:00+00:00,1.30133,1.30234,1.29918,1.30063,29085
2022-07-08 08:00:00+00:00,1.30092,1.3024,1.29797,1.2988,30417
2022-07-08 12:00:00+00:00,1.29891,1.30293,1.2936,1.2946,51556
2022-07-08 16:00:00+00:00,1.29498,1.29761,1.2948,1.29539,29383
2022-07-08 20:00:00+00:00,1.29537,1.29537,1.28374,1.29034,3522
2022-07-09 08:00:00+00:00,1.2945,1.2945,1.2945,1.2945,1
2022-07-10 16:00:00+00:00,1.29348,1.29459,1.29348,1.29459,18
2022-07-10 20:00:00+00:00,1.29476,1.29547,1.294,1.29478,4576
2022-07-11 00:00:00+00:00,1.29519,1.29806,1.2951,1.29738,27493
2022-07-11 04:00:00+00:00,1.29723,1.30018,1.2967,1.299,24152
2022-07-11 08:00:00+00:00,1.29941,1.30173,1.29828,1.3015,24709
2022-07-11 12:00:00+00:00,1.30129,1.30492,1.29796,1.29796,46699
2022-07-11 16:00:00+00:00,1.29779,1.30107,1.2974,1.29995,28832
2022-07-11 20:00:00+00:00,1.29985,1.3007,1.298,1.29972,10365
2022-07-12 00:00:00+00:00,1.29955,1.30322,1.2991,1.30155,33518
2022-07-12 04:00:00+00:00,1.30165,1.30426,1.30165,1.30349,33502
2022-07-12 08:00:00+00:00,1.30384,1.3049,1.30196,1.30379,32723
2022-07-12 12:00:00+00:00,1.30384,1.30452,1.2991,1.3003,49385
2022-07-12 16:00:00+00:00,1.30058,1.30317,1.29846,1.30169,29206
2022-07-12 20:00:00+00:00,1.30171,1.3032,1.3006,1.3032,10518
2022-07-13 00:00:00+00:00,1.30292,1.30335,1.3001,1.30079,29103
2022-07-13 04:00:00+00:00,1.3007,1.30291,1.3006,1.3019,29503
2022-07-13 08:00:00+00:00,1.30177,1.30259,1.29882,1.29882,26005
2022-07-13 12:00:00+00:00,1.29909,1.30556,1.29387,1.29586,62852
2022-07-13 16:00:00+00:00,1.29562,1.29791,1.29404,1.29709,34846
2022-07-13 20:00:00+00:00,1.2973,1.30017,1.29474,1.29993,11943
2022-07-14 00:00:00+00:00,1.30015,1.30054,1.29717,1.2974,29891
2022-07-14 04:00:00+00:00,1.29746,1.30219,1.29739,1.30182,32090
2022-07-14 08:00:00+00:00,1.30225,1.31435,1.30178,1.31386,40995
2022-07-14 12:00:00+00:00,1.31421,1.32223,1.30917,1.31,60671
2022-07-14 16:00:00+00:00,1.31049,1.31388,1.30999,1.31034,44255
2022-07-14 20:00:00+00:00,1.31067,1.31237,1.31033,1.31076,10952
2022-07-15 00:00:00+00:00,1.3107,1.3127,1.3093,1.31068,30943
2022-07-15 04:00:00+00:00,1.31053,1.31345,1.3103,1.31164,28601
2022-07-15 08:00:00+00:00,1.31191,1.31261,1.30624,1.30711,30279
2022-07-15 12:00:00+00:00,1.30686,1.30791,1.3015,1.30437,54186
2022-07-15 16:00:00+00:00,1.30382,1.30419,1.30191,1.30207,22118
2022-07-15 20:00:00+00:00,1.30193,1.30273,1.29962,1.30004,2909
2022-07-16 16:00:00+00:00,1.30064,1.30064,1.30064,1.30064,1
2022-07-17 16:00:00+00:00,1.30021,1.30129,1.30021,1.30103,7
2022-07-17 20:00:00+00:00,1.30179,1.30232,1.30049,1.30073,5183
2022-07-18 00:00:00+00:00,1.3006,1.3024,1.2987,1.2992,24331
2022-07-18 04:00:00+00:00,1.2991,1.30037,1.29707,1.29775,28013
2022-07-18 08:00:00+00:00,1.29792,1.29901,1.29638,1.29851,28078
2022-07-18 12:00:00+00:00,1.29853,1.29891,1.28984,1.29195,42867
2022-07-18 16:00:00+00:00,1.2921,1.29823,1.2914,1.29756,30901
2022-07-18 20:00:00+00:00,1.29757,1.29891,1.29136,1.2978,10790
2022-07-19 00:00:00+00:00,1.29799,1.29871,1.2967,1.29725,25338
2022-07-19 04:00:00+00:00,1.297,1.29748,1.29399,1.29501,31824
2022-07-19 08:00:00+00:00,1.29458,1.29586,1.293,1.29383,34835
2022-07-19 12:00:00+00:00,1.294,1.29546,1.2885,1.2885,45354
2022-07-19 16:00:00+00:00,1.28892,1.28994,1.287,1.2873,26289
2022-07-19 20:00:00+00:00,1.28727,1.28735,1.2864,1.28735,10475
2022-07-20 00:00:00+00:00,1.28729,1.28748,1.28559,1.28617,21354
2022-07-20 04:00:00+00:00,1.28617,1.28818,1.2856,1.28778,27795
2022-07-20 08:00:00+00:00,1.2879,1.28899,1.2853,1.28778,33245
2022-07-20 12:00:00+00:00,1.28794,1.29053,1.28683,1.28748,49222
2022-07-20 16:00:00+00:00,1.2874,1.29061,1.287,1.2877,37028
2022-07-20 20:00:00+00:00,1.2877,1.28955,1.2874,1.28867,9605
2022-07-21 00:00:00+00:00,1.28845,1.28879,1.2869,1.28751,25969
2022-07-21 04:00:00+00:00,1.28745,1.28993,1.2858,1.28989,31945
2022-07-21 08:00:00+00:00,1.29009,1.2929,1.29008,1.29233,33804
2022-07-21 12:00:00+00:00,1.29216,1.29355,1.28819,1.28846,61910
2022-07-21 16:00:00+00:00,1.28855,1.28938,1.28719,1.28719,29851
2022-07-21 20:00:00+00:00,1.28714,1.28797,1.28637,1.28797,10246
2022-07-22 00:00:00+00:00,1.288,1.28921,1.28751,1.28841,22490
2022-07-22 04:00:00+00:00,1.28842,1.2896,1.2868,1.28812,24172
2022-07-22 08:00:00+00:00,1.28822,1.28824,1.28582,1.28627,29767
2022-07-22 12:00:00+00:00,1.28637,1.28692,1.2826,1.28596,48243
2022-07-22 16:00:00+00:00,1.28631,1.29277,1.2862,1.29144,32929
2022-07-22 20:00:00+00:00,1.29146,1.29166,1.2908,1.2912,2915
2022-07-23 08:00:00+00:00,1.2915,1.2915,1.2915,1.2915,1
2022-07-24 16:00:00+00:00,1.2867,1.29202,1.2867,1.29202,14
2022-07-24 20:00:00+00:00,1.29186,1.29253,1.29107,1.29253,4582
2022-07-25 00:00:00+00:00,1.2923,1.2944,1.2919,1.2926,26838
2022-07-25 04:00:00+00:00,1.29258,1.29429,1.2914,1.29162,26834
2022-07-25 08:00:00+00:00,1.2919,1.2919,1.28619,1.28665,30645
2022-07-25 12:00:00+00:00,1.28654,1.28744,1.28424,1.28433,44204
2022-07-25 16:00:00+00:00,1.2848,1.28656,1.2835,1.28351,26723
2022-07-25 20:00:00+00:00,1.28363,1.2854,1.28299,1.2851,8709
2022-07-26 00:00:00+00:00,1.2851,1.28529,1.2824,1.28358,20927
2022-07-26 04:00:00+00:00,1.28359,1.28409,1.28169,1.28236,22334
2022-07-26 08:00:00+00:00,1.2823,1.28823,1.28219,1.28746,31068
2022-07-26 12:00:00+00:00,1.28757,1.28975,1.28603,1.28916,43929
2022-07-26 16:00:00+00:00,1.28927,1.29008,1.2874,1.2886,26836
2022-07-26 20:00:00+00:00,1.2885,1.2889,1.287,1.28757,11307
2022-07-27 00:00:00+00:00,1.2872,1.28748,1.2861,1.28691,22531
2022-07-27 04:00:00+00:00,1.2869,1.28691,1.28514,1.28591,23265
2022-07-27 08:00:00+00:00,1.286,1.28652,1.28469,1.286,28191
2022-07-27 12:00:00+00:00,1.28589,1.28995,1.2847,1.28829,39542
2022-07-27 16:00:00+00:00,1.28817,1.2905,1.28085,1.28188,45163
2022-07-27 20:00:00+00:00,1.28221,1.2832,1.27971,1.28178,13526
2022-07-28 00:00:00+00:00,1.28168,1.28357,1.28161,1.28274,26410
2022-07-28 04:00:00+00:00,1.28268,1.28312,1.2793,1.2803,26262
2022-07-28 08:00:00+00:00,1.28071,1.28345,1.27976,1.28189,32038
2022-07-28 12:00:00+00:00,1.28197,1.28677,1.28081,1.28318,51753
2022-07-28 16:00:00+00:00,1.28322,1.28515,1.2812,1.28182,26002
2022-07-28 20:00:00+00:00,1.28185,1.28194,1.2801,1.28064,11635
2022-07-29 00:00:00+00:00,1.28052,1.2816,1.28004,1.28043,23767
2022-07-29 04:00:00+00:00,1.28043,1.2813,1.27889,1.27944,29670
2022-07-29 08:00:00+00:00,1.27964,1.28443,1.27964,1.28443,30072
2022-07-29 12:00:00+00:00,1.28438,1.28539,1.27996,1.28029,50795
2022-07-29 16:00:00+00:00,1.28003,1.28302,1.2799,1.28041,25066
2022-07-29 20:00:00+00:00,1.28053,1.28054,1.27777,1.27777,3250
2022-07-31 16:00:00+00:00,1.27931,1.27987,1.27931,1.27985,10
2022-07-31 20:00:00+00:00,1.27987,1.28201,1.27916,1.28142,4317
2022-08-01 00:00:00+00:00,1.28156,1.28167,1.27953,1.28067,21586
2022-08-01 04:00:00+00:00,1.28072,1.28093,1.2782,1.27831,20430
2022-08-01 08:00:00+00:00,1.2781,1.27943,1.2766,1.27791,26179
2022-08-01 12:00:00+00:00,1.27823,1.28376,1.2772,1.28317,44446
2022-08-01 16:00:00+00:00,1.283,1.2855,1.28203,1.28406,30423
2022-08-01 20:00:00+00:00,1.2842,1.28444,1.28303,1.28439,8892
2022-08-02 00:00:00+00:00,1.28446,1.28619,1.28373,1.28492,30885
2022-08-02 04:00:00+00:00,1.2849,1.28776,1.2845,1.28634,33439
2022-08-02 08:00:00+00:00,1.28622,1.28754,1.2846,1.28524,30872
2022-08-02 12:00:00+00:00,1.28527,1.28824,1.28384,1.28549,53959
2022-08-02 16:00:00+00:00,1.2857,1.28713,1.2833,1.28704,37850
2022-08-02 20:00:00+00:00,1.2869,1.28881,1.2868,1.28875,12511
2022-08-03 00:00:00+00:00,1.2887,1.28908,1.2853,1.28573,27641
2022-08-03 04:00:00+00:00,1.28573,1.28692,1.28498,1.28656,26453
2022-08-03 08:00:00+00:00,1.28617,1.28711,1.28447,1.28471,27019
2022-08-03 12:00:00+00:00,1.28383,1.28834,1.28334,1.28695,45492
2022-08-03 16:00:00+00:00,1.28714,1.28734,1.2834,1.28424,27924
2022-08-03 20:00:00+00:00,1.28418,1.28546,1.2834,1.28546,8653
2022-08-04 00:00:00+00:00,1.28528,1.28549,1.2832,1.28445,20589
2022-08-04 04:00:00+00:00,1.28438,1.28541,1.28356,1.28446,22955
2022-08-04 08:00:00+00:00,1.28455,1.28537,1.2818,1.28424,27534
2022-08-04 12:00:00+00:00,1.28448,1.28743,1.2831,1.28525,46715
2022-08-04 16:00:00+00:00,1.28506,1.28723,1.284,1.28583,25791
2022-08-04 20:00:00+00:00,1.28572,1.28714,1.28566,1.28693,9397
2022-08-05 00:00:00+00:00,1.2867,1.28776,1.28667,1.28692,21161
2022-08-05 04:00:00+00:00,1.28697,1.28752,1.2863,1.28672,20102
2022-08-05 08:00:00+00:00,1.28693,1.2894,1.2866,1.28902,20497
2022-08-05 12:00:00+00:00,1.28897,1.29812,1.2879,1.29419,54678
2022-08-05 16:00:00+00:00,1.29418,1.29423,1.2919,1.29341,31926
2022-08-05 20:00:00+00:00,1.29327,1.29379,1.29115,1.29125,3087
2022-08-06 08:00:00+00:00,1.29165,1.29165,1.29165,1.29165,1
2022-08-07 16:00:00+00:00,1.29067,1.29138,1.29067,1.29138,9
2022-08-07 20:00:00+00:00,1.29185,1.29461,1.29077,1.29436,4030
2022-08-08 00:00:00+00:00,1.29437,1.2949,1.2929,1.29313,19644
2022-08-08 04:00:00+00:00,1.29314,1.29327,1.28894,1.28931,19206
2022-08-08 08:00:00+00:00,1.2893,1.2913,1.2883,1.2883,19468
2022-08-08 12:00:00+00:00,1.28801,1.28805,1.28389,1.2854,33530
2022-08-08 16:00:00+00:00,1.28536,1.28668,1.2845,1.28599,29683
2022-08-08 20:00:00+00:00,1.28592,1.28631,1.28232,1.28552,9176
2022-08-09 00:00:00+00:00,1.28535,1.28712,1.2846,1.2852,17477
2022-08-09 04:00:00+00:00,1.28504,1.28686,1.285,1.28635,18071
2022-08-09 08:00:00+00:00,1.28638,1.28719,1.2843,1.28633,24919
2022-08-09 12:00:00+00:00,1.2862,1.28892,1.2856,1.2877,41558
2022-08-09 16:00:00+00:00,1.28803,1.28987,1.28771,1.28845,24629
2022-08-09 20:00:00+00:00,1.2884,1.28929,1.28761,1.28849,7107
2022-08-10 00:00:00+00:00,1.2885,1.28936,1.2882,1.28865,11736
2022-08-10 04:00:00+00:00,1.28865,1.28945,1.2873,1.28765,13168
2022-08-10 08:00:00+00:00,1.2876,1.28811,1.2864,1.28788,15175
2022-08-10 12:00:00+00:00,1.28781,1.28887,1.27516,1.27758,35685
2022-08-10 16:00:00+00:00,1.2773,1.27862,1.2758,1.27765,20165
2022-08-10 20:00:00+00:00,1.27765,1.2781,1.27616,1.27741,6882
2022-08-11 00:00:00+00:00,1.27731,1.27896,1.2772,1.27835,13532
2022-08-11 04:00:00+00:00,1.2783,1.27913,1.2762,1.27652,17260
2022-08-11 08:00:00+00:00,1.27673,1.27743,1.27575,1.27717,18603
2022-08-11 12:00:00+00:00,1.27725,1.27759,1.27281,1.2745,36508
2022-08-11 16:00:00+00:00,1.27421,1.2775,1.2734,1.27715,21121
2022-08-11 20:00:00+00:00,1.277,1.2781,1.27581,1.27623,8339
2022-08-12 00:00:00+00:00,1.27587,1.27699,1.2752,1.27541,12020
2022-08-12 04:00:00+00:00,1.27524,1.27635,1.2739,1.27408,15770
2022-08-12 08:00:00+00:00,1.27409,1.2788,1.27409,1.27836,19071
2022-08-12 12:00:00+00:00,1.27861,1.28011,1.27743,1.27837,32853
2022-08-12 16:00:00+00:00,1.27838,1.27839,1.2768,1.27688,14626
2022-08-12 20:00:00+00:00,1.27727,1.27775,1.26826,1.2774,2238
2022-08-14 16:00:00+00:00,1.2759,1.2763,1.2759,1.2763,14
2022-08-14 20:00:00+00:00,1.27681,1.27805,1.27396,1.27805,3063
2022-08-15 00:00:00+00:00,1.27799,1.27932,1.2772,1.27865,17513
2022-08-15 04:00:00+00:00,1.27866,1.2844,1.2786,1.2844,18428
2022-08-15 08:00:00+00:00,1.28434,1.2915,1.28434,1.291,23547
2022-08-15 12:00:00+00:00,1.29125,1.29324,1.2885,1.2891,31331
2022-08-15 16:00:00+00:00,1.28921,1.29128,1.28881,1.29061,16182
2022-08-15 20:00:00+00:00,1.29059,1.29107,1.2897,1.2905,7325
2022-08-16 00:00:00+00:00,1.29076,1.2921,1.2892,1.28972,16949
2022-08-16 04:00:00+00:00,1.28969,1.29273,1.28887,1.29067,19238
2022-08-16 08:00:00+00:00,1.29089,1.2919,1.28923,1.29114,22616
2022-08-16 12:00:00+00:00,1.29118,1.29128,1.28556,1.2873,33598
2022-08-16 16:00:00+00:00,1.2874,1.28784,1.2831,1.28421,18864
2022-08-16 20:00:00+00:00,1.28406,1.28502,1.283,1.28456,7816
2022-08-17 00:00:00+00:00,1.28453,1.28586,1.2838,1.28496,15865
2022-08-17 04:00:00+00:00,1.28496,1.28746,1.28271,1.28688,17861
2022-08-17 08:00:00+00:00,1.28722,1.29111,1.28676,1.29055,22632
2022-08-17 12:00:00+00:00,1.29042,1.29362,1.28517,1.29335,34106
2022-08-17 16:00:00+00:00,1.2929,1.2929,1.28773,1.2903,28987
2022-08-17 20:00:00+00:00,1.29061,1.29198,1.29027,1.29182,6873
2022-08-18 00:00:00+00:00,1.29167,1.29261,1.2913,1.2923,14123
2022-08-18 04:00:00+00:00,1.2924,1.29463,1.29142,1.29266,17121
2022-08-18 08:00:00+00:00,1.29254,1.29266,1.28814,1.28907,21246
2022-08-18 12:00:00+00:00,1.28921,1.29455,1.28831,1.29455,31786
2022-08-18 16:00:00+00:00,1.29454,1.29654,1.2928,1.29331,20323
2022-08-18 20:00:00+00:00,1.29342,1.2956,1.2932,1.2945,6686
2022-08-19 00:00:00+00:00,1.2947,1.29656,1.2944,1.2955,15489
2022-08-19 04:00:00+00:00,1.29545,1.29767,1.29508,1.29656,18630
2022-08-19 08:00:00+00:00,1.29662,1.30035,1.29643,1.29942,22749
2022-08-19 12:00:00+00:00,1.2994,1.30079,1.29716,1.29944,32233
2022-08-19 16:00:00+00:00,1.29932,1.29986,1.2978,1.29939,17917
2022-08-19 20:00:00+00:00,1.29947,1.29988,1.2977,1.2989,1989
2022-08-20 04:00:00+00:00,1.2991,1.2991,1.2991,1.2991,1
2022-08-21 20:00:00+00:00,1.2991,1.2991,1.2991,1.2991,4
2022-08-22 04:00:00+00:00,1.2995,1.30101,1.2995,1.30094,12566
2022-08-22 08:00:00+00:00,1.30101,1.3018,1.2972,1.2984,23544
2022-08-22 12:00:00+00:00,1.29822,1.30473,1.29822,1.3036,27523
2022-08-22 16:00:00+00:00,1.30367,1.30604,1.3022,1.30463,17238
2022-08-22 20:00:00+00:00,1.30459,1.3055,1.3042,1.30488,7203
2022-08-23 00:00:00+00:00,1.30486,1.30539,1.3024,1.30259,16798
2022-08-23 04:00:00+00:00,1.30257,1.30621,1.3012,1.30169,20262
2022-08-23 08:00:00+00:00,1.30169,1.30342,1.30057,1.3019,20371
2022-08-23 12:00:00+00:00,1.30226,1.30325,1.29344,1.2945,38648
2022-08-23 16:00:00+00:00,1.2945,1.29662,1.2945,1.29518,22693
2022-08-23 20:00:00+00:00,1.2949,1.29629,1.29435,1.2959,6883
2022-08-24 00:00:00+00:00,1.29611,1.29852,1.29561,1.29801,15403
2022-08-24 04:00:00+00:00,1.298,1.29839,1.2969,1.29736,16946
2022-08-24 08:00:00+00:00,1.29732,1.30004,1.2957,1.29922,21377
2022-08-24 12:00:00+00:00,1.29916,1.30184,1.29614,1.29691,37974
2022-08-24 16:00:00+00:00,1.29687,1.29837,1.2961,1.29618,20585
2022-08-24 20:00:00+00:00,1.29638,1.29779,1.29496,1.2969,6440
2022-08-25 00:00:00+00:00,1.29748,1.29748,1.2945,1.2945,14909
2022-08-25 04:00:00+00:00,1.2947,1.29491,1.2905,1.29069,24233
2022-08-25 08:00:00+00:00,1.29042,1.29255,1.28956,1.2914,25723
2022-08-25 12:00:00+00:00,1.29153,1.29554,1.29123,1.29437,41170
2022-08-25 16:00:00+00:00,1.29446,1.29547,1.29247,1.29247,24375
2022-08-25 20:00:00+00:00,1.29269,1.2938,1.29224,1.2938,7407
2022-08-26 00:00:00+00:00,1.29372,1.29549,1.2935,1.29469,14551
2022-08-26 04:00:00+00:00,1.2946,1.2957,1.2946,1.29536,5727
2022-08-26 08:00:00+00:00,1.29555,1.29585,1.29251,1.29367,19123
2022-08-26 12:00:00+00:00,1.29333,1.30094,1.2905,1.30058,53798
2022-08-26 16:00:00+00:00,1.30044,1.30374,1.30044,1.30374,26280
2022-08-26 20:00:00+00:00,1.30384,1.30418,1.29758,1.29758,2200
2022-08-27 04:00:00+00:00,1.29798,1.29798,1.29798,1.29798,1
2022-08-28 16:00:00+00:00,1.30147,1.3028,1.30055,1.30277,29
2022-08-28 20:00:00+00:00,1.3028,1.30669,1.30277,1.30618,6094
2022-08-29 00:00:00+00:00,1.30602,1.30724,1.30508,1.3056,22157
2022-08-29 04:00:00+00:00,1.30557,1.30736,1.3055,1.30669,24528
2022-08-29 08:00:00+00:00,1.30668,1.30753,1.3039,1.304,26458
2022-08-29 12:00:00+00:00,1.30405,1.30441,1.29918,1.30022,39722
2022-08-29 16:00:00+00:00,1.30038,1.30102,1.2992,1.30063,27948
2022-08-29 20:00:00+00:00,1.3005,1.30123,1.29958,1.30019,7167
2022-08-30 00:00:00+00:00,1.30013,1.30239,1.29969,1.30102,19738
2022-08-30 04:00:00+00:00,1.30112,1.30134,1.2982,1.29884,23310
2022-08-30 08:00:00+00:00,1.2988,1.30114,1.2971,1.30034,26175
2022-08-30 12:00:00+00:00,1.30037,1.31037,1.3001,1.30863,49788
2022-08-30 16:00:00+00:00,1.30877,1.31076,1.30802,1.3099,35360
2022-08-30 20:00:00+00:00,1.30973,1.30973,1.30782,1.30907,8756
2022-08-31 00:00:00+00:00,1.30914,1.30951,1.30741,1.30741,18973
2022-08-31 04:00:00+00:00,1.30725,1.30896,1.30634,1.30896,23673
2022-08-31 08:00:00+00:00,1.30887,1.31224,1.3085,1.31057,33475
2022-08-31 12:00:00+00:00,1.3106,1.31405,1.30747,1.3091,52635
2022-08-31 16:00:00+00:00,1.30924,1.31344,1.3085,1.3134,35737
2022-08-31 20:00:00+00:00,1.31316,1.31443,1.31198,1.3139,12098
2022-09-01 00:00:00+00:00,1.3141,1.31688,1.3141,1.31651,22671
2022-09-01 04:00:00+00:00,1.31656,1.31742,1.31532,1.31697,24653
2022-09-01 08:00:00+00:00,1.31692,1.31933,1.315,1.31563,30085
2022-09-01 12:00:00+00:00,1.31559,1.32066,1.3155,1.31589,50210
2022-09-01 16:00:00+00:00,1.3159,1.31728,1.31409,1.3155,34864
2022-09-01 20:00:00+00:00,1.31566,1.31619,1.3146,1.3146,9784
2022-09-02 00:00:00+00:00,1.31478,1.31627,1.314,1.31547,18029
2022-09-02 04:00:00+00:00,1.31542,1.31685,1.31409,1.31466,22301
2022-09-02 08:00:00+00:00,1.3146,1.31559,1.31333,1.31374,22306
2022-09-02 12:00:00+00:00,1.31356,1.31456,1.30757,1.30895,53619
2022-09-02 16:00:00+00:00,1.30905,1.31476,1.3088,1.31376,39212
2022-09-02 20:00:00+00:00,1.31378,1.31378,1.30884,1.30884,2842
2022-09-04 16:00:00+00:00,1.30977,1.31257,1.30977,1.31257,12
2022-09-04 20:00:00+00:00,1.31207,1.31471,1.31168,1.3142,4888
2022-09-05 00:00:00+00:00,1.31408,1.3161,1.3134,1.31495,24818
2022-09-05 04:00:00+00:00,1.3146,1.31709,1.31442,1.31709,26182
2022-09-05 08:00:00+00:00,1.31716,1.3173,1.31399,1.31477,25657
2022-09-05 12:00:00+00:00,1.31472,1.31504,1.3129,1.31357,28081
2022-09-05 16:00:00+00:00,1.31357,1.3143,1.3132,1.314,6026
2022-09-05 20:00:00+00:00,1.31424,1.315,1.31032,1.31299,9304
2022-09-06 00:00:00+00:00,1.31271,1.31286,1.30963,1.31175,23257
2022-09-06 04:00:00+00:00,1.31164,1.313,1.31006,1.31059,28447
2022-09-06 08:00:00+00:00,1.31066,1.31392,1.31044,1.31282,30617
2022-09-06 12:00:00+00:00,1.31271,1.31696,1.31146,1.312,51074
2022-09-06 16:00:00+00:00,1.31224,1.31584,1.31198,1.31498,38357
2022-09-06 20:00:00+00:00,1.31489,1.31584,1.3143,1.31545,10973
2022-09-07 00:00:00+00:00,1.3154,1.31972,1.3154,1.31942,30983
2022-09-07 04:00:00+00:00,1.31948,1.32046,1.31739,1.31739,27600
2022-09-07 08:00:00+00:00,1.31724,1.31812,1.31504,1.31811,34439
2022-09-07 12:00:00+00:00,1.31797,1.32078,1.31638,1.31682,53792
2022-09-07 16:00:00+00:00,1.31667,1.31778,1.31112,1.31114,38479
2022-09-07 20:00:00+00:00,1.31135,1.3131,1.30994,1.31289,9620
2022-09-08 00:00:00+00:00,1.31288,1.31377,1.3121,1.313,24121
2022-09-08 04:00:00+00:00,1.31286,1.31361,1.3105,1.31318,24056
2022-09-08 08:00:00+00:00,1.31327,1.3147,1.3109,1.31123,26634
2022-09-08 12:00:00+00:00,1.31106,1.31586,1.311,1.31203,57561
2022-09-08 16:00:00+00:00,1.31201,1.31432,1.30771,1.30935,39693
2022-09-08 20:00:00+00:00,1.30941,1.3101,1.3075,1.3081,9234
2022-09-09 00:00:00+00:00,1.30815,1.30815,1.30286,1.30336,23019
2022-09-09 04:00:00+00:00,1.30346,1.30358,1.2998,1.3,27676
2022-09-09 08:00:00+00:00,1.3001,1.30157,1.29825,1.30154,33030
2022-09-09 12:00:00+00:00,1.30174,1.30501,1.3001,1.30352,49231
2022-09-09 16:00:00+00:00,1.30388,1.30439,1.3021,1.30217,26955
2022-09-09 20:00:00+00:00,1.30219,1.305,1.28764,1.305,2867
2022-09-10 04:00:00+00:00,1.3015,1.3015,1.3015,1.3015,1
2022-09-10 12:00:00+00:00,1.305,1.305,1.305,1.305,1
2022-09-11 16:00:00+00:00,1.3011,1.30437,1.3011,1.30156,55
2022-09-11 20:00:00+00:00,1.30419,1.30502,1.3016,1.30237,6163
2022-09-12 00:00:00+00:00,1.30227,1.30295,1.3009,1.3025,17765
2022-09-12 04:00:00+00:00,1.30275,1.30352,1.29849,1.29893,24667
2022-09-12 08:00:00+00:00,1.29907,1.30051,1.2977,1.299,28519
2022-09-12 12:00:00+00:00,1.29929,1.30014,1.2963,1.29778,41217
2022-09-12 16:00:00+00:00,1.29759,1.29898,1.2963,1.29863,28639
2022-09-12 20:00:00+00:00,1.29857,1.2987,1.2976,1.29812,8099
2022-09-13 00:00:00+00:00,1.29808,1.29921,1.29744,1.2983,21734
2022-09-13 04:00:00+00:00,1.29852,1.2993,1.29705,1.29712,21871
2022-09-13 08:00:00+00:00,1.29693,1.2978,1.2953,1.29675,24921
2022-09-13 12:00:00+00:00,1.29678,1.31241,1.29657,1.31233,59328
2022-09-13 16:00:00+00:00,1.31259,1.31743,1.31164,1.31653,35621
2022-09-13 20:00:00+00:00,1.31624,1.31793,1.31388,1.31668,11397
2022-09-14 00:00:00+00:00,1.3166,1.31767,1.31569,1.31719,23961
2022-09-14 04:00:00+00:00,1.31724,1.31937,1.3156,1.31682,29112
2022-09-14 08:00:00+00:00,1.31692,1.32041,1.31482,1.32012,33662
2022-09-14 12:00:00+00:00,1.31983,1.31983,1.31405,1.31545,51579
2022-09-14 16:00:00+00:00,1.31559,1.31895,1.31421,1.31674,34839
2022-09-14 20:00:00+00:00,1.31702,1.3171,1.3152,1.31594,9843
2022-09-15 00:00:00+00:00,1.31614,1.31741,1.3153,1.31685,21367
2022-09-15 04:00:00+00:00,1.31682,1.31831,1.31577,1.31604,22764
2022-09-15 08:00:00+00:00,1.3157,1.31889,1.31557,1.3187,27654
2022-09-15 12:00:00+00:00,1.31885,1.32094,1.31622,1.32033,53147
2022-09-15 16:00:00+00:00,1.32038,1.32393,1.31827,1.32298,38401
2022-09-15 20:00:00+00:00,1.32277,1.32513,1.3223,1.32486,10415
2022-09-16 00:00:00+00:00,1.32481,1.32481,1.32284,1.3239,21940
2022-09-16 04:00:00+00:00,1.3238,1.32886,1.3234,1.32835,25242
2022-09-16 08:00:00+00:00,1.32881,1.32942,1.32653,1.32775,28545
2022-09-16 12:00:00+00:00,1.32767,1.33066,1.32628,1.32723,52009
2022-09-16 16:00:00+00:00,1.32752,1.32994,1.32683,1.32716,38289
2022-09-16 20:00:00+00:00,1.32715,1.32715,1.32594,1.32654,3348
2022-09-17 04:00:00+00:00,1.3261,1.3261,1.3261,1.3261,1
2022-09-18 16:00:00+00:00,1.32596,1.32631,1.32596,1.32596,5
2022-09-18 20:00:00+00:00,1.32606,1.32758,1.32514,1.3257,6116
2022-09-19 00:00:00+00:00,1.32548,1.32892,1.3248,1.32828,21972
2022-09-19 04:00:00+00:00,1.32818,1.33132,1.3276,1.33127,24037
2022-09-19 08:00:00+00:00,1.33145,1.3323,1.3293,1.33143,29230
2022-09-19 12:00:00+00:00,1.331,1.33427,1.32722,1.3286,50232
2022-09-19 16:00:00+00:00,1.32834,1.32908,1.32481,1.32481,37571
2022-09-19 20:00:00+00:00,1.32467,1.3258,1.3242,1.3242,10445
2022-09-20 00:00:00+00:00,1.3237,1.32607,1.32265,1.3247,21900
2022-09-20 04:00:00+00:00,1.32478,1.32644,1.32395,1.32618,23950
2022-09-20 08:00:00+00:00,1.32644,1.33002,1.32621,1.32881,29569
2022-09-20 12:00:00+00:00,1.32868,1.33535,1.32401,1.33391,47995
2022-09-20 16:00:00+00:00,1.33351,1.33747,1.3335,1.33605,33638
2022-09-20 20:00:00+00:00,1.33584,1.33709,1.33542,1.3364,10840
2022-09-21 00:00:00+00:00,1.33653,1.33754,1.33574,1.33697,23950
2022-09-21 04:00:00+00:00,1.33699,1.3391,1.3358,1.3372,33224
2022-09-21 08:00:00+00:00,1.33757,1.33866,1.336,1.33778,31101
2022-09-21 12:00:00+00:00,1.33742,1.34073,1.3373,1.3396,48750
2022-09-21 16:00:00+00:00,1.33975,1.3446,1.3361,1.3446,54528
2022-09-21 20:00:00+00:00,1.34467,1.34839,1.34464,1.34786,15180
2022-09-22 00:00:00+00:00,1.34781,1.35318,1.34777,1.35117,33905
2022-09-22 04:00:00+00:00,1.35109,1.35419,1.34847,1.34847,31013
2022-09-22 08:00:00+00:00,1.34872,1.34872,1.34173,1.34473,44471
2022-09-22 12:00:00+00:00,1.34454,1.35091,1.34086,1.3498,52567
2022-09-22 16:00:00+00:00,1.34987,1.34989,1.34597,1.34867,40305
2022-09-22 20:00:00+00:00,1.34866,1.349,1.34709,1.3472,10632
2022-09-23 00:00:00+00:00,1.34704,1.34914,1.3467,1.34879,21648
2022-09-23 04:00:00+00:00,1.34884,1.35202,1.3475,1.35116,28872
2022-09-23 08:00:00+00:00,1.35135,1.35493,1.35095,1.35179,44875
2022-09-23 12:00:00+00:00,1.35196,1.35879,1.3502,1.35809,57030
2022-09-23 16:00:00+00:00,1.35807,1.36107,1.35685,1.35912,43406
2022-09-23 20:00:00+00:00,1.3588,1.35945,1.35199,1.35199,4859
2022-09-24 04:00:00+00:00,1.35549,1.35549,1.35549,1.35549,1
2022-09-25 16:00:00+00:00,1.35911,1.362,1.35587,1.36191,23
2022-09-25 20:00:00+00:00,1.36118,1.36134,1.35753,1.35789,8077
2022-09-26 00:00:00+00:00,1.35822,1.36327,1.35624,1.36327,48575
2022-09-26 04:00:00+00:00,1.36339,1.36367,1.357,1.36081,46067
2022-09-26 08:00:00+00:00,1.36051,1.36808,1.3583,1.36737,48739
2022-09-26 12:00:00+00:00,1.367,1.37624,1.36251,1.37451,60382
2022-09-26 16:00:00+00:00,1.37443,1.38049,1.37229,1.37331,52398
2022-09-26 20:00:00+00:00,1.373,1.375,1.36984,1.3712,18549
2022-09-27 00:00:00+00:00,1.37127,1.37142,1.36798,1.36963,34506
2022-09-27 04:00:00+00:00,1.3696,1.36962,1.36398,1.36621,36590
2022-09-27 08:00:00+00:00,1.36638,1.37153,1.36632,1.36851,41911
2022-09-27 12:00:00+00:00,1.36833,1.37509,1.36752,1.3738,63350
2022-09-27 16:00:00+00:00,1.37358,1.37748,1.37075,1.37299,49964
2022-09-27 20:00:00+00:00,1.37298,1.37334,1.37105,1.3722,14198
2022-09-28 00:00:00+00:00,1.37217,1.37855,1.37148,1.37695,38605
2022-09-28 04:00:00+00:00,1.37716,1.37991,1.37592,1.37678,41173
2022-09-28 08:00:00+00:00,1.37669,1.38303,1.37316,1.37639,57531
2022-09-28 12:00:00+00:00,1.37556,1.37622,1.3649,1.3649,66041
2022-09-28 16:00:00+00:00,1.36452,1.3654,1.36047,1.36267,44952
2022-09-28 20:00:00+00:00,1.3623,1.36297,1.35945,1.36292,14968
2022-09-29 00:00:00+00:00,1.36296,1.36698,1.36274,1.36552,34404
2022-09-29 04:00:00+00:00,1.36566,1.37545,1.3648,1.3738,40204
2022-09-29 08:00:00+00:00,1.37494,1.37494,1.36571,1.3679,55734
2022-09-29 12:00:00+00:00,1.36793,1.3754,1.36586,1.37003,68105
2022-09-29 16:00:00+00:00,1.3698,1.37351,1.36816,1.36957,39660
2022-09-29 20:00:00+00:00,1.3696,1.36975,1.36662,1.36748,16026
2022-09-30 00:00:00+00:00,1.36749,1.37159,1.36748,1.37144,36983
2022-09-30 04:00:00+00:00,1.37134,1.37231,1.36701,1.36709,40425
2022-09-30 08:00:00+00:00,1.36647,1.37466,1.36584,1.37365,49184
2022-09-30 12:00:00+00:00,1.37338,1.37526,1.36894,1.37517,62593
2022-09-30 16:00:00+00:00,1.37545,1.38288,1.37534,1.38104,42136
2022-09-30 20:00:00+00:00,1.38108,1.38348,1.3753,1.3756,5694
2022-10-02 16:00:00+00:00,1.37797,1.38036,1.37797,1.38022,10
2022-10-02 20:00:00+00:00,1.38095,1.38159,1.3777,1.37831,8051
2022-10-03 00:00:00+00:00,1.37862,1.38047,1.3735,1.37624,31251
2022-10-03 04:00:00+00:00,1.37643,1.37845,1.3733,1.37516,42266
2022-10-03 08:00:00+00:00,1.37551,1.3783,1.37256,1.37256,42340
2022-10-03 12:00:00+00:00,1.37262,1.374,1.36351,1.36506,57016
2022-10-03 16:00:00+00:00,1.36465,1.36595,1.3627,1.3627,38435
2022-10-03 20:00:00+00:00,1.36263,1.36405,1.36138,1.3624,14936
2022-10-04 00:00:00+00:00,1.36272,1.36511,1.35971,1.35971,28793
2022-10-04 04:00:00+00:00,1.35974,1.36206,1.35704,1.35933,39543
2022-10-04 08:00:00+00:00,1.35933,1.36573,1.35908,1.36366,44043
2022-10-04 12:00:00+00:00,1.36363,1.36636,1.35517,1.35517,52686
2022-10-04 16:00:00+00:00,1.355,1.35657,1.35044,1.35111,39868
2022-10-04 20:00:00+00:00,1.35157,1.3525,1.34973,1.35071,15689
2022-10-05 00:00:00+00:00,1.35105,1.35415,1.35052,1.35286,33508
2022-10-05 04:00:00+00:00,1.35274,1.3563,1.3502,1.35604,33306
2022-10-05 08:00:00+00:00,1.35596,1.36233,1.35555,1.3617,39157
2022-10-05 12:00:00+00:00,1.36166,1.36929,1.36058,1.3662,53113
2022-10-05 16:00:00+00:00,1.36666,1.36704,1.35913,1.36099,41568
2022-10-05 20:00:00+00:00,1.36097,1.3625,1.35954,1.35954,14087
2022-10-06 00:00:00+00:00,1.35966,1.36063,1.35643,1.35773,33193
2022-10-06 04:00:00+00:00,1.35786,1.36159,1.35675,1.36029,34842
2022-10-06 08:00:00+00:00,1.3601,1.36839,1.36,1.36625,40900
2022-10-06 12:00:00+00:00,1.36648,1.37313,1.36401,1.37313,56335
2022-10-06 16:00:00+00:00,1.37316,1.37549,1.37258,1.37496,45128
2022-10-06 20:00:00+00:00,1.37484,1.37492,1.3737,1.3739,13797
2022-10-07 00:00:00+00:00,1.37402,1.37489,1.37249,1.3732,27284
2022-10-07 04:00:00+00:00,1.37348,1.37591,1.3718,1.37386,32639
2022-10-07 08:00:00+00:00,1.37384,1.37425,1.3703,1.37236,34699
2022-10-07 12:00:00+00:00,1.37238,1.37573,1.36762,1.36921,60211
2022-10-07 16:00:00+00:00,1.36928,1.37527,1.36774,1.37387,42608
2022-10-07 20:00:00+00:00,1.37381,1.37407,1.36731,1.36731,4977
2022-10-08 08:00:00+00:00,1.36831,1.36831,1.36831,1.36831,1
2022-10-09 16:00:00+00:00,1.3724,1.37251,1.37018,1.37018,9
2022-10-09 20:00:00+00:00,1.3712,1.37533,1.37077,1.37314,7911
2022-10-10 00:00:00+00:00,1.3727,1.37471,1.3718,1.3729,29827
2022-10-10 04:00:00+00:00,1.37314,1.37558,1.37253,1.37491,32627
2022-10-10 08:00:00+00:00,1.37486,1.37602,1.37102,1.37212,39417
2022-10-10 12:00:00+00:00,1.37225,1.37602,1.3703,1.37455,49132
2022-10-10 16:00:00+00:00,1.37432,1.37812,1.3732,1.37641,41057
2022-10-10 20:00:00+00:00,1.3762,1.37814,1.3762,1.377,9814
2022-10-11 00:00:00+00:00,1.37768,1.3833,1.3769,1.3833,36474
2022-10-11 04:00:00+00:00,1.3832,1.38532,1.38214,1.38487,39622
2022-10-11 08:00:00+00:00,1.38475,1.38492,1.37823,1.37823,46893
2022-10-11 12:00:00+00:00,1.37829,1.38379,1.37373,1.37373,60557
2022-10-11 16:00:00+00:00,1.3738,1.38215,1.37152,1.37989,55283
2022-10-11 20:00:00+00:00,1.37991,1.38068,1.37809,1.37918,14033
2022-10-12 00:00:00+00:00,1.37901,1.38279,1.3782,1.38162,32981
2022-10-12 04:00:00+00:00,1.3816,1.3817,1.37778,1.38122,44903
2022-10-12 08:00:00+00:00,1.381,1.381,1.37624,1.37971,40438
2022-10-12 12:00:00+00:00,1.37962,1.38296,1.37703,1.37977,58818
2022-10-12 16:00:00+00:00,1.37964,1.38242,1.37794,1.38219,46958
2022-10-12 20:00:00+00:00,1.38171,1.3825,1.38006,1.38178,11068
2022-10-13 00:00:00+00:00,1.38192,1.38233,1.38012,1.38198,24466
2022-10-13 04:00:00+00:00,1.38191,1.38351,1.38123,1.38138,27798
2022-10-13 08:00:00+00:00,1.38152,1.38273,1.3782,1.37925,38547
2022-10-13 12:00:00+00:00,1.37955,1.39727,1.37452,1.37452,76230
2022-10-13 16:00:00+00:00,1.37453,1.37708,1.37082,1.3752,55825
2022-10-13 20:00:00+00:00,1.37495,1.37639,1.37318,1.37639,13344
2022-10-14 00:00:00+00:00,1.37637,1.37684,1.3708,1.37199,35804
2022-10-14 04:00:00+00:00,1.37211,1.37581,1.37055,1.37424,38203
2022-10-14 08:00:00+00:00,1.37468,1.38253,1.37468,1.38184,48296
2022-10-14 12:00:00+00:00,1.38176,1.38896,1.37394,1.38721,64791
2022-10-14 16:00:00+00:00,1.3873,1.38973,1.38598,1.38819,50688
2022-10-14 20:00:00+00:00,1.38792,1.38875,1.37655,1.37655,4511
2022-10-16 16:00:00+00:00,1.38701,1.38701,1.38698,1.38698,6
2022-10-16 20:00:00+00:00,1.38724,1.38779,1.3849,1.3852,7231
2022-10-17 00:00:00+00:00,1.38525,1.38583,1.3821,1.3833,32411
2022-10-17 04:00:00+00:00,1.38338,1.38389,1.38017,1.38133,38180
2022-10-17 08:00:00+00:00,1.38178,1.3841,1.3791,1.37998,43978
2022-10-17 12:00:00+00:00,1.38004,1.38153,1.37087,1.37224,54282
2022-10-17 16:00:00+00:00,1.37185,1.37341,1.36989,1.3731,41923
2022-10-17 20:00:00+00:00,1.3729,1.3729,1.37051,1.37141,13974
2022-10-18 00:00:00+00:00,1.37062,1.37359,1.36916,1.36927,30091
2022-10-18 04:00:00+00:00,1.369,1.37338,1.36569,1.37055,40469
2022-10-18 08:00:00+00:00,1.37049,1.37778,1.37048,1.37354,42834
2022-10-18 12:00:00+00:00,1.3735,1.38014,1.36945,1.37896,56956
2022-10-18 16:00:00+00:00,1.37934,1.38063,1.37421,1.37421,49520
2022-10-18 20:00:00+00:00,1.37461,1.37468,1.37174,1.37266,15479
2022-10-19 00:00:00+00:00,1.37248,1.37426,1.37196,1.37412,28759
2022-10-19 04:00:00+00:00,1.37407,1.37691,1.37375,1.37531,32617
2022-10-19 08:00:00+00:00,1.37587,1.37989,1.37246,1.37828,40853
2022-10-19 12:00:00+00:00,1.37867,1.38007,1.37426,1.37824,59029
2022-10-19 16:00:00+00:00,1.3787,1.38066,1.37634,1.37652,42714
2022-10-19 20:00:00+00:00,1.37671,1.37752,1.37568,1.37731,12661
2022-10-20 00:00:00+00:00,1.37731,1.38059,1.37607,1.38017,31615
2022-10-20 04:00:00+00:00,1.38004,1.38058,1.37494,1.37552,42712
2022-10-20 08:00:00+00:00,1.37547,1.37735,1.37047,1.37201,38968
2022-10-20 12:00:00+00:00,1.37178,1.37299,1.36626,1.37145,43899
2022-10-20 16:00:00+00:00,1.37208,1.37863,1.37176,1.37716,48725
2022-10-20 20:00:00+00:00,1.37691,1.3785,1.376,1.37765,15359
2022-10-21 00:00:00+00:00,1.3773,1.3789,1.3769,1.37833,33007
2022-10-21 04:00:00+00:00,1.37853,1.37982,1.3767,1.379,32891
2022-10-21 08:00:00+00:00,1.37943,1.38287,1.37943,1.3814,39762
2022-10-21 12:00:00+00:00,1.38115,1.38535,1.36752,1.36752,72620
2022-10-21 16:00:00+00:00,1.36699,1.37085,1.36298,1.36386,51688
2022-10-21 20:00:00+00:00,1.36381,1.3647,1.35565,1.35565,3749
2022-10-22 08:00:00+00:00,1.35905,1.35905,1.35905,1.35905,1
2022-10-23 16:00:00+00:00,1.36296,1.36353,1.36296,1.36315,25
2022-10-23 20:00:00+00:00,1.3631,1.36645,1.36064,1.36469,14256
2022-10-24 00:00:00+00:00,1.36518,1.36955,1.36518,1.36914,32749
2022-10-24 04:00:00+00:00,1.3691,1.3718,1.3671,1.37104,32462
2022-10-24 08:00:00+00:00,1.37128,1.37525,1.36821,1.37073,36371
2022-10-24 12:00:00+00:00,1.371,1.37702,1.36901,1.37036,45079
2022-10-24 16:00:00+00:00,1.37019,1.37431,1.37019,1.37123,32087
2022-10-24 20:00:00+00:00,1.37118,1.3726,1.36865,1.36972,12136
2022-10-25 00:00:00+00:00,1.36988,1.37151,1.36786,1.36945,30247
2022-10-25 04:00:00+00:00,1.3696,1.37194,1.3693,1.37149,26387
2022-10-25 08:00:00+00:00,1.37143,1.37466,1.37038,1.37329,29647
2022-10-25 12:00:00+00:00,1.37317,1.37346,1.36037,1.36159,40470
2022-10-25 16:00:00+00:00,1.3622,1.36418,1.3603,1.36034,29854
2022-10-25 20:00:00+00:00,1.36036,1.36287,1.36,1.3618,14265
2022-10-26 00:00:00+00:00,1.3614,1.36378,1.3596,1.35965,28340
2022-10-26 04:00:00+00:00,1.35981,1.36096,1.35438,1.35478,28990
2022-10-26 08:00:00+00:00,1.35447,1.35612,1.35088,1.35414,34245
2022-10-26 12:00:00+00:00,1.35405,1.3648,1.35299,1.35504,35385
2022-10-26 16:00:00+00:00,1.35437,1.35776,1.3538,1.35612,36249
2022-10-26 20:00:00+00:00,1.35588,1.35651,1.35385,1.35492,13274
2022-10-27 00:00:00+00:00,1.35565,1.3579,1.35454,1.3555,28274
2022-10-27 04:00:00+00:00,1.35583,1.35922,1.35383,1.35803,30768
2022-10-27 08:00:00+00:00,1.35793,1.36185,1.35646,1.36164,32743
2022-10-27 12:00:00+00:00,1.36191,1.36236,1.34978,1.35316,56500
2022-10-27 16:00:00+00:00,1.35303,1.35679,1.35188,1.35565,40541
2022-10-27 20:00:00+00:00,1.35536,1.35781,1.35536,1.356,19837
2022-10-28 00:00:00+00:00,1.3562,1.35683,1.35247,1.35282,34489
2022-10-28 04:00:00+00:00,1.35287,1.3611,1.35252,1.36063,36359
2022-10-28 08:00:00+00:00,1.36022,1.36293,1.35905,1.36091,38221
2022-10-28 12:00:00+00:00,1.36093,1.36331,1.3587,1.36213,60644
2022-10-28 16:00:00+00:00,1.36255,1.36281,1.3601,1.36056,31349
2022-10-28 20:00:00+00:00,1.36057,1.36078,1.35191,1.35191,3839
2022-10-30 16:00:00+00:00,1.35867,1.36135,1.35857,1.36129,23
2022-10-30 20:00:00+00:00,1.3613,1.3619,1.35907,1.36081,4591
2022-10-31 00:00:00+00:00,1.36045,1.36266,1.36008,1.36097,24285
2022-10-31 04:00:00+00:00,1.36082,1.36343,1.3606,1.36284,25132
2022-10-31 08:00:00+00:00,1.36276,1.36722,1.36276,1.36593,31545
2022-10-31 12:00:00+00:00,1.36611,1.36806,1.36349,1.364,48562
2022-10-31 16:00:00+00:00,1.36386,1.365,1.36164,1.36227,39041
2022-10-31 20:00:00+00:00,1.36221,1.3627,1.361,1.36107,12439
2022-11-01 00:00:00+00:00,1.36116,1.36183,1.35781,1.3582,28189
2022-11-01 04:00:00+00:00,1.3582,1.35891,1.3548,1.35668,29740
2022-11-01 08:00:00+00:00,1.35666,1.3572,1.35352,1.3544,34155
2022-11-01 12:00:00+00:00,1.35414,1.36564,1.35304,1.36386,55727
2022-11-01 16:00:00+00:00,1.36359,1.36658,1.36099,1.36251,42423
2022-11-01 20:00:00+00:00,1.36277,1.36341,1.36182,1.36183,13287
2022-11-02 00:00:00+00:00,1.36165,1.36275,1.35902,1.35988,29519
2022-11-02 04:00:00+00:00,1.35968,1.36128,1.3585,1.36021,26141
2022-11-02 08:00:00+00:00,1.35989,1.36091,1.35875,1.36005,33198
2022-11-02 12:00:00+00:00,1.3596,1.36491,1.3592,1.3629,49526
2022-11-02 16:00:00+00:00,1.36264,1.37044,1.35473,1.37032,56567
2022-11-02 20:00:00+00:00,1.37047,1.37211,1.36928,1.37153,16514
2022-11-03 00:00:00+00:00,1.3716,1.37237,1.36832,1.36865,26783
2022-11-03 04:00:00+00:00,1.36838,1.37453,1.36827,1.37291,29014
2022-11-03 08:00:00+00:00,1.3734,1.37932,1.37298,1.37915,42336
2022-11-03 12:00:00+00:00,1.37936,1.38063,1.37172,1.37287,57772
2022-11-03 16:00:00+00:00,1.37313,1.37463,1.37186,1.37389,43929
2022-11-03 20:00:00+00:00,1.37401,1.37496,1.37274,1.37424,11326
2022-11-04 00:00:00+00:00,1.37443,1.37443,1.36959,1.36969,26742
2022-11-04 04:00:00+00:00,1.36968,1.36981,1.36446,1.36697,34111
2022-11-04 08:00:00+00:00,1.36622,1.36622,1.361,1.36172,37711
2022-11-04 12:00:00+00:00,1.36203,1.36403,1.34718,1.35274,64138
2022-11-04 16:00:00+00:00,1.35301,1.3547,1.34738,1.34765,51339
2022-11-04 20:00:00+00:00,1.34757,1.3486,1.34605,1.3479,4459
2022-11-05 00:00:00+00:00,1.348,1.348,1.348,1.348,1
2022-11-05 08:00:00+00:00,1.3478,1.3478,1.3477,1.3477,2
2022-11-06 12:00:00+00:00,1.3476,1.3476,1.3476,1.3476,1
2022-11-06 16:00:00+00:00,1.34791,1.353,1.3477,1.3529,15
2022-11-06 20:00:00+00:00,1.35255,1.35325,1.34994,1.35125,4132
2022-11-07 00:00:00+00:00,1.35119,1.35414,1.34988,1.3519,32877
2022-11-07 04:00:00+00:00,1.35205,1.35492,1.351,1.35449,31421
2022-11-07 08:00:00+00:00,1.35463,1.35514,1.34665,1.34818,42239
2022-11-07 12:00:00+00:00,1.34789,1.35215,1.34658,1.34899,52269
2022-11-07 16:00:00+00:00,1.34918,1.35067,1.34831,1.34933,38509
2022-11-07 20:00:00+00:00,1.3491,1.34976,1.34828,1.34921,15486
2022-11-08 00:00:00+00:00,1.34938,1.35064,1.3475,1.35022,26196
2022-11-08 04:00:00+00:00,1.35017,1.35259,1.3498,1.35112,25634
2022-11-08 08:00:00+00:00,1.35105,1.35246,1.3482,1.34864,33838
2022-11-08 12:00:00+00:00,1.34833,1.35055,1.34132,1.34218,47892
2022-11-08 16:00:00+00:00,1.34229,1.34728,1.33877,1.34438,47288
2022-11-08 20:00:00+00:00,1.34398,1.344,1.3414,1.34154,22465
2022-11-09 00:00:00+00:00,1.34221,1.34462,1.34179,1.34363,33482
2022-11-09 04:00:00+00:00,1.3437,1.34511,1.34306,1.34356,31673
2022-11-09 08:00:00+00:00,1.34342,1.34631,1.34144,1.34356,42238
2022-11-09 12:00:00+00:00,1.34378,1.34911,1.34178,1.34812,55202
2022-11-09 16:00:00+00:00,1.34782,1.35396,1.34454,1.35357,47123
2022-11-09 20:00:00+00:00,1.35334,1.35361,1.3516,1.3527,21262
2022-11-10 00:00:00+00:00,1.35261,1.35264,1.3517,1.3523,4640
2022-11-10 04:00:00+00:00,1.35321,1.35601,1.3523,1.35463,27470
2022-11-10 08:00:00+00:00,1.35446,1.35691,1.35125,1.35659,40880
2022-11-10 12:00:00+00:00,1.35647,1.35673,1.33356,1.3337,62725
2022-11-10 16:00:00+00:00,1.33399,1.33998,1.33371,1.33495,49059
2022-11-10 20:00:00+00:00,1.33515,1.33534,1.33088,1.33318,24518
2022-11-11 00:00:00+00:00,1.33292,1.33587,1.3328,1.3334,33689
2022-11-11 04:00:00+00:00,1.33358,1.33402,1.3292,1.33035,37303
2022-11-11 08:00:00+00:00,1.33032,1.33232,1.32854,1.33012,46624
2022-11-11 12:00:00+00:00,1.33075,1.33156,1.32571,1.32654,52205
2022-11-11 16:00:00+00:00,1.32647,1.32983,1.3237,1.32451,44206
2022-11-11 20:00:00+00:00,1.3248,1.3262,1.13213,1.13213,14714
2022-11-12 00:00:00+00:00,1.3268,1.3268,1.13213,1.13213,2
2022-11-12 12:00:00+00:00,1.13223,1.14523,1.13223,1.14523,2
2022-11-13 16:00:00+00:00,1.32417,1.3255,1.32417,1.32548,37
2022-11-13 20:00:00+00:00,1.3255,1.33029,1.32458,1.32647,5592
2022-11-14 00:00:00+00:00,1.32653,1.32717,1.32389,1.32536,33780
2022-11-14 04:00:00+00:00,1.3252,1.32812,1.3252,1.32635,31390
2022-11-14 08:00:00+00:00,1.32592,1.33016,1.32511,1.32931,41351
2022-11-14 12:00:00+00:00,1.33004,1.33036,1.32634,1.32719,49357
2022-11-14 16:00:00+00:00,1.32707,1.33084,1.32695,1.32908,42305
2022-11-14 20:00:00+00:00,1.32859,1.33247,1.3282,1.33238,17857
2022-11-15 00:00:00+00:00,1.33191,1.33253,1.3298,1.33047,26894
2022-11-15 04:00:00+00:00,1.33029,1.33128,1.32515,1.32547,26105
2022-11-15 08:00:00+00:00,1.32546,1.32949,1.32527,1.32856,41911
2022-11-15 12:00:00+00:00,1.32872,1.33325,1.32293,1.32967,63660
2022-11-15 16:00:00+00:00,1.32936,1.33243,1.32736,1.32821,65206
2022-11-15 20:00:00+00:00,1.32845,1.32888,1.32549,1.32735,26447
2022-11-16 00:00:00+00:00,1.32708,1.33002,1.32685,1.32896,40176
2022-11-16 04:00:00+00:00,1.32885,1.33038,1.32465,1.32542,38806
2022-11-16 08:00:00+00:00,1.3254,1.3268,1.323,1.32574,38555
2022-11-16 12:00:00+00:00,1.3252,1.33157,1.32406,1.3311,56626
2022-11-16 16:00:00+00:00,1.33066,1.33458,1.32986,1.33303,44675
2022-11-16 20:00:00+00:00,1.33289,1.33376,1.33129,1.33354,21050
2022-11-17 00:00:00+00:00,1.3334,1.33605,1.33256,1.33498,27788
2022-11-17 04:00:00+00:00,1.33488,1.33592,1.33193,1.33203,27891
2022-11-17 08:00:00+00:00,1.33196,1.33805,1.33056,1.33653,40403
2022-11-17 12:00:00+00:00,1.33597,1.3399,1.33238,1.33504,57459
2022-11-17 16:00:00+00:00,1.33523,1.33635,1.33232,1.33286,42728
2022-11-17 20:00:00+00:00,1.33303,1.33363,1.3312,1.3324,18104
2022-11-18 00:00:00+00:00,1.33237,1.33265,1.33013,1.33062,27800
2022-11-18 04:00:00+00:00,1.3307,1.33301,1.33062,1.33186,28028
2022-11-18 08:00:00+00:00,1.3313,1.33492,1.3313,1.33492,37705
2022-11-18 12:00:00+00:00,1.33476,1.33988,1.33341,1.33843,46880
2022-11-18 16:00:00+00:00,1.33882,1.34084,1.33702,1.33834,36307
2022-11-18 20:00:00+00:00,1.33838,1.3413,1.32362,1.3413,11636
2022-11-20 20:00:00+00:00,1.33753,1.33834,1.33752,1.33777,2340
2022-11-21 00:00:00+00:00,1.33775,1.34184,1.33766,1.34047,25657
2022-11-21 04:00:00+00:00,1.34058,1.34236,1.34045,1.34162,29652
2022-11-21 08:00:00+00:00,1.34173,1.34404,1.34077,1.34269,35440
2022-11-21 12:00:00+00:00,1.34303,1.34945,1.34216,1.34934,42804
2022-11-21 16:00:00+00:00,1.3493,1.34935,1.3431,1.34481,37574
2022-11-21 20:00:00+00:00,1.34477,1.34556,1.28855,1.34463,16023
2022-11-22 00:00:00+00:00,1.3447,1.34494,1.342,1.343,25811
2022-11-22 04:00:00+00:00,1.3432,1.34407,1.3423,1.34248,24226
2022-11-22 08:00:00+00:00,1.3422,1.34285,1.3385,1.33939,35899
2022-11-22 12:00:00+00:00,1.33927,1.34173,1.33854,1.33962,41518
2022-11-22 16:00:00+00:00,1.33996,1.34156,1.3378,1.33837,27202
2022-11-22 20:00:00+00:00,1.3385,1.33863,1.33611,1.33625,14477
2022-11-23 00:00:00+00:00,1.3359,1.33862,1.33566,1.33859,19830
2022-11-23 04:00:00+00:00,1.3387,1.33944,1.3364,1.33681,20186
2022-11-23 08:00:00+00:00,1.33679,1.34218,1.33679,1.34119,27486
2022-11-23 12:00:00+00:00,1.34141,1.34369,1.33657,1.33798,46708
2022-11-23 16:00:00+00:00,1.3382,1.34206,1.33556,1.33589,47628
2022-11-23 20:00:00+00:00,1.33613,1.33632,1.3339,1.3339,17477
2022-11-24 00:00:00+00:00,1.33408,1.33538,1.3329,1.33303,23535
2022-11-24 04:00:00+00:00,1.33276,1.3354,1.33276,1.3354,22617
2022-11-24 08:00:00+00:00,1.33589,1.33619,1.3336,1.33402,31465
2022-11-24 12:00:00+00:00,1.33385,1.33577,1.33164,1.33292,30838
2022-11-24 16:00:00+00:00,1.33311,1.33415,1.3327,1.33373,13445
2022-11-24 20:00:00+00:00,1.33342,1.3343,1.3332,1.33366,7623
2022-11-25 00:00:00+00:00,1.33366,1.33482,1.33267,1.33267,21416
2022-11-25 04:00:00+00:00,1.33268,1.33484,1.3316,1.33484,21322
2022-11-25 08:00:00+00:00,1.3352,1.33696,1.3337,1.3355,30421
2022-11-25 12:00:00+00:00,1.33536,1.33977,1.3347,1.33733,36294
2022-11-25 16:00:00+00:00,1.33725,1.33871,1.3363,1.33747,30716
2022-11-25 20:00:00+00:00,1.33745,1.3398,1.33279,1.3398,9064
2022-11-26 00:00:00+00:00,1.3399,1.3399,1.3399,1.3399,1
2022-11-27 16:00:00+00:00,1.33801,1.33975,1.33627,1.33914,36
2022-11-27 20:00:00+00:00,1.33899,1.34099,1.33858,1.34096,2866
2022-11-28 00:00:00+00:00,1.34061,1.34701,1.34,1.34445,22263
2022-11-28 04:00:00+00:00,1.34419,1.3461,1.34339,1.34489,26728
2022-11-28 08:00:00+00:00,1.34513,1.3453,1.34133,1.34246,38725
2022-11-28 12:00:00+00:00,1.34255,1.34663,1.3421,1.34341,43458
2022-11-28 16:00:00+00:00,1.34322,1.34915,1.34247,1.34904,36997
2022-11-28 20:00:00+00:00,1.34916,1.35044,1.34406,1.34899,15573
2022-11-29 00:00:00+00:00,1.34892,1.34919,1.3432,1.3436,29030
2022-11-29 04:00:00+00:00,1.34367,1.34423,1.34149,1.34254,31455
2022-11-29 08:00:00+00:00,1.34195,1.34613,1.34096,1.34403,34758
2022-11-29 12:00:00+00:00,1.34453,1.3575,1.3444,1.35739,50846
2022-11-29 16:00:00+00:00,1.35743,1.36451,1.3568,1.35845,40094
2022-11-29 20:00:00+00:00,1.35843,1.3593,1.3576,1.35837,14351
2022-11-30 00:00:00+00:00,1.35861,1.35897,1.35658,1.35669,25009
2022-11-30 04:00:00+00:00,1.3563,1.3576,1.35477,1.35544,23858
2022-11-30 08:00:00+00:00,1.35563,1.35735,1.3517,1.35185,33005
2022-11-30 12:00:00+00:00,1.35133,1.35757,1.34924,1.35566,50537
2022-11-30 16:00:00+00:00,1.35598,1.35648,1.34375,1.34375,53482
2022-11-30 20:00:00+00:00,1.34417,1.34533,1.34072,1.34142,26534
2022-12-01 00:00:00+00:00,1.34148,1.34254,1.34033,1.34201,32896
2022-12-01 04:00:00+00:00,1.34227,1.34266,1.33965,1.34004,12185
2022-12-01 12:00:00+00:00,1.34392,1.34663,1.34075,1.34289,47296
2022-12-01 16:00:00+00:00,1.34288,1.34694,1.34063,1.3427,47136
2022-12-01 20:00:00+00:00,1.34274,1.3439,1.34209,1.34354,18577
2022-12-02 00:00:00+00:00,1.34379,1.3451,1.34359,1.34378,25364
2022-12-02 04:00:00+00:00,1.34368,1.34428,1.342,1.3432,25044
2022-12-02 08:00:00+00:00,1.34409,1.34522,1.3425,1.34389,36632
2022-12-02 12:00:00+00:00,1.3443,1.35114,1.3423,1.3477,58524
2022-12-02 16:00:00+00:00,1.34812,1.34916,1.34439,1.34616,42041
2022-12-02 20:00:00+00:00,1.34626,1.3493,1.3453,1.3493,13175
2022-12-03 00:00:00+00:00,1.3493,1.3493,1.3493,1.3493,2
2022-12-03 08:00:00+00:00,1.3492,1.3492,1.3492,1.3492,1
2022-12-03 12:00:00+00:00,1.3493,1.3493,1.3493,1.3493,1
2022-12-04 16:00:00+00:00,1.3463,1.3469,1.34477,1.34588,47
2022-12-04 20:00:00+00:00,1.3464,1.34722,1.3444,1.3444,4231
2022-12-05 00:00:00+00:00,1.34466,1.34522,1.33846,1.3395,25375
2022-12-05 04:00:00+00:00,1.33948,1.34264,1.3391,1.34227,25847
2022-12-05 08:00:00+00:00,1.34285,1.34456,1.3409,1.34092,34750
2022-12-05 12:00:00+00:00,1.34101,1.35207,1.3393,1.35172,45522
2022-12-05 16:00:00+00:00,1.35205,1.35999,1.35195,1.35931,40702
2022-12-05 20:00:00+00:00,1.3591,1.36043,1.35802,1.3587,20035
2022-12-06 00:00:00+00:00,1.35868,1.35904,1.3569,1.35815,28449
2022-12-06 04:00:00+00:00,1.35809,1.36085,1.3578,1.3587,28514
2022-12-06 08:00:00+00:00,1.35872,1.36317,1.35826,1.36145,37058
2022-12-06 12:00:00+00:00,1.36154,1.36721,1.36067,1.36478,44550
2022-12-06 16:00:00+00:00,1.36451,1.36743,1.36165,1.36638,40714
2022-12-06 20:00:00+00:00,1.36581,1.3665,1.3643,1.36493,17316
2022-12-07 00:00:00+00:00,1.36492,1.3658,1.36315,1.36464,26905
2022-12-07 04:00:00+00:00,1.36452,1.36629,1.3636,1.36576,28981
2022-12-07 08:00:00+00:00,1.36588,1.36988,1.36576,1.36871,36955
2022-12-07 12:00:00+00:00,1.36869,1.3687,1.35948,1.3606,55357
2022-12-07 16:00:00+00:00,1.36083,1.36507,1.36032,1.36489,43471
2022-12-07 20:00:00+00:00,1.36476,1.36605,1.36395,1.36521,16366
2022-12-08 00:00:00+00:00,1.36538,1.36874,1.36493,1.36826,28114
2022-12-08 04:00:00+00:00,1.36833,1.36876,1.3646,1.36555,25224
2022-12-08 08:00:00+00:00,1.36625,1.36856,1.36443,1.36443,30961
2022-12-08 12:00:00+00:00,1.36446,1.3646,1.35622,1.35879,47842
2022-12-08 16:00:00+00:00,1.35834,1.36024,1.35636,1.35836,39388
2022-12-08 20:00:00+00:00,1.35825,1.35996,1.35709,1.35985,15729
2022-12-09 00:00:00+00:00,1.3596,1.36056,1.3569,1.35883,26093
2022-12-09 04:00:00+00:00,1.35882,1.35991,1.3581,1.35979,25374
2022-12-09 08:00:00+00:00,1.35995,1.36406,1.35995,1.36153,32968
2022-12-09 12:00:00+00:00,1.36162,1.36784,1.3602,1.36335,52813
2022-12-09 16:00:00+00:00,1.3633,1.36356,1.36016,1.3627,37186
2022-12-09 20:00:00+00:00,1.36268,1.3724,1.34437,1.3724,11019
2022-12-10 00:00:00+00:00,1.3725,1.3725,1.3725,1.3725,1
2022-12-10 08:00:00+00:00,1.3724,1.3724,1.3724,1.3724,1
2022-12-11 16:00:00+00:00,1.36142,1.36318,1.36142,1.36258,30
2022-12-11 20:00:00+00:00,1.36308,1.36599,1.36258,1.36564,2720
2022-12-12 00:00:00+00:00,1.36551,1.36736,1.3654,1.36638,23207
2022-12-12 04:00:00+00:00,1.36639,1.36639,1.3636,1.36457,23303
2022-12-12 08:00:00+00:00,1.36509,1.3669,1.36469,1.3663,31313
2022-12-12 12:00:00+00:00,1.36643,1.36813,1.36336,1.36745,38676
2022-12-12 16:00:00+00:00,1.36755,1.36786,1.36372,1.36412,37986
2022-12-12 20:00:00+00:00,1.36383,1.36386,1.36191,1.36309,15408
2022-12-13 00:00:00+00:00,1.36297,1.36429,1.36146,1.36327,27156
2022-12-13 04:00:00+00:00,1.36336,1.36351,1.3611,1.36157,26440
2022-12-13 08:00:00+00:00,1.36127,1.36314,1.3603,1.3618,34831
2022-12-13 12:00:00+00:00,1.36193,1.36196,1.3521,1.35434,61603
2022-12-13 16:00:00+00:00,1.35416,1.3559,1.35235,1.35537,54789
2022-12-13 20:00:00+00:00,1.35564,1.35634,1.35192,1.35554,20305
2022-12-14 00:00:00+00:00,1.35529,1.35728,1.3552,1.35693,26753
2022-12-14 04:00:00+00:00,1.3571,1.35724,1.3552,1.3552,23525
2022-12-14 08:00:00+00:00,1.3559,1.35669,1.35321,1.3551,38383
2022-12-14 12:00:00+00:00,1.35543,1.35837,1.35503,1.3562,43860
2022-12-14 16:00:00+00:00,1.35596,1.36097,1.35351,1.35572,53219
2022-12-14 20:00:00+00:00,1.35483,1.35599,1.35213,1.35503,27805
2022-12-15 00:00:00+00:00,1.35518,1.3572,1.354,1.35621,23102
2022-12-15 04:00:00+00:00,1.356,1.35742,1.3555,1.35741,25033
2022-12-15 08:00:00+00:00,1.35733,1.35884,1.3563,1.35803,36296
2022-12-15 12:00:00+00:00,1.35867,1.36481,1.35864,1.36166,56135
2022-12-15 16:00:00+00:00,1.36151,1.36731,1.36146,1.36562,45590
2022-12-15 20:00:00+00:00,1.36519,1.36708,1.36023,1.36562,18563
2022-12-16 00:00:00+00:00,1.36559,1.36559,1.36174,1.36275,26149
2022-12-16 04:00:00+00:00,1.36274,1.36454,1.36181,1.36454,25298
2022-12-16 08:00:00+00:00,1.36461,1.36871,1.36398,1.36512,38113
2022-12-16 12:00:00+00:00,1.36478,1.36933,1.36433,1.36904,49499
2022-12-16 16:00:00+00:00,1.36921,1.37042,1.3676,1.36928,43411
2022-12-16 20:00:00+00:00,1.36903,1.374,1.36815,1.374,15987
2022-12-17 00:00:00+00:00,1.3742,1.3742,1.3742,1.3742,1
2022-12-17 04:00:00+00:00,1.3741,1.3741,1.3741,1.3741,1
2022-12-18 16:00:00+00:00,1.36647,1.3677,1.36647,1.36748,26
2022-12-18 20:00:00+00:00,1.3677,1.36886,1.36742,1.36886,2542
2022-12-19 00:00:00+00:00,1.36878,1.36889,1.3643,1.36608,26823
2022-12-19 04:00:00+00:00,1.36598,1.36779,1.3655,1.36582,27942
2022-12-19 08:00:00+00:00,1.36534,1.36623,1.36296,1.36623,33897
2022-12-19 12:00:00+00:00,1.36621,1.3688,1.36265,1.36877,42819
2022-12-19 16:00:00+00:00,1.3689,1.36911,1.36233,1.36637,39599
2022-12-19 20:00:00+00:00,1.36669,1.36669,1.36233,1.3642,15421
2022-12-20 00:00:00+00:00,1.36428,1.36725,1.3615,1.36725,38365
2022-12-20 04:00:00+00:00,1.36661,1.37029,1.36557,1.36722,42052
2022-12-20 08:00:00+00:00,1.36688,1.36691,1.36056,1.36098,45194
2022-12-20 12:00:00+00:00,1.36077,1.36554,1.35808,1.36072,52762
2022-12-20 16:00:00+00:00,1.36115,1.36417,1.36075,1.36088,39994
2022-12-20 20:00:00+00:00,1.36103,1.3619,1.35725,1.35993,17031
2022-12-21 00:00:00+00:00,1.35979,1.36169,1.35888,1.3614,31390
2022-12-21 04:00:00+00:00,1.36133,1.36232,1.36,1.36087,26692
2022-12-21 08:00:00+00:00,1.36099,1.36318,1.3605,1.36281,39457
2022-12-21 12:00:00+00:00,1.36284,1.36362,1.35969,1.36117,48080
2022-12-21 16:00:00+00:00,1.36134,1.3637,1.3591,1.36088,40221
2022-12-21 20:00:00+00:00,1.36087,1.36158,1.35942,1.36149,17352
2022-12-22 00:00:00+00:00,1.36163,1.36177,1.3586,1.35866,25042
2022-12-22 04:00:00+00:00,1.3584,1.35896,1.35707,1.35784,23997
2022-12-22 08:00:00+00:00,1.35786,1.36305,1.3573,1.36234,36629
2022-12-22 12:00:00+00:00,1.36233,1.3671,1.36186,1.36579,48006
2022-12-22 16:00:00+00:00,1.36568,1.3683,1.36488,1.36488,41436
2022-12-22 20:00:00+00:00,1.36485,1.3665,1.3597,1.3634,19253
2022-12-23 00:00:00+00:00,1.36356,1.3658,1.36239,1.3627,27206
2022-12-23 04:00:00+00:00,1.3631,1.36369,1.3614,1.36211,24589
2022-12-23 08:00:00+00:00,1.36192,1.3628,1.35951,1.36083,26603
2022-12-23 12:00:00+00:00,1.36087,1.36465,1.3572,1.35851,48978
2022-12-23 16:00:00+00:00,1.35855,1.3617,1.35632,1.36001,38559
2022-12-23 20:00:00+00:00,1.35986,1.364,1.34037,1.364,10712
2022-12-24 00:00:00+00:00,1.3642,1.3642,1.3642,1.3642,1
2022-12-25 16:00:00+00:00,1.35868,1.35878,1.35582,1.35705,16
2022-12-25 20:00:00+00:00,1.35706,1.3592,1.35706,1.35897,73
2022-12-26 00:00:00+00:00,1.35891,1.3633,1.3578,1.3601,3562
2022-12-26 04:00:00+00:00,1.3608,1.3619,1.35673,1.3603,16407
2022-12-26 08:00:00+00:00,1.3572,1.3621,1.3572,1.35895,3409
2022-12-26 12:00:00+00:00,1.35847,1.3622,1.35653,1.3585,12697
2022-12-26 16:00:00+00:00,1.3592,1.3621,1.35434,1.361,3623
2022-12-26 20:00:00+00:00,1.3611,1.3628,1.35483,1.3556,6481
2022-12-27 00:00:00+00:00,1.3558,1.3568,1.3547,1.35655,21783
2022-12-27 04:00:00+00:00,1.3566,1.3567,1.3536,1.35479,21424
2022-12-27 08:00:00+00:00,1.35502,1.35527,1.35248,1.35365,23244
2022-12-27 12:00:00+00:00,1.35373,1.3546,1.34846,1.34962,36801
2022-12-27 16:00:00+00:00,1.34995,1.35377,1.34938,1.3526,30952
2022-12-27 20:00:00+00:00,1.35261,1.35278,1.35034,1.35235,13407
2022-12-28 00:00:00+00:00,1.35236,1.35381,1.3517,1.3536,23982
2022-12-28 04:00:00+00:00,1.35347,1.35363,1.3512,1.3512,21460
2022-12-28 08:00:00+00:00,1.35147,1.35396,1.3502,1.351,29931
2022-12-28 12:00:00+00:00,1.35096,1.35903,1.34862,1.35903,40677
2022-12-28 16:00:00+00:00,1.35866,1.35983,1.35643,1.35944,37961
2022-12-28 20:00:00+00:00,1.35963,1.36113,1.35727,1.35994,15840
2022-12-29 00:00:00+00:00,1.35991,1.35991,1.3586,1.3587,26009
2022-12-29 04:00:00+00:00,1.35878,1.36077,1.35789,1.35992,22839
2022-12-29 08:00:00+00:00,1.36007,1.36055,1.35825,1.3588,31992
2022-12-29 12:00:00+00:00,1.35891,1.35957,1.35455,1.3569,42915
2022-12-29 16:00:00+00:00,1.35691,1.35728,1.3538,1.35388,36662
2022-12-29 20:00:00+00:00,1.35386,1.3558,1.35226,1.35532,13506
2022-12-30 00:00:00+00:00,1.3551,1.35579,1.354,1.35518,20227
2022-12-30 04:00:00+00:00,1.3554,1.35619,1.35427,1.35516,27882
2022-12-30 08:00:00+00:00,1.35528,1.3555,1.35145,1.3521,29076
2022-12-30 12:00:00+00:00,1.35229,1.35788,1.35229,1.35489,45327
2022-12-30 16:00:00+00:00,1.3544,1.35664,1.35275,1.35341,41312
2022-12-30 20:00:00+00:00,1.35346,1.3566,1.33378,1.3566,11815
2022-12-31 00:00:00+00:00,1.3567,1.3567,1.3567,1.3567,1
2023-01-01 16:00:00+00:00,1.35247,1.35247,1.35247,1.35247,1
2023-01-01 20:00:00+00:00,1.35247,1.35476,1.35237,1.35281,101
2023-01-02 00:00:00+00:00,1.35274,1.3585,1.35207,1.3553,2549
2023-01-02 04:00:00+00:00,1.35483,1.3566,1.34748,1.3536,8684
2023-01-02 08:00:00+00:00,1.34957,1.35727,1.34801,1.357,30985
2023-01-02 12:00:00+00:00,1.35405,1.35793,1.35405,1.35664,14943
2023-01-02 16:00:00+00:00,1.35663,1.3577,1.35575,1.3571,7170
2023-01-02 20:00:00+00:00,1.3574,1.3582,1.35438,1.35622,7573
2023-01-03 00:00:00+00:00,1.35636,1.36179,1.354,1.354,30153
2023-01-03 04:00:00+00:00,1.35431,1.3573,1.35226,1.35363,25533
2023-01-03 08:00:00+00:00,1.35345,1.36399,1.35338,1.36283,38664
2023-01-03 12:00:00+00:00,1.36291,1.36794,1.3602,1.36369,45961
2023-01-03 16:00:00+00:00,1.36361,1.36843,1.36266,1.36631,41341
2023-01-03 20:00:00+00:00,1.36636,1.36792,1.36501,1.36718,18244
2023-01-04 00:00:00+00:00,1.36719,1.36719,1.3633,1.36352,26967
2023-01-04 04:00:00+00:00,1.36349,1.36566,1.36153,1.36189,29021
2023-01-04 08:00:00+00:00,1.36256,1.36256,1.35428,1.35518,40394
2023-01-04 12:00:00+00:00,1.35494,1.3556,1.35118,1.3525,53785
2023-01-04 16:00:00+00:00,1.3529,1.35317,1.3476,1.34821,50457
2023-01-04 20:00:00+00:00,1.34845,1.34894,1.34695,1.34851,20099
2023-01-05 00:00:00+00:00,1.34883,1.3515,1.34795,1.35099,26492
2023-01-05 04:00:00+00:00,1.35101,1.3522,1.34891,1.35174,25137
2023-01-05 08:00:00+00:00,1.35189,1.35252,1.34955,1.35053,33193
2023-01-05 12:00:00+00:00,1.35055,1.35893,1.34938,1.35893,56273
2023-01-05 16:00:00+00:00,1.35849,1.35938,1.35506,1.35671,44924
2023-01-05 20:00:00+00:00,1.3568,1.35829,1.35541,1.35625,19768
2023-01-06 00:00:00+00:00,1.35613,1.35636,1.35376,1.3546,24504
2023-01-06 04:00:00+00:00,1.35494,1.35918,1.3546,1.35827,25647
2023-01-06 08:00:00+00:00,1.35819,1.3649,1.35746,1.3649,37222
2023-01-06 12:00:00+00:00,1.36488,1.36629,1.34775,1.34805,60372
2023-01-06 16:00:00+00:00,1.34814,1.34831,1.3432,1.3435,41536
2023-01-06 20:00:00+00:00,1.34336,1.34468,1.34136,1.3446,11339
2023-01-07 00:00:00+00:00,1.3447,1.3447,1.3447,1.3447,1
2023-01-08 16:00:00+00:00,1.34232,1.3434,1.34217,1.3434,14
2023-01-08 20:00:00+00:00,1.3429,1.34437,1.3429,1.34358,3411
2023-01-09 00:00:00+00:00,1.34365,1.34433,1.34041,1.34129,25623
2023-01-09 04:00:00+00:00,1.34126,1.34188,1.33852,1.3414,26882
2023-01-09 08:00:00+00:00,1.34133,1.34133,1.3375,1.33761,38692
2023-01-09 12:00:00+00:00,1.33762,1.34135,1.33578,1.33679,47129
2023-01-09 16:00:00+00:00,1.33659,1.33866,1.33594,1.33659,41980
2023-01-09 20:00:00+00:00,1.3364,1.3394,1.3364,1.3392,17870
2023-01-10 00:00:00+00:00,1.3393,1.34076,1.33758,1.33889,30273
2023-01-10 04:00:00+00:00,1.3389,1.34038,1.3376,1.33977,26336
2023-01-10 08:00:00+00:00,1.3395,1.33988,1.33757,1.33961,35560
2023-01-10 12:00:00+00:00,1.34,1.34439,1.33837,1.34338,54689
2023-01-10 16:00:00+00:00,1.34361,1.34389,1.3415,1.34172,39639
2023-01-10 20:00:00+00:00,1.34191,1.34336,1.33941,1.34336,14544
2023-01-11 00:00:00+00:00,1.3432,1.34401,1.34213,1.34327,25778
2023-01-11 04:00:00+00:00,1.34312,1.34348,1.34118,1.34273,24402
2023-01-11 08:00:00+00:00,1.34282,1.34342,1.3411,1.34252,30397
2023-01-11 12:00:00+00:00,1.34292,1.34424,1.34058,1.34302,44868
2023-01-11 16:00:00+00:00,1.3429,1.34356,1.3415,1.3418,35984
2023-01-11 20:00:00+00:00,1.34203,1.3434,1.34117,1.34293,14703
2023-01-12 00:00:00+00:00,1.3432,1.34347,1.3419,1.3426,24162
2023-01-12 04:00:00+00:00,1.3425,1.34434,1.3421,1.34344,21334
2023-01-12 08:00:00+00:00,1.34347,1.34476,1.3418,1.3423,29268
2023-01-12 12:00:00+00:00,1.34236,1.34358,1.33537,1.34029,62469
2023-01-12 16:00:00+00:00,1.34056,1.34082,1.33458,1.33556,50419
2023-01-12 20:00:00+00:00,1.3358,1.33767,1.33429,1.3376,17288
2023-01-13 00:00:00+00:00,1.33776,1.33934,1.33663,1.33831,27636
2023-01-13 04:00:00+00:00,1.33836,1.33953,1.33554,1.33554,21987
2023-01-13 08:00:00+00:00,1.33583,1.33886,1.33231,1.33796,36397
2023-01-13 12:00:00+00:00,1.33759,1.34381,1.33715,1.33961,49831
2023-01-13 16:00:00+00:00,1.33996,1.34236,1.33881,1.33881,37605
2023-01-13 20:00:00+00:00,1.33893,1.3399,1.33336,1.3398,9630
2023-01-15 16:00:00+00:00,1.33692,1.3377,1.33692,1.33702,5
2023-01-15 20:00:00+00:00,1.3377,1.33981,1.3377,1.33981,3718
2023-01-16 12:00:00+00:00,1.33908,1.33979,1.3386,1.33956,7134
2023-01-16 16:00:00+00:00,1.33955,1.34042,1.3387,1.34035,14680
2023-01-16 20:00:00+00:00,1.34027,1.34159,1.3397,1.33979,10544
2023-01-17 04:00:00+00:00,1.34004,1.34252,1.3394,1.34093,18213
2023-01-17 08:00:00+00:00,1.34052,1.3436,1.33978,1.34098,33186
2023-01-17 12:00:00+00:00,1.34084,1.34212,1.33724,1.33761,51857
2023-01-17 16:00:00+00:00,1.33754,1.34039,1.33715,1.33848,36872
2023-01-17 20:00:00+00:00,1.3384,1.3392,1.3374,1.339,16108
2023-01-18 08:00:00+00:00,1.33563,1.33718,1.3356,1.33709,8140
2023-01-18 12:00:00+00:00,1.33715,1.34114,1.33629,1.3403,55694
2023-01-18 16:00:00+00:00,1.34021,1.34916,1.33977,1.34892,37369
2023-01-18 20:00:00+00:00,1.34893,1.34996,1.34781,1.34958,15016
2023-01-19 12:00:00+00:00,1.35104,1.35108,1.34559,1.3487,40595
2023-01-19 16:00:00+00:00,1.34874,1.3496,1.34481,1.34559,41481
2023-01-19 20:00:00+00:00,1.3454,1.3472,1.34297,1.34638,14329
2023-01-20 08:00:00+00:00,1.34678,1.34753,1.3461,1.34718,12935
2023-01-20 12:00:00+00:00,1.3475,1.34954,1.34144,1.34231,43302
2023-01-20 16:00:00+00:00,1.3424,1.34243,1.3381,1.33853,34534
2023-01-20 20:00:00+00:00,1.33854,1.339,1.3263,1.339,10756
2023-01-22 16:00:00+00:00,1.33722,1.3377,1.33587,1.33753,25
2023-01-22 20:00:00+00:00,1.33743,1.3383,1.33683,1.33705,2555
2023-01-23 08:00:00+00:00,1.33522,1.33808,1.33522,1.33731,13781
2023-01-23 12:00:00+00:00,1.33728,1.34157,1.33504,1.33784,44687
2023-01-23 16:00:00+00:00,1.33783,1.33933,1.3369,1.33876,35636
2023-01-23 20:00:00+00:00,1.33842,1.33842,1.336,1.33702,16917
2023-01-24 16:00:00+00:00,1.33672,1.33693,1.33543,1.3362,22114
2023-01-24 20:00:00+00:00,1.33616,1.33789,1.33484,1.3371,16459
2023-01-25 12:00:00+00:00,1.33664,1.34268,1.3341,1.34112,38053
2023-01-25 16:00:00+00:00,1.34076,1.34273,1.3381,1.33835,37860
2023-01-25 20:00:00+00:00,1.33815,1.33959,1.3376,1.33798,16669
2023-01-26 12:00:00+00:00,1.33288,1.33716,1.3325,1.33668,20311
2023-01-26 16:00:00+00:00,1.3367,1.3367,1.33312,1.33345,35279
2023-01-26 20:00:00+00:00,1.33352,1.33352,1.33148,1.33161,13204
2023-01-27 12:00:00+00:00,1.33188,1.33413,1.33029,1.33308,39797
2023-01-27 16:00:00+00:00,1.33305,1.33305,1.3299,1.33044,33334
2023-01-27 20:00:00+00:00,1.33035,1.3335,1.3298,1.3335,8710
2023-01-28 00:00:00+00:00,1.3337,1.3337,1.3337,1.3337,1
2023-01-28 08:00:00+00:00,1.3336,1.3336,1.3336,1.3336,1
2023-01-29 20:00:00+00:00,1.33058,1.33122,1.33014,1.33054,1752
2023-01-30 04:00:00+00:00,1.3339,1.33424,1.3336,1.33416,4004
2023-01-30 08:00:00+00:00,1.33386,1.33521,1.3316,1.33291,32534
2023-01-30 12:00:00+00:00,1.33295,1.33577,1.33209,1.33424,41433
2023-01-30 16:00:00+00:00,1.33401,1.33878,1.33379,1.33823,38296
2023-01-30 20:00:00+00:00,1.33825,1.3393,1.33159,1.3384,14888
2023-01-31 12:00:00+00:00,1.34151,1.34162,1.3336,1.33454,27118
2023-01-31 16:00:00+00:00,1.33444,1.33495,1.3299,1.3306,34266
2023-01-31 20:00:00+00:00,1.33055,1.331,1.3297,1.3306,15929
2023-02-01 08:00:00+00:00,1.33078,1.33086,1.33037,1.33045,1888
2023-02-01 12:00:00+00:00,1.33048,1.33289,1.32949,1.33224,42932
2023-02-01 16:00:00+00:00,1.332,1.33754,1.32964,1.33014,47919
2023-02-01 20:00:00+00:00,1.33025,1.33025,1.32628,1.3273,27220
2023-02-02 12:00:00+00:00,1.3328,1.33364,1.33002,1.33036,10697
2023-02-02 16:00:00+00:00,1.33029,1.33285,1.32978,1.33247,45382
2023-02-02 20:00:00+00:00,1.3326,1.33286,1.3309,1.3316,22752
2023-02-03 00:00:00+00:00,1.33193,1.33384,1.3317,1.33285,20778
2023-02-03 04:00:00+00:00,1.33285,1.33432,1.3319,1.3339,21402
2023-02-03 08:00:00+00:00,1.33405,1.33738,1.33405,1.33501,30516
2023-02-03 12:00:00+00:00,1.33486,1.34229,1.33483,1.33682,57669
2023-02-03 16:00:00+00:00,1.33679,1.34063,1.33631,1.33901,49864
2023-02-03 20:00:00+00:00,1.33973,1.34089,1.3354,1.3407,12800
2023-02-04 00:00:00+00:00,1.3409,1.3409,1.3409,1.3409,1
2023-02-04 08:00:00+00:00,1.3408,1.3408,1.3408,1.3408,1
2023-02-05 16:00:00+00:00,1.33732,1.34125,1.33724,1.34076,63
2023-02-05 20:00:00+00:00,1.3408,1.3421,1.33911,1.34021,3377
2023-02-06 00:00:00+00:00,1.34052,1.34099,1.33983,1.34058,18810
2023-02-06 04:00:00+00:00,1.34064,1.34141,1.3394,1.34113,21069
2023-02-06 08:00:00+00:00,1.34135,1.34468,1.34038,1.34328,33040
2023-02-06 12:00:00+00:00,1.34301,1.34738,1.34126,1.34545,45420
2023-02-06 16:00:00+00:00,1.34557,1.34557,1.3424,1.34435,40001
2023-02-06 20:00:00+00:00,1.34432,1.3456,1.34394,1.34419,14207
2023-02-07 00:00:00+00:00,1.34416,1.34422,1.34018,1.34192,22869
2023-02-07 04:00:00+00:00,1.34215,1.34304,1.3411,1.34282,22581
2023-02-07 08:00:00+00:00,1.34268,1.34419,1.3405,1.34265,35475
2023-02-07 12:00:00+00:00,1.34261,1.34681,1.34178,1.34507,44475
2023-02-07 16:00:00+00:00,1.34472,1.34565,1.33837,1.34118,60207
2023-02-07 20:00:00+00:00,1.34085,1.34207,1.33846,1.33899,16567
2023-02-08 00:00:00+00:00,1.33915,1.34062,1.3388,1.3391,22292
2023-02-08 04:00:00+00:00,1.33932,1.33976,1.33726,1.33726,21372
2023-02-08 08:00:00+00:00,1.33729,1.33838,1.33604,1.33768,31141
2023-02-08 12:00:00+00:00,1.33761,1.34422,1.3372,1.34269,43531
2023-02-08 16:00:00+00:00,1.34299,1.34437,1.3421,1.34381,39911
2023-02-08 20:00:00+00:00,1.3438,1.345,1.34334,1.3445,14812
2023-02-09 00:00:00+00:00,1.34452,1.34574,1.3435,1.3437,16834
2023-02-09 04:00:00+00:00,1.3436,1.34373,1.34153,1.34167,20233
2023-02-09 08:00:00+00:00,1.34154,1.34154,1.33971,1.34069,27073
2023-02-09 12:00:00+00:00,1.34069,1.34159,1.33737,1.3412,39584
2023-02-09 16:00:00+00:00,1.34165,1.34571,1.34165,1.34513,40320
2023-02-09 20:00:00+00:00,1.34513,1.34623,1.34322,1.34488,14992
2023-02-10 00:00:00+00:00,1.34498,1.34701,1.3447,1.34696,21673
2023-02-10 04:00:00+00:00,1.3467,1.34707,1.34405,1.34448,25441
2023-02-10 08:00:00+00:00,1.34384,1.34533,1.34137,1.34492,38401
2023-02-10 12:00:00+00:00,1.34491,1.3453,1.33463,1.33531,48895
2023-02-10 16:00:00+00:00,1.33528,1.33742,1.33444,1.33444,37949
2023-02-10 20:00:00+00:00,1.33448,1.3385,1.32977,1.3385,10651
2023-02-11 00:00:00+00:00,1.3387,1.3387,1.3387,1.3387,1
2023-02-11 04:00:00+00:00,1.3386,1.3386,1.3386,1.3386,1
2023-02-13 04:00:00+00:00,1.3374,1.33762,1.33578,1.33633,17253
2023-02-13 08:00:00+00:00,1.33622,1.3371,1.334,1.334,28576
2023-02-13 12:00:00+00:00,1.33403,1.33721,1.33247,1.33435,39527
2023-02-13 16:00:00+00:00,1.33438,1.33542,1.3325,1.33362,29289
2023-02-13 20:00:00+00:00,1.33387,1.33416,1.3328,1.33346,13704
2023-02-14 00:00:00+00:00,1.33358,1.33524,1.333,1.33332,19813
2023-02-14 04:00:00+00:00,1.33334,1.33456,1.3328,1.33442,20650
2023-02-14 08:00:00+00:00,1.33479,1.33492,1.33304,1.33443,27820
2023-02-14 12:00:00+00:00,1.33421,1.33895,1.32773,1.33552,60094
2023-02-14 16:00:00+00:00,1.33512,1.33735,1.3337,1.33388,45012
2023-02-14 20:00:00+00:00,1.33379,1.33481,1.33326,1.33405,14539
2023-02-15 00:00:00+00:00,1.3339,1.33644,1.3339,1.33644,22716
2023-02-15 04:00:00+00:00,1.33648,1.33835,1.3356,1.338,23518
2023-02-15 08:00:00+00:00,1.3381,1.34059,1.3381,1.34052,32313
2023-02-15 12:00:00+00:00,1.34052,1.34397,1.33903,1.34175,48845
2023-02-15 16:00:00+00:00,1.3418,1.34289,1.3387,1.33998,32389
2023-02-15 20:00:00+00:00,1.33979,1.3402,1.33814,1.33907,14436
2023-02-16 00:00:00+00:00,1.33904,1.34066,1.33713,1.33834,22816
2023-02-16 04:00:00+00:00,1.33817,1.33931,1.3372,1.33763,21206
2023-02-16 08:00:00+00:00,1.33775,1.3389,1.33584,1.33843,29744
2023-02-16 12:00:00+00:00,1.33841,1.34781,1.3381,1.34507,47222
2023-02-16 16:00:00+00:00,1.34504,1.34677,1.3422,1.34268,35918
2023-02-16 20:00:00+00:00,1.34278,1.3473,1.34278,1.3473,17435
2023-02-17 00:00:00+00:00,1.3472,1.34842,1.3463,1.34838,20230
2023-02-17 04:00:00+00:00,1.3481,1.35005,1.348,1.34995,21298
2023-02-17 08:00:00+00:00,1.35035,1.35357,1.34978,1.35352,32320
2023-02-17 12:00:00+00:00,1.35329,1.35354,1.34723,1.34921,44363
2023-02-17 16:00:00+00:00,1.34908,1.35023,1.34678,1.347,36241
2023-02-17 20:00:00+00:00,1.34676,1.3477,1.33739,1.3472,10280
2023-02-18 08:00:00+00:00,1.3473,1.3473,1.3473,1.3473,1
2023-02-19 16:00:00+00:00,1.34564,1.34765,1.34564,1.34745,35
2023-02-19 20:00:00+00:00,1.34709,1.34846,1.347,1.34823,2427
2023-02-20 00:00:00+00:00,1.34823,1.34934,1.3475,1.348,17739
2023-02-20 04:00:00+00:00,1.34796,1.34805,1.3462,1.34621,20088
2023-02-20 08:00:00+00:00,1.34642,1.34707,1.34497,1.34618,25662
2023-02-20 12:00:00+00:00,1.34646,1.34702,1.3441,1.3455,26134
2023-02-20 16:00:00+00:00,1.34552,1.34588,1.3446,1.34508,10957
2023-02-20 20:00:00+00:00,1.34504,1.3458,1.3441,1.34531,7817
2023-02-21 00:00:00+00:00,1.34548,1.34793,1.3454,1.3472,20838
2023-02-21 04:00:00+00:00,1.34739,1.34914,1.34677,1.3482,20430
2023-02-21 08:00:00+00:00,1.34854,1.34904,1.34433,1.34544,37827
2023-02-21 12:00:00+00:00,1.34543,1.35245,1.34455,1.34965,45713
2023-02-21 16:00:00+00:00,1.34946,1.35487,1.34924,1.35353,34450
2023-02-21 20:00:00+00:00,1.35346,1.3543,1.3528,1.3533,14119
2023-02-22 00:00:00+00:00,1.353,1.35445,1.35274,1.35393,22069
2023-02-22 04:00:00+00:00,1.35402,1.35457,1.35295,1.35398,18469
2023-02-22 08:00:00+00:00,1.35406,1.35588,1.35388,1.35512,29918
2023-02-22 12:00:00+00:00,1.35514,1.35573,1.35148,1.3543,38116
2023-02-22 16:00:00+00:00,1.35407,1.3567,1.3522,1.3567,39469
2023-02-22 20:00:00+00:00,1.35657,1.35668,1.35388,1.35454,15904
2023-02-23 00:00:00+00:00,1.35445,1.35445,1.35178,1.352,18397
2023-02-23 04:00:00+00:00,1.35238,1.35314,1.3519,1.3525,16511
2023-02-23 08:00:00+00:00,1.3524,1.35428,1.35224,1.35257,27173
2023-02-23 12:00:00+00:00,1.35277,1.35524,1.35177,1.35476,43908
2023-02-23 16:00:00+00:00,1.35467,1.35803,1.35358,1.35504,35187
2023-02-23 20:00:00+00:00,1.35469,1.35487,1.3534,1.35432,11497
2023-02-24 00:00:00+00:00,1.354,1.35462,1.35272,1.3536,25613
2023-02-24 04:00:00+00:00,1.35355,1.3557,1.35352,1.3557,18494
2023-02-24 08:00:00+00:00,1.35571,1.35936,1.35571,1.35848,28113
2023-02-24 12:00:00+00:00,1.35872,1.36627,1.35841,1.36444,52335
2023-02-24 16:00:00+00:00,1.36427,1.36427,1.3598,1.36073,39836
2023-02-24 20:00:00+00:00,1.36045,1.3633,1.35325,1.3633,10489
2023-02-25 00:00:00+00:00,1.3635,1.3635,1.3635,1.3635,1
2023-02-25 08:00:00+00:00,1.3634,1.3634,1.363,1.363,2
2023-02-26 16:00:00+00:00,1.35997,1.36185,1.35997,1.36162,34
2023-02-26 20:00:00+00:00,1.36162,1.36165,1.35937,1.35941,2812
2023-02-27 00:00:00+00:00,1.35954,1.36174,1.35907,1.36141,19538
2023-02-27 04:00:00+00:00,1.36169,1.3624,1.36004,1.36013,23879
2023-02-27 08:00:00+00:00,1.35956,1.36074,1.3588,1.35975,29192
2023-02-27 12:00:00+00:00,1.35974,1.36063,1.35355,1.35644,39598
2023-02-27 16:00:00+00:00,1.35643,1.3588,1.35616,1.35803,31903
2023-02-27 20:00:00+00:00,1.35792,1.35819,1.35617,1.3573,12657
2023-02-28 00:00:00+00:00,1.35745,1.35812,1.35676,1.35791,19906
2023-02-28 04:00:00+00:00,1.358,1.35963,1.3574,1.35963,20604
2023-02-28 08:00:00+00:00,1.35972,1.36033,1.3561,1.3566,28689
2023-02-28 12:00:00+00:00,1.35677,1.36179,1.35578,1.36119,41996
2023-02-28 16:00:00+00:00,1.36082,1.36284,1.3594,1.36284,33337
2023-02-28 20:00:00+00:00,1.36298,1.36474,1.3625,1.36452,15939
2023-03-01 00:00:00+00:00,1.36456,1.3658,1.3619,1.36236,26728
2023-03-01 04:00:00+00:00,1.36227,1.36256,1.36015,1.36054,24509
2023-03-01 08:00:00+00:00,1.36093,1.36164,1.35912,1.3595,36684
2023-03-01 12:00:00+00:00,1.35997,1.36517,1.3585,1.3598,48188
2023-03-01 16:00:00+00:00,1.36025,1.36249,1.3595,1.36094,36286
2023-03-01 20:00:00+00:00,1.3607,1.3607,1.35658,1.35898,12610
2023-03-02 00:00:00+00:00,1.35898,1.36243,1.3581,1.36101,26326
2023-03-02 04:00:00+00:00,1.36103,1.36246,1.36036,1.3623,23131
2023-03-02 08:00:00+00:00,1.36276,1.36312,1.35978,1.36105,33592
2023-03-02 12:00:00+00:00,1.36087,1.36386,1.3596,1.36046,45411
2023-03-02 16:00:00+00:00,1.36051,1.36314,1.35979,1.36028,35358
2023-03-02 20:00:00+00:00,1.3599,1.36058,1.35901,1.35972,12929
2023-03-03 00:00:00+00:00,1.35953,1.36004,1.35768,1.35852,23728
2023-03-03 04:00:00+00:00,1.35833,1.35901,1.35696,1.35778,21805
2023-03-03 08:00:00+00:00,1.35761,1.35761,1.35559,1.35733,29588
2023-03-03 12:00:00+00:00,1.35715,1.36423,1.35715,1.36254,42663
2023-03-03 16:00:00+00:00,1.36235,1.36279,1.35907,1.35907,28006
2023-03-03 20:00:00+00:00,1.35902,1.3616,1.3526,1.3616,8821
2023-03-05 16:00:00+00:00,1.35817,1.35908,1.35805,1.35818,24
2023-03-05 20:00:00+00:00,1.35858,1.36043,1.35818,1.3603,2109
2023-03-06 00:00:00+00:00,1.3603,1.36135,1.35837,1.3592,18406
2023-03-06 04:00:00+00:00,1.35928,1.36026,1.3584,1.35862,19071
2023-03-06 08:00:00+00:00,1.35898,1.36268,1.3583,1.3626,28725
2023-03-06 12:00:00+00:00,1.36253,1.36279,1.36016,1.36135,37135
2023-03-06 16:00:00+00:00,1.36142,1.3621,1.3594,1.3616,30126
2023-03-06 20:00:00+00:00,1.36178,1.36234,1.36053,1.36158,11211
2023-03-07 00:00:00+00:00,1.36138,1.36178,1.3598,1.36055,21801
2023-03-07 04:00:00+00:00,1.36069,1.36221,1.3603,1.36196,21705
2023-03-07 08:00:00+00:00,1.36169,1.36397,1.3613,1.36397,29332
2023-03-07 12:00:00+00:00,1.36395,1.37281,1.3635,1.37231,44771
2023-03-07 16:00:00+00:00,1.3723,1.37602,1.37133,1.37602,44405
2023-03-07 20:00:00+00:00,1.37576,1.3758,1.37308,1.3748,13934
2023-03-08 00:00:00+00:00,1.3747,1.3773,1.3746,1.37707,23759
2023-03-08 04:00:00+00:00,1.37685,1.37696,1.3753,1.37647,20075
2023-03-08 08:00:00+00:00,1.37626,1.37666,1.3749,1.37571,27260
2023-03-08 12:00:00+00:00,1.3757,1.37917,1.3744,1.37903,45520
2023-03-08 16:00:00+00:00,1.37893,1.38141,1.3771,1.37995,34653
2023-03-08 20:00:00+00:00,1.37975,1.3805,1.3789,1.3799,12469
2023-03-09 00:00:00+00:00,1.3798,1.38167,1.3798,1.3808,20439
2023-03-09 04:00:00+00:00,1.38108,1.38127,1.3793,1.3795,18694
2023-03-09 08:00:00+00:00,1.37963,1.38081,1.3784,1.37879,27788
2023-03-09 12:00:00+00:00,1.3786,1.3814,1.37529,1.37623,41342
2023-03-09 16:00:00+00:00,1.3761,1.3824,1.3761,1.3824,39156
2023-03-09 20:00:00+00:00,1.38226,1.38362,1.38193,1.383,19236
2023-03-10 00:00:00+00:00,1.38308,1.38467,1.38257,1.38453,27271
2023-03-10 04:00:00+00:00,1.38455,1.38474,1.38275,1.38352,24312
2023-03-10 08:00:00+00:00,1.38353,1.38605,1.38214,1.3828,34185
2023-03-10 12:00:00+00:00,1.38326,1.38379,1.37661,1.37757,65086
2023-03-10 16:00:00+00:00,1.37786,1.38459,1.37692,1.38304,57661
2023-03-10 20:00:00+00:00,1.38292,1.3858,1.37104,1.3856,15009
2023-03-11 00:00:00+00:00,1.3857,1.3857,1.3857,1.3857,1
2023-03-11 08:00:00+00:00,1.3852,1.3852,1.3852,1.3852,1
2023-03-12 16:00:00+00:00,1.3801,1.38189,1.37993,1.3803,68
2023-03-12 20:00:00+00:00,1.38026,1.38133,1.37621,1.37655,12420
2023-03-13 00:00:00+00:00,1.37697,1.37853,1.37102,1.37189,38118
2023-03-13 04:00:00+00:00,1.3717,1.37511,1.3714,1.37289,31892
2023-03-13 08:00:00+00:00,1.37297,1.37995,1.37175,1.37869,64432
2023-03-13 12:00:00+00:00,1.37823,1.37972,1.36806,1.36867,76736
2023-03-13 16:00:00+00:00,1.36911,1.37373,1.36774,1.37295,55012
2023-03-13 20:00:00+00:00,1.37289,1.37438,1.37003,1.374,16148
2023-03-14 00:00:00+00:00,1.37402,1.37476,1.37254,1.37294,33615
2023-03-14 04:00:00+00:00,1.3728,1.37361,1.37053,1.37148,33179
2023-03-14 08:00:00+00:00,1.37124,1.37495,1.36891,1.36943,46175
2023-03-14 12:00:00+00:00,1.36941,1.37092,1.3651,1.36758,59000
2023-03-14 16:00:00+00:00,1.36736,1.36944,1.36681,1.36713,46294
2023-03-14 20:00:00+00:00,1.367,1.36892,1.367,1.36891,12127
2023-03-15 00:00:00+00:00,1.36895,1.36951,1.36602,1.36741,23813
2023-03-15 04:00:00+00:00,1.3674,1.36968,1.3671,1.36875,25592
2023-03-15 08:00:00+00:00,1.36894,1.37676,1.3685,1.37629,51407
2023-03-15 12:00:00+00:00,1.3765,1.38138,1.37425,1.37988,64579
2023-03-15 16:00:00+00:00,1.37994,1.38132,1.37411,1.37598,55590
2023-03-15 20:00:00+00:00,1.37603,1.37682,1.37502,1.37661,16256
2023-03-16 00:00:00+00:00,1.37651,1.37651,1.37401,1.375,40211
2023-03-16 04:00:00+00:00,1.37501,1.3765,1.37332,1.37358,32040
2023-03-16 08:00:00+00:00,1.37305,1.37676,1.3723,1.37321,40864
2023-03-16 12:00:00+00:00,1.3728,1.37862,1.3728,1.37603,65147
2023-03-16 16:00:00+00:00,1.37618,1.37678,1.37182,1.37196,43453
2023-03-16 20:00:00+00:00,1.37206,1.3731,1.37117,1.37198,12683
2023-03-17 00:00:00+00:00,1.37205,1.37366,1.3684,1.36924,25099
2023-03-17 04:00:00+00:00,1.3692,1.37096,1.36788,1.36845,23385
2023-03-17 08:00:00+00:00,1.3682,1.37276,1.36818,1.37094,33760
2023-03-17 12:00:00+00:00,1.37086,1.37725,1.37075,1.37526,48738
2023-03-17 16:00:00+00:00,1.37526,1.37538,1.37157,1.37332,39061
2023-03-17 20:00:00+00:00,1.37334,1.3769,1.37159,1.3767,3755
2023-03-18 00:00:00+00:00,1.3769,1.3769,1.3769,1.3769,1
2023-03-18 04:00:00+00:00,1.3768,1.3768,1.3768,1.3768,1
2023-03-19 16:00:00+00:00,1.37034,1.37324,1.3687,1.37037,54
2023-03-19 20:00:00+00:00,1.37076,1.3723,1.36939,1.37115,5226
2023-03-20 00:00:00+00:00,1.37096,1.3724,1.36842,1.37187,25046
2023-03-20 04:00:00+00:00,1.37181,1.37444,1.37137,1.37246,32218
2023-03-20 08:00:00+00:00,1.37187,1.3739,1.3698,1.37059,43895
2023-03-20 12:00:00+00:00,1.37069,1.37105,1.36524,1.3686,44159
2023-03-20 16:00:00+00:00,1.36853,1.36909,1.3653,1.36606,28530
2023-03-20 20:00:00+00:00,1.36596,1.36738,1.36504,1.36723,9857
2023-03-21 00:00:00+00:00,1.36717,1.36833,1.3664,1.36809,22262
2023-03-21 04:00:00+00:00,1.368,1.36983,1.36751,1.36823,20254
2023-03-21 08:00:00+00:00,1.36814,1.36818,1.36541,1.36586,28535
2023-03-21 12:00:00+00:00,1.3659,1.37363,1.36464,1.37315,37079
2023-03-21 16:00:00+00:00,1.37303,1.3736,1.371,1.37152,21784
2023-03-21 20:00:00+00:00,1.37156,1.372,1.36755,1.37092,9395
2023-03-22 00:00:00+00:00,1.37089,1.37172,1.3698,1.3701,19091
2023-03-22 04:00:00+00:00,1.37023,1.3711,1.3695,1.37077,17410
2023-03-22 08:00:00+00:00,1.37077,1.37183,1.3695,1.37042,23134
2023-03-22 12:00:00+00:00,1.37034,1.37235,1.3694,1.3722,30135
2023-03-22 16:00:00+00:00,1.37207,1.37422,1.36568,1.3721,49000
2023-03-22 20:00:00+00:00,1.37214,1.3736,1.3714,1.372,14852
2023-03-23 00:00:00+00:00,1.37186,1.37208,1.36667,1.36775,26005
2023-03-23 04:00:00+00:00,1.36775,1.36811,1.36612,1.36699,23782
2023-03-23 08:00:00+00:00,1.36672,1.36847,1.3664,1.36664,28072
2023-03-23 12:00:00+00:00,1.36688,1.36819,1.3631,1.36575,37327
2023-03-23 16:00:00+00:00,1.36592,1.37322,1.3652,1.37188,39396
2023-03-23 20:00:00+00:00,1.37163,1.3726,1.37011,1.3717,14099
2023-03-24 00:00:00+00:00,1.3717,1.37361,1.3713,1.37219,22879
2023-03-24 04:00:00+00:00,1.37228,1.37255,1.37098,1.37214,18940
2023-03-24 08:00:00+00:00,1.37244,1.37908,1.37227,1.37874,39994
2023-03-24 12:00:00+00:00,1.37876,1.3804,1.37546,1.37627,49449
2023-03-24 16:00:00+00:00,1.37589,1.37618,1.373,1.3734,30517
2023-03-24 20:00:00+00:00,1.37338,1.38,1.36439,1.38,2977
2023-03-25 00:00:00+00:00,1.3801,1.3801,1.3801,1.3801,1
2023-03-26 16:00:00+00:00,1.37255,1.3732,1.37216,1.3731,29
2023-03-26 20:00:00+00:00,1.3732,1.37364,1.3724,1.37274,5423
2023-03-27 00:00:00+00:00,1.37284,1.3742,1.3722,1.3722,20467
2023-03-27 04:00:00+00:00,1.37244,1.37423,1.37183,1.37336,24943
2023-03-27 08:00:00+00:00,1.37324,1.37343,1.3701,1.37097,24097
2023-03-27 12:00:00+00:00,1.37084,1.3716,1.36861,1.36861,35454
2023-03-27 16:00:00+00:00,1.3685,1.36858,1.3649,1.36569,22847
2023-03-27 20:00:00+00:00,1.3657,1.36639,1.3651,1.3654,11279
2023-03-28 00:00:00+00:00,1.36568,1.36568,1.3634,1.3634,19741
2023-03-28 04:00:00+00:00,1.36353,1.36435,1.363,1.36431,20615
2023-03-28 08:00:00+00:00,1.36419,1.36943,1.36418,1.3663,24837
2023-03-28 12:00:00+00:00,1.36641,1.36665,1.3611,1.36157,34111
2023-03-28 16:00:00+00:00,1.36142,1.36187,1.3591,1.35984,21658
2023-03-28 20:00:00+00:00,1.35975,1.3602,1.35849,1.35928,8577
2023-03-29 00:00:00+00:00,1.35904,1.3605,1.3587,1.36026,17720
2023-03-29 04:00:00+00:00,1.36025,1.36154,1.3596,1.36102,19796
2023-03-29 08:00:00+00:00,1.36113,1.36143,1.3572,1.35812,23768
2023-03-29 12:00:00+00:00,1.35809,1.36041,1.35603,1.35756,33545
2023-03-29 16:00:00+00:00,1.3574,1.35787,1.35604,1.35658,21402
2023-03-29 20:00:00+00:00,1.35653,1.35671,1.3555,1.35663,7843
2023-03-30 00:00:00+00:00,1.35654,1.35804,1.3563,1.35745,17898
2023-03-30 04:00:00+00:00,1.3572,1.35746,1.35374,1.35374,20233
2023-03-30 08:00:00+00:00,1.354,1.35561,1.3528,1.3537,20892
2023-03-30 12:00:00+00:00,1.3532,1.35499,1.35253,1.35362,32984
2023-03-30 16:00:00+00:00,1.35357,1.35406,1.35162,1.35241,21453
2023-03-30 20:00:00+00:00,1.35221,1.3526,1.3517,1.35219,7912
2023-03-31 00:00:00+00:00,1.352,1.35249,1.35078,1.35199,18727
2023-03-31 04:00:00+00:00,1.352,1.35628,1.3518,1.35529,22638
2023-03-31 08:00:00+00:00,1.35588,1.35632,1.3534,1.35484,24263
2023-03-31 12:00:00+00:00,1.35477,1.35547,1.35216,1.35253,34248
2023-03-31 16:00:00+00:00,1.35256,1.35409,1.35134,1.35155,21154
2023-03-31 20:00:00+00:00,1.35179,1.3536,1.35064,1.3524,3970
2023-04-02 16:00:00+00:00,1.35058,1.35058,1.34918,1.34959,64
2023-04-02 20:00:00+00:00,1.34937,1.35125,1.34856,1.3502,5802
2023-04-03 00:00:00+00:00,1.3507,1.3522,1.35007,1.3518,21227
2023-04-03 04:00:00+00:00,1.3518,1.3534,1.34971,1.34971,21587
2023-04-03 08:00:00+00:00,1.34946,1.34997,1.34472,1.34472,24075
2023-04-03 12:00:00+00:00,1.34516,1.34732,1.34267,1.34347,37061
2023-04-03 16:00:00+00:00,1.34337,1.34376,1.34115,1.34207,22240
2023-04-03 20:00:00+00:00,1.34203,1.34378,1.34155,1.34369,9257
2023-04-04 00:00:00+00:00,1.34328,1.3443,1.3427,1.34364,17918
2023-04-04 04:00:00+00:00,1.34359,1.34406,1.3419,1.34245,24572
2023-04-04 08:00:00+00:00,1.34241,1.34392,1.3411,1.34342,25203
2023-04-04 12:00:00+00:00,1.3434,1.3457,1.34101,1.34536,39322
2023-04-04 16:00:00+00:00,1.34544,1.34656,1.3445,1.34483,24094
2023-04-04 20:00:00+00:00,1.34483,1.34493,1.34246,1.34382,7795
2023-04-05 00:00:00+00:00,1.3438,1.34445,1.3424,1.34435,17514
2023-04-05 04:00:00+00:00,1.34446,1.34659,1.3444,1.34622,19612
2023-04-05 08:00:00+00:00,1.34614,1.3482,1.346,1.346,25712
2023-04-05 12:00:00+00:00,1.3461,1.34745,1.34308,1.34527,38583
2023-04-05 16:00:00+00:00,1.34539,1.34799,1.34527,1.34629,19787
2023-04-05 20:00:00+00:00,1.34611,1.3466,1.34196,1.3452,7872
2023-04-06 00:00:00+00:00,1.345,1.34864,1.345,1.34849,17989
2023-04-06 04:00:00+00:00,1.34851,1.34885,1.3458,1.34664,19370
2023-04-06 08:00:00+00:00,1.34667,1.34857,1.34616,1.34628,20378
2023-04-06 12:00:00+00:00,1.346,1.35043,1.34536,1.34734,33918
2023-04-06 16:00:00+00:00,1.34729,1.34872,1.3462,1.34846,17324
2023-04-06 20:00:00+00:00,1.3483,1.3498,1.34652,1.3495,6284
2023-04-07 00:00:00+00:00,1.34941,1.34942,1.3483,1.34883,8995
2023-04-07 04:00:00+00:00,1.3487,1.3496,1.3483,1.34912,8499
2023-04-07 08:00:00+00:00,1.34922,1.35149,1.3491,1.35089,9921
2023-04-07 12:00:00+00:00,1.3509,1.35264,1.3497,1.3513,18186
2023-04-07 16:00:00+00:00,1.35146,1.35186,1.34778,1.35154,8749
2023-04-07 20:00:00+00:00,1.3515,1.3556,1.34544,1.3556,2618
2023-04-08 04:00:00+00:00,1.3555,1.3555,1.3555,1.3555,1
2023-04-09 16:00:00+00:00,1.34914,1.351,1.34914,1.35035,7
2023-04-09 20:00:00+00:00,1.35135,1.35158,1.34979,1.3504,3088
2023-04-10 00:00:00+00:00,1.35018,1.35159,1.35015,1.35101,14791
2023-04-10 04:00:00+00:00,1.35121,1.35182,1.34894,1.34974,14574
2023-04-10 08:00:00+00:00,1.34982,1.35026,1.34849,1.34968,15085
2023-04-10 12:00:00+00:00,1.3497,1.35518,1.3497,1.35337,24949
2023-04-10 16:00:00+00:00,1.3534,1.354,1.35055,1.35055,13207
2023-04-10 20:00:00+00:00,1.3506,1.3514,1.34893,1.35034,7074
2023-04-11 00:00:00+00:00,1.3503,1.35113,1.3488,1.34953,19128
2023-04-11 04:00:00+00:00,1.34949,1.34988,1.34815,1.34958,19175
2023-04-11 08:00:00+00:00,1.34963,1.35141,1.34891,1.35088,23489
2023-04-11 12:00:00+00:00,1.35083,1.35142,1.347,1.34806,28602
2023-04-11 16:00:00+00:00,1.34806,1.34872,1.346,1.34683,16580
2023-04-11 20:00:00+00:00,1.34685,1.347,1.3459,1.34633,7291
2023-04-12 00:00:00+00:00,1.34635,1.34696,1.3456,1.34608,15309
2023-04-12 04:00:00+00:00,1.34608,1.34675,1.3448,1.3464,16930
2023-04-12 08:00:00+00:00,1.3466,1.34795,1.3451,1.3477,18683
2023-04-12 12:00:00+00:00,1.3478,1.34879,1.3434,1.34509,45423
2023-04-12 16:00:00+00:00,1.34493,1.34499,1.34255,1.34422,28517
2023-04-12 20:00:00+00:00,1.34424,1.3444,1.34302,1.344,8016
2023-04-13 00:00:00+00:00,1.34412,1.34473,1.3426,1.34361,18710
2023-04-13 04:00:00+00:00,1.34358,1.34383,1.3405,1.34068,18215
2023-04-13 08:00:00+00:00,1.34029,1.34077,1.3387,1.34011,21932
2023-04-13 12:00:00+00:00,1.34029,1.34051,1.3342,1.33448,35419
2023-04-13 16:00:00+00:00,1.3344,1.33528,1.3333,1.33361,20222
2023-04-13 20:00:00+00:00,1.33347,1.3342,1.33303,1.334,7761
2023-04-14 00:00:00+00:00,1.33412,1.33431,1.3317,1.3323,18187
2023-04-14 04:00:00+00:00,1.33231,1.33327,1.3316,1.33223,18635
2023-04-14 08:00:00+00:00,1.3322,1.33339,1.3313,1.3324,21960
2023-04-14 12:00:00+00:00,1.33218,1.33805,1.33063,1.33788,45797
2023-04-14 16:00:00+00:00,1.33777,1.33949,1.3359,1.33645,26945
2023-04-14 20:00:00+00:00,1.3363,1.3515,1.2994,1.3515,2887
2023-04-15 12:00:00+00:00,1.3514,1.3514,1.3514,1.3514,1
2023-04-16 16:00:00+00:00,1.33522,1.33563,1.33522,1.33563,6
2023-04-16 20:00:00+00:00,1.336,1.3368,1.33515,1.33658,2204
2023-04-17 00:00:00+00:00,1.33654,1.3375,1.3358,1.33614,18298
2023-04-17 04:00:00+00:00,1.33611,1.33611,1.3343,1.33552,20431
2023-04-17 08:00:00+00:00,1.33541,1.3371,1.33534,1.33707,21181
2023-04-17 12:00:00+00:00,1.33697,1.34188,1.3357,1.34049,36945
2023-04-17 16:00:00+00:00,1.34057,1.34103,1.33903,1.33903,19591
2023-04-17 20:00:00+00:00,1.33927,1.3397,1.33711,1.3392,6077
2023-04-18 00:00:00+00:00,1.33915,1.33958,1.33799,1.3385,18185
2023-04-18 04:00:00+00:00,1.33867,1.33891,1.3368,1.33741,19393
2023-04-18 08:00:00+00:00,1.33744,1.33843,1.3359,1.33795,23044
2023-04-18 12:00:00+00:00,1.33797,1.33962,1.3364,1.33932,36236
2023-04-18 16:00:00+00:00,1.33943,1.33991,1.3383,1.3394,22608
2023-04-18 20:00:00+00:00,1.33957,1.33957,1.33818,1.33909,7308
2023-04-19 00:00:00+00:00,1.3388,1.34039,1.3383,1.33942,15181
2023-04-19 04:00:00+00:00,1.33945,1.34166,1.3392,1.34049,22456
2023-04-19 08:00:00+00:00,1.34073,1.34523,1.34073,1.34437,29467
2023-04-19 12:00:00+00:00,1.34458,1.34549,1.34236,1.34538,31422
2023-04-19 16:00:00+00:00,1.34505,1.34664,1.3442,1.34549,19239
2023-04-19 20:00:00+00:00,1.34565,1.34698,1.34476,1.34682,9818
2023-04-20 00:00:00+00:00,1.34669,1.34725,1.3457,1.34697,17642
2023-04-20 04:00:00+00:00,1.3469,1.3474,1.34511,1.34709,21884
2023-04-20 08:00:00+00:00,1.34734,1.34814,1.3462,1.34814,25096
2023-04-20 12:00:00+00:00,1.34808,1.34883,1.34504,1.34609,41304
2023-04-20 16:00:00+00:00,1.34602,1.34826,1.3459,1.34779,26199
2023-04-20 20:00:00+00:00,1.34768,1.34819,1.34656,1.34808,7930
2023-04-21 00:00:00+00:00,1.34806,1.34991,1.34751,1.3495,17294
2023-04-21 04:00:00+00:00,1.34975,1.35322,1.3494,1.35296,25321
2023-04-21 08:00:00+00:00,1.35296,1.35344,1.35148,1.35322,29132
2023-04-21 12:00:00+00:00,1.35331,1.35628,1.3524,1.35349,43151
2023-04-21 16:00:00+00:00,1.35353,1.3549,1.3534,1.35378,25427
2023-04-21 20:00:00+00:00,1.35371,1.3675,1.35083,1.3675,3037
2023-04-23 16:00:00+00:00,1.3512,1.35289,1.3512,1.35222,14
2023-04-23 20:00:00+00:00,1.35182,1.35437,1.35177,1.354,2466
2023-04-24 00:00:00+00:00,1.35429,1.3556,1.3536,1.3552,18264
2023-04-24 04:00:00+00:00,1.3553,1.35662,1.3537,1.35433,21366
2023-04-24 08:00:00+00:00,1.35412,1.355,1.35228,1.35442,23405
2023-04-24 12:00:00+00:00,1.35438,1.35556,1.35259,1.35442,35292
2023-04-24 16:00:00+00:00,1.3539,1.3548,1.3534,1.3537,21083
2023-04-24 20:00:00+00:00,1.3538,1.3543,1.35305,1.3531,6907
2023-04-25 00:00:00+00:00,1.3531,1.35468,1.3522,1.35431,18270
2023-04-25 04:00:00+00:00,1.35419,1.35826,1.35419,1.35802,25251
2023-04-25 08:00:00+00:00,1.35799,1.36011,1.3565,1.35948,27556
2023-04-25 12:00:00+00:00,1.35949,1.36284,1.3581,1.36282,37326
2023-04-25 16:00:00+00:00,1.3627,1.3647,1.3626,1.36352,28400
2023-04-25 20:00:00+00:00,1.36347,1.36347,1.3615,1.36184,10468
2023-04-26 00:00:00+00:00,1.36166,1.3641,1.36166,1.36389,23081
2023-04-26 04:00:00+00:00,1.3636,1.36397,1.36165,1.36268,27272
2023-04-26 08:00:00+00:00,1.36236,1.3637,1.3609,1.3615,36403
2023-04-26 12:00:00+00:00,1.36144,1.36344,1.35994,1.36023,48521
2023-04-26 16:00:00+00:00,1.3601,1.36505,1.3599,1.36426,31767
2023-04-26 20:00:00+00:00,1.36427,1.36453,1.36232,1.36307,9636
2023-04-27 00:00:00+00:00,1.36313,1.36439,1.36313,1.36362,21303
2023-04-27 04:00:00+00:00,1.36359,1.36369,1.3614,1.36335,27637
2023-04-27 08:00:00+00:00,1.36349,1.3638,1.3614,1.36195,30610
2023-04-27 12:00:00+00:00,1.36195,1.3638,1.35928,1.36116,48535
2023-04-27 16:00:00+00:00,1.36092,1.36238,1.3592,1.35939,25531
2023-04-27 20:00:00+00:00,1.35941,1.36061,1.35854,1.35997,11309
2023-04-28 00:00:00+00:00,1.35979,1.36068,1.3592,1.36023,21987
2023-04-28 04:00:00+00:00,1.36009,1.36505,1.3598,1.36441,32656
2023-04-28 08:00:00+00:00,1.36477,1.36667,1.3642,1.36495,32647
2023-04-28 12:00:00+00:00,1.36492,1.36526,1.35534,1.35534,49936
2023-04-28 16:00:00+00:00,1.35524,1.35637,1.3536,1.35461,28452
2023-04-28 20:00:00+00:00,1.3545,1.3651,1.35343,1.3651,3407
2023-04-29 08:00:00+00:00,1.365,1.365,1.365,1.365,1
2023-04-30 16:00:00+00:00,1.35192,1.35396,1.35192,1.35361,14
2023-04-30 20:00:00+00:00,1.35347,1.35606,1.35263,1.35606,3873
2023-05-01 00:00:00+00:00,1.35604,1.3563,1.3549,1.35492,17485
2023-05-01 04:00:00+00:00,1.3548,1.35571,1.3546,1.35497,18378
2023-05-01 08:00:00+00:00,1.35538,1.35814,1.355,1.35809,20843
2023-05-01 12:00:00+00:00,1.3581,1.35821,1.35313,1.3543,42670
2023-05-01 16:00:00+00:00,1.35439,1.35504,1.3531,1.35463,28114
2023-05-01 20:00:00+00:00,1.35475,1.35524,1.35131,1.35521,9842
2023-05-02 00:00:00+00:00,1.35515,1.35552,1.35378,1.35447,18988
2023-05-02 04:00:00+00:00,1.35437,1.35511,1.35279,1.35511,29758
2023-05-02 08:00:00+00:00,1.35541,1.358,1.35541,1.35704,15024
2023-05-02 12:00:00+00:00,1.35748,1.36368,1.35724,1.36283,48564
2023-05-02 16:00:00+00:00,1.36304,1.36332,1.3615,1.36226,32064
2023-05-02 20:00:00+00:00,1.36208,1.3628,1.36098,1.36201,9218
2023-05-03 00:00:00+00:00,1.36203,1.36302,1.36112,1.36114,19680
2023-05-03 04:00:00+00:00,1.36101,1.36209,1.3602,1.36209,22575
2023-05-03 08:00:00+00:00,1.36186,1.36307,1.36125,1.3621,31327
2023-05-03 12:00:00+00:00,1.36238,1.36385,1.36077,1.36122,43483
2023-05-03 16:00:00+00:00,1.36146,1.36249,1.35833,1.36243,48581
2023-05-03 20:00:00+00:00,1.36232,1.36319,1.35821,1.3631,16391
2023-05-04 00:00:00+00:00,1.36301,1.36302,1.3589,1.3589,27205
2023-05-04 04:00:00+00:00,1.35914,1.36126,1.358,1.36012,29797
2023-05-04 08:00:00+00:00,1.36028,1.36221,1.36,1.36089,33418
2023-05-04 12:00:00+00:00,1.36106,1.36146,1.35705,1.35722,59892
2023-05-04 16:00:00+00:00,1.35712,1.35712,1.35199,1.3538,39810
2023-05-04 20:00:00+00:00,1.35363,1.35412,1.3518,1.35237,11649
2023-05-05 00:00:00+00:00,1.3524,1.35289,1.3504,1.35057,23781
2023-05-05 04:00:00+00:00,1.35067,1.35147,1.349,1.35005,25852
2023-05-05 08:00:00+00:00,1.34995,1.35116,1.3477,1.34951,31400
2023-05-05 12:00:00+00:00,1.34968,1.35,1.34182,1.3421,52386
2023-05-05 16:00:00+00:00,1.34198,1.34264,1.33713,1.33849,30829
2023-05-05 20:00:00+00:00,1.33853,1.3474,1.33603,1.3474,4408
2023-05-07 16:00:00+00:00,1.33727,1.33781,1.33647,1.33781,19
2023-05-07 20:00:00+00:00,1.33765,1.33833,1.337,1.3379,4416
2023-05-08 00:00:00+00:00,1.3381,1.33855,1.3369,1.33738,21884
2023-05-08 04:00:00+00:00,1.33738,1.33738,1.3348,1.33557,21618
2023-05-08 08:00:00+00:00,1.33534,1.33597,1.33316,1.33352,25778
2023-05-08 12:00:00+00:00,1.33347,1.3362,1.33162,1.33573,34563
2023-05-08 16:00:00+00:00,1.3355,1.33829,1.3353,1.33736,24699
2023-05-08 20:00:00+00:00,1.33735,1.3376,1.33526,1.3372,9533
2023-05-09 00:00:00+00:00,1.33707,1.33753,1.3364,1.3367,18917
2023-05-09 04:00:00+00:00,1.33671,1.33845,1.3363,1.3381,21948
2023-05-09 08:00:00+00:00,1.3381,1.33929,1.3366,1.33926,27834
2023-05-09 12:00:00+00:00,1.33902,1.34048,1.33867,1.3401,38551
2023-05-09 16:00:00+00:00,1.34034,1.34039,1.3372,1.33838,25894
2023-05-09 20:00:00+00:00,1.33835,1.3387,1.33673,1.33751,8284
2023-05-10 00:00:00+00:00,1.33769,1.33829,1.3372,1.33813,19738
2023-05-10 04:00:00+00:00,1.3381,1.33945,1.33698,1.3389,23155
2023-05-10 08:00:00+00:00,1.33926,1.33964,1.3383,1.33849,31386
2023-05-10 12:00:00+00:00,1.33858,1.33865,1.33358,1.3372,55050
2023-05-10 16:00:00+00:00,1.33752,1.3411,1.3367,1.33758,33244
2023-05-10 20:00:00+00:00,1.33761,1.33774,1.3364,1.33721,9392
2023-05-11 00:00:00+00:00,1.33694,1.33847,1.33638,1.33795,22339
2023-05-11 04:00:00+00:00,1.33799,1.34195,1.3374,1.34071,27394
2023-05-11 08:00:00+00:00,1.34067,1.34257,1.3394,1.34257,38973
2023-05-11 12:00:00+00:00,1.34267,1.34943,1.34138,1.3488,53937
2023-05-11 16:00:00+00:00,1.34883,1.34953,1.34826,1.34914,32893
2023-05-11 20:00:00+00:00,1.34925,1.34952,1.34831,1.3495,8735
2023-05-12 00:00:00+00:00,1.34938,1.34938,1.3481,1.3488,21637
2023-05-12 04:00:00+00:00,1.34885,1.34952,1.348,1.34938,28187
2023-05-12 08:00:00+00:00,1.34971,1.3502,1.3482,1.34941,29376
2023-05-12 12:00:00+00:00,1.34932,1.35436,1.34843,1.35403,45235
2023-05-12 16:00:00+00:00,1.35405,1.35642,1.35405,1.35513,31696
2023-05-12 20:00:00+00:00,1.35531,1.3654,1.34037,1.3654,3603
2023-05-13 20:00:00+00:00,1.3653,1.3653,1.3653,1.3653,1
2023-05-14 16:00:00+00:00,1.35292,1.35602,1.35292,1.355,28
2023-05-14 20:00:00+00:00,1.355,1.35591,1.35318,1.35554,2450
2023-05-15 00:00:00+00:00,1.35546,1.35671,1.3547,1.35507,23981
2023-05-15 04:00:00+00:00,1.35505,1.35509,1.3504,1.35083,25809
2023-05-15 08:00:00+00:00,1.35116,1.35208,1.34964,1.34984,27117
2023-05-15 12:00:00+00:00,1.34989,1.35175,1.34832,1.34832,40921
2023-05-15 16:00:00+00:00,1.34825,1.34844,1.3457,1.34661,27054
2023-05-15 20:00:00+00:00,1.34654,1.34697,1.34584,1.3466,8749
2023-05-16 00:00:00+00:00,1.34681,1.348,1.3461,1.34674,19559
2023-05-16 04:00:00+00:00,1.34668,1.34923,1.3454,1.34598,24728
2023-05-16 08:00:00+00:00,1.34588,1.34687,1.34481,1.34634,28892
2023-05-16 12:00:00+00:00,1.34628,1.34682,1.3406,1.34557,47454
2023-05-16 16:00:00+00:00,1.34568,1.34824,1.34542,1.34794,28976
2023-05-16 20:00:00+00:00,1.3477,1.34809,1.34397,1.34771,9101
2023-05-17 00:00:00+00:00,1.34751,1.34838,1.3462,1.34735,24266
2023-05-17 04:00:00+00:00,1.34744,1.35351,1.3471,1.35351,27290
2023-05-17 08:00:00+00:00,1.35245,1.35245,1.34757,1.34872,34540
2023-05-17 12:00:00+00:00,1.34878,1.34991,1.34425,1.34844,45350
2023-05-17 16:00:00+00:00,1.34744,1.34744,1.3436,1.34441,30561
2023-05-17 20:00:00+00:00,1.34464,1.34679,1.3442,1.34667,8493
2023-05-18 00:00:00+00:00,1.34662,1.34708,1.3451,1.34635,23052
2023-05-18 04:00:00+00:00,1.34634,1.34795,1.3462,1.34681,24028
2023-05-18 08:00:00+00:00,1.3468,1.34811,1.3462,1.34733,27300
2023-05-18 12:00:00+00:00,1.34716,1.35097,1.34479,1.35033,44999
2023-05-18 16:00:00+00:00,1.35002,1.35241,1.3495,1.34968,32289
2023-05-18 20:00:00+00:00,1.34973,1.3505,1.3492,1.34977,9796
2023-05-19 00:00:00+00:00,1.3496,1.35121,1.3485,1.34916,27444
2023-05-19 04:00:00+00:00,1.34915,1.34973,1.34737,1.3485,27556
2023-05-19 08:00:00+00:00,1.34875,1.34929,1.3468,1.34833,32437
2023-05-19 12:00:00+00:00,1.34834,1.35217,1.3468,1.35075,51050
2023-05-19 16:00:00+00:00,1.35094,1.35175,1.34931,1.35051,33677
2023-05-19 20:00:00+00:00,1.35062,1.351,1.34118,1.3493,4139
2023-05-21 16:00:00+00:00,1.34961,1.34961,1.3496,1.3496,6
2023-05-21 20:00:00+00:00,1.34964,1.35041,1.3484,1.34893,4529
2023-05-22 00:00:00+00:00,1.34925,1.35015,1.3485,1.34979,27055
2023-05-22 04:00:00+00:00,1.34978,1.35169,1.3493,1.34954,28574
2023-05-22 08:00:00+00:00,1.34976,1.35125,1.34905,1.35055,30483
2023-05-22 12:00:00+00:00,1.35055,1.35172,1.34951,1.35092,42020
2023-05-22 16:00:00+00:00,1.35075,1.35119,1.3501,1.35089,30195
2023-05-22 20:00:00+00:00,1.35093,1.351,1.3498,1.3503,9093
2023-05-23 00:00:00+00:00,1.35011,1.35014,1.34855,1.34913,24783
2023-05-23 04:00:00+00:00,1.34918,1.353,1.34895,1.35279,31158
2023-05-23 08:00:00+00:00,1.35304,1.35475,1.35191,1.35285,34386
2023-05-23 12:00:00+00:00,1.35239,1.35239,1.34847,1.34858,47695
2023-05-23 16:00:00+00:00,1.34867,1.3514,1.34867,1.35058,35090
2023-05-23 20:00:00+00:00,1.35077,1.35077,1.3495,1.34994,7874
2023-05-24 00:00:00+00:00,1.35002,1.35096,1.3494,1.3505,23882
2023-05-24 04:00:00+00:00,1.35054,1.3546,1.34973,1.35456,29956
2023-05-24 08:00:00+00:00,1.35461,1.35579,1.3534,1.35364,31526
2023-05-24 12:00:00+00:00,1.35368,1.35983,1.35328,1.35908,43857
2023-05-24 16:00:00+00:00,1.35916,1.36052,1.35836,1.35974,33341
2023-05-24 20:00:00+00:00,1.3598,1.35996,1.35844,1.3589,12172
2023-05-25 00:00:00+00:00,1.35918,1.3612,1.35918,1.36065,23206
2023-05-25 04:00:00+00:00,1.36079,1.36121,1.35904,1.3594,27246
2023-05-25 08:00:00+00:00,1.35957,1.36093,1.3586,1.35944,28345
2023-05-25 12:00:00+00:00,1.35966,1.36443,1.35823,1.36376,47470
2023-05-25 16:00:00+00:00,1.36387,1.36419,1.362,1.36345,32009
2023-05-25 20:00:00+00:00,1.3632,1.3646,1.36061,1.36434,9464
2023-05-26 00:00:00+00:00,1.36415,1.36541,1.3634,1.36373,22872
2023-05-26 04:00:00+00:00,1.36388,1.36411,1.3619,1.36237,27801
2023-05-26 08:00:00+00:00,1.36234,1.36332,1.36,1.36052,29308
2023-05-26 12:00:00+00:00,1.36066,1.36454,1.36062,1.36274,19238
2023-05-26 16:00:00+00:00,1.36259,1.36278,1.3612,1.36121,25528
2023-05-26 20:00:00+00:00,1.36117,1.3619,1.34146,1.34146,3503
2023-05-28 16:00:00+00:00,1.3613,1.3613,1.35953,1.36005,12
2023-05-28 20:00:00+00:00,1.35991,1.36168,1.35925,1.36086,3940
2023-05-29 00:00:00+00:00,1.36086,1.36129,1.3594,1.36069,21278
2023-05-29 04:00:00+00:00,1.36069,1.3607,1.3582,1.35964,20642
2023-05-29 08:00:00+00:00,1.35963,1.36011,1.3584,1.35905,18840
2023-05-29 12:00:00+00:00,1.35879,1.36113,1.3582,1.35844,18957
2023-05-29 16:00:00+00:00,1.35847,1.35942,1.3581,1.35911,6475
2023-05-29 20:00:00+00:00,1.35907,1.36037,1.35703,1.36036,6932
2023-05-30 00:00:00+00:00,1.36003,1.36062,1.35681,1.36041,24115
2023-05-30 04:00:00+00:00,1.36031,1.36063,1.35863,1.35863,31478
2023-05-30 08:00:00+00:00,1.35829,1.35938,1.35674,1.35798,34820
2023-05-30 12:00:00+00:00,1.35812,1.36124,1.35723,1.3596,42777
2023-05-30 16:00:00+00:00,1.3595,1.36122,1.3584,1.3594,30541
2023-05-30 20:00:00+00:00,1.35948,1.3603,1.35935,1.35996,7880
2023-05-31 00:00:00+00:00,1.35994,1.36402,1.3598,1.3635,23163
2023-05-31 04:00:00+00:00,1.36372,1.36471,1.36252,1.36454,28406
2023-05-31 08:00:00+00:00,1.3647,1.3651,1.3631,1.3647,25070
2023-05-31 12:00:00+00:00,1.36493,1.36505,1.35723,1.35893,41534
2023-05-31 16:00:00+00:00,1.359,1.36097,1.3568,1.35752,29484
2023-05-31 20:00:00+00:00,1.35728,1.35779,1.35615,1.35654,10475
2023-06-01 00:00:00+00:00,1.35653,1.35827,1.3562,1.35647,22871
2023-06-01 04:00:00+00:00,1.3564,1.35844,1.35576,1.35786,23177
2023-06-01 08:00:00+00:00,1.35805,1.35835,1.35556,1.3561,25297
2023-06-01 12:00:00+00:00,1.35603,1.35678,1.34414,1.34426,43226
2023-06-01 16:00:00+00:00,1.34418,1.34577,1.34363,1.34505,26010
2023-06-01 20:00:00+00:00,1.345,1.34541,1.34391,1.3443,8899
2023-06-02 00:00:00+00:00,1.34425,1.34501,1.3427,1.34289,17444
2023-06-02 04:00:00+00:00,1.34295,1.3438,1.34165,1.34244,22344
2023-06-02 08:00:00+00:00,1.34236,1.34314,1.34078,1.34257,25580
2023-06-02 12:00:00+00:00,1.34247,1.34486,1.3412,1.34392,40694
2023-06-02 16:00:00+00:00,1.34402,1.345,1.3423,1.34243,22525
2023-06-02 20:00:00+00:00,1.34234,1.34314,1.33266,1.33266,3044
2023-06-03 12:00:00+00:00,1.33306,1.33306,1.33306,1.33306,1
2023-06-04 16:00:00+00:00,1.34127,1.34231,1.34095,1.3423,10
2023-06-04 20:00:00+00:00,1.34216,1.34301,1.34099,1.34286,4454
2023-06-05 00:00:00+00:00,1.3428,1.3438,1.34228,1.34338,22209
2023-06-05 04:00:00+00:00,1.3434,1.34424,1.342,1.34307,23127
2023-06-05 08:00:00+00:00,1.3432,1.34517,1.34257,1.34421,20686
2023-06-05 12:00:00+00:00,1.34437,1.34606,1.34202,1.34202,34881
2023-06-05 16:00:00+00:00,1.34213,1.34419,1.34168,1.34419,21991
2023-06-05 20:00:00+00:00,1.34426,1.34484,1.34322,1.34483,7529
2023-06-06 00:00:00+00:00,1.34479,1.34497,1.34196,1.34308,17797
2023-06-06 04:00:00+00:00,1.34299,1.34317,1.3392,1.3407,27005
2023-06-06 08:00:00+00:00,1.34071,1.34292,1.34059,1.34287,24500
2023-06-06 12:00:00+00:00,1.34287,1.34515,1.3401,1.34041,33839
2023-06-06 16:00:00+00:00,1.3404,1.34173,1.33992,1.3405,23807
2023-06-06 20:00:00+00:00,1.34064,1.3408,1.33912,1.33981,8437
2023-06-07 00:00:00+00:00,1.33956,1.34103,1.3386,1.34028,22165
2023-06-07 04:00:00+00:00,1.34025,1.34257,1.3399,1.34154,21534
2023-06-07 08:00:00+00:00,1.34139,1.34158,1.3375,1.33927,24956
2023-06-07 12:00:00+00:00,1.33932,1.34105,1.33283,1.33656,42129
2023-06-07 16:00:00+00:00,1.33647,1.33923,1.33596,1.33736,24677
2023-06-07 20:00:00+00:00,1.33746,1.33753,1.33647,1.3371,10392
2023-06-08 00:00:00+00:00,1.33696,1.33696,1.33508,1.33609,22729
2023-06-08 04:00:00+00:00,1.33605,1.33662,1.33426,1.33426,24737
2023-06-08 08:00:00+00:00,1.33409,1.33641,1.3334,1.33589,25157
2023-06-08 12:00:00+00:00,1.33573,1.33857,1.3343,1.33814,40937
2023-06-08 16:00:00+00:00,1.3381,1.33815,1.3349,1.33521,26413
2023-06-08 20:00:00+00:00,1.33539,1.33621,1.33412,1.3361,10185
2023-06-09 00:00:00+00:00,1.3363,1.33691,1.3361,1.33688,20244
2023-06-09 04:00:00+00:00,1.33692,1.33701,1.33331,1.33331,22986
2023-06-09 08:00:00+00:00,1.33337,1.33478,1.33169,1.33185,25643
2023-06-09 12:00:00+00:00,1.33214,1.33648,1.33111,1.33429,40415
2023-06-09 16:00:00+00:00,1.33441,1.33542,1.33416,1.33458,19308
2023-06-09 20:00:00+00:00,1.33458,1.3402,1.32492,1.3401,2313
2023-06-10 00:00:00+00:00,1.34,1.34,1.34,1.34,1
2023-06-11 16:00:00+00:00,1.33313,1.33369,1.33313,1.33369,11
2023-06-11 20:00:00+00:00,1.33329,1.33456,1.3324,1.33366,3278
2023-06-12 00:00:00+00:00,1.33425,1.33575,1.3339,1.33482,22752
2023-06-12 04:00:00+00:00,1.33496,1.33538,1.33205,1.33207,23748
2023-06-12 08:00:00+00:00,1.33197,1.33373,1.3314,1.33364,28298
2023-06-12 12:00:00+00:00,1.33372,1.33835,1.33297,1.33783,36226
2023-06-12 16:00:00+00:00,1.33779,1.33826,1.3362,1.33643,24229
2023-06-12 20:00:00+00:00,1.33649,1.3372,1.33399,1.33632,10829
2023-06-13 00:00:00+00:00,1.3363,1.33772,1.3352,1.33561,21336
2023-06-13 04:00:00+00:00,1.33557,1.3368,1.33413,1.33546,25718
2023-06-13 08:00:00+00:00,1.33562,1.3361,1.3347,1.33521,27160
2023-06-13 12:00:00+00:00,1.33521,1.33521,1.32874,1.32984,46743
2023-06-13 16:00:00+00:00,1.32981,1.33158,1.32893,1.33124,27537
2023-06-13 20:00:00+00:00,1.3311,1.3318,1.3308,1.33142,9786
2023-06-14 00:00:00+00:00,1.33128,1.3319,1.3302,1.33083,20051
2023-06-14 04:00:00+00:00,1.33086,1.33174,1.32913,1.32925,22859
2023-06-14 08:00:00+00:00,1.32935,1.33076,1.3285,1.33003,24418
2023-06-14 12:00:00+00:00,1.3303,1.33062,1.32753,1.32846,36017
2023-06-14 16:00:00+00:00,1.3283,1.33478,1.327,1.33351,45774
2023-06-14 20:00:00+00:00,1.3333,1.33349,1.33184,1.33272,11171
2023-06-15 00:00:00+00:00,1.33261,1.33539,1.33228,1.33414,22371
2023-06-15 04:00:00+00:00,1.3341,1.33501,1.33242,1.33272,25970
2023-06-15 08:00:00+00:00,1.33274,1.33356,1.3319,1.33264,25327
2023-06-15 12:00:00+00:00,1.33266,1.33369,1.3228,1.32392,41578
2023-06-15 16:00:00+00:00,1.32382,1.32382,1.3209,1.32184,25344
2023-06-15 20:00:00+00:00,1.32154,1.32239,1.3213,1.3222,10056
2023-06-16 00:00:00+00:00,1.3223,1.32386,1.3218,1.3233,22317
2023-06-16 04:00:00+00:00,1.32335,1.32363,1.32129,1.32336,25980
2023-06-16 08:00:00+00:00,1.32363,1.32363,1.32175,1.32284,27611
2023-06-16 12:00:00+00:00,1.32299,1.32299,1.31883,1.31956,41560
2023-06-16 16:00:00+00:00,1.31957,1.32005,1.31774,1.31992,28303
2023-06-16 20:00:00+00:00,1.31991,1.3226,1.31734,1.3223,4295
2023-06-18 08:00:00+00:00,1.3219,1.3219,1.3219,1.3219,1
2023-06-18 16:00:00+00:00,1.31956,1.31962,1.31597,1.31949,14
2023-06-18 20:00:00+00:00,1.31915,1.3199,1.31559,1.3196,500
2023-06-19 00:00:00+00:00,1.3197,1.32282,1.3196,1.32255,13162
2023-06-19 04:00:00+00:00,1.3226,1.3227,1.31796,1.3191,14677
2023-06-19 08:00:00+00:00,1.31909,1.32088,1.31875,1.31948,19011
2023-06-19 12:00:00+00:00,1.31934,1.3209,1.3185,1.32032,25124
2023-06-19 16:00:00+00:00,1.3205,1.3219,1.3202,1.321,9489
2023-06-19 20:00:00+00:00,1.321,1.3218,1.3204,1.321,10976
2023-06-20 00:00:00+00:00,1.32095,1.32309,1.3205,1.32187,25796
2023-06-20 04:00:00+00:00,1.32198,1.32371,1.3209,1.32167,28467
2023-06-20 08:00:00+00:00,1.32144,1.3233,1.32099,1.3233,29839
2023-06-20 12:00:00+00:00,1.32321,1.32686,1.32264,1.32476,43327
2023-06-20 16:00:00+00:00,1.3249,1.32506,1.3224,1.32283,30682
2023-06-20 20:00:00+00:00,1.32282,1.3237,1.3224,1.32247,9641
2023-06-21 00:00:00+00:00,1.32238,1.32294,1.3214,1.32176,29810
2023-06-21 04:00:00+00:00,1.32163,1.32452,1.3207,1.32339,31427
2023-06-21 08:00:00+00:00,1.32337,1.32364,1.3215,1.32172,30083
2023-06-21 12:00:00+00:00,1.3219,1.32255,1.31768,1.31806,47409
2023-06-21 16:00:00+00:00,1.31791,1.3183,1.31576,1.31643,31954
2023-06-21 20:00:00+00:00,1.31648,1.3173,1.31505,1.31601,10842
2023-06-22 00:00:00+00:00,1.31608,1.3161,1.31508,1.31533,22734
2023-06-22 04:00:00+00:00,1.31532,1.31676,1.31462,1.31508,29241
2023-06-22 08:00:00+00:00,1.31459,1.31701,1.31388,1.31638,31582
2023-06-22 12:00:00+00:00,1.31609,1.31774,1.31499,1.31644,44643
2023-06-22 16:00:00+00:00,1.3166,1.31685,1.3145,1.31501,31063
2023-06-22 20:00:00+00:00,1.31497,1.3158,1.31438,1.31468,10647
2023-06-23 00:00:00+00:00,1.31473,1.31871,1.31429,1.3185,27179
2023-06-23 04:00:00+00:00,1.31863,1.32062,1.3176,1.31956,31288
2023-06-23 08:00:00+00:00,1.31954,1.32126,1.31885,1.3208,29906
2023-06-23 12:00:00+00:00,1.32077,1.32257,1.31857,1.31983,42335
2023-06-23 16:00:00+00:00,1.31974,1.32016,1.31789,1.31893,30708
2023-06-23 20:00:00+00:00,1.31891,1.3213,1.31727,1.3212,4056
2023-06-24 16:00:00+00:00,1.3211,1.3211,1.3211,1.3211,1
2023-06-25 16:00:00+00:00,1.31713,1.31806,1.31713,1.3179,20
2023-06-25 20:00:00+00:00,1.3177,1.31791,1.31612,1.31649,3778
2023-06-26 00:00:00+00:00,1.31656,1.31722,1.3152,1.31583,30675
2023-06-26 04:00:00+00:00,1.31589,1.3169,1.31397,1.3147,30450
2023-06-26 08:00:00+00:00,1.3154,1.31702,1.3148,1.3149,27882
2023-06-26 12:00:00+00:00,1.31466,1.31752,1.31387,1.3147,37635
2023-06-26 16:00:00+00:00,1.3145,1.31527,1.3139,1.31517,27433
2023-06-26 20:00:00+00:00,1.31514,1.3156,1.31393,1.31506,12665
2023-06-27 00:00:00+00:00,1.31516,1.31542,1.3121,1.3125,29228
2023-06-27 04:00:00+00:00,1.31259,1.31312,1.31167,1.31225,27433
2023-06-27 08:00:00+00:00,1.31262,1.31681,1.31257,1.31607,28713
2023-06-27 12:00:00+00:00,1.31591,1.31888,1.31498,1.31757,35305
2023-06-27 16:00:00+00:00,1.31744,1.31887,1.3174,1.31791,25973
2023-06-27 20:00:00+00:00,1.31817,1.31978,1.318,1.31967,10639
2023-06-28 00:00:00+00:00,1.31935,1.32146,1.31896,1.3207,28421
2023-06-28 04:00:00+00:00,1.3207,1.32311,1.3204,1.32163,28488
2023-06-28 08:00:00+00:00,1.32183,1.32368,1.32127,1.32368,29745
2023-06-28 12:00:00+00:00,1.32374,1.32744,1.32374,1.32498,46356
2023-06-28 16:00:00+00:00,1.32499,1.32578,1.3244,1.32528,30451
2023-06-28 20:00:00+00:00,1.32515,1.3261,1.32459,1.32527,10441
2023-06-29 00:00:00+00:00,1.32532,1.32712,1.3243,1.3267,26421
2023-06-29 04:00:00+00:00,1.32682,1.32777,1.32628,1.32665,27811
2023-06-29 08:00:00+00:00,1.32671,1.32707,1.3252,1.3256,26612
2023-06-29 12:00:00+00:00,1.32565,1.32838,1.32407,1.32472,45367
2023-06-29 16:00:00+00:00,1.3247,1.32573,1.3239,1.32462,27381
2023-06-29 20:00:00+00:00,1.32493,1.32542,1.32397,1.3251,10846
2023-06-30 00:00:00+00:00,1.32487,1.32596,1.324,1.3246,24654
2023-06-30 04:00:00+00:00,1.32475,1.32663,1.3241,1.32618,24756
2023-06-30 08:00:00+00:00,1.32618,1.32728,1.32502,1.32701,25568
2023-06-30 12:00:00+00:00,1.32676,1.32824,1.32079,1.32346,44565
2023-06-30 16:00:00+00:00,1.32365,1.3247,1.32203,1.3247,25343
2023-06-30 20:00:00+00:00,1.32464,1.32501,1.30768,1.30768,4702
2023-07-02 08:00:00+00:00,1.3236,1.3236,1.3236,1.3236,1
2023-07-02 16:00:00+00:00,1.32317,1.32363,1.32298,1.32351,18
2023-07-02 20:00:00+00:00,1.32343,1.32504,1.3225,1.325,2163
2023-07-03 00:00:00+00:00,1.32494,1.32569,1.32387,1.324,25432
2023-07-03 04:00:00+00:00,1.32404,1.32702,1.3237,1.3268,26750
2023-07-03 08:00:00+00:00,1.32677,1.3273,1.3247,1.32499,25201
2023-07-03 12:00:00+00:00,1.32485,1.32607,1.323,1.32445,35998
2023-07-03 16:00:00+00:00,1.32432,1.3255,1.32412,1.32533,13501
2023-07-03 20:00:00+00:00,1.32514,1.3254,1.32393,1.32476,8353
2023-07-04 00:00:00+00:00,1.32483,1.32559,1.32436,1.32474,21521
2023-07-04 04:00:00+00:00,1.32472,1.3255,1.32298,1.32324,23876
2023-07-04 08:00:00+00:00,1.32312,1.32425,1.3217,1.3222,20124
2023-07-04 12:00:00+00:00,1.32247,1.32249,1.32051,1.32109,22007
2023-07-04 16:00:00+00:00,1.32103,1.32272,1.321,1.3223,10402
2023-07-04 20:00:00+00:00,1.3222,1.3232,1.32188,1.32232,7180
2023-07-05 00:00:00+00:00,1.32226,1.32339,1.3218,1.32307,20899
2023-07-05 04:00:00+00:00,1.3231,1.32475,1.32265,1.32475,22785
2023-07-05 08:00:00+00:00,1.32784,1.32792,1.32704,1.32731,2472
2023-07-05 12:00:00+00:00,1.32751,1.3285,1.32435,1.32723,39372
2023-07-05 16:00:00+00:00,1.32741,1.32855,1.32678,1.32811,26725
2023-07-05 20:00:00+00:00,1.32816,1.3288,1.32765,1.32849,8212
2023-07-06 00:00:00+00:00,1.32848,1.32969,1.3279,1.32965,22367
2023-07-06 04:00:00+00:00,1.32964,1.33054,1.3283,1.3286,23462
2023-07-06 08:00:00+00:00,1.32814,1.32883,1.32749,1.32871,8889
2023-07-06 12:00:00+00:00,1.3288,1.33691,1.32869,1.33548,48718
2023-07-06 16:00:00+00:00,1.33542,1.3367,1.33528,1.33661,27417
2023-07-06 20:00:00+00:00,1.33655,1.3382,1.33553,1.33647,10121
2023-07-07 00:00:00+00:00,1.33663,1.33727,1.33596,1.3363,19701
2023-07-07 04:00:00+00:00,1.33634,1.33794,1.3357,1.3377,24134
2023-07-07 08:00:00+00:00,1.33777,1.33865,1.33578,1.3367,25155
2023-07-07 12:00:00+00:00,1.33684,1.33698,1.32857,1.32858,46056
2023-07-07 16:00:00+00:00,1.32855,1.32886,1.32658,1.32791,22666
2023-07-07 20:00:00+00:00,1.32772,1.3296,1.32173,1.3295,4321
2023-07-08 00:00:00+00:00,1.3291,1.3291,1.3291,1.3291,1
2023-07-09 12:00:00+00:00,1.3271,1.3271,1.3271,1.3271,1
2023-07-09 16:00:00+00:00,1.32642,1.3266,1.32619,1.32619,8
2023-07-09 20:00:00+00:00,1.32618,1.328,1.32569,1.32781,3942
2023-07-10 00:00:00+00:00,1.3279,1.32944,1.32733,1.32917,26849
2023-07-10 04:00:00+00:00,1.32918,1.33021,1.3274,1.3274,25501
2023-07-10 08:00:00+00:00,1.32786,1.32971,1.32739,1.32854,24490
2023-07-10 12:00:00+00:00,1.32842,1.33023,1.3268,1.32809,39507
2023-07-10 16:00:00+00:00,1.32784,1.32885,1.3273,1.32783,23310
2023-07-10 20:00:00+00:00,1.32783,1.3293,1.3272,1.3273,8771
2023-07-11 00:00:00+00:00,1.3272,1.32785,1.3253,1.32627,23271
2023-07-11 04:00:00+00:00,1.32628,1.32702,1.32459,1.32702,27510
2023-07-11 08:00:00+00:00,1.32713,1.32798,1.3259,1.32775,30154
2023-07-11 12:00:00+00:00,1.32762,1.32893,1.32473,1.32483,36688
2023-07-11 16:00:00+00:00,1.3246,1.32562,1.32348,1.32348,23808
2023-07-11 20:00:00+00:00,1.3235,1.3236,1.3223,1.32287,8397
2023-07-12 00:00:00+00:00,1.32278,1.32303,1.3199,1.32063,23789
2023-07-12 04:00:00+00:00,1.3207,1.32274,1.3202,1.32179,22477
2023-07-12 08:00:00+00:00,1.32187,1.32214,1.3206,1.32203,22786
2023-07-12 12:00:00+00:00,1.32202,1.32336,1.31443,1.31797,47782
2023-07-12 16:00:00+00:00,1.31786,1.31987,1.31741,1.31835,28189
2023-07-12 20:00:00+00:00,1.31849,1.31879,1.31621,1.3183,10786
2023-07-13 00:00:00+00:00,1.3184,1.31933,1.3174,1.31766,25638
2023-07-13 04:00:00+00:00,1.31766,1.31847,1.31524,1.31553,29772
2023-07-13 08:00:00+00:00,1.31555,1.31686,1.31502,1.31541,28187
2023-07-13 12:00:00+00:00,1.3156,1.31741,1.31077,1.31278,41657
2023-07-13 16:00:00+00:00,1.31302,1.31302,1.3103,1.31106,27114
2023-07-13 20:00:00+00:00,1.31107,1.3116,1.31016,1.31124,10911
2023-07-14 00:00:00+00:00,1.3111,1.31151,1.3091,1.30933,24828
2023-07-14 04:00:00+00:00,1.30943,1.31384,1.30943,1.31143,26663
2023-07-14 08:00:00+00:00,1.31163,1.31258,1.31069,1.31213,24251
2023-07-14 12:00:00+00:00,1.31204,1.32045,1.3114,1.32045,40149
2023-07-14 16:00:00+00:00,1.32015,1.32259,1.32009,1.32233,25788
2023-07-14 20:00:00+00:00,1.32252,1.3231,1.32139,1.3229,4222
2023-07-15 08:00:00+00:00,1.3225,1.3225,1.3225,1.3225,1
2023-07-16 16:00:00+00:00,1.31997,1.32127,1.31997,1.32127,10
2023-07-16 20:00:00+00:00,1.32143,1.32317,1.31952,1.3227,2067
2023-07-17 00:00:00+00:00,1.32257,1.3231,1.32194,1.32221,18861
2023-07-17 04:00:00+00:00,1.3223,1.32244,1.32127,1.32203,21661
2023-07-17 08:00:00+00:00,1.3222,1.32241,1.32047,1.3218,24594
2023-07-17 12:00:00+00:00,1.32174,1.32206,1.3159,1.3173,36326
2023-07-17 16:00:00+00:00,1.31721,1.31909,1.3166,1.31907,19162
2023-07-17 20:00:00+00:00,1.319,1.32021,1.31843,1.32013,9708
2023-07-18 00:00:00+00:00,1.32011,1.3204,1.3184,1.31857,22602
2023-07-18 04:00:00+00:00,1.31863,1.32088,1.3182,1.32053,22868
2023-07-18 08:00:00+00:00,1.3207,1.32127,1.31927,1.32047,23056
2023-07-18 12:00:00+00:00,1.32057,1.32413,1.31667,1.31768,47675
2023-07-18 16:00:00+00:00,1.31771,1.31936,1.3169,1.3169,23064
2023-07-18 20:00:00+00:00,1.31709,1.3178,1.316,1.31663,9705
2023-07-19 00:00:00+00:00,1.3164,1.31784,1.3164,1.31716,23628
2023-07-19 04:00:00+00:00,1.31715,1.31841,1.3162,1.31667,26711
2023-07-19 08:00:00+00:00,1.3167,1.31927,1.3162,1.31851,25481
2023-07-19 12:00:00+00:00,1.31865,1.31897,1.31563,1.316,43855
2023-07-19 16:00:00+00:00,1.31584,1.31788,1.3156,1.31672,29674
2023-07-19 20:00:00+00:00,1.31659,1.3168,1.3158,1.31629,10255
2023-07-20 00:00:00+00:00,1.31613,1.31631,1.31334,1.31398,27250
2023-07-20 04:00:00+00:00,1.31399,1.31552,1.31344,1.31427,27131
2023-07-20 08:00:00+00:00,1.31433,1.31433,1.3119,1.31342,24092
2023-07-20 12:00:00+00:00,1.31353,1.31943,1.31353,1.31841,44774
2023-07-20 16:00:00+00:00,1.31826,1.31836,1.3164,1.31723,28617
2023-07-20 20:00:00+00:00,1.31727,1.31755,1.31626,1.31739,11767
2023-07-21 00:00:00+00:00,1.31775,1.3179,1.3161,1.31694,24947
2023-07-21 04:00:00+00:00,1.31705,1.31766,1.3155,1.31723,26042
2023-07-21 08:00:00+00:00,1.317,1.31902,1.31552,1.31902,26700
2023-07-21 12:00:00+00:00,1.31898,1.32259,1.31831,1.32181,39952
2023-07-21 16:00:00+00:00,1.32165,1.32202,1.3204,1.32166,24945
2023-07-21 20:00:00+00:00,1.32144,1.3229,1.32068,1.3229,4251
2023-07-22 00:00:00+00:00,1.3228,1.3228,1.3228,1.3228,1
2023-07-23 08:00:00+00:00,1.3221,1.3221,1.3221,1.3221,1
2023-07-23 16:00:00+00:00,1.32008,1.3216,1.32008,1.3202,4
2023-07-23 20:00:00+00:00,1.32078,1.32253,1.31982,1.32251,2344
2023-07-24 00:00:00+00:00,1.32265,1.32282,1.3214,1.32183,24610
2023-07-24 04:00:00+00:00,1.3219,1.32211,1.3201,1.3205,28221
2023-07-24 08:00:00+00:00,1.32072,1.32072,1.3182,1.31884,29328
2023-07-24 12:00:00+00:00,1.31884,1.32039,1.3155,1.3155,44635
2023-07-24 16:00:00+00:00,1.31546,1.31738,1.31502,1.3169,26678
2023-07-24 20:00:00+00:00,1.31697,1.31748,1.31505,1.31747,10696
2023-07-25 00:00:00+00:00,1.31747,1.31766,1.3153,1.31547,25919
2023-07-25 04:00:00+00:00,1.31547,1.31668,1.3147,1.31644,26933
2023-07-25 08:00:00+00:00,1.31645,1.3187,1.31591,1.31763,28068
2023-07-25 12:00:00+00:00,1.31753,1.32081,1.3172,1.31804,37234
2023-07-25 16:00:00+00:00,1.31798,1.31884,1.31662,1.31726,25483
2023-07-25 20:00:00+00:00,1.31726,1.31873,1.31642,1.31873,12155
2023-07-26 00:00:00+00:00,1.31852,1.31992,1.3181,1.3181,23779
2023-07-26 04:00:00+00:00,1.31826,1.31966,1.3172,1.31863,27521
2023-07-26 08:00:00+00:00,1.31864,1.32208,1.31835,1.32162,29129
2023-07-26 12:00:00+00:00,1.32176,1.32351,1.32008,1.32198,40846
2023-07-26 16:00:00+00:00,1.322,1.32374,1.31935,1.32012,45825
2023-07-26 20:00:00+00:00,1.32004,1.3211,1.31999,1.32047,11195
2023-07-27 00:00:00+00:00,1.32038,1.32038,1.3165,1.3176,27185
2023-07-27 04:00:00+00:00,1.31748,1.31861,1.3165,1.31709,30180
2023-07-27 08:00:00+00:00,1.31712,1.31869,1.3159,1.31693,28343
2023-07-27 12:00:00+00:00,1.3172,1.31997,1.3155,1.31953,51379
2023-07-27 16:00:00+00:00,1.31956,1.32426,1.31875,1.3233,37641
2023-07-27 20:00:00+00:00,1.3232,1.32353,1.32159,1.3225,11566
2023-07-28 00:00:00+00:00,1.3225,1.3238,1.32204,1.3232,30946
2023-07-28 04:00:00+00:00,1.32314,1.32471,1.32181,1.32447,37018
2023-07-28 08:00:00+00:00,1.32462,1.32462,1.3211,1.32144,29286
2023-07-28 12:00:00+00:00,1.32165,1.3242,1.32065,1.3226,44278
2023-07-28 16:00:00+00:00,1.3226,1.32486,1.3225,1.32349,32284
2023-07-28 20:00:00+00:00,1.32342,1.32522,1.21924,1.3248,4964
2023-07-30 16:00:00+00:00,1.32205,1.32214,1.32156,1.32214,22
2023-07-30 20:00:00+00:00,1.32257,1.32513,1.32153,1.325,3753
2023-07-31 00:00:00+00:00,1.3249,1.32607,1.324,1.32507,26137
2023-07-31 04:00:00+00:00,1.32513,1.32568,1.323,1.32434,29519
2023-07-31 08:00:00+00:00,1.32449,1.32449,1.3213,1.32153,24645
2023-07-31 12:00:00+00:00,1.32147,1.32154,1.31514,1.316,36316
2023-07-31 16:00:00+00:00,1.31589,1.3186,1.3157,1.31851,26215
2023-07-31 20:00:00+00:00,1.31871,1.31936,1.31579,1.3193,9489
2023-08-01 00:00:00+00:00,1.31909,1.32212,1.31858,1.32206,22897
2023-08-01 04:00:00+00:00,1.32208,1.32444,1.32149,1.32444,25224
2023-08-01 08:00:00+00:00,1.32452,1.32733,1.32423,1.3272,24879
2023-08-01 12:00:00+00:00,1.3274,1.32992,1.32686,1.32912,39648
2023-08-01 16:00:00+00:00,1.32926,1.32998,1.32838,1.3288,23308
2023-08-01 20:00:00+00:00,1.32876,1.32882,1.32193,1.32683,11928
2023-08-02 00:00:00+00:00,1.32709,1.32956,1.327,1.32888,29557
2023-08-02 04:00:00+00:00,1.32887,1.33077,1.3288,1.33046,28053
2023-08-02 08:00:00+00:00,1.33048,1.33201,1.33023,1.33166,28464
2023-08-02 12:00:00+00:00,1.33166,1.33479,1.33062,1.33351,44067
2023-08-02 16:00:00+00:00,1.33354,1.33517,1.33274,1.33451,29848
2023-08-02 20:00:00+00:00,1.33446,1.33528,1.334,1.33442,9552
2023-08-03 00:00:00+00:00,1.33447,1.33549,1.33342,1.33524,25666
2023-08-03 04:00:00+00:00,1.33535,1.33724,1.33459,1.33683,28195
2023-08-03 08:00:00+00:00,1.33679,1.33772,1.33555,1.33687,31346
2023-08-03 12:00:00+00:00,1.33711,1.33755,1.33351,1.33412,45800
2023-08-03 16:00:00+00:00,1.33392,1.33594,1.33298,1.3356,26752
2023-08-03 20:00:00+00:00,1.33564,1.3359,1.3347,1.33507,11967
2023-08-04 00:00:00+00:00,1.3348,1.33552,1.33343,1.33495,28727
2023-08-04 04:00:00+00:00,1.33496,1.33694,1.33452,1.3362,30165
2023-08-04 08:00:00+00:00,1.3359,1.33765,1.3358,1.33755,28646
2023-08-04 12:00:00+00:00,1.3373,1.33925,1.33363,1.33383,51527
2023-08-04 16:00:00+00:00,1.33364,1.33901,1.3318,1.3382,33044
2023-08-04 20:00:00+00:00,1.33836,1.33851,1.33091,1.3381,4392
2023-08-06 20:00:00+00:00,1.3374,1.33793,1.3356,1.33746,3557
2023-08-07 00:00:00+00:00,1.33752,1.33833,1.3367,1.33731,28158
2023-08-07 04:00:00+00:00,1.3374,1.33864,1.3369,1.33751,27791
2023-08-07 08:00:00+00:00,1.33759,1.33987,1.33695,1.33695,23254
2023-08-07 12:00:00+00:00,1.33701,1.33858,1.33563,1.33733,34954
2023-08-07 16:00:00+00:00,1.33738,1.33745,1.336,1.33693,26238
2023-08-07 20:00:00+00:00,1.3368,1.3376,1.33536,1.3369,9256
2023-08-08 00:00:00+00:00,1.33689,1.33977,1.33677,1.33938,29624
2023-08-08 04:00:00+00:00,1.33953,1.34263,1.3389,1.34234,28347
2023-08-08 08:00:00+00:00,1.34245,1.3477,1.34212,1.34766,30909
2023-08-08 12:00:00+00:00,1.34781,1.35008,1.34542,1.34555,43783
2023-08-08 16:00:00+00:00,1.34561,1.34561,1.3408,1.34141,29928
2023-08-08 20:00:00+00:00,1.34156,1.3434,1.34082,1.3425,10772
2023-08-09 00:00:00+00:00,1.34268,1.34299,1.34106,1.3417,27331
2023-08-09 04:00:00+00:00,1.34182,1.34201,1.34054,1.34115,27331
2023-08-09 08:00:00+00:00,1.3413,1.34292,1.34081,1.34283,26705
2023-08-09 12:00:00+00:00,1.34308,1.34529,1.34166,1.3441,35452
2023-08-09 16:00:00+00:00,1.34415,1.3444,1.3406,1.34238,30406
2023-08-09 20:00:00+00:00,1.34224,1.34254,1.34116,1.34191,10010
2023-08-10 00:00:00+00:00,1.34193,1.3423,1.34078,1.3412,22731
2023-08-10 04:00:00+00:00,1.3412,1.34186,1.3388,1.34059,25582
2023-08-10 08:00:00+00:00,1.34068,1.3411,1.3396,1.33961,24005
2023-08-10 12:00:00+00:00,1.33965,1.341,1.33764,1.34027,51153
2023-08-10 16:00:00+00:00,1.34038,1.34445,1.34016,1.34419,41748
2023-08-10 20:00:00+00:00,1.34447,1.3453,1.34278,1.3444,10859
2023-08-11 00:00:00+00:00,1.34448,1.3445,1.3427,1.34387,26475
2023-08-11 04:00:00+00:00,1.34383,1.34457,1.343,1.34416,30049
2023-08-11 08:00:00+00:00,1.3441,1.34579,1.34324,1.34406,27391
2023-08-11 12:00:00+00:00,1.34408,1.3464,1.34131,1.34375,47262
2023-08-11 16:00:00+00:00,1.34367,1.34509,1.3427,1.34467,29730
2023-08-11 20:00:00+00:00,1.34458,1.34484,1.3433,1.3437,5115
2023-08-13 16:00:00+00:00,1.34302,1.34302,1.34164,1.34238,14
2023-08-13 20:00:00+00:00,1.34188,1.34444,1.34173,1.3439,3781
2023-08-14 00:00:00+00:00,1.34418,1.34693,1.3441,1.34645,27500
2023-08-14 04:00:00+00:00,1.34636,1.34666,1.34458,1.34458,29518
2023-08-14 08:00:00+00:00,1.3444,1.34528,1.34383,1.34408,28014
2023-08-14 12:00:00+00:00,1.34427,1.34781,1.34426,1.34532,40877
2023-08-14 16:00:00+00:00,1.34501,1.34721,1.34445,1.34632,28714
2023-08-14 20:00:00+00:00,1.34626,1.3466,1.34421,1.34588,9504
2023-08-15 00:00:00+00:00,1.34598,1.34678,1.3442,1.34429,27788
2023-08-15 04:00:00+00:00,1.34427,1.34917,1.34413,1.34914,30746
2023-08-15 08:00:00+00:00,1.34939,1.34979,1.34788,1.34979,32939
2023-08-15 12:00:00+00:00,1.3496,1.35,1.34474,1.34738,50898
2023-08-15 16:00:00+00:00,1.3471,1.35005,1.3471,1.34968,28657
2023-08-15 20:00:00+00:00,1.3497,1.35012,1.34902,1.34902,10434
2023-08-16 00:00:00+00:00,1.34937,1.35085,1.34915,1.35003,30144
2023-08-16 04:00:00+00:00,1.3499,1.35088,1.3481,1.34881,31586
2023-08-16 08:00:00+00:00,1.34864,1.34991,1.3475,1.34898,27825
2023-08-16 12:00:00+00:00,1.34892,1.35256,1.34818,1.35172,42624
2023-08-16 16:00:00+00:00,1.3517,1.35433,1.35165,1.35328,36056
2023-08-16 20:00:00+00:00,1.35311,1.35381,1.35148,1.35365,12634
2023-08-17 00:00:00+00:00,1.35392,1.35509,1.3531,1.35354,30749
2023-08-17 04:00:00+00:00,1.35351,1.35456,1.35192,1.35267,31783
2023-08-17 08:00:00+00:00,1.3527,1.35337,1.35009,1.35038,30888
2023-08-17 12:00:00+00:00,1.35049,1.35294,1.34971,1.35233,43461
2023-08-17 16:00:00+00:00,1.3522,1.35518,1.35149,1.35435,32394
2023-08-17 20:00:00+00:00,1.35431,1.3548,1.353,1.35452,10174
2023-08-18 00:00:00+00:00,1.35451,1.35463,1.3522,1.354,31429
2023-08-18 04:00:00+00:00,1.3538,1.35552,1.35343,1.35511,34553
2023-08-18 08:00:00+00:00,1.35501,1.35646,1.35317,1.35622,34531
2023-08-18 12:00:00+00:00,1.35636,1.35739,1.35466,1.35589,46565
2023-08-18 16:00:00+00:00,1.35534,1.35534,1.35346,1.35471,33041
2023-08-18 20:00:00+00:00,1.35464,1.3566,1.35244,1.3566,4379
2023-08-20 20:00:00+00:00,1.35402,1.35494,1.35339,1.35415,2495
2023-08-21 00:00:00+00:00,1.35418,1.35535,1.3533,1.3543,15812
2023-08-21 04:00:00+00:00,1.35454,1.35478,1.35308,1.35314,16145
2023-08-21 08:00:00+00:00,1.35325,1.3537,1.35,1.35041,16578
2023-08-21 12:00:00+00:00,1.35027,1.35719,1.34961,1.35645,25940
2023-08-21 16:00:00+00:00,1.35639,1.35711,1.3539,1.35461,17391
2023-08-21 20:00:00+00:00,1.3544,1.3557,1.3539,1.3546,5259
2023-08-22 00:00:00+00:00,1.35472,1.35527,1.35347,1.35396,17944
2023-08-22 04:00:00+00:00,1.35398,1.35497,1.3523,1.35295,19282
2023-08-22 08:00:00+00:00,1.35274,1.35366,1.3517,1.35188,16919
2023-08-22 12:00:00+00:00,1.35158,1.3564,1.35129,1.35481,26117
2023-08-22 16:00:00+00:00,1.35468,1.3563,1.3545,1.3557,17412
2023-08-22 20:00:00+00:00,1.3558,1.35586,1.35374,1.35496,6054
2023-08-23 00:00:00+00:00,1.35496,1.355,1.35328,1.3538,14907
2023-08-23 04:00:00+00:00,1.35389,1.35592,1.3535,1.3553,17933
2023-08-23 08:00:00+00:00,1.3551,1.35781,1.3547,1.35697,19446
2023-08-23 12:00:00+00:00,1.35707,1.36031,1.354,1.35415,26192
2023-08-23 16:00:00+00:00,1.35402,1.35443,1.35199,1.35347,16305
2023-08-23 20:00:00+00:00,1.35341,1.3536,1.3521,1.35237,7385
2023-08-24 00:00:00+00:00,1.35239,1.3532,1.35139,1.35191,16072
2023-08-24 04:00:00+00:00,1.35197,1.35386,1.35101,1.3535,18097
2023-08-24 08:00:00+00:00,1.3535,1.35483,1.3527,1.3547,17057
2023-08-24 12:00:00+00:00,1.35477,1.35869,1.3546,1.35639,27072
2023-08-24 16:00:00+00:00,1.35649,1.35816,1.3559,1.35802,18297
2023-08-24 20:00:00+00:00,1.358,1.35883,1.35729,1.35864,7217
2023-08-25 00:00:00+00:00,1.3584,1.36,1.3578,1.35998,15211
2023-08-25 04:00:00+00:00,1.35989,1.36019,1.35802,1.35847,16397
2023-08-25 08:00:00+00:00,1.35863,1.35905,1.3569,1.35788,13749
2023-08-25 12:00:00+00:00,1.35807,1.36392,1.35746,1.36274,31504
2023-08-25 16:00:00+00:00,1.36255,1.36282,1.35881,1.36027,21762
2023-08-25 20:00:00+00:00,1.36016,1.3608,1.36,1.3606,2600
2023-08-27 16:00:00+00:00,1.35842,1.35933,1.35755,1.35849,27
2023-08-27 20:00:00+00:00,1.35852,1.36001,1.35729,1.35946,3280
2023-08-28 00:00:00+00:00,1.35928,1.35972,1.35849,1.35922,30507
2023-08-28 04:00:00+00:00,1.35928,1.36023,1.3582,1.36017,27797
2023-08-28 08:00:00+00:00,1.36006,1.36056,1.3595,1.3597,24937
2023-08-28 12:00:00+00:00,1.35953,1.361,1.35712,1.35973,37311
2023-08-28 16:00:00+00:00,1.35982,1.36091,1.35888,1.36025,31079
2023-08-28 20:00:00+00:00,1.36019,1.36019,1.35878,1.36002,10776
2023-08-29 00:00:00+00:00,1.36009,1.36048,1.3586,1.35878,29090
2023-08-29 04:00:00+00:00,1.3586,1.36042,1.3586,1.36,28532
2023-08-29 08:00:00+00:00,1.36012,1.36266,1.35985,1.36266,32615
2023-08-29 12:00:00+00:00,1.3628,1.36359,1.3578,1.35903,45008
2023-08-29 16:00:00+00:00,1.35892,1.35908,1.3555,1.35601,30433
2023-08-29 20:00:00+00:00,1.3557,1.3562,1.3549,1.35585,10233
2023-08-30 00:00:00+00:00,1.35579,1.35728,1.3556,1.35661,28972
2023-08-30 04:00:00+00:00,1.35602,1.35725,1.3557,1.35579,15477
2023-08-30 08:00:00+00:00,1.35598,1.35708,1.3556,1.35625,33066
2023-08-30 12:00:00+00:00,1.35639,1.35662,1.35129,1.3515,48657
2023-08-30 16:00:00+00:00,1.35183,1.35456,1.35183,1.35324,29027
2023-08-30 20:00:00+00:00,1.35322,1.35365,1.35116,1.35345,9613
2023-08-31 00:00:00+00:00,1.35343,1.35404,1.3519,1.354,26227
2023-08-31 04:00:00+00:00,1.35365,1.35479,1.35316,1.35387,22019
2023-08-31 08:00:00+00:00,1.35391,1.35574,1.3537,1.35455,29574
2023-08-31 12:00:00+00:00,1.35442,1.35502,1.35164,1.35404,46046
2023-08-31 16:00:00+00:00,1.354,1.35544,1.35044,1.35141,26464
2023-08-31 20:00:00+00:00,1.35114,1.3518,1.3505,1.35103,16206
2023-09-01 00:00:00+00:00,1.35086,1.35157,1.349,1.35124,22089
2023-09-01 04:00:00+00:00,1.35128,1.35204,1.3494,1.34996,23935
2023-09-01 08:00:00+00:00,1.35008,1.35134,1.3494,1.35128,25497
2023-09-01 12:00:00+00:00,1.35142,1.35914,1.35015,1.35832,52496
2023-09-01 16:00:00+00:00,1.35846,1.3612,1.35846,1.36026,26818
2023-09-01 20:00:00+00:00,1.35997,1.3601,1.35444,1.3568,3929
2023-09-03 20:00:00+00:00,1.3568,1.3568,1.3568,1.3568,1
2023-09-04 00:00:00+00:00,1.35906,1.35973,1.3582,1.35845,21295
2023-09-04 04:00:00+00:00,1.35843,1.35925,1.35778,1.35912,12102
2023-09-04 08:00:00+00:00,1.35896,1.36037,1.3589,1.3596,19455
2023-09-04 12:00:00+00:00,1.35969,1.36039,1.3587,1.3594,19985
2023-09-04 16:00:00+00:00,1.35939,1.35964,1.3591,1.3592,7874
2023-09-04 20:00:00+00:00,1.3591,1.35991,1.35814,1.35991,4035
2023-09-05 00:00:00+00:00,1.35987,1.36173,1.3596,1.36157,26691
2023-09-05 04:00:00+00:00,1.3617,1.36586,1.3611,1.36569,29971
2023-09-05 08:00:00+00:00,1.3659,1.36682,1.364,1.3648,30989
2023-09-05 12:00:00+00:00,1.36509,1.36599,1.36031,1.36086,47236
2023-09-05 16:00:00+00:00,1.36077,1.36409,1.35996,1.36409,27118
2023-09-05 20:00:00+00:00,1.36414,1.36432,1.36172,1.3637,9090
2023-09-06 00:00:00+00:00,1.36394,1.36562,1.3638,1.36444,24018
2023-09-06 04:00:00+00:00,1.36441,1.36628,1.36441,1.36624,8962
2023-09-06 08:00:00+00:00,1.36652,1.36715,1.364,1.36486,25890
2023-09-06 12:00:00+00:00,1.36493,1.36733,1.36229,1.36562,45398
2023-09-06 16:00:00+00:00,1.36563,1.36662,1.3637,1.36391,24913
2023-09-06 20:00:00+00:00,1.36385,1.36413,1.36234,1.3639,9194
2023-09-07 00:00:00+00:00,1.36392,1.36499,1.36362,1.36442,25396
2023-09-07 04:00:00+00:00,1.36444,1.36484,1.3638,1.36391,7857
2023-09-07 08:00:00+00:00,1.36412,1.36595,1.36387,1.36578,26569
2023-09-07 12:00:00+00:00,1.36591,1.36825,1.36484,1.36801,39988
2023-09-07 16:00:00+00:00,1.36811,1.36934,1.36737,1.3686,25301
2023-09-07 20:00:00+00:00,1.36841,1.369,1.36754,1.36826,7198
2023-09-08 00:00:00+00:00,1.36842,1.36883,1.3666,1.3669,21161
2023-09-08 04:00:00+00:00,1.36689,1.36689,1.36525,1.3665,15917
2023-09-08 08:00:00+00:00,1.36629,1.36756,1.36585,1.3662,26567
2023-09-08 12:00:00+00:00,1.36609,1.36651,1.3609,1.3623,38356
2023-09-08 16:00:00+00:00,1.36232,1.36458,1.3619,1.36431,24804
2023-09-08 20:00:00+00:00,1.36439,1.3657,1.35868,1.3656,4245
2023-09-10 16:00:00+00:00,1.36183,1.36195,1.3613,1.36195,14
2023-09-10 20:00:00+00:00,1.36183,1.36369,1.3618,1.36285,4211
2023-09-11 00:00:00+00:00,1.36281,1.3633,1.36152,1.362,26161
2023-09-11 04:00:00+00:00,1.36195,1.36209,1.35876,1.35987,25412
2023-09-11 08:00:00+00:00,1.35988,1.3607,1.3584,1.35874,24772
2023-09-11 12:00:00+00:00,1.35885,1.35993,1.35628,1.35833,35217
2023-09-11 16:00:00+00:00,1.35816,1.35862,1.3566,1.35804,22259
2023-09-11 20:00:00+00:00,1.35797,1.35803,1.35476,1.35796,9340
2023-09-12 00:00:00+00:00,1.35796,1.35921,1.357,1.3574,21314
2023-09-12 04:00:00+00:00,1.35746,1.35883,1.35737,1.3583,25015
2023-09-12 08:00:00+00:00,1.35853,1.35872,1.3573,1.358,23738
2023-09-12 12:00:00+00:00,1.35828,1.35856,1.35439,1.35537,34185
2023-09-12 16:00:00+00:00,1.35525,1.35618,1.3548,1.35589,25274
2023-09-12 20:00:00+00:00,1.35589,1.3559,1.35455,1.35526,10203
2023-09-13 00:00:00+00:00,1.3552,1.35662,1.3546,1.3562,30513
2023-09-13 04:00:00+00:00,1.35638,1.35743,1.35507,1.35619,33596
2023-09-13 08:00:00+00:00,1.35651,1.35726,1.3556,1.35624,32024
2023-09-13 12:00:00+00:00,1.35618,1.35778,1.35209,1.35344,49147
2023-09-13 16:00:00+00:00,1.35357,1.3569,1.35357,1.35539,33086
2023-09-13 20:00:00+00:00,1.35544,1.35564,1.3546,1.35523,9655
2023-09-14 00:00:00+00:00,1.35517,1.35517,1.35305,1.3534,25865
2023-09-14 04:00:00+00:00,1.3534,1.35418,1.3526,1.3538,25724
2023-09-14 08:00:00+00:00,1.35359,1.35402,1.3514,1.35202,27278
2023-09-14 12:00:00+00:00,1.3521,1.35413,1.3502,1.35125,49345
2023-09-14 16:00:00+00:00,1.35106,1.35181,1.3491,1.35165,25874
2023-09-14 20:00:00+00:00,1.3515,1.3517,1.34982,1.35156,10445
2023-09-15 00:00:00+00:00,1.35149,1.35158,1.34969,1.34987,30082
2023-09-15 04:00:00+00:00,1.34986,1.3514,1.3494,1.35033,31032
2023-09-15 08:00:00+00:00,1.35043,1.35223,1.35,1.3516,31769
2023-09-15 12:00:00+00:00,1.35178,1.35488,1.35061,1.35061,45763
2023-09-15 16:00:00+00:00,1.35076,1.35333,1.35023,1.35259,30540
2023-09-15 20:00:00+00:00,1.35244,1.3534,1.33787,1.3534,4209
2023-09-17 16:00:00+00:00,1.35047,1.35128,1.35039,1.35128,18
2023-09-17 20:00:00+00:00,1.35149,1.35258,1.35128,1.3522,2260
2023-09-18 00:00:00+00:00,1.352,1.35268,1.3512,1.35175,21075
2023-09-18 04:00:00+00:00,1.35187,1.35187,1.3496,1.35088,23000
2023-09-18 08:00:00+00:00,1.35108,1.35184,1.3501,1.3506,23328
2023-09-18 12:00:00+00:00,1.35084,1.35141,1.34718,1.34834,37763
2023-09-18 16:00:00+00:00,1.34806,1.34965,1.3474,1.3491,24122
2023-09-18 20:00:00+00:00,1.3489,1.3491,1.34806,1.34866,9245
2023-09-19 00:00:00+00:00,1.34829,1.34877,1.3474,1.3478,24494
2023-09-19 04:00:00+00:00,1.34775,1.34833,1.3456,1.34579,24508
2023-09-19 08:00:00+00:00,1.3456,1.34578,1.3424,1.3424,27770
2023-09-19 12:00:00+00:00,1.34221,1.3434,1.33873,1.34325,45234
2023-09-19 16:00:00+00:00,1.34361,1.34473,1.3435,1.34422,30996
2023-09-19 20:00:00+00:00,1.34432,1.34484,1.34408,1.34428,10520
2023-09-20 00:00:00+00:00,1.3444,1.3464,1.3442,1.3462,26812
2023-09-20 04:00:00+00:00,1.34611,1.34624,1.34442,1.345,30413
2023-09-20 08:00:00+00:00,1.34516,1.34516,1.3423,1.34301,29328
2023-09-20 12:00:00+00:00,1.34282,1.34381,1.33955,1.34257,38741
2023-09-20 16:00:00+00:00,1.34208,1.34721,1.34035,1.34715,45997
2023-09-20 20:00:00+00:00,1.34716,1.34773,1.34377,1.34773,13497
2023-09-21 00:00:00+00:00,1.34767,1.35002,1.34716,1.34889,28937
2023-09-21 04:00:00+00:00,1.34889,1.35003,1.3484,1.34891,28588
2023-09-21 08:00:00+00:00,1.3485,1.35141,1.3485,1.35108,34933
2023-09-21 12:00:00+00:00,1.35108,1.35222,1.34761,1.3486,46740
2023-09-21 16:00:00+00:00,1.34844,1.34878,1.346,1.3485,31217
2023-09-21 20:00:00+00:00,1.34849,1.34885,1.34501,1.34765,10726
2023-09-22 00:00:00+00:00,1.34746,1.34805,1.3459,1.34623,21037
2023-09-22 04:00:00+00:00,1.34624,1.34826,1.3459,1.34703,27441
2023-09-22 08:00:00+00:00,1.34702,1.34737,1.3432,1.3433,27560
2023-09-22 12:00:00+00:00,1.34257,1.34723,1.34245,1.34684,40384
2023-09-22 16:00:00+00:00,1.34718,1.34913,1.3467,1.34817,28721
2023-09-22 20:00:00+00:00,1.34816,1.349,1.34516,1.3489,4621
2023-09-24 16:00:00+00:00,1.34572,1.34577,1.34567,1.34577,6
2023-09-24 20:00:00+00:00,1.34638,1.34804,1.34528,1.34771,5590
2023-09-25 00:00:00+00:00,1.34773,1.3489,1.3471,1.34865,27494
2023-09-25 04:00:00+00:00,1.34865,1.34889,1.3471,1.34745,23549
2023-09-25 08:00:00+00:00,1.34743,1.34875,1.3453,1.3462,26019
2023-09-25 12:00:00+00:00,1.34616,1.34913,1.34572,1.3472,38990
2023-09-25 16:00:00+00:00,1.34753,1.34774,1.3456,1.34581,27503
2023-09-25 20:00:00+00:00,1.34571,1.34583,1.3447,1.34503,9958
2023-09-26 00:00:00+00:00,1.34496,1.34798,1.3448,1.34749,29594
2023-09-26 04:00:00+00:00,1.34751,1.34993,1.3471,1.34965,30619
2023-09-26 08:00:00+00:00,1.34972,1.35099,1.34778,1.35086,34107
2023-09-26 12:00:00+00:00,1.35044,1.35142,1.34875,1.35094,46799
2023-09-26 16:00:00+00:00,1.35079,1.3527,1.35054,1.35176,35855
2023-09-26 20:00:00+00:00,1.35166,1.3522,1.34858,1.35195,12825
2023-09-27 00:00:00+00:00,1.35202,1.35245,1.3501,1.3517,30365
2023-09-27 04:00:00+00:00,1.3517,1.35243,1.3516,1.35217,28921
2023-09-27 08:00:00+00:00,1.35188,1.35371,1.35117,1.35336,27955
2023-09-27 12:00:00+00:00,1.35351,1.35351,1.35021,1.35131,43666
2023-09-27 16:00:00+00:00,1.35144,1.35416,1.34962,1.35075,37605
2023-09-27 20:00:00+00:00,1.35087,1.35097,1.34907,1.35002,11458
2023-09-28 00:00:00+00:00,1.3498,1.35016,1.34827,1.34931,28619
2023-09-28 04:00:00+00:00,1.3494,1.35064,1.34865,1.3506,30910
2023-09-28 08:00:00+00:00,1.3507,1.35128,1.34812,1.34812,33683
2023-09-28 12:00:00+00:00,1.34799,1.35042,1.3474,1.34755,53600
2023-09-28 16:00:00+00:00,1.34738,1.35153,1.3469,1.34912,37237
2023-09-28 20:00:00+00:00,1.34929,1.34933,1.34445,1.34907,11858
2023-09-29 00:00:00+00:00,1.34905,1.35058,1.3474,1.34825,23836
2023-09-29 04:00:00+00:00,1.34833,1.34833,1.3442,1.3442,28521
2023-09-29 08:00:00+00:00,1.3445,1.34516,1.34169,1.34297,30991
2023-09-29 12:00:00+00:00,1.34321,1.35399,1.34215,1.35375,52613
2023-09-29 16:00:00+00:00,1.35348,1.35832,1.3526,1.3582,40188
2023-09-29 20:00:00+00:00,1.35818,1.3588,1.35341,1.3588,6026
2023-10-01 16:00:00+00:00,1.3554,1.35562,1.3551,1.35562,19
2023-10-01 20:00:00+00:00,1.35565,1.35802,1.35535,1.35733,3796
2023-10-02 00:00:00+00:00,1.35722,1.35817,1.3566,1.35812,20974
2023-10-02 04:00:00+00:00,1.35815,1.35988,1.35618,1.35822,24748
2023-10-02 08:00:00+00:00,1.35822,1.36116,1.3577,1.36087,29783
2023-10-02 12:00:00+00:00,1.36101,1.36746,1.3609,1.36669,51072
2023-10-02 16:00:00+00:00,1.36689,1.36784,1.36552,1.36709,37458
2023-10-02 20:00:00+00:00,1.367,1.36842,1.36507,1.36758,12956
2023-10-03 00:00:00+00:00,1.36811,1.36975,1.3677,1.3692,24098
2023-10-03 04:00:00+00:00,1.3692,1.37153,1.36908,1.37064,28324
2023-10-03 08:00:00+00:00,1.37067,1.37272,1.36868,1.37176,34183
2023-10-03 12:00:00+00:00,1.37177,1.37349,1.3681,1.37225,59042
2023-10-03 16:00:00+00:00,1.37211,1.37232,1.36985,1.3705,37733
2023-10-03 20:00:00+00:00,1.37073,1.37135,1.36995,1.37092,12314
2023-10-04 00:00:00+00:00,1.37099,1.37184,1.36997,1.3714,31366
2023-10-04 04:00:00+00:00,1.37137,1.37237,1.36952,1.37058,33700
2023-10-04 08:00:00+00:00,1.37038,1.37144,1.36911,1.37067,36411
2023-10-04 12:00:00+00:00,1.37058,1.37787,1.36974,1.37412,57004
2023-10-04 16:00:00+00:00,1.37421,1.37599,1.3723,1.37416,39375
2023-10-04 20:00:00+00:00,1.37429,1.3767,1.37178,1.3743,11868
2023-10-05 00:00:00+00:00,1.37487,1.3755,1.3709,1.3713,21793
2023-10-05 04:00:00+00:00,1.37125,1.37579,1.371,1.37576,27815
2023-10-05 08:00:00+00:00,1.37573,1.37849,1.3749,1.37541,34032
2023-10-05 12:00:00+00:00,1.37544,1.37632,1.37233,1.37373,55448
2023-10-05 16:00:00+00:00,1.37405,1.37425,1.37059,1.37092,38113
2023-10-05 20:00:00+00:00,1.37079,1.37106,1.37019,1.37056,9333
2023-10-06 00:00:00+00:00,1.37067,1.37135,1.3703,1.37091,23684
2023-10-06 04:00:00+00:00,1.37092,1.37274,1.36957,1.36957,26565
2023-10-06 08:00:00+00:00,1.3697,1.37219,1.3697,1.37174,31651
2023-10-06 12:00:00+00:00,1.37146,1.37295,1.36528,1.36574,66569
2023-10-06 16:00:00+00:00,1.3659,1.36766,1.3644,1.36637,39242
2023-10-06 20:00:00+00:00,1.3663,1.3681,1.3657,1.368,4384
2023-10-08 16:00:00+00:00,1.36734,1.36734,1.36481,1.36556,20
2023-10-08 20:00:00+00:00,1.36518,1.36788,1.36509,1.3662,7471
2023-10-09 00:00:00+00:00,1.36608,1.36624,1.3639,1.36603,24030
2023-10-09 04:00:00+00:00,1.36593,1.3675,1.3644,1.36712,29271
2023-10-09 08:00:00+00:00,1.36694,1.36703,1.3652,1.36592,32372
2023-10-09 12:00:00+00:00,1.366,1.36621,1.36131,1.36178,45411
2023-10-09 16:00:00+00:00,1.3618,1.36256,1.35811,1.3582,30496
2023-10-09 20:00:00+00:00,1.35815,1.3597,1.3578,1.3578,10900
2023-10-10 00:00:00+00:00,1.35776,1.35837,1.35696,1.35789,32239
2023-10-10 04:00:00+00:00,1.35793,1.36152,1.35793,1.36083,34454
2023-10-10 08:00:00+00:00,1.36097,1.36116,1.35788,1.35985,38219
2023-10-10 12:00:00+00:00,1.36003,1.36067,1.35791,1.35791,49533
2023-10-10 16:00:00+00:00,1.35796,1.35989,1.3577,1.35793,33663
2023-10-10 20:00:00+00:00,1.35798,1.3588,1.3575,1.35837,10130
2023-10-11 00:00:00+00:00,1.35825,1.35932,1.35714,1.3586,18760
2023-10-11 04:00:00+00:00,1.3586,1.35998,1.35827,1.3596,23490
2023-10-11 08:00:00+00:00,1.35967,1.36056,1.3591,1.36055,29119
2023-10-11 12:00:00+00:00,1.36085,1.36188,1.35809,1.36178,51333
2023-10-11 16:00:00+00:00,1.36169,1.36235,1.35935,1.35966,30288
2023-10-11 20:00:00+00:00,1.35963,1.3597,1.3587,1.35956,9663
2023-10-12 00:00:00+00:00,1.35921,1.35964,1.3583,1.3589,20085
2023-10-12 04:00:00+00:00,1.3589,1.35938,1.3577,1.35907,23213
2023-10-12 08:00:00+00:00,1.35904,1.3599,1.35837,1.35849,24684
2023-10-12 12:00:00+00:00,1.35827,1.36665,1.35827,1.3658,51315
2023-10-12 16:00:00+00:00,1.36578,1.36986,1.3656,1.36915,37770
2023-10-12 20:00:00+00:00,1.36912,1.36939,1.36798,1.36844,11894
2023-10-13 00:00:00+00:00,1.36838,1.36866,1.3677,1.36825,21653
2023-10-13 04:00:00+00:00,1.36828,1.36885,1.36658,1.36683,24991
2023-10-13 08:00:00+00:00,1.36642,1.36879,1.3658,1.36784,31381
2023-10-13 12:00:00+00:00,1.36773,1.36817,1.3637,1.3652,51099
2023-10-13 16:00:00+00:00,1.36524,1.36704,1.3647,1.36576,35049
2023-10-13 20:00:00+00:00,1.36573,1.3668,1.3654,1.3666,5347
2023-10-15 16:00:00+00:00,1.36418,1.3651,1.36412,1.36492,22
2023-10-15 20:00:00+00:00,1.36502,1.3658,1.36389,1.36433,4139
2023-10-16 00:00:00+00:00,1.36432,1.36534,1.3637,1.3641,22702
2023-10-16 04:00:00+00:00,1.36421,1.36527,1.3633,1.36458,24549
2023-10-16 08:00:00+00:00,1.36442,1.36549,1.3624,1.36259,26880
2023-10-16 12:00:00+00:00,1.36274,1.36377,1.36126,1.36167,45747
2023-10-16 16:00:00+00:00,1.36147,1.36198,1.3607,1.36133,30239
2023-10-16 20:00:00+00:00,1.36141,1.3616,1.3605,1.3614,12019
2023-10-17 00:00:00+00:00,1.3614,1.36315,1.3609,1.36269,21774
2023-10-17 04:00:00+00:00,1.3627,1.36333,1.3616,1.36257,22793
2023-10-17 08:00:00+00:00,1.36266,1.36443,1.362,1.36358,29223
2023-10-17 12:00:00+00:00,1.3634,1.36998,1.36218,1.36218,51166
2023-10-17 16:00:00+00:00,1.36214,1.36573,1.36214,1.36426,35907
2023-10-17 20:00:00+00:00,1.36438,1.36533,1.3641,1.36528,9840
2023-10-18 00:00:00+00:00,1.36522,1.36574,1.36318,1.36356,21400
2023-10-18 04:00:00+00:00,1.36335,1.36396,1.3624,1.36302,24340
2023-10-18 08:00:00+00:00,1.36308,1.36516,1.36172,1.36506,27167
2023-10-18 12:00:00+00:00,1.36518,1.36986,1.36468,1.36971,42320
2023-10-18 16:00:00+00:00,1.36911,1.37139,1.3679,1.37109,32971
2023-10-18 20:00:00+00:00,1.37112,1.3716,1.3707,1.37125,10283
2023-10-19 00:00:00+00:00,1.37107,1.37349,1.3709,1.37339,18904
2023-10-19 04:00:00+00:00,1.37329,1.3736,1.37168,1.3733,23411
2023-10-19 08:00:00+00:00,1.37316,1.37404,1.3713,1.3721,27136
2023-10-19 12:00:00+00:00,1.3723,1.37353,1.37054,1.37164,40488
2023-10-19 16:00:00+00:00,1.37133,1.37291,1.36809,1.37158,43096
2023-10-19 20:00:00+00:00,1.37152,1.37228,1.37115,1.37155,11183
2023-10-20 00:00:00+00:00,1.3714,1.37336,1.3704,1.37102,20770
2023-10-20 04:00:00+00:00,1.37114,1.37281,1.3707,1.3715,21911
2023-10-20 08:00:00+00:00,1.37176,1.37192,1.36824,1.36923,26145
2023-10-20 12:00:00+00:00,1.36927,1.37063,1.36715,1.36927,41737
2023-10-20 16:00:00+00:00,1.36905,1.37113,1.36862,1.37113,31528
2023-10-20 20:00:00+00:00,1.3709,1.3729,1.36965,1.3728,3762
2023-10-22 20:00:00+00:00,1.37129,1.37139,1.37028,1.37053,2167
2023-10-23 00:00:00+00:00,1.37018,1.37189,1.3701,1.37182,17370
2023-10-23 04:00:00+00:00,1.37177,1.37324,1.3708,1.373,21038
2023-10-23 08:00:00+00:00,1.3729,1.37362,1.3707,1.37174,27687
2023-10-23 12:00:00+00:00,1.37168,1.37331,1.3676,1.36778,42186
2023-10-23 16:00:00+00:00,1.36789,1.36967,1.36681,1.36943,31663
2023-10-23 20:00:00+00:00,1.36934,1.36934,1.36798,1.36887,11055
2023-10-24 00:00:00+00:00,1.36855,1.36917,1.3667,1.36717,21279
2023-10-24 04:00:00+00:00,1.36725,1.3681,1.36614,1.36781,23499
2023-10-24 08:00:00+00:00,1.36771,1.37013,1.3677,1.3693,26865
2023-10-24 12:00:00+00:00,1.369,1.37539,1.369,1.37455,42086
2023-10-24 16:00:00+00:00,1.37451,1.3752,1.3725,1.37311,25856
2023-10-24 20:00:00+00:00,1.37315,1.37439,1.37269,1.3741,10879
2023-10-25 00:00:00+00:00,1.37421,1.37448,1.37305,1.37424,21794
2023-10-25 04:00:00+00:00,1.37422,1.37655,1.3739,1.37555,22928
2023-10-25 08:00:00+00:00,1.3755,1.37829,1.37509,1.37631,25640
2023-10-25 12:00:00+00:00,1.37622,1.38079,1.37414,1.37737,41887
2023-10-25 16:00:00+00:00,1.37765,1.37986,1.37755,1.37932,30980
2023-10-25 20:00:00+00:00,1.37931,1.38064,1.37899,1.38025,12843
2023-10-26 00:00:00+00:00,1.38037,1.38165,1.37987,1.38125,22452
2023-10-26 04:00:00+00:00,1.38119,1.38193,1.38019,1.38031,24672
2023-10-26 08:00:00+00:00,1.38028,1.38165,1.379,1.38164,25907
2023-10-26 12:00:00+00:00,1.38176,1.38372,1.38057,1.38317,46276
2023-10-26 16:00:00+00:00,1.38345,1.38431,1.38127,1.38301,32385
2023-10-26 20:00:00+00:00,1.38318,1.38323,1.3815,1.3815,12241
2023-10-27 00:00:00+00:00,1.38152,1.38293,1.3804,1.38091,19827
2023-10-27 04:00:00+00:00,1.38087,1.38241,1.3803,1.3812,21789
2023-10-27 08:00:00+00:00,1.38119,1.38287,1.3794,1.38287,22956
2023-10-27 12:00:00+00:00,1.38308,1.38677,1.38182,1.38669,43543
2023-10-27 16:00:00+00:00,1.38657,1.38793,1.38623,1.38703,31993
2023-10-27 20:00:00+00:00,1.38709,1.3879,1.385,1.3879,4176
2023-10-29 16:00:00+00:00,1.38447,1.3869,1.38447,1.38586,66
2023-10-29 20:00:00+00:00,1.38589,1.38726,1.38485,1.38634,2387
2023-10-30 00:00:00+00:00,1.38639,1.38659,1.3849,1.38598,13889
2023-10-30 04:00:00+00:00,1.38617,1.38652,1.38529,1.3856,15942
2023-10-30 08:00:00+00:00,1.38572,1.38642,1.38261,1.38328,24797
2023-10-30 12:00:00+00:00,1.3831,1.38542,1.38151,1.38274,38579
2023-10-30 16:00:00+00:00,1.38273,1.38491,1.38169,1.38229,28057
2023-10-30 20:00:00+00:00,1.38215,1.3831,1.38152,1.383,8383
2023-10-31 00:00:00+00:00,1.38291,1.38487,1.3825,1.38458,19190
2023-10-31 04:00:00+00:00,1.3843,1.38516,1.3825,1.38362,19547
2023-10-31 08:00:00+00:00,1.38343,1.38388,1.38137,1.38291,25321
2023-10-31 12:00:00+00:00,1.38297,1.38846,1.38248,1.38799,41098
2023-10-31 16:00:00+00:00,1.3879,1.38911,1.3861,1.38672,27378
2023-10-31 20:00:00+00:00,1.38652,1.38781,1.38115,1.38781,9667
2023-11-01 00:00:00+00:00,1.38753,1.38881,1.3872,1.3876,19942
2023-11-01 04:00:00+00:00,1.38796,1.3883,1.3864,1.38771,19440
2023-11-01 08:00:00+00:00,1.38768,1.38915,1.38746,1.38791,24458
2023-11-01 12:00:00+00:00,1.38797,1.38908,1.3842,1.38819,42113
2023-11-01 16:00:00+00:00,1.38829,1.38972,1.38595,1.38621,38146
2023-11-01 20:00:00+00:00,1.38634,1.38712,1.38344,1.38344,11017
2023-11-02 00:00:00+00:00,1.38321,1.38356,1.3824,1.38297,17275
2023-11-02 04:00:00+00:00,1.38305,1.38449,1.3828,1.38398,17085
2023-11-02 08:00:00+00:00,1.38412,1.38512,1.38022,1.38054,25961
2023-11-02 12:00:00+00:00,1.38037,1.38167,1.37697,1.3789,39024
2023-11-02 16:00:00+00:00,1.37877,1.37949,1.3736,1.37387,26322
2023-11-02 20:00:00+00:00,1.37394,1.37484,1.3735,1.37471,9254
2023-11-03 00:00:00+00:00,1.37471,1.37597,1.37371,1.37418,16714
2023-11-03 04:00:00+00:00,1.37416,1.37416,1.37284,1.3731,16078
2023-11-03 08:00:00+00:00,1.3726,1.37537,1.3726,1.37396,23688
2023-11-03 12:00:00+00:00,1.37418,1.37428,1.36659,1.36724,45258
2023-11-03 16:00:00+00:00,1.3672,1.36842,1.36548,1.36688,27129
2023-11-03 20:00:00+00:00,1.36688,1.36711,1.36178,1.3669,4553
2023-11-05 16:00:00+00:00,1.36491,1.36711,1.36491,1.36539,20
2023-11-05 20:00:00+00:00,1.36541,1.36646,1.36479,1.36606,1328
2023-11-06 00:00:00+00:00,1.36599,1.36659,1.3647,1.36515,14778
2023-11-06 04:00:00+00:00,1.3652,1.3655,1.36433,1.36533,17871
2023-11-06 08:00:00+00:00,1.36516,1.36516,1.3629,1.36436,23650
2023-11-06 12:00:00+00:00,1.36447,1.36835,1.3639,1.36755,32122
2023-11-06 16:00:00+00:00,1.3676,1.36931,1.3662,1.36888,26382
2023-11-06 20:00:00+00:00,1.36895,1.37027,1.368,1.3696,13010
2023-11-07 00:00:00+00:00,1.36967,1.37119,1.3692,1.37091,18786
2023-11-07 04:00:00+00:00,1.37108,1.37404,1.3709,1.37378,20450
2023-11-07 08:00:00+00:00,1.37358,1.376,1.37251,1.37526,25310
2023-11-07 12:00:00+00:00,1.37519,1.37677,1.37362,1.37498,33693
2023-11-07 16:00:00+00:00,1.37475,1.37817,1.37469,1.37605,26718
2023-11-07 20:00:00+00:00,1.37593,1.377,1.3753,1.3767,11925
2023-11-08 00:00:00+00:00,1.3767,1.37739,1.37551,1.37706,16895
2023-11-08 04:00:00+00:00,1.37697,1.37826,1.3765,1.37704,18665
2023-11-08 08:00:00+00:00,1.37686,1.37925,1.3766,1.3773,25126
2023-11-08 12:00:00+00:00,1.37742,1.38033,1.3773,1.3799,34793
2023-11-08 16:00:00+00:00,1.37988,1.38142,1.3791,1.38025,31360
2023-11-08 20:00:00+00:00,1.3803,1.3804,1.3789,1.37902,12540
2023-11-09 00:00:00+00:00,1.37902,1.37963,1.3783,1.37919,16647
2023-11-09 04:00:00+00:00,1.37916,1.3795,1.3781,1.37905,16131
2023-11-09 08:00:00+00:00,1.3787,1.38061,1.3782,1.37871,25523
2023-11-09 12:00:00+00:00,1.3784,1.37906,1.37469,1.37499,34632
2023-11-09 16:00:00+00:00,1.37509,1.38152,1.37504,1.38117,35723
2023-11-09 20:00:00+00:00,1.38122,1.38146,1.37995,1.3807,16665
2023-11-10 00:00:00+00:00,1.38092,1.3814,1.3797,1.38,19074
2023-11-10 04:00:00+00:00,1.3802,1.38031,1.3791,1.37991,18026
2023-11-10 08:00:00+00:00,1.38015,1.38178,1.3795,1.38155,23800
2023-11-10 12:00:00+00:00,1.3816,1.38545,1.3808,1.38368,32883
2023-11-10 16:00:00+00:00,1.38382,1.38382,1.37965,1.38093,25477
2023-11-10 20:00:00+00:00,1.38101,1.38104,1.37302,1.3797,7768
2023-11-12 16:00:00+00:00,1.37941,1.37975,1.37936,1.37936,15
2023-11-12 20:00:00+00:00,1.37975,1.38013,1.3784,1.37971,1801
2023-11-13 00:00:00+00:00,1.3798,1.38188,1.3798,1.3814,13073
2023-11-13 04:00:00+00:00,1.38151,1.38188,1.37989,1.38003,14056
2023-11-13 08:00:00+00:00,1.3804,1.38122,1.3793,1.38077,20259
2023-11-13 12:00:00+00:00,1.38078,1.38306,1.37989,1.37992,30632
2023-11-13 16:00:00+00:00,1.37972,1.37997,1.3777,1.37976,21737
2023-11-13 20:00:00+00:00,1.37993,1.3808,1.37692,1.38008,10768
2023-11-14 00:00:00+00:00,1.38002,1.38136,1.3797,1.38113,14643
2023-11-14 04:00:00+00:00,1.3811,1.3821,1.3808,1.3814,12755
2023-11-14 08:00:00+00:00,1.38089,1.38428,1.3808,1.38353,23568
2023-11-14 12:00:00+00:00,1.38354,1.38357,1.37226,1.37257,38072
2023-11-14 16:00:00+00:00,1.37258,1.37281,1.36965,1.36965,26490
2023-11-14 20:00:00+00:00,1.3696,1.36996,1.36565,1.36994,12159
2023-11-15 00:00:00+00:00,1.36982,1.37097,1.3682,1.3684,16938
2023-11-15 04:00:00+00:00,1.3681,1.36939,1.36776,1.36848,17352
2023-11-15 08:00:00+00:00,1.36813,1.37039,1.36772,1.36779,23284
2023-11-15 12:00:00+00:00,1.3675,1.36944,1.3655,1.36601,33951
2023-11-15 16:00:00+00:00,1.36612,1.36852,1.36552,1.36824,25976
2023-11-15 20:00:00+00:00,1.36835,1.36866,1.3667,1.36834,11629
2023-11-16 00:00:00+00:00,1.3681,1.37099,1.3677,1.37079,18131
2023-11-16 04:00:00+00:00,1.3708,1.37082,1.3689,1.37035,15498
2023-11-16 08:00:00+00:00,1.37025,1.37096,1.3686,1.37055,24784
2023-11-16 12:00:00+00:00,1.3707,1.37569,1.3707,1.37418,39283
2023-11-16 16:00:00+00:00,1.37418,1.37766,1.374,1.3761,27607
2023-11-16 20:00:00+00:00,1.37621,1.37685,1.3747,1.3751,12051
2023-11-17 00:00:00+00:00,1.37528,1.37572,1.3746,1.37494,16309
2023-11-17 04:00:00+00:00,1.37484,1.37671,1.3746,1.37625,16254
2023-11-17 08:00:00+00:00,1.37638,1.37695,1.372,1.37268,29320
2023-11-17 12:00:00+00:00,1.37263,1.37334,1.37084,1.37279,37082
2023-11-17 16:00:00+00:00,1.37296,1.37442,1.3708,1.37182,24949
2023-11-17 20:00:00+00:00,1.37174,1.3719,1.36017,1.3719,8487
2023-11-19 16:00:00+00:00,1.37071,1.37095,1.37059,1.37059,6
2023-11-19 20:00:00+00:00,1.37075,1.37206,1.3704,1.37206,1808
2023-11-20 00:00:00+00:00,1.37212,1.37264,1.3697,1.36984,18659
2023-11-20 04:00:00+00:00,1.36956,1.37077,1.36901,1.37067,18936
2023-11-20 08:00:00+00:00,1.37043,1.372,1.37,1.3716,24992
2023-11-20 12:00:00+00:00,1.37174,1.3748,1.37089,1.37294,30712
2023-11-20 16:00:00+00:00,1.37299,1.37362,1.37136,1.372,22639
2023-11-20 20:00:00+00:00,1.37229,1.37283,1.37118,1.3726,11964
2023-11-21 00:00:00+00:00,1.3725,1.3729,1.37049,1.37086,20574
2023-11-21 04:00:00+00:00,1.37068,1.37267,1.3703,1.37237,20490
2023-11-21 08:00:00+00:00,1.37229,1.37307,1.36989,1.371,26960
2023-11-21 12:00:00+00:00,1.37101,1.37237,1.36831,1.369,35459
2023-11-21 16:00:00+00:00,1.36901,1.37048,1.3679,1.36994,26565
2023-11-21 20:00:00+00:00,1.3698,1.37037,1.36931,1.36992,13491
2023-11-22 00:00:00+00:00,1.3699,1.37055,1.36911,1.3702,18513
2023-11-22 04:00:00+00:00,1.3704,1.37243,1.3698,1.37141,19517
2023-11-22 08:00:00+00:00,1.3711,1.37273,1.3699,1.37073,26781
2023-11-22 12:00:00+00:00,1.37095,1.3764,1.37026,1.37442,39508
2023-11-22 16:00:00+00:00,1.37447,1.37447,1.3691,1.37024,27382
2023-11-22 20:00:00+00:00,1.37026,1.37031,1.3683,1.369,11015
2023-11-23 00:00:00+00:00,1.36911,1.36929,1.368,1.36814,15338
2023-11-23 04:00:00+00:00,1.36811,1.36835,1.36512,1.36586,16858
2023-11-23 08:00:00+00:00,1.36616,1.3689,1.36549,1.36835,24454
2023-11-23 12:00:00+00:00,1.36853,1.37101,1.3684,1.36988,23070
2023-11-23 16:00:00+00:00,1.36987,1.37019,1.3689,1.36955,8943
2023-11-23 20:00:00+00:00,1.3695,1.37,1.3691,1.36957,8198
2023-11-24 00:00:00+00:00,1.36952,1.37112,1.369,1.3704,14821
2023-11-24 04:00:00+00:00,1.37048,1.3708,1.3692,1.36946,14149
2023-11-24 08:00:00+00:00,1.36927,1.36983,1.3679,1.3684,20590
2023-11-24 12:00:00+00:00,1.36839,1.36874,1.35948,1.36014,30066
2023-11-24 16:00:00+00:00,1.36036,1.36386,1.3597,1.36226,20564
2023-11-24 20:00:00+00:00,1.36222,1.3643,1.35611,1.3643,9645
2023-11-26 16:00:00+00:00,1.36057,1.36355,1.36057,1.36337,38
2023-11-26 20:00:00+00:00,1.36337,1.36364,1.3624,1.36306,1275
2023-11-27 00:00:00+00:00,1.36316,1.36589,1.36241,1.3652,16271
2023-11-27 04:00:00+00:00,1.3654,1.36605,1.3629,1.36332,17710
2023-11-27 08:00:00+00:00,1.36321,1.36586,1.36229,1.36312,22615
2023-11-27 12:00:00+00:00,1.36296,1.36528,1.36226,1.36367,33110
2023-11-27 16:00:00+00:00,1.36369,1.3645,1.3618,1.36231,21741
2023-11-27 20:00:00+00:00,1.36223,1.36278,1.3604,1.3604,11647
2023-11-28 00:00:00+00:00,1.36042,1.36107,1.3598,1.3602,17666
2023-11-28 04:00:00+00:00,1.3604,1.36076,1.35932,1.35982,15766
2023-11-28 08:00:00+00:00,1.35956,1.36071,1.3575,1.3584,22627
2023-11-28 12:00:00+00:00,1.35868,1.36111,1.35752,1.35823,37599
2023-11-28 16:00:00+00:00,1.35835,1.35908,1.356,1.35666,29193
2023-11-28 20:00:00+00:00,1.3566,1.35804,1.3562,1.3563,13480
2023-11-29 00:00:00+00:00,1.3564,1.35668,1.354,1.35472,20614
2023-11-29 04:00:00+00:00,1.35482,1.3566,1.3542,1.35653,18150
2023-11-29 08:00:00+00:00,1.35623,1.3593,1.35584,1.3568,25162
2023-11-29 12:00:00+00:00,1.35683,1.36108,1.35664,1.35895,37086
2023-11-29 16:00:00+00:00,1.35891,1.36128,1.357,1.35843,26188
2023-11-29 20:00:00+00:00,1.35852,1.3599,1.35707,1.35921,12625
2023-11-30 00:00:00+00:00,1.35919,1.35931,1.3576,1.35779,17503
2023-11-30 04:00:00+00:00,1.35779,1.35967,1.3567,1.35853,16985
2023-11-30 08:00:00+00:00,1.35804,1.36183,1.35771,1.36099,26932
2023-11-30 12:00:00+00:00,1.36098,1.36252,1.35528,1.3564,41070
2023-11-30 16:00:00+00:00,1.35618,1.35888,1.35551,1.35671,29471
2023-11-30 20:00:00+00:00,1.3568,1.35747,1.35532,1.3555,16269
2023-12-01 00:00:00+00:00,1.35545,1.35546,1.3533,1.35441,17450
2023-12-01 04:00:00+00:00,1.35438,1.35491,1.3535,1.35408,17914
2023-12-01 08:00:00+00:00,1.35377,1.35377,1.3516,1.3522,23144
2023-12-01 12:00:00+00:00,1.35202,1.35506,1.34967,1.35149,35632
2023-12-01 16:00:00+00:00,1.35199,1.35199,1.3487,1.34936,35406
2023-12-01 20:00:00+00:00,1.34931,1.3523,1.3484,1.3495,9717
2023-12-03 16:00:00+00:00,1.34967,1.34986,1.34903,1.34986,34
2023-12-03 20:00:00+00:00,1.34985,1.35028,1.34797,1.34892,2564
2023-12-04 00:00:00+00:00,1.34877,1.35171,1.34874,1.35171,17052
2023-12-04 04:00:00+00:00,1.35173,1.35363,1.3514,1.35361,17536
2023-12-04 08:00:00+00:00,1.35351,1.35512,1.35337,1.35395,25469
2023-12-04 12:00:00+00:00,1.35405,1.35616,1.35188,1.35383,38529
2023-12-04 16:00:00+00:00,1.3536,1.35532,1.35285,1.35422,27814
2023-12-04 20:00:00+00:00,1.35428,1.35525,1.35262,1.3538,13519
2023-12-05 00:00:00+00:00,1.35397,1.35647,1.3536,1.35587,17875
2023-12-05 04:00:00+00:00,1.35585,1.35675,1.3554,1.35665,17399
2023-12-05 08:00:00+00:00,1.35599,1.35714,1.3548,1.35709,25630
2023-12-05 12:00:00+00:00,1.35723,1.35908,1.35565,1.35599,38984
2023-12-05 16:00:00+00:00,1.35634,1.3588,1.35569,1.3587,27274
2023-12-05 20:00:00+00:00,1.35861,1.35936,1.35816,1.35918,11197
2023-12-06 00:00:00+00:00,1.3589,1.35908,1.35679,1.35699,17306
2023-12-06 04:00:00+00:00,1.35698,1.3579,1.35587,1.35652,14801
2023-12-06 08:00:00+00:00,1.35613,1.35881,1.35598,1.35739,24167
2023-12-06 12:00:00+00:00,1.35721,1.35726,1.35495,1.3564,34906
2023-12-06 16:00:00+00:00,1.35613,1.35888,1.35605,1.35876,27400
2023-12-06 20:00:00+00:00,1.3587,1.35964,1.35814,1.35918,13839
2023-12-07 00:00:00+00:00,1.35914,1.3607,1.3587,1.3602,15657
2023-12-07 04:00:00+00:00,1.36056,1.36069,1.3584,1.35864,17365
2023-12-07 08:00:00+00:00,1.35862,1.35992,1.3584,1.35935,24203
2023-12-07 12:00:00+00:00,1.35936,1.36185,1.35708,1.36009,36483
2023-12-07 16:00:00+00:00,1.35995,1.36101,1.35839,1.3593,29338
2023-12-07 20:00:00+00:00,1.35939,1.3603,1.35813,1.35964,10705
2023-12-08 00:00:00+00:00,1.35954,1.3597,1.3571,1.35735,18544
2023-12-08 04:00:00+00:00,1.35733,1.35913,1.3571,1.35878,16238
2023-12-08 08:00:00+00:00,1.35863,1.35915,1.35644,1.35812,23753
2023-12-08 12:00:00+00:00,1.35823,1.36067,1.35507,1.35826,41336
2023-12-08 16:00:00+00:00,1.3582,1.36086,1.35762,1.35838,27324
2023-12-08 20:00:00+00:00,1.3584,1.3592,1.35383,1.3592,8017
2023-12-10 16:00:00+00:00,1.35647,1.35904,1.35647,1.35792,23
2023-12-10 20:00:00+00:00,1.35773,1.35867,1.35767,1.35808,1551
2023-12-11 00:00:00+00:00,1.35805,1.35998,1.35788,1.35996,16474
2023-12-11 04:00:00+00:00,1.35999,1.3604,1.3582,1.35918,17166
2023-12-11 08:00:00+00:00,1.35903,1.35987,1.3581,1.35916,24059
2023-12-11 12:00:00+00:00,1.35908,1.35908,1.35508,1.35643,31158
2023-12-11 16:00:00+00:00,1.35652,1.3588,1.3563,1.35701,24880
2023-12-11 20:00:00+00:00,1.35691,1.3579,1.35629,1.35784,10227
2023-12-12 00:00:00+00:00,1.3577,1.35772,1.3553,1.35558,14030
2023-12-12 04:00:00+00:00,1.35564,1.35592,1.3548,1.35551,14283
2023-12-12 08:00:00+00:00,1.35587,1.35728,1.35566,1.35655,23359
2023-12-12 12:00:00+00:00,1.35646,1.3614,1.35493,1.36015,35343
2023-12-12 16:00:00+00:00,1.36022,1.36173,1.35951,1.35951,24907
2023-12-12 20:00:00+00:00,1.35946,1.35948,1.3584,1.3585,12295
2023-12-13 00:00:00+00:00,1.3584,1.3599,1.3584,1.35952,12573
2023-12-13 04:00:00+00:00,1.3595,1.36051,1.3588,1.35995,14617
2023-12-13 08:00:00+00:00,1.36009,1.36081,1.35853,1.35882,22091
2023-12-13 12:00:00+00:00,1.35857,1.35876,1.35512,1.35734,30399
2023-12-13 16:00:00+00:00,1.3571,1.35913,1.34998,1.3502,30326
2023-12-13 20:00:00+00:00,1.35025,1.3518,1.34834,1.35097,19795
2023-12-14 00:00:00+00:00,1.35082,1.35082,1.3455,1.34624,20637
2023-12-14 04:00:00+00:00,1.34616,1.34811,1.3459,1.34745,18433
2023-12-14 08:00:00+00:00,1.3476,1.3476,1.3444,1.34451,30267
2023-12-14 12:00:00+00:00,1.34439,1.34504,1.34156,1.34208,39043
2023-12-14 16:00:00+00:00,1.34225,1.34241,1.3393,1.3409,25300
2023-12-14 20:00:00+00:00,1.3407,1.3413,1.33968,1.34043,12963
2023-12-15 00:00:00+00:00,1.34058,1.34139,1.3386,1.33886,16494
2023-12-15 04:00:00+00:00,1.3389,1.33987,1.3383,1.33878,16903
2023-12-15 08:00:00+00:00,1.33841,1.33848,1.3372,1.338,25322
2023-12-15 12:00:00+00:00,1.33791,1.34031,1.33679,1.33711,36034
2023-12-15 16:00:00+00:00,1.33687,1.33824,1.33538,1.33703,26694
2023-12-15 20:00:00+00:00,1.33696,1.3396,1.33378,1.3395,10026
2023-12-17 16:00:00+00:00,1.3359,1.33616,1.3359,1.33605,8
2023-12-17 20:00:00+00:00,1.33612,1.33812,1.33556,1.33812,1646
2023-12-18 00:00:00+00:00,1.33813,1.33877,1.3372,1.33782,14790
2023-12-18 04:00:00+00:00,1.3376,1.3381,1.3368,1.3381,16289
2023-12-18 08:00:00+00:00,1.33817,1.3384,1.3362,1.33628,20531
2023-12-18 12:00:00+00:00,1.33617,1.34028,1.33495,1.33963,28617
2023-12-18 16:00:00+00:00,1.33978,1.34088,1.3385,1.33918,21815
2023-12-18 20:00:00+00:00,1.33925,1.3401,1.33871,1.33977,11428
2023-12-19 00:00:00+00:00,1.33986,1.33991,1.3387,1.3392,15476
2023-12-19 04:00:00+00:00,1.3391,1.33996,1.3388,1.3396,14873
2023-12-19 08:00:00+00:00,1.33938,1.33938,1.338,1.3389,20055
2023-12-19 12:00:00+00:00,1.3387,1.33893,1.3334,1.33394,29164
2023-12-19 16:00:00+00:00,1.3337,1.33491,1.3332,1.33358,19517
2023-12-19 20:00:00+00:00,1.3335,1.3345,1.33102,1.3336,12969
2023-12-20 00:00:00+00:00,1.33387,1.33476,1.3335,1.33461,13378
2023-12-20 04:00:00+00:00,1.33459,1.33528,1.3342,1.33444,15852
2023-12-20 08:00:00+00:00,1.33429,1.33439,1.3323,1.33385,20810
2023-12-20 12:00:00+00:00,1.33398,1.33501,1.33191,1.33199,25980
2023-12-20 16:00:00+00:00,1.332,1.3343,1.33118,1.33418,22807
2023-12-20 20:00:00+00:00,1.33441,1.3372,1.33434,1.33592,17127
2023-12-21 00:00:00+00:00,1.3358,1.3358,1.3349,1.33561,15215
2023-12-21 04:00:00+00:00,1.33568,1.33585,1.3347,1.33532,16784
2023-12-21 08:00:00+00:00,1.33503,1.3357,1.33391,1.33406,21507
2023-12-21 12:00:00+00:00,1.334,1.3354,1.33053,1.33074,35137
2023-12-21 16:00:00+00:00,1.3307,1.33213,1.3286,1.32905,31491
2023-12-21 20:00:00+00:00,1.32916,1.32949,1.32145,1.32839,12657
2023-12-22 00:00:00+00:00,1.32798,1.32886,1.3274,1.3286,14070
2023-12-22 04:00:00+00:00,1.32877,1.32922,1.32783,1.32783,14002
2023-12-22 08:00:00+00:00,1.32753,1.32806,1.3269,1.32715,21824
2023-12-22 12:00:00+00:00,1.32713,1.32882,1.32208,1.3267,31522
2023-12-22 16:00:00+00:00,1.32665,1.3284,1.32533,1.32593,26833
2023-12-22 20:00:00+00:00,1.32602,1.3295,1.22153,1.3295,9510
2023-12-24 20:00:00+00:00,1.32642,1.32642,1.32558,1.32568,12
2023-12-25 00:00:00+00:00,1.32592,1.3289,1.31787,1.32336,5791
2023-12-25 04:00:00+00:00,1.32659,1.327,1.32147,1.32545,11970
2023-12-25 08:00:00+00:00,1.32544,1.3259,1.31946,1.32404,10833
2023-12-25 12:00:00+00:00,1.32555,1.3265,1.31746,1.3256,9602
2023-12-25 16:00:00+00:00,1.32555,1.3261,1.31946,1.32499,10042
2023-12-25 20:00:00+00:00,1.32549,1.3261,1.32192,1.32517,8358
2023-12-26 00:00:00+00:00,1.32524,1.3261,1.325,1.325,10421
2023-12-26 04:00:00+00:00,1.32507,1.32541,1.3244,1.32502,10891
2023-12-26 08:00:00+00:00,1.32509,1.32611,1.3245,1.32479,13809
2023-12-26 12:00:00+00:00,1.32489,1.32494,1.3201,1.32079,20948
2023-12-26 16:00:00+00:00,1.32089,1.32139,1.32,1.32012,18394
2023-12-26 20:00:00+00:00,1.32028,1.32039,1.31887,1.31949,10582
2023-12-27 00:00:00+00:00,1.31952,1.32094,1.3191,1.3193,13894
2023-12-27 04:00:00+00:00,1.31945,1.3196,1.31845,1.3196,14009
2023-12-27 08:00:00+00:00,1.31989,1.32085,1.31905,1.31981,18656
2023-12-27 12:00:00+00:00,1.31997,1.32091,1.31787,1.32043,23745
2023-12-27 16:00:00+00:00,1.32069,1.32189,1.31911,1.32127,20925
2023-12-27 20:00:00+00:00,1.32127,1.32149,1.31874,1.32045,10547
2023-12-28 00:00:00+00:00,1.32044,1.32054,1.3192,1.31965,13652
2023-12-28 04:00:00+00:00,1.31971,1.32054,1.319,1.3191,16589
2023-12-28 08:00:00+00:00,1.319,1.32252,1.31888,1.32175,21848
2023-12-28 12:00:00+00:00,1.32171,1.32318,1.3184,1.31862,28433
2023-12-28 16:00:00+00:00,1.3185,1.32349,1.31818,1.32304,23844
2023-12-28 20:00:00+00:00,1.32313,1.3233,1.31779,1.3228,12116
2023-12-29 00:00:00+00:00,1.32286,1.32315,1.3222,1.32265,15115
2023-12-29 04:00:00+00:00,1.3224,1.32406,1.3222,1.3239,12675
2023-12-29 08:00:00+00:00,1.32374,1.32636,1.3235,1.3254,19458
2023-12-29 12:00:00+00:00,1.32526,1.32635,1.31805,1.31859,27473
2023-12-29 16:00:00+00:00,1.31872,1.32502,1.31794,1.32383,26645
2023-12-29 20:00:00+00:00,1.32396,1.32545,1.30593,1.30958,10870
2023-12-31 20:00:00+00:00,1.32392,1.32392,1.32392,1.32392,1
2024-01-01 00:00:00+00:00,1.3249,1.3249,1.32392,1.32392,2
2024-01-01 04:00:00+00:00,1.32402,1.32402,1.32402,1.32402,1
2024-01-01 08:00:00+00:00,1.32402,1.32402,1.32402,1.32402,2
2024-01-01 16:00:00+00:00,1.3252,1.3321,1.29914,1.32485,4534
2024-01-01 20:00:00+00:00,1.3248,1.3254,1.31021,1.32441,6982
2024-01-02 00:00:00+00:00,1.32429,1.32558,1.32291,1.32555,16018
2024-01-02 04:00:00+00:00,1.3255,1.32571,1.3236,1.32506,16227
2024-01-02 08:00:00+00:00,1.32468,1.32704,1.32282,1.32679,22609
2024-01-02 12:00:00+00:00,1.32707,1.3327,1.32707,1.33126,34470
2024-01-02 16:00:00+00:00,1.33135,1.33326,1.3303,1.33268,25523
2024-01-02 20:00:00+00:00,1.33269,1.33338,1.33171,1.33214,13099
2024-01-03 00:00:00+00:00,1.33213,1.33315,1.3316,1.33251,17014
2024-01-03 04:00:00+00:00,1.33251,1.33337,1.332,1.33244,17990
2024-01-03 08:00:00+00:00,1.33238,1.33458,1.3322,1.33432,26040
2024-01-03 12:00:00+00:00,1.33421,1.3366,1.3336,1.33504,31172
2024-01-03 16:00:00+00:00,1.33488,1.3371,1.33443,1.33552,31148
2024-01-03 20:00:00+00:00,1.33539,1.33584,1.33446,1.33481,15416
2024-01-04 00:00:00+00:00,1.33504,1.33543,1.3337,1.33383,14481
2024-01-04 04:00:00+00:00,1.33385,1.33429,1.33176,1.33193,16522
2024-01-04 08:00:00+00:00,1.3321,1.33376,1.3317,1.3336,23966
2024-01-04 12:00:00+00:00,1.33382,1.33646,1.33295,1.33535,34071
2024-01-04 16:00:00+00:00,1.33556,1.33609,1.33479,1.33562,24037
2024-01-04 20:00:00+00:00,1.33563,1.3357,1.33436,1.33557,13195
2024-01-05 00:00:00+00:00,1.33575,1.3362,1.3346,1.33603,13565
2024-01-05 04:00:00+00:00,1.33597,1.33714,1.3354,1.3359,15698
2024-01-05 08:00:00+00:00,1.33597,1.33792,1.3354,1.33726,22975
2024-01-05 12:00:00+00:00,1.33706,1.3398,1.3287,1.33232,39113
2024-01-05 16:00:00+00:00,1.33227,1.33665,1.3316,1.33616,30343
2024-01-05 20:00:00+00:00,1.33624,1.33678,1.33597,1.3365,9837
2024-01-07 20:00:00+00:00,1.33393,1.33644,1.33393,1.33598,1346
2024-01-08 00:00:00+00:00,1.33598,1.33716,1.33447,1.33697,12672
2024-01-08 04:00:00+00:00,1.33703,1.33786,1.3359,1.33756,14616
2024-01-08 08:00:00+00:00,1.33784,1.33932,1.3376,1.33886,26235
2024-01-08 12:00:00+00:00,1.33891,1.34047,1.33729,1.33732,31789
2024-01-08 16:00:00+00:00,1.33704,1.33752,1.3348,1.33511,23871
2024-01-08 20:00:00+00:00,1.33515,1.33576,1.3343,1.33509,11073
2024-01-09 00:00:00+00:00,1.33511,1.33532,1.334,1.33484,13402
2024-01-09 04:00:00+00:00,1.33482,1.33641,1.3348,1.33549,14198
2024-01-09 08:00:00+00:00,1.33577,1.33772,1.335,1.33744,21409
2024-01-09 12:00:00+00:00,1.3375,1.3413,1.3352,1.34021,30013
2024-01-09 16:00:00+00:00,1.34019,1.34051,1.3382,1.33952,26056
2024-01-09 20:00:00+00:00,1.33925,1.34009,1.3345,1.33894,11808
2024-01-10 00:00:00+00:00,1.33885,1.33887,1.3375,1.338,14871
2024-01-10 04:00:00+00:00,1.33829,1.33937,1.3379,1.3385,14443
2024-01-10 08:00:00+00:00,1.33854,1.33898,1.3365,1.33747,20734
2024-01-10 12:00:00+00:00,1.33739,1.33887,1.3367,1.33801,28784
2024-01-10 16:00:00+00:00,1.33813,1.33895,1.33768,1.33769,21705
2024-01-10 20:00:00+00:00,1.3377,1.33834,1.33678,1.33796,11339
2024-01-11 00:00:00+00:00,1.33798,1.33798,1.3356,1.33599,11106
2024-01-11 04:00:00+00:00,1.3357,1.33657,1.3354,1.3365,12342
2024-01-11 08:00:00+00:00,1.33679,1.3378,1.3362,1.33646,16399
2024-01-11 12:00:00+00:00,1.33649,1.34295,1.33466,1.34295,17463
2024-01-11 16:00:00+00:00,1.34307,1.34423,1.33946,1.3396,26367
2024-01-11 20:00:00+00:00,1.33957,1.3407,1.33271,1.33783,14098
2024-01-12 00:00:00+00:00,1.33784,1.33837,1.3368,1.3376,16244
2024-01-12 04:00:00+00:00,1.3374,1.33854,1.3372,1.33762,14899
2024-01-12 08:00:00+00:00,1.3375,1.33839,1.3348,1.33766,22313
2024-01-12 12:00:00+00:00,1.33767,1.33868,1.33447,1.33854,35405
2024-01-12 16:00:00+00:00,1.33849,1.341,1.33781,1.34046,27144
2024-01-12 20:00:00+00:00,1.34037,1.34086,1.33591,1.33591,8811
2024-01-14 20:00:00+00:00,1.33998,1.34113,1.33959,1.34064,2046
2024-01-15 00:00:00+00:00,1.34063,1.34136,1.33825,1.3388,15451
2024-01-15 04:00:00+00:00,1.3389,1.34108,1.3388,1.34095,15436
2024-01-15 08:00:00+00:00,1.3406,1.34239,1.3402,1.3413,20480
2024-01-15 12:00:00+00:00,1.3415,1.34423,1.34097,1.34358,22228
2024-01-15 16:00:00+00:00,1.34337,1.34474,1.3432,1.34351,9781
2024-01-15 20:00:00+00:00,1.34348,1.34357,1.34204,1.34357,6256
2024-01-16 00:00:00+00:00,1.34359,1.34737,1.3434,1.34728,16137
2024-01-16 04:00:00+00:00,1.34732,1.34833,1.3468,1.34816,15391
2024-01-16 08:00:00+00:00,1.34852,1.34998,1.3482,1.34862,25934
2024-01-16 12:00:00+00:00,1.34863,1.34926,1.34466,1.34745,33037
2024-01-16 16:00:00+00:00,1.34842,1.35011,1.34582,1.34935,31168
2024-01-16 20:00:00+00:00,1.34927,1.35015,1.34713,1.3488,10419
2024-01-17 00:00:00+00:00,1.34897,1.34997,1.34807,1.34992,15721
2024-01-17 04:00:00+00:00,1.34992,1.35207,1.34941,1.35173,18890
2024-01-17 08:00:00+00:00,1.3517,1.35292,1.35119,1.35253,24471
2024-01-17 12:00:00+00:00,1.35247,1.35403,1.35045,1.35187,33956
2024-01-17 16:00:00+00:00,1.3516,1.35347,1.3511,1.35182,25653
2024-01-17 20:00:00+00:00,1.3519,1.3526,1.34556,1.35014,10864
2024-01-18 00:00:00+00:00,1.35005,1.35042,1.34832,1.34929,16502
2024-01-18 04:00:00+00:00,1.3494,1.34969,1.34804,1.34921,14410
2024-01-18 08:00:00+00:00,1.34945,1.35037,1.34831,1.34888,19801
2024-01-18 12:00:00+00:00,1.34877,1.35241,1.3481,1.35138,33457
2024-01-18 16:00:00+00:00,1.35163,1.35171,1.34902,1.35037,27639
2024-01-18 20:00:00+00:00,1.35032,1.35032,1.34745,1.3485,11834
2024-01-19 00:00:00+00:00,1.3484,1.34923,1.3482,1.34853,15998
2024-01-19 04:00:00+00:00,1.3485,1.35015,1.3483,1.34867,16456
2024-01-19 08:00:00+00:00,1.34884,1.34908,1.34631,1.34703,21089
2024-01-19 12:00:00+00:00,1.34696,1.34921,1.34543,1.34634,32218
2024-01-19 16:00:00+00:00,1.34636,1.3477,1.34348,1.34348,26443
2024-01-19 20:00:00+00:00,1.34333,1.34369,1.34124,1.34124,8272
2024-01-21 20:00:00+00:00,1.34256,1.34378,1.34237,1.34316,2492
2024-01-22 00:00:00+00:00,1.3434,1.34365,1.3421,1.34344,12962
2024-01-22 04:00:00+00:00,1.34347,1.34436,1.3429,1.34333,14463
2024-01-22 08:00:00+00:00,1.34337,1.34365,1.3417,1.34179,19880
2024-01-22 12:00:00+00:00,1.34189,1.34476,1.3414,1.34456,28383
2024-01-22 16:00:00+00:00,1.34471,1.34743,1.3446,1.34741,20715
2024-01-22 20:00:00+00:00,1.34742,1.3483,1.34649,1.34779,11072
2024-01-23 00:00:00+00:00,1.34776,1.34849,1.34647,1.34666,17282
2024-01-23 04:00:00+00:00,1.34662,1.347,1.3451,1.34675,16033
2024-01-23 08:00:00+00:00,1.34648,1.34815,1.34648,1.34776,20520
2024-01-23 12:00:00+00:00,1.34798,1.34887,1.34647,1.34815,25779
2024-01-23 16:00:00+00:00,1.34812,1.34914,1.3463,1.34679,20418
2024-01-23 20:00:00+00:00,1.34685,1.34691,1.34533,1.3456,8868
2024-01-24 00:00:00+00:00,1.3456,1.34767,1.3456,1.34747,13845
2024-01-24 04:00:00+00:00,1.3475,1.34768,1.34506,1.34537,13667
2024-01-24 08:00:00+00:00,1.34568,1.34568,1.3437,1.34496,20029
2024-01-24 12:00:00+00:00,1.34478,1.34903,1.3428,1.34862,31748
2024-01-24 16:00:00+00:00,1.34851,1.3523,1.3473,1.35144,26897
2024-01-24 20:00:00+00:00,1.35147,1.35275,1.35147,1.35253,10903
2024-01-25 00:00:00+00:00,1.35255,1.35339,1.3514,1.3518,14716
2024-01-25 04:00:00+00:00,1.35176,1.3524,1.3513,1.35206,12111
2024-01-25 08:00:00+00:00,1.35187,1.35295,1.35009,1.35064,19253
2024-01-25 12:00:00+00:00,1.35077,1.35175,1.34874,1.35011,34695
2024-01-25 16:00:00+00:00,1.34999,1.3505,1.34781,1.3479,26476
2024-01-25 20:00:00+00:00,1.34793,1.34837,1.34679,1.34793,10689
2024-01-26 00:00:00+00:00,1.3479,1.34819,1.3464,1.34669,12614
2024-01-26 04:00:00+00:00,1.34666,1.34823,1.3462,1.34736,14299
2024-01-26 08:00:00+00:00,1.34699,1.34764,1.3442,1.3442,20046
2024-01-26 12:00:00+00:00,1.34417,1.34586,1.34155,1.34463,32513
2024-01-26 16:00:00+00:00,1.34468,1.34671,1.34439,1.34475,22401
2024-01-26 20:00:00+00:00,1.34475,1.3452,1.33707,1.33707,7760
2024-01-28 20:00:00+00:00,1.34522,1.34555,1.34447,1.34555,1266
2024-01-29 00:00:00+00:00,1.34562,1.34581,1.3445,1.34483,12478
2024-01-29 04:00:00+00:00,1.34471,1.3451,1.34316,1.3435,14137
2024-01-29 08:00:00+00:00,1.34336,1.34418,1.3429,1.34329,16951
2024-01-29 12:00:00+00:00,1.3432,1.34646,1.3424,1.34518,25307
2024-01-29 16:00:00+00:00,1.34506,1.34561,1.3429,1.34312,17842
2024-01-29 20:00:00+00:00,1.34267,1.34267,1.3407,1.34114,12225
2024-01-30 00:00:00+00:00,1.34094,1.341,1.3401,1.34096,13619
2024-01-30 04:00:00+00:00,1.3407,1.34148,1.34,1.34066,14133
2024-01-30 08:00:00+00:00,1.34053,1.34118,1.3397,1.34108,18706
2024-01-30 12:00:00+00:00,1.3409,1.34453,1.34013,1.34295,29066
2024-01-30 16:00:00+00:00,1.34286,1.34321,1.3398,1.33988,21064
2024-01-30 20:00:00+00:00,1.3399,1.34015,1.3395,1.34013,10736
2024-01-31 00:00:00+00:00,1.34006,1.3423,1.3396,1.34206,14947
2024-01-31 04:00:00+00:00,1.34205,1.34216,1.3413,1.34162,11940
2024-01-31 08:00:00+00:00,1.3416,1.34313,1.3409,1.34292,18944
2024-01-31 12:00:00+00:00,1.3429,1.34359,1.33592,1.33595,33081
2024-01-31 16:00:00+00:00,1.33604,1.34138,1.33604,1.34015,35617
2024-01-31 20:00:00+00:00,1.34032,1.34456,1.34032,1.34317,20996
2024-02-01 00:00:00+00:00,1.34297,1.34352,1.3427,1.3427,1839
2024-02-01 12:00:00+00:00,1.3419,1.34226,1.34126,1.34132,4547
2024-02-01 16:00:00+00:00,1.34124,1.34124,1.3366,1.33857,34387
2024-02-01 20:00:00+00:00,1.33874,1.3392,1.33781,1.33844,11808
2024-02-02 00:00:00+00:00,1.33825,1.33825,1.3369,1.33748,15320
2024-02-02 04:00:00+00:00,1.3374,1.33809,1.3371,1.33806,15630
2024-02-02 08:00:00+00:00,1.33801,1.33809,1.33655,1.33758,17205
2024-02-02 12:00:00+00:00,1.33753,1.34751,1.3368,1.34514,37026
2024-02-02 16:00:00+00:00,1.34522,1.34739,1.3451,1.34613,28689
2024-02-02 20:00:00+00:00,1.34615,1.3464,1.34273,1.34292,8075
2024-02-04 20:00:00+00:00,1.34583,1.34744,1.34581,1.34701,2119
2024-02-05 00:00:00+00:00,1.34727,1.34883,1.3465,1.3475,16852
2024-02-05 04:00:00+00:00,1.3475,1.34785,1.34671,1.34785,16308
2024-02-05 08:00:00+00:00,1.34777,1.34913,1.3472,1.34884,18424
2024-02-05 12:00:00+00:00,1.34886,1.3543,1.3486,1.35377,26816
2024-02-05 16:00:00+00:00,1.35377,1.35435,1.3521,1.35352,21676
2024-02-05 20:00:00+00:00,1.35371,1.35436,1.35248,1.35433,11011
2024-02-06 00:00:00+00:00,1.3542,1.3542,1.3516,1.35209,14036
2024-02-06 04:00:00+00:00,1.3519,1.35225,1.3505,1.3515,15334
2024-02-06 08:00:00+00:00,1.35147,1.35415,1.35141,1.35256,19421
2024-02-06 12:00:00+00:00,1.35252,1.35416,1.3515,1.35233,32561
2024-02-06 16:00:00+00:00,1.35241,1.35241,1.34763,1.34832,28930
2024-02-06 20:00:00+00:00,1.34835,1.34935,1.34761,1.34892,11495
2024-02-07 00:00:00+00:00,1.34905,1.3493,1.3472,1.3483,15976
2024-02-07 04:00:00+00:00,1.3482,1.34892,1.3476,1.3481,16161
2024-02-07 08:00:00+00:00,1.34828,1.34887,1.3468,1.34761,23518
2024-02-07 12:00:00+00:00,1.34775,1.348,1.34553,1.34678,31305
2024-02-07 16:00:00+00:00,1.34702,1.34783,1.3459,1.34655,25368
2024-02-07 20:00:00+00:00,1.34654,1.34674,1.3457,1.34622,10664
2024-02-08 00:00:00+00:00,1.34609,1.34621,1.3447,1.3452,15800
2024-02-08 04:00:00+00:00,1.34523,1.34586,1.3447,1.34562,14051
2024-02-08 08:00:00+00:00,1.34559,1.34803,1.3455,1.34762,21672
2024-02-08 12:00:00+00:00,1.3476,1.34916,1.34636,1.34636,31875
2024-02-08 16:00:00+00:00,1.34635,1.34738,1.3452,1.34563,22811
2024-02-08 20:00:00+00:00,1.34547,1.3466,1.34521,1.34598,10694
2024-02-09 00:00:00+00:00,1.34584,1.34637,1.3456,1.34627,14807
2024-02-09 04:00:00+00:00,1.34628,1.34653,1.34549,1.34595,13678
2024-02-09 08:00:00+00:00,1.34605,1.34632,1.345,1.34527,20618
2024-02-09 12:00:00+00:00,1.3452,1.34611,1.34138,1.3461,33625
2024-02-09 16:00:00+00:00,1.34618,1.34808,1.3452,1.34626,19944
2024-02-09 20:00:00+00:00,1.34621,1.34651,1.33661,1.33921,8851
2024-02-11 20:00:00+00:00,1.34588,1.34646,1.34547,1.34576,1504
2024-02-12 00:00:00+00:00,1.34574,1.34635,1.3451,1.3461,7757
2024-02-12 04:00:00+00:00,1.34601,1.34626,1.345,1.34529,10995
2024-02-12 08:00:00+00:00,1.34535,1.34692,1.34535,1.3466,21122
2024-02-12 12:00:00+00:00,1.34649,1.34746,1.34458,1.34477,25442
2024-02-12 16:00:00+00:00,1.3446,1.3458,1.343,1.34555,22061
2024-02-12 20:00:00+00:00,1.34543,1.34563,1.3447,1.34554,10693
2024-02-13 00:00:00+00:00,1.34536,1.34595,1.3449,1.34591,11778
2024-02-13 04:00:00+00:00,1.3457,1.34605,1.3446,1.34534,14899
2024-02-13 08:00:00+00:00,1.34521,1.34618,1.344,1.34485,20455
2024-02-13 12:00:00+00:00,1.34447,1.35757,1.34354,1.35526,38722
2024-02-13 16:00:00+00:00,1.3552,1.35856,1.35455,1.35847,26961
2024-02-13 20:00:00+00:00,1.35847,1.35852,1.35326,1.35656,12843
2024-02-14 00:00:00+00:00,1.3567,1.35714,1.3558,1.35606,13860
2024-02-14 04:00:00+00:00,1.35596,1.35619,1.3547,1.35516,14691
2024-02-14 08:00:00+00:00,1.35524,1.35611,1.353,1.3534,20685
2024-02-14 12:00:00+00:00,1.3533,1.35626,1.35314,1.3554,32308
2024-02-14 16:00:00+00:00,1.3553,1.35596,1.35406,1.35449,26048
2024-02-14 20:00:00+00:00,1.35436,1.3547,1.3537,1.35382,10115
2024-02-15 00:00:00+00:00,1.35387,1.35506,1.3535,1.35447,12356
2024-02-15 04:00:00+00:00,1.35439,1.3546,1.35387,1.35441,12508
2024-02-15 08:00:00+00:00,1.35427,1.35438,1.35289,1.35406,19142
2024-02-15 12:00:00+00:00,1.35393,1.3542,1.34768,1.3497,33318
2024-02-15 16:00:00+00:00,1.34991,1.35104,1.3468,1.34699,24260
2024-02-15 20:00:00+00:00,1.347,1.34746,1.3459,1.34652,11099
2024-02-16 00:00:00+00:00,1.34651,1.34854,1.3463,1.34832,12583
2024-02-16 04:00:00+00:00,1.34834,1.34854,1.3475,1.34776,12576
2024-02-16 08:00:00+00:00,1.34779,1.34846,1.3472,1.3475,18277
2024-02-16 12:00:00+00:00,1.34766,1.35057,1.347,1.34824,32675
2024-02-16 16:00:00+00:00,1.34814,1.34904,1.3468,1.34903,24188
2024-02-16 20:00:00+00:00,1.34881,1.34893,1.34052,1.34052,7598
2024-02-18 20:00:00+00:00,1.34698,1.34852,1.34698,1.34775,1346
2024-02-19 00:00:00+00:00,1.34771,1.34813,1.3466,1.34813,13159
2024-02-19 04:00:00+00:00,1.34813,1.34828,1.347,1.34761,13568
2024-02-19 08:00:00+00:00,1.3474,1.34808,1.347,1.34739,17901
2024-02-19 12:00:00+00:00,1.34739,1.34955,1.3469,1.34928,17681
2024-02-19 16:00:00+00:00,1.34924,1.34949,1.3486,1.34896,7434
2024-02-19 20:00:00+00:00,1.3489,1.35004,1.34706,1.3497,5937
2024-02-20 00:00:00+00:00,1.34973,1.35102,1.3494,1.35062,14172
2024-02-20 04:00:00+00:00,1.35063,1.35103,1.3499,1.35099,12591
2024-02-20 08:00:00+00:00,1.35083,1.35098,1.3489,1.34902,13751
2024-02-20 12:00:00+00:00,1.34803,1.35295,1.3471,1.35093,31882
2024-02-20 16:00:00+00:00,1.35081,1.35275,1.35081,1.35228,26117
2024-02-20 20:00:00+00:00,1.35242,1.3528,1.35066,1.35232,11148
2024-02-21 00:00:00+00:00,1.35231,1.35276,1.3505,1.35076,14671
2024-02-21 04:00:00+00:00,1.35088,1.35177,1.3504,1.35177,14928
2024-02-21 08:00:00+00:00,1.35214,1.35351,1.35137,1.35271,21584
2024-02-21 12:00:00+00:00,1.3526,1.35301,1.3504,1.351,28715
2024-02-21 16:00:00+00:00,1.35126,1.35188,1.34991,1.35017,28075
2024-02-21 20:00:00+00:00,1.3501,1.35144,1.3493,1.3493,14258
2024-02-22 00:00:00+00:00,1.3496,1.34966,1.3481,1.34867,13822
2024-02-22 04:00:00+00:00,1.3485,1.34877,1.3452,1.3454,13492
2024-02-22 08:00:00+00:00,1.3452,1.34644,1.34398,1.34527,23144
2024-02-22 12:00:00+00:00,1.34532,1.35069,1.3453,1.34999,32687
2024-02-22 16:00:00+00:00,1.35004,1.35033,1.34829,1.34886,23097
2024-02-22 20:00:00+00:00,1.34885,1.34885,1.34761,1.348,11156
2024-02-23 00:00:00+00:00,1.34821,1.34938,1.3477,1.3482,15194
2024-02-23 04:00:00+00:00,1.348,1.34824,1.3474,1.34764,12111
2024-02-23 08:00:00+00:00,1.34746,1.3502,1.3472,1.34794,21682
2024-02-23 12:00:00+00:00,1.34809,1.35032,1.3459,1.35019,29668
2024-02-23 16:00:00+00:00,1.35024,1.35162,1.34904,1.35007,22324
2024-02-23 20:00:00+00:00,1.34996,1.351,1.34207,1.34207,7419
2024-02-25 20:00:00+00:00,1.34911,1.35103,1.34893,1.35103,1329
2024-02-26 00:00:00+00:00,1.35083,1.35189,1.35082,1.35149,10065
2024-02-26 04:00:00+00:00,1.35152,1.35175,1.3505,1.35174,11592
2024-02-26 08:00:00+00:00,1.35199,1.3528,1.3511,1.35155,17162
2024-02-26 12:00:00+00:00,1.3514,1.35253,1.35,1.35147,25641
2024-02-26 16:00:00+00:00,1.3515,1.35198,1.351,1.35129,18777
2024-02-26 20:00:00+00:00,1.3512,1.3512,1.34841,1.35013,9846
2024-02-27 00:00:00+00:00,1.35006,1.35132,1.35,1.3504,15007
2024-02-27 04:00:00+00:00,1.35058,1.35058,1.3492,1.3499,13025
2024-02-27 08:00:00+00:00,1.34991,1.35008,1.3489,1.3491,21073
2024-02-27 12:00:00+00:00,1.349,1.35364,1.3483,1.35197,27322
2024-02-27 16:00:00+00:00,1.35221,1.35386,1.3514,1.35286,22070
2024-02-27 20:00:00+00:00,1.35293,1.3533,1.35188,1.35312,10043
2024-02-28 00:00:00+00:00,1.35312,1.35436,1.3527,1.35401,13190
2024-02-28 04:00:00+00:00,1.35392,1.35583,1.3538,1.35528,12766
2024-02-28 08:00:00+00:00,1.35531,1.35872,1.35531,1.35778,21784
2024-02-28 12:00:00+00:00,1.3576,1.36045,1.35597,1.35648,29010
2024-02-28 16:00:00+00:00,1.3565,1.35825,1.3562,1.3579,20703
2024-02-28 20:00:00+00:00,1.35756,1.35805,1.354,1.35775,11051
2024-02-29 00:00:00+00:00,1.35781,1.35844,1.3569,1.35708,13879
2024-02-29 04:00:00+00:00,1.3571,1.35801,1.3567,1.35768,13756
2024-02-29 08:00:00+00:00,1.3574,1.35914,1.35724,1.35841,23648
2024-02-29 12:00:00+00:00,1.35846,1.35972,1.3542,1.35631,32300
2024-02-29 16:00:00+00:00,1.35626,1.35845,1.3561,1.3577,23925
2024-02-29 20:00:00+00:00,1.35739,1.35812,1.35663,1.3569,12670
2024-03-01 00:00:00+00:00,1.35674,1.35748,1.3559,1.35631,11676
2024-03-01 04:00:00+00:00,1.35632,1.35792,1.3561,1.35792,11118
2024-03-01 08:00:00+00:00,1.35801,1.35914,1.3569,1.35741,20094
2024-03-01 12:00:00+00:00,1.3576,1.35997,1.3547,1.35517,30338
2024-03-01 16:00:00+00:00,1.3551,1.35608,1.3544,1.35589,22650
2024-03-01 20:00:00+00:00,1.35597,1.3562,1.35558,1.3562,6733
2024-03-03 20:00:00+00:00,1.35453,1.35557,1.35453,1.35513,1699
2024-03-04 00:00:00+00:00,1.35516,1.35641,1.3544,1.35588,10310
2024-03-04 04:00:00+00:00,1.35589,1.3566,1.3555,1.35572,10738
2024-03-04 08:00:00+00:00,1.3558,1.35713,1.3555,1.3563,18253
2024-03-04 12:00:00+00:00,1.35639,1.35827,1.3559,1.35615,27062
2024-03-04 16:00:00+00:00,1.35624,1.35812,1.3555,1.35799,19539
2024-03-04 20:00:00+00:00,1.35789,1.35803,1.35682,1.3574,10406
2024-03-05 00:00:00+00:00,1.35769,1.35837,1.3571,1.35791,13789
2024-03-05 04:00:00+00:00,1.35792,1.35985,1.3577,1.35969,13749
2024-03-05 08:00:00+00:00,1.35942,1.36046,1.3578,1.35863,16999
2024-03-05 12:00:00+00:00,1.35873,1.35977,1.35569,1.35686,27404
2024-03-05 16:00:00+00:00,1.35678,1.35937,1.35678,1.35937,23878
2024-03-05 20:00:00+00:00,1.3592,1.35997,1.35813,1.359,11955
2024-03-06 00:00:00+00:00,1.3589,1.35993,1.3581,1.3584,12471
2024-03-06 04:00:00+00:00,1.35865,1.3588,1.3578,1.35877,12204
2024-03-06 08:00:00+00:00,1.35918,1.35932,1.3574,1.35766,18343
2024-03-06 12:00:00+00:00,1.3575,1.35892,1.35096,1.35136,31430
2024-03-06 16:00:00+00:00,1.35153,1.35226,1.3496,1.35165,26919
2024-03-06 20:00:00+00:00,1.35179,1.35226,1.35072,1.35118,10703
2024-03-07 00:00:00+00:00,1.35119,1.35251,1.3506,1.351,17246
2024-03-07 04:00:00+00:00,1.3507,1.35159,1.3502,1.35078,16357
2024-03-07 08:00:00+00:00,1.35066,1.35152,1.3495,1.3499,19960
2024-03-07 12:00:00+00:00,1.34987,1.35004,1.34764,1.34783,31148
2024-03-07 16:00:00+00:00,1.34762,1.34785,1.34542,1.34565,21260
2024-03-07 20:00:00+00:00,1.34598,1.3474,1.34018,1.34528,10927
2024-03-08 00:00:00+00:00,1.34535,1.34583,1.3446,1.34487,12695
2024-03-08 04:00:00+00:00,1.34485,1.34492,1.3441,1.34424,12520
2024-03-08 08:00:00+00:00,1.344,1.34534,1.343,1.34513,19198
2024-03-08 12:00:00+00:00,1.34518,1.34668,1.34228,1.34513,34798
2024-03-08 16:00:00+00:00,1.3453,1.34976,1.3453,1.34838,29386
2024-03-08 20:00:00+00:00,1.3483,1.34964,1.335,1.335,8131
2024-03-10 20:00:00+00:00,1.34829,1.3491,1.34805,1.34805,2100
2024-03-11 00:00:00+00:00,1.34826,1.34869,1.34739,1.34829,11911
2024-03-11 04:00:00+00:00,1.34839,1.34925,1.3477,1.34821,13502
2024-03-11 08:00:00+00:00,1.34802,1.34815,1.34699,1.34763,19719
2024-03-11 12:00:00+00:00,1.34779,1.35086,1.34771,1.34869,29209
2024-03-11 16:00:00+00:00,1.34859,1.34913,1.3477,1.3482,18998
2024-03-11 20:00:00+00:00,1.348,1.3485,1.3475,1.3475,7496
2024-03-12 00:00:00+00:00,1.3477,1.34813,1.347,1.34749,12728
2024-03-12 04:00:00+00:00,1.34746,1.34783,1.3469,1.34727,12776
2024-03-12 08:00:00+00:00,1.34729,1.34839,1.3465,1.34802,18103
2024-03-12 12:00:00+00:00,1.34807,1.35239,1.34712,1.34966,39707
2024-03-12 16:00:00+00:00,1.34982,1.35096,1.34914,1.34916,20596
2024-03-12 20:00:00+00:00,1.3492,1.3494,1.3487,1.34931,6386
2024-03-13 00:00:00+00:00,1.3494,1.34968,1.3488,1.3491,16192
2024-03-13 04:00:00+00:00,1.3493,1.34977,1.34876,1.34876,16373
2024-03-13 08:00:00+00:00,1.34859,1.34968,1.34846,1.34862,17258
2024-03-13 12:00:00+00:00,1.34877,1.34935,1.34597,1.34712,25335
2024-03-13 16:00:00+00:00,1.34726,1.34726,1.3459,1.34709,18279
2024-03-13 20:00:00+00:00,1.34706,1.3473,1.34602,1.3463,7860
2024-03-14 00:00:00+00:00,1.34644,1.34766,1.3462,1.34762,11897
2024-03-14 04:00:00+00:00,1.3474,1.34801,1.347,1.34714,12132
2024-03-14 08:00:00+00:00,1.34699,1.34747,1.3459,1.34622,17340
2024-03-14 12:00:00+00:00,1.3462,1.35336,1.34609,1.35177,33313
2024-03-14 16:00:00+00:00,1.3519,1.35407,1.3513,1.35296,20971
2024-03-14 20:00:00+00:00,1.35302,1.35406,1.35153,1.3534,7972
2024-03-15 00:00:00+00:00,1.3536,1.35425,1.3533,1.35348,15326
2024-03-15 04:00:00+00:00,1.35348,1.35451,1.3531,1.35451,14775
2024-03-15 08:00:00+00:00,1.35431,1.35489,1.35249,1.35282,16111
2024-03-15 12:00:00+00:00,1.35278,1.3535,1.35101,1.35315,29303
2024-03-15 16:00:00+00:00,1.35315,1.35513,1.3529,1.35448,17652
2024-03-15 20:00:00+00:00,1.35436,1.35457,1.3491,1.3527,2696
2024-03-17 20:00:00+00:00,1.35397,1.35479,1.35397,1.35459,1279
2024-03-18 00:00:00+00:00,1.35466,1.35498,1.3532,1.35391,10673
2024-03-18 04:00:00+00:00,1.35383,1.35403,1.352,1.35236,10439
2024-03-18 08:00:00+00:00,1.35268,1.35454,1.35232,1.35423,15166
2024-03-18 12:00:00+00:00,1.35424,1.35504,1.353,1.35412,23843
2024-03-18 16:00:00+00:00,1.35437,1.35474,1.3528,1.35375,15375
2024-03-18 20:00:00+00:00,1.35383,1.3543,1.35058,1.3535,6751
2024-03-19 00:00:00+00:00,1.35346,1.35514,1.3533,1.3544,15053
2024-03-19 04:00:00+00:00,1.35436,1.35719,1.354,1.35642,18649
2024-03-19 08:00:00+00:00,1.35641,1.35797,1.35624,1.35682,17671
2024-03-19 12:00:00+00:00,1.35678,1.36121,1.35631,1.35792,24001
2024-03-19 16:00:00+00:00,1.35782,1.3582,1.35542,1.3567,17839
2024-03-19 20:00:00+00:00,1.35668,1.3574,1.35527,1.3574,7275
2024-03-20 00:00:00+00:00,1.35753,1.35815,1.3568,1.35695,13080
2024-03-20 04:00:00+00:00,1.3569,1.35876,1.3569,1.35872,13601
2024-03-20 08:00:00+00:00,1.35886,1.36046,1.35886,1.35938,16106
2024-03-20 12:00:00+00:00,1.35914,1.35962,1.35634,1.35634,22002
2024-03-20 16:00:00+00:00,1.35653,1.35653,1.34827,1.34853,32025
2024-03-20 20:00:00+00:00,1.34848,1.3495,1.3471,1.34728,10446
2024-03-21 00:00:00+00:00,1.34748,1.34766,1.3461,1.34653,17208
2024-03-21 04:00:00+00:00,1.34653,1.34689,1.3457,1.34679,14542
2024-03-21 08:00:00+00:00,1.34707,1.35123,1.34707,1.35123,20611
2024-03-21 12:00:00+00:00,1.35118,1.35408,1.34949,1.35378,30017
2024-03-21 16:00:00+00:00,1.35371,1.35393,1.3525,1.3534,17890
2024-03-21 20:00:00+00:00,1.35315,1.35331,1.35237,1.35274,6876
2024-03-22 00:00:00+00:00,1.35273,1.3562,1.3518,1.3561,15696
2024-03-22 04:00:00+00:00,1.3561,1.35738,1.3553,1.35655,15167
2024-03-22 08:00:00+00:00,1.35633,1.35871,1.3562,1.35798,18093
2024-03-22 12:00:00+00:00,1.3579,1.36056,1.3562,1.35955,26660
2024-03-22 16:00:00+00:00,1.3596,1.36137,1.3593,1.36107,16059
2024-03-22 20:00:00+00:00,1.3609,1.3632,1.35741,1.3604,3128
2024-03-24 20:00:00+00:00,1.36051,1.36117,1.36051,1.36117,1284
2024-03-25 00:00:00+00:00,1.3611,1.36132,1.3584,1.35977,15446
2024-03-25 04:00:00+00:00,1.3596,1.36059,1.35921,1.36006,13498
2024-03-25 08:00:00+00:00,1.36019,1.36019,1.35826,1.3584,16727
2024-03-25 12:00:00+00:00,1.35843,1.35927,1.35711,1.35808,21182
2024-03-25 16:00:00+00:00,1.35803,1.3587,1.3577,1.3584,12633
2024-03-25 20:00:00+00:00,1.35837,1.35882,1.358,1.3585,6260
2024-03-26 00:00:00+00:00,1.35848,1.35869,1.3571,1.3582,12918
2024-03-26 04:00:00+00:00,1.35851,1.35875,1.3573,1.35868,12156
2024-03-26 08:00:00+00:00,1.3583,1.35895,1.35591,1.3564,16236
2024-03-26 12:00:00+00:00,1.35652,1.35802,1.35529,1.35697,22447
2024-03-26 16:00:00+00:00,1.3569,1.35864,1.3568,1.35863,13951
2024-03-26 20:00:00+00:00,1.35862,1.35876,1.3576,1.35819,6235
2024-03-27 00:00:00+00:00,1.35832,1.3599,1.35819,1.3592,14490
2024-03-27 04:00:00+00:00,1.35944,1.35961,1.3587,1.35951,13301
2024-03-27 08:00:00+00:00,1.3594,1.36077,1.3585,1.35971,17212
2024-03-27 12:00:00+00:00,1.35983,1.36051,1.35727,1.35878,21411
2024-03-27 16:00:00+00:00,1.35871,1.3593,1.3569,1.3569,14884
2024-03-27 20:00:00+00:00,1.3568,1.3588,1.3564,1.3583,7861
2024-03-28 00:00:00+00:00,1.35855,1.35907,1.357,1.35775,15949
2024-03-28 04:00:00+00:00,1.35781,1.3594,1.3572,1.35929,13761
2024-03-28 08:00:00+00:00,1.3594,1.36128,1.3583,1.35963,15643
2024-03-28 12:00:00+00:00,1.35983,1.35983,1.35312,1.35312,25078
2024-03-28 16:00:00+00:00,1.3534,1.35462,1.3524,1.3544,18057
2024-03-28 20:00:00+00:00,1.35471,1.35501,1.35243,1.35363,6895
2024-03-29 00:00:00+00:00,1.35369,1.35402,1.3532,1.3538,5183
2024-03-29 04:00:00+00:00,1.35402,1.35606,1.3539,1.3552,4590
2024-03-29 08:00:00+00:00,1.3552,1.35544,1.3547,1.35508,5998
2024-03-29 12:00:00+00:00,1.35498,1.35498,1.3533,1.35412,9657
2024-03-29 16:00:00+00:00,1.354,1.3546,1.3539,1.35444,6255
2024-03-29 20:00:00+00:00,1.35444,1.35444,1.34868,1.3539,2334
2024-03-31 20:00:00+00:00,1.35277,1.35327,1.3518,1.35216,2840
2024-04-01 00:00:00+00:00,1.35238,1.35317,1.3515,1.3524,12574
2024-04-01 04:00:00+00:00,1.35242,1.35347,1.3522,1.35292,10336
2024-04-01 08:00:00+00:00,1.35299,1.355,1.3523,1.355,10713
2024-04-01 12:00:00+00:00,1.35496,1.35846,1.35394,1.3581,22816
2024-04-01 16:00:00+00:00,1.3582,1.3586,1.3571,1.35743,12526
2024-04-01 20:00:00+00:00,1.35747,1.35771,1.35651,1.35737,6802
2024-04-02 00:00:00+00:00,1.35762,1.35799,1.3568,1.35799,13068
2024-04-02 04:00:00+00:00,1.35809,1.35843,1.35664,1.3568,12974
2024-04-02 08:00:00+00:00,1.35689,1.35689,1.35566,1.3562,15608
2024-04-02 12:00:00+00:00,1.35624,1.35834,1.3559,1.35713,22915
2024-04-02 16:00:00+00:00,1.3569,1.3578,1.3567,1.35722,12176
2024-04-02 20:00:00+00:00,1.35727,1.35737,1.356,1.35642,7132
2024-04-03 00:00:00+00:00,1.3565,1.35742,1.356,1.35633,12027
2024-04-03 04:00:00+00:00,1.35634,1.35792,1.356,1.35787,12465
2024-04-03 08:00:00+00:00,1.35789,1.35884,1.35638,1.35642,13973
2024-04-03 12:00:00+00:00,1.35634,1.35723,1.3512,1.35229,26086
2024-04-03 16:00:00+00:00,1.3524,1.35378,1.3521,1.35327,17413
2024-04-03 20:00:00+00:00,1.3532,1.35326,1.35206,1.3524,6816
2024-04-04 00:00:00+00:00,1.35222,1.35275,1.3511,1.3515,12784
2024-04-04 04:00:00+00:00,1.35152,1.35154,1.3501,1.35117,13181
2024-04-04 08:00:00+00:00,1.35106,1.3511,1.3495,1.3502,12409
2024-04-04 12:00:00+00:00,1.35,1.35031,1.3478,1.34952,20575
2024-04-04 16:00:00+00:00,1.34953,1.35583,1.3493,1.35529,20177
2024-04-04 20:00:00+00:00,1.35522,1.35522,1.35367,1.35435,12532
2024-04-05 00:00:00+00:00,1.35459,1.35772,1.35409,1.35704,16591
2024-04-05 04:00:00+00:00,1.35695,1.35733,1.3557,1.35602,14737
2024-04-05 08:00:00+00:00,1.35632,1.35664,1.3549,1.35592,15126
2024-04-05 12:00:00+00:00,1.35596,1.36469,1.35551,1.35815,34820
2024-04-05 16:00:00+00:00,1.35815,1.35934,1.35749,1.35899,19477
2024-04-05 20:00:00+00:00,1.35903,1.35914,1.3573,1.3588,2679
2024-04-07 20:00:00+00:00,1.35959,1.36049,1.35959,1.3604,1884
2024-04-08 00:00:00+00:00,1.36067,1.36163,1.3583,1.36018,18207
2024-04-08 04:00:00+00:00,1.36013,1.36048,1.3591,1.35947,16309
2024-04-08 08:00:00+00:00,1.35947,1.36024,1.3585,1.35963,17154
2024-04-08 12:00:00+00:00,1.3598,1.35993,1.35699,1.35846,27107
2024-04-08 16:00:00+00:00,1.35864,1.35921,1.357,1.3577,15780
2024-04-08 20:00:00+00:00,1.35768,1.3584,1.3567,1.35707,7501
2024-04-09 00:00:00+00:00,1.35705,1.35841,1.3567,1.35827,12626
2024-04-09 04:00:00+00:00,1.35827,1.35827,1.3569,1.35794,12624
2024-04-09 08:00:00+00:00,1.35812,1.3583,1.3559,1.35763,15835
2024-04-09 12:00:00+00:00,1.35781,1.35984,1.35472,1.35831,30148
2024-04-09 16:00:00+00:00,1.35815,1.35903,1.3571,1.35719,19095
2024-04-09 20:00:00+00:00,1.35724,1.3576,1.3566,1.35728,6263
2024-04-10 00:00:00+00:00,1.3572,1.35721,1.3562,1.35691,13783
2024-04-10 04:00:00+00:00,1.35698,1.35706,1.3556,1.35623,14374
2024-04-10 08:00:00+00:00,1.35625,1.357,1.35574,1.3558,9622
2024-04-10 12:00:00+00:00,1.3638,1.36948,1.36324,1.36907,36658
2024-04-10 16:00:00+00:00,1.369,1.37019,1.36728,1.36778,30077
2024-04-10 20:00:00+00:00,1.36784,1.36894,1.36682,1.36885,8789
2024-04-11 00:00:00+00:00,1.36912,1.36931,1.3676,1.36797,15736
2024-04-11 04:00:00+00:00,1.368,1.36943,1.3673,1.36804,16434
2024-04-11 08:00:00+00:00,1.36782,1.36924,1.3674,1.3688,19138
2024-04-11 12:00:00+00:00,1.36912,1.37255,1.36618,1.37065,39420
2024-04-11 16:00:00+00:00,1.37059,1.37073,1.3674,1.36826,22032
2024-04-11 20:00:00+00:00,1.36832,1.3693,1.3679,1.3686,7359
2024-04-12 00:00:00+00:00,1.3686,1.37017,1.3682,1.37012,13900
2024-04-12 04:00:00+00:00,1.37009,1.37275,1.3699,1.37233,16936
2024-04-12 08:00:00+00:00,1.37221,1.37517,1.37214,1.3744,19496
2024-04-12 12:00:00+00:00,1.37481,1.37709,1.3742,1.37574,36935
2024-04-12 16:00:00+00:00,1.37577,1.37867,1.3754,1.37763,25719
2024-04-12 20:00:00+00:00,1.37764,1.37774,1.36587,1.3773,3023
2024-04-14 20:00:00+00:00,1.37656,1.37772,1.3753,1.3759,2524
2024-04-15 00:00:00+00:00,1.3757,1.378,1.37538,1.37577,18183
2024-04-15 04:00:00+00:00,1.37586,1.37621,1.37427,1.37471,19629
2024-04-15 08:00:00+00:00,1.37472,1.37472,1.37336,1.37414,20395
2024-04-15 12:00:00+00:00,1.37422,1.37722,1.37254,1.37519,34394
2024-04-15 16:00:00+00:00,1.3751,1.37933,1.375,1.37846,26425
2024-04-15 20:00:00+00:00,1.37846,1.3793,1.378,1.37865,7890
2024-04-16 00:00:00+00:00,1.37881,1.38124,1.37856,1.38026,18814
2024-04-16 04:00:00+00:00,1.3801,1.38104,1.3788,1.37956,20864
2024-04-16 08:00:00+00:00,1.37971,1.38026,1.3774,1.37763,22762
2024-04-16 12:00:00+00:00,1.37788,1.38455,1.37787,1.38256,38726
2024-04-16 16:00:00+00:00,1.38222,1.38421,1.3803,1.38177,33743
2024-04-16 20:00:00+00:00,1.38189,1.38316,1.3816,1.3819,9383
2024-04-17 00:00:00+00:00,1.3818,1.38246,1.3809,1.3819,18028
2024-04-17 04:00:00+00:00,1.3816,1.38358,1.3805,1.38144,19553
2024-04-17 08:00:00+00:00,1.3815,1.38161,1.38,1.3807,19758
2024-04-17 12:00:00+00:00,1.38086,1.38143,1.37828,1.38054,33188
2024-04-17 16:00:00+00:00,1.38066,1.38177,1.3758,1.37718,31637
2024-04-17 20:00:00+00:00,1.37703,1.3778,1.37579,1.37711,9429
2024-04-18 00:00:00+00:00,1.37725,1.37747,1.37494,1.37495,16267
2024-04-18 04:00:00+00:00,1.3748,1.37593,1.374,1.37575,17493
2024-04-18 08:00:00+00:00,1.37581,1.37604,1.3747,1.37516,18753
2024-04-18 12:00:00+00:00,1.37511,1.37703,1.37469,1.37565,35499
2024-04-18 16:00:00+00:00,1.37524,1.37806,1.37524,1.37677,25619
2024-04-18 20:00:00+00:00,1.37681,1.37731,1.37587,1.37707,8665
2024-04-19 00:00:00+00:00,1.37707,1.38024,1.3765,1.3777,35421
2024-04-19 04:00:00+00:00,1.37753,1.37894,1.3746,1.37477,25100
2024-04-19 08:00:00+00:00,1.37504,1.37751,1.37504,1.3761,23679
2024-04-19 12:00:00+00:00,1.37633,1.37672,1.3723,1.37434,34577
2024-04-19 16:00:00+00:00,1.37415,1.37629,1.37379,1.37498,27280
2024-04-19 20:00:00+00:00,1.37496,1.3798,1.36606,1.3797,2852
2024-04-21 20:00:00+00:00,1.37476,1.37501,1.3737,1.3738,1815
2024-04-22 00:00:00+00:00,1.3737,1.37411,1.3714,1.3727,15813
2024-04-22 04:00:00+00:00,1.37273,1.37385,1.3718,1.37351,17386
2024-04-22 08:00:00+00:00,1.37353,1.37362,1.3715,1.3717,19771
2024-04-22 12:00:00+00:00,1.3717,1.3749,1.371,1.37223,27053
2024-04-22 16:00:00+00:00,1.37214,1.37214,1.3686,1.3702,19812
2024-04-22 20:00:00+00:00,1.37016,1.37045,1.36893,1.3699,7834
2024-04-23 00:00:00+00:00,1.36978,1.37043,1.3689,1.37,18103
2024-04-23 04:00:00+00:00,1.36995,1.37068,1.36903,1.36986,19233
2024-04-23 08:00:00+00:00,1.37002,1.3714,1.36943,1.3702,18345
2024-04-23 12:00:00+00:00,1.37037,1.37047,1.36568,1.36763,32121
2024-04-23 16:00:00+00:00,1.36739,1.36772,1.3657,1.36605,19156
2024-04-23 20:00:00+00:00,1.36607,1.3668,1.36577,1.36617,6900
2024-04-24 00:00:00+00:00,1.36621,1.36645,1.3654,1.36628,14305
2024-04-24 04:00:00+00:00,1.36627,1.3682,1.36605,1.36763,14446
2024-04-24 08:00:00+00:00,1.3677,1.36892,1.3675,1.3687,14566
2024-04-24 12:00:00+00:00,1.36876,1.37287,1.36629,1.37221,18570
2024-04-24 16:00:00+00:00,1.37186,1.37223,1.36947,1.37002,17841
2024-04-24 20:00:00+00:00,1.37014,1.37064,1.3661,1.3702,7421
2024-04-25 00:00:00+00:00,1.3702,1.37036,1.3692,1.36938,14004
2024-04-25 04:00:00+00:00,1.36941,1.36949,1.3677,1.36795,14384
2024-04-25 08:00:00+00:00,1.36804,1.36828,1.3664,1.3674,15912
2024-04-25 12:00:00+00:00,1.36752,1.373,1.36718,1.36923,37235
2024-04-25 16:00:00+00:00,1.36924,1.36956,1.36499,1.36626,22629
2024-04-25 20:00:00+00:00,1.36623,1.36627,1.36438,1.36594,8543
2024-04-26 00:00:00+00:00,1.36597,1.36625,1.365,1.36562,16787
2024-04-26 04:00:00+00:00,1.3655,1.36568,1.36367,1.36477,16966
2024-04-26 08:00:00+00:00,1.36472,1.36598,1.36377,1.36561,19535
2024-04-26 12:00:00+00:00,1.36558,1.36941,1.36412,1.36796,33544
2024-04-26 16:00:00+00:00,1.36809,1.36821,1.3652,1.36666,17697
2024-04-26 20:00:00+00:00,1.36653,1.3679,1.3661,1.3679,3279
2024-04-28 20:00:00+00:00,1.36653,1.3667,1.36555,1.36555,1283
2024-04-29 00:00:00+00:00,1.36556,1.36592,1.3641,1.36489,17236
2024-04-29 04:00:00+00:00,1.36491,1.36586,1.363,1.3656,23774
2024-04-29 08:00:00+00:00,1.36545,1.36632,1.3644,1.36519,17622
2024-04-29 12:00:00+00:00,1.36536,1.36751,1.3647,1.36513,23484
2024-04-29 16:00:00+00:00,1.3651,1.36714,1.3644,1.3662,20228
2024-04-29 20:00:00+00:00,1.36619,1.3672,1.36462,1.3665,7727
2024-04-30 00:00:00+00:00,1.36675,1.36821,1.3662,1.36798,14043
2024-04-30 04:00:00+00:00,1.36793,1.37004,1.36789,1.36922,15130
2024-04-30 08:00:00+00:00,1.3693,1.36981,1.3681,1.3691,15615
2024-04-30 12:00:00+00:00,1.36916,1.3754,1.36726,1.3745,36491
2024-04-30 16:00:00+00:00,1.37473,1.37673,1.37473,1.37673,19810
2024-04-30 20:00:00+00:00,1.37666,1.37837,1.37485,1.3777,9411
2024-05-01 00:00:00+00:00,1.37755,1.37822,1.3772,1.37788,11816
2024-05-01 04:00:00+00:00,1.37787,1.37817,1.3771,1.3771,7489
2024-05-01 08:00:00+00:00,1.3772,1.37756,1.3764,1.37707,13114
2024-05-01 12:00:00+00:00,1.37686,1.37738,1.3753,1.37602,27662
2024-05-01 16:00:00+00:00,1.37621,1.37725,1.37042,1.37588,35096
2024-05-01 20:00:00+00:00,1.37604,1.37604,1.37171,1.37305,7859
2024-05-02 00:00:00+00:00,1.37202,1.37283,1.3715,1.37257,6573
2024-05-02 04:00:00+00:00,1.37244,1.37251,1.37055,1.37117,18760
2024-05-02 08:00:00+00:00,1.37137,1.37272,1.37058,1.37207,20310
2024-05-02 12:00:00+00:00,1.37195,1.37278,1.36961,1.36974,35168
2024-05-02 16:00:00+00:00,1.36978,1.37028,1.3669,1.36762,21938
2024-05-02 20:00:00+00:00,1.36765,1.36782,1.36568,1.3666,7741
2024-05-03 00:00:00+00:00,1.36677,1.36728,1.3655,1.36631,15343
2024-05-03 04:00:00+00:00,1.36628,1.36752,1.36575,1.36695,14237
2024-05-03 08:00:00+00:00,1.3669,1.367,1.366,1.36645,16473
2024-05-03 12:00:00+00:00,1.36628,1.36903,1.361,1.36833,44609
2024-05-03 16:00:00+00:00,1.36811,1.36883,1.36763,1.36795,19175
2024-05-03 20:00:00+00:00,1.36803,1.3686,1.3679,1.3685,2313
2024-05-05 20:00:00+00:00,1.3666,1.36915,1.3666,1.36913,1183
2024-05-06 00:00:00+00:00,1.36937,1.36968,1.36749,1.36839,14001
2024-05-06 04:00:00+00:00,1.3684,1.36883,1.3671,1.36808,12722
2024-05-06 08:00:00+00:00,1.36815,1.36846,1.3667,1.36705,15163
2024-05-06 12:00:00+00:00,1.36706,1.36733,1.3647,1.36566,21148
2024-05-06 16:00:00+00:00,1.3657,1.36712,1.3656,1.36656,14695
2024-05-06 20:00:00+00:00,1.36654,1.36693,1.36575,1.36647,3627
2024-05-07 00:00:00+00:00,1.36646,1.36787,1.366,1.36708,14420
2024-05-07 04:00:00+00:00,1.36707,1.36896,1.367,1.3683,17154
2024-05-07 08:00:00+00:00,1.36829,1.36878,1.3676,1.36801,15881
2024-05-07 12:00:00+00:00,1.36808,1.37165,1.36704,1.37129,23008
2024-05-07 16:00:00+00:00,1.37129,1.37396,1.37052,1.37247,18934
2024-05-07 20:00:00+00:00,1.37248,1.37353,1.37115,1.3733,9067
2024-05-08 00:00:00+00:00,1.37343,1.3753,1.3728,1.3753,16483
2024-05-08 04:00:00+00:00,1.37535,1.3759,1.3747,1.37557,16545
2024-05-08 08:00:00+00:00,1.37582,1.376,1.3744,1.37573,16765
2024-05-08 12:00:00+00:00,1.37576,1.37618,1.3716,1.3716,23356
2024-05-08 16:00:00+00:00,1.37183,1.37346,1.37182,1.3731,15445
2024-05-08 20:00:00+00:00,1.37305,1.3734,1.37168,1.37277,7436
2024-05-09 00:00:00+00:00,1.37283,1.37345,1.372,1.37233,14180
2024-05-09 04:00:00+00:00,1.37235,1.37377,1.3719,1.373,13983
2024-05-09 08:00:00+00:00,1.37325,1.37348,1.3721,1.37255,16176
2024-05-09 12:00:00+00:00,1.37241,1.37252,1.36804,1.36912,25772
2024-05-09 16:00:00+00:00,1.36915,1.36915,1.3674,1.36753,16081
2024-05-09 20:00:00+00:00,1.36762,1.3683,1.36697,1.36774,7889
2024-05-10 00:00:00+00:00,1.36769,1.36897,1.3674,1.36874,14316
2024-05-10 04:00:00+00:00,1.36875,1.3688,1.3677,1.36813,14595
2024-05-10 08:00:00+00:00,1.36811,1.36886,1.3677,1.36817,14813
2024-05-10 12:00:00+00:00,1.36821,1.36821,1.36354,1.36642,26888
2024-05-10 16:00:00+00:00,1.36655,1.36766,1.3661,1.36709,14749
2024-05-10 20:00:00+00:00,1.36711,1.36733,1.36672,1.36672,2725
2024-05-12 20:00:00+00:00,1.36653,1.36775,1.3664,1.36771,2012
2024-05-13 00:00:00+00:00,1.36776,1.36891,1.3675,1.36814,14004
2024-05-13 04:00:00+00:00,1.36803,1.36841,1.3673,1.36755,12487
2024-05-13 08:00:00+00:00,1.3677,1.36805,1.3667,1.3673,13720
2024-05-13 12:00:00+00:00,1.36722,1.36828,1.36608,1.3676,20403
2024-05-13 16:00:00+00:00,1.36746,1.36783,1.3665,1.3669,12524
2024-05-13 20:00:00+00:00,1.36703,1.36713,1.3662,1.36658,6356
2024-05-14 00:00:00+00:00,1.36675,1.36842,1.3667,1.3679,12536
2024-05-14 04:00:00+00:00,1.3679,1.368,1.3673,1.36754,12608
2024-05-14 08:00:00+00:00,1.3676,1.3681,1.3662,1.36667,14375
2024-05-14 12:00:00+00:00,1.36671,1.36777,1.36327,1.3649,29235
2024-05-14 16:00:00+00:00,1.36512,1.36642,1.3645,1.36493,14162
2024-05-14 20:00:00+00:00,1.3649,1.3656,1.3647,1.36534,6310
2024-05-15 00:00:00+00:00,1.36513,1.36518,1.3636,1.36384,12923
2024-05-15 04:00:00+00:00,1.36383,1.36445,1.3631,1.36343,12776
2024-05-15 08:00:00+00:00,1.3635,1.3636,1.3623,1.3631,12722
2024-05-15 12:00:00+00:00,1.36327,1.36604,1.35956,1.36139,32094
2024-05-15 16:00:00+00:00,1.36177,1.36177,1.3594,1.3606,15936
2024-05-15 20:00:00+00:00,1.36066,1.3609,1.3594,1.35974,7939
2024-05-16 00:00:00+00:00,1.35987,1.36117,1.3589,1.3601,18023
2024-05-16 04:00:00+00:00,1.36029,1.36233,1.3602,1.36182,15638
2024-05-16 08:00:00+00:00,1.3614,1.36344,1.3614,1.36318,14249
2024-05-16 12:00:00+00:00,1.3631,1.36404,1.3606,1.36073,23786
2024-05-16 16:00:00+00:00,1.36093,1.36209,1.3609,1.36164,13882
2024-05-16 20:00:00+00:00,1.3617,1.36185,1.36067,1.36146,7297
2024-05-17 00:00:00+00:00,1.36143,1.36305,1.3613,1.3623,14905
2024-05-17 04:00:00+00:00,1.36257,1.36316,1.3614,1.36305,13129
2024-05-17 08:00:00+00:00,1.3628,1.36433,1.3628,1.36353,13717
2024-05-17 12:00:00+00:00,1.36352,1.36368,1.3601,1.36164,20883
2024-05-17 16:00:00+00:00,1.36114,1.36207,1.3605,1.36079,15324
2024-05-17 20:00:00+00:00,1.36087,1.36117,1.3608,1.3611,2137
2024-05-19 20:00:00+00:00,1.36127,1.3613,1.3603,1.36086,1713
2024-05-20 00:00:00+00:00,1.36089,1.36143,1.3601,1.3607,17374
2024-05-20 04:00:00+00:00,1.3604,1.36179,1.3599,1.36129,16200
2024-05-20 08:00:00+00:00,1.36125,1.36213,1.3607,1.36213,12565
2024-05-20 12:00:00+00:00,1.36215,1.36344,1.3596,1.3613,22857
2024-05-20 16:00:00+00:00,1.36116,1.36257,1.361,1.36226,14716
2024-05-20 20:00:00+00:00,1.36224,1.3627,1.36184,1.36232,5498
2024-05-21 00:00:00+00:00,1.3623,1.36433,1.3622,1.36386,17123
2024-05-21 04:00:00+00:00,1.36383,1.36387,1.36246,1.3633,15435
2024-05-21 08:00:00+00:00,1.3634,1.36379,1.36158,1.36158,15300
2024-05-21 12:00:00+00:00,1.36155,1.36711,1.36151,1.3643,29163
2024-05-21 16:00:00+00:00,1.36457,1.36558,1.36457,1.36484,16206
2024-05-21 20:00:00+00:00,1.36498,1.36544,1.36286,1.3641,7461
2024-05-22 00:00:00+00:00,1.3638,1.3641,1.3624,1.3638,15200
2024-05-22 04:00:00+00:00,1.36405,1.36608,1.3636,1.3654,14962
2024-05-22 08:00:00+00:00,1.3655,1.36772,1.36487,1.36746,16489
2024-05-22 12:00:00+00:00,1.3672,1.36777,1.3661,1.36689,25514
2024-05-22 16:00:00+00:00,1.36694,1.36973,1.3654,1.36894,21505
2024-05-22 20:00:00+00:00,1.36894,1.36954,1.3683,1.36901,8013
2024-05-23 00:00:00+00:00,1.36905,1.36958,1.3677,1.36794,17435
2024-05-23 04:00:00+00:00,1.36792,1.36863,1.3676,1.36839,17515
2024-05-23 08:00:00+00:00,1.36823,1.36823,1.3664,1.36669,16376
2024-05-23 12:00:00+00:00,1.3667,1.37043,1.36569,1.36977,33562
2024-05-23 16:00:00+00:00,1.36967,1.37424,1.36929,1.37356,25330
2024-05-23 20:00:00+00:00,1.3736,1.3737,1.3725,1.37326,7658
2024-05-24 00:00:00+00:00,1.3733,1.3738,1.3725,1.3735,17065
2024-05-24 04:00:00+00:00,1.37377,1.3738,1.37221,1.37221,14844
2024-05-24 08:00:00+00:00,1.37228,1.37282,1.3709,1.37124,15768
2024-05-24 12:00:00+00:00,1.37113,1.3718,1.3656,1.36666,28589
2024-05-24 16:00:00+00:00,1.3665,1.36677,1.3646,1.36651,18655
2024-05-24 20:00:00+00:00,1.36651,1.3674,1.3661,1.3674,2165
2024-05-26 20:00:00+00:00,1.36613,1.36697,1.3658,1.36697,1900
2024-05-27 00:00:00+00:00,1.36697,1.36702,1.3661,1.36658,10165
2024-05-27 04:00:00+00:00,1.3664,1.36667,1.3657,1.366,10442
2024-05-27 08:00:00+00:00,1.36621,1.36647,1.3651,1.36557,10767
2024-05-27 12:00:00+00:00,1.36564,1.3663,1.363,1.3633,15364
2024-05-27 16:00:00+00:00,1.3632,1.3639,1.36187,1.36316,5953
2024-05-27 20:00:00+00:00,1.36324,1.3636,1.3626,1.36282,5432
2024-05-28 00:00:00+00:00,1.36285,1.36285,1.3613,1.36155,15068
2024-05-28 04:00:00+00:00,1.36154,1.36301,1.3613,1.36229,14441
2024-05-28 08:00:00+00:00,1.36238,1.36313,1.3617,1.36211,15082
2024-05-28 12:00:00+00:00,1.36203,1.36487,1.3614,1.36312,27253
2024-05-28 16:00:00+00:00,1.3631,1.36524,1.36307,1.36435,21493
2024-05-28 20:00:00+00:00,1.36423,1.3648,1.36343,1.36469,7297
2024-05-29 00:00:00+00:00,1.36464,1.36644,1.36464,1.36624,15152
2024-05-29 04:00:00+00:00,1.36625,1.36721,1.36508,1.36559,16198
2024-05-29 08:00:00+00:00,1.3656,1.36762,1.3654,1.36708,18694
2024-05-29 12:00:00+00:00,1.36704,1.37121,1.36664,1.37039,29318
2024-05-29 16:00:00+00:00,1.37063,1.3716,1.37,1.37141,19829
2024-05-29 20:00:00+00:00,1.3712,1.3721,1.37109,1.37169,7408
2024-05-30 00:00:00+00:00,1.37176,1.37267,1.37128,1.3723,16181
2024-05-30 04:00:00+00:00,1.37227,1.37339,1.3717,1.37196,18470
2024-05-30 08:00:00+00:00,1.37194,1.3725,1.37032,1.37058,19417
2024-05-30 12:00:00+00:00,1.37054,1.37126,1.3658,1.36694,30024
2024-05-30 16:00:00+00:00,1.36671,1.36874,1.3661,1.36816,17747
2024-05-30 20:00:00+00:00,1.36815,1.36842,1.36743,1.36833,6998
2024-05-31 00:00:00+00:00,1.36831,1.3689,1.3673,1.36742,18072
2024-05-31 04:00:00+00:00,1.36746,1.36776,1.3661,1.36681,16798
2024-05-31 08:00:00+00:00,1.36675,1.36675,1.3628,1.36394,18334
2024-05-31 12:00:00+00:00,1.36406,1.36508,1.36197,1.36484,36677
2024-05-31 16:00:00+00:00,1.36511,1.36524,1.3623,1.36251,23664
2024-05-31 20:00:00+00:00,1.36272,1.3629,1.362,1.3628,3278
2024-06-02 20:00:00+00:00,1.36265,1.36327,1.3618,1.36189,2660
2024-06-03 00:00:00+00:00,1.36204,1.36306,1.36054,1.3626,15025
2024-06-03 04:00:00+00:00,1.3627,1.36577,1.3624,1.36561,17939
2024-06-03 08:00:00+00:00,1.36566,1.36674,1.36362,1.36378,22353
2024-06-03 12:00:00+00:00,1.36371,1.36384,1.36031,1.36271,33954
2024-06-03 16:00:00+00:00,1.36258,1.36534,1.3624,1.36369,25929
2024-06-03 20:00:00+00:00,1.36349,1.36364,1.36184,1.36284,7250
2024-06-04 00:00:00+00:00,1.36258,1.36415,1.36206,1.3635,16619
2024-06-04 04:00:00+00:00,1.3637,1.36708,1.3633,1.36694,18551
2024-06-04 08:00:00+00:00,1.36711,1.36979,1.367,1.36791,25932
2024-06-04 12:00:00+00:00,1.36768,1.36941,1.3669,1.36857,34852
2024-06-04 16:00:00+00:00,1.36858,1.36905,1.36705,1.36761,27032
2024-06-04 20:00:00+00:00,1.36773,1.368,1.3673,1.36766,6691
2024-06-05 00:00:00+00:00,1.3675,1.36798,1.3665,1.36726,14832
2024-06-05 04:00:00+00:00,1.36729,1.3683,1.367,1.36723,16094
2024-06-05 08:00:00+00:00,1.36722,1.36895,1.3667,1.36779,18138
2024-06-05 12:00:00+00:00,1.36771,1.37406,1.3663,1.37045,36157
2024-06-05 16:00:00+00:00,1.37065,1.37138,1.3683,1.36895,19828
2024-06-05 20:00:00+00:00,1.3688,1.36964,1.3687,1.36901,7691
2024-06-06 00:00:00+00:00,1.3689,1.36895,1.3665,1.36772,15066
2024-06-06 04:00:00+00:00,1.36773,1.36892,1.3674,1.36863,15373
2024-06-06 08:00:00+00:00,1.36873,1.36969,1.3685,1.36934,15452
2024-06-06 12:00:00+00:00,1.36935,1.3709,1.36837,1.3685,30945
2024-06-06 16:00:00+00:00,1.36855,1.36933,1.3664,1.367,18907
2024-06-06 20:00:00+00:00,1.36698,1.3674,1.3662,1.36682,7064
2024-06-07 00:00:00+00:00,1.3668,1.36715,1.3664,1.36679,15136
2024-06-07 04:00:00+00:00,1.36684,1.36749,1.3662,1.36732,17964
2024-06-07 08:00:00+00:00,1.36735,1.36877,1.36685,1.36727,19821
2024-06-07 12:00:00+00:00,1.36734,1.3757,1.36734,1.37489,38573
2024-06-07 16:00:00+00:00,1.37498,1.3758,1.3742,1.3758,25909
2024-06-07 20:00:00+00:00,1.37584,1.37669,1.37394,1.37394,2856
2024-06-09 20:00:00+00:00,1.3756,1.37679,1.37553,1.37586,2378
2024-06-10 00:00:00+00:00,1.37599,1.37702,1.3755,1.3768,13168
2024-06-10 04:00:00+00:00,1.37701,1.37729,1.3757,1.37645,18682
2024-06-10 08:00:00+00:00,1.37653,1.37805,1.3764,1.3766,17972
2024-06-10 12:00:00+00:00,1.37664,1.37813,1.3753,1.3753,26727
2024-06-10 16:00:00+00:00,1.37545,1.3768,1.37538,1.37609,20507
2024-06-10 20:00:00+00:00,1.3761,1.37625,1.3753,1.37601,8027
2024-06-11 00:00:00+00:00,1.37603,1.37686,1.3759,1.3764,16511
2024-06-11 04:00:00+00:00,1.3764,1.37697,1.3755,1.37622,16078
2024-06-11 08:00:00+00:00,1.37636,1.37837,1.3762,1.37799,21037
2024-06-11 12:00:00+00:00,1.37803,1.37898,1.37655,1.3766,28884
2024-06-11 16:00:00+00:00,1.37661,1.37731,1.3746,1.3754,20341
2024-06-11 20:00:00+00:00,1.37542,1.376,1.37491,1.37546,5970
2024-06-12 00:00:00+00:00,1.37558,1.37603,1.3746,1.37494,14107
2024-06-12 04:00:00+00:00,1.37496,1.37539,1.3741,1.3743,12701
2024-06-12 08:00:00+00:00,1.3742,1.37508,1.3739,1.37423,13909
2024-06-12 12:00:00+00:00,1.374,1.37445,1.368,1.36922,37014
2024-06-12 16:00:00+00:00,1.36916,1.37335,1.3683,1.3726,35262
2024-06-12 20:00:00+00:00,1.37262,1.37275,1.36682,1.37212,8832
2024-06-13 00:00:00+00:00,1.37214,1.37418,1.3721,1.37396,16851
2024-06-13 04:00:00+00:00,1.3738,1.37483,1.37359,1.37409,15086
2024-06-13 08:00:00+00:00,1.3741,1.37516,1.37318,1.37513,17629
2024-06-13 12:00:00+00:00,1.37492,1.37633,1.37152,1.37482,34471
2024-06-13 16:00:00+00:00,1.37514,1.37596,1.37363,1.37382,23449
2024-06-13 20:00:00+00:00,1.3735,1.37447,1.36687,1.37442,8193
2024-06-14 00:00:00+00:00,1.37457,1.37488,1.3733,1.37415,16940
2024-06-14 04:00:00+00:00,1.37418,1.37571,1.3736,1.37506,19984
2024-06-14 08:00:00+00:00,1.37495,1.37661,1.3745,1.3756,25960
2024-06-14 12:00:00+00:00,1.3756,1.37782,1.37379,1.37379,33466
2024-06-14 16:00:00+00:00,1.37413,1.37454,1.3726,1.37325,19406
2024-06-14 20:00:00+00:00,1.37344,1.3735,1.36659,1.37018,2606
2024-06-16 20:00:00+00:00,1.37286,1.3738,1.37236,1.3733,2413
2024-06-17 00:00:00+00:00,1.37351,1.37449,1.3729,1.3741,12548
2024-06-17 04:00:00+00:00,1.37429,1.37521,1.3733,1.37435,15489
2024-06-17 08:00:00+00:00,1.37444,1.37482,1.3735,1.37471,17736
2024-06-17 12:00:00+00:00,1.37482,1.37634,1.37406,1.375,23663
2024-06-17 16:00:00+00:00,1.37499,1.375,1.372,1.37226,19005
2024-06-17 20:00:00+00:00,1.37233,1.3725,1.3712,1.37139,6387
2024-06-18 00:00:00+00:00,1.37138,1.37405,1.3708,1.37376,16627
2024-06-18 04:00:00+00:00,1.37375,1.37454,1.3728,1.3743,15481
2024-06-18 08:00:00+00:00,1.3746,1.37563,1.3742,1.37534,15827
2024-06-18 12:00:00+00:00,1.37539,1.37539,1.37093,1.37226,28754
2024-06-18 16:00:00+00:00,1.37215,1.37248,1.3713,1.37177,20590
2024-06-18 20:00:00+00:00,1.37151,1.3719,1.3712,1.37168,6485
2024-06-19 00:00:00+00:00,1.3715,1.37209,1.371,1.37199,12116
2024-06-19 04:00:00+00:00,1.372,1.37255,1.3713,1.37156,13437
2024-06-19 08:00:00+00:00,1.3715,1.37181,1.3706,1.37075,14283
2024-06-19 12:00:00+00:00,1.37061,1.37127,1.3696,1.37078,14761
2024-06-19 16:00:00+00:00,1.3705,1.37142,1.3705,1.3708,5492
2024-06-19 20:00:00+00:00,1.3707,1.371,1.36818,1.3705,5622
2024-06-20 00:00:00+00:00,1.3705,1.3717,1.3705,1.37109,14156
2024-06-20 04:00:00+00:00,1.371,1.37154,1.37053,1.371,12353
2024-06-20 08:00:00+00:00,1.37132,1.37205,1.3706,1.37141,12206
2024-06-20 12:00:00+00:00,1.37134,1.37134,1.36876,1.3703,19909
2024-06-20 16:00:00+00:00,1.3703,1.37083,1.3681,1.36826,17337
2024-06-20 20:00:00+00:00,1.36831,1.3692,1.36767,1.36847,6519
2024-06-21 00:00:00+00:00,1.36845,1.36907,1.3676,1.36807,11629
2024-06-21 04:00:00+00:00,1.3681,1.36971,1.3673,1.36939,11979
2024-06-21 08:00:00+00:00,1.3694,1.36991,1.3685,1.36916,13559
2024-06-21 12:00:00+00:00,1.36889,1.37159,1.3688,1.37007,20944
2024-06-21 16:00:00+00:00,1.37011,1.37079,1.3694,1.36974,14934
2024-06-21 20:00:00+00:00,1.3695,1.3698,1.36894,1.3691,2680
2024-06-23 20:00:00+00:00,1.36892,1.3702,1.36849,1.37001,2368
2024-06-24 00:00:00+00:00,1.37004,1.37075,1.3692,1.36963,15106
2024-06-24 04:00:00+00:00,1.3696,1.36966,1.368,1.36816,13689
2024-06-24 08:00:00+00:00,1.36802,1.36823,1.3668,1.3675,15274
2024-06-24 12:00:00+00:00,1.36794,1.36884,1.3651,1.36598,24509
2024-06-24 16:00:00+00:00,1.36589,1.36655,1.3649,1.36541,17163
2024-06-24 20:00:00+00:00,1.36551,1.36592,1.36509,1.36578,7234
2024-06-25 00:00:00+00:00,1.36559,1.36571,1.3639,1.36409,11905
2024-06-25 04:00:00+00:00,1.36409,1.36559,1.3638,1.3645,12450
2024-06-25 08:00:00+00:00,1.3646,1.36799,1.36429,1.36777,15109
2024-06-25 12:00:00+00:00,1.36755,1.36769,1.3632,1.36597,26701
2024-06-25 16:00:00+00:00,1.36614,1.36685,1.3648,1.36545,17244
2024-06-25 20:00:00+00:00,1.3655,1.36614,1.36486,1.36611,7402
2024-06-26 00:00:00+00:00,1.36622,1.36661,1.3648,1.3656,14253
2024-06-26 04:00:00+00:00,1.36578,1.36682,1.3653,1.36656,12661
2024-06-26 08:00:00+00:00,1.36666,1.36949,1.3663,1.36866,16357
2024-06-26 12:00:00+00:00,1.36854,1.37029,1.368,1.36978,27054
2024-06-26 16:00:00+00:00,1.36994,1.37072,1.369,1.37004,18876
2024-06-26 20:00:00+00:00,1.37013,1.37063,1.36854,1.37047,7726
2024-06-27 00:00:00+00:00,1.3706,1.37116,1.3695,1.36994,14174
2024-06-27 04:00:00+00:00,1.36993,1.36994,1.3684,1.36878,14419
2024-06-27 08:00:00+00:00,1.36887,1.36952,1.3679,1.36952,15522
2024-06-27 12:00:00+00:00,1.3695,1.36963,1.36765,1.36942,27251
2024-06-27 16:00:00+00:00,1.36961,1.36997,1.368,1.36932,17743
2024-06-27 20:00:00+00:00,1.36932,1.37045,1.36898,1.3698,7627
2024-06-28 00:00:00+00:00,1.36992,1.37333,1.3695,1.3721,17444
2024-06-28 04:00:00+00:00,1.37231,1.37329,1.3707,1.37095,15388
2024-06-28 08:00:00+00:00,1.37103,1.37121,1.3686,1.37039,16716
2024-06-28 12:00:00+00:00,1.37017,1.37152,1.3674,1.36855,33878
2024-06-28 16:00:00+00:00,1.36864,1.36949,1.3653,1.36815,24381
2024-06-28 20:00:00+00:00,1.36826,1.36862,1.36507,1.36507,4168
2024-06-30 20:00:00+00:00,1.36681,1.36743,1.36598,1.3673,2451
2024-07-01 00:00:00+00:00,1.3675,1.36774,1.3665,1.36747,12176
2024-07-01 04:00:00+00:00,1.36749,1.36791,1.36632,1.36764,14609
2024-07-01 08:00:00+00:00,1.36788,1.3691,1.36698,1.36871,16232
2024-07-01 12:00:00+00:00,1.36873,1.37473,1.3685,1.3744,27242
2024-07-01 16:00:00+00:00,1.37431,1.3747,1.3732,1.37389,9431
2024-07-01 20:00:00+00:00,1.37386,1.374,1.37282,1.37378,5964
2024-07-02 00:00:00+00:00,1.37366,1.37549,1.3731,1.37526,12800
2024-07-02 04:00:00+00:00,1.37517,1.37547,1.37351,1.37359,15064
2024-07-02 08:00:00+00:00,1.37371,1.37384,1.3727,1.37328,15727
2024-07-02 12:00:00+00:00,1.37307,1.37307,1.36914,1.3693,30746
2024-07-02 16:00:00+00:00,1.3695,1.37014,1.36683,1.36706,15925
2024-07-02 20:00:00+00:00,1.36707,1.3681,1.3669,1.36774,7218
2024-07-03 00:00:00+00:00,1.3674,1.36834,1.367,1.36771,10676
2024-07-03 04:00:00+00:00,1.36769,1.36861,1.3667,1.36691,12613
2024-07-03 08:00:00+00:00,1.36706,1.36803,1.3667,1.36715,3874
2024-07-03 12:00:00+00:00,1.36707,1.36707,1.36174,1.36252,27277
2024-07-03 16:00:00+00:00,1.36263,1.36415,1.36259,1.36352,13963
2024-07-03 20:00:00+00:00,1.36349,1.3641,1.36261,1.36331,5475
2024-07-04 00:00:00+00:00,1.36323,1.3638,1.3624,1.3637,12160
2024-07-04 04:00:00+00:00,1.36369,1.36369,1.36237,1.36254,12317
2024-07-04 08:00:00+00:00,1.36257,1.3628,1.3615,1.36192,12215
2024-07-04 12:00:00+00:00,1.36182,1.36198,1.3607,1.36091,14287
2024-07-04 16:00:00+00:00,1.36088,1.36133,1.3607,1.36123,5092
2024-07-04 20:00:00+00:00,1.36118,1.36161,1.36032,1.36152,6256
2024-07-05 00:00:00+00:00,1.3614,1.3614,1.36052,1.36069,11569
2024-07-05 04:00:00+00:00,1.3607,1.36103,1.3601,1.36036,12122
2024-07-05 08:00:00+00:00,1.36046,1.36136,1.3603,1.36128,13505
2024-07-05 12:00:00+00:00,1.3613,1.36527,1.36116,1.36329,34571
2024-07-05 16:00:00+00:00,1.3632,1.36429,1.36268,1.36306,18684
2024-07-05 20:00:00+00:00,1.36317,1.36416,1.35467,1.35467,3126
2024-07-07 20:00:00+00:00,1.36413,1.36456,1.3637,1.3638,2334
2024-07-08 00:00:00+00:00,1.36401,1.36459,1.3627,1.3634,14148
2024-07-08 04:00:00+00:00,1.36354,1.36454,1.36315,1.36317,14370
2024-07-08 08:00:00+00:00,1.3631,1.36421,1.3627,1.36328,14706
2024-07-08 12:00:00+00:00,1.36308,1.36402,1.3622,1.36387,24978
2024-07-08 16:00:00+00:00,1.36391,1.36428,1.3626,1.36392,14093
2024-07-08 20:00:00+00:00,1.36399,1.36399,1.36206,1.36295,6440
2024-07-09 00:00:00+00:00,1.3628,1.36465,1.3627,1.3637,12520
2024-07-09 04:00:00+00:00,1.36352,1.36398,1.3626,1.36396,13418
2024-07-09 08:00:00+00:00,1.36383,1.36454,1.3634,1.36408,11931
2024-07-09 12:00:00+00:00,1.36415,1.36471,1.3634,1.36376,26167
2024-07-09 16:00:00+00:00,1.36379,1.36395,1.3627,1.3631,17194
2024-07-09 20:00:00+00:00,1.36318,1.3638,1.3616,1.3632,6954
2024-07-10 00:00:00+00:00,1.36301,1.36367,1.3625,1.36303,12390
2024-07-10 04:00:00+00:00,1.36304,1.36407,1.3628,1.36394,11509
2024-07-10 08:00:00+00:00,1.36407,1.36419,1.3628,1.36349,13537
2024-07-10 12:00:00+00:00,1.36345,1.36348,1.3607,1.36092,24018
2024-07-10 16:00:00+00:00,1.36105,1.36255,1.3609,1.36192,14382
2024-07-10 20:00:00+00:00,1.36198,1.36218,1.36072,1.3617,5875
2024-07-11 00:00:00+00:00,1.36186,1.36236,1.3612,1.36166,9796
2024-07-11 04:00:00+00:00,1.36169,1.36333,1.3613,1.36321,11828
2024-07-11 08:00:00+00:00,1.36307,1.36389,1.3626,1.3628,13435
2024-07-11 12:00:00+00:00,1.36292,1.36308,1.35891,1.36188,40560
2024-07-11 16:00:00+00:00,1.36217,1.36467,1.3618,1.36346,24207
2024-07-11 20:00:00+00:00,1.3634,1.3637,1.35832,1.3624,9648
2024-07-12 00:00:00+00:00,1.3625,1.36338,1.3618,1.36202,16255
2024-07-12 04:00:00+00:00,1.3619,1.36294,1.3618,1.36244,15448
2024-07-12 08:00:00+00:00,1.36235,1.36235,1.36111,1.36219,15585
2024-07-12 12:00:00+00:00,1.36236,1.3638,1.3611,1.36268,35228
2024-07-12 16:00:00+00:00,1.36222,1.3634,1.3616,1.36327,19625
2024-07-12 20:00:00+00:00,1.36323,1.36363,1.34805,1.34805,2427
2024-07-14 20:00:00+00:00,1.36429,1.36523,1.36213,1.3645,2540
2024-07-15 00:00:00+00:00,1.3645,1.36571,1.3645,1.36501,13276
2024-07-15 04:00:00+00:00,1.3648,1.36626,1.3648,1.36527,15611
2024-07-15 08:00:00+00:00,1.3651,1.3651,1.3631,1.36418,18552
2024-07-15 12:00:00+00:00,1.36425,1.36662,1.364,1.36619,27517
2024-07-15 16:00:00+00:00,1.36645,1.36884,1.36621,1.36734,26021
2024-07-15 20:00:00+00:00,1.36734,1.3684,1.3671,1.36778,7607
2024-07-16 00:00:00+00:00,1.36758,1.36843,1.3673,1.36817,13722
2024-07-16 04:00:00+00:00,1.36815,1.36942,1.3678,1.36882,14774
2024-07-16 08:00:00+00:00,1.36882,1.36918,1.3674,1.3676,17441
2024-07-16 12:00:00+00:00,1.36774,1.37069,1.36631,1.3688,31386
2024-07-16 16:00:00+00:00,1.3687,1.36895,1.36694,1.36701,17430
2024-07-16 20:00:00+00:00,1.36716,1.3675,1.36638,1.36713,6561
2024-07-17 04:00:00+00:00,1.3669,1.36853,1.3669,1.3674,18673
2024-07-17 08:00:00+00:00,1.36754,1.36783,1.3656,1.36711,23715
2024-07-17 12:00:00+00:00,1.36709,1.36916,1.36624,1.36848,32501
2024-07-17 16:00:00+00:00,1.36837,1.37011,1.3682,1.36871,22938
2024-07-17 20:00:00+00:00,1.36876,1.36892,1.3676,1.3678,8209
2024-07-18 00:00:00+00:00,1.36768,1.36882,1.3676,1.36815,16414
2024-07-18 04:00:00+00:00,1.36815,1.36815,1.36714,1.36743,18826
2024-07-18 08:00:00+00:00,1.3671,1.36817,1.3668,1.3678,16392
2024-07-18 12:00:00+00:00,1.36789,1.36987,1.3677,1.3696,29572
2024-07-18 16:00:00+00:00,1.36967,1.37173,1.3691,1.37137,24149
2024-07-18 20:00:00+00:00,1.37108,1.37134,1.36938,1.3701,7710
2024-07-19 00:00:00+00:00,1.37052,1.3714,1.3701,1.37065,15199
2024-07-19 04:00:00+00:00,1.37064,1.37166,1.3703,1.37115,14697
2024-07-19 08:00:00+00:00,1.37143,1.37194,1.37074,1.37119,15050
2024-07-19 12:00:00+00:00,1.37123,1.37465,1.37122,1.37252,25458
2024-07-19 16:00:00+00:00,1.37246,1.37349,1.37186,1.37314,22822
2024-07-19 20:00:00+00:00,1.37314,1.3733,1.36112,1.36112,2689
2024-07-21 20:00:00+00:00,1.37135,1.37234,1.3703,1.37076,2396
2024-07-22 00:00:00+00:00,1.37094,1.37325,1.3708,1.37292,16465
2024-07-22 04:00:00+00:00,1.3728,1.37447,1.3728,1.37447,17626
2024-07-22 08:00:00+00:00,1.37451,1.37504,1.3733,1.37493,15250
2024-07-22 12:00:00+00:00,1.375,1.37745,1.3747,1.37591,26743
2024-07-22 16:00:00+00:00,1.37582,1.37582,1.3743,1.375,17589
2024-07-22 20:00:00+00:00,1.37539,1.37613,1.37432,1.37613,7253
2024-07-23 00:00:00+00:00,1.37604,1.37669,1.3756,1.37608,14423
2024-07-23 04:00:00+00:00,1.376,1.37723,1.3758,1.37702,14212
2024-07-23 08:00:00+00:00,1.37679,1.37705,1.3751,1.37598,16503
2024-07-23 12:00:00+00:00,1.37599,1.37745,1.3755,1.37654,23009
2024-07-23 16:00:00+00:00,1.37654,1.37792,1.3758,1.3778,17499
2024-07-23 20:00:00+00:00,1.37786,1.3787,1.3774,1.3783,7881
2024-07-24 00:00:00+00:00,1.37861,1.37968,1.378,1.37964,13233
2024-07-24 04:00:00+00:00,1.37963,1.37995,1.3788,1.37949,16975
2024-07-24 08:00:00+00:00,1.37955,1.37972,1.3782,1.37835,16254
2024-07-24 12:00:00+00:00,1.3781,1.38066,1.37746,1.37852,30620
2024-07-24 16:00:00+00:00,1.37833,1.38155,1.3782,1.38114,20594
2024-07-24 20:00:00+00:00,1.38102,1.38112,1.37888,1.38112,9014
2024-07-25 00:00:00+00:00,1.38132,1.38208,1.3809,1.38136,18109
2024-07-25 04:00:00+00:00,1.38143,1.38376,1.3811,1.38219,20591
2024-07-25 08:00:00+00:00,1.38222,1.38434,1.38184,1.38409,23624
2024-07-25 12:00:00+00:00,1.38412,1.38448,1.38066,1.38103,35937
2024-07-25 16:00:00+00:00,1.38114,1.38249,1.37966,1.38249,25918
2024-07-25 20:00:00+00:00,1.38244,1.3829,1.38128,1.3819,8475
2024-07-26 00:00:00+00:00,1.38182,1.38207,1.3808,1.38167,13928
2024-07-26 04:00:00+00:00,1.38166,1.38187,1.3809,1.38118,13368
2024-07-26 08:00:00+00:00,1.38107,1.38186,1.3806,1.3812,15192
2024-07-26 12:00:00+00:00,1.38153,1.38488,1.38083,1.38334,30644
2024-07-26 16:00:00+00:00,1.38349,1.38393,1.38195,1.38307,20945
2024-07-26 20:00:00+00:00,1.38306,1.38371,1.3734,1.3734,2486
2024-07-28 20:00:00+00:00,1.38292,1.38335,1.3824,1.38301,2556
2024-07-29 00:00:00+00:00,1.3828,1.38311,1.3814,1.38189,14806
2024-07-29 04:00:00+00:00,1.38192,1.38376,1.3818,1.38375,14249
2024-07-29 08:00:00+00:00,1.38397,1.38465,1.38284,1.38455,16780
2024-07-29 12:00:00+00:00,1.38455,1.38642,1.38351,1.38544,25378
2024-07-29 16:00:00+00:00,1.38546,1.38626,1.3847,1.38526,18384
2024-07-29 20:00:00+00:00,1.38538,1.3856,1.38421,1.38558,8124
2024-07-30 00:00:00+00:00,1.38567,1.38631,1.3847,1.3847,13344
2024-07-30 04:00:00+00:00,1.3846,1.38495,1.384,1.3848,14180
2024-07-30 08:00:00+00:00,1.3848,1.38545,1.3837,1.38543,14495
2024-07-30 12:00:00+00:00,1.38554,1.38637,1.3844,1.38484,28767
2024-07-30 16:00:00+00:00,1.38489,1.3854,1.38395,1.38533,22905
2024-07-30 20:00:00+00:00,1.38534,1.38563,1.38023,1.3846,10884
2024-07-31 00:00:00+00:00,1.3848,1.38567,1.3837,1.38451,17837
2024-07-31 04:00:00+00:00,1.3845,1.38494,1.3832,1.38388,19474
2024-07-31 08:00:00+00:00,1.38411,1.38496,1.3824,1.38306,19675
2024-07-31 12:00:00+00:00,1.38297,1.38314,1.3787,1.38057,29915
2024-07-31 16:00:00+00:00,1.38055,1.38196,1.37907,1.38077,31341
2024-07-31 20:00:00+00:00,1.38072,1.38104,1.37991,1.38082,9408
2024-08-01 00:00:00+00:00,1.38073,1.38197,1.38004,1.38067,18542
2024-08-01 04:00:00+00:00,1.38062,1.38237,1.3802,1.3821,19322
2024-08-01 08:00:00+00:00,1.38235,1.38357,1.3816,1.38223,19978
2024-08-01 12:00:00+00:00,1.38234,1.38489,1.37972,1.38468,35657
2024-08-01 16:00:00+00:00,1.38478,1.38884,1.38412,1.38727,27670
2024-08-01 20:00:00+00:00,1.38747,1.38836,1.38592,1.38809,12905
2024-08-02 00:00:00+00:00,1.38845,1.38875,1.3857,1.38634,19907
2024-08-02 04:00:00+00:00,1.38628,1.38724,1.38527,1.387,22319
2024-08-02 08:00:00+00:00,1.38716,1.38846,1.38687,1.38789,23409
2024-08-02 12:00:00+00:00,1.38792,1.38844,1.38342,1.3846,46597
2024-08-02 16:00:00+00:00,1.38475,1.38743,1.38465,1.38628,33293
2024-08-02 20:00:00+00:00,1.38646,1.38731,1.38398,1.38398,4525
2024-08-04 20:00:00+00:00,1.38624,1.38836,1.38598,1.3881,5025
2024-08-05 00:00:00+00:00,1.3881,1.38856,1.38601,1.38682,29053
2024-08-05 04:00:00+00:00,1.3866,1.394,1.3864,1.38774,41635
2024-08-05 08:00:00+00:00,1.38822,1.38837,1.38484,1.38484,35856
2024-08-05 12:00:00+00:00,1.38509,1.38509,1.38043,1.38194,53494
2024-08-05 16:00:00+00:00,1.38223,1.38466,1.3821,1.3823,34842
2024-08-05 20:00:00+00:00,1.3822,1.38315,1.3776,1.38053,15437
2024-08-06 00:00:00+00:00,1.38101,1.38166,1.37936,1.3812,30992
2024-08-06 04:00:00+00:00,1.38147,1.38414,1.3811,1.38338,32869
2024-08-06 08:00:00+00:00,1.38363,1.38536,1.3828,1.38437,28700
2024-08-06 12:00:00+00:00,1.38431,1.38431,1.37894,1.3791,44041
2024-08-06 16:00:00+00:00,1.37912,1.37948,1.37568,1.37758,31329
2024-08-06 20:00:00+00:00,1.37764,1.3789,1.37233,1.37865,13992
2024-08-07 00:00:00+00:00,1.3789,1.3789,1.37673,1.37684,27417
2024-08-07 04:00:00+00:00,1.37675,1.37792,1.3764,1.37647,27101
2024-08-07 08:00:00+00:00,1.37663,1.37671,1.37379,1.37408,23398
2024-08-07 12:00:00+00:00,1.37408,1.3747,1.37221,1.37294,31748
2024-08-07 16:00:00+00:00,1.37298,1.37525,1.3724,1.37475,31699
2024-08-07 20:00:00+00:00,1.37489,1.3761,1.37461,1.3751,10811
2024-08-08 00:00:00+00:00,1.37522,1.37522,1.37263,1.37274,23204
2024-08-08 04:00:00+00:00,1.3725,1.37434,1.3725,1.37373,22862
2024-08-08 08:00:00+00:00,1.37365,1.37499,1.373,1.37424,19909
2024-08-08 12:00:00+00:00,1.3741,1.37652,1.37384,1.37425,37617
2024-08-08 16:00:00+00:00,1.37418,1.3749,1.3729,1.37327,25709
2024-08-08 20:00:00+00:00,1.37298,1.3738,1.37024,1.37355,8729
2024-08-09 00:00:00+00:00,1.37376,1.37431,1.3723,1.3723,17749
2024-08-09 04:00:00+00:00,1.37228,1.37396,1.3718,1.37339,17823
2024-08-09 08:00:00+00:00,1.37335,1.37457,1.373,1.37449,17418
2024-08-09 12:00:00+00:00,1.3746,1.37486,1.37214,1.37271,30440
2024-08-09 16:00:00+00:00,1.37288,1.37357,1.3722,1.37299,22283
2024-08-09 20:00:00+00:00,1.37289,1.3732,1.36879,1.36879,2731
2024-08-11 20:00:00+00:00,1.37312,1.37402,1.37159,1.3735,2804
2024-08-12 00:00:00+00:00,1.3735,1.37386,1.3727,1.37355,13014
2024-08-12 04:00:00+00:00,1.3735,1.37356,1.37202,1.37202,14657
2024-08-12 08:00:00+00:00,1.3717,1.37294,1.3717,1.3728,14429
2024-08-12 12:00:00+00:00,1.37282,1.37474,1.3725,1.374,29205
2024-08-12 16:00:00+00:00,1.37419,1.37463,1.37343,1.3742,22749
2024-08-12 20:00:00+00:00,1.37439,1.37451,1.37343,1.37411,7803
2024-08-13 00:00:00+00:00,1.3741,1.37468,1.37355,1.3737,14331
2024-08-13 04:00:00+00:00,1.37387,1.37454,1.37267,1.37277,16011
2024-08-13 08:00:00+00:00,1.3728,1.37397,1.3727,1.37371,17155
2024-08-13 12:00:00+00:00,1.37372,1.37391,1.3719,1.3723,33559
2024-08-13 16:00:00+00:00,1.37228,1.37243,1.3707,1.37081,27395
2024-08-13 20:00:00+00:00,1.37093,1.371,1.3686,1.37091,8872
2024-08-14 00:00:00+00:00,1.37062,1.37199,1.3704,1.37175,18478
2024-08-14 04:00:00+00:00,1.37175,1.37201,1.3705,1.37095,17215
2024-08-14 08:00:00+00:00,1.37096,1.37135,1.3698,1.37127,15501
2024-08-14 12:00:00+00:00,1.37125,1.37208,1.3689,1.36961,34066
2024-08-14 16:00:00+00:00,1.36971,1.37241,1.3695,1.3716,22516
2024-08-14 20:00:00+00:00,1.3717,1.372,1.36901,1.37166,9456
2024-08-15 00:00:00+00:00,1.37166,1.3724,1.37117,1.37145,17684
2024-08-15 04:00:00+00:00,1.37142,1.37142,1.37023,1.37037,13124
2024-08-15 08:00:00+00:00,1.3702,1.371,1.3699,1.37017,13971
2024-08-15 12:00:00+00:00,1.3701,1.37371,1.36947,1.37007,34841
2024-08-15 16:00:00+00:00,1.36993,1.37348,1.3697,1.37348,20610
2024-08-15 20:00:00+00:00,1.37344,1.37369,1.37142,1.3734,8479
2024-08-16 00:00:00+00:00,1.37321,1.37348,1.3719,1.37273,13793
2024-08-16 04:00:00+00:00,1.37273,1.37285,1.3716,1.37258,14875
2024-08-16 08:00:00+00:00,1.3725,1.3736,1.37158,1.37303,15937
2024-08-16 12:00:00+00:00,1.37282,1.3736,1.3705,1.37051,27746
2024-08-16 16:00:00+00:00,1.3702,1.3706,1.3683,1.36832,17846
2024-08-16 20:00:00+00:00,1.36831,1.36862,1.36621,1.36621,3267
2024-08-18 20:00:00+00:00,1.3678,1.36824,1.36744,1.36783,2398
2024-08-19 00:00:00+00:00,1.36783,1.3679,1.3661,1.36649,12839
2024-08-19 04:00:00+00:00,1.36654,1.36721,1.366,1.36708,15154
2024-08-19 08:00:00+00:00,1.36718,1.36844,1.3664,1.36749,15132
2024-08-19 12:00:00+00:00,1.36728,1.36773,1.36354,1.36586,27405
2024-08-19 16:00:00+00:00,1.36561,1.36562,1.3629,1.36361,20488
2024-08-19 20:00:00+00:00,1.36368,1.3638,1.36215,1.36307,8327
2024-08-20 00:00:00+00:00,1.36298,1.36401,1.3627,1.364,16164
2024-08-20 04:00:00+00:00,1.36398,1.36411,1.36191,1.36193,14479
2024-08-20 08:00:00+00:00,1.36186,1.36216,1.3609,1.36142,16561
2024-08-20 12:00:00+00:00,1.36122,1.36383,1.36051,1.36305,23889
2024-08-20 16:00:00+00:00,1.3632,1.3633,1.36188,1.36217,21447
2024-08-20 20:00:00+00:00,1.36222,1.3677,1.36123,1.36169,9115
2024-08-21 00:00:00+00:00,1.36167,1.36227,1.3612,1.36155,12949
2024-08-21 04:00:00+00:00,1.3616,1.3622,1.3609,1.36172,15470
2024-08-21 08:00:00+00:00,1.36171,1.36171,1.3598,1.35991,15146
2024-08-21 12:00:00+00:00,1.35998,1.36088,1.35761,1.35829,33439
2024-08-21 16:00:00+00:00,1.3583,1.36002,1.35771,1.35963,24552
2024-08-21 20:00:00+00:00,1.35969,1.3601,1.35674,1.35835,8351
2024-08-22 00:00:00+00:00,1.35836,1.3592,1.3582,1.35873,13185
2024-08-22 04:00:00+00:00,1.3585,1.35895,1.3574,1.35759,13713
2024-08-22 08:00:00+00:00,1.35763,1.35944,1.3572,1.35842,16954
2024-08-22 12:00:00+00:00,1.35833,1.36182,1.35756,1.36047,32486
2024-08-22 16:00:00+00:00,1.36045,1.36137,1.35965,1.36096,23384
2024-08-22 20:00:00+00:00,1.36108,1.3615,1.3602,1.36036,8594
2024-08-23 00:00:00+00:00,1.36036,1.36041,1.3593,1.35954,13092
2024-08-23 04:00:00+00:00,1.35953,1.35963,1.35858,1.35896,14505
2024-08-23 08:00:00+00:00,1.35891,1.3592,1.3582,1.35836,14670
2024-08-23 12:00:00+00:00,1.35842,1.35922,1.35013,1.35136,35511
2024-08-23 16:00:00+00:00,1.35149,1.35214,1.3499,1.351,28436
2024-08-23 20:00:00+00:00,1.35115,1.3513,1.34136,1.34136,3474
2024-08-25 20:00:00+00:00,1.34956,1.35141,1.34951,1.35082,3173
2024-08-26 00:00:00+00:00,1.3507,1.35136,1.34991,1.35113,16009
2024-08-26 04:00:00+00:00,1.35116,1.35122,1.3502,1.35106,16319
2024-08-26 08:00:00+00:00,1.35119,1.35123,1.3498,1.35059,16583
2024-08-26 12:00:00+00:00,1.35067,1.35067,1.34625,1.34851,30078
2024-08-26 16:00:00+00:00,1.34851,1.34883,1.34666,1.34871,20239
2024-08-26 20:00:00+00:00,1.3487,1.34897,1.34419,1.3482,8669
2024-08-27 00:00:00+00:00,1.34835,1.34878,1.3477,1.34785,13828
2024-08-27 04:00:00+00:00,1.34788,1.34853,1.34741,1.34768,15204
2024-08-27 08:00:00+00:00,1.3477,1.3478,1.3463,1.3478,17331
2024-08-27 12:00:00+00:00,1.34769,1.34802,1.34516,1.34575,29849
2024-08-27 16:00:00+00:00,1.34562,1.34637,1.3444,1.3444,20252
2024-08-27 20:00:00+00:00,1.34446,1.34481,1.3422,1.34473,9050
2024-08-28 00:00:00+00:00,1.34462,1.34525,1.344,1.3448,14406
2024-08-28 04:00:00+00:00,1.3449,1.34682,1.3447,1.34528,16769
2024-08-28 08:00:00+00:00,1.34525,1.34736,1.34503,1.34718,18847
2024-08-28 12:00:00+00:00,1.34739,1.3478,1.345,1.34608,28070
2024-08-28 16:00:00+00:00,1.34645,1.34873,1.34645,1.34797,21887
2024-08-28 20:00:00+00:00,1.34795,1.3481,1.34588,1.3477,10186
2024-08-29 00:00:00+00:00,1.34763,1.34763,1.3461,1.34649,13334
2024-08-29 04:00:00+00:00,1.34651,1.34651,1.34535,1.3454,15986
2024-08-29 08:00:00+00:00,1.3459,1.34737,1.3449,1.34599,22212
2024-08-29 12:00:00+00:00,1.34617,1.34899,1.34562,1.34627,30964
2024-08-29 16:00:00+00:00,1.34629,1.34857,1.34584,1.34844,23019
2024-08-29 20:00:00+00:00,1.34833,1.34891,1.34626,1.34891,8397
2024-08-30 00:00:00+00:00,1.34885,1.34885,1.348,1.3485,14994
2024-08-30 04:00:00+00:00,1.3487,1.34903,1.3472,1.3472,15588
2024-08-30 08:00:00+00:00,1.34747,1.34786,1.3469,1.34775,18181
2024-08-30 12:00:00+00:00,1.34779,1.35073,1.3466,1.34934,37157
2024-08-30 16:00:00+00:00,1.34972,1.35072,1.34727,1.34765,25244
2024-08-30 20:00:00+00:00,1.34777,1.3493,1.32719,1.32719,4812
2024-09-01 20:00:00+00:00,1.34807,1.34913,1.34807,1.34904,2448
2024-09-02 00:00:00+00:00,1.349,1.35034,1.3484,1.34966,12328
2024-09-02 04:00:00+00:00,1.34974,1.35011,1.3488,1.34927,13925
2024-09-02 08:00:00+00:00,1.34923,1.35001,1.3484,1.35,16410
2024-09-02 12:00:00+00:00,1.34999,1.35046,1.34882,1.34943,16794
2024-09-02 16:00:00+00:00,1.3495,1.3498,1.3488,1.3493,6224
2024-09-02 20:00:00+00:00,1.3493,1.35006,1.34339,1.3498,5051
2024-09-03 00:00:00+00:00,1.3494,1.35234,1.349,1.35219,16346
2024-09-03 04:00:00+00:00,1.35226,1.353,1.35044,1.35117,19462
2024-09-03 08:00:00+00:00,1.35108,1.35482,1.3508,1.35476,21872
2024-09-03 12:00:00+00:00,1.35476,1.35614,1.35307,1.35427,35656
2024-09-03 16:00:00+00:00,1.35404,1.35555,1.35367,1.35505,23739
2024-09-03 20:00:00+00:00,1.35492,1.3557,1.35219,1.35435,9842
2024-09-04 00:00:00+00:00,1.35447,1.35558,1.3532,1.35371,16899
2024-09-04 04:00:00+00:00,1.3535,1.35507,1.3532,1.35507,18385
2024-09-04 08:00:00+00:00,1.35514,1.35626,1.35461,1.35516,19617
2024-09-04 12:00:00+00:00,1.35536,1.35645,1.3499,1.35191,35526
2024-09-04 16:00:00+00:00,1.35201,1.3525,1.35105,1.35139,26533
2024-09-04 20:00:00+00:00,1.3511,1.35134,1.34979,1.35081,8378
2024-09-05 00:00:00+00:00,1.35092,1.3513,1.3503,1.35102,13851
2024-09-05 04:00:00+00:00,1.35104,1.35161,1.35034,1.35102,16295
2024-09-05 08:00:00+00:00,1.35116,1.35172,1.3502,1.3509,21378
2024-09-05 12:00:00+00:00,1.35119,1.35243,1.35042,1.35153,35278
2024-09-05 16:00:00+00:00,1.35151,1.35212,1.35058,1.35091,26324
2024-09-05 20:00:00+00:00,1.35072,1.35073,1.34836,1.34985,9017
2024-09-06 00:00:00+00:00,1.35002,1.35044,1.3495,1.3496,13339
2024-09-06 04:00:00+00:00,1.3499,1.3501,1.3485,1.34957,18524
2024-09-06 08:00:00+00:00,1.3495,1.35045,1.3489,1.34932,19869
2024-09-06 12:00:00+00:00,1.34953,1.35704,1.34664,1.35616,43493
2024-09-06 16:00:00+00:00,1.35614,1.35806,1.3556,1.35628,33878
2024-09-06 20:00:00+00:00,1.3563,1.35729,1.30633,1.30633,5313
2024-09-08 20:00:00+00:00,1.35503,1.35691,1.35498,1.35629,3051
2024-09-09 00:00:00+00:00,1.35626,1.3565,1.3552,1.35563,15874
2024-09-09 04:00:00+00:00,1.35564,1.35729,1.3552,1.3564,17219
2024-09-09 08:00:00+00:00,1.35633,1.3571,1.3558,1.35604,19529
2024-09-09 12:00:00+00:00,1.35599,1.35755,1.3558,1.35605,27692
2024-09-09 16:00:00+00:00,1.35595,1.35642,1.3545,1.35632,24272
2024-09-09 20:00:00+00:00,1.35641,1.35649,1.35399,1.3564,7919
2024-09-10 00:00:00+00:00,1.35641,1.35723,1.3562,1.35648,15147
2024-09-10 04:00:00+00:00,1.3563,1.35703,1.356,1.35703,16267
2024-09-10 08:00:00+00:00,1.35694,1.35787,1.3564,1.35729,20646
2024-09-10 12:00:00+00:00,1.35732,1.36145,1.3568,1.36071,32256
2024-09-10 16:00:00+00:00,1.36075,1.36119,1.36,1.36007,26362
2024-09-10 20:00:00+00:00,1.36,1.3616,1.3587,1.36101,8651
2024-09-11 00:00:00+00:00,1.36104,1.36161,1.3599,1.3605,18982
2024-09-11 04:00:00+00:00,1.36056,1.36077,1.35877,1.35923,18556
2024-09-11 08:00:00+00:00,1.35946,1.35946,1.3572,1.3575,19278
2024-09-11 12:00:00+00:00,1.3575,1.36224,1.3575,1.35952,40448
2024-09-11 16:00:00+00:00,1.35972,1.35972,1.3565,1.35688,28971
2024-09-11 20:00:00+00:00,1.35694,1.3579,1.35577,1.3578,9296
2024-09-12 00:00:00+00:00,1.3577,1.35845,1.3572,1.3572,14322
2024-09-12 04:00:00+00:00,1.35738,1.35749,1.3564,1.35749,16011
2024-09-12 08:00:00+00:00,1.35792,1.35836,1.3567,1.35836,19586
2024-09-12 12:00:00+00:00,1.35814,1.36037,1.35771,1.35953,35499
2024-09-12 16:00:00+00:00,1.35954,1.35994,1.3576,1.35773,27360
2024-09-12 20:00:00+00:00,1.35785,1.3584,1.35536,1.3572,9441
2024-09-13 00:00:00+00:00,1.35752,1.35766,1.3563,1.35703,15019
2024-09-13 04:00:00+00:00,1.35704,1.35828,1.3569,1.35716,17236
2024-09-13 08:00:00+00:00,1.35727,1.35943,1.3565,1.35897,20524
2024-09-13 12:00:00+00:00,1.35918,1.3594,1.357,1.3581,30652
2024-09-13 16:00:00+00:00,1.35813,1.35991,1.35813,1.35904,23065
2024-09-13 20:00:00+00:00,1.35899,1.359,1.33978,1.33978,4342
2024-09-15 20:00:00+00:00,1.35923,1.35923,1.3575,1.3577,2493
2024-09-16 00:00:00+00:00,1.35782,1.35814,1.3565,1.3565,10883
2024-09-16 04:00:00+00:00,1.35677,1.35805,1.3565,1.35786,15793
2024-09-16 08:00:00+00:00,1.35792,1.35818,1.3572,1.35771,19427
2024-09-16 12:00:00+00:00,1.35771,1.3607,1.35771,1.35987,29826
2024-09-16 16:00:00+00:00,1.35969,1.36026,1.3584,1.3586,21481
2024-09-16 20:00:00+00:00,1.35861,1.35883,1.35521,1.3587,8974
2024-09-17 00:00:00+00:00,1.3585,1.35944,1.3583,1.35938,11729
2024-09-17 04:00:00+00:00,1.35941,1.3598,1.3581,1.35846,14353
2024-09-17 08:00:00+00:00,1.35838,1.35951,1.3578,1.3582,18357
2024-09-17 12:00:00+00:00,1.3582,1.36147,1.35809,1.35979,34764
2024-09-17 16:00:00+00:00,1.3599,1.3603,1.35907,1.35976,29650
2024-09-17 20:00:00+00:00,1.35984,1.3599,1.35727,1.35933,8790
2024-09-18 00:00:00+00:00,1.35943,1.35943,1.3582,1.35891,14004
2024-09-18 04:00:00+00:00,1.35892,1.35936,1.3583,1.35884,18608
2024-09-18 08:00:00+00:00,1.35887,1.35913,1.358,1.35867,22241
2024-09-18 12:00:00+00:00,1.35879,1.36068,1.3576,1.36064,30391
2024-09-18 16:00:00+00:00,1.3604,1.362,1.35387,1.36184,42910
2024-09-18 20:00:00+00:00,1.36172,1.36172,1.35887,1.36086,15323
2024-09-19 00:00:00+00:00,1.36048,1.36466,1.35978,1.35995,24150
2024-09-19 04:00:00+00:00,1.36,1.36035,1.35549,1.35579,24257
2024-09-19 08:00:00+00:00,1.35563,1.35603,1.35327,1.35561,26051
2024-09-19 12:00:00+00:00,1.35509,1.35995,1.35433,1.35606,38996
2024-09-19 16:00:00+00:00,1.35601,1.35643,1.3546,1.35567,26805
2024-09-19 20:00:00+00:00,1.35566,1.35636,1.35394,1.35627,10595
2024-09-20 00:00:00+00:00,1.35613,1.35677,1.3552,1.35582,17092
2024-09-20 04:00:00+00:00,1.3556,1.35735,1.3553,1.3568,20408
2024-09-20 08:00:00+00:00,1.35697,1.3576,1.3564,1.35694,20338
2024-09-20 12:00:00+00:00,1.35678,1.35894,1.3543,1.35651,36589
2024-09-20 16:00:00+00:00,1.35653,1.35688,1.3551,1.35634,29824
2024-09-20 20:00:00+00:00,1.35642,1.35732,1.34957,1.34957,4857
2024-09-22 20:00:00+00:00,1.35577,1.35684,1.35567,1.35653,2188
2024-09-23 00:00:00+00:00,1.3563,1.35683,1.3555,1.35621,13295
2024-09-23 04:00:00+00:00,1.35622,1.35815,1.3553,1.358,24131
2024-09-23 08:00:00+00:00,1.35782,1.35813,1.3545,1.3546,24927
2024-09-23 12:00:00+00:00,1.35474,1.35543,1.34894,1.35018,33108
2024-09-23 16:00:00+00:00,1.35025,1.35094,1.3487,1.35067,24138
2024-09-23 20:00:00+00:00,1.35069,1.35427,1.34576,1.3527,8603
2024-09-24 00:00:00+00:00,1.3526,1.3531,1.3515,1.3517,17262
2024-09-24 04:00:00+00:00,1.35174,1.3529,1.3509,1.35192,22038
2024-09-24 08:00:00+00:00,1.35185,1.35185,1.3506,1.35078,20623
2024-09-24 12:00:00+00:00,1.35065,1.35083,1.3464,1.34699,33806
2024-09-24 16:00:00+00:00,1.34699,1.34707,1.34346,1.34358,21529
2024-09-24 20:00:00+00:00,1.3435,1.3438,1.33993,1.34202,9147
2024-09-25 00:00:00+00:00,1.34216,1.34317,1.34195,1.34279,17189
2024-09-25 04:00:00+00:00,1.34271,1.34373,1.3426,1.34282,17746
2024-09-25 08:00:00+00:00,1.34282,1.34425,1.34246,1.34392,20682
2024-09-25 12:00:00+00:00,1.34377,1.34684,1.34327,1.34658,33549
2024-09-25 16:00:00+00:00,1.34678,1.34844,1.34618,1.34844,13649
2024-09-25 20:00:00+00:00,1.34848,1.349,1.34588,1.34837,5116
2024-09-26 00:00:00+00:00,1.34835,1.34835,1.34651,1.347,6299
2024-09-26 04:00:00+00:00,1.34708,1.34765,1.3463,1.34733,6872
2024-09-26 08:00:00+00:00,1.34751,1.34769,1.3457,1.34701,15464
2024-09-26 12:00:00+00:00,1.34695,1.34885,1.34605,1.34665,40843
2024-09-26 16:00:00+00:00,1.34666,1.34827,1.34666,1.34721,27756
2024-09-26 20:00:00+00:00,1.34706,1.34784,1.34456,1.34757,11374
2024-09-27 00:00:00+00:00,1.34761,1.34919,1.34761,1.3485,20641
2024-09-27 04:00:00+00:00,1.34868,1.34941,1.34826,1.34916,23127
2024-09-27 08:00:00+00:00,1.34902,1.34925,1.347,1.34753,23146
2024-09-27 12:00:00+00:00,1.34763,1.35052,1.34639,1.35039,37204
2024-09-27 16:00:00+00:00,1.35049,1.35264,1.3504,1.35162,30722
2024-09-27 20:00:00+00:00,1.35169,1.35183,1.33391,1.33391,6929
2024-09-29 20:00:00+00:00,1.3501,1.35123,1.35001,1.3507,3590
2024-09-30 00:00:00+00:00,1.35085,1.35189,1.3503,1.351,19404
2024-09-30 04:00:00+00:00,1.35098,1.35148,1.35008,1.3513,19881
2024-09-30 08:00:00+00:00,1.35147,1.3527,1.3513,1.35186,21818
2024-09-30 12:00:00+00:00,1.3517,1.35202,1.34898,1.3513,34189
2024-09-30 16:00:00+00:00,1.3511,1.35357,1.3503,1.35226,30341
2024-09-30 20:00:00+00:00,1.35256,1.35285,1.3496,1.35255,10926
2024-10-01 00:00:00+00:00,1.3526,1.35328,1.3519,1.3527,17535
2024-10-01 04:00:00+00:00,1.35293,1.35348,1.3514,1.35291,21547
2024-10-01 08:00:00+00:00,1.35296,1.3539,1.3519,1.35221,25622
2024-10-01 12:00:00+00:00,1.35221,1.35274,1.3487,1.34915,40509
2024-10-01 16:00:00+00:00,1.34917,1.35202,1.34803,1.34913,33951
2024-10-01 20:00:00+00:00,1.3491,1.34967,1.34762,1.34946,12535
2024-10-02 00:00:00+00:00,1.34924,1.34938,1.3475,1.34803,20236
2024-10-02 04:00:00+00:00,1.34796,1.3491,1.3475,1.3482,23826
2024-10-02 08:00:00+00:00,1.34832,1.34906,1.3476,1.3485,21850
2024-10-02 12:00:00+00:00,1.34861,1.34938,1.34719,1.34849,35440
2024-10-02 16:00:00+00:00,1.3484,1.35094,1.34826,1.34966,22766
2024-10-02 20:00:00+00:00,1.34973,1.35074,1.34182,1.35065,8878
2024-10-03 00:00:00+00:00,1.35065,1.35226,1.3505,1.352,18950
2024-10-03 04:00:00+00:00,1.3522,1.35304,1.35067,1.35232,21954
2024-10-03 08:00:00+00:00,1.3524,1.35392,1.3518,1.35307,23809
2024-10-03 12:00:00+00:00,1.35304,1.35512,1.35175,1.35327,40444
2024-10-03 16:00:00+00:00,1.35331,1.35575,1.3525,1.35567,26848
2024-10-03 20:00:00+00:00,1.3558,1.35591,1.35446,1.35482,9911
2024-10-04 00:00:00+00:00,1.35471,1.35581,1.3543,1.3556,20404
2024-10-04 04:00:00+00:00,1.35551,1.35664,1.355,1.35587,19635
2024-10-04 08:00:00+00:00,1.35577,1.35641,1.35507,1.35538,19306
2024-10-04 12:00:00+00:00,1.35534,1.35888,1.35517,1.3578,41766
2024-10-04 16:00:00+00:00,1.35777,1.35836,1.357,1.35723,24430
2024-10-04 20:00:00+00:00,1.35723,1.35764,1.33218,1.33218,4260
2024-10-06 20:00:00+00:00,1.35528,1.35821,1.35528,1.35804,3203
2024-10-07 00:00:00+00:00,1.3581,1.35831,1.3572,1.35783,16948
2024-10-07 04:00:00+00:00,1.35787,1.35892,1.3576,1.35887,15530
2024-10-07 08:00:00+00:00,1.35891,1.35972,1.3579,1.35824,23447
2024-10-07 12:00:00+00:00,1.35814,1.36185,1.35797,1.36074,36309
2024-10-07 16:00:00+00:00,1.36066,1.36384,1.3602,1.36236,23219
2024-10-07 20:00:00+00:00,1.36243,1.36247,1.35587,1.36206,9802
2024-10-08 00:00:00+00:00,1.36204,1.36314,1.361,1.36232,27277
2024-10-08 04:00:00+00:00,1.36224,1.36471,1.3617,1.36383,22396
2024-10-08 08:00:00+00:00,1.36374,1.36471,1.3635,1.36383,20286
2024-10-08 12:00:00+00:00,1.3636,1.36747,1.3636,1.36626,31050
2024-10-08 16:00:00+00:00,1.36632,1.36677,1.3646,1.36475,22782
2024-10-08 20:00:00+00:00,1.36462,1.36537,1.3641,1.3652,8120
2024-10-09 00:00:00+00:00,1.3654,1.36628,1.36502,1.36617,22389
2024-10-09 04:00:00+00:00,1.36615,1.36693,1.36477,1.36687,22315
2024-10-09 08:00:00+00:00,1.36686,1.36785,1.3662,1.36781,19094
2024-10-09 12:00:00+00:00,1.36775,1.36937,1.3673,1.36856,27438
2024-10-09 16:00:00+00:00,1.36878,1.3718,1.36837,1.37119,20063
2024-10-09 20:00:00+00:00,1.37115,1.37175,1.36709,1.37094,8002
2024-10-10 00:00:00+00:00,1.371,1.37138,1.3704,1.3706,19317
2024-10-10 04:00:00+00:00,1.37057,1.37287,1.3704,1.37287,15417
2024-10-10 08:00:00+00:00,1.37295,1.37531,1.37292,1.37523,17138
2024-10-10 12:00:00+00:00,1.37531,1.37673,1.37335,1.37525,39951
2024-10-10 16:00:00+00:00,1.37521,1.37727,1.37424,1.37424,25145
2024-10-10 20:00:00+00:00,1.37402,1.37464,1.3732,1.37457,7349
2024-10-11 00:00:00+00:00,1.37456,1.37588,1.3743,1.37534,12499
2024-10-11 04:00:00+00:00,1.37534,1.37678,1.3749,1.37566,13489
2024-10-11 08:00:00+00:00,1.37545,1.37785,1.37528,1.37739,17540
2024-10-11 12:00:00+00:00,1.37715,1.378,1.37241,1.37678,32456
2024-10-11 16:00:00+00:00,1.37689,1.37701,1.3754,1.3761,15803
2024-10-11 20:00:00+00:00,1.37614,1.3763,1.37504,1.37504,2325
2024-10-13 20:00:00+00:00,1.3764,1.3764,1.3764,1.3764,1
2024-10-14 00:00:00+00:00,1.37844,1.37879,1.37721,1.37752,19249
2024-10-14 04:00:00+00:00,1.3775,1.37817,1.37711,1.3778,14450
2024-10-14 08:00:00+00:00,1.378,1.37974,1.37792,1.37886,16940
2024-10-14 12:00:00+00:00,1.37891,1.38,1.3781,1.3794,27714
2024-10-14 16:00:00+00:00,1.37968,1.38045,1.3792,1.37951,19697
2024-10-14 20:00:00+00:00,1.3793,1.38029,1.37751,1.38019,6232
2024-10-15 00:00:00+00:00,1.37989,1.38044,1.3795,1.38042,13823
2024-10-15 04:00:00+00:00,1.38042,1.38142,1.3803,1.38089,17216
2024-10-15 08:00:00+00:00,1.38099,1.38167,1.3802,1.38167,19134
2024-10-15 12:00:00+00:00,1.38175,1.38378,1.37969,1.38028,31166
2024-10-15 16:00:00+00:00,1.38033,1.38106,1.37848,1.37848,21026
2024-10-15 20:00:00+00:00,1.378,1.37846,1.37684,1.37803,9642
2024-10-16 00:00:00+00:00,1.37833,1.37894,1.3773,1.37757,17853
2024-10-16 04:00:00+00:00,1.37757,1.37856,1.3773,1.37816,17965
2024-10-16 08:00:00+00:00,1.37829,1.37926,1.37804,1.37817,18203
2024-10-16 12:00:00+00:00,1.37823,1.37836,1.3768,1.37724,26553
2024-10-16 16:00:00+00:00,1.37724,1.37738,1.37501,1.37504,17738
2024-10-16 20:00:00+00:00,1.37511,1.3759,1.3748,1.37557,7048
2024-10-17 00:00:00+00:00,1.3755,1.37651,1.37475,1.37621,19752
2024-10-17 04:00:00+00:00,1.37625,1.37851,1.3759,1.37831,17094
2024-10-17 08:00:00+00:00,1.37819,1.37851,1.3774,1.37763,17794
2024-10-17 12:00:00+00:00,1.3776,1.37924,1.37722,1.37913,33553
2024-10-17 16:00:00+00:00,1.37872,1.38005,1.3787,1.37991,20675
2024-10-17 20:00:00+00:00,1.37982,1.37996,1.37747,1.37957,7818
2024-10-18 00:00:00+00:00,1.37967,1.37996,1.37859,1.37932,21240
2024-10-18 04:00:00+00:00,1.37932,1.37995,1.3788,1.37915,18042
2024-10-18 08:00:00+00:00,1.37903,1.37964,1.3784,1.37885,17034
2024-10-18 12:00:00+00:00,1.37885,1.38092,1.3788,1.38045,24943
2024-10-18 16:00:00+00:00,1.38067,1.38146,1.37946,1.38073,22025
2024-10-18 20:00:00+00:00,1.38079,1.38086,1.37843,1.37843,4860
2024-10-20 20:00:00+00:00,1.3809,1.3809,1.3798,1.37996,1476
2024-10-21 00:00:00+00:00,1.38,1.38091,1.3799,1.38059,21692
2024-10-21 04:00:00+00:00,1.38061,1.38208,1.3804,1.38167,19973
2024-10-21 08:00:00+00:00,1.38156,1.38257,1.3811,1.38177,18738
2024-10-21 12:00:00+00:00,1.38179,1.38485,1.38124,1.3845,24969
2024-10-21 16:00:00+00:00,1.38459,1.38494,1.3831,1.38354,19238
2024-10-21 20:00:00+00:00,1.38359,1.3837,1.38213,1.38334,7800
2024-10-22 00:00:00+00:00,1.38335,1.38371,1.3827,1.38289,22345
2024-10-22 04:00:00+00:00,1.38288,1.38311,1.38209,1.38276,17555
2024-10-22 08:00:00+00:00,1.38283,1.3836,1.3824,1.38304,20493
2024-10-22 12:00:00+00:00,1.3831,1.38315,1.38141,1.38305,27644
2024-10-22 16:00:00+00:00,1.38302,1.38323,1.3813,1.38206,18878
2024-10-22 20:00:00+00:00,1.3822,1.38236,1.38081,1.3818,8112
2024-10-23 00:00:00+00:00,1.38174,1.38285,1.3814,1.3816,23079
2024-10-23 04:00:00+00:00,1.38201,1.38268,1.3816,1.38242,20816
2024-10-23 08:00:00+00:00,1.38245,1.3837,1.38222,1.38365,22015
2024-10-23 12:00:00+00:00,1.38371,1.3862,1.3831,1.38388,29084
2024-10-23 16:00:00+00:00,1.3838,1.38494,1.3833,1.3836,23452
2024-10-23 20:00:00+00:00,1.38372,1.38415,1.3833,1.38376,8527
2024-10-24 00:00:00+00:00,1.38373,1.38374,1.3822,1.38258,19717
2024-10-24 04:00:00+00:00,1.38261,1.38284,1.3818,1.38181,20592
2024-10-24 08:00:00+00:00,1.38177,1.38224,1.3811,1.38172,18310
2024-10-24 12:00:00+00:00,1.38186,1.38577,1.38131,1.38577,30199
2024-10-24 16:00:00+00:00,1.38604,1.38676,1.38463,1.38526,22211
2024-10-24 20:00:00+00:00,1.3855,1.3858,1.38405,1.38533,6232
2024-10-25 00:00:00+00:00,1.38524,1.38552,1.3846,1.38546,21226
2024-10-25 04:00:00+00:00,1.38546,1.38557,1.3843,1.38451,18276
2024-10-25 08:00:00+00:00,1.3844,1.38503,1.3843,1.38483,19185
2024-10-25 12:00:00+00:00,1.38481,1.38824,1.3838,1.38824,26243
2024-10-25 16:00:00+00:00,1.38856,1.38964,1.3878,1.38964,22209
2024-10-25 20:00:00+00:00,1.38963,1.38972,1.26484,1.26484,3686
2024-10-27 20:00:00+00:00,1.38833,1.3897,1.38819,1.38953,2195
2024-10-28 00:00:00+00:00,1.3894,1.39044,1.3892,1.39043,15673
2024-10-28 04:00:00+00:00,1.39042,1.39057,1.3883,1.38895,17152
2024-10-28 08:00:00+00:00,1.38904,1.38989,1.3886,1.38928,16777
2024-10-28 12:00:00+00:00,1.38942,1.39076,1.38826,1.39035,22947
2024-10-28 16:00:00+00:00,1.39029,1.39029,1.3888,1.38892,19426
2024-10-28 20:00:00+00:00,1.38893,1.3895,1.38678,1.38879,7308
2024-10-29 00:00:00+00:00,1.38896,1.3898,1.3885,1.38973,19037
2024-10-29 04:00:00+00:00,1.38984,1.38996,1.3885,1.38874,17635
2024-10-29 08:00:00+00:00,1.3887,1.38906,1.3875,1.38892,19383
2024-10-29 12:00:00+00:00,1.38904,1.39199,1.38882,1.39082,32263
2024-10-29 16:00:00+00:00,1.39077,1.3929,1.39059,1.3916,22837
2024-10-29 20:00:00+00:00,1.39151,1.39201,1.38993,1.39148,8363
2024-10-30 00:00:00+00:00,1.39152,1.39241,1.3907,1.392,20615
2024-10-30 04:00:00+00:00,1.39212,1.39224,1.3911,1.39182,18277
2024-10-30 08:00:00+00:00,1.39159,1.39271,1.3901,1.39266,20721
2024-10-30 12:00:00+00:00,1.39261,1.39393,1.39083,1.39109,35338
2024-10-30 16:00:00+00:00,1.39106,1.39202,1.3895,1.39006,22283
2024-10-30 20:00:00+00:00,1.39007,1.39093,1.3895,1.39087,10086
2024-10-31 00:00:00+00:00,1.39071,1.3919,1.3906,1.3918,17521
2024-10-31 04:00:00+00:00,1.39176,1.39212,1.3911,1.39167,19723
2024-10-31 08:00:00+00:00,1.39159,1.39266,1.39109,1.3911,19593
2024-10-31 12:00:00+00:00,1.3913,1.39445,1.38915,1.39393,35848
2024-10-31 16:00:00+00:00,1.39363,1.39383,1.39069,1.39231,26605
2024-10-31 20:00:00+00:00,1.39222,1.39364,1.39161,1.39352,9673
2024-11-01 00:00:00+00:00,1.39337,1.3937,1.3925,1.3928,18920
2024-11-01 04:00:00+00:00,1.39282,1.3941,1.3924,1.3939,17084
2024-11-01 08:00:00+00:00,1.3939,1.39408,1.39246,1.39248,16317
2024-11-01 12:00:00+00:00,1.3925,1.39313,1.39035,1.39256,35116
2024-11-01 16:00:00+00:00,1.39251,1.3956,1.3921,1.39558,23569
2024-11-01 20:00:00+00:00,1.39576,1.39584,1.29301,1.29301,4532
2024-11-03 20:00:00+00:00,1.39198,1.39263,1.39158,1.39205,2077
2024-11-04 00:00:00+00:00,1.392,1.392,1.38915,1.38946,16892
2024-11-04 04:00:00+00:00,1.38951,1.39202,1.3893,1.39202,17790
2024-11-04 08:00:00+00:00,1.39222,1.39222,1.3894,1.38951,21597
2024-11-04 12:00:00+00:00,1.38937,1.39113,1.3874,1.38893,28639
2024-11-04 16:00:00+00:00,1.38883,1.39019,1.38838,1.38971,24721
2024-11-04 20:00:00+00:00,1.38969,1.39029,1.38671,1.39007,12062
2024-11-05 00:00:00+00:00,1.39035,1.39064,1.3896,1.39019,17273
2024-11-05 04:00:00+00:00,1.39023,1.39023,1.3887,1.38889,17338
2024-11-05 08:00:00+00:00,1.38863,1.38878,1.3877,1.38808,16431
2024-11-05 12:00:00+00:00,1.3879,1.38846,1.3846,1.38508,25483
2024-11-05 16:00:00+00:00,1.3853,1.38569,1.3839,1.38408,23244
2024-11-05 20:00:00+00:00,1.38436,1.38436,1.38137,1.3833,13249
2024-11-06 00:00:00+00:00,1.38341,1.39341,1.38329,1.3928,46070
2024-11-06 04:00:00+00:00,1.3923,1.39366,1.38932,1.39266,40595
2024-11-06 08:00:00+00:00,1.39273,1.393,1.38857,1.39168,33266
2024-11-06 12:00:00+00:00,1.39151,1.39575,1.39032,1.3921,41246
2024-11-06 16:00:00+00:00,1.39193,1.39433,1.39162,1.39323,31919
2024-11-06 20:00:00+00:00,1.39315,1.39482,1.3928,1.39482,12985
2024-11-07 00:00:00+00:00,1.39467,1.39469,1.38903,1.38903,19240
2024-11-07 04:00:00+00:00,1.38914,1.38981,1.3877,1.38876,18838
2024-11-07 08:00:00+00:00,1.38869,1.38933,1.38696,1.38926,21908
2024-11-07 12:00:00+00:00,1.38921,1.3897,1.38573,1.38648,33186
2024-11-07 16:00:00+00:00,1.38651,1.38751,1.3848,1.38614,30391
2024-11-07 20:00:00+00:00,1.38631,1.38679,1.38052,1.38679,15462
2024-11-08 00:00:00+00:00,1.38676,1.3884,1.38668,1.38832,16443
2024-11-08 04:00:00+00:00,1.38839,1.38896,1.3878,1.38865,14709
2024-11-08 08:00:00+00:00,1.3885,1.38988,1.388,1.3897,24357
2024-11-08 12:00:00+00:00,1.38985,1.39185,1.38929,1.3897,28962
2024-11-08 16:00:00+00:00,1.38975,1.39272,1.38972,1.3913,25192
2024-11-08 20:00:00+00:00,1.39158,1.39187,1.22496,1.30978,7819
2024-11-10 20:00:00+00:00,1.39033,1.3914,1.39013,1.39101,1516
2024-11-11 00:00:00+00:00,1.39096,1.39201,1.3904,1.39199,12269
2024-11-11 04:00:00+00:00,1.39191,1.39263,1.3909,1.39225,14777
2024-11-11 08:00:00+00:00,1.3921,1.39375,1.39195,1.3927,20537
2024-11-11 12:00:00+00:00,1.39266,1.39498,1.3926,1.39299,24682
2024-11-11 16:00:00+00:00,1.39276,1.39303,1.3914,1.39257,20044
2024-11-11 20:00:00+00:00,1.39237,1.39308,1.39162,1.39197,10695
2024-11-12 00:00:00+00:00,1.39219,1.39464,1.3917,1.39458,20619
2024-11-12 04:00:00+00:00,1.39456,1.39578,1.394,1.39536,21464
2024-11-12 08:00:00+00:00,1.39566,1.39668,1.395,1.39574,23053
2024-11-12 12:00:00+00:00,1.3955,1.39566,1.3925,1.39396,30424
2024-11-12 16:00:00+00:00,1.39409,1.39596,1.39409,1.39455,25179
2024-11-12 20:00:00+00:00,1.39451,1.39508,1.39238,1.39452,11852
2024-11-13 00:00:00+00:00,1.39466,1.39537,1.3939,1.39528,19627
2024-11-13 04:00:00+00:00,1.3953,1.39604,1.3949,1.39582,17199
2024-11-13 08:00:00+00:00,1.39599,1.39618,1.39454,1.39497,20945
2024-11-13 12:00:00+00:00,1.39482,1.39972,1.39356,1.39702,39179
2024-11-13 16:00:00+00:00,1.39689,1.39987,1.39689,1.39987,26612
2024-11-13 20:00:00+00:00,1.39972,1.40026,1.39853,1.39923,11427
2024-11-14 00:00:00+00:00,1.39924,1.40103,1.39882,1.40103,18999
2024-11-14 04:00:00+00:00,1.40102,1.40195,1.39956,1.39981,15249
2024-11-14 08:00:00+00:00,1.39962,1.40178,1.3993,1.40036,24624
2024-11-14 12:00:00+00:00,1.4007,1.40356,1.39984,1.40117,35907
2024-11-14 16:00:00+00:00,1.40132,1.40391,1.40072,1.40362,25978
2024-11-14 20:00:00+00:00,1.40427,1.40708,1.4032,1.40615,19620
2024-11-15 00:00:00+00:00,1.40639,1.40699,1.4054,1.40583,20228
2024-11-15 04:00:00+00:00,1.40588,1.40678,1.4051,1.40612,18480
2024-11-15 08:00:00+00:00,1.40602,1.40637,1.4031,1.40382,23207
2024-11-15 12:00:00+00:00,1.40385,1.41037,1.40357,1.40784,36108
2024-11-15 16:00:00+00:00,1.40769,1.40925,1.4066,1.40919,31007
2024-11-15 20:00:00+00:00,1.40901,1.41004,1.26532,1.26532,9993
2024-11-17 20:00:00+00:00,1.40834,1.40894,1.40808,1.40858,2266
2024-11-18 00:00:00+00:00,1.40893,1.40893,1.4069,1.40851,16517
2024-11-18 04:00:00+00:00,1.40849,1.41004,1.4075,1.40954,18171
2024-11-18 08:00:00+00:00,1.40931,1.41024,1.40835,1.40977,21971
2024-11-18 12:00:00+00:00,1.40983,1.40984,1.40443,1.40491,25855
2024-11-18 16:00:00+00:00,1.4048,1.40504,1.4003,1.40186,24158
2024-11-18 20:00:00+00:00,1.4016,1.40224,1.40099,1.40224,10766
2024-11-19 00:00:00+00:00,1.40234,1.40284,1.4009,1.40126,17966
2024-11-19 04:00:00+00:00,1.40105,1.40253,1.40101,1.40205,17272
2024-11-19 08:00:00+00:00,1.4017,1.40356,1.4003,1.40242,31516
2024-11-19 12:00:00+00:00,1.40222,1.4026,1.39735,1.39767,35285
2024-11-19 16:00:00+00:00,1.39764,1.39844,1.3964,1.39655,25375
2024-11-19 20:00:00+00:00,1.39664,1.39702,1.39121,1.3955,12466
2024-11-20 00:00:00+00:00,1.39523,1.39669,1.395,1.3965,15117
2024-11-20 04:00:00+00:00,1.39646,1.3966,1.3949,1.39641,16238
2024-11-20 08:00:00+00:00,1.39648,1.39993,1.3962,1.39924,23404
2024-11-20 12:00:00+00:00,1.3992,1.40137,1.3975,1.40049,27165
2024-11-20 16:00:00+00:00,1.40045,1.40117,1.3979,1.39835,24380
2024-11-20 20:00:00+00:00,1.39853,1.39878,1.3966,1.39681,11865
2024-11-21 00:00:00+00:00,1.39669,1.39727,1.3965,1.39685,17823
2024-11-21 04:00:00+00:00,1.39684,1.39717,1.39613,1.39618,19254
2024-11-21 08:00:00+00:00,1.3963,1.39772,1.3955,1.39644,25506
2024-11-21 12:00:00+00:00,1.3962,1.39721,1.39324,1.39472,31420
2024-11-21 16:00:00+00:00,1.3947,1.39692,1.3947,1.39636,27833
2024-11-21 20:00:00+00:00,1.39623,1.39843,1.3958,1.39843,10543
2024-11-22 00:00:00+00:00,1.39842,1.39842,1.3962,1.39696,18417
2024-11-22 04:00:00+00:00,1.39684,1.39862,1.3967,1.39699,20256
2024-11-22 08:00:00+00:00,1.39668,1.40169,1.39589,1.3994,34432
2024-11-22 12:00:00+00:00,1.39937,1.39989,1.39636,1.39782,34645
2024-11-22 16:00:00+00:00,1.39767,1.39922,1.3969,1.39807,23472
2024-11-22 20:00:00+00:00,1.3983,1.39876,1.27354,1.27354,8595
2024-11-25 12:00:00+00:00,1.3962,1.39916,1.396,1.39883,16139
2024-11-25 16:00:00+00:00,1.39865,1.40065,1.39703,1.39773,25999
2024-11-25 20:00:00+00:00,1.39764,1.41122,1.39683,1.40984,15931
2024-11-26 00:00:00+00:00,1.41057,1.41768,1.40928,1.40998,32523
2024-11-26 04:00:00+00:00,1.40959,1.41307,1.40857,1.41232,21606
2024-11-26 08:00:00+00:00,1.4128,1.41428,1.40768,1.40867,26453
2024-11-26 12:00:00+00:00,1.40892,1.41271,1.40544,1.40591,39367
2024-11-26 16:00:00+00:00,1.40584,1.40915,1.40574,1.40614,30608
2024-11-26 20:00:00+00:00,1.40624,1.40715,1.4047,1.4052,13202
2024-11-27 00:00:00+00:00,1.40526,1.40707,1.40443,1.40633,21586
2024-11-27 04:00:00+00:00,1.40646,1.40769,1.40527,1.40563,21596
2024-11-27 08:00:00+00:00,1.4056,1.40627,1.40364,1.40527,28612
2024-11-27 12:00:00+00:00,1.40535,1.40643,1.40222,1.40273,34554
2024-11-27 16:00:00+00:00,1.40295,1.4036,1.401,1.4031,29605
2024-11-27 20:00:00+00:00,1.40317,1.4035,1.40068,1.40263,12386
2024-11-28 00:00:00+00:00,1.40285,1.40287,1.40064,1.40227,19371
2024-11-28 04:00:00+00:00,1.40231,1.40276,1.40171,1.4025,16016
2024-11-28 08:00:00+00:00,1.40268,1.40303,1.3998,1.40081,21964
2024-11-28 12:00:00+00:00,1.40094,1.40193,1.40006,1.40096,19418
2024-11-28 16:00:00+00:00,1.40096,1.40112,1.4003,1.40093,9879
2024-11-28 20:00:00+00:00,1.4008,1.402,1.37645,1.40077,6624
2024-11-29 00:00:00+00:00,1.40073,1.4012,1.3983,1.39853,21019
2024-11-29 04:00:00+00:00,1.39845,1.40026,1.39807,1.3997,19487
2024-11-29 08:00:00+00:00,1.39989,1.40116,1.3995,1.40014,24555
2024-11-29 12:00:00+00:00,1.40023,1.40438,1.40003,1.40052,32413
2024-11-29 16:00:00+00:00,1.40041,1.40193,1.3991,1.39941,31216
2024-11-29 20:00:00+00:00,1.39941,1.4008,1.37804,1.37804,17682
2024-12-01 20:00:00+00:00,1.39851,1.40172,1.39817,1.40131,1801
2024-12-02 00:00:00+00:00,1.40134,1.40414,1.40132,1.4032,18650
2024-12-02 04:00:00+00:00,1.40352,1.40411,1.4018,1.40411,25276
2024-12-02 08:00:00+00:00,1.40409,1.40469,1.40188,1.40335,26269
2024-12-02 12:00:00+00:00,1.403,1.40889,1.40289,1.40802,36291
2024-12-02 16:00:00+00:00,1.408,1.40844,1.4042,1.40452,27928
2024-12-02 20:00:00+00:00,1.40482,1.4052,1.40183,1.4046,14935
2024-12-03 00:00:00+00:00,1.40469,1.4064,1.4038,1.40494,20378
2024-12-03 04:00:00+00:00,1.4049,1.40565,1.40347,1.40381,18143
2024-12-03 08:00:00+00:00,1.40333,1.40407,1.40099,1.40382,25447
2024-12-03 12:00:00+00:00,1.40395,1.40709,1.40271,1.40655,35135
2024-12-03 16:00:00+00:00,1.40641,1.40753,1.40479,1.40693,26089
2024-12-03 20:00:00+00:00,1.4069,1.40717,1.39996,1.40648,12549
2024-12-04 00:00:00+00:00,1.40661,1.40825,1.4062,1.40792,19429
2024-12-04 04:00:00+00:00,1.40797,1.40797,1.4054,1.40609,18423
2024-12-04 08:00:00+00:00,1.4061,1.40816,1.40529,1.4055,24401
2024-12-04 12:00:00+00:00,1.40571,1.40792,1.40539,1.40644,34268
2024-12-04 16:00:00+00:00,1.40657,1.40782,1.4055,1.40639,27106
2024-12-04 20:00:00+00:00,1.40642,1.40747,1.4038,1.40723,10678
2024-12-05 00:00:00+00:00,1.40756,1.40789,1.4066,1.40692,16860
2024-12-05 04:00:00+00:00,1.40691,1.40734,1.40604,1.40611,17035
2024-12-05 08:00:00+00:00,1.40613,1.40637,1.4052,1.40545,20144
2024-12-05 12:00:00+00:00,1.40524,1.4063,1.40111,1.40343,33345
2024-12-05 16:00:00+00:00,1.40348,1.40658,1.4025,1.40281,24137
2024-12-05 20:00:00+00:00,1.4029,1.40306,1.39074,1.40193,9711
2024-12-06 00:00:00+00:00,1.40201,1.40426,1.40201,1.40302,17183
2024-12-06 04:00:00+00:00,1.403,1.40412,1.403,1.40324,14239
2024-12-06 08:00:00+00:00,1.40331,1.40465,1.40263,1.40445,18860
2024-12-06 12:00:00+00:00,1.4046,1.4156,1.4042,1.41383,40837
2024-12-06 16:00:00+00:00,1.4136,1.4164,1.41347,1.41585,27699
2024-12-06 20:00:00+00:00,1.41576,1.41626,1.41484,1.4156,8696
2024-12-08 20:00:00+00:00,1.41451,1.41615,1.41451,1.41476,1788
2024-12-09 00:00:00+00:00,1.41491,1.41652,1.4146,1.41652,11816
2024-12-09 04:00:00+00:00,1.41647,1.41739,1.41551,1.41566,16785
2024-12-09 08:00:00+00:00,1.41559,1.41622,1.4128,1.41333,21012
2024-12-09 12:00:00+00:00,1.41343,1.41352,1.40943,1.4114,27606
2024-12-09 16:00:00+00:00,1.41136,1.41633,1.4113,1.41581,22499
2024-12-09 20:00:00+00:00,1.41568,1.41747,1.41564,1.41744,10877
2024-12-10 00:00:00+00:00,1.41734,1.41887,1.4168,1.4182,19019
2024-12-10 04:00:00+00:00,1.41814,1.41851,1.4166,1.41851,17265
2024-12-10 08:00:00+00:00,1.41842,1.41941,1.4163,1.41639,22419
2024-12-10 12:00:00+00:00,1.41639,1.41924,1.4157,1.41691,28946
2024-12-10 16:00:00+00:00,1.41681,1.41699,1.41555,1.41645,23257
2024-12-10 20:00:00+00:00,1.41647,1.4182,1.4162,1.41744,10567
2024-12-11 00:00:00+00:00,1.4172,1.41775,1.4157,1.41628,16052
2024-12-11 04:00:00+00:00,1.41632,1.41907,1.416,1.41894,18716
2024-12-11 08:00:00+00:00,1.41884,1.41922,1.41775,1.41819,23817
2024-12-11 12:00:00+00:00,1.41814,1.41893,1.41195,1.41408,39957
2024-12-11 16:00:00+00:00,1.41407,1.41691,1.41237,1.41608,28400
2024-12-11 20:00:00+00:00,1.41632,1.41661,1.4146,1.41485,12100
2024-12-12 00:00:00+00:00,1.41475,1.41547,1.4136,1.41488,19564
2024-12-12 04:00:00+00:00,1.41485,1.41514,1.4135,1.41475,17871
2024-12-12 08:00:00+00:00,1.41453,1.41539,1.41311,1.41539,25756
2024-12-12 12:00:00+00:00,1.41554,1.41995,1.4153,1.41844,38546
2024-12-12 16:00:00+00:00,1.41844,1.42103,1.4169,1.4207,29884
2024-12-12 20:00:00+00:00,1.42063,1.42269,1.42035,1.4215,12480
2024-12-13 00:00:00+00:00,1.42195,1.42402,1.4216,1.42398,18729
2024-12-13 04:00:00+00:00,1.42404,1.42433,1.42276,1.42319,17810
2024-12-13 08:00:00+00:00,1.42328,1.4234,1.4214,1.42186,22585
2024-12-13 12:00:00+00:00,1.42181,1.42442,1.42098,1.4238,29934
2024-12-13 16:00:00+00:00,1.42386,1.42413,1.42235,1.4232,13797
2024-12-13 20:00:00+00:00,1.42323,1.42398,1.41495,1.41495,8040
2024-12-15 20:00:00+00:00,1.42224,1.42356,1.42224,1.42254,1634
2024-12-16 00:00:00+00:00,1.4221,1.42296,1.42168,1.42264,13173
2024-12-16 04:00:00+00:00,1.42257,1.42302,1.4217,1.42233,13773
2024-12-16 08:00:00+00:00,1.42241,1.42434,1.42193,1.42406,20171
2024-12-16 12:00:00+00:00,1.42413,1.42664,1.42227,1.42288,28038
2024-12-16 16:00:00+00:00,1.42296,1.42418,1.4224,1.42369,23321
2024-12-16 20:00:00+00:00,1.42391,1.42498,1.4215,1.42346,11765
2024-12-17 00:00:00+00:00,1.4231,1.42542,1.4231,1.4252,15444
2024-12-17 04:00:00+00:00,1.42532,1.42713,1.4252,1.42684,15724
2024-12-17 08:00:00+00:00,1.42702,1.4293,1.42702,1.42804,22371
2024-12-17 12:00:00+00:00,1.42782,1.43199,1.42716,1.43121,32333
2024-12-17 16:00:00+00:00,1.43111,1.43229,1.4304,1.43096,26909
2024-12-17 20:00:00+00:00,1.43108,1.43156,1.4303,1.43097,10290
2024-12-18 00:00:00+00:00,1.43111,1.4323,1.4307,1.4323,14290
2024-12-18 04:00:00+00:00,1.4322,1.43307,1.4321,1.43294,13852
2024-12-18 08:00:00+00:00,1.43292,1.43308,1.4317,1.4324,20393
2024-12-18 12:00:00+00:00,1.4325,1.43272,1.4303,1.4324,26274
2024-12-18 16:00:00+00:00,1.43235,1.44225,1.43203,1.44169,32156
2024-12-18 20:00:00+00:00,1.44111,1.44657,1.44111,1.44614,24207
2024-12-19 00:00:00+00:00,1.44576,1.44598,1.4429,1.44335,23017
2024-12-19 04:00:00+00:00,1.44338,1.44427,1.44189,1.44219,20418
2024-12-19 08:00:00+00:00,1.44197,1.44197,1.4381,1.43829,27586
2024-12-19 12:00:00+00:00,1.43811,1.43853,1.43455,1.43689,38216
2024-12-19 16:00:00+00:00,1.43663,1.43892,1.43485,1.43877,30747
2024-12-19 20:00:00+00:00,1.43874,1.44036,1.43783,1.44027,13896
2024-12-20 00:00:00+00:00,1.43991,1.44348,1.4399,1.44308,21312
2024-12-20 04:00:00+00:00,1.44291,1.44291,1.43836,1.43842,21780
2024-12-20 08:00:00+00:00,1.4385,1.43913,1.43715,1.43895,25043
2024-12-20 12:00:00+00:00,1.43895,1.43946,1.4354,1.43685,36647
2024-12-20 16:00:00+00:00,1.43688,1.43782,1.43356,1.43531,30562
2024-12-20 20:00:00+00:00,1.43538,1.43754,1.09843,1.09843,11697
2024-12-22 20:00:00+00:00,1.43566,1.43675,1.43566,1.43592,1739
2024-12-23 00:00:00+00:00,1.43595,1.43637,1.43489,1.43577,11788
2024-12-23 04:00:00+00:00,1.43567,1.43885,1.4352,1.43884,14197
2024-12-23 08:00:00+00:00,1.43874,1.44062,1.43666,1.44012,20950
2024-12-23 12:00:00+00:00,1.4398,1.44318,1.4398,1.44114,28960
2024-12-23 16:00:00+00:00,1.44089,1.44182,1.43686,1.43718,27098
2024-12-23 20:00:00+00:00,1.43708,1.4377,1.4324,1.43737,12229
2024-12-24 00:00:00+00:00,1.4372,1.43866,1.4372,1.43826,14417
2024-12-24 04:00:00+00:00,1.4382,1.43864,1.4372,1.4383,14430
2024-12-24 08:00:00+00:00,1.43854,1.44037,1.438,1.4402,17317
2024-12-24 12:00:00+00:00,1.44023,1.4418,1.43641,1.43814,25965
2024-12-24 16:00:00+00:00,1.43825,1.43909,1.43561,1.43665,18519
2024-12-24 20:00:00+00:00,1.43481,1.4376,1.42727,1.4363,4606
2024-12-25 00:00:00+00:00,1.4362,1.4377,1.42082,1.43502,1282
2024-12-25 04:00:00+00:00,1.4354,1.4365,1.4206,1.42065,2718
2024-12-25 08:00:00+00:00,1.4343,1.4358,1.42101,1.4338,198
2024-12-25 12:00:00+00:00,1.434,1.4344,1.434,1.4344,12
2024-12-25 16:00:00+00:00,1.4349,1.4427,1.4349,1.44,970
2024-12-25 20:00:00+00:00,1.4392,1.4404,1.43482,1.43525,3579
2024-12-26 00:00:00+00:00,1.43527,1.43623,1.4349,1.43531,12828
2024-12-26 04:00:00+00:00,1.43542,1.4383,1.43542,1.43816,12792
2024-12-26 08:00:00+00:00,1.43813,1.44034,1.438,1.43822,13220
2024-12-26 12:00:00+00:00,1.43825,1.44154,1.4382,1.44112,22017
2024-12-26 16:00:00+00:00,1.44107,1.44196,1.44012,1.44147,21735
2024-12-26 20:00:00+00:00,1.44153,1.44178,1.43624,1.4408,11299
2024-12-27 00:00:00+00:00,1.44093,1.44152,1.44048,1.44075,14043
2024-12-27 04:00:00+00:00,1.44076,1.44105,1.44025,1.44041,13385
2024-12-27 08:00:00+00:00,1.44052,1.44106,1.43894,1.43905,17384
2024-12-27 12:00:00+00:00,1.43901,1.44208,1.4375,1.44086,26672
2024-12-27 16:00:00+00:00,1.44105,1.44475,1.4405,1.44101,24853
2024-12-27 20:00:00+00:00,1.44141,1.44207,1.43857,1.43857,8563
2024-12-29 20:00:00+00:00,1.44105,1.44139,1.4401,1.44024,1373
2024-12-30 00:00:00+00:00,1.44035,1.4406,1.43967,1.43967,10078
2024-12-30 04:00:00+00:00,1.43966,1.44001,1.4385,1.43977,14187
2024-12-30 08:00:00+00:00,1.43978,1.44093,1.43735,1.4378,19204
2024-12-30 12:00:00+00:00,1.43758,1.44294,1.43728,1.43871,31750
2024-12-30 16:00:00+00:00,1.43829,1.43923,1.43456,1.43586,26406
2024-12-30 20:00:00+00:00,1.43615,1.43624,1.43434,1.43501,12056
2024-12-31 00:00:00+00:00,1.43499,1.43602,1.4338,1.43492,11814
2024-12-31 04:00:00+00:00,1.4349,1.43695,1.4344,1.43679,12431
2024-12-31 08:00:00+00:00,1.43731,1.43822,1.4365,1.43822,20042
2024-12-31 12:00:00+00:00,1.43837,1.44072,1.43663,1.43786,32034
2024-12-31 16:00:00+00:00,1.43822,1.44089,1.43812,1.4391,17536
2024-12-31 20:00:00+00:00,1.4391,1.4391,1.4391,1.4391,1
2025-01-01 20:00:00+00:00,1.4384,1.4404,1.43291,1.43751,3847
2025-01-02 00:00:00+00:00,1.4376,1.43857,1.4368,1.4376,14856
2025-01-02 04:00:00+00:00,1.43757,1.44054,1.43705,1.44048,13617
2025-01-02 08:00:00+00:00,1.44013,1.44273,1.44006,1.44177,23568
2025-01-02 12:00:00+00:00,1.44178,1.44386,1.44151,1.4421,32395
2025-01-02 16:00:00+00:00,1.44229,1.44407,1.43933,1.44175,32684
2025-01-02 20:00:00+00:00,1.44146,1.44146,1.4389,1.44044,10233
2025-01-03 00:00:00+00:00,1.44039,1.44041,1.43829,1.43841,13545
2025-01-03 04:00:00+00:00,1.4383,1.44009,1.4383,1.43975,14889
2025-01-03 08:00:00+00:00,1.43933,1.44041,1.4387,1.43928,20009
2025-01-03 12:00:00+00:00,1.43927,1.44531,1.4392,1.44363,28870
2025-01-03 16:00:00+00:00,1.4435,1.4463,1.4435,1.44484,24324
2025-01-03 20:00:00+00:00,1.44489,1.44489,1.44369,1.44369,7899
2025-01-05 20:00:00+00:00,1.44317,1.4448,1.44317,1.44383,1440
2025-01-06 00:00:00+00:00,1.444,1.44433,1.43874,1.4403,14049
2025-01-06 04:00:00+00:00,1.44023,1.44052,1.43854,1.43895,14444
2025-01-06 08:00:00+00:00,1.43906,1.4394,1.43015,1.43015,29923
2025-01-06 12:00:00+00:00,1.43027,1.43717,1.42799,1.43606,43799
2025-01-06 16:00:00+00:00,1.43637,1.43775,1.43362,1.43362,26885
2025-01-06 20:00:00+00:00,1.4335,1.43412,1.43274,1.43411,10108
2025-01-07 00:00:00+00:00,1.4341,1.43491,1.4322,1.4323,15708
2025-01-07 04:00:00+00:00,1.43223,1.43242,1.43075,1.43076,15179
2025-01-07 08:00:00+00:00,1.43063,1.43179,1.42986,1.43151,21709
2025-01-07 12:00:00+00:00,1.4315,1.43641,1.43004,1.43448,31067
2025-01-07 16:00:00+00:00,1.43436,1.43552,1.43177,1.43467,32511
2025-01-07 20:00:00+00:00,1.43475,1.43708,1.43475,1.43657,11028
2025-01-08 00:00:00+00:00,1.43612,1.43635,1.4344,1.43498,14763
2025-01-08 04:00:00+00:00,1.43493,1.43635,1.4339,1.43604,13970
2025-01-08 08:00:00+00:00,1.43564,1.44081,1.435,1.43902,27885
2025-01-08 12:00:00+00:00,1.43863,1.4406,1.43805,1.43868,40141
2025-01-08 16:00:00+00:00,1.43887,1.4397,1.4374,1.43883,30625
2025-01-08 20:00:00+00:00,1.43853,1.43908,1.43435,1.43765,11094
2025-01-09 00:00:00+00:00,1.43749,1.43853,1.4365,1.43766,13729
2025-01-09 04:00:00+00:00,1.43771,1.43999,1.4371,1.43999,16612
2025-01-09 08:00:00+00:00,1.43989,1.44028,1.4377,1.4396,24964
2025-01-09 12:00:00+00:00,1.43963,1.44037,1.4386,1.4398,23674
2025-01-09 16:00:00+00:00,1.43987,1.44027,1.4388,1.43917,16644
2025-01-09 20:00:00+00:00,1.43906,1.44021,1.43774,1.4402,7303
2025-01-10 00:00:00+00:00,1.43983,1.44114,1.43956,1.44112,14039
2025-01-10 04:00:00+00:00,1.44092,1.44209,1.4405,1.44057,14016
2025-01-10 08:00:00+00:00,1.4405,1.4417,1.43951,1.44087,22623
2025-01-10 12:00:00+00:00,1.44091,1.44338,1.43763,1.44232,42077
2025-01-10 16:00:00+00:00,1.44248,1.44423,1.44135,1.4427,32749
2025-01-10 20:00:00+00:00,1.44292,1.44366,1.24889,1.24889,10272
2025-01-12 20:00:00+00:00,1.44175,1.44218,1.44111,1.44146,1960
2025-01-13 00:00:00+00:00,1.44162,1.4442,1.44162,1.444,13500
2025-01-13 04:00:00+00:00,1.4439,1.44465,1.44293,1.44317,16677
2025-01-13 08:00:00+00:00,1.44302,1.44386,1.44141,1.44306,29053
2025-01-13 12:00:00+00:00,1.44299,1.4433,1.43948,1.44197,35286
2025-01-13 16:00:00+00:00,1.44208,1.44257,1.44036,1.44115,27533
2025-01-13 20:00:00+00:00,1.4408,1.44112,1.43241,1.43645,14605
2025-01-14 00:00:00+00:00,1.43644,1.43871,1.43643,1.43768,18406
2025-01-14 04:00:00+00:00,1.4376,1.4386,1.43707,1.43751,18534
2025-01-14 08:00:00+00:00,1.43729,1.43821,1.43579,1.43802,25196
2025-01-14 12:00:00+00:00,1.438,1.44092,1.43509,1.43537,38218
2025-01-14 16:00:00+00:00,1.43561,1.43792,1.4351,1.43649,28689
2025-01-14 20:00:00+00:00,1.43657,1.43682,1.43435,1.43518,11624
2025-01-15 00:00:00+00:00,1.4351,1.43594,1.435,1.43523,12690
2025-01-15 04:00:00+00:00,1.43519,1.43634,1.43402,1.43421,14369
2025-01-15 08:00:00+00:00,1.43402,1.43528,1.43292,1.43445,20982
2025-01-15 12:00:00+00:00,1.43465,1.43665,1.43023,1.43405,38042
2025-01-15 16:00:00+00:00,1.43395,1.43555,1.43271,1.43279,26521
2025-01-15 20:00:00+00:00,1.43288,1.43408,1.42988,1.43247,10112
2025-01-16 00:00:00+00:00,1.43235,1.43539,1.4323,1.43516,17076
2025-01-16 04:00:00+00:00,1.4352,1.43665,1.4347,1.43559,15446
2025-01-16 08:00:00+00:00,1.43546,1.4383,1.43546,1.43727,21882
2025-01-16 12:00:00+00:00,1.43728,1.4394,1.4371,1.4387,35598
2025-01-16 16:00:00+00:00,1.43884,1.43986,1.43677,1.43949,29198
2025-01-16 20:00:00+00:00,1.43951,1.44026,1.43491,1.43941,9602
2025-01-17 00:00:00+00:00,1.43957,1.44021,1.439,1.43946,12651
2025-01-17 04:00:00+00:00,1.43937,1.44124,1.4393,1.4406,12081
2025-01-17 08:00:00+00:00,1.44036,1.44168,1.4401,1.44114,10858
2025-01-17 12:00:00+00:00,1.44117,1.44591,1.43817,1.44002,17964
2025-01-17 16:00:00+00:00,1.4402,1.44635,1.4402,1.44599,13116
2025-01-17 20:00:00+00:00,1.44612,1.44835,1.446,1.4474,4982
2025-01-19 20:00:00+00:00,1.446,1.44846,1.4452,1.447,1725
2025-01-20 00:00:00+00:00,1.44684,1.44723,1.44453,1.44453,7881
2025-01-20 04:00:00+00:00,1.44452,1.44565,1.44426,1.44449,7631
2025-01-20 08:00:00+00:00,1.44453,1.44775,1.4444,1.44617,10387
2025-01-20 12:00:00+00:00,1.44598,1.44694,1.42625,1.4339,19832
2025-01-20 16:00:00+00:00,1.43438,1.4369,1.42911,1.43031,10020
2025-01-20 20:00:00+00:00,1.4304,1.4318,1.42835,1.43014,7377
2025-01-21 00:00:00+00:00,1.43045,1.45014,1.42896,1.44151,17048
2025-01-21 04:00:00+00:00,1.4411,1.44535,1.44044,1.44519,10974
2025-01-21 08:00:00+00:00,1.4453,1.4456,1.4415,1.44458,12913
2025-01-21 12:00:00+00:00,1.44468,1.44556,1.43699,1.43775,19541
2025-01-21 16:00:00+00:00,1.43756,1.43758,1.43174,1.4334,14630
2025-01-21 20:00:00+00:00,1.43369,1.43473,1.43005,1.43405,8549
2025-01-22 00:00:00+00:00,1.43339,1.43397,1.43171,1.43377,9843
2025-01-22 04:00:00+00:00,1.43381,1.43528,1.43306,1.4334,9249
2025-01-22 08:00:00+00:00,1.43353,1.43365,1.43008,1.43332,12957
2025-01-22 12:00:00+00:00,1.43274,1.43902,1.43274,1.43754,16898
2025-01-22 16:00:00+00:00,1.43753,1.43803,1.4353,1.43698,12316
2025-01-22 20:00:00+00:00,1.43703,1.44022,1.4315,1.43953,6812
2025-01-23 00:00:00+00:00,1.43946,1.44028,1.4381,1.43911,9196
2025-01-23 04:00:00+00:00,1.43895,1.44011,1.4385,1.43885,9368
2025-01-23 08:00:00+00:00,1.43881,1.44003,1.43836,1.43953,11899
2025-01-23 12:00:00+00:00,1.43956,1.44128,1.43711,1.43793,16197
2025-01-23 16:00:00+00:00,1.43796,1.43966,1.43347,1.43611,16834
2025-01-23 20:00:00+00:00,1.43645,1.43834,1.43554,1.43769,6748
2025-01-24 00:00:00+00:00,1.4379,1.43824,1.4321,1.43337,10401
2025-01-24 04:00:00+00:00,1.4332,1.43472,1.4322,1.43435,12071
2025-01-24 08:00:00+00:00,1.43442,1.43459,1.43152,1.43335,14522
2025-01-24 12:00:00+00:00,1.43357,1.43481,1.43185,1.43272,16922
2025-01-24 16:00:00+00:00,1.43277,1.43462,1.43256,1.4342,13413
2025-01-24 20:00:00+00:00,1.43458,1.43486,1.43356,1.4343,3965
2025-01-26 20:00:00+00:00,1.43588,1.43866,1.43555,1.43856,2064
2025-01-27 00:00:00+00:00,1.4385,1.44012,1.43656,1.43769,11068
2025-01-27 04:00:00+00:00,1.43771,1.43991,1.4373,1.43991,11187
2025-01-27 08:00:00+00:00,1.43961,1.43961,1.43473,1.43603,17967
2025-01-27 12:00:00+00:00,1.43605,1.43937,1.43344,1.43838,17973
2025-01-27 16:00:00+00:00,1.43849,1.44001,1.43754,1.4377,14731
2025-01-27 20:00:00+00:00,1.43766,1.44132,1.43645,1.44047,9186
2025-01-28 00:00:00+00:00,1.43989,1.44051,1.43811,1.43987,10577
2025-01-28 04:00:00+00:00,1.43982,1.44048,1.43918,1.44032,7398
2025-01-28 08:00:00+00:00,1.44078,1.44149,1.43901,1.4414,12175
2025-01-28 12:00:00+00:00,1.4415,1.44191,1.43697,1.43918,15004
2025-01-28 16:00:00+00:00,1.43896,1.44124,1.4383,1.43947,12481
2025-01-28 20:00:00+00:00,1.43964,1.4402,1.43857,1.4402,6324
2025-01-29 00:00:00+00:00,1.43984,1.4408,1.4394,1.4396,6445
2025-01-29 04:00:00+00:00,1.43949,1.44139,1.439,1.44132,7864
2025-01-29 08:00:00+00:00,1.4412,1.44329,1.44078,1.4427,10602
2025-01-29 12:00:00+00:00,1.44294,1.44679,1.44242,1.4443,16115
2025-01-29 16:00:00+00:00,1.44419,1.44578,1.44049,1.44197,17798
2025-01-29 20:00:00+00:00,1.44187,1.44286,1.43935,1.43963,9091
2025-01-30 00:00:00+00:00,1.44009,1.44189,1.44009,1.44169,7059
2025-01-30 04:00:00+00:00,1.44156,1.44346,1.4412,1.44172,6855
2025-01-30 08:00:00+00:00,1.44181,1.44181,1.44025,1.44131,10670
2025-01-30 12:00:00+00:00,1.44124,1.44223,1.43999,1.44084,15924
2025-01-30 16:00:00+00:00,1.44068,1.44214,1.43995,1.4413,10875
2025-01-30 20:00:00+00:00,1.4412,1.45712,1.4411,1.44925,11481
2025-01-31 00:00:00+00:00,1.4489,1.4498,1.44718,1.4482,8512
2025-01-31 04:00:00+00:00,1.44834,1.44871,1.44311,1.4437,8169
2025-01-31 08:00:00+00:00,1.4441,1.44959,1.44389,1.4486,12127
2025-01-31 12:00:00+00:00,1.44834,1.45403,1.44625,1.44818,37130
2025-01-31 16:00:00+00:00,1.44858,1.4526,1.43766,1.45105,47056
2025-01-31 20:00:00+00:00,1.45149,1.45508,1.4495,1.45275,18518
2025-02-02 20:00:00+00:00,1.4733,1.47472,1.4705,1.4712,5596
2025-02-03 00:00:00+00:00,1.4707,1.47909,1.46765,1.4775,26221
2025-02-03 04:00:00+00:00,1.47561,1.47664,1.46944,1.47166,31416
2025-02-03 08:00:00+00:00,1.472,1.472,1.46641,1.46742,31968
2025-02-03 12:00:00+00:00,1.4671,1.46943,1.45465,1.45699,47813
2025-02-03 16:00:00+00:00,1.4572,1.461,1.45489,1.4574,43499
2025-02-03 20:00:00+00:00,1.45721,1.45743,1.43848,1.44208,19870
2025-02-04 00:00:00+00:00,1.44168,1.44723,1.44168,1.44683,15462
2025-02-04 04:00:00+00:00,1.44682,1.45,1.4431,1.44377,24802
2025-02-04 08:00:00+00:00,1.44355,1.4458,1.4412,1.4434,29824
2025-02-04 12:00:00+00:00,1.44356,1.44412,1.43277,1.43277,35757
2025-02-04 16:00:00+00:00,1.43292,1.43505,1.43041,1.43049,28578
2025-02-04 20:00:00+00:00,1.43055,1.4338,1.43055,1.4338,11216
2025-02-05 00:00:00+00:00,1.43322,1.43373,1.4312,1.43311,15115
2025-02-05 04:00:00+00:00,1.43315,1.43439,1.4305,1.43091,18890
2025-02-05 08:00:00+00:00,1.43072,1.43072,1.42728,1.42876,26562
2025-02-05 12:00:00+00:00,1.42904,1.42965,1.42706,1.42856,35681
2025-02-05 16:00:00+00:00,1.42865,1.43189,1.42767,1.43149,24659
2025-02-05 20:00:00+00:00,1.43164,1.43276,1.43036,1.43145,9862
2025-02-06 00:00:00+00:00,1.43141,1.4336,1.4311,1.43334,11634
2025-02-06 04:00:00+00:00,1.43327,1.4362,1.43318,1.43593,15828
2025-02-06 08:00:00+00:00,1.43618,1.43655,1.43484,1.4359,23517
2025-02-06 12:00:00+00:00,1.43603,1.4364,1.4321,1.43211,33062
2025-02-06 16:00:00+00:00,1.43203,1.43217,1.43,1.43183,23259
2025-02-06 20:00:00+00:00,1.43188,1.43188,1.42994,1.43073,9202
2025-02-07 00:00:00+00:00,1.4306,1.43178,1.4301,1.43169,10594
2025-02-07 04:00:00+00:00,1.43164,1.43262,1.4305,1.4314,12934
2025-02-07 08:00:00+00:00,1.43085,1.43363,1.43044,1.43321,18894
2025-02-07 12:00:00+00:00,1.43326,1.43432,1.42804,1.43005,39659
2025-02-07 16:00:00+00:00,1.43035,1.43248,1.4273,1.42832,38483
2025-02-07 20:00:00+00:00,1.42851,1.42978,1.42736,1.42813,8987
2025-02-09 20:00:00+00:00,1.43525,1.43738,1.43303,1.43324,3226
2025-02-10 00:00:00+00:00,1.433,1.43571,1.43231,1.43432,14567
2025-02-10 04:00:00+00:00,1.43419,1.43579,1.43327,1.43468,16081
2025-02-10 08:00:00+00:00,1.43453,1.43453,1.4313,1.43395,24220
2025-02-10 12:00:00+00:00,1.434,1.43442,1.43199,1.43199,25827
2025-02-10 16:00:00+00:00,1.4321,1.43251,1.43054,1.43071,20404
2025-02-10 20:00:00+00:00,1.43076,1.43369,1.43066,1.4336,8773
2025-02-11 00:00:00+00:00,1.43376,1.43401,1.4325,1.4334,9772
2025-02-11 04:00:00+00:00,1.43346,1.43379,1.43262,1.43334,12704
2025-02-11 08:00:00+00:00,1.43298,1.43449,1.43242,1.43281,19298
2025-02-11 12:00:00+00:00,1.43268,1.43375,1.4308,1.43138,28684
2025-02-11 16:00:00+00:00,1.43137,1.43148,1.42828,1.4294,23207
2025-02-11 20:00:00+00:00,1.42926,1.42938,1.42779,1.42857,9588
2025-02-12 00:00:00+00:00,1.4286,1.42954,1.42789,1.42863,10270
2025-02-12 04:00:00+00:00,1.42866,1.42974,1.42866,1.42913,14160
2025-02-12 08:00:00+00:00,1.42915,1.43146,1.42873,1.42946,20685
2025-02-12 12:00:00+00:00,1.42961,1.43405,1.42933,1.42954,37278
2025-02-12 16:00:00+00:00,1.42952,1.43141,1.4255,1.42844,34065
2025-02-12 20:00:00+00:00,1.42842,1.43087,1.42795,1.4298,10787
2025-02-13 00:00:00+00:00,1.42984,1.43014,1.42683,1.42683,12133
2025-02-13 04:00:00+00:00,1.42675,1.42735,1.42552,1.42704,20270
2025-02-13 08:00:00+00:00,1.42718,1.42996,1.42718,1.42941,22303
2025-02-13 12:00:00+00:00,1.42937,1.43025,1.42118,1.42223,36539
2025-02-13 16:00:00+00:00,1.42217,1.42576,1.42121,1.42309,32505
2025-02-13 20:00:00+00:00,1.42332,1.42332,1.41828,1.4192,12300
2025-02-14 00:00:00+00:00,1.4193,1.41996,1.41819,1.41823,13071
2025-02-14 04:00:00+00:00,1.41816,1.419,1.41647,1.41664,18177
2025-02-14 08:00:00+00:00,1.4164,1.41909,1.41579,1.4183,22989
2025-02-14 12:00:00+00:00,1.41845,1.41885,1.41512,1.41667,32331
2025-02-14 16:00:00+00:00,1.41665,1.41777,1.41582,1.41587,21668
2025-02-14 20:00:00+00:00,1.41604,1.41771,1.41604,1.41758,7212
2025-02-16 20:00:00+00:00,1.41515,1.41887,1.41515,1.41808,2490
2025-02-17 00:00:00+00:00,1.41787,1.41793,1.41595,1.41706,13676
2025-02-17 04:00:00+00:00,1.4171,1.41849,1.4162,1.41843,16493
2025-02-17 08:00:00+00:00,1.41827,1.41936,1.4181,1.41861,19511
2025-02-17 12:00:00+00:00,1.41855,1.41927,1.4179,1.4187,20268
2025-02-17 16:00:00+00:00,1.41866,1.41892,1.4177,1.41844,10924
2025-02-17 20:00:00+00:00,1.4182,1.41885,1.4171,1.41847,6150
2025-02-18 00:00:00+00:00,1.41842,1.42058,1.41842,1.41985,16138
2025-02-18 04:00:00+00:00,1.41995,1.42079,1.41824,1.41942,20041
2025-02-18 08:00:00+00:00,1.41894,1.41981,1.41796,1.4186,23797
2025-02-18 12:00:00+00:00,1.41841,1.42122,1.41839,1.41884,30975
2025-02-18 16:00:00+00:00,1.41884,1.41962,1.4182,1.41882,25506
2025-02-18 20:00:00+00:00,1.41893,1.4196,1.41832,1.41898,10938
2025-02-19 00:00:00+00:00,1.41918,1.41979,1.4178,1.418,15906
2025-02-19 04:00:00+00:00,1.41802,1.41856,1.4175,1.41856,15181
2025-02-19 08:00:00+00:00,1.41849,1.42103,1.41849,1.42098,21403
2025-02-19 12:00:00+00:00,1.42108,1.4221,1.41926,1.42209,35228
2025-02-19 16:00:00+00:00,1.42193,1.42451,1.42179,1.42307,30805
2025-02-19 20:00:00+00:00,1.42308,1.4243,1.42232,1.42402,13257
2025-02-20 00:00:00+00:00,1.4238,1.42431,1.4219,1.42219,18849
2025-02-20 04:00:00+00:00,1.42221,1.423,1.4215,1.42271,19853
2025-02-20 08:00:00+00:00,1.42254,1.42254,1.4203,1.42144,23329
2025-02-20 12:00:00+00:00,1.42144,1.42226,1.41835,1.41898,36600
2025-02-20 16:00:00+00:00,1.41922,1.41997,1.41711,1.41743,29542
2025-02-20 20:00:00+00:00,1.41747,1.4181,1.41648,1.41744,10890
2025-02-21 00:00:00+00:00,1.41736,1.41869,1.41695,1.41715,17427
2025-02-21 04:00:00+00:00,1.41721,1.41934,1.41694,1.41857,19697
2025-02-21 08:00:00+00:00,1.41847,1.41988,1.418,1.41961,25108
2025-02-21 12:00:00+00:00,1.41962,1.4208,1.41735,1.42032,34469
2025-02-21 16:00:00+00:00,1.41996,1.42348,1.4194,1.42293,35029
2025-02-21 20:00:00+00:00,1.42304,1.42358,1.4214,1.42173,11724
2025-02-23 20:00:00+00:00,1.41805,1.42226,1.41805,1.42101,2290
2025-02-24 00:00:00+00:00,1.42108,1.42117,1.4182,1.41849,19706
2025-02-24 04:00:00+00:00,1.41845,1.41998,1.41834,1.41932,22671
2025-02-24 08:00:00+00:00,1.41923,1.42198,1.41923,1.4214,28365
2025-02-24 12:00:00+00:00,1.42141,1.42443,1.42063,1.42354,36809
2025-02-24 16:00:00+00:00,1.42335,1.42384,1.4207,1.42286,29662
2025-02-24 20:00:00+00:00,1.42282,1.42785,1.42256,1.42774,14547
2025-02-25 00:00:00+00:00,1.42755,1.42756,1.42416,1.42487,16622
2025-02-25 04:00:00+00:00,1.42475,1.42693,1.42415,1.42693,19300
2025-02-25 08:00:00+00:00,1.42725,1.42725,1.42438,1.42468,26824
2025-02-25 12:00:00+00:00,1.42473,1.42942,1.42467,1.42942,40159
2025-02-25 16:00:00+00:00,1.42941,1.43142,1.42818,1.43028,37594
2025-02-25 20:00:00+00:00,1.43019,1.43162,1.42912,1.43012,13983
2025-02-26 00:00:00+00:00,1.43028,1.43252,1.42939,1.43246,17056
2025-02-26 04:00:00+00:00,1.43246,1.4333,1.43165,1.43288,21014
2025-02-26 08:00:00+00:00,1.43278,1.43442,1.43177,1.43424,25127
2025-02-26 12:00:00+00:00,1.43424,1.43564,1.43265,1.43491,36220
2025-02-26 16:00:00+00:00,1.4346,1.43566,1.43022,1.43338,43034
2025-02-26 20:00:00+00:00,1.43318,1.43614,1.43318,1.43378,14521
2025-02-27 00:00:00+00:00,1.43403,1.43583,1.43403,1.43583,20602
2025-02-27 04:00:00+00:00,1.43596,1.43628,1.43342,1.43386,25501
2025-02-27 08:00:00+00:00,1.43384,1.43427,1.43224,1.43402,26241
2025-02-27 12:00:00+00:00,1.43413,1.44357,1.43393,1.4427,47623
2025-02-27 16:00:00+00:00,1.44263,1.44417,1.44121,1.44409,39009
2025-02-27 20:00:00+00:00,1.44395,1.44484,1.44304,1.44462,15236
2025-02-28 00:00:00+00:00,1.44431,1.4452,1.44291,1.44463,22531
2025-02-28 04:00:00+00:00,1.44462,1.44524,1.4436,1.44421,27666
2025-02-28 08:00:00+00:00,1.44451,1.44486,1.44285,1.44302,29406
2025-02-28 12:00:00+00:00,1.44309,1.44465,1.44024,1.44026,41053
2025-02-28 16:00:00+00:00,1.44058,1.44614,1.44058,1.44589,41367
2025-02-28 20:00:00+00:00,1.44598,1.44704,1.4453,1.4463,11236
2025-03-02 20:00:00+00:00,1.44373,1.44468,1.44285,1.44434,3261
2025-03-03 00:00:00+00:00,1.44449,1.44525,1.44302,1.44434,18905
2025-03-03 04:00:00+00:00,1.4445,1.44526,1.4434,1.44402,19758
2025-03-03 08:00:00+00:00,1.44444,1.4445,1.4423,1.44349,27952
2025-03-03 12:00:00+00:00,1.44327,1.44389,1.43827,1.44012,39073
2025-03-03 16:00:00+00:00,1.44005,1.44994,1.4398,1.44994,38545
2025-03-03 20:00:00+00:00,1.45184,1.45408,1.44733,1.44937,22948
2025-03-04 00:00:00+00:00,1.44898,1.45049,1.44826,1.45023,23128
2025-03-04 04:00:00+00:00,1.45026,1.45109,1.44705,1.44858,32326
2025-03-04 08:00:00+00:00,1.44883,1.44989,1.4404,1.44075,38091
2025-03-04 12:00:00+00:00,1.44107,1.45017,1.44088,1.44975,51821
2025-03-04 16:00:00+00:00,1.44965,1.45395,1.44857,1.4488,50611
2025-03-04 20:00:00+00:00,1.4485,1.44858,1.43819,1.43978,24079
2025-03-05 00:00:00+00:00,1.44048,1.4448,1.44009,1.4424,25560
2025-03-05 04:00:00+00:00,1.44243,1.44326,1.439,1.4402,28369
2025-03-05 08:00:00+00:00,1.44048,1.44116,1.43764,1.43939,34582
2025-03-05 12:00:00+00:00,1.43932,1.44229,1.43443,1.43953,51764
2025-03-05 16:00:00+00:00,1.43994,1.4419,1.4331,1.43358,48951
2025-03-05 20:00:00+00:00,1.43339,1.43455,1.4327,1.43395,15193
2025-03-06 00:00:00+00:00,1.4339,1.43526,1.43092,1.43273,18812
2025-03-06 04:00:00+00:00,1.43274,1.43445,1.4324,1.43442,27252
2025-03-06 08:00:00+00:00,1.43491,1.43671,1.43402,1.43639,38736
2025-03-06 12:00:00+00:00,1.4363,1.43743,1.42622,1.42694,50734
2025-03-06 16:00:00+00:00,1.42686,1.43171,1.4245,1.43026,45785
2025-03-06 20:00:00+00:00,1.43042,1.43134,1.4286,1.42924,16662
2025-03-07 00:00:00+00:00,1.42929,1.43096,1.42881,1.43092,17204
2025-03-07 04:00:00+00:00,1.43086,1.43178,1.42989,1.43029,23082
2025-03-07 08:00:00+00:00,1.43034,1.43197,1.42795,1.43175,31772
2025-03-07 12:00:00+00:00,1.43152,1.43751,1.43062,1.43616,50463
2025-03-07 16:00:00+00:00,1.43632,1.44243,1.43632,1.43651,45840
2025-03-07 20:00:00+00:00,1.43658,1.43818,1.43402,1.4372,11650
2025-03-09 20:00:00+00:00,1.43733,1.43838,1.43403,1.43726,5856
2025-03-10 00:00:00+00:00,1.43758,1.43772,1.4354,1.43661,17696
2025-03-10 04:00:00+00:00,1.43661,1.43691,1.43579,1.4359,24605
2025-03-10 08:00:00+00:00,1.4358,1.43943,1.43526,1.43943,39201
2025-03-10 12:00:00+00:00,1.43908,1.44319,1.43884,1.44309,46653
2025-03-10 16:00:00+00:00,1.44296,1.44716,1.4424,1.44397,41847
2025-03-10 20:00:00+00:00,1.44381,1.44489,1.43929,1.44264,11714
2025-03-11 00:00:00+00:00,1.44266,1.44441,1.44158,1.44284,22564
2025-03-11 04:00:00+00:00,1.44297,1.44448,1.44107,1.44139,30322
2025-03-11 08:00:00+00:00,1.44202,1.44243,1.43994,1.43994,36277
2025-03-11 12:00:00+00:00,1.43999,1.45196,1.43934,1.4463,52946
2025-03-11 16:00:00+00:00,1.4467,1.4504,1.4381,1.44109,49221
2025-03-11 20:00:00+00:00,1.44103,1.4436,1.44053,1.44347,8977
2025-03-12 00:00:00+00:00,1.44284,1.44482,1.44275,1.44478,16163
2025-03-12 04:00:00+00:00,1.44481,1.44833,1.44389,1.44503,23735
2025-03-12 08:00:00+00:00,1.44514,1.44577,1.44066,1.44114,32101
2025-03-12 12:00:00+00:00,1.44115,1.44289,1.43793,1.43976,50265
2025-03-12 16:00:00+00:00,1.43992,1.43992,1.43526,1.43761,38823
2025-03-12 20:00:00+00:00,1.43748,1.43774,1.43524,1.4359,8200
2025-03-13 00:00:00+00:00,1.43619,1.43866,1.43602,1.43866,18488
2025-03-13 04:00:00+00:00,1.43879,1.44037,1.43839,1.43973,27709
2025-03-13 08:00:00+00:00,1.43954,1.43995,1.43673,1.43775,34415
2025-03-13 12:00:00+00:00,1.43845,1.44039,1.43806,1.43988,50663
2025-03-13 16:00:00+00:00,1.43969,1.44494,1.43969,1.44343,43940
2025-03-13 20:00:00+00:00,1.44377,1.4461,1.44244,1.44265,10567
2025-03-14 00:00:00+00:00,1.44274,1.44407,1.4426,1.4427,23649
2025-03-14 04:00:00+00:00,1.44268,1.44352,1.44175,1.44218,33620
2025-03-14 08:00:00+00:00,1.44256,1.44351,1.44113,1.44191,37255
2025-03-14 12:00:00+00:00,1.44176,1.44237,1.43776,1.43787,46333
2025-03-14 16:00:00+00:00,1.43814,1.43943,1.43597,1.43634,34087
2025-03-14 20:00:00+00:00,1.43649,1.43656,1.42426,1.43562,5150
2025-03-16 20:00:00+00:00,1.43685,1.4375,1.4358,1.43728,3779
2025-03-17 00:00:00+00:00,1.43734,1.4378,1.4364,1.4374,19469
2025-03-17 04:00:00+00:00,1.43725,1.43792,1.4361,1.4363,27799
2025-03-17 08:00:00+00:00,1.43653,1.43691,1.43473,1.43477,28711
2025-03-17 12:00:00+00:00,1.43446,1.43503,1.42904,1.42992,39005
2025-03-17 16:00:00+00:00,1.43,1.43,1.42762,1.42829,27682
2025-03-17 20:00:00+00:00,1.4283,1.42981,1.42794,1.42981,9408
2025-03-18 00:00:00+00:00,1.42963,1.43067,1.42882,1.43048,15627
2025-03-18 04:00:00+00:00,1.43042,1.4307,1.4291,1.42938,19542
2025-03-18 08:00:00+00:00,1.42908,1.42981,1.4271,1.42871,24618
2025-03-18 12:00:00+00:00,1.42899,1.43174,1.4272,1.43115,41900
2025-03-18 16:00:00+00:00,1.43131,1.43186,1.42933,1.42952,29833
2025-03-18 20:00:00+00:00,1.42934,1.4312,1.42566,1.42993,7847
2025-03-19 00:00:00+00:00,1.42995,1.43119,1.4295,1.43089,13605
2025-03-19 04:00:00+00:00,1.43088,1.43292,1.4305,1.43264,19701
2025-03-19 08:00:00+00:00,1.43203,1.43344,1.43086,1.43189,26730
2025-03-19 12:00:00+00:00,1.43172,1.43366,1.43108,1.43296,30408
2025-03-19 16:00:00+00:00,1.43275,1.43489,1.43091,1.43242,36081
2025-03-19 20:00:00+00:00,1.43237,1.43306,1.43123,1.43225,8008
2025-03-20 00:00:00+00:00,1.43199,1.43334,1.43171,1.4324,15707
2025-03-20 04:00:00+00:00,1.43246,1.43485,1.432,1.43408,19321
2025-03-20 08:00:00+00:00,1.43402,1.43895,1.43401,1.43754,29742
2025-03-20 12:00:00+00:00,1.4379,1.43993,1.43278,1.43278,34890
2025-03-20 16:00:00+00:00,1.43272,1.43353,1.43127,1.43153,24902
2025-03-20 20:00:00+00:00,1.43161,1.4328,1.43107,1.43241,7265
2025-03-21 00:00:00+00:00,1.43229,1.43278,1.43139,1.43269,13369
2025-03-21 04:00:00+00:00,1.43271,1.43424,1.43177,1.43222,17131
2025-03-21 08:00:00+00:00,1.43177,1.43432,1.43138,1.43376,23100
2025-03-21 12:00:00+00:00,1.43351,1.43718,1.43323,1.43575,36138
2025-03-21 16:00:00+00:00,1.4357,1.4358,1.43335,1.43423,26976
2025-03-21 20:00:00+00:00,1.43415,1.43511,1.40658,1.43412,3144
2025-03-23 20:00:00+00:00,1.43449,1.43492,1.43287,1.43331,2930
2025-03-24 00:00:00+00:00,1.43317,1.43473,1.43266,1.43467,13379
2025-03-24 04:00:00+00:00,1.4347,1.435,1.43261,1.43311,17887
2025-03-24 08:00:00+00:00,1.43304,1.43377,1.43155,1.43255,24120
2025-03-24 12:00:00+00:00,1.43274,1.43459,1.42901,1.42933,35792
2025-03-24 16:00:00+00:00,1.42936,1.43258,1.4293,1.43175,28526
2025-03-24 20:00:00+00:00,1.43159,1.43217,1.43021,1.4315,6625
2025-03-25 00:00:00+00:00,1.43172,1.43259,1.43105,1.43167,16016
2025-03-25 04:00:00+00:00,1.43163,1.43302,1.43156,1.43241,18285
2025-03-25 08:00:00+00:00,1.43222,1.43318,1.42801,1.42855,28357
2025-03-25 12:00:00+00:00,1.42864,1.43116,1.42721,1.43087,31653
2025-03-25 16:00:00+00:00,1.43086,1.43086,1.42793,1.42793,23389
2025-03-25 20:00:00+00:00,1.42793,1.42861,1.42625,1.42726,7024
2025-03-26 00:00:00+00:00,1.42738,1.42936,1.42705,1.42738,16322
2025-03-26 04:00:00+00:00,1.42731,1.4278,1.42472,1.42504,20809
2025-03-26 08:00:00+00:00,1.42483,1.42573,1.42448,1.42542,24321
2025-03-26 12:00:00+00:00,1.42542,1.42714,1.42365,1.42557,33894
2025-03-26 16:00:00+00:00,1.42575,1.42971,1.42575,1.42825,30991
2025-03-26 20:00:00+00:00,1.42831,1.43142,1.42591,1.42957,10693
2025-03-27 00:00:00+00:00,1.4291,1.42957,1.4261,1.42659,16846
2025-03-27 04:00:00+00:00,1.42663,1.42974,1.4258,1.42974,24701
2025-03-27 08:00:00+00:00,1.42933,1.43045,1.4275,1.4276,27994
2025-03-27 12:00:00+00:00,1.42784,1.43284,1.42784,1.43184,37868
2025-03-27 16:00:00+00:00,1.43178,1.43209,1.42999,1.43104,27066
2025-03-27 20:00:00+00:00,1.43101,1.43125,1.42799,1.43067,6247
2025-03-28 00:00:00+00:00,1.4307,1.4315,1.4307,1.43118,15005
2025-03-28 04:00:00+00:00,1.43115,1.43282,1.43095,1.43282,19261
2025-03-28 08:00:00+00:00,1.4325,1.43326,1.4318,1.43197,22164
2025-03-28 12:00:00+00:00,1.43204,1.43253,1.42775,1.42838,41809
2025-03-28 16:00:00+00:00,1.4282,1.43228,1.42767,1.43162,29383
2025-03-28 20:00:00+00:00,1.43174,1.43228,1.42006,1.43068,3755
2025-03-30 20:00:00+00:00,1.42988,1.43272,1.42727,1.43091,5974
2025-03-31 00:00:00+00:00,1.43102,1.4318,1.42987,1.43174,24520
2025-03-31 04:00:00+00:00,1.4318,1.43432,1.43097,1.43372,27703
2025-03-31 08:00:00+00:00,1.43376,1.43602,1.4337,1.4352,25478
2025-03-31 12:00:00+00:00,1.43544,1.43941,1.43544,1.43798,39158
2025-03-31 16:00:00+00:00,1.4375,1.4389,1.43671,1.43882,29714
2025-03-31 20:00:00+00:00,1.43928,1.43944,1.43788,1.439,7876
2025-04-01 00:00:00+00:00,1.43904,1.43996,1.4377,1.43807,18732
2025-04-01 04:00:00+00:00,1.43828,1.44026,1.4372,1.44009,23191
2025-04-01 08:00:00+00:00,1.44017,1.44034,1.43666,1.43936,26838
2025-04-01 12:00:00+00:00,1.43959,1.44138,1.4306,1.43174,40639
2025-04-01 16:00:00+00:00,1.4316,1.43425,1.43071,1.43071,31529
2025-04-01 20:00:00+00:00,1.43065,1.43145,1.42888,1.4292,7997
2025-04-02 00:00:00+00:00,1.42992,1.43068,1.42933,1.43012,17887
2025-04-02 04:00:00+00:00,1.43012,1.43163,1.42948,1.43046,19693
2025-04-02 08:00:00+00:00,1.43055,1.43312,1.4299,1.43189,23070
2025-04-02 12:00:00+00:00,1.43191,1.43335,1.42967,1.43111,38198
2025-04-02 16:00:00+00:00,1.43107,1.43298,1.4308,1.43174,29666
2025-04-02 20:00:00+00:00,1.43123,1.43431,1.42115,1.42166,23723
2025-04-03 00:00:00+00:00,1.42252,1.42547,1.42252,1.42446,36573
2025-04-03 04:00:00+00:00,1.42457,1.4255,1.41648,1.41648,33726
2025-04-03 08:00:00+00:00,1.41607,1.41625,1.40874,1.4092,18631
2025-04-03 12:00:00+00:00,1.40927,1.4102,1.40276,1.40629,25186
2025-04-03 16:00:00+00:00,1.4058,1.41016,1.4044,1.40847,16948
2025-04-03 20:00:00+00:00,1.40851,1.4097,1.4076,1.40826,7968
2025-04-04 00:00:00+00:00,1.40779,1.40976,1.40535,1.4081,13956
2025-04-04 04:00:00+00:00,1.4077,1.41488,1.4077,1.41461,16178
2025-04-04 08:00:00+00:00,1.41568,1.42055,1.4127,1.41839,23410
2025-04-04 12:00:00+00:00,1.41939,1.42381,1.41791,1.41942,29610
2025-04-04 16:00:00+00:00,1.4194,1.42504,1.41817,1.42291,25406
2025-04-04 20:00:00+00:00,1.42323,1.42558,1.42144,1.42216,4205
2025-04-06 20:00:00+00:00,1.42543,1.42664,1.42058,1.42411,10410
2025-04-07 00:00:00+00:00,1.42365,1.42548,1.42203,1.42369,38200
2025-04-07 04:00:00+00:00,1.42354,1.42537,1.41971,1.42223,45461
2025-04-07 08:00:00+00:00,1.42243,1.42665,1.42158,1.42573,47701
2025-04-07 12:00:00+00:00,1.42554,1.42944,1.41837,1.42262,60574
2025-04-07 16:00:00+00:00,1.42327,1.42466,1.4187,1.42419,51834
2025-04-07 20:00:00+00:00,1.4242,1.42539,1.42327,1.42378,12276
2025-04-08 00:00:00+00:00,1.42397,1.42397,1.4165,1.417,30836
2025-04-08 04:00:00+00:00,1.41694,1.4191,1.41511,1.4191,35586
2025-04-08 08:00:00+00:00,1.4189,1.42021,1.41696,1.41758,40626
2025-04-08 12:00:00+00:00,1.41728,1.42227,1.41439,1.41986,50830
2025-04-08 16:00:00+00:00,1.42018,1.42592,1.41838,1.42486,51738
2025-04-08 20:00:00+00:00,1.42456,1.42703,1.42418,1.42557,12856
2025-04-09 00:00:00+00:00,1.42536,1.42721,1.42056,1.42418,35512
2025-04-09 04:00:00+00:00,1.42453,1.4246,1.41961,1.4201,46067
2025-04-09 08:00:00+00:00,1.4198,1.42214,1.41789,1.42008,47071
2025-04-09 12:00:00+00:00,1.41962,1.42116,1.41325,1.41879,53590
2025-04-09 16:00:00+00:00,1.41874,1.41874,1.40759,1.41117,54179
2025-04-09 20:00:00+00:00,1.41156,1.41201,1.4073,1.41013,14981
2025-04-10 00:00:00+00:00,1.41014,1.41083,1.40759,1.40784,31948
2025-04-10 04:00:00+00:00,1.4078,1.40834,1.40532,1.40628,35961
2025-04-10 08:00:00+00:00,1.40622,1.40931,1.40491,1.40839,40112
2025-04-10 12:00:00+00:00,1.40834,1.40868,1.39946,1.40111,53441
2025-04-10 16:00:00+00:00,1.40134,1.40173,1.39517,1.39767,50109
2025-04-10 20:00:00+00:00,1.39669,1.40029,1.3951,1.3951,15118
2025-04-11 00:00:00+00:00,1.39532,1.39573,1.39091,1.39488,41005
2025-04-11 04:00:00+00:00,1.39512,1.39833,1.38951,1.38976,43117
2025-04-11 08:00:00+00:00,1.39036,1.39328,1.38756,1.38774,47934
2025-04-11 12:00:00+00:00,1.38772,1.39212,1.38434,1.38965,54604
2025-04-11 16:00:00+00:00,1.39033,1.39309,1.38725,1.38887,40885
2025-04-11 20:00:00+00:00,1.38871,1.38902,1.3852,1.38553,4878
2025-04-13 20:00:00+00:00,1.3851,1.38815,1.38476,1.38739,5784
2025-04-14 00:00:00+00:00,1.38721,1.38746,1.38485,1.38571,30210
2025-04-14 04:00:00+00:00,1.38576,1.38748,1.38295,1.38339,29909
2025-04-14 08:00:00+00:00,1.38361,1.38736,1.38324,1.38674,27003
2025-04-14 12:00:00+00:00,1.38681,1.3902,1.3863,1.38937,43070
2025-04-14 16:00:00+00:00,1.38962,1.39092,1.38633,1.38721,32223
2025-04-14 20:00:00+00:00,1.3876,1.39071,1.38576,1.38996,10181
2025-04-15 00:00:00+00:00,1.38993,1.39002,1.3868,1.3872,22391
2025-04-15 04:00:00+00:00,1.3871,1.38773,1.38505,1.38585,28029
2025-04-15 08:00:00+00:00,1.38589,1.38778,1.3849,1.38725,29287
2025-04-15 12:00:00+00:00,1.38721,1.39568,1.3862,1.39444,41471
2025-04-15 16:00:00+00:00,1.39442,1.39771,1.394,1.39661,29913
2025-04-15 20:00:00+00:00,1.39643,1.39643,1.39468,1.3957,8234
2025-04-16 00:00:00+00:00,1.3956,1.3956,1.3939,1.39394,21716
2025-04-16 04:00:00+00:00,1.39372,1.39412,1.39116,1.39116,27175
2025-04-16 08:00:00+00:00,1.3912,1.3923,1.39035,1.39221,30883
2025-04-16 12:00:00+00:00,1.39202,1.39292,1.38732,1.38835,39976
2025-04-16 16:00:00+00:00,1.38786,1.38984,1.38589,1.38623,35668
2025-04-16 20:00:00+00:00,1.38606,1.38754,1.38482,1.38586,8747
2025-04-17 00:00:00+00:00,1.38567,1.38861,1.38556,1.38861,22319
2025-04-17 04:00:00+00:00,1.3885,1.38952,1.3867,1.38709,24689
2025-04-17 08:00:00+00:00,1.38701,1.39028,1.38679,1.3898,24134
2025-04-17 12:00:00+00:00,1.3894,1.38957,1.385,1.38567,40161
2025-04-17 16:00:00+00:00,1.3855,1.38592,1.3827,1.38413,23616
2025-04-17 20:00:00+00:00,1.38413,1.38413,1.38413,1.38413,1
2025-04-20 20:00:00+00:00,1.38405,1.38413,1.3821,1.38246,4345
2025-04-21 00:00:00+00:00,1.38231,1.38231,1.3793,1.37954,21611
2025-04-21 04:00:00+00:00,1.37984,1.38027,1.3791,1.37985,20203
2025-04-21 08:00:00+00:00,1.37977,1.38139,1.37822,1.38071,21598
2025-04-21 12:00:00+00:00,1.38045,1.38184,1.37858,1.38177,32120
2025-04-21 16:00:00+00:00,1.38179,1.38486,1.38169,1.38341,25145
2025-04-21 20:00:00+00:00,1.38349,1.3845,1.383,1.3833,7380
2025-04-22 00:00:00+00:00,1.38313,1.3845,1.38016,1.38055,18581
2025-04-22 04:00:00+00:00,1.38054,1.38198,1.3793,1.38112,26275
2025-04-22 08:00:00+00:00,1.38104,1.38466,1.38088,1.38424,27104
2025-04-22 12:00:00+00:00,1.38444,1.38597,1.38011,1.38011,34109
2025-04-22 16:00:00+00:00,1.38013,1.38313,1.37997,1.38245,30969
2025-04-22 20:00:00+00:00,1.38225,1.38581,1.3806,1.38473,11909
2025-04-23 00:00:00+00:00,1.384,1.3845,1.38194,1.3839,20418
2025-04-23 04:00:00+00:00,1.38406,1.38459,1.38094,1.38173,24268
2025-04-23 08:00:00+00:00,1.38167,1.38339,1.3796,1.38235,25721
2025-04-23 12:00:00+00:00,1.38213,1.38942,1.38207,1.38942,43782
2025-04-23 16:00:00+00:00,1.38944,1.39036,1.3882,1.3886,30382
2025-04-23 20:00:00+00:00,1.38888,1.38891,1.3869,1.3873,8739
2025-04-24 00:00:00+00:00,1.38764,1.38804,1.3863,1.38706,19939
2025-04-24 04:00:00+00:00,1.38698,1.38735,1.38406,1.38406,23387
2025-04-24 08:00:00+00:00,1.38403,1.38641,1.3839,1.3864,24829
2025-04-24 12:00:00+00:00,1.38627,1.38955,1.38508,1.38898,35285
2025-04-24 16:00:00+00:00,1.38896,1.38986,1.38466,1.38565,23199
2025-04-24 20:00:00+00:00,1.38574,1.38583,1.38407,1.38551,7284
2025-04-25 00:00:00+00:00,1.38552,1.3871,1.3855,1.38704,16611
2025-04-25 04:00:00+00:00,1.38725,1.38882,1.38593,1.38777,23167
2025-04-25 08:00:00+00:00,1.38767,1.3892,1.3871,1.38733,24928
2025-04-25 12:00:00+00:00,1.38731,1.38752,1.38506,1.38581,30823
2025-04-25 16:00:00+00:00,1.38588,1.38738,1.3854,1.38609,23075
2025-04-25 20:00:00+00:00,1.38607,1.38612,1.38435,1.3852,3039
2025-04-27 20:00:00+00:00,1.3866,1.38715,1.38449,1.38698,3754
2025-04-28 00:00:00+00:00,1.38691,1.3884,1.3869,1.38745,16803
2025-04-28 04:00:00+00:00,1.38747,1.38865,1.38621,1.38806,20594
2025-04-28 08:00:00+00:00,1.38804,1.38912,1.3864,1.38659,21405
2025-04-28 12:00:00+00:00,1.38671,1.3872,1.38251,1.38588,34282
2025-04-28 16:00:00+00:00,1.38598,1.38613,1.38164,1.38178,26499
2025-04-28 20:00:00+00:00,1.38177,1.3834,1.38171,1.38315,7149
2025-04-29 00:00:00+00:00,1.38327,1.38654,1.38099,1.38567,22522
2025-04-29 04:00:00+00:00,1.38567,1.3871,1.38188,1.38188,23528
2025-04-29 08:00:00+00:00,1.38174,1.38513,1.38169,1.38494,23171
2025-04-29 12:00:00+00:00,1.38453,1.38667,1.3829,1.38535,33021
2025-04-29 16:00:00+00:00,1.3853,1.38597,1.3836,1.38368,21894
2025-04-29 20:00:00+00:00,1.38358,1.38392,1.38227,1.3826,6362
2025-04-30 00:00:00+00:00,1.38261,1.38451,1.38202,1.38415,13115
2025-04-30 04:00:00+00:00,1.38406,1.38419,1.3817,1.38315,16881
2025-04-30 08:00:00+00:00,1.38335,1.3843,1.38259,1.38315,20162
2025-04-30 12:00:00+00:00,1.38302,1.38536,1.38036,1.38082,39026
2025-04-30 16:00:00+00:00,1.38095,1.3817,1.37717,1.37847,26931
2025-04-30 20:00:00+00:00,1.37869,1.38004,1.37822,1.37934,8026
2025-05-01 00:00:00+00:00,1.37931,1.37993,1.37836,1.3796,12068
2025-05-01 04:00:00+00:00,1.37942,1.38157,1.3791,1.3811,17139
2025-05-01 08:00:00+00:00,1.38117,1.38234,1.38069,1.38175,17190
2025-05-01 12:00:00+00:00,1.38212,1.38588,1.37961,1.38478,33956
2025-05-01 16:00:00+00:00,1.38518,1.38605,1.38357,1.38437,23989
2025-05-01 20:00:00+00:00,1.38421,1.3858,1.38365,1.3848,6699
2025-05-02 00:00:00+00:00,1.38444,1.38494,1.38145,1.38159,14852
2025-05-02 04:00:00+00:00,1.38186,1.38234,1.38032,1.3817,18331
2025-05-02 08:00:00+00:00,1.38195,1.38332,1.38064,1.38208,22686
2025-05-02 12:00:00+00:00,1.38193,1.38336,1.37602,1.37916,41137
2025-05-02 16:00:00+00:00,1.37941,1.38169,1.3782,1.38074,25730
2025-05-02 20:00:00+00:00,1.38068,1.38178,1.38062,1.38148,2584
2025-05-04 20:00:00+00:00,1.37893,1.38254,1.37645,1.38242,3480
2025-05-05 00:00:00+00:00,1.3824,1.38279,1.3793,1.38049,16553
2025-05-05 04:00:00+00:00,1.38055,1.38167,1.3786,1.38155,19080
2025-05-05 08:00:00+00:00,1.38156,1.38162,1.37863,1.37982,22170
2025-05-05 12:00:00+00:00,1.37993,1.38287,1.37899,1.38117,33003
2025-05-05 16:00:00+00:00,1.38116,1.38208,1.38081,1.38114,18520
2025-05-05 20:00:00+00:00,1.3811,1.3829,1.3809,1.38222,5065
2025-05-06 00:00:00+00:00,1.38221,1.38439,1.38206,1.3823,19143
2025-05-06 04:00:00+00:00,1.38216,1.38293,1.38092,1.38145,20078
2025-05-06 08:00:00+00:00,1.38145,1.38312,1.3802,1.38034,23180
2025-05-06 12:00:00+00:00,1.38044,1.38081,1.37731,1.37751,30812
2025-05-06 16:00:00+00:00,1.3777,1.37892,1.3751,1.37698,26679
2025-05-06 20:00:00+00:00,1.37719,1.3783,1.37557,1.37707,9701
2025-05-07 00:00:00+00:00,1.37695,1.37969,1.37667,1.37911,18690
2025-05-07 04:00:00+00:00,1.37911,1.37963,1.37827,1.37843,18184
2025-05-07 08:00:00+00:00,1.37826,1.38027,1.37816,1.37925,19874
2025-05-07 12:00:00+00:00,1.37931,1.38054,1.37731,1.37743,29565
2025-05-07 16:00:00+00:00,1.37771,1.38357,1.37771,1.38305,32113
2025-05-07 20:00:00+00:00,1.38287,1.38383,1.38215,1.38358,7109
2025-05-08 00:00:00+00:00,1.38344,1.38344,1.3814,1.38261,18001
2025-05-08 04:00:00+00:00,1.38267,1.38826,1.38251,1.38636,22890
2025-05-08 08:00:00+00:00,1.38613,1.38975,1.38583,1.3889,23816
2025-05-08 12:00:00+00:00,1.38869,1.39183,1.38697,1.39146,34240
2025-05-08 16:00:00+00:00,1.39166,1.39328,1.39141,1.39196,23721
2025-05-08 20:00:00+00:00,1.39171,1.3926,1.39131,1.3923,6203
2025-05-09 00:00:00+00:00,1.39217,1.39413,1.39179,1.39219,18162
2025-05-09 04:00:00+00:00,1.39197,1.39255,1.3911,1.39147,17851
2025-05-09 08:00:00+00:00,1.39138,1.39206,1.39099,1.39114,19135
2025-05-09 12:00:00+00:00,1.39091,1.39404,1.39082,1.3926,30502
2025-05-09 16:00:00+00:00,1.39256,1.39441,1.39198,1.39302,21044
2025-05-09 20:00:00+00:00,1.39309,1.3938,1.3928,1.39375,3123
2025-05-11 20:00:00+00:00,1.3877,1.3931,1.3877,1.39273,4266
2025-05-12 00:00:00+00:00,1.39236,1.39397,1.39217,1.3922,20483
2025-05-12 04:00:00+00:00,1.39217,1.39749,1.39167,1.397,25846
2025-05-12 08:00:00+00:00,1.39692,1.39869,1.39521,1.39762,28936
2025-05-12 12:00:00+00:00,1.39782,1.40075,1.39782,1.40036,33903
2025-05-12 16:00:00+00:00,1.40049,1.40145,1.3982,1.39871,22827
2025-05-12 20:00:00+00:00,1.39871,1.39889,1.39687,1.39736,6466
2025-05-13 00:00:00+00:00,1.39747,1.39861,1.39635,1.3964,16315
2025-05-13 04:00:00+00:00,1.39629,1.39876,1.39578,1.39866,19597
2025-05-13 08:00:00+00:00,1.39866,1.39936,1.39803,1.39933,21105
2025-05-13 12:00:00+00:00,1.39924,1.4014,1.39582,1.39593,37231
2025-05-13 16:00:00+00:00,1.3958,1.39692,1.39322,1.39336,22906
2025-05-13 20:00:00+00:00,1.39324,1.39413,1.39262,1.39328,6539
2025-05-14 00:00:00+00:00,1.3932,1.39379,1.39197,1.39197,15432
2025-05-14 04:00:00+00:00,1.39198,1.3935,1.39185,1.39238,18632
2025-05-14 08:00:00+00:00,1.39225,1.394,1.3903,1.39384,25949
2025-05-14 12:00:00+00:00,1.39385,1.39775,1.39254,1.39644,34094
2025-05-14 16:00:00+00:00,1.39642,1.39807,1.39592,1.39758,25238
2025-05-14 20:00:00+00:00,1.39778,1.39861,1.39599,1.39785,5854
2025-05-15 00:00:00+00:00,1.3975,1.39774,1.39603,1.39648,15933
2025-05-15 04:00:00+00:00,1.39646,1.39877,1.39635,1.39841,19786
2025-05-15 08:00:00+00:00,1.39854,1.39902,1.39772,1.39846,18987
2025-05-15 12:00:00+00:00,1.39827,1.40031,1.39774,1.39904,31839
2025-05-15 16:00:00+00:00,1.3991,1.4004,1.39594,1.39599,21393
2025-05-15 20:00:00+00:00,1.39599,1.3965,1.39505,1.39558,6027
2025-05-16 00:00:00+00:00,1.39555,1.39562,1.3942,1.39449,14165
2025-05-16 04:00:00+00:00,1.39455,1.39531,1.39351,1.3946,15622
2025-05-16 08:00:00+00:00,1.39471,1.39648,1.3947,1.39648,17734
2025-05-16 12:00:00+00:00,1.39657,1.39907,1.39496,1.39907,28296
2025-05-16 16:00:00+00:00,1.39913,1.39951,1.39811,1.39811,18214
2025-05-16 20:00:00+00:00,1.39797,1.39803,1.39587,1.39587,3329
2025-05-18 20:00:00+00:00,1.39536,1.3957,1.39511,1.39519,1041
2025-05-19 00:00:00+00:00,1.3954,1.39705,1.3954,1.3969,14857
2025-05-19 04:00:00+00:00,1.3968,1.3972,1.39488,1.39534,17661
2025-05-19 08:00:00+00:00,1.39549,1.39605,1.39397,1.39397,20872
2025-05-19 12:00:00+00:00,1.39385,1.3951,1.39177,1.39467,28069
2025-05-19 16:00:00+00:00,1.3945,1.39647,1.39416,1.39538,18534
2025-05-19 20:00:00+00:00,1.39537,1.3962,1.39273,1.39576,5442
2025-05-20 00:00:00+00:00,1.39579,1.39662,1.3956,1.39574,17485
2025-05-20 04:00:00+00:00,1.39568,1.39636,1.39334,1.39342,21435
2025-05-20 08:00:00+00:00,1.39339,1.39482,1.3932,1.39461,18007
2025-05-20 12:00:00+00:00,1.39459,1.396,1.39174,1.39429,32875
2025-05-20 16:00:00+00:00,1.39416,1.39489,1.39141,1.39148,21096
2025-05-20 20:00:00+00:00,1.39157,1.3921,1.3906,1.3908,6266
2025-05-21 00:00:00+00:00,1.39079,1.39098,1.38866,1.38889,16293
2025-05-21 04:00:00+00:00,1.38881,1.38939,1.38789,1.38854,20518
2025-05-21 08:00:00+00:00,1.38827,1.3897,1.38684,1.38898,21211
2025-05-21 12:00:00+00:00,1.38885,1.38892,1.38224,1.38224,36180
2025-05-21 16:00:00+00:00,1.38203,1.38628,1.38155,1.38622,30463
2025-05-21 20:00:00+00:00,1.38641,1.387,1.38489,1.3861,6496
2025-05-22 00:00:00+00:00,1.38597,1.38603,1.38459,1.38519,17337
2025-05-22 04:00:00+00:00,1.38525,1.3868,1.3845,1.38563,19562
2025-05-22 08:00:00+00:00,1.38567,1.38837,1.3849,1.38657,22495
2025-05-22 12:00:00+00:00,1.38654,1.38877,1.38568,1.38577,33876
2025-05-22 16:00:00+00:00,1.38587,1.38722,1.38552,1.38651,21973
2025-05-22 20:00:00+00:00,1.38642,1.38642,1.38418,1.38581,6139
2025-05-23 00:00:00+00:00,1.38576,1.38576,1.3828,1.38305,13443
2025-05-23 04:00:00+00:00,1.38301,1.38313,1.3809,1.3814,17038
2025-05-23 08:00:00+00:00,1.38156,1.38221,1.3803,1.3819,24036
2025-05-23 12:00:00+00:00,1.38209,1.3832,1.37527,1.37569,38607
2025-05-23 16:00:00+00:00,1.37561,1.37588,1.3709,1.37246,25350
2025-05-23 20:00:00+00:00,1.37267,1.3731,1.37206,1.37295,2813
2025-05-25 20:00:00+00:00,1.37238,1.37367,1.37005,1.37356,3750
2025-05-26 00:00:00+00:00,1.37327,1.37346,1.36892,1.36996,15976
2025-05-26 04:00:00+00:00,1.36991,1.37104,1.3685,1.37026,17756
2025-05-26 08:00:00+00:00,1.37003,1.37223,1.36988,1.37162,15298
2025-05-26 12:00:00+00:00,1.37165,1.37342,1.37144,1.37287,16157
2025-05-26 16:00:00+00:00,1.37295,1.37385,1.37285,1.37358,6319
2025-05-26 20:00:00+00:00,1.37356,1.3739,1.37269,1.37358,4293
2025-05-27 00:00:00+00:00,1.37348,1.37377,1.37215,1.3736,14381
2025-05-27 04:00:00+00:00,1.3735,1.37685,1.373,1.37659,21264
2025-05-27 08:00:00+00:00,1.37619,1.37692,1.37578,1.37663,19180
2025-05-27 12:00:00+00:00,1.3768,1.37775,1.37552,1.37767,31183
2025-05-27 16:00:00+00:00,1.37767,1.38247,1.37708,1.38216,21386
2025-05-27 20:00:00+00:00,1.38264,1.3835,1.3801,1.38092,6866
2025-05-28 00:00:00+00:00,1.3809,1.38283,1.38005,1.38234,19025
2025-05-28 04:00:00+00:00,1.38238,1.38377,1.38153,1.38207,19376
2025-05-28 08:00:00+00:00,1.38201,1.38318,1.3811,1.38283,18942
2025-05-28 12:00:00+00:00,1.38271,1.38423,1.38088,1.38204,33726
2025-05-28 16:00:00+00:00,1.38179,1.38372,1.3815,1.38372,21602
2025-05-28 20:00:00+00:00,1.38366,1.386,1.38293,1.38527,8614
2025-05-29 00:00:00+00:00,1.38536,1.38604,1.38425,1.38474,22436
2025-05-29 04:00:00+00:00,1.38476,1.38558,1.38177,1.38183,22600
2025-05-29 08:00:00+00:00,1.38182,1.38349,1.38169,1.38283,21696
2025-05-29 12:00:00+00:00,1.38259,1.38264,1.3785,1.3807,36325
2025-05-29 16:00:00+00:00,1.38079,1.38119,1.3797,1.38088,22965
2025-05-29 20:00:00+00:00,1.38086,1.38107,1.37968,1.38063,5935
2025-05-30 00:00:00+00:00,1.38055,1.38247,1.37998,1.38224,18502
2025-05-30 04:00:00+00:00,1.38206,1.38291,1.38108,1.38173,18178
2025-05-30 08:00:00+00:00,1.38161,1.38228,1.38071,1.38084,20055
2025-05-30 12:00:00+00:00,1.38081,1.38127,1.37433,1.37481,36602
2025-05-30 16:00:00+00:00,1.37486,1.37617,1.37139,1.37249,25703
2025-05-30 20:00:00+00:00,1.37226,1.37423,1.37214,1.37346,3394
2025-06-01 20:00:00+00:00,1.37295,1.37354,1.3721,1.37247,3432
2025-06-02 00:00:00+00:00,1.3725,1.37275,1.37049,1.37225,16216
2025-06-02 04:00:00+00:00,1.37225,1.3725,1.3675,1.36811,19996
2025-06-02 08:00:00+00:00,1.36828,1.37102,1.3675,1.37063,22999
2025-06-02 12:00:00+00:00,1.37062,1.3712,1.3691,1.36994,33893
2025-06-02 16:00:00+00:00,1.37011,1.37234,1.37011,1.37021,21648
2025-06-02 20:00:00+00:00,1.37023,1.3719,1.37007,1.37099,5857
2025-06-03 00:00:00+00:00,1.37107,1.37343,1.37106,1.3734,15269
2025-06-03 04:00:00+00:00,1.3734,1.37375,1.37242,1.37319,17941
2025-06-03 08:00:00+00:00,1.37329,1.3741,1.3723,1.37386,21241
2025-06-03 12:00:00+00:00,1.3737,1.37422,1.37031,1.37218,29949
2025-06-03 16:00:00+00:00,1.3722,1.37309,1.3713,1.37196,17117
2025-06-03 20:00:00+00:00,1.37204,1.37229,1.37095,1.37147,5324
2025-06-04 00:00:00+00:00,1.3714,1.3722,1.37054,1.37191,15495
2025-06-04 04:00:00+00:00,1.37187,1.37305,1.37106,1.37174,19232
2025-06-04 08:00:00+00:00,1.3715,1.37207,1.37033,1.3706,19380
2025-06-04 12:00:00+00:00,1.37048,1.37083,1.3663,1.36698,33870
2025-06-04 16:00:00+00:00,1.36686,1.36811,1.3652,1.36811,18257
2025-06-04 20:00:00+00:00,1.36816,1.36842,1.36656,1.36808,6062
2025-06-05 00:00:00+00:00,1.36789,1.36824,1.3669,1.36823,15621
2025-06-05 04:00:00+00:00,1.36826,1.36826,1.36598,1.36705,17173
2025-06-05 08:00:00+00:00,1.36712,1.36713,1.3651,1.36601,19911
2025-06-05 12:00:00+00:00,1.36584,1.36715,1.36352,1.36676,36217
2025-06-05 16:00:00+00:00,1.367,1.36737,1.3655,1.36648,22740
2025-06-05 20:00:00+00:00,1.36645,1.368,1.3663,1.3667,5331
2025-06-06 00:00:00+00:00,1.36651,1.367,1.36597,1.3663,12299
2025-06-06 04:00:00+00:00,1.36633,1.36706,1.3659,1.36679,15697
2025-06-06 08:00:00+00:00,1.36692,1.36891,1.36692,1.36882,17555
2025-06-06 12:00:00+00:00,1.36857,1.37032,1.36677,1.36862,39496
2025-06-06 16:00:00+00:00,1.36873,1.37024,1.3684,1.36961,20401
2025-06-06 20:00:00+00:00,1.3695,1.37002,1.36897,1.3696,2843
2025-06-08 20:00:00+00:00,1.3683,1.3699,1.3683,1.36919,2423
2025-06-09 00:00:00+00:00,1.3691,1.36951,1.36764,1.3686,14370
2025-06-09 04:00:00+00:00,1.36863,1.36887,1.36777,1.36818,15770
2025-06-09 08:00:00+00:00,1.36811,1.36859,1.36697,1.36818,18196
2025-06-09 12:00:00+00:00,1.36801,1.37067,1.3674,1.36768,28181
2025-06-09 16:00:00+00:00,1.36769,1.36873,1.36714,1.36855,16670
2025-06-09 20:00:00+00:00,1.3686,1.3703,1.36701,1.37002,7636
2025-06-10 00:00:00+00:00,1.37009,1.37144,1.36938,1.37005,19441
2025-06-10 04:00:00+00:00,1.37006,1.37282,1.37001,1.37204,20021
2025-06-10 08:00:00+00:00,1.37195,1.372,1.36868,1.36928,19476
2025-06-10 12:00:00+00:00,1.36909,1.36931,1.36689,1.3683,29162
2025-06-10 16:00:00+00:00,1.3681,1.36924,1.36729,1.3674,18785
2025-06-10 20:00:00+00:00,1.36706,1.36771,1.36626,1.36678,9219
2025-06-11 00:00:00+00:00,1.36664,1.36824,1.36654,1.36762,16913
2025-06-11 04:00:00+00:00,1.36779,1.36832,1.3673,1.3675,16551
2025-06-11 08:00:00+00:00,1.36758,1.36878,1.36743,1.36799,20005
2025-06-11 12:00:00+00:00,1.36824,1.36889,1.36495,1.36633,33092
2025-06-11 16:00:00+00:00,1.36654,1.36713,1.36498,1.36661,21791
2025-06-11 20:00:00+00:00,1.36657,1.36747,1.36549,1.36655,8231
2025-06-12 00:00:00+00:00,1.36637,1.3672,1.36577,1.36578,19233
2025-06-12 04:00:00+00:00,1.36574,1.36742,1.36454,1.36664,19559
2025-06-12 08:00:00+00:00,1.36663,1.36699,1.36255,1.36355,26858
2025-06-12 12:00:00+00:00,1.36374,1.36374,1.3608,1.3617,31313
2025-06-12 16:00:00+00:00,1.36161,1.36164,1.3599,1.36056,15546
2025-06-12 20:00:00+00:00,1.36068,1.3612,1.35916,1.3595,7696
2025-06-13 00:00:00+00:00,1.35945,1.36437,1.35921,1.36313,32314
2025-06-13 04:00:00+00:00,1.36325,1.36513,1.36179,1.36201,26056
2025-06-13 08:00:00+00:00,1.3618,1.365,1.3611,1.36337,30767
2025-06-13 12:00:00+00:00,1.36324,1.36324,1.35752,1.35754,36628
2025-06-13 16:00:00+00:00,1.35758,1.36007,1.3567,1.35849,28399
2025-06-13 20:00:00+00:00,1.35814,1.35962,1.35726,1.35726,6201
2025-06-15 20:00:00+00:00,1.3584,1.3584,1.3584,1.3584,1
2025-06-16 00:00:00+00:00,1.35861,1.36063,1.358,1.36054,23008
2025-06-16 04:00:00+00:00,1.3602,1.36051,1.35719,1.35743,25864
2025-06-16 08:00:00+00:00,1.35738,1.35773,1.35644,1.35651,20342
2025-06-16 12:00:00+00:00,1.35652,1.3568,1.35392,1.35568,32690
2025-06-16 16:00:00+00:00,1.35544,1.35793,1.355,1.35775,19127
2025-06-16 20:00:00+00:00,1.35793,1.35793,1.35549,1.35724,10193
2025-06-17 00:00:00+00:00,1.35752,1.35805,1.3569,1.3573,24056
2025-06-17 04:00:00+00:00,1.3572,1.35819,1.3566,1.35696,19242
2025-06-17 08:00:00+00:00,1.35697,1.35715,1.35571,1.35619,21463
2025-06-17 12:00:00+00:00,1.35607,1.35988,1.35582,1.3588,29762
2025-06-17 16:00:00+00:00,1.35878,1.36507,1.35844,1.36457,28672
2025-06-17 20:00:00+00:00,1.36459,1.36918,1.36209,1.3682,14576
2025-06-18 00:00:00+00:00,1.36808,1.36808,1.36612,1.36636,24627
2025-06-18 04:00:00+00:00,1.36642,1.36677,1.36511,1.36611,22465
2025-06-18 08:00:00+00:00,1.36618,1.36712,1.3656,1.36591,21969
2025-06-18 12:00:00+00:00,1.36597,1.36935,1.36348,1.36847,33980
2025-06-18 16:00:00+00:00,1.36795,1.37014,1.36594,1.36998,35025
2025-06-18 20:00:00+00:00,1.37023,1.37023,1.36649,1.3696,11789
2025-06-19 00:00:00+00:00,1.36961,1.37208,1.36958,1.37104,24636
2025-06-19 04:00:00+00:00,1.37102,1.37295,1.37064,1.37229,24337
2025-06-19 08:00:00+00:00,1.37238,1.37238,1.37028,1.37068,23888
2025-06-19 12:00:00+00:00,1.37067,1.37452,1.37032,1.37364,27941
2025-06-19 16:00:00+00:00,1.37399,1.37401,1.36961,1.36983,15470
2025-06-19 20:00:00+00:00,1.36978,1.3716,1.36326,1.36946,10555
2025-06-20 00:00:00+00:00,1.36952,1.37014,1.36863,1.369,25336
2025-06-20 04:00:00+00:00,1.36907,1.37096,1.3688,1.37046,22335
2025-06-20 08:00:00+00:00,1.3702,1.37104,1.369,1.37055,20645
2025-06-20 12:00:00+00:00,1.37083,1.37458,1.37066,1.37394,32870
2025-06-20 16:00:00+00:00,1.37399,1.37407,1.3719,1.37403,24488
2025-06-20 20:00:00+00:00,1.37423,1.37464,1.37236,1.37236,3985
2025-06-22 20:00:00+00:00,1.37425,1.37525,1.37268,1.37404,5224
2025-06-23 00:00:00+00:00,1.37376,1.37659,1.37376,1.37645,25701
2025-06-23 04:00:00+00:00,1.37639,1.37661,1.37439,1.37537,25114
2025-06-23 08:00:00+00:00,1.37542,1.37971,1.37542,1.37815,25457
2025-06-23 12:00:00+00:00,1.37821,1.37911,1.3725,1.3774,36135
2025-06-23 16:00:00+00:00,1.37762,1.37762,1.37302,1.37346,33962
2025-06-23 20:00:00+00:00,1.37374,1.37381,1.37218,1.37291,14562
2025-06-24 00:00:00+00:00,1.37288,1.37334,1.37172,1.37191,23275
2025-06-24 04:00:00+00:00,1.37202,1.37284,1.3709,1.37225,22716
2025-06-24 08:00:00+00:00,1.37217,1.37228,1.3707,1.37144,20211
2025-06-24 12:00:00+00:00,1.37152,1.37202,1.36792,1.37126,33083
2025-06-24 16:00:00+00:00,1.37114,1.37297,1.37055,1.37257,20476
2025-06-24 20:00:00+00:00,1.37241,1.3728,1.36898,1.37253,9005
2025-06-25 00:00:00+00:00,1.37238,1.37301,1.37172,1.37295,19976
2025-06-25 04:00:00+00:00,1.3727,1.3737,1.37226,1.37277,18341
2025-06-25 08:00:00+00:00,1.3727,1.37346,1.372,1.37316,19462
2025-06-25 12:00:00+00:00,1.37324,1.37533,1.37296,1.3748,28192
2025-06-25 16:00:00+00:00,1.37469,1.37469,1.37185,1.37195,23088
2025-06-25 20:00:00+00:00,1.37177,1.3729,1.36934,1.37116,9766
2025-06-26 00:00:00+00:00,1.37119,1.37205,1.37012,1.3711,21187
2025-06-26 04:00:00+00:00,1.37116,1.37219,1.36982,1.37028,22362
2025-06-26 08:00:00+00:00,1.37025,1.37029,1.36789,1.36857,25738
2025-06-26 12:00:00+00:00,1.36858,1.369,1.36267,1.36299,36637
2025-06-26 16:00:00+00:00,1.36288,1.36404,1.36179,1.3634,23958
2025-06-26 20:00:00+00:00,1.36342,1.36483,1.36315,1.36414,10120
2025-06-27 00:00:00+00:00,1.36406,1.36459,1.3633,1.36392,16030
2025-06-27 04:00:00+00:00,1.36402,1.36492,1.36273,1.36401,16907
2025-06-27 08:00:00+00:00,1.36389,1.36624,1.3637,1.3646,18886
2025-06-27 12:00:00+00:00,1.36488,1.36663,1.364,1.36663,31968
2025-06-27 16:00:00+00:00,1.36667,1.37509,1.3663,1.36993,30411
2025-06-27 20:00:00+00:00,1.36953,1.37037,1.36476,1.36476,4566
2025-06-29 20:00:00+00:00,1.3681,1.36901,1.36695,1.36813,3820
2025-06-30 00:00:00+00:00,1.36821,1.36965,1.36594,1.36789,22058
2025-06-30 04:00:00+00:00,1.3679,1.3681,1.36543,1.36728,21911
2025-06-30 08:00:00+00:00,1.36731,1.36824,1.36647,1.36684,20091
2025-06-30 12:00:00+00:00,1.36685,1.36761,1.36185,1.36201,33716
2025-06-30 16:00:00+00:00,1.36213,1.36414,1.36158,1.36211,20768
2025-06-30 20:00:00+00:00,1.3619,1.36241,1.35896,1.36054,9472
2025-07-01 00:00:00+00:00,1.36052,1.3617,1.36018,1.3609,17675
2025-07-01 04:00:00+00:00,1.36085,1.3611,1.3597,1.3598,19429
2025-07-01 08:00:00+00:00,1.35981,1.36108,1.35911,1.36065,22418
2025-07-01 12:00:00+00:00,1.36067,1.36649,1.36067,1.36592,34400
2025-07-01 16:00:00+00:00,1.36609,1.36665,1.36455,1.36457,23088
2025-07-01 20:00:00+00:00,1.36459,1.36483,1.36342,1.36436,7548
2025-07-02 00:00:00+00:00,1.364,1.3652,1.36377,1.36461,14501
2025-07-02 04:00:00+00:00,1.36469,1.36583,1.3644,1.36496,15990
2025-07-02 08:00:00+00:00,1.36513,1.36538,1.3634,1.36465,17636
2025-07-02 12:00:00+00:00,1.3648,1.3656,1.36214,1.36215,36342
2025-07-02 16:00:00+00:00,1.36221,1.36253,1.35888,1.35888,20826
2025-07-02 20:00:00+00:00,1.35898,1.3601,1.35521,1.35874,8221
2025-07-03 00:00:00+00:00,1.35863,1.35941,1.35792,1.35941,18182
2025-07-03 04:00:00+00:00,1.3592,1.36001,1.35871,1.35926,14403
2025-07-03 08:00:00+00:00,1.35906,1.35952,1.35779,1.35899,17780
2025-07-03 12:00:00+00:00,1.359,1.36208,1.35565,1.35594,39110
2025-07-03 16:00:00+00:00,1.35583,1.35876,1.3557,1.35809,13941
2025-07-03 20:00:00+00:00,1.35824,1.3591,1.35494,1.3575,7994
2025-07-04 00:00:00+00:00,1.35751,1.358,1.35702,1.35775,18370
2025-07-04 04:00:00+00:00,1.35765,1.3593,1.35663,1.3593,19303
2025-07-04 08:00:00+00:00,1.35933,1.35951,1.35849,1.35897,19559
2025-07-04 12:00:00+00:00,1.35905,1.36116,1.3589,1.36047,23217
2025-07-04 16:00:00+00:00,1.3605,1.36164,1.3601,1.3605,30999
2025-07-04 20:00:00+00:00,1.36053,1.36053,1.35938,1.35938,8242
2025-07-06 20:00:00+00:00,1.3586,1.36072,1.35803,1.3602,3316
2025-07-07 00:00:00+00:00,1.3603,1.36271,1.35974,1.36255,19531
2025-07-07 04:00:00+00:00,1.36253,1.36654,1.36244,1.36654,19301
2025-07-07 08:00:00+00:00,1.36659,1.36845,1.36523,1.36551,19631
2025-07-07 12:00:00+00:00,1.36546,1.36591,1.3632,1.36463,27286
2025-07-07 16:00:00+00:00,1.36438,1.3682,1.36438,1.36662,27920
2025-07-07 20:00:00+00:00,1.36684,1.3682,1.36643,1.36643,7366
2025-07-08 00:00:00+00:00,1.36643,1.36643,1.3646,1.36497,16775
2025-07-08 04:00:00+00:00,1.36506,1.36616,1.3638,1.36385,21872
2025-07-08 08:00:00+00:00,1.36397,1.36567,1.36391,1.36567,18155
2025-07-08 12:00:00+00:00,1.36567,1.36882,1.36507,1.3672,30801
2025-07-08 16:00:00+00:00,1.36738,1.36935,1.36729,1.36835,27892
2025-07-08 20:00:00+00:00,1.368,1.368,1.36529,1.36686,7089
2025-07-09 00:00:00+00:00,1.36685,1.36872,1.3668,1.36869,17343
2025-07-09 04:00:00+00:00,1.36882,1.36902,1.36658,1.36885,19992
2025-07-09 08:00:00+00:00,1.36933,1.37081,1.368,1.37081,17847
2025-07-09 12:00:00+00:00,1.37049,1.37057,1.36773,1.3695,29183
2025-07-09 16:00:00+00:00,1.36971,1.36993,1.36858,1.36863,17519
2025-07-09 20:00:00+00:00,1.36855,1.36973,1.36774,1.36849,6630
2025-07-10 00:00:00+00:00,1.36875,1.36875,1.3673,1.3681,15147
2025-07-10 04:00:00+00:00,1.36819,1.36862,1.36637,1.36716,17765
2025-07-10 08:00:00+00:00,1.36711,1.36888,1.36686,1.36869,16374
2025-07-10 12:00:00+00:00,1.36872,1.37075,1.36813,1.36833,29634
2025-07-10 16:00:00+00:00,1.36839,1.36848,1.36642,1.36642,19393
2025-07-10 20:00:00+00:00,1.3663,1.3667,1.36497,1.36549,5389
2025-07-11 00:00:00+00:00,1.36548,1.37268,1.36544,1.369,23776
2025-07-11 04:00:00+00:00,1.36912,1.37005,1.3685,1.36919,20618
2025-07-11 08:00:00+00:00,1.36912,1.37042,1.36856,1.36957,21084
2025-07-11 12:00:00+00:00,1.37002,1.37091,1.36533,1.36789,31104
2025-07-11 16:00:00+00:00,1.3676,1.36906,1.3669,1.36843,20337
2025-07-11 20:00:00+00:00,1.3685,1.36945,1.36756,1.36822,4196
2025-07-13 20:00:00+00:00,1.36956,1.36992,1.3684,1.36863,4062
2025-07-14 00:00:00+00:00,1.36854,1.37012,1.3676,1.36926,15628
2025-07-14 04:00:00+00:00,1.36944,1.3701,1.36768,1.36775,18596
2025-07-14 08:00:00+00:00,1.36797,1.3685,1.36696,1.36749,17707
2025-07-14 12:00:00+00:00,1.36751,1.36999,1.3671,1.36947,26201
2025-07-14 16:00:00+00:00,1.36942,1.37073,1.369,1.36975,17407
2025-07-14 20:00:00+00:00,1.36961,1.37077,1.36811,1.37056,6192
2025-07-15 00:00:00+00:00,1.37058,1.37058,1.36937,1.36973,17377
2025-07-15 04:00:00+00:00,1.36972,1.37023,1.36873,1.36878,17458
2025-07-15 08:00:00+00:00,1.3688,1.36928,1.36793,1.36875,16334
2025-07-15 12:00:00+00:00,1.36892,1.37282,1.36722,1.37139,36481
2025-07-15 16:00:00+00:00,1.37121,1.37289,1.37112,1.37214,20516
2025-07-15 20:00:00+00:00,1.3723,1.37249,1.37077,1.3714,6558
2025-07-16 00:00:00+00:00,1.37149,1.3721,1.3709,1.37199,11176
2025-07-16 04:00:00+00:00,1.37194,1.37203,1.37073,1.37155,14036
2025-07-16 08:00:00+00:00,1.37144,1.37283,1.37117,1.37277,14518
2025-07-16 12:00:00+00:00,1.37261,1.37541,1.36807,1.37069,36526
2025-07-16 16:00:00+00:00,1.37117,1.37117,1.36818,1.3684,26200
2025-07-16 20:00:00+00:00,1.3685,1.3694,1.36758,1.36895,6499
2025-07-17 00:00:00+00:00,1.36906,1.3719,1.36906,1.37148,16904
2025-07-17 04:00:00+00:00,1.37151,1.37442,1.37093,1.37429,17878
2025-07-17 08:00:00+00:00,1.37445,1.37696,1.37389,1.37624,15901
2025-07-17 12:00:00+00:00,1.37636,1.37738,1.37415,1.375,27809
2025-07-17 16:00:00+00:00,1.37499,1.37584,1.37427,1.37447,16552
2025-07-17 20:00:00+00:00,1.3745,1.3754,1.3734,1.37353,5979
2025-07-18 00:00:00+00:00,1.37359,1.37407,1.37308,1.37397,11455
2025-07-18 04:00:00+00:00,1.37403,1.3742,1.37319,1.37319,12674
2025-07-18 08:00:00+00:00,1.37309,1.37332,1.37166,1.37218,15014
2025-07-18 12:00:00+00:00,1.37208,1.3726,1.3696,1.3711,26255
2025-07-18 16:00:00+00:00,1.37133,1.37344,1.37123,1.37248,17602
2025-07-18 20:00:00+00:00,1.37262,1.37301,1.3721,1.3724,2596
2025-07-20 20:00:00+00:00,1.3707,1.3729,1.37064,1.37229,3875
2025-07-21 00:00:00+00:00,1.37222,1.37329,1.37209,1.37222,12005
2025-07-21 04:00:00+00:00,1.37218,1.37295,1.3713,1.37264,14080
2025-07-21 08:00:00+00:00,1.37255,1.37283,1.3701,1.37056,16421
2025-07-21 12:00:00+00:00,1.37065,1.37164,1.36787,1.36885,24704
2025-07-21 16:00:00+00:00,1.36881,1.36917,1.3682,1.36844,14673
2025-07-21 20:00:00+00:00,1.36841,1.3686,1.3673,1.36755,5414
2025-07-22 00:00:00+00:00,1.36769,1.36894,1.3676,1.36875,9354
2025-07-22 04:00:00+00:00,1.36875,1.36945,1.3684,1.36904,12049
2025-07-22 08:00:00+00:00,1.36927,1.36927,1.3671,1.3671,15129
2025-07-22 12:00:00+00:00,1.36703,1.36823,1.36158,1.36165,28207
2025-07-22 16:00:00+00:00,1.36177,1.362,1.36036,1.3604,18946
2025-07-22 20:00:00+00:00,1.36042,1.3614,1.35954,1.3603,5720
2025-07-23 00:00:00+00:00,1.3605,1.3605,1.35929,1.36,13561
2025-07-23 04:00:00+00:00,1.35983,1.36097,1.35897,1.35897,15387
2025-07-23 08:00:00+00:00,1.35877,1.35897,1.3575,1.35776,15275
2025-07-23 12:00:00+00:00,1.35788,1.36289,1.35781,1.36089,24455
2025-07-23 16:00:00+00:00,1.36111,1.36234,1.35948,1.35951,19991
2025-07-23 20:00:00+00:00,1.35952,1.36061,1.35874,1.36015,6023
2025-07-24 00:00:00+00:00,1.36027,1.36077,1.3596,1.36033,15661
2025-07-24 04:00:00+00:00,1.36047,1.36129,1.3598,1.36068,17347
2025-07-24 08:00:00+00:00,1.36066,1.36213,1.3601,1.36098,16325
2025-07-24 12:00:00+00:00,1.36092,1.36444,1.36092,1.36444,26916
2025-07-24 16:00:00+00:00,1.36443,1.36454,1.363,1.36432,15425
2025-07-24 20:00:00+00:00,1.36452,1.36541,1.36281,1.3639,6595
2025-07-25 00:00:00+00:00,1.36393,1.36547,1.36383,1.365,19469
2025-07-25 04:00:00+00:00,1.3649,1.36736,1.3646,1.36732,19298
2025-07-25 08:00:00+00:00,1.36707,1.36792,1.36674,1.36713,18595
2025-07-25 12:00:00+00:00,1.36731,1.37144,1.36721,1.37144,29566
2025-07-25 16:00:00+00:00,1.3715,1.37244,1.3702,1.37041,16365
2025-07-25 20:00:00+00:00,1.37074,1.37097,1.36942,1.36942,2960
2025-07-27 20:00:00+00:00,1.36985,1.37023,1.36924,1.37023,3642
2025-07-28 00:00:00+00:00,1.3701,1.37048,1.3688,1.36928,15846
2025-07-28 04:00:00+00:00,1.36924,1.37395,1.369,1.37381,19559
2025-07-28 08:00:00+00:00,1.37358,1.37408,1.37173,1.37173,22672
2025-07-28 12:00:00+00:00,1.37192,1.37282,1.37109,1.37192,29711
2025-07-28 16:00:00+00:00,1.37186,1.37394,1.3717,1.37358,16846
2025-07-28 20:00:00+00:00,1.37342,1.3741,1.3727,1.37338,5879
2025-07-29 00:00:00+00:00,1.37355,1.37421,1.373,1.3736,12948
2025-07-29 04:00:00+00:00,1.37375,1.37595,1.3731,1.37556,17709
2025-07-29 08:00:00+00:00,1.37575,1.37686,1.37388,1.37686,18808
2025-07-29 12:00:00+00:00,1.37705,1.37871,1.37505,1.37789,29275
2025-07-29 16:00:00+00:00,1.37779,1.3779,1.37618,1.37763,18938
2025-07-29 20:00:00+00:00,1.37758,1.37819,1.3763,1.37741,5894
2025-07-30 00:00:00+00:00,1.37711,1.37715,1.3759,1.37622,12660
2025-07-30 04:00:00+00:00,1.37629,1.3773,1.37629,1.3767,15831
2025-07-30 08:00:00+00:00,1.37685,1.37924,1.3767,1.37868,16716
2025-07-30 12:00:00+00:00,1.37871,1.38185,1.37871,1.38148,31167
2025-07-30 16:00:00+00:00,1.38147,1.38392,1.37986,1.38368,29687
2025-07-30 20:00:00+00:00,1.38349,1.38442,1.38207,1.38256,8285
2025-07-31 00:00:00+00:00,1.38266,1.38349,1.3822,1.38238,16213
2025-07-31 04:00:00+00:00,1.3823,1.3839,1.38129,1.38325,19345
2025-07-31 08:00:00+00:00,1.38312,1.38528,1.38312,1.38363,20250
2025-07-31 12:00:00+00:00,1.38361,1.3851,1.38241,1.3846,30762
2025-07-31 16:00:00+00:00,1.38449,1.38564,1.38382,1.3856,19658
2025-07-31 20:00:00+00:00,1.3855,1.38671,1.3837,1.38573,8217
2025-08-01 00:00:00+00:00,1.38583,1.38623,1.38439,1.3853,23171
2025-08-01 04:00:00+00:00,1.38525,1.38736,1.38504,1.3871,22187
2025-08-01 08:00:00+00:00,1.387,1.38786,1.38618,1.3871,18544
2025-08-01 12:00:00+00:00,1.38702,1.38747,1.37631,1.37799,46159
2025-08-01 16:00:00+00:00,1.37804,1.38168,1.37802,1.3796,26452
2025-08-01 20:00:00+00:00,1.37956,1.37962,1.37709,1.37816,4625
2025-08-03 20:00:00+00:00,1.37718,1.37841,1.37504,1.37773,3935
2025-08-04 00:00:00+00:00,1.37774,1.37931,1.37713,1.37747,17617
2025-08-04 04:00:00+00:00,1.37748,1.37835,1.3767,1.37834,19105
2025-08-04 08:00:00+00:00,1.37822,1.37891,1.37731,1.3774,21068
2025-08-04 12:00:00+00:00,1.3776,1.3783,1.37583,1.3776,28473
2025-08-04 16:00:00+00:00,1.37745,1.37844,1.3774,1.37781,17297
2025-08-04 20:00:00+00:00,1.37801,1.37804,1.3767,1.37688,5896
2025-08-05 00:00:00+00:00,1.37676,1.37896,1.37628,1.37892,12307
2025-08-05 04:00:00+00:00,1.37898,1.37936,1.37738,1.37815,15153
2025-08-05 08:00:00+00:00,1.37846,1.38093,1.37834,1.37971,19203
2025-08-05 12:00:00+00:00,1.37982,1.38061,1.3776,1.37807,31848
2025-08-05 16:00:00+00:00,1.37798,1.37867,1.37711,1.3773,17627
2025-08-05 20:00:00+00:00,1.37705,1.37821,1.37672,1.37711,5985
2025-08-06 00:00:00+00:00,1.3771,1.3779,1.3766,1.37693,12837
2025-08-06 04:00:00+00:00,1.37691,1.3774,1.3763,1.37646,14439
2025-08-06 08:00:00+00:00,1.37651,1.37743,1.37469,1.3757,16866
2025-08-06 12:00:00+00:00,1.37561,1.37609,1.3739,1.37404,26381
2025-08-06 16:00:00+00:00,1.37414,1.37498,1.37361,1.37418,18221
2025-08-06 20:00:00+00:00,1.37384,1.37441,1.37306,1.3739,6252
2025-08-07 00:00:00+00:00,1.37411,1.3745,1.3732,1.37346,14483
2025-08-07 04:00:00+00:00,1.37356,1.37356,1.37224,1.3723,15825
2025-08-07 08:00:00+00:00,1.37228,1.37435,1.37228,1.37408,18865
2025-08-07 12:00:00+00:00,1.37425,1.3772,1.37322,1.37502,28394
2025-08-07 16:00:00+00:00,1.37523,1.37668,1.3742,1.3742,21215
2025-08-07 20:00:00+00:00,1.3742,1.3753,1.3731,1.3731,7037
2025-08-08 00:00:00+00:00,1.37322,1.3747,1.37322,1.37388,11262
2025-08-08 04:00:00+00:00,1.37393,1.37483,1.37289,1.37328,12747
2025-08-08 08:00:00+00:00,1.3731,1.3739,1.37253,1.37375,16295
2025-08-08 12:00:00+00:00,1.37381,1.37616,1.37368,1.37525,24398
2025-08-08 16:00:00+00:00,1.3751,1.37576,1.37419,1.37563,15860
2025-08-08 20:00:00+00:00,1.37564,1.37626,1.37473,1.37473,2645
2025-08-10 20:00:00+00:00,1.37489,1.37545,1.37431,1.37528,1902
2025-08-11 00:00:00+00:00,1.37539,1.37601,1.3743,1.37455,9672
2025-08-11 04:00:00+00:00,1.3745,1.37726,1.3744,1.3769,12957
2025-08-11 08:00:00+00:00,1.37699,1.37833,1.3762,1.37794,15732
2025-08-11 12:00:00+00:00,1.378,1.37947,1.37744,1.37843,24949
2025-08-11 16:00:00+00:00,1.37842,1.37863,1.3774,1.37819,15646
2025-08-11 20:00:00+00:00,1.37829,1.3784,1.37693,1.37737,5378
2025-08-12 00:00:00+00:00,1.37748,1.37797,1.377,1.37772,10243
2025-08-12 04:00:00+00:00,1.37778,1.37847,1.3773,1.37789,16663
2025-08-12 08:00:00+00:00,1.3776,1.38053,1.3776,1.37982,16270
2025-08-12 12:00:00+00:00,1.37992,1.38022,1.3754,1.37635,39780
2025-08-12 16:00:00+00:00,1.37644,1.37843,1.37577,1.37773,20545
2025-08-12 20:00:00+00:00,1.3776,1.37797,1.3766,1.37699,5486
2025-08-13 00:00:00+00:00,1.37697,1.37812,1.3769,1.37762,11601
2025-08-13 04:00:00+00:00,1.37761,1.37807,1.37535,1.37624,14620
2025-08-13 08:00:00+00:00,1.37602,1.3767,1.37518,1.37559,18198
2025-08-13 12:00:00+00:00,1.37565,1.37744,1.37549,1.37656,25887
2025-08-13 16:00:00+00:00,1.37655,1.37734,1.37622,1.37622,16133
2025-08-13 20:00:00+00:00,1.37625,1.37651,1.375,1.3752,5350
2025-08-14 00:00:00+00:00,1.37526,1.37636,1.37444,1.3761,11239
2025-08-14 04:00:00+00:00,1.3763,1.37789,1.3755,1.37735,16130
2025-08-14 08:00:00+00:00,1.37746,1.37843,1.37705,1.37842,17319
2025-08-14 12:00:00+00:00,1.37815,1.38118,1.37813,1.38068,33817
2025-08-14 16:00:00+00:00,1.38065,1.38193,1.3805,1.38126,20373
2025-08-14 20:00:00+00:00,1.38126,1.38181,1.381,1.38128,4902
2025-08-15 00:00:00+00:00,1.38126,1.38146,1.38009,1.38033,9817
2025-08-15 04:00:00+00:00,1.3803,1.38055,1.37913,1.37927,13015
2025-08-15 08:00:00+00:00,1.37915,1.37999,1.3787,1.37901,14614
2025-08-15 12:00:00+00:00,1.37918,1.38108,1.37884,1.38087,29276
2025-08-15 16:00:00+00:00,1.38093,1.38153,1.38083,1.3814,15426
2025-08-15 20:00:00+00:00,1.38121,1.3818,1.3808,1.38173,2478
2025-08-17 20:00:00+00:00,1.38057,1.38159,1.38047,1.38144,3512
2025-08-18 00:00:00+00:00,1.38137,1.38148,1.38,1.38028,14885
2025-08-18 04:00:00+00:00,1.38021,1.38086,1.3796,1.38015,20857
2025-08-18 08:00:00+00:00,1.38021,1.38057,1.37904,1.37932,25937
2025-08-18 12:00:00+00:00,1.37931,1.38304,1.37829,1.38156,37997
2025-08-18 16:00:00+00:00,1.38151,1.38155,1.3802,1.38057,25572
2025-08-18 20:00:00+00:00,1.38059,1.38091,1.3795,1.38024,8217
2025-08-19 00:00:00+00:00,1.3802,1.38165,1.3801,1.38109,19112
2025-08-19 04:00:00+00:00,1.38114,1.38158,1.38006,1.38156,23346
2025-08-19 08:00:00+00:00,1.38155,1.38224,1.3805,1.38085,26665
2025-08-19 12:00:00+00:00,1.38101,1.38596,1.38049,1.38595,42297
2025-08-19 16:00:00+00:00,1.38561,1.38674,1.38534,1.38655,26631
2025-08-19 20:00:00+00:00,1.38652,1.3869,1.38526,1.38662,11637
2025-08-20 00:00:00+00:00,1.38658,1.38823,1.38649,1.3874,21689
2025-08-20 04:00:00+00:00,1.38731,1.38754,1.38683,1.38714,25502
2025-08-20 08:00:00+00:00,1.38709,1.38804,1.3869,1.38724,24395
2025-08-20 12:00:00+00:00,1.38696,1.38783,1.38539,1.38749,43585
2025-08-20 16:00:00+00:00,1.38738,1.38763,1.38625,1.38758,27604
2025-08-20 20:00:00+00:00,1.38774,1.38793,1.38638,1.38739,9114
2025-08-21 00:00:00+00:00,1.38738,1.38825,1.38725,1.388,19826
2025-08-21 04:00:00+00:00,1.38804,1.38838,1.38737,1.38796,23061
2025-08-21 08:00:00+00:00,1.38793,1.38877,1.38731,1.38861,27913
2025-08-21 12:00:00+00:00,1.38875,1.39041,1.38808,1.39015,47263
2025-08-21 16:00:00+00:00,1.3903,1.39071,1.38915,1.39038,32321
2025-08-21 20:00:00+00:00,1.39038,1.3913,1.39006,1.3901,8224
2025-08-22 00:00:00+00:00,1.39012,1.39131,1.38992,1.39131,18921
2025-08-22 04:00:00+00:00,1.3913,1.39165,1.39092,1.39118,19997
2025-08-22 08:00:00+00:00,1.39113,1.39186,1.3907,1.39106,25807
2025-08-22 12:00:00+00:00,1.39094,1.39239,1.38297,1.38454,52577
2025-08-22 16:00:00+00:00,1.38436,1.38436,1.3814,1.38283,35714
2025-08-22 20:00:00+00:00,1.38298,1.38298,1.3817,1.38228,3993
2025-08-24 20:00:00+00:00,1.3814,1.38327,1.3814,1.3829,4274
2025-08-25 00:00:00+00:00,1.38319,1.38426,1.38319,1.38327,20235
2025-08-25 04:00:00+00:00,1.38326,1.38371,1.38208,1.38354,22296
2025-08-25 08:00:00+00:00,1.3833,1.38355,1.38229,1.38231,24342
2025-08-25 12:00:00+00:00,1.3823,1.38344,1.3817,1.38303,38793
2025-08-25 16:00:00+00:00,1.38311,1.38628,1.383,1.38624,30953
2025-08-25 20:00:00+00:00,1.38593,1.38603,1.38471,1.38586,9591
2025-08-26 00:00:00+00:00,1.386,1.38622,1.38413,1.38577,28105
2025-08-26 04:00:00+00:00,1.38566,1.38673,1.38501,1.38554,30638
2025-08-26 08:00:00+00:00,1.38549,1.38632,1.3841,1.3844,33458
2025-08-26 12:00:00+00:00,1.3843,1.38532,1.38222,1.38244,43821
2025-08-26 16:00:00+00:00,1.38242,1.3841,1.38242,1.38342,33502
2025-08-26 20:00:00+00:00,1.3833,1.3841,1.3831,1.38343,8804
2025-08-27 00:00:00+00:00,1.38341,1.384,1.3828,1.38399,21091
2025-08-27 04:00:00+00:00,1.38399,1.38532,1.38344,1.38459,24344
2025-08-27 08:00:00+00:00,1.38473,1.38567,1.38448,1.38517,30210
2025-08-27 12:00:00+00:00,1.38513,1.38561,1.38211,1.38254,42947
2025-08-27 16:00:00+00:00,1.38246,1.38246,1.37827,1.37881,34562
2025-08-27 20:00:00+00:00,1.37853,1.3791,1.37806,1.37809,10060
2025-08-28 00:00:00+00:00,1.37802,1.37828,1.377,1.3777,21347
2025-08-28 04:00:00+00:00,1.37781,1.37872,1.3777,1.3778,25014
2025-08-28 08:00:00+00:00,1.37788,1.37838,1.37597,1.3764,30377
2025-08-28 12:00:00+00:00,1.3763,1.37837,1.37504,1.37514,49300
2025-08-28 16:00:00+00:00,1.37524,1.3754,1.37409,1.37538,27094
2025-08-28 20:00:00+00:00,1.3752,1.37557,1.37393,1.37516,9272
2025-08-29 00:00:00+00:00,1.37497,1.37564,1.37444,1.37539,22981
2025-08-29 04:00:00+00:00,1.37538,1.37568,1.37403,1.37404,23592
2025-08-29 08:00:00+00:00,1.37404,1.37566,1.37376,1.37513,28607
2025-08-29 12:00:00+00:00,1.37506,1.37783,1.37276,1.37284,50525
2025-08-29 16:00:00+00:00,1.37288,1.37367,1.3725,1.37334,28823
2025-08-29 20:00:00+00:00,1.37332,1.37457,1.37305,1.3741,4576
2025-08-31 20:00:00+00:00,1.37151,1.37421,1.37143,1.3736,3284
2025-09-01 00:00:00+00:00,1.37379,1.37438,1.37329,1.37354,21024
2025-09-01 04:00:00+00:00,1.37353,1.37521,1.37337,1.37468,27665
2025-09-01 08:00:00+00:00,1.37481,1.37501,1.37342,1.37415,29004
2025-09-01 12:00:00+00:00,1.37417,1.37612,1.37417,1.37568,30226
2025-09-01 16:00:00+00:00,1.37577,1.37592,1.3749,1.37499,9402
2025-09-01 20:00:00+00:00,1.375,1.3753,1.37446,1.3747,5724
2025-09-02 00:00:00+00:00,1.37489,1.37555,1.3743,1.37542,23762
2025-09-02 04:00:00+00:00,1.3753,1.37785,1.3744,1.37769,31977
2025-09-02 08:00:00+00:00,1.37774,1.37948,1.37668,1.37879,41926
2025-09-02 12:00:00+00:00,1.37865,1.3814,1.37802,1.37848,56829
2025-09-02 16:00:00+00:00,1.37845,1.37916,1.37728,1.3785,36104
2025-09-02 20:00:00+00:00,1.3785,1.3785,1.37703,1.37842,9301
2025-09-03 00:00:00+00:00,1.37844,1.37955,1.37835,1.37953,24111
2025-09-03 04:00:00+00:00,1.37947,1.38068,1.379,1.37972,28720
2025-09-03 08:00:00+00:00,1.3795,1.38049,1.37887,1.37978,35586
2025-09-03 12:00:00+00:00,1.37981,1.38046,1.37836,1.37877,49448
2025-09-03 16:00:00+00:00,1.3788,1.38011,1.3784,1.37983,33609
2025-09-03 20:00:00+00:00,1.37975,1.37986,1.37876,1.37925,8651
2025-09-04 00:00:00+00:00,1.37944,1.38065,1.37931,1.38057,23839
2025-09-04 04:00:00+00:00,1.38049,1.38143,1.3803,1.38119,25608
2025-09-04 08:00:00+00:00,1.38116,1.38257,1.38086,1.38206,27524
2025-09-04 12:00:00+00:00,1.38196,1.3845,1.3807,1.38287,47697
2025-09-04 16:00:00+00:00,1.38287,1.3839,1.3821,1.38248,27438
2025-09-04 20:00:00+00:00,1.38251,1.3828,1.38081,1.38149,9056
2025-09-05 00:00:00+00:00,1.38139,1.3816,1.38039,1.38065,18916
2025-09-05 04:00:00+00:00,1.38064,1.38105,1.37937,1.37937,23850
2025-09-05 08:00:00+00:00,1.37942,1.38042,1.3788,1.38023,25429
2025-09-05 12:00:00+00:00,1.38016,1.38375,1.37827,1.38248,61216
2025-09-05 16:00:00+00:00,1.38238,1.38537,1.38183,1.38508,39012
2025-09-05 20:00:00+00:00,1.38491,1.38492,1.38212,1.38241,5122
2025-09-07 20:00:00+00:00,1.38228,1.38437,1.38228,1.3835,6191
2025-09-08 00:00:00+00:00,1.38385,1.38427,1.3828,1.38327,26505
2025-09-08 04:00:00+00:00,1.38325,1.38354,1.3812,1.38157,28402
2025-09-08 08:00:00+00:00,1.38141,1.3823,1.37985,1.38011,30579
2025-09-08 12:00:00+00:00,1.38001,1.38262,1.37886,1.38206,44305
2025-09-08 16:00:00+00:00,1.38203,1.3832,1.3806,1.3806,31541
2025-09-08 20:00:00+00:00,1.38059,1.38071,1.3794,1.37954,10187
2025-09-09 00:00:00+00:00,1.37982,1.38104,1.37975,1.38091,20489
2025-09-09 04:00:00+00:00,1.38094,1.38118,1.37933,1.38078,27103
2025-09-09 08:00:00+00:00,1.38069,1.38144,1.3794,1.38144,29933
2025-09-09 12:00:00+00:00,1.3816,1.3836,1.38075,1.38345,48675
2025-09-09 16:00:00+00:00,1.3836,1.38578,1.38311,1.38578,28211
2025-09-09 20:00:00+00:00,1.38587,1.38589,1.38378,1.3844,9205
2025-09-10 00:00:00+00:00,1.3851,1.38628,1.38492,1.38519,25032
2025-09-10 04:00:00+00:00,1.38526,1.38563,1.38389,1.38547,28353
2025-09-10 08:00:00+00:00,1.38547,1.38602,1.38467,1.38578,27911
2025-09-10 12:00:00+00:00,1.38577,1.38613,1.38311,1.38444,50993
2025-09-10 16:00:00+00:00,1.3844,1.38689,1.38437,1.38639,31214
2025-09-10 20:00:00+00:00,1.3863,1.38664,1.38554,1.38601,8456
2025-09-11 00:00:00+00:00,1.38628,1.38729,1.38617,1.387,19671
2025-09-11 04:00:00+00:00,1.38696,1.38813,1.3867,1.38794,26043
2025-09-11 08:00:00+00:00,1.38785,1.38881,1.38739,1.38881,29109
2025-09-11 12:00:00+00:00,1.3884,1.38863,1.38294,1.38307,50341
2025-09-11 16:00:00+00:00,1.38305,1.3842,1.38263,1.38317,27537
2025-09-11 20:00:00+00:00,1.38318,1.38372,1.3826,1.38342,10232
2025-09-12 00:00:00+00:00,1.3835,1.38469,1.38348,1.38425,18304
2025-09-12 04:00:00+00:00,1.38428,1.38437,1.38327,1.38351,21701
2025-09-12 08:00:00+00:00,1.38344,1.38487,1.38338,1.3843,27912
2025-09-12 12:00:00+00:00,1.38414,1.38597,1.38345,1.38582,37316
2025-09-12 16:00:00+00:00,1.38588,1.38624,1.3838,1.38449,25118
2025-09-12 20:00:00+00:00,1.38449,1.38533,1.3843,1.3843,4126
2025-09-14 20:00:00+00:00,1.38152,1.38416,1.38152,1.38386,3559
2025-09-15 00:00:00+00:00,1.38385,1.38449,1.38351,1.38354,17295
2025-09-15 04:00:00+00:00,1.38343,1.38404,1.383,1.38364,22828
2025-09-15 08:00:00+00:00,1.38362,1.38386,1.3819,1.38234,26636
2025-09-15 12:00:00+00:00,1.38224,1.38415,1.37943,1.37985,38542
2025-09-15 16:00:00+00:00,1.37962,1.38038,1.37686,1.37697,31390
2025-09-15 20:00:00+00:00,1.37714,1.37807,1.3766,1.37745,9837
2025-09-16 00:00:00+00:00,1.37736,1.37774,1.37631,1.37673,18970
2025-09-16 04:00:00+00:00,1.37672,1.3773,1.3761,1.37687,26202
2025-09-16 08:00:00+00:00,1.37709,1.37769,1.3746,1.3751,29641
2025-09-16 12:00:00+00:00,1.37498,1.37632,1.37374,1.37459,48894
2025-09-16 16:00:00+00:00,1.37461,1.37535,1.37371,1.37496,28969
2025-09-16 20:00:00+00:00,1.37488,1.37488,1.37332,1.37389,8663
2025-09-17 00:00:00+00:00,1.37396,1.37536,1.37372,1.37531,18484
2025-09-17 04:00:00+00:00,1.37537,1.3762,1.3747,1.376,21598
2025-09-17 08:00:00+00:00,1.37596,1.37617,1.37484,1.3754,24574
2025-09-17 12:00:00+00:00,1.37537,1.37664,1.37494,1.37627,38588
2025-09-17 16:00:00+00:00,1.37631,1.37846,1.37279,1.3772,51712
2025-09-17 20:00:00+00:00,1.37701,1.37774,1.37627,1.37704,13111
2025-09-18 00:00:00+00:00,1.37715,1.37839,1.3766,1.37793,23080
2025-09-18 04:00:00+00:00,1.37794,1.37989,1.37746,1.37807,28846
2025-09-18 08:00:00+00:00,1.37806,1.37853,1.37672,1.37771,32170
2025-09-18 12:00:00+00:00,1.3777,1.38087,1.3775,1.37963,49203
2025-09-18 16:00:00+00:00,1.37971,1.38093,1.37869,1.37958,27068
2025-09-18 20:00:00+00:00,1.37974,1.38018,1.37894,1.37917,10380
2025-09-19 00:00:00+00:00,1.3792,1.38036,1.37898,1.37944,21969
2025-09-19 04:00:00+00:00,1.37927,1.38187,1.37886,1.38123,31017
2025-09-19 08:00:00+00:00,1.38121,1.38173,1.3804,1.38164,27564
2025-09-19 12:00:00+00:00,1.38166,1.38243,1.37701,1.37726,44665
2025-09-19 16:00:00+00:00,1.37698,1.37873,1.37689,1.37873,23971
2025-09-19 20:00:00+00:00,1.37884,1.37912,1.37689,1.3779,4386
2025-09-21 20:00:00+00:00,1.37715,1.37843,1.37713,1.37819,3819
2025-09-22 00:00:00+00:00,1.37833,1.37991,1.37815,1.37949,23244
2025-09-22 04:00:00+00:00,1.3794,1.38094,1.37923,1.38084,25900
2025-09-22 08:00:00+00:00,1.38065,1.38113,1.37999,1.38067,30636
2025-09-22 12:00:00+00:00,1.38071,1.38172,1.37938,1.38146,39545
2025-09-22 16:00:00+00:00,1.38161,1.38279,1.38141,1.38219,26469
2025-09-22 20:00:00+00:00,1.38231,1.3832,1.38117,1.3825,8740
2025-09-23 00:00:00+00:00,1.38232,1.38315,1.38232,1.38258,21396
2025-09-23 04:00:00+00:00,1.38246,1.38423,1.38225,1.3842,26671
2025-09-23 08:00:00+00:00,1.38441,1.38441,1.3822,1.3826,29930
2025-09-23 12:00:00+00:00,1.3827,1.38364,1.38114,1.38348,41851
2025-09-23 16:00:00+00:00,1.3835,1.38494,1.38246,1.38397,32744
2025-09-23 20:00:00+00:00,1.38395,1.38415,1.38255,1.38384,10003
2025-09-24 00:00:00+00:00,1.38381,1.38485,1.3838,1.38449,23287
2025-09-24 04:00:00+00:00,1.38454,1.38597,1.3842,1.38532,23875
2025-09-24 08:00:00+00:00,1.38554,1.38782,1.38543,1.38712,26755
2025-09-24 12:00:00+00:00,1.3869,1.3897,1.38666,1.38944,43135
2025-09-24 16:00:00+00:00,1.3896,1.39063,1.38956,1.39024,30908
2025-09-24 20:00:00+00:00,1.39018,1.39018,1.3888,1.38957,8565
2025-09-25 00:00:00+00:00,1.38944,1.38965,1.3883,1.38858,17395
2025-09-25 04:00:00+00:00,1.38844,1.39022,1.3884,1.38996,22431
2025-09-25 08:00:00+00:00,1.38989,1.39014,1.38897,1.38936,26954
2025-09-25 12:00:00+00:00,1.38952,1.39287,1.38918,1.39242,49181
2025-09-25 16:00:00+00:00,1.39241,1.39491,1.39241,1.39424,32377
2025-09-25 20:00:00+00:00,1.39412,1.39447,1.39138,1.39409,10806
2025-09-26 00:00:00+00:00,1.39429,1.3945,1.3935,1.39363,18102
2025-09-26 04:00:00+00:00,1.39367,1.39475,1.3934,1.39453,23009
2025-09-26 08:00:00+00:00,1.3946,1.39582,1.39395,1.39492,26551
2025-09-26 12:00:00+00:00,1.39481,1.39517,1.39327,1.39463,49613
2025-09-26 16:00:00+00:00,1.3946,1.39501,1.39349,1.39349,30120
2025-09-26 20:00:00+00:00,1.39387,1.3943,1.39344,1.394,4322
2025-09-28 20:00:00+00:00,1.39246,1.39452,1.39097,1.39379,3262
2025-09-29 00:00:00+00:00,1.39358,1.39358,1.39193,1.39212,19481
2025-09-29 04:00:00+00:00,1.39222,1.39283,1.39162,1.3918,23156
2025-09-29 08:00:00+00:00,1.3916,1.39335,1.39153,1.39287,25809
2025-09-29 12:00:00+00:00,1.3927,1.39389,1.39042,1.39047,43218
2025-09-29 16:00:00+00:00,1.39074,1.39222,1.39055,1.39202,25143
2025-09-29 20:00:00+00:00,1.39186,1.39218,1.3903,1.3917,9197
2025-09-30 00:00:00+00:00,1.39175,1.39234,1.3912,1.39148,18619
2025-09-30 04:00:00+00:00,1.39145,1.39216,1.39066,1.39148,25183
2025-09-30 08:00:00+00:00,1.39147,1.3925,1.39059,1.39206,27240
2025-09-30 12:00:00+00:00,1.39188,1.39333,1.3897,1.39291,43190
2025-09-30 16:00:00+00:00,1.39304,1.39349,1.39134,1.39151,25578
2025-09-30 20:00:00+00:00,1.3917,1.39249,1.3908,1.39237,8662
2025-10-01 00:00:00+00:00,1.39243,1.39321,1.3921,1.39314,13049
2025-10-01 04:00:00+00:00,1.393,1.39306,1.39072,1.39207,25660
2025-10-01 08:00:00+00:00,1.39184,1.39364,1.3913,1.39288,28436
2025-10-01 12:00:00+00:00,1.3929,1.39547,1.39155,1.39538,50310
2025-10-01 16:00:00+00:00,1.39552,1.39565,1.39342,1.39414,22466
2025-10-01 20:00:00+00:00,1.39427,1.39438,1.39301,1.394,8701
2025-10-02 00:00:00+00:00,1.39408,1.39466,1.3933,1.39408,14783
2025-10-02 04:00:00+00:00,1.39418,1.39479,1.39328,1.39375,20642
2025-10-02 08:00:00+00:00,1.39371,1.39455,1.3932,1.39444,24462
2025-10-02 12:00:00+00:00,1.39443,1.39857,1.39402,1.39757,41845
2025-10-02 16:00:00+00:00,1.39767,1.39767,1.39596,1.39614,24073
2025-10-02 20:00:00+00:00,1.39608,1.39715,1.3959,1.39605,8051
2025-10-03 00:00:00+00:00,1.3961,1.39686,1.3959,1.39657,17324
2025-10-03 04:00:00+00:00,1.39656,1.3968,1.39576,1.39617,19689
2025-10-03 08:00:00+00:00,1.39595,1.39686,1.3958,1.39629,23325
2025-10-03 12:00:00+00:00,1.39627,1.39677,1.39457,1.39466,40179
2025-10-03 16:00:00+00:00,1.39473,1.39599,1.39409,1.39523,26662
2025-10-03 20:00:00+00:00,1.39508,1.39593,1.39438,1.39438,4262
2025-10-05 20:00:00+00:00,1.39317,1.39666,1.39317,1.39642,7401
2025-10-06 00:00:00+00:00,1.39626,1.3965,1.39449,1.39486,15655
2025-10-06 04:00:00+00:00,1.39491,1.39552,1.3942,1.39525,25787
2025-10-06 08:00:00+00:00,1.39527,1.39633,1.3947,1.39616,28955
2025-10-06 12:00:00+00:00,1.39609,1.3967,1.3945,1.39462,37712
2025-10-06 16:00:00+00:00,1.39477,1.39535,1.3944,1.39495,20210
2025-10-06 20:00:00+00:00,1.39508,1.3951,1.39373,1.39447,8765
2025-10-07 00:00:00+00:00,1.39459,1.39521,1.3944,1.39464,16621
2025-10-07 04:00:00+00:00,1.39464,1.39612,1.39439,1.39548,22700
2025-10-07 08:00:00+00:00,1.39553,1.39621,1.39476,1.39587,24056
2025-10-07 12:00:00+00:00,1.39567,1.39612,1.39399,1.39493,39077
2025-10-07 16:00:00+00:00,1.39485,1.39594,1.3942,1.39543,28416
2025-10-07 20:00:00+00:00,1.39562,1.39567,1.39419,1.39528,8828
2025-10-08 00:00:00+00:00,1.39535,1.39671,1.3952,1.39615,21895
2025-10-08 04:00:00+00:00,1.39612,1.39697,1.3953,1.3955,25302
2025-10-08 08:00:00+00:00,1.39549,1.39577,1.3944,1.39442,26605
2025-10-08 12:00:00+00:00,1.39441,1.39578,1.39327,1.39543,37678
2025-10-08 16:00:00+00:00,1.39549,1.39617,1.3952,1.39568,26329
2025-10-08 20:00:00+00:00,1.3957,1.3957,1.39473,1.39548,9589
2025-10-09 00:00:00+00:00,1.39544,1.39544,1.3936,1.3937,15811
2025-10-09 04:00:00+00:00,1.39384,1.39629,1.39332,1.39565,23783
2025-10-09 08:00:00+00:00,1.39557,1.39607,1.3946,1.39534,26834
2025-10-09 12:00:00+00:00,1.39539,1.40195,1.39422,1.40109,47712
2025-10-09 16:00:00+00:00,1.40097,1.40332,1.40097,1.40247,33176
2025-10-09 20:00:00+00:00,1.40233,1.40249,1.40081,1.40195,9496
2025-10-10 00:00:00+00:00,1.40204,1.4024,1.40137,1.40153,16754
2025-10-10 04:00:00+00:00,1.4016,1.40329,1.4011,1.40248,23432
2025-10-10 08:00:00+00:00,1.40236,1.40239,1.40129,1.40176,26929
2025-10-10 12:00:00+00:00,1.40178,1.40195,1.39772,1.39987,51106
2025-10-10 16:00:00+00:00,1.40005,1.40162,1.39937,1.40006,44999
2025-10-10 20:00:00+00:00,1.40001,1.4005,1.3994,1.4005,6669
2025-10-12 20:00:00+00:00,1.39842,1.40013,1.39842,1.39984,8908
2025-10-13 00:00:00+00:00,1.39973,1.40017,1.39826,1.39943,22668
2025-10-13 04:00:00+00:00,1.39934,1.40051,1.39881,1.40036,26153
2025-10-13 08:00:00+00:00,1.40038,1.40094,1.3996,1.40084,23574
2025-10-13 12:00:00+00:00,1.40093,1.40329,1.40064,1.40286,36964
2025-10-13 16:00:00+00:00,1.40286,1.40388,1.4026,1.40366,22846
2025-10-13 20:00:00+00:00,1.4037,1.40395,1.40222,1.40391,8628
2025-10-14 00:00:00+00:00,1.40395,1.40433,1.4033,1.40404,19778
2025-10-14 04:00:00+00:00,1.40392,1.40649,1.40392,1.4063,34280
2025-10-14 08:00:00+00:00,1.40641,1.40794,1.40542,1.40636,31025
2025-10-14 12:00:00+00:00,1.40658,1.4073,1.40301,1.40432,47647
2025-10-14 16:00:00+00:00,1.404,1.40513,1.40326,1.40425,35669
2025-10-14 20:00:00+00:00,1.4042,1.40486,1.4035,1.40453,10230
2025-10-15 00:00:00+00:00,1.4046,1.40477,1.4031,1.40357,22186
2025-10-15 04:00:00+00:00,1.40359,1.4042,1.40274,1.4042,25912
2025-10-15 08:00:00+00:00,1.40402,1.40445,1.4034,1.40434,26019
2025-10-15 12:00:00+00:00,1.40442,1.40528,1.40267,1.40338,45630
2025-10-15 16:00:00+00:00,1.40344,1.40594,1.40326,1.40463,35605
2025-10-15 20:00:00+00:00,1.40459,1.40474,1.4034,1.40459,10282
2025-10-16 00:00:00+00:00,1.40462,1.40473,1.40223,1.403,22679
2025-10-16 04:00:00+00:00,1.40304,1.40389,1.40267,1.40335,24440
2025-10-16 08:00:00+00:00,1.40339,1.40506,1.40316,1.40481,24458
2025-10-16 12:00:00+00:00,1.40467,1.40573,1.40359,1.40468,43564
2025-10-16 16:00:00+00:00,1.40465,1.40597,1.40383,1.40514,42549
2025-10-16 20:00:00+00:00,1.40527,1.4055,1.40411,1.40457,10937
2025-10-17 00:00:00+00:00,1.40469,1.40507,1.40365,1.40447,20022
2025-10-17 04:00:00+00:00,1.40441,1.40647,1.4035,1.40529,30626
2025-10-17 08:00:00+00:00,1.40498,1.40595,1.40274,1.40333,35494
2025-10-17 12:00:00+00:00,1.40335,1.4053,1.40323,1.40462,48501
2025-10-17 16:00:00+00:00,1.4047,1.4047,1.4008,1.40129,32687
2025-10-17 20:00:00+00:00,1.40148,1.40221,1.4009,1.4018,4722
2025-10-19 20:00:00+00:00,1.40101,1.40191,1.40101,1.40158,4749
2025-10-20 00:00:00+00:00,1.40156,1.40169,1.4004,1.40088,16865
2025-10-20 04:00:00+00:00,1.40089,1.40308,1.4008,1.40303,25399
2025-10-20 08:00:00+00:00,1.4029,1.40425,1.40269,1.40385,29382
2025-10-20 12:00:00+00:00,1.40384,1.40503,1.4025,1.40303,37159
2025-10-20 16:00:00+00:00,1.403,1.4038,1.4027,1.40323,21442
2025-10-20 20:00:00+00:00,1.4032,1.40381,1.40256,1.4032,8067
2025-10-21 00:00:00+00:00,1.4034,1.40509,1.4029,1.40493,15980
2025-10-21 04:00:00+00:00,1.40498,1.4062,1.4048,1.40583,24363
2025-10-21 08:00:00+00:00,1.40601,1.40651,1.40427,1.40463,30646
2025-10-21 12:00:00+00:00,1.40453,1.40477,1.40109,1.40109,49347
2025-10-21 16:00:00+00:00,1.40097,1.40227,1.40043,1.40157,31131
2025-10-21 20:00:00+00:00,1.40167,1.4024,1.4015,1.40196,8723
2025-10-22 00:00:00+00:00,1.40168,1.4019,1.4002,1.40037,18172
2025-10-22 04:00:00+00:00,1.40033,1.40073,1.39935,1.40051,23293
2025-10-22 08:00:00+00:00,1.40066,1.40309,1.4004,1.4028,28475
2025-10-22 12:00:00+00:00,1.40291,1.40291,1.39784,1.39784,46287
2025-10-22 16:00:00+00:00,1.39798,1.39956,1.3977,1.39847,34701
2025-10-22 20:00:00+00:00,1.39851,1.39976,1.3985,1.39893,9216
2025-10-23 00:00:00+00:00,1.39879,1.40042,1.3987,1.40005,16877
2025-10-23 04:00:00+00:00,1.40003,1.40019,1.39871,1.39948,22047
2025-10-23 08:00:00+00:00,1.39944,1.39994,1.3991,1.39949,23844
2025-10-23 12:00:00+00:00,1.3995,1.40018,1.398,1.39923,38136
2025-10-23 16:00:00+00:00,1.39912,1.40032,1.3984,1.39863,24443
2025-10-23 20:00:00+00:00,1.39877,1.3993,1.39724,1.39864,9172
2025-10-24 00:00:00+00:00,1.39868,1.40229,1.3983,1.40054,17990
2025-10-24 04:00:00+00:00,1.40053,1.40204,1.40037,1.40074,22339
2025-10-24 08:00:00+00:00,1.40056,1.40308,1.40056,1.40267,23902
2025-10-24 12:00:00+00:00,1.40238,1.40378,1.4004,1.40125,48208
2025-10-24 16:00:00+00:00,1.40122,1.40155,1.3997,1.39976,21194
2025-10-24 20:00:00+00:00,1.39978,1.40006,1.39907,1.3994,4272
2025-10-26 20:00:00+00:00,1.40021,1.40071,1.3988,1.39934,6135
2025-10-27 00:00:00+00:00,1.39898,1.39903,1.3978,1.39891,17369
2025-10-27 04:00:00+00:00,1.39896,1.3992,1.3972,1.39782,22972
2025-10-27 08:00:00+00:00,1.39775,1.39793,1.39697,1.39775,27665
2025-10-27 12:00:00+00:00,1.39767,1.40072,1.39762,1.39962,35919
2025-10-27 16:00:00+00:00,1.39955,1.40007,1.3989,1.39944,22840
2025-10-27 20:00:00+00:00,1.39942,1.39942,1.3981,1.39914,9089
2025-10-28 00:00:00+00:00,1.39925,1.39937,1.3981,1.39852,17483
2025-10-28 04:00:00+00:00,1.39848,1.40032,1.39814,1.40006,21229
2025-10-28 08:00:00+00:00,1.39993,1.40047,1.3993,1.39979,27051
2025-10-28 12:00:00+00:00,1.39974,1.40015,1.39369,1.39369,40722
2025-10-28 16:00:00+00:00,1.39371,1.39485,1.3934,1.39369,27925
2025-10-28 20:00:00+00:00,1.39362,1.39487,1.39332,1.39389,9035
2025-10-29 00:00:00+00:00,1.39391,1.3943,1.3931,1.3936,17629
2025-10-29 04:00:00+00:00,1.39372,1.39439,1.39239,1.39286,20821
2025-10-29 08:00:00+00:00,1.39292,1.39493,1.39292,1.39403,27416
2025-10-29 12:00:00+00:00,1.3939,1.39404,1.3889,1.38947,40819
2025-10-29 16:00:00+00:00,1.38944,1.39539,1.3889,1.39475,47278
2025-10-29 20:00:00+00:00,1.39464,1.39524,1.39363,1.39413,11468
2025-10-30 00:00:00+00:00,1.39422,1.3943,1.3933,1.39391,18786
2025-10-30 04:00:00+00:00,1.39386,1.39432,1.39271,1.39395,28236
2025-10-30 08:00:00+00:00,1.39384,1.39829,1.39384,1.39818,29461
2025-10-30 12:00:00+00:00,1.39824,1.40137,1.39779,1.39825,48475
2025-10-30 16:00:00+00:00,1.39807,1.39899,1.39775,1.39881,30095
2025-10-30 20:00:00+00:00,1.39866,1.39883,1.39791,1.398,9771
2025-10-31 00:00:00+00:00,1.3979,1.39895,1.3978,1.39875,17880
2025-10-31 04:00:00+00:00,1.39879,1.40101,1.3985,1.40013,21918
2025-10-31 08:00:00+00:00,1.40024,1.40177,1.39948,1.40138,24928
2025-10-31 12:00:00+00:00,1.40138,1.40347,1.40019,1.40109,41952
2025-10-31 16:00:00+00:00,1.4011,1.40252,1.4006,1.40252,32973
2025-10-31 20:00:00+00:00,1.40254,1.40255,1.40044,1.40078,5575
2025-11-02 20:00:00+00:00,1.4005,1.40171,1.39918,1.40155,3589
2025-11-03 00:00:00+00:00,1.40155,1.40231,1.40119,1.4012,14128
2025-11-03 04:00:00+00:00,1.4012,1.40194,1.4008,1.40183,16925
2025-11-03 08:00:00+00:00,1.40202,1.40475,1.4018,1.40448,23248
2025-11-03 12:00:00+00:00,1.40447,1.40746,1.40358,1.40684,35811
2025-11-03 16:00:00+00:00,1.4066,1.40676,1.40467,1.40516,32716
2025-11-03 20:00:00+00:00,1.40512,1.4059,1.40502,1.40554,13778
2025-11-04 00:00:00+00:00,1.40578,1.40694,1.40578,1.40616,18509
2025-11-04 04:00:00+00:00,1.40621,1.40728,1.40567,1.40567,26762
2025-11-04 08:00:00+00:00,1.40544,1.40801,1.4054,1.40801,30602
2025-11-04 12:00:00+00:00,1.40808,1.4095,1.4076,1.40831,43402
2025-11-04 16:00:00+00:00,1.40821,1.41015,1.40782,1.41008,36325
2025-11-04 20:00:00+00:00,1.41019,1.41071,1.40908,1.4101,17942
2025-11-05 00:00:00+00:00,1.4101,1.41186,1.4101,1.41107,23301
2025-11-05 04:00:00+00:00,1.41106,1.41196,1.41076,1.41154,22091
2025-11-05 08:00:00+00:00,1.41146,1.41348,1.41078,1.41343,30357
2025-11-05 12:00:00+00:00,1.41342,1.41393,1.41201,1.41243,44214
2025-11-05 16:00:00+00:00,1.41252,1.41308,1.41063,1.41122,32008
2025-11-05 20:00:00+00:00,1.41114,1.41119,1.40985,1.41022,14006
2025-11-06 00:00:00+00:00,1.41064,1.41075,1.4099,1.41037,18021
2025-11-06 04:00:00+00:00,1.41037,1.4105,1.4097,1.41006,23116
2025-11-06 08:00:00+00:00,1.41004,1.4104,1.40904,1.40962,29914
2025-11-06 12:00:00+00:00,1.40982,1.41336,1.40906,1.41296,47468
2025-11-06 16:00:00+00:00,1.41314,1.41393,1.41049,1.4112,41953
2025-11-06 20:00:00+00:00,1.41114,1.41192,1.4105,1.41118,16212
2025-11-07 00:00:00+00:00,1.41135,1.41252,1.4113,1.41241,17006
2025-11-07 04:00:00+00:00,1.4125,1.41252,1.4114,1.41166,17834
2025-11-07 08:00:00+00:00,1.41157,1.41195,1.41082,1.41087,27021
2025-11-07 12:00:00+00:00,1.41097,1.41156,1.40557,1.40737,50996
2025-11-07 16:00:00+00:00,1.40751,1.4079,1.40367,1.40398,38205
2025-11-07 20:00:00+00:00,1.40401,1.40453,1.40277,1.40357,13269
2025-11-09 20:00:00+00:00,1.40185,1.40467,1.40185,1.40432,4250
2025-11-10 00:00:00+00:00,1.40432,1.40449,1.4026,1.40329,27020
2025-11-10 04:00:00+00:00,1.40318,1.40324,1.4011,1.40145,32395
2025-11-10 08:00:00+00:00,1.40151,1.40212,1.40008,1.40145,34164
2025-11-10 12:00:00+00:00,1.4013,1.4028,1.40016,1.4027,36755
2025-11-10 16:00:00+00:00,1.40279,1.40357,1.4013,1.40176,32933
2025-11-10 20:00:00+00:00,1.40178,1.40254,1.40102,1.40254,15761
2025-11-11 00:00:00+00:00,1.40265,1.40346,1.40219,1.40337,18490
2025-11-11 04:00:00+00:00,1.40326,1.404,1.40308,1.40315,24227
2025-11-11 08:00:00+00:00,1.40302,1.40358,1.4025,1.40272,30781
2025-11-11 12:00:00+00:00,1.40275,1.40294,1.4003,1.40105,40547
2025-11-11 16:00:00+00:00,1.40113,1.40113,1.4,1.40094,33529
2025-11-11 20:00:00+00:00,1.40095,1.40195,1.40035,1.40158,14867
2025-11-12 00:00:00+00:00,1.40168,1.40197,1.4013,1.40153,19435
2025-11-12 04:00:00+00:00,1.40153,1.40195,1.4001,1.40057,26343
2025-11-12 08:00:00+00:00,1.40054,1.40207,1.40027,1.40166,33753
2025-11-12 12:00:00+00:00,1.40141,1.40209,1.39957,1.39957,44259
2025-11-12 16:00:00+00:00,1.39958,1.40054,1.39894,1.39977,38329
2025-11-12 20:00:00+00:00,1.39975,1.40103,1.3996,1.40096,12811
2025-11-13 00:00:00+00:00,1.40093,1.40157,1.40026,1.40058,15621
2025-11-13 04:00:00+00:00,1.4006,1.40124,1.39947,1.39947,13563
2025-11-13 08:00:00+00:00,1.39933,1.39968,1.39851,1.39959,18949
2025-11-13 12:00:00+00:00,1.39967,1.40141,1.3993,1.40104,26094
2025-11-13 16:00:00+00:00,1.40103,1.40366,1.4007,1.40324,27422
2025-11-13 20:00:00+00:00,1.40319,1.40369,1.40196,1.40365,13310
2025-11-14 00:00:00+00:00,1.40376,1.40435,1.40176,1.40236,20090
2025-11-14 04:00:00+00:00,1.40239,1.40381,1.40218,1.40381,24051
2025-11-14 08:00:00+00:00,1.40382,1.40451,1.40299,1.4043,34219
2025-11-14 12:00:00+00:00,1.40431,1.40437,1.40143,1.40267,40671
2025-11-14 16:00:00+00:00,1.40249,1.40322,1.40177,1.40256,23691
2025-11-14 20:00:00+00:00,1.40248,1.40267,1.4014,1.4021,9508
2025-11-16 20:00:00+00:00,1.40125,1.40259,1.40109,1.40182,3625
2025-11-17 00:00:00+00:00,1.40224,1.40381,1.40219,1.4037,19211
2025-11-17 04:00:00+00:00,1.40374,1.40374,1.4016,1.40193,20292
2025-11-17 08:00:00+00:00,1.40192,1.40312,1.40161,1.4025,29102
2025-11-17 12:00:00+00:00,1.40265,1.40412,1.40235,1.40277,40780
2025-11-17 16:00:00+00:00,1.4027,1.40546,1.40241,1.40546,39347
2025-11-17 20:00:00+00:00,1.40568,1.4057,1.40352,1.40505,19509
2025-11-18 00:00:00+00:00,1.40531,1.40556,1.40466,1.40538,21605
2025-11-18 04:00:00+00:00,1.40556,1.40612,1.4047,1.40509,28323
2025-11-18 08:00:00+00:00,1.40475,1.40475,1.4028,1.40307,32822
2025-11-18 12:00:00+00:00,1.40319,1.40358,1.40028,1.4014,48998
2025-11-18 16:00:00+00:00,1.40147,1.40195,1.39711,1.3979,37958
2025-11-18 20:00:00+00:00,1.39799,1.399,1.3977,1.39852,17776
2025-11-19 00:00:00+00:00,1.39862,1.39992,1.3985,1.39974,23718
2025-11-19 04:00:00+00:00,1.39975,1.40002,1.3988,1.39937,26229
2025-11-19 08:00:00+00:00,1.39921,1.4007,1.39904,1.40038,32662
2025-11-19 12:00:00+00:00,1.40021,1.40371,1.3999,1.40365,41963
2025-11-19 16:00:00+00:00,1.40374,1.40641,1.4037,1.40572,45151
2025-11-19 20:00:00+00:00,1.40573,1.40596,1.4039,1.4043,19350
2025-11-20 00:00:00+00:00,1.40445,1.40604,1.4044,1.40573,18809
2025-11-20 04:00:00+00:00,1.40577,1.40602,1.4052,1.4057,19492
2025-11-20 08:00:00+00:00,1.40563,1.40641,1.40476,1.40622,27743
2025-11-20 12:00:00+00:00,1.40631,1.40703,1.40404,1.40628,47276
2025-11-20 16:00:00+00:00,1.40637,1.41061,1.40637,1.4089,53340
2025-11-20 20:00:00+00:00,1.40906,1.41026,1.4081,1.40911,19151
2025-11-21 00:00:00+00:00,1.40942,1.40952,1.40831,1.40922,21297
2025-11-21 04:00:00+00:00,1.40919,1.41045,1.4084,1.41022,25023
2025-11-21 08:00:00+00:00,1.41049,1.41049,1.40823,1.41031,36573
2025-11-21 12:00:00+00:00,1.41031,1.41261,1.40819,1.41257,50847
2025-11-21 16:00:00+00:00,1.41253,1.41302,1.409,1.40937,44831
2025-11-21 20:00:00+00:00,1.40929,1.4101,1.4088,1.4101,15361
2025-11-23 20:00:00+00:00,1.40875,1.40986,1.40558,1.40949,3052
2025-11-24 00:00:00+00:00,1.40954,1.41035,1.4091,1.40954,15778
2025-11-24 04:00:00+00:00,1.40954,1.41035,1.409,1.41035,19085
2025-11-24 08:00:00+00:00,1.41057,1.41141,1.4094,1.41098,32478
2025-11-24 12:00:00+00:00,1.41107,1.41168,1.40972,1.41119,38697
2025-11-24 16:00:00+00:00,1.41126,1.41181,1.4103,1.41068,26376
2025-11-24 20:00:00+00:00,1.41074,1.41109,1.40989,1.41096,12981
2025-11-25 00:00:00+00:00,1.41129,1.41171,1.4105,1.4114,17718
2025-11-25 04:00:00+00:00,1.41162,1.41232,1.4114,1.41164,20373
2025-11-25 08:00:00+00:00,1.41191,1.41235,1.4109,1.41208,29224
2025-11-25 12:00:00+00:00,1.4118,1.41245,1.41,1.4105,45582
2025-11-25 16:00:00+00:00,1.41049,1.4118,1.40899,1.40922,36261
2025-11-25 20:00:00+00:00,1.40923,1.41031,1.40878,1.4103,16390
2025-11-26 00:00:00+00:00,1.4104,1.4104,1.40709,1.4071,24367
2025-11-26 04:00:00+00:00,1.407,1.40771,1.40678,1.40689,25837
2025-11-26 08:00:00+00:00,1.40705,1.40887,1.40698,1.40881,31840
2025-11-26 12:00:00+00:00,1.40896,1.41005,1.40558,1.40562,46757
2025-11-26 16:00:00+00:00,1.4055,1.40572,1.40346,1.40393,32827
2025-11-26 20:00:00+00:00,1.404,1.4045,1.40332,1.40392,15155
2025-11-27 00:00:00+00:00,1.4038,1.40392,1.4027,1.4034,19488
2025-11-27 04:00:00+00:00,1.40345,1.4037,1.4028,1.40338,22508
2025-11-27 08:00:00+00:00,1.40337,1.40494,1.4033,1.40455,24830
2025-11-27 12:00:00+00:00,1.40447,1.40458,1.40288,1.40326,23731
2025-11-27 16:00:00+00:00,1.40318,1.40372,1.4026,1.40299,13539
2025-11-27 20:00:00+00:00,1.4029,1.4035,1.40238,1.40256,9221
2025-11-28 00:00:00+00:00,1.4025,1.40336,1.40191,1.40322,39702
2025-11-28 04:00:00+00:00,1.40303,1.40418,1.40209,1.40406,63417
2025-11-28 08:00:00+00:00,1.40378,1.40501,1.40323,1.40355,60099
2025-11-28 12:00:00+00:00,1.40347,1.40394,1.39388,1.39404,54564
2025-11-28 16:00:00+00:00,1.39404,1.39856,1.39404,1.3971,33962
2025-11-28 20:00:00+00:00,1.39724,1.3975,1.39605,1.3975,19959
2025-11-30 20:00:00+00:00,1.39698,1.3977,1.39651,1.39698,3542
2025-12-01 00:00:00+00:00,1.39697,1.39849,1.3964,1.39798,25848
2025-12-01 04:00:00+00:00,1.39802,1.39889,1.39706,1.39781,31809
2025-12-01 08:00:00+00:00,1.39824,1.39906,1.3975,1.3975,35907
2025-12-01 12:00:00+00:00,1.39736,1.39742,1.3954,1.39652,42720
2025-12-01 16:00:00+00:00,1.3965,1.39995,1.39641,1.39967,36159
2025-12-01 20:00:00+00:00,1.39959,1.4002,1.39856,1.40013,14775
2025-12-02 00:00:00+00:00,1.4001,1.40069,1.39973,1.39979,16601
2025-12-02 04:00:00+00:00,1.39977,1.40012,1.3992,1.39971,17694
2025-12-02 08:00:00+00:00,1.39947,1.40143,1.3992,1.40125,27515
2025-12-02 12:00:00+00:00,1.4011,1.40136,1.3975,1.39803,38818
2025-12-02 16:00:00+00:00,1.39795,1.39943,1.39684,1.39716,35310
2025-12-02 20:00:00+00:00,1.39697,1.39821,1.39643,1.39694,13711
2025-12-03 00:00:00+00:00,1.39697,1.39731,1.3961,1.39683,16412
2025-12-03 04:00:00+00:00,1.39685,1.39737,1.3961,1.39705,20265
2025-12-03 08:00:00+00:00,1.39692,1.39692,1.3938,1.39452,27946
2025-12-03 12:00:00+00:00,1.3942,1.39688,1.3938,1.39492,43223
2025-12-03 16:00:00+00:00,1.39482,1.39535,1.39416,1.39471,33624
2025-12-03 20:00:00+00:00,1.39477,1.39541,1.39393,1.39531,12751
2025-12-04 00:00:00+00:00,1.39551,1.397,1.3951,1.39622,21578
2025-12-04 04:00:00+00:00,1.39628,1.39703,1.3957,1.39628,24133
2025-12-04 08:00:00+00:00,1.39628,1.39742,1.39574,1.397,33520
2025-12-04 12:00:00+00:00,1.39692,1.39755,1.39252,1.39324,44620
2025-12-04 16:00:00+00:00,1.39355,1.39566,1.39355,1.39518,38097
2025-12-04 20:00:00+00:00,1.39532,1.39601,1.39431,1.39594,15925
2025-12-05 00:00:00+00:00,1.39575,1.3958,1.3948,1.39547,13817
2025-12-05 04:00:00+00:00,1.39549,1.39549,1.39402,1.39463,18243
2025-12-05 08:00:00+00:00,1.39487,1.39517,1.394,1.39415,26040
2025-12-05 12:00:00+00:00,1.39427,1.39434,1.38536,1.38548,45649
2025-12-05 16:00:00+00:00,1.38549,1.38691,1.38328,1.38366,36620
2025-12-05 20:00:00+00:00,1.3837,1.38415,1.3815,1.3815,11367
2025-12-07 20:00:00+00:00,1.37881,1.38347,1.37881,1.38347,4457
2025-12-08 00:00:00+00:00,1.38339,1.38339,1.38187,1.38255,16283
2025-12-08 04:00:00+00:00,1.38256,1.38289,1.3812,1.3824,19703
2025-12-08 08:00:00+00:00,1.38233,1.38269,1.38146,1.38148,25756
2025-12-08 12:00:00+00:00,1.38148,1.38445,1.38001,1.38445,38338
2025-12-08 16:00:00+00:00,1.3846,1.38584,1.38396,1.38499,34620
2025-12-08 20:00:00+00:00,1.38494,1.38587,1.38449,1.38482,13226
2025-12-09 00:00:00+00:00,1.3848,1.38539,1.3845,1.3847,17768
2025-12-09 04:00:00+00:00,1.38468,1.38566,1.3844,1.38556,23750
2025-12-09 08:00:00+00:00,1.38543,1.3858,1.3836,1.38432,29320
2025-12-09 12:00:00+00:00,1.38433,1.38489,1.38208,1.38412,42381
2025-12-09 16:00:00+00:00,1.38416,1.38598,1.3829,1.38476,32450
2025-12-09 20:00:00+00:00,1.38483,1.38533,1.38391,1.38455,12730
2025-12-10 00:00:00+00:00,1.3845,1.38567,1.3844,1.38545,18915
2025-12-10 04:00:00+00:00,1.38542,1.38555,1.38449,1.3854,19870
2025-12-10 08:00:00+00:00,1.38543,1.38583,1.3845,1.38467,31202
2025-12-10 12:00:00+00:00,1.38467,1.38701,1.38375,1.38507,41671
2025-12-10 16:00:00+00:00,1.38508,1.38548,1.3809,1.38098,44004
2025-12-10 20:00:00+00:00,1.38133,1.38133,1.37841,1.37891,22772
2025-12-11 00:00:00+00:00,1.37882,1.38153,1.37846,1.38133,25531
2025-12-11 04:00:00+00:00,1.38128,1.38214,1.3809,1.38212,26308
2025-12-11 08:00:00+00:00,1.38194,1.38217,1.37933,1.37955,34862
2025-12-11 12:00:00+00:00,1.37947,1.38026,1.37584,1.37593,46804
2025-12-11 16:00:00+00:00,1.37574,1.37801,1.37571,1.37786,37748
2025-12-11 20:00:00+00:00,1.37766,1.37786,1.37628,1.37753,17630
2025-12-12 00:00:00+00:00,1.37723,1.37753,1.3766,1.37748,18428
2025-12-12 04:00:00+00:00,1.37747,1.37782,1.3764,1.37654,21396
2025-12-12 08:00:00+00:00,1.3766,1.3766,1.37548,1.37559,30219
2025-12-12 12:00:00+00:00,1.37569,1.37833,1.3753,1.37809,41694
2025-12-12 16:00:00+00:00,1.37802,1.37933,1.37602,1.37661,42443
2025-12-12 20:00:00+00:00,1.37662,1.37698,1.3762,1.37686,11857
2025-12-14 20:00:00+00:00,1.376,1.37725,1.37495,1.37677,3446
2025-12-15 00:00:00+00:00,1.37658,1.3771,1.37598,1.3767,21634
2025-12-15 04:00:00+00:00,1.3768,1.37697,1.3759,1.37624,22602
2025-12-15 08:00:00+00:00,1.37627,1.37765,1.37574,1.3763,28741
2025-12-15 12:00:00+00:00,1.37634,1.37716,1.37481,1.37611,43271
2025-12-15 16:00:00+00:00,1.37617,1.37877,1.37603,1.37715,39764
2025-12-15 20:00:00+00:00,1.37731,1.3778,1.3762,1.37691,15625
2025-12-16 00:00:00+00:00,1.37671,1.37793,1.3765,1.3768,24808
2025-12-16 04:00:00+00:00,1.3769,1.37716,1.3764,1.37702,22761
2025-12-16 08:00:00+00:00,1.37669,1.37796,1.37646,1.37738,31082
2025-12-16 12:00:00+00:00,1.37723,1.37731,1.37304,1.37473,52650
2025-12-16 16:00:00+00:00,1.37485,1.37571,1.3734,1.37452,44322
2025-12-16 20:00:00+00:00,1.37443,1.37601,1.3742,1.37551,18461
2025-12-17 00:00:00+00:00,1.3756,1.37694,1.3756,1.37661,21109
2025-12-17 04:00:00+00:00,1.37665,1.37829,1.37665,1.37802,24340
2025-12-17 08:00:00+00:00,1.37815,1.37949,1.3769,1.37901,31798
2025-12-17 12:00:00+00:00,1.37892,1.37911,1.3763,1.37801,45429
2025-12-17 16:00:00+00:00,1.37774,1.37971,1.37746,1.37888,41605
2025-12-17 20:00:00+00:00,1.37886,1.37895,1.37753,1.37835,15643
2025-12-18 00:00:00+00:00,1.37833,1.37883,1.3776,1.37858,19395
2025-12-18 04:00:00+00:00,1.37859,1.37859,1.3767,1.37725,22988
2025-12-18 08:00:00+00:00,1.37743,1.37867,1.37721,1.3782,28718
2025-12-18 12:00:00+00:00,1.37806,1.37954,1.37651,1.37656,53394
2025-12-18 16:00:00+00:00,1.37667,1.37813,1.37557,1.37802,42523
2025-12-18 20:00:00+00:00,1.37802,1.3783,1.37703,1.37771,17250
2025-12-19 00:00:00+00:00,1.37773,1.37842,1.37707,1.3783,20569
2025-12-19 04:00:00+00:00,1.37837,1.37959,1.3782,1.37949,22855
2025-12-19 08:00:00+00:00,1.3792,1.38004,1.3784,1.37963,30730
2025-12-19 12:00:00+00:00,1.37971,1.37992,1.37552,1.37842,43150
2025-12-19 16:00:00+00:00,1.37839,1.3787,1.37734,1.37858,31930
2025-12-19 20:00:00+00:00,1.3786,1.38046,1.37853,1.38,12086
2025-12-21 20:00:00+00:00,1.37853,1.38025,1.37655,1.37898,4434
2025-12-22 00:00:00+00:00,1.37904,1.37998,1.37892,1.3798,19554
2025-12-22 04:00:00+00:00,1.37968,1.37971,1.3777,1.37818,18763
2025-12-22 08:00:00+00:00,1.37791,1.37839,1.37653,1.37666,28304
2025-12-22 12:00:00+00:00,1.37657,1.37727,1.37402,1.3742,42345
2025-12-22 16:00:00+00:00,1.3742,1.37484,1.37358,1.3747,29892
2025-12-22 20:00:00+00:00,1.37459,1.37536,1.37395,1.37493,13198
2025-12-23 00:00:00+00:00,1.37479,1.37482,1.3733,1.37331,17857
2025-12-23 04:00:00+00:00,1.37333,1.3743,1.3732,1.37347,23161
2025-12-23 08:00:00+00:00,1.37343,1.37343,1.36961,1.37082,31492
2025-12-23 12:00:00+00:00,1.37076,1.37253,1.36883,1.37097,46418
2025-12-23 16:00:00+00:00,1.37098,1.37159,1.369,1.36938,30613
2025-12-23 20:00:00+00:00,1.36948,1.36976,1.3684,1.36848,13604
2025-12-24 00:00:00+00:00,1.36854,1.36884,1.3673,1.36795,18649
2025-12-24 04:00:00+00:00,1.36807,1.36835,1.3674,1.36832,19136
2025-12-24 08:00:00+00:00,1.36822,1.3687,1.3667,1.3667,23219
2025-12-24 12:00:00+00:00,1.36697,1.36837,1.36655,1.36676,33673
2025-12-24 16:00:00+00:00,1.36681,1.36793,1.3665,1.36754,15615
2025-12-24 20:00:00+00:00,1.36754,1.36754,1.36754,1.36754,1
2025-12-25 20:00:00+00:00,1.3675,1.3698,1.365,1.36732,6060
2025-12-26 00:00:00+00:00,1.36743,1.36793,1.3668,1.36787,20037
2025-12-26 04:00:00+00:00,1.36789,1.36811,1.36646,1.3676,22820
2025-12-26 08:00:00+00:00,1.36776,1.36838,1.36718,1.36795,22007
2025-12-26 12:00:00+00:00,1.36805,1.36842,1.36426,1.36572,32126
2025-12-26 16:00:00+00:00,1.36576,1.3674,1.3653,1.36711,33359
2025-12-26 20:00:00+00:00,1.36694,1.3675,1.36648,1.3672,12589
2025-12-28 20:00:00+00:00,1.3655,1.36714,1.3631,1.3668,3227
2025-12-29 00:00:00+00:00,1.36689,1.36731,1.36561,1.3659,19044
2025-12-29 04:00:00+00:00,1.36606,1.36868,1.366,1.36868,23047
2025-12-29 08:00:00+00:00,1.36872,1.36964,1.36771,1.36939,34281
2025-12-29 12:00:00+00:00,1.36946,1.37007,1.36635,1.36694,45808
2025-12-29 16:00:00+00:00,1.36692,1.3694,1.36664,1.36834,34499
2025-12-29 20:00:00+00:00,1.36839,1.36977,1.36835,1.36873,14741
2025-12-30 00:00:00+00:00,1.36886,1.36947,1.3682,1.36867,16587
2025-12-30 04:00:00+00:00,1.36866,1.36882,1.368,1.36829,18926
2025-12-30 08:00:00+00:00,1.3683,1.3699,1.36785,1.36985,26774
2025-12-30 12:00:00+00:00,1.36997,1.37083,1.36813,1.36829,41089
2025-12-30 16:00:00+00:00,1.36815,1.36979,1.3678,1.36964,31855
2025-12-30 20:00:00+00:00,1.36952,1.36988,1.36899,1.36949,14125
2025-12-31 00:00:00+00:00,1.3695,1.37001,1.3691,1.36963,16942
2025-12-31 04:00:00+00:00,1.36963,1.37088,1.3695,1.37036,19144
2025-12-31 08:00:00+00:00,1.37019,1.37118,1.3698,1.37042,25447
2025-12-31 12:00:00+00:00,1.37025,1.37258,1.36886,1.37071,42238
2025-12-31 16:00:00+00:00,1.37071,1.37249,1.37058,1.37249,20812
2025-12-31 20:00:00+00:00,1.37249,1.37249,1.37249,1.37249,1
2026-01-01 20:00:00+00:00,1.3709,1.3726,1.36735,1.3717,3530
