time,open,high,low,close,volume
2018-01-01 20:00:00+00:00,112.648,112.789,112.576,112.772,18613
2018-01-02 00:00:00+00:00,112.77,112.784,112.739,112.767,2075
2018-01-02 04:00:00+00:00,112.718,112.737,112.613,112.63,26310
2018-01-02 08:00:00+00:00,112.623,112.63,112.119,112.232,42188
2018-01-02 12:00:00+00:00,112.231,112.262,112.075,112.149,47600
2018-01-02 16:00:00+00:00,112.144,112.347,112.107,112.258,31170
2018-01-02 20:00:00+00:00,112.271,112.358,112.181,112.256,20860
2018-01-03 00:00:00+00:00,112.262,112.384,112.222,112.341,28399
2018-01-03 04:00:00+00:00,112.342,112.392,112.238,112.353,25397
2018-01-03 08:00:00+00:00,112.376,112.376,112.217,112.235,27613
2018-01-03 12:00:00+00:00,112.238,112.484,112.193,112.395,38722
2018-01-03 16:00:00+00:00,112.381,112.602,112.277,112.526,31040
2018-01-03 20:00:00+00:00,112.511,112.621,112.415,112.608,24451
2018-01-04 00:00:00+00:00,112.623,112.774,112.623,112.663,40555
2018-01-04 04:00:00+00:00,112.645,112.668,112.509,112.581,26163
2018-01-04 08:00:00+00:00,112.598,112.663,112.537,112.602,30904
2018-01-04 12:00:00+00:00,112.61,112.843,112.602,112.773,47732
2018-01-04 16:00:00+00:00,112.798,112.859,112.731,112.749,32370
2018-01-04 20:00:00+00:00,112.746,112.802,112.713,112.802,18850
2018-01-05 00:00:00+00:00,112.788,112.846,112.738,112.832,26836
2018-01-05 04:00:00+00:00,112.836,113.147,112.832,113.145,30675
2018-01-05 08:00:00+00:00,113.14,113.284,113.14,113.232,33199
2018-01-05 12:00:00+00:00,113.247,113.294,113.058,113.231,66573
2018-01-05 16:00:00+00:00,113.227,113.234,113.127,113.14,25965
2018-01-05 20:00:00+00:00,113.138,113.142,113.018,113.018,8694
2018-01-07 20:00:00+00:00,113.116,113.177,113.035,113.16,15535
2018-01-08 00:00:00+00:00,113.154,113.201,113.09,113.18,21164
2018-01-08 04:00:00+00:00,113.174,113.382,113.174,113.373,19138
2018-01-08 08:00:00+00:00,113.361,113.37,113.087,113.104,32890
2018-01-08 12:00:00+00:00,113.091,113.097,112.884,112.977,35883
2018-01-08 16:00:00+00:00,112.956,113.121,112.956,113.071,22632
2018-01-08 20:00:00+00:00,113.075,113.168,113.056,113.148,26794
2018-01-09 00:00:00+00:00,113.168,113.168,112.524,112.626,44482
2018-01-09 04:00:00+00:00,112.628,112.796,112.571,112.739,30861
2018-01-09 08:00:00+00:00,112.751,112.963,112.649,112.668,37946
2018-01-09 12:00:00+00:00,112.673,112.77,112.372,112.432,51238
2018-01-09 16:00:00+00:00,112.451,112.659,112.451,112.629,35749
2018-01-09 20:00:00+00:00,112.609,112.775,112.585,112.775,20964
2018-01-10 00:00:00+00:00,112.759,112.759,112.176,112.285,42489
2018-01-10 04:00:00+00:00,112.273,112.376,111.802,111.947,45858
2018-01-10 08:00:00+00:00,111.937,111.952,111.309,111.4,77197
2018-01-10 12:00:00+00:00,111.402,111.638,111.302,111.348,68021
2018-01-10 16:00:00+00:00,111.377,111.543,111.348,111.348,42167
2018-01-10 20:00:00+00:00,111.348,111.461,111.294,111.461,21893
2018-01-11 00:00:00+00:00,111.424,111.749,111.351,111.692,46051
2018-01-11 04:00:00+00:00,111.691,111.865,111.677,111.781,36551
2018-01-11 08:00:00+00:00,111.778,111.782,111.579,111.617,33389
2018-01-11 12:00:00+00:00,111.619,111.744,111.339,111.401,78821
2018-01-11 16:00:00+00:00,111.416,111.433,111.05,111.086,37925
2018-01-11 20:00:00+00:00,111.088,111.336,111.088,111.285,21079
2018-01-12 00:00:00+00:00,111.266,111.347,111.095,111.259,37884
2018-01-12 04:00:00+00:00,111.258,111.39,111.181,111.368,30119
2018-01-12 08:00:00+00:00,111.385,111.436,111.002,111.131,51759
2018-01-12 12:00:00+00:00,111.149,111.685,111.12,111.3,85858
2018-01-12 16:00:00+00:00,111.319,111.392,110.921,111.056,48007
2018-01-12 20:00:00+00:00,111.066,111.066,110.946,110.996,18503
2018-01-14 20:00:00+00:00,111.075,111.158,111.0,111.144,14689
2018-01-15 00:00:00+00:00,111.13,111.13,110.648,110.748,54200
2018-01-15 04:00:00+00:00,110.749,110.896,110.599,110.808,42210
2018-01-15 08:00:00+00:00,110.805,110.813,110.526,110.681,48947
2018-01-15 12:00:00+00:00,110.674,110.712,110.508,110.508,33530
2018-01-15 16:00:00+00:00,110.484,110.579,110.33,110.461,27321
2018-01-15 20:00:00+00:00,110.449,110.619,110.438,110.619,36070
2018-01-16 00:00:00+00:00,110.631,110.972,110.631,110.95,40833
2018-01-16 04:00:00+00:00,110.928,110.95,110.714,110.718,41318
2018-01-16 08:00:00+00:00,110.714,110.76,110.619,110.648,48774
2018-01-16 12:00:00+00:00,110.65,110.863,110.606,110.678,49477
2018-01-16 16:00:00+00:00,110.713,110.837,110.252,110.297,53051
2018-01-16 20:00:00+00:00,110.281,110.536,110.249,110.394,29489
2018-01-17 00:00:00+00:00,110.338,110.718,110.211,110.638,57893
2018-01-17 04:00:00+00:00,110.619,110.926,110.566,110.764,47597
2018-01-17 08:00:00+00:00,110.786,110.853,110.651,110.75,40361
2018-01-17 12:00:00+00:00,110.744,110.837,110.646,110.714,63166
2018-01-17 16:00:00+00:00,110.732,111.111,110.608,111.111,53103
2018-01-17 20:00:00+00:00,111.137,111.376,111.094,111.356,34512
2018-01-18 00:00:00+00:00,111.304,111.474,111.203,111.446,52753
2018-01-18 04:00:00+00:00,111.455,111.467,111.104,111.24,43569
2018-01-18 08:00:00+00:00,111.239,111.35,111.157,111.296,38391
2018-01-18 12:00:00+00:00,111.291,111.298,110.83,110.937,62877
2018-01-18 16:00:00+00:00,110.95,111.138,110.712,110.984,57618
2018-01-18 20:00:00+00:00,110.962,111.199,110.962,111.043,26405
2018-01-19 00:00:00+00:00,111.015,111.11,110.81,110.836,52731
2018-01-19 04:00:00+00:00,110.848,110.919,110.672,110.689,35500
2018-01-19 08:00:00+00:00,110.702,110.752,110.505,110.709,47134
2018-01-19 12:00:00+00:00,110.718,110.778,110.512,110.639,65062
2018-01-19 16:00:00+00:00,110.627,110.68,110.549,110.593,37780
2018-01-19 20:00:00+00:00,110.596,110.836,110.585,110.814,17782
2018-01-21 20:00:00+00:00,110.543,110.799,110.517,110.688,23079
2018-01-22 00:00:00+00:00,110.668,110.864,110.611,110.788,40704
2018-01-22 04:00:00+00:00,110.787,110.914,110.771,110.78,30270
2018-01-22 08:00:00+00:00,110.767,110.872,110.66,110.727,33950
2018-01-22 12:00:00+00:00,110.739,110.882,110.698,110.785,37595
2018-01-22 16:00:00+00:00,110.8,111.204,110.798,110.982,35788
2018-01-22 20:00:00+00:00,110.979,110.998,110.862,110.984,28200
2018-01-23 00:00:00+00:00,110.952,111.022,110.628,110.754,46828
2018-01-23 04:00:00+00:00,110.782,111.173,110.742,110.99,42815
2018-01-23 08:00:00+00:00,110.968,111.032,110.394,110.495,55260
2018-01-23 12:00:00+00:00,110.49,110.556,110.258,110.336,58210
2018-01-23 16:00:00+00:00,110.356,110.47,110.288,110.306,36967
2018-01-23 20:00:00+00:00,110.297,110.355,110.07,110.125,21679
2018-01-24 00:00:00+00:00,110.101,110.285,109.879,109.957,48554
2018-01-24 04:00:00+00:00,109.944,110.081,109.821,109.954,39046
2018-01-24 08:00:00+00:00,109.959,109.959,109.423,109.54,61242
2018-01-24 12:00:00+00:00,109.537,109.599,109.16,109.203,70902
2018-01-24 16:00:00+00:00,109.207,109.271,108.981,109.051,70742
2018-01-24 20:00:00+00:00,109.048,109.334,109.042,109.321,29744
2018-01-25 00:00:00+00:00,109.302,109.463,108.94,109.023,63099
2018-01-25 04:00:00+00:00,109.04,109.172,108.743,109.023,72928
2018-01-25 08:00:00+00:00,109.068,109.248,108.948,109.018,56911
2018-01-25 12:00:00+00:00,109.018,109.128,108.616,108.695,110527
2018-01-25 16:00:00+00:00,108.667,109.691,108.503,109.412,108052
2018-01-25 20:00:00+00:00,109.43,109.712,109.194,109.671,53829
2018-01-26 00:00:00+00:00,109.616,109.763,109.336,109.378,66800
2018-01-26 04:00:00+00:00,109.37,109.498,108.939,109.035,50517
2018-01-26 08:00:00+00:00,109.028,109.383,108.926,109.383,58860
2018-01-26 12:00:00+00:00,109.314,109.582,108.559,108.596,110544
2018-01-26 16:00:00+00:00,108.598,109.026,108.292,108.678,76422
2018-01-26 20:00:00+00:00,108.654,108.767,108.589,108.589,13293
2018-01-28 20:00:00+00:00,108.685,108.77,108.607,108.607,24753
2018-01-29 00:00:00+00:00,108.645,108.975,108.518,108.709,63757
2018-01-29 04:00:00+00:00,108.703,109.046,108.673,108.939,46430
2018-01-29 08:00:00+00:00,108.916,108.989,108.638,108.702,56453
2018-01-29 12:00:00+00:00,108.681,109.052,108.626,109.02,57259
2018-01-29 16:00:00+00:00,109.021,109.192,108.908,108.948,53172
2018-01-29 20:00:00+00:00,108.945,109.011,108.898,108.945,22300
2018-01-30 00:00:00+00:00,108.939,109.179,108.784,108.798,56547
2018-01-30 04:00:00+00:00,108.808,108.837,108.611,108.753,52922
2018-01-30 08:00:00+00:00,108.728,108.776,108.537,108.609,63089
2018-01-30 12:00:00+00:00,108.598,108.819,108.425,108.819,80115
2018-01-30 16:00:00+00:00,108.824,108.926,108.734,108.77,64888
2018-01-30 20:00:00+00:00,108.772,108.865,108.7,108.743,22780
2018-01-31 00:00:00+00:00,108.784,109.068,108.748,108.88,70545
2018-01-31 04:00:00+00:00,108.873,108.892,108.604,108.694,47019
2018-01-31 08:00:00+00:00,108.712,108.838,108.638,108.772,44455
2018-01-31 12:00:00+00:00,108.766,109.173,108.72,109.173,65106
2018-01-31 16:00:00+00:00,109.152,109.409,109.094,109.096,95413
2018-01-31 20:00:00+00:00,109.074,109.252,109.044,109.195,49028
2018-02-01 00:00:00+00:00,109.155,109.412,109.1,109.339,38602
2018-02-01 04:00:00+00:00,109.34,109.627,109.232,109.594,40257
2018-02-01 08:00:00+00:00,109.578,109.749,109.469,109.682,54390
2018-02-01 12:00:00+00:00,109.682,109.692,109.25,109.376,79490
2018-02-01 16:00:00+00:00,109.376,109.594,109.325,109.411,61553
2018-02-01 20:00:00+00:00,109.423,109.469,109.228,109.399,41939
2018-02-02 00:00:00+00:00,109.389,109.696,109.281,109.526,63629
2018-02-02 04:00:00+00:00,109.538,109.823,109.538,109.775,42620
2018-02-02 08:00:00+00:00,109.755,109.916,109.708,109.869,57325
2018-02-02 12:00:00+00:00,109.867,110.456,109.834,110.386,111162
2018-02-02 16:00:00+00:00,110.38,110.422,110.024,110.262,83569
2018-02-02 20:00:00+00:00,110.253,110.275,110.085,110.152,27202
2018-02-04 20:00:00+00:00,110.2,110.28,110.034,110.034,24793
2018-02-05 00:00:00+00:00,110.052,110.156,109.824,109.958,61841
2018-02-05 04:00:00+00:00,109.96,110.075,109.912,109.914,43984
2018-02-05 08:00:00+00:00,109.833,109.895,109.656,109.757,52119
2018-02-05 12:00:00+00:00,109.738,110.248,109.683,110.094,82426
2018-02-05 16:00:00+00:00,110.12,110.134,109.697,109.697,82148
2018-02-05 20:00:00+00:00,109.686,109.708,109.026,109.053,151338
2018-02-06 00:00:00+00:00,109.069,109.284,108.582,108.612,151774
2018-02-06 04:00:00+00:00,108.615,109.165,108.464,109.023,124804
2018-02-06 08:00:00+00:00,108.971,109.315,108.904,108.992,111393
2018-02-06 12:00:00+00:00,108.996,109.637,108.95,109.298,186160
2018-02-06 16:00:00+00:00,109.272,109.429,109.09,109.327,109747
2018-02-06 20:00:00+00:00,109.349,109.701,109.349,109.628,52542
2018-02-07 00:00:00+00:00,109.637,109.651,109.266,109.346,66671
2018-02-07 04:00:00+00:00,109.347,109.347,109.008,109.04,54036
2018-02-07 08:00:00+00:00,108.977,109.228,108.928,109.187,62806
2018-02-07 12:00:00+00:00,109.184,109.362,109.131,109.258,91641
2018-02-07 16:00:00+00:00,109.262,109.669,109.256,109.4,97438
2018-02-07 20:00:00+00:00,109.474,109.696,109.154,109.154,52023
2018-02-08 00:00:00+00:00,109.135,109.391,109.135,109.348,65986
2018-02-08 04:00:00+00:00,109.351,109.777,109.35,109.539,67955
2018-02-08 08:00:00+00:00,109.523,109.744,109.486,109.678,68516
2018-02-08 12:00:00+00:00,109.66,109.762,109.233,109.244,118261
2018-02-08 16:00:00+00:00,109.228,109.286,108.599,108.854,177923
2018-02-08 20:00:00+00:00,108.85,108.954,108.511,108.558,66387
2018-02-09 00:00:00+00:00,108.605,109.074,108.586,109.002,103078
2018-02-09 04:00:00+00:00,108.97,109.185,108.861,109.15,68750
2018-02-09 08:00:00+00:00,109.175,109.285,108.938,109.049,73464
2018-02-09 12:00:00+00:00,109.072,109.158,108.567,108.675,160088
2018-02-09 16:00:00+00:00,108.685,108.744,108.048,108.578,202478
2018-02-09 20:00:00+00:00,108.528,108.849,108.437,108.77,51817
2018-02-11 20:00:00+00:00,108.858,108.881,108.717,108.805,16473
2018-02-12 00:00:00+00:00,108.774,108.786,108.567,108.724,55539
2018-02-12 04:00:00+00:00,108.715,108.72,108.581,108.601,41954
2018-02-12 08:00:00+00:00,108.539,108.746,108.531,108.649,63210
2018-02-12 12:00:00+00:00,108.642,108.719,108.456,108.544,94171
2018-02-12 16:00:00+00:00,108.536,108.801,108.518,108.675,67509
2018-02-12 20:00:00+00:00,108.682,108.775,108.579,108.72,36664
2018-02-13 00:00:00+00:00,108.687,108.767,108.579,108.579,52454
2018-02-13 04:00:00+00:00,108.589,108.601,107.703,107.756,79100
2018-02-13 08:00:00+00:00,107.698,107.781,107.443,107.644,65519
2018-02-13 12:00:00+00:00,107.642,107.746,107.442,107.463,84892
2018-02-13 16:00:00+00:00,107.46,107.749,107.433,107.701,57482
2018-02-13 20:00:00+00:00,107.695,107.845,107.656,107.766,26934
2018-02-14 00:00:00+00:00,107.774,107.892,106.864,106.869,75206
2018-02-14 04:00:00+00:00,106.877,107.501,106.845,107.401,63555
2018-02-14 08:00:00+00:00,107.405,107.503,107.288,107.386,44306
2018-02-14 12:00:00+00:00,107.371,107.5,106.755,106.833,150298
2018-02-14 16:00:00+00:00,106.806,107.14,106.806,107.082,89750
2018-02-14 20:00:00+00:00,107.092,107.146,106.457,106.551,48914
2018-02-15 00:00:00+00:00,106.604,106.89,106.391,106.575,84843
2018-02-15 04:00:00+00:00,106.501,106.615,106.186,106.361,71336
2018-02-15 08:00:00+00:00,106.344,106.731,106.27,106.698,61341
2018-02-15 12:00:00+00:00,106.688,106.792,106.207,106.265,88657
2018-02-15 16:00:00+00:00,106.246,106.829,106.224,106.263,72917
2018-02-15 20:00:00+00:00,106.249,106.264,106.035,106.106,37393
2018-02-16 00:00:00+00:00,106.065,106.337,106.031,106.086,62576
2018-02-16 04:00:00+00:00,106.093,106.093,105.593,106.019,70666
2018-02-16 08:00:00+00:00,105.943,106.181,105.766,106.175,53037
2018-02-16 12:00:00+00:00,106.175,106.366,105.939,106.028,74863
2018-02-16 16:00:00+00:00,106.046,106.384,105.984,106.315,63867
2018-02-16 20:00:00+00:00,106.318,106.386,106.216,106.272,13538
2018-02-18 20:00:00+00:00,106.304,106.366,106.145,106.267,21872
2018-02-19 00:00:00+00:00,106.279,106.351,106.101,106.319,58215
2018-02-19 04:00:00+00:00,106.324,106.635,106.293,106.563,48980
2018-02-19 08:00:00+00:00,106.558,106.645,106.474,106.491,28621
2018-02-19 12:00:00+00:00,106.474,106.716,106.454,106.513,29932
2018-02-19 16:00:00+00:00,106.513,106.606,106.505,106.552,20611
2018-02-19 20:00:00+00:00,106.552,106.737,106.542,106.717,8602
2018-02-20 00:00:00+00:00,106.727,106.847,106.652,106.79,48272
2018-02-20 04:00:00+00:00,106.791,107.004,106.743,106.97,37304
2018-02-20 08:00:00+00:00,106.984,107.202,106.984,107.056,46675
2018-02-20 12:00:00+00:00,107.051,107.345,107.036,107.113,60506
2018-02-20 16:00:00+00:00,107.092,107.352,107.092,107.28,46841
2018-02-20 20:00:00+00:00,107.29,107.393,107.222,107.393,19762
2018-02-21 00:00:00+00:00,107.372,107.895,107.305,107.787,52233
2018-02-21 04:00:00+00:00,107.802,107.865,107.648,107.772,43383
2018-02-21 08:00:00+00:00,107.766,107.78,107.361,107.505,42872
2018-02-21 12:00:00+00:00,107.524,107.688,107.339,107.614,64280
2018-02-21 16:00:00+00:00,107.596,107.762,107.369,107.762,78313
2018-02-21 20:00:00+00:00,107.797,107.872,107.533,107.58,42804
2018-02-22 00:00:00+00:00,107.635,107.754,107.177,107.32,62067
2018-02-22 04:00:00+00:00,107.334,107.602,107.286,107.473,35386
2018-02-22 08:00:00+00:00,107.467,107.472,107.224,107.27,43063
2018-02-22 12:00:00+00:00,107.242,107.359,106.663,106.893,78615
2018-02-22 16:00:00+00:00,106.879,107.065,106.628,106.628,55966
2018-02-22 20:00:00+00:00,106.659,106.84,106.606,106.84,26276
2018-02-23 00:00:00+00:00,106.846,106.976,106.744,106.893,41349
2018-02-23 04:00:00+00:00,106.896,107.12,106.887,107.018,34777
2018-02-23 08:00:00+00:00,107.005,107.005,106.794,106.806,42913
2018-02-23 12:00:00+00:00,106.809,106.892,106.535,106.603,51599
2018-02-23 16:00:00+00:00,106.634,106.74,106.555,106.74,31184
2018-02-23 20:00:00+00:00,106.732,106.93,106.686,106.858,14808
2018-02-25 20:00:00+00:00,107.106,107.135,106.926,107.078,21981
2018-02-26 00:00:00+00:00,107.056,107.073,106.457,106.577,66436
2018-02-26 04:00:00+00:00,106.577,106.692,106.381,106.546,44614
2018-02-26 08:00:00+00:00,106.59,106.766,106.555,106.763,38200
2018-02-26 12:00:00+00:00,106.786,107.032,106.722,106.932,51609
2018-02-26 16:00:00+00:00,106.923,107.06,106.82,106.913,34076
2018-02-26 20:00:00+00:00,106.925,107.084,106.903,107.07,22760
2018-02-27 00:00:00+00:00,107.091,107.091,106.79,106.968,40653
2018-02-27 04:00:00+00:00,106.96,107.021,106.808,107.019,30679
2018-02-27 08:00:00+00:00,107.021,107.099,106.938,106.961,35242
2018-02-27 12:00:00+00:00,106.972,107.675,106.942,107.563,89497
2018-02-27 16:00:00+00:00,107.546,107.579,107.282,107.421,59400
2018-02-27 20:00:00+00:00,107.4,107.436,107.315,107.428,29833
2018-02-28 00:00:00+00:00,107.453,107.522,107.093,107.216,53237
2018-02-28 04:00:00+00:00,107.212,107.259,107.003,107.07,37373
2018-02-28 08:00:00+00:00,107.064,107.229,107.041,107.109,42243
2018-02-28 12:00:00+00:00,107.124,107.154,106.674,106.717,64345
2018-02-28 16:00:00+00:00,106.712,106.788,106.575,106.654,49035
2018-02-28 20:00:00+00:00,106.722,106.74,106.591,106.636,31508
2018-03-01 00:00:00+00:00,106.634,106.765,106.565,106.731,37866
2018-03-01 04:00:00+00:00,106.699,106.864,106.699,106.8,27386
2018-03-01 08:00:00+00:00,106.786,106.883,106.665,106.677,29415
2018-03-01 12:00:00+00:00,106.676,107.188,106.676,107.069,67897
2018-03-01 16:00:00+00:00,107.054,107.08,106.21,106.249,111182
2018-03-01 20:00:00+00:00,106.225,106.354,106.084,106.172,46541
2018-03-02 00:00:00+00:00,106.186,106.287,105.961,106.024,41169
2018-03-02 04:00:00+00:00,106.025,106.146,105.716,105.738,44322
2018-03-02 08:00:00+00:00,105.766,105.837,105.292,105.428,55371
2018-03-02 12:00:00+00:00,105.408,105.556,105.258,105.469,87410
2018-03-02 16:00:00+00:00,105.463,105.671,105.413,105.542,63993
2018-03-02 20:00:00+00:00,105.529,105.735,105.523,105.712,18256
2018-03-04 20:00:00+00:00,105.5,105.675,105.485,105.563,20722
2018-03-05 00:00:00+00:00,105.564,105.667,105.432,105.55,50927
2018-03-05 04:00:00+00:00,105.542,105.609,105.357,105.392,43481
2018-03-05 08:00:00+00:00,105.396,105.672,105.396,105.667,43705
2018-03-05 12:00:00+00:00,105.666,105.912,105.604,105.837,60836
2018-03-05 16:00:00+00:00,105.812,106.235,105.812,106.204,50478
2018-03-05 20:00:00+00:00,106.196,106.276,106.153,106.256,19622
2018-03-06 00:00:00+00:00,106.268,106.444,106.26,106.362,37304
2018-03-06 04:00:00+00:00,106.35,106.368,106.076,106.149,29822
2018-03-06 08:00:00+00:00,106.148,106.406,105.859,106.352,50708
2018-03-06 12:00:00+00:00,106.351,106.423,105.966,106.028,67353
2018-03-06 16:00:00+00:00,105.996,106.254,105.915,106.221,50386
2018-03-06 20:00:00+00:00,106.22,106.237,105.46,105.58,41819
2018-03-07 00:00:00+00:00,105.654,105.864,105.543,105.689,60291
2018-03-07 04:00:00+00:00,105.697,105.742,105.529,105.716,37288
2018-03-07 08:00:00+00:00,105.706,105.798,105.51,105.689,42105
2018-03-07 12:00:00+00:00,105.723,106.026,105.721,105.99,72308
2018-03-07 16:00:00+00:00,106.007,106.202,105.826,106.062,55493
2018-03-07 20:00:00+00:00,106.087,106.203,106.012,106.182,22132
2018-03-08 00:00:00+00:00,106.173,106.199,106.057,106.088,35138
2018-03-08 04:00:00+00:00,106.064,106.091,105.903,105.947,26494
2018-03-08 08:00:00+00:00,105.933,106.148,105.929,106.109,30440
2018-03-08 12:00:00+00:00,106.113,106.26,106.02,106.083,81111
2018-03-08 16:00:00+00:00,106.058,106.249,106.058,106.235,38482
2018-03-08 20:00:00+00:00,106.236,106.432,106.139,106.42,33465
2018-03-09 00:00:00+00:00,106.393,106.926,106.36,106.714,47945
2018-03-09 04:00:00+00:00,106.738,106.746,106.588,106.683,31081
2018-03-09 08:00:00+00:00,106.725,106.81,106.696,106.805,27929
2018-03-09 12:00:00+00:00,106.803,107.024,106.803,106.949,87766
2018-03-09 16:00:00+00:00,106.958,106.989,106.728,106.768,35104
2018-03-09 20:00:00+00:00,106.782,106.855,106.757,106.814,13086
2018-03-11 20:00:00+00:00,106.635,106.959,106.635,106.902,9297
2018-03-12 00:00:00+00:00,106.936,106.963,106.521,106.624,36850
2018-03-12 04:00:00+00:00,106.62,106.73,106.372,106.578,31254
2018-03-12 08:00:00+00:00,106.561,106.621,106.462,106.621,27628
2018-03-12 12:00:00+00:00,106.61,106.646,106.425,106.519,43373
2018-03-12 16:00:00+00:00,106.527,106.579,106.331,106.357,24832
2018-03-12 20:00:00+00:00,106.384,106.463,106.273,106.294,28960
2018-03-13 00:00:00+00:00,106.313,106.568,106.256,106.552,37533
2018-03-13 04:00:00+00:00,106.556,106.977,106.556,106.97,41507
2018-03-13 08:00:00+00:00,106.972,107.277,106.891,107.189,44658
2018-03-13 12:00:00+00:00,107.209,107.22,106.624,106.63,124489
2018-03-13 16:00:00+00:00,106.631,106.696,106.464,106.537,57868
2018-03-13 20:00:00+00:00,106.537,106.597,106.401,106.528,30280
2018-03-14 00:00:00+00:00,106.554,106.742,106.402,106.456,43259
2018-03-14 04:00:00+00:00,106.443,106.597,106.391,106.597,32580
2018-03-14 08:00:00+00:00,106.604,106.716,106.41,106.448,44060
2018-03-14 12:00:00+00:00,106.441,106.585,106.083,106.165,83691
2018-03-14 16:00:00+00:00,106.208,106.382,106.079,106.258,63803
2018-03-14 20:00:00+00:00,106.255,106.355,106.128,106.163,25069
2018-03-15 00:00:00+00:00,106.142,106.158,105.836,106.027,58715
2018-03-15 04:00:00+00:00,106.021,106.135,105.795,106.082,34535
2018-03-15 08:00:00+00:00,106.082,106.165,105.851,105.986,46315
2018-03-15 12:00:00+00:00,105.945,106.163,105.869,106.066,74120
2018-03-15 16:00:00+00:00,106.056,106.297,105.939,106.267,48812
2018-03-15 20:00:00+00:00,106.284,106.414,106.253,106.309,43946
2018-03-16 00:00:00+00:00,106.296,106.296,105.855,105.896,58465
2018-03-16 04:00:00+00:00,105.884,105.986,105.652,105.657,36035
2018-03-16 08:00:00+00:00,105.676,105.81,105.612,105.625,36281
2018-03-16 12:00:00+00:00,105.628,106.232,105.628,106.086,70020
2018-03-16 16:00:00+00:00,106.093,106.172,106.038,106.041,29992
2018-03-16 20:00:00+00:00,106.082,106.082,105.953,105.953,6442
2018-03-18 20:00:00+00:00,105.915,106.053,105.911,105.96,12965
2018-03-19 00:00:00+00:00,105.971,106.142,105.756,105.815,53970
2018-03-19 04:00:00+00:00,105.806,105.91,105.677,105.902,37635
2018-03-19 08:00:00+00:00,105.903,106.208,105.82,106.194,52447
2018-03-19 12:00:00+00:00,106.185,106.302,105.826,105.834,74299
2018-03-19 16:00:00+00:00,105.797,106.141,105.793,106.117,67292
2018-03-19 20:00:00+00:00,106.116,106.153,105.938,106.016,41711
2018-03-20 00:00:00+00:00,106.046,106.293,105.996,106.258,51749
2018-03-20 04:00:00+00:00,106.247,106.577,106.203,106.446,42476
2018-03-20 08:00:00+00:00,106.463,106.53,106.147,106.515,58655
2018-03-20 12:00:00+00:00,106.512,106.597,106.343,106.42,72927
2018-03-20 16:00:00+00:00,106.393,106.522,106.342,106.515,40476
2018-03-20 20:00:00+00:00,106.524,106.548,106.476,106.48,20103
2018-03-21 00:00:00+00:00,106.49,106.518,106.449,106.477,18071
2018-03-21 04:00:00+00:00,106.477,106.479,106.317,106.322,18779
2018-03-21 08:00:00+00:00,106.302,106.374,106.16,106.259,42553
2018-03-21 12:00:00+00:00,106.26,106.349,106.147,106.298,55931
2018-03-21 16:00:00+00:00,106.312,106.628,105.893,105.912,146726
2018-03-21 20:00:00+00:00,105.93,106.088,105.893,105.942,37998
2018-03-22 00:00:00+00:00,105.942,105.957,105.588,105.677,64017
2018-03-22 04:00:00+00:00,105.685,105.962,105.672,105.692,40214
2018-03-22 08:00:00+00:00,105.668,105.79,105.552,105.636,60455
2018-03-22 12:00:00+00:00,105.626,105.663,105.284,105.335,126980
2018-03-22 16:00:00+00:00,105.32,105.79,105.32,105.384,124806
2018-03-22 20:00:00+00:00,105.392,105.412,104.681,104.96,78420
2018-03-23 00:00:00+00:00,104.978,105.091,104.766,104.766,91091
2018-03-23 04:00:00+00:00,104.77,105.029,104.678,105.029,56743
2018-03-23 08:00:00+00:00,105.006,105.098,104.83,105.061,70729
2018-03-23 12:00:00+00:00,105.094,105.275,104.838,104.838,120620
2018-03-23 16:00:00+00:00,104.868,105.058,104.676,104.81,106109
2018-03-23 20:00:00+00:00,104.827,104.873,104.711,104.712,10571
2018-03-25 20:00:00+00:00,104.642,104.861,104.642,104.837,16082
2018-03-26 00:00:00+00:00,104.848,105.042,104.742,104.954,58084
2018-03-26 04:00:00+00:00,104.926,105.141,104.857,105.069,49267
2018-03-26 08:00:00+00:00,105.113,105.144,104.932,105.13,45359
2018-03-26 12:00:00+00:00,105.139,105.256,104.918,105.001,85814
2018-03-26 16:00:00+00:00,104.991,105.482,104.97,105.426,54825
2018-03-26 20:00:00+00:00,105.388,105.547,105.381,105.547,28425
2018-03-27 00:00:00+00:00,105.546,105.738,105.458,105.633,46648
2018-03-27 04:00:00+00:00,105.627,105.681,105.485,105.492,38478
2018-03-27 08:00:00+00:00,105.475,105.781,105.475,105.769,38371
2018-03-27 12:00:00+00:00,105.76,105.898,105.582,105.734,82928
2018-03-27 16:00:00+00:00,105.71,105.77,105.348,105.424,98355
2018-03-27 20:00:00+00:00,105.418,105.5,105.326,105.48,40080
2018-03-28 00:00:00+00:00,105.529,105.66,105.427,105.528,54465
2018-03-28 04:00:00+00:00,105.533,105.724,105.439,105.465,55699
2018-03-28 08:00:00+00:00,105.485,106.014,105.465,106.014,59012
2018-03-28 12:00:00+00:00,106.025,106.298,106.025,106.297,133327
2018-03-28 16:00:00+00:00,106.319,107.002,106.31,106.97,97035
2018-03-28 20:00:00+00:00,106.968,106.969,106.767,106.806,32081
2018-03-29 00:00:00+00:00,106.797,106.925,106.536,106.579,59361
2018-03-29 04:00:00+00:00,106.579,106.688,106.411,106.57,49856
2018-03-29 08:00:00+00:00,106.564,106.677,106.465,106.514,37386
2018-03-29 12:00:00+00:00,106.507,106.561,106.27,106.346,76213
2018-03-29 16:00:00+00:00,106.336,106.57,106.273,106.407,47249
2018-03-29 20:00:00+00:00,106.413,106.53,106.399,106.487,36857
2018-03-30 00:00:00+00:00,106.473,106.505,106.143,106.328,55909
2018-03-30 04:00:00+00:00,106.342,106.355,106.138,106.185,34919
2018-03-30 08:00:00+00:00,106.187,106.227,106.124,106.196,16112
2018-03-30 12:00:00+00:00,106.197,106.232,106.168,106.216,25043
2018-03-30 16:00:00+00:00,106.219,106.258,106.195,106.258,7763
2018-03-30 20:00:00+00:00,106.262,106.278,106.248,106.26,4894
2018-04-01 20:00:00+00:00,106.237,106.401,106.207,106.32,19444
2018-04-02 00:00:00+00:00,106.311,106.379,106.197,106.359,41148
2018-04-02 04:00:00+00:00,106.354,106.377,106.285,106.291,20868
2018-04-02 08:00:00+00:00,106.291,106.318,106.265,106.28,12516
2018-04-02 12:00:00+00:00,106.28,106.448,105.96,105.996,79051
2018-04-02 16:00:00+00:00,106.0,106.111,105.668,105.898,84653
2018-04-02 20:00:00+00:00,105.906,105.948,105.744,105.798,29487
2018-04-03 00:00:00+00:00,105.81,105.969,105.709,105.947,44886
2018-04-03 04:00:00+00:00,105.948,106.08,105.777,106.044,49423
2018-04-03 08:00:00+00:00,106.062,106.268,106.062,106.249,45182
2018-04-03 12:00:00+00:00,106.261,106.59,106.203,106.44,86936
2018-04-03 16:00:00+00:00,106.467,106.652,106.397,106.65,77398
2018-04-03 20:00:00+00:00,106.616,106.655,106.435,106.443,29434
2018-04-04 00:00:00+00:00,106.434,106.584,106.412,106.509,55116
2018-04-04 04:00:00+00:00,106.507,106.669,106.205,106.205,55228
2018-04-04 08:00:00+00:00,106.169,106.241,106.01,106.176,93559
2018-04-04 12:00:00+00:00,106.183,106.616,106.125,106.559,121486
2018-04-04 16:00:00+00:00,106.557,106.813,106.514,106.798,80987
2018-04-04 20:00:00+00:00,106.813,106.84,106.73,106.786,30096
2018-04-05 00:00:00+00:00,106.797,106.984,106.723,106.92,62657
2018-04-05 04:00:00+00:00,106.93,107.147,106.847,107.058,56452
2018-04-05 08:00:00+00:00,107.074,107.138,106.968,107.042,53977
2018-04-05 12:00:00+00:00,107.042,107.481,107.008,107.481,91228
2018-04-05 16:00:00+00:00,107.477,107.486,107.342,107.467,63952
2018-04-05 20:00:00+00:00,107.476,107.477,107.028,107.107,53701
2018-04-06 00:00:00+00:00,107.105,107.278,107.024,107.233,80468
2018-04-06 04:00:00+00:00,107.24,107.457,107.228,107.402,64299
2018-04-06 08:00:00+00:00,107.419,107.441,107.309,107.309,47332
2018-04-06 12:00:00+00:00,107.306,107.396,106.963,107.045,155202
2018-04-06 16:00:00+00:00,107.035,107.151,106.792,106.871,115245
2018-04-06 20:00:00+00:00,106.867,106.979,106.857,106.915,7220
2018-04-08 20:00:00+00:00,106.944,107.033,106.812,106.958,27005
2018-04-09 00:00:00+00:00,106.949,107.055,106.844,107.037,58465
2018-04-09 04:00:00+00:00,107.047,107.135,106.955,107.088,57653
2018-04-09 08:00:00+00:00,107.104,107.198,107.047,107.07,50297
2018-04-09 12:00:00+00:00,107.076,107.103,106.909,107.069,77655
2018-04-09 16:00:00+00:00,107.054,107.116,106.624,106.672,67872
2018-04-09 20:00:00+00:00,106.66,106.784,106.652,106.754,27457
2018-04-10 00:00:00+00:00,106.712,107.238,106.628,107.089,79811
2018-04-10 04:00:00+00:00,107.102,107.23,106.848,106.902,57995
2018-04-10 08:00:00+00:00,106.9,107.087,106.9,107.058,58119
2018-04-10 12:00:00+00:00,107.053,107.397,106.949,107.3,93509
2018-04-10 16:00:00+00:00,107.286,107.36,107.129,107.155,96065
2018-04-10 20:00:00+00:00,107.142,107.242,107.107,107.131,31038
2018-04-11 00:00:00+00:00,107.124,107.147,106.999,107.061,56892
2018-04-11 04:00:00+00:00,107.06,107.104,106.984,107.008,39360
2018-04-11 08:00:00+00:00,106.983,107.024,106.75,106.851,57253
2018-04-11 12:00:00+00:00,106.821,106.953,106.651,106.776,95560
2018-04-11 16:00:00+00:00,106.794,107.054,106.792,106.856,97862
2018-04-11 20:00:00+00:00,106.862,106.867,106.781,106.828,31747
2018-04-12 00:00:00+00:00,106.815,106.927,106.703,106.866,52632
2018-04-12 04:00:00+00:00,106.872,106.97,106.838,106.9,46514
2018-04-12 08:00:00+00:00,106.9,107.195,106.823,107.177,65589
2018-04-12 12:00:00+00:00,107.157,107.421,107.115,107.315,90616
2018-04-12 16:00:00+00:00,107.333,107.338,107.111,107.227,80291
2018-04-12 20:00:00+00:00,107.238,107.351,107.209,107.253,36998
2018-04-13 00:00:00+00:00,107.272,107.478,107.26,107.357,49772
2018-04-13 04:00:00+00:00,107.352,107.671,107.335,107.642,57952
2018-04-13 08:00:00+00:00,107.641,107.731,107.537,107.695,53760
2018-04-13 12:00:00+00:00,107.689,107.774,107.447,107.535,82857
2018-04-13 16:00:00+00:00,107.534,107.538,107.271,107.371,80328
2018-04-13 20:00:00+00:00,107.371,107.375,107.334,107.338,6140
2018-04-15 20:00:00+00:00,107.462,107.582,107.462,107.523,14925
2018-04-16 00:00:00+00:00,107.494,107.504,107.18,107.25,54830
2018-04-16 04:00:00+00:00,107.24,107.3,107.137,107.209,53232
2018-04-16 08:00:00+00:00,107.221,107.335,107.158,107.335,48524
2018-04-16 12:00:00+00:00,107.34,107.388,107.168,107.261,67944
2018-04-16 16:00:00+00:00,107.278,107.278,107.043,107.134,54380
2018-04-16 20:00:00+00:00,107.141,107.157,107.042,107.055,29704
2018-04-17 00:00:00+00:00,107.013,107.108,106.977,107.074,42497
2018-04-17 04:00:00+00:00,107.069,107.072,106.887,106.997,44503
2018-04-17 08:00:00+00:00,106.999,107.099,106.922,107.091,46406
2018-04-17 12:00:00+00:00,107.092,107.202,107.078,107.087,63967
2018-04-17 16:00:00+00:00,107.118,107.118,106.908,107.016,50079
2018-04-17 20:00:00+00:00,107.021,107.063,106.985,107.023,36387
2018-04-18 00:00:00+00:00,107.023,107.342,107.01,107.323,48677
2018-04-18 04:00:00+00:00,107.324,107.381,107.278,107.306,50312
2018-04-18 08:00:00+00:00,107.305,107.344,107.167,107.232,54567
2018-04-18 12:00:00+00:00,107.23,107.29,107.108,107.269,64376
2018-04-18 16:00:00+00:00,107.291,107.316,107.16,107.221,46037
2018-04-18 20:00:00+00:00,107.228,107.358,107.185,107.356,32163
2018-04-19 00:00:00+00:00,107.346,107.511,107.338,107.416,43811
2018-04-19 04:00:00+00:00,107.42,107.468,107.27,107.287,47359
2018-04-19 08:00:00+00:00,107.274,107.451,107.274,107.359,58613
2018-04-19 12:00:00+00:00,107.36,107.459,107.319,107.428,82223
2018-04-19 16:00:00+00:00,107.436,107.486,107.247,107.354,65259
2018-04-19 20:00:00+00:00,107.361,107.457,107.352,107.445,44159
2018-04-20 00:00:00+00:00,107.464,107.725,107.408,107.616,55754
2018-04-20 04:00:00+00:00,107.621,107.675,107.485,107.556,50426
2018-04-20 08:00:00+00:00,107.568,107.706,107.539,107.621,54947
2018-04-20 12:00:00+00:00,107.628,107.853,107.557,107.617,86785
2018-04-20 16:00:00+00:00,107.593,107.647,107.509,107.647,56821
2018-04-20 20:00:00+00:00,107.648,107.662,107.586,107.616,7008
2018-04-22 20:00:00+00:00,107.766,107.886,107.684,107.881,29000
2018-04-23 00:00:00+00:00,107.858,107.878,107.737,107.808,50491
2018-04-23 04:00:00+00:00,107.817,107.934,107.784,107.915,48293
2018-04-23 08:00:00+00:00,107.903,108.275,107.864,108.17,60249
2018-04-23 12:00:00+00:00,108.184,108.633,108.141,108.627,78903
2018-04-23 16:00:00+00:00,108.611,108.75,108.554,108.727,56548
2018-04-23 20:00:00+00:00,108.725,108.786,108.674,108.774,31960
2018-04-24 00:00:00+00:00,108.758,108.867,108.698,108.771,55128
2018-04-24 04:00:00+00:00,108.784,108.909,108.757,108.887,47799
2018-04-24 08:00:00+00:00,108.894,108.895,108.777,108.797,54583
2018-04-24 12:00:00+00:00,108.799,109.196,108.799,109.033,100153
2018-04-24 16:00:00+00:00,109.058,109.067,108.56,108.748,95800
2018-04-24 20:00:00+00:00,108.76,108.875,108.76,108.804,37468
2018-04-25 00:00:00+00:00,108.801,109.053,108.794,109.017,59261
2018-04-25 04:00:00+00:00,109.032,109.251,108.976,109.251,62970
2018-04-25 08:00:00+00:00,109.242,109.267,109.002,109.223,70280
2018-04-25 12:00:00+00:00,109.229,109.38,109.066,109.337,111422
2018-04-25 16:00:00+00:00,109.343,109.372,109.239,109.365,63673
2018-04-25 20:00:00+00:00,109.37,109.459,109.349,109.375,37235
2018-04-26 00:00:00+00:00,109.381,109.447,109.279,109.293,53791
2018-04-26 04:00:00+00:00,109.298,109.387,109.255,109.326,51885
2018-04-26 08:00:00+00:00,109.324,109.382,109.108,109.181,59138
2018-04-26 12:00:00+00:00,109.171,109.397,109.07,109.296,113199
2018-04-26 16:00:00+00:00,109.314,109.414,109.196,109.358,53542
2018-04-26 20:00:00+00:00,109.363,109.376,109.275,109.303,31813
2018-04-27 00:00:00+00:00,109.309,109.337,109.152,109.176,51533
2018-04-27 04:00:00+00:00,109.182,109.464,109.158,109.393,56261
2018-04-27 08:00:00+00:00,109.39,109.395,109.257,109.321,58316
2018-04-27 12:00:00+00:00,109.322,109.526,108.99,109.118,106821
2018-04-27 16:00:00+00:00,109.118,109.146,109.011,109.058,47131
2018-04-27 20:00:00+00:00,109.078,109.136,109.022,109.022,6316
2018-04-29 20:00:00+00:00,109.055,109.179,109.029,109.097,15913
2018-04-30 00:00:00+00:00,109.102,109.145,109.028,109.136,31034
2018-04-30 04:00:00+00:00,109.132,109.258,109.127,109.248,41385
2018-04-30 08:00:00+00:00,109.251,109.4,109.236,109.369,50389
2018-04-30 12:00:00+00:00,109.37,109.436,109.264,109.288,78397
2018-04-30 16:00:00+00:00,109.28,109.364,109.094,109.318,62567
2018-04-30 20:00:00+00:00,109.308,109.332,109.245,109.312,42768
2018-05-01 00:00:00+00:00,109.32,109.387,109.26,109.36,33387
2018-05-01 04:00:00+00:00,109.361,109.478,109.349,109.475,36310
2018-05-01 08:00:00+00:00,109.471,109.698,109.46,109.634,54655
2018-05-01 12:00:00+00:00,109.641,109.787,109.576,109.688,85114
2018-05-01 16:00:00+00:00,109.692,109.882,109.525,109.882,61914
2018-05-01 20:00:00+00:00,109.879,109.914,109.804,109.871,32939
2018-05-02 00:00:00+00:00,109.845,109.866,109.652,109.697,52741
2018-05-02 04:00:00+00:00,109.696,109.877,109.696,109.789,52756
2018-05-02 08:00:00+00:00,109.772,109.851,109.756,109.813,52727
2018-05-02 12:00:00+00:00,109.811,109.989,109.754,109.903,83791
2018-05-02 16:00:00+00:00,109.856,109.948,109.618,109.921,98522
2018-05-02 20:00:00+00:00,109.923,109.963,109.788,109.842,34822
2018-05-03 00:00:00+00:00,109.833,109.855,109.582,109.675,42989
2018-05-03 04:00:00+00:00,109.669,109.731,109.564,109.645,48142
2018-05-03 08:00:00+00:00,109.655,109.692,109.219,109.222,73684
2018-05-03 12:00:00+00:00,109.224,109.37,108.935,109.051,118337
2018-05-03 16:00:00+00:00,109.078,109.238,109.077,109.208,84332
2018-05-03 20:00:00+00:00,109.201,109.218,109.102,109.106,28251
2018-05-04 00:00:00+00:00,109.123,109.228,108.946,108.996,36142
2018-05-04 04:00:00+00:00,109.002,109.154,109.001,109.077,44470
2018-05-04 08:00:00+00:00,109.069,109.12,108.89,108.919,49557
2018-05-04 12:00:00+00:00,108.908,109.269,108.669,109.168,122188
2018-05-04 16:00:00+00:00,109.16,109.196,108.972,109.095,47865
2018-05-04 20:00:00+00:00,109.09,109.106,109.034,109.056,7484
2018-05-06 20:00:00+00:00,109.109,109.189,109.044,109.142,17154
2018-05-07 00:00:00+00:00,109.138,109.138,108.761,108.985,56117
2018-05-07 04:00:00+00:00,108.992,109.324,108.992,109.19,45555
2018-05-07 08:00:00+00:00,109.189,109.379,109.189,109.379,44390
2018-05-07 12:00:00+00:00,109.38,109.394,109.15,109.15,65371
2018-05-07 16:00:00+00:00,109.149,109.156,109.003,109.043,45982
2018-05-07 20:00:00+00:00,109.051,109.137,108.932,108.945,28842
2018-05-08 00:00:00+00:00,108.926,109.043,108.859,109.014,49069
2018-05-08 04:00:00+00:00,109.038,109.111,108.892,108.931,53422
2018-05-08 08:00:00+00:00,108.939,109.079,108.894,109.005,58955
2018-05-08 12:00:00+00:00,109.006,109.341,108.992,109.166,76652
2018-05-08 16:00:00+00:00,109.147,109.177,108.865,109.126,88789
2018-05-08 20:00:00+00:00,109.113,109.145,109.004,109.035,31793
2018-05-09 00:00:00+00:00,109.042,109.614,109.011,109.524,72534
2018-05-09 04:00:00+00:00,109.524,109.79,109.445,109.713,62852
2018-05-09 08:00:00+00:00,109.713,109.792,109.623,109.723,65465
2018-05-09 12:00:00+00:00,109.697,109.83,109.614,109.686,80091
2018-05-09 16:00:00+00:00,109.661,109.786,109.61,109.75,46157
2018-05-09 20:00:00+00:00,109.744,109.868,109.691,109.842,29414
2018-05-10 00:00:00+00:00,109.815,109.915,109.635,109.736,57006
2018-05-10 04:00:00+00:00,109.741,109.988,109.665,109.935,56149
2018-05-10 08:00:00+00:00,109.927,109.927,109.58,109.663,65938
2018-05-10 12:00:00+00:00,109.646,109.651,109.324,109.53,116221
2018-05-10 16:00:00+00:00,109.558,109.559,109.325,109.4,58529
2018-05-10 20:00:00+00:00,109.389,109.458,109.352,109.456,30601
2018-05-11 00:00:00+00:00,109.469,109.558,109.238,109.475,54914
2018-05-11 04:00:00+00:00,109.474,109.519,109.288,109.335,54149
2018-05-11 08:00:00+00:00,109.331,109.383,109.258,109.279,47117
2018-05-11 12:00:00+00:00,109.271,109.428,109.168,109.265,71344
2018-05-11 16:00:00+00:00,109.27,109.344,109.219,109.304,38123
2018-05-11 20:00:00+00:00,109.311,109.364,109.296,109.358,5859
2018-05-13 20:00:00+00:00,109.346,109.403,109.276,109.315,19304
2018-05-14 00:00:00+00:00,109.325,109.356,109.216,109.338,50158
2018-05-14 04:00:00+00:00,109.337,109.558,109.318,109.511,66888
2018-05-14 08:00:00+00:00,109.512,109.595,109.475,109.503,48692
2018-05-14 12:00:00+00:00,109.476,109.636,109.468,109.527,59688
2018-05-14 16:00:00+00:00,109.538,109.66,109.427,109.648,44245
2018-05-14 20:00:00+00:00,109.647,109.745,109.629,109.732,22908
2018-05-15 00:00:00+00:00,109.74,109.782,109.667,109.731,42671
2018-05-15 04:00:00+00:00,109.735,109.985,109.725,109.883,62277
2018-05-15 08:00:00+00:00,109.888,110.138,109.822,110.103,55631
2018-05-15 12:00:00+00:00,110.097,110.373,110.015,110.254,107270
2018-05-15 16:00:00+00:00,110.258,110.45,110.229,110.38,67040
2018-05-15 20:00:00+00:00,110.389,110.393,110.203,110.293,43829
2018-05-16 00:00:00+00:00,110.29,110.376,110.206,110.279,56432
2018-05-16 04:00:00+00:00,110.282,110.31,110.084,110.183,56398
2018-05-16 08:00:00+00:00,110.178,110.265,110.094,110.171,78822
2018-05-16 12:00:00+00:00,110.187,110.344,110.05,110.229,90771
2018-05-16 16:00:00+00:00,110.235,110.349,110.086,110.348,44714
2018-05-16 20:00:00+00:00,110.35,110.399,110.275,110.369,34923
2018-05-17 00:00:00+00:00,110.383,110.395,110.089,110.215,53904
2018-05-17 04:00:00+00:00,110.217,110.613,110.191,110.553,71574
2018-05-17 08:00:00+00:00,110.55,110.736,110.55,110.643,63073
2018-05-17 12:00:00+00:00,110.651,110.85,110.651,110.766,78384
2018-05-17 16:00:00+00:00,110.757,110.805,110.63,110.774,47371
2018-05-17 20:00:00+00:00,110.768,110.859,110.726,110.848,38469
2018-05-18 00:00:00+00:00,110.844,110.987,110.822,110.954,42671
2018-05-18 04:00:00+00:00,110.951,110.96,110.807,110.898,46189
2018-05-18 08:00:00+00:00,110.903,111.072,110.891,110.944,57845
2018-05-18 12:00:00+00:00,110.944,110.998,110.658,110.712,92826
2018-05-18 16:00:00+00:00,110.712,110.726,110.618,110.726,37774
2018-05-18 20:00:00+00:00,110.724,110.777,110.697,110.736,8743
2018-05-20 20:00:00+00:00,110.869,110.899,110.825,110.894,11642
2018-05-21 00:00:00+00:00,110.92,111.141,110.909,111.14,57780
2018-05-21 04:00:00+00:00,111.152,111.386,111.152,111.36,50773
2018-05-21 08:00:00+00:00,111.371,111.377,111.246,111.246,46768
2018-05-21 12:00:00+00:00,111.247,111.322,111.084,111.09,63113
2018-05-21 16:00:00+00:00,111.083,111.141,110.999,111.032,38900
2018-05-21 20:00:00+00:00,111.022,111.069,110.925,110.998,31713
2018-05-22 00:00:00+00:00,111.003,111.028,110.842,110.916,43938
2018-05-22 04:00:00+00:00,110.919,111.177,110.893,111.076,62152
2018-05-22 08:00:00+00:00,111.037,111.037,110.804,110.852,59085
2018-05-22 12:00:00+00:00,110.866,111.075,110.811,110.939,75877
2018-05-22 16:00:00+00:00,110.935,111.022,110.878,110.883,41036
2018-05-22 20:00:00+00:00,110.878,110.931,110.726,110.738,33196
2018-05-23 00:00:00+00:00,110.728,110.873,110.382,110.525,77266
2018-05-23 04:00:00+00:00,110.495,110.527,109.973,109.996,83504
2018-05-23 08:00:00+00:00,110.005,110.005,109.577,109.728,109339
2018-05-23 12:00:00+00:00,109.703,110.167,109.686,110.047,107319
2018-05-23 16:00:00+00:00,110.055,110.323,110.055,110.131,81205
2018-05-23 20:00:00+00:00,110.112,110.114,109.859,109.88,41029
2018-05-24 00:00:00+00:00,109.906,109.928,109.406,109.465,81802
2018-05-24 04:00:00+00:00,109.465,109.645,109.347,109.626,81018
2018-05-24 08:00:00+00:00,109.612,109.765,109.602,109.625,66024
2018-05-24 12:00:00+00:00,109.626,109.718,108.971,109.303,129327
2018-05-24 16:00:00+00:00,109.3,109.37,109.236,109.273,53842
2018-05-24 20:00:00+00:00,109.27,109.33,109.142,109.314,34984
2018-05-25 00:00:00+00:00,109.321,109.732,109.259,109.577,75064
2018-05-25 04:00:00+00:00,109.571,109.588,109.351,109.379,60751
2018-05-25 08:00:00+00:00,109.366,109.587,109.338,109.382,78558
2018-05-25 12:00:00+00:00,109.354,109.484,109.144,109.355,109045
2018-05-25 16:00:00+00:00,109.346,109.489,109.343,109.458,37351
2018-05-25 20:00:00+00:00,109.474,109.567,109.362,109.362,6892
2018-05-27 20:00:00+00:00,109.738,109.82,109.611,109.613,21458
2018-05-28 00:00:00+00:00,109.634,109.74,109.334,109.446,62215
2018-05-28 04:00:00+00:00,109.441,109.608,109.379,109.451,60293
2018-05-28 08:00:00+00:00,109.471,109.491,109.308,109.35,68043
2018-05-28 12:00:00+00:00,109.337,109.377,109.248,109.363,57076
2018-05-28 16:00:00+00:00,109.373,109.436,109.323,109.42,20095
2018-05-28 20:00:00+00:00,109.406,109.467,109.352,109.402,25781
2018-05-29 00:00:00+00:00,109.391,109.391,108.92,109.07,61264
2018-05-29 04:00:00+00:00,109.063,109.116,108.713,108.74,94116
2018-05-29 08:00:00+00:00,108.75,108.966,108.457,108.965,153800
2018-05-29 12:00:00+00:00,108.961,109.1,108.594,108.606,129281
2018-05-29 16:00:00+00:00,108.587,108.768,108.123,108.658,108816
2018-05-29 20:00:00+00:00,108.626,108.777,108.372,108.407,48172
2018-05-30 00:00:00+00:00,108.474,108.767,108.401,108.611,83845
2018-05-30 04:00:00+00:00,108.601,108.864,108.482,108.722,94991
2018-05-30 08:00:00+00:00,108.732,108.969,108.571,108.963,102289
2018-05-30 12:00:00+00:00,108.951,109.068,108.777,109.068,121023
2018-05-30 16:00:00+00:00,109.013,109.023,108.835,108.943,53218
2018-05-30 20:00:00+00:00,108.924,108.924,108.712,108.728,22137
2018-05-31 00:00:00+00:00,108.726,108.767,108.545,108.766,58698
2018-05-31 04:00:00+00:00,108.763,108.844,108.585,108.761,77505
2018-05-31 08:00:00+00:00,108.744,108.998,108.692,108.854,74884
2018-05-31 12:00:00+00:00,108.861,108.902,108.4,108.728,148789
2018-05-31 16:00:00+00:00,108.734,108.872,108.624,108.783,68906
2018-05-31 20:00:00+00:00,108.775,108.859,108.726,108.786,18785
2018-06-01 00:00:00+00:00,108.767,109.235,108.767,109.156,66408
2018-06-01 04:00:00+00:00,109.124,109.224,109.039,109.196,63303
2018-06-01 08:00:00+00:00,109.193,109.438,109.109,109.438,61764
2018-06-01 12:00:00+00:00,109.45,109.718,109.412,109.497,123636
2018-06-01 16:00:00+00:00,109.49,109.583,109.422,109.578,36162
2018-06-01 20:00:00+00:00,109.559,109.565,109.459,109.488,4053
2018-06-03 20:00:00+00:00,109.454,109.605,109.45,109.605,11299
2018-06-04 00:00:00+00:00,109.588,109.745,109.568,109.61,46702
2018-06-04 04:00:00+00:00,109.609,109.719,109.531,109.585,54097
2018-06-04 08:00:00+00:00,109.569,109.634,109.451,109.451,55097
2018-06-04 12:00:00+00:00,109.408,109.716,109.384,109.663,66927
2018-06-04 16:00:00+00:00,109.677,109.834,109.666,109.83,32542
2018-06-04 20:00:00+00:00,109.832,109.987,109.774,109.966,22651
2018-06-05 00:00:00+00:00,109.972,109.972,109.783,109.877,54533
2018-06-05 04:00:00+00:00,109.881,109.99,109.733,109.823,56640
2018-06-05 08:00:00+00:00,109.828,109.843,109.705,109.754,52711
2018-06-05 12:00:00+00:00,109.745,109.897,109.581,109.636,76669
2018-06-05 16:00:00+00:00,109.651,109.762,109.488,109.728,53098
2018-06-05 20:00:00+00:00,109.728,109.899,109.728,109.887,25627
2018-06-06 00:00:00+00:00,109.874,109.934,109.806,109.859,42944
2018-06-06 04:00:00+00:00,109.876,110.138,109.865,110.077,73151
2018-06-06 08:00:00+00:00,110.084,110.222,110.015,110.211,62773
2018-06-06 12:00:00+00:00,110.216,110.216,109.898,110.005,70200
2018-06-06 16:00:00+00:00,110.011,110.256,109.998,110.209,35697
2018-06-06 20:00:00+00:00,110.217,110.217,110.111,110.136,28251
2018-06-07 00:00:00+00:00,110.122,110.216,109.883,109.954,60200
2018-06-07 04:00:00+00:00,109.963,110.067,109.852,109.891,59989
2018-06-07 08:00:00+00:00,109.904,110.09,109.871,110.017,52311
2018-06-07 12:00:00+00:00,110.014,110.064,109.876,109.917,76030
2018-06-07 16:00:00+00:00,109.921,109.944,109.488,109.697,83659
2018-06-07 20:00:00+00:00,109.712,109.746,109.608,109.72,25519
2018-06-08 00:00:00+00:00,109.734,109.849,109.684,109.703,48020
2018-06-08 04:00:00+00:00,109.706,109.727,109.352,109.413,79695
2018-06-08 08:00:00+00:00,109.412,109.423,109.207,109.416,82863
2018-06-08 12:00:00+00:00,109.42,109.6,109.346,109.443,84381
2018-06-08 16:00:00+00:00,109.461,109.534,109.412,109.451,35853
2018-06-08 20:00:00+00:00,109.449,109.534,109.432,109.509,4080
2018-06-10 20:00:00+00:00,109.292,109.482,109.292,109.459,9717
2018-06-11 00:00:00+00:00,109.505,109.761,109.393,109.735,69678
2018-06-11 04:00:00+00:00,109.736,110.051,109.73,109.963,57516
2018-06-11 08:00:00+00:00,109.973,110.044,109.938,109.967,42195
2018-06-11 12:00:00+00:00,109.956,109.976,109.847,109.942,51058
2018-06-11 16:00:00+00:00,109.942,110.114,109.942,110.03,30390
2018-06-11 20:00:00+00:00,110.03,110.42,109.969,110.392,31758
2018-06-12 00:00:00+00:00,110.37,110.477,110.164,110.301,75371
2018-06-12 04:00:00+00:00,110.29,110.434,110.24,110.32,67580
2018-06-12 08:00:00+00:00,110.329,110.332,110.112,110.293,52152
2018-06-12 12:00:00+00:00,110.289,110.41,110.167,110.22,56421
2018-06-12 16:00:00+00:00,110.218,110.484,110.218,110.349,46270
2018-06-12 20:00:00+00:00,110.349,110.54,110.33,110.453,32712
2018-06-13 00:00:00+00:00,110.47,110.667,110.377,110.629,45211
2018-06-13 04:00:00+00:00,110.67,110.683,110.55,110.63,42066
2018-06-13 08:00:00+00:00,110.638,110.711,110.519,110.552,40512
2018-06-13 12:00:00+00:00,110.548,110.548,110.342,110.419,43752
2018-06-13 16:00:00+00:00,110.424,110.827,110.274,110.289,84429
2018-06-13 20:00:00+00:00,110.297,110.393,110.104,110.239,35125
2018-06-14 00:00:00+00:00,110.247,110.341,110.114,110.239,45192
2018-06-14 04:00:00+00:00,110.226,110.229,109.924,109.93,51429
2018-06-14 08:00:00+00:00,109.924,110.135,109.924,110.115,51913
2018-06-14 12:00:00+00:00,110.101,110.456,110.064,110.442,73657
2018-06-14 16:00:00+00:00,110.433,110.689,110.399,110.605,26698
2018-06-14 20:00:00+00:00,110.599,110.689,110.523,110.64,35039
2018-06-15 00:00:00+00:00,110.64,110.777,110.47,110.707,44588
2018-06-15 04:00:00+00:00,110.717,110.9,110.489,110.518,43075
2018-06-15 08:00:00+00:00,110.525,110.725,110.399,110.707,48684
2018-06-15 12:00:00+00:00,110.697,110.697,110.428,110.588,63603
2018-06-15 16:00:00+00:00,110.592,110.65,110.533,110.609,23290
2018-06-15 20:00:00+00:00,110.606,110.671,110.603,110.644,2610
2018-06-17 20:00:00+00:00,110.665,110.716,110.581,110.642,19117
2018-06-18 00:00:00+00:00,110.618,110.655,110.311,110.403,30185
2018-06-18 04:00:00+00:00,110.417,110.612,110.417,110.472,25120
2018-06-18 08:00:00+00:00,110.479,110.579,110.428,110.456,29400
2018-06-18 12:00:00+00:00,110.467,110.517,110.39,110.451,31978
2018-06-18 16:00:00+00:00,110.45,110.593,110.442,110.572,14795
2018-06-18 20:00:00+00:00,110.573,110.581,110.11,110.134,46901
2018-06-19 00:00:00+00:00,110.16,110.202,109.768,109.768,63842
2018-06-19 04:00:00+00:00,109.755,109.844,109.56,109.759,58350
2018-06-19 08:00:00+00:00,109.76,109.937,109.667,109.896,52842
2018-06-19 12:00:00+00:00,109.883,110.087,109.708,110.022,56625
2018-06-19 16:00:00+00:00,110.026,110.099,109.874,110.027,25537
2018-06-19 20:00:00+00:00,110.035,110.14,110.008,110.089,36955
2018-06-20 00:00:00+00:00,110.081,110.197,109.868,110.131,45506
2018-06-20 04:00:00+00:00,110.147,110.245,110.092,110.218,38312
2018-06-20 08:00:00+00:00,110.2,110.2,110.007,110.024,31432
2018-06-20 12:00:00+00:00,110.012,110.202,109.96,110.14,52889
2018-06-20 16:00:00+00:00,110.147,110.447,110.131,110.398,22713
2018-06-20 20:00:00+00:00,110.394,110.429,110.334,110.378,27521
2018-06-21 00:00:00+00:00,110.344,110.618,110.335,110.567,39991
2018-06-21 04:00:00+00:00,110.566,110.752,110.533,110.536,43252
2018-06-21 08:00:00+00:00,110.576,110.608,110.345,110.529,56159
2018-06-21 12:00:00+00:00,110.543,110.591,109.857,110.044,64911
2018-06-21 16:00:00+00:00,110.049,110.058,109.845,109.997,31801
2018-06-21 20:00:00+00:00,109.99,110.006,109.847,109.954,53285
2018-06-22 00:00:00+00:00,109.933,110.061,109.901,109.974,39307
2018-06-22 04:00:00+00:00,109.963,110.197,109.886,110.15,37537
2018-06-22 08:00:00+00:00,110.182,110.212,110.092,110.18,25488
2018-06-22 12:00:00+00:00,110.169,110.184,109.823,109.981,40983
2018-06-22 16:00:00+00:00,109.972,109.983,109.879,109.977,16876
2018-06-22 20:00:00+00:00,109.988,109.998,109.946,109.976,2627
2018-06-24 20:00:00+00:00,109.841,110.006,109.835,109.944,15267
2018-06-25 00:00:00+00:00,109.923,109.923,109.462,109.52,47949
2018-06-25 04:00:00+00:00,109.524,109.56,109.383,109.474,36168
2018-06-25 08:00:00+00:00,109.488,109.643,109.416,109.588,32681
2018-06-25 12:00:00+00:00,109.6,109.693,109.485,109.615,47399
2018-06-25 16:00:00+00:00,109.599,110.034,109.385,109.822,42910
2018-06-25 20:00:00+00:00,109.806,109.813,109.62,109.639,28739
2018-06-26 00:00:00+00:00,109.621,109.668,109.38,109.461,49997
2018-06-26 04:00:00+00:00,109.476,109.718,109.401,109.631,32597
2018-06-26 08:00:00+00:00,109.639,109.797,109.558,109.558,33346
2018-06-26 12:00:00+00:00,109.574,110.036,109.574,109.928,42857
2018-06-26 16:00:00+00:00,109.946,110.185,109.909,110.111,30625
2018-06-26 20:00:00+00:00,110.112,110.125,109.995,110.125,34784
2018-06-27 00:00:00+00:00,110.143,110.202,109.786,109.899,59983
2018-06-27 04:00:00+00:00,109.905,110.0,109.696,109.729,48088
2018-06-27 08:00:00+00:00,109.746,110.227,109.725,110.189,66001
2018-06-27 12:00:00+00:00,110.196,110.485,110.145,110.343,78267
2018-06-27 16:00:00+00:00,110.36,110.424,110.155,110.261,54100
2018-06-27 20:00:00+00:00,110.274,110.292,110.144,110.221,32376
2018-06-28 00:00:00+00:00,110.234,110.279,109.978,110.211,65699
2018-06-28 04:00:00+00:00,110.224,110.412,110.224,110.333,47770
2018-06-28 08:00:00+00:00,110.344,110.405,110.186,110.22,47975
2018-06-28 12:00:00+00:00,110.213,110.41,110.066,110.384,78304
2018-06-28 16:00:00+00:00,110.369,110.645,110.282,110.517,42810
2018-06-28 20:00:00+00:00,110.486,110.539,110.434,110.489,32652
2018-06-29 00:00:00+00:00,110.451,110.757,110.39,110.686,82379
2018-06-29 04:00:00+00:00,110.683,110.74,110.573,110.637,54668
2018-06-29 08:00:00+00:00,110.633,110.748,110.499,110.662,52655
2018-06-29 12:00:00+00:00,110.664,110.876,110.61,110.72,65117
2018-06-29 16:00:00+00:00,110.702,110.917,110.702,110.709,35419
2018-06-29 20:00:00+00:00,110.693,110.716,110.605,110.666,6446
2018-07-01 20:00:00+00:00,110.68,110.811,110.595,110.737,42025
2018-07-02 00:00:00+00:00,110.737,111.053,110.726,110.859,59373
2018-07-02 04:00:00+00:00,110.88,110.88,110.613,110.74,61594
2018-07-02 08:00:00+00:00,110.757,110.84,110.707,110.758,42447
2018-07-02 12:00:00+00:00,110.75,110.909,110.689,110.726,57893
2018-07-02 16:00:00+00:00,110.733,110.922,110.713,110.867,30535
2018-07-02 20:00:00+00:00,110.884,110.897,110.822,110.88,30598
2018-07-03 00:00:00+00:00,110.901,111.127,110.775,110.844,81234
2018-07-03 04:00:00+00:00,110.839,111.115,110.809,110.981,63457
2018-07-03 08:00:00+00:00,110.987,110.989,110.82,110.83,38060
2018-07-03 12:00:00+00:00,110.836,110.836,110.508,110.534,58817
2018-07-03 16:00:00+00:00,110.559,110.609,110.527,110.6,21361
2018-07-03 20:00:00+00:00,110.594,110.595,110.398,110.414,38210
2018-07-04 00:00:00+00:00,110.403,110.449,110.282,110.444,61201
2018-07-04 04:00:00+00:00,110.45,110.49,110.333,110.479,33481
2018-07-04 08:00:00+00:00,110.462,110.535,110.453,110.499,25913
2018-07-04 12:00:00+00:00,110.504,110.548,110.475,110.511,22569
2018-07-04 16:00:00+00:00,110.513,110.519,110.416,110.472,76237
2018-07-04 20:00:00+00:00,110.468,110.514,110.429,110.503,110422
2018-07-05 00:00:00+00:00,110.498,110.606,110.297,110.339,67678
2018-07-05 04:00:00+00:00,110.324,110.688,110.324,110.652,55048
2018-07-05 08:00:00+00:00,110.652,110.706,110.596,110.672,30961
2018-07-05 12:00:00+00:00,110.691,110.691,110.542,110.6,61746
2018-07-05 16:00:00+00:00,110.581,110.707,110.581,110.639,31432
2018-07-05 20:00:00+00:00,110.64,110.679,110.528,110.567,33551
2018-07-06 00:00:00+00:00,110.53,110.746,110.53,110.716,53441
2018-07-06 04:00:00+00:00,110.678,110.782,110.536,110.579,55734
2018-07-06 08:00:00+00:00,110.569,110.672,110.552,110.627,26014
2018-07-06 12:00:00+00:00,110.621,110.662,110.389,110.484,66195
2018-07-06 16:00:00+00:00,110.498,110.547,110.397,110.427,22079
2018-07-06 20:00:00+00:00,110.421,110.479,110.388,110.449,4827
2018-07-08 20:00:00+00:00,110.423,110.474,110.392,110.439,25249
2018-07-09 00:00:00+00:00,110.428,110.523,110.375,110.456,48591
2018-07-09 04:00:00+00:00,110.456,110.528,110.4,110.403,37388
2018-07-09 08:00:00+00:00,110.421,110.512,110.393,110.449,29682
2018-07-09 12:00:00+00:00,110.455,110.796,110.429,110.796,44270
2018-07-09 16:00:00+00:00,110.769,110.901,110.749,110.836,34593
2018-07-09 20:00:00+00:00,110.839,110.977,110.793,110.956,27809
2018-07-10 00:00:00+00:00,110.947,111.086,110.925,111.086,49262
2018-07-10 04:00:00+00:00,111.092,111.199,111.035,111.079,37479
2018-07-10 08:00:00+00:00,111.072,111.346,111.059,111.261,34205
2018-07-10 12:00:00+00:00,111.256,111.308,111.168,111.246,44151
2018-07-10 16:00:00+00:00,111.257,111.321,111.208,111.273,31923
2018-07-10 20:00:00+00:00,111.271,111.281,110.806,110.852,54331
2018-07-11 00:00:00+00:00,110.859,111.134,110.785,111.087,69033
2018-07-11 04:00:00+00:00,111.097,111.112,110.965,111.01,51526
2018-07-11 08:00:00+00:00,111.001,111.269,111.001,111.225,40072
2018-07-11 12:00:00+00:00,111.225,111.623,111.115,111.527,86713
2018-07-11 16:00:00+00:00,111.521,112.165,111.521,112.053,79642
2018-07-11 20:00:00+00:00,112.053,112.053,111.922,111.978,47173
2018-07-12 00:00:00+00:00,111.994,112.366,111.994,112.256,60949
2018-07-12 04:00:00+00:00,112.262,112.408,112.187,112.336,50008
2018-07-12 08:00:00+00:00,112.33,112.616,112.305,112.504,45645
2018-07-12 12:00:00+00:00,112.514,112.569,112.372,112.419,61563
2018-07-12 16:00:00+00:00,112.411,112.54,112.368,112.497,43757
2018-07-12 20:00:00+00:00,112.484,112.69,112.479,112.673,24036
2018-07-13 00:00:00+00:00,112.662,112.758,112.58,112.649,48472
2018-07-13 04:00:00+00:00,112.649,112.797,112.545,112.787,43673
2018-07-13 08:00:00+00:00,112.78,112.793,112.425,112.636,44651
2018-07-13 12:00:00+00:00,112.595,112.595,112.363,112.395,60559
2018-07-13 16:00:00+00:00,112.401,112.464,112.278,112.337,33050
2018-07-13 20:00:00+00:00,112.329,112.366,112.32,112.33,3457
2018-07-15 20:00:00+00:00,112.2,112.462,112.2,112.401,23031
2018-07-16 00:00:00+00:00,112.401,112.558,112.399,112.472,41342
2018-07-16 04:00:00+00:00,112.473,112.527,112.339,112.51,23853
2018-07-16 08:00:00+00:00,112.499,112.504,112.301,112.325,24569
2018-07-16 12:00:00+00:00,112.322,112.436,112.248,112.289,49138
2018-07-16 16:00:00+00:00,112.283,112.373,112.236,112.287,28638
2018-07-16 20:00:00+00:00,112.305,112.411,112.233,112.385,39224
2018-07-17 00:00:00+00:00,112.379,112.558,112.345,112.345,65250
2018-07-17 04:00:00+00:00,112.348,112.437,112.236,112.342,45752
2018-07-17 08:00:00+00:00,112.33,112.608,112.304,112.608,36473
2018-07-17 12:00:00+00:00,112.605,112.901,112.58,112.808,62799
2018-07-17 16:00:00+00:00,112.792,112.922,112.788,112.846,41575
2018-07-17 20:00:00+00:00,112.834,113.073,112.834,113.02,33257
2018-07-18 00:00:00+00:00,113.006,113.059,112.887,112.95,46320
2018-07-18 04:00:00+00:00,112.964,113.134,112.957,113.053,48129
2018-07-18 08:00:00+00:00,113.047,113.064,112.937,112.958,34990
2018-07-18 12:00:00+00:00,112.956,112.956,112.727,112.821,61379
2018-07-18 16:00:00+00:00,112.809,112.896,112.738,112.881,26753
2018-07-18 20:00:00+00:00,112.875,112.888,112.793,112.801,22533
2018-07-19 00:00:00+00:00,112.8,112.819,112.657,112.723,56048
2018-07-19 04:00:00+00:00,112.722,112.999,112.679,112.975,48594
2018-07-19 08:00:00+00:00,112.966,113.068,112.934,112.953,46170
2018-07-19 12:00:00+00:00,112.963,113.151,112.833,112.981,64526
2018-07-19 16:00:00+00:00,112.967,112.985,112.112,112.499,80720
2018-07-19 20:00:00+00:00,112.513,112.514,112.349,112.363,29232
2018-07-20 00:00:00+00:00,112.382,112.611,112.288,112.344,111232
2018-07-20 04:00:00+00:00,112.345,112.445,112.217,112.445,63824
2018-07-20 08:00:00+00:00,112.44,112.503,112.264,112.264,49218
2018-07-20 12:00:00+00:00,112.253,112.291,111.656,111.746,102717
2018-07-20 16:00:00+00:00,111.753,111.783,111.412,111.509,37766
2018-07-20 20:00:00+00:00,111.502,111.51,111.386,111.422,8667
2018-07-22 20:00:00+00:00,111.38,111.497,111.058,111.06,33486
2018-07-23 00:00:00+00:00,111.065,111.166,110.783,110.885,89696
2018-07-23 04:00:00+00:00,110.889,111.114,110.885,110.965,53214
2018-07-23 08:00:00+00:00,110.967,111.176,110.925,111.092,37861
2018-07-23 12:00:00+00:00,111.096,111.42,111.096,111.35,50110
2018-07-23 16:00:00+00:00,111.363,111.522,111.337,111.417,35247
2018-07-23 20:00:00+00:00,111.416,111.513,111.291,111.465,39140
2018-07-24 00:00:00+00:00,111.439,111.44,111.064,111.313,56530
2018-07-24 04:00:00+00:00,111.312,111.443,111.159,111.206,45574
2018-07-24 08:00:00+00:00,111.181,111.27,111.018,111.059,35023
2018-07-24 12:00:00+00:00,111.095,111.291,110.969,111.281,55343
2018-07-24 16:00:00+00:00,111.277,111.334,111.138,111.188,40704
2018-07-24 20:00:00+00:00,111.189,111.276,111.158,111.276,29618
2018-07-25 00:00:00+00:00,111.262,111.373,111.165,111.303,54924
2018-07-25 04:00:00+00:00,111.306,111.316,111.133,111.256,36629
2018-07-25 08:00:00+00:00,111.26,111.303,111.019,111.046,38648
2018-07-25 12:00:00+00:00,111.04,111.115,110.908,111.027,70983
2018-07-25 16:00:00+00:00,111.02,111.046,110.687,110.968,69056
2018-07-25 20:00:00+00:00,110.988,111.059,110.845,110.859,72920
2018-07-26 00:00:00+00:00,110.86,110.871,110.714,110.791,43455
2018-07-26 04:00:00+00:00,110.792,110.806,110.61,110.697,46555
2018-07-26 08:00:00+00:00,110.7,110.871,110.663,110.859,30163
2018-07-26 12:00:00+00:00,110.87,111.207,110.834,111.207,69865
2018-07-26 16:00:00+00:00,111.191,111.244,111.095,111.244,33284
2018-07-26 20:00:00+00:00,111.23,111.246,111.129,111.157,26886
2018-07-27 00:00:00+00:00,111.144,111.182,110.921,110.993,43993
2018-07-27 04:00:00+00:00,110.993,111.176,110.947,111.028,47985
2018-07-27 08:00:00+00:00,111.042,111.213,111.031,111.175,31738
2018-07-27 12:00:00+00:00,111.164,111.202,110.927,110.945,65254
2018-07-27 16:00:00+00:00,110.949,111.011,110.802,110.995,37576
2018-07-27 20:00:00+00:00,110.989,111.019,110.971,110.972,3803
2018-07-29 20:00:00+00:00,110.934,111.008,110.916,110.946,27109
2018-07-30 00:00:00+00:00,110.927,111.146,110.896,111.118,43662
2018-07-30 04:00:00+00:00,111.127,111.164,111.029,111.031,33835
2018-07-30 08:00:00+00:00,111.042,111.114,111.023,111.082,31250
2018-07-30 12:00:00+00:00,111.085,111.129,110.927,110.987,39559
2018-07-30 16:00:00+00:00,110.991,111.065,110.927,111.057,26507
2018-07-30 20:00:00+00:00,111.064,111.093,110.986,111.0,50129
2018-07-31 00:00:00+00:00,110.988,111.137,110.834,110.879,60994
2018-07-31 04:00:00+00:00,110.833,111.411,110.833,111.401,107680
2018-07-31 08:00:00+00:00,111.429,111.579,111.36,111.513,35914
2018-07-31 12:00:00+00:00,111.52,111.951,111.42,111.895,72253
2018-07-31 16:00:00+00:00,111.908,111.912,111.755,111.812,31159
2018-07-31 20:00:00+00:00,111.823,111.898,111.718,111.834,71021
2018-08-01 00:00:00+00:00,111.821,111.963,111.743,111.942,40400
2018-08-01 04:00:00+00:00,111.928,112.141,111.908,112.114,35660
2018-08-01 08:00:00+00:00,112.1,112.109,111.814,111.89,26479
2018-08-01 12:00:00+00:00,111.877,112.008,111.71,111.733,49810
2018-08-01 16:00:00+00:00,111.705,111.74,111.417,111.629,44022
2018-08-01 20:00:00+00:00,111.629,111.746,111.588,111.639,82486
2018-08-02 00:00:00+00:00,111.661,111.714,111.538,111.55,35853
2018-08-02 04:00:00+00:00,111.547,111.731,111.519,111.615,36035
2018-08-02 08:00:00+00:00,111.594,111.652,111.449,111.449,39668
2018-08-02 12:00:00+00:00,111.453,111.512,111.341,111.482,49733
2018-08-02 16:00:00+00:00,111.467,111.716,111.464,111.633,33897
2018-08-02 20:00:00+00:00,111.626,111.722,111.608,111.702,54208
2018-08-03 00:00:00+00:00,111.698,111.78,111.636,111.67,32933
2018-08-03 04:00:00+00:00,111.682,111.856,111.644,111.856,30298
2018-08-03 08:00:00+00:00,111.785,111.785,111.521,111.552,34065
2018-08-03 12:00:00+00:00,111.543,111.618,111.108,111.131,71342
2018-08-03 16:00:00+00:00,111.13,111.267,111.13,111.223,24487
2018-08-03 20:00:00+00:00,111.224,111.285,111.214,111.225,3943
2018-08-05 20:00:00+00:00,111.214,111.261,111.164,111.237,13254
2018-08-06 00:00:00+00:00,111.222,111.346,111.172,111.328,27012
2018-08-06 04:00:00+00:00,111.332,111.369,111.253,111.268,24615
2018-08-06 08:00:00+00:00,111.26,111.526,111.202,111.474,26649
2018-08-06 12:00:00+00:00,111.48,111.517,111.342,111.433,27520
2018-08-06 16:00:00+00:00,111.433,111.467,111.385,111.399,16932
2018-08-06 20:00:00+00:00,111.398,111.412,111.33,111.336,64226
2018-08-07 00:00:00+00:00,111.317,111.367,111.239,111.315,24840
2018-08-07 04:00:00+00:00,111.326,111.36,111.25,111.356,19961
2018-08-07 08:00:00+00:00,111.356,111.365,111.117,111.122,23176
2018-08-07 12:00:00+00:00,111.133,111.236,110.997,111.196,29359
2018-08-07 16:00:00+00:00,111.196,111.475,111.184,111.404,26592
2018-08-07 20:00:00+00:00,111.4,111.401,111.322,111.35,41289
2018-08-08 00:00:00+00:00,111.339,111.425,111.302,111.365,19152
2018-08-08 04:00:00+00:00,111.364,111.364,110.844,110.947,30617
2018-08-08 08:00:00+00:00,110.945,111.135,110.892,111.128,26048
2018-08-08 12:00:00+00:00,111.123,111.164,110.915,110.954,40347
2018-08-08 16:00:00+00:00,110.944,111.002,110.904,110.995,23739
2018-08-08 20:00:00+00:00,110.988,110.999,110.868,110.909,45014
2018-08-09 00:00:00+00:00,110.878,110.878,110.711,110.805,32606
2018-08-09 04:00:00+00:00,110.81,111.077,110.754,111.046,32253
2018-08-09 08:00:00+00:00,111.039,111.181,111.021,111.136,24550
2018-08-09 12:00:00+00:00,111.141,111.156,110.857,110.905,40343
2018-08-09 16:00:00+00:00,110.924,111.105,110.907,111.074,26958
2018-08-09 20:00:00+00:00,111.061,111.165,111.056,111.084,33485
2018-08-10 00:00:00+00:00,111.066,111.066,110.853,110.867,34607
2018-08-10 04:00:00+00:00,110.882,111.13,110.623,110.669,83982
2018-08-10 08:00:00+00:00,110.657,110.995,110.657,110.927,38735
2018-08-10 12:00:00+00:00,110.883,111.116,110.525,110.656,99364
2018-08-10 16:00:00+00:00,110.657,110.977,110.591,110.811,46610
2018-08-10 20:00:00+00:00,110.794,110.95,110.794,110.819,6050
2018-08-12 20:00:00+00:00,110.438,110.717,110.438,110.63,21337
2018-08-13 00:00:00+00:00,110.655,110.694,110.136,110.203,54108
2018-08-13 04:00:00+00:00,110.196,110.367,110.129,110.19,50594
2018-08-13 08:00:00+00:00,110.207,110.629,110.161,110.565,41603
2018-08-13 12:00:00+00:00,110.601,110.918,110.507,110.643,77738
2018-08-13 16:00:00+00:00,110.645,110.77,110.61,110.628,36434
2018-08-13 20:00:00+00:00,110.624,110.763,110.607,110.63,34728
2018-08-14 00:00:00+00:00,110.607,110.897,110.607,110.868,41337
2018-08-14 04:00:00+00:00,110.865,111.14,110.803,111.106,41017
2018-08-14 08:00:00+00:00,111.096,111.111,110.833,110.865,41007
2018-08-14 12:00:00+00:00,110.848,110.94,110.764,110.931,46224
2018-08-14 16:00:00+00:00,110.932,111.31,110.932,111.217,32714
2018-08-14 20:00:00+00:00,111.21,111.262,111.13,111.256,48918
2018-08-15 00:00:00+00:00,111.26,111.429,111.224,111.268,35415
2018-08-15 04:00:00+00:00,111.254,111.359,111.177,111.332,31764
2018-08-15 08:00:00+00:00,111.32,111.328,110.961,111.022,39123
2018-08-15 12:00:00+00:00,111.021,111.061,110.442,110.636,88442
2018-08-15 16:00:00+00:00,110.629,110.748,110.534,110.678,40925
2018-08-15 20:00:00+00:00,110.675,110.768,110.556,110.575,77053
2018-08-16 00:00:00+00:00,110.588,110.906,110.462,110.822,65700
2018-08-16 04:00:00+00:00,110.818,110.892,110.699,110.776,42666
2018-08-16 08:00:00+00:00,110.778,110.915,110.769,110.831,30215
2018-08-16 12:00:00+00:00,110.821,110.897,110.568,110.897,46910
2018-08-16 16:00:00+00:00,110.891,111.106,110.851,110.925,35724
2018-08-16 20:00:00+00:00,110.926,111.017,110.825,111.017,51496
2018-08-17 00:00:00+00:00,110.994,111.046,110.833,110.852,28258
2018-08-17 04:00:00+00:00,110.854,110.898,110.708,110.708,22510
2018-08-17 08:00:00+00:00,110.721,110.735,110.426,110.48,39462
2018-08-17 12:00:00+00:00,110.472,110.568,110.332,110.549,52366
2018-08-17 16:00:00+00:00,110.524,110.646,110.33,110.618,38757
2018-08-17 20:00:00+00:00,110.612,110.612,110.463,110.463,5850
2018-08-19 20:00:00+00:00,110.588,110.588,110.481,110.481,16995
2018-08-20 00:00:00+00:00,110.478,110.58,110.423,110.565,31920
2018-08-20 04:00:00+00:00,110.568,110.666,110.548,110.613,26752
2018-08-20 08:00:00+00:00,110.616,110.677,110.551,110.583,22919
2018-08-20 12:00:00+00:00,110.579,110.579,110.376,110.386,37442
2018-08-20 16:00:00+00:00,110.378,110.385,110.121,110.121,26990
2018-08-20 20:00:00+00:00,110.142,110.178,109.92,109.953,46323
2018-08-21 00:00:00+00:00,109.921,110.137,109.781,110.128,40035
2018-08-21 04:00:00+00:00,110.139,110.178,110.017,110.167,28468
2018-08-21 08:00:00+00:00,110.17,110.319,110.139,110.319,24309
2018-08-21 12:00:00+00:00,110.325,110.488,110.305,110.486,39399
2018-08-21 16:00:00+00:00,110.489,110.538,110.321,110.405,40981
2018-08-21 20:00:00+00:00,110.407,110.416,110.052,110.117,41821
2018-08-22 00:00:00+00:00,110.116,110.497,110.033,110.437,42955
2018-08-22 04:00:00+00:00,110.437,110.492,110.33,110.423,22454
2018-08-22 08:00:00+00:00,110.428,110.447,110.222,110.278,33401
2018-08-22 12:00:00+00:00,110.27,110.603,110.24,110.546,45080
2018-08-22 16:00:00+00:00,110.543,110.596,110.394,110.5,37303
2018-08-22 20:00:00+00:00,110.507,110.671,110.503,110.59,37518
2018-08-23 00:00:00+00:00,110.562,110.883,110.555,110.8,40065
2018-08-23 04:00:00+00:00,110.802,110.928,110.781,110.801,28000
2018-08-23 08:00:00+00:00,110.794,110.914,110.75,110.832,28475
2018-08-23 12:00:00+00:00,110.825,111.284,110.781,111.147,49304
2018-08-23 16:00:00+00:00,111.154,111.305,111.151,111.288,31338
2018-08-23 20:00:00+00:00,111.283,111.394,111.212,111.366,65719
2018-08-24 00:00:00+00:00,111.335,111.482,111.334,111.477,35661
2018-08-24 04:00:00+00:00,111.477,111.477,111.309,111.398,25108
2018-08-24 08:00:00+00:00,111.396,111.479,111.283,111.31,23497
2018-08-24 12:00:00+00:00,111.304,111.406,111.136,111.222,52966
2018-08-24 16:00:00+00:00,111.204,111.223,111.107,111.177,22565
2018-08-24 20:00:00+00:00,111.18,111.272,111.16,111.225,3269
2018-08-26 20:00:00+00:00,111.318,111.345,111.229,111.292,14039
2018-08-27 00:00:00+00:00,111.291,111.329,110.94,111.059,35939
2018-08-27 04:00:00+00:00,111.052,111.154,111.018,111.154,19999
2018-08-27 08:00:00+00:00,111.147,111.192,111.015,111.015,17324
2018-08-27 12:00:00+00:00,111.014,111.096,110.95,111.091,35973
2018-08-27 16:00:00+00:00,111.089,111.118,111.027,111.084,24076
2018-08-27 20:00:00+00:00,111.089,111.179,111.015,111.135,34111
2018-08-28 00:00:00+00:00,111.14,111.351,111.126,111.321,32444
2018-08-28 04:00:00+00:00,111.324,111.33,111.121,111.143,24537
2018-08-28 08:00:00+00:00,111.144,111.144,111.016,111.035,22505
2018-08-28 12:00:00+00:00,111.023,111.173,110.999,111.047,45018
2018-08-28 16:00:00+00:00,111.046,111.245,111.016,111.2,32182
2018-08-28 20:00:00+00:00,111.206,111.212,111.145,111.149,42517
2018-08-29 00:00:00+00:00,111.159,111.311,111.159,111.259,27706
2018-08-29 04:00:00+00:00,111.256,111.259,111.129,111.183,31950
2018-08-29 08:00:00+00:00,111.178,111.299,111.161,111.299,25578
2018-08-29 12:00:00+00:00,111.286,111.821,111.244,111.794,66543
2018-08-29 16:00:00+00:00,111.794,111.795,111.626,111.698,35600
2018-08-29 20:00:00+00:00,111.714,111.75,111.648,111.682,23311
2018-08-30 00:00:00+00:00,111.701,111.752,111.537,111.612,28989
2018-08-30 04:00:00+00:00,111.617,111.715,111.584,111.617,21588
2018-08-30 08:00:00+00:00,111.607,111.679,111.413,111.436,30178
2018-08-30 12:00:00+00:00,111.439,111.474,111.149,111.168,56182
2018-08-30 16:00:00+00:00,111.174,111.262,110.995,111.008,49952
2018-08-30 20:00:00+00:00,111.011,111.069,110.954,111.011,28140
2018-08-31 00:00:00+00:00,110.997,111.066,110.908,110.999,30054
2018-08-31 04:00:00+00:00,111.001,111.114,110.703,110.802,36048
2018-08-31 08:00:00+00:00,110.714,110.857,110.687,110.777,36315
2018-08-31 12:00:00+00:00,110.783,110.984,110.701,110.977,56347
2018-08-31 16:00:00+00:00,110.967,111.12,110.924,111.081,49945
2018-08-31 20:00:00+00:00,111.082,111.12,111.047,111.047,5330
2018-09-02 20:00:00+00:00,111.056,111.186,111.056,111.143,21324
2018-09-03 00:00:00+00:00,111.145,111.145,110.856,110.896,30653
2018-09-03 04:00:00+00:00,110.897,110.972,110.891,110.971,23362
2018-09-03 08:00:00+00:00,110.966,111.127,110.966,111.123,24588
2018-09-03 12:00:00+00:00,111.128,111.169,111.021,111.068,22585
2018-09-03 16:00:00+00:00,111.064,111.123,111.028,111.101,34903
2018-09-03 20:00:00+00:00,111.097,111.132,111.016,111.084,34026
2018-09-04 00:00:00+00:00,111.081,111.15,110.911,111.108,35782
2018-09-04 04:00:00+00:00,111.095,111.463,111.062,111.456,30979
2018-09-04 08:00:00+00:00,111.455,111.533,111.206,111.241,32787
2018-09-04 12:00:00+00:00,111.222,111.495,111.153,111.437,59181
2018-09-04 16:00:00+00:00,111.455,111.508,111.334,111.475,37452
2018-09-04 20:00:00+00:00,111.471,111.492,111.362,111.464,30733
2018-09-05 00:00:00+00:00,111.441,111.685,111.402,111.536,32861
2018-09-05 04:00:00+00:00,111.539,111.56,111.411,111.456,30524
2018-09-05 08:00:00+00:00,111.474,111.63,111.46,111.6,30643
2018-09-05 12:00:00+00:00,111.572,111.755,111.455,111.476,75861
2018-09-05 16:00:00+00:00,111.478,111.578,111.439,111.512,34909
2018-09-05 20:00:00+00:00,111.513,111.546,111.434,111.45,32433
2018-09-06 00:00:00+00:00,111.418,111.418,111.18,111.358,35683
2018-09-06 04:00:00+00:00,111.351,111.424,111.318,111.318,28934
2018-09-06 08:00:00+00:00,111.321,111.406,111.254,111.299,32507
2018-09-06 12:00:00+00:00,111.302,111.329,110.851,110.875,70028
2018-09-06 16:00:00+00:00,110.871,110.948,110.708,110.889,41508
2018-09-06 20:00:00+00:00,110.895,110.897,110.467,110.489,37872
2018-09-07 00:00:00+00:00,110.498,110.628,110.406,110.598,40316
2018-09-07 04:00:00+00:00,110.594,110.769,110.534,110.744,33351
2018-09-07 08:00:00+00:00,110.735,110.88,110.676,110.845,31542
2018-09-07 12:00:00+00:00,110.844,111.24,110.821,111.185,69619
2018-09-07 16:00:00+00:00,111.195,111.195,110.763,111.033,59083
2018-09-07 20:00:00+00:00,110.996,111.06,110.938,111.043,3515
2018-09-09 20:00:00+00:00,111.024,111.079,110.88,110.919,12662
2018-09-10 00:00:00+00:00,110.921,111.048,110.876,111.01,38407
2018-09-10 04:00:00+00:00,111.006,111.036,110.929,110.986,23144
2018-09-10 08:00:00+00:00,111.005,111.148,111.001,111.098,20742
2018-09-10 12:00:00+00:00,111.094,111.181,111.045,111.094,42457
2018-09-10 16:00:00+00:00,111.093,111.247,111.078,111.185,21513
2018-09-10 20:00:00+00:00,111.183,111.183,111.065,111.142,9970
2018-09-11 00:00:00+00:00,111.16,111.465,111.157,111.449,33492
2018-09-11 04:00:00+00:00,111.434,111.562,111.378,111.539,23273
2018-09-11 08:00:00+00:00,111.537,111.537,111.283,111.366,29122
2018-09-11 12:00:00+00:00,111.359,111.596,111.296,111.557,42413
2018-09-11 16:00:00+00:00,111.568,111.637,111.549,111.595,23664
2018-09-11 20:00:00+00:00,111.583,111.643,111.55,111.633,20625
2018-09-12 00:00:00+00:00,111.601,111.612,111.457,111.486,27383
2018-09-12 04:00:00+00:00,111.483,111.584,111.476,111.491,20350
2018-09-12 08:00:00+00:00,111.483,111.526,111.436,111.478,24298
2018-09-12 12:00:00+00:00,111.472,111.488,111.228,111.3,50482
2018-09-12 16:00:00+00:00,111.285,111.362,111.124,111.242,34660
2018-09-12 20:00:00+00:00,111.24,111.28,111.195,111.215,30368
2018-09-13 00:00:00+00:00,111.174,111.448,111.174,111.37,26642
2018-09-13 04:00:00+00:00,111.375,111.504,111.375,111.475,21270
2018-09-13 08:00:00+00:00,111.466,111.595,111.429,111.57,21536
2018-09-13 12:00:00+00:00,111.56,111.947,111.385,111.93,75445
2018-09-13 16:00:00+00:00,111.924,111.993,111.803,111.984,28548
2018-09-13 20:00:00+00:00,111.979,112.044,111.902,112.027,22262
2018-09-14 00:00:00+00:00,112.043,112.076,111.81,111.828,27777
2018-09-14 04:00:00+00:00,111.819,111.965,111.79,111.825,21223
2018-09-14 08:00:00+00:00,111.821,111.907,111.759,111.855,21627
2018-09-14 12:00:00+00:00,111.832,112.161,111.822,112.094,54038
2018-09-14 16:00:00+00:00,111.916,112.052,111.916,112.028,40205
2018-09-14 20:00:00+00:00,112.007,112.057,111.967,112.051,2580
2018-09-16 20:00:00+00:00,112.01,112.031,111.941,111.966,9928
2018-09-17 00:00:00+00:00,111.954,112.117,111.946,111.969,19743
2018-09-17 04:00:00+00:00,111.967,112.01,111.862,111.862,18097
2018-09-17 08:00:00+00:00,111.865,112.086,111.861,112.03,21163
2018-09-17 12:00:00+00:00,112.048,112.1,111.887,111.971,36021
2018-09-17 16:00:00+00:00,111.972,112.018,111.767,111.827,30678
2018-09-17 20:00:00+00:00,111.828,111.858,111.678,111.689,31571
2018-09-18 00:00:00+00:00,111.686,112.004,111.686,111.943,42987
2018-09-18 04:00:00+00:00,111.962,112.272,111.923,111.967,54423
2018-09-18 08:00:00+00:00,111.963,112.148,111.893,112.118,33553
2018-09-18 12:00:00+00:00,112.117,112.382,112.044,112.307,56802
2018-09-18 16:00:00+00:00,112.311,112.382,112.258,112.339,30389
2018-09-18 20:00:00+00:00,112.333,112.382,112.279,112.282,24413
2018-09-19 00:00:00+00:00,112.291,112.405,112.236,112.365,32665
2018-09-19 04:00:00+00:00,112.368,112.381,112.271,112.328,26355
2018-09-19 08:00:00+00:00,112.328,112.427,112.281,112.296,33379
2018-09-19 12:00:00+00:00,112.312,112.359,112.202,112.211,46629
2018-09-19 16:00:00+00:00,112.21,112.289,112.164,112.248,22410
2018-09-19 20:00:00+00:00,112.248,112.334,112.224,112.334,52589
2018-09-20 00:00:00+00:00,112.328,112.331,112.103,112.176,29206
2018-09-20 04:00:00+00:00,112.177,112.258,112.102,112.21,28460
2018-09-20 08:00:00+00:00,112.214,112.279,112.169,112.169,31825
2018-09-20 12:00:00+00:00,112.188,112.581,112.058,112.575,59958
2018-09-20 16:00:00+00:00,112.572,112.572,112.397,112.41,24741
2018-09-20 20:00:00+00:00,112.421,112.502,112.4,112.495,22681
2018-09-21 00:00:00+00:00,112.509,112.765,112.48,112.732,30930
2018-09-21 04:00:00+00:00,112.739,112.865,112.672,112.707,34255
2018-09-21 08:00:00+00:00,112.7,112.781,112.632,112.697,29254
2018-09-21 12:00:00+00:00,112.687,112.767,112.506,112.634,50755
2018-09-21 16:00:00+00:00,112.636,112.653,112.508,112.565,22418
2018-09-21 20:00:00+00:00,112.571,112.607,112.516,112.553,3532
2018-09-23 20:00:00+00:00,112.422,112.567,112.408,112.532,6104
2018-09-24 00:00:00+00:00,112.528,112.633,112.528,112.607,14417
2018-09-24 04:00:00+00:00,112.599,112.609,112.479,112.602,20629
2018-09-24 08:00:00+00:00,112.611,112.687,112.58,112.588,22049
2018-09-24 12:00:00+00:00,112.595,112.667,112.448,112.628,48427
2018-09-24 16:00:00+00:00,112.625,112.764,112.582,112.759,17485
2018-09-24 20:00:00+00:00,112.777,112.841,112.755,112.778,35729
2018-09-25 00:00:00+00:00,112.796,112.966,112.755,112.842,23246
2018-09-25 04:00:00+00:00,112.85,112.951,112.835,112.933,31785
2018-09-25 08:00:00+00:00,112.926,112.947,112.766,112.809,29899
2018-09-25 12:00:00+00:00,112.809,112.927,112.742,112.885,31361
2018-09-25 16:00:00+00:00,112.88,112.973,112.88,112.949,18288
2018-09-25 20:00:00+00:00,112.95,112.994,112.924,112.982,33452
2018-09-26 00:00:00+00:00,112.978,112.997,112.894,112.95,19933
2018-09-26 04:00:00+00:00,112.941,112.957,112.766,112.852,24912
2018-09-26 08:00:00+00:00,112.837,112.991,112.805,112.991,28821
2018-09-26 12:00:00+00:00,112.986,113.051,112.934,112.934,31022
2018-09-26 16:00:00+00:00,112.947,113.128,112.698,112.698,71615
2018-09-26 20:00:00+00:00,112.718,112.778,112.642,112.714,25192
2018-09-27 00:00:00+00:00,112.698,112.897,112.67,112.711,29153
2018-09-27 04:00:00+00:00,112.703,112.767,112.564,112.599,40891
2018-09-27 08:00:00+00:00,112.606,112.849,112.606,112.849,31454
2018-09-27 12:00:00+00:00,112.836,113.401,112.836,113.388,51596
2018-09-27 16:00:00+00:00,113.367,113.468,113.337,113.37,25013
2018-09-27 20:00:00+00:00,113.38,113.42,113.354,113.392,27111
2018-09-28 00:00:00+00:00,113.405,113.621,113.347,113.522,30532
2018-09-28 04:00:00+00:00,113.502,113.609,113.369,113.432,37050
2018-09-28 08:00:00+00:00,113.409,113.518,113.33,113.362,37870
2018-09-28 12:00:00+00:00,113.363,113.636,113.333,113.492,45487
2018-09-28 16:00:00+00:00,113.494,113.621,113.452,113.621,20541
2018-09-28 20:00:00+00:00,113.623,113.692,113.623,113.678,4006
2018-09-30 20:00:00+00:00,113.704,113.844,113.692,113.798,13462
2018-10-01 00:00:00+00:00,113.792,113.958,113.742,113.883,26042
2018-10-01 04:00:00+00:00,113.882,114.045,113.86,114.034,25903
2018-10-01 08:00:00+00:00,114.029,114.041,113.906,113.966,26379
2018-10-01 12:00:00+00:00,113.95,114.062,113.887,113.968,39472
2018-10-01 16:00:00+00:00,113.96,114.008,113.916,113.977,20970
2018-10-01 20:00:00+00:00,113.964,114.01,113.898,113.954,21110
2018-10-02 00:00:00+00:00,113.972,114.011,113.834,113.939,22606
2018-10-02 04:00:00+00:00,113.945,113.971,113.706,113.821,40544
2018-10-02 08:00:00+00:00,113.796,113.851,113.611,113.83,34884
2018-10-02 12:00:00+00:00,113.846,113.89,113.543,113.661,47087
2018-10-02 16:00:00+00:00,113.669,113.805,113.579,113.586,26003
2018-10-02 20:00:00+00:00,113.598,113.693,113.566,113.566,19402
2018-10-03 00:00:00+00:00,113.572,113.82,113.533,113.672,35322
2018-10-03 04:00:00+00:00,113.666,113.883,113.638,113.875,28748
2018-10-03 08:00:00+00:00,113.875,113.893,113.785,113.842,23584
2018-10-03 12:00:00+00:00,113.856,114.224,113.812,114.188,47710
2018-10-03 16:00:00+00:00,114.213,114.442,114.213,114.322,36145
2018-10-03 20:00:00+00:00,114.3,114.544,114.3,114.511,25012
2018-10-04 00:00:00+00:00,114.505,114.518,114.218,114.255,29921
2018-10-04 04:00:00+00:00,114.252,114.451,114.217,114.299,40388
2018-10-04 08:00:00+00:00,114.299,114.386,114.114,114.21,38326
2018-10-04 12:00:00+00:00,114.176,114.183,113.638,113.794,79776
2018-10-04 16:00:00+00:00,113.784,113.882,113.702,113.86,51960
2018-10-04 20:00:00+00:00,113.865,113.945,113.828,113.898,23291
2018-10-05 00:00:00+00:00,113.901,114.091,113.85,113.902,33511
2018-10-05 04:00:00+00:00,113.901,113.953,113.798,113.835,31551
2018-10-05 08:00:00+00:00,113.833,113.929,113.812,113.893,25897
2018-10-05 12:00:00+00:00,113.878,114.061,113.566,113.574,95190
2018-10-05 16:00:00+00:00,113.584,113.825,113.578,113.663,52998
2018-10-05 20:00:00+00:00,113.679,113.732,113.655,113.701,5197
2018-10-07 20:00:00+00:00,113.796,113.796,113.653,113.711,15711
2018-10-08 00:00:00+00:00,113.7,113.937,113.699,113.871,21533
2018-10-08 04:00:00+00:00,113.866,113.88,113.733,113.744,22320
2018-10-08 08:00:00+00:00,113.731,113.741,113.268,113.371,37741
2018-10-08 12:00:00+00:00,113.372,113.416,113.002,113.058,43677
2018-10-08 16:00:00+00:00,113.038,113.13,112.826,113.101,40033
2018-10-08 20:00:00+00:00,113.108,113.245,113.067,113.122,41796
2018-10-09 00:00:00+00:00,113.108,113.211,112.94,113.108,45915
2018-10-09 04:00:00+00:00,113.109,113.389,113.03,113.313,43040
2018-10-09 08:00:00+00:00,113.3,113.3,113.048,113.126,62435
2018-10-09 12:00:00+00:00,113.132,113.329,113.015,113.123,77793
2018-10-09 16:00:00+00:00,113.121,113.146,112.88,112.927,49181
2018-10-09 20:00:00+00:00,112.935,113.037,112.916,113.02,30165
2018-10-10 00:00:00+00:00,113.006,113.102,112.932,113.023,32877
2018-10-10 04:00:00+00:00,113.026,113.117,112.966,113.08,31054
2018-10-10 08:00:00+00:00,113.086,113.275,113.082,113.183,34094
2018-10-10 12:00:00+00:00,113.183,113.259,112.612,112.708,102940
2018-10-10 16:00:00+00:00,112.701,112.828,112.411,112.429,92734
2018-10-10 20:00:00+00:00,112.439,112.439,112.071,112.087,47188
2018-10-11 00:00:00+00:00,112.138,112.304,111.975,112.191,76824
2018-10-11 04:00:00+00:00,112.186,112.362,112.075,112.224,75904
2018-10-11 08:00:00+00:00,112.218,112.363,112.093,112.291,64599
2018-10-11 12:00:00+00:00,112.291,112.529,112.09,112.27,159513
2018-10-11 16:00:00+00:00,112.268,112.377,111.847,112.045,154733
2018-10-11 20:00:00+00:00,112.038,112.181,112.016,112.083,31812
2018-10-12 00:00:00+00:00,112.106,112.395,112.069,112.383,46713
2018-10-12 04:00:00+00:00,112.378,112.491,112.316,112.322,48961
2018-10-12 08:00:00+00:00,112.303,112.349,112.228,112.295,53303
2018-10-12 12:00:00+00:00,112.306,112.361,112.011,112.031,86993
2018-10-12 16:00:00+00:00,112.014,112.23,111.89,112.212,99017
2018-10-12 20:00:00+00:00,112.207,112.236,112.176,112.206,5203
2018-10-14 20:00:00+00:00,112.125,112.234,112.125,112.209,11940
2018-10-15 00:00:00+00:00,112.202,112.202,111.945,112.068,48519
2018-10-15 04:00:00+00:00,112.069,112.087,111.697,111.794,51778
2018-10-15 08:00:00+00:00,111.777,111.88,111.63,111.865,56812
2018-10-15 12:00:00+00:00,111.875,111.928,111.668,111.829,86366
2018-10-15 16:00:00+00:00,111.801,111.894,111.773,111.79,60466
2018-10-15 20:00:00+00:00,111.79,111.853,111.734,111.842,21126
2018-10-16 00:00:00+00:00,111.847,112.042,111.81,111.968,40599
2018-10-16 04:00:00+00:00,111.98,112.16,111.962,112.102,46199
2018-10-16 08:00:00+00:00,112.093,112.154,111.998,112.032,40240
2018-10-16 12:00:00+00:00,112.029,112.274,112.026,112.166,73833
2018-10-16 16:00:00+00:00,112.158,112.28,112.096,112.226,36844
2018-10-16 20:00:00+00:00,112.204,112.372,112.204,112.343,22225
2018-10-17 00:00:00+00:00,112.316,112.416,112.311,112.361,28161
2018-10-17 04:00:00+00:00,112.355,112.356,112.166,112.236,44719
2018-10-17 08:00:00+00:00,112.229,112.317,112.162,112.281,52494
2018-10-17 12:00:00+00:00,112.274,112.348,112.027,112.201,77764
2018-10-17 16:00:00+00:00,112.184,112.558,112.175,112.533,63219
2018-10-17 20:00:00+00:00,112.536,112.714,112.499,112.625,29785
2018-10-18 00:00:00+00:00,112.6,112.728,112.502,112.532,41395
2018-10-18 04:00:00+00:00,112.534,112.648,112.445,112.616,46192
2018-10-18 08:00:00+00:00,112.604,112.62,112.448,112.469,57720
2018-10-18 12:00:00+00:00,112.458,112.604,112.092,112.135,94136
2018-10-18 16:00:00+00:00,112.128,112.241,111.976,112.222,99683
2018-10-18 20:00:00+00:00,112.22,112.236,112.105,112.199,33984
2018-10-19 00:00:00+00:00,112.197,112.43,112.197,112.384,52645
2018-10-19 04:00:00+00:00,112.392,112.54,112.352,112.438,54677
2018-10-19 08:00:00+00:00,112.438,112.527,112.346,112.484,62170
2018-10-19 12:00:00+00:00,112.505,112.627,112.386,112.517,86502
2018-10-19 16:00:00+00:00,112.528,112.597,112.377,112.554,65634
2018-10-19 20:00:00+00:00,112.54,112.562,112.477,112.511,5421
2018-10-21 20:00:00+00:00,112.574,112.599,112.42,112.462,16424
2018-10-22 00:00:00+00:00,112.446,112.641,112.358,112.618,50102
2018-10-22 04:00:00+00:00,112.633,112.767,112.58,112.754,47079
2018-10-22 08:00:00+00:00,112.757,112.876,112.691,112.807,49408
2018-10-22 12:00:00+00:00,112.793,112.87,112.656,112.799,82366
2018-10-22 16:00:00+00:00,112.801,112.842,112.691,112.813,49052
2018-10-22 20:00:00+00:00,112.811,112.838,112.758,112.758,14983
2018-10-23 00:00:00+00:00,112.734,112.792,112.522,112.578,48246
2018-10-23 04:00:00+00:00,112.564,112.597,112.313,112.321,64672
2018-10-23 08:00:00+00:00,112.341,112.358,112.152,112.275,79303
2018-10-23 12:00:00+00:00,112.26,112.276,111.964,112.113,123010
2018-10-23 16:00:00+00:00,112.122,112.475,112.122,112.369,76637
2018-10-23 20:00:00+00:00,112.371,112.481,112.371,112.454,26674
2018-10-24 00:00:00+00:00,112.448,112.607,112.333,112.578,67258
2018-10-24 04:00:00+00:00,112.582,112.642,112.428,112.509,67084
2018-10-24 08:00:00+00:00,112.492,112.722,112.448,112.722,84139
2018-10-24 12:00:00+00:00,112.706,112.737,112.391,112.591,110228
2018-10-24 16:00:00+00:00,112.576,112.604,112.093,112.145,100667
2018-10-24 20:00:00+00:00,112.173,112.249,111.997,112.0,40069
2018-10-25 00:00:00+00:00,112.034,112.152,111.83,112.085,74667
2018-10-25 04:00:00+00:00,112.061,112.341,111.932,112.305,77682
2018-10-25 08:00:00+00:00,112.296,112.368,112.239,112.332,70491
2018-10-25 12:00:00+00:00,112.367,112.629,112.267,112.541,133880
2018-10-25 16:00:00+00:00,112.529,112.667,112.514,112.542,54503
2018-10-25 20:00:00+00:00,112.549,112.549,112.334,112.354,38979
2018-10-26 00:00:00+00:00,112.323,112.432,112.118,112.17,77134
2018-10-26 04:00:00+00:00,112.193,112.264,112.011,112.011,89959
2018-10-26 08:00:00+00:00,112.016,112.069,111.872,112.016,110606
2018-10-26 12:00:00+00:00,112.029,112.187,111.396,111.645,169158
2018-10-26 16:00:00+00:00,111.683,112.1,111.661,111.786,137448
2018-10-26 20:00:00+00:00,111.802,111.935,111.789,111.873,6565
2018-10-28 20:00:00+00:00,111.86,111.969,111.803,111.921,28862
2018-10-29 00:00:00+00:00,111.912,112.039,111.79,111.891,60492
2018-10-29 04:00:00+00:00,111.909,112.001,111.849,111.929,42458
2018-10-29 08:00:00+00:00,111.884,112.433,111.88,112.372,96401
2018-10-29 12:00:00+00:00,112.381,112.55,112.312,112.488,89807
2018-10-29 16:00:00+00:00,112.524,112.552,112.201,112.386,96609
2018-10-29 20:00:00+00:00,112.354,112.38,112.308,112.324,40542
2018-10-30 00:00:00+00:00,112.312,112.693,112.312,112.661,59643
2018-10-30 04:00:00+00:00,112.657,112.846,112.64,112.807,40143
2018-10-30 08:00:00+00:00,112.822,112.941,112.695,112.933,79765
2018-10-30 12:00:00+00:00,112.942,112.98,112.695,112.753,128113
2018-10-30 16:00:00+00:00,112.776,113.011,112.703,112.969,81944
2018-10-30 20:00:00+00:00,112.966,113.155,112.93,113.067,30152
2018-10-31 00:00:00+00:00,113.046,113.321,113.046,113.238,47629
2018-10-31 04:00:00+00:00,113.225,113.314,113.148,113.194,39534
2018-10-31 08:00:00+00:00,113.206,113.206,113.046,113.094,58790
2018-10-31 12:00:00+00:00,113.11,113.378,112.842,112.863,80882
2018-10-31 16:00:00+00:00,112.853,113.078,112.827,112.827,54692
2018-10-31 20:00:00+00:00,112.838,112.993,112.811,112.855,42316
2018-11-01 00:00:00+00:00,112.843,112.956,112.726,112.852,45762
2018-11-01 04:00:00+00:00,112.857,112.929,112.782,112.901,28920
2018-11-01 08:00:00+00:00,112.905,112.998,112.833,112.904,53062
2018-11-01 12:00:00+00:00,112.916,112.916,112.637,112.789,83438
2018-11-01 16:00:00+00:00,112.786,112.795,112.611,112.699,39040
2018-11-01 20:00:00+00:00,112.706,112.734,112.562,112.734,24826
2018-11-02 00:00:00+00:00,112.73,112.838,112.668,112.698,34433
2018-11-02 04:00:00+00:00,112.707,113.1,112.679,112.968,60818
2018-11-02 08:00:00+00:00,112.944,112.948,112.721,112.886,51108
2018-11-02 12:00:00+00:00,112.891,113.098,112.776,113.098,127975
2018-11-02 16:00:00+00:00,113.114,113.313,113.082,113.177,66679
2018-11-02 20:00:00+00:00,113.186,113.221,113.169,113.191,2965
2018-11-04 20:00:00+00:00,113.152,113.219,113.125,113.138,23521
2018-11-05 00:00:00+00:00,113.116,113.236,113.114,113.195,45262
2018-11-05 04:00:00+00:00,113.193,113.322,113.172,113.191,33664
2018-11-05 08:00:00+00:00,113.192,113.292,113.164,113.258,34145
2018-11-05 12:00:00+00:00,113.257,113.322,113.082,113.203,57050
2018-11-05 16:00:00+00:00,113.196,113.258,113.142,113.214,30687
2018-11-05 20:00:00+00:00,113.213,113.264,113.168,113.264,25052
2018-11-06 00:00:00+00:00,113.262,113.314,113.235,113.294,29807
2018-11-06 04:00:00+00:00,113.293,113.438,113.286,113.337,27278
2018-11-06 08:00:00+00:00,113.328,113.328,113.105,113.151,39477
2018-11-06 12:00:00+00:00,113.146,113.373,113.113,113.373,53217
2018-11-06 16:00:00+00:00,113.366,113.493,113.341,113.402,35271
2018-11-06 20:00:00+00:00,113.396,113.484,113.341,113.341,32785
2018-11-07 00:00:00+00:00,113.349,113.808,112.995,113.248,129743
2018-11-07 04:00:00+00:00,113.271,113.297,113.014,113.064,53568
2018-11-07 08:00:00+00:00,113.064,113.217,112.954,113.145,54544
2018-11-07 12:00:00+00:00,113.124,113.351,113.123,113.348,63607
2018-11-07 16:00:00+00:00,113.342,113.456,113.239,113.346,39364
2018-11-07 20:00:00+00:00,113.339,113.603,113.339,113.567,27579
2018-11-08 00:00:00+00:00,113.564,113.676,113.551,113.674,33535
2018-11-08 04:00:00+00:00,113.677,113.733,113.583,113.702,30444
2018-11-08 08:00:00+00:00,113.702,113.75,113.659,113.683,39669
2018-11-08 12:00:00+00:00,113.684,113.799,113.613,113.799,51924
2018-11-08 16:00:00+00:00,113.803,113.994,113.776,113.987,45545
2018-11-08 20:00:00+00:00,113.971,114.082,113.933,113.963,33113
2018-11-09 00:00:00+00:00,113.963,114.006,113.839,113.91,38353
2018-11-09 04:00:00+00:00,113.907,113.956,113.802,113.842,24868
2018-11-09 08:00:00+00:00,113.841,113.888,113.759,113.839,43663
2018-11-09 12:00:00+00:00,113.847,113.968,113.686,113.717,60770
2018-11-09 16:00:00+00:00,113.729,113.826,113.666,113.793,54251
2018-11-09 20:00:00+00:00,113.802,113.87,113.762,113.799,13778
2018-11-11 20:00:00+00:00,113.845,113.885,113.817,113.846,44258
2018-11-12 00:00:00+00:00,113.843,114.025,113.843,114.001,42500
2018-11-12 04:00:00+00:00,113.988,114.189,113.976,114.166,41583
2018-11-12 08:00:00+00:00,114.165,114.165,113.876,113.876,42165
2018-11-12 12:00:00+00:00,113.885,113.9,113.74,113.77,55121
2018-11-12 16:00:00+00:00,113.761,113.898,113.666,113.853,44035
2018-11-12 20:00:00+00:00,113.854,113.854,113.686,113.692,41517
2018-11-13 00:00:00+00:00,113.687,113.998,113.594,113.995,54377
2018-11-13 04:00:00+00:00,114.022,114.069,113.907,114.062,40970
2018-11-13 08:00:00+00:00,114.07,114.14,113.995,113.996,45529
2018-11-13 12:00:00+00:00,114.003,114.029,113.777,113.913,70430
2018-11-13 16:00:00+00:00,113.926,114.033,113.808,113.848,61351
2018-11-13 20:00:00+00:00,113.856,113.892,113.748,113.795,42975
2018-11-14 00:00:00+00:00,113.798,113.985,113.774,113.932,47600
2018-11-14 04:00:00+00:00,113.925,113.95,113.856,113.898,26988
2018-11-14 08:00:00+00:00,113.902,113.944,113.782,113.86,44550
2018-11-14 12:00:00+00:00,113.868,114.003,113.852,113.91,70938
2018-11-14 16:00:00+00:00,113.907,113.907,113.302,113.501,94849
2018-11-14 20:00:00+00:00,113.522,113.669,113.486,113.563,40761
2018-11-15 00:00:00+00:00,113.555,113.65,113.461,113.472,47635
2018-11-15 04:00:00+00:00,113.457,113.585,113.437,113.532,29825
2018-11-15 08:00:00+00:00,113.525,113.525,113.31,113.478,57039
2018-11-15 12:00:00+00:00,113.484,113.498,113.103,113.251,92057
2018-11-15 16:00:00+00:00,113.248,113.7,113.228,113.593,77465
2018-11-15 20:00:00+00:00,113.588,113.638,113.468,113.561,43256
2018-11-16 00:00:00+00:00,113.56,113.605,113.341,113.422,31893
2018-11-16 04:00:00+00:00,113.409,113.452,113.221,113.294,30449
2018-11-16 08:00:00+00:00,113.302,113.397,113.227,113.327,46488
2018-11-16 12:00:00+00:00,113.361,113.361,112.688,112.832,101637
2018-11-16 16:00:00+00:00,112.824,112.937,112.647,112.824,67794
2018-11-16 20:00:00+00:00,112.825,112.888,112.771,112.821,12641
2018-11-18 20:00:00+00:00,112.756,112.843,112.614,112.725,40846
2018-11-19 00:00:00+00:00,112.73,112.804,112.631,112.726,57232
2018-11-19 04:00:00+00:00,112.721,112.816,112.678,112.732,32557
2018-11-19 08:00:00+00:00,112.764,112.851,112.643,112.792,41464
2018-11-19 12:00:00+00:00,112.801,112.866,112.46,112.574,66830
2018-11-19 16:00:00+00:00,112.577,112.584,112.427,112.534,69045
2018-11-19 20:00:00+00:00,112.521,112.572,112.4,112.454,41988
2018-11-20 00:00:00+00:00,112.455,112.654,112.443,112.558,36391
2018-11-20 04:00:00+00:00,112.554,112.622,112.476,112.514,29467
2018-11-20 08:00:00+00:00,112.512,112.512,112.319,112.492,43467
2018-11-20 12:00:00+00:00,112.459,112.653,112.31,112.628,103628
2018-11-20 16:00:00+00:00,112.631,112.815,112.557,112.723,75490
2018-11-20 20:00:00+00:00,112.751,112.76,112.642,112.708,37104
2018-11-21 00:00:00+00:00,112.716,112.927,112.715,112.884,45021
2018-11-21 04:00:00+00:00,112.892,112.918,112.801,112.869,26435
2018-11-21 08:00:00+00:00,112.844,113.136,112.825,113.005,51621
2018-11-21 12:00:00+00:00,113.007,113.102,112.871,112.979,73148
2018-11-21 16:00:00+00:00,112.962,113.1,112.962,113.076,36982
2018-11-21 20:00:00+00:00,113.088,113.114,113.016,113.03,29423
2018-11-22 00:00:00+00:00,113.014,113.128,112.962,112.999,26708
2018-11-22 04:00:00+00:00,112.998,113.075,112.969,113.015,22230
2018-11-22 08:00:00+00:00,113.027,113.027,112.888,112.941,31389
2018-11-22 12:00:00+00:00,112.947,112.992,112.922,112.977,24557
2018-11-22 16:00:00+00:00,112.97,113.001,112.945,112.957,61776
2018-11-22 20:00:00+00:00,112.97,112.991,112.919,112.984,43025
2018-11-23 00:00:00+00:00,112.998,113.012,112.921,112.927,19600
2018-11-23 04:00:00+00:00,112.932,112.935,112.828,112.855,18012
2018-11-23 08:00:00+00:00,112.839,112.906,112.782,112.815,36045
2018-11-23 12:00:00+00:00,112.815,112.845,112.67,112.765,55212
2018-11-23 16:00:00+00:00,112.775,112.883,112.772,112.883,32664
2018-11-23 20:00:00+00:00,112.877,112.956,112.866,112.952,39168
2018-11-25 20:00:00+00:00,112.898,112.933,112.88,112.917,36724
2018-11-26 00:00:00+00:00,112.914,113.273,112.907,113.205,45803
2018-11-26 04:00:00+00:00,113.203,113.268,113.167,113.235,30263
2018-11-26 08:00:00+00:00,113.258,113.35,113.17,113.193,42788
2018-11-26 12:00:00+00:00,113.202,113.596,113.197,113.591,48692
2018-11-26 16:00:00+00:00,113.589,113.641,113.484,113.641,31500
2018-11-26 20:00:00+00:00,113.635,113.64,113.5,113.504,27945
2018-11-27 00:00:00+00:00,113.507,113.533,113.416,113.533,27355
2018-11-27 04:00:00+00:00,113.518,113.648,113.451,113.584,35458
2018-11-27 08:00:00+00:00,113.563,113.652,113.547,113.622,35159
2018-11-27 12:00:00+00:00,113.598,113.796,113.527,113.787,58506
2018-11-27 16:00:00+00:00,113.78,113.84,113.707,113.782,46670
2018-11-27 20:00:00+00:00,113.788,113.801,113.735,113.797,19890
2018-11-28 00:00:00+00:00,113.787,113.844,113.755,113.821,26322
2018-11-28 04:00:00+00:00,113.819,113.896,113.819,113.866,19865
2018-11-28 08:00:00+00:00,113.854,113.87,113.716,113.761,25678
2018-11-28 12:00:00+00:00,113.756,114.012,113.756,114.012,47251
2018-11-28 16:00:00+00:00,114.026,114.032,113.47,113.531,80431
2018-11-28 20:00:00+00:00,113.544,113.684,113.533,113.566,30077
2018-11-29 00:00:00+00:00,113.576,113.611,113.373,113.386,31106
2018-11-29 04:00:00+00:00,113.391,113.394,113.217,113.237,23449
2018-11-29 08:00:00+00:00,113.253,113.415,113.242,113.395,31377
2018-11-29 12:00:00+00:00,113.404,113.404,113.206,113.295,67483
2018-11-29 16:00:00+00:00,113.297,113.552,113.258,113.435,46516
2018-11-29 20:00:00+00:00,113.447,113.481,113.334,113.414,21350
2018-11-30 00:00:00+00:00,113.429,113.451,113.347,113.402,28579
2018-11-30 04:00:00+00:00,113.402,113.467,113.357,113.467,19135
2018-11-30 08:00:00+00:00,113.467,113.541,113.41,113.498,28337
2018-11-30 12:00:00+00:00,113.496,113.6,113.452,113.541,55234
2018-11-30 16:00:00+00:00,113.54,113.696,113.512,113.609,33709
2018-11-30 20:00:00+00:00,113.61,113.616,113.453,113.453,10552
2018-12-02 20:00:00+00:00,113.642,113.817,113.624,113.771,31932
2018-12-03 00:00:00+00:00,113.764,113.764,113.519,113.529,28935
2018-12-03 04:00:00+00:00,113.522,113.556,113.446,113.467,24305
2018-12-03 08:00:00+00:00,113.462,113.598,113.378,113.582,26147
2018-12-03 12:00:00+00:00,113.592,113.601,113.452,113.593,46798
2018-12-03 16:00:00+00:00,113.613,113.7,113.527,113.687,30752
2018-12-03 20:00:00+00:00,113.682,113.682,113.55,113.588,26460
2018-12-04 00:00:00+00:00,113.592,113.616,113.291,113.305,39894
2018-12-04 04:00:00+00:00,113.305,113.324,113.046,113.11,38671
2018-12-04 08:00:00+00:00,113.131,113.137,112.731,112.776,41097
2018-12-04 12:00:00+00:00,112.772,113.009,112.768,113.004,57472
2018-12-04 16:00:00+00:00,112.996,112.996,112.591,112.811,82325
2018-12-04 20:00:00+00:00,112.8,112.837,112.651,112.691,44073
2018-12-05 00:00:00+00:00,112.702,113.024,112.696,112.916,39898
2018-12-05 04:00:00+00:00,112.917,113.116,112.917,113.082,24104
2018-12-05 08:00:00+00:00,113.104,113.104,112.933,112.96,21959
2018-12-05 12:00:00+00:00,112.954,113.228,112.936,113.137,27057
2018-12-05 16:00:00+00:00,113.124,113.207,113.106,113.19,14802
2018-12-05 20:00:00+00:00,113.195,113.24,112.988,113.045,29126
2018-12-06 00:00:00+00:00,113.069,113.095,112.683,112.722,55566
2018-12-06 04:00:00+00:00,112.731,113.149,112.595,113.091,49960
2018-12-06 08:00:00+00:00,113.092,113.092,112.619,112.793,60824
2018-12-06 12:00:00+00:00,112.792,112.831,112.256,112.362,129413
2018-12-06 16:00:00+00:00,112.364,112.642,112.263,112.635,97655
2018-12-06 20:00:00+00:00,112.636,112.76,112.615,112.723,45699
2018-12-07 00:00:00+00:00,112.713,112.817,112.659,112.811,37491
2018-12-07 04:00:00+00:00,112.797,112.925,112.757,112.768,24441
2018-12-07 08:00:00+00:00,112.784,112.853,112.728,112.787,36593
2018-12-07 12:00:00+00:00,112.792,112.904,112.646,112.692,104498
2018-12-07 16:00:00+00:00,112.696,112.768,112.567,112.643,81790
2018-12-07 20:00:00+00:00,112.65,112.713,112.593,112.689,22741
2018-12-09 20:00:00+00:00,112.606,112.67,112.425,112.518,18931
2018-12-10 00:00:00+00:00,112.522,112.598,112.247,112.363,50784
2018-12-10 04:00:00+00:00,112.362,112.641,112.355,112.639,34977
2018-12-10 08:00:00+00:00,112.621,112.749,112.621,112.66,40121
2018-12-10 12:00:00+00:00,112.659,113.037,112.606,112.986,103965
2018-12-10 16:00:00+00:00,112.927,113.276,112.87,113.209,99363
2018-12-10 20:00:00+00:00,113.191,113.366,113.156,113.197,39359
2018-12-11 00:00:00+00:00,113.208,113.225,113.013,113.047,41552
2018-12-11 04:00:00+00:00,113.056,113.177,113.014,113.115,23590
2018-12-11 08:00:00+00:00,113.08,113.158,113.022,113.137,36051
2018-12-11 12:00:00+00:00,113.151,113.355,113.119,113.355,82417
2018-12-11 16:00:00+00:00,113.359,113.458,113.249,113.405,89922
2018-12-11 20:00:00+00:00,113.404,113.438,113.356,113.375,47031
2018-12-12 00:00:00+00:00,113.379,113.509,113.322,113.467,44157
2018-12-12 04:00:00+00:00,113.465,113.515,113.388,113.402,31738
2018-12-12 08:00:00+00:00,113.4,113.488,113.398,113.406,37047
2018-12-12 12:00:00+00:00,113.406,113.439,113.166,113.218,79638
2018-12-12 16:00:00+00:00,113.223,113.296,113.145,113.214,54325
2018-12-12 20:00:00+00:00,113.221,113.289,113.185,113.285,33113
2018-12-13 00:00:00+00:00,113.292,113.494,113.292,113.446,28486
2018-12-13 04:00:00+00:00,113.448,113.495,113.371,113.39,23783
2018-12-13 08:00:00+00:00,113.401,113.497,113.401,113.427,36855
2018-12-13 12:00:00+00:00,113.427,113.639,113.41,113.639,82117
2018-12-13 16:00:00+00:00,113.627,113.706,113.541,113.602,57489
2018-12-13 20:00:00+00:00,113.608,113.634,113.556,113.571,38707
2018-12-14 00:00:00+00:00,113.576,113.64,113.427,113.49,36787
2018-12-14 04:00:00+00:00,113.486,113.594,113.447,113.556,24204
2018-12-14 08:00:00+00:00,113.564,113.606,113.481,113.594,53799
2018-12-14 12:00:00+00:00,113.601,113.673,113.403,113.403,64678
2018-12-14 16:00:00+00:00,113.392,113.451,113.215,113.282,53277
2018-12-14 20:00:00+00:00,113.273,113.408,113.273,113.377,12539
2018-12-16 20:00:00+00:00,113.338,113.408,113.316,113.408,26671
2018-12-17 00:00:00+00:00,113.391,113.5,113.348,113.479,37896
2018-12-17 04:00:00+00:00,113.476,113.519,113.39,113.407,28497
2018-12-17 08:00:00+00:00,113.402,113.427,113.252,113.252,39828
2018-12-17 12:00:00+00:00,113.254,113.306,112.886,112.997,71309
2018-12-17 16:00:00+00:00,112.991,113.032,112.708,112.753,60262
2018-12-17 20:00:00+00:00,112.758,112.858,112.686,112.838,40613
2018-12-18 00:00:00+00:00,112.832,112.832,112.507,112.541,47378
2018-12-18 04:00:00+00:00,112.539,112.647,112.471,112.52,36423
2018-12-18 08:00:00+00:00,112.533,112.539,112.251,112.301,49089
2018-12-18 12:00:00+00:00,112.291,112.621,112.267,112.621,60057
2018-12-18 16:00:00+00:00,112.622,112.622,112.466,112.527,61015
2018-12-18 20:00:00+00:00,112.505,112.6,112.425,112.52,38750
2018-12-19 00:00:00+00:00,112.485,112.6,112.218,112.327,58156
2018-12-19 04:00:00+00:00,112.331,112.435,112.258,112.406,30291
2018-12-19 08:00:00+00:00,112.402,112.414,112.289,112.331,36390
2018-12-19 12:00:00+00:00,112.342,112.362,112.155,112.286,48817
2018-12-19 16:00:00+00:00,112.272,112.602,112.103,112.359,106661
2018-12-19 20:00:00+00:00,112.366,112.645,112.207,112.405,80131
2018-12-20 00:00:00+00:00,112.435,112.602,112.355,112.355,51762
2018-12-20 04:00:00+00:00,112.346,112.346,111.801,111.857,74996
2018-12-20 08:00:00+00:00,111.869,111.941,111.663,111.712,93743
2018-12-20 12:00:00+00:00,111.732,111.815,111.482,111.681,102494
2018-12-20 16:00:00+00:00,111.673,111.675,110.815,111.111,133630
2018-12-20 20:00:00+00:00,111.128,111.306,111.093,111.174,56387
2018-12-21 00:00:00+00:00,111.197,111.384,111.093,111.286,51447
2018-12-21 04:00:00+00:00,111.285,111.453,111.264,111.264,48031
2018-12-21 08:00:00+00:00,111.282,111.307,111.058,111.184,85067
2018-12-21 12:00:00+00:00,111.172,111.339,110.934,111.167,112229
2018-12-21 16:00:00+00:00,111.115,111.448,111.05,111.301,105291
2018-12-21 20:00:00+00:00,111.28,111.352,111.199,111.204,21216
2018-12-23 20:00:00+00:00,110.975,111.187,110.972,111.077,34508
2018-12-24 00:00:00+00:00,111.101,111.104,111.003,111.086,55438
2018-12-24 04:00:00+00:00,111.092,111.125,111.027,111.048,40589
2018-12-24 08:00:00+00:00,111.072,111.148,110.929,111.085,70704
2018-12-24 12:00:00+00:00,111.085,111.096,110.287,110.5,139733
2018-12-24 16:00:00+00:00,110.507,110.53,110.281,110.33,99508
2018-12-26 04:00:00+00:00,110.444,110.543,110.379,110.419,16317
2018-12-26 08:00:00+00:00,110.41,110.608,110.369,110.608,28809
2018-12-26 12:00:00+00:00,110.589,110.709,110.322,110.341,70332
2018-12-26 16:00:00+00:00,110.327,111.358,110.287,111.358,87755
2018-12-26 20:00:00+00:00,111.367,111.399,111.179,111.219,79299
2018-12-27 00:00:00+00:00,111.211,111.211,110.905,110.949,87282
2018-12-27 04:00:00+00:00,110.947,111.221,110.854,110.924,76531
2018-12-27 08:00:00+00:00,110.909,110.947,110.742,110.889,112894
2018-12-27 12:00:00+00:00,110.883,110.892,110.662,110.744,118328
2018-12-27 16:00:00+00:00,110.743,110.846,110.458,110.75,93306
2018-12-27 20:00:00+00:00,110.801,111.096,110.738,110.841,63557
2018-12-28 00:00:00+00:00,110.862,110.937,110.545,110.556,63681
2018-12-28 04:00:00+00:00,110.556,110.705,110.375,110.4,40359
2018-12-28 08:00:00+00:00,110.408,110.49,110.241,110.273,75621
2018-12-28 12:00:00+00:00,110.269,110.525,110.236,110.405,80924
2018-12-28 16:00:00+00:00,110.427,110.435,110.315,110.395,62586
2018-12-28 20:00:00+00:00,110.387,110.387,110.158,110.251,24589
2018-12-30 20:00:00+00:00,110.318,110.417,110.25,110.321,10382
2018-12-31 00:00:00+00:00,110.323,110.471,110.323,110.429,25762
2018-12-31 04:00:00+00:00,110.429,110.442,110.234,110.234,25546
2018-12-31 08:00:00+00:00,110.253,110.253,109.883,109.943,58323
2018-12-31 12:00:00+00:00,109.934,110.044,109.699,109.776,70881
2018-12-31 16:00:00+00:00,109.694,109.819,109.643,109.684,42484
2019-01-02 04:00:00+00:00,109.417,109.417,109.132,109.308,28153
2019-01-02 08:00:00+00:00,109.292,109.292,108.714,109.106,96371
2019-01-02 12:00:00+00:00,109.137,109.38,108.863,109.282,92867
2019-01-02 16:00:00+00:00,109.285,109.455,109.196,109.196,65678
2019-01-02 20:00:00+00:00,109.136,109.151,105.058,107.425,106670
2019-01-03 00:00:00+00:00,107.483,107.842,107.025,107.157,74252
2019-01-03 04:00:00+00:00,107.166,107.635,106.759,107.552,80695
2019-01-03 08:00:00+00:00,107.502,107.943,107.475,107.551,79249
2019-01-03 12:00:00+00:00,107.535,107.972,107.179,107.542,138660
2019-01-03 16:00:00+00:00,107.545,108.276,107.505,107.734,129981
2019-01-03 20:00:00+00:00,107.762,107.956,107.416,107.851,80118
2019-01-04 00:00:00+00:00,107.815,108.437,107.519,108.329,92916
2019-01-04 04:00:00+00:00,108.317,108.425,107.837,107.849,50181
2019-01-04 08:00:00+00:00,107.899,108.047,107.877,107.99,66045
2019-01-04 12:00:00+00:00,107.993,108.574,107.976,108.111,136333
2019-01-04 16:00:00+00:00,108.136,108.558,108.083,108.514,85076
2019-01-04 20:00:00+00:00,108.52,108.52,108.432,108.504,18162
2019-01-06 20:00:00+00:00,108.494,108.615,108.365,108.549,25031
2019-01-07 00:00:00+00:00,108.499,108.597,108.073,108.136,57999
2019-01-07 04:00:00+00:00,108.127,108.302,108.045,108.187,48953
2019-01-07 08:00:00+00:00,108.156,108.4,108.08,108.356,47479
2019-01-07 12:00:00+00:00,108.321,108.538,108.213,108.436,73020
2019-01-07 16:00:00+00:00,108.442,108.671,108.429,108.596,53869
2019-01-07 20:00:00+00:00,108.618,108.747,108.596,108.626,30649
2019-01-08 00:00:00+00:00,108.643,108.901,108.518,108.879,52080
2019-01-08 04:00:00+00:00,108.908,109.083,108.739,108.979,46233
2019-01-08 08:00:00+00:00,108.933,109.011,108.684,108.726,52406
2019-01-08 12:00:00+00:00,108.722,108.949,108.608,108.617,73236
2019-01-08 16:00:00+00:00,108.618,108.676,108.445,108.647,63353
2019-01-08 20:00:00+00:00,108.65,108.848,108.627,108.753,33341
2019-01-09 00:00:00+00:00,108.746,108.974,108.684,108.898,51089
2019-01-09 04:00:00+00:00,108.909,108.973,108.822,108.913,38020
2019-01-09 08:00:00+00:00,108.917,108.958,108.807,108.913,44625
2019-01-09 12:00:00+00:00,108.911,108.932,108.064,108.187,92971
2019-01-09 16:00:00+00:00,108.177,108.411,108.067,108.28,78011
2019-01-09 20:00:00+00:00,108.265,108.296,107.998,108.186,49464
2019-01-10 00:00:00+00:00,108.156,108.253,107.861,107.873,75745
2019-01-10 04:00:00+00:00,107.822,107.976,107.772,107.921,38240
2019-01-10 08:00:00+00:00,107.94,108.211,107.84,108.03,53651
2019-01-10 12:00:00+00:00,108.046,108.217,107.925,108.201,63215
2019-01-10 16:00:00+00:00,108.209,108.457,108.209,108.417,71497
2019-01-10 20:00:00+00:00,108.426,108.495,108.283,108.283,36652
2019-01-11 00:00:00+00:00,108.302,108.424,108.256,108.296,46833
2019-01-11 04:00:00+00:00,108.297,108.416,108.239,108.329,30134
2019-01-11 08:00:00+00:00,108.322,108.35,108.238,108.31,41892
2019-01-11 12:00:00+00:00,108.305,108.58,108.151,108.405,77906
2019-01-11 16:00:00+00:00,108.404,108.504,108.313,108.493,33807
2019-01-11 20:00:00+00:00,108.498,108.56,108.491,108.554,11368
2019-01-13 20:00:00+00:00,108.541,108.541,108.4,108.453,11560
2019-01-14 00:00:00+00:00,108.459,108.482,108.062,108.151,31872
2019-01-14 04:00:00+00:00,108.147,108.179,108.051,108.091,27014
2019-01-14 08:00:00+00:00,108.11,108.215,108.004,108.094,47692
2019-01-14 12:00:00+00:00,108.111,108.346,108.045,108.323,56606
2019-01-14 16:00:00+00:00,108.306,108.342,108.162,108.201,36854
2019-01-14 20:00:00+00:00,108.201,108.256,108.136,108.239,37510
2019-01-15 00:00:00+00:00,108.245,108.554,108.202,108.554,46557
2019-01-15 04:00:00+00:00,108.562,108.738,108.513,108.65,34486
2019-01-15 08:00:00+00:00,108.668,108.697,108.361,108.379,46715
2019-01-15 12:00:00+00:00,108.359,108.583,108.339,108.512,81745
2019-01-15 16:00:00+00:00,108.512,108.742,108.411,108.571,64531
2019-01-15 20:00:00+00:00,108.584,108.732,108.496,108.653,39462
2019-01-16 00:00:00+00:00,108.664,108.664,108.373,108.506,43720
2019-01-16 04:00:00+00:00,108.529,108.62,108.435,108.619,26568
2019-01-16 08:00:00+00:00,108.625,108.871,108.538,108.846,42247
2019-01-16 12:00:00+00:00,108.842,108.899,108.684,108.856,50421
2019-01-16 16:00:00+00:00,108.836,108.991,108.79,108.917,46490
2019-01-16 20:00:00+00:00,108.912,109.188,108.912,109.04,58699
2019-01-17 00:00:00+00:00,109.033,109.061,108.837,108.984,42254
2019-01-17 04:00:00+00:00,108.996,109.061,108.75,108.781,30937
2019-01-17 08:00:00+00:00,108.787,108.878,108.703,108.878,40952
2019-01-17 12:00:00+00:00,108.879,109.034,108.695,109.01,59306
2019-01-17 16:00:00+00:00,109.013,109.396,108.936,109.239,57653
2019-01-17 20:00:00+00:00,109.172,109.29,109.057,109.145,59549
2019-01-18 00:00:00+00:00,109.133,109.393,109.133,109.369,46530
2019-01-18 04:00:00+00:00,109.357,109.454,109.314,109.366,29570
2019-01-18 08:00:00+00:00,109.354,109.594,109.354,109.507,38628
2019-01-18 12:00:00+00:00,109.519,109.699,109.347,109.682,74873
2019-01-18 16:00:00+00:00,109.658,109.881,109.652,109.776,44744
2019-01-18 20:00:00+00:00,109.758,109.794,109.699,109.768,15222
2019-01-20 20:00:00+00:00,109.707,109.758,109.661,109.683,23574
2019-01-21 00:00:00+00:00,109.634,109.703,109.479,109.633,39136
2019-01-21 04:00:00+00:00,109.639,109.639,109.525,109.581,26200
2019-01-21 08:00:00+00:00,109.592,109.68,109.565,109.601,24541
2019-01-21 12:00:00+00:00,109.598,109.69,109.598,109.623,22918
2019-01-21 16:00:00+00:00,109.618,109.666,109.598,109.642,20668
2019-01-21 20:00:00+00:00,109.643,109.683,109.609,109.674,27881
2019-01-22 00:00:00+00:00,109.667,109.685,109.427,109.447,29408
2019-01-22 04:00:00+00:00,109.435,109.473,109.363,109.425,23771
2019-01-22 08:00:00+00:00,109.41,109.502,109.332,109.445,36696
2019-01-22 12:00:00+00:00,109.445,109.468,109.304,109.432,47632
2019-01-22 16:00:00+00:00,109.442,109.459,109.152,109.295,51612
2019-01-22 20:00:00+00:00,109.268,109.436,109.249,109.36,42797
2019-01-23 00:00:00+00:00,109.369,109.773,109.369,109.701,42844
2019-01-23 04:00:00+00:00,109.703,109.724,109.601,109.627,26714
2019-01-23 08:00:00+00:00,109.618,109.711,109.541,109.655,36743
2019-01-23 12:00:00+00:00,109.658,109.974,109.616,109.639,56531
2019-01-23 16:00:00+00:00,109.614,109.646,109.399,109.589,53453
2019-01-23 20:00:00+00:00,109.597,109.617,109.494,109.501,40380
2019-01-24 00:00:00+00:00,109.473,109.633,109.443,109.53,42366
2019-01-24 04:00:00+00:00,109.528,109.737,109.498,109.711,25237
2019-01-24 08:00:00+00:00,109.693,109.798,109.601,109.723,38421
2019-01-24 12:00:00+00:00,109.726,109.779,109.424,109.577,77984
2019-01-24 16:00:00+00:00,109.589,109.733,109.515,109.688,48678
2019-01-24 20:00:00+00:00,109.661,109.686,109.521,109.597,38571
2019-01-25 00:00:00+00:00,109.597,109.865,109.597,109.839,43495
2019-01-25 04:00:00+00:00,109.836,109.868,109.737,109.769,29363
2019-01-25 08:00:00+00:00,109.774,109.892,109.715,109.811,40710
2019-01-25 12:00:00+00:00,109.805,109.948,109.534,109.681,60106
2019-01-25 16:00:00+00:00,109.692,109.896,109.547,109.634,57608
2019-01-25 20:00:00+00:00,109.615,109.66,109.465,109.539,17158
2019-01-27 20:00:00+00:00,109.538,109.583,109.404,109.413,18101
2019-01-28 00:00:00+00:00,109.412,109.448,109.267,109.365,39763
2019-01-28 04:00:00+00:00,109.364,109.414,109.286,109.402,33715
2019-01-28 08:00:00+00:00,109.432,109.498,109.319,109.492,41879
2019-01-28 12:00:00+00:00,109.494,109.522,109.223,109.274,53047
2019-01-28 16:00:00+00:00,109.273,109.383,109.166,109.355,43579
2019-01-28 20:00:00+00:00,109.355,109.396,109.249,109.259,41862
2019-01-29 00:00:00+00:00,109.277,109.298,109.137,109.23,37112
2019-01-29 04:00:00+00:00,109.225,109.337,109.217,109.234,24149
2019-01-29 08:00:00+00:00,109.239,109.459,109.207,109.455,36297
2019-01-29 12:00:00+00:00,109.454,109.535,109.312,109.333,47869
2019-01-29 16:00:00+00:00,109.325,109.431,109.272,109.272,41414
2019-01-29 20:00:00+00:00,109.298,109.437,109.276,109.427,43819
2019-01-30 00:00:00+00:00,109.425,109.425,109.223,109.375,38967
2019-01-30 04:00:00+00:00,109.372,109.373,109.243,109.313,27684
2019-01-30 08:00:00+00:00,109.324,109.441,109.3,109.407,35589
2019-01-30 12:00:00+00:00,109.409,109.736,109.395,109.588,56696
2019-01-30 16:00:00+00:00,109.586,109.637,108.812,108.923,63032
2019-01-30 20:00:00+00:00,108.932,109.061,108.868,108.977,44346
2019-01-31 00:00:00+00:00,108.955,108.998,108.776,108.884,45488
2019-01-31 04:00:00+00:00,108.877,108.877,108.681,108.736,28778
2019-01-31 08:00:00+00:00,108.733,108.772,108.526,108.64,40874
2019-01-31 12:00:00+00:00,108.636,108.833,108.498,108.833,56297
2019-01-31 16:00:00+00:00,108.837,108.895,108.791,108.877,40312
2019-01-31 20:00:00+00:00,108.866,108.933,108.796,108.846,32306
2019-02-01 00:00:00+00:00,108.847,108.952,108.725,108.851,39911
2019-02-01 04:00:00+00:00,108.857,108.967,108.843,108.935,21188
2019-02-01 08:00:00+00:00,108.931,108.965,108.862,108.886,35245
2019-02-01 12:00:00+00:00,108.888,109.47,108.887,109.361,70965
2019-02-01 16:00:00+00:00,109.37,109.577,109.366,109.521,36584
2019-02-01 20:00:00+00:00,109.506,109.544,109.466,109.526,10734
2019-02-03 20:00:00+00:00,109.497,109.532,109.433,109.443,29894
2019-02-04 00:00:00+00:00,109.472,109.636,109.472,109.617,34214
2019-02-04 04:00:00+00:00,109.621,109.846,109.602,109.833,25613
2019-02-04 08:00:00+00:00,109.845,109.914,109.825,109.871,36429
2019-02-04 12:00:00+00:00,109.867,110.15,109.858,110.046,46233
2019-02-04 16:00:00+00:00,110.066,110.072,109.831,109.919,26619
2019-02-04 20:00:00+00:00,109.912,109.98,109.849,109.977,43152
2019-02-05 00:00:00+00:00,109.978,110.033,109.937,109.956,24253
2019-02-05 04:00:00+00:00,109.96,109.96,109.787,109.856,17618
2019-02-05 08:00:00+00:00,109.859,110.036,109.844,109.934,26777
2019-02-05 12:00:00+00:00,109.941,109.978,109.806,109.9,48322
2019-02-05 16:00:00+00:00,109.903,109.994,109.837,109.978,32595
2019-02-05 20:00:00+00:00,109.974,109.992,109.918,109.943,33056
2019-02-06 00:00:00+00:00,109.942,110.007,109.628,109.795,42631
2019-02-06 04:00:00+00:00,109.792,109.839,109.659,109.659,23493
2019-02-06 08:00:00+00:00,109.674,109.757,109.561,109.756,29222
2019-02-06 12:00:00+00:00,109.748,109.838,109.657,109.817,40095
2019-02-06 16:00:00+00:00,109.811,109.996,109.721,109.973,34635
2019-02-06 20:00:00+00:00,109.974,110.041,109.904,109.988,31436
2019-02-07 00:00:00+00:00,109.997,109.997,109.743,109.892,33676
2019-02-07 04:00:00+00:00,109.891,109.989,109.891,109.922,21388
2019-02-07 08:00:00+00:00,109.914,110.078,109.801,109.822,36141
2019-02-07 12:00:00+00:00,109.813,109.838,109.616,109.748,64451
2019-02-07 16:00:00+00:00,109.739,109.865,109.631,109.837,60164
2019-02-07 20:00:00+00:00,109.823,109.874,109.732,109.755,37963
2019-02-08 00:00:00+00:00,109.772,109.833,109.656,109.778,34541
2019-02-08 04:00:00+00:00,109.775,109.794,109.679,109.748,23630
2019-02-08 08:00:00+00:00,109.756,109.894,109.756,109.821,31755
2019-02-08 12:00:00+00:00,109.825,109.872,109.703,109.727,49504
2019-02-08 16:00:00+00:00,109.725,109.82,109.672,109.772,30369
2019-02-08 20:00:00+00:00,109.757,109.797,109.724,109.727,7981
2019-02-10 20:00:00+00:00,109.769,109.864,109.769,109.814,19667
2019-02-11 00:00:00+00:00,109.813,109.983,109.774,109.969,25767
2019-02-11 04:00:00+00:00,109.955,109.999,109.939,109.98,23043
2019-02-11 08:00:00+00:00,109.985,110.257,109.964,110.122,43481
2019-02-11 12:00:00+00:00,110.112,110.457,110.112,110.393,54556
2019-02-11 16:00:00+00:00,110.396,110.467,110.333,110.399,39413
2019-02-11 20:00:00+00:00,110.406,110.465,110.339,110.394,60074
2019-02-12 00:00:00+00:00,110.379,110.648,110.366,110.648,44185
2019-02-12 04:00:00+00:00,110.631,110.631,110.498,110.618,27422
2019-02-12 08:00:00+00:00,110.605,110.644,110.471,110.533,26625
2019-02-12 12:00:00+00:00,110.538,110.542,110.348,110.511,36454
2019-02-12 16:00:00+00:00,110.53,110.548,110.435,110.512,34646
2019-02-12 20:00:00+00:00,110.518,110.534,110.423,110.514,31122
2019-02-13 00:00:00+00:00,110.514,110.699,110.508,110.649,32421
2019-02-13 04:00:00+00:00,110.645,110.687,110.578,110.687,19832
2019-02-13 08:00:00+00:00,110.686,110.768,110.604,110.622,28404
2019-02-13 12:00:00+00:00,110.636,110.882,110.626,110.875,48905
2019-02-13 16:00:00+00:00,110.881,110.992,110.802,110.992,27004
2019-02-13 20:00:00+00:00,110.999,111.054,110.929,110.931,20468
2019-02-14 00:00:00+00:00,110.952,111.096,110.868,111.069,37310
2019-02-14 04:00:00+00:00,111.069,111.117,111.01,111.066,22213
2019-02-14 08:00:00+00:00,111.071,111.105,110.959,111.053,33834
2019-02-14 12:00:00+00:00,111.053,111.061,110.501,110.703,93845
2019-02-14 16:00:00+00:00,110.705,110.737,110.477,110.483,40154
2019-02-14 20:00:00+00:00,110.487,110.564,110.421,110.541,33917
2019-02-15 00:00:00+00:00,110.537,110.537,110.266,110.31,38421
2019-02-15 04:00:00+00:00,110.309,110.471,110.278,110.316,26081
2019-02-15 08:00:00+00:00,110.318,110.468,110.273,110.417,35177
2019-02-15 12:00:00+00:00,110.418,110.638,110.388,110.534,67416
2019-02-15 16:00:00+00:00,110.556,110.572,110.405,110.45,33990
2019-02-15 20:00:00+00:00,110.435,110.46,110.401,110.456,9706
2019-02-17 20:00:00+00:00,110.444,110.574,110.444,110.574,22229
2019-02-18 00:00:00+00:00,110.538,110.558,110.463,110.507,33750
2019-02-18 04:00:00+00:00,110.492,110.588,110.488,110.554,26225
2019-02-18 08:00:00+00:00,110.549,110.61,110.522,110.523,27303
2019-02-18 12:00:00+00:00,110.526,110.607,110.521,110.594,27100
2019-02-18 16:00:00+00:00,110.594,110.601,110.556,110.582,28118
2019-02-18 20:00:00+00:00,110.584,110.655,110.562,110.596,54692
2019-02-19 00:00:00+00:00,110.59,110.619,110.46,110.481,30803
2019-02-19 04:00:00+00:00,110.483,110.706,110.472,110.659,27700
2019-02-19 08:00:00+00:00,110.666,110.815,110.635,110.775,35734
2019-02-19 12:00:00+00:00,110.772,110.795,110.544,110.553,37713
2019-02-19 16:00:00+00:00,110.571,110.697,110.494,110.661,35936
2019-02-19 20:00:00+00:00,110.635,110.654,110.54,110.581,27619
2019-02-20 00:00:00+00:00,110.596,110.929,110.596,110.772,39242
2019-02-20 04:00:00+00:00,110.773,110.932,110.76,110.892,22310
2019-02-20 08:00:00+00:00,110.924,110.942,110.751,110.836,29851
2019-02-20 12:00:00+00:00,110.824,110.873,110.732,110.755,38633
2019-02-20 16:00:00+00:00,110.771,110.867,110.632,110.825,46334
2019-02-20 20:00:00+00:00,110.834,110.897,110.75,110.75,24085
2019-02-21 00:00:00+00:00,110.78,110.855,110.602,110.812,41338
2019-02-21 04:00:00+00:00,110.796,110.824,110.706,110.762,31692
2019-02-21 08:00:00+00:00,110.741,110.769,110.67,110.748,33671
2019-02-21 12:00:00+00:00,110.746,110.755,110.592,110.661,56636
2019-02-21 16:00:00+00:00,110.653,110.836,110.653,110.664,32466
2019-02-21 20:00:00+00:00,110.687,110.723,110.627,110.705,30603
2019-02-22 00:00:00+00:00,110.712,110.758,110.638,110.739,34885
2019-02-22 04:00:00+00:00,110.746,110.798,110.715,110.742,21735
2019-02-22 08:00:00+00:00,110.744,110.903,110.728,110.868,24813
2019-02-22 12:00:00+00:00,110.869,110.886,110.632,110.756,48526
2019-02-22 16:00:00+00:00,110.744,110.754,110.566,110.697,34042
2019-02-22 20:00:00+00:00,110.686,110.693,110.636,110.642,12560
2019-02-24 20:00:00+00:00,110.648,110.796,110.648,110.775,28106
2019-02-25 00:00:00+00:00,110.781,110.851,110.587,110.643,37648
2019-02-25 04:00:00+00:00,110.644,110.689,110.587,110.623,24174
2019-02-25 08:00:00+00:00,110.646,110.76,110.612,110.731,24942
2019-02-25 12:00:00+00:00,110.734,110.905,110.688,110.863,44203
2019-02-25 16:00:00+00:00,110.863,111.233,110.863,111.136,40876
2019-02-25 20:00:00+00:00,111.127,111.132,111.019,111.041,26442
2019-02-26 00:00:00+00:00,111.05,111.075,110.762,110.794,35566
2019-02-26 04:00:00+00:00,110.805,110.838,110.76,110.832,15992
2019-02-26 08:00:00+00:00,110.827,110.885,110.805,110.878,22906
2019-02-26 12:00:00+00:00,110.872,110.891,110.68,110.732,49821
2019-02-26 16:00:00+00:00,110.742,110.8,110.432,110.506,36449
2019-02-26 20:00:00+00:00,110.538,110.596,110.53,110.553,23572
2019-02-27 00:00:00+00:00,110.545,110.613,110.519,110.601,32754
2019-02-27 04:00:00+00:00,110.59,110.624,110.359,110.378,31376
2019-02-27 08:00:00+00:00,110.382,110.487,110.357,110.476,23798
2019-02-27 12:00:00+00:00,110.494,110.911,110.482,110.893,61437
2019-02-27 16:00:00+00:00,110.917,111.072,110.795,111.035,35107
2019-02-27 20:00:00+00:00,111.023,111.047,110.863,110.863,22875
2019-02-28 00:00:00+00:00,110.894,110.932,110.832,110.887,28558
2019-02-28 04:00:00+00:00,110.873,110.927,110.713,110.758,25280
2019-02-28 08:00:00+00:00,110.75,110.844,110.67,110.792,24115
2019-02-28 12:00:00+00:00,110.792,111.43,110.74,111.298,74349
2019-02-28 16:00:00+00:00,111.314,111.437,111.289,111.408,38355
2019-02-28 20:00:00+00:00,111.375,111.493,111.336,111.361,18903
2019-03-01 00:00:00+00:00,111.384,111.763,111.384,111.67,30656
2019-03-01 04:00:00+00:00,111.661,111.838,111.642,111.818,15554
2019-03-01 08:00:00+00:00,111.807,111.98,111.807,111.82,24267
2019-03-01 12:00:00+00:00,111.816,111.919,111.66,111.899,59234
2019-03-01 16:00:00+00:00,111.88,112.074,111.867,112.005,40210
2019-03-01 20:00:00+00:00,112.003,112.01,111.898,111.898,13615
2019-03-03 20:00:00+00:00,111.842,111.959,111.755,111.935,25718
2019-03-04 00:00:00+00:00,111.936,112.011,111.925,111.99,29448
2019-03-04 04:00:00+00:00,111.994,111.994,111.876,111.905,23244
2019-03-04 08:00:00+00:00,111.907,111.953,111.821,111.877,43452
2019-03-04 12:00:00+00:00,111.865,111.981,111.839,111.842,39295
2019-03-04 16:00:00+00:00,111.836,111.836,111.644,111.742,47446
2019-03-04 20:00:00+00:00,111.73,111.78,111.697,111.78,27365
2019-03-05 00:00:00+00:00,111.788,111.929,111.786,111.889,33946
2019-03-05 04:00:00+00:00,111.888,111.953,111.869,111.884,14703
2019-03-05 08:00:00+00:00,111.888,111.982,111.888,111.966,24432
2019-03-05 12:00:00+00:00,111.966,112.109,111.799,111.886,50715
2019-03-05 16:00:00+00:00,111.892,111.999,111.804,111.89,35402
2019-03-05 20:00:00+00:00,111.883,111.906,111.811,111.869,34080
2019-03-06 00:00:00+00:00,111.869,111.869,111.735,111.755,25957
2019-03-06 04:00:00+00:00,111.764,111.838,111.734,111.791,17501
2019-03-06 08:00:00+00:00,111.79,111.915,111.781,111.872,23802
2019-03-06 12:00:00+00:00,111.872,111.872,111.66,111.729,45351
2019-03-06 16:00:00+00:00,111.709,111.805,111.633,111.8,34793
2019-03-06 20:00:00+00:00,111.797,111.806,111.622,111.624,26909
2019-03-07 00:00:00+00:00,111.628,111.722,111.588,111.716,19081
2019-03-07 04:00:00+00:00,111.715,111.785,111.667,111.785,12434
2019-03-07 08:00:00+00:00,111.795,111.795,111.632,111.697,19618
2019-03-07 12:00:00+00:00,111.707,111.843,111.533,111.533,60163
2019-03-07 16:00:00+00:00,111.514,111.655,111.494,111.521,43335
2019-03-07 20:00:00+00:00,111.527,111.673,111.526,111.643,30597
2019-03-08 00:00:00+00:00,111.637,111.642,111.351,111.395,29237
2019-03-08 04:00:00+00:00,111.391,111.407,110.967,110.984,29529
2019-03-08 08:00:00+00:00,111.012,111.21,111.003,111.177,26465
2019-03-08 12:00:00+00:00,111.171,111.194,110.821,111.138,73115
2019-03-08 16:00:00+00:00,111.143,111.186,111.03,111.083,30780
2019-03-08 20:00:00+00:00,111.088,111.173,111.029,111.154,14620
2019-03-10 20:00:00+00:00,111.0,111.146,111.0,111.082,11128
2019-03-11 00:00:00+00:00,111.07,111.149,110.885,111.11,33224
2019-03-11 04:00:00+00:00,111.108,111.299,111.08,111.279,15476
2019-03-11 08:00:00+00:00,111.263,111.277,111.162,111.162,27790
2019-03-11 12:00:00+00:00,111.151,111.235,111.03,111.217,36005
2019-03-11 16:00:00+00:00,111.213,111.272,111.191,111.233,28018
2019-03-11 20:00:00+00:00,111.225,111.355,111.161,111.33,41285
2019-03-12 00:00:00+00:00,111.316,111.44,111.298,111.41,23608
2019-03-12 04:00:00+00:00,111.408,111.415,111.266,111.368,14804
2019-03-12 08:00:00+00:00,111.354,111.462,111.151,111.276,35933
2019-03-12 12:00:00+00:00,111.27,111.38,111.111,111.38,44432
2019-03-12 16:00:00+00:00,111.371,111.394,111.222,111.312,33312
2019-03-12 20:00:00+00:00,111.287,111.352,111.242,111.315,31859
2019-03-13 00:00:00+00:00,111.31,111.37,111.147,111.25,31267
2019-03-13 04:00:00+00:00,111.251,111.356,111.251,111.321,17437
2019-03-13 08:00:00+00:00,111.349,111.418,111.293,111.394,19912
2019-03-13 12:00:00+00:00,111.408,111.457,111.217,111.232,37302
2019-03-13 16:00:00+00:00,111.222,111.26,111.008,111.125,39397
2019-03-13 20:00:00+00:00,111.116,111.302,111.116,111.211,41430
2019-03-14 00:00:00+00:00,111.204,111.612,111.148,111.527,39272
2019-03-14 04:00:00+00:00,111.506,111.633,111.495,111.59,21893
2019-03-14 08:00:00+00:00,111.596,111.728,111.569,111.592,38203
2019-03-14 12:00:00+00:00,111.591,111.717,111.522,111.717,44911
2019-03-14 16:00:00+00:00,111.712,111.827,111.688,111.706,29419
2019-03-14 20:00:00+00:00,111.694,111.757,111.627,111.754,33523
2019-03-15 00:00:00+00:00,111.792,111.897,111.522,111.649,39027
2019-03-15 04:00:00+00:00,111.644,111.717,111.63,111.66,23629
2019-03-15 08:00:00+00:00,111.658,111.757,111.636,111.692,24802
2019-03-15 12:00:00+00:00,111.694,111.732,111.391,111.575,50183
2019-03-15 16:00:00+00:00,111.554,111.594,111.462,111.496,24146
2019-03-15 20:00:00+00:00,111.505,111.517,111.451,111.451,3388
2019-03-17 20:00:00+00:00,111.448,111.564,111.448,111.553,10847
2019-03-18 00:00:00+00:00,111.55,111.623,111.511,111.547,27678
2019-03-18 04:00:00+00:00,111.542,111.581,111.487,111.487,21232
2019-03-18 08:00:00+00:00,111.487,111.545,111.445,111.514,29446
2019-03-18 12:00:00+00:00,111.511,111.58,111.407,111.407,38066
2019-03-18 16:00:00+00:00,111.416,111.443,111.3,111.395,26119
2019-03-18 20:00:00+00:00,111.4,111.444,111.373,111.384,19790
2019-03-19 00:00:00+00:00,111.384,111.384,111.16,111.207,31433
2019-03-19 04:00:00+00:00,111.211,111.307,111.211,111.263,16666
2019-03-19 08:00:00+00:00,111.282,111.309,111.187,111.266,21752
2019-03-19 12:00:00+00:00,111.268,111.475,111.226,111.388,38122
2019-03-19 16:00:00+00:00,111.377,111.424,111.266,111.394,32096
2019-03-19 20:00:00+00:00,111.393,111.417,111.324,111.417,19063
2019-03-20 00:00:00+00:00,111.432,111.682,111.432,111.592,26134
2019-03-20 04:00:00+00:00,111.588,111.613,111.53,111.595,17010
2019-03-20 08:00:00+00:00,111.571,111.614,111.491,111.514,24901
2019-03-20 12:00:00+00:00,111.513,111.517,111.375,111.412,34531
2019-03-20 16:00:00+00:00,111.428,111.499,110.562,110.583,98127
2019-03-20 20:00:00+00:00,110.618,110.745,110.595,110.664,38511
2019-03-21 00:00:00+00:00,110.655,110.732,110.459,110.479,21804
2019-03-21 04:00:00+00:00,110.478,110.555,110.355,110.372,23171
2019-03-21 08:00:00+00:00,110.368,110.646,110.299,110.487,40747
2019-03-21 12:00:00+00:00,110.502,110.95,110.384,110.851,56474
2019-03-21 16:00:00+00:00,110.858,110.902,110.774,110.81,43298
2019-03-21 20:00:00+00:00,110.806,110.849,110.753,110.815,17849
2019-03-22 00:00:00+00:00,110.825,110.892,110.653,110.776,37400
2019-03-22 04:00:00+00:00,110.772,110.841,110.727,110.762,22879
2019-03-22 08:00:00+00:00,110.766,110.797,110.319,110.331,73081
2019-03-22 12:00:00+00:00,110.322,110.322,109.766,109.766,99372
2019-03-22 16:00:00+00:00,109.787,110.169,109.787,109.952,70396
2019-03-22 20:00:00+00:00,109.96,109.986,109.899,109.903,4533
2019-03-24 20:00:00+00:00,109.913,110.137,109.913,110.093,12116
2019-03-25 00:00:00+00:00,110.126,110.126,109.73,109.851,56925
2019-03-25 04:00:00+00:00,109.848,110.09,109.843,110.053,41498
2019-03-25 08:00:00+00:00,110.076,110.233,110.055,110.157,46629
2019-03-25 12:00:00+00:00,110.153,110.163,109.925,110.091,68452
2019-03-25 16:00:00+00:00,110.101,110.14,109.762,109.97,55535
2019-03-25 20:00:00+00:00,109.972,110.094,109.914,110.057,39150
2019-03-26 00:00:00+00:00,110.058,110.22,110.008,110.058,40517
2019-03-26 04:00:00+00:00,110.061,110.19,110.038,110.19,30182
2019-03-26 08:00:00+00:00,110.171,110.457,110.125,110.414,46093
2019-03-26 12:00:00+00:00,110.426,110.678,110.36,110.491,68922
2019-03-26 16:00:00+00:00,110.482,110.596,110.423,110.596,49252
2019-03-26 20:00:00+00:00,110.574,110.662,110.455,110.571,34681
2019-03-27 00:00:00+00:00,110.561,110.579,110.412,110.549,49340
2019-03-27 04:00:00+00:00,110.557,110.707,110.518,110.687,30895
2019-03-27 08:00:00+00:00,110.654,110.654,110.241,110.419,50608
2019-03-27 12:00:00+00:00,110.437,110.56,110.301,110.388,92390
2019-03-27 16:00:00+00:00,110.369,110.544,110.352,110.526,61580
2019-03-27 20:00:00+00:00,110.525,110.534,110.419,110.501,29922
2019-03-28 00:00:00+00:00,110.48,110.48,110.13,110.181,55276
2019-03-28 04:00:00+00:00,110.182,110.207,110.02,110.077,37468
2019-03-28 08:00:00+00:00,110.091,110.42,110.073,110.353,49475
2019-03-28 12:00:00+00:00,110.34,110.828,110.324,110.554,97228
2019-03-28 16:00:00+00:00,110.569,110.669,110.539,110.578,45043
2019-03-28 20:00:00+00:00,110.583,110.711,110.583,110.632,18934
2019-03-29 00:00:00+00:00,110.686,110.912,110.554,110.728,43175
2019-03-29 04:00:00+00:00,110.702,110.833,110.569,110.742,38742
2019-03-29 08:00:00+00:00,110.705,110.881,110.705,110.755,41770
2019-03-29 12:00:00+00:00,110.737,110.946,110.64,110.679,74069
2019-03-29 16:00:00+00:00,110.679,110.855,110.679,110.812,37869
2019-03-29 20:00:00+00:00,110.824,110.853,110.808,110.853,4645
2019-03-31 20:00:00+00:00,110.994,111.044,110.878,110.988,19326
2019-04-01 00:00:00+00:00,110.997,111.178,110.966,111.082,43212
2019-04-01 04:00:00+00:00,111.08,111.138,111.014,111.046,40832
2019-04-01 08:00:00+00:00,111.043,111.072,110.949,110.987,28751
2019-04-01 12:00:00+00:00,110.973,111.311,110.855,111.297,68236
2019-04-01 16:00:00+00:00,111.297,111.441,111.297,111.352,24662
2019-04-01 20:00:00+00:00,111.363,111.453,111.313,111.449,22028
2019-04-02 00:00:00+00:00,111.437,111.437,111.29,111.356,27654
2019-04-02 04:00:00+00:00,111.357,111.419,111.293,111.37,24423
2019-04-02 08:00:00+00:00,111.376,111.396,111.296,111.365,25087
2019-04-02 12:00:00+00:00,111.367,111.428,111.257,111.331,44008
2019-04-02 16:00:00+00:00,111.327,111.397,111.322,111.37,28670
2019-04-02 20:00:00+00:00,111.372,111.372,111.306,111.309,30283
2019-04-03 00:00:00+00:00,111.322,111.514,111.219,111.478,41027
2019-04-03 04:00:00+00:00,111.483,111.574,111.36,111.515,40942
2019-04-03 08:00:00+00:00,111.531,111.56,111.448,111.487,22928
2019-04-03 12:00:00+00:00,111.482,111.501,111.342,111.481,47815
2019-04-03 16:00:00+00:00,111.468,111.497,111.415,111.485,32235
2019-04-03 20:00:00+00:00,111.492,111.513,111.397,111.397,22211
2019-04-04 00:00:00+00:00,111.379,111.508,111.366,111.41,27528
2019-04-04 04:00:00+00:00,111.404,111.441,111.341,111.354,24426
2019-04-04 08:00:00+00:00,111.365,111.431,111.346,111.412,22285
2019-04-04 12:00:00+00:00,111.42,111.623,111.402,111.554,45519
2019-04-04 16:00:00+00:00,111.558,111.598,111.506,111.587,26571
2019-04-04 20:00:00+00:00,111.596,111.672,111.59,111.654,27004
2019-04-05 00:00:00+00:00,111.66,111.784,111.66,111.701,31080
2019-04-05 04:00:00+00:00,111.708,111.717,111.618,111.67,22749
2019-04-05 08:00:00+00:00,111.676,111.74,111.676,111.711,19573
2019-04-05 12:00:00+00:00,111.708,111.82,111.618,111.709,56632
2019-04-05 16:00:00+00:00,111.716,111.75,111.667,111.676,19756
2019-04-05 20:00:00+00:00,111.677,111.716,111.677,111.7,2175
2019-04-07 20:00:00+00:00,111.655,111.738,111.65,111.714,20055
2019-04-08 00:00:00+00:00,111.706,111.706,111.354,111.404,44613
2019-04-08 04:00:00+00:00,111.403,111.461,111.352,111.451,25809
2019-04-08 08:00:00+00:00,111.452,111.496,111.396,111.451,21538
2019-04-08 12:00:00+00:00,111.455,111.519,111.291,111.474,43131
2019-04-08 16:00:00+00:00,111.468,111.534,111.44,111.485,20110
2019-04-08 20:00:00+00:00,111.486,111.506,111.45,111.451,26761
2019-04-09 00:00:00+00:00,111.451,111.564,111.287,111.379,28593
2019-04-09 04:00:00+00:00,111.384,111.384,111.252,111.262,21034
2019-04-09 08:00:00+00:00,111.267,111.376,111.249,111.351,26376
2019-04-09 12:00:00+00:00,111.351,111.351,110.996,111.087,51776
2019-04-09 16:00:00+00:00,111.07,111.142,111.069,111.134,19623
2019-04-09 20:00:00+00:00,111.134,111.164,111.066,111.092,20400
2019-04-10 00:00:00+00:00,111.1,111.211,111.077,111.15,29968
2019-04-10 04:00:00+00:00,111.151,111.232,111.116,111.181,22513
2019-04-10 08:00:00+00:00,111.18,111.237,111.123,111.162,24296
2019-04-10 12:00:00+00:00,111.166,111.242,110.893,110.926,65061
2019-04-10 16:00:00+00:00,110.938,110.98,110.845,110.963,27660
2019-04-10 20:00:00+00:00,110.973,111.01,110.907,110.987,31000
2019-04-11 00:00:00+00:00,110.995,111.116,110.995,111.061,23247
2019-04-11 04:00:00+00:00,111.062,111.163,111.046,111.094,26745
2019-04-11 08:00:00+00:00,111.089,111.213,111.089,111.19,24465
2019-04-11 12:00:00+00:00,111.197,111.528,111.195,111.485,53549
2019-04-11 16:00:00+00:00,111.487,111.696,111.486,111.64,26610
2019-04-11 20:00:00+00:00,111.646,111.669,111.588,111.646,37857
2019-04-12 00:00:00+00:00,111.638,111.797,111.638,111.758,35105
2019-04-12 04:00:00+00:00,111.752,111.877,111.726,111.861,19985
2019-04-12 08:00:00+00:00,111.856,111.989,111.85,111.982,40018
2019-04-12 12:00:00+00:00,111.97,112.015,111.869,111.998,48630
2019-04-12 16:00:00+00:00,112.005,112.089,111.996,112.01,19907
2019-04-12 20:00:00+00:00,112.009,112.02,111.991,112.005,3455
2019-04-14 20:00:00+00:00,111.944,112.054,111.944,112.039,16293
2019-04-15 00:00:00+00:00,112.039,112.09,111.92,111.927,23866
2019-04-15 04:00:00+00:00,111.926,111.965,111.891,111.917,23519
2019-04-15 08:00:00+00:00,111.917,111.979,111.907,111.972,27822
2019-04-15 12:00:00+00:00,111.976,112.066,111.951,112.004,42103
2019-04-15 16:00:00+00:00,111.994,112.039,111.966,111.982,15445
2019-04-15 20:00:00+00:00,111.995,112.049,111.934,111.951,24430
2019-04-16 00:00:00+00:00,111.953,112.041,111.893,111.942,25633
2019-04-16 04:00:00+00:00,111.941,111.962,111.856,111.894,32991
2019-04-16 08:00:00+00:00,111.901,111.958,111.852,111.928,36528
2019-04-16 12:00:00+00:00,111.941,112.031,111.907,111.958,47554
2019-04-16 16:00:00+00:00,111.959,112.015,111.959,112.015,19977
2019-04-16 20:00:00+00:00,112.017,112.032,111.974,111.995,24302
2019-04-17 00:00:00+00:00,111.989,112.163,111.93,111.957,39157
2019-04-17 04:00:00+00:00,111.961,112.023,111.947,112.014,21163
2019-04-17 08:00:00+00:00,112.016,112.063,111.967,111.981,27972
2019-04-17 12:00:00+00:00,111.974,112.015,111.939,112.0,41513
2019-04-17 16:00:00+00:00,112.009,112.122,111.972,112.092,25238
2019-04-17 20:00:00+00:00,112.089,112.103,112.008,112.034,19669
2019-04-18 00:00:00+00:00,112.045,112.045,111.876,111.88,28993
2019-04-18 04:00:00+00:00,111.882,111.934,111.832,111.841,34364
2019-04-18 08:00:00+00:00,111.807,111.943,111.784,111.898,40631
2019-04-18 12:00:00+00:00,111.909,112.007,111.852,111.944,53602
2019-04-18 16:00:00+00:00,111.941,111.995,111.926,111.934,19909
2019-04-18 20:00:00+00:00,111.938,111.996,111.933,111.993,60093
2019-04-19 00:00:00+00:00,111.991,112.004,111.903,111.93,16240
2019-04-19 04:00:00+00:00,111.93,111.932,111.906,111.92,42004
2019-04-19 08:00:00+00:00,111.921,111.931,111.903,111.918,57155
2019-04-19 12:00:00+00:00,111.917,111.938,111.916,111.924,50667
2019-04-19 16:00:00+00:00,111.927,111.933,111.916,111.927,37085
2019-04-19 20:00:00+00:00,111.925,111.942,111.908,111.916,8679
2019-04-21 20:00:00+00:00,111.852,111.941,111.842,111.916,14854
2019-04-22 00:00:00+00:00,111.917,111.989,111.908,111.915,26408
2019-04-22 04:00:00+00:00,111.916,111.941,111.893,111.898,16080
2019-04-22 08:00:00+00:00,111.899,111.936,111.893,111.93,16513
2019-04-22 12:00:00+00:00,111.931,111.948,111.906,111.948,33887
2019-04-22 16:00:00+00:00,111.943,111.956,111.907,111.93,18137
2019-04-22 20:00:00+00:00,111.929,111.949,111.9,111.934,30457
2019-04-23 00:00:00+00:00,111.932,111.972,111.666,111.84,30932
2019-04-23 04:00:00+00:00,111.831,111.928,111.813,111.853,24600
2019-04-23 08:00:00+00:00,111.852,111.908,111.834,111.904,22331
2019-04-23 12:00:00+00:00,111.91,112.026,111.869,111.878,39313
2019-04-23 16:00:00+00:00,111.856,111.884,111.773,111.821,20571
2019-04-23 20:00:00+00:00,111.821,111.887,111.821,111.882,34196
2019-04-24 00:00:00+00:00,111.867,111.975,111.775,111.775,29766
2019-04-24 04:00:00+00:00,111.781,111.848,111.757,111.816,23721
2019-04-24 08:00:00+00:00,111.82,111.916,111.796,111.826,28287
2019-04-24 12:00:00+00:00,111.829,111.891,111.698,111.814,39942
2019-04-24 16:00:00+00:00,111.811,112.399,111.806,112.201,38508
2019-04-24 20:00:00+00:00,112.194,112.226,112.053,112.12,33650
2019-04-25 00:00:00+00:00,112.144,112.232,111.873,111.97,41197
2019-04-25 04:00:00+00:00,111.965,112.0,111.76,111.835,30260
2019-04-25 08:00:00+00:00,111.838,111.897,111.817,111.892,28911
2019-04-25 12:00:00+00:00,111.883,111.894,111.411,111.593,59711
2019-04-25 16:00:00+00:00,111.577,111.672,111.527,111.657,26078
2019-04-25 20:00:00+00:00,111.656,111.656,111.511,111.545,25043
2019-04-26 00:00:00+00:00,111.51,111.76,111.465,111.635,48525
2019-04-26 04:00:00+00:00,111.634,111.711,111.616,111.676,26705
2019-04-26 08:00:00+00:00,111.675,111.775,111.654,111.768,24553
2019-04-26 12:00:00+00:00,111.762,111.903,111.433,111.598,81879
2019-04-26 16:00:00+00:00,111.589,111.629,111.564,111.607,22194
2019-04-26 20:00:00+00:00,111.606,111.646,111.536,111.536,6370
2019-04-28 20:00:00+00:00,111.549,111.612,111.54,111.601,5237
2019-04-29 00:00:00+00:00,111.604,111.635,111.578,111.599,16139
2019-04-29 04:00:00+00:00,111.599,111.758,111.592,111.756,16066
2019-04-29 08:00:00+00:00,111.756,111.772,111.694,111.734,22002
2019-04-29 12:00:00+00:00,111.744,111.893,111.705,111.798,37385
2019-04-29 16:00:00+00:00,111.797,111.826,111.657,111.664,21384
2019-04-29 20:00:00+00:00,111.66,111.689,111.631,111.679,19036
2019-04-30 00:00:00+00:00,111.68,111.682,111.562,111.568,18679
2019-04-30 04:00:00+00:00,111.569,111.574,111.279,111.329,26588
2019-04-30 08:00:00+00:00,111.34,111.419,111.238,111.27,29711
2019-04-30 12:00:00+00:00,111.294,111.462,111.256,111.401,53044
2019-04-30 16:00:00+00:00,111.396,111.407,111.309,111.396,26552
2019-04-30 20:00:00+00:00,111.403,111.464,111.372,111.399,16105
2019-05-01 00:00:00+00:00,111.41,111.498,111.394,111.496,9091
2019-05-01 04:00:00+00:00,111.49,111.547,111.456,111.465,9184
2019-05-01 08:00:00+00:00,111.466,111.472,111.261,111.301,16226
2019-05-01 12:00:00+00:00,111.301,111.425,111.138,111.183,38924
2019-05-01 16:00:00+00:00,111.187,111.602,111.06,111.437,76475
2019-05-01 20:00:00+00:00,111.403,111.471,111.349,111.448,19554
2019-05-02 00:00:00+00:00,111.451,111.66,111.451,111.548,22025
2019-05-02 04:00:00+00:00,111.549,111.597,111.448,111.505,20520
2019-05-02 08:00:00+00:00,111.505,111.553,111.473,111.513,31891
2019-05-02 12:00:00+00:00,111.497,111.568,111.383,111.394,53662
2019-05-02 16:00:00+00:00,111.397,111.526,111.396,111.518,27669
2019-05-02 20:00:00+00:00,111.518,111.533,111.486,111.497,39786
2019-05-03 00:00:00+00:00,111.491,111.494,111.409,111.476,16069
2019-05-03 04:00:00+00:00,111.479,111.53,111.464,111.476,17765
2019-05-03 08:00:00+00:00,111.477,111.533,111.473,111.51,24591
2019-05-03 12:00:00+00:00,111.51,111.622,111.157,111.273,64183
2019-05-03 16:00:00+00:00,111.292,111.308,111.071,111.094,23511
2019-05-03 20:00:00+00:00,111.093,111.115,111.079,111.079,3865
2019-05-05 20:00:00+00:00,110.62,110.842,110.536,110.638,38804
2019-05-06 00:00:00+00:00,110.605,110.705,110.304,110.576,51723
2019-05-06 04:00:00+00:00,110.58,110.851,110.573,110.735,36097
2019-05-06 08:00:00+00:00,110.747,110.852,110.697,110.84,29811
2019-05-06 12:00:00+00:00,110.853,110.956,110.828,110.858,54405
2019-05-06 16:00:00+00:00,110.862,110.939,110.772,110.886,35496
2019-05-06 20:00:00+00:00,110.886,110.886,110.608,110.802,32304
2019-05-07 00:00:00+00:00,110.805,110.805,110.617,110.641,37106
2019-05-07 04:00:00+00:00,110.642,110.767,110.597,110.654,45117
2019-05-07 08:00:00+00:00,110.647,110.675,110.553,110.591,34508
2019-05-07 12:00:00+00:00,110.58,110.669,110.338,110.346,66201
2019-05-07 16:00:00+00:00,110.332,110.401,110.174,110.273,54141
2019-05-07 20:00:00+00:00,110.277,110.315,110.213,110.266,31565
2019-05-08 00:00:00+00:00,110.244,110.244,109.911,109.942,43542
2019-05-08 04:00:00+00:00,109.938,110.168,109.924,110.136,31539
2019-05-08 08:00:00+00:00,110.129,110.177,109.966,110.086,49950
2019-05-08 12:00:00+00:00,110.08,110.232,110.017,110.124,107886
2019-05-08 16:00:00+00:00,110.116,110.217,110.048,110.066,39705
2019-05-08 20:00:00+00:00,110.082,110.124,110.014,110.031,37295
2019-05-09 00:00:00+00:00,110.024,110.071,109.849,109.957,49415
2019-05-09 04:00:00+00:00,109.959,109.966,109.609,109.622,45305
2019-05-09 08:00:00+00:00,109.625,109.916,109.614,109.82,39634
2019-05-09 12:00:00+00:00,109.817,109.855,109.478,109.562,82475
2019-05-09 16:00:00+00:00,109.567,109.895,109.553,109.728,83487
2019-05-09 20:00:00+00:00,109.722,109.826,109.679,109.826,22923
2019-05-10 00:00:00+00:00,109.86,110.04,109.732,109.77,83389
2019-05-10 04:00:00+00:00,109.793,109.871,109.624,109.767,59782
2019-05-10 08:00:00+00:00,109.759,109.877,109.716,109.743,43025
2019-05-10 12:00:00+00:00,109.724,109.763,109.508,109.558,84792
2019-05-10 16:00:00+00:00,109.583,110.042,109.582,109.937,76379
2019-05-10 20:00:00+00:00,109.927,109.974,109.918,109.94,4752
2019-05-12 20:00:00+00:00,109.749,109.834,109.645,109.646,24407
2019-05-13 00:00:00+00:00,109.649,109.802,109.604,109.762,28103
2019-05-13 04:00:00+00:00,109.767,109.783,109.634,109.642,28809
2019-05-13 08:00:00+00:00,109.658,109.712,109.607,109.624,34759
2019-05-13 12:00:00+00:00,109.619,109.63,109.032,109.19,110668
2019-05-13 16:00:00+00:00,109.178,109.378,109.097,109.332,83144
2019-05-13 20:00:00+00:00,109.339,109.346,109.158,109.16,28004
2019-05-14 00:00:00+00:00,109.177,109.634,109.155,109.591,49263
2019-05-14 04:00:00+00:00,109.586,109.771,109.544,109.675,31368
2019-05-14 08:00:00+00:00,109.678,109.754,109.601,109.625,26926
2019-05-14 12:00:00+00:00,109.635,109.704,109.45,109.672,61093
2019-05-14 16:00:00+00:00,109.667,109.707,109.605,109.605,29560
2019-05-14 20:00:00+00:00,109.591,109.683,109.577,109.676,30482
2019-05-15 00:00:00+00:00,109.684,109.684,109.53,109.639,33593
2019-05-15 04:00:00+00:00,109.64,109.702,109.485,109.511,24940
2019-05-15 08:00:00+00:00,109.511,109.542,109.274,109.331,38680
2019-05-15 12:00:00+00:00,109.287,109.663,109.161,109.587,98503
2019-05-15 16:00:00+00:00,109.594,109.597,109.411,109.557,34447
2019-05-15 20:00:00+00:00,109.557,109.598,109.465,109.471,24987
2019-05-16 00:00:00+00:00,109.451,109.527,109.352,109.493,38814
2019-05-16 04:00:00+00:00,109.489,109.531,109.362,109.453,27247
2019-05-16 08:00:00+00:00,109.427,109.677,109.427,109.677,38364
2019-05-16 12:00:00+00:00,109.658,109.958,109.606,109.89,55166
2019-05-16 16:00:00+00:00,109.881,109.898,109.799,109.825,36494
2019-05-16 20:00:00+00:00,109.833,109.882,109.815,109.881,26054
2019-05-17 00:00:00+00:00,109.849,109.998,109.684,109.684,43527
2019-05-17 04:00:00+00:00,109.696,109.759,109.562,109.728,44713
2019-05-17 08:00:00+00:00,109.721,109.721,109.568,109.568,44365
2019-05-17 12:00:00+00:00,109.561,109.986,109.51,109.881,86447
2019-05-17 16:00:00+00:00,109.9,110.149,109.854,110.003,65613
2019-05-17 20:00:00+00:00,110.017,110.071,110.01,110.058,6800
2019-05-19 20:00:00+00:00,110.124,110.201,110.016,110.174,12705
2019-05-20 00:00:00+00:00,110.157,110.303,110.157,110.203,51545
2019-05-20 04:00:00+00:00,110.203,110.231,110.056,110.11,33158
2019-05-20 08:00:00+00:00,110.115,110.165,109.863,109.884,47077
2019-05-20 12:00:00+00:00,109.855,110.002,109.818,109.958,75654
2019-05-20 16:00:00+00:00,109.958,110.037,109.951,110.031,38226
2019-05-20 20:00:00+00:00,110.026,110.097,110.024,110.087,28561
2019-05-21 00:00:00+00:00,110.103,110.249,110.064,110.228,33770
2019-05-21 04:00:00+00:00,110.219,110.232,110.075,110.125,30267
2019-05-21 08:00:00+00:00,110.125,110.427,110.07,110.427,40655
2019-05-21 12:00:00+00:00,110.433,110.649,110.406,110.608,75377
2019-05-21 16:00:00+00:00,110.616,110.671,110.534,110.543,24308
2019-05-21 20:00:00+00:00,110.56,110.591,110.464,110.565,38145
2019-05-22 00:00:00+00:00,110.543,110.626,110.472,110.509,29730
2019-05-22 04:00:00+00:00,110.509,110.516,110.371,110.371,35272
2019-05-22 08:00:00+00:00,110.368,110.481,110.368,110.372,32344
2019-05-22 12:00:00+00:00,110.383,110.404,110.262,110.283,51602
2019-05-22 16:00:00+00:00,110.264,110.349,110.242,110.336,28987
2019-05-22 20:00:00+00:00,110.337,110.355,110.21,110.218,32193
2019-05-23 00:00:00+00:00,110.229,110.351,110.136,110.34,29847
2019-05-23 04:00:00+00:00,110.34,110.344,110.185,110.298,30833
2019-05-23 08:00:00+00:00,110.27,110.298,109.986,110.099,39510
2019-05-23 12:00:00+00:00,110.102,110.102,109.575,109.579,73440
2019-05-23 16:00:00+00:00,109.559,109.639,109.465,109.603,54974
2019-05-23 20:00:00+00:00,109.587,109.626,109.483,109.558,26665
2019-05-24 00:00:00+00:00,109.566,109.725,109.514,109.584,31231
2019-05-24 04:00:00+00:00,109.587,109.628,109.462,109.53,29617
2019-05-24 08:00:00+00:00,109.536,109.725,109.514,109.625,28651
2019-05-24 12:00:00+00:00,109.616,109.638,109.282,109.376,49123
2019-05-24 16:00:00+00:00,109.368,109.418,109.296,109.299,21784
2019-05-24 20:00:00+00:00,109.299,109.301,109.276,109.276,3235
2019-05-26 20:00:00+00:00,109.334,109.419,109.286,109.399,12434
2019-05-27 00:00:00+00:00,109.403,109.504,109.383,109.448,27371
2019-05-27 04:00:00+00:00,109.454,109.579,109.451,109.571,26554
2019-05-27 08:00:00+00:00,109.556,109.556,109.446,109.481,17635
2019-05-27 12:00:00+00:00,109.474,109.548,109.448,109.541,18011
2019-05-27 16:00:00+00:00,109.542,109.563,109.514,109.538,20171
2019-05-27 20:00:00+00:00,109.539,109.55,109.47,109.512,24738
2019-05-28 00:00:00+00:00,109.506,109.626,109.432,109.499,24253
2019-05-28 04:00:00+00:00,109.493,109.572,109.361,109.412,29169
2019-05-28 08:00:00+00:00,109.396,109.447,109.215,109.427,38641
2019-05-28 12:00:00+00:00,109.436,109.602,109.373,109.495,57796
2019-05-28 16:00:00+00:00,109.49,109.575,109.344,109.344,43790
2019-05-28 20:00:00+00:00,109.354,109.383,109.295,109.357,28517
2019-05-29 00:00:00+00:00,109.375,109.423,109.157,109.352,42829
2019-05-29 04:00:00+00:00,109.349,109.349,109.164,109.205,39231
2019-05-29 08:00:00+00:00,109.216,109.414,109.202,109.325,34780
2019-05-29 12:00:00+00:00,109.306,109.442,109.192,109.243,62062
2019-05-29 16:00:00+00:00,109.247,109.695,109.247,109.665,52116
2019-05-29 20:00:00+00:00,109.661,109.661,109.529,109.561,34472
2019-05-30 00:00:00+00:00,109.558,109.63,109.496,109.586,36954
2019-05-30 04:00:00+00:00,109.597,109.825,109.597,109.75,29198
2019-05-30 08:00:00+00:00,109.734,109.757,109.662,109.708,21719
2019-05-30 12:00:00+00:00,109.702,109.919,109.634,109.669,49766
2019-05-30 16:00:00+00:00,109.685,109.713,109.498,109.558,39705
2019-05-30 20:00:00+00:00,109.568,109.632,109.337,109.337,35369
2019-05-31 00:00:00+00:00,109.305,109.392,109.15,109.187,65732
2019-05-31 04:00:00+00:00,109.197,109.204,108.761,108.777,51817
2019-05-31 08:00:00+00:00,108.788,108.872,108.718,108.783,44176
2019-05-31 12:00:00+00:00,108.789,108.892,108.567,108.655,75928
2019-05-31 16:00:00+00:00,108.644,108.644,108.356,108.357,56598
2019-05-31 20:00:00+00:00,108.366,108.381,108.282,108.282,5840
2019-06-02 20:00:00+00:00,108.272,108.342,108.174,108.224,21188
2019-06-03 00:00:00+00:00,108.231,108.315,108.102,108.131,47002
2019-06-03 04:00:00+00:00,108.134,108.379,108.071,108.248,47161
2019-06-03 08:00:00+00:00,108.239,108.393,108.186,108.372,33200
2019-06-03 12:00:00+00:00,108.367,108.436,108.253,108.393,59294
2019-06-03 16:00:00+00:00,108.41,108.41,107.897,107.992,76999
2019-06-03 20:00:00+00:00,108.006,108.095,107.955,108.038,30794
2019-06-04 00:00:00+00:00,108.062,108.062,107.863,108.002,40361
2019-06-04 04:00:00+00:00,108.002,108.068,107.858,108.048,38035
2019-06-04 08:00:00+00:00,108.052,108.161,107.923,108.094,34724
2019-06-04 12:00:00+00:00,108.125,108.359,108.014,108.29,74866
2019-06-04 16:00:00+00:00,108.301,108.301,108.022,108.091,36666
2019-06-04 20:00:00+00:00,108.106,108.259,108.092,108.259,20773
2019-06-05 00:00:00+00:00,108.234,108.236,108.031,108.104,27833
2019-06-05 04:00:00+00:00,108.099,108.271,107.972,108.246,27110
2019-06-05 08:00:00+00:00,108.234,108.364,108.208,108.328,37113
2019-06-05 12:00:00+00:00,108.324,108.335,107.826,108.2,113190
2019-06-05 16:00:00+00:00,108.227,108.482,108.195,108.433,49013
2019-06-05 20:00:00+00:00,108.424,108.462,108.189,108.322,40740
2019-06-06 00:00:00+00:00,108.345,108.406,108.212,108.244,26623
2019-06-06 04:00:00+00:00,108.242,108.246,108.077,108.234,28659
2019-06-06 08:00:00+00:00,108.25,108.26,108.134,108.191,28905
2019-06-06 12:00:00+00:00,108.184,108.308,108.039,108.082,77547
2019-06-06 16:00:00+00:00,108.103,108.528,108.103,108.507,56367
2019-06-06 20:00:00+00:00,108.494,108.562,108.333,108.457,32645
2019-06-07 00:00:00+00:00,108.466,108.528,108.397,108.482,34438
2019-06-07 04:00:00+00:00,108.484,108.502,108.405,108.467,24680
2019-06-07 08:00:00+00:00,108.468,108.602,108.464,108.476,19970
2019-06-07 12:00:00+00:00,108.459,108.491,107.897,108.158,96476
2019-06-07 16:00:00+00:00,108.153,108.254,108.063,108.172,46457
2019-06-07 20:00:00+00:00,108.163,108.212,108.149,108.16,6202
2019-06-09 20:00:00+00:00,108.463,108.551,108.419,108.452,18017
2019-06-10 00:00:00+00:00,108.451,108.543,108.374,108.542,31566
2019-06-10 04:00:00+00:00,108.541,108.676,108.53,108.664,25581
2019-06-10 08:00:00+00:00,108.666,108.71,108.524,108.672,22750
2019-06-10 12:00:00+00:00,108.657,108.672,108.455,108.562,38331
2019-06-10 16:00:00+00:00,108.573,108.583,108.377,108.44,40005
2019-06-10 20:00:00+00:00,108.44,108.498,108.352,108.358,29746
2019-06-11 00:00:00+00:00,108.368,108.631,108.366,108.609,24634
2019-06-11 04:00:00+00:00,108.605,108.655,108.544,108.601,19569
2019-06-11 08:00:00+00:00,108.614,108.751,108.57,108.732,25816
2019-06-11 12:00:00+00:00,108.74,108.8,108.515,108.527,48358
2019-06-11 16:00:00+00:00,108.524,108.555,108.443,108.497,38219
2019-06-11 20:00:00+00:00,108.49,108.564,108.476,108.478,30619
2019-06-12 00:00:00+00:00,108.486,108.56,108.447,108.479,28224
2019-06-12 04:00:00+00:00,108.481,108.494,108.3,108.31,24829
2019-06-12 08:00:00+00:00,108.324,108.385,108.225,108.341,27886
2019-06-12 12:00:00+00:00,108.356,108.532,108.274,108.42,51306
2019-06-12 16:00:00+00:00,108.422,108.532,108.421,108.517,40437
2019-06-12 20:00:00+00:00,108.52,108.536,108.455,108.493,39173
2019-06-13 00:00:00+00:00,108.508,108.527,108.169,108.33,41280
2019-06-13 04:00:00+00:00,108.336,108.377,108.246,108.351,30063
2019-06-13 08:00:00+00:00,108.336,108.497,108.311,108.418,23541
2019-06-13 12:00:00+00:00,108.414,108.516,108.404,108.445,37475
2019-06-13 16:00:00+00:00,108.428,108.471,108.256,108.375,33569
2019-06-13 20:00:00+00:00,108.376,108.397,108.318,108.323,21645
2019-06-14 00:00:00+00:00,108.317,108.394,108.276,108.327,27578
2019-06-14 04:00:00+00:00,108.323,108.351,108.162,108.205,23671
2019-06-14 08:00:00+00:00,108.204,108.261,108.179,108.202,20642
2019-06-14 12:00:00+00:00,108.192,108.496,108.192,108.454,63341
2019-06-14 16:00:00+00:00,108.448,108.584,108.436,108.533,25215
2019-06-14 20:00:00+00:00,108.544,108.563,108.53,108.563,2331
2019-06-16 20:00:00+00:00,108.483,108.587,108.472,108.574,15329
2019-06-17 00:00:00+00:00,108.565,108.701,108.56,108.585,25786
2019-06-17 04:00:00+00:00,108.589,108.651,108.555,108.563,22748
2019-06-17 08:00:00+00:00,108.567,108.721,108.557,108.691,20724
2019-06-17 12:00:00+00:00,108.68,108.683,108.531,108.572,33885
2019-06-17 16:00:00+00:00,108.571,108.641,108.549,108.557,20009
2019-06-17 20:00:00+00:00,108.555,108.573,108.519,108.546,22016
2019-06-18 00:00:00+00:00,108.54,108.557,108.273,108.319,28416
2019-06-18 04:00:00+00:00,108.315,108.337,108.22,108.258,33023
2019-06-18 08:00:00+00:00,108.255,108.344,108.199,108.211,50890
2019-06-18 12:00:00+00:00,108.216,108.675,108.094,108.395,106841
2019-06-18 16:00:00+00:00,108.415,108.5,108.405,108.425,32569
2019-06-18 20:00:00+00:00,108.423,108.598,108.411,108.583,18759
2019-06-19 00:00:00+00:00,108.577,108.608,108.432,108.457,33117
2019-06-19 04:00:00+00:00,108.451,108.451,108.254,108.388,33822
2019-06-19 08:00:00+00:00,108.387,108.446,108.364,108.415,24700
2019-06-19 12:00:00+00:00,108.421,108.493,108.346,108.369,37765
2019-06-19 16:00:00+00:00,108.368,108.402,107.903,108.091,100668
2019-06-19 20:00:00+00:00,108.098,108.135,107.996,108.114,31057
2019-06-20 00:00:00+00:00,108.107,108.109,107.558,107.606,70158
2019-06-20 04:00:00+00:00,107.611,107.756,107.467,107.675,58516
2019-06-20 08:00:00+00:00,107.683,107.86,107.677,107.693,45507
2019-06-20 12:00:00+00:00,107.667,107.754,107.482,107.518,73571
2019-06-20 16:00:00+00:00,107.518,107.524,107.221,107.328,61673
2019-06-20 20:00:00+00:00,107.339,107.387,107.263,107.3,23232
2019-06-21 00:00:00+00:00,107.302,107.362,107.05,107.097,40465
2019-06-21 04:00:00+00:00,107.103,107.52,107.067,107.452,53375
2019-06-21 08:00:00+00:00,107.44,107.571,107.365,107.482,41935
2019-06-21 12:00:00+00:00,107.497,107.73,107.398,107.553,70751
2019-06-21 16:00:00+00:00,107.555,107.555,107.307,107.352,48600
2019-06-21 20:00:00+00:00,107.373,107.377,107.301,107.31,5294
2019-06-23 20:00:00+00:00,107.299,107.377,107.283,107.302,13500
2019-06-24 00:00:00+00:00,107.324,107.421,107.307,107.405,42185
2019-06-24 04:00:00+00:00,107.401,107.481,107.376,107.411,35966
2019-06-24 08:00:00+00:00,107.406,107.436,107.254,107.308,31325
2019-06-24 12:00:00+00:00,107.328,107.519,107.268,107.364,48151
2019-06-24 16:00:00+00:00,107.366,107.422,107.256,107.324,30625
2019-06-24 20:00:00+00:00,107.316,107.366,107.266,107.335,32343
2019-06-25 00:00:00+00:00,107.346,107.403,106.931,106.948,55862
2019-06-25 04:00:00+00:00,106.957,107.043,106.787,107.037,53347
2019-06-25 08:00:00+00:00,107.031,107.138,106.923,107.085,36189
2019-06-25 12:00:00+00:00,107.085,107.112,106.839,106.918,54071
2019-06-25 16:00:00+00:00,106.918,107.394,106.883,107.191,90718
2019-06-25 20:00:00+00:00,107.185,107.246,107.122,107.174,32871
2019-06-26 00:00:00+00:00,107.184,107.497,107.165,107.458,38371
2019-06-26 04:00:00+00:00,107.45,107.499,107.367,107.472,30105
2019-06-26 08:00:00+00:00,107.449,107.748,107.426,107.745,47218
2019-06-26 12:00:00+00:00,107.746,107.753,107.597,107.638,52137
2019-06-26 16:00:00+00:00,107.643,107.846,107.632,107.807,31492
2019-06-26 20:00:00+00:00,107.807,107.813,107.681,107.746,19016
2019-06-27 00:00:00+00:00,107.742,108.096,107.659,108.096,40451
2019-06-27 04:00:00+00:00,108.096,108.157,107.969,108.05,36652
2019-06-27 08:00:00+00:00,108.037,108.046,107.782,107.84,43041
2019-06-27 12:00:00+00:00,107.819,107.946,107.686,107.734,53925
2019-06-27 16:00:00+00:00,107.735,107.785,107.704,107.774,24265
2019-06-27 20:00:00+00:00,107.773,107.854,107.704,107.754,28485
2019-06-28 00:00:00+00:00,107.76,107.775,107.569,107.62,37114
2019-06-28 04:00:00+00:00,107.625,107.763,107.616,107.646,39455
2019-06-28 08:00:00+00:00,107.628,107.746,107.609,107.739,28048
2019-06-28 12:00:00+00:00,107.733,107.855,107.654,107.844,50369
2019-06-28 16:00:00+00:00,107.844,107.9,107.761,107.813,28554
2019-06-28 20:00:00+00:00,107.802,107.927,107.802,107.912,7121
2019-06-30 20:00:00+00:00,108.18,108.494,108.165,108.378,32421
2019-07-01 00:00:00+00:00,108.347,108.347,108.104,108.267,40364
2019-07-01 04:00:00+00:00,108.26,108.528,108.235,108.334,42481
2019-07-01 08:00:00+00:00,108.314,108.331,108.222,108.294,40722
2019-07-01 12:00:00+00:00,108.295,108.444,108.245,108.418,50911
2019-07-01 16:00:00+00:00,108.412,108.488,108.393,108.434,31561
2019-07-01 20:00:00+00:00,108.446,108.457,108.281,108.376,30518
2019-07-02 00:00:00+00:00,108.379,108.467,108.344,108.417,25923
2019-07-02 04:00:00+00:00,108.412,108.428,108.236,108.26,31553
2019-07-02 08:00:00+00:00,108.267,108.298,108.2,108.27,33737
2019-07-02 12:00:00+00:00,108.278,108.291,107.949,107.988,45481
2019-07-02 16:00:00+00:00,107.962,107.962,107.787,107.896,35962
2019-07-02 20:00:00+00:00,107.885,107.921,107.804,107.835,23392
2019-07-03 00:00:00+00:00,107.832,107.832,107.54,107.629,35931
2019-07-03 04:00:00+00:00,107.631,107.747,107.583,107.747,33939
2019-07-03 08:00:00+00:00,107.754,107.76,107.625,107.67,28311
2019-07-03 12:00:00+00:00,107.674,107.876,107.612,107.833,53323
2019-07-03 16:00:00+00:00,107.846,107.885,107.805,107.874,15926
2019-07-03 20:00:00+00:00,107.864,107.864,107.748,107.769,26630
2019-07-04 00:00:00+00:00,107.777,107.791,107.708,107.787,17515
2019-07-04 04:00:00+00:00,107.791,107.833,107.777,107.808,18037
2019-07-04 08:00:00+00:00,107.814,107.829,107.749,107.78,16970
2019-07-04 12:00:00+00:00,107.768,107.83,107.765,107.808,14124
2019-07-04 16:00:00+00:00,107.798,107.806,107.773,107.787,9603
2019-07-04 20:00:00+00:00,107.79,107.828,107.773,107.821,19848
2019-07-05 00:00:00+00:00,107.805,107.88,107.805,107.846,20932
2019-07-05 04:00:00+00:00,107.847,108.064,107.834,108.05,22796
2019-07-05 08:00:00+00:00,108.045,108.145,107.988,108.145,26350
2019-07-05 12:00:00+00:00,108.165,108.62,108.043,108.551,77760
2019-07-05 16:00:00+00:00,108.554,108.633,108.477,108.49,32774
2019-07-05 20:00:00+00:00,108.487,108.499,108.457,108.457,5376
2019-07-07 20:00:00+00:00,108.41,108.584,108.401,108.489,13389
2019-07-08 00:00:00+00:00,108.485,108.56,108.364,108.377,33802
2019-07-08 04:00:00+00:00,108.376,108.384,108.281,108.337,28008
2019-07-08 08:00:00+00:00,108.335,108.601,108.33,108.571,31045
2019-07-08 12:00:00+00:00,108.565,108.727,108.522,108.72,34792
2019-07-08 16:00:00+00:00,108.714,108.799,108.647,108.795,17081
2019-07-08 20:00:00+00:00,108.785,108.785,108.684,108.724,10308
2019-07-09 00:00:00+00:00,108.742,108.883,108.734,108.773,23232
2019-07-09 04:00:00+00:00,108.764,108.895,108.717,108.818,27345
2019-07-09 08:00:00+00:00,108.808,108.957,108.768,108.828,29673
2019-07-09 12:00:00+00:00,108.82,108.849,108.743,108.784,32024
2019-07-09 16:00:00+00:00,108.798,108.928,108.738,108.886,20469
2019-07-09 20:00:00+00:00,108.887,108.933,108.831,108.933,18735
2019-07-10 00:00:00+00:00,108.946,108.985,108.882,108.894,19322
2019-07-10 04:00:00+00:00,108.895,108.975,108.858,108.953,25745
2019-07-10 08:00:00+00:00,108.953,108.959,108.872,108.946,27469
2019-07-10 12:00:00+00:00,108.933,108.954,108.399,108.438,74569
2019-07-10 16:00:00+00:00,108.447,108.477,108.347,108.426,31217
2019-07-10 20:00:00+00:00,108.433,108.478,108.318,108.336,10560
2019-07-11 00:00:00+00:00,108.324,108.324,107.866,107.924,33133
2019-07-11 04:00:00+00:00,107.924,108.122,107.9,108.055,26285
2019-07-11 08:00:00+00:00,108.046,108.198,108.025,108.098,26861
2019-07-11 12:00:00+00:00,108.091,108.346,108.038,108.293,58194
2019-07-11 16:00:00+00:00,108.3,108.527,108.3,108.443,36481
2019-07-11 20:00:00+00:00,108.449,108.604,108.447,108.592,30094
2019-07-12 00:00:00+00:00,108.591,108.591,108.332,108.363,27353
2019-07-12 04:00:00+00:00,108.364,108.429,108.294,108.367,26768
2019-07-12 08:00:00+00:00,108.373,108.469,108.254,108.288,32380
2019-07-12 12:00:00+00:00,108.291,108.341,107.961,108.007,46383
2019-07-12 16:00:00+00:00,108.012,108.016,107.804,107.854,25167
2019-07-12 20:00:00+00:00,107.853,107.928,107.853,107.892,5265
2019-07-14 20:00:00+00:00,107.869,107.917,107.803,107.832,29869
2019-07-15 00:00:00+00:00,107.838,108.096,107.814,108.01,31997
2019-07-15 04:00:00+00:00,108.003,108.076,107.933,107.952,23268
2019-07-15 08:00:00+00:00,107.953,107.961,107.826,107.953,29026
2019-07-15 12:00:00+00:00,107.958,107.978,107.85,107.896,36838
2019-07-15 16:00:00+00:00,107.895,107.938,107.841,107.909,21506
2019-07-15 20:00:00+00:00,107.905,107.916,107.821,107.907,48787
2019-07-16 00:00:00+00:00,107.892,108.07,107.882,107.985,26745
2019-07-16 04:00:00+00:00,107.985,108.096,107.966,108.06,23785
2019-07-16 08:00:00+00:00,108.067,108.082,107.9,107.967,26531
2019-07-16 12:00:00+00:00,107.966,108.355,107.923,108.355,49074
2019-07-16 16:00:00+00:00,108.35,108.367,108.184,108.283,40490
2019-07-16 20:00:00+00:00,108.273,108.285,108.194,108.198,27925
2019-07-17 00:00:00+00:00,108.209,108.328,108.119,108.171,25832
2019-07-17 04:00:00+00:00,108.166,108.275,108.154,108.259,22311
2019-07-17 08:00:00+00:00,108.265,108.3,108.226,108.265,20753
2019-07-17 12:00:00+00:00,108.27,108.314,108.062,108.099,42361
2019-07-17 16:00:00+00:00,108.087,108.112,108.017,108.053,27146
2019-07-17 20:00:00+00:00,108.058,108.067,107.864,107.933,25958
2019-07-18 00:00:00+00:00,107.928,107.97,107.655,107.727,39121
2019-07-18 04:00:00+00:00,107.734,107.777,107.621,107.764,24467
2019-07-18 08:00:00+00:00,107.751,107.912,107.701,107.803,32972
2019-07-18 12:00:00+00:00,107.819,108.006,107.727,107.743,53909
2019-07-18 16:00:00+00:00,107.743,107.859,107.214,107.279,57096
2019-07-18 20:00:00+00:00,107.278,107.562,107.232,107.404,39481
2019-07-19 00:00:00+00:00,107.413,107.594,107.334,107.536,43148
2019-07-19 04:00:00+00:00,107.533,107.712,107.533,107.641,29979
2019-07-19 08:00:00+00:00,107.655,107.697,107.583,107.653,26179
2019-07-19 12:00:00+00:00,107.655,107.787,107.604,107.779,47179
2019-07-19 16:00:00+00:00,107.782,107.967,107.688,107.734,55108
2019-07-19 20:00:00+00:00,107.722,107.741,107.689,107.689,3803
2019-07-21 20:00:00+00:00,107.717,107.825,107.699,107.822,18139
2019-07-22 00:00:00+00:00,107.814,108.055,107.728,107.934,50450
2019-07-22 04:00:00+00:00,107.933,108.034,107.841,107.864,29062
2019-07-22 08:00:00+00:00,107.868,107.973,107.821,107.951,21583
2019-07-22 12:00:00+00:00,107.946,107.992,107.809,107.911,36238
2019-07-22 16:00:00+00:00,107.918,107.925,107.773,107.872,27828
2019-07-22 20:00:00+00:00,107.876,107.926,107.856,107.904,23554
2019-07-23 00:00:00+00:00,107.89,108.068,107.836,108.048,33651
2019-07-23 04:00:00+00:00,108.043,108.185,108.04,108.105,23982
2019-07-23 08:00:00+00:00,108.105,108.204,108.091,108.123,21258
2019-07-23 12:00:00+00:00,108.128,108.278,108.052,108.06,39310
2019-07-23 16:00:00+00:00,108.067,108.284,108.048,108.246,34105
2019-07-23 20:00:00+00:00,108.252,108.253,108.178,108.235,17902
2019-07-24 00:00:00+00:00,108.237,108.267,108.13,108.179,24362
2019-07-24 04:00:00+00:00,108.176,108.195,108.004,108.039,25262
2019-07-24 08:00:00+00:00,108.044,108.152,108.01,108.064,26914
2019-07-24 12:00:00+00:00,108.064,108.103,107.966,108.087,36490
2019-07-24 16:00:00+00:00,108.087,108.248,108.087,108.209,26032
2019-07-24 20:00:00+00:00,108.192,108.219,108.125,108.191,14715
2019-07-25 00:00:00+00:00,108.174,108.237,108.128,108.167,25097
2019-07-25 04:00:00+00:00,108.165,108.166,108.047,108.054,16515
2019-07-25 08:00:00+00:00,108.058,108.145,108.05,108.133,22809
2019-07-25 12:00:00+00:00,108.122,108.587,108.076,108.587,83843
2019-07-25 16:00:00+00:00,108.587,108.75,108.581,108.726,38041
2019-07-25 20:00:00+00:00,108.724,108.724,108.615,108.676,21136
2019-07-26 00:00:00+00:00,108.684,108.737,108.565,108.621,25997
2019-07-26 04:00:00+00:00,108.624,108.655,108.591,108.63,17467
2019-07-26 08:00:00+00:00,108.635,108.69,108.615,108.673,16763
2019-07-26 12:00:00+00:00,108.671,108.799,108.6,108.697,45836
2019-07-26 16:00:00+00:00,108.689,108.729,108.671,108.702,17870
2019-07-26 20:00:00+00:00,108.705,108.706,108.633,108.633,3885
2019-07-28 20:00:00+00:00,108.664,108.68,108.594,108.638,5309
2019-07-29 00:00:00+00:00,108.63,108.642,108.428,108.552,17079
2019-07-29 04:00:00+00:00,108.554,108.674,108.554,108.653,13784
2019-07-29 08:00:00+00:00,108.65,108.678,108.602,108.639,13569
2019-07-29 12:00:00+00:00,108.649,108.898,108.629,108.852,31710
2019-07-29 16:00:00+00:00,108.856,108.879,108.766,108.79,24867
2019-07-29 20:00:00+00:00,108.783,108.885,108.762,108.855,22205
2019-07-30 00:00:00+00:00,108.86,108.935,108.64,108.64,35951
2019-07-30 04:00:00+00:00,108.649,108.693,108.567,108.643,31502
2019-07-30 08:00:00+00:00,108.634,108.648,108.48,108.508,29774
2019-07-30 12:00:00+00:00,108.502,108.697,108.465,108.657,48540
2019-07-30 16:00:00+00:00,108.669,108.693,108.552,108.598,29013
2019-07-30 20:00:00+00:00,108.61,108.622,108.557,108.565,22311
2019-07-31 00:00:00+00:00,108.563,108.65,108.507,108.57,34076
2019-07-31 04:00:00+00:00,108.558,108.584,108.512,108.555,24063
2019-07-31 08:00:00+00:00,108.552,108.582,108.534,108.565,19876
2019-07-31 12:00:00+00:00,108.574,108.65,108.491,108.587,38950
2019-07-31 16:00:00+00:00,108.596,108.979,108.54,108.785,120644
2019-07-31 20:00:00+00:00,108.786,108.839,108.712,108.821,18410
2019-08-01 00:00:00+00:00,108.818,109.292,108.818,109.237,54547
2019-08-01 04:00:00+00:00,109.236,109.244,109.107,109.138,28490
2019-08-01 08:00:00+00:00,109.136,109.153,108.884,108.927,33392
2019-08-01 12:00:00+00:00,108.926,108.926,108.164,108.29,65537
2019-08-01 16:00:00+00:00,108.278,108.295,107.261,107.282,136374
2019-08-01 20:00:00+00:00,107.304,107.553,107.231,107.444,43468
2019-08-02 00:00:00+00:00,107.351,107.492,106.858,107.046,95885
2019-08-02 04:00:00+00:00,107.053,107.147,106.832,106.916,64705
2019-08-02 08:00:00+00:00,106.921,106.967,106.798,106.837,56629
2019-08-02 12:00:00+00:00,106.844,107.219,106.543,106.641,147014
2019-08-02 16:00:00+00:00,106.637,106.703,106.51,106.601,61744
2019-08-02 20:00:00+00:00,106.586,106.627,106.554,106.569,6413
2019-08-04 20:00:00+00:00,106.565,106.68,106.532,106.569,23026
2019-08-05 00:00:00+00:00,106.611,106.611,105.805,105.979,132785
2019-08-05 04:00:00+00:00,105.993,106.07,105.826,105.943,62551
2019-08-05 08:00:00+00:00,105.907,106.317,105.85,106.084,81161
2019-08-05 12:00:00+00:00,106.088,106.23,105.924,106.041,86811
2019-08-05 16:00:00+00:00,106.032,106.21,105.901,106.157,91069
2019-08-05 20:00:00+00:00,106.194,106.202,105.524,105.607,57724
2019-08-06 00:00:00+00:00,105.641,106.507,105.576,106.5,107391
2019-08-06 04:00:00+00:00,106.573,107.01,106.351,106.374,101536
2019-08-06 08:00:00+00:00,106.394,106.622,106.305,106.548,51671
2019-08-06 12:00:00+00:00,106.565,106.614,106.249,106.45,92246
2019-08-06 16:00:00+00:00,106.468,106.617,106.37,106.546,55263
2019-08-06 20:00:00+00:00,106.53,106.53,106.278,106.326,27018
2019-08-07 00:00:00+00:00,106.313,106.369,105.945,106.063,89925
2019-08-07 04:00:00+00:00,106.055,106.312,106.055,106.299,42933
2019-08-07 08:00:00+00:00,106.283,106.303,105.867,105.878,43952
2019-08-07 12:00:00+00:00,105.874,106.075,105.601,105.626,164253
2019-08-07 16:00:00+00:00,105.648,106.257,105.516,106.229,112385
2019-08-07 20:00:00+00:00,106.231,106.273,106.077,106.112,44300
2019-08-08 00:00:00+00:00,106.1,106.296,106.003,106.237,78102
2019-08-08 04:00:00+00:00,106.21,106.221,106.026,106.103,37810
2019-08-08 08:00:00+00:00,106.086,106.146,105.916,105.988,36023
2019-08-08 12:00:00+00:00,105.995,106.23,105.958,106.053,84922
2019-08-08 16:00:00+00:00,106.049,106.215,105.899,106.003,51681
2019-08-08 20:00:00+00:00,105.993,106.078,105.725,105.884,37004
2019-08-09 00:00:00+00:00,105.921,106.05,105.886,105.992,36099
2019-08-09 04:00:00+00:00,106.003,106.003,105.839,105.949,23456
2019-08-09 08:00:00+00:00,105.94,105.968,105.664,105.774,31911
2019-08-09 12:00:00+00:00,105.753,105.841,105.301,105.301,73871
2019-08-09 16:00:00+00:00,105.361,105.65,105.269,105.603,56724
2019-08-09 20:00:00+00:00,105.582,105.684,105.582,105.684,4679
2019-08-11 20:00:00+00:00,105.558,105.689,105.327,105.389,12392
2019-08-12 00:00:00+00:00,105.402,105.556,105.378,105.455,25919
2019-08-12 04:00:00+00:00,105.461,105.575,105.381,105.489,28233
2019-08-12 08:00:00+00:00,105.481,105.487,105.052,105.134,43325
2019-08-12 12:00:00+00:00,105.146,105.418,105.123,105.396,60314
2019-08-12 16:00:00+00:00,105.395,105.413,105.187,105.314,40595
2019-08-12 20:00:00+00:00,105.312,105.382,105.169,105.382,42414
2019-08-13 00:00:00+00:00,105.391,105.575,105.314,105.468,45127
2019-08-13 04:00:00+00:00,105.469,105.501,105.129,105.193,40347
2019-08-13 08:00:00+00:00,105.206,105.329,105.08,105.21,43318
2019-08-13 12:00:00+00:00,105.215,106.962,105.156,106.604,158479
2019-08-13 16:00:00+00:00,106.617,106.711,106.43,106.689,60092
2019-08-13 20:00:00+00:00,106.655,106.75,106.594,106.605,29969
2019-08-14 00:00:00+00:00,106.596,106.598,106.252,106.362,54278
2019-08-14 04:00:00+00:00,106.351,106.609,106.314,106.443,34021
2019-08-14 08:00:00+00:00,106.421,106.463,105.792,105.862,53478
2019-08-14 12:00:00+00:00,105.862,106.11,105.691,105.799,121958
2019-08-14 16:00:00+00:00,105.776,106.051,105.737,105.995,76969
2019-08-14 20:00:00+00:00,105.986,106.002,105.738,105.914,29043
2019-08-15 00:00:00+00:00,105.905,106.027,105.819,105.893,57293
2019-08-15 04:00:00+00:00,105.883,106.571,105.842,106.25,68359
2019-08-15 08:00:00+00:00,106.212,106.245,105.709,106.109,91412
2019-08-15 12:00:00+00:00,106.146,106.305,106.038,106.123,141068
2019-08-15 16:00:00+00:00,106.112,106.165,105.804,106.039,78194
2019-08-15 20:00:00+00:00,106.046,106.16,105.986,106.093,23311
2019-08-16 00:00:00+00:00,106.072,106.257,106.03,106.211,41169
2019-08-16 04:00:00+00:00,106.224,106.224,106.079,106.16,41999
2019-08-16 08:00:00+00:00,106.16,106.485,106.14,106.284,57097
2019-08-16 12:00:00+00:00,106.296,106.416,106.214,106.343,78895
2019-08-16 16:00:00+00:00,106.321,106.346,106.229,106.307,30599
2019-08-16 20:00:00+00:00,106.312,106.381,106.308,106.339,3357
2019-08-18 20:00:00+00:00,106.25,106.467,106.244,106.431,11071
2019-08-19 00:00:00+00:00,106.416,106.42,106.246,106.36,29568
2019-08-19 04:00:00+00:00,106.356,106.424,106.32,106.401,26753
2019-08-19 08:00:00+00:00,106.406,106.682,106.406,106.61,43252
2019-08-19 12:00:00+00:00,106.604,106.657,106.46,106.502,47321
2019-08-19 16:00:00+00:00,106.49,106.664,106.482,106.644,24200
2019-08-19 20:00:00+00:00,106.648,106.648,106.563,106.564,18952
2019-08-20 00:00:00+00:00,106.555,106.686,106.516,106.59,35429
2019-08-20 04:00:00+00:00,106.581,106.584,106.404,106.463,30476
2019-08-20 08:00:00+00:00,106.464,106.465,106.303,106.348,32643
2019-08-20 12:00:00+00:00,106.338,106.444,106.196,106.353,63663
2019-08-20 16:00:00+00:00,106.366,106.367,106.202,106.202,16501
2019-08-20 20:00:00+00:00,106.219,106.287,106.198,106.272,14895
2019-08-21 00:00:00+00:00,106.287,106.547,106.281,106.48,29748
2019-08-21 04:00:00+00:00,106.479,106.597,106.458,106.548,25552
2019-08-21 08:00:00+00:00,106.547,106.555,106.429,106.498,29411
2019-08-21 12:00:00+00:00,106.497,106.574,106.355,106.532,35337
2019-08-21 16:00:00+00:00,106.544,106.645,106.416,106.626,40061
2019-08-21 20:00:00+00:00,106.642,106.642,106.559,106.601,15098
2019-08-22 00:00:00+00:00,106.609,106.638,106.406,106.447,24058
2019-08-22 04:00:00+00:00,106.45,106.486,106.295,106.445,33764
2019-08-22 08:00:00+00:00,106.436,106.588,106.263,106.58,46022
2019-08-22 12:00:00+00:00,106.558,106.61,106.326,106.447,70558
2019-08-22 16:00:00+00:00,106.452,106.502,106.362,106.402,25919
2019-08-22 20:00:00+00:00,106.402,106.488,106.386,106.479,18337
2019-08-23 00:00:00+00:00,106.496,106.61,106.479,106.567,28607
2019-08-23 04:00:00+00:00,106.569,106.669,106.569,106.64,26497
2019-08-23 08:00:00+00:00,106.627,106.731,106.585,106.731,19908
2019-08-23 12:00:00+00:00,106.514,106.544,105.294,105.294,172360
2019-08-23 16:00:00+00:00,105.324,105.562,105.267,105.341,78206
2019-08-23 20:00:00+00:00,105.362,105.494,105.302,105.352,9111
2019-08-25 20:00:00+00:00,104.944,104.986,104.511,104.846,53408
2019-08-26 00:00:00+00:00,104.904,105.742,104.904,105.447,91696
2019-08-26 04:00:00+00:00,105.434,105.866,105.169,105.738,116407
2019-08-26 08:00:00+00:00,105.717,105.983,105.69,105.884,73980
2019-08-26 12:00:00+00:00,105.87,106.208,105.829,106.003,110876
2019-08-26 16:00:00+00:00,106.003,106.279,105.964,106.141,41469
2019-08-26 20:00:00+00:00,106.148,106.164,105.965,105.965,34692
2019-08-27 00:00:00+00:00,105.99,105.993,105.659,105.666,50642
2019-08-27 04:00:00+00:00,105.668,105.752,105.598,105.739,49944
2019-08-27 08:00:00+00:00,105.751,105.984,105.695,105.752,57303
2019-08-27 12:00:00+00:00,105.746,106.066,105.723,105.807,66170
2019-08-27 16:00:00+00:00,105.805,105.822,105.659,105.741,44398
2019-08-27 20:00:00+00:00,105.741,105.79,105.698,105.749,20303
2019-08-28 00:00:00+00:00,105.738,105.888,105.654,105.849,49539
2019-08-28 04:00:00+00:00,105.843,105.879,105.712,105.741,31812
2019-08-28 08:00:00+00:00,105.729,105.87,105.667,105.718,59341
2019-08-28 12:00:00+00:00,105.701,105.941,105.664,105.87,73736
2019-08-28 16:00:00+00:00,105.874,106.197,105.874,106.176,31481
2019-08-28 20:00:00+00:00,106.178,106.202,105.961,106.082,25226
2019-08-29 00:00:00+00:00,106.101,106.122,105.84,105.902,37941
2019-08-29 04:00:00+00:00,105.913,106.131,105.856,106.105,48578
2019-08-29 08:00:00+00:00,106.121,106.336,106.07,106.255,43919
2019-08-29 12:00:00+00:00,106.232,106.532,106.206,106.497,75202
2019-08-29 16:00:00+00:00,106.476,106.678,106.469,106.503,32071
2019-08-29 20:00:00+00:00,106.501,106.541,106.431,106.457,16704
2019-08-30 00:00:00+00:00,106.477,106.536,106.387,106.489,42546
2019-08-30 04:00:00+00:00,106.487,106.532,106.305,106.51,49782
2019-08-30 08:00:00+00:00,106.519,106.519,106.309,106.323,40419
2019-08-30 12:00:00+00:00,106.31,106.323,106.115,106.292,69684
2019-08-30 16:00:00+00:00,106.293,106.422,106.232,106.237,35569
2019-08-30 20:00:00+00:00,106.224,106.293,106.202,106.249,3931
2019-09-01 20:00:00+00:00,106.024,106.158,105.949,106.134,19999
2019-09-02 00:00:00+00:00,106.158,106.238,106.079,106.157,27682
2019-09-02 04:00:00+00:00,106.157,106.288,106.144,106.256,24176
2019-09-02 08:00:00+00:00,106.256,106.399,106.249,106.349,26377
2019-09-02 12:00:00+00:00,106.358,106.383,106.148,106.198,23567
2019-09-02 16:00:00+00:00,106.198,106.199,106.06,106.199,11342
2019-09-02 20:00:00+00:00,106.204,106.224,106.173,106.194,40699
2019-09-03 00:00:00+00:00,106.218,106.381,106.214,106.302,35166
2019-09-03 04:00:00+00:00,106.311,106.34,105.939,105.984,46622
2019-09-03 08:00:00+00:00,106.005,106.176,105.997,106.111,44083
2019-09-03 12:00:00+00:00,106.104,106.291,105.742,105.882,93982
2019-09-03 16:00:00+00:00,105.865,106.079,105.86,106.054,30372
2019-09-03 20:00:00+00:00,106.048,106.065,105.839,105.851,20069
2019-09-04 00:00:00+00:00,105.88,106.048,105.839,105.966,36249
2019-09-04 04:00:00+00:00,105.964,106.254,105.964,106.232,48060
2019-09-04 08:00:00+00:00,106.24,106.296,106.178,106.222,38771
2019-09-04 12:00:00+00:00,106.217,106.325,106.132,106.289,50377
2019-09-04 16:00:00+00:00,106.288,106.424,106.243,106.369,30177
2019-09-04 20:00:00+00:00,106.367,106.427,106.321,106.338,31517
2019-09-05 00:00:00+00:00,106.337,106.737,106.336,106.652,52910
2019-09-05 04:00:00+00:00,106.643,106.643,106.375,106.52,48640
2019-09-05 08:00:00+00:00,106.501,106.737,106.47,106.647,46259
2019-09-05 12:00:00+00:00,106.627,107.199,106.62,106.967,81294
2019-09-05 16:00:00+00:00,106.97,107.025,106.879,107.021,29088
2019-09-05 20:00:00+00:00,107.021,107.085,106.893,107.072,15906
2019-09-06 00:00:00+00:00,107.081,107.096,106.933,107.064,38659
2019-09-06 04:00:00+00:00,107.062,107.062,106.946,106.982,39984
2019-09-06 08:00:00+00:00,106.976,107.079,106.93,107.015,41727
2019-09-06 12:00:00+00:00,107.016,107.028,106.629,106.813,70791
2019-09-06 16:00:00+00:00,106.816,106.938,106.76,106.938,40731
2019-09-06 20:00:00+00:00,106.926,106.94,106.894,106.897,7326
2019-09-08 20:00:00+00:00,106.801,106.967,106.801,106.943,17845
2019-09-09 00:00:00+00:00,106.951,107.014,106.818,106.872,39004
2019-09-09 04:00:00+00:00,106.882,106.991,106.843,106.965,27982
2019-09-09 08:00:00+00:00,106.967,107.061,106.923,106.964,29606
2019-09-09 12:00:00+00:00,106.963,107.169,106.935,107.146,50423
2019-09-09 16:00:00+00:00,107.139,107.206,106.977,107.197,35217
2019-09-09 20:00:00+00:00,107.187,107.35,107.167,107.341,19416
2019-09-10 00:00:00+00:00,107.322,107.493,107.293,107.421,39807
2019-09-10 04:00:00+00:00,107.427,107.427,107.254,107.317,30699
2019-09-10 08:00:00+00:00,107.318,107.482,107.254,107.366,34808
2019-09-10 12:00:00+00:00,107.349,107.412,107.21,107.351,65226
2019-09-10 16:00:00+00:00,107.347,107.528,107.3,107.528,39474
2019-09-10 20:00:00+00:00,107.514,107.621,107.489,107.6,25781
2019-09-11 00:00:00+00:00,107.581,107.732,107.564,107.726,32960
2019-09-11 04:00:00+00:00,107.726,107.836,107.674,107.803,41403
2019-09-11 08:00:00+00:00,107.804,107.824,107.668,107.721,32082
2019-09-11 12:00:00+00:00,107.718,107.805,107.634,107.734,47840
2019-09-11 16:00:00+00:00,107.753,107.829,107.722,107.829,25879
2019-09-11 20:00:00+00:00,107.827,108.026,107.784,108.014,33775
2019-09-12 00:00:00+00:00,108.028,108.133,107.954,108.094,38484
2019-09-12 04:00:00+00:00,108.094,108.129,107.905,107.907,34851
2019-09-12 08:00:00+00:00,107.894,107.92,107.706,107.75,44205
2019-09-12 12:00:00+00:00,107.774,108.075,107.524,107.977,152612
2019-09-12 16:00:00+00:00,107.992,108.184,107.935,108.136,40150
2019-09-12 20:00:00+00:00,108.133,108.188,108.052,108.183,27042
2019-09-13 00:00:00+00:00,108.179,108.256,108.112,108.17,30073
2019-09-13 04:00:00+00:00,108.17,108.17,107.935,107.956,33107
2019-09-13 08:00:00+00:00,107.973,108.078,107.947,107.967,31609
2019-09-13 12:00:00+00:00,107.976,108.147,107.951,108.121,58622
2019-09-13 16:00:00+00:00,108.132,108.175,108.068,108.113,35049
2019-09-13 20:00:00+00:00,108.114,108.127,108.062,108.062,6257
2019-10-06 20:00:00+00:00,106.674,106.852,106.671,106.76,20675
2019-10-07 00:00:00+00:00,106.776,106.847,106.707,106.824,25058
2019-10-07 04:00:00+00:00,106.836,106.92,106.809,106.847,26817
2019-10-07 08:00:00+00:00,106.827,106.891,106.779,106.841,26687
2019-10-07 12:00:00+00:00,106.821,107.069,106.812,107.065,38214
2019-10-07 16:00:00+00:00,107.054,107.442,107.048,107.273,53221
2019-10-07 20:00:00+00:00,107.267,107.31,107.21,107.254,15862
2019-10-08 00:00:00+00:00,107.268,107.409,107.268,107.374,34066
2019-10-08 04:00:00+00:00,107.363,107.439,107.156,107.156,32530
2019-10-08 08:00:00+00:00,107.148,107.213,106.829,106.863,52155
2019-10-08 12:00:00+00:00,106.862,107.14,106.839,107.058,63631
2019-10-08 16:00:00+00:00,107.055,107.294,107.053,107.09,76199
2019-10-08 20:00:00+00:00,107.101,107.112,106.938,106.942,24899
2019-10-09 00:00:00+00:00,106.95,107.202,106.95,107.169,22529
2019-10-09 04:00:00+00:00,107.164,107.284,107.117,107.211,26426
2019-10-09 08:00:00+00:00,107.216,107.421,107.216,107.401,46750
2019-10-09 12:00:00+00:00,107.395,107.455,107.323,107.436,37919
2019-10-09 16:00:00+00:00,107.442,107.601,107.414,107.46,45610
2019-10-09 20:00:00+00:00,107.449,107.519,107.046,107.234,53458
2019-10-10 00:00:00+00:00,107.231,107.738,107.174,107.468,88263
2019-10-10 04:00:00+00:00,107.472,107.546,107.362,107.406,34132
2019-10-10 08:00:00+00:00,107.395,107.467,107.369,107.452,34955
2019-10-10 12:00:00+00:00,107.476,107.969,107.445,107.917,68031
2019-10-10 16:00:00+00:00,107.915,107.969,107.8,107.927,53360
2019-10-10 20:00:00+00:00,107.94,107.984,107.85,107.868,39701
2019-10-11 00:00:00+00:00,107.877,108.088,107.856,107.978,36208
2019-10-11 04:00:00+00:00,107.958,108.018,107.912,107.916,31880
2019-10-11 08:00:00+00:00,107.915,108.484,107.886,108.456,51556
2019-10-11 12:00:00+00:00,108.448,108.605,108.349,108.519,74875
2019-10-11 16:00:00+00:00,108.523,108.573,108.339,108.369,80692
2019-10-11 20:00:00+00:00,108.381,108.438,108.318,108.437,5986
2019-10-13 20:00:00+00:00,108.329,108.516,108.321,108.476,17439
2019-10-14 00:00:00+00:00,108.449,108.449,108.212,108.307,35460
2019-10-14 04:00:00+00:00,108.302,108.359,108.195,108.205,27731
2019-10-14 08:00:00+00:00,108.206,108.288,108.051,108.234,33465
2019-10-14 12:00:00+00:00,108.23,108.455,108.218,108.401,35697
2019-10-14 16:00:00+00:00,108.402,108.444,108.341,108.4,19693
2019-10-14 20:00:00+00:00,108.395,108.439,108.343,108.398,13357
2019-10-15 00:00:00+00:00,108.384,108.442,108.284,108.312,33922
2019-10-15 04:00:00+00:00,108.318,108.406,108.284,108.353,35089
2019-10-15 08:00:00+00:00,108.325,108.396,108.158,108.328,37881
2019-10-15 12:00:00+00:00,108.332,108.876,108.306,108.837,59517
2019-10-15 16:00:00+00:00,108.844,108.896,108.803,108.873,28735
2019-10-15 20:00:00+00:00,108.874,108.88,108.8,108.8,16407
2019-10-16 00:00:00+00:00,108.83,108.846,108.616,108.685,45634
2019-10-16 04:00:00+00:00,108.68,108.759,108.604,108.649,43635
2019-10-16 08:00:00+00:00,108.641,108.795,108.623,108.744,39288
2019-10-16 12:00:00+00:00,108.732,108.835,108.628,108.712,64613
2019-10-16 16:00:00+00:00,108.719,108.782,108.668,108.769,31148
2019-10-16 20:00:00+00:00,108.771,108.778,108.675,108.682,18873
2019-10-17 00:00:00+00:00,108.676,108.825,108.653,108.777,32895
2019-10-17 04:00:00+00:00,108.773,108.846,108.704,108.838,29422
2019-10-17 08:00:00+00:00,108.848,108.917,108.691,108.744,63752
2019-10-17 12:00:00+00:00,108.742,108.764,108.512,108.513,65604
2019-10-17 16:00:00+00:00,108.497,108.677,108.497,108.632,28634
2019-10-17 20:00:00+00:00,108.632,108.657,108.554,108.593,18197
2019-10-18 00:00:00+00:00,108.581,108.68,108.535,108.563,33694
2019-10-18 04:00:00+00:00,108.568,108.651,108.52,108.643,28005
2019-10-18 08:00:00+00:00,108.646,108.719,108.574,108.583,26662
2019-10-18 12:00:00+00:00,108.58,108.58,108.426,108.449,47715
2019-10-18 16:00:00+00:00,108.462,108.498,108.396,108.409,32980
2019-10-18 20:00:00+00:00,108.418,108.423,108.381,108.383,4030
2019-10-20 20:00:00+00:00,108.43,108.477,108.322,108.408,30514
2019-10-21 00:00:00+00:00,108.419,108.508,108.376,108.484,28160
2019-10-21 04:00:00+00:00,108.49,108.577,108.458,108.561,32859
2019-10-21 08:00:00+00:00,108.576,108.648,108.54,108.558,28992
2019-10-21 12:00:00+00:00,108.559,108.598,108.454,108.574,42672
2019-10-21 16:00:00+00:00,108.56,108.641,108.52,108.623,24445
2019-10-21 20:00:00+00:00,108.62,108.63,108.557,108.605,11786
2019-10-22 00:00:00+00:00,108.605,108.719,108.594,108.651,21391
2019-10-22 04:00:00+00:00,108.65,108.658,108.504,108.546,22887
2019-10-22 08:00:00+00:00,108.542,108.616,108.5,108.598,23795
2019-10-22 12:00:00+00:00,108.599,108.628,108.474,108.556,35070
2019-10-22 16:00:00+00:00,108.567,108.603,108.451,108.474,42157
2019-10-22 20:00:00+00:00,108.479,108.505,108.441,108.488,28907
2019-10-23 00:00:00+00:00,108.471,108.471,108.272,108.311,36994
2019-10-23 04:00:00+00:00,108.31,108.42,108.279,108.373,34428
2019-10-23 08:00:00+00:00,108.385,108.482,108.342,108.458,31149
2019-10-23 12:00:00+00:00,108.462,108.664,108.446,108.644,39212
2019-10-23 16:00:00+00:00,108.654,108.703,108.624,108.681,20922
2019-10-23 20:00:00+00:00,108.684,108.699,108.621,108.638,18842
2019-10-24 00:00:00+00:00,108.62,108.65,108.579,108.61,20873
2019-10-24 04:00:00+00:00,108.61,108.745,108.577,108.701,32224
2019-10-24 08:00:00+00:00,108.646,108.711,108.618,108.639,29752
2019-10-24 12:00:00+00:00,108.643,108.645,108.506,108.631,47620
2019-10-24 16:00:00+00:00,108.638,108.654,108.524,108.647,25230
2019-10-24 20:00:00+00:00,108.654,108.658,108.582,108.615,21742
2019-10-25 00:00:00+00:00,108.62,108.695,108.591,108.656,25321
2019-10-25 04:00:00+00:00,108.661,108.681,108.614,108.614,22550
2019-10-25 08:00:00+00:00,108.628,108.649,108.558,108.566,23910
2019-10-25 12:00:00+00:00,108.568,108.746,108.515,108.746,40948
2019-10-25 16:00:00+00:00,108.754,108.772,108.661,108.665,22815
2019-10-25 20:00:00+00:00,108.659,108.681,108.659,108.663,3119
2019-10-27 20:00:00+00:00,108.753,108.763,108.671,108.738,8105
2019-10-28 00:00:00+00:00,108.725,108.789,108.711,108.758,18642
2019-10-28 04:00:00+00:00,108.757,108.774,108.7,108.734,16468
2019-10-28 08:00:00+00:00,108.735,108.758,108.661,108.731,29202
2019-10-28 12:00:00+00:00,108.717,109.02,108.711,109.02,38577
2019-10-28 16:00:00+00:00,109.037,109.037,108.916,108.927,20133
2019-10-28 20:00:00+00:00,108.929,109.002,108.929,108.978,22430
2019-10-29 00:00:00+00:00,108.971,109.048,108.959,108.967,22581
2019-10-29 04:00:00+00:00,108.975,109.004,108.851,108.852,18994
2019-10-29 08:00:00+00:00,108.858,108.948,108.843,108.913,26680
2019-10-29 12:00:00+00:00,108.869,108.983,108.834,108.834,37573
2019-10-29 16:00:00+00:00,108.836,108.941,108.816,108.834,23871
2019-10-29 20:00:00+00:00,108.843,108.897,108.838,108.877,17551
2019-10-30 00:00:00+00:00,108.873,108.876,108.817,108.848,19821
2019-10-30 04:00:00+00:00,108.847,108.856,108.818,108.851,18249
2019-10-30 08:00:00+00:00,108.852,108.875,108.819,108.836,23306
2019-10-30 12:00:00+00:00,108.835,108.967,108.819,108.878,42265
2019-10-30 16:00:00+00:00,108.882,109.278,108.744,108.843,55223
2019-10-30 20:00:00+00:00,108.832,108.895,108.764,108.798,23223
2019-10-31 00:00:00+00:00,108.794,108.861,108.592,108.612,40423
2019-10-31 04:00:00+00:00,108.641,108.71,108.597,108.597,22581
2019-10-31 08:00:00+00:00,108.602,108.632,108.105,108.182,46878
2019-10-31 12:00:00+00:00,108.167,108.306,108.066,108.081,52284
2019-10-31 16:00:00+00:00,108.099,108.114,107.949,107.989,34698
2019-10-31 20:00:00+00:00,107.998,108.038,107.969,108.001,17075
2019-11-01 00:00:00+00:00,108.023,108.056,107.898,108.031,31341
2019-11-01 04:00:00+00:00,108.026,108.04,107.957,107.957,19124
2019-11-01 08:00:00+00:00,107.955,108.061,107.936,107.971,24982
2019-11-01 12:00:00+00:00,107.974,108.24,107.922,108.153,62032
2019-11-01 16:00:00+00:00,108.142,108.312,108.133,108.17,28772
2019-11-01 20:00:00+00:00,108.175,108.203,108.15,108.162,4821
2019-11-03 20:00:00+00:00,108.228,108.236,108.199,108.218,20736
2019-11-04 00:00:00+00:00,108.216,108.238,108.207,108.221,12858
2019-11-04 04:00:00+00:00,108.221,108.322,108.218,108.304,12544
2019-11-04 08:00:00+00:00,108.305,108.467,108.304,108.417,27664
2019-11-04 12:00:00+00:00,108.423,108.511,108.367,108.511,30514
2019-11-04 16:00:00+00:00,108.524,108.645,108.514,108.637,19305
2019-11-04 20:00:00+00:00,108.626,108.735,108.539,108.704,34350
2019-11-05 00:00:00+00:00,108.703,108.813,108.661,108.812,31329
2019-11-05 04:00:00+00:00,108.813,108.836,108.747,108.789,21547
2019-11-05 08:00:00+00:00,108.788,108.891,108.778,108.816,28701
2019-11-05 12:00:00+00:00,108.817,109.156,108.812,109.156,44573
2019-11-05 16:00:00+00:00,109.142,109.23,109.093,109.229,29175
2019-11-05 20:00:00+00:00,109.23,109.236,109.123,109.145,21853
2019-11-06 00:00:00+00:00,109.128,109.175,109.008,109.027,28344
2019-11-06 04:00:00+00:00,109.026,109.087,108.912,108.977,23763
2019-11-06 08:00:00+00:00,108.975,109.057,108.938,109.003,29009
2019-11-06 12:00:00+00:00,108.995,109.038,108.933,109.016,30741
2019-11-06 16:00:00+00:00,109.029,109.073,108.834,108.94,42597
2019-11-06 20:00:00+00:00,108.939,109.015,108.904,108.917,25790
2019-11-07 00:00:00+00:00,108.918,108.919,108.656,108.674,28388
2019-11-07 04:00:00+00:00,108.675,109.106,108.675,108.961,34105
2019-11-07 08:00:00+00:00,108.976,109.193,108.938,109.109,42739
2019-11-07 12:00:00+00:00,109.127,109.377,109.098,109.327,45718
2019-11-07 16:00:00+00:00,109.318,109.483,109.247,109.309,48397
2019-11-07 20:00:00+00:00,109.284,109.33,109.165,109.275,26267
2019-11-08 00:00:00+00:00,109.279,109.395,109.16,109.207,37855
2019-11-08 04:00:00+00:00,109.202,109.309,109.202,109.286,23112
2019-11-08 08:00:00+00:00,109.262,109.407,109.242,109.396,31937
2019-11-08 12:00:00+00:00,109.399,109.469,109.131,109.146,59415
2019-11-08 16:00:00+00:00,109.142,109.195,109.085,109.16,21744
2019-11-08 20:00:00+00:00,109.168,109.246,109.164,109.213,7398
2019-11-10 20:00:00+00:00,109.197,109.253,109.193,109.206,9871
2019-11-11 00:00:00+00:00,109.217,109.238,109.021,109.063,21444
2019-11-11 04:00:00+00:00,109.052,109.061,108.922,108.961,17806
2019-11-11 08:00:00+00:00,108.95,109.021,108.933,108.949,21534
2019-11-11 12:00:00+00:00,108.947,109.106,108.902,109.096,23247
2019-11-11 16:00:00+00:00,109.106,109.106,108.98,109.035,13614
2019-11-11 20:00:00+00:00,109.022,109.07,109.001,109.043,22385
2019-11-12 00:00:00+00:00,109.047,109.175,109.007,109.147,27014
2019-11-12 04:00:00+00:00,109.148,109.289,109.122,109.239,28120
2019-11-12 08:00:00+00:00,109.223,109.269,109.142,109.223,35338
2019-11-12 12:00:00+00:00,109.223,109.236,109.074,109.142,35295
2019-11-12 16:00:00+00:00,109.167,109.171,108.933,108.962,39206
2019-11-12 20:00:00+00:00,108.975,109.033,108.951,108.997,22876
2019-11-13 00:00:00+00:00,109.0,109.074,108.873,109.043,32138
2019-11-13 04:00:00+00:00,109.039,109.098,109.03,109.064,21434
2019-11-13 08:00:00+00:00,109.052,109.146,108.869,108.924,36504
2019-11-13 12:00:00+00:00,108.927,108.929,108.674,108.713,44919
2019-11-13 16:00:00+00:00,108.745,108.847,108.664,108.775,36123
2019-11-13 20:00:00+00:00,108.789,108.85,108.762,108.802,22688
2019-11-14 00:00:00+00:00,108.777,108.859,108.703,108.708,36188
2019-11-14 04:00:00+00:00,108.7,108.77,108.643,108.748,29210
2019-11-14 08:00:00+00:00,108.757,108.757,108.566,108.665,38245
2019-11-14 12:00:00+00:00,108.654,108.695,108.567,108.576,38232
2019-11-14 16:00:00+00:00,108.571,108.59,108.267,108.379,38490
2019-11-14 20:00:00+00:00,108.392,108.504,108.382,108.498,19245
2019-11-15 00:00:00+00:00,108.485,108.622,108.455,108.582,30744
2019-11-15 04:00:00+00:00,108.583,108.602,108.534,108.547,17071
2019-11-15 08:00:00+00:00,108.551,108.691,108.49,108.654,28024
2019-11-15 12:00:00+00:00,108.643,108.768,108.643,108.727,40467
2019-11-15 16:00:00+00:00,108.738,108.854,108.738,108.827,18431
2019-11-15 20:00:00+00:00,108.826,108.847,108.744,108.744,7910
2019-11-17 20:00:00+00:00,108.778,108.796,108.672,108.699,7596
2019-11-18 00:00:00+00:00,108.707,108.849,108.693,108.827,28708
2019-11-18 04:00:00+00:00,108.823,108.94,108.801,108.919,27102
2019-11-18 08:00:00+00:00,108.917,109.067,108.911,109.014,29127
2019-11-18 12:00:00+00:00,109.014,109.059,108.549,108.552,49459
2019-11-18 16:00:00+00:00,108.557,108.662,108.521,108.643,23202
2019-11-18 20:00:00+00:00,108.656,108.691,108.63,108.666,28609
2019-11-19 00:00:00+00:00,108.682,108.687,108.479,108.591,34330
2019-11-19 04:00:00+00:00,108.595,108.66,108.569,108.659,20806
2019-11-19 08:00:00+00:00,108.667,108.835,108.629,108.703,34056
2019-11-19 12:00:00+00:00,108.697,108.77,108.479,108.496,35084
2019-11-19 16:00:00+00:00,108.493,108.682,108.461,108.527,32299
2019-11-19 20:00:00+00:00,108.529,108.564,108.392,108.473,22135
2019-11-20 00:00:00+00:00,108.48,108.579,108.373,108.476,44734
2019-11-20 04:00:00+00:00,108.474,108.566,108.411,108.44,22756
2019-11-20 08:00:00+00:00,108.433,108.473,108.352,108.473,37131
2019-11-20 12:00:00+00:00,108.478,108.717,108.44,108.631,45008
2019-11-20 16:00:00+00:00,108.645,108.739,108.418,108.62,58784
2019-11-20 20:00:00+00:00,108.618,108.633,108.421,108.472,27145
2019-11-21 00:00:00+00:00,108.494,108.54,108.282,108.527,60476
2019-11-21 04:00:00+00:00,108.528,108.649,108.489,108.575,32369
2019-11-21 08:00:00+00:00,108.579,108.645,108.461,108.633,41383
2019-11-21 12:00:00+00:00,108.612,108.655,108.512,108.512,55061
2019-11-21 16:00:00+00:00,108.521,108.667,108.51,108.661,31743
2019-11-21 20:00:00+00:00,108.657,108.669,108.566,108.579,22593
2019-11-22 00:00:00+00:00,108.576,108.703,108.576,108.641,32164
2019-11-22 04:00:00+00:00,108.635,108.652,108.561,108.6,21551
2019-11-22 08:00:00+00:00,108.592,108.668,108.48,108.506,45727
2019-11-22 12:00:00+00:00,108.51,108.709,108.51,108.643,43599
2019-11-22 16:00:00+00:00,108.662,108.687,108.594,108.631,25835
2019-11-22 20:00:00+00:00,108.631,108.66,108.596,108.627,6397
2019-11-24 20:00:00+00:00,108.633,108.75,108.633,108.724,17132
2019-11-25 00:00:00+00:00,108.731,108.795,108.697,108.757,20035
2019-11-25 04:00:00+00:00,108.762,108.885,108.734,108.847,19410
2019-11-25 08:00:00+00:00,108.851,108.895,108.832,108.876,21543
2019-11-25 12:00:00+00:00,108.881,108.944,108.816,108.936,29884
2019-11-25 16:00:00+00:00,108.938,108.976,108.896,108.976,17856
2019-11-25 20:00:00+00:00,108.97,109.009,108.906,108.998,23421
2019-11-26 00:00:00+00:00,108.986,109.206,108.969,108.981,37056
2019-11-26 04:00:00+00:00,108.975,109.011,108.932,108.953,19610
2019-11-26 08:00:00+00:00,108.959,108.984,108.88,108.944,27514
2019-11-26 12:00:00+00:00,108.944,109.114,108.922,109.082,34350
2019-11-26 16:00:00+00:00,109.088,109.139,109.021,109.029,19619
2019-11-26 20:00:00+00:00,109.039,109.101,109.013,109.097,16549
2019-11-27 00:00:00+00:00,109.092,109.143,109.084,109.102,20421
2019-11-27 04:00:00+00:00,109.105,109.189,109.101,109.188,15239
2019-11-27 08:00:00+00:00,109.181,109.196,109.109,109.114,21402
2019-11-27 12:00:00+00:00,109.116,109.388,109.114,109.388,34556
2019-11-27 16:00:00+00:00,109.395,109.599,109.35,109.581,25419
2019-11-27 20:00:00+00:00,109.559,109.596,109.333,109.372,25106
2019-11-28 00:00:00+00:00,109.374,109.485,109.344,109.449,24904
2019-11-28 04:00:00+00:00,109.451,109.485,109.415,109.416,12544
2019-11-28 08:00:00+00:00,109.42,109.482,109.376,109.473,18369
2019-11-28 12:00:00+00:00,109.482,109.543,109.482,109.535,12512
2019-11-28 16:00:00+00:00,109.534,109.542,109.503,109.521,16771
2019-11-28 20:00:00+00:00,109.506,109.529,109.5,109.521,27442
2019-11-29 00:00:00+00:00,109.522,109.594,109.456,109.497,20319
2019-11-29 04:00:00+00:00,109.496,109.52,109.459,109.502,15747
2019-11-29 08:00:00+00:00,109.507,109.572,109.49,109.57,22454
2019-11-29 12:00:00+00:00,109.569,109.663,109.469,109.491,30952
2019-11-29 16:00:00+00:00,109.519,109.543,109.403,109.472,34090
2019-11-29 20:00:00+00:00,109.469,109.495,109.433,109.488,6920
2019-12-01 20:00:00+00:00,109.516,109.563,109.476,109.531,13234
2019-12-02 00:00:00+00:00,109.542,109.725,109.542,109.696,19688
2019-12-02 04:00:00+00:00,109.693,109.695,109.566,109.591,16044
2019-12-02 08:00:00+00:00,109.596,109.702,109.531,109.543,26045
2019-12-02 12:00:00+00:00,109.547,109.606,109.107,109.107,53396
2019-12-02 16:00:00+00:00,109.123,109.166,108.928,108.975,33055
2019-12-02 20:00:00+00:00,108.956,109.057,108.94,109.024,21718
2019-12-03 00:00:00+00:00,108.993,109.199,108.966,109.178,28073
2019-12-03 04:00:00+00:00,109.182,109.206,109.065,109.094,16559
2019-12-03 08:00:00+00:00,109.112,109.151,108.817,108.841,43974
2019-12-03 12:00:00+00:00,108.852,108.864,108.543,108.543,71373
2019-12-03 16:00:00+00:00,108.521,108.611,108.492,108.567,31571
2019-12-03 20:00:00+00:00,108.575,108.665,108.568,108.664,18990
2019-12-04 00:00:00+00:00,108.669,108.669,108.491,108.571,34035
2019-12-04 04:00:00+00:00,108.565,108.62,108.438,108.473,19068
2019-12-04 08:00:00+00:00,108.48,108.787,108.445,108.676,48074
2019-12-04 12:00:00+00:00,108.653,108.873,108.562,108.805,53425
2019-12-04 16:00:00+00:00,108.818,108.96,108.79,108.922,24819
2019-12-04 20:00:00+00:00,108.922,108.925,108.802,108.831,18228
2019-12-05 00:00:00+00:00,108.842,108.931,108.805,108.855,28894
2019-12-05 04:00:00+00:00,108.852,108.894,108.779,108.89,20212
2019-12-05 08:00:00+00:00,108.879,108.992,108.853,108.889,30708
2019-12-05 12:00:00+00:00,108.888,108.916,108.722,108.754,36934
2019-12-05 16:00:00+00:00,108.756,108.782,108.658,108.736,30282
2019-12-05 20:00:00+00:00,108.758,108.79,108.715,108.728,18172
2019-12-06 00:00:00+00:00,108.77,108.78,108.67,108.682,22911
2019-12-06 04:00:00+00:00,108.685,108.749,108.658,108.671,20089
2019-12-06 08:00:00+00:00,108.681,108.681,108.566,108.583,22171
2019-12-06 12:00:00+00:00,108.577,108.89,108.536,108.666,58264
2019-12-06 16:00:00+00:00,108.684,108.718,108.548,108.559,23578
2019-12-06 20:00:00+00:00,108.56,108.6,108.538,108.558,9260
2019-12-08 20:00:00+00:00,108.632,108.657,108.587,108.641,7270
2019-12-09 00:00:00+00:00,108.613,108.626,108.549,108.579,21601
2019-12-09 04:00:00+00:00,108.579,108.605,108.554,108.569,14283
2019-12-09 08:00:00+00:00,108.564,108.564,108.434,108.467,19043
2019-12-09 12:00:00+00:00,108.467,108.599,108.44,108.598,23252
2019-12-09 16:00:00+00:00,108.602,108.675,108.592,108.626,19118
2019-12-09 20:00:00+00:00,108.624,108.644,108.537,108.586,20600
2019-12-10 00:00:00+00:00,108.587,108.66,108.567,108.63,18723
2019-12-10 04:00:00+00:00,108.634,108.64,108.569,108.628,12070
2019-12-10 08:00:00+00:00,108.614,108.652,108.526,108.573,27491
2019-12-10 12:00:00+00:00,108.578,108.725,108.527,108.705,46589
2019-12-10 16:00:00+00:00,108.72,108.765,108.64,108.722,28099
2019-12-10 20:00:00+00:00,108.729,108.83,108.7,108.768,22577
2019-12-11 00:00:00+00:00,108.774,108.785,108.686,108.742,17995
2019-12-11 04:00:00+00:00,108.741,108.769,108.703,108.726,12401
2019-12-11 08:00:00+00:00,108.73,108.787,108.658,108.702,28337
2019-12-11 12:00:00+00:00,108.699,108.749,108.672,108.703,27096
2019-12-11 16:00:00+00:00,108.697,108.729,108.479,108.502,33082
2019-12-11 20:00:00+00:00,108.509,108.566,108.496,108.555,20831
2019-12-12 00:00:00+00:00,108.547,108.589,108.463,108.568,23908
2019-12-12 04:00:00+00:00,108.563,108.653,108.552,108.637,14991
2019-12-12 08:00:00+00:00,108.632,108.695,108.614,108.639,25309
2019-12-12 12:00:00+00:00,108.639,109.296,108.563,109.296,77234
2019-12-12 16:00:00+00:00,109.286,109.451,109.12,109.333,53262
2019-12-12 20:00:00+00:00,109.351,109.547,109.23,109.405,48061
2019-12-13 00:00:00+00:00,109.428,109.617,109.362,109.582,54284
2019-12-13 04:00:00+00:00,109.581,109.662,109.552,109.627,26819
2019-12-13 08:00:00+00:00,109.624,109.698,109.587,109.657,35475
2019-12-13 12:00:00+00:00,109.654,109.671,109.264,109.279,115532
2019-12-13 16:00:00+00:00,109.271,109.325,109.209,109.316,29489
2019-12-13 20:00:00+00:00,109.322,109.365,109.317,109.317,10049
2019-12-15 20:00:00+00:00,109.275,109.439,109.268,109.383,12141
2019-12-16 00:00:00+00:00,109.401,109.412,109.355,109.396,23666
2019-12-16 04:00:00+00:00,109.385,109.428,109.368,109.401,18234
2019-12-16 08:00:00+00:00,109.431,109.498,109.406,109.452,25451
2019-12-16 12:00:00+00:00,109.454,109.627,109.394,109.627,22950
2019-12-16 16:00:00+00:00,109.639,109.67,109.567,109.587,15897
2019-12-16 20:00:00+00:00,109.592,109.626,109.519,109.582,13377
2019-12-17 00:00:00+00:00,109.575,109.58,109.492,109.542,20177
2019-12-17 04:00:00+00:00,109.535,109.609,109.524,109.588,12864
2019-12-17 08:00:00+00:00,109.581,109.629,109.531,109.589,23637
2019-12-17 12:00:00+00:00,109.592,109.616,109.514,109.527,25882
2019-12-17 16:00:00+00:00,109.528,109.547,109.445,109.491,17069
2019-12-17 20:00:00+00:00,109.503,109.542,109.452,109.523,8190
2019-12-18 00:00:00+00:00,109.53,109.562,109.418,109.464,21867
2019-12-18 04:00:00+00:00,109.46,109.479,109.424,109.439,13633
2019-12-18 08:00:00+00:00,109.454,109.514,109.401,109.514,21409
2019-12-18 12:00:00+00:00,109.518,109.623,109.495,109.586,27924
2019-12-18 16:00:00+00:00,109.573,109.62,109.553,109.588,17179
2019-12-18 20:00:00+00:00,109.589,109.615,109.535,109.548,16470
2019-12-19 00:00:00+00:00,109.56,109.676,109.549,109.575,25793
2019-12-19 04:00:00+00:00,109.567,109.598,109.561,109.573,13183
2019-12-19 08:00:00+00:00,109.556,109.592,109.476,109.476,23803
2019-12-19 12:00:00+00:00,109.48,109.506,109.265,109.302,28489
2019-12-19 16:00:00+00:00,109.306,109.32,109.186,109.283,19907
2019-12-19 20:00:00+00:00,109.281,109.396,109.265,109.387,11576
2019-12-20 00:00:00+00:00,109.4,109.4,109.306,109.334,15781
2019-12-20 04:00:00+00:00,109.335,109.37,109.261,109.37,13567
2019-12-20 08:00:00+00:00,109.357,109.394,109.321,109.371,24320
2019-12-20 12:00:00+00:00,109.365,109.446,109.285,109.446,24425
2019-12-20 16:00:00+00:00,109.463,109.522,109.447,109.476,17760
2019-12-20 20:00:00+00:00,109.462,109.496,109.434,109.434,5640
2019-12-22 20:00:00+00:00,109.402,109.538,109.402,109.499,8183
2019-12-23 00:00:00+00:00,109.49,109.49,109.385,109.401,18563
2019-12-23 04:00:00+00:00,109.388,109.44,109.366,109.389,14238
2019-12-23 08:00:00+00:00,109.39,109.412,109.352,109.4,23217
2019-12-23 12:00:00+00:00,109.399,109.443,109.341,109.373,21802
2019-12-23 16:00:00+00:00,109.38,109.408,109.351,109.37,16465
2019-12-23 20:00:00+00:00,109.369,109.409,109.357,109.392,19093
2019-12-24 00:00:00+00:00,109.377,109.436,109.366,109.402,17581
2019-12-24 04:00:00+00:00,109.401,109.412,109.368,109.393,16041
2019-12-24 08:00:00+00:00,109.391,109.413,109.379,109.399,22827
2019-12-24 12:00:00+00:00,109.398,109.42,109.328,109.34,16927
2019-12-24 16:00:00+00:00,109.341,109.406,109.334,109.354,14862
2019-12-26 04:00:00+00:00,109.543,109.564,109.543,109.551,2315
2019-12-26 08:00:00+00:00,109.554,109.588,109.539,109.583,12640
2019-12-26 12:00:00+00:00,109.578,109.636,109.571,109.636,14299
2019-12-26 16:00:00+00:00,109.641,109.68,109.611,109.661,13677
2019-12-26 20:00:00+00:00,109.65,109.663,109.507,109.529,71617
2019-12-27 00:00:00+00:00,109.541,109.541,109.433,109.456,31189
2019-12-27 04:00:00+00:00,109.462,109.519,109.449,109.503,19011
2019-12-27 08:00:00+00:00,109.487,109.514,109.458,109.49,34715
2019-12-27 12:00:00+00:00,109.491,109.586,109.449,109.586,25807
2019-12-27 16:00:00+00:00,109.586,109.586,109.399,109.399,20786
2019-12-27 20:00:00+00:00,109.413,109.498,109.39,109.407,7879
2019-12-29 20:00:00+00:00,109.444,109.476,109.424,109.435,6378
2019-12-30 00:00:00+00:00,109.433,109.45,109.072,109.152,31590
2019-12-30 04:00:00+00:00,109.144,109.189,109.109,109.146,15229
2019-12-30 08:00:00+00:00,109.144,109.179,109.109,109.155,23685
2019-12-30 12:00:00+00:00,109.156,109.227,108.776,108.991,37490
2019-12-30 16:00:00+00:00,108.991,108.991,108.82,108.828,23445
2019-12-30 20:00:00+00:00,108.821,108.885,108.811,108.872,19367
2019-12-31 00:00:00+00:00,108.865,108.876,108.626,108.679,16431
2019-12-31 04:00:00+00:00,108.679,108.704,108.648,108.658,13956
2019-12-31 08:00:00+00:00,108.669,108.675,108.501,108.564,21288
2019-12-31 12:00:00+00:00,108.57,108.67,108.471,108.666,39252
2019-12-31 16:00:00+00:00,108.665,108.743,108.583,108.623,19454
2020-01-02 04:00:00+00:00,108.714,108.797,108.711,108.785,7192
2020-01-02 08:00:00+00:00,108.774,108.861,108.772,108.773,28724
2020-01-02 12:00:00+00:00,108.773,108.806,108.216,108.271,34620
2020-01-02 16:00:00+00:00,108.277,108.569,108.277,108.548,27688
2020-01-02 20:00:00+00:00,108.554,108.629,108.499,108.544,11934
2020-01-03 00:00:00+00:00,108.539,108.561,108.007,108.182,45200
2020-01-03 04:00:00+00:00,108.187,108.218,107.919,107.945,38078
2020-01-03 08:00:00+00:00,107.939,108.126,107.928,108.028,55491
2020-01-03 12:00:00+00:00,108.03,108.263,108.003,108.038,55393
2020-01-03 16:00:00+00:00,108.018,108.089,107.863,108.012,41899
2020-01-03 20:00:00+00:00,108.023,108.122,108.023,108.075,10173
2020-01-05 20:00:00+00:00,107.832,107.977,107.784,107.969,20534
2020-01-06 00:00:00+00:00,107.968,108.12,107.926,108.056,43405
2020-01-06 04:00:00+00:00,108.047,108.166,107.979,108.102,28624
2020-01-06 08:00:00+00:00,108.122,108.13,107.928,108.062,42428
2020-01-06 12:00:00+00:00,108.065,108.357,108.043,108.321,38048
2020-01-06 16:00:00+00:00,108.307,108.505,108.303,108.454,22090
2020-01-06 20:00:00+00:00,108.442,108.459,108.304,108.412,15863
2020-01-07 00:00:00+00:00,108.405,108.495,108.377,108.471,29457
2020-01-07 04:00:00+00:00,108.467,108.503,108.277,108.319,33072
2020-01-07 08:00:00+00:00,108.32,108.496,108.32,108.397,38649
2020-01-07 12:00:00+00:00,108.407,108.627,108.33,108.607,46576
2020-01-07 16:00:00+00:00,108.621,108.622,108.511,108.529,25511
2020-01-07 20:00:00+00:00,108.541,108.557,107.834,107.996,49533
2020-01-08 00:00:00+00:00,107.959,108.446,107.663,108.362,162618
2020-01-08 04:00:00+00:00,108.356,108.443,108.275,108.421,46943
2020-01-08 08:00:00+00:00,108.414,108.769,108.403,108.721,63992
2020-01-08 12:00:00+00:00,108.715,108.79,108.624,108.624,54877
2020-01-08 16:00:00+00:00,108.643,109.242,108.643,109.231,57920
2020-01-08 20:00:00+00:00,109.217,109.217,109.002,109.036,39513
2020-01-09 00:00:00+00:00,109.053,109.242,109.053,109.191,32492
2020-01-09 04:00:00+00:00,109.19,109.357,109.185,109.356,27952
2020-01-09 08:00:00+00:00,109.349,109.488,109.284,109.452,36419
2020-01-09 12:00:00+00:00,109.452,109.577,109.338,109.54,40042
2020-01-09 16:00:00+00:00,109.548,109.559,109.404,109.511,30474
2020-01-09 20:00:00+00:00,109.499,109.539,109.463,109.495,25722
2020-01-10 00:00:00+00:00,109.508,109.577,109.481,109.53,28989
2020-01-10 04:00:00+00:00,109.535,109.597,109.53,109.573,16510
2020-01-10 08:00:00+00:00,109.571,109.653,109.562,109.622,17809
2020-01-10 12:00:00+00:00,109.628,109.68,109.523,109.561,37401
2020-01-10 16:00:00+00:00,109.559,109.568,109.438,109.52,21486
2020-01-10 20:00:00+00:00,109.522,109.531,109.44,109.44,7306
2020-01-12 20:00:00+00:00,109.524,109.589,109.504,109.552,15908
2020-01-13 00:00:00+00:00,109.541,109.635,109.541,109.613,13069
2020-01-13 04:00:00+00:00,109.611,109.647,109.611,109.629,11280
2020-01-13 08:00:00+00:00,109.625,109.918,109.623,109.849,27701
2020-01-13 12:00:00+00:00,109.853,109.935,109.808,109.923,28756
2020-01-13 16:00:00+00:00,109.923,109.943,109.869,109.922,21857
2020-01-13 20:00:00+00:00,109.91,110.013,109.892,110.011,14396
2020-01-14 00:00:00+00:00,110.014,110.19,110.0,110.077,38986
2020-01-14 04:00:00+00:00,110.077,110.132,109.978,109.98,23390
2020-01-14 08:00:00+00:00,109.966,110.065,109.891,109.977,30278
2020-01-14 12:00:00+00:00,109.965,110.109,109.955,110.048,36349
2020-01-14 16:00:00+00:00,110.042,110.113,109.919,109.994,40508
2020-01-14 20:00:00+00:00,109.987,110.011,109.82,109.853,18332
2020-01-15 00:00:00+00:00,109.878,109.971,109.874,109.899,30957
2020-01-15 04:00:00+00:00,109.899,109.949,109.872,109.916,16336
2020-01-15 08:00:00+00:00,109.918,109.94,109.834,109.847,24974
2020-01-15 12:00:00+00:00,109.855,109.993,109.792,109.986,35428
2020-01-15 16:00:00+00:00,109.995,109.995,109.856,109.917,30150
2020-01-15 20:00:00+00:00,109.92,109.92,109.851,109.883,22284
2020-01-16 00:00:00+00:00,109.878,109.985,109.878,109.936,20286
2020-01-16 04:00:00+00:00,109.931,109.981,109.919,109.972,12223
2020-01-16 08:00:00+00:00,109.973,110.052,109.952,109.97,25603
2020-01-16 12:00:00+00:00,109.963,110.137,109.935,110.118,32872
2020-01-16 16:00:00+00:00,110.138,110.174,110.12,110.126,18551
2020-01-16 20:00:00+00:00,110.128,110.23,110.128,110.181,20403
2020-01-17 00:00:00+00:00,110.179,110.276,110.157,110.217,25878
2020-01-17 04:00:00+00:00,110.212,110.254,110.182,110.214,13319
2020-01-17 08:00:00+00:00,110.219,110.237,110.09,110.15,22874
2020-01-17 12:00:00+00:00,110.148,110.207,110.065,110.166,32137
2020-01-17 16:00:00+00:00,110.185,110.19,110.118,110.149,17503
2020-01-17 20:00:00+00:00,110.135,110.18,110.12,110.13,7917
2020-01-19 20:00:00+00:00,110.068,110.192,110.068,110.189,11374
2020-01-20 00:00:00+00:00,110.188,110.213,110.157,110.186,18856
2020-01-20 04:00:00+00:00,110.184,110.198,110.119,110.123,16545
2020-01-20 08:00:00+00:00,110.123,110.191,110.123,110.188,18405
2020-01-20 12:00:00+00:00,110.188,110.199,110.139,110.154,12388
2020-01-20 16:00:00+00:00,110.161,110.186,110.152,110.156,8502
2020-01-20 20:00:00+00:00,110.162,110.183,110.154,110.175,24196
2020-01-21 00:00:00+00:00,110.172,110.215,109.909,109.97,43920
2020-01-21 04:00:00+00:00,109.967,110.014,109.898,109.976,26717
2020-01-21 08:00:00+00:00,109.971,110.066,109.928,110.055,33624
2020-01-21 12:00:00+00:00,110.064,110.114,109.872,109.907,32890
2020-01-21 16:00:00+00:00,109.901,109.973,109.761,109.791,31022
2020-01-21 20:00:00+00:00,109.793,109.926,109.79,109.913,22832
2020-01-22 00:00:00+00:00,109.919,110.072,109.868,110.03,42579
2020-01-22 04:00:00+00:00,110.04,110.06,109.98,110.006,16925
2020-01-22 08:00:00+00:00,109.986,110.002,109.94,109.996,26770
2020-01-22 12:00:00+00:00,109.999,109.999,109.833,109.908,27684
2020-01-22 16:00:00+00:00,109.91,109.936,109.854,109.882,21294
2020-01-22 20:00:00+00:00,109.877,109.897,109.691,109.737,23893
2020-01-23 00:00:00+00:00,109.754,109.756,109.604,109.609,35056
2020-01-23 04:00:00+00:00,109.597,109.632,109.507,109.607,29503
2020-01-23 08:00:00+00:00,109.594,109.634,109.495,109.634,29757
2020-01-23 12:00:00+00:00,109.628,109.65,109.312,109.372,54684
2020-01-23 16:00:00+00:00,109.382,109.521,109.273,109.521,37213
2020-01-23 20:00:00+00:00,109.51,109.567,109.459,109.567,15573
2020-01-24 00:00:00+00:00,109.566,109.572,109.445,109.476,21439
2020-01-24 04:00:00+00:00,109.474,109.553,109.469,109.545,14956
2020-01-24 08:00:00+00:00,109.554,109.647,109.528,109.612,32516
2020-01-24 12:00:00+00:00,109.619,109.624,109.318,109.442,35638
2020-01-24 16:00:00+00:00,109.421,109.458,109.175,109.256,53496
2020-01-24 20:00:00+00:00,109.259,109.321,109.231,109.248,19954
2020-01-26 20:00:00+00:00,108.932,109.027,108.746,108.802,33649
2020-01-27 00:00:00+00:00,108.843,109.059,108.843,109.036,42426
2020-01-27 04:00:00+00:00,109.033,109.114,109.019,109.053,25815
2020-01-27 08:00:00+00:00,109.054,109.124,108.832,108.902,47206
2020-01-27 12:00:00+00:00,108.911,109.086,108.883,108.911,67412
2020-01-27 16:00:00+00:00,108.914,109.054,108.887,108.921,48889
2020-01-27 20:00:00+00:00,108.936,108.962,108.867,108.931,24978
2020-01-28 00:00:00+00:00,108.925,109.044,108.829,109.003,30387
2020-01-28 04:00:00+00:00,108.999,109.097,108.947,109.084,22326
2020-01-28 08:00:00+00:00,109.057,109.057,108.772,108.894,49345
2020-01-28 12:00:00+00:00,108.883,109.194,108.864,109.144,56086
2020-01-28 16:00:00+00:00,109.143,109.19,109.093,109.141,30494
2020-01-28 20:00:00+00:00,109.118,109.261,109.081,109.137,24471
2020-01-29 00:00:00+00:00,109.14,109.232,109.078,109.206,33903
2020-01-29 04:00:00+00:00,109.2,109.212,109.041,109.102,20916
2020-01-29 08:00:00+00:00,109.086,109.146,109.015,109.082,32291
2020-01-29 12:00:00+00:00,109.087,109.183,108.994,109.157,40357
2020-01-29 16:00:00+00:00,109.182,109.231,109.035,109.035,33833
2020-01-29 20:00:00+00:00,109.046,109.095,108.951,108.987,50194
2020-01-30 00:00:00+00:00,109.01,109.039,108.867,108.878,42917
2020-01-30 04:00:00+00:00,108.869,108.954,108.812,108.864,35057
2020-01-30 08:00:00+00:00,108.852,108.968,108.821,108.894,43416
2020-01-30 12:00:00+00:00,108.873,108.979,108.664,108.671,66632
2020-01-30 16:00:00+00:00,108.664,108.796,108.594,108.766,75558
2020-01-30 20:00:00+00:00,108.783,108.989,108.767,108.893,41434
2020-01-31 00:00:00+00:00,108.904,109.126,108.904,109.074,48979
2020-01-31 04:00:00+00:00,109.069,109.099,109.012,109.053,21660
2020-01-31 08:00:00+00:00,109.043,109.064,108.895,108.917,39154
2020-01-31 12:00:00+00:00,108.94,108.964,108.382,108.399,59158
2020-01-31 16:00:00+00:00,108.381,108.517,108.322,108.349,84600
2020-01-31 20:00:00+00:00,108.348,108.4,108.331,108.331,27475
2020-02-02 20:00:00+00:00,108.426,108.469,108.319,108.388,17532
2020-02-03 00:00:00+00:00,108.382,108.577,108.368,108.546,71757
2020-02-03 04:00:00+00:00,108.533,108.69,108.475,108.626,31640
2020-02-03 08:00:00+00:00,108.623,108.632,108.42,108.528,53324
2020-02-03 12:00:00+00:00,108.529,108.795,108.488,108.713,56091
2020-02-03 16:00:00+00:00,108.718,108.727,108.525,108.676,46011
2020-02-03 20:00:00+00:00,108.67,108.733,108.599,108.618,22033
2020-02-04 00:00:00+00:00,108.614,108.778,108.552,108.694,44136
2020-02-04 04:00:00+00:00,108.697,108.947,108.694,108.939,32306
2020-02-04 08:00:00+00:00,108.918,109.11,108.918,109.031,39886
2020-02-04 12:00:00+00:00,109.034,109.355,109.034,109.336,51785
2020-02-04 16:00:00+00:00,109.337,109.537,109.303,109.5,31234
2020-02-04 20:00:00+00:00,109.498,109.543,109.433,109.443,19571
2020-02-05 00:00:00+00:00,109.451,109.488,109.375,109.447,38868
2020-02-05 04:00:00+00:00,109.447,109.479,109.326,109.337,23040
2020-02-05 08:00:00+00:00,109.32,109.717,109.304,109.574,75993
2020-02-05 12:00:00+00:00,109.559,109.841,109.559,109.757,62472
2020-02-05 16:00:00+00:00,109.731,109.834,109.672,109.834,29460
2020-02-05 20:00:00+00:00,109.822,109.843,109.755,109.819,20200
2020-02-06 00:00:00+00:00,109.807,109.901,109.807,109.895,33818
2020-02-06 04:00:00+00:00,109.889,109.976,109.854,109.909,30874
2020-02-06 08:00:00+00:00,109.892,109.95,109.783,109.923,37224
2020-02-06 12:00:00+00:00,109.931,109.987,109.826,109.971,43256
2020-02-06 16:00:00+00:00,109.957,109.998,109.896,109.975,24755
2020-02-06 20:00:00+00:00,109.971,110.018,109.949,109.965,18212
2020-02-07 00:00:00+00:00,109.955,109.977,109.819,109.91,38539
2020-02-07 04:00:00+00:00,109.908,109.98,109.874,109.923,29012
2020-02-07 08:00:00+00:00,109.919,109.947,109.673,109.827,35471
2020-02-07 12:00:00+00:00,109.837,109.958,109.534,109.776,62301
2020-02-07 16:00:00+00:00,109.738,109.834,109.707,109.733,35064
2020-02-07 20:00:00+00:00,109.752,109.8,109.737,109.751,11233
2020-02-09 20:00:00+00:00,109.679,109.77,109.571,109.619,17454
2020-02-10 00:00:00+00:00,109.635,109.87,109.607,109.767,49760
2020-02-10 04:00:00+00:00,109.768,109.846,109.732,109.803,26998
2020-02-10 08:00:00+00:00,109.792,109.842,109.708,109.779,39975
2020-02-10 12:00:00+00:00,109.795,109.795,109.656,109.733,35235
2020-02-10 16:00:00+00:00,109.734,109.789,109.643,109.698,23448
2020-02-10 20:00:00+00:00,109.697,109.776,109.684,109.768,28653
2020-02-11 00:00:00+00:00,109.755,109.899,109.744,109.875,21991
2020-02-11 04:00:00+00:00,109.875,109.929,109.854,109.914,17731
2020-02-11 08:00:00+00:00,109.923,109.942,109.835,109.85,26288
2020-02-11 12:00:00+00:00,109.858,109.944,109.753,109.907,38536
2020-02-11 16:00:00+00:00,109.921,109.921,109.737,109.751,31585
2020-02-11 20:00:00+00:00,109.745,109.849,109.733,109.843,24630
2020-02-12 00:00:00+00:00,109.848,109.89,109.802,109.825,30797
2020-02-12 04:00:00+00:00,109.831,109.922,109.82,109.882,22210
2020-02-12 08:00:00+00:00,109.875,110.129,109.875,109.956,33712
2020-02-12 12:00:00+00:00,109.958,110.055,109.948,110.016,29510
2020-02-12 16:00:00+00:00,110.013,110.093,109.987,110.079,23142
2020-02-12 20:00:00+00:00,110.091,110.118,109.804,109.871,35052
2020-02-13 00:00:00+00:00,109.883,109.978,109.854,109.86,44937
2020-02-13 04:00:00+00:00,109.855,109.897,109.729,109.729,27709
2020-02-13 08:00:00+00:00,109.754,109.802,109.628,109.707,39696
2020-02-13 12:00:00+00:00,109.714,109.846,109.661,109.8,51669
2020-02-13 16:00:00+00:00,109.801,109.853,109.745,109.807,29121
2020-02-13 20:00:00+00:00,109.818,109.834,109.751,109.771,31054
2020-02-14 00:00:00+00:00,109.785,109.894,109.76,109.84,34844
2020-02-14 04:00:00+00:00,109.832,109.832,109.756,109.786,23253
2020-02-14 08:00:00+00:00,109.784,109.831,109.763,109.801,21468
2020-02-14 12:00:00+00:00,109.805,109.866,109.708,109.761,37775
2020-02-14 16:00:00+00:00,109.759,109.796,109.708,109.771,20957
2020-02-14 20:00:00+00:00,109.767,109.795,109.745,109.763,10317
2020-02-16 20:00:00+00:00,109.79,109.832,109.76,109.794,11687
2020-02-17 00:00:00+00:00,109.772,109.849,109.72,109.815,27418
2020-02-17 04:00:00+00:00,109.81,109.865,109.802,109.864,14050
2020-02-17 08:00:00+00:00,109.864,109.886,109.819,109.886,15892
2020-02-17 12:00:00+00:00,109.891,109.956,109.864,109.943,10234
2020-02-17 16:00:00+00:00,109.945,109.945,109.903,109.94,10705
2020-02-17 20:00:00+00:00,109.938,109.94,109.8,109.837,24504
2020-02-18 00:00:00+00:00,109.82,109.833,109.66,109.706,38248
2020-02-18 04:00:00+00:00,109.709,109.795,109.679,109.698,22297
2020-02-18 08:00:00+00:00,109.709,109.765,109.674,109.722,30606
2020-02-18 12:00:00+00:00,109.712,109.942,109.712,109.809,39351
2020-02-18 16:00:00+00:00,109.804,109.905,109.784,109.867,25815
2020-02-18 20:00:00+00:00,109.866,109.926,109.844,109.921,16914
2020-02-19 00:00:00+00:00,109.924,110.09,109.869,110.057,33410
2020-02-19 04:00:00+00:00,110.068,110.133,110.01,110.12,19017
2020-02-19 08:00:00+00:00,110.11,110.447,110.071,110.447,29321
2020-02-19 12:00:00+00:00,110.445,110.97,110.407,110.945,43001
2020-02-19 16:00:00+00:00,110.931,111.581,110.931,111.579,38783
2020-02-19 20:00:00+00:00,111.537,111.537,111.194,111.198,23133
2020-02-20 00:00:00+00:00,111.201,111.481,111.116,111.364,61132
2020-02-20 04:00:00+00:00,111.363,111.837,111.348,111.687,39951
2020-02-20 08:00:00+00:00,111.683,112.184,111.63,111.854,54341
2020-02-20 12:00:00+00:00,111.904,112.194,111.875,112.093,57456
2020-02-20 16:00:00+00:00,112.078,112.097,111.722,112.06,75856
2020-02-20 20:00:00+00:00,112.046,112.178,111.96,111.971,26686
2020-02-21 00:00:00+00:00,111.972,112.179,111.933,112.017,52163
2020-02-21 04:00:00+00:00,112.031,112.042,111.704,111.732,32495
2020-02-21 08:00:00+00:00,111.734,111.881,111.487,111.881,52256
2020-02-21 12:00:00+00:00,111.873,112.026,111.52,111.691,76319
2020-02-21 16:00:00+00:00,111.691,111.757,111.601,111.603,38538
2020-02-21 20:00:00+00:00,111.612,111.612,111.512,111.526,13405
2020-02-23 20:00:00+00:00,111.32,111.595,111.32,111.548,31022
2020-02-24 00:00:00+00:00,111.564,111.671,111.449,111.555,43236
2020-02-24 04:00:00+00:00,111.554,111.629,111.508,111.541,28408
2020-02-24 08:00:00+00:00,111.527,111.527,111.208,111.313,73949
2020-02-24 12:00:00+00:00,111.333,111.419,110.483,110.657,97134
2020-02-24 16:00:00+00:00,110.657,110.747,110.345,110.736,66841
2020-02-24 20:00:00+00:00,110.732,110.864,110.653,110.854,48649
2020-02-25 00:00:00+00:00,110.856,111.035,110.781,110.841,66135
2020-02-25 04:00:00+00:00,110.84,110.868,110.663,110.717,35688
2020-02-25 08:00:00+00:00,110.726,110.733,110.358,110.519,74289
2020-02-25 12:00:00+00:00,110.519,110.702,110.013,110.135,108954
2020-02-25 16:00:00+00:00,110.149,110.249,109.902,110.093,118768
2020-02-25 20:00:00+00:00,110.146,110.292,110.028,110.292,60240
2020-02-26 00:00:00+00:00,110.27,110.574,110.149,110.497,80145
2020-02-26 04:00:00+00:00,110.497,110.508,110.324,110.476,51986
2020-02-26 08:00:00+00:00,110.466,110.594,110.134,110.484,116779
2020-02-26 12:00:00+00:00,110.461,110.697,110.425,110.568,105867
2020-02-26 16:00:00+00:00,110.569,110.583,110.196,110.204,123004
2020-02-26 20:00:00+00:00,110.258,110.471,110.258,110.385,59622
2020-02-27 00:00:00+00:00,110.35,110.392,110.203,110.231,102090
2020-02-27 04:00:00+00:00,110.24,110.269,109.986,110.103,78801
2020-02-27 08:00:00+00:00,110.121,110.224,109.866,109.954,97566
2020-02-27 12:00:00+00:00,109.96,110.02,109.703,110.009,137984
2020-02-27 16:00:00+00:00,109.996,110.329,109.869,109.942,155836
2020-02-27 20:00:00+00:00,109.942,110.055,109.339,109.621,72563
2020-02-28 00:00:00+00:00,109.655,109.655,108.915,109.144,109796
2020-02-28 04:00:00+00:00,109.162,109.179,108.799,108.855,120926
2020-02-28 08:00:00+00:00,108.849,108.954,108.514,108.692,155843
2020-02-28 12:00:00+00:00,108.686,108.863,107.847,107.928,199965
2020-02-28 16:00:00+00:00,107.897,108.469,107.768,107.859,195318
2020-02-28 20:00:00+00:00,107.814,108.127,107.514,108.071,60443
2020-03-01 20:00:00+00:00,107.456,107.757,107.369,107.674,35677
2020-03-02 00:00:00+00:00,107.702,108.364,107.571,108.227,111484
2020-03-02 04:00:00+00:00,108.205,108.566,108.062,108.46,89059
2020-03-02 08:00:00+00:00,108.43,108.437,107.523,107.561,120674
2020-03-02 12:00:00+00:00,107.604,107.917,107.407,107.911,184705
2020-03-02 16:00:00+00:00,107.939,108.089,107.705,107.854,128726
2020-03-02 20:00:00+00:00,107.894,108.525,107.894,108.525,57614
2020-03-03 00:00:00+00:00,108.452,108.481,107.919,108.007,68867
2020-03-03 04:00:00+00:00,108.004,108.038,107.678,108.038,69768
2020-03-03 08:00:00+00:00,108.009,108.126,107.865,107.927,77102
2020-03-03 12:00:00+00:00,107.943,108.057,107.206,107.539,254507
2020-03-03 16:00:00+00:00,107.561,107.561,106.967,107.248,210536
2020-03-03 20:00:00+00:00,107.254,107.325,106.859,107.067,94646
2020-03-04 00:00:00+00:00,107.038,107.499,107.038,107.42,102730
2020-03-04 04:00:00+00:00,107.419,107.655,107.341,107.529,61271
2020-03-04 08:00:00+00:00,107.458,107.541,107.33,107.491,86354
2020-03-04 12:00:00+00:00,107.498,107.659,107.152,107.268,129278
2020-03-04 16:00:00+00:00,107.281,107.523,107.256,107.323,91066
2020-03-04 20:00:00+00:00,107.349,107.714,107.349,107.714,41908
2020-03-05 00:00:00+00:00,107.643,107.643,107.27,107.32,51853
2020-03-05 04:00:00+00:00,107.316,107.432,107.203,107.369,32743
2020-03-05 08:00:00+00:00,107.355,107.374,106.808,106.895,92918
2020-03-05 12:00:00+00:00,106.889,106.948,106.659,106.664,113029
2020-03-05 16:00:00+00:00,106.699,106.761,106.237,106.398,112014
2020-03-05 20:00:00+00:00,106.415,106.459,105.993,106.264,62573
2020-03-06 00:00:00+00:00,106.269,106.34,105.791,105.809,72492
2020-03-06 04:00:00+00:00,105.77,106.029,105.759,105.795,63566
2020-03-06 08:00:00+00:00,105.79,105.93,104.999,105.258,178946
2020-03-06 12:00:00+00:00,105.283,105.649,105.028,105.363,274027
2020-03-06 16:00:00+00:00,105.347,105.569,105.148,105.19,134097
2020-03-06 20:00:00+00:00,105.223,105.511,105.174,105.341,64588
2020-03-08 20:00:00+00:00,104.237,104.585,103.586,103.934,98411
2020-03-09 00:00:00+00:00,103.964,104.243,101.619,102.453,197192
2020-03-09 04:00:00+00:00,102.404,102.85,101.913,102.267,171252
2020-03-09 08:00:00+00:00,102.247,102.78,102.146,102.274,151900
2020-03-09 12:00:00+00:00,102.286,102.596,101.202,102.518,278316
2020-03-09 16:00:00+00:00,102.566,102.581,101.977,102.37,256555
2020-03-09 20:00:00+00:00,102.371,103.211,102.053,103.082,104931
2020-03-10 00:00:00+00:00,103.13,103.753,102.735,103.699,171048
2020-03-10 04:00:00+00:00,103.673,104.99,103.662,103.847,204221
2020-03-10 08:00:00+00:00,103.737,105.201,103.737,104.663,166697
2020-03-10 12:00:00+00:00,104.665,104.682,103.252,103.682,284264
2020-03-10 16:00:00+00:00,103.755,105.868,103.706,105.492,308234
2020-03-10 20:00:00+00:00,105.474,105.64,104.858,105.042,76556
2020-03-11 00:00:00+00:00,105.037,105.209,104.638,104.74,126873
2020-03-11 04:00:00+00:00,104.725,105.018,104.152,105.018,139046
2020-03-11 08:00:00+00:00,105.006,105.32,104.645,104.737,185137
2020-03-11 12:00:00+00:00,104.671,105.008,104.414,104.818,185705
2020-03-11 16:00:00+00:00,104.827,105.11,104.237,104.71,204142
2020-03-11 20:00:00+00:00,104.703,104.792,104.337,104.535,62404
2020-03-12 00:00:00+00:00,104.599,104.696,103.132,103.366,169070
2020-03-12 04:00:00+00:00,103.381,104.223,103.377,103.672,146130
2020-03-12 08:00:00+00:00,103.637,104.017,103.53,103.722,145111
2020-03-12 12:00:00+00:00,103.737,105.784,103.513,105.669,439648
2020-03-12 16:00:00+00:00,105.712,106.078,104.881,105.333,368491
2020-03-12 20:00:00+00:00,105.354,105.354,104.522,104.665,114364
2020-03-13 00:00:00+00:00,104.796,105.244,104.693,104.943,188934
2020-03-13 04:00:00+00:00,104.948,105.979,104.948,105.829,194218
2020-03-13 08:00:00+00:00,105.932,106.889,105.761,106.889,133988
2020-03-13 12:00:00+00:00,106.864,107.481,106.722,107.137,414314
2020-03-13 16:00:00+00:00,107.24,108.456,107.035,108.225,350755
2020-03-13 20:00:00+00:00,108.11,108.38,107.931,107.96,28965
2020-03-15 20:00:00+00:00,107.216,107.216,105.746,106.497,129676
2020-03-16 00:00:00+00:00,106.61,107.558,106.305,106.887,121531
2020-03-16 04:00:00+00:00,106.894,107.222,106.195,106.589,151317
2020-03-16 08:00:00+00:00,106.598,106.668,105.704,105.704,208575
2020-03-16 12:00:00+00:00,105.826,106.467,105.179,105.678,401802
2020-03-16 16:00:00+00:00,105.637,106.432,105.637,105.844,324572
2020-03-16 20:00:00+00:00,105.943,106.323,105.855,106.218,123655
2020-03-17 00:00:00+00:00,106.248,107.169,106.122,106.502,371665
2020-03-17 04:00:00+00:00,106.495,106.881,106.253,106.881,308055
2020-03-17 08:00:00+00:00,106.897,107.133,106.322,106.752,316190
2020-03-17 12:00:00+00:00,106.776,107.588,106.747,107.409,423395
2020-03-17 16:00:00+00:00,107.371,107.857,107.263,107.685,220081
2020-03-17 20:00:00+00:00,107.641,107.728,107.217,107.384,118230
2020-03-18 00:00:00+00:00,107.351,107.562,107.064,107.118,263067
2020-03-18 04:00:00+00:00,107.117,107.415,106.771,107.415,188802
2020-03-18 08:00:00+00:00,107.441,107.591,107.107,107.276,236690
2020-03-18 12:00:00+00:00,107.334,108.484,107.314,108.433,294529
2020-03-18 16:00:00+00:00,108.547,108.645,107.767,108.113,418335
2020-03-18 20:00:00+00:00,108.075,108.38,107.86,108.358,139200
2020-03-19 00:00:00+00:00,108.414,109.436,108.208,109.286,256241
2020-03-19 04:00:00+00:00,109.299,109.53,108.507,109.153,358996
2020-03-19 08:00:00+00:00,109.139,109.944,108.822,109.903,261180
2020-03-19 12:00:00+00:00,109.898,110.132,109.546,110.077,429812
2020-03-19 16:00:00+00:00,110.023,110.948,110.017,110.732,444405
2020-03-19 20:00:00+00:00,110.723,111.349,110.445,111.311,122051
2020-03-20 00:00:00+00:00,111.285,111.319,110.002,110.172,251122
2020-03-20 04:00:00+00:00,110.203,110.222,109.352,109.509,327880
2020-03-20 08:00:00+00:00,109.536,110.26,109.536,110.104,292520
2020-03-20 12:00:00+00:00,110.122,111.334,109.937,111.303,370984
2020-03-20 16:00:00+00:00,111.329,111.489,110.876,111.078,532530
2020-03-20 20:00:00+00:00,111.086,111.341,110.73,110.753,15323
2020-03-22 20:00:00+00:00,110.805,111.239,110.31,110.392,77934
2020-03-23 00:00:00+00:00,110.368,110.745,110.015,110.283,176498
2020-03-23 04:00:00+00:00,110.213,110.292,109.686,110.239,205718
2020-03-23 08:00:00+00:00,110.244,110.885,110.11,110.805,196737
2020-03-23 12:00:00+00:00,110.377,111.35,109.871,111.35,512167
2020-03-23 16:00:00+00:00,111.375,111.577,111.164,111.313,317215
2020-03-23 20:00:00+00:00,111.28,111.342,110.806,110.813,105476
2020-03-24 00:00:00+00:00,110.871,110.978,110.091,110.301,197788
2020-03-24 04:00:00+00:00,110.199,110.692,110.141,110.53,177409
2020-03-24 08:00:00+00:00,110.626,110.941,110.296,110.849,172333
2020-03-24 12:00:00+00:00,110.918,111.48,110.617,111.452,359866
2020-03-24 16:00:00+00:00,111.47,111.697,111.307,111.503,234842
2020-03-24 20:00:00+00:00,111.52,111.526,111.052,111.121,61028
2020-03-25 00:00:00+00:00,111.152,111.238,110.77,111.103,150782
2020-03-25 04:00:00+00:00,111.12,111.483,111.07,111.463,178859
2020-03-25 08:00:00+00:00,111.479,111.567,111.064,111.26,208965
2020-03-25 12:00:00+00:00,111.283,111.668,111.247,111.419,228789
2020-03-25 16:00:00+00:00,111.424,111.584,111.086,111.176,169486
2020-03-25 20:00:00+00:00,111.171,111.288,110.833,110.837,71707
2020-03-26 00:00:00+00:00,110.831,110.94,110.475,110.695,185498
2020-03-26 04:00:00+00:00,110.724,110.846,110.398,110.471,110651
2020-03-26 08:00:00+00:00,110.423,110.495,109.585,109.728,170672
2020-03-26 12:00:00+00:00,109.674,110.064,109.36,109.457,276908
2020-03-26 16:00:00+00:00,109.552,109.732,109.218,109.392,192086
2020-03-26 20:00:00+00:00,109.422,109.717,109.123,109.133,74447
2020-03-27 00:00:00+00:00,109.123,109.39,108.259,108.404,145046
2020-03-27 04:00:00+00:00,108.446,108.984,108.236,108.883,106859
2020-03-27 08:00:00+00:00,108.83,109.041,108.531,108.821,146741
2020-03-27 12:00:00+00:00,108.819,108.881,107.884,108.158,189814
2020-03-27 16:00:00+00:00,108.134,108.19,107.774,107.895,114728
2020-03-27 20:00:00+00:00,107.864,107.974,107.864,107.91,9406
2020-03-29 20:00:00+00:00,107.682,107.97,107.398,107.457,55710
2020-03-30 00:00:00+00:00,107.446,107.762,107.151,107.353,105617
2020-03-30 04:00:00+00:00,107.331,108.23,107.331,107.989,105537
2020-03-30 08:00:00+00:00,107.984,108.067,107.502,107.99,98053
2020-03-30 12:00:00+00:00,107.991,108.29,107.68,108.061,171920
2020-03-30 16:00:00+00:00,108.074,108.082,107.752,107.752,93773
2020-03-30 20:00:00+00:00,107.756,108.189,107.756,108.074,34566
2020-03-31 00:00:00+00:00,108.05,108.689,107.935,108.392,137624
2020-03-31 04:00:00+00:00,108.403,108.575,108.105,108.416,111465
2020-03-31 08:00:00+00:00,108.445,108.71,108.257,108.567,99234
2020-03-31 12:00:00+00:00,108.564,108.607,107.476,107.548,188470
2020-03-31 16:00:00+00:00,107.585,107.921,107.508,107.513,141575
2020-03-31 20:00:00+00:00,107.542,107.761,107.41,107.508,38936
2020-04-01 00:00:00+00:00,107.46,107.905,107.257,107.794,105690
2020-04-01 04:00:00+00:00,107.794,107.818,107.296,107.649,102013
2020-04-01 08:00:00+00:00,107.639,107.762,107.447,107.519,83218
2020-04-01 12:00:00+00:00,107.558,107.595,107.015,107.044,106800
2020-04-01 16:00:00+00:00,107.06,107.319,106.939,107.132,76954
2020-04-01 20:00:00+00:00,107.113,107.304,107.045,107.294,33294
2020-04-02 00:00:00+00:00,107.264,107.541,107.154,107.432,72106
2020-04-02 04:00:00+00:00,107.442,107.523,107.166,107.289,64834
2020-04-02 08:00:00+00:00,107.311,107.437,107.259,107.327,53542
2020-04-02 12:00:00+00:00,107.354,107.985,107.029,107.853,148593
2020-04-02 16:00:00+00:00,107.842,108.071,107.813,107.912,124926
2020-04-02 20:00:00+00:00,107.905,108.194,107.811,108.031,30421
2020-04-03 00:00:00+00:00,108.044,108.127,107.821,107.988,62752
2020-04-03 04:00:00+00:00,108.006,108.285,107.829,108.222,58735
2020-04-03 08:00:00+00:00,108.23,108.589,108.127,108.492,66006
2020-04-03 12:00:00+00:00,108.492,108.664,108.31,108.521,112027
2020-04-03 16:00:00+00:00,108.531,108.55,108.196,108.417,69284
2020-04-03 20:00:00+00:00,108.416,108.493,108.38,108.382,6433
2020-04-05 20:00:00+00:00,108.356,108.712,108.35,108.712,30547
2020-04-06 00:00:00+00:00,108.672,109.067,108.672,108.86,106505
2020-04-06 04:00:00+00:00,108.875,109.35,108.835,109.177,77726
2020-04-06 08:00:00+00:00,109.195,109.274,108.912,108.928,65622
2020-04-06 12:00:00+00:00,108.914,109.174,108.846,109.106,68418
2020-04-06 16:00:00+00:00,109.116,109.237,108.935,109.152,53312
2020-04-06 20:00:00+00:00,109.13,109.266,109.094,109.129,36073
2020-04-07 00:00:00+00:00,109.089,109.119,108.745,108.78,70784
2020-04-07 04:00:00+00:00,108.749,108.967,108.676,108.878,71957
2020-04-07 08:00:00+00:00,108.892,109.132,108.85,108.958,56879
2020-04-07 12:00:00+00:00,108.923,109.077,108.835,108.974,86104
2020-04-07 16:00:00+00:00,108.988,108.988,108.758,108.758,74368
2020-04-07 20:00:00+00:00,108.764,108.838,108.621,108.674,32297
2020-04-08 00:00:00+00:00,108.664,108.864,108.514,108.853,72763
2020-04-08 04:00:00+00:00,108.85,108.988,108.76,108.838,65047
2020-04-08 08:00:00+00:00,108.816,108.929,108.746,108.899,38824
2020-04-08 12:00:00+00:00,108.917,109.077,108.628,108.701,73114
2020-04-08 16:00:00+00:00,108.72,108.869,108.614,108.852,70062
2020-04-08 20:00:00+00:00,108.849,108.977,108.799,108.933,15715
2020-04-09 00:00:00+00:00,108.897,109.062,108.836,108.965,54839
2020-04-09 04:00:00+00:00,108.963,108.993,108.888,108.932,43290
2020-04-09 08:00:00+00:00,108.947,108.957,108.73,108.884,40918
2020-04-09 12:00:00+00:00,108.867,108.908,108.358,108.378,102051
2020-04-09 16:00:00+00:00,108.394,108.484,108.211,108.399,70879
2020-04-09 20:00:00+00:00,108.402,108.577,108.375,108.551,12968
2020-04-10 00:00:00+00:00,108.54,108.563,108.373,108.373,24435
2020-04-10 04:00:00+00:00,108.373,108.437,108.334,108.399,20214
2020-04-10 08:00:00+00:00,108.382,108.467,108.361,108.439,23737
2020-04-10 12:00:00+00:00,108.448,108.471,108.386,108.394,19081
2020-04-10 16:00:00+00:00,108.396,108.434,108.35,108.368,13240
2020-04-10 20:00:00+00:00,108.366,108.408,108.355,108.359,433
2020-04-12 20:00:00+00:00,108.414,108.522,108.261,108.342,30723
2020-04-13 00:00:00+00:00,108.35,108.37,108.007,108.058,49078
2020-04-13 04:00:00+00:00,108.023,108.051,107.798,107.887,38898
2020-04-13 08:00:00+00:00,107.88,108.071,107.86,107.86,33163
2020-04-13 12:00:00+00:00,107.873,107.962,107.566,107.593,55999
2020-04-13 16:00:00+00:00,107.612,107.676,107.503,107.66,38408
2020-04-13 20:00:00+00:00,107.669,107.762,107.585,107.627,13851
2020-04-14 00:00:00+00:00,107.647,107.673,107.54,107.619,45153
2020-04-14 04:00:00+00:00,107.642,107.756,107.641,107.672,35319
2020-04-14 08:00:00+00:00,107.662,107.662,107.305,107.312,37498
2020-04-14 12:00:00+00:00,107.315,107.443,107.073,107.083,66455
2020-04-14 16:00:00+00:00,107.099,107.225,106.988,107.143,47844
2020-04-14 20:00:00+00:00,107.142,107.227,107.082,107.112,12453
2020-04-15 00:00:00+00:00,107.099,107.193,106.931,107.102,38570
2020-04-15 04:00:00+00:00,107.088,107.384,107.008,107.361,38235
2020-04-15 08:00:00+00:00,107.364,107.486,107.269,107.375,49122
2020-04-15 12:00:00+00:00,107.371,107.838,107.371,107.424,105691
2020-04-15 16:00:00+00:00,107.424,107.586,107.264,107.586,65144
2020-04-15 20:00:00+00:00,107.587,107.621,107.35,107.618,18343
2020-04-16 00:00:00+00:00,107.618,107.996,107.613,107.963,52754
2020-04-16 04:00:00+00:00,107.974,108.079,107.719,107.825,49590
2020-04-16 08:00:00+00:00,107.82,107.83,107.601,107.686,42964
2020-04-16 12:00:00+00:00,107.671,107.798,107.167,107.723,105756
2020-04-16 16:00:00+00:00,107.709,107.822,107.588,107.703,65938
2020-04-16 20:00:00+00:00,107.705,108.071,107.705,107.932,52424
2020-04-17 00:00:00+00:00,107.938,107.941,107.659,107.78,49296
2020-04-17 04:00:00+00:00,107.791,107.835,107.64,107.802,46199
2020-04-17 08:00:00+00:00,107.813,107.917,107.704,107.704,51721
2020-04-17 12:00:00+00:00,107.701,107.728,107.309,107.523,107958
2020-04-17 16:00:00+00:00,107.511,107.657,107.433,107.579,45082
2020-04-17 20:00:00+00:00,107.58,107.612,107.515,107.515,6473
2020-04-19 20:00:00+00:00,107.484,107.694,107.47,107.694,11923
2020-04-20 00:00:00+00:00,107.686,107.889,107.686,107.844,30536
2020-04-20 04:00:00+00:00,107.839,107.945,107.695,107.696,37786
2020-04-20 08:00:00+00:00,107.715,107.816,107.604,107.79,44988
2020-04-20 12:00:00+00:00,107.817,107.858,107.627,107.699,57837
2020-04-20 16:00:00+00:00,107.682,107.769,107.615,107.769,38771
2020-04-20 20:00:00+00:00,107.794,107.794,107.582,107.675,18526
2020-04-21 00:00:00+00:00,107.672,107.783,107.492,107.55,52587
2020-04-21 04:00:00+00:00,107.551,107.579,107.315,107.38,42722
2020-04-21 08:00:00+00:00,107.401,107.495,107.295,107.412,47578
2020-04-21 12:00:00+00:00,107.394,107.815,107.377,107.685,81727
2020-04-21 16:00:00+00:00,107.67,107.89,107.659,107.763,54977
2020-04-21 20:00:00+00:00,107.759,107.822,107.68,107.718,18350
2020-04-22 00:00:00+00:00,107.748,107.854,107.695,107.72,42856
2020-04-22 04:00:00+00:00,107.719,107.728,107.53,107.604,39385
2020-04-22 08:00:00+00:00,107.618,107.741,107.569,107.621,31711
2020-04-22 12:00:00+00:00,107.63,107.927,107.62,107.809,56695
2020-04-22 16:00:00+00:00,107.811,107.888,107.702,107.702,26077
2020-04-22 20:00:00+00:00,107.702,107.845,107.702,107.828,22096
2020-04-23 00:00:00+00:00,107.805,107.848,107.713,107.782,31572
2020-04-23 04:00:00+00:00,107.779,107.845,107.64,107.64,36025
2020-04-23 08:00:00+00:00,107.626,107.672,107.429,107.539,41063
2020-04-23 12:00:00+00:00,107.539,107.979,107.349,107.672,97369
2020-04-23 16:00:00+00:00,107.649,107.702,107.41,107.592,56887
2020-04-23 20:00:00+00:00,107.592,107.691,107.558,107.658,28408
2020-04-24 00:00:00+00:00,107.647,107.744,107.577,107.668,44271
2020-04-24 04:00:00+00:00,107.672,107.73,107.599,107.699,33552
2020-04-24 08:00:00+00:00,107.701,107.72,107.57,107.598,34432
2020-04-24 12:00:00+00:00,107.607,107.653,107.413,107.443,53220
2020-04-24 16:00:00+00:00,107.464,107.486,107.381,107.393,28068
2020-04-24 20:00:00+00:00,107.406,107.506,107.368,107.442,7601
2020-04-26 20:00:00+00:00,107.573,107.597,107.406,107.509,13887
2020-04-27 00:00:00+00:00,107.505,107.62,107.315,107.355,44355
2020-04-27 04:00:00+00:00,107.38,107.386,107.055,107.223,43920
2020-04-27 08:00:00+00:00,107.229,107.263,107.053,107.092,31504
2020-04-27 12:00:00+00:00,107.105,107.34,107.0,107.221,65410
2020-04-27 16:00:00+00:00,107.239,107.315,107.195,107.275,35678
2020-04-27 20:00:00+00:00,107.27,107.296,107.169,107.296,28270
2020-04-28 00:00:00+00:00,107.286,107.338,107.19,107.279,32589
2020-04-28 04:00:00+00:00,107.282,107.3,107.056,107.072,32986
2020-04-28 08:00:00+00:00,107.076,107.077,106.561,106.652,62173
2020-04-28 12:00:00+00:00,106.628,106.957,106.58,106.845,60128
2020-04-28 16:00:00+00:00,106.847,106.891,106.822,106.859,31514
2020-04-28 20:00:00+00:00,106.858,106.889,106.733,106.758,24486
2020-04-29 00:00:00+00:00,106.755,106.757,106.515,106.529,22497
2020-04-29 04:00:00+00:00,106.532,106.602,106.397,106.407,29868
2020-04-29 08:00:00+00:00,106.374,106.535,106.366,106.483,37363
2020-04-29 12:00:00+00:00,106.48,106.743,106.472,106.672,60605
2020-04-29 16:00:00+00:00,106.674,106.742,106.577,106.61,51876
2020-04-29 20:00:00+00:00,106.623,106.651,106.568,106.612,16552
2020-04-30 00:00:00+00:00,106.601,106.858,106.546,106.546,37174
2020-04-30 04:00:00+00:00,106.576,106.685,106.42,106.594,39367
2020-04-30 08:00:00+00:00,106.6,106.727,106.484,106.528,38039
2020-04-30 12:00:00+00:00,106.529,107.155,106.455,106.955,121294
2020-04-30 16:00:00+00:00,106.93,107.483,106.895,107.329,71032
2020-04-30 20:00:00+00:00,107.306,107.306,107.027,107.282,22393
2020-05-01 00:00:00+00:00,107.3,107.404,107.087,107.108,45847
2020-05-01 04:00:00+00:00,107.121,107.161,106.932,106.941,34420
2020-05-01 08:00:00+00:00,106.944,106.948,106.675,106.692,42145
2020-05-01 12:00:00+00:00,106.68,107.047,106.614,106.768,65542
2020-05-01 16:00:00+00:00,106.79,106.892,106.758,106.849,34764
2020-05-01 20:00:00+00:00,106.849,106.932,106.849,106.882,4909
2020-05-03 20:00:00+00:00,106.8,106.931,106.72,106.731,16339
2020-05-04 00:00:00+00:00,106.756,106.775,106.676,106.764,27542
2020-05-04 04:00:00+00:00,106.763,106.825,106.716,106.738,30235
2020-05-04 08:00:00+00:00,106.715,106.864,106.71,106.799,39729
2020-05-04 12:00:00+00:00,106.807,107.063,106.764,106.817,56841
2020-05-04 16:00:00+00:00,106.824,106.854,106.653,106.69,29308
2020-05-04 20:00:00+00:00,106.711,106.756,106.648,106.697,18946
2020-05-05 00:00:00+00:00,106.682,106.682,106.513,106.623,19049
2020-05-05 04:00:00+00:00,106.619,106.789,106.576,106.731,22250
2020-05-05 08:00:00+00:00,106.729,106.889,106.665,106.73,47322
2020-05-05 12:00:00+00:00,106.732,106.742,106.481,106.517,54449
2020-05-05 16:00:00+00:00,106.534,106.572,106.422,106.483,25747
2020-05-05 20:00:00+00:00,106.497,106.592,106.423,106.45,20395
2020-05-06 00:00:00+00:00,106.428,106.428,106.221,106.368,27568
2020-05-06 04:00:00+00:00,106.349,106.401,106.241,106.319,22438
2020-05-06 08:00:00+00:00,106.318,106.432,106.096,106.106,36476
2020-05-06 12:00:00+00:00,106.103,106.199,106.023,106.075,61140
2020-05-06 16:00:00+00:00,106.081,106.129,106.01,106.12,30013
2020-05-06 20:00:00+00:00,106.119,106.247,105.995,106.216,18810
2020-05-07 00:00:00+00:00,106.202,106.292,106.153,106.177,27492
2020-05-07 04:00:00+00:00,106.158,106.393,106.141,106.357,31437
2020-05-07 08:00:00+00:00,106.377,106.606,106.336,106.59,33228
2020-05-07 12:00:00+00:00,106.584,106.644,106.347,106.368,57483
2020-05-07 16:00:00+00:00,106.35,106.408,106.221,106.291,39948
2020-05-07 20:00:00+00:00,106.28,106.379,106.242,106.369,22680
2020-05-08 00:00:00+00:00,106.396,106.444,106.232,106.368,42112
2020-05-08 04:00:00+00:00,106.369,106.448,106.347,106.369,23133
2020-05-08 08:00:00+00:00,106.371,106.401,106.303,106.366,25837
2020-05-08 12:00:00+00:00,106.359,106.719,106.29,106.512,72813
2020-05-08 16:00:00+00:00,106.533,106.714,106.532,106.71,20765
2020-05-08 20:00:00+00:00,106.734,106.739,106.615,106.615,3962
2020-05-10 20:00:00+00:00,106.506,106.947,106.506,106.922,18826
2020-05-11 00:00:00+00:00,106.909,106.999,106.778,106.912,32148
2020-05-11 04:00:00+00:00,106.934,107.241,106.893,107.18,33136
2020-05-11 08:00:00+00:00,107.171,107.346,107.15,107.305,31928
2020-05-11 12:00:00+00:00,107.323,107.726,107.247,107.701,62440
2020-05-11 16:00:00+00:00,107.725,107.767,107.606,107.623,31796
2020-05-11 20:00:00+00:00,107.659,107.691,107.555,107.596,32847
2020-05-12 00:00:00+00:00,107.594,107.671,107.351,107.4,31354
2020-05-12 04:00:00+00:00,107.413,107.632,107.371,107.563,28059
2020-05-12 08:00:00+00:00,107.544,107.564,107.307,107.331,27472
2020-05-12 12:00:00+00:00,107.332,107.44,107.224,107.329,50229
2020-05-12 16:00:00+00:00,107.321,107.416,107.17,107.197,34161
2020-05-12 20:00:00+00:00,107.199,107.276,107.108,107.171,22035
2020-05-13 00:00:00+00:00,107.167,107.258,107.096,107.216,30555
2020-05-13 04:00:00+00:00,107.204,107.232,107.004,107.054,24214
2020-05-13 08:00:00+00:00,107.038,107.084,106.912,106.949,30560
2020-05-13 12:00:00+00:00,106.949,107.132,106.756,106.927,88563
2020-05-13 16:00:00+00:00,106.925,107.049,106.925,107.03,43102
2020-05-13 20:00:00+00:00,107.025,107.056,106.928,106.932,24915
2020-05-14 00:00:00+00:00,106.899,106.945,106.822,106.906,26014
2020-05-14 04:00:00+00:00,106.912,106.948,106.785,106.863,28316
2020-05-14 08:00:00+00:00,106.87,107.097,106.809,107.07,33157
2020-05-14 12:00:00+00:00,107.089,107.169,106.862,107.101,65011
2020-05-14 16:00:00+00:00,107.066,107.36,107.062,107.338,45107
2020-05-14 20:00:00+00:00,107.344,107.368,107.211,107.356,14276
2020-05-15 00:00:00+00:00,107.36,107.43,107.195,107.225,29816
2020-05-15 04:00:00+00:00,107.246,107.265,107.098,107.098,25243
2020-05-15 08:00:00+00:00,107.101,107.11,106.908,106.997,32627
2020-05-15 12:00:00+00:00,106.989,107.342,106.872,107.275,68722
2020-05-15 16:00:00+00:00,107.297,107.368,107.231,107.231,28838
2020-05-15 20:00:00+00:00,107.217,107.217,107.075,107.075,8423
2020-05-17 20:00:00+00:00,107.074,107.282,107.061,107.211,12512
2020-05-18 00:00:00+00:00,107.225,107.265,107.073,107.136,25972
2020-05-18 04:00:00+00:00,107.127,107.226,107.095,107.185,23547
2020-05-18 08:00:00+00:00,107.174,107.314,107.174,107.277,27790
2020-05-18 12:00:00+00:00,107.266,107.496,107.238,107.257,64391
2020-05-18 16:00:00+00:00,107.237,107.401,107.214,107.334,40503
2020-05-18 20:00:00+00:00,107.336,107.392,107.264,107.383,18138
2020-05-19 00:00:00+00:00,107.376,107.44,107.305,107.365,25992
2020-05-19 04:00:00+00:00,107.357,107.511,107.357,107.418,31856
2020-05-19 08:00:00+00:00,107.417,107.749,107.356,107.744,54569
2020-05-19 12:00:00+00:00,107.753,108.07,107.741,107.884,60811
2020-05-19 16:00:00+00:00,107.882,107.891,107.7,107.715,31120
2020-05-19 20:00:00+00:00,107.721,107.877,107.638,107.823,18238
2020-05-20 00:00:00+00:00,107.823,107.972,107.711,107.789,23018
2020-05-20 04:00:00+00:00,107.789,107.817,107.632,107.652,25473
2020-05-20 08:00:00+00:00,107.662,107.732,107.552,107.594,27460
2020-05-20 12:00:00+00:00,107.59,107.697,107.346,107.458,47155
2020-05-20 16:00:00+00:00,107.468,107.565,107.419,107.543,35609
2020-05-20 20:00:00+00:00,107.545,107.637,107.508,107.593,11891
2020-05-21 00:00:00+00:00,107.595,107.745,107.58,107.645,28454
2020-05-21 04:00:00+00:00,107.644,107.841,107.598,107.771,24585
2020-05-21 08:00:00+00:00,107.792,107.831,107.694,107.696,28576
2020-05-21 12:00:00+00:00,107.691,107.826,107.638,107.695,64674
2020-05-21 16:00:00+00:00,107.701,107.727,107.55,107.561,30973
2020-05-21 20:00:00+00:00,107.576,107.658,107.576,107.643,12468
2020-05-22 00:00:00+00:00,107.63,107.759,107.513,107.557,36236
2020-05-22 04:00:00+00:00,107.548,107.548,107.33,107.449,30854
2020-05-22 08:00:00+00:00,107.452,107.538,107.428,107.504,28946
2020-05-22 12:00:00+00:00,107.51,107.646,107.468,107.512,40234
2020-05-22 16:00:00+00:00,107.518,107.608,107.503,107.6,19246
2020-05-22 20:00:00+00:00,107.598,107.616,107.584,107.601,3806
2020-05-24 20:00:00+00:00,107.581,107.772,107.569,107.748,11728
2020-05-25 00:00:00+00:00,107.751,107.775,107.628,107.724,28455
2020-05-25 04:00:00+00:00,107.725,107.751,107.656,107.751,21611
2020-05-25 08:00:00+00:00,107.74,107.75,107.679,107.686,16726
2020-05-25 12:00:00+00:00,107.675,107.713,107.662,107.7,19664
2020-05-25 16:00:00+00:00,107.694,107.724,107.69,107.719,9568
2020-05-25 20:00:00+00:00,107.721,107.749,107.666,107.689,11204
2020-05-26 00:00:00+00:00,107.692,107.919,107.69,107.822,29694
2020-05-26 04:00:00+00:00,107.821,107.892,107.785,107.818,24789
2020-05-26 08:00:00+00:00,107.826,107.839,107.467,107.47,38827
2020-05-26 12:00:00+00:00,107.447,107.686,107.408,107.633,61674
2020-05-26 16:00:00+00:00,107.641,107.661,107.473,107.473,26479
2020-05-26 20:00:00+00:00,107.476,107.584,107.465,107.496,15556
2020-05-27 00:00:00+00:00,107.489,107.603,107.367,107.523,34753
2020-05-27 04:00:00+00:00,107.522,107.57,107.467,107.526,25372
2020-05-27 08:00:00+00:00,107.528,107.822,107.505,107.812,60786
2020-05-27 12:00:00+00:00,107.827,107.93,107.69,107.798,100151
2020-05-27 16:00:00+00:00,107.792,107.792,107.65,107.762,35451
2020-05-27 20:00:00+00:00,107.768,107.817,107.683,107.81,22790
2020-05-28 00:00:00+00:00,107.803,107.893,107.76,107.788,36778
2020-05-28 04:00:00+00:00,107.78,107.885,107.768,107.82,39296
2020-05-28 08:00:00+00:00,107.816,107.847,107.703,107.751,38157
2020-05-28 12:00:00+00:00,107.737,107.807,107.584,107.676,73971
2020-05-28 16:00:00+00:00,107.656,107.712,107.606,107.62,42156
2020-05-28 20:00:00+00:00,107.619,107.714,107.572,107.642,16081
2020-05-29 00:00:00+00:00,107.63,107.667,107.377,107.393,35922
2020-05-29 04:00:00+00:00,107.388,107.389,107.09,107.203,49477
2020-05-29 08:00:00+00:00,107.189,107.312,107.128,107.146,46841
2020-05-29 12:00:00+00:00,107.143,107.803,107.087,107.767,121195
2020-05-29 16:00:00+00:00,107.768,107.89,107.751,107.838,51655
2020-05-29 20:00:00+00:00,107.838,107.889,107.758,107.773,9235
2020-05-31 20:00:00+00:00,107.662,107.814,107.655,107.71,13463
2020-06-01 00:00:00+00:00,107.718,107.849,107.623,107.634,45088
2020-06-01 04:00:00+00:00,107.635,107.654,107.496,107.527,33312
2020-06-01 08:00:00+00:00,107.537,107.756,107.399,107.731,52642
2020-06-01 12:00:00+00:00,107.728,107.751,107.537,107.57,51686
2020-06-01 16:00:00+00:00,107.571,107.643,107.566,107.579,20840
2020-06-01 20:00:00+00:00,107.583,107.635,107.515,107.559,18923
2020-06-02 00:00:00+00:00,107.548,107.731,107.52,107.723,27064
2020-06-02 04:00:00+00:00,107.71,107.832,107.686,107.784,29013
2020-06-02 08:00:00+00:00,107.781,107.924,107.687,107.905,46307
2020-06-02 12:00:00+00:00,107.902,108.657,107.9,108.595,103261
2020-06-02 16:00:00+00:00,108.607,108.767,108.59,108.71,35277
2020-06-02 20:00:00+00:00,108.705,108.831,108.581,108.831,27310
2020-06-03 00:00:00+00:00,108.814,108.838,108.425,108.581,50696
2020-06-03 04:00:00+00:00,108.591,108.788,108.473,108.742,40301
2020-06-03 08:00:00+00:00,108.745,108.811,108.499,108.588,55540
2020-06-03 12:00:00+00:00,108.601,108.978,108.499,108.882,74170
2020-06-03 16:00:00+00:00,108.909,108.956,108.864,108.909,27584
2020-06-03 20:00:00+00:00,108.918,109.032,108.867,109.0,20525
2020-06-04 00:00:00+00:00,108.981,108.997,108.812,108.913,37245
2020-06-04 04:00:00+00:00,108.913,109.147,108.913,109.07,41027
2020-06-04 08:00:00+00:00,109.083,109.155,108.833,108.894,55506
2020-06-04 12:00:00+00:00,108.882,109.08,108.625,109.001,116075
2020-06-04 16:00:00+00:00,108.99,109.174,108.869,109.174,47212
2020-06-04 20:00:00+00:00,109.171,109.197,109.033,109.145,22313
2020-06-05 00:00:00+00:00,109.117,109.226,109.056,109.211,39512
2020-06-05 04:00:00+00:00,109.219,109.414,109.101,109.371,44976
2020-06-05 08:00:00+00:00,109.391,109.403,109.19,109.232,46249
2020-06-05 12:00:00+00:00,109.211,109.846,109.169,109.684,135404
2020-06-05 16:00:00+00:00,109.684,109.757,109.58,109.644,29198
2020-06-05 20:00:00+00:00,109.661,109.667,109.562,109.562,7310
2020-06-07 20:00:00+00:00,109.553,109.691,109.552,109.621,17112
2020-06-08 00:00:00+00:00,109.587,109.606,109.383,109.515,33915
2020-06-08 04:00:00+00:00,109.518,109.579,109.404,109.49,28109
2020-06-08 08:00:00+00:00,109.488,109.538,109.284,109.416,42186
2020-06-08 12:00:00+00:00,109.413,109.413,108.439,108.469,85388
2020-06-08 16:00:00+00:00,108.42,108.453,108.238,108.392,39846
2020-06-08 20:00:00+00:00,108.385,108.542,108.345,108.421,27199
2020-06-09 00:00:00+00:00,108.361,108.361,107.948,108.102,48405
2020-06-09 04:00:00+00:00,108.089,108.122,107.816,107.92,54615
2020-06-09 08:00:00+00:00,107.93,108.241,107.831,108.135,70941
2020-06-09 12:00:00+00:00,108.129,108.185,107.652,107.661,93828
2020-06-09 16:00:00+00:00,107.67,107.799,107.621,107.767,34193
2020-06-09 20:00:00+00:00,107.755,107.848,107.681,107.798,24111
2020-06-10 00:00:00+00:00,107.822,107.867,107.625,107.687,35185
2020-06-10 04:00:00+00:00,107.677,107.677,107.306,107.346,46380
2020-06-10 08:00:00+00:00,107.341,107.401,107.264,107.361,52062
2020-06-10 12:00:00+00:00,107.363,107.446,107.178,107.247,83790
2020-06-10 16:00:00+00:00,107.268,107.353,107.019,107.126,116355
2020-06-10 20:00:00+00:00,107.156,107.186,106.901,107.0,25039
2020-06-11 00:00:00+00:00,107.01,107.084,106.902,106.979,47688
2020-06-11 04:00:00+00:00,106.966,107.227,106.9,106.939,59708
2020-06-11 08:00:00+00:00,106.951,107.13,106.801,107.082,59276
2020-06-11 12:00:00+00:00,107.085,107.094,106.6,106.675,92382
2020-06-11 16:00:00+00:00,106.681,106.896,106.602,106.896,69942
2020-06-11 20:00:00+00:00,106.896,106.912,106.706,106.806,33473
2020-06-12 00:00:00+00:00,106.82,107.111,106.601,107.069,57081
2020-06-12 04:00:00+00:00,107.09,107.301,107.066,107.206,57892
2020-06-12 08:00:00+00:00,107.205,107.545,107.142,107.359,57058
2020-06-12 12:00:00+00:00,107.341,107.45,107.237,107.37,104377
2020-06-12 16:00:00+00:00,107.381,107.52,107.381,107.381,50845
2020-06-12 20:00:00+00:00,107.374,107.408,107.343,107.358,5034
2020-06-14 20:00:00+00:00,107.32,107.558,107.28,107.325,22475
2020-06-15 00:00:00+00:00,107.31,107.333,107.151,107.172,52665
2020-06-15 04:00:00+00:00,107.153,107.433,107.002,107.348,57454
2020-06-15 08:00:00+00:00,107.347,107.437,107.247,107.365,49341
2020-06-15 12:00:00+00:00,107.394,107.478,107.216,107.334,73697
2020-06-15 16:00:00+00:00,107.334,107.378,107.227,107.334,38953
2020-06-15 20:00:00+00:00,107.329,107.497,107.308,107.485,29239
2020-06-16 00:00:00+00:00,107.462,107.619,107.244,107.449,46533
2020-06-16 04:00:00+00:00,107.434,107.563,107.306,107.327,52092
2020-06-16 08:00:00+00:00,107.329,107.46,107.264,107.323,44247
2020-06-16 12:00:00+00:00,107.321,107.611,107.288,107.357,118664
2020-06-16 16:00:00+00:00,107.351,107.366,107.231,107.299,39982
2020-06-16 20:00:00+00:00,107.299,107.43,107.284,107.397,19121
2020-06-17 00:00:00+00:00,107.375,107.375,107.177,107.268,48948
2020-06-17 04:00:00+00:00,107.27,107.352,107.204,107.35,35118
2020-06-17 08:00:00+00:00,107.367,107.437,107.34,107.371,39511
2020-06-17 12:00:00+00:00,107.38,107.433,107.172,107.27,65593
2020-06-17 16:00:00+00:00,107.287,107.298,106.968,107.021,30205
2020-06-17 20:00:00+00:00,107.038,107.056,106.877,106.877,18547
2020-06-18 00:00:00+00:00,106.854,106.936,106.706,106.862,55610
2020-06-18 04:00:00+00:00,106.846,106.971,106.757,106.971,39593
2020-06-18 08:00:00+00:00,107.002,107.125,106.876,106.905,55966
2020-06-18 12:00:00+00:00,106.888,106.953,106.671,106.79,75657
2020-06-18 16:00:00+00:00,106.795,107.01,106.784,107.01,32907
2020-06-18 20:00:00+00:00,107.042,107.084,106.925,107.004,30695
2020-06-19 00:00:00+00:00,106.998,106.998,106.88,106.909,28401
2020-06-19 04:00:00+00:00,106.905,106.991,106.799,106.97,28391
2020-06-19 08:00:00+00:00,106.95,106.98,106.84,106.861,30607
2020-06-19 12:00:00+00:00,106.828,107.025,106.772,106.898,61689
2020-06-19 16:00:00+00:00,106.895,106.898,106.8,106.8,31525
2020-06-19 20:00:00+00:00,106.803,106.874,106.796,106.845,4975
2020-06-21 20:00:00+00:00,106.775,106.879,106.738,106.838,25065
2020-06-22 00:00:00+00:00,106.828,106.938,106.774,106.885,40556
2020-06-22 04:00:00+00:00,106.887,107.004,106.862,106.958,34282
2020-06-22 08:00:00+00:00,106.957,106.957,106.856,106.937,32708
2020-06-22 12:00:00+00:00,106.942,106.942,106.8,106.846,40605
2020-06-22 16:00:00+00:00,106.862,106.958,106.849,106.951,23860
2020-06-22 20:00:00+00:00,106.944,106.954,106.851,106.897,14621
2020-06-23 00:00:00+00:00,106.881,107.218,106.74,107.172,75744
2020-06-23 04:00:00+00:00,107.179,107.216,107.09,107.099,40122
2020-06-23 08:00:00+00:00,107.111,107.124,106.993,106.993,39172
2020-06-23 12:00:00+00:00,106.974,106.995,106.084,106.446,93666
2020-06-23 16:00:00+00:00,106.462,106.543,106.408,106.534,28620
2020-06-23 20:00:00+00:00,106.539,106.544,106.42,106.425,22865
2020-06-24 00:00:00+00:00,106.405,106.632,106.394,106.526,42051
2020-06-24 04:00:00+00:00,106.526,106.644,106.522,106.602,30879
2020-06-24 08:00:00+00:00,106.57,106.597,106.485,106.593,41819
2020-06-24 12:00:00+00:00,106.583,106.976,106.575,106.825,76277
2020-06-24 16:00:00+00:00,106.827,107.027,106.818,107.025,34281
2020-06-24 20:00:00+00:00,107.013,107.133,106.991,107.028,21036
2020-06-25 00:00:00+00:00,107.046,107.244,107.02,107.244,41413
2020-06-25 04:00:00+00:00,107.236,107.236,107.05,107.109,37012
2020-06-25 08:00:00+00:00,107.109,107.405,107.102,107.405,45300
2020-06-25 12:00:00+00:00,107.413,107.436,107.141,107.215,67251
2020-06-25 16:00:00+00:00,107.182,107.236,107.134,107.148,26462
2020-06-25 20:00:00+00:00,107.157,107.234,107.117,107.159,30376
2020-06-26 00:00:00+00:00,107.141,107.211,107.089,107.161,31946
2020-06-26 04:00:00+00:00,107.163,107.169,106.948,106.987,28096
2020-06-26 08:00:00+00:00,106.977,106.992,106.806,106.992,32357
2020-06-26 12:00:00+00:00,106.992,107.341,106.91,107.192,67991
2020-06-26 16:00:00+00:00,107.191,107.206,107.111,107.186,32236
2020-06-26 20:00:00+00:00,107.19,107.221,107.166,107.193,4296
2020-06-28 20:00:00+00:00,107.1,107.23,107.1,107.23,9376
2020-06-29 00:00:00+00:00,107.223,107.354,107.128,107.145,33675
2020-06-29 04:00:00+00:00,107.146,107.197,107.06,107.194,35883
2020-06-29 08:00:00+00:00,107.181,107.283,107.162,107.262,31646
2020-06-29 12:00:00+00:00,107.264,107.874,107.248,107.712,66954
2020-06-29 16:00:00+00:00,107.716,107.823,107.599,107.619,24552
2020-06-29 20:00:00+00:00,107.614,107.621,107.529,107.583,19544
2020-06-30 00:00:00+00:00,107.601,107.787,107.546,107.728,27745
2020-06-30 04:00:00+00:00,107.725,107.779,107.642,107.722,28718
2020-06-30 08:00:00+00:00,107.735,107.794,107.659,107.758,30790
2020-06-30 12:00:00+00:00,107.742,107.931,107.52,107.779,87003
2020-06-30 16:00:00+00:00,107.783,107.978,107.768,107.978,38826
2020-06-30 20:00:00+00:00,107.975,107.993,107.901,107.993,12504
2020-07-01 00:00:00+00:00,107.971,108.157,107.673,107.684,39087
2020-07-01 04:00:00+00:00,107.694,107.708,107.571,107.574,31983
2020-07-01 08:00:00+00:00,107.581,107.581,107.456,107.46,34067
2020-07-01 12:00:00+00:00,107.457,107.576,107.363,107.51,57516
2020-07-01 16:00:00+00:00,107.528,107.553,107.412,107.474,26792
2020-07-01 20:00:00+00:00,107.479,107.483,107.339,107.372,15266
2020-07-02 00:00:00+00:00,107.353,107.548,107.353,107.467,27448
2020-07-02 04:00:00+00:00,107.466,107.55,107.417,107.48,21103
2020-07-02 08:00:00+00:00,107.474,107.518,107.346,107.45,25046
2020-07-02 12:00:00+00:00,107.44,107.719,107.406,107.545,59445
2020-07-02 16:00:00+00:00,107.547,107.597,107.53,107.537,15254
2020-07-02 20:00:00+00:00,107.531,107.546,107.477,107.498,12396
2020-07-03 00:00:00+00:00,107.508,107.569,107.439,107.493,21188
2020-07-03 04:00:00+00:00,107.494,107.534,107.472,107.48,20609
2020-07-03 08:00:00+00:00,107.485,107.527,107.449,107.527,17420
2020-07-03 12:00:00+00:00,107.524,107.531,107.491,107.523,14528
2020-07-03 16:00:00+00:00,107.52,107.534,107.482,107.485,9239
2020-07-03 20:00:00+00:00,107.479,107.503,107.475,107.486,12758
2020-07-05 20:00:00+00:00,107.428,107.595,107.428,107.585,5615
2020-07-06 00:00:00+00:00,107.577,107.77,107.575,107.686,30064
2020-07-06 04:00:00+00:00,107.688,107.72,107.551,107.592,20115
2020-07-06 08:00:00+00:00,107.585,107.61,107.503,107.524,21300
2020-07-06 12:00:00+00:00,107.52,107.589,107.441,107.503,31609
2020-07-06 16:00:00+00:00,107.5,107.502,107.263,107.374,17647
2020-07-06 20:00:00+00:00,107.369,107.395,107.334,107.36,7046
2020-07-07 00:00:00+00:00,107.356,107.404,107.251,107.395,28007
2020-07-07 04:00:00+00:00,107.381,107.631,107.353,107.631,23471
2020-07-07 08:00:00+00:00,107.628,107.789,107.611,107.713,27762
2020-07-07 12:00:00+00:00,107.715,107.715,107.514,107.533,33164
2020-07-07 16:00:00+00:00,107.52,107.564,107.504,107.56,17303
2020-07-07 20:00:00+00:00,107.56,107.604,107.498,107.573,14441
2020-07-08 00:00:00+00:00,107.572,107.707,107.572,107.618,19711
2020-07-08 04:00:00+00:00,107.619,107.619,107.432,107.483,19693
2020-07-08 08:00:00+00:00,107.505,107.601,107.477,107.516,18633
2020-07-08 12:00:00+00:00,107.502,107.597,107.39,107.39,32843
2020-07-08 16:00:00+00:00,107.403,107.403,107.204,107.226,22210
2020-07-08 20:00:00+00:00,107.231,107.317,107.216,107.284,10066
2020-07-09 00:00:00+00:00,107.269,107.361,107.192,107.246,29116
2020-07-09 04:00:00+00:00,107.243,107.31,107.209,107.246,27275
2020-07-09 08:00:00+00:00,107.239,107.393,107.199,107.289,26138
2020-07-09 12:00:00+00:00,107.278,107.355,107.103,107.264,59173
2020-07-09 16:00:00+00:00,107.262,107.312,107.186,107.186,25364
2020-07-09 20:00:00+00:00,107.2,107.241,107.158,107.237,23558
2020-07-10 00:00:00+00:00,107.231,107.264,107.001,107.014,25525
2020-07-10 04:00:00+00:00,107.007,107.043,106.814,106.842,24403
2020-07-10 08:00:00+00:00,106.827,106.865,106.716,106.857,22472
2020-07-10 12:00:00+00:00,106.851,106.88,106.64,106.772,35751
2020-07-10 16:00:00+00:00,106.79,106.95,106.781,106.929,18945
2020-07-10 20:00:00+00:00,106.934,106.943,106.892,106.892,3696
2020-07-12 20:00:00+00:00,106.852,106.932,106.852,106.915,7888
2020-07-13 00:00:00+00:00,106.914,106.94,106.792,106.83,22709
2020-07-13 04:00:00+00:00,106.83,106.992,106.825,106.992,17665
2020-07-13 08:00:00+00:00,106.99,107.102,106.99,107.094,20178
2020-07-13 12:00:00+00:00,107.128,107.312,107.128,107.222,33087
2020-07-13 16:00:00+00:00,107.226,107.313,107.15,107.231,25147
2020-07-13 20:00:00+00:00,107.243,107.315,107.221,107.28,31555
2020-07-14 00:00:00+00:00,107.292,107.361,107.12,107.158,24618
2020-07-14 04:00:00+00:00,107.15,107.322,107.143,107.273,21541
2020-07-14 08:00:00+00:00,107.266,107.414,107.259,107.367,30193
2020-07-14 12:00:00+00:00,107.352,107.404,107.196,107.204,59053
2020-07-14 16:00:00+00:00,107.205,107.272,107.161,107.272,24974
2020-07-14 20:00:00+00:00,107.272,107.291,107.182,107.246,10689
2020-07-15 00:00:00+00:00,107.245,107.303,107.194,107.287,23976
2020-07-15 04:00:00+00:00,107.28,107.294,106.953,107.019,26746
2020-07-15 08:00:00+00:00,107.022,107.022,106.87,106.888,37595
2020-07-15 12:00:00+00:00,106.874,106.93,106.674,106.924,52786
2020-07-15 16:00:00+00:00,106.925,106.97,106.901,106.937,20061
2020-07-15 20:00:00+00:00,106.93,106.961,106.887,106.9,8718
2020-07-16 00:00:00+00:00,106.871,107.028,106.834,106.967,28914
2020-07-16 04:00:00+00:00,106.97,107.0,106.868,106.957,25334
2020-07-16 08:00:00+00:00,106.939,107.189,106.92,107.092,36513
2020-07-16 12:00:00+00:00,107.097,107.197,107.054,107.056,47167
2020-07-16 16:00:00+00:00,107.061,107.398,107.052,107.339,25955
2020-07-16 20:00:00+00:00,107.333,107.333,107.207,107.286,12138
2020-07-17 00:00:00+00:00,107.297,107.355,107.22,107.231,28289
2020-07-17 04:00:00+00:00,107.232,107.242,107.111,107.115,23668
2020-07-17 08:00:00+00:00,107.121,107.215,107.1,107.215,24900
2020-07-17 12:00:00+00:00,107.22,107.274,107.069,107.069,30450
2020-07-17 16:00:00+00:00,107.066,107.072,106.942,106.942,15586
2020-07-17 20:00:00+00:00,106.943,107.03,106.941,107.014,4227
2020-07-19 20:00:00+00:00,107.039,107.102,107.015,107.102,10395
2020-07-20 00:00:00+00:00,107.092,107.501,107.062,107.36,37653
2020-07-20 04:00:00+00:00,107.371,107.381,107.157,107.163,23187
2020-07-20 08:00:00+00:00,107.159,107.267,107.076,107.098,25401
2020-07-20 12:00:00+00:00,107.088,107.248,107.036,107.206,42944
2020-07-20 16:00:00+00:00,107.206,107.333,107.183,107.301,18152
2020-07-20 20:00:00+00:00,107.32,107.32,107.151,107.189,17646
2020-07-21 00:00:00+00:00,107.168,107.239,107.132,107.218,22010
2020-07-21 04:00:00+00:00,107.219,107.366,107.219,107.325,29459
2020-07-21 08:00:00+00:00,107.323,107.323,107.213,107.243,22105
2020-07-21 12:00:00+00:00,107.238,107.246,106.805,106.823,53811
2020-07-21 16:00:00+00:00,106.818,106.836,106.691,106.792,31307
2020-07-21 20:00:00+00:00,106.794,106.873,106.738,106.826,11015
2020-07-22 00:00:00+00:00,106.826,106.889,106.72,106.821,29030
2020-07-22 04:00:00+00:00,106.813,106.929,106.763,106.909,30168
2020-07-22 08:00:00+00:00,106.888,107.06,106.879,106.976,36734
2020-07-22 12:00:00+00:00,106.986,107.203,106.976,107.18,46139
2020-07-22 16:00:00+00:00,107.165,107.288,107.149,107.179,21422
2020-07-22 20:00:00+00:00,107.197,107.2,107.108,107.174,9850
2020-07-23 00:00:00+00:00,107.169,107.189,107.107,107.126,15312
2020-07-23 04:00:00+00:00,107.124,107.176,107.078,107.162,18963
2020-07-23 08:00:00+00:00,107.158,107.19,107.106,107.173,18656
2020-07-23 12:00:00+00:00,107.185,107.228,106.839,106.839,48442
2020-07-23 16:00:00+00:00,106.848,106.901,106.714,106.832,34474
2020-07-23 20:00:00+00:00,106.843,106.878,106.782,106.844,23500
2020-07-24 00:00:00+00:00,106.835,106.835,106.365,106.385,39866
2020-07-24 04:00:00+00:00,106.395,106.478,106.18,106.215,37002
2020-07-24 08:00:00+00:00,106.207,106.429,106.184,106.217,35325
2020-07-24 12:00:00+00:00,106.219,106.291,105.779,105.793,70844
2020-07-24 16:00:00+00:00,105.787,106.018,105.684,105.971,24706
2020-07-24 20:00:00+00:00,105.968,106.139,105.965,106.076,3608
2020-07-26 20:00:00+00:00,106.022,106.097,105.876,105.994,21802
2020-07-27 00:00:00+00:00,105.973,106.05,105.47,105.563,59021
2020-07-27 04:00:00+00:00,105.56,105.666,105.402,105.572,37564
2020-07-27 08:00:00+00:00,105.567,105.575,105.247,105.306,36188
2020-07-27 12:00:00+00:00,105.32,105.468,105.123,105.295,54899
2020-07-27 16:00:00+00:00,105.291,105.453,105.246,105.433,23006
2020-07-27 20:00:00+00:00,105.433,105.448,105.269,105.277,15420
2020-07-28 00:00:00+00:00,105.293,105.601,105.221,105.585,48259
2020-07-28 04:00:00+00:00,105.556,105.684,105.482,105.623,33989
2020-07-28 08:00:00+00:00,105.592,105.627,105.093,105.355,35248
2020-07-28 12:00:00+00:00,105.353,105.353,104.963,105.039,64981
2020-07-28 16:00:00+00:00,105.032,105.183,104.996,105.099,21610
2020-07-28 20:00:00+00:00,105.091,105.114,105.027,105.111,11116
2020-07-29 00:00:00+00:00,105.111,105.232,104.972,105.055,34236
2020-07-29 04:00:00+00:00,105.055,105.094,104.816,104.824,35699
2020-07-29 08:00:00+00:00,104.825,105.135,104.809,105.135,35864
2020-07-29 12:00:00+00:00,105.148,105.193,104.911,105.062,48774
2020-07-29 16:00:00+00:00,105.06,105.14,104.775,105.023,71178
2020-07-29 20:00:00+00:00,105.012,105.046,104.9,105.046,15305
2020-07-30 00:00:00+00:00,105.03,105.146,104.986,105.044,24384
2020-07-30 04:00:00+00:00,105.039,105.285,105.023,105.072,44128
2020-07-30 08:00:00+00:00,105.082,105.188,105.002,105.182,35937
2020-07-30 12:00:00+00:00,105.176,105.272,104.912,105.052,84389
2020-07-30 16:00:00+00:00,105.048,105.054,104.753,104.753,31505
2020-07-30 20:00:00+00:00,104.758,104.812,104.661,104.688,34700
2020-07-31 00:00:00+00:00,104.668,104.668,104.203,104.319,69993
2020-07-31 04:00:00+00:00,104.299,104.478,104.223,104.448,45689
2020-07-31 08:00:00+00:00,104.442,104.993,104.408,104.904,50219
2020-07-31 12:00:00+00:00,104.903,105.825,104.85,105.764,143263
2020-07-31 16:00:00+00:00,105.788,106.035,105.745,105.864,49326
2020-07-31 20:00:00+00:00,105.837,105.943,105.83,105.85,7251
2020-08-02 20:00:00+00:00,105.752,105.897,105.715,105.869,28791
2020-08-03 00:00:00+00:00,105.836,106.407,105.809,105.825,90940
2020-08-03 04:00:00+00:00,105.823,105.991,105.778,105.893,45877
2020-08-03 08:00:00+00:00,105.887,106.21,105.585,106.21,67003
2020-08-03 12:00:00+00:00,106.199,106.438,106.074,106.105,88495
2020-08-03 16:00:00+00:00,106.086,106.158,105.947,105.95,39442
2020-08-03 20:00:00+00:00,105.958,106.056,105.918,106.033,15128
2020-08-04 00:00:00+00:00,106.04,106.189,106.037,106.113,29391
2020-08-04 04:00:00+00:00,106.093,106.13,105.85,105.924,29252
2020-08-04 08:00:00+00:00,105.942,106.133,105.884,106.118,39929
2020-08-04 12:00:00+00:00,106.125,106.191,105.732,105.875,65535
2020-08-04 16:00:00+00:00,105.871,105.871,105.645,105.657,29961
2020-08-04 20:00:00+00:00,105.671,105.794,105.616,105.63,13635
2020-08-05 00:00:00+00:00,105.613,105.765,105.513,105.591,38163
2020-08-05 04:00:00+00:00,105.567,105.748,105.544,105.677,31386
2020-08-05 08:00:00+00:00,105.659,105.867,105.629,105.729,51188
2020-08-05 12:00:00+00:00,105.756,105.795,105.325,105.446,94109
2020-08-05 16:00:00+00:00,105.432,105.668,105.42,105.624,27727
2020-08-05 20:00:00+00:00,105.638,105.648,105.53,105.562,10051
2020-08-06 00:00:00+00:00,105.542,105.6,105.461,105.533,30167
2020-08-06 04:00:00+00:00,105.527,105.644,105.394,105.631,47450
2020-08-06 08:00:00+00:00,105.644,105.694,105.403,105.407,47106
2020-08-06 12:00:00+00:00,105.439,105.588,105.303,105.526,78793
2020-08-06 16:00:00+00:00,105.515,105.645,105.402,105.546,35450
2020-08-06 20:00:00+00:00,105.548,105.588,105.487,105.581,8687
2020-08-07 00:00:00+00:00,105.568,105.635,105.524,105.596,33461
2020-08-07 04:00:00+00:00,105.61,105.632,105.486,105.598,29738
2020-08-07 08:00:00+00:00,105.633,105.732,105.571,105.634,41523
2020-08-07 12:00:00+00:00,105.642,106.035,105.559,105.922,100760
2020-08-07 16:00:00+00:00,105.894,106.019,105.87,105.924,29837
2020-08-07 20:00:00+00:00,105.95,105.996,105.904,105.904,3759
2020-08-09 20:00:00+00:00,105.853,105.942,105.823,105.856,14321
2020-08-10 00:00:00+00:00,105.862,105.867,105.731,105.794,16539
2020-08-10 04:00:00+00:00,105.791,106.031,105.753,105.99,21002
2020-08-10 08:00:00+00:00,105.986,106.196,105.912,106.134,29501
2020-08-10 12:00:00+00:00,106.126,106.128,105.714,105.855,55787
2020-08-10 16:00:00+00:00,105.847,105.972,105.816,105.951,22812
2020-08-10 20:00:00+00:00,105.945,106.018,105.914,105.995,8445
2020-08-11 00:00:00+00:00,106.006,106.165,105.983,106.036,29283
2020-08-11 04:00:00+00:00,106.032,106.225,106.031,106.129,31038
2020-08-11 08:00:00+00:00,106.11,106.162,105.981,106.029,44287
2020-08-11 12:00:00+00:00,106.05,106.572,105.944,106.562,87628
2020-08-11 16:00:00+00:00,106.572,106.679,106.482,106.518,40023
2020-08-11 20:00:00+00:00,106.539,106.542,106.435,106.491,14819
2020-08-12 00:00:00+00:00,106.465,106.759,106.465,106.749,42767
2020-08-12 04:00:00+00:00,106.766,106.813,106.685,106.79,41849
2020-08-12 08:00:00+00:00,106.804,106.98,106.749,106.947,38325
2020-08-12 12:00:00+00:00,106.946,106.999,106.697,106.854,78192
2020-08-12 16:00:00+00:00,106.866,106.909,106.78,106.877,29355
2020-08-12 20:00:00+00:00,106.885,106.906,106.797,106.843,11231
2020-08-13 00:00:00+00:00,106.809,106.809,106.614,106.713,31493
2020-08-13 04:00:00+00:00,106.713,106.79,106.572,106.642,34414
2020-08-13 08:00:00+00:00,106.634,106.967,106.619,106.961,42859
2020-08-13 12:00:00+00:00,106.965,106.993,106.743,106.893,59305
2020-08-13 16:00:00+00:00,106.899,107.047,106.859,106.924,35729
2020-08-13 20:00:00+00:00,106.935,107.002,106.852,106.979,12791
2020-08-14 00:00:00+00:00,106.966,107.031,106.922,106.926,25846
2020-08-14 04:00:00+00:00,106.927,106.927,106.727,106.753,23125
2020-08-14 08:00:00+00:00,106.75,106.8,106.629,106.674,30264
2020-08-14 12:00:00+00:00,106.665,106.681,106.446,106.492,49595
2020-08-14 16:00:00+00:00,106.496,106.614,106.463,106.589,22251
2020-08-14 20:00:00+00:00,106.589,106.625,106.541,106.541,3440
2020-08-16 20:00:00+00:00,106.565,106.632,106.541,106.559,8643
2020-08-17 00:00:00+00:00,106.566,106.648,106.467,106.521,26146
2020-08-17 04:00:00+00:00,106.524,106.616,106.412,106.485,23655
2020-08-17 08:00:00+00:00,106.479,106.528,106.271,106.281,32949
2020-08-17 12:00:00+00:00,106.276,106.337,105.951,105.969,50452
2020-08-17 16:00:00+00:00,105.98,106.058,105.948,105.987,21552
2020-08-17 20:00:00+00:00,105.995,106.05,105.965,106.003,21172
2020-08-18 00:00:00+00:00,105.986,105.989,105.588,105.642,39201
2020-08-18 04:00:00+00:00,105.639,105.677,105.405,105.526,32165
2020-08-18 08:00:00+00:00,105.524,105.659,105.46,105.463,32401
2020-08-18 12:00:00+00:00,105.451,105.562,105.298,105.417,67984
2020-08-18 16:00:00+00:00,105.44,105.471,105.338,105.382,21505
2020-08-18 20:00:00+00:00,105.384,105.436,105.213,105.233,15675
2020-08-19 00:00:00+00:00,105.21,105.585,105.104,105.576,41756
2020-08-19 04:00:00+00:00,105.572,105.604,105.424,105.429,30421
2020-08-19 08:00:00+00:00,105.425,105.466,105.172,105.264,35547
2020-08-19 12:00:00+00:00,105.296,105.756,105.296,105.712,60807
2020-08-19 16:00:00+00:00,105.709,106.085,105.648,106.068,62511
2020-08-19 20:00:00+00:00,106.079,106.148,105.976,106.085,19914
2020-08-20 00:00:00+00:00,106.107,106.208,106.026,106.042,39401
2020-08-20 04:00:00+00:00,106.038,106.128,105.959,106.018,38548
2020-08-20 08:00:00+00:00,106.021,106.076,105.848,105.878,48314
2020-08-20 12:00:00+00:00,105.887,106.035,105.775,105.822,76184
2020-08-20 16:00:00+00:00,105.809,105.913,105.745,105.767,30619
2020-08-20 20:00:00+00:00,105.763,105.801,105.66,105.678,8814
2020-08-21 00:00:00+00:00,105.675,105.748,105.626,105.672,31529
2020-08-21 04:00:00+00:00,105.676,105.701,105.464,105.512,30132
2020-08-21 08:00:00+00:00,105.495,105.763,105.449,105.751,43824
2020-08-21 12:00:00+00:00,105.774,106.058,105.658,105.877,66656
2020-08-21 16:00:00+00:00,105.899,105.922,105.798,105.822,24817
2020-08-21 20:00:00+00:00,105.822,105.847,105.758,105.758,2638
2020-08-23 20:00:00+00:00,105.767,105.92,105.739,105.876,12015
2020-08-24 00:00:00+00:00,105.907,105.935,105.693,105.825,27733
2020-08-24 04:00:00+00:00,105.83,105.921,105.781,105.864,25897
2020-08-24 08:00:00+00:00,105.819,105.87,105.704,105.747,29694
2020-08-24 12:00:00+00:00,105.744,105.944,105.701,105.903,46357
2020-08-24 16:00:00+00:00,105.918,105.995,105.866,105.976,20793
2020-08-24 20:00:00+00:00,105.975,106.008,105.959,105.999,20968
2020-08-25 00:00:00+00:00,105.969,106.052,105.873,105.976,28468
2020-08-25 04:00:00+00:00,105.972,106.194,105.944,106.187,25195
2020-08-25 08:00:00+00:00,106.205,106.491,106.181,106.42,41124
2020-08-25 12:00:00+00:00,106.385,106.562,106.261,106.406,59182
2020-08-25 16:00:00+00:00,106.399,106.462,106.301,106.403,24043
2020-08-25 20:00:00+00:00,106.401,106.413,106.339,106.397,13671
2020-08-26 00:00:00+00:00,106.453,106.545,106.411,106.443,30477
2020-08-26 04:00:00+00:00,106.435,106.462,106.256,106.305,28468
2020-08-26 08:00:00+00:00,106.297,106.317,106.169,106.314,31574
2020-08-26 12:00:00+00:00,106.316,106.457,106.064,106.128,50511
2020-08-26 16:00:00+00:00,106.129,106.129,105.966,105.982,25042
2020-08-26 20:00:00+00:00,105.999,106.0,105.84,105.867,40695
2020-08-27 00:00:00+00:00,105.869,106.068,105.809,105.979,31423
2020-08-27 04:00:00+00:00,105.995,106.051,105.927,106.005,24285
2020-08-27 08:00:00+00:00,106.007,106.136,105.93,106.083,35226
2020-08-27 12:00:00+00:00,106.077,106.547,105.625,106.414,153196
2020-08-27 16:00:00+00:00,106.43,106.698,106.389,106.613,48589
2020-08-27 20:00:00+00:00,106.614,106.67,106.5,106.655,21056
2020-08-28 00:00:00+00:00,106.669,106.941,106.606,106.875,44141
2020-08-28 04:00:00+00:00,106.87,106.878,106.007,106.065,106977
2020-08-28 08:00:00+00:00,106.098,106.121,105.314,105.356,75882
2020-08-28 12:00:00+00:00,105.352,105.733,105.205,105.299,86486
2020-08-28 16:00:00+00:00,105.295,105.477,105.282,105.396,30361
2020-08-28 20:00:00+00:00,105.373,105.387,105.339,105.339,3367
2020-08-30 20:00:00+00:00,105.427,105.792,105.349,105.537,22080
2020-08-31 00:00:00+00:00,105.498,105.605,105.299,105.507,47479
2020-08-31 04:00:00+00:00,105.518,105.828,105.502,105.827,43010
2020-08-31 08:00:00+00:00,105.793,105.968,105.779,105.936,40848
2020-08-31 12:00:00+00:00,105.955,106.09,105.792,105.845,62334
2020-08-31 16:00:00+00:00,105.858,105.92,105.791,105.907,28487
2020-08-31 20:00:00+00:00,105.912,106.006,105.851,105.997,14399
2020-09-01 00:00:00+00:00,105.986,106.025,105.599,105.677,42203
2020-09-01 04:00:00+00:00,105.669,105.781,105.62,105.653,41755
2020-09-01 08:00:00+00:00,105.666,105.9,105.608,105.889,45703
2020-09-01 12:00:00+00:00,105.893,106.152,105.786,105.994,73739
2020-09-01 16:00:00+00:00,105.993,106.083,105.911,105.943,36050
2020-09-01 20:00:00+00:00,105.948,105.986,105.86,105.897,12231
2020-09-02 00:00:00+00:00,105.867,106.113,105.867,106.057,31717
2020-09-02 04:00:00+00:00,106.053,106.117,105.984,106.067,32934
2020-09-02 08:00:00+00:00,106.071,106.284,106.051,106.272,36515
2020-09-02 12:00:00+00:00,106.257,106.288,106.114,106.148,60146
2020-09-02 16:00:00+00:00,106.159,106.3,106.159,106.176,26021
2020-09-02 20:00:00+00:00,106.187,106.239,106.101,106.209,16363
2020-09-03 00:00:00+00:00,106.211,106.266,106.195,106.266,26924
2020-09-03 04:00:00+00:00,106.254,106.334,106.178,106.214,37333
2020-09-03 08:00:00+00:00,106.212,106.494,106.212,106.46,39707
2020-09-03 12:00:00+00:00,106.465,106.547,106.045,106.144,69047
2020-09-03 16:00:00+00:00,106.138,106.15,106.004,106.138,22559
2020-09-03 20:00:00+00:00,106.141,106.189,106.064,106.089,13440
2020-09-04 00:00:00+00:00,106.104,106.22,106.101,106.183,25714
2020-09-04 04:00:00+00:00,106.183,106.197,106.106,106.169,24965
2020-09-04 08:00:00+00:00,106.164,106.239,106.154,106.189,24000
2020-09-04 12:00:00+00:00,106.208,106.495,106.183,106.349,81697
2020-09-04 16:00:00+00:00,106.357,106.369,106.181,106.227,22693
2020-09-04 20:00:00+00:00,106.228,106.263,106.208,106.208,3149
2020-09-06 20:00:00+00:00,106.252,106.316,106.214,106.316,8937
2020-09-07 00:00:00+00:00,106.297,106.377,106.224,106.285,24742
2020-09-07 04:00:00+00:00,106.282,106.314,106.154,106.191,22821
2020-09-07 08:00:00+00:00,106.192,106.265,106.137,106.246,25356
2020-09-07 12:00:00+00:00,106.229,106.294,106.193,106.294,21583
2020-09-07 16:00:00+00:00,106.295,106.32,106.267,106.272,19836
2020-09-07 20:00:00+00:00,106.293,106.311,106.236,106.304,8378
2020-09-08 00:00:00+00:00,106.281,106.311,106.247,106.287,16349
2020-09-08 04:00:00+00:00,106.287,106.287,106.21,106.261,23307
2020-09-08 08:00:00+00:00,106.266,106.378,106.216,106.268,34450
2020-09-08 12:00:00+00:00,106.265,106.282,105.908,105.989,73463
2020-09-08 16:00:00+00:00,105.98,106.073,105.871,106.065,26828
2020-09-08 20:00:00+00:00,106.06,106.06,105.858,105.971,28763
2020-09-09 00:00:00+00:00,105.961,105.985,105.88,105.957,25477
2020-09-09 04:00:00+00:00,105.946,105.949,105.812,105.932,27291
2020-09-09 08:00:00+00:00,105.943,106.184,105.943,106.175,33041
2020-09-09 12:00:00+00:00,106.199,106.256,106.144,106.239,54055
2020-09-09 16:00:00+00:00,106.245,106.273,106.16,106.186,20463
2020-09-09 20:00:00+00:00,106.187,106.237,106.158,106.236,15944
2020-09-10 00:00:00+00:00,106.235,106.283,106.088,106.108,25462
2020-09-10 04:00:00+00:00,106.085,106.156,106.03,106.06,21170
2020-09-10 08:00:00+00:00,106.043,106.153,106.008,106.119,24234
2020-09-10 12:00:00+00:00,106.11,106.218,106.004,106.189,62240
2020-09-10 16:00:00+00:00,106.182,106.232,106.097,106.104,33110
2020-09-10 20:00:00+00:00,106.11,106.185,106.107,106.147,25156
2020-09-11 00:00:00+00:00,106.137,106.207,106.083,106.171,25804
2020-09-11 04:00:00+00:00,106.167,106.237,106.152,106.231,24495
2020-09-11 08:00:00+00:00,106.233,106.244,106.151,106.162,25152
2020-09-11 12:00:00+00:00,106.156,106.213,106.09,106.17,32450
2020-09-11 16:00:00+00:00,106.173,106.197,106.062,106.082,20757
2020-09-11 20:00:00+00:00,106.085,106.157,106.074,106.137,2205
2020-09-13 20:00:00+00:00,106.06,106.151,106.06,106.151,5810
2020-09-14 00:00:00+00:00,106.133,106.165,106.065,106.084,18198
2020-09-14 04:00:00+00:00,106.084,106.098,105.961,105.974,22286
2020-09-14 08:00:00+00:00,105.973,106.045,105.918,106.011,23776
2020-09-14 12:00:00+00:00,106.001,106.001,105.551,105.687,38365
2020-09-14 16:00:00+00:00,105.685,105.716,105.632,105.711,17625
2020-09-14 20:00:00+00:00,105.703,105.741,105.676,105.726,7931
2020-09-15 00:00:00+00:00,105.736,105.736,105.614,105.693,25041
2020-09-15 04:00:00+00:00,105.684,105.752,105.618,105.738,25856
2020-09-15 08:00:00+00:00,105.74,105.807,105.496,105.529,32394
2020-09-15 12:00:00+00:00,105.503,105.511,105.301,105.511,51238
2020-09-15 16:00:00+00:00,105.502,105.541,105.398,105.433,17888
2020-09-15 20:00:00+00:00,105.435,105.461,105.36,105.401,8345
2020-09-16 00:00:00+00:00,105.385,105.385,105.26,105.274,28629
2020-09-16 04:00:00+00:00,105.284,105.397,105.241,105.246,21626
2020-09-16 08:00:00+00:00,105.252,105.263,105.001,105.087,30352
2020-09-16 12:00:00+00:00,105.069,105.103,104.813,104.939,53316
2020-09-16 16:00:00+00:00,104.941,105.136,104.84,105.0,81709
2020-09-16 20:00:00+00:00,104.991,105.066,104.891,105.061,17721
2020-09-17 00:00:00+00:00,105.049,105.156,104.879,105.055,42734
2020-09-17 04:00:00+00:00,105.044,105.1,104.703,104.767,37277
2020-09-17 08:00:00+00:00,104.785,104.857,104.529,104.54,38463
2020-09-17 12:00:00+00:00,104.545,104.82,104.535,104.769,54508
2020-09-17 16:00:00+00:00,104.752,104.841,104.667,104.667,19411
2020-09-17 20:00:00+00:00,104.689,104.75,104.674,104.694,11190
2020-09-18 00:00:00+00:00,104.694,104.867,104.686,104.816,30666
2020-09-18 04:00:00+00:00,104.82,104.835,104.556,104.576,26563
2020-09-18 08:00:00+00:00,104.558,104.605,104.276,104.375,35999
2020-09-18 12:00:00+00:00,104.366,104.475,104.294,104.445,42868
2020-09-18 16:00:00+00:00,104.425,104.633,104.374,104.598,21513
2020-09-18 20:00:00+00:00,104.592,104.608,104.55,104.55,3026
2020-09-20 20:00:00+00:00,104.489,104.542,104.431,104.534,10512
2020-09-21 00:00:00+00:00,104.553,104.57,104.273,104.282,18904
2020-09-21 04:00:00+00:00,104.285,104.371,104.076,104.189,31838
2020-09-21 08:00:00+00:00,104.199,104.23,104.008,104.093,53336
2020-09-21 12:00:00+00:00,104.077,104.726,104.059,104.695,79740
2020-09-21 16:00:00+00:00,104.69,104.836,104.678,104.729,30161
2020-09-21 20:00:00+00:00,104.734,104.735,104.639,104.693,10474
2020-09-22 00:00:00+00:00,104.713,104.743,104.463,104.537,25607
2020-09-22 04:00:00+00:00,104.529,104.677,104.491,104.677,28789
2020-09-22 08:00:00+00:00,104.671,104.735,104.407,104.508,39836
2020-09-22 12:00:00+00:00,104.497,105.071,104.497,105.053,63053
2020-09-22 16:00:00+00:00,105.043,105.06,104.923,104.927,24827
2020-09-22 20:00:00+00:00,104.925,105.057,104.853,105.057,19999
2020-09-23 00:00:00+00:00,105.047,105.195,105.023,105.105,39497
2020-09-23 04:00:00+00:00,105.105,105.148,104.931,104.966,36463
2020-09-23 08:00:00+00:00,104.968,105.13,104.928,105.13,34596
2020-09-23 12:00:00+00:00,105.124,105.373,105.092,105.347,51370
2020-09-23 16:00:00+00:00,105.37,105.477,105.318,105.373,32062
2020-09-23 20:00:00+00:00,105.373,105.412,105.284,105.31,16317
2020-09-24 00:00:00+00:00,105.324,105.472,105.301,105.439,37361
2020-09-24 04:00:00+00:00,105.436,105.452,105.205,105.3,36736
2020-09-24 08:00:00+00:00,105.315,105.519,105.302,105.427,39612
2020-09-24 12:00:00+00:00,105.433,105.521,105.329,105.42,52697
2020-09-24 16:00:00+00:00,105.413,105.462,105.371,105.423,28300
2020-09-24 20:00:00+00:00,105.421,105.444,105.367,105.439,10473
2020-09-25 00:00:00+00:00,105.45,105.541,105.41,105.415,27937
2020-09-25 04:00:00+00:00,105.419,105.435,105.245,105.384,31437
2020-09-25 08:00:00+00:00,105.393,105.491,105.365,105.481,38583
2020-09-25 12:00:00+00:00,105.482,105.696,105.461,105.593,48835
2020-09-25 16:00:00+00:00,105.573,105.639,105.551,105.605,21097
2020-09-25 20:00:00+00:00,105.612,105.612,105.55,105.551,6446
2020-09-27 20:00:00+00:00,105.498,105.693,105.47,105.581,7774
2020-09-28 00:00:00+00:00,105.576,105.576,105.323,105.351,34376
2020-09-28 04:00:00+00:00,105.349,105.415,105.267,105.351,27212
2020-09-28 08:00:00+00:00,105.353,105.441,105.292,105.384,29842
2020-09-28 12:00:00+00:00,105.378,105.651,105.373,105.511,46384
2020-09-28 16:00:00+00:00,105.539,105.594,105.461,105.461,23929
2020-09-28 20:00:00+00:00,105.48,105.547,105.433,105.443,15715
2020-09-29 00:00:00+00:00,105.437,105.545,105.346,105.486,33451
2020-09-29 04:00:00+00:00,105.487,105.7,105.479,105.56,37741
2020-09-29 08:00:00+00:00,105.576,105.732,105.555,105.623,42237
2020-09-29 12:00:00+00:00,105.643,105.692,105.55,105.685,53381
2020-09-29 16:00:00+00:00,105.686,105.7,105.631,105.656,30075
2020-09-29 20:00:00+00:00,105.683,105.683,105.608,105.677,8460
2020-09-30 00:00:00+00:00,105.655,105.792,105.587,105.607,38509
2020-09-30 04:00:00+00:00,105.601,105.655,105.444,105.608,40046
2020-09-30 08:00:00+00:00,105.593,105.728,105.566,105.717,44944
2020-09-30 12:00:00+00:00,105.715,105.741,105.407,105.589,69230
2020-09-30 16:00:00+00:00,105.609,105.629,105.42,105.484,44161
2020-09-30 20:00:00+00:00,105.454,105.495,105.404,105.451,18167
2020-10-01 00:00:00+00:00,105.452,105.55,105.447,105.463,27465
2020-10-01 04:00:00+00:00,105.464,105.542,105.421,105.534,36278
2020-10-01 08:00:00+00:00,105.546,105.619,105.45,105.467,51768
2020-10-01 12:00:00+00:00,105.47,105.721,105.453,105.535,70311
2020-10-01 16:00:00+00:00,105.541,105.607,105.528,105.538,36211
2020-10-01 20:00:00+00:00,105.532,105.577,105.494,105.55,33167
2020-10-02 00:00:00+00:00,105.567,105.646,105.516,105.646,32822
2020-10-02 04:00:00+00:00,105.646,105.664,104.944,105.172,77087
2020-10-02 08:00:00+00:00,105.161,105.22,105.071,105.17,36887
2020-10-02 12:00:00+00:00,105.177,105.391,105.135,105.36,67908
2020-10-02 16:00:00+00:00,105.361,105.391,105.333,105.384,26447
2020-10-02 20:00:00+00:00,105.386,105.393,105.314,105.314,4283
2020-10-04 20:00:00+00:00,105.234,105.585,105.234,105.515,23194
2020-10-05 00:00:00+00:00,105.53,105.587,105.5,105.528,27493
2020-10-05 04:00:00+00:00,105.524,105.628,105.52,105.606,28538
2020-10-05 08:00:00+00:00,105.599,105.67,105.591,105.615,33386
2020-10-05 12:00:00+00:00,105.614,105.756,105.542,105.713,53997
2020-10-05 16:00:00+00:00,105.714,105.793,105.693,105.768,23227
2020-10-05 20:00:00+00:00,105.769,105.782,105.709,105.709,16897
2020-10-06 00:00:00+00:00,105.722,105.737,105.623,105.663,30977
2020-10-06 04:00:00+00:00,105.66,105.697,105.617,105.653,29334
2020-10-06 08:00:00+00:00,105.615,105.66,105.523,105.613,41011
2020-10-06 12:00:00+00:00,105.601,105.69,105.585,105.642,50630
2020-10-06 16:00:00+00:00,105.622,105.655,105.478,105.57,44700
2020-10-06 20:00:00+00:00,105.591,105.687,105.581,105.642,20543
2020-10-07 00:00:00+00:00,105.641,105.695,105.634,105.694,25901
2020-10-07 04:00:00+00:00,105.695,105.933,105.68,105.861,37227
2020-10-07 08:00:00+00:00,105.856,106.104,105.849,106.023,38133
2020-10-07 12:00:00+00:00,106.029,106.03,105.855,105.981,51350
2020-10-07 16:00:00+00:00,105.975,106.076,105.94,106.033,19369
2020-10-07 20:00:00+00:00,106.032,106.032,105.932,105.969,33103
2020-10-08 00:00:00+00:00,105.987,106.092,105.977,105.99,29956
2020-10-08 04:00:00+00:00,105.998,106.04,105.944,105.984,25713
2020-10-08 08:00:00+00:00,105.973,106.029,105.928,106.003,24285
2020-10-08 12:00:00+00:00,106.011,106.044,105.944,105.983,36599
2020-10-08 16:00:00+00:00,105.976,106.031,105.976,105.995,17031
2020-10-08 20:00:00+00:00,106.002,106.04,105.962,106.027,16191
2020-10-09 00:00:00+00:00,106.019,106.019,105.816,105.842,32850
2020-10-09 04:00:00+00:00,105.834,105.983,105.826,105.933,20569
2020-10-09 08:00:00+00:00,105.905,105.917,105.828,105.914,36935
2020-10-09 12:00:00+00:00,105.928,105.946,105.615,105.716,55151
2020-10-09 16:00:00+00:00,105.717,105.724,105.584,105.589,20471
2020-10-09 20:00:00+00:00,105.608,105.63,105.594,105.594,4414
2020-10-11 20:00:00+00:00,105.736,105.781,105.599,105.624,14028
2020-10-12 00:00:00+00:00,105.642,105.652,105.493,105.493,32523
2020-10-12 04:00:00+00:00,105.487,105.555,105.437,105.549,24961
2020-10-12 08:00:00+00:00,105.555,105.609,105.456,105.456,44388
2020-10-12 12:00:00+00:00,105.451,105.451,105.243,105.32,39885
2020-10-12 16:00:00+00:00,105.351,105.366,105.313,105.335,20425
2020-10-12 20:00:00+00:00,105.325,105.356,105.269,105.339,28622
2020-11-15 16:00:00+00:00,104.715,104.717,104.558,104.686,17937
2020-11-15 20:00:00+00:00,104.673,104.678,104.49,104.547,22399
2020-11-16 00:00:00+00:00,104.558,104.595,104.364,104.383,25918
2020-11-16 04:00:00+00:00,104.387,105.084,104.384,104.898,68515
2020-11-16 08:00:00+00:00,104.929,105.0,104.518,104.546,65351
2020-11-16 12:00:00+00:00,104.558,104.595,104.501,104.564,18933
2020-11-16 16:00:00+00:00,104.556,104.596,104.424,104.487,23431
2020-11-16 20:00:00+00:00,104.501,104.55,104.44,104.493,21251
2020-11-17 00:00:00+00:00,104.493,104.563,104.263,104.267,29150
2020-11-17 04:00:00+00:00,104.27,104.371,104.173,104.231,39036
2020-11-17 08:00:00+00:00,104.211,104.245,104.072,104.21,56878
2020-11-17 12:00:00+00:00,104.221,104.244,104.187,104.196,17238
2020-11-17 16:00:00+00:00,104.204,104.204,104.046,104.072,27361
2020-11-17 20:00:00+00:00,104.06,104.151,104.06,104.08,18577
2020-11-18 00:00:00+00:00,104.09,104.091,103.853,103.959,17745
2020-11-18 04:00:00+00:00,103.956,104.075,103.81,103.919,41741
2020-11-18 08:00:00+00:00,103.911,103.994,103.668,103.72,44604
2020-11-18 12:00:00+00:00,103.72,103.878,103.708,103.855,21711
2020-11-18 16:00:00+00:00,103.856,103.981,103.757,103.851,27923
2020-11-18 20:00:00+00:00,103.841,103.876,103.722,103.771,23827
2020-11-19 00:00:00+00:00,103.78,103.957,103.76,103.934,32119
2020-11-19 04:00:00+00:00,103.967,104.2,103.908,104.02,42327
2020-11-19 08:00:00+00:00,104.037,104.091,103.835,103.853,51393
2020-11-19 12:00:00+00:00,103.865,103.869,103.75,103.769,22098
2020-11-19 16:00:00+00:00,103.765,103.894,103.732,103.844,33392
2020-11-19 20:00:00+00:00,103.827,103.911,103.798,103.813,22864
2020-11-20 00:00:00+00:00,103.814,103.884,103.748,103.8,29601
2020-11-20 04:00:00+00:00,103.794,103.846,103.767,103.796,27294
2020-11-20 08:00:00+00:00,103.808,103.862,103.703,103.817,36235
2020-11-20 12:00:00+00:00,103.813,103.856,103.807,103.821,15911
2020-11-20 16:00:00+00:00,103.821,103.838,103.809,103.824,4496
2020-11-22 16:00:00+00:00,103.758,103.862,103.758,103.793,24898
2020-11-22 20:00:00+00:00,103.783,103.784,103.719,103.748,14468
2020-11-23 00:00:00+00:00,103.749,103.845,103.735,103.816,25269
2020-11-23 04:00:00+00:00,103.814,103.814,103.69,103.718,35446
2020-11-23 08:00:00+00:00,103.734,104.624,103.7,104.416,81782
2020-11-23 12:00:00+00:00,104.421,104.577,104.284,104.566,27870
2020-11-23 16:00:00+00:00,104.571,104.637,104.441,104.605,35498
2020-11-23 20:00:00+00:00,104.573,104.597,104.506,104.512,31033
2020-11-24 00:00:00+00:00,104.509,104.513,104.25,104.293,31102
2020-11-24 04:00:00+00:00,104.303,104.576,104.158,104.533,39615
2020-11-24 08:00:00+00:00,104.545,104.742,104.53,104.61,53647
2020-11-24 12:00:00+00:00,104.606,104.651,104.439,104.442,26150
2020-11-24 16:00:00+00:00,104.453,104.546,104.415,104.496,35733
2020-11-24 20:00:00+00:00,104.494,104.59,104.451,104.462,27176
2020-11-25 00:00:00+00:00,104.471,104.547,104.356,104.407,34203
2020-11-25 04:00:00+00:00,104.416,104.512,104.35,104.403,33683
2020-11-25 08:00:00+00:00,104.395,104.451,104.262,104.386,55604
2020-11-25 12:00:00+00:00,104.382,104.447,104.326,104.418,21112
2020-11-25 16:00:00+00:00,104.428,104.469,104.328,104.334,33483
2020-11-25 20:00:00+00:00,104.317,104.359,104.265,104.305,16832
2020-11-26 00:00:00+00:00,104.299,104.355,104.225,104.244,22582
2020-11-26 04:00:00+00:00,104.256,104.293,104.235,104.253,24919
2020-11-26 08:00:00+00:00,104.253,104.317,104.231,104.246,27318
2020-11-26 12:00:00+00:00,104.25,104.273,104.219,104.245,53137
2020-11-26 16:00:00+00:00,104.243,104.27,104.114,104.117,27205
2020-11-26 20:00:00+00:00,104.134,104.134,103.922,103.948,27082
2020-11-27 00:00:00+00:00,103.948,104.101,103.908,104.013,18681
2020-11-27 04:00:00+00:00,104.019,104.201,103.964,104.153,21384
2020-11-27 08:00:00+00:00,104.15,104.201,103.969,104.065,33818
2020-11-27 12:00:00+00:00,104.055,104.07,104.022,104.064,11505
2020-11-27 16:00:00+00:00,104.058,104.11,104.041,104.041,8834
2020-11-29 16:00:00+00:00,104.012,104.158,103.858,103.881,17859
2020-11-29 20:00:00+00:00,103.879,103.937,103.839,103.881,22626
2020-11-30 00:00:00+00:00,103.88,104.215,103.843,104.214,29181
2020-11-30 04:00:00+00:00,104.233,104.334,103.915,104.128,38328
2020-11-30 08:00:00+00:00,104.109,104.387,104.082,104.375,62001
2020-11-30 12:00:00+00:00,104.378,104.399,104.252,104.399,26417
2020-11-30 16:00:00+00:00,104.398,104.405,104.256,104.284,28231
2020-11-30 20:00:00+00:00,104.285,104.454,104.282,104.374,25581
2020-12-01 00:00:00+00:00,104.389,104.411,104.194,104.231,25216
2020-12-01 04:00:00+00:00,104.237,104.425,104.211,104.388,29165
2020-12-01 08:00:00+00:00,104.39,104.568,104.313,104.404,56847
2020-12-01 12:00:00+00:00,104.388,104.429,104.302,104.302,25230
2020-12-01 16:00:00+00:00,104.303,104.358,104.232,104.34,33583
2020-12-01 20:00:00+00:00,104.337,104.454,104.337,104.388,26546
2020-12-02 00:00:00+00:00,104.386,104.639,104.381,104.639,37853
2020-12-02 04:00:00+00:00,104.658,104.747,104.595,104.657,36725
2020-12-02 08:00:00+00:00,104.616,104.632,104.434,104.52,66965
2020-12-02 12:00:00+00:00,104.519,104.58,104.471,104.506,24744
2020-12-02 16:00:00+00:00,104.511,104.523,104.4,104.504,37395
2020-12-02 20:00:00+00:00,104.488,104.529,104.423,104.468,27259
2020-12-03 00:00:00+00:00,104.461,104.485,104.26,104.269,32427
2020-12-03 04:00:00+00:00,104.281,104.338,104.076,104.086,37564
2020-12-03 08:00:00+00:00,104.096,104.12,103.675,103.773,57631
2020-12-03 12:00:00+00:00,103.778,103.995,103.767,103.886,25517
2020-12-03 16:00:00+00:00,103.882,103.897,103.749,103.81,22280
2020-12-03 20:00:00+00:00,103.793,103.915,103.777,103.912,23841
2020-12-04 00:00:00+00:00,103.919,104.014,103.83,104.014,35817
2020-12-04 04:00:00+00:00,104.021,104.067,103.926,103.993,43387
2020-12-04 08:00:00+00:00,103.988,104.237,103.828,104.159,79942
2020-12-04 12:00:00+00:00,104.154,104.178,104.072,104.164,20584
2020-12-04 16:00:00+00:00,104.171,104.199,104.149,104.17,2965
2020-12-06 16:00:00+00:00,104.12,104.235,104.058,104.092,20328
2020-12-06 20:00:00+00:00,104.094,104.135,103.944,104.017,26034
2020-12-07 00:00:00+00:00,104.017,104.274,103.985,104.225,40815
2020-12-07 04:00:00+00:00,104.236,104.311,104.163,104.163,44017
2020-12-07 08:00:00+00:00,104.161,104.171,103.925,104.013,56983
2020-12-07 12:00:00+00:00,104.005,104.067,103.943,104.065,36059
2020-12-07 16:00:00+00:00,104.043,104.064,103.957,104.056,38960
2020-12-07 20:00:00+00:00,104.062,104.089,104.022,104.041,28800
2020-12-08 00:00:00+00:00,104.04,104.139,104.03,104.061,28313
2020-12-08 04:00:00+00:00,104.066,104.175,103.97,104.147,42493
2020-12-08 08:00:00+00:00,104.152,104.2,104.035,104.141,58228
2020-12-08 12:00:00+00:00,104.141,104.182,104.113,104.162,21310
2020-12-08 16:00:00+00:00,104.17,104.179,104.107,104.141,30169
2020-12-08 20:00:00+00:00,104.127,104.171,104.119,104.135,21794
2020-12-09 00:00:00+00:00,104.137,104.242,104.13,104.17,29586
2020-12-09 04:00:00+00:00,104.178,104.19,104.059,104.12,40908
2020-12-09 08:00:00+00:00,104.121,104.303,104.088,104.28,55308
2020-12-09 12:00:00+00:00,104.275,104.398,104.189,104.206,30025
2020-12-09 16:00:00+00:00,104.212,104.307,104.166,104.269,29861
2020-12-09 20:00:00+00:00,104.264,104.492,104.251,104.421,31451
2020-12-10 00:00:00+00:00,104.419,104.578,104.393,104.529,27345
2020-12-10 04:00:00+00:00,104.512,104.554,104.432,104.447,37278
2020-12-10 08:00:00+00:00,104.436,104.458,104.227,104.303,75912
2020-12-10 12:00:00+00:00,104.285,104.334,104.175,104.201,32476
2020-12-10 16:00:00+00:00,104.221,104.262,103.979,104.004,38754
2020-12-10 20:00:00+00:00,103.984,104.055,103.934,104.02,30637
2020-12-11 00:00:00+00:00,104.021,104.147,103.994,104.116,29435
2020-12-11 04:00:00+00:00,104.121,104.138,103.977,104.118,41315
2020-12-11 08:00:00+00:00,104.122,104.147,103.83,103.871,55049
2020-12-11 12:00:00+00:00,103.886,104.054,103.873,104.038,19931
2020-12-11 16:00:00+00:00,104.035,104.043,103.964,103.964,7070
2020-12-13 16:00:00+00:00,104.01,104.04,103.848,104.028,25270
2020-12-13 20:00:00+00:00,104.042,104.051,103.958,104.051,24746
2020-12-14 00:00:00+00:00,104.054,104.054,103.844,103.867,32230
2020-12-14 04:00:00+00:00,103.869,103.89,103.619,103.716,43242
2020-12-14 08:00:00+00:00,103.698,104.092,103.52,104.069,63102
2020-12-14 12:00:00+00:00,104.076,104.092,104.009,104.033,16089
2020-12-14 16:00:00+00:00,104.032,104.116,103.979,104.103,18924
2020-12-14 20:00:00+00:00,104.098,104.15,104.035,104.125,22982
2020-12-15 00:00:00+00:00,104.125,104.127,104.038,104.09,24753
2020-12-15 04:00:00+00:00,104.094,104.109,103.886,103.924,36281
2020-12-15 08:00:00+00:00,103.922,103.935,103.681,103.698,49323
2020-12-15 12:00:00+00:00,103.693,103.778,103.628,103.628,17944
2020-12-15 16:00:00+00:00,103.636,103.706,103.589,103.692,25037
2020-12-15 20:00:00+00:00,103.677,103.713,103.425,103.434,20283
2020-12-16 00:00:00+00:00,103.441,103.599,103.328,103.328,30152
2020-12-16 04:00:00+00:00,103.334,103.427,103.266,103.296,28476
2020-12-16 08:00:00+00:00,103.29,103.624,103.29,103.593,44781
2020-12-16 12:00:00+00:00,103.593,103.899,103.414,103.497,43324
2020-12-16 16:00:00+00:00,103.488,103.549,103.411,103.413,30581
2020-12-16 20:00:00+00:00,103.403,103.429,103.257,103.324,22675
2020-12-17 00:00:00+00:00,103.32,103.371,103.144,103.168,29671
2020-12-17 04:00:00+00:00,103.174,103.218,102.981,103.011,36913
2020-12-17 08:00:00+00:00,103.033,103.166,102.882,103.134,56990
2020-12-17 12:00:00+00:00,103.124,103.164,103.049,103.147,20247
2020-12-17 16:00:00+00:00,103.15,103.264,103.062,103.264,30975
2020-12-17 20:00:00+00:00,103.26,103.478,103.248,103.448,27425
2020-12-18 00:00:00+00:00,103.439,103.588,103.313,103.461,33519
2020-12-18 04:00:00+00:00,103.459,103.576,103.197,103.268,34603
2020-12-18 08:00:00+00:00,103.295,103.47,103.228,103.352,52819
2020-12-18 12:00:00+00:00,103.353,103.375,103.297,103.312,20841
2020-12-18 16:00:00+00:00,103.313,103.34,103.236,103.236,4629
2020-12-20 16:00:00+00:00,103.49,103.537,103.304,103.351,21431
2020-12-20 20:00:00+00:00,103.353,103.446,103.262,103.392,35166
2020-12-21 00:00:00+00:00,103.397,103.656,103.377,103.539,42405
2020-12-21 04:00:00+00:00,103.54,103.886,103.537,103.588,66770
2020-12-21 08:00:00+00:00,103.603,103.619,103.408,103.437,65876
2020-12-21 12:00:00+00:00,103.435,103.451,103.306,103.33,36281
2020-12-21 16:00:00+00:00,103.313,103.356,103.281,103.327,26918
2020-12-21 20:00:00+00:00,103.327,103.479,103.326,103.449,21877
2020-12-22 00:00:00+00:00,103.444,103.466,103.36,103.388,33733
2020-12-22 04:00:00+00:00,103.381,103.422,103.322,103.377,35931
2020-12-22 08:00:00+00:00,103.374,103.723,103.347,103.63,61829
2020-12-22 12:00:00+00:00,103.613,103.723,103.595,103.673,25414
2020-12-22 16:00:00+00:00,103.684,103.684,103.508,103.595,25622
2020-12-22 20:00:00+00:00,103.624,103.624,103.449,103.452,28243
2020-12-23 00:00:00+00:00,103.462,103.493,103.366,103.411,28159
2020-12-23 04:00:00+00:00,103.417,103.477,103.383,103.471,30819
2020-12-23 08:00:00+00:00,103.482,103.633,103.392,103.528,67396
2020-12-23 12:00:00+00:00,103.53,103.648,103.499,103.499,25066
2020-12-23 16:00:00+00:00,103.508,103.619,103.497,103.587,16816
2020-12-23 20:00:00+00:00,103.576,103.599,103.504,103.573,24268
2020-12-24 00:00:00+00:00,103.579,103.614,103.551,103.607,17484
2020-12-24 04:00:00+00:00,103.609,103.692,103.593,103.664,22715
2020-12-24 08:00:00+00:00,103.66,103.757,103.621,103.667,25071
2020-12-24 12:00:00+00:00,103.665,103.697,103.647,103.665,10500
2020-12-27 16:00:00+00:00,103.52,103.598,103.456,103.589,17965
2020-12-27 20:00:00+00:00,103.578,103.632,103.534,103.54,21411
2020-12-28 00:00:00+00:00,103.542,103.546,103.407,103.437,21429
2020-12-28 04:00:00+00:00,103.441,103.701,103.441,103.586,34357
2020-12-28 08:00:00+00:00,103.589,103.897,103.557,103.852,37709
2020-12-28 12:00:00+00:00,103.866,103.88,103.794,103.831,20789
2020-12-28 16:00:00+00:00,103.826,103.841,103.673,103.801,18169
2020-12-28 20:00:00+00:00,103.786,103.786,103.625,103.677,22994
2020-12-29 00:00:00+00:00,103.682,103.721,103.602,103.641,19660
2020-12-29 04:00:00+00:00,103.648,103.685,103.628,103.675,22445
2020-12-29 08:00:00+00:00,103.675,103.752,103.467,103.508,46863
2020-12-29 12:00:00+00:00,103.507,103.566,103.467,103.536,19707
2020-12-29 16:00:00+00:00,103.53,103.573,103.471,103.488,17100
2020-12-29 20:00:00+00:00,103.496,103.499,103.274,103.29,27584
2020-12-30 00:00:00+00:00,103.298,103.384,103.267,103.288,21061
2020-12-30 04:00:00+00:00,103.291,103.297,103.053,103.071,32132
2020-12-30 08:00:00+00:00,103.07,103.352,102.967,103.309,57005
2020-12-30 12:00:00+00:00,103.318,103.344,103.215,103.259,18421
2020-12-30 16:00:00+00:00,103.278,103.287,103.059,103.142,11056
2020-12-30 20:00:00+00:00,103.124,103.204,103.084,103.156,16797
2020-12-31 00:00:00+00:00,103.157,103.175,103.102,103.123,21690
2020-12-31 04:00:00+00:00,103.14,103.189,103.002,103.066,37996
2020-12-31 08:00:00+00:00,103.066,103.284,103.006,103.191,41667
2020-12-31 12:00:00+00:00,103.19,103.293,103.182,103.252,12847
2021-01-03 20:00:00+00:00,103.122,103.31,103.116,103.246,11359
2021-01-04 00:00:00+00:00,103.226,103.226,102.933,102.947,34970
2021-01-04 04:00:00+00:00,102.938,103.058,102.858,102.911,26043
2021-01-04 08:00:00+00:00,102.916,102.916,102.714,102.858,39289
2021-01-04 12:00:00+00:00,102.882,103.242,102.851,103.128,67239
2021-01-04 16:00:00+00:00,103.118,103.192,103.105,103.111,40542
2021-01-04 20:00:00+00:00,103.123,103.192,103.041,103.134,18146
2021-01-05 00:00:00+00:00,103.136,103.184,103.025,103.034,29121
2021-01-05 04:00:00+00:00,103.025,103.045,102.881,102.95,28969
2021-01-05 08:00:00+00:00,102.927,102.949,102.799,102.819,38177
2021-01-05 12:00:00+00:00,102.823,102.936,102.78,102.79,55837
2021-01-05 16:00:00+00:00,102.783,102.82,102.607,102.634,37585
2021-01-05 20:00:00+00:00,102.64,102.754,102.628,102.685,19186
2021-01-06 00:00:00+00:00,102.692,102.857,102.601,102.807,55456
2021-01-06 04:00:00+00:00,102.806,102.825,102.681,102.741,41302
2021-01-06 08:00:00+00:00,102.795,102.879,102.743,102.8,42505
2021-01-06 12:00:00+00:00,102.8,103.437,102.769,103.381,84871
2021-01-06 16:00:00+00:00,103.387,103.399,103.07,103.134,45715
2021-01-06 20:00:00+00:00,103.123,103.123,102.949,103.022,24565
2021-01-07 00:00:00+00:00,103.042,103.244,102.958,103.128,37506
2021-01-07 04:00:00+00:00,103.147,103.367,103.103,103.364,25584
2021-01-07 08:00:00+00:00,103.362,103.695,103.348,103.678,53755
2021-01-07 12:00:00+00:00,103.735,103.952,103.527,103.939,69527
2021-01-07 16:00:00+00:00,103.931,103.952,103.771,103.875,35002
2021-01-07 20:00:00+00:00,103.825,103.891,103.759,103.802,15092
2021-01-08 00:00:00+00:00,103.814,103.995,103.773,103.842,18119
2021-01-08 04:00:00+00:00,103.858,103.972,103.802,103.972,13788
2021-01-08 08:00:00+00:00,103.992,104.089,103.799,103.828,20979
2021-01-08 12:00:00+00:00,103.845,104.059,103.615,103.799,30355
2021-01-08 16:00:00+00:00,103.772,104.055,103.772,103.905,24627
2021-01-08 20:00:00+00:00,103.936,103.99,103.826,103.866,6097
2021-01-09 08:00:00+00:00,103.93,103.93,103.926,103.926,2
2021-01-09 12:00:00+00:00,103.93,103.93,103.926,103.926,2
2021-01-10 20:00:00+00:00,103.713,104.094,103.713,104.085,2831
2021-01-11 00:00:00+00:00,104.063,104.198,104.02,104.171,11218
2021-01-11 04:00:00+00:00,104.177,104.215,104.09,104.191,12508
2021-01-11 08:00:00+00:00,104.171,104.171,104.043,104.125,17155
2021-01-11 12:00:00+00:00,104.128,104.388,104.128,104.287,24746
2021-01-11 16:00:00+00:00,104.274,104.281,104.089,104.156,13366
2021-01-11 20:00:00+00:00,104.146,104.24,104.112,104.14,8229
2021-01-12 00:00:00+00:00,104.141,104.31,104.105,104.283,12948
2021-01-12 04:00:00+00:00,104.268,104.321,104.111,104.163,11845
2021-01-12 08:00:00+00:00,104.169,104.259,104.132,104.209,16590
2021-01-12 12:00:00+00:00,104.219,104.314,104.165,104.206,20995
2021-01-12 16:00:00+00:00,104.207,104.211,103.791,103.826,16146
2021-01-12 20:00:00+00:00,103.822,103.822,103.725,103.75,11744
2021-01-13 00:00:00+00:00,103.725,103.725,103.531,103.587,15027
2021-01-13 04:00:00+00:00,103.57,103.704,103.57,103.686,12878
2021-01-13 08:00:00+00:00,103.692,103.988,103.654,103.975,17216
2021-01-13 12:00:00+00:00,103.954,103.954,103.76,103.922,20514
2021-01-13 16:00:00+00:00,103.939,103.971,103.772,103.881,13953
2021-01-13 20:00:00+00:00,103.9,103.903,103.791,103.828,7727
2021-01-14 00:00:00+00:00,103.828,104.192,103.808,104.049,19761
2021-01-14 04:00:00+00:00,104.045,104.092,103.956,104.028,14149
2021-01-14 08:00:00+00:00,104.004,104.043,103.95,103.992,15581
2021-01-14 12:00:00+00:00,103.99,104.132,103.816,103.84,21416
2021-01-14 16:00:00+00:00,103.842,103.849,103.565,103.785,17340
2021-01-14 20:00:00+00:00,103.763,103.843,103.674,103.841,9601
2021-01-15 00:00:00+00:00,103.838,103.838,103.702,103.76,12543
2021-01-15 04:00:00+00:00,103.766,103.815,103.647,103.696,11195
2021-01-15 08:00:00+00:00,103.679,103.75,103.62,103.662,15053
2021-01-15 12:00:00+00:00,103.673,103.892,103.642,103.862,21627
2021-01-15 16:00:00+00:00,103.862,103.876,103.764,103.862,12570
2021-01-15 20:00:00+00:00,103.863,103.907,103.836,103.899,4054
2021-01-16 04:00:00+00:00,103.78,103.78,103.78,103.78,1
2021-01-16 08:00:00+00:00,103.87,103.87,103.79,103.79,6
2021-01-16 12:00:00+00:00,103.87,103.87,103.79,103.79,2
2021-01-17 20:00:00+00:00,103.725,103.921,103.722,103.915,2316
2021-01-18 00:00:00+00:00,103.917,103.929,103.652,103.745,14816
2021-01-18 04:00:00+00:00,103.75,103.87,103.692,103.755,10858
2021-01-18 08:00:00+00:00,103.762,103.838,103.721,103.754,15666
2021-01-18 12:00:00+00:00,103.756,103.785,103.662,103.692,13045
2021-01-18 16:00:00+00:00,103.698,103.717,103.636,103.683,11859
2021-01-18 20:00:00+00:00,103.683,103.725,103.666,103.706,14085
2021-01-19 00:00:00+00:00,103.695,104.076,103.652,104.0,19445
2021-01-19 04:00:00+00:00,104.003,104.081,103.961,103.999,10107
2021-01-19 08:00:00+00:00,103.997,104.046,103.956,103.993,14367
2021-01-19 12:00:00+00:00,103.989,104.037,103.868,103.905,19970
2021-01-19 16:00:00+00:00,103.897,103.925,103.839,103.867,11559
2021-01-19 20:00:00+00:00,103.882,103.93,103.862,103.898,7302
2021-01-20 00:00:00+00:00,103.891,103.925,103.747,103.776,13061
2021-01-20 04:00:00+00:00,103.783,103.806,103.717,103.734,9378
2021-01-20 08:00:00+00:00,103.745,103.831,103.725,103.817,15712
2021-01-20 12:00:00+00:00,103.814,103.838,103.457,103.552,20043
2021-01-20 16:00:00+00:00,103.581,103.635,103.532,103.534,11113
2021-01-20 20:00:00+00:00,103.549,103.564,103.513,103.557,13814
2021-01-21 00:00:00+00:00,103.551,103.663,103.487,103.487,14093
2021-01-21 04:00:00+00:00,103.488,103.526,103.334,103.524,10730
2021-01-21 08:00:00+00:00,103.521,103.549,103.376,103.415,14862
2021-01-21 12:00:00+00:00,103.408,103.651,103.332,103.563,23766
2021-01-21 16:00:00+00:00,103.572,103.615,103.501,103.509,10861
2021-01-21 20:00:00+00:00,103.532,103.544,103.475,103.51,13091
2021-01-22 00:00:00+00:00,103.528,103.605,103.492,103.535,13269
2021-01-22 04:00:00+00:00,103.545,103.694,103.542,103.663,15198
2021-01-22 08:00:00+00:00,103.661,103.716,103.608,103.688,15232
2021-01-22 12:00:00+00:00,103.68,103.879,103.652,103.793,19089
2021-01-22 16:00:00+00:00,103.802,103.833,103.753,103.832,9632
2021-01-22 20:00:00+00:00,103.823,103.841,103.75,103.75,3532
2021-01-24 20:00:00+00:00,103.753,103.825,103.714,103.789,2906
2021-01-25 00:00:00+00:00,103.78,103.873,103.731,103.76,9885
2021-01-25 04:00:00+00:00,103.763,103.769,103.674,103.709,9090
2021-01-25 08:00:00+00:00,103.726,103.851,103.663,103.816,14429
2021-01-25 12:00:00+00:00,103.81,103.927,103.707,103.767,17870
2021-01-25 16:00:00+00:00,103.787,103.835,103.745,103.801,11022
2021-01-25 20:00:00+00:00,103.788,103.801,103.726,103.763,11288
2021-01-26 00:00:00+00:00,103.757,103.795,103.67,103.715,10251
2021-01-26 04:00:00+00:00,103.71,103.821,103.681,103.81,12819
2021-01-26 08:00:00+00:00,103.801,103.811,103.745,103.771,14581
2021-01-26 12:00:00+00:00,103.778,103.783,103.557,103.643,17589
2021-01-26 16:00:00+00:00,103.638,103.694,103.636,103.65,9011
2021-01-26 20:00:00+00:00,103.649,103.663,103.589,103.599,9876
2021-01-27 00:00:00+00:00,103.604,103.745,103.589,103.739,11573
2021-01-27 04:00:00+00:00,103.733,103.744,103.634,103.676,10338
2021-01-27 08:00:00+00:00,103.682,103.867,103.653,103.833,15937
2021-01-27 12:00:00+00:00,103.835,104.173,103.813,104.096,22836
2021-01-27 16:00:00+00:00,104.091,104.167,104.035,104.15,15095
2021-01-27 20:00:00+00:00,104.161,104.196,104.065,104.14,14100
2021-01-28 00:00:00+00:00,104.151,104.365,104.151,104.361,17112
2021-01-28 04:00:00+00:00,104.362,104.37,104.22,104.314,15110
2021-01-28 08:00:00+00:00,104.313,104.346,104.217,104.307,16444
2021-01-28 12:00:00+00:00,104.315,104.458,104.265,104.311,22277
2021-01-28 16:00:00+00:00,104.306,104.343,104.153,104.232,12199
2021-01-28 20:00:00+00:00,104.216,104.309,104.198,104.302,12622
2021-01-29 00:00:00+00:00,104.305,104.555,104.298,104.48,16381
2021-01-29 04:00:00+00:00,104.479,104.565,104.464,104.55,13732
2021-01-29 08:00:00+00:00,104.541,104.933,104.541,104.743,18913
2021-01-29 12:00:00+00:00,104.724,104.846,104.617,104.691,24792
2021-01-29 16:00:00+00:00,104.681,104.762,104.628,104.748,15560
2021-01-29 20:00:00+00:00,104.728,104.751,104.59,104.69,5062
2021-01-30 20:00:00+00:00,104.69,104.69,104.68,104.68,2
2021-01-31 00:00:00+00:00,104.69,104.69,104.69,104.69,1
2021-01-31 20:00:00+00:00,104.724,104.806,104.678,104.716,6784
2021-02-01 00:00:00+00:00,104.72,104.747,104.62,104.684,10684
2021-02-01 04:00:00+00:00,104.68,104.746,104.631,104.746,10262
2021-02-01 08:00:00+00:00,104.739,104.946,104.672,104.883,16515
2021-02-01 12:00:00+00:00,104.871,104.995,104.834,104.958,17659
2021-02-01 16:00:00+00:00,104.966,105.034,104.899,104.943,10342
2021-02-01 20:00:00+00:00,104.935,104.962,104.866,104.882,8441
2021-02-02 00:00:00+00:00,104.874,104.945,104.829,104.945,13044
2021-02-02 04:00:00+00:00,104.935,105.023,104.93,104.985,12143
2021-02-02 08:00:00+00:00,104.956,105.048,104.854,105.026,16345
2021-02-02 12:00:00+00:00,105.028,105.164,104.969,105.103,18241
2021-02-02 16:00:00+00:00,105.097,105.123,105.025,105.082,10988
2021-02-02 20:00:00+00:00,105.069,105.099,104.944,105.028,11765
2021-02-03 00:00:00+00:00,105.027,105.04,104.924,105.008,12319
2021-02-03 04:00:00+00:00,104.995,105.092,104.973,105.053,10373
2021-02-03 08:00:00+00:00,105.051,105.096,105.015,105.063,11411
2021-02-03 12:00:00+00:00,105.066,105.091,104.97,105.071,16142
2021-02-03 16:00:00+00:00,105.079,105.079,105.008,105.053,8481
2021-02-03 20:00:00+00:00,105.045,105.055,104.98,104.999,9377
2021-02-04 00:00:00+00:00,104.99,105.127,104.97,105.113,12137
2021-02-04 04:00:00+00:00,105.116,105.257,105.097,105.192,13302
2021-02-04 08:00:00+00:00,105.171,105.332,105.148,105.332,13921
2021-02-04 12:00:00+00:00,105.33,105.487,105.218,105.416,18379
2021-02-04 16:00:00+00:00,105.41,105.525,105.398,105.525,9128
2021-02-04 20:00:00+00:00,105.507,105.592,105.507,105.575,8396
2021-02-05 00:00:00+00:00,105.593,105.636,105.438,105.545,13196
2021-02-05 04:00:00+00:00,105.543,105.577,105.487,105.498,9478
2021-02-05 08:00:00+00:00,105.479,105.651,105.33,105.606,14811
2021-02-05 12:00:00+00:00,105.61,105.766,105.415,105.469,23976
2021-02-05 16:00:00+00:00,105.455,105.471,105.341,105.442,11035
2021-02-05 20:00:00+00:00,105.43,105.43,105.245,105.305,3743
2021-02-07 20:00:00+00:00,105.329,105.432,105.324,105.387,5935
2021-02-08 00:00:00+00:00,105.405,105.538,105.352,105.453,10412
2021-02-08 04:00:00+00:00,105.46,105.525,105.451,105.483,10648
2021-02-08 08:00:00+00:00,105.476,105.661,105.454,105.619,12807
2021-02-08 12:00:00+00:00,105.632,105.651,105.179,105.195,18263
2021-02-08 16:00:00+00:00,105.171,105.263,105.157,105.224,10169
2021-02-08 20:00:00+00:00,105.204,105.254,105.141,105.206,12394
2021-02-09 00:00:00+00:00,105.199,105.205,104.903,104.927,15525
2021-02-09 04:00:00+00:00,104.931,104.932,104.749,104.775,13454
2021-02-09 08:00:00+00:00,104.786,104.877,104.71,104.71,6060
2021-02-09 12:00:00+00:00,104.617,104.617,104.503,104.574,5220
2021-02-09 16:00:00+00:00,104.58,104.658,104.54,104.54,10387
2021-02-09 20:00:00+00:00,104.546,104.615,104.51,104.581,7668
2021-02-10 00:00:00+00:00,104.586,104.712,104.513,104.553,13017
2021-02-10 04:00:00+00:00,104.545,104.599,104.506,104.519,9810
2021-02-10 08:00:00+00:00,104.518,104.816,104.415,104.774,15735
2021-02-10 12:00:00+00:00,104.776,104.821,104.55,104.66,21123
2021-02-10 16:00:00+00:00,104.661,104.699,104.63,104.641,10245
2021-02-10 20:00:00+00:00,104.633,104.655,104.557,104.618,5816
2021-02-11 00:00:00+00:00,104.617,104.642,104.566,104.598,6752
2021-02-11 04:00:00+00:00,104.59,104.611,104.551,104.584,9040
2021-02-11 08:00:00+00:00,104.566,104.759,104.566,104.721,11254
2021-02-11 12:00:00+00:00,104.729,104.783,104.625,104.726,13865
2021-02-11 16:00:00+00:00,104.717,104.797,104.7,104.754,11443
2021-02-11 20:00:00+00:00,104.764,104.775,104.673,104.75,6927
2021-02-12 00:00:00+00:00,104.75,104.837,104.733,104.812,8491
2021-02-12 04:00:00+00:00,104.817,104.936,104.767,104.926,8819
2021-02-12 08:00:00+00:00,104.912,105.16,104.9,105.033,14469
2021-02-12 12:00:00+00:00,105.037,105.12,104.93,104.961,16144
2021-02-12 16:00:00+00:00,104.967,104.973,104.914,104.973,9482
2021-02-12 20:00:00+00:00,104.976,104.988,104.916,104.93,2406
2021-02-13 00:00:00+00:00,104.951,104.951,104.93,104.93,2
2021-02-13 12:00:00+00:00,104.951,104.951,104.951,104.951,1
2021-02-14 20:00:00+00:00,104.926,105.071,104.884,105.063,5288
2021-02-15 00:00:00+00:00,105.041,105.139,104.983,105.064,10768
2021-02-15 04:00:00+00:00,105.072,105.193,105.011,105.179,11674
2021-02-15 08:00:00+00:00,105.165,105.409,105.132,105.265,13629
2021-02-15 12:00:00+00:00,105.275,105.4,105.261,105.353,9815
2021-02-15 16:00:00+00:00,105.356,105.37,105.29,105.344,7309
2021-02-15 20:00:00+00:00,105.334,105.393,105.291,105.372,9846
2021-02-16 00:00:00+00:00,105.416,105.59,105.383,105.59,12937
2021-02-16 04:00:00+00:00,105.583,105.629,105.421,105.476,13735
2021-02-16 08:00:00+00:00,105.456,105.527,105.196,105.385,16613
2021-02-16 12:00:00+00:00,105.384,105.798,105.358,105.694,23477
2021-02-16 16:00:00+00:00,105.717,105.964,105.696,105.892,11684
2021-02-16 20:00:00+00:00,105.884,106.207,105.87,106.117,13113
2021-02-17 00:00:00+00:00,106.114,106.183,105.906,105.961,15805
2021-02-17 04:00:00+00:00,105.962,106.07,105.841,106.019,14254
2021-02-17 08:00:00+00:00,106.025,106.068,105.868,106.007,14995
2021-02-17 12:00:00+00:00,106.015,106.212,105.826,105.926,23622
2021-02-17 16:00:00+00:00,105.929,105.929,105.783,105.915,13295
2021-02-17 20:00:00+00:00,105.908,105.92,105.839,105.852,12876
2021-02-18 00:00:00+00:00,105.857,105.905,105.705,105.882,13910
2021-02-18 04:00:00+00:00,105.886,105.919,105.79,105.812,12041
2021-02-18 08:00:00+00:00,105.837,105.854,105.632,105.693,15579
2021-02-18 12:00:00+00:00,105.687,105.874,105.608,105.783,20230
2021-02-18 16:00:00+00:00,105.781,105.79,105.649,105.686,9987
2021-02-18 20:00:00+00:00,105.676,105.702,105.628,105.652,6601
2021-02-19 00:00:00+00:00,105.659,105.732,105.638,105.703,10366
2021-02-19 04:00:00+00:00,105.711,105.721,105.546,105.603,11208
2021-02-19 08:00:00+00:00,105.602,105.602,105.311,105.337,16010
2021-02-19 12:00:00+00:00,105.342,105.663,105.241,105.623,19359
2021-02-19 16:00:00+00:00,105.622,105.647,105.431,105.489,13830
2021-02-19 20:00:00+00:00,105.484,105.548,105.208,105.548,3154
2021-02-20 20:00:00+00:00,105.43,105.43,105.4,105.4,2
2021-02-21 20:00:00+00:00,105.396,105.616,105.335,105.535,2248
2021-02-22 00:00:00+00:00,105.535,105.724,105.426,105.643,15761
2021-02-22 04:00:00+00:00,105.632,105.817,105.609,105.816,13752
2021-02-22 08:00:00+00:00,105.803,105.835,105.475,105.554,16206
2021-02-22 12:00:00+00:00,105.567,105.613,105.001,105.071,23546
2021-02-22 16:00:00+00:00,105.073,105.114,104.975,105.019,12170
2021-02-22 20:00:00+00:00,105.018,105.088,104.931,105.004,10456
2021-02-23 00:00:00+00:00,105.002,105.035,104.93,105.021,11083
2021-02-23 04:00:00+00:00,105.015,105.193,104.999,105.146,11553
2021-02-23 08:00:00+00:00,105.136,105.312,105.092,105.245,16426
2021-02-23 12:00:00+00:00,105.236,105.412,105.066,105.114,18463
2021-02-23 16:00:00+00:00,105.123,105.321,105.078,105.321,12942
2021-02-23 20:00:00+00:00,105.319,105.319,105.204,105.296,7269
2021-02-24 00:00:00+00:00,105.3,105.534,105.272,105.512,18791
2021-02-24 04:00:00+00:00,105.527,105.571,105.456,105.565,14959
2021-02-24 08:00:00+00:00,105.566,105.855,105.532,105.822,18319
2021-02-24 12:00:00+00:00,105.836,106.089,105.771,105.939,26829
2021-02-24 16:00:00+00:00,105.926,106.006,105.832,105.944,15300
2021-02-24 20:00:00+00:00,105.94,105.952,105.824,105.932,10491
2021-02-25 00:00:00+00:00,105.939,106.133,105.921,105.961,18662
2021-02-25 04:00:00+00:00,105.962,106.063,105.853,106.004,18200
2021-02-25 08:00:00+00:00,106.031,106.158,106.023,106.136,18650
2021-02-25 12:00:00+00:00,106.161,106.266,106.04,106.249,27973
2021-02-25 16:00:00+00:00,106.275,106.375,106.013,106.2,30928
2021-02-25 20:00:00+00:00,106.197,106.409,106.162,106.39,15324
2021-02-26 00:00:00+00:00,106.345,106.423,105.858,106.068,24195
2021-02-26 04:00:00+00:00,106.084,106.236,106.027,106.08,25487
2021-02-26 08:00:00+00:00,106.085,106.487,106.016,106.325,24419
2021-02-26 12:00:00+00:00,106.344,106.611,106.212,106.549,32671
2021-02-26 16:00:00+00:00,106.48,106.687,106.48,106.625,20252
2021-02-26 20:00:00+00:00,106.612,106.62,106.479,106.53,5995
2021-02-28 20:00:00+00:00,106.499,106.579,106.47,106.48,2686
2021-03-01 00:00:00+00:00,106.472,106.693,106.372,106.564,14993
2021-03-01 04:00:00+00:00,106.561,106.606,106.469,106.606,15681
2021-03-01 08:00:00+00:00,106.592,106.74,106.551,106.712,14863
2021-03-01 12:00:00+00:00,106.714,106.77,106.523,106.653,21395
2021-03-01 16:00:00+00:00,106.652,106.887,106.584,106.807,13513
2021-03-01 20:00:00+00:00,106.791,106.87,106.659,106.845,7979
2021-03-02 00:00:00+00:00,106.84,106.92,106.727,106.794,17893
2021-03-02 04:00:00+00:00,106.807,106.874,106.76,106.845,13747
2021-03-02 08:00:00+00:00,106.863,106.952,106.831,106.923,15021
2021-03-02 12:00:00+00:00,106.848,106.857,106.711,106.723,9894
2021-03-02 16:00:00+00:00,106.692,106.78,106.673,106.757,12491
2021-03-02 20:00:00+00:00,106.717,106.777,106.669,106.755,8413
2021-03-03 00:00:00+00:00,106.751,106.87,106.694,106.839,12823
2021-03-03 04:00:00+00:00,106.839,106.894,106.788,106.803,12249
2021-03-03 08:00:00+00:00,106.827,107.015,106.808,106.997,16053
2021-03-03 12:00:00+00:00,106.986,107.145,106.837,106.972,26214
2021-03-03 16:00:00+00:00,106.938,106.999,106.856,106.969,17116
2021-03-03 20:00:00+00:00,106.976,107.098,106.946,107.066,8776
2021-03-04 00:00:00+00:00,107.05,107.105,106.976,107.053,13759
2021-03-04 04:00:00+00:00,107.056,107.166,107.009,107.158,14141
2021-03-04 08:00:00+00:00,107.141,107.359,107.139,107.346,17131
2021-03-04 12:00:00+00:00,107.347,107.646,107.332,107.594,20570
2021-03-04 16:00:00+00:00,107.582,107.917,107.536,107.917,28690
2021-03-04 20:00:00+00:00,107.928,107.993,107.874,107.952,12915
2021-03-05 00:00:00+00:00,107.936,107.961,107.824,107.951,17781
2021-03-05 04:00:00+00:00,107.961,108.34,107.957,108.262,19247
2021-03-05 08:00:00+00:00,108.278,108.547,108.278,108.397,21791
2021-03-05 12:00:00+00:00,108.428,108.586,108.095,108.257,35458
2021-03-05 16:00:00+00:00,108.27,108.343,108.202,108.34,19804
2021-03-05 20:00:00+00:00,108.337,108.49,108.301,108.39,5001
2021-03-07 20:00:00+00:00,108.326,108.472,108.305,108.403,3840
2021-03-08 00:00:00+00:00,108.377,108.485,108.317,108.421,9601
2021-03-08 04:00:00+00:00,108.43,108.523,108.319,108.502,8212
2021-03-08 08:00:00+00:00,108.49,108.598,108.393,108.572,11644
2021-03-08 12:00:00+00:00,108.57,108.855,108.57,108.842,16046
2021-03-08 16:00:00+00:00,108.841,108.932,108.814,108.865,9078
2021-03-08 20:00:00+00:00,108.859,108.948,108.853,108.925,5490
2021-03-09 00:00:00+00:00,108.92,109.225,108.9,109.103,12650
2021-03-09 04:00:00+00:00,109.098,109.215,108.746,108.806,10681
2021-03-09 08:00:00+00:00,108.802,108.943,108.561,108.774,14658
2021-03-09 12:00:00+00:00,108.783,108.956,108.615,108.777,16227
2021-03-09 16:00:00+00:00,108.78,108.796,108.417,108.469,9830
2021-03-09 20:00:00+00:00,108.453,108.688,108.438,108.574,7568
2021-03-10 00:00:00+00:00,108.571,108.822,108.52,108.781,10337
2021-03-10 04:00:00+00:00,108.777,108.915,108.701,108.728,9421
2021-03-10 08:00:00+00:00,108.737,108.848,108.642,108.817,11083
2021-03-10 12:00:00+00:00,108.837,108.857,108.339,108.618,21361
2021-03-10 16:00:00+00:00,108.612,108.653,108.376,108.388,16774
2021-03-10 20:00:00+00:00,108.38,108.451,108.365,108.444,10128
2021-03-11 00:00:00+00:00,108.457,108.566,108.36,108.536,18478
2021-03-11 04:00:00+00:00,108.535,108.8,108.494,108.656,18845
2021-03-11 08:00:00+00:00,108.688,108.727,108.383,108.469,18923
2021-03-11 12:00:00+00:00,108.487,108.707,108.454,108.497,25095
2021-03-11 16:00:00+00:00,108.484,108.541,108.379,108.457,15312
2021-03-11 20:00:00+00:00,108.467,108.57,108.41,108.57,9286
2021-03-12 00:00:00+00:00,108.568,108.775,108.519,108.706,17636
2021-03-12 04:00:00+00:00,108.702,109.051,108.673,109.035,22951
2021-03-12 08:00:00+00:00,109.069,109.146,108.932,108.976,20706
2021-03-12 12:00:00+00:00,108.979,109.134,108.917,108.984,20675
2021-03-12 16:00:00+00:00,108.975,109.08,108.834,109.067,14898
2021-03-12 20:00:00+00:00,109.057,109.06,108.905,108.93,4060
2021-03-14 12:00:00+00:00,109.0,109.0,109.0,109.0,1
2021-03-14 20:00:00+00:00,108.99,109.139,108.95,109.115,4621
2021-03-15 00:00:00+00:00,109.113,109.175,108.924,109.123,16219
2021-03-15 04:00:00+00:00,109.125,109.352,109.114,109.19,18647
2021-03-15 08:00:00+00:00,109.152,109.188,109.005,109.176,17943
2021-03-15 12:00:00+00:00,109.186,109.245,109.082,109.129,21012
2021-03-15 16:00:00+00:00,109.114,109.182,109.033,109.103,11942
2021-03-15 20:00:00+00:00,109.096,109.161,109.088,109.123,6945
2021-03-16 00:00:00+00:00,109.12,109.237,109.12,109.161,13789
2021-03-16 04:00:00+00:00,109.155,109.275,109.11,109.258,15200
2021-03-16 08:00:00+00:00,109.284,109.284,109.037,109.042,15048
2021-03-16 12:00:00+00:00,109.028,109.072,108.777,109.009,26079
2021-03-16 16:00:00+00:00,109.014,109.032,108.925,108.984,15279
2021-03-16 20:00:00+00:00,108.98,109.052,108.96,109.025,6186
2021-03-17 00:00:00+00:00,109.026,109.162,109.014,109.092,14148
2021-03-17 04:00:00+00:00,109.09,109.19,109.078,109.159,15846
2021-03-17 08:00:00+00:00,109.159,109.206,109.031,109.185,15363
2021-03-17 12:00:00+00:00,109.184,109.275,109.133,109.216,20611
2021-03-17 16:00:00+00:00,109.215,109.315,108.749,108.879,30545
2021-03-17 20:00:00+00:00,108.881,108.914,108.7,108.899,11993
2021-03-18 00:00:00+00:00,108.909,109.11,108.715,108.867,27384
2021-03-18 04:00:00+00:00,108.868,109.285,108.819,109.207,25223
2021-03-18 08:00:00+00:00,109.225,109.225,108.968,109.066,23588
2021-03-18 12:00:00+00:00,109.053,109.217,108.971,108.971,28073
2021-03-18 16:00:00+00:00,108.958,109.061,108.82,108.876,19206
2021-03-18 20:00:00+00:00,108.882,108.971,108.86,108.932,10585
2021-03-19 00:00:00+00:00,108.939,109.097,108.874,108.874,24416
2021-03-19 04:00:00+00:00,108.871,108.933,108.724,108.749,23700
2021-03-19 08:00:00+00:00,108.73,108.921,108.606,108.82,18629
2021-03-19 12:00:00+00:00,108.783,109.041,108.781,108.846,30838
2021-03-19 16:00:00+00:00,108.841,108.905,108.838,108.89,13770
2021-03-19 20:00:00+00:00,108.881,108.925,108.85,108.919,1911
2021-03-21 20:00:00+00:00,108.589,108.926,108.566,108.872,3856
2021-03-22 00:00:00+00:00,108.881,108.949,108.699,108.762,15001
2021-03-22 04:00:00+00:00,108.775,108.83,108.656,108.689,17845
2021-03-22 08:00:00+00:00,108.686,108.771,108.619,108.701,17293
2021-03-22 12:00:00+00:00,108.704,108.85,108.663,108.669,22162
2021-03-22 16:00:00+00:00,108.665,108.805,108.665,108.792,10742
2021-03-22 20:00:00+00:00,108.808,108.855,108.776,108.776,10416
2021-03-23 00:00:00+00:00,108.771,108.868,108.705,108.705,15558
2021-03-23 04:00:00+00:00,108.707,108.778,108.68,108.767,15294
2021-03-23 08:00:00+00:00,108.775,108.798,108.411,108.526,24405
2021-03-23 12:00:00+00:00,108.518,108.711,108.497,108.606,23234
2021-03-23 16:00:00+00:00,108.622,108.757,108.572,108.581,15084
2021-03-23 20:00:00+00:00,108.557,108.635,108.501,108.518,8406
2021-03-24 00:00:00+00:00,108.546,108.635,108.453,108.535,18876
2021-03-24 04:00:00+00:00,108.54,108.652,108.472,108.6,17134
2021-03-24 08:00:00+00:00,108.593,108.753,108.579,108.651,17722
2021-03-24 12:00:00+00:00,108.645,108.936,108.64,108.819,21022
2021-03-24 16:00:00+00:00,108.816,108.817,108.661,108.683,14846
2021-03-24 20:00:00+00:00,108.677,108.782,108.668,108.782,13746
2021-03-25 00:00:00+00:00,108.803,108.981,108.803,108.897,17862
2021-03-25 04:00:00+00:00,108.906,109.075,108.906,109.075,14670
2021-03-25 08:00:00+00:00,109.094,109.162,109.032,109.091,17901
2021-03-25 12:00:00+00:00,109.089,109.185,109.028,109.131,24654
2021-03-25 16:00:00+00:00,109.131,109.231,109.08,109.113,16253
2021-03-25 20:00:00+00:00,109.109,109.219,109.109,109.178,12846
2021-03-26 00:00:00+00:00,109.166,109.296,109.138,109.24,16620
2021-03-26 04:00:00+00:00,109.245,109.348,109.212,109.324,14884
2021-03-26 08:00:00+00:00,109.345,109.756,109.335,109.756,18921
2021-03-26 12:00:00+00:00,109.765,109.84,109.552,109.556,22686
2021-03-26 16:00:00+00:00,109.558,109.692,109.53,109.624,12880
2021-03-26 20:00:00+00:00,109.64,109.695,109.591,109.599,2132
2021-03-28 16:00:00+00:00,109.703,109.748,109.703,109.74,20
2021-03-28 20:00:00+00:00,109.74,109.795,109.652,109.79,5028
2021-03-29 00:00:00+00:00,109.778,109.778,109.444,109.527,18017
2021-03-29 04:00:00+00:00,109.522,109.651,109.373,109.651,20113
2021-03-29 08:00:00+00:00,109.672,109.689,109.542,109.631,18017
2021-03-29 12:00:00+00:00,109.632,109.778,109.603,109.73,23330
2021-03-29 16:00:00+00:00,109.733,109.841,109.721,109.788,12334
2021-03-29 20:00:00+00:00,109.797,109.881,109.745,109.836,9072
2021-03-30 00:00:00+00:00,109.83,109.984,109.788,109.959,17503
2021-03-30 04:00:00+00:00,109.962,110.171,109.929,110.171,13864
2021-03-30 12:00:00+00:00,110.301,110.418,110.184,110.184,18665
2021-03-30 16:00:00+00:00,110.193,110.363,110.193,110.341,12580
2021-03-30 20:00:00+00:00,110.33,110.383,110.305,110.305,9629
2021-03-31 00:00:00+00:00,110.294,110.953,110.278,110.838,22386
2021-03-31 04:00:00+00:00,110.854,110.937,110.632,110.736,21802
2021-03-31 08:00:00+00:00,110.727,110.764,110.516,110.745,18466
2021-03-31 12:00:00+00:00,110.751,110.827,110.421,110.611,28359
2021-03-31 16:00:00+00:00,110.592,110.764,110.552,110.725,14867
2021-03-31 20:00:00+00:00,110.722,110.795,110.692,110.75,8228
2021-04-01 00:00:00+00:00,110.735,110.815,110.569,110.632,17502
2021-04-01 04:00:00+00:00,110.634,110.799,110.623,110.68,21619
2021-04-01 08:00:00+00:00,110.675,110.844,110.675,110.751,16959
2021-04-01 12:00:00+00:00,110.735,110.74,110.57,110.606,25062
2021-04-01 16:00:00+00:00,110.6,110.643,110.548,110.604,11202
2021-04-01 20:00:00+00:00,110.595,110.634,110.529,110.611,6138
2021-04-02 00:00:00+00:00,110.613,110.666,110.525,110.606,11679
2021-04-02 04:00:00+00:00,110.607,110.634,110.43,110.543,10482
2021-04-02 08:00:00+00:00,110.545,110.549,110.382,110.527,8771
2021-04-02 12:00:00+00:00,110.546,110.744,110.514,110.686,13531
2021-04-02 16:00:00+00:00,110.704,110.704,110.63,110.636,6039
2021-04-02 20:00:00+00:00,110.657,110.7,110.615,110.69,751
2021-04-04 16:00:00+00:00,110.649,110.649,110.599,110.599,2
2021-04-04 20:00:00+00:00,110.624,110.728,110.586,110.677,5435
2021-04-05 00:00:00+00:00,110.67,110.712,110.523,110.553,13139
2021-04-05 04:00:00+00:00,110.561,110.686,110.56,110.627,12223
2021-04-05 08:00:00+00:00,110.63,110.633,110.449,110.494,9946
2021-04-05 12:00:00+00:00,110.499,110.52,109.967,110.08,19514
2021-04-05 16:00:00+00:00,110.081,110.246,110.07,110.181,9751
2021-04-05 20:00:00+00:00,110.18,110.222,110.125,110.188,8195
2021-04-06 00:00:00+00:00,110.194,110.4,110.135,110.361,18503
2021-04-06 04:00:00+00:00,110.356,110.391,110.151,110.297,18828
2021-04-06 08:00:00+00:00,110.327,110.548,110.286,110.335,16251
2021-04-06 12:00:00+00:00,110.329,110.329,109.689,109.835,26806
2021-04-06 16:00:00+00:00,109.843,109.916,109.802,109.802,12103
2021-04-06 20:00:00+00:00,109.78,109.851,109.675,109.778,10537
2021-04-07 00:00:00+00:00,109.783,109.889,109.592,109.78,20900
2021-04-07 04:00:00+00:00,109.772,109.895,109.71,109.791,19595
2021-04-07 08:00:00+00:00,109.806,109.935,109.734,109.827,16653
2021-04-07 12:00:00+00:00,109.847,109.914,109.601,109.674,22861
2021-04-07 16:00:00+00:00,109.677,109.87,109.64,109.782,12240
2021-04-07 20:00:00+00:00,109.785,109.872,109.78,109.853,7660
2021-04-08 00:00:00+00:00,109.878,109.894,109.7,109.735,18488
2021-04-08 04:00:00+00:00,109.738,109.749,109.501,109.518,16456
2021-04-08 08:00:00+00:00,109.51,109.576,109.199,109.21,17170
2021-04-08 12:00:00+00:00,109.203,109.282,108.998,109.261,23806
2021-04-08 16:00:00+00:00,109.256,109.315,109.195,109.298,11289
2021-04-08 20:00:00+00:00,109.303,109.374,109.206,109.327,8490
2021-04-09 00:00:00+00:00,109.325,109.371,109.222,109.279,19343
2021-04-09 04:00:00+00:00,109.292,109.552,109.282,109.497,16411
2021-04-09 08:00:00+00:00,109.51,109.739,109.503,109.714,16573
2021-04-09 12:00:00+00:00,109.724,109.953,109.555,109.645,23014
2021-04-09 16:00:00+00:00,109.632,109.673,109.577,109.648,9631
2021-04-09 20:00:00+00:00,109.646,109.665,109.639,109.659,1560
2021-04-10 08:00:00+00:00,109.65,109.65,109.65,109.65,1
2021-04-10 12:00:00+00:00,109.63,109.65,109.63,109.65,6
2021-04-11 16:00:00+00:00,109.65,109.65,109.59,109.59,3
2021-04-11 20:00:00+00:00,109.573,109.752,109.573,109.719,2041
2021-04-12 00:00:00+00:00,109.714,109.761,109.474,109.539,18426
2021-04-12 04:00:00+00:00,109.54,109.605,109.421,109.445,16642
2021-04-12 08:00:00+00:00,109.417,109.469,109.247,109.342,15466
2021-04-12 12:00:00+00:00,109.351,109.44,109.259,109.435,16412
2021-04-12 16:00:00+00:00,109.425,109.454,109.342,109.409,9567
2021-04-12 20:00:00+00:00,109.402,109.412,109.356,109.382,5561
2021-04-13 00:00:00+00:00,109.377,109.713,109.372,109.713,18759
2021-04-13 04:00:00+00:00,109.712,109.747,109.295,109.321,18821
2021-04-13 08:00:00+00:00,109.335,109.441,109.14,109.407,20561
2021-04-13 12:00:00+00:00,109.46,109.489,109.164,109.19,25235
2021-04-13 16:00:00+00:00,109.198,109.227,109.02,109.02,11047
2021-04-13 20:00:00+00:00,109.04,109.072,108.89,108.92,7803
2021-04-14 00:00:00+00:00,108.917,108.933,108.765,108.881,19365
2021-04-14 04:00:00+00:00,108.893,109.035,108.817,108.995,17703
2021-04-14 08:00:00+00:00,109.0,109.048,108.889,108.949,16038
2021-04-14 12:00:00+00:00,108.959,109.084,108.895,108.936,20571
2021-04-14 16:00:00+00:00,108.96,108.988,108.895,108.895,10209
2021-04-14 20:00:00+00:00,108.893,108.965,108.864,108.892,7963
2021-04-15 00:00:00+00:00,108.886,108.922,108.806,108.892,16526
2021-04-15 04:00:00+00:00,108.896,108.951,108.79,108.817,14207
2021-04-15 08:00:00+00:00,108.823,108.889,108.66,108.784,14389
2021-04-15 12:00:00+00:00,108.777,108.815,108.625,108.783,23633
2021-04-15 16:00:00+00:00,108.776,108.776,108.628,108.664,10982
2021-04-15 20:00:00+00:00,108.688,108.759,108.662,108.681,7971
2021-04-16 00:00:00+00:00,108.653,108.931,108.625,108.84,18844
2021-04-16 04:00:00+00:00,108.838,108.961,108.778,108.889,15616
2021-04-16 08:00:00+00:00,108.872,108.93,108.706,108.769,15489
2021-04-16 12:00:00+00:00,108.784,108.89,108.749,108.791,17713
2021-04-16 16:00:00+00:00,108.789,108.825,108.74,108.785,7590
2021-04-16 20:00:00+00:00,108.773,108.8,108.728,108.788,1881
2021-04-17 08:00:00+00:00,108.77,108.78,108.77,108.77,11
2021-04-17 12:00:00+00:00,108.77,108.78,108.77,108.77,20
2021-04-17 16:00:00+00:00,108.78,108.78,108.77,108.77,18
2021-04-17 20:00:00+00:00,108.78,108.78,108.77,108.77,20
2021-04-18 00:00:00+00:00,108.78,108.78,108.77,108.77,18
2021-04-18 04:00:00+00:00,108.78,108.78,108.77,108.77,20
2021-04-18 08:00:00+00:00,108.78,108.78,108.77,108.77,8
2021-04-18 16:00:00+00:00,108.731,108.77,108.727,108.727,3
2021-04-18 20:00:00+00:00,108.705,108.832,108.67,108.718,2975
2021-04-19 00:00:00+00:00,108.694,108.758,108.552,108.643,19103
2021-04-19 04:00:00+00:00,108.644,108.683,108.217,108.22,19870
2021-04-19 08:00:00+00:00,108.211,108.219,108.015,108.115,22502
2021-04-19 12:00:00+00:00,108.117,108.297,108.01,108.097,20947
2021-04-19 16:00:00+00:00,108.096,108.177,108.056,108.177,9874
2021-04-19 20:00:00+00:00,108.167,108.177,108.083,108.106,7118
2021-04-20 00:00:00+00:00,108.121,108.312,107.98,108.116,20164
2021-04-20 04:00:00+00:00,108.112,108.522,108.112,108.392,20378
2021-04-20 08:00:00+00:00,108.375,108.508,108.323,108.41,17760
2021-04-20 12:00:00+00:00,108.41,108.503,108.025,108.071,21856
2021-04-20 16:00:00+00:00,108.081,108.148,108.048,108.075,9847
2021-04-20 20:00:00+00:00,108.087,108.133,108.065,108.133,8805
2021-04-21 00:00:00+00:00,108.132,108.132,107.892,107.977,18944
2021-04-21 04:00:00+00:00,107.972,108.27,107.954,108.222,16598
2021-04-21 08:00:00+00:00,108.222,108.262,108.059,108.128,14520
2021-04-21 12:00:00+00:00,108.12,108.19,107.981,108.094,19543
2021-04-21 16:00:00+00:00,108.105,108.138,108.05,108.059,9143
2021-04-21 20:00:00+00:00,108.055,108.081,108.01,108.039,7637
2021-04-22 00:00:00+00:00,108.027,108.134,107.964,108.008,15140
2021-04-22 04:00:00+00:00,108.003,108.043,107.824,107.898,17320
2021-04-22 08:00:00+00:00,107.904,108.094,107.904,108.07,13387
2021-04-22 12:00:00+00:00,108.085,108.186,107.953,108.16,22680
2021-04-22 16:00:00+00:00,108.168,108.228,108.013,108.028,15217
2021-04-22 20:00:00+00:00,108.008,108.011,107.922,107.986,10726
2021-04-23 00:00:00+00:00,107.943,107.969,107.832,107.922,15663
2021-04-23 04:00:00+00:00,107.926,107.958,107.858,107.911,14032
2021-04-23 08:00:00+00:00,107.923,107.957,107.758,107.776,13298
2021-04-23 12:00:00+00:00,107.779,108.121,107.482,107.947,25139
2021-04-23 16:00:00+00:00,107.949,107.981,107.861,107.891,9411
2021-04-23 20:00:00+00:00,107.887,107.905,107.86,107.86,2016
2021-04-24 04:00:00+00:00,107.91,107.91,107.89,107.89,4
2021-04-25 16:00:00+00:00,107.857,107.867,107.857,107.867,3
2021-04-25 20:00:00+00:00,107.888,107.958,107.857,107.874,2232
2021-04-26 00:00:00+00:00,107.881,107.921,107.686,107.717,12483
2021-04-26 04:00:00+00:00,107.708,107.848,107.652,107.712,17789
2021-04-26 08:00:00+00:00,107.715,108.019,107.654,108.011,15559
2021-04-26 12:00:00+00:00,108.002,108.187,107.9,108.127,20457
2021-04-26 16:00:00+00:00,108.117,108.171,108.088,108.125,8753
2021-04-26 20:00:00+00:00,108.12,108.197,108.048,108.194,7883
2021-04-27 00:00:00+00:00,108.188,108.382,108.101,108.272,17726
2021-04-27 04:00:00+00:00,108.272,108.352,108.166,108.328,14037
2021-04-27 08:00:00+00:00,108.334,108.421,108.209,108.228,14855
2021-04-27 12:00:00+00:00,108.243,108.569,108.224,108.569,18624
2021-04-27 16:00:00+00:00,108.57,108.746,108.57,108.733,10539
2021-04-27 20:00:00+00:00,108.736,108.775,108.658,108.75,14423
2021-04-28 00:00:00+00:00,108.738,108.943,108.738,108.863,17834
2021-04-28 04:00:00+00:00,108.852,109.07,108.82,109.016,16672
2021-04-28 08:00:00+00:00,109.0,109.01,108.844,108.895,15568
2021-04-28 12:00:00+00:00,108.89,108.985,108.712,108.808,20955
2021-04-28 16:00:00+00:00,108.802,108.974,108.586,108.586,19515
2021-04-28 20:00:00+00:00,108.59,108.627,108.495,108.503,8292
2021-04-29 00:00:00+00:00,108.505,108.666,108.438,108.621,13628
2021-04-29 04:00:00+00:00,108.639,108.887,108.562,108.887,13615
2021-04-29 08:00:00+00:00,108.891,109.048,108.841,108.978,16522
2021-04-29 12:00:00+00:00,108.985,109.219,108.859,108.949,26311
2021-04-29 16:00:00+00:00,108.953,108.953,108.807,108.887,10949
2021-04-29 20:00:00+00:00,108.888,108.943,108.863,108.905,10846
2021-04-30 00:00:00+00:00,108.915,109.052,108.712,108.828,19496
2021-04-30 04:00:00+00:00,108.825,108.888,108.74,108.886,14773
2021-04-30 08:00:00+00:00,108.883,108.946,108.75,108.918,15313
2021-04-30 12:00:00+00:00,108.895,109.333,108.888,109.332,25543
2021-04-30 16:00:00+00:00,109.333,109.341,109.26,109.285,10934
2021-04-30 20:00:00+00:00,109.29,109.337,109.171,109.171,1901
2021-05-01 04:00:00+00:00,109.27,109.27,109.211,109.211,2
2021-05-02 16:00:00+00:00,109.326,109.326,109.121,109.121,3
2021-05-02 20:00:00+00:00,109.222,109.349,109.222,109.283,1569
2021-05-03 00:00:00+00:00,109.299,109.557,109.299,109.545,14659
2021-05-03 04:00:00+00:00,109.551,109.662,109.513,109.65,14527
2021-05-03 08:00:00+00:00,109.645,109.692,109.401,109.472,13369
2021-05-03 12:00:00+00:00,109.477,109.516,108.91,109.08,23132
2021-05-03 16:00:00+00:00,109.086,109.149,109.051,109.107,10171
2021-05-03 20:00:00+00:00,109.102,109.109,109.025,109.086,6410
2021-05-04 00:00:00+00:00,109.101,109.258,109.069,109.254,11513
2021-05-04 04:00:00+00:00,109.265,109.481,109.255,109.404,13644
2021-05-04 08:00:00+00:00,109.389,109.472,109.206,109.292,16876
2021-05-04 12:00:00+00:00,109.293,109.393,109.049,109.345,28777
2021-05-04 16:00:00+00:00,109.362,109.364,109.234,109.297,12760
2021-05-04 20:00:00+00:00,109.281,109.38,109.24,109.33,6076
2021-05-05 00:00:00+00:00,109.326,109.372,109.199,109.279,12859
2021-05-05 04:00:00+00:00,109.273,109.466,109.27,109.365,15326
2021-05-05 08:00:00+00:00,109.375,109.396,109.24,109.334,14277
2021-05-05 12:00:00+00:00,109.336,109.38,109.15,109.271,22467
2021-05-05 16:00:00+00:00,109.263,109.312,109.178,109.192,9008
2021-05-05 20:00:00+00:00,109.188,109.263,109.163,109.219,11461
2021-05-06 00:00:00+00:00,109.19,109.419,109.19,109.375,21631
2021-05-06 04:00:00+00:00,109.372,109.421,109.245,109.337,17222
2021-05-06 08:00:00+00:00,109.348,109.351,109.066,109.163,18593
2021-05-06 12:00:00+00:00,109.15,109.395,109.046,109.171,25955
2021-05-06 16:00:00+00:00,109.171,109.171,108.999,109.043,9800
2021-05-06 20:00:00+00:00,109.045,109.12,109.025,109.048,7696
2021-05-07 00:00:00+00:00,109.015,109.183,108.94,109.107,19682
2021-05-07 04:00:00+00:00,109.102,109.181,109.046,109.147,15201
2021-05-07 08:00:00+00:00,109.16,109.207,109.09,109.207,12713
2021-05-07 12:00:00+00:00,109.243,109.278,108.344,108.518,38825
2021-05-07 16:00:00+00:00,108.529,108.728,108.529,108.592,12864
2021-05-07 20:00:00+00:00,108.601,108.617,108.574,108.585,1658
2021-05-08 04:00:00+00:00,108.6,108.6,108.57,108.57,2
2021-05-08 12:00:00+00:00,108.6,108.6,108.57,108.57,4
2021-05-09 16:00:00+00:00,108.568,108.571,108.558,108.571,3
2021-05-09 20:00:00+00:00,108.558,108.609,108.469,108.572,2632
2021-05-10 00:00:00+00:00,108.597,108.91,108.586,108.887,21067
2021-05-10 04:00:00+00:00,108.883,109.044,108.8,108.921,18670
2021-05-10 08:00:00+00:00,108.925,108.957,108.683,108.797,17232
2021-05-10 12:00:00+00:00,108.78,108.826,108.652,108.704,21755
2021-05-10 16:00:00+00:00,108.71,108.868,108.709,108.777,11432
2021-05-10 20:00:00+00:00,108.771,108.854,108.738,108.845,10671
2021-05-11 00:00:00+00:00,108.835,108.965,108.805,108.883,21013
2021-05-11 04:00:00+00:00,108.882,108.949,108.809,108.936,18572
2021-05-11 08:00:00+00:00,108.959,108.961,108.593,108.593,18946
2021-05-11 12:00:00+00:00,108.567,108.653,108.377,108.53,27821
2021-05-11 16:00:00+00:00,108.548,108.666,108.508,108.659,10350
2021-05-11 20:00:00+00:00,108.673,108.725,108.59,108.715,6402
2021-05-12 00:00:00+00:00,108.72,108.898,108.68,108.85,21255
2021-05-12 04:00:00+00:00,108.848,108.889,108.727,108.798,17760
2021-05-12 08:00:00+00:00,108.792,108.83,108.664,108.756,14779
2021-05-12 12:00:00+00:00,108.756,109.541,108.713,109.526,36781
2021-05-12 16:00:00+00:00,109.533,109.638,109.503,109.585,17140
2021-05-12 20:00:00+00:00,109.587,109.7,109.58,109.662,8463
2021-05-13 00:00:00+00:00,109.723,109.772,109.476,109.714,21660
2021-05-13 04:00:00+00:00,109.71,109.748,109.486,109.662,20698
2021-05-13 08:00:00+00:00,109.659,109.667,109.503,109.617,19659
2021-05-13 12:00:00+00:00,109.605,109.661,109.502,109.569,24935
2021-05-13 16:00:00+00:00,109.582,109.582,109.4,109.416,13730
2021-05-13 20:00:00+00:00,109.432,109.524,109.411,109.513,10262
2021-05-14 00:00:00+00:00,109.526,109.644,109.514,109.564,18408
2021-05-14 04:00:00+00:00,109.56,109.561,109.346,109.385,16589
2021-05-14 08:00:00+00:00,109.399,109.401,109.247,109.318,16291
2021-05-14 12:00:00+00:00,109.328,109.447,109.237,109.371,24184
2021-05-14 16:00:00+00:00,109.363,109.437,109.334,109.337,9349
2021-05-14 20:00:00+00:00,109.347,109.409,109.256,109.35,1770
2021-05-16 16:00:00+00:00,109.328,109.358,109.318,109.358,3
2021-05-16 20:00:00+00:00,109.351,109.416,109.151,109.416,1731
2021-05-17 00:00:00+00:00,109.412,109.497,109.273,109.34,20321
2021-05-17 04:00:00+00:00,109.337,109.394,109.163,109.247,17314
2021-05-17 08:00:00+00:00,109.25,109.314,109.07,109.204,15081
2021-05-17 12:00:00+00:00,109.196,109.274,109.132,109.174,19539
2021-05-17 16:00:00+00:00,109.177,109.205,109.094,109.168,8339
2021-05-17 20:00:00+00:00,109.163,109.243,109.163,109.223,5588
2021-05-18 00:00:00+00:00,109.221,109.258,109.126,109.2,2044
2021-05-18 04:00:00+00:00,109.186,109.227,108.951,108.962,14304
2021-05-18 08:00:00+00:00,108.947,109.054,108.853,108.945,17343
2021-05-18 12:00:00+00:00,108.927,109.018,108.847,109.014,21111
2021-05-18 16:00:00+00:00,109.001,109.001,108.855,108.899,9019
2021-05-18 20:00:00+00:00,108.912,108.931,108.824,108.861,7102
2021-05-19 00:00:00+00:00,108.857,109.063,108.857,108.925,19764
2021-05-19 04:00:00+00:00,108.924,109.107,108.902,109.079,18120
2021-05-19 08:00:00+00:00,109.063,109.323,109.031,109.18,19353
2021-05-19 12:00:00+00:00,109.191,109.207,108.579,108.757,30712
2021-05-19 16:00:00+00:00,108.766,109.294,108.736,109.204,20234
2021-05-19 20:00:00+00:00,109.216,109.291,109.167,109.261,10726
2021-05-20 00:00:00+00:00,109.274,109.283,109.092,109.128,23780
2021-05-20 04:00:00+00:00,109.136,109.167,108.966,108.977,16843
2021-05-20 08:00:00+00:00,108.953,109.018,108.889,108.916,17960
2021-05-20 12:00:00+00:00,108.909,109.014,108.753,108.792,21152
2021-05-20 16:00:00+00:00,108.794,108.829,108.767,108.777,10758
2021-05-20 20:00:00+00:00,108.782,108.859,108.729,108.859,7157
2021-05-21 00:00:00+00:00,108.832,108.881,108.801,108.859,18886
2021-05-21 04:00:00+00:00,108.858,108.861,108.681,108.696,18094
2021-05-21 08:00:00+00:00,108.685,108.827,108.609,108.827,16062
2021-05-21 12:00:00+00:00,108.795,108.97,108.68,108.937,23240
2021-05-21 16:00:00+00:00,108.946,108.998,108.877,108.899,9122
2021-05-21 20:00:00+00:00,108.898,108.963,108.88,108.89,1786
2021-05-24 12:00:00+00:00,108.883,108.933,108.709,108.81,15004
2021-05-24 16:00:00+00:00,108.799,108.824,108.761,108.772,8266
2021-05-24 20:00:00+00:00,108.769,108.864,108.701,108.851,8216
2021-05-25 00:00:00+00:00,108.821,108.823,108.689,108.703,21349
2021-05-25 04:00:00+00:00,108.711,108.782,108.57,108.726,17393
2021-05-25 08:00:00+00:00,108.722,108.963,108.72,108.867,18980
2021-05-25 12:00:00+00:00,108.876,109.057,108.838,108.957,22414
2021-05-25 16:00:00+00:00,108.964,109.001,108.698,108.736,12215
2021-05-25 20:00:00+00:00,108.744,108.816,108.727,108.79,8182
2021-05-26 00:00:00+00:00,108.818,108.825,108.726,108.802,21608
2021-05-26 04:00:00+00:00,108.815,108.9,108.756,108.833,17966
2021-05-26 08:00:00+00:00,108.85,108.927,108.801,108.903,14257
2021-05-26 12:00:00+00:00,108.912,109.137,108.868,109.106,21340
2021-05-26 16:00:00+00:00,109.101,109.174,109.022,109.141,12104
2021-05-26 20:00:00+00:00,109.143,109.172,109.096,109.17,9470
2021-05-27 00:00:00+00:00,109.188,109.203,109.044,109.054,18590
2021-05-27 04:00:00+00:00,109.049,109.147,109.042,109.094,17449
2021-05-27 08:00:00+00:00,109.099,109.246,109.056,109.229,17263
2021-05-27 12:00:00+00:00,109.233,109.842,109.232,109.812,28888
2021-05-27 16:00:00+00:00,109.829,109.913,109.757,109.779,12542
2021-05-27 20:00:00+00:00,109.788,109.864,109.781,109.807,6906
2021-05-28 00:00:00+00:00,109.842,109.946,109.842,109.906,18190
2021-05-28 04:00:00+00:00,109.91,109.953,109.82,109.887,17063
2021-05-28 08:00:00+00:00,109.878,110.077,109.801,110.045,16347
2021-05-28 12:00:00+00:00,110.033,110.198,109.813,109.846,26761
2021-05-28 16:00:00+00:00,109.839,109.842,109.751,109.842,12988
2021-05-28 20:00:00+00:00,109.831,109.88,109.829,109.839,1955
2021-05-30 16:00:00+00:00,109.76,109.76,109.753,109.753,2
2021-05-30 20:00:00+00:00,109.737,109.93,109.725,109.907,1666
2021-05-31 00:00:00+00:00,109.919,109.928,109.636,109.688,18806
2021-05-31 04:00:00+00:00,109.69,109.791,109.642,109.712,12520
2021-05-31 08:00:00+00:00,109.715,109.744,109.648,109.662,10938
2021-05-31 12:00:00+00:00,109.67,109.675,109.367,109.474,11565
2021-05-31 16:00:00+00:00,109.488,109.551,109.463,109.55,11780
2021-05-31 20:00:00+00:00,109.541,109.594,109.485,109.489,5928
2021-06-01 00:00:00+00:00,109.474,109.534,109.333,109.443,18000
2021-06-01 04:00:00+00:00,109.458,109.535,109.41,109.485,16045
2021-06-01 08:00:00+00:00,109.512,109.666,109.512,109.63,16085
2021-06-01 12:00:00+00:00,109.633,109.693,109.341,109.431,22407
2021-06-01 16:00:00+00:00,109.436,109.481,109.387,109.474,8650
2021-06-01 20:00:00+00:00,109.483,109.499,109.432,109.488,6399
2021-06-02 00:00:00+00:00,109.483,109.655,109.483,109.619,18699
2021-06-02 04:00:00+00:00,109.616,109.78,109.603,109.771,17785
2021-06-02 08:00:00+00:00,109.763,109.882,109.75,109.793,15899
2021-06-02 12:00:00+00:00,109.794,109.794,109.571,109.601,18623
2021-06-02 16:00:00+00:00,109.598,109.636,109.519,109.547,6951
2021-06-02 20:00:00+00:00,109.559,109.611,109.513,109.596,6843
2021-06-03 00:00:00+00:00,109.593,109.693,109.583,109.674,13883
2021-06-03 04:00:00+00:00,109.679,109.831,109.674,109.831,13914
2021-06-03 08:00:00+00:00,109.833,109.833,109.64,109.797,15569
2021-06-03 12:00:00+00:00,109.79,110.31,109.767,110.286,27284
2021-06-03 16:00:00+00:00,110.28,110.309,110.236,110.271,9667
2021-06-03 20:00:00+00:00,110.288,110.325,110.243,110.285,5620
2021-06-04 00:00:00+00:00,110.295,110.323,110.12,110.235,17915
2021-06-04 04:00:00+00:00,110.224,110.277,110.167,110.18,14923
2021-06-04 08:00:00+00:00,110.179,110.203,110.089,110.097,12452
2021-06-04 12:00:00+00:00,110.077,110.103,109.371,109.431,28991
2021-06-04 16:00:00+00:00,109.436,109.553,109.428,109.504,8513
2021-06-04 20:00:00+00:00,109.483,109.541,109.468,109.52,1550
2021-06-06 16:00:00+00:00,109.515,109.515,109.431,109.431,3
2021-06-06 20:00:00+00:00,109.439,109.627,109.439,109.617,1678
2021-06-07 00:00:00+00:00,109.632,109.632,109.471,109.562,19646
2021-06-07 04:00:00+00:00,109.561,109.591,109.379,109.423,17975
2021-06-07 08:00:00+00:00,109.431,109.487,109.251,109.302,14889
2021-06-07 12:00:00+00:00,109.302,109.351,109.185,109.26,18578
2021-06-07 16:00:00+00:00,109.258,109.297,109.224,109.245,7579
2021-06-07 20:00:00+00:00,109.262,109.278,109.231,109.274,8076
2021-06-08 00:00:00+00:00,109.288,109.429,109.205,109.417,18297
2021-06-08 04:00:00+00:00,109.405,109.527,109.389,109.524,14670
2021-06-08 08:00:00+00:00,109.506,109.553,109.396,109.405,16406
2021-06-08 12:00:00+00:00,109.407,109.503,109.277,109.468,22291
2021-06-08 16:00:00+00:00,109.475,109.514,109.45,109.472,7848
2021-06-08 20:00:00+00:00,109.467,109.514,109.461,109.462,5978
2021-06-09 00:00:00+00:00,109.488,109.488,109.406,109.48,14422
2021-06-09 04:00:00+00:00,109.48,109.497,109.332,109.451,13917
2021-06-09 08:00:00+00:00,109.414,109.498,109.36,109.386,13432
2021-06-09 12:00:00+00:00,109.376,109.638,109.233,109.617,20261
2021-06-09 16:00:00+00:00,109.615,109.653,109.55,109.62,9423
2021-06-09 20:00:00+00:00,109.624,109.654,109.598,109.61,5881
2021-06-10 00:00:00+00:00,109.651,109.652,109.52,109.546,17040
2021-06-10 04:00:00+00:00,109.546,109.577,109.45,109.552,15262
2021-06-10 08:00:00+00:00,109.534,109.558,109.456,109.506,7100
2021-06-10 12:00:00+00:00,109.598,109.783,109.43,109.495,21343
2021-06-10 16:00:00+00:00,109.491,109.497,109.315,109.315,10708
2021-06-10 20:00:00+00:00,109.327,109.409,109.305,109.394,12384
2021-06-11 00:00:00+00:00,109.353,109.454,109.348,109.401,15917
2021-06-11 04:00:00+00:00,109.4,109.466,109.31,109.427,14951
2021-06-11 08:00:00+00:00,109.422,109.576,109.411,109.557,17828
2021-06-11 12:00:00+00:00,109.57,109.836,109.555,109.751,19733
2021-06-11 16:00:00+00:00,109.747,109.765,109.65,109.658,8349
2021-06-11 20:00:00+00:00,109.652,109.685,109.62,109.646,1680
2021-06-13 16:00:00+00:00,109.603,109.603,109.596,109.598,3
2021-06-13 20:00:00+00:00,109.598,109.733,109.597,109.709,2015
2021-06-14 00:00:00+00:00,109.744,109.825,109.694,109.776,15515
2021-06-14 04:00:00+00:00,109.769,109.779,109.637,109.692,14921
2021-06-14 08:00:00+00:00,109.699,109.754,109.611,109.754,13903
2021-06-14 12:00:00+00:00,109.766,109.997,109.726,109.988,19079
2021-06-14 16:00:00+00:00,109.983,110.096,109.982,110.048,7784
2021-06-14 20:00:00+00:00,110.054,110.091,110.023,110.035,6822
2021-06-15 00:00:00+00:00,110.025,110.149,110.025,110.1,18482
2021-06-15 04:00:00+00:00,110.092,110.102,109.988,110.043,15108
2021-06-15 08:00:00+00:00,110.037,110.162,110.02,110.123,14224
2021-06-15 12:00:00+00:00,110.122,110.15,110.041,110.127,19789
2021-06-15 16:00:00+00:00,110.129,110.152,110.035,110.035,8735
2021-06-15 20:00:00+00:00,110.054,110.094,110.005,110.077,5767
2021-06-16 00:00:00+00:00,110.075,110.136,110.074,110.102,11817
2021-06-16 04:00:00+00:00,110.091,110.128,109.897,109.937,13552
2021-06-16 08:00:00+00:00,109.953,109.973,109.9,109.951,12213
2021-06-16 12:00:00+00:00,109.931,109.973,109.812,109.875,17310
2021-06-16 16:00:00+00:00,109.87,110.639,109.858,110.631,28446
2021-06-16 20:00:00+00:00,110.629,110.794,110.59,110.769,10891
2021-06-17 00:00:00+00:00,110.78,110.821,110.593,110.719,21756
2021-06-17 04:00:00+00:00,110.725,110.756,110.582,110.582,19420
2021-06-17 08:00:00+00:00,110.564,110.759,110.546,110.703,18563
2021-06-17 12:00:00+00:00,110.696,110.696,110.211,110.276,27600
2021-06-17 16:00:00+00:00,110.283,110.321,110.175,110.268,16468
2021-06-17 20:00:00+00:00,110.268,110.322,110.195,110.322,7976
2021-06-18 00:00:00+00:00,110.305,110.321,110.159,110.193,19837
2021-06-18 04:00:00+00:00,110.192,110.239,109.947,110.002,23491
2021-06-18 08:00:00+00:00,109.993,110.227,109.981,110.127,18814
2021-06-18 12:00:00+00:00,110.128,110.471,110.071,110.213,36346
2021-06-18 16:00:00+00:00,110.21,110.254,110.108,110.156,13796
2021-06-18 20:00:00+00:00,110.155,110.227,110.146,110.22,2298
2021-06-20 16:00:00+00:00,110.206,110.206,110.196,110.206,3
2021-06-20 20:00:00+00:00,110.18,110.222,110.154,110.201,2331
2021-06-21 00:00:00+00:00,110.192,110.238,109.736,109.805,29980
2021-06-21 04:00:00+00:00,109.78,110.054,109.736,110.032,21788
2021-06-21 08:00:00+00:00,110.042,110.151,109.927,110.096,19342
2021-06-21 12:00:00+00:00,110.096,110.328,110.078,110.216,23869
2021-06-21 16:00:00+00:00,110.209,110.304,110.132,110.279,11556
2021-06-21 20:00:00+00:00,110.277,110.375,110.265,110.374,8345
2021-06-22 00:00:00+00:00,110.386,110.466,110.221,110.413,18262
2021-06-22 04:00:00+00:00,110.42,110.516,110.352,110.484,17170
2021-06-22 08:00:00+00:00,110.496,110.523,110.381,110.523,13971
2021-06-22 12:00:00+00:00,110.525,110.788,110.525,110.746,21197
2021-06-22 16:00:00+00:00,110.743,110.764,110.588,110.624,11875
2021-06-22 20:00:00+00:00,110.659,110.68,110.62,110.654,6959
2021-06-23 00:00:00+00:00,110.684,110.846,110.684,110.751,17128
2021-06-23 04:00:00+00:00,110.758,110.905,110.748,110.873,16804
2021-06-23 08:00:00+00:00,110.883,111.095,110.707,110.861,17449
2021-06-23 12:00:00+00:00,110.854,110.902,110.69,110.854,21188
2021-06-23 16:00:00+00:00,110.874,111.007,110.872,110.963,10588
2021-06-23 20:00:00+00:00,110.982,111.038,110.945,111.004,13270
2021-06-24 00:00:00+00:00,110.986,111.096,110.961,111.012,19881
2021-06-24 04:00:00+00:00,111.014,111.021,110.766,110.876,17595
2021-06-24 08:00:00+00:00,110.877,110.9,110.763,110.81,15709
2021-06-24 12:00:00+00:00,110.81,110.906,110.71,110.906,19725
2021-06-24 16:00:00+00:00,110.896,110.902,110.831,110.837,9034
2021-06-24 20:00:00+00:00,110.831,110.928,110.827,110.921,7264
2021-06-25 00:00:00+00:00,110.918,110.972,110.842,110.85,15385
2021-06-25 04:00:00+00:00,110.857,110.873,110.741,110.746,15253
2021-06-25 08:00:00+00:00,110.75,110.79,110.686,110.725,12837
2021-06-25 12:00:00+00:00,110.717,110.791,110.482,110.785,23399
2021-06-25 16:00:00+00:00,110.795,110.874,110.747,110.749,9884
2021-06-25 20:00:00+00:00,110.758,110.789,110.744,110.76,1535
2021-06-27 00:00:00+00:00,110.78,110.78,110.77,110.78,7
2021-06-27 04:00:00+00:00,110.77,110.78,110.77,110.78,10
2021-06-27 08:00:00+00:00,110.77,110.78,110.77,110.78,8
2021-06-27 16:00:00+00:00,110.775,110.78,110.765,110.78,6
2021-06-27 20:00:00+00:00,110.696,110.834,110.696,110.804,2066
2021-06-28 00:00:00+00:00,110.818,110.818,110.661,110.664,10181
2021-06-28 12:00:00+00:00,110.775,110.775,110.513,110.514,11013
2021-06-28 16:00:00+00:00,110.507,110.606,110.498,110.603,9779
2021-06-28 20:00:00+00:00,110.6,110.648,110.569,110.604,6439
2021-06-29 00:00:00+00:00,110.576,110.638,110.456,110.515,17948
2021-06-29 04:00:00+00:00,110.517,110.69,110.512,110.69,15779
2021-06-29 08:00:00+00:00,110.687,110.746,110.506,110.604,16291
2021-06-29 12:00:00+00:00,110.61,110.718,110.442,110.54,22530
2021-06-29 16:00:00+00:00,110.532,110.556,110.489,110.54,7592
2021-06-29 20:00:00+00:00,110.54,110.569,110.495,110.533,9366
2021-06-30 00:00:00+00:00,110.529,110.591,110.447,110.483,16960
2021-06-30 04:00:00+00:00,110.482,110.572,110.449,110.541,16529
2021-06-30 08:00:00+00:00,110.541,110.559,110.433,110.522,16169
2021-06-30 12:00:00+00:00,110.525,111.065,110.525,111.041,25676
2021-06-30 16:00:00+00:00,111.06,111.118,111.002,111.079,11282
2021-06-30 20:00:00+00:00,111.08,111.137,111.06,111.124,7491
2021-07-01 00:00:00+00:00,111.129,111.162,111.026,111.092,15470
2021-07-01 04:00:00+00:00,111.091,111.273,111.083,111.272,14928
2021-07-01 08:00:00+00:00,111.271,111.622,111.271,111.466,19810
2021-07-01 12:00:00+00:00,111.483,111.605,111.34,111.559,22192
2021-07-01 16:00:00+00:00,111.57,111.634,111.531,111.552,9382
2021-07-01 20:00:00+00:00,111.546,111.583,111.51,111.573,5199
2021-07-02 00:00:00+00:00,111.583,111.648,111.557,111.576,16886
2021-07-02 04:00:00+00:00,111.565,111.656,111.556,111.573,12973
2021-07-02 08:00:00+00:00,111.569,111.581,111.38,111.443,14556
2021-07-02 12:00:00+00:00,111.43,111.532,111.152,111.291,29775
2021-07-02 16:00:00+00:00,111.294,111.299,110.952,111.029,10884
2021-07-02 20:00:00+00:00,111.02,111.04,110.957,111.04,1523
2021-07-03 08:00:00+00:00,111.02,111.02,111.02,111.02,1
2021-07-04 16:00:00+00:00,111.011,111.011,110.925,110.925,3
2021-07-04 20:00:00+00:00,110.936,111.153,110.936,111.135,2836
2021-07-05 00:00:00+00:00,111.138,111.181,111.053,111.115,13096
2021-07-05 04:00:00+00:00,111.123,111.141,110.899,110.911,11814
2021-07-05 08:00:00+00:00,110.87,110.916,110.798,110.84,12683
2021-07-05 12:00:00+00:00,110.844,110.979,110.844,110.904,10949
2021-07-05 16:00:00+00:00,110.901,110.965,110.851,110.951,21929
2021-07-05 20:00:00+00:00,110.959,110.982,110.881,110.917,9238
2021-07-06 00:00:00+00:00,110.907,110.907,110.792,110.841,15065
2021-07-06 04:00:00+00:00,110.844,110.912,110.75,110.774,17900
2021-07-06 08:00:00+00:00,110.759,110.851,110.607,110.652,17459
2021-07-06 12:00:00+00:00,110.635,110.797,110.529,110.655,28345
2021-07-06 16:00:00+00:00,110.674,110.682,110.602,110.631,11007
2021-07-06 20:00:00+00:00,110.636,110.664,110.57,110.599,10244
2021-07-07 00:00:00+00:00,110.571,110.618,110.402,110.598,19986
2021-07-07 04:00:00+00:00,110.597,110.739,110.484,110.633,18278
2021-07-07 08:00:00+00:00,110.658,110.807,110.653,110.682,15482
2021-07-07 12:00:00+00:00,110.682,110.797,110.522,110.622,26615
2021-07-07 16:00:00+00:00,110.612,110.723,110.553,110.605,13847
2021-07-07 20:00:00+00:00,110.612,110.704,110.584,110.635,7304
2021-07-08 00:00:00+00:00,110.622,110.622,110.447,110.568,20288
2021-07-08 04:00:00+00:00,110.555,110.559,109.773,109.786,28859
2021-07-08 08:00:00+00:00,109.817,110.041,109.718,109.748,27734
2021-07-08 12:00:00+00:00,109.735,109.844,109.535,109.816,30995
2021-07-08 16:00:00+00:00,109.818,109.866,109.775,109.776,11360
2021-07-08 20:00:00+00:00,109.775,109.839,109.732,109.801,7522
2021-07-09 00:00:00+00:00,109.788,109.96,109.767,109.889,21812
2021-07-09 04:00:00+00:00,109.888,110.128,109.876,110.014,22401
2021-07-09 08:00:00+00:00,110.02,110.138,109.892,110.055,19740
2021-07-09 12:00:00+00:00,110.059,110.249,109.944,110.18,21092
2021-07-09 16:00:00+00:00,110.192,110.216,110.109,110.112,8336
2021-07-09 20:00:00+00:00,110.11,110.142,110.07,110.07,1635
2021-07-10 08:00:00+00:00,110.14,110.14,110.09,110.09,4
2021-07-11 16:00:00+00:00,110.084,110.084,110.084,110.084,1
2021-07-11 20:00:00+00:00,110.106,110.233,110.085,110.221,857
2021-07-12 00:00:00+00:00,110.215,110.23,110.067,110.138,2715
2021-07-12 04:00:00+00:00,110.131,110.258,110.131,110.156,3096
2021-07-12 08:00:00+00:00,110.005,110.264,110.002,110.206,11926
2021-07-12 12:00:00+00:00,110.185,110.382,110.107,110.356,19208
2021-07-12 16:00:00+00:00,110.367,110.398,110.313,110.337,7949
2021-07-12 20:00:00+00:00,110.338,110.381,110.305,110.324,8466
2021-07-13 00:00:00+00:00,110.328,110.435,110.291,110.369,15280
2021-07-13 04:00:00+00:00,110.371,110.444,110.32,110.376,13767
2021-07-13 08:00:00+00:00,110.378,110.414,110.204,110.217,13431
2021-07-13 12:00:00+00:00,110.215,110.55,110.205,110.363,29509
2021-07-13 16:00:00+00:00,110.368,110.644,110.36,110.603,11414
2021-07-13 20:00:00+00:00,110.599,110.642,110.584,110.595,9522
2021-07-14 00:00:00+00:00,110.594,110.694,110.476,110.5,18041
2021-07-14 04:00:00+00:00,110.499,110.534,110.416,110.503,15505
2021-07-14 08:00:00+00:00,110.528,110.528,110.447,110.461,13499
2021-07-14 12:00:00+00:00,110.452,110.452,109.985,110.037,28890
2021-07-14 16:00:00+00:00,110.033,110.048,109.957,109.972,10270
2021-07-14 20:00:00+00:00,109.964,110.021,109.93,109.993,10007
2021-07-15 00:00:00+00:00,109.991,109.991,109.819,109.855,20639
2021-07-15 04:00:00+00:00,109.853,109.891,109.755,109.766,16023
2021-07-15 08:00:00+00:00,109.771,110.03,109.716,109.993,17948
2021-07-15 12:00:00+00:00,109.992,110.081,109.852,110.054,22850
2021-07-15 16:00:00+00:00,110.056,110.059,109.779,109.78,11666
2021-07-15 20:00:00+00:00,109.786,109.853,109.767,109.778,7040
2021-07-16 00:00:00+00:00,109.762,110.056,109.73,109.952,19156
2021-07-16 04:00:00+00:00,109.947,110.195,109.937,110.156,17050
2021-07-16 08:00:00+00:00,110.135,110.235,110.062,110.192,16284
2021-07-16 12:00:00+00:00,110.205,110.336,110.091,110.126,24785
2021-07-16 16:00:00+00:00,110.134,110.139,110.033,110.055,8673
2021-07-16 20:00:00+00:00,110.051,110.082,110.032,110.075,1622
2021-07-17 08:00:00+00:00,110.08,110.08,110.03,110.03,4
2021-07-18 16:00:00+00:00,110.064,110.064,109.981,109.981,2
2021-07-18 20:00:00+00:00,109.998,110.095,109.849,109.874,2908
2021-07-19 00:00:00+00:00,109.903,109.961,109.846,109.948,17449
2021-07-19 04:00:00+00:00,109.946,110.024,109.799,109.843,17649
2021-07-19 08:00:00+00:00,109.866,109.891,109.616,109.664,24563
2021-07-19 12:00:00+00:00,109.658,109.661,109.072,109.461,33367
2021-07-19 16:00:00+00:00,109.447,109.502,109.343,109.479,12723
2021-07-19 20:00:00+00:00,109.488,109.558,109.397,109.527,7897
2021-07-20 00:00:00+00:00,109.549,109.596,109.373,109.431,22896
2021-07-20 04:00:00+00:00,109.43,109.69,109.375,109.627,21634
2021-07-20 08:00:00+00:00,109.608,109.723,109.334,109.592,23699
2021-07-20 12:00:00+00:00,109.586,109.955,109.382,109.916,32499
2021-07-20 16:00:00+00:00,109.927,109.927,109.807,109.822,11629
2021-07-20 20:00:00+00:00,109.821,109.929,109.82,109.918,9588
2021-07-21 00:00:00+00:00,109.926,109.979,109.861,109.891,19226
2021-07-21 04:00:00+00:00,109.892,110.126,109.807,110.081,20100
2021-07-21 08:00:00+00:00,110.079,110.161,110.005,110.078,21206
2021-07-21 12:00:00+00:00,110.104,110.387,110.097,110.217,23917
2021-07-21 16:00:00+00:00,110.232,110.335,110.225,110.262,10778
2021-07-21 20:00:00+00:00,110.263,110.3,110.246,110.246,9890
2021-07-22 00:00:00+00:00,110.243,110.25,110.086,110.125,11647
2021-07-22 04:00:00+00:00,110.118,110.266,110.074,110.229,14623
2021-07-22 08:00:00+00:00,110.255,110.348,110.209,110.27,19254
2021-07-22 12:00:00+00:00,110.257,110.257,110.023,110.116,30253
2021-07-22 16:00:00+00:00,110.112,110.219,110.063,110.141,11225
2021-07-22 20:00:00+00:00,110.144,110.192,110.087,110.14,6108
2021-07-23 00:00:00+00:00,110.129,110.295,110.115,110.272,11452
2021-07-23 04:00:00+00:00,110.263,110.393,110.246,110.332,15935
2021-07-23 08:00:00+00:00,110.323,110.567,110.317,110.525,18923
2021-07-23 12:00:00+00:00,110.527,110.583,110.406,110.515,21205
2021-07-23 16:00:00+00:00,110.511,110.558,110.488,110.544,8094
2021-07-23 20:00:00+00:00,110.549,110.557,110.485,110.485,1556
2021-07-24 04:00:00+00:00,110.54,110.54,110.525,110.525,4
2021-07-24 08:00:00+00:00,110.54,110.54,110.525,110.525,2
2021-07-25 16:00:00+00:00,110.535,110.535,110.36,110.467,5
2021-07-25 20:00:00+00:00,110.437,110.561,110.437,110.546,2300
2021-07-26 00:00:00+00:00,110.543,110.578,110.321,110.322,18008
2021-07-26 04:00:00+00:00,110.322,110.364,110.125,110.207,18142
2021-07-26 08:00:00+00:00,110.207,110.326,110.153,110.283,19369
2021-07-26 12:00:00+00:00,110.266,110.408,110.168,110.311,23298
2021-07-26 16:00:00+00:00,110.317,110.408,110.293,110.374,7739
2021-07-26 20:00:00+00:00,110.377,110.394,110.302,110.304,6730
2021-07-27 00:00:00+00:00,110.307,110.319,110.171,110.194,18896
2021-07-27 04:00:00+00:00,110.194,110.247,109.988,110.087,21101
2021-07-27 08:00:00+00:00,110.066,110.17,110.028,110.127,18575
2021-07-27 12:00:00+00:00,110.111,110.119,109.631,109.642,28332
2021-07-27 16:00:00+00:00,109.624,109.753,109.595,109.713,12336
2021-07-27 20:00:00+00:00,109.712,109.809,109.708,109.806,7414
2021-07-28 00:00:00+00:00,109.787,109.909,109.75,109.797,18521
2021-07-28 04:00:00+00:00,109.798,109.956,109.746,109.956,16863
2021-07-28 08:00:00+00:00,109.955,110.103,109.882,110.076,18860
2021-07-28 12:00:00+00:00,110.087,110.216,110.05,110.063,22718
2021-07-28 16:00:00+00:00,110.061,110.255,109.845,109.862,26153
2021-07-28 20:00:00+00:00,109.87,109.943,109.852,109.891,10432
2021-07-29 00:00:00+00:00,109.869,109.869,109.694,109.786,20399
2021-07-29 04:00:00+00:00,109.781,109.885,109.683,109.856,19193
2021-07-29 08:00:00+00:00,109.87,109.879,109.728,109.838,17091
2021-07-29 12:00:00+00:00,109.831,109.886,109.471,109.541,26336
2021-07-29 16:00:00+00:00,109.571,109.592,109.4,109.452,10601
2021-07-29 20:00:00+00:00,109.455,109.487,109.403,109.409,9019
2021-07-30 00:00:00+00:00,109.389,109.587,109.368,109.521,20851
2021-07-30 04:00:00+00:00,109.52,109.616,109.482,109.524,17294
2021-07-30 08:00:00+00:00,109.523,109.662,109.484,109.658,16282
2021-07-30 12:00:00+00:00,109.672,109.793,109.621,109.71,23613
2021-07-30 16:00:00+00:00,109.704,109.824,109.694,109.705,9409
2021-07-30 20:00:00+00:00,109.713,109.72,109.662,109.67,2424
2021-08-01 16:00:00+00:00,109.678,109.678,109.563,109.563,2
2021-08-01 20:00:00+00:00,109.616,109.766,109.365,109.706,2035
2021-08-02 00:00:00+00:00,109.694,109.744,109.603,109.671,17449
2021-08-02 04:00:00+00:00,109.672,109.741,109.625,109.678,15248
2021-08-02 08:00:00+00:00,109.68,109.697,109.5,109.503,14507
2021-08-02 12:00:00+00:00,109.499,109.541,109.196,109.235,23520
2021-08-02 16:00:00+00:00,109.224,109.374,109.192,109.301,9531
2021-08-02 20:00:00+00:00,109.302,109.349,109.266,109.266,11370
2021-08-03 00:00:00+00:00,109.272,109.331,109.189,109.252,16170
2021-08-03 04:00:00+00:00,109.243,109.243,109.09,109.212,20518
2021-08-03 08:00:00+00:00,109.216,109.245,109.122,109.171,15333
2021-08-03 12:00:00+00:00,109.174,109.174,108.879,109.096,26049
2021-08-03 16:00:00+00:00,109.094,109.149,109.046,109.048,7399
2021-08-03 20:00:00+00:00,109.057,109.079,108.98,108.991,6724
2021-08-04 00:00:00+00:00,108.986,109.109,108.925,109.05,15919
2021-08-04 04:00:00+00:00,109.055,109.138,109.026,109.1,12986
2021-08-04 08:00:00+00:00,109.104,109.226,109.014,109.039,14776
2021-08-04 12:00:00+00:00,109.017,109.646,108.729,109.427,35233
2021-08-04 16:00:00+00:00,109.458,109.544,109.435,109.465,12564
2021-08-04 20:00:00+00:00,109.464,109.533,109.413,109.533,9902
2021-08-05 00:00:00+00:00,109.522,109.715,109.513,109.672,17010
2021-08-05 04:00:00+00:00,109.667,109.745,109.556,109.568,18136
2021-08-05 08:00:00+00:00,109.561,109.666,109.405,109.422,18475
2021-08-05 12:00:00+00:00,109.436,109.774,109.434,109.758,25441
2021-08-05 16:00:00+00:00,109.753,109.784,109.69,109.755,9576
2021-08-05 20:00:00+00:00,109.753,109.784,109.745,109.749,8485
2021-08-06 00:00:00+00:00,109.751,109.881,109.751,109.856,14298
2021-08-06 04:00:00+00:00,109.855,109.865,109.699,109.719,15363
2021-08-06 08:00:00+00:00,109.728,109.839,109.718,109.785,13656
2021-08-06 12:00:00+00:00,109.796,110.345,109.785,110.237,31901
2021-08-06 16:00:00+00:00,110.236,110.282,110.193,110.217,8376
2021-08-06 20:00:00+00:00,110.224,110.246,110.208,110.216,1849
2021-08-07 16:00:00+00:00,110.21,110.21,110.2,110.21,3
2021-08-07 20:00:00+00:00,110.2,110.21,110.2,110.2,11
2021-08-08 00:00:00+00:00,110.21,110.21,110.2,110.2,6
2021-08-08 16:00:00+00:00,110.146,110.272,110.146,110.272,2
2021-08-08 20:00:00+00:00,110.303,110.303,110.15,110.261,3440
2021-08-09 00:00:00+00:00,110.264,110.311,110.19,110.213,11707
2021-08-09 04:00:00+00:00,110.215,110.23,110.107,110.187,13141
2021-08-09 08:00:00+00:00,110.189,110.229,110.05,110.099,16697
2021-08-09 12:00:00+00:00,110.114,110.304,110.028,110.256,22018
2021-08-09 16:00:00+00:00,110.262,110.327,110.229,110.327,9291
2021-08-09 20:00:00+00:00,110.328,110.349,110.275,110.318,8958
2021-08-10 00:00:00+00:00,110.311,110.393,110.303,110.336,14524
2021-08-10 04:00:00+00:00,110.327,110.464,110.312,110.439,15204
2021-08-10 08:00:00+00:00,110.447,110.541,110.439,110.484,14590
2021-08-10 12:00:00+00:00,110.498,110.586,110.41,110.55,20463
2021-08-10 16:00:00+00:00,110.564,110.596,110.543,110.563,7280
2021-08-10 20:00:00+00:00,110.569,110.598,110.517,110.598,11901
2021-08-11 00:00:00+00:00,110.599,110.683,110.599,110.642,12540
2021-08-11 04:00:00+00:00,110.644,110.776,110.632,110.747,13725
2021-08-11 08:00:00+00:00,110.751,110.797,110.679,110.698,12502
2021-08-11 12:00:00+00:00,110.702,110.702,110.394,110.462,27339
2021-08-11 16:00:00+00:00,110.458,110.489,110.319,110.414,12357
2021-08-11 20:00:00+00:00,110.411,110.444,110.359,110.375,10627
2021-08-12 00:00:00+00:00,110.365,110.428,110.316,110.351,14000
2021-08-12 04:00:00+00:00,110.358,110.472,110.353,110.383,15848
2021-08-12 08:00:00+00:00,110.377,110.45,110.349,110.433,12277
2021-08-12 12:00:00+00:00,110.439,110.525,110.328,110.362,18890
2021-08-12 16:00:00+00:00,110.362,110.472,110.354,110.41,9321
2021-08-12 20:00:00+00:00,110.412,110.453,110.366,110.394,8017
2021-08-13 00:00:00+00:00,110.412,110.455,110.376,110.407,12937
2021-08-13 04:00:00+00:00,110.407,110.417,110.26,110.292,12809
2021-08-13 08:00:00+00:00,110.298,110.326,110.205,110.234,12189
2021-08-13 12:00:00+00:00,110.225,110.24,109.735,109.75,21287
2021-08-13 16:00:00+00:00,109.758,109.767,109.541,109.556,10342
2021-08-13 20:00:00+00:00,109.554,109.609,109.499,109.57,2030
2021-08-15 16:00:00+00:00,109.593,109.593,109.583,109.583,3
2021-08-15 20:00:00+00:00,109.563,109.736,109.563,109.624,2545
2021-08-16 00:00:00+00:00,109.594,109.594,109.33,109.38,17631
2021-08-16 04:00:00+00:00,109.385,109.451,109.302,109.411,16495
2021-08-16 08:00:00+00:00,109.409,109.438,109.266,109.384,16356
2021-08-16 12:00:00+00:00,109.367,109.423,109.113,109.266,24909
2021-08-16 16:00:00+00:00,109.274,109.275,109.18,109.234,7354
2021-08-16 20:00:00+00:00,109.244,109.33,109.22,109.297,9192
2021-08-17 00:00:00+00:00,109.292,109.322,109.202,109.303,21319
2021-08-17 04:00:00+00:00,109.305,109.353,109.138,109.326,22181
2021-08-17 08:00:00+00:00,109.39,109.425,109.207,109.296,16420
2021-08-17 12:00:00+00:00,109.303,109.647,109.211,109.605,26085
2021-08-17 16:00:00+00:00,109.604,109.604,109.472,109.583,9638
2021-08-17 20:00:00+00:00,109.581,109.61,109.509,109.539,10208
2021-08-18 00:00:00+00:00,109.541,109.644,109.483,109.642,22910
2021-08-18 04:00:00+00:00,109.63,109.681,109.542,109.614,18654
2021-08-18 08:00:00+00:00,109.612,109.808,109.578,109.741,15467
2021-08-18 12:00:00+00:00,109.763,109.944,109.725,109.913,20695
2021-08-18 16:00:00+00:00,109.918,110.052,109.773,109.773,17083
2021-08-18 20:00:00+00:00,109.779,109.846,109.746,109.839,10527
2021-08-19 00:00:00+00:00,109.852,110.21,109.852,110.167,25056
2021-08-19 04:00:00+00:00,110.174,110.19,109.759,109.792,27660
2021-08-19 08:00:00+00:00,109.766,109.783,109.492,109.571,24517
2021-08-19 12:00:00+00:00,109.526,109.83,109.526,109.748,27461
2021-08-19 16:00:00+00:00,109.765,109.828,109.756,109.785,10020
2021-08-19 20:00:00+00:00,109.789,109.801,109.735,109.77,8196
2021-08-20 00:00:00+00:00,109.783,109.878,109.638,109.75,25110
2021-08-20 04:00:00+00:00,109.755,109.763,109.57,109.615,24596
2021-08-20 08:00:00+00:00,109.621,109.743,109.593,109.692,16643
2021-08-20 12:00:00+00:00,109.689,109.869,109.654,109.768,20857
2021-08-20 16:00:00+00:00,109.764,109.848,109.747,109.778,7676
2021-08-20 20:00:00+00:00,109.769,109.804,109.571,109.77,2546
2021-08-21 08:00:00+00:00,109.8,109.8,109.78,109.78,2
2021-08-22 04:00:00+00:00,109.8,109.8,109.8,109.8,1
2021-08-22 08:00:00+00:00,109.78,109.8,109.78,109.8,2
2021-08-22 16:00:00+00:00,109.76,109.76,109.643,109.643,3
2021-08-22 20:00:00+00:00,109.683,109.876,109.64,109.84,2869
2021-08-23 00:00:00+00:00,109.864,109.925,109.805,109.858,21463
2021-08-23 04:00:00+00:00,109.867,109.986,109.838,109.9,20138
2021-08-23 08:00:00+00:00,109.916,110.144,109.897,110.132,15260
2021-08-23 12:00:00+00:00,110.131,110.133,109.73,109.781,23302
2021-08-23 16:00:00+00:00,109.779,109.805,109.647,109.668,8196
2021-08-23 20:00:00+00:00,109.671,109.71,109.649,109.674,12715
2021-08-24 00:00:00+00:00,109.672,109.77,109.638,109.758,18362
2021-08-24 04:00:00+00:00,109.76,109.874,109.737,109.771,18114
2021-08-24 08:00:00+00:00,109.759,109.795,109.634,109.7,13920
2021-08-24 12:00:00+00:00,109.708,109.721,109.419,109.68,23005
2021-08-24 16:00:00+00:00,109.697,109.73,109.641,109.648,8486
2021-08-24 20:00:00+00:00,109.665,109.731,109.615,109.731,9548
2021-08-25 00:00:00+00:00,109.741,109.868,109.732,109.774,20916
2021-08-25 04:00:00+00:00,109.767,109.814,109.685,109.749,17422
2021-08-25 08:00:00+00:00,109.753,109.932,109.728,109.893,14916
2021-08-25 12:00:00+00:00,109.872,110.1,109.872,110.037,22972
2021-08-25 16:00:00+00:00,110.038,110.123,109.973,109.991,9432
2021-08-25 20:00:00+00:00,110.002,110.046,109.95,109.976,10971
2021-08-26 00:00:00+00:00,110.0,110.1,109.926,109.932,14211
2021-08-26 04:00:00+00:00,109.931,110.22,109.931,110.163,16302
2021-08-26 08:00:00+00:00,110.171,110.22,110.034,110.112,14207
2021-08-26 12:00:00+00:00,110.094,110.218,109.959,110.079,28609
2021-08-26 16:00:00+00:00,110.088,110.158,110.0,110.02,10758
2021-08-26 20:00:00+00:00,110.035,110.082,110.023,110.047,7827
2021-08-27 00:00:00+00:00,110.038,110.074,109.958,109.971,15586
2021-08-27 04:00:00+00:00,109.976,110.112,109.894,110.104,15221
2021-08-27 08:00:00+00:00,110.099,110.186,110.072,110.145,12264
2021-08-27 12:00:00+00:00,110.134,110.26,109.836,109.837,32646
2021-08-27 16:00:00+00:00,109.836,109.866,109.778,109.818,10386
2021-08-27 20:00:00+00:00,109.827,109.853,109.734,109.774,1864
2021-08-29 16:00:00+00:00,109.84,109.84,109.83,109.83,2
2021-08-29 20:00:00+00:00,109.782,109.875,109.782,109.865,1670
2021-08-30 00:00:00+00:00,109.841,109.865,109.705,109.765,15131
2021-08-30 04:00:00+00:00,109.773,109.845,109.722,109.806,11137
2021-08-30 08:00:00+00:00,109.812,109.888,109.802,109.871,9714
2021-08-30 12:00:00+00:00,109.881,109.96,109.84,109.903,15719
2021-08-30 16:00:00+00:00,109.91,109.927,109.866,109.884,5846
2021-08-30 20:00:00+00:00,109.895,109.977,109.882,109.944,7690
2021-08-31 00:00:00+00:00,109.946,109.952,109.83,109.864,15467
2021-08-31 04:00:00+00:00,109.875,109.905,109.778,109.812,16763
2021-08-31 08:00:00+00:00,109.83,109.953,109.826,109.846,16342
2021-08-31 12:00:00+00:00,109.836,110.067,109.603,110.052,30416
2021-08-31 16:00:00+00:00,110.046,110.064,109.928,110.01,11415
2021-08-31 20:00:00+00:00,110.012,110.061,109.984,110.056,12110
2021-09-01 00:00:00+00:00,110.062,110.233,110.058,110.176,17862
2021-09-01 04:00:00+00:00,110.172,110.41,110.166,110.397,18854
2021-09-01 08:00:00+00:00,110.38,110.386,110.273,110.371,12716
2021-09-01 12:00:00+00:00,110.368,110.382,109.883,110.029,26945
2021-09-01 16:00:00+00:00,110.024,110.046,109.928,110.012,9205
2021-09-01 20:00:00+00:00,110.013,110.096,109.982,110.096,9911
2021-09-02 00:00:00+00:00,110.106,110.106,109.93,110.005,14500
2021-09-02 04:00:00+00:00,110.002,110.07,109.946,110.0,13322
2021-09-02 08:00:00+00:00,109.991,110.033,109.956,109.996,11962
2021-09-02 12:00:00+00:00,110.004,110.082,109.954,110.015,18793
2021-09-02 16:00:00+00:00,110.009,110.029,109.926,109.933,6838
2021-09-02 20:00:00+00:00,109.939,109.959,109.9,109.945,11302
2021-09-03 00:00:00+00:00,109.946,110.067,109.826,110.014,19303
2021-09-03 04:00:00+00:00,110.013,110.05,109.94,110.027,14926
2021-09-03 08:00:00+00:00,110.018,110.018,109.904,109.947,11335
2021-09-03 12:00:00+00:00,109.957,109.964,109.602,109.648,30966
2021-09-03 16:00:00+00:00,109.648,109.688,109.603,109.688,7573
2021-09-03 20:00:00+00:00,109.693,109.738,109.687,109.689,1593
2021-09-05 16:00:00+00:00,109.681,109.681,109.623,109.623,3
2021-09-05 20:00:00+00:00,109.666,109.778,109.657,109.778,1806
2021-09-06 00:00:00+00:00,109.762,109.835,109.749,109.827,12448
2021-09-06 04:00:00+00:00,109.835,109.931,109.775,109.899,12281
2021-09-06 08:00:00+00:00,109.878,109.923,109.844,109.852,9721
2021-09-06 12:00:00+00:00,109.856,109.868,109.823,109.842,9618
2021-09-06 16:00:00+00:00,109.848,109.862,109.835,109.847,13266
2021-09-06 20:00:00+00:00,109.845,109.865,109.813,109.82,12627
2021-09-07 00:00:00+00:00,109.819,109.835,109.688,109.798,15338
2021-09-07 04:00:00+00:00,109.811,109.954,109.774,109.896,18392
2021-09-07 08:00:00+00:00,109.909,110.043,109.909,110.022,16474
2021-09-07 12:00:00+00:00,110.035,110.25,110.027,110.172,20442
2021-09-07 16:00:00+00:00,110.181,110.312,110.139,110.286,9110
2021-09-07 20:00:00+00:00,110.281,110.313,110.256,110.298,15294
2021-09-08 00:00:00+00:00,110.288,110.329,110.254,110.289,12818
2021-09-08 04:00:00+00:00,110.292,110.438,110.177,110.24,16803
2021-09-08 08:00:00+00:00,110.243,110.312,110.148,110.294,15187
2021-09-08 12:00:00+00:00,110.283,110.391,110.14,110.323,21277
2021-09-08 16:00:00+00:00,110.329,110.338,110.167,110.251,9716
2021-09-08 20:00:00+00:00,110.263,110.281,110.211,110.218,7537
2021-09-09 00:00:00+00:00,110.22,110.269,110.107,110.192,15053
2021-09-09 04:00:00+00:00,110.188,110.202,109.909,109.95,15941
2021-09-09 08:00:00+00:00,109.935,109.945,109.852,109.862,15460
2021-09-09 12:00:00+00:00,109.871,109.948,109.753,109.76,22710
2021-09-09 16:00:00+00:00,109.765,109.78,109.617,109.694,11169
2021-09-09 20:00:00+00:00,109.71,109.802,109.655,109.773,11066
2021-09-10 00:00:00+00:00,109.764,109.867,109.7,109.867,16816
2021-09-10 04:00:00+00:00,109.874,109.984,109.84,109.947,15218
2021-09-10 08:00:00+00:00,109.945,109.976,109.85,109.85,12385
2021-09-10 12:00:00+00:00,109.867,109.939,109.798,109.933,19649
2021-09-10 16:00:00+00:00,109.94,109.94,109.852,109.857,7687
2021-09-10 20:00:00+00:00,109.858,109.91,109.818,109.89,1883
2021-09-12 16:00:00+00:00,109.896,109.896,109.886,109.886,3
2021-09-12 20:00:00+00:00,109.843,109.922,109.804,109.914,2180
2021-09-13 12:00:00+00:00,110.001,110.006,109.9,109.953,11818
2021-09-13 16:00:00+00:00,109.945,110.028,109.938,110.008,8261
2021-09-13 20:00:00+00:00,110.008,110.031,109.969,109.994,6251
2021-09-14 00:00:00+00:00,109.991,110.104,109.965,110.061,15029
2021-09-14 04:00:00+00:00,110.064,110.091,109.953,110.006,13983
2021-09-14 08:00:00+00:00,110.01,110.144,109.992,110.115,12283
2021-09-14 12:00:00+00:00,110.112,110.125,109.618,109.654,27616
2021-09-14 16:00:00+00:00,109.669,109.698,109.533,109.645,9682
2021-09-14 20:00:00+00:00,109.663,109.739,109.644,109.712,8576
2021-09-15 00:00:00+00:00,109.717,109.717,109.547,109.6,16759
2021-09-15 04:00:00+00:00,109.613,109.636,109.423,109.438,17207
2021-09-15 08:00:00+00:00,109.434,109.454,109.222,109.229,15577
2021-09-15 12:00:00+00:00,109.223,109.403,109.114,109.401,24578
2021-09-15 16:00:00+00:00,109.397,109.45,109.351,109.358,7808
2021-09-15 20:00:00+00:00,109.348,109.383,109.314,109.383,10956
2021-09-16 00:00:00+00:00,109.392,109.452,109.228,109.293,15218
2021-09-16 04:00:00+00:00,109.292,109.364,109.212,109.354,17363
2021-09-16 08:00:00+00:00,109.346,109.431,109.318,109.397,14528
2021-09-16 12:00:00+00:00,109.396,109.824,109.366,109.672,23397
2021-09-16 16:00:00+00:00,109.672,109.736,109.659,109.703,7387
2021-09-16 20:00:00+00:00,109.701,109.746,109.679,109.71,8367
2021-09-17 00:00:00+00:00,109.686,109.907,109.668,109.84,16547
2021-09-17 04:00:00+00:00,109.843,109.95,109.809,109.946,16973
2021-09-17 08:00:00+00:00,109.951,109.999,109.905,109.989,14732
2021-09-17 12:00:00+00:00,109.998,110.072,109.881,109.939,23465
2021-09-17 16:00:00+00:00,109.948,109.998,109.906,109.943,8005
2021-09-17 20:00:00+00:00,109.934,109.989,109.818,109.818,1927
2021-09-19 16:00:00+00:00,109.971,109.971,109.961,109.961,2
2021-09-19 20:00:00+00:00,109.889,109.996,109.87,109.971,1412
2021-09-20 00:00:00+00:00,109.98,110.034,109.864,109.929,11016
2021-09-20 04:00:00+00:00,109.925,109.936,109.72,109.762,16157
2021-09-20 08:00:00+00:00,109.755,109.755,109.495,109.527,19112
2021-09-20 12:00:00+00:00,109.506,109.644,109.434,109.473,24715
2021-09-20 16:00:00+00:00,109.455,109.466,109.316,109.372,11813
2021-09-20 20:00:00+00:00,109.382,109.441,109.33,109.435,8628
2021-09-21 00:00:00+00:00,109.434,109.627,109.404,109.623,17902
2021-09-21 04:00:00+00:00,109.623,109.695,109.504,109.631,18167
2021-09-21 08:00:00+00:00,109.651,109.677,109.372,109.398,14249
2021-09-21 12:00:00+00:00,109.384,109.463,109.19,109.327,26309
2021-09-21 16:00:00+00:00,109.338,109.349,109.183,109.199,11218
2021-09-21 20:00:00+00:00,109.194,109.257,109.137,109.154,13317
2021-09-22 00:00:00+00:00,109.136,109.473,109.13,109.473,23896
2021-09-22 04:00:00+00:00,109.472,109.598,109.415,109.432,19043
2021-09-22 08:00:00+00:00,109.444,109.554,109.442,109.528,13598
2021-09-22 12:00:00+00:00,109.526,109.641,109.494,109.603,18828
2021-09-22 16:00:00+00:00,109.597,109.898,109.533,109.773,27984
2021-09-22 20:00:00+00:00,109.783,109.829,109.752,109.822,7812
2021-09-23 00:00:00+00:00,109.809,109.922,109.792,109.807,11281
2021-09-23 04:00:00+00:00,109.814,109.985,109.78,109.948,15419
2021-09-23 08:00:00+00:00,109.943,110.035,109.773,110.019,20442
2021-09-23 12:00:00+00:00,110.018,110.195,109.942,110.176,24337
2021-09-23 16:00:00+00:00,110.179,110.288,110.133,110.265,9058
2021-09-23 20:00:00+00:00,110.262,110.344,110.248,110.326,9330
2021-09-24 00:00:00+00:00,110.323,110.441,110.313,110.417,18515
2021-09-24 04:00:00+00:00,110.402,110.57,110.39,110.458,18135
2021-09-24 08:00:00+00:00,110.469,110.559,110.321,110.536,17144
2021-09-24 12:00:00+00:00,110.517,110.739,110.481,110.709,21475
2021-09-24 16:00:00+00:00,110.717,110.791,110.675,110.745,8612
2021-09-24 20:00:00+00:00,110.744,110.77,110.73,110.743,2075
2021-09-26 16:00:00+00:00,110.738,110.738,110.616,110.685,31
2021-09-26 20:00:00+00:00,110.684,110.791,110.618,110.762,1656
2021-09-27 00:00:00+00:00,110.75,110.791,110.534,110.576,16866
2021-09-27 04:00:00+00:00,110.566,110.773,110.543,110.773,16100
2021-09-27 08:00:00+00:00,110.769,111.055,110.718,111.028,18066
2021-09-27 12:00:00+00:00,110.963,111.001,110.784,110.967,26015
2021-09-27 16:00:00+00:00,110.967,111.025,110.918,110.999,8749
2021-09-27 20:00:00+00:00,110.998,111.017,110.945,110.964,12801
2021-09-28 00:00:00+00:00,110.962,111.232,110.937,111.215,17245
2021-09-28 04:00:00+00:00,111.215,111.415,111.12,111.244,21538
2021-09-28 08:00:00+00:00,111.246,111.456,111.202,111.438,21565
2021-09-28 12:00:00+00:00,111.457,111.629,111.243,111.333,35905
2021-09-28 16:00:00+00:00,111.337,111.614,111.321,111.464,13444
2021-09-28 20:00:00+00:00,111.464,111.574,111.455,111.528,8962
2021-09-29 00:00:00+00:00,111.513,111.669,111.346,111.421,20498
2021-09-29 04:00:00+00:00,111.421,111.538,111.284,111.302,26894
2021-09-29 08:00:00+00:00,111.282,111.447,111.219,111.398,18813
2021-09-29 12:00:00+00:00,111.42,111.917,111.397,111.83,26500
2021-09-29 16:00:00+00:00,111.821,112.044,111.814,111.958,11135
2021-09-29 20:00:00+00:00,111.994,112.002,111.928,111.935,11944
2021-09-30 00:00:00+00:00,111.922,111.943,111.803,111.907,17782
2021-09-30 04:00:00+00:00,111.909,112.039,111.841,111.905,19317
2021-09-30 08:00:00+00:00,111.876,112.068,111.817,111.984,17123
2021-09-30 12:00:00+00:00,111.991,112.001,111.414,111.508,35865
2021-09-30 16:00:00+00:00,111.506,111.517,111.289,111.289,15311
2021-09-30 20:00:00+00:00,111.279,111.469,111.238,111.463,11591
2021-10-01 00:00:00+00:00,111.447,111.479,111.152,111.152,23552
2021-10-01 04:00:00+00:00,111.152,111.284,111.056,111.257,24675
2021-10-01 08:00:00+00:00,111.253,111.255,111.078,111.16,23634
2021-10-01 12:00:00+00:00,111.161,111.198,110.912,110.983,37082
2021-10-01 16:00:00+00:00,110.962,111.12,110.955,111.021,12398
2021-10-01 20:00:00+00:00,111.027,111.101,111.017,111.041,2195
2021-10-03 16:00:00+00:00,110.936,110.942,110.895,110.901,40
2021-10-03 20:00:00+00:00,110.914,111.016,110.867,110.947,3000
2021-10-04 00:00:00+00:00,110.963,111.11,110.9,111.062,23882
2021-10-04 04:00:00+00:00,111.06,111.18,110.969,111.164,24818
2021-10-04 08:00:00+00:00,111.171,111.296,111.062,111.079,18359
2021-10-04 12:00:00+00:00,111.097,111.227,110.834,110.94,32377
2021-10-04 16:00:00+00:00,110.945,110.988,110.84,110.92,11875
2021-10-04 20:00:00+00:00,110.93,110.991,110.897,110.967,13717
2021-10-05 00:00:00+00:00,110.969,111.19,110.876,111.165,24724
2021-10-05 04:00:00+00:00,111.173,111.248,111.09,111.09,23716
2021-10-05 08:00:00+00:00,111.078,111.298,111.077,111.219,17257
2021-10-05 12:00:00+00:00,111.203,111.553,111.138,111.389,26984
2021-10-05 16:00:00+00:00,111.411,111.515,111.402,111.463,9451
2021-10-05 20:00:00+00:00,111.462,111.516,111.441,111.484,11589
2021-10-06 00:00:00+00:00,111.52,111.654,111.52,111.624,22739
2021-10-06 04:00:00+00:00,111.636,111.773,111.599,111.671,26282
2021-10-06 08:00:00+00:00,111.669,111.672,111.354,111.369,27097
2021-10-06 12:00:00+00:00,111.327,111.425,111.205,111.338,31580
2021-10-06 16:00:00+00:00,111.332,111.493,111.315,111.387,11727
2021-10-06 20:00:00+00:00,111.405,111.437,111.381,111.408,10172
2021-10-07 00:00:00+00:00,111.411,111.507,111.319,111.42,20306
2021-10-07 04:00:00+00:00,111.432,111.498,111.242,111.294,20452
2021-10-07 08:00:00+00:00,111.293,111.511,111.272,111.349,17554
2021-10-07 12:00:00+00:00,111.333,111.546,111.319,111.497,24944
2021-10-07 16:00:00+00:00,111.493,111.638,111.482,111.594,9124
2021-10-07 20:00:00+00:00,111.597,111.674,111.597,111.662,8845
2021-10-08 00:00:00+00:00,111.673,111.889,111.655,111.838,19059
2021-10-08 04:00:00+00:00,111.844,111.989,111.844,111.957,18950
2021-10-08 08:00:00+00:00,111.977,111.997,111.697,111.749,16512
2021-10-08 12:00:00+00:00,111.768,112.177,111.525,112.153,38908
2021-10-08 16:00:00+00:00,112.149,112.244,112.135,112.209,10720
2021-10-08 20:00:00+00:00,112.21,112.25,112.178,112.178,2078
2021-10-09 04:00:00+00:00,112.22,112.22,112.19,112.19,4
2021-10-09 08:00:00+00:00,112.22,112.22,112.19,112.19,6
2021-10-10 16:00:00+00:00,112.085,112.085,112.085,112.085,2
2021-10-10 20:00:00+00:00,112.09,112.323,112.09,112.27,3022
2021-10-11 00:00:00+00:00,112.272,112.722,112.183,112.69,18292
2021-10-11 04:00:00+00:00,112.694,112.838,112.618,112.788,20014
2021-10-11 08:00:00+00:00,112.798,113.008,112.798,112.924,16564
2021-10-11 12:00:00+00:00,112.93,113.371,112.901,113.357,20882
2021-10-11 16:00:00+00:00,113.384,113.408,113.27,113.362,8790
2021-10-11 20:00:00+00:00,113.362,113.409,113.272,113.389,10036
2021-10-12 00:00:00+00:00,113.408,113.482,113.213,113.292,24114
2021-10-12 04:00:00+00:00,113.305,113.346,113.017,113.291,24177
2021-10-12 08:00:00+00:00,113.313,113.414,113.238,113.394,19093
2021-10-12 12:00:00+00:00,113.366,113.777,113.366,113.685,33304
2021-10-12 16:00:00+00:00,113.692,113.692,113.557,113.591,11495
2021-10-12 20:00:00+00:00,113.614,113.637,113.515,113.537,14425
2021-10-13 00:00:00+00:00,113.542,113.58,113.352,113.46,20624
2021-10-13 04:00:00+00:00,113.468,113.59,113.417,113.59,14722
2021-10-13 12:00:00+00:00,113.622,113.709,113.249,113.488,28350
2021-10-13 16:00:00+00:00,113.484,113.49,113.23,113.263,14281
2021-10-13 20:00:00+00:00,113.272,113.314,113.204,113.301,10237
2021-10-14 00:00:00+00:00,113.296,113.572,113.278,113.545,16280
2021-10-14 04:00:00+00:00,113.534,113.587,113.343,113.371,18269
2021-10-14 08:00:00+00:00,113.382,113.444,113.29,113.418,17435
2021-10-14 12:00:00+00:00,113.414,113.707,113.389,113.581,23714
2021-10-14 16:00:00+00:00,113.585,113.696,113.492,113.642,10045
2021-10-14 20:00:00+00:00,113.671,113.862,113.64,113.83,12836
2021-10-15 00:00:00+00:00,113.837,113.945,113.816,113.934,21039
2021-10-15 04:00:00+00:00,113.941,114.164,113.91,114.096,23533
2021-10-15 08:00:00+00:00,114.122,114.395,114.096,114.32,19610
2021-10-15 12:00:00+00:00,114.323,114.447,113.997,114.308,30643
2021-10-15 16:00:00+00:00,114.308,114.327,114.182,114.207,10047
2021-10-15 20:00:00+00:00,114.216,114.284,114.18,114.258,1917
2021-10-17 16:00:00+00:00,114.245,114.246,114.241,114.242,16
2021-10-17 20:00:00+00:00,114.249,114.363,114.164,114.329,4895
2021-10-18 00:00:00+00:00,114.309,114.432,114.02,114.389,17726
2021-10-18 04:00:00+00:00,114.377,114.436,114.233,114.291,19183
2021-10-18 08:00:00+00:00,114.263,114.424,114.234,114.368,18901
2021-10-18 12:00:00+00:00,114.356,114.365,114.13,114.22,25537
2021-10-18 16:00:00+00:00,114.235,114.316,114.18,114.316,7379
2021-10-18 20:00:00+00:00,114.322,114.344,114.25,114.285,11235
2021-10-19 00:00:00+00:00,114.303,114.346,114.1,114.142,13736
2021-10-19 04:00:00+00:00,114.141,114.195,113.883,114.027,17773
2021-10-19 08:00:00+00:00,114.017,114.199,113.916,114.199,16835
2021-10-19 12:00:00+00:00,114.223,114.324,114.169,114.278,19497
2021-10-19 16:00:00+00:00,114.27,114.337,114.23,114.333,6956
2021-10-19 20:00:00+00:00,114.33,114.57,114.304,114.543,8127
2021-10-20 00:00:00+00:00,114.527,114.685,114.446,114.514,14821
2021-10-20 04:00:00+00:00,114.504,114.576,114.312,114.343,18308
2021-10-20 08:00:00+00:00,114.339,114.515,114.32,114.395,13682
2021-10-20 12:00:00+00:00,114.392,114.392,114.141,114.238,21193
2021-10-20 16:00:00+00:00,114.232,114.283,114.082,114.266,9904
2021-10-20 20:00:00+00:00,114.278,114.408,114.258,114.389,9953
2021-10-21 00:00:00+00:00,114.383,114.391,114.204,114.211,18852
2021-10-21 04:00:00+00:00,114.183,114.183,113.916,114.125,27672
2021-10-21 08:00:00+00:00,114.103,114.18,113.974,114.172,16094
2021-10-21 12:00:00+00:00,114.171,114.198,113.666,113.745,30645
2021-10-21 16:00:00+00:00,113.734,114.019,113.678,114.018,12066
2021-10-21 20:00:00+00:00,114.009,114.044,113.819,113.84,11386
2021-10-22 00:00:00+00:00,113.848,114.187,113.848,114.07,24645
2021-10-22 04:00:00+00:00,114.072,114.077,113.848,113.887,21989
2021-10-22 08:00:00+00:00,113.9,113.982,113.73,113.878,16450
2021-10-22 12:00:00+00:00,113.895,113.912,113.515,113.559,28380
2021-10-22 16:00:00+00:00,113.565,113.629,113.41,113.434,14600
2021-10-22 20:00:00+00:00,113.436,113.513,113.176,113.236,2200
2021-10-23 20:00:00+00:00,113.46,113.46,113.336,113.336,4
2021-10-24 16:00:00+00:00,113.55,113.581,113.55,113.576,15
2021-10-24 20:00:00+00:00,113.55,113.687,113.468,113.664,3209
2021-10-25 00:00:00+00:00,113.64,113.811,113.545,113.63,23563
2021-10-25 04:00:00+00:00,113.617,113.729,113.49,113.631,19844
2021-10-25 08:00:00+00:00,113.649,113.715,113.565,113.698,16853
2021-10-25 12:00:00+00:00,113.711,113.895,113.598,113.7,25203
2021-10-25 16:00:00+00:00,113.713,113.744,113.629,113.702,8396
2021-10-25 20:00:00+00:00,113.711,113.781,113.68,113.763,5793
2021-10-26 00:00:00+00:00,113.753,113.947,113.725,113.912,17566
2021-10-26 04:00:00+00:00,113.908,114.068,113.873,114.043,18265
2021-10-26 08:00:00+00:00,114.041,114.043,113.904,113.945,15950
2021-10-26 12:00:00+00:00,113.975,114.297,113.971,114.2,23837
2021-10-26 16:00:00+00:00,114.215,114.234,114.09,114.115,8953
2021-10-26 20:00:00+00:00,114.118,114.213,114.112,114.183,7153
2021-10-27 00:00:00+00:00,114.178,114.216,113.956,113.989,23066
2021-10-27 04:00:00+00:00,113.979,114.095,113.676,113.741,20175
2021-10-27 08:00:00+00:00,113.741,113.793,113.562,113.658,23147
2021-10-27 12:00:00+00:00,113.672,113.835,113.413,113.75,33639
2021-10-27 16:00:00+00:00,113.732,113.828,113.643,113.828,16184
2021-10-27 20:00:00+00:00,113.85,113.862,113.73,113.77,7855
2021-10-28 00:00:00+00:00,113.758,113.857,113.557,113.623,23942
2021-10-28 04:00:00+00:00,113.627,113.738,113.506,113.601,23873
2021-10-28 08:00:00+00:00,113.568,113.713,113.521,113.61,21588
2021-10-28 12:00:00+00:00,113.613,113.698,113.255,113.386,41025
2021-10-28 16:00:00+00:00,113.387,113.573,113.355,113.566,13845
2021-10-28 20:00:00+00:00,113.578,113.614,113.544,113.614,8527
2021-10-29 00:00:00+00:00,113.643,113.705,113.406,113.591,25583
2021-10-29 04:00:00+00:00,113.619,113.68,113.512,113.603,24786
2021-10-29 08:00:00+00:00,113.589,113.878,113.578,113.869,18942
2021-10-29 12:00:00+00:00,113.852,114.088,113.748,114.052,36501
2021-10-29 16:00:00+00:00,114.047,114.094,113.878,113.979,14144
2021-10-29 20:00:00+00:00,113.979,114.033,113.795,113.835,2905
2021-10-31 20:00:00+00:00,114.081,114.244,114.035,114.236,2835
2021-11-01 00:00:00+00:00,114.218,114.237,114.03,114.202,17221
2021-11-01 04:00:00+00:00,114.204,114.418,114.204,114.416,19483
2021-11-01 08:00:00+00:00,114.422,114.434,114.16,114.241,19320
2021-11-01 12:00:00+00:00,114.273,114.274,114.115,114.199,27097
2021-11-01 16:00:00+00:00,114.199,114.209,113.939,114.018,13106
2021-11-01 20:00:00+00:00,114.0,114.122,113.96,114.089,8554
2021-11-02 00:00:00+00:00,114.084,114.129,113.876,113.946,20284
2021-11-02 04:00:00+00:00,113.95,113.966,113.593,113.657,23871
2021-11-02 08:00:00+00:00,113.647,113.718,113.466,113.693,20905
2021-11-02 12:00:00+00:00,113.698,113.855,113.659,113.795,27010
2021-11-02 16:00:00+00:00,113.797,113.98,113.77,113.952,12779
2021-11-02 20:00:00+00:00,113.944,114.0,113.91,113.965,12776
2021-11-03 00:00:00+00:00,113.964,113.97,113.742,113.807,13396
2021-11-03 04:00:00+00:00,113.796,113.942,113.781,113.908,11560
2021-11-03 08:00:00+00:00,113.89,113.945,113.76,113.775,15455
2021-11-03 12:00:00+00:00,113.761,114.142,113.722,114.064,29036
2021-11-03 16:00:00+00:00,114.066,114.183,113.819,113.997,30780
2021-11-03 20:00:00+00:00,113.993,114.081,113.92,114.071,11381
2021-11-04 00:00:00+00:00,114.067,114.237,114.032,114.205,18528
2021-11-04 04:00:00+00:00,114.209,114.273,114.129,114.213,16386
2021-11-04 08:00:00+00:00,114.204,114.248,113.806,113.816,23019
2021-11-04 12:00:00+00:00,113.815,114.015,113.52,113.637,38756
2021-11-04 16:00:00+00:00,113.632,113.782,113.622,113.702,15426
2021-11-04 20:00:00+00:00,113.704,113.857,113.703,113.825,7517
2021-11-05 00:00:00+00:00,113.809,113.836,113.559,113.701,22951
2021-11-05 04:00:00+00:00,113.69,113.775,113.592,113.763,16451
2021-11-05 08:00:00+00:00,113.777,113.913,113.725,113.829,20468
2021-11-05 12:00:00+00:00,113.824,114.017,113.428,113.454,39821
2021-11-05 16:00:00+00:00,113.46,113.498,113.299,113.333,15665
2021-11-05 20:00:00+00:00,113.331,113.42,113.331,113.41,2336
2021-11-07 20:00:00+00:00,113.342,113.518,113.337,113.475,2210
2021-11-08 00:00:00+00:00,113.461,113.662,113.448,113.65,18672
2021-11-08 04:00:00+00:00,113.649,113.652,113.524,113.567,18785
2021-11-08 08:00:00+00:00,113.558,113.56,113.371,113.48,18259
2021-11-08 12:00:00+00:00,113.487,113.487,113.082,113.191,24629
2021-11-08 16:00:00+00:00,113.206,113.267,113.136,113.231,12506
2021-11-08 20:00:00+00:00,113.223,113.29,113.197,113.25,9003
2021-11-09 00:00:00+00:00,113.243,113.249,112.814,112.841,25091
2021-11-09 04:00:00+00:00,112.827,112.918,112.727,112.853,21227
2021-11-09 08:00:00+00:00,112.858,112.925,112.858,112.917,931
2021-11-09 12:00:00+00:00,113.061,113.074,112.756,112.919,24306
2021-11-09 16:00:00+00:00,112.927,112.997,112.786,112.833,17903
2021-11-09 20:00:00+00:00,112.8,112.952,112.8,112.911,9710
2021-11-10 00:00:00+00:00,112.913,112.943,112.777,112.845,19852
2021-11-10 04:00:00+00:00,112.831,113.129,112.791,113.096,16381
2021-11-10 08:00:00+00:00,113.132,113.25,113.066,113.229,17637
2021-11-10 12:00:00+00:00,113.236,113.936,113.193,113.893,36831
2021-11-10 16:00:00+00:00,113.888,113.996,113.737,113.813,24709
2021-11-10 20:00:00+00:00,113.801,113.946,113.776,113.905,12980
2021-11-11 00:00:00+00:00,113.93,114.113,113.915,114.001,21553
2021-11-11 04:00:00+00:00,113.994,114.087,113.886,114.082,12273
2021-11-11 08:00:00+00:00,114.038,114.127,113.94,113.958,17242
2021-11-11 12:00:00+00:00,113.95,113.992,113.814,113.966,20507
2021-11-11 16:00:00+00:00,113.972,114.097,113.933,114.097,10182
2021-11-11 20:00:00+00:00,114.096,114.097,114.033,114.042,7956
2021-11-12 00:00:00+00:00,114.048,114.3,114.048,114.254,20477
2021-11-12 04:00:00+00:00,114.242,114.276,114.035,114.049,15726
2021-11-12 08:00:00+00:00,114.037,114.121,113.97,114.055,17755
2021-11-12 12:00:00+00:00,114.059,114.059,113.767,113.939,28425
2021-11-12 16:00:00+00:00,113.956,113.959,113.819,113.955,14751
2021-11-12 20:00:00+00:00,113.947,113.947,113.829,113.829,4764
2021-11-13 04:00:00+00:00,113.929,113.929,113.929,113.929,1
2021-11-14 20:00:00+00:00,113.836,114.043,113.836,113.982,2133
2021-11-15 00:00:00+00:00,113.991,114.0,113.761,113.852,17209
2021-11-15 04:00:00+00:00,113.865,113.993,113.808,113.949,14555
2021-11-15 08:00:00+00:00,113.958,113.998,113.806,113.817,17529
2021-11-15 12:00:00+00:00,113.832,114.042,113.821,113.964,23963
2021-11-15 16:00:00+00:00,113.976,114.087,113.92,114.087,14992
2021-11-15 20:00:00+00:00,114.083,114.194,114.082,114.131,10667
2021-11-16 00:00:00+00:00,114.144,114.305,114.11,114.18,20850
2021-11-16 04:00:00+00:00,114.151,114.269,114.111,114.261,16996
2021-11-16 08:00:00+00:00,114.273,114.281,114.139,114.231,18737
2021-11-16 12:00:00+00:00,114.236,114.621,114.236,114.574,30463
2021-11-16 16:00:00+00:00,114.569,114.69,114.502,114.69,14936
2021-11-16 20:00:00+00:00,114.688,114.963,114.627,114.904,12343
2021-11-17 00:00:00+00:00,114.916,114.933,114.711,114.887,22821
2021-11-17 04:00:00+00:00,114.906,114.932,114.824,114.887,18533
2021-11-17 08:00:00+00:00,114.871,114.942,114.716,114.743,19684
2021-11-17 12:00:00+00:00,114.721,114.763,114.452,114.518,26436
2021-11-17 16:00:00+00:00,114.544,114.544,113.964,114.13,22576
2021-11-17 20:00:00+00:00,114.149,114.228,114.084,114.19,12312
2021-11-18 00:00:00+00:00,114.214,114.235,113.884,114.102,22956
2021-11-18 04:00:00+00:00,114.113,114.257,113.977,114.015,20663
2021-11-18 08:00:00+00:00,114.022,114.227,114.022,114.18,19633
2021-11-18 12:00:00+00:00,114.192,114.468,114.134,114.278,29394
2021-11-18 16:00:00+00:00,114.275,114.306,114.164,114.262,15836
2021-11-18 20:00:00+00:00,114.268,114.287,114.224,114.282,10051
2021-11-19 00:00:00+00:00,114.321,114.395,114.254,114.365,19363
2021-11-19 04:00:00+00:00,114.36,114.372,114.292,114.358,14231
2021-11-19 08:00:00+00:00,114.355,114.522,113.837,113.839,34857
2021-11-19 12:00:00+00:00,113.826,114.027,113.604,113.865,40473
2021-11-19 16:00:00+00:00,113.865,114.045,113.733,113.934,21048
2021-11-19 20:00:00+00:00,113.963,114.029,113.693,113.753,5731
2021-11-22 04:00:00+00:00,114.136,114.256,114.121,114.22,11801
2021-11-22 08:00:00+00:00,114.23,114.23,114.073,114.117,24192
2021-11-22 12:00:00+00:00,114.114,114.744,114.081,114.734,34199
2021-11-22 16:00:00+00:00,114.734,114.946,114.616,114.946,18514
2021-11-22 20:00:00+00:00,114.943,114.952,114.791,114.791,12168
2021-11-23 00:00:00+00:00,114.802,115.137,114.738,115.079,17223
2021-11-23 04:00:00+00:00,115.082,115.146,114.584,114.697,21555
2021-11-23 08:00:00+00:00,114.724,114.983,114.546,114.959,31537
2021-11-23 12:00:00+00:00,114.956,115.084,114.838,114.976,35139
2021-11-23 16:00:00+00:00,114.997,115.075,114.908,115.075,19791
2021-11-23 20:00:00+00:00,115.052,115.208,115.042,115.142,12232
2021-11-24 00:00:00+00:00,115.159,115.228,115.02,115.071,21688
2021-11-24 04:00:00+00:00,115.059,115.069,114.867,114.896,21688
2021-11-24 08:00:00+00:00,114.895,115.109,114.829,115.001,25987
2021-11-24 12:00:00+00:00,115.001,115.453,115.001,115.438,36556
2021-11-24 16:00:00+00:00,115.44,115.499,115.28,115.466,18502
2021-11-24 20:00:00+00:00,115.43,115.452,115.367,115.407,11596
2021-11-25 00:00:00+00:00,115.413,115.436,115.306,115.369,15387
2021-11-25 04:00:00+00:00,115.367,115.426,115.315,115.375,11670
2021-11-25 08:00:00+00:00,115.379,115.379,115.308,115.336,13088
2021-11-25 12:00:00+00:00,115.336,115.38,115.236,115.367,13283
2021-11-25 16:00:00+00:00,115.358,115.41,115.326,115.377,21387
2021-11-25 20:00:00+00:00,115.369,115.371,115.041,115.069,20577
2021-11-26 00:00:00+00:00,115.102,115.102,114.604,114.69,37509
2021-11-26 04:00:00+00:00,114.692,114.769,114.157,114.17,33764
2021-11-26 08:00:00+00:00,114.189,114.381,113.674,113.904,50825
2021-11-26 12:00:00+00:00,113.882,114.174,113.05,113.176,44588
2021-11-26 16:00:00+00:00,113.166,113.521,113.064,113.192,28378
2021-11-26 20:00:00+00:00,113.185,113.499,113.087,113.35,3048
2021-11-28 20:00:00+00:00,113.45,113.855,113.34,113.718,7802
2021-11-29 00:00:00+00:00,113.705,113.865,113.458,113.675,31223
2021-11-29 04:00:00+00:00,113.67,113.718,113.031,113.579,34311
2021-11-29 08:00:00+00:00,113.588,113.588,113.25,113.445,31648
2021-11-29 12:00:00+00:00,113.464,113.935,113.408,113.617,31455
2021-11-29 16:00:00+00:00,113.63,113.816,113.63,113.711,17921
2021-11-29 20:00:00+00:00,113.726,113.835,113.513,113.805,14853
2021-11-30 00:00:00+00:00,113.807,113.885,113.63,113.663,23175
2021-11-30 04:00:00+00:00,113.621,113.66,113.02,113.182,41412
2021-11-30 08:00:00+00:00,113.14,113.149,112.733,113.074,37926
2021-11-30 12:00:00+00:00,113.088,113.583,112.543,113.528,42186
2021-11-30 16:00:00+00:00,113.553,113.634,113.009,113.106,35081
2021-11-30 20:00:00+00:00,113.106,113.31,113.004,113.299,16270
2021-12-01 00:00:00+00:00,113.267,113.524,113.123,113.429,30253
2021-12-01 04:00:00+00:00,113.419,113.613,113.379,113.427,25314
2021-12-01 08:00:00+00:00,113.328,113.58,113.328,113.38,27466
2021-12-01 12:00:00+00:00,113.394,113.412,112.762,112.975,36454
2021-12-01 16:00:00+00:00,112.966,113.066,112.683,112.787,28563
2021-12-01 20:00:00+00:00,112.798,112.921,112.687,112.882,16231
2021-12-02 00:00:00+00:00,112.863,113.099,112.828,113.053,27289
2021-12-02 04:00:00+00:00,113.056,113.309,112.997,113.276,23101
2021-12-02 08:00:00+00:00,113.24,113.289,112.892,112.935,30225
2021-12-02 12:00:00+00:00,112.939,112.988,112.722,112.96,42147
2021-12-02 16:00:00+00:00,112.954,113.238,112.949,113.167,23434
2021-12-02 20:00:00+00:00,113.165,113.226,113.006,113.022,13575
2021-12-03 00:00:00+00:00,113.025,113.189,112.96,113.186,23304
2021-12-03 04:00:00+00:00,113.19,113.39,113.131,113.376,20660
2021-12-03 08:00:00+00:00,113.428,113.476,113.221,113.325,21565
2021-12-03 12:00:00+00:00,113.336,113.604,113.04,113.218,38372
2021-12-03 16:00:00+00:00,113.232,113.252,112.559,112.618,26194
2021-12-03 20:00:00+00:00,112.617,112.84,112.617,112.793,8052
2021-12-04 08:00:00+00:00,112.8,112.8,112.79,112.79,2
2021-12-06 12:00:00+00:00,113.243,113.479,113.088,113.445,18950
2021-12-06 16:00:00+00:00,113.448,113.546,113.303,113.492,16029
2021-12-06 20:00:00+00:00,113.479,113.512,113.44,113.46,12684
2021-12-07 00:00:00+00:00,113.486,113.582,113.41,113.556,19922
2021-12-07 04:00:00+00:00,113.555,113.733,113.554,113.64,19667
2021-12-07 08:00:00+00:00,113.642,113.736,113.512,113.555,18355
2021-12-07 12:00:00+00:00,113.541,113.773,113.458,113.661,24214
2021-12-07 16:00:00+00:00,113.65,113.74,113.539,113.628,13693
2021-12-07 20:00:00+00:00,113.622,113.642,113.457,113.525,11523
2021-12-08 00:00:00+00:00,113.516,113.557,113.365,113.471,21738
2021-12-08 04:00:00+00:00,113.5,113.536,113.333,113.413,16100
2021-12-08 08:00:00+00:00,113.394,113.766,113.324,113.69,27082
2021-12-08 12:00:00+00:00,113.693,113.93,113.662,113.884,31221
2021-12-08 16:00:00+00:00,113.885,113.918,113.603,113.666,16086
2021-12-08 20:00:00+00:00,113.666,113.746,113.628,113.685,9002
2021-12-09 00:00:00+00:00,113.714,113.806,113.655,113.655,14707
2021-12-09 04:00:00+00:00,113.651,113.685,113.476,113.489,16210
2021-12-09 08:00:00+00:00,113.444,113.58,113.367,113.499,19307
2021-12-09 12:00:00+00:00,113.503,113.546,113.284,113.44,24979
2021-12-09 16:00:00+00:00,113.423,113.642,113.411,113.473,15351
2021-12-09 20:00:00+00:00,113.455,113.49,113.384,113.438,9890
2021-12-10 00:00:00+00:00,113.466,113.566,113.338,113.53,19490
2021-12-10 04:00:00+00:00,113.537,113.621,113.425,113.581,19206
2021-12-10 08:00:00+00:00,113.582,113.786,113.561,113.763,18137
2021-12-10 12:00:00+00:00,113.76,113.771,113.3,113.423,30864
2021-12-10 16:00:00+00:00,113.422,113.461,113.237,113.427,14157
2021-12-10 20:00:00+00:00,113.429,113.445,113.34,113.37,4151
2021-12-11 08:00:00+00:00,113.38,113.38,113.38,113.38,1
2021-12-13 08:00:00+00:00,113.688,113.701,113.625,113.637,2736
2021-12-13 12:00:00+00:00,113.625,113.673,113.457,113.57,23171
2021-12-13 16:00:00+00:00,113.579,113.579,113.383,113.527,14181
2021-12-13 20:00:00+00:00,113.51,113.597,113.494,113.578,10354
2021-12-14 00:00:00+00:00,113.573,113.662,113.51,113.604,15555
2021-12-14 04:00:00+00:00,113.587,113.728,113.539,113.709,15232
2021-12-14 08:00:00+00:00,113.703,113.749,113.48,113.535,18842
2021-12-14 12:00:00+00:00,113.553,113.733,113.437,113.722,28024
2021-12-14 16:00:00+00:00,113.714,113.75,113.605,113.743,15642
2021-12-14 20:00:00+00:00,113.737,113.752,113.567,113.742,8988
2021-12-15 00:00:00+00:00,113.74,113.792,113.685,113.775,16389
2021-12-15 04:00:00+00:00,113.762,113.772,113.631,113.725,14164
2021-12-15 08:00:00+00:00,113.726,113.833,113.654,113.798,16722
2021-12-15 12:00:00+00:00,113.793,113.897,113.748,113.837,26796
2021-12-15 16:00:00+00:00,113.812,114.253,113.772,114.02,27309
2021-12-15 20:00:00+00:00,114.046,114.17,113.956,114.136,18886
2021-12-16 00:00:00+00:00,114.156,114.245,114.045,114.13,19861
2021-12-16 04:00:00+00:00,114.127,114.2,114.046,114.114,18218
2021-12-16 08:00:00+00:00,114.118,114.194,114.056,114.178,18932
2021-12-16 12:00:00+00:00,114.138,114.196,113.564,113.749,39586
2021-12-16 16:00:00+00:00,113.733,113.745,113.584,113.6,16509
2021-12-16 20:00:00+00:00,113.595,113.735,113.577,113.663,15206
2021-12-17 00:00:00+00:00,113.679,113.842,113.498,113.516,20774
2021-12-17 04:00:00+00:00,113.539,113.664,113.457,113.664,23414
2021-12-17 08:00:00+00:00,113.637,113.692,113.424,113.475,22728
2021-12-17 12:00:00+00:00,113.485,113.632,113.148,113.632,34059
2021-12-17 16:00:00+00:00,113.64,113.751,113.538,113.698,19019
2021-12-17 20:00:00+00:00,113.68,113.759,113.67,113.706,6430
2021-12-18 08:00:00+00:00,113.67,113.7,113.67,113.7,2
2021-12-19 20:00:00+00:00,113.252,113.698,113.252,113.517,3799
2021-12-20 00:00:00+00:00,113.551,113.686,113.479,113.502,22569
2021-12-20 04:00:00+00:00,113.518,113.534,113.358,113.456,22167
2021-12-20 08:00:00+00:00,113.456,113.681,113.39,113.681,24259
2021-12-20 12:00:00+00:00,113.677,113.677,113.382,113.405,28785
2021-12-20 16:00:00+00:00,113.401,113.71,113.332,113.71,16489
2021-12-20 20:00:00+00:00,113.71,113.728,113.49,113.664,2003
2021-12-21 00:00:00+00:00,113.659,113.706,113.566,113.663,2339
2021-12-21 04:00:00+00:00,113.647,113.773,113.626,113.664,2129
2021-12-21 08:00:00+00:00,113.659,113.715,113.567,113.694,5265
2021-12-21 12:00:00+00:00,113.693,114.085,113.664,114.085,21714
2021-12-21 16:00:00+00:00,114.082,114.215,114.077,114.106,13959
2021-12-21 20:00:00+00:00,114.094,114.118,113.95,113.993,10221
2021-12-22 00:00:00+00:00,114.011,114.176,114.001,114.115,18082
2021-12-22 04:00:00+00:00,114.111,114.186,114.082,114.151,14356
2021-12-22 08:00:00+00:00,114.15,114.331,114.15,114.224,17593
2021-12-22 12:00:00+00:00,114.231,114.362,114.13,114.312,22967
2021-12-22 16:00:00+00:00,114.31,114.31,114.156,114.173,13634
2021-12-22 20:00:00+00:00,114.161,114.165,114.072,114.121,11549
2021-12-23 00:00:00+00:00,114.123,114.203,114.108,114.125,14773
2021-12-23 04:00:00+00:00,114.126,114.278,114.113,114.248,12020
2021-12-23 08:00:00+00:00,114.249,114.339,114.245,114.29,16455
2021-12-23 12:00:00+00:00,114.288,114.441,114.258,114.399,23735
2021-12-23 16:00:00+00:00,114.395,114.467,114.335,114.446,12580
2021-12-23 20:00:00+00:00,114.435,114.473,114.347,114.458,12677
2021-12-24 00:00:00+00:00,114.46,114.504,114.326,114.328,24705
2021-12-24 04:00:00+00:00,114.317,114.44,114.297,114.356,24909
2021-12-24 08:00:00+00:00,114.366,114.407,114.339,114.382,18518
2021-12-24 12:00:00+00:00,114.376,114.398,114.343,114.373,22832
2021-12-24 16:00:00+00:00,114.369,114.385,114.33,114.359,20066
2021-12-24 20:00:00+00:00,114.359,114.44,114.297,114.4,2528
2021-12-26 20:00:00+00:00,114.276,114.389,114.276,114.338,2323
2021-12-27 00:00:00+00:00,114.354,114.427,114.319,114.419,13701
2021-12-27 04:00:00+00:00,114.422,114.487,114.399,114.463,12706
2021-12-27 08:00:00+00:00,114.462,114.693,114.462,114.658,13025
2021-12-27 12:00:00+00:00,114.668,114.89,114.668,114.881,15476
2021-12-27 16:00:00+00:00,114.885,114.91,114.827,114.907,10034
2021-12-27 20:00:00+00:00,114.889,114.904,114.764,114.791,7668
2021-12-28 00:00:00+00:00,114.788,114.937,114.761,114.895,15069
2021-12-28 04:00:00+00:00,114.887,114.909,114.806,114.846,11594
2021-12-28 08:00:00+00:00,114.842,114.876,114.74,114.843,11552
2021-12-28 12:00:00+00:00,114.853,114.89,114.709,114.766,18829
2021-12-28 16:00:00+00:00,114.75,114.83,114.709,114.825,11267
2021-12-28 20:00:00+00:00,114.82,114.822,114.739,114.767,8723
2021-12-29 00:00:00+00:00,114.781,114.857,114.75,114.829,14054
2021-12-29 04:00:00+00:00,114.827,114.923,114.81,114.884,11835
2021-12-29 08:00:00+00:00,114.899,115.032,114.832,114.88,13009
2021-12-29 12:00:00+00:00,114.879,115.016,114.673,114.935,24230
2021-12-29 16:00:00+00:00,114.94,115.001,114.895,114.957,12393
2021-12-29 20:00:00+00:00,114.951,114.994,114.925,114.947,8571
2021-12-30 00:00:00+00:00,114.958,115.058,114.947,115.049,14782
2021-12-30 04:00:00+00:00,115.04,115.195,115.028,115.119,13621
2021-12-30 08:00:00+00:00,115.141,115.194,115.103,115.108,13303
2021-12-30 12:00:00+00:00,115.108,115.186,115.024,115.148,22110
2021-12-30 16:00:00+00:00,115.148,115.196,115.064,115.064,9622
2021-12-30 20:00:00+00:00,115.067,115.082,115.03,115.064,8133
2021-12-31 00:00:00+00:00,115.059,115.105,115.026,115.084,9665
2021-12-31 04:00:00+00:00,115.091,115.15,115.077,115.15,8741
2021-12-31 08:00:00+00:00,115.14,115.156,115.005,115.125,13016
2021-12-31 12:00:00+00:00,115.116,115.146,115.018,115.142,20156
2021-12-31 16:00:00+00:00,115.175,115.196,115.025,115.082,11388
2021-12-31 20:00:00+00:00,115.089,115.11,115.035,115.103,3720
2022-01-02 20:00:00+00:00,115.011,115.153,115.011,115.141,1906
2022-01-03 00:00:00+00:00,115.136,115.3,115.12,115.278,10907
2022-01-03 04:00:00+00:00,115.279,115.359,115.267,115.288,10123
2022-01-03 08:00:00+00:00,115.282,115.304,115.006,115.065,14555
2022-01-03 12:00:00+00:00,115.063,115.358,114.975,115.296,24302
2022-01-03 16:00:00+00:00,115.288,115.334,115.242,115.334,12637
2022-01-03 20:00:00+00:00,115.323,115.354,115.206,115.328,13380
2022-01-04 00:00:00+00:00,115.316,115.8,115.299,115.706,20572
2022-01-04 04:00:00+00:00,115.718,115.809,115.66,115.738,16631
2022-01-04 08:00:00+00:00,115.765,116.15,115.719,116.15,19647
2022-01-04 12:00:00+00:00,116.154,116.34,116.03,116.142,29234
2022-01-04 16:00:00+00:00,116.087,116.193,115.979,116.112,14777
2022-01-04 20:00:00+00:00,116.117,116.233,116.086,116.171,9915
2022-01-05 00:00:00+00:00,116.165,116.235,115.907,116.007,18718
2022-01-05 04:00:00+00:00,116.002,116.098,115.906,116.033,14966
2022-01-05 08:00:00+00:00,116.036,116.036,115.627,115.673,18536
2022-01-05 12:00:00+00:00,115.663,115.924,115.654,115.782,25465
2022-01-05 16:00:00+00:00,115.791,116.176,115.775,116.157,19241
2022-01-05 20:00:00+00:00,116.14,116.157,116.041,116.127,13423
2022-01-06 00:00:00+00:00,116.129,116.179,115.822,115.86,21820
2022-01-06 04:00:00+00:00,115.867,115.967,115.793,115.867,19740
2022-01-06 08:00:00+00:00,115.869,115.893,115.656,115.797,22380
2022-01-06 12:00:00+00:00,115.825,115.876,115.652,115.746,32394
2022-01-06 16:00:00+00:00,115.745,115.945,115.696,115.945,17127
2022-01-06 20:00:00+00:00,115.941,115.95,115.784,115.862,11166
2022-01-07 00:00:00+00:00,115.87,116.03,115.847,115.867,17775
2022-01-07 04:00:00+00:00,115.864,115.944,115.842,115.875,13255
2022-01-07 08:00:00+00:00,115.903,115.918,115.768,115.797,16307
2022-01-07 12:00:00+00:00,115.803,115.907,115.594,115.636,16030
2022-01-07 16:00:00+00:00,115.612,115.699,115.55,115.553,13460
2022-01-07 20:00:00+00:00,115.564,115.61,115.502,115.528,5278
2022-01-08 08:00:00+00:00,115.55,115.55,115.51,115.51,2
2022-01-09 20:00:00+00:00,115.541,115.657,115.541,115.618,4550
2022-01-10 00:00:00+00:00,115.622,115.842,115.549,115.797,13487
2022-01-10 04:00:00+00:00,115.791,115.824,115.742,115.794,13195
2022-01-10 08:00:00+00:00,115.801,115.801,115.307,115.312,21666
2022-01-10 12:00:00+00:00,115.312,115.446,115.091,115.114,29817
2022-01-10 16:00:00+00:00,115.074,115.241,115.045,115.213,17162
2022-01-10 20:00:00+00:00,115.221,115.291,115.118,115.276,12555
2022-01-11 00:00:00+00:00,115.283,115.386,115.177,115.373,21036
2022-01-11 04:00:00+00:00,115.357,115.359,115.137,115.259,18346
2022-01-11 08:00:00+00:00,115.263,115.471,115.221,115.402,19539
2022-01-11 12:00:00+00:00,115.411,115.676,115.408,115.467,24180
2022-01-11 16:00:00+00:00,115.465,115.485,115.321,115.343,14611
2022-01-11 20:00:00+00:00,115.365,115.365,115.268,115.331,12568
2022-01-12 00:00:00+00:00,115.331,115.391,115.23,115.374,17448
2022-01-12 04:00:00+00:00,115.376,115.421,115.291,115.398,15477
2022-01-12 08:00:00+00:00,115.416,115.459,115.297,115.399,17102
2022-01-12 12:00:00+00:00,115.382,115.437,114.835,114.849,28697
2022-01-12 16:00:00+00:00,114.845,114.885,114.384,114.385,18997
2022-01-12 20:00:00+00:00,114.384,114.701,114.384,114.673,13119
2022-01-13 00:00:00+00:00,114.64,114.694,114.496,114.538,19740
2022-01-13 04:00:00+00:00,114.547,114.641,114.41,114.41,15542
2022-01-13 08:00:00+00:00,114.395,114.59,114.373,114.506,16966
2022-01-13 12:00:00+00:00,114.526,114.538,114.099,114.119,26846
2022-01-13 16:00:00+00:00,114.125,114.151,113.998,114.067,14364
2022-01-13 20:00:00+00:00,114.063,114.219,114.049,114.117,11734
2022-01-14 00:00:00+00:00,114.101,114.171,113.642,113.722,27217
2022-01-14 04:00:00+00:00,113.729,113.862,113.658,113.796,19230
2022-01-14 08:00:00+00:00,113.785,113.983,113.708,113.886,19743
2022-01-14 12:00:00+00:00,113.882,113.903,113.505,113.789,34715
2022-01-14 16:00:00+00:00,113.785,114.142,113.729,114.141,18894
2022-01-14 20:00:00+00:00,114.142,114.257,114.124,114.22,5418
2022-01-17 00:00:00+00:00,114.467,114.484,114.392,114.423,8883
2022-01-17 04:00:00+00:00,114.427,114.528,114.4,114.4,13832
2022-01-17 08:00:00+00:00,114.403,114.52,114.307,114.477,15481
2022-01-17 12:00:00+00:00,114.466,114.636,114.448,114.617,16652
2022-01-17 16:00:00+00:00,114.61,114.629,114.551,114.579,8203
2022-01-17 20:00:00+00:00,114.584,114.637,114.567,114.574,10073
2022-01-18 00:00:00+00:00,114.58,115.031,114.45,114.981,24414
2022-01-18 04:00:00+00:00,114.976,114.976,114.758,114.876,25380
2022-01-18 08:00:00+00:00,114.891,114.891,114.525,114.687,24917
2022-01-18 12:00:00+00:00,114.681,114.729,114.464,114.548,30473
2022-01-18 16:00:00+00:00,114.545,114.642,114.508,114.624,17002
2022-01-18 20:00:00+00:00,114.612,114.638,114.556,114.556,12803
2022-01-19 00:00:00+00:00,114.557,114.767,114.513,114.552,26458
2022-01-19 04:00:00+00:00,114.558,114.577,114.221,114.423,24211
2022-01-19 08:00:00+00:00,114.421,114.547,114.356,114.504,21568
2022-01-19 12:00:00+00:00,114.489,114.544,114.227,114.346,24635
2022-01-19 16:00:00+00:00,114.323,114.351,114.22,114.233,16296
2022-01-19 20:00:00+00:00,114.234,114.411,114.209,114.345,16863
2022-01-20 00:00:00+00:00,114.37,114.43,114.034,114.391,27267
2022-01-20 04:00:00+00:00,114.403,114.536,114.348,114.394,19583
2022-01-20 08:00:00+00:00,114.39,114.39,114.195,114.279,20447
2022-01-20 12:00:00+00:00,114.285,114.327,113.978,113.981,28497
2022-01-20 16:00:00+00:00,113.977,114.194,113.977,114.178,15691
2022-01-20 20:00:00+00:00,114.164,114.22,113.887,113.986,14677
2022-01-21 00:00:00+00:00,113.953,113.953,113.634,113.74,32217
2022-01-21 04:00:00+00:00,113.739,113.883,113.724,113.856,21842
2022-01-21 08:00:00+00:00,113.87,114.018,113.805,113.843,22060
2022-01-21 12:00:00+00:00,113.855,113.86,113.619,113.666,29094
2022-01-21 16:00:00+00:00,113.66,113.792,113.63,113.659,20337
2022-01-21 20:00:00+00:00,113.662,113.703,113.617,113.657,8086
2022-01-23 20:00:00+00:00,113.652,113.794,113.632,113.786,4235
2022-01-24 00:00:00+00:00,113.784,113.931,113.725,113.859,18981
2022-01-24 04:00:00+00:00,113.862,113.962,113.717,113.752,19470
2022-01-24 08:00:00+00:00,113.744,113.817,113.489,113.817,28402
2022-01-24 12:00:00+00:00,113.789,113.989,113.658,113.935,35764
2022-01-24 16:00:00+00:00,113.925,113.942,113.651,113.779,25517
2022-01-24 20:00:00+00:00,113.778,114.089,113.778,114.013,13831
2022-01-25 00:00:00+00:00,114.012,114.033,113.748,113.777,27391
2022-01-25 04:00:00+00:00,113.729,113.891,113.675,113.885,23395
2022-01-25 08:00:00+00:00,113.864,114.144,113.813,114.007,25360
2022-01-25 12:00:00+00:00,114.001,114.062,113.787,113.947,32595
2022-01-25 16:00:00+00:00,113.942,113.942,113.804,113.921,16916
2022-01-25 20:00:00+00:00,113.911,113.938,113.841,113.891,11982
2022-01-26 00:00:00+00:00,113.892,113.894,113.783,113.862,18257
2022-01-26 04:00:00+00:00,113.87,113.984,113.861,113.983,14448
2022-01-26 08:00:00+00:00,113.982,114.225,113.982,114.196,17156
2022-01-26 12:00:00+00:00,114.183,114.377,114.147,114.319,20939
2022-01-26 16:00:00+00:00,114.3,114.674,114.263,114.528,19618
2022-01-26 20:00:00+00:00,114.553,114.74,114.426,114.718,18478
2022-01-27 00:00:00+00:00,114.713,114.779,114.486,114.656,33682
2022-01-27 04:00:00+00:00,114.649,114.791,114.59,114.764,26102
2022-01-27 08:00:00+00:00,114.78,115.243,114.71,115.2,28866
2022-01-27 12:00:00+00:00,115.202,115.463,115.151,115.438,32061
2022-01-27 16:00:00+00:00,115.425,115.481,115.166,115.304,19866
2022-01-27 20:00:00+00:00,115.306,115.392,115.258,115.35,14104
2022-01-28 00:00:00+00:00,115.362,115.473,115.336,115.352,23866
2022-01-28 04:00:00+00:00,115.36,115.67,115.344,115.644,22492
2022-01-28 08:00:00+00:00,115.653,115.672,115.469,115.642,23338
2022-01-28 12:00:00+00:00,115.654,115.665,115.137,115.186,34445
2022-01-28 16:00:00+00:00,115.186,115.329,115.156,115.219,17160
2022-01-28 20:00:00+00:00,115.228,115.275,115.177,115.2,5168
2022-01-30 00:00:00+00:00,115.24,115.24,115.24,115.24,1
2022-01-30 20:00:00+00:00,115.242,115.373,115.232,115.262,5437
2022-01-31 00:00:00+00:00,115.24,115.577,115.222,115.535,20933
2022-01-31 04:00:00+00:00,115.523,115.523,115.378,115.434,19640
2022-01-31 08:00:00+00:00,115.411,115.52,115.35,115.511,22416
2022-01-31 12:00:00+00:00,115.504,115.504,115.204,115.225,34082
2022-01-31 16:00:00+00:00,115.219,115.303,114.925,114.996,20875
2022-01-31 20:00:00+00:00,114.988,115.141,114.959,115.119,13834
2022-02-01 00:00:00+00:00,115.149,115.189,114.98,114.983,20437
2022-02-01 04:00:00+00:00,114.986,115.069,114.897,114.945,19554
2022-02-01 08:00:00+00:00,114.914,115.031,114.6,114.622,25383
2022-02-01 12:00:00+00:00,114.63,114.885,114.568,114.799,31359
2022-02-01 16:00:00+00:00,114.786,114.81,114.637,114.696,17621
2022-02-01 20:00:00+00:00,114.714,114.775,114.635,114.735,12664
2022-02-02 00:00:00+00:00,114.722,114.795,114.604,114.794,15509
2022-02-02 04:00:00+00:00,114.796,114.796,114.599,114.625,14184
2022-02-02 08:00:00+00:00,114.592,114.61,114.336,114.342,23911
2022-02-02 12:00:00+00:00,114.335,114.429,114.192,114.376,30324
2022-02-02 16:00:00+00:00,114.387,114.417,114.296,114.381,15844
2022-02-02 20:00:00+00:00,114.376,114.462,114.342,114.38,11257
2022-02-03 00:00:00+00:00,114.368,114.465,114.328,114.41,19421
2022-02-03 04:00:00+00:00,114.423,114.602,114.423,114.579,16353
2022-02-03 08:00:00+00:00,114.61,114.848,114.601,114.836,19196
2022-02-03 12:00:00+00:00,114.82,114.967,114.73,114.889,44618
2022-02-03 16:00:00+00:00,114.897,114.938,114.815,114.937,20136
2022-02-03 20:00:00+00:00,114.92,114.984,114.891,114.956,15366
2022-02-04 00:00:00+00:00,114.966,115.034,114.816,114.907,20984
2022-02-04 04:00:00+00:00,114.899,115.12,114.864,115.098,19286
2022-02-04 08:00:00+00:00,115.143,115.144,115.037,115.037,6953
2022-02-04 12:00:00+00:00,115.33,115.426,115.242,115.27,12038
2022-02-04 16:00:00+00:00,115.25,115.267,115.16,115.261,16398
2022-02-04 20:00:00+00:00,115.242,115.246,115.172,115.21,5328
2022-02-06 20:00:00+00:00,115.185,115.315,115.185,115.224,5820
2022-02-07 00:00:00+00:00,115.245,115.332,115.146,115.292,21031
2022-02-07 04:00:00+00:00,115.288,115.373,115.2,115.253,18197
2022-02-07 08:00:00+00:00,115.228,115.238,114.921,114.941,24289
2022-02-07 12:00:00+00:00,114.953,115.138,114.921,115.054,27841
2022-02-07 16:00:00+00:00,115.046,115.173,115.014,115.067,14994
2022-02-07 20:00:00+00:00,115.057,115.124,115.014,115.063,12608
2022-02-08 00:00:00+00:00,115.068,115.406,115.068,115.346,22169
2022-02-08 04:00:00+00:00,115.35,115.541,115.342,115.48,20677
2022-02-08 08:00:00+00:00,115.446,115.451,115.236,115.309,23556
2022-02-08 12:00:00+00:00,115.306,115.604,115.303,115.588,27341
2022-02-08 16:00:00+00:00,115.586,115.618,115.47,115.535,13527
2022-02-08 20:00:00+00:00,115.534,115.631,115.489,115.534,17138
2022-02-09 00:00:00+00:00,115.532,115.583,115.324,115.399,22432
2022-02-09 04:00:00+00:00,115.387,115.528,115.371,115.4,17703
2022-02-09 08:00:00+00:00,115.391,115.468,115.339,115.435,20690
2022-02-09 12:00:00+00:00,115.441,115.505,115.382,115.459,25324
2022-02-09 16:00:00+00:00,115.454,115.503,115.38,115.475,14699
2022-02-09 20:00:00+00:00,115.476,115.599,115.466,115.599,12527
2022-02-10 00:00:00+00:00,115.601,115.631,115.485,115.545,17415
2022-02-10 04:00:00+00:00,115.531,115.703,115.524,115.589,17512
2022-02-10 08:00:00+00:00,115.586,115.629,115.585,115.594,3419
2022-02-10 12:00:00+00:00,116.296,116.296,115.837,115.948,17573
2022-02-10 16:00:00+00:00,115.931,116.099,115.764,115.909,29764
2022-02-10 20:00:00+00:00,115.928,116.103,115.928,116.05,14635
2022-02-11 00:00:00+00:00,116.05,116.157,115.956,116.122,18363
2022-02-11 04:00:00+00:00,116.115,116.169,115.993,116.011,17949
2022-02-11 08:00:00+00:00,115.961,116.093,115.897,116.0,22398
2022-02-11 12:00:00+00:00,116.006,116.006,115.776,115.879,28918
2022-02-11 16:00:00+00:00,115.873,115.985,115.054,115.248,36034
2022-02-11 20:00:00+00:00,115.269,115.547,114.66,115.0,14141
2022-02-12 08:00:00+00:00,115.41,115.66,115.41,115.66,4
2022-02-13 20:00:00+00:00,115.285,115.587,115.155,115.584,6571
2022-02-14 00:00:00+00:00,115.559,115.569,115.286,115.507,26530
2022-02-14 04:00:00+00:00,115.505,115.539,115.302,115.406,22658
2022-02-14 08:00:00+00:00,115.383,115.383,115.022,115.107,34942
2022-02-14 12:00:00+00:00,115.172,115.645,115.118,115.587,40341
2022-02-14 16:00:00+00:00,115.549,115.738,115.369,115.661,26552
2022-02-14 20:00:00+00:00,115.63,115.63,115.452,115.535,16858
2022-02-15 00:00:00+00:00,115.539,115.548,115.321,115.419,23005
2022-02-15 04:00:00+00:00,115.429,115.429,115.261,115.346,22829
2022-02-15 08:00:00+00:00,115.328,115.701,115.328,115.657,34681
2022-02-15 12:00:00+00:00,115.626,115.872,115.575,115.743,33370
2022-02-15 16:00:00+00:00,115.717,115.736,115.593,115.631,15689
2022-02-15 20:00:00+00:00,115.62,115.65,115.567,115.64,13561
2022-02-16 00:00:00+00:00,115.623,115.739,115.623,115.694,18111
2022-02-16 04:00:00+00:00,115.696,115.704,115.62,115.638,16378
2022-02-16 08:00:00+00:00,115.625,115.773,115.612,115.677,25028
2022-02-16 12:00:00+00:00,115.66,115.753,115.394,115.43,33520
2022-02-16 16:00:00+00:00,115.432,115.553,115.375,115.4,21902
2022-02-16 20:00:00+00:00,115.399,115.488,115.352,115.39,12713
2022-02-17 00:00:00+00:00,115.364,115.528,115.155,115.182,21484
2022-02-17 04:00:00+00:00,115.177,115.361,115.159,115.295,36576
2022-02-17 08:00:00+00:00,115.277,115.342,114.971,115.061,32849
2022-02-17 12:00:00+00:00,115.086,115.13,114.86,114.963,39817
2022-02-17 16:00:00+00:00,114.958,115.065,114.877,114.877,18057
2022-02-17 20:00:00+00:00,114.895,115.0,114.817,114.854,17365
2022-02-18 00:00:00+00:00,114.849,115.22,114.79,115.125,29567
2022-02-18 04:00:00+00:00,115.137,115.221,115.061,115.12,17535
2022-02-18 08:00:00+00:00,115.127,115.263,115.106,115.159,23825
2022-02-18 12:00:00+00:00,115.153,115.171,114.968,115.15,32704
2022-02-18 16:00:00+00:00,115.139,115.153,115.001,115.076,19385
2022-02-18 20:00:00+00:00,115.081,115.106,114.964,114.974,6393
2022-02-20 20:00:00+00:00,114.909,115.038,114.87,114.956,4597
2022-02-21 00:00:00+00:00,114.939,115.105,114.876,114.952,21454
2022-02-21 04:00:00+00:00,114.925,115.019,114.921,114.929,14771
2022-02-21 08:00:00+00:00,114.938,114.96,114.801,114.868,19826
2022-02-21 12:00:00+00:00,114.871,114.947,114.82,114.844,22394
2022-02-21 16:00:00+00:00,114.836,114.846,114.755,114.767,12867
2022-02-21 20:00:00+00:00,114.774,114.839,114.5,114.608,17308
2022-02-22 00:00:00+00:00,114.583,114.782,114.521,114.611,35165
2022-02-22 04:00:00+00:00,114.63,114.775,114.627,114.739,29894
2022-02-22 08:00:00+00:00,114.746,115.082,114.746,115.079,38145
2022-02-22 12:00:00+00:00,115.091,115.233,115.024,115.056,33764
2022-02-22 16:00:00+00:00,115.077,115.105,114.876,115.079,22187
2022-02-22 20:00:00+00:00,115.079,115.106,114.962,115.098,12780
2022-02-23 00:00:00+00:00,115.099,115.12,114.99,115.019,14526
2022-02-23 04:00:00+00:00,115.018,115.082,114.994,115.068,15848
2022-02-23 08:00:00+00:00,115.081,115.156,114.996,115.088,22877
2022-02-23 12:00:00+00:00,115.094,115.184,114.966,115.033,27658
2022-02-23 16:00:00+00:00,115.03,115.125,114.922,114.964,18306
2022-02-23 20:00:00+00:00,114.971,115.025,114.885,114.896,13073
2022-02-24 00:00:00+00:00,114.916,115.101,114.666,114.686,48036
2022-02-24 04:00:00+00:00,114.71,114.717,114.414,114.622,54050
2022-02-24 08:00:00+00:00,114.62,114.817,114.588,114.782,47615
2022-02-24 12:00:00+00:00,114.783,115.605,114.629,115.601,50353
2022-02-24 16:00:00+00:00,115.622,115.691,115.268,115.691,30036
2022-02-24 20:00:00+00:00,115.635,115.69,115.443,115.547,19182
2022-02-25 00:00:00+00:00,115.555,115.607,115.18,115.242,40091
2022-02-25 04:00:00+00:00,115.256,115.342,115.152,115.287,26489
2022-02-25 08:00:00+00:00,115.268,115.495,115.197,115.472,33098
2022-02-25 12:00:00+00:00,115.475,115.627,115.447,115.574,41177
2022-02-25 16:00:00+00:00,115.538,115.756,115.538,115.594,18540
2022-02-25 20:00:00+00:00,115.585,115.589,115.507,115.531,6700
2022-02-26 16:00:00+00:00,115.56,115.56,115.53,115.53,2
2022-02-27 00:00:00+00:00,115.56,115.56,115.53,115.53,2
2022-02-27 04:00:00+00:00,115.56,115.56,115.53,115.53,2
2022-02-27 20:00:00+00:00,115.318,115.732,114.997,115.586,8845
2022-02-28 00:00:00+00:00,115.588,115.647,115.444,115.522,33394
2022-02-28 04:00:00+00:00,115.53,115.649,115.484,115.497,31797
2022-02-28 08:00:00+00:00,115.469,115.631,115.469,115.541,27231
2022-02-28 12:00:00+00:00,115.55,115.558,115.165,115.166,35228
2022-02-28 16:00:00+00:00,115.155,115.284,114.863,114.863,26328
2022-02-28 20:00:00+00:00,114.874,115.083,114.874,115.083,17083
2022-03-01 00:00:00+00:00,115.092,115.265,114.999,115.14,22328
2022-03-01 04:00:00+00:00,115.141,115.173,114.997,115.031,19214
2022-03-01 08:00:00+00:00,114.997,115.052,114.754,114.809,33433
2022-03-01 12:00:00+00:00,114.821,114.946,114.719,114.799,38958
2022-03-01 16:00:00+00:00,114.821,114.915,114.701,114.856,25911
2022-03-01 20:00:00+00:00,114.877,114.925,114.8,114.833,15098
2022-03-02 00:00:00+00:00,114.818,115.073,114.795,115.041,26170
2022-03-02 04:00:00+00:00,115.032,115.169,115.014,115.154,27057
2022-03-02 08:00:00+00:00,115.164,115.281,115.111,115.249,32271
2022-03-02 12:00:00+00:00,115.251,115.563,115.233,115.563,38322
2022-03-02 16:00:00+00:00,115.577,115.68,115.518,115.579,23134
2022-03-02 20:00:00+00:00,115.542,115.582,115.447,115.515,15154
2022-03-03 00:00:00+00:00,115.497,115.662,115.496,115.625,24080
2022-03-03 04:00:00+00:00,115.634,115.731,115.629,115.721,19085
2022-03-03 08:00:00+00:00,115.738,115.8,115.666,115.761,23475
2022-03-03 12:00:00+00:00,115.739,115.75,115.517,115.619,32408
2022-03-03 16:00:00+00:00,115.636,115.681,115.421,115.421,23561
2022-03-03 20:00:00+00:00,115.416,115.501,115.384,115.478,15738
2022-03-04 00:00:00+00:00,115.475,115.531,115.277,115.354,46463
2022-03-04 04:00:00+00:00,115.361,115.526,115.345,115.447,26684
2022-03-04 08:00:00+00:00,115.43,115.466,115.321,115.379,27815
2022-03-04 12:00:00+00:00,115.369,115.452,114.798,114.825,39178
2022-03-04 16:00:00+00:00,114.809,114.883,114.653,114.749,22691
2022-03-04 20:00:00+00:00,114.769,114.89,114.757,114.8,7872
2022-03-05 20:00:00+00:00,114.78,114.8,114.78,114.8,2
2022-03-06 20:00:00+00:00,114.762,114.953,114.762,114.952,7383
2022-03-07 00:00:00+00:00,114.939,115.055,114.839,114.889,31920
2022-03-07 04:00:00+00:00,114.888,115.111,114.868,115.008,27684
2022-03-07 08:00:00+00:00,115.023,115.136,114.913,115.08,31835
2022-03-07 12:00:00+00:00,115.098,115.429,115.089,115.383,38994
2022-03-07 16:00:00+00:00,115.368,115.47,115.263,115.3,24904
2022-03-07 20:00:00+00:00,115.313,115.375,115.22,115.368,13780
2022-03-08 00:00:00+00:00,115.383,115.494,115.328,115.446,28350
2022-03-08 04:00:00+00:00,115.435,115.527,115.374,115.446,28406
2022-03-08 08:00:00+00:00,115.466,115.696,115.384,115.633,31470
2022-03-08 12:00:00+00:00,115.636,115.776,115.432,115.587,34405
2022-03-08 16:00:00+00:00,115.6,115.745,115.578,115.739,26062
2022-03-08 20:00:00+00:00,115.73,115.743,115.612,115.722,13437
2022-03-09 00:00:00+00:00,115.742,115.917,115.727,115.837,22150
2022-03-09 04:00:00+00:00,115.836,115.877,115.715,115.877,18988
2022-03-09 08:00:00+00:00,115.868,115.941,115.743,115.915,23443
2022-03-09 12:00:00+00:00,115.926,115.926,115.579,115.812,29023
2022-03-09 16:00:00+00:00,115.82,115.892,115.718,115.844,19316
2022-03-09 20:00:00+00:00,115.834,115.947,115.788,115.908,13693
2022-03-10 00:00:00+00:00,115.91,116.191,115.884,116.169,20857
2022-03-10 04:00:00+00:00,116.167,116.167,115.921,115.921,17231
2022-03-10 08:00:00+00:00,115.913,116.026,115.825,115.936,26390
2022-03-10 12:00:00+00:00,115.937,116.189,115.852,115.972,35862
2022-03-10 16:00:00+00:00,115.965,116.145,115.95,116.102,15602
2022-03-10 20:00:00+00:00,116.085,116.209,116.051,116.175,12067
2022-03-11 00:00:00+00:00,116.16,116.475,116.15,116.453,21921
2022-03-11 04:00:00+00:00,116.46,116.793,116.428,116.719,24289
2022-03-11 08:00:00+00:00,116.706,117.053,116.706,116.89,26677
2022-03-11 12:00:00+00:00,116.896,116.995,116.824,116.994,27493
2022-03-11 16:00:00+00:00,116.987,117.35,116.987,117.35,16807
2022-03-11 20:00:00+00:00,117.329,117.337,117.242,117.278,5790
2022-03-13 20:00:00+00:00,117.35,117.591,117.312,117.532,4327
2022-03-14 00:00:00+00:00,117.505,117.874,117.467,117.818,20011
2022-03-14 04:00:00+00:00,117.823,117.835,117.628,117.724,17158
2022-03-14 08:00:00+00:00,117.732,118.059,117.699,117.953,23450
2022-03-14 12:00:00+00:00,117.95,118.017,117.836,117.998,23172
2022-03-14 16:00:00+00:00,118.016,118.186,117.905,118.186,12683
2022-03-14 20:00:00+00:00,118.192,118.296,118.124,118.216,12938
2022-03-15 00:00:00+00:00,118.218,118.433,118.112,118.332,26896
2022-03-15 04:00:00+00:00,118.337,118.393,117.871,117.978,23612
2022-03-15 08:00:00+00:00,117.995,118.083,117.742,117.9,23459
2022-03-15 12:00:00+00:00,117.871,118.247,117.795,118.193,28814
2022-03-15 16:00:00+00:00,118.199,118.388,118.191,118.295,15809
2022-03-15 20:00:00+00:00,118.294,118.347,118.263,118.311,7765
2022-03-16 00:00:00+00:00,118.313,118.419,118.201,118.229,21041
2022-03-16 04:00:00+00:00,118.225,118.373,118.178,118.366,17439
2022-03-16 08:00:00+00:00,118.359,118.37,118.199,118.24,19760
2022-03-16 12:00:00+00:00,118.234,118.5,118.234,118.492,28668
2022-03-16 16:00:00+00:00,118.476,119.048,118.443,118.608,36399
2022-03-16 20:00:00+00:00,118.57,118.99,118.57,118.87,21236
2022-03-17 00:00:00+00:00,118.89,118.998,118.6,118.702,30143
2022-03-17 04:00:00+00:00,118.698,118.846,118.67,118.67,22046
2022-03-17 08:00:00+00:00,118.672,118.756,118.512,118.629,22537
2022-03-17 12:00:00+00:00,118.609,118.83,118.429,118.438,26781
2022-03-17 16:00:00+00:00,118.432,118.656,118.376,118.642,15005
2022-03-17 20:00:00+00:00,118.647,118.668,118.484,118.484,11993
2022-03-18 00:00:00+00:00,118.49,118.794,118.49,118.778,20551
2022-03-18 04:00:00+00:00,118.769,118.998,118.726,118.864,16387
2022-03-18 08:00:00+00:00,118.863,119.109,118.787,119.038,17990
2022-03-18 12:00:00+00:00,119.048,119.387,119.026,119.189,27568
2022-03-18 16:00:00+00:00,119.161,119.201,119.086,119.13,14612
2022-03-18 20:00:00+00:00,119.131,119.224,119.106,119.208,2389
2022-03-20 20:00:00+00:00,118.936,119.302,118.936,119.263,4573
2022-03-21 00:00:00+00:00,119.261,119.28,119.138,119.196,9650
2022-03-21 04:00:00+00:00,119.194,119.293,119.178,119.207,12610
2022-03-21 08:00:00+00:00,119.183,119.272,119.106,119.17,18613
2022-03-21 12:00:00+00:00,119.165,119.269,119.1,119.163,22427
2022-03-21 16:00:00+00:00,119.146,119.483,119.12,119.483,21265
2022-03-21 20:00:00+00:00,119.48,119.622,119.436,119.591,10933
2022-03-22 00:00:00+00:00,119.594,120.006,119.594,119.906,26988
2022-03-22 04:00:00+00:00,119.908,120.488,119.908,120.465,23843
2022-03-22 08:00:00+00:00,120.452,120.977,120.342,120.777,30175
2022-03-22 12:00:00+00:00,120.753,120.899,120.402,120.668,33761
2022-03-22 16:00:00+00:00,120.634,120.821,120.527,120.764,17909
2022-03-22 20:00:00+00:00,120.764,121.376,120.757,121.339,17733
2022-03-23 00:00:00+00:00,121.265,121.3,120.823,121.079,29823
2022-03-23 04:00:00+00:00,121.08,121.16,120.985,121.058,19568
2022-03-23 08:00:00+00:00,121.085,121.085,120.804,120.804,27044
2022-03-23 12:00:00+00:00,120.853,121.133,120.628,121.029,34734
2022-03-23 16:00:00+00:00,121.024,121.151,120.989,121.117,16461
2022-03-23 20:00:00+00:00,121.119,121.176,121.045,121.123,9296
2022-03-24 00:00:00+00:00,121.135,121.278,120.98,121.222,25486
2022-03-24 04:00:00+00:00,121.234,121.726,121.19,121.632,23702
2022-03-24 08:00:00+00:00,121.661,121.718,121.476,121.576,26831
2022-03-24 12:00:00+00:00,121.589,122.103,121.559,122.049,32864
2022-03-24 16:00:00+00:00,122.06,122.392,122.04,122.313,19973
2022-03-24 20:00:00+00:00,122.316,122.43,122.242,122.35,12461
2022-03-25 00:00:00+00:00,122.295,122.295,121.534,121.597,34894
2022-03-25 04:00:00+00:00,121.605,121.932,121.202,121.741,29850
2022-03-25 08:00:00+00:00,121.754,121.806,121.43,121.663,26401
2022-03-25 12:00:00+00:00,121.633,122.217,121.633,121.992,39419
2022-03-25 16:00:00+00:00,121.981,122.184,121.96,122.142,23004
2022-03-25 20:00:00+00:00,122.136,122.204,122.007,122.07,2567
2022-03-26 12:00:00+00:00,122.04,122.08,122.04,122.08,2
2022-03-26 16:00:00+00:00,122.04,122.08,122.04,122.08,2
2022-03-27 16:00:00+00:00,121.937,121.971,121.937,121.971,4
2022-03-27 20:00:00+00:00,121.966,122.353,121.966,122.27,4664
2022-03-28 00:00:00+00:00,122.293,123.138,122.157,123.079,35199
2022-03-28 04:00:00+00:00,123.086,123.961,122.971,123.926,32763
2022-03-28 08:00:00+00:00,123.904,125.025,123.813,124.052,47381
2022-03-28 12:00:00+00:00,124.084,124.1,123.262,123.275,46784
2022-03-28 16:00:00+00:00,123.261,123.889,123.213,123.832,19844
2022-03-28 20:00:00+00:00,123.845,124.177,123.589,123.608,14117
2022-03-29 00:00:00+00:00,123.646,124.197,123.142,123.181,42851
2022-03-29 04:00:00+00:00,123.211,123.758,123.18,123.572,36577
2022-03-29 08:00:00+00:00,123.556,123.795,123.461,123.58,36359
2022-03-29 12:00:00+00:00,123.573,123.573,122.053,122.593,55306
2022-03-29 16:00:00+00:00,122.636,122.945,122.569,122.874,20920
2022-03-29 20:00:00+00:00,122.863,123.194,122.816,123.126,13342
2022-03-30 00:00:00+00:00,123.023,123.023,121.331,121.659,50803
2022-03-30 04:00:00+00:00,121.614,122.066,121.555,121.88,38781
2022-03-30 08:00:00+00:00,121.821,121.991,121.563,121.724,35309
2022-03-30 12:00:00+00:00,121.729,122.207,121.662,121.946,42497
2022-03-30 16:00:00+00:00,121.97,121.97,121.74,121.82,17157
2022-03-30 20:00:00+00:00,121.828,122.153,121.792,122.019,13326
2022-03-31 00:00:00+00:00,122.058,122.419,121.941,122.335,47366
2022-03-31 04:00:00+00:00,122.335,122.35,121.368,121.64,46931
2022-03-31 08:00:00+00:00,121.756,122.197,121.608,121.627,36965
2022-03-31 12:00:00+00:00,121.602,121.843,121.292,121.422,46278
2022-03-31 16:00:00+00:00,121.476,121.762,121.463,121.722,20046
2022-03-31 20:00:00+00:00,121.76,121.899,121.574,121.744,12699
2022-04-01 00:00:00+00:00,121.773,122.717,121.773,122.624,37073
2022-04-01 04:00:00+00:00,122.554,122.644,122.27,122.383,21245
2022-04-01 12:00:00+00:00,122.991,122.991,122.559,122.593,18608
2022-04-01 16:00:00+00:00,122.588,122.648,122.467,122.536,16005
2022-04-01 20:00:00+00:00,122.514,122.564,122.362,122.362,2256
2022-04-02 08:00:00+00:00,122.49,122.49,122.402,122.402,2
2022-04-03 16:00:00+00:00,122.43,122.618,122.43,122.6,16
2022-04-03 20:00:00+00:00,122.603,122.724,122.535,122.633,5449
2022-04-04 00:00:00+00:00,122.565,122.733,122.286,122.733,25099
2022-04-04 04:00:00+00:00,122.72,122.79,122.511,122.65,26517
2022-04-04 08:00:00+00:00,122.626,122.826,122.534,122.783,22892
2022-04-04 12:00:00+00:00,122.765,122.925,122.606,122.719,31530
2022-04-04 16:00:00+00:00,122.715,122.829,122.681,122.765,17872
2022-04-04 20:00:00+00:00,122.759,122.813,122.729,122.801,10222
2022-04-05 00:00:00+00:00,122.766,122.846,122.419,122.52,26571
2022-04-05 04:00:00+00:00,122.509,122.978,122.433,122.908,30713
2022-04-05 08:00:00+00:00,122.886,122.971,122.701,122.925,27210
2022-04-05 12:00:00+00:00,122.915,123.49,122.763,123.49,39766
2022-04-05 16:00:00+00:00,123.498,123.664,123.498,123.61,18915
2022-04-05 20:00:00+00:00,123.61,123.704,123.515,123.657,13989
2022-04-06 00:00:00+00:00,123.677,124.047,123.588,123.756,36479
2022-04-06 04:00:00+00:00,123.769,123.998,123.746,123.884,34666
2022-04-06 08:00:00+00:00,123.89,123.991,123.673,123.869,29394
2022-04-06 12:00:00+00:00,123.861,123.919,123.701,123.718,34023
2022-04-06 16:00:00+00:00,123.711,123.923,123.546,123.783,28021
2022-04-06 20:00:00+00:00,123.783,123.93,123.688,123.726,10536
2022-04-07 00:00:00+00:00,123.679,123.748,123.514,123.703,29169
2022-04-07 04:00:00+00:00,123.678,123.83,123.607,123.761,27301
2022-04-07 08:00:00+00:00,123.752,123.944,123.612,123.939,27972
2022-04-07 12:00:00+00:00,123.939,123.994,123.761,123.8,35500
2022-04-07 16:00:00+00:00,123.804,123.999,123.804,123.948,16699
2022-04-07 20:00:00+00:00,123.954,124.211,123.854,124.099,12679
2022-04-08 00:00:00+00:00,124.119,124.151,123.683,123.946,30747
2022-04-08 04:00:00+00:00,123.946,124.141,123.91,124.046,26131
2022-04-08 08:00:00+00:00,124.049,124.189,124.046,124.174,22694
2022-04-08 12:00:00+00:00,124.186,124.649,124.158,124.311,37535
2022-04-08 16:00:00+00:00,124.31,124.428,124.277,124.349,15048
2022-04-08 20:00:00+00:00,124.349,124.349,124.276,124.285,2471
2022-04-10 20:00:00+00:00,124.358,124.413,124.344,124.399,2261
2022-04-11 00:00:00+00:00,124.389,124.986,124.292,124.868,31684
2022-04-11 04:00:00+00:00,124.884,125.428,124.845,125.245,33417
2022-04-11 08:00:00+00:00,125.268,125.694,125.166,125.694,28560
2022-04-11 12:00:00+00:00,125.743,125.743,125.419,125.55,33823
2022-04-11 16:00:00+00:00,125.553,125.608,125.399,125.404,14116
2022-04-11 20:00:00+00:00,125.407,125.544,125.322,125.485,14785
2022-04-12 00:00:00+00:00,125.497,125.548,125.143,125.422,32770
2022-04-12 04:00:00+00:00,125.39,125.731,125.205,125.517,34217
2022-04-12 08:00:00+00:00,125.541,125.715,125.475,125.48,23491
2022-04-12 12:00:00+00:00,125.493,125.588,124.81,125.24,43369
2022-04-12 16:00:00+00:00,125.245,125.335,125.064,125.333,20653
2022-04-12 20:00:00+00:00,125.308,125.494,125.3,125.43,10145
2022-04-13 00:00:00+00:00,125.355,125.636,125.355,125.511,28252
2022-04-13 04:00:00+00:00,125.487,126.261,125.487,126.04,33967
2022-04-13 08:00:00+00:00,126.123,126.205,125.643,125.829,30169
2022-04-13 12:00:00+00:00,125.841,125.953,125.512,125.535,37201
2022-04-13 16:00:00+00:00,125.475,125.7,125.389,125.678,21067
2022-04-13 20:00:00+00:00,125.671,125.694,125.363,125.363,14250
2022-04-14 00:00:00+00:00,125.248,125.587,125.118,125.225,31521
2022-04-14 04:00:00+00:00,125.222,125.451,125.123,125.334,29712
2022-04-14 08:00:00+00:00,125.351,125.428,125.208,125.346,24603
2022-04-14 12:00:00+00:00,125.329,125.984,125.285,125.923,47412
2022-04-14 16:00:00+00:00,125.909,125.988,125.839,125.944,15313
2022-04-14 20:00:00+00:00,125.942,126.188,125.845,126.173,19168
2022-04-15 00:00:00+00:00,126.167,126.53,126.091,126.374,45175
2022-04-15 04:00:00+00:00,126.369,126.657,126.338,126.464,35888
2022-04-15 08:00:00+00:00,126.486,126.5,126.42,126.475,42957
2022-04-15 12:00:00+00:00,126.488,126.525,126.299,126.329,29530
2022-04-15 16:00:00+00:00,126.332,126.412,126.317,126.375,18610
2022-04-15 20:00:00+00:00,126.389,126.493,126.364,126.41,2250
2022-04-17 16:00:00+00:00,126.349,126.349,126.335,126.335,2
2022-04-17 20:00:00+00:00,126.369,126.697,126.366,126.612,7878
2022-04-18 00:00:00+00:00,126.603,126.768,126.271,126.668,29174
2022-04-18 04:00:00+00:00,126.67,126.672,126.449,126.638,19922
2022-04-18 08:00:00+00:00,126.63,126.684,126.535,126.544,14112
2022-04-18 12:00:00+00:00,126.567,126.794,126.36,126.776,24739
2022-04-18 16:00:00+00:00,126.772,126.98,126.762,126.94,14070
2022-04-18 20:00:00+00:00,126.945,127.209,126.945,127.143,12711
2022-04-19 00:00:00+00:00,127.134,127.959,127.026,127.92,36713
2022-04-19 04:00:00+00:00,127.917,128.312,127.832,128.064,38714
2022-04-19 08:00:00+00:00,128.079,128.441,128.079,128.198,29143
2022-04-19 12:00:00+00:00,128.239,128.898,128.1,128.544,39867
2022-04-19 16:00:00+00:00,128.553,128.967,128.553,128.862,18586
2022-04-19 20:00:00+00:00,128.888,129.392,128.849,129.33,21028
2022-04-20 00:00:00+00:00,129.242,129.39,128.073,128.352,54259
2022-04-20 04:00:00+00:00,128.427,128.732,128.387,128.67,38712
2022-04-20 08:00:00+00:00,128.653,128.702,127.648,127.878,37660
2022-04-20 12:00:00+00:00,127.87,128.264,127.506,127.768,41689
2022-04-20 16:00:00+00:00,127.766,127.908,127.676,127.714,20396
2022-04-20 20:00:00+00:00,127.727,128.199,127.72,127.977,14806
2022-04-21 00:00:00+00:00,128.032,128.622,128.025,128.315,38528
2022-04-21 04:00:00+00:00,128.319,128.432,127.89,128.02,38873
2022-04-21 08:00:00+00:00,128.043,128.264,127.84,128.231,26890
2022-04-21 12:00:00+00:00,128.206,128.697,128.056,128.598,36319
2022-04-21 16:00:00+00:00,128.598,128.67,128.072,128.284,24949
2022-04-21 20:00:00+00:00,128.255,128.495,128.25,128.438,14880
2022-04-22 00:00:00+00:00,128.482,128.687,128.371,128.46,36536
2022-04-22 04:00:00+00:00,128.478,128.52,127.809,128.069,42486
2022-04-22 08:00:00+00:00,128.14,128.519,128.08,128.27,28758
2022-04-22 12:00:00+00:00,128.283,129.057,128.159,128.79,43545
2022-04-22 16:00:00+00:00,128.786,128.923,128.439,128.536,22578
2022-04-22 20:00:00+00:00,128.536,128.56,127.86,128.281,2788
2022-04-23 08:00:00+00:00,128.321,128.56,128.321,128.321,6
2022-04-24 16:00:00+00:00,128.375,128.375,128.375,128.375,1
2022-04-24 20:00:00+00:00,128.5,128.849,128.479,128.607,7376
2022-04-25 00:00:00+00:00,128.652,128.833,128.269,128.362,40305
2022-04-25 04:00:00+00:00,128.386,128.589,128.005,128.201,40043
2022-04-25 08:00:00+00:00,128.204,128.42,127.905,128.167,35350
2022-04-25 12:00:00+00:00,128.202,128.26,127.539,127.672,47588
2022-04-25 16:00:00+00:00,127.642,128.078,127.569,128.017,23739
2022-04-25 20:00:00+00:00,128.034,128.207,127.741,127.775,16737
2022-04-26 00:00:00+00:00,127.798,128.075,127.393,128.024,45737
2022-04-26 04:00:00+00:00,128.006,128.196,127.742,127.892,40492
2022-04-26 08:00:00+00:00,127.895,128.034,127.491,127.547,32236
2022-04-26 12:00:00+00:00,127.576,127.602,127.05,127.368,44200
2022-04-26 16:00:00+00:00,127.357,127.681,127.357,127.423,22693
2022-04-26 20:00:00+00:00,127.442,127.449,127.009,127.264,18355
2022-04-27 00:00:00+00:00,127.294,127.811,127.278,127.717,38601
2022-04-27 04:00:00+00:00,127.7,128.062,127.515,127.992,38501
2022-04-27 08:00:00+00:00,127.988,128.159,127.802,128.06,32440
2022-04-27 12:00:00+00:00,128.082,128.564,127.921,128.45,42423
2022-04-27 16:00:00+00:00,128.429,128.439,128.197,128.31,20534
2022-04-27 20:00:00+00:00,128.341,128.544,128.341,128.438,13676
2022-04-28 00:00:00+00:00,128.463,129.853,128.385,129.7,42275
2022-04-28 04:00:00+00:00,129.71,130.648,129.553,130.592,48636
2022-04-28 08:00:00+00:00,130.623,130.964,130.195,130.919,41717
2022-04-28 12:00:00+00:00,130.894,131.229,130.398,130.936,51965
2022-04-28 16:00:00+00:00,130.907,131.128,130.813,130.883,23110
2022-04-28 20:00:00+00:00,130.889,130.946,130.778,130.786,10397
2022-04-29 00:00:00+00:00,130.703,130.793,130.383,130.645,27584
2022-04-29 04:00:00+00:00,130.656,130.663,130.002,130.004,34291
2022-04-29 08:00:00+00:00,130.041,130.491,129.794,130.009,40645
2022-04-29 12:00:00+00:00,130.035,130.368,129.487,129.817,51267
2022-04-29 16:00:00+00:00,129.822,129.868,129.318,129.755,26870
2022-04-29 20:00:00+00:00,129.778,129.921,129.583,129.682,3498
2022-05-01 16:00:00+00:00,129.39,129.539,129.39,129.539,2
2022-05-01 20:00:00+00:00,129.541,130.292,129.541,130.002,8018
2022-05-02 00:00:00+00:00,130.028,130.37,129.636,130.284,36220
2022-05-02 04:00:00+00:00,130.283,130.47,130.08,130.113,31002
2022-05-02 08:00:00+00:00,130.094,130.157,129.836,129.892,30201
2022-05-02 12:00:00+00:00,129.92,130.331,129.697,130.2,38221
2022-05-02 16:00:00+00:00,130.201,130.246,130.08,130.209,21404
2022-05-02 20:00:00+00:00,130.192,130.218,130.099,130.099,12230
2022-05-03 00:00:00+00:00,130.047,130.092,129.873,129.986,21441
2022-05-03 04:00:00+00:00,129.982,130.282,129.979,130.19,27886
2022-05-03 08:00:00+00:00,130.189,130.204,129.909,129.909,29626
2022-05-03 12:00:00+00:00,129.882,130.074,129.717,130.074,41829
2022-05-03 16:00:00+00:00,130.109,130.196,130.06,130.121,22539
2022-05-03 20:00:00+00:00,130.127,130.168,130.04,130.125,10157
2022-05-04 00:00:00+00:00,130.16,130.193,130.08,130.132,16230
2022-05-04 04:00:00+00:00,130.137,130.182,130.08,130.098,25348
2022-05-04 08:00:00+00:00,130.096,130.098,129.896,129.939,23452
2022-05-04 12:00:00+00:00,129.922,130.11,129.805,129.976,38604
2022-05-04 16:00:00+00:00,129.987,130.29,128.692,129.133,53279
2022-05-04 20:00:00+00:00,129.16,129.529,129.053,129.235,17845
2022-05-05 00:00:00+00:00,129.215,129.278,128.758,129.098,32263
2022-05-05 04:00:00+00:00,129.104,129.738,129.104,129.689,35507
2022-05-05 08:00:00+00:00,129.669,129.995,129.576,129.992,38689
2022-05-05 12:00:00+00:00,129.957,130.424,129.74,130.404,53443
2022-05-05 16:00:00+00:00,130.402,130.54,129.997,130.014,33578
2022-05-05 20:00:00+00:00,130.044,130.346,130.031,130.32,16302
2022-05-06 00:00:00+00:00,130.326,130.795,130.225,130.607,39603
2022-05-06 04:00:00+00:00,130.587,130.689,130.343,130.522,36200
2022-05-06 08:00:00+00:00,130.54,130.562,130.245,130.428,34457
2022-05-06 12:00:00+00:00,130.434,130.694,130.211,130.365,56107
2022-05-06 16:00:00+00:00,130.348,130.633,130.284,130.544,25071
2022-05-06 20:00:00+00:00,130.542,130.6,130.423,130.463,2594
2022-05-08 16:00:00+00:00,130.141,130.141,130.138,130.138,3
2022-05-08 20:00:00+00:00,130.438,130.771,130.438,130.737,5872
2022-05-09 00:00:00+00:00,130.78,131.043,130.678,130.965,35629
2022-05-09 04:00:00+00:00,130.941,131.333,130.891,131.2,34178
2022-05-09 08:00:00+00:00,131.178,131.234,131.001,131.023,30610
2022-05-09 12:00:00+00:00,131.02,131.02,130.145,130.391,46595
2022-05-09 16:00:00+00:00,130.344,130.428,130.138,130.211,25195
2022-05-09 20:00:00+00:00,130.213,130.562,130.213,130.381,17226
2022-05-10 00:00:00+00:00,130.405,130.451,129.815,130.253,47747
2022-05-10 04:00:00+00:00,130.28,130.527,130.226,130.352,37295
2022-05-10 08:00:00+00:00,130.332,130.332,129.878,130.076,31403
2022-05-10 12:00:00+00:00,130.076,130.447,129.925,130.218,42999
2022-05-10 16:00:00+00:00,130.196,130.439,130.08,130.371,22723
2022-05-10 20:00:00+00:00,130.362,130.452,130.29,130.366,14918
2022-05-11 00:00:00+00:00,130.381,130.459,130.261,130.388,28940
2022-05-11 04:00:00+00:00,130.379,130.486,129.904,129.975,33807
2022-05-11 08:00:00+00:00,129.927,130.064,129.613,129.812,33897
2022-05-11 12:00:00+00:00,129.805,130.805,129.789,130.202,61555
2022-05-11 16:00:00+00:00,130.208,130.218,129.502,129.943,37189
2022-05-11 20:00:00+00:00,129.956,130.063,129.824,129.845,16182
2022-05-12 00:00:00+00:00,129.748,129.9,129.515,129.824,42640
2022-05-12 04:00:00+00:00,129.83,129.83,128.661,128.839,52101
2022-05-12 08:00:00+00:00,128.866,128.866,128.448,128.524,51984
2022-05-12 12:00:00+00:00,128.528,128.726,127.543,128.101,59230
2022-05-12 16:00:00+00:00,128.136,128.439,128.096,128.439,34254
2022-05-12 20:00:00+00:00,128.444,128.631,128.201,128.602,20861
2022-05-13 00:00:00+00:00,128.582,129.288,128.353,129.085,44622
2022-05-13 04:00:00+00:00,129.068,129.13,128.504,128.803,42990
2022-05-13 08:00:00+00:00,128.822,129.085,128.707,129.055,34175
2022-05-13 12:00:00+00:00,129.012,129.444,128.875,129.233,45363
2022-05-13 16:00:00+00:00,129.245,129.427,129.221,129.324,24035
2022-05-13 20:00:00+00:00,129.312,129.346,129.163,129.25,2685
2022-05-15 16:00:00+00:00,129.125,129.26,129.125,129.23,3
2022-05-15 20:00:00+00:00,129.34,129.498,129.135,129.409,8015
2022-05-16 00:00:00+00:00,129.407,129.567,128.728,128.909,40591
2022-05-16 04:00:00+00:00,128.89,129.385,128.83,129.359,33222
2022-05-16 08:00:00+00:00,129.323,129.49,129.249,129.486,25799
2022-05-16 12:00:00+00:00,129.481,129.603,129.006,129.138,40659
2022-05-16 16:00:00+00:00,129.16,129.396,129.021,129.109,22579
2022-05-16 20:00:00+00:00,129.108,129.2,128.873,128.947,16217
2022-05-17 00:00:00+00:00,128.861,129.437,128.846,129.341,37148
2022-05-17 04:00:00+00:00,129.343,129.426,129.213,129.39,32257
2022-05-17 08:00:00+00:00,129.393,129.551,129.207,129.323,34191
2022-05-17 12:00:00+00:00,129.346,129.756,129.072,129.317,39710
2022-05-17 16:00:00+00:00,129.338,129.468,129.201,129.382,26636
2022-05-17 20:00:00+00:00,129.378,129.527,129.34,129.422,17052
2022-05-18 00:00:00+00:00,129.399,129.441,129.078,129.125,36971
2022-05-18 04:00:00+00:00,129.159,129.337,128.954,129.322,36642
2022-05-18 08:00:00+00:00,129.308,129.343,129.065,129.106,27068
2022-05-18 12:00:00+00:00,129.109,129.123,128.134,128.214,43578
2022-05-18 16:00:00+00:00,128.273,128.343,128.023,128.249,28005
2022-05-18 20:00:00+00:00,128.256,128.455,127.912,127.93,22864
2022-05-19 00:00:00+00:00,127.976,128.853,127.908,128.749,41420
2022-05-19 04:00:00+00:00,128.771,128.934,128.016,128.231,44806
2022-05-19 08:00:00+00:00,128.173,128.173,127.588,127.934,46434
2022-05-19 12:00:00+00:00,127.927,127.964,127.068,127.616,60936
2022-05-19 16:00:00+00:00,127.64,127.744,127.517,127.711,32099
2022-05-19 20:00:00+00:00,127.717,127.938,127.672,127.851,18940
2022-05-20 00:00:00+00:00,127.783,128.194,127.57,127.611,40187
2022-05-20 04:00:00+00:00,127.642,128.101,127.577,127.938,43810
2022-05-20 08:00:00+00:00,127.912,128.273,127.888,128.046,35301
2022-05-20 12:00:00+00:00,128.086,128.227,127.738,127.859,47778
2022-05-20 16:00:00+00:00,127.864,127.884,127.602,127.854,30879
2022-05-20 20:00:00+00:00,127.872,127.939,127.816,127.92,4378
2022-05-22 16:00:00+00:00,127.721,127.751,127.721,127.751,2
2022-05-22 20:00:00+00:00,127.755,128.045,127.755,127.891,4694
2022-05-23 00:00:00+00:00,127.808,127.95,127.166,127.373,32096
2022-05-23 04:00:00+00:00,127.371,127.908,127.309,127.592,33502
2022-05-23 08:00:00+00:00,127.623,127.66,127.364,127.615,31813
2022-05-23 12:00:00+00:00,127.607,127.882,127.495,127.809,41811
2022-05-23 16:00:00+00:00,127.784,127.941,127.743,127.896,18849
2022-05-23 20:00:00+00:00,127.928,127.932,127.743,127.819,17113
2022-05-24 00:00:00+00:00,127.805,128.063,127.63,127.781,31541
2022-05-24 04:00:00+00:00,127.765,127.765,127.262,127.28,30745
2022-05-24 08:00:00+00:00,127.259,127.519,127.11,127.388,32777
2022-05-24 12:00:00+00:00,127.359,127.456,126.366,126.556,52280
2022-05-24 16:00:00+00:00,126.607,126.888,126.47,126.878,26929
2022-05-24 20:00:00+00:00,126.875,126.911,126.729,126.735,19274
2022-05-25 00:00:00+00:00,126.695,127.156,126.664,127.082,38657
2022-05-25 04:00:00+00:00,127.118,127.272,126.862,127.12,34462
2022-05-25 08:00:00+00:00,127.147,127.177,126.853,126.973,32311
2022-05-25 12:00:00+00:00,126.964,127.419,126.802,127.316,44706
2022-05-25 16:00:00+00:00,127.315,127.486,127.255,127.303,28227
2022-05-25 20:00:00+00:00,127.322,127.33,127.068,127.151,18867
2022-05-26 00:00:00+00:00,127.167,127.576,127.167,127.399,35713
2022-05-26 04:00:00+00:00,127.406,127.448,126.569,126.6,39270
2022-05-26 08:00:00+00:00,126.61,127.135,126.576,127.031,37235
2022-05-26 12:00:00+00:00,127.035,127.416,126.925,127.224,41302
2022-05-26 16:00:00+00:00,127.229,127.373,127.037,127.1,20327
2022-05-26 20:00:00+00:00,127.1,127.159,127.003,127.104,17315
2022-05-27 00:00:00+00:00,127.004,127.163,126.684,126.812,38569
2022-05-27 04:00:00+00:00,126.819,127.195,126.739,127.131,30457
2022-05-27 08:00:00+00:00,127.104,127.164,126.881,126.918,29999
2022-05-27 12:00:00+00:00,126.905,127.219,126.812,127.146,39008
2022-05-27 16:00:00+00:00,127.141,127.186,127.022,127.126,14750
2022-05-27 20:00:00+00:00,127.121,127.138,127.08,127.08,2190
2022-05-29 16:00:00+00:00,126.921,127.163,126.921,127.163,4
2022-05-29 20:00:00+00:00,127.037,127.334,126.99,127.269,3980
2022-05-30 00:00:00+00:00,127.279,127.303,126.868,126.979,28070
2022-05-30 04:00:00+00:00,126.948,127.364,126.948,127.364,25903
2022-05-30 08:00:00+00:00,127.365,127.43,127.249,127.426,20470
2022-05-30 12:00:00+00:00,127.429,127.804,127.429,127.536,26108
2022-05-30 16:00:00+00:00,127.53,127.599,127.514,127.563,9731
2022-05-30 20:00:00+00:00,127.544,127.852,127.508,127.784,15004
2022-05-31 00:00:00+00:00,127.794,128.324,127.794,128.079,36309
2022-05-31 04:00:00+00:00,128.062,128.126,127.656,127.751,33984
2022-05-31 08:00:00+00:00,127.749,128.229,127.673,128.179,31446
2022-05-31 12:00:00+00:00,128.23,128.873,128.195,128.537,45686
2022-05-31 16:00:00+00:00,128.537,128.769,128.47,128.72,18295
2022-05-31 20:00:00+00:00,128.734,128.76,128.632,128.735,10863
2022-06-01 00:00:00+00:00,128.797,129.163,128.797,129.132,32703
2022-06-01 04:00:00+00:00,129.15,129.538,129.114,129.404,30031
2022-06-01 08:00:00+00:00,129.424,129.602,129.251,129.555,21198
2022-06-01 12:00:00+00:00,129.511,130.132,129.209,130.102,42830
2022-06-01 16:00:00+00:00,130.073,130.178,129.956,130.17,20464
2022-06-01 20:00:00+00:00,130.179,130.222,130.098,130.125,20269
2022-06-02 00:00:00+00:00,130.111,130.205,129.902,130.084,31562
2022-06-02 04:00:00+00:00,130.085,130.085,129.792,129.891,26261
2022-06-02 08:00:00+00:00,129.874,129.965,129.614,129.674,21019
2022-06-02 12:00:00+00:00,129.706,130.024,129.524,129.838,38444
2022-06-02 16:00:00+00:00,129.855,129.876,129.719,129.854,15684
2022-06-02 20:00:00+00:00,129.858,129.956,129.8,129.937,13245
2022-06-03 00:00:00+00:00,129.953,130.019,129.691,129.838,26545
2022-06-03 04:00:00+00:00,129.832,130.035,129.804,129.882,20845
2022-06-03 08:00:00+00:00,129.879,130.187,129.872,130.133,20301
2022-06-03 12:00:00+00:00,130.138,130.964,130.089,130.952,39468
2022-06-03 16:00:00+00:00,130.951,130.971,130.799,130.858,15131
2022-06-03 20:00:00+00:00,130.849,130.873,130.798,130.817,2483
2022-06-04 04:00:00+00:00,130.86,130.86,130.83,130.83,2
2022-06-05 16:00:00+00:00,130.895,130.934,130.847,130.863,15
2022-06-05 20:00:00+00:00,130.848,130.981,130.729,130.734,6015
2022-06-06 00:00:00+00:00,130.686,130.83,130.467,130.491,30983
2022-06-06 04:00:00+00:00,130.444,130.814,130.444,130.769,32344
2022-06-06 08:00:00+00:00,130.784,130.825,130.614,130.651,19386
2022-06-06 12:00:00+00:00,130.674,131.671,130.657,131.556,28768
2022-06-06 16:00:00+00:00,131.551,132.003,131.502,131.844,15949
2022-06-06 20:00:00+00:00,131.865,132.288,131.844,132.173,13817
2022-06-07 00:00:00+00:00,132.144,132.751,132.094,132.604,37127
2022-06-07 04:00:00+00:00,132.6,132.998,132.583,132.764,40650
2022-06-07 08:00:00+00:00,132.782,132.865,132.549,132.859,29662
2022-06-07 12:00:00+00:00,132.869,132.891,132.378,132.535,13679
2022-06-07 16:00:00+00:00,132.536,132.659,132.482,132.636,18266
2022-06-07 20:00:00+00:00,132.645,132.841,132.54,132.823,11941
2022-06-08 00:00:00+00:00,132.848,133.205,132.732,133.055,33537
2022-06-08 04:00:00+00:00,133.059,133.624,133.013,133.579,36989
2022-06-08 08:00:00+00:00,133.609,134.124,133.583,133.984,37543
2022-06-08 12:00:00+00:00,133.928,134.447,133.653,134.027,47748
2022-06-08 16:00:00+00:00,134.06,134.277,133.913,134.254,22196
2022-06-08 20:00:00+00:00,134.247,134.511,134.17,134.454,14529
2022-06-09 00:00:00+00:00,134.429,134.499,133.859,133.946,35398
2022-06-09 04:00:00+00:00,133.939,134.189,133.402,133.48,39596
2022-06-09 08:00:00+00:00,133.452,133.771,133.215,133.707,35842
2022-06-09 12:00:00+00:00,133.763,134.303,133.615,134.067,54912
2022-06-09 16:00:00+00:00,134.09,134.427,134.035,134.427,21438
2022-06-09 20:00:00+00:00,134.44,134.466,134.281,134.392,14916
2022-06-10 00:00:00+00:00,134.36,134.36,133.939,134.093,33900
2022-06-10 04:00:00+00:00,134.072,134.219,133.383,133.61,39458
2022-06-10 08:00:00+00:00,133.63,133.995,133.62,133.952,28287
2022-06-10 12:00:00+00:00,133.935,134.312,133.594,134.196,53587
2022-06-10 16:00:00+00:00,134.204,134.392,134.174,134.38,22835
2022-06-10 20:00:00+00:00,134.376,134.479,134.228,134.37,2906
2022-06-11 04:00:00+00:00,134.42,134.42,134.4,134.4,2
2022-06-12 16:00:00+00:00,134.12,134.12,134.081,134.081,2
2022-06-12 20:00:00+00:00,134.2,134.843,134.2,134.787,9915
2022-06-13 00:00:00+00:00,134.808,134.987,134.68,134.911,38519
2022-06-13 04:00:00+00:00,134.903,135.151,134.466,134.592,50379
2022-06-13 08:00:00+00:00,134.616,134.65,134.173,134.502,37944
2022-06-13 12:00:00+00:00,134.452,134.452,133.601,134.127,52926
2022-06-13 16:00:00+00:00,134.09,134.651,133.944,134.362,34795
2022-06-13 20:00:00+00:00,134.361,134.512,134.22,134.236,20750
2022-06-14 00:00:00+00:00,134.192,134.71,133.87,134.571,51401
2022-06-14 04:00:00+00:00,134.536,134.768,134.273,134.422,51864
2022-06-14 08:00:00+00:00,134.427,134.547,134.026,134.517,41012
2022-06-14 12:00:00+00:00,134.488,134.965,134.249,134.897,51068
2022-06-14 16:00:00+00:00,134.911,135.436,134.756,135.175,32532
2022-06-14 20:00:00+00:00,135.184,135.561,135.144,135.275,19034
2022-06-15 00:00:00+00:00,135.27,135.293,134.88,135.084,43083
2022-06-15 04:00:00+00:00,135.076,135.135,134.544,134.702,53291
2022-06-15 08:00:00+00:00,134.702,134.766,134.298,134.519,43890
2022-06-15 12:00:00+00:00,134.505,134.811,134.423,134.497,46154
2022-06-15 16:00:00+00:00,134.485,134.896,133.545,133.727,50499
2022-06-15 20:00:00+00:00,133.729,134.216,133.509,134.05,23098
2022-06-16 00:00:00+00:00,134.046,134.673,133.971,134.303,39884
2022-06-16 04:00:00+00:00,134.297,134.628,134.203,134.239,46167
2022-06-16 08:00:00+00:00,134.25,134.316,132.358,132.845,64094
2022-06-16 12:00:00+00:00,132.821,132.978,131.543,131.668,55391
2022-06-16 16:00:00+00:00,131.698,132.227,131.556,132.051,42065
2022-06-16 20:00:00+00:00,132.051,132.69,132.051,132.419,27309
2022-06-17 00:00:00+00:00,132.331,134.525,132.183,134.218,56003
2022-06-17 04:00:00+00:00,134.161,134.549,133.78,134.296,58167
2022-06-17 08:00:00+00:00,134.358,134.895,134.229,134.692,49992
2022-06-17 12:00:00+00:00,134.691,135.38,134.446,135.16,50088
2022-06-17 16:00:00+00:00,135.149,135.16,134.859,134.973,26574
2022-06-17 20:00:00+00:00,134.996,135.004,134.878,134.945,3501
2022-06-18 04:00:00+00:00,134.96,134.96,134.955,134.955,2
2022-06-18 08:00:00+00:00,134.955,134.96,134.955,134.955,4
2022-06-19 16:00:00+00:00,134.81,134.839,134.81,134.839,2
2022-06-19 20:00:00+00:00,134.867,135.375,134.867,135.294,9485
2022-06-20 00:00:00+00:00,135.326,135.42,134.683,134.845,54557
2022-06-20 04:00:00+00:00,134.859,135.085,134.563,134.657,48473
2022-06-20 08:00:00+00:00,134.678,134.948,134.625,134.945,32511
2022-06-20 12:00:00+00:00,134.955,135.12,134.859,135.01,29922
2022-06-20 16:00:00+00:00,135.019,135.14,135.009,135.019,9911
2022-06-20 20:00:00+00:00,135.022,135.182,135.0,135.098,19025
2022-06-21 00:00:00+00:00,134.988,135.198,134.957,134.986,44903
2022-06-21 04:00:00+00:00,134.996,135.255,134.996,135.21,41526
2022-06-21 08:00:00+00:00,135.26,136.225,135.193,136.177,38901
2022-06-21 12:00:00+00:00,136.197,136.312,135.932,136.25,45947
2022-06-21 16:00:00+00:00,136.232,136.63,136.209,136.63,23055
2022-06-21 20:00:00+00:00,136.652,136.703,136.283,136.325,22800
2022-06-22 00:00:00+00:00,136.259,136.482,136.051,136.203,44337
2022-06-22 04:00:00+00:00,136.194,136.611,136.143,136.234,43703
2022-06-22 08:00:00+00:00,136.258,136.305,135.846,136.054,40876
2022-06-22 12:00:00+00:00,136.003,136.126,135.71,136.067,55465
2022-06-22 16:00:00+00:00,136.057,136.288,136.02,136.238,24565
2022-06-22 20:00:00+00:00,136.243,136.261,135.877,135.989,16499
2022-06-23 00:00:00+00:00,135.954,136.185,135.186,135.345,50241
2022-06-23 04:00:00+00:00,135.336,135.868,135.285,135.366,48203
2022-06-23 08:00:00+00:00,135.437,135.656,135.269,135.583,43703
2022-06-23 12:00:00+00:00,135.569,135.569,134.303,134.725,64230
2022-06-23 16:00:00+00:00,134.74,134.989,134.684,134.931,32544
2022-06-23 20:00:00+00:00,134.93,134.988,134.77,134.818,16426
2022-06-24 00:00:00+00:00,134.742,135.201,134.573,134.678,40062
2022-06-24 04:00:00+00:00,134.647,134.87,134.384,134.526,42592
2022-06-24 08:00:00+00:00,134.593,135.25,134.593,135.25,40585
2022-06-24 12:00:00+00:00,135.22,135.244,134.752,135.214,53537
2022-06-24 16:00:00+00:00,135.226,135.389,135.104,135.199,22842
2022-06-24 20:00:00+00:00,135.211,135.237,135.012,135.161,3104
2022-06-26 16:00:00+00:00,134.655,134.852,134.655,134.852,2
2022-06-26 20:00:00+00:00,134.991,135.211,134.796,135.056,6541
2022-06-27 00:00:00+00:00,134.981,135.084,134.538,134.833,45562
2022-06-27 04:00:00+00:00,134.836,135.152,134.669,135.072,41007
2022-06-27 08:00:00+00:00,135.067,135.463,134.958,135.435,34734
2022-06-27 12:00:00+00:00,135.452,135.519,135.04,135.293,49235
2022-06-27 16:00:00+00:00,135.266,135.485,135.216,135.447,24891
2022-06-27 20:00:00+00:00,135.459,135.481,135.316,135.437,17853
2022-06-28 00:00:00+00:00,135.459,135.572,135.138,135.31,41096
2022-06-28 04:00:00+00:00,135.31,135.816,135.248,135.756,42789
2022-06-28 08:00:00+00:00,135.78,136.251,135.64,136.091,40018
2022-06-28 12:00:00+00:00,136.105,136.305,135.967,136.199,50454
2022-06-28 16:00:00+00:00,136.194,136.359,136.072,136.183,27293
2022-06-28 20:00:00+00:00,136.209,136.242,135.996,136.044,17268
2022-06-29 00:00:00+00:00,136.021,136.224,135.912,136.173,40472
2022-06-29 04:00:00+00:00,136.195,136.259,135.821,136.016,49034
2022-06-29 08:00:00+00:00,136.055,136.563,136.049,136.493,43166
2022-06-29 12:00:00+00:00,136.486,136.988,136.361,136.482,54280
2022-06-29 16:00:00+00:00,136.523,136.612,136.345,136.588,26668
2022-06-29 20:00:00+00:00,136.594,136.666,136.507,136.623,24188
2022-06-30 00:00:00+00:00,136.62,136.8,136.511,136.605,41525
2022-06-30 04:00:00+00:00,136.637,136.637,136.011,136.216,47195
2022-06-30 08:00:00+00:00,136.21,136.436,136.143,136.287,38605
2022-06-30 12:00:00+00:00,136.282,136.321,135.693,135.703,51433
2022-06-30 16:00:00+00:00,135.68,135.758,135.552,135.69,29200
2022-06-30 20:00:00+00:00,135.709,135.865,135.532,135.797,18408
2022-07-01 00:00:00+00:00,135.776,135.972,135.026,135.122,47022
2022-07-01 04:00:00+00:00,135.134,135.325,134.773,135.306,53362
2022-07-01 08:00:00+00:00,135.266,135.648,135.051,135.281,40633
2022-07-01 12:00:00+00:00,135.236,135.521,134.806,135.115,56303
2022-07-01 16:00:00+00:00,135.084,135.374,135.069,135.29,24386
2022-07-01 20:00:00+00:00,135.297,135.317,135.08,135.08,2930
2022-07-03 16:00:00+00:00,135.049,135.049,135.049,135.049,1
2022-07-03 20:00:00+00:00,135.266,135.322,135.002,135.002,8296
2022-07-04 00:00:00+00:00,135.047,135.176,134.804,135.168,41701
2022-07-04 04:00:00+00:00,135.159,135.508,135.07,135.446,39829
2022-07-04 08:00:00+00:00,135.427,135.536,135.256,135.324,28864
2022-07-04 12:00:00+00:00,135.323,135.748,135.314,135.683,27149
2022-07-04 16:00:00+00:00,135.694,135.724,135.666,135.69,15415
2022-07-04 20:00:00+00:00,135.698,135.932,135.575,135.865,19452
2022-07-05 00:00:00+00:00,135.836,136.345,135.815,136.127,36365
2022-07-05 04:00:00+00:00,136.151,136.327,136.018,136.087,40042
2022-07-05 08:00:00+00:00,136.073,136.182,135.583,135.98,42235
2022-07-05 12:00:00+00:00,135.981,136.1,135.559,135.689,57909
2022-07-05 16:00:00+00:00,135.764,135.864,135.631,135.773,25617
2022-07-05 20:00:00+00:00,135.776,135.91,135.434,135.539,19673
2022-07-06 00:00:00+00:00,135.544,135.761,135.143,135.365,44776
2022-07-06 04:00:00+00:00,135.356,135.667,135.036,135.427,48622
2022-07-06 08:00:00+00:00,135.439,135.49,135.088,135.384,39145
2022-07-06 12:00:00+00:00,135.109,135.982,135.002,135.666,53756
2022-07-06 16:00:00+00:00,135.67,135.982,135.621,135.868,32434
2022-07-06 20:00:00+00:00,135.878,136.077,135.787,135.953,19249
2022-07-07 00:00:00+00:00,135.993,136.047,135.553,135.732,39564
2022-07-07 04:00:00+00:00,135.738,136.149,135.59,136.128,41435
2022-07-07 08:00:00+00:00,136.145,136.2,135.661,135.689,38204
2022-07-07 12:00:00+00:00,135.665,136.01,135.58,136.001,42181
2022-07-07 16:00:00+00:00,135.984,136.106,135.926,135.987,19384
2022-07-07 20:00:00+00:00,135.996,136.056,135.902,135.919,12354
2022-07-08 00:00:00+00:00,135.942,136.141,135.336,135.596,47283
2022-07-08 04:00:00+00:00,135.601,135.897,135.443,135.832,48828
2022-07-08 08:00:00+00:00,135.841,135.965,135.543,135.832,35902
2022-07-08 12:00:00+00:00,135.868,136.55,135.815,136.173,52915
2022-07-08 16:00:00+00:00,136.174,136.196,136.042,136.057,19178
2022-07-08 20:00:00+00:00,136.053,136.118,135.978,136.1,2443
2022-07-09 08:00:00+00:00,136.08,136.08,136.06,136.06,2
2022-07-10 16:00:00+00:00,135.834,135.874,135.834,135.874,2
2022-07-10 20:00:00+00:00,135.89,136.343,135.89,136.296,5153
2022-07-11 00:00:00+00:00,136.33,137.248,136.28,137.018,42104
2022-07-11 04:00:00+00:00,137.028,137.135,136.746,136.806,41648
2022-07-11 08:00:00+00:00,136.822,137.347,136.777,137.345,31302
2022-07-11 12:00:00+00:00,137.32,137.733,137.288,137.288,42242
2022-07-11 16:00:00+00:00,137.327,137.445,137.257,137.38,19950
2022-07-11 20:00:00+00:00,137.383,137.444,137.283,137.414,16907
2022-07-12 00:00:00+00:00,137.333,137.351,137.037,137.24,41596
2022-07-12 04:00:00+00:00,137.264,137.513,137.201,137.34,46359
2022-07-12 08:00:00+00:00,137.299,137.308,136.633,136.778,42742
2022-07-12 12:00:00+00:00,136.787,136.845,136.504,136.676,50723
2022-07-12 16:00:00+00:00,136.686,136.83,136.657,136.81,23390
2022-07-12 20:00:00+00:00,136.811,136.899,136.709,136.732,17581
2022-07-13 00:00:00+00:00,136.696,137.249,136.696,137.121,38094
2022-07-13 04:00:00+00:00,137.115,137.237,136.946,137.04,42411
2022-07-13 08:00:00+00:00,137.043,137.188,136.986,137.045,29357
2022-07-13 12:00:00+00:00,137.069,137.838,137.065,137.349,64003
2022-07-13 16:00:00+00:00,137.347,137.382,137.123,137.307,31721
2022-07-13 20:00:00+00:00,137.34,137.646,137.323,137.629,24292
2022-07-14 00:00:00+00:00,137.687,138.121,137.589,138.019,44093
2022-07-14 04:00:00+00:00,138.01,139.145,138.007,139.099,47411
2022-07-14 08:00:00+00:00,139.13,139.377,138.671,138.865,46717
2022-07-14 12:00:00+00:00,138.883,139.345,138.733,138.93,60481
2022-07-14 16:00:00+00:00,138.942,139.164,138.723,138.904,38696
2022-07-14 20:00:00+00:00,138.931,139.107,138.893,138.977,18718
2022-07-15 00:00:00+00:00,139.005,139.082,138.777,139.002,39671
2022-07-15 04:00:00+00:00,139.032,139.053,138.564,138.914,41090
2022-07-15 08:00:00+00:00,138.883,138.898,138.652,138.693,32372
2022-07-15 12:00:00+00:00,138.661,138.886,138.426,138.554,52735
2022-07-15 16:00:00+00:00,138.561,138.626,138.485,138.535,18597
2022-07-15 20:00:00+00:00,138.5,138.553,138.24,138.346,2907
2022-07-16 16:00:00+00:00,138.446,138.446,138.446,138.446,2
2022-07-17 16:00:00+00:00,138.34,138.35,138.34,138.35,2
2022-07-17 20:00:00+00:00,138.478,138.566,138.295,138.295,5416
2022-07-18 00:00:00+00:00,138.3,138.404,138.032,138.331,30346
2022-07-18 04:00:00+00:00,138.333,138.351,138.038,138.086,37827
2022-07-18 08:00:00+00:00,138.069,138.326,137.897,138.279,31921
2022-07-18 12:00:00+00:00,138.279,138.429,137.99,138.239,39341
2022-07-18 16:00:00+00:00,138.234,138.234,137.997,138.063,20831
2022-07-18 20:00:00+00:00,138.071,138.335,138.045,138.246,20931
2022-07-19 00:00:00+00:00,138.231,138.387,137.991,137.996,34118
2022-07-19 04:00:00+00:00,138.033,138.103,137.712,137.738,38226
2022-07-19 08:00:00+00:00,137.735,137.795,137.408,137.478,34156
2022-07-19 12:00:00+00:00,137.515,137.961,137.457,137.939,41574
2022-07-19 16:00:00+00:00,137.947,138.238,137.868,138.225,19499
2022-07-19 20:00:00+00:00,138.232,138.239,138.142,138.187,19554
2022-07-20 00:00:00+00:00,138.157,138.366,137.933,138.095,32610
2022-07-20 04:00:00+00:00,138.1,138.298,137.919,138.134,35474
2022-07-20 08:00:00+00:00,138.134,138.262,138.071,138.145,34228
2022-07-20 12:00:00+00:00,138.142,138.217,137.969,138.17,40294
2022-07-20 16:00:00+00:00,138.176,138.285,138.175,138.214,20225
2022-07-20 20:00:00+00:00,138.224,138.457,137.978,138.416,20134
2022-07-21 00:00:00+00:00,138.454,138.537,138.008,138.282,43789
2022-07-21 04:00:00+00:00,138.271,138.648,138.082,138.587,48218
2022-07-21 08:00:00+00:00,138.599,138.876,138.471,138.754,41264
2022-07-21 12:00:00+00:00,138.758,138.798,137.712,137.966,61753
2022-07-21 16:00:00+00:00,137.994,137.994,137.499,137.516,25281
2022-07-21 20:00:00+00:00,137.554,137.561,137.038,137.075,19172
2022-07-22 00:00:00+00:00,137.071,137.735,137.046,137.652,35734
2022-07-22 04:00:00+00:00,137.649,137.949,137.522,137.582,39142
2022-07-22 08:00:00+00:00,137.581,137.734,136.826,136.893,41510
2022-07-22 12:00:00+00:00,136.919,136.983,135.628,136.135,58557
2022-07-22 16:00:00+00:00,136.165,136.27,135.891,135.991,28912
2022-07-22 20:00:00+00:00,136.027,136.11,135.49,136.08,3994
2022-07-23 08:00:00+00:00,136.05,136.08,136.05,136.08,4
2022-07-24 16:00:00+00:00,135.825,135.875,135.825,135.875,2
2022-07-24 20:00:00+00:00,135.935,136.403,135.935,136.335,6161
2022-07-25 00:00:00+00:00,136.368,136.587,135.932,136.267,41007
2022-07-25 04:00:00+00:00,136.263,136.46,136.086,136.408,37510
2022-07-25 08:00:00+00:00,136.375,136.627,136.24,136.612,32956
2022-07-25 12:00:00+00:00,136.636,136.787,136.444,136.727,39716
2022-07-25 16:00:00+00:00,136.735,136.743,136.596,136.646,17004
2022-07-25 20:00:00+00:00,136.637,136.694,136.352,136.412,11028
2022-07-26 00:00:00+00:00,136.44,136.555,136.294,136.533,31091
2022-07-26 04:00:00+00:00,136.532,136.728,136.468,136.655,30270
2022-07-26 08:00:00+00:00,136.618,136.808,136.476,136.657,31383
2022-07-26 12:00:00+00:00,136.693,136.715,136.307,136.625,42960
2022-07-26 16:00:00+00:00,136.608,136.824,136.582,136.824,18265
2022-07-26 20:00:00+00:00,136.815,136.978,136.8,136.962,15975
2022-07-27 00:00:00+00:00,136.962,137.134,136.812,136.955,31145
2022-07-27 04:00:00+00:00,136.96,137.044,136.834,136.985,30268
2022-07-27 08:00:00+00:00,136.956,136.97,136.551,136.771,29424
2022-07-27 12:00:00+00:00,136.762,137.347,136.762,137.347,39077
2022-07-27 16:00:00+00:00,137.292,137.411,136.389,136.51,46353
2022-07-27 20:00:00+00:00,136.51,136.617,136.102,136.115,18445
2022-07-28 00:00:00+00:00,136.139,136.396,135.119,135.359,48312
2022-07-28 04:00:00+00:00,135.394,135.777,135.263,135.579,42576
2022-07-28 08:00:00+00:00,135.575,135.738,135.3,135.711,36478
2022-07-28 12:00:00+00:00,135.668,135.683,134.343,134.444,58952
2022-07-28 16:00:00+00:00,134.463,134.624,134.207,134.283,22332
2022-07-28 20:00:00+00:00,134.293,134.577,134.207,134.404,19836
2022-07-29 00:00:00+00:00,134.299,134.665,133.016,133.169,49219
2022-07-29 04:00:00+00:00,133.143,133.429,132.544,132.769,56694
2022-07-29 08:00:00+00:00,132.762,133.558,132.754,133.445,41203
2022-07-29 12:00:00+00:00,133.447,134.552,133.217,133.217,59514
2022-07-29 16:00:00+00:00,133.288,133.506,133.263,133.354,23598
2022-07-29 20:00:00+00:00,133.342,133.345,133.169,133.23,4365
2022-07-31 16:00:00+00:00,133.245,133.291,133.245,133.291,2
2022-07-31 20:00:00+00:00,133.241,133.553,133.198,133.369,5404
2022-08-01 00:00:00+00:00,133.387,133.387,132.138,132.585,45337
2022-08-01 04:00:00+00:00,132.576,132.63,132.1,132.55,42555
2022-08-01 08:00:00+00:00,132.591,132.625,131.917,132.413,44106
2022-08-01 12:00:00+00:00,132.455,132.489,131.619,131.82,54983
2022-08-01 16:00:00+00:00,131.786,131.981,131.63,131.643,22414
2022-08-01 20:00:00+00:00,131.632,131.719,131.403,131.403,16535
2022-08-02 00:00:00+00:00,131.45,131.507,130.453,130.841,50645
2022-08-02 04:00:00+00:00,130.851,131.063,130.45,130.827,50301
2022-08-02 08:00:00+00:00,130.787,131.158,130.7,130.99,40478
2022-08-02 12:00:00+00:00,131.048,132.381,130.656,132.31,61221
2022-08-02 16:00:00+00:00,132.357,133.073,132.145,133.073,40891
2022-08-02 20:00:00+00:00,133.123,133.569,132.886,133.344,22944
2022-08-03 00:00:00+00:00,133.32,133.887,132.606,132.606,52128
2022-08-03 04:00:00+00:00,132.511,133.396,132.312,133.214,55512
2022-08-03 08:00:00+00:00,133.27,133.514,132.98,133.466,42949
2022-08-03 12:00:00+00:00,133.493,134.491,133.46,134.203,56563
2022-08-03 16:00:00+00:00,134.195,134.199,133.778,133.944,26894
2022-08-03 20:00:00+00:00,133.924,134.12,133.795,133.92,15770
2022-08-04 00:00:00+00:00,133.878,133.948,133.442,133.788,39053
2022-08-04 04:00:00+00:00,133.796,134.279,133.674,134.155,41762
2022-08-04 08:00:00+00:00,134.148,134.402,133.746,133.787,40051
2022-08-04 12:00:00+00:00,133.811,133.856,133.069,133.283,57394
2022-08-04 16:00:00+00:00,133.296,133.296,132.775,132.871,26598
2022-08-04 20:00:00+00:00,132.888,133.13,132.534,132.62,21102
2022-08-05 00:00:00+00:00,132.674,133.324,132.674,133.224,39981
2022-08-05 04:00:00+00:00,133.258,133.463,133.117,133.302,37218
2022-08-05 08:00:00+00:00,133.267,133.311,132.868,133.144,30070
2022-08-05 12:00:00+00:00,133.174,135.485,133.079,135.306,62158
2022-08-05 16:00:00+00:00,135.37,135.396,134.881,135.044,28921
2022-08-05 20:00:00+00:00,135.007,135.052,134.805,134.805,3437
2022-08-06 08:00:00+00:00,134.97,134.98,134.97,134.97,9
2022-08-06 12:00:00+00:00,134.98,134.98,134.98,134.98,1
2022-08-07 16:00:00+00:00,134.834,134.834,134.834,134.834,1
2022-08-07 20:00:00+00:00,134.816,135.305,134.816,135.061,9364
2022-08-08 00:00:00+00:00,135.153,135.535,135.075,135.121,45238
2022-08-08 04:00:00+00:00,135.111,135.464,134.938,134.987,44287
2022-08-08 08:00:00+00:00,135.046,135.196,134.609,134.799,35498
2022-08-08 12:00:00+00:00,134.77,134.976,134.406,134.722,46475
2022-08-08 16:00:00+00:00,134.718,135.102,134.597,135.072,20038
2022-08-08 20:00:00+00:00,135.038,135.05,134.812,134.837,19316
2022-08-09 00:00:00+00:00,134.89,135.016,134.679,134.926,36698
2022-08-09 04:00:00+00:00,134.936,135.14,134.836,134.884,35933
2022-08-09 08:00:00+00:00,134.937,135.08,134.743,135.077,38371
2022-08-09 12:00:00+00:00,135.041,135.188,134.85,134.951,38293
2022-08-09 16:00:00+00:00,134.957,135.197,134.922,135.121,17230
2022-08-09 20:00:00+00:00,135.13,135.193,135.057,135.193,13071
2022-08-10 00:00:00+00:00,135.195,135.285,134.92,134.949,28827
2022-08-10 04:00:00+00:00,134.937,135.094,134.893,134.946,24608
2022-08-10 08:00:00+00:00,134.941,135.043,134.81,134.815,20960
2022-08-10 12:00:00+00:00,134.827,135.018,132.05,132.576,50606
2022-08-10 16:00:00+00:00,132.598,133.058,132.353,132.91,26184
2022-08-10 20:00:00+00:00,132.928,132.97,132.734,132.815,11179
2022-08-11 00:00:00+00:00,132.692,133.286,132.633,133.162,32158
2022-08-11 04:00:00+00:00,133.149,133.187,132.435,132.435,37162
2022-08-11 08:00:00+00:00,132.458,132.691,132.317,132.375,24473
2022-08-11 12:00:00+00:00,132.331,132.853,131.822,132.684,47220
2022-08-11 16:00:00+00:00,132.689,133.112,132.619,133.112,20855
2022-08-11 20:00:00+00:00,133.105,133.116,132.886,132.997,11919
2022-08-12 00:00:00+00:00,132.963,133.487,132.944,133.283,33919
2022-08-12 04:00:00+00:00,133.314,133.411,133.084,133.261,33306
2022-08-12 08:00:00+00:00,133.277,133.879,133.192,133.82,27377
2022-08-12 12:00:00+00:00,133.869,133.869,133.472,133.58,40667
2022-08-12 16:00:00+00:00,133.578,133.597,133.438,133.483,13361
2022-08-12 20:00:00+00:00,133.483,133.529,133.421,133.433,2264
2022-08-14 16:00:00+00:00,133.246,133.32,133.246,133.32,2
2022-08-14 20:00:00+00:00,133.37,133.592,133.231,133.311,4761
2022-08-15 00:00:00+00:00,133.328,133.368,132.973,133.186,39912
2022-08-15 04:00:00+00:00,133.182,133.528,133.155,133.517,31913
2022-08-15 08:00:00+00:00,133.514,133.514,133.165,133.184,26026
2022-08-15 12:00:00+00:00,133.164,133.286,132.581,133.144,36679
2022-08-15 16:00:00+00:00,133.163,133.33,133.113,133.298,14624
2022-08-15 20:00:00+00:00,133.298,133.349,133.053,133.135,14996
2022-08-16 00:00:00+00:00,133.143,133.478,132.967,133.345,37542
2022-08-16 04:00:00+00:00,133.359,133.78,133.278,133.667,33417
2022-08-16 08:00:00+00:00,133.654,134.473,133.648,134.391,28587
2022-08-16 12:00:00+00:00,134.404,134.651,134.215,134.387,34254
2022-08-16 16:00:00+00:00,134.379,134.455,134.169,134.195,14452
2022-08-16 20:00:00+00:00,134.204,134.319,134.104,134.285,9232
2022-08-17 00:00:00+00:00,134.329,134.419,133.923,134.137,32088
2022-08-17 04:00:00+00:00,134.13,134.831,134.09,134.796,35038
2022-08-17 08:00:00+00:00,134.872,135.176,134.658,135.159,26179
2022-08-17 12:00:00+00:00,135.093,135.492,134.942,135.411,34115
2022-08-17 16:00:00+00:00,135.396,135.47,134.818,135.024,25058
2022-08-17 20:00:00+00:00,135.018,135.173,134.91,134.954,9809
2022-08-18 00:00:00+00:00,135.012,135.078,134.75,135.069,29604
2022-08-18 04:00:00+00:00,135.056,135.409,135.001,135.297,31966
2022-08-18 08:00:00+00:00,135.264,135.34,134.806,134.806,24438
2022-08-18 12:00:00+00:00,134.789,135.334,134.658,135.3,35344
2022-08-18 16:00:00+00:00,135.285,135.9,135.285,135.887,17776
2022-08-18 20:00:00+00:00,135.884,135.899,134.877,135.807,9950
2022-08-19 00:00:00+00:00,135.859,136.361,135.859,136.303,33868
2022-08-19 04:00:00+00:00,136.324,136.665,136.146,136.661,30684
2022-08-19 08:00:00+00:00,136.71,137.118,136.399,137.022,27596
2022-08-19 12:00:00+00:00,137.042,137.21,136.753,137.017,33249
2022-08-19 16:00:00+00:00,137.008,137.008,136.761,136.79,14816
2022-08-19 20:00:00+00:00,136.783,136.923,136.781,136.857,2027
2022-08-20 04:00:00+00:00,136.93,136.93,136.897,136.897,2
2022-08-21 20:00:00+00:00,136.897,136.897,136.897,136.897,1
2022-08-22 04:00:00+00:00,137.276,137.276,136.797,136.844,20557
2022-08-22 08:00:00+00:00,136.838,137.079,136.708,136.98,27177
2022-08-22 12:00:00+00:00,137.005,137.641,137.005,137.573,31329
2022-08-22 16:00:00+00:00,137.573,137.577,137.34,137.44,15448
2022-08-22 20:00:00+00:00,137.458,137.61,137.433,137.568,10329
2022-08-23 00:00:00+00:00,137.541,137.703,137.108,137.201,31183
2022-08-23 04:00:00+00:00,137.196,137.395,137.071,137.272,35447
2022-08-23 08:00:00+00:00,137.281,137.526,137.179,137.37,21409
2022-08-23 12:00:00+00:00,137.353,137.637,135.831,136.37,44467
2022-08-23 16:00:00+00:00,136.347,136.885,136.341,136.796,17308
2022-08-23 20:00:00+00:00,136.799,136.84,136.62,136.744,13071
2022-08-24 00:00:00+00:00,136.81,137.01,136.289,136.803,30197
2022-08-24 04:00:00+00:00,136.808,136.836,136.38,136.543,31366
2022-08-24 08:00:00+00:00,136.555,136.836,136.185,136.714,27139
2022-08-24 12:00:00+00:00,136.681,137.222,136.577,136.928,40385
2022-08-24 16:00:00+00:00,136.972,137.191,136.931,137.099,15597
2022-08-24 20:00:00+00:00,137.082,137.144,136.976,137.099,11796
2022-08-25 00:00:00+00:00,137.152,137.18,136.621,136.816,31427
2022-08-25 04:00:00+00:00,136.802,136.841,136.443,136.48,37067
2022-08-25 08:00:00+00:00,136.491,136.589,136.33,136.4,27884
2022-08-25 12:00:00+00:00,136.422,136.935,136.417,136.837,39351
2022-08-25 16:00:00+00:00,136.855,136.89,136.405,136.515,17899
2022-08-25 20:00:00+00:00,136.526,136.619,136.37,136.564,11144
2022-08-26 00:00:00+00:00,136.512,136.784,136.512,136.659,25771
2022-08-26 04:00:00+00:00,136.665,136.875,136.662,136.859,11216
2022-08-26 08:00:00+00:00,137.003,137.03,136.816,136.977,20584
2022-08-26 12:00:00+00:00,136.967,137.439,136.4,137.074,61431
2022-08-26 16:00:00+00:00,137.044,137.475,137.044,137.45,23550
2022-08-26 20:00:00+00:00,137.386,137.568,137.386,137.49,2325
2022-08-27 04:00:00+00:00,137.52,137.55,137.52,137.55,2
2022-08-28 16:00:00+00:00,137.607,137.607,137.548,137.548,2
2022-08-28 20:00:00+00:00,137.663,138.192,137.556,138.159,6379
2022-08-29 00:00:00+00:00,138.115,138.648,138.101,138.586,34423
2022-08-29 04:00:00+00:00,138.553,138.991,138.553,138.698,38117
2022-08-29 08:00:00+00:00,138.701,138.858,138.364,138.575,28578
2022-08-29 12:00:00+00:00,138.537,138.847,138.326,138.746,39285
2022-08-29 16:00:00+00:00,138.765,138.865,138.644,138.696,19580
2022-08-29 20:00:00+00:00,138.701,138.77,138.588,138.631,11053
2022-08-30 00:00:00+00:00,138.638,138.657,138.424,138.575,34070
2022-08-30 04:00:00+00:00,138.584,138.639,138.39,138.453,41080
2022-08-30 08:00:00+00:00,138.452,138.452,138.057,138.194,31254
2022-08-30 12:00:00+00:00,138.201,139.038,138.201,138.729,49067
2022-08-30 16:00:00+00:00,138.716,138.793,138.618,138.721,21602
2022-08-30 20:00:00+00:00,138.754,138.843,138.711,138.759,18036
2022-08-31 00:00:00+00:00,138.747,138.777,138.447,138.592,32311
2022-08-31 04:00:00+00:00,138.601,138.612,138.291,138.602,34075
2022-08-31 08:00:00+00:00,138.607,138.88,138.537,138.751,32606
2022-08-31 12:00:00+00:00,138.744,138.842,138.475,138.711,46135
2022-08-31 16:00:00+00:00,138.713,138.943,138.635,138.916,21958
2022-08-31 20:00:00+00:00,138.903,139.415,138.901,139.33,18267
2022-09-01 00:00:00+00:00,139.305,139.643,139.305,139.525,37126
2022-09-01 04:00:00+00:00,139.511,139.571,139.169,139.279,38590
2022-09-01 08:00:00+00:00,139.305,139.362,139.085,139.225,31173
2022-09-01 12:00:00+00:00,139.256,140.205,139.197,139.931,47597
2022-09-01 16:00:00+00:00,139.9,140.224,139.877,140.2,22169
2022-09-01 20:00:00+00:00,140.202,140.252,140.046,140.083,11243
2022-09-02 00:00:00+00:00,139.998,140.195,139.888,140.15,30012
2022-09-02 04:00:00+00:00,140.141,140.424,140.141,140.246,33329
2022-09-02 08:00:00+00:00,140.275,140.483,140.262,140.435,23812
2022-09-02 12:00:00+00:00,140.44,140.775,139.939,140.049,53162
2022-09-02 16:00:00+00:00,140.036,140.309,140.03,140.241,24215
2022-09-02 20:00:00+00:00,140.207,140.238,139.994,140.202,3384
2022-09-04 16:00:00+00:00,140.077,140.077,139.922,139.922,2
2022-09-04 20:00:00+00:00,140.154,140.538,139.962,140.538,5848
2022-09-05 00:00:00+00:00,140.504,140.504,140.13,140.34,42749
2022-09-05 04:00:00+00:00,140.332,140.586,140.297,140.572,44099
2022-09-05 08:00:00+00:00,140.574,140.574,140.392,140.505,33030
2022-09-05 12:00:00+00:00,140.521,140.645,140.487,140.487,27137
2022-09-05 16:00:00+00:00,140.488,140.565,140.488,140.547,7800
2022-09-05 20:00:00+00:00,140.554,140.601,140.353,140.432,16548
2022-09-06 00:00:00+00:00,140.439,140.596,140.259,140.593,34204
2022-09-06 04:00:00+00:00,140.588,141.714,140.573,141.54,47050
2022-09-06 08:00:00+00:00,141.569,142.071,141.527,141.909,39703
2022-09-06 12:00:00+00:00,141.925,142.956,141.878,142.948,52594
2022-09-06 16:00:00+00:00,142.976,143.057,142.766,142.805,24358
2022-09-06 20:00:00+00:00,142.817,143.468,142.736,143.141,23507
2022-09-07 00:00:00+00:00,143.15,144.059,142.965,143.989,53555
2022-09-07 04:00:00+00:00,144.012,144.348,143.781,143.904,55504
2022-09-07 08:00:00+00:00,143.93,144.973,143.93,144.968,49124
2022-09-07 12:00:00+00:00,144.95,144.95,144.226,144.385,52434
2022-09-07 16:00:00+00:00,144.397,144.442,143.69,143.718,29406
2022-09-07 20:00:00+00:00,143.719,144.294,143.667,144.093,17433
2022-09-08 00:00:00+00:00,144.03,144.512,143.945,144.006,40762
2022-09-08 04:00:00+00:00,143.947,144.104,143.5,143.821,45242
2022-09-08 08:00:00+00:00,143.828,144.111,143.357,143.481,35329
2022-09-08 12:00:00+00:00,143.43,144.385,143.428,144.072,58371
2022-09-08 16:00:00+00:00,144.062,144.223,143.88,144.017,24094
2022-09-08 20:00:00+00:00,144.034,144.113,143.806,143.874,20848
2022-09-09 00:00:00+00:00,143.917,143.936,143.087,143.145,47409
2022-09-09 04:00:00+00:00,143.204,143.204,142.156,142.361,56272
2022-09-09 08:00:00+00:00,142.403,142.614,141.537,142.541,46040
2022-09-09 12:00:00+00:00,142.684,142.765,142.175,142.444,57314
2022-09-09 16:00:00+00:00,142.481,142.761,142.481,142.691,24243
2022-09-09 20:00:00+00:00,142.709,142.709,142.5,142.5,3174
2022-09-10 04:00:00+00:00,142.52,142.52,142.51,142.51,2
2022-09-10 12:00:00+00:00,142.5,142.5,142.5,142.5,1
2022-09-11 16:00:00+00:00,142.157,142.252,142.157,142.252,2
2022-09-11 20:00:00+00:00,142.17,142.735,142.047,142.555,5830
2022-09-12 00:00:00+00:00,142.527,143.023,142.364,142.949,35940
2022-09-12 04:00:00+00:00,142.955,143.486,142.658,142.767,46908
2022-09-12 08:00:00+00:00,142.829,142.925,142.446,142.552,39551
2022-09-12 12:00:00+00:00,142.571,142.837,142.265,142.442,45731
2022-09-12 16:00:00+00:00,142.41,142.837,142.178,142.826,23156
2022-09-12 20:00:00+00:00,142.834,142.853,142.55,142.582,18406
2022-09-13 00:00:00+00:00,142.651,142.717,142.33,142.504,44089
2022-09-13 04:00:00+00:00,142.503,142.59,142.051,142.254,43164
2022-09-13 08:00:00+00:00,142.224,142.397,141.906,142.037,37243
2022-09-13 12:00:00+00:00,142.065,144.649,141.837,144.317,70820
2022-09-13 16:00:00+00:00,144.303,144.504,144.15,144.472,39843
2022-09-13 20:00:00+00:00,144.5,144.933,144.335,144.458,21264
2022-09-14 00:00:00+00:00,144.483,144.814,144.188,144.408,44425
2022-09-14 04:00:00+00:00,144.391,144.437,143.31,143.31,53588
2022-09-14 08:00:00+00:00,143.315,143.699,142.913,143.385,52369
2022-09-14 12:00:00+00:00,143.333,143.414,142.576,142.927,56347
2022-09-14 16:00:00+00:00,142.928,143.21,142.834,143.187,23282
2022-09-14 20:00:00+00:00,143.198,143.202,142.798,142.911,17977
2022-09-15 00:00:00+00:00,142.961,143.465,142.949,143.412,44618
2022-09-15 04:00:00+00:00,143.396,143.789,143.304,143.566,43330
2022-09-15 08:00:00+00:00,143.591,143.676,143.24,143.511,40999
2022-09-15 12:00:00+00:00,143.548,143.67,143.157,143.57,56230
2022-09-15 16:00:00+00:00,143.58,143.606,143.342,143.457,27584
2022-09-15 20:00:00+00:00,143.469,143.507,143.302,143.337,17794
2022-09-16 00:00:00+00:00,143.356,143.488,142.886,143.368,38332
2022-09-16 04:00:00+00:00,143.367,143.671,143.226,143.454,42013
2022-09-16 08:00:00+00:00,143.442,143.469,142.98,143.077,33870
2022-09-16 12:00:00+00:00,143.087,143.332,142.875,143.041,44332
2022-09-16 16:00:00+00:00,143.049,143.049,142.859,142.906,19136
2022-09-16 20:00:00+00:00,142.91,142.979,142.676,142.686,2816
2022-09-17 04:00:00+00:00,143.72,143.72,142.786,142.786,2
2022-09-18 16:00:00+00:00,142.851,142.851,142.836,142.836,2
2022-09-18 20:00:00+00:00,142.864,143.113,142.65,142.758,6959
2022-09-19 00:00:00+00:00,142.758,143.205,142.687,143.17,32616
2022-09-19 04:00:00+00:00,143.166,143.518,143.125,143.511,36235
2022-09-19 08:00:00+00:00,143.499,143.626,143.362,143.626,34504
2022-09-19 12:00:00+00:00,143.627,143.627,143.183,143.343,42521
2022-09-19 16:00:00+00:00,143.34,143.385,143.168,143.168,23405
2022-09-19 20:00:00+00:00,143.166,143.336,143.166,143.183,18631
2022-09-20 00:00:00+00:00,143.091,143.296,142.963,143.191,39490
2022-09-20 04:00:00+00:00,143.189,143.521,143.189,143.463,37875
2022-09-20 08:00:00+00:00,143.523,143.78,143.468,143.622,34948
2022-09-20 12:00:00+00:00,143.604,143.914,143.517,143.641,41770
2022-09-20 16:00:00+00:00,143.63,143.697,143.533,143.675,23351
2022-09-20 20:00:00+00:00,143.663,143.754,143.556,143.583,20423
2022-09-21 00:00:00+00:00,143.528,143.868,143.494,143.836,44375
2022-09-21 04:00:00+00:00,143.827,144.068,143.379,143.744,53810
2022-09-21 08:00:00+00:00,143.751,144.184,143.667,144.074,40161
2022-09-21 12:00:00+00:00,144.096,144.177,143.89,144.141,42376
2022-09-21 16:00:00+00:00,144.149,144.592,143.438,143.863,54456
2022-09-21 20:00:00+00:00,143.868,144.521,143.868,144.246,21443
2022-09-22 00:00:00+00:00,144.316,145.267,144.103,144.841,55605
2022-09-22 04:00:00+00:00,144.847,145.895,144.689,145.768,57237
2022-09-22 08:00:00+00:00,145.782,145.822,140.895,141.255,71710
2022-09-22 12:00:00+00:00,141.362,142.354,140.403,142.165,62093
2022-09-22 16:00:00+00:00,142.168,142.491,142.101,142.343,31567
2022-09-22 20:00:00+00:00,142.347,142.571,142.25,142.25,19985
2022-09-23 00:00:00+00:00,142.21,142.421,141.792,142.215,40727
2022-09-23 04:00:00+00:00,142.233,142.411,142.105,142.276,50455
2022-09-23 08:00:00+00:00,142.319,143.233,142.286,142.795,63079
2022-09-23 12:00:00+00:00,142.806,143.317,142.695,143.177,61495
2022-09-23 16:00:00+00:00,143.178,143.455,143.084,143.291,32777
2022-09-23 20:00:00+00:00,143.307,143.362,143.175,143.273,4148
2022-09-24 04:00:00+00:00,143.32,143.373,143.32,143.373,4
2022-09-25 16:00:00+00:00,143.077,143.253,143.077,143.253,2
2022-09-25 20:00:00+00:00,143.648,143.77,143.277,143.527,11065
2022-09-26 00:00:00+00:00,143.52,144.147,143.433,143.962,58284
2022-09-26 04:00:00+00:00,143.954,144.227,143.634,143.824,66292
2022-09-26 08:00:00+00:00,143.812,144.357,143.588,144.203,50831
2022-09-26 12:00:00+00:00,144.14,144.483,143.822,144.468,58194
2022-09-26 16:00:00+00:00,144.461,144.785,144.461,144.58,38930
2022-09-26 20:00:00+00:00,144.562,144.734,144.466,144.466,23231
2022-09-27 00:00:00+00:00,144.464,144.622,144.281,144.411,55812
2022-09-27 04:00:00+00:00,144.398,144.549,144.092,144.271,56752
2022-09-27 08:00:00+00:00,144.324,144.493,144.227,144.444,45005
2022-09-27 12:00:00+00:00,144.456,144.826,144.382,144.711,61183
2022-09-27 16:00:00+00:00,144.72,144.889,144.699,144.832,29659
2022-09-27 20:00:00+00:00,144.833,144.872,144.692,144.707,17700
2022-09-28 00:00:00+00:00,144.677,144.835,144.546,144.706,52018
2022-09-28 04:00:00+00:00,144.711,144.801,144.497,144.564,50146
2022-09-28 08:00:00+00:00,144.582,144.797,144.523,144.748,54009
2022-09-28 12:00:00+00:00,144.72,144.739,144.16,144.16,58694
2022-09-28 16:00:00+00:00,144.081,144.34,143.922,144.097,35539
2022-09-28 20:00:00+00:00,144.137,144.455,144.061,144.413,22330
2022-09-29 00:00:00+00:00,144.403,144.457,144.206,144.407,47724
2022-09-29 04:00:00+00:00,144.407,144.782,144.407,144.671,56966
2022-09-29 08:00:00+00:00,144.734,144.796,144.607,144.7,48555
2022-09-29 12:00:00+00:00,144.721,144.774,144.427,144.451,59474
2022-09-29 16:00:00+00:00,144.457,144.636,144.266,144.438,24587
2022-09-29 20:00:00+00:00,144.457,144.522,144.313,144.425,20812
2022-09-30 00:00:00+00:00,144.411,144.758,144.411,144.743,47371
2022-09-30 04:00:00+00:00,144.708,144.737,144.277,144.315,51414
2022-09-30 08:00:00+00:00,144.272,144.639,144.211,144.637,43702
2022-09-30 12:00:00+00:00,144.63,144.766,144.455,144.717,53814
2022-09-30 16:00:00+00:00,144.712,144.796,144.686,144.725,26789
2022-09-30 20:00:00+00:00,144.759,144.801,144.624,144.684,4589
2022-10-02 16:00:00+00:00,144.467,144.483,144.467,144.483,2
2022-10-02 20:00:00+00:00,144.514,144.88,144.496,144.801,8260
2022-10-03 00:00:00+00:00,144.786,144.858,144.68,144.849,43025
2022-10-03 04:00:00+00:00,144.866,145.151,144.749,145.027,61292
2022-10-03 08:00:00+00:00,145.032,145.178,144.844,144.844,40836
2022-10-03 12:00:00+00:00,144.867,144.959,144.205,144.499,55170
2022-10-03 16:00:00+00:00,144.462,144.788,144.419,144.666,26086
2022-10-03 20:00:00+00:00,144.701,144.701,144.439,144.525,16746
2022-10-04 00:00:00+00:00,144.47,144.907,144.419,144.73,40825
2022-10-04 04:00:00+00:00,144.731,144.866,144.542,144.656,51110
2022-10-04 08:00:00+00:00,144.646,144.83,144.59,144.809,40135
2022-10-04 12:00:00+00:00,144.829,144.929,144.308,144.335,48284
2022-10-04 16:00:00+00:00,144.318,144.318,143.897,144.048,27030
2022-10-04 20:00:00+00:00,144.051,144.23,143.831,143.853,16547
2022-10-05 00:00:00+00:00,143.805,144.268,143.559,144.064,50082
2022-10-05 04:00:00+00:00,144.067,144.494,144.027,144.442,47830
2022-10-05 08:00:00+00:00,144.432,144.545,144.288,144.511,40661
2022-10-05 12:00:00+00:00,144.507,144.837,144.396,144.737,48474
2022-10-05 16:00:00+00:00,144.728,144.786,144.399,144.56,27299
2022-10-05 20:00:00+00:00,144.55,144.686,144.431,144.438,18483
2022-10-06 00:00:00+00:00,144.427,144.69,144.399,144.573,38750
2022-10-06 04:00:00+00:00,144.574,144.668,144.492,144.582,38770
2022-10-06 08:00:00+00:00,144.619,144.768,144.57,144.697,35990
2022-10-06 12:00:00+00:00,144.687,144.945,144.63,144.945,44119
2022-10-06 16:00:00+00:00,144.94,145.129,144.891,145.118,24853
2022-10-06 20:00:00+00:00,145.117,145.135,144.918,145.036,15966
2022-10-07 00:00:00+00:00,145.057,145.102,144.867,144.962,40711
2022-10-07 04:00:00+00:00,144.962,145.079,144.851,144.913,39526
2022-10-07 08:00:00+00:00,144.888,144.943,144.746,144.929,28631
2022-10-07 12:00:00+00:00,144.92,145.337,144.845,145.196,51249
2022-10-07 16:00:00+00:00,145.21,145.434,145.161,145.357,19914
2022-10-07 20:00:00+00:00,145.349,145.401,145.313,145.38,3400
2022-10-08 04:00:00+00:00,145.33,145.33,145.33,145.33,1
2022-10-08 08:00:00+00:00,145.35,145.35,145.35,145.35,1
2022-10-09 16:00:00+00:00,145.057,145.247,145.057,145.247,2
2022-10-09 20:00:00+00:00,145.233,145.482,145.208,145.465,7133
2022-10-10 00:00:00+00:00,145.467,145.662,145.342,145.44,33549
2022-10-10 04:00:00+00:00,145.453,145.474,145.238,145.429,35685
2022-10-10 08:00:00+00:00,145.434,145.581,145.42,145.539,29304
2022-10-10 12:00:00+00:00,145.532,145.799,145.444,145.727,34202
2022-10-10 16:00:00+00:00,145.711,145.79,145.622,145.72,20709
2022-10-10 20:00:00+00:00,145.72,145.758,145.63,145.671,17243
2022-10-11 00:00:00+00:00,145.66,145.757,145.561,145.733,42323
2022-10-11 04:00:00+00:00,145.73,145.84,145.543,145.624,43423
2022-10-11 08:00:00+00:00,145.621,145.755,145.506,145.566,34415
2022-10-11 12:00:00+00:00,145.561,145.781,145.549,145.549,40225
2022-10-11 16:00:00+00:00,145.557,145.895,145.441,145.827,32716
2022-10-11 20:00:00+00:00,145.822,145.942,145.746,145.891,20311
2022-10-12 00:00:00+00:00,145.912,146.376,145.912,146.212,48778
2022-10-12 04:00:00+00:00,146.21,146.273,146.064,146.171,47668
2022-10-12 08:00:00+00:00,146.173,146.628,146.155,146.6,36420
2022-10-12 12:00:00+00:00,146.593,146.956,146.585,146.874,43804
2022-10-12 16:00:00+00:00,146.903,146.98,146.673,146.84,27887
2022-10-12 20:00:00+00:00,146.838,146.921,146.678,146.767,12683
2022-10-13 00:00:00+00:00,146.768,146.873,146.715,146.802,33878
2022-10-13 04:00:00+00:00,146.811,146.882,146.76,146.831,30295
2022-10-13 08:00:00+00:00,146.842,146.854,146.64,146.704,30045
2022-10-13 12:00:00+00:00,146.73,147.651,146.653,147.159,64989
2022-10-13 16:00:00+00:00,147.157,147.277,146.872,147.26,38633
2022-10-13 20:00:00+00:00,147.259,147.314,147.062,147.309,12778
2022-10-14 00:00:00+00:00,147.304,147.445,147.094,147.36,40654
2022-10-14 04:00:00+00:00,147.355,147.598,147.355,147.482,44422
2022-10-14 08:00:00+00:00,147.514,147.864,147.495,147.799,37614
2022-10-14 12:00:00+00:00,147.779,148.492,147.656,148.46,52571
2022-10-14 16:00:00+00:00,148.446,148.853,148.392,148.615,31611
2022-10-14 20:00:00+00:00,148.594,148.775,148.559,148.77,4037
2022-10-16 16:00:00+00:00,148.389,148.43,148.389,148.43,2
2022-10-16 20:00:00+00:00,148.469,148.704,148.448,148.634,10834
2022-10-17 00:00:00+00:00,148.631,148.666,148.445,148.66,35396
2022-10-17 04:00:00+00:00,148.667,148.798,148.581,148.647,40747
2022-10-17 08:00:00+00:00,148.634,148.888,148.619,148.843,33811
2022-10-17 12:00:00+00:00,148.845,148.887,148.586,148.709,39331
2022-10-17 16:00:00+00:00,148.72,149.073,148.708,149.073,22382
2022-10-17 20:00:00+00:00,149.034,149.058,148.927,148.973,14271
2022-10-18 00:00:00+00:00,148.926,148.942,148.684,148.889,34329
2022-10-18 04:00:00+00:00,148.883,149.043,148.763,148.966,37925
2022-10-18 08:00:00+00:00,148.968,149.286,148.833,149.111,36619
2022-10-18 12:00:00+00:00,149.132,149.283,148.888,149.218,40393
2022-10-18 16:00:00+00:00,149.238,149.277,149.095,149.192,23561
2022-10-18 20:00:00+00:00,149.235,149.278,149.065,149.211,20849
2022-10-19 00:00:00+00:00,149.166,149.235,149.128,149.202,37456
2022-10-19 04:00:00+00:00,149.202,149.474,149.185,149.345,40943
2022-10-19 08:00:00+00:00,149.358,149.709,149.341,149.616,34706
2022-10-19 12:00:00+00:00,149.633,149.783,149.621,149.774,38646
2022-10-19 16:00:00+00:00,149.784,149.895,149.76,149.861,23165
2022-10-19 20:00:00+00:00,149.861,149.9,149.777,149.823,19388
2022-10-20 00:00:00+00:00,149.821,149.951,149.821,149.909,34328
2022-10-20 04:00:00+00:00,149.904,150.002,149.777,149.875,44100
2022-10-20 08:00:00+00:00,149.859,149.958,149.704,149.803,40176
2022-10-20 12:00:00+00:00,149.788,149.914,149.565,149.825,36770
2022-10-20 16:00:00+00:00,149.834,150.276,149.823,150.162,28599
2022-10-20 20:00:00+00:00,150.15,150.206,150.023,150.169,16861
2022-10-21 00:00:00+00:00,150.173,150.371,150.152,150.36,34612
2022-10-21 04:00:00+00:00,150.371,150.479,150.301,150.478,38926
2022-10-21 08:00:00+00:00,150.474,151.568,150.43,151.517,37693
2022-10-21 12:00:00+00:00,151.508,151.933,146.304,146.304,79937
2022-10-21 16:00:00+00:00,146.324,148.443,145.656,147.642,66546
2022-10-21 20:00:00+00:00,147.634,147.765,147.223,147.65,6835
2022-10-22 08:00:00+00:00,147.64,147.68,147.64,147.68,9
2022-10-23 16:00:00+00:00,147.457,147.752,147.457,147.517,4
2022-10-23 20:00:00+00:00,147.492,149.669,145.592,147.614,14460
2022-10-24 00:00:00+00:00,147.847,148.99,147.779,148.878,38729
2022-10-24 04:00:00+00:00,148.88,149.338,148.831,149.262,38874
2022-10-24 08:00:00+00:00,149.259,149.457,148.727,149.0,34488
2022-10-24 12:00:00+00:00,149.022,149.219,148.672,148.767,42901
2022-10-24 16:00:00+00:00,148.742,149.017,148.723,148.976,28420
2022-10-24 20:00:00+00:00,148.973,149.094,148.752,148.888,14945
2022-10-25 00:00:00+00:00,148.819,149.016,148.746,148.84,32421
2022-10-25 04:00:00+00:00,148.844,149.002,148.788,148.928,31064
2022-10-25 08:00:00+00:00,148.895,148.987,148.864,148.903,25291
2022-10-25 12:00:00+00:00,148.913,148.944,147.542,147.856,41672
2022-10-25 16:00:00+00:00,147.867,148.131,147.815,147.927,33863
2022-10-25 20:00:00+00:00,147.934,148.311,147.873,147.98,20220
2022-10-26 00:00:00+00:00,147.961,148.396,147.896,148.237,32857
2022-10-26 04:00:00+00:00,148.233,148.272,147.06,147.15,39514
2022-10-26 08:00:00+00:00,147.051,147.31,146.755,147.101,39206
2022-10-26 12:00:00+00:00,147.099,147.301,146.413,146.505,36942
2022-10-26 16:00:00+00:00,146.506,146.576,146.23,146.337,32330
2022-10-26 20:00:00+00:00,146.362,146.465,146.079,146.079,19357
2022-10-27 00:00:00+00:00,146.192,146.382,145.955,146.122,36168
2022-10-27 04:00:00+00:00,146.13,146.168,145.147,145.716,41454
2022-10-27 08:00:00+00:00,145.691,146.701,145.631,146.656,39998
2022-10-27 12:00:00+00:00,146.688,146.898,145.684,146.021,59437
2022-10-27 16:00:00+00:00,145.969,146.286,145.862,146.208,32046
2022-10-27 20:00:00+00:00,146.199,146.338,146.093,146.277,24186
2022-10-28 00:00:00+00:00,146.353,146.801,146.106,146.106,50611
2022-10-28 04:00:00+00:00,146.092,147.087,146.045,147.071,57761
2022-10-28 08:00:00+00:00,147.078,147.851,147.078,147.474,46257
2022-10-28 12:00:00+00:00,147.492,147.785,147.228,147.678,56900
2022-10-28 16:00:00+00:00,147.67,147.744,147.33,147.421,28690
2022-10-28 20:00:00+00:00,147.431,147.481,147.412,147.43,3063
2022-10-30 16:00:00+00:00,147.296,147.507,147.296,147.507,3
2022-10-30 20:00:00+00:00,147.54,147.822,147.471,147.812,8370
2022-10-31 00:00:00+00:00,147.763,148.246,147.763,147.882,34190
2022-10-31 04:00:00+00:00,147.879,148.03,147.75,148.014,37126
2022-10-31 08:00:00+00:00,148.015,148.726,148.008,148.681,43825
2022-10-31 12:00:00+00:00,148.702,148.842,148.524,148.646,42622
2022-10-31 16:00:00+00:00,148.637,148.726,148.532,148.69,32884
2022-10-31 20:00:00+00:00,148.681,148.775,148.57,148.734,16363
2022-11-01 00:00:00+00:00,148.699,148.81,148.15,148.34,42149
2022-11-01 04:00:00+00:00,148.351,148.414,147.535,147.925,46901
2022-11-01 08:00:00+00:00,147.943,147.945,146.988,147.221,49864
2022-11-01 12:00:00+00:00,147.177,148.247,147.007,148.11,56912
2022-11-01 16:00:00+00:00,148.097,148.34,147.83,148.163,35268
2022-11-01 20:00:00+00:00,148.18,148.329,147.833,147.913,19970
2022-11-02 00:00:00+00:00,147.814,147.957,147.203,147.473,46101
2022-11-02 04:00:00+00:00,147.483,147.681,147.232,147.338,39518
2022-11-02 08:00:00+00:00,147.325,147.326,146.851,147.071,49236
2022-11-02 12:00:00+00:00,147.043,147.283,146.865,147.117,48761
2022-11-02 16:00:00+00:00,147.118,147.895,145.77,147.745,57696
2022-11-02 20:00:00+00:00,147.808,147.996,147.711,147.889,20412
2022-11-03 00:00:00+00:00,147.869,147.903,147.108,147.258,39341
2022-11-03 04:00:00+00:00,147.244,148.001,147.219,147.898,41249
2022-11-03 08:00:00+00:00,147.914,148.42,147.874,148.235,53484
2022-11-03 12:00:00+00:00,148.3,148.436,147.613,148.18,61030
2022-11-03 16:00:00+00:00,148.2,148.361,148.145,148.226,33088
2022-11-03 20:00:00+00:00,148.233,148.39,147.987,148.39,13103
2022-11-04 00:00:00+00:00,148.389,148.389,148.01,148.09,37407
2022-11-04 04:00:00+00:00,148.112,148.112,147.813,147.886,44550
2022-11-04 08:00:00+00:00,147.8,147.863,147.572,147.64,45381
2022-11-04 12:00:00+00:00,147.681,148.069,146.582,147.221,67355
2022-11-04 16:00:00+00:00,147.281,147.327,146.56,146.687,38284
2022-11-04 20:00:00+00:00,146.698,146.698,146.478,146.6,4425
2022-11-05 08:00:00+00:00,146.59,146.59,146.59,146.59,1
2022-11-06 16:00:00+00:00,146.654,146.654,146.6,146.654,4
2022-11-06 20:00:00+00:00,146.704,147.18,146.59,146.841,4441
2022-11-07 00:00:00+00:00,146.88,147.338,146.745,147.207,32270
2022-11-07 04:00:00+00:00,147.221,147.556,147.034,147.514,37925
2022-11-07 08:00:00+00:00,147.532,147.544,146.445,146.626,53686
2022-11-07 12:00:00+00:00,146.598,146.76,146.113,146.456,55057
2022-11-07 16:00:00+00:00,146.471,146.727,146.443,146.575,33275
2022-11-07 20:00:00+00:00,146.558,146.714,146.516,146.627,17860
2022-11-08 00:00:00+00:00,146.63,146.756,146.328,146.652,33775
2022-11-08 04:00:00+00:00,146.639,146.927,146.606,146.737,33425
2022-11-08 08:00:00+00:00,146.713,146.809,146.183,146.335,47418
2022-11-08 12:00:00+00:00,146.301,146.536,145.353,145.499,50985
2022-11-08 16:00:00+00:00,145.491,145.711,145.317,145.549,42695
2022-11-08 20:00:00+00:00,145.549,145.699,145.205,145.295,23239
2022-11-09 00:00:00+00:00,145.373,145.824,145.219,145.542,42317
2022-11-09 04:00:00+00:00,145.546,145.881,145.466,145.513,43163
2022-11-09 08:00:00+00:00,145.521,145.853,145.23,145.702,52944
2022-11-09 12:00:00+00:00,145.733,146.558,145.647,146.302,57508
2022-11-09 16:00:00+00:00,146.236,146.765,145.996,146.652,38891
2022-11-09 20:00:00+00:00,146.634,146.654,146.182,146.199,21462
2022-11-10 00:00:00+00:00,146.229,146.308,146.132,146.187,5679
2022-11-10 04:00:00+00:00,146.089,146.443,146.057,146.302,33055
2022-11-10 08:00:00+00:00,146.267,146.581,146.126,146.52,41556
2022-11-10 12:00:00+00:00,146.524,146.525,141.567,141.568,71007
2022-11-10 16:00:00+00:00,141.609,142.215,141.538,141.816,54052
2022-11-10 20:00:00+00:00,141.864,142.008,140.25,141.736,37363
2022-11-11 00:00:00+00:00,141.579,142.471,141.414,141.912,46739
2022-11-11 04:00:00+00:00,141.955,142.132,141.067,141.185,53969
2022-11-11 08:00:00+00:00,141.182,141.467,138.883,139.497,66782
2022-11-11 12:00:00+00:00,139.556,139.749,138.999,139.058,64984
2022-11-11 16:00:00+00:00,139.053,139.24,138.481,138.481,43869
2022-11-11 20:00:00+00:00,138.535,138.81,138.508,138.795,13492
2022-11-12 08:00:00+00:00,138.79,138.79,138.79,138.79,1
2022-11-12 12:00:00+00:00,138.8,138.8,138.79,138.8,7
2022-11-13 16:00:00+00:00,138.447,138.49,138.381,138.395,4
2022-11-13 20:00:00+00:00,138.425,139.867,138.425,139.609,7361
2022-11-14 00:00:00+00:00,139.61,139.704,138.857,139.095,44593
2022-11-14 04:00:00+00:00,139.116,139.63,139.116,139.501,47707
2022-11-14 08:00:00+00:00,139.407,140.771,139.364,140.554,60311
2022-11-14 12:00:00+00:00,140.624,140.692,140.102,140.4,58070
2022-11-14 16:00:00+00:00,140.378,140.483,139.862,139.906,35846
2022-11-14 20:00:00+00:00,139.851,140.178,139.68,140.093,18593
2022-11-15 00:00:00+00:00,140.008,140.478,140.008,140.394,39013
2022-11-15 04:00:00+00:00,140.355,140.574,139.221,139.336,46949
2022-11-15 08:00:00+00:00,139.368,139.687,139.038,139.176,59729
2022-11-15 12:00:00+00:00,139.225,139.474,137.804,139.223,72742
2022-11-15 16:00:00+00:00,139.241,139.675,139.045,139.068,64884
2022-11-15 20:00:00+00:00,139.118,139.34,138.78,138.961,32762
2022-11-16 00:00:00+00:00,138.976,140.187,138.899,140.187,56042
2022-11-16 04:00:00+00:00,140.166,140.285,139.274,139.369,57062
2022-11-16 08:00:00+00:00,139.361,139.694,139.22,139.432,53955
2022-11-16 12:00:00+00:00,139.4,139.989,139.08,139.349,60873
2022-11-16 16:00:00+00:00,139.343,139.689,139.284,139.306,37698
2022-11-16 20:00:00+00:00,139.336,139.567,139.251,139.324,22250
2022-11-17 00:00:00+00:00,139.277,139.79,139.254,139.586,42165
2022-11-17 04:00:00+00:00,139.607,139.607,139.258,139.321,43333
2022-11-17 08:00:00+00:00,139.287,140.047,138.909,139.884,55267
2022-11-17 12:00:00+00:00,139.778,140.678,139.737,140.586,62514
2022-11-17 16:00:00+00:00,140.572,140.718,140.072,140.217,37773
2022-11-17 20:00:00+00:00,140.24,140.421,140.148,140.421,25242
2022-11-18 00:00:00+00:00,140.409,140.47,139.684,139.71,46981
2022-11-18 04:00:00+00:00,139.726,140.071,139.65,139.831,42711
2022-11-18 08:00:00+00:00,139.862,140.274,139.728,139.856,54008
2022-11-18 12:00:00+00:00,139.868,140.067,139.701,139.874,49171
2022-11-18 16:00:00+00:00,139.898,140.403,139.856,140.379,27741
2022-11-18 20:00:00+00:00,140.355,140.416,140.293,140.34,8489
2022-11-20 20:00:00+00:00,140.285,140.397,140.15,140.257,5268
2022-11-21 00:00:00+00:00,140.238,140.48,140.203,140.347,34636
2022-11-21 04:00:00+00:00,140.347,140.88,140.308,140.853,40361
2022-11-21 08:00:00+00:00,140.921,141.914,140.901,141.872,48546
2022-11-21 12:00:00+00:00,141.899,142.021,141.374,141.94,48317
2022-11-21 16:00:00+00:00,141.936,142.209,141.835,142.164,30449
2022-11-21 20:00:00+00:00,142.118,142.149,142.008,142.098,19882
2022-11-22 00:00:00+00:00,142.153,142.243,141.65,141.774,40666
2022-11-22 04:00:00+00:00,141.774,142.027,141.654,141.81,38536
2022-11-22 08:00:00+00:00,141.821,141.891,141.089,141.177,49895
2022-11-22 12:00:00+00:00,141.153,141.532,141.153,141.353,45012
2022-11-22 16:00:00+00:00,141.383,141.443,141.162,141.209,25262
2022-11-22 20:00:00+00:00,141.215,141.258,141.135,141.155,15764
2022-11-23 00:00:00+00:00,141.054,141.424,140.916,141.386,30295
2022-11-23 04:00:00+00:00,141.417,141.495,141.074,141.17,32235
2022-11-23 08:00:00+00:00,141.193,141.574,141.173,141.423,38392
2022-11-23 12:00:00+00:00,141.422,141.528,139.65,139.731,55652
2022-11-23 16:00:00+00:00,139.801,139.937,139.195,139.401,46530
2022-11-23 20:00:00+00:00,139.44,139.612,139.214,139.248,23394
2022-11-24 00:00:00+00:00,139.246,139.486,138.649,138.649,42166
2022-11-24 04:00:00+00:00,138.649,138.974,138.596,138.974,37505
2022-11-24 08:00:00+00:00,138.994,139.188,138.097,138.315,49580
2022-11-24 12:00:00+00:00,138.277,138.401,138.1,138.358,40758
2022-11-24 16:00:00+00:00,138.401,138.51,138.327,138.473,16739
2022-11-24 20:00:00+00:00,138.452,138.748,138.43,138.602,10567
2022-11-25 00:00:00+00:00,138.605,139.031,138.498,138.653,35324
2022-11-25 04:00:00+00:00,138.629,138.788,138.39,138.788,40503
2022-11-25 08:00:00+00:00,138.807,139.591,138.573,139.579,50284
2022-11-25 12:00:00+00:00,139.54,139.559,139.2,139.221,45605
2022-11-25 16:00:00+00:00,139.24,139.28,138.974,139.044,27733
2022-11-25 20:00:00+00:00,139.039,139.185,139.028,139.12,6002
2022-11-27 16:00:00+00:00,138.797,139.336,138.797,139.09,4
2022-11-27 20:00:00+00:00,139.058,139.417,139.058,139.373,3833
2022-11-28 00:00:00+00:00,139.345,139.345,138.371,138.656,34085
2022-11-28 04:00:00+00:00,138.672,138.704,137.814,138.309,47657
2022-11-28 08:00:00+00:00,138.363,138.373,137.508,138.144,56422
2022-11-28 12:00:00+00:00,138.172,138.822,138.145,138.771,49777
2022-11-28 16:00:00+00:00,138.742,138.991,138.655,138.867,34432
2022-11-28 20:00:00+00:00,138.873,138.961,138.72,138.72,17634
2022-11-29 00:00:00+00:00,138.694,139.321,138.427,138.603,46133
2022-11-29 04:00:00+00:00,138.669,138.712,138.193,138.289,50620
2022-11-29 08:00:00+00:00,138.171,138.382,137.882,137.931,55420
2022-11-29 12:00:00+00:00,137.956,138.827,137.945,138.32,53483
2022-11-29 16:00:00+00:00,138.342,138.681,138.226,138.642,31372
2022-11-29 20:00:00+00:00,138.637,138.793,138.577,138.746,19483
2022-11-30 00:00:00+00:00,138.776,138.916,138.465,138.761,41758
2022-11-30 04:00:00+00:00,138.71,138.71,138.34,138.532,39536
2022-11-30 08:00:00+00:00,138.53,139.023,138.467,138.749,46534
2022-11-30 12:00:00+00:00,138.662,139.883,138.505,139.49,61561
2022-11-30 16:00:00+00:00,139.548,139.617,137.956,137.963,58837
2022-11-30 20:00:00+00:00,138.004,138.128,137.287,137.361,31425
2022-12-01 00:00:00+00:00,137.518,137.518,136.53,136.747,53933
2022-12-01 04:00:00+00:00,136.756,136.889,136.205,136.414,22378
2022-12-01 12:00:00+00:00,136.259,136.332,135.557,135.918,54427
2022-12-01 16:00:00+00:00,135.895,135.949,135.262,135.262,46719
2022-12-01 20:00:00+00:00,135.264,135.383,135.058,135.149,23233
2022-12-02 00:00:00+00:00,135.2,135.552,135.074,135.156,43255
2022-12-02 04:00:00+00:00,135.135,135.236,134.562,134.639,41456
2022-12-02 08:00:00+00:00,134.709,134.777,133.67,134.0,56502
2022-12-02 12:00:00+00:00,134.061,135.975,133.958,135.474,69084
2022-12-02 16:00:00+00:00,135.532,135.532,134.417,134.439,39839
2022-12-02 20:00:00+00:00,134.469,134.469,134.239,134.31,15238
2022-12-03 08:00:00+00:00,134.3,134.32,134.3,134.32,2
2022-12-03 12:00:00+00:00,134.31,134.31,134.31,134.31,1
2022-12-04 16:00:00+00:00,134.375,134.551,134.295,134.385,81
2022-12-04 20:00:00+00:00,134.386,134.6,134.332,134.478,6958
2022-12-05 00:00:00+00:00,134.422,134.745,134.135,134.299,41835
2022-12-05 04:00:00+00:00,134.283,135.216,134.259,135.128,39590
2022-12-05 08:00:00+00:00,135.122,135.525,134.936,135.279,49060
2022-12-05 12:00:00+00:00,135.258,136.394,135.01,136.32,56514
2022-12-05 16:00:00+00:00,136.284,136.825,136.237,136.672,37347
2022-12-05 20:00:00+00:00,136.647,136.832,136.585,136.585,24361
2022-12-06 00:00:00+00:00,136.587,137.168,136.321,136.918,48412
2022-12-06 04:00:00+00:00,136.911,137.415,136.731,136.936,49004
2022-12-06 08:00:00+00:00,136.969,136.969,136.289,136.302,50457
2022-12-06 12:00:00+00:00,136.328,136.768,136.012,136.667,53116
2022-12-06 16:00:00+00:00,136.647,137.055,136.333,136.92,29940
2022-12-06 20:00:00+00:00,136.88,137.08,136.849,136.886,24150
2022-12-07 00:00:00+00:00,136.847,137.359,136.801,137.135,42859
2022-12-07 04:00:00+00:00,137.158,137.835,137.152,137.423,48565
2022-12-07 08:00:00+00:00,137.404,137.767,137.338,137.655,48876
2022-12-07 12:00:00+00:00,137.723,137.723,136.418,136.692,67100
2022-12-07 16:00:00+00:00,136.712,136.785,136.231,136.297,38425
2022-12-07 20:00:00+00:00,136.326,136.651,136.256,136.37,27810
2022-12-08 00:00:00+00:00,136.398,137.054,136.293,136.831,40978
2022-12-08 04:00:00+00:00,136.841,137.224,136.606,136.71,44064
2022-12-08 08:00:00+00:00,136.786,137.116,136.76,136.8,43730
2022-12-08 12:00:00+00:00,136.845,136.89,136.326,136.507,54209
2022-12-08 16:00:00+00:00,136.486,136.739,136.41,136.666,33754
2022-12-08 20:00:00+00:00,136.683,136.707,136.519,136.64,19241
2022-12-09 00:00:00+00:00,136.622,136.866,135.804,135.871,47425
2022-12-09 04:00:00+00:00,135.859,136.385,135.853,136.352,41466
2022-12-09 08:00:00+00:00,136.412,136.437,135.701,135.848,43280
2022-12-09 12:00:00+00:00,135.877,136.847,135.616,136.595,63710
2022-12-09 16:00:00+00:00,136.601,136.619,136.27,136.476,30267
2022-12-09 20:00:00+00:00,136.495,136.709,136.453,136.56,9446
2022-12-10 08:00:00+00:00,136.56,136.56,136.56,136.56,1
2022-12-11 16:00:00+00:00,136.034,136.529,136.034,136.529,3
2022-12-11 20:00:00+00:00,136.522,136.796,136.446,136.714,5344
2022-12-12 00:00:00+00:00,136.762,137.087,136.714,136.825,32348
2022-12-12 04:00:00+00:00,136.839,137.103,136.686,136.694,38584
2022-12-12 08:00:00+00:00,136.722,136.956,136.633,136.814,41154
2022-12-12 12:00:00+00:00,136.823,137.419,136.792,137.403,41813
2022-12-12 16:00:00+00:00,137.425,137.844,137.34,137.762,39103
2022-12-12 20:00:00+00:00,137.756,137.801,137.495,137.515,21663
2022-12-13 00:00:00+00:00,137.506,137.876,137.506,137.719,37301
2022-12-13 04:00:00+00:00,137.745,137.945,137.352,137.411,40721
2022-12-13 08:00:00+00:00,137.414,137.834,137.375,137.556,44101
2022-12-13 12:00:00+00:00,137.547,137.562,134.689,135.19,70795
2022-12-13 16:00:00+00:00,135.118,135.574,134.935,135.48,48455
2022-12-13 20:00:00+00:00,135.487,135.729,135.446,135.574,25096
2022-12-14 00:00:00+00:00,135.525,135.682,135.324,135.513,40452
2022-12-14 04:00:00+00:00,135.519,135.594,135.266,135.479,38259
2022-12-14 08:00:00+00:00,135.539,135.589,134.681,134.943,54000
2022-12-14 12:00:00+00:00,135.009,135.133,134.756,134.854,48732
2022-12-14 16:00:00+00:00,134.818,135.973,134.763,135.411,50899
2022-12-14 20:00:00+00:00,135.347,135.479,134.832,135.362,41318
2022-12-15 00:00:00+00:00,135.376,135.614,135.286,135.551,38902
2022-12-15 04:00:00+00:00,135.525,135.883,135.525,135.865,40782
2022-12-15 08:00:00+00:00,135.834,136.912,135.749,136.521,52806
2022-12-15 12:00:00+00:00,136.543,137.637,136.213,137.609,66708
2022-12-15 16:00:00+00:00,137.503,138.168,137.497,137.76,42295
2022-12-15 20:00:00+00:00,137.734,137.867,137.633,137.75,16069
2022-12-16 00:00:00+00:00,137.751,137.751,136.976,137.316,43719
2022-12-16 04:00:00+00:00,137.345,137.403,137.135,137.227,39546
2022-12-16 08:00:00+00:00,137.219,137.261,136.857,137.028,49633
2022-12-16 12:00:00+00:00,137.006,137.338,136.57,136.636,52956
2022-12-16 16:00:00+00:00,136.648,136.686,136.304,136.55,35698
2022-12-16 20:00:00+00:00,136.573,136.749,136.472,136.7,11389
2022-12-17 04:00:00+00:00,136.69,136.7,136.69,136.7,2
2022-12-18 16:00:00+00:00,135.872,135.872,135.779,135.853,4
2022-12-18 20:00:00+00:00,135.807,136.59,135.762,136.568,6014
2022-12-19 00:00:00+00:00,136.515,136.588,135.787,136.263,43499
2022-12-19 04:00:00+00:00,136.225,136.244,135.834,135.849,41451
2022-12-19 08:00:00+00:00,135.773,136.33,135.773,136.321,48550
2022-12-19 12:00:00+00:00,136.322,136.974,136.317,136.974,46976
2022-12-19 16:00:00+00:00,137.023,137.151,136.727,136.975,31663
2022-12-19 20:00:00+00:00,136.988,137.042,136.705,136.973,18248
2022-12-20 00:00:00+00:00,136.978,137.454,133.154,133.439,51954
2022-12-20 04:00:00+00:00,133.271,133.621,132.279,132.59,71622
2022-12-20 08:00:00+00:00,132.536,132.622,131.998,132.449,64409
2022-12-20 12:00:00+00:00,132.53,132.81,131.375,131.375,62570
2022-12-20 16:00:00+00:00,131.38,131.597,130.65,131.516,48429
2022-12-20 20:00:00+00:00,131.55,131.98,131.55,131.888,22197
2022-12-21 00:00:00+00:00,131.922,132.285,131.519,132.064,50836
2022-12-21 04:00:00+00:00,132.056,132.313,131.731,131.783,46514
2022-12-21 08:00:00+00:00,131.712,131.939,131.56,131.834,50824
2022-12-21 12:00:00+00:00,131.824,132.48,131.75,131.974,51743
2022-12-21 16:00:00+00:00,131.997,132.481,131.941,132.167,37561
2022-12-21 20:00:00+00:00,132.248,132.471,132.196,132.394,24680
2022-12-22 00:00:00+00:00,132.422,132.45,131.659,131.752,45258
2022-12-22 04:00:00+00:00,131.757,132.036,131.72,131.944,35934
2022-12-22 08:00:00+00:00,131.959,132.177,131.865,132.108,38994
2022-12-22 12:00:00+00:00,132.126,132.68,131.917,132.264,50128
2022-12-22 16:00:00+00:00,132.246,132.496,132.184,132.411,29161
2022-12-22 20:00:00+00:00,132.422,132.478,132.149,132.377,24729
2022-12-23 00:00:00+00:00,132.416,132.801,132.291,132.658,39711
2022-12-23 04:00:00+00:00,132.641,132.75,132.454,132.52,37924
2022-12-23 08:00:00+00:00,132.51,132.76,132.51,132.712,32593
2022-12-23 12:00:00+00:00,132.706,133.114,132.589,132.844,53098
2022-12-23 16:00:00+00:00,132.845,132.936,132.734,132.86,27980
2022-12-23 20:00:00+00:00,132.872,132.887,132.76,132.76,7839
2022-12-25 16:00:00+00:00,132.589,132.589,132.589,132.589,4
2022-12-25 20:00:00+00:00,132.589,132.79,132.337,132.736,9
2022-12-26 00:00:00+00:00,132.8,132.8,132.314,132.468,5377
2022-12-26 04:00:00+00:00,132.486,132.753,132.462,132.736,7918
2022-12-26 08:00:00+00:00,132.732,133.237,132.732,133.113,4438
2022-12-26 12:00:00+00:00,133.112,133.117,132.876,132.913,3796
2022-12-26 16:00:00+00:00,132.936,132.952,132.866,132.912,3190
2022-12-26 20:00:00+00:00,132.911,132.931,132.717,132.764,9282
2022-12-27 00:00:00+00:00,132.761,133.166,132.647,132.908,35193
2022-12-27 04:00:00+00:00,132.917,132.971,132.745,132.873,30714
2022-12-27 08:00:00+00:00,132.897,133.364,132.882,133.258,33914
2022-12-27 12:00:00+00:00,133.256,133.587,133.14,133.338,39314
2022-12-27 16:00:00+00:00,133.326,133.541,133.311,133.476,28686
2022-12-27 20:00:00+00:00,133.466,133.563,133.32,133.487,13124
2022-12-28 00:00:00+00:00,133.492,134.398,133.454,134.248,41065
2022-12-28 04:00:00+00:00,134.24,134.271,133.823,133.911,39280
2022-12-28 08:00:00+00:00,133.847,134.206,133.758,133.831,42072
2022-12-28 12:00:00+00:00,133.845,134.264,133.406,134.227,44769
2022-12-28 16:00:00+00:00,134.217,134.371,134.07,134.371,33905
2022-12-28 20:00:00+00:00,134.371,134.496,134.001,134.029,17124
2022-12-29 00:00:00+00:00,133.961,134.189,133.506,133.851,39395
2022-12-29 04:00:00+00:00,133.854,133.871,133.511,133.784,33509
2022-12-29 08:00:00+00:00,133.806,133.821,133.544,133.758,35186
2022-12-29 12:00:00+00:00,133.787,133.787,132.938,133.222,45655
2022-12-29 16:00:00+00:00,133.257,133.338,132.887,132.889,32197
2022-12-29 20:00:00+00:00,132.947,133.085,132.871,132.914,27107
2022-12-30 00:00:00+00:00,132.916,132.916,132.387,132.66,35028
2022-12-30 04:00:00+00:00,132.683,132.76,132.124,132.132,43986
2022-12-30 08:00:00+00:00,132.165,132.177,131.592,131.743,44325
2022-12-30 12:00:00+00:00,131.73,132.32,131.541,131.929,49548
2022-12-30 16:00:00+00:00,131.938,131.938,130.783,130.972,43275
2022-12-30 20:00:00+00:00,130.994,131.269,130.994,131.11,11662
2023-01-01 16:00:00+00:00,130.952,130.952,130.827,130.827,4
2023-01-01 20:00:00+00:00,130.807,130.897,130.732,130.845,8
2023-01-02 00:00:00+00:00,130.858,131.035,130.797,130.925,2522
2023-01-02 04:00:00+00:00,130.907,130.973,130.872,130.94,5878
2023-01-02 08:00:00+00:00,130.944,130.957,130.756,130.769,13467
2023-01-02 12:00:00+00:00,130.773,130.812,130.621,130.784,25853
2023-01-02 16:00:00+00:00,130.77,130.804,130.664,130.741,21560
2023-01-02 20:00:00+00:00,130.741,131.396,130.55,130.795,12099
2023-01-03 00:00:00+00:00,130.849,130.893,129.71,129.788,47652
2023-01-03 04:00:00+00:00,129.79,130.224,129.534,130.111,48742
2023-01-03 08:00:00+00:00,130.158,130.939,130.158,130.873,62147
2023-01-03 12:00:00+00:00,130.921,131.184,130.075,130.737,57118
2023-01-03 16:00:00+00:00,130.761,131.075,130.578,130.772,36735
2023-01-03 20:00:00+00:00,130.771,131.402,130.753,131.293,24414
2023-01-04 00:00:00+00:00,131.224,131.251,130.595,130.648,43761
2023-01-04 04:00:00+00:00,130.686,130.955,130.143,130.242,43997
2023-01-04 08:00:00+00:00,130.266,130.592,129.964,130.532,52717
2023-01-04 12:00:00+00:00,130.537,132.07,130.537,132.011,60790
2023-01-04 16:00:00+00:00,132.071,132.683,131.946,132.613,48835
2023-01-04 20:00:00+00:00,132.638,132.697,132.083,132.252,22344
2023-01-05 00:00:00+00:00,132.312,132.385,131.73,132.348,45029
2023-01-05 04:00:00+00:00,132.323,132.597,132.222,132.481,41659
2023-01-05 08:00:00+00:00,132.433,132.879,132.356,132.45,45863
2023-01-05 12:00:00+00:00,132.449,133.99,132.422,133.869,63963
2023-01-05 16:00:00+00:00,133.858,133.86,132.968,133.185,48513
2023-01-05 20:00:00+00:00,133.217,133.505,133.214,133.317,27114
2023-01-06 00:00:00+00:00,133.356,133.937,133.338,133.813,39248
2023-01-06 04:00:00+00:00,133.82,134.322,133.76,134.22,45640
2023-01-06 08:00:00+00:00,134.319,134.594,134.164,134.53,49779
2023-01-06 12:00:00+00:00,134.541,134.741,132.391,132.433,73520
2023-01-06 16:00:00+00:00,132.466,132.533,132.005,132.03,42202
2023-01-06 20:00:00+00:00,132.032,132.156,132.032,132.08,10158
2023-01-08 16:00:00+00:00,131.967,131.967,131.827,131.902,4
2023-01-08 20:00:00+00:00,131.761,132.273,131.761,131.802,7832
2023-01-09 00:00:00+00:00,131.771,132.104,131.327,131.63,41263
2023-01-09 04:00:00+00:00,131.632,132.336,131.534,132.234,42583
2023-01-09 08:00:00+00:00,132.198,132.645,132.02,132.51,54642
2023-01-09 12:00:00+00:00,132.49,132.49,131.72,131.944,56433
2023-01-09 16:00:00+00:00,131.951,131.951,131.542,131.567,40488
2023-01-09 20:00:00+00:00,131.58,131.909,131.573,131.73,22732
2023-01-10 00:00:00+00:00,131.751,132.196,131.43,131.831,49221
2023-01-10 04:00:00+00:00,131.825,132.267,131.668,132.222,43729
2023-01-10 08:00:00+00:00,132.175,132.175,131.702,132.043,52515
2023-01-10 12:00:00+00:00,132.073,132.463,131.765,132.172,61008
2023-01-10 16:00:00+00:00,132.203,132.335,132.08,132.23,39602
2023-01-10 20:00:00+00:00,132.214,132.267,132.033,132.102,21581
2023-01-11 00:00:00+00:00,132.152,132.565,132.147,132.451,42666
2023-01-11 04:00:00+00:00,132.464,132.496,132.14,132.421,38399
2023-01-11 08:00:00+00:00,132.441,132.742,132.339,132.582,46972
2023-01-11 12:00:00+00:00,132.596,132.855,132.416,132.593,51166
2023-01-11 16:00:00+00:00,132.561,132.619,132.295,132.414,36359
2023-01-11 20:00:00+00:00,132.441,132.53,131.77,131.901,29631
2023-01-12 00:00:00+00:00,131.923,132.015,131.512,131.698,47596
2023-01-12 04:00:00+00:00,131.718,131.877,131.369,131.599,44924
2023-01-12 08:00:00+00:00,131.588,131.757,130.818,130.881,52953
2023-01-12 12:00:00+00:00,130.862,130.97,129.571,129.837,76100
2023-01-12 16:00:00+00:00,129.878,129.892,128.921,129.298,58533
2023-01-12 20:00:00+00:00,129.345,129.421,129.084,129.168,26093
2023-01-13 00:00:00+00:00,129.178,129.334,128.712,129.119,53742
2023-01-13 04:00:00+00:00,129.203,129.279,128.271,128.376,50808
2023-01-13 08:00:00+00:00,128.482,128.78,128.114,128.748,57493
2023-01-13 12:00:00+00:00,128.735,128.809,127.465,127.507,61650
2023-01-13 16:00:00+00:00,127.539,127.956,127.501,127.929,38523
2023-01-13 20:00:00+00:00,127.913,127.931,127.782,127.89,9669
2023-01-15 16:00:00+00:00,127.352,127.552,127.352,127.552,3
2023-01-15 20:00:00+00:00,127.519,128.145,127.519,128.05,6340
2023-01-16 08:00:00+00:00,128.303,128.45,128.131,128.304,11154
2023-01-16 12:00:00+00:00,128.293,128.557,128.242,128.531,37698
2023-01-16 16:00:00+00:00,128.524,128.757,128.452,128.561,19046
2023-01-16 20:00:00+00:00,128.567,128.59,128.232,128.336,22922
2023-01-17 12:00:00+00:00,128.597,128.77,128.141,128.141,56811
2023-01-17 16:00:00+00:00,128.106,128.433,128.017,128.337,34417
2023-01-17 20:00:00+00:00,128.336,128.336,128.083,128.284,19480
2023-01-18 08:00:00+00:00,129.176,129.237,128.876,128.987,4827
2023-01-18 12:00:00+00:00,128.92,129.213,127.609,128.365,71825
2023-01-18 16:00:00+00:00,128.391,128.942,128.234,128.69,41361
2023-01-18 20:00:00+00:00,128.752,128.916,128.471,128.552,25665
2023-01-19 08:00:00+00:00,128.49,128.695,128.435,128.616,12377
2023-01-19 12:00:00+00:00,128.571,128.77,128.241,128.458,57868
2023-01-19 16:00:00+00:00,128.46,128.619,128.357,128.444,36116
2023-01-19 20:00:00+00:00,128.447,128.471,128.321,128.369,21640
2023-01-20 00:00:00+00:00,128.528,128.88,128.526,128.816,35763
2023-01-20 04:00:00+00:00,128.88,129.285,128.796,128.886,44867
2023-01-20 08:00:00+00:00,128.939,129.945,128.763,129.912,54919
2023-01-20 12:00:00+00:00,129.95,130.598,129.707,129.926,54772
2023-01-20 16:00:00+00:00,129.944,129.974,129.454,129.559,34356
2023-01-20 20:00:00+00:00,129.575,129.601,129.493,129.55,10306
2023-01-22 16:00:00+00:00,129.407,129.407,129.407,129.407,3
2023-01-22 20:00:00+00:00,129.407,129.62,129.28,129.385,5183
2023-01-23 00:00:00+00:00,129.31,129.515,129.062,129.308,33328
2023-01-23 04:00:00+00:00,129.334,130.286,129.334,130.12,46575
2023-01-23 08:00:00+00:00,130.13,130.322,129.64,130.322,44016
2023-01-23 12:00:00+00:00,130.285,130.876,130.138,130.607,53585
2023-01-23 16:00:00+00:00,130.637,130.744,130.463,130.666,32012
2023-01-23 20:00:00+00:00,130.651,130.702,130.459,130.593,18817
2023-01-24 00:00:00+00:00,130.168,130.43,130.146,130.379,11610
2023-01-24 04:00:00+00:00,130.389,130.428,129.744,129.855,36084
2023-01-24 08:00:00+00:00,129.796,130.383,129.787,130.189,42927
2023-01-24 12:00:00+00:00,130.193,131.067,130.059,130.093,53287
2023-01-24 16:00:00+00:00,130.15,130.214,129.892,130.044,34271
2023-01-24 20:00:00+00:00,130.03,130.239,130.018,130.21,19725
2023-01-25 04:00:00+00:00,130.507,130.561,130.275,130.429,29909
2023-01-25 08:00:00+00:00,130.491,130.491,129.669,129.69,43528
2023-01-25 12:00:00+00:00,129.665,130.003,129.294,129.588,53435
2023-01-25 16:00:00+00:00,129.648,129.929,129.427,129.537,35846
2023-01-25 20:00:00+00:00,129.561,129.639,129.237,129.258,25920
2023-01-26 04:00:00+00:00,129.363,129.713,129.222,129.481,26542
2023-01-26 08:00:00+00:00,129.545,129.977,129.545,129.82,46878
2023-01-26 12:00:00+00:00,129.841,130.543,129.66,130.443,61076
2023-01-26 16:00:00+00:00,130.423,130.583,130.06,130.222,35351
2023-01-26 20:00:00+00:00,130.215,130.288,129.675,129.805,27074
2023-01-27 08:00:00+00:00,129.758,129.985,129.669,129.906,39992
2023-01-27 12:00:00+00:00,129.883,130.035,129.594,129.977,52536
2023-01-27 16:00:00+00:00,129.964,129.966,129.8,129.907,27892
2023-01-27 20:00:00+00:00,129.919,129.921,129.793,129.88,7751
2023-01-28 08:00:00+00:00,129.85,129.87,129.85,129.87,2
2023-01-29 20:00:00+00:00,129.84,129.869,129.741,129.833,6225
2023-01-30 00:00:00+00:00,129.869,130.269,129.869,129.913,36391
2023-01-30 04:00:00+00:00,129.424,129.786,129.205,129.58,51824
2023-01-30 08:00:00+00:00,129.71,130.232,129.71,130.172,47146
2023-01-30 12:00:00+00:00,130.178,130.364,130.003,130.311,46214
2023-01-30 16:00:00+00:00,130.34,130.565,130.306,130.553,28989
2023-01-30 20:00:00+00:00,130.538,130.538,130.346,130.481,19612
2023-01-31 00:00:00+00:00,130.141,130.261,130.068,130.243,16666
2023-01-31 04:00:00+00:00,130.214,130.389,130.071,130.147,33534
2023-01-31 08:00:00+00:00,130.118,130.474,130.118,130.433,41928
2023-01-31 12:00:00+00:00,130.475,130.48,129.768,130.037,57742
2023-01-31 16:00:00+00:00,130.04,130.346,130.037,130.175,31126
2023-01-31 20:00:00+00:00,130.16,130.24,129.974,130.112,16785
2023-02-01 00:00:00+00:00,130.116,130.181,129.881,130.011,27516
2023-02-01 04:00:00+00:00,130.036,130.394,130.032,130.176,30152
2023-02-01 08:00:00+00:00,130.162,130.226,129.71,129.805,43522
2023-02-01 12:00:00+00:00,129.818,129.86,129.21,129.25,52277
2023-02-01 16:00:00+00:00,129.29,129.799,128.564,128.76,49173
2023-02-01 20:00:00+00:00,128.778,129.072,128.454,128.596,37407
2023-02-02 04:00:00+00:00,128.468,128.78,128.407,128.664,24265
2023-02-02 08:00:00+00:00,128.693,129.092,128.562,128.723,43570
2023-02-02 12:00:00+00:00,128.643,128.881,128.091,128.415,72344
2023-02-02 16:00:00+00:00,128.355,128.663,128.258,128.636,40907
2023-02-02 20:00:00+00:00,128.657,128.766,128.564,128.757,19555
2023-02-03 00:00:00+00:00,128.771,128.814,128.469,128.556,36367
2023-02-03 04:00:00+00:00,128.55,128.68,128.479,128.608,37764
2023-02-03 08:00:00+00:00,128.606,128.714,128.373,128.393,36713
2023-02-03 12:00:00+00:00,128.397,131.137,128.336,131.066,66318
2023-02-03 16:00:00+00:00,131.001,131.181,130.836,131.055,42397
2023-02-03 20:00:00+00:00,131.076,131.196,131.057,131.19,9465
2023-02-04 04:00:00+00:00,131.17,131.17,131.17,131.17,1
2023-02-04 08:00:00+00:00,131.18,131.18,131.17,131.18,3
2023-02-05 16:00:00+00:00,131.913,132.368,131.913,132.368,4
2023-02-05 20:00:00+00:00,132.348,132.532,131.509,132.059,5937
2023-02-06 00:00:00+00:00,132.042,132.373,131.724,131.895,38873
2023-02-06 04:00:00+00:00,131.884,131.975,131.595,131.785,39645
2023-02-06 08:00:00+00:00,131.879,132.287,131.655,132.081,53147
2023-02-06 12:00:00+00:00,132.056,132.862,131.935,132.845,55752
2023-02-06 16:00:00+00:00,132.885,132.885,132.445,132.516,36580
2023-02-06 20:00:00+00:00,132.508,132.706,132.503,132.626,16862
2023-02-07 00:00:00+00:00,132.551,132.583,132.168,132.274,33342
2023-02-07 04:00:00+00:00,132.293,132.38,132.009,132.164,37791
2023-02-07 08:00:00+00:00,132.193,132.304,131.706,132.158,53380
2023-02-07 12:00:00+00:00,132.11,132.144,131.222,131.241,58571
2023-02-07 16:00:00+00:00,131.237,131.438,130.519,131.089,66382
2023-02-07 20:00:00+00:00,131.088,131.231,130.651,131.057,26945
2023-02-08 00:00:00+00:00,131.072,131.371,130.746,131.119,36542
2023-02-08 04:00:00+00:00,131.174,131.357,130.86,130.888,39947
2023-02-08 08:00:00+00:00,130.95,130.993,130.61,130.848,50743
2023-02-08 12:00:00+00:00,130.854,131.51,130.751,131.447,52148
2023-02-08 16:00:00+00:00,131.448,131.448,131.094,131.362,42474
2023-02-08 20:00:00+00:00,131.342,131.454,131.297,131.389,21887
2023-02-09 00:00:00+00:00,131.408,131.82,131.248,131.401,33561
2023-02-09 04:00:00+00:00,131.387,131.648,131.098,131.147,37370
2023-02-09 08:00:00+00:00,131.073,131.096,130.769,130.916,48579
2023-02-09 12:00:00+00:00,130.905,130.949,130.345,130.909,56511
2023-02-09 16:00:00+00:00,130.977,131.592,130.932,131.572,47462
2023-02-09 20:00:00+00:00,131.583,131.644,131.396,131.515,26590
2023-02-10 00:00:00+00:00,131.558,131.832,131.509,131.765,40878
2023-02-10 04:00:00+00:00,131.778,131.803,130.431,130.446,49973
2023-02-10 08:00:00+00:00,130.25,131.359,129.835,130.832,57267
2023-02-10 12:00:00+00:00,130.843,131.374,130.597,131.326,57656
2023-02-10 16:00:00+00:00,131.329,131.595,131.314,131.51,40640
2023-02-10 20:00:00+00:00,131.517,131.527,131.371,131.42,10416
2023-02-11 04:00:00+00:00,131.41,131.41,131.41,131.41,2
2023-02-13 04:00:00+00:00,132.166,132.286,132.033,132.13,29581
2023-02-13 08:00:00+00:00,132.146,132.751,132.146,132.7,44786
2023-02-13 12:00:00+00:00,132.661,132.853,132.362,132.801,53089
2023-02-13 16:00:00+00:00,132.816,132.864,132.402,132.459,28787
2023-02-13 20:00:00+00:00,132.459,132.465,132.23,132.333,19127
2023-02-14 00:00:00+00:00,132.371,132.371,131.975,132.035,37709
2023-02-14 04:00:00+00:00,132.036,132.087,131.79,132.087,39813
2023-02-14 08:00:00+00:00,132.106,132.32,131.933,132.228,51569
2023-02-14 12:00:00+00:00,132.224,133.121,131.67,132.824,75872
2023-02-14 16:00:00+00:00,132.778,133.278,132.718,133.046,50182
2023-02-14 20:00:00+00:00,133.065,133.154,132.963,132.992,20325
2023-02-15 00:00:00+00:00,133.001,133.068,132.554,133.045,34138
2023-02-15 04:00:00+00:00,133.078,133.406,132.973,133.345,38987
2023-02-15 08:00:00+00:00,133.275,133.474,133.212,133.439,44687
2023-02-15 12:00:00+00:00,133.432,134.321,133.432,134.273,64501
2023-02-15 16:00:00+00:00,134.314,134.352,134.146,134.171,35974
2023-02-15 20:00:00+00:00,134.146,134.19,133.884,133.906,22543
2023-02-16 00:00:00+00:00,133.891,134.14,133.64,133.761,40888
2023-02-16 04:00:00+00:00,133.751,133.986,133.724,133.775,36929
2023-02-16 08:00:00+00:00,133.832,133.976,133.612,133.81,41271
2023-02-16 12:00:00+00:00,133.779,134.443,133.777,134.196,58104
2023-02-16 16:00:00+00:00,134.193,134.218,133.699,133.834,42060
2023-02-16 20:00:00+00:00,133.845,134.16,133.785,134.07,28538
2023-02-17 00:00:00+00:00,134.072,134.707,134.072,134.658,30033
2023-02-17 04:00:00+00:00,134.668,134.883,134.644,134.801,33930
2023-02-17 08:00:00+00:00,134.876,135.08,134.728,135.038,44772
2023-02-17 12:00:00+00:00,135.026,135.04,134.09,134.342,58120
2023-02-17 16:00:00+00:00,134.386,134.399,134.089,134.141,35353
2023-02-17 20:00:00+00:00,134.139,134.211,134.062,134.1,9083
2023-02-18 04:00:00+00:00,134.15,134.15,134.15,134.15,1
2023-02-18 08:00:00+00:00,134.11,134.11,134.11,134.11,1
2023-02-19 16:00:00+00:00,134.036,134.223,134.036,134.223,4
2023-02-19 20:00:00+00:00,134.235,134.316,134.172,134.307,4864
2023-02-20 00:00:00+00:00,134.318,134.53,134.221,134.221,29483
2023-02-20 04:00:00+00:00,134.225,134.23,133.96,134.044,40162
2023-02-20 08:00:00+00:00,134.055,134.36,133.95,134.001,42800
2023-02-20 12:00:00+00:00,134.011,134.145,133.921,134.037,33333
2023-02-20 16:00:00+00:00,134.066,134.236,134.043,134.227,13233
2023-02-20 20:00:00+00:00,134.224,134.332,134.215,134.332,9949
2023-02-21 00:00:00+00:00,134.337,134.493,134.156,134.421,31281
2023-02-21 04:00:00+00:00,134.43,134.688,134.308,134.584,27477
2023-02-21 08:00:00+00:00,134.66,134.803,134.462,134.599,48099
2023-02-21 12:00:00+00:00,134.62,135.191,134.62,134.732,56185
2023-02-21 16:00:00+00:00,134.723,135.035,134.714,134.967,34630
2023-02-21 20:00:00+00:00,134.946,135.014,134.826,134.988,15437
2023-02-22 00:00:00+00:00,135.048,135.048,134.564,134.904,33428
2023-02-22 04:00:00+00:00,134.909,134.954,134.666,134.733,30932
2023-02-22 08:00:00+00:00,134.68,134.983,134.613,134.756,49355
2023-02-22 12:00:00+00:00,134.742,134.795,134.383,134.599,54482
2023-02-22 16:00:00+00:00,134.606,134.942,134.597,134.935,45241
2023-02-22 20:00:00+00:00,134.954,134.981,134.81,134.932,21942
2023-02-23 00:00:00+00:00,134.942,134.957,134.707,134.767,23080
2023-02-23 04:00:00+00:00,134.774,134.887,134.719,134.839,25921
2023-02-23 08:00:00+00:00,134.87,134.982,134.785,134.936,34962
2023-02-23 12:00:00+00:00,134.944,135.341,134.656,134.848,57470
2023-02-23 16:00:00+00:00,134.829,134.912,134.506,134.639,32569
2023-02-23 20:00:00+00:00,134.629,134.739,134.331,134.624,19189
2023-02-24 00:00:00+00:00,134.614,134.873,134.129,134.723,49615
2023-02-24 04:00:00+00:00,134.716,134.838,134.528,134.838,34783
2023-02-24 08:00:00+00:00,134.863,135.44,134.847,135.399,48046
2023-02-24 12:00:00+00:00,135.433,136.426,135.432,136.395,64620
2023-02-24 16:00:00+00:00,136.369,136.513,136.219,136.428,34696
2023-02-24 20:00:00+00:00,136.386,136.49,136.364,136.47,9457
2023-02-25 08:00:00+00:00,136.46,136.47,136.46,136.47,6
2023-02-26 16:00:00+00:00,136.152,136.361,136.152,136.237,4
2023-02-26 20:00:00+00:00,136.267,136.513,136.24,136.424,3314
2023-02-27 00:00:00+00:00,136.442,136.476,136.011,136.354,32728
2023-02-27 04:00:00+00:00,136.331,136.421,136.11,136.189,33710
2023-02-27 08:00:00+00:00,136.083,136.432,136.018,136.254,41375
2023-02-27 12:00:00+00:00,136.249,136.356,135.93,136.072,49959
2023-02-27 16:00:00+00:00,136.123,136.3,136.083,136.247,26715
2023-02-27 20:00:00+00:00,136.238,136.326,136.145,136.319,15787
2023-02-28 00:00:00+00:00,136.35,136.35,136.118,136.231,30983
2023-02-28 04:00:00+00:00,136.215,136.752,136.215,136.746,32155
2023-02-28 08:00:00+00:00,136.751,136.834,136.607,136.77,45387
2023-02-28 12:00:00+00:00,136.811,136.903,136.156,136.207,47267
2023-02-28 16:00:00+00:00,136.194,136.199,135.775,136.114,35585
2023-02-28 20:00:00+00:00,136.096,136.345,136.072,136.342,18110
2023-03-01 00:00:00+00:00,136.364,136.462,136.253,136.366,33233
2023-03-01 04:00:00+00:00,136.348,136.43,135.923,135.923,36951
2023-03-01 08:00:00+00:00,135.949,136.044,135.32,135.339,54477
2023-03-01 12:00:00+00:00,135.377,136.306,135.265,136.108,52963
2023-03-01 16:00:00+00:00,136.116,136.255,135.722,136.176,29796
2023-03-01 20:00:00+00:00,136.16,136.244,136.023,136.19,17891
2023-03-02 00:00:00+00:00,136.203,136.436,136.086,136.376,36506
2023-03-02 04:00:00+00:00,136.363,136.852,136.355,136.782,36053
2023-03-02 08:00:00+00:00,136.753,136.777,136.256,136.614,53442
2023-03-02 12:00:00+00:00,136.586,137.06,136.459,136.686,55091
2023-03-02 16:00:00+00:00,136.719,136.984,136.603,136.757,34387
2023-03-02 20:00:00+00:00,136.783,136.816,136.519,136.72,22334
2023-03-03 00:00:00+00:00,136.692,136.745,136.501,136.674,34671
2023-03-03 04:00:00+00:00,136.668,136.706,136.356,136.421,30918
2023-03-03 08:00:00+00:00,136.357,136.431,136.013,136.054,45858
2023-03-03 12:00:00+00:00,136.036,136.376,135.825,136.319,54315
2023-03-03 16:00:00+00:00,136.346,136.405,135.828,135.839,32658
2023-03-03 20:00:00+00:00,135.804,135.862,135.744,135.84,10180
2023-03-05 16:00:00+00:00,135.734,135.791,135.734,135.743,4
2023-03-05 20:00:00+00:00,135.766,136.017,135.766,136.017,6555
2023-03-06 00:00:00+00:00,136.037,136.037,135.389,135.452,32422
2023-03-06 04:00:00+00:00,135.464,135.863,135.448,135.684,33075
2023-03-06 08:00:00+00:00,135.729,136.183,135.722,136.161,48266
2023-03-06 12:00:00+00:00,136.144,136.167,135.652,135.951,44899
2023-03-06 16:00:00+00:00,135.955,136.075,135.845,136.06,24650
2023-03-06 20:00:00+00:00,136.04,136.04,135.876,135.995,15074
2023-03-07 00:00:00+00:00,136.001,136.172,135.846,135.969,30598
2023-03-07 04:00:00+00:00,135.959,136.036,135.666,135.745,29164
2023-03-07 08:00:00+00:00,135.709,136.073,135.574,136.046,41233
2023-03-07 12:00:00+00:00,136.059,136.872,136.057,136.774,53868
2023-03-07 16:00:00+00:00,136.805,137.151,136.672,137.107,42176
2023-03-07 20:00:00+00:00,137.093,137.39,137.033,137.383,16335
2023-03-08 00:00:00+00:00,137.417,137.777,137.266,137.76,33829
2023-03-08 04:00:00+00:00,137.735,137.896,137.475,137.497,32374
2023-03-08 08:00:00+00:00,137.463,137.653,137.206,137.264,40863
2023-03-08 12:00:00+00:00,137.273,137.345,136.503,136.882,57600
2023-03-08 16:00:00+00:00,136.883,137.319,136.776,137.222,33391
2023-03-08 20:00:00+00:00,137.231,137.43,137.158,137.224,14057
2023-03-09 00:00:00+00:00,137.231,137.251,136.834,136.94,29094
2023-03-09 04:00:00+00:00,136.96,136.977,136.582,136.842,27646
2023-03-09 08:00:00+00:00,136.869,136.872,136.048,136.278,41345
2023-03-09 12:00:00+00:00,136.271,136.395,135.99,136.318,47557
2023-03-09 16:00:00+00:00,136.327,136.46,136.002,136.159,32647
2023-03-09 20:00:00+00:00,136.167,136.414,136.066,136.37,22337
2023-03-10 00:00:00+00:00,136.417,136.888,135.834,136.493,51860
2023-03-10 04:00:00+00:00,136.501,136.841,136.325,136.409,46528
2023-03-10 08:00:00+00:00,136.267,136.979,136.132,136.761,49505
2023-03-10 12:00:00+00:00,136.789,136.861,134.162,134.29,73068
2023-03-10 16:00:00+00:00,134.334,135.168,134.328,134.78,51781
2023-03-10 20:00:00+00:00,134.795,135.132,134.743,134.99,14611
2023-03-11 08:00:00+00:00,134.98,135.0,134.98,135.0,2
2023-03-12 16:00:00+00:00,134.814,134.814,134.661,134.661,4
2023-03-12 20:00:00+00:00,134.66,134.966,133.574,134.959,11373
2023-03-13 00:00:00+00:00,134.852,134.877,133.724,134.108,55788
2023-03-13 04:00:00+00:00,134.055,134.668,133.895,134.503,51287
2023-03-13 08:00:00+00:00,134.488,134.643,132.876,133.151,81369
2023-03-13 12:00:00+00:00,133.039,133.269,132.295,133.136,82741
2023-03-13 16:00:00+00:00,133.127,133.615,132.955,133.342,56195
2023-03-13 20:00:00+00:00,133.331,133.389,133.088,133.088,29756
2023-03-14 00:00:00+00:00,133.093,133.888,133.067,133.78,46573
2023-03-14 04:00:00+00:00,133.755,133.994,133.196,133.55,53259
2023-03-14 08:00:00+00:00,133.507,134.294,133.507,134.164,60492
2023-03-14 12:00:00+00:00,134.138,134.876,133.908,134.327,71480
2023-03-14 16:00:00+00:00,134.321,134.591,134.0,134.19,52227
2023-03-14 20:00:00+00:00,134.152,134.466,134.135,134.434,21527
2023-03-15 00:00:00+00:00,134.408,134.578,134.036,134.253,43063
2023-03-15 04:00:00+00:00,134.248,135.029,134.248,134.871,45432
2023-03-15 08:00:00+00:00,134.858,135.06,133.447,133.526,78032
2023-03-15 12:00:00+00:00,133.517,133.517,132.257,132.819,82942
2023-03-15 16:00:00+00:00,132.73,133.75,132.422,133.19,68017
2023-03-15 20:00:00+00:00,133.17,133.457,132.795,132.902,26805
2023-03-16 00:00:00+00:00,132.913,133.458,132.5,132.731,58782
2023-03-16 04:00:00+00:00,132.743,133.179,132.59,133.116,54786
2023-03-16 08:00:00+00:00,133.063,133.186,132.608,132.608,65433
2023-03-16 12:00:00+00:00,132.628,133.112,131.747,133.023,86315
2023-03-16 16:00:00+00:00,133.033,133.8,132.919,133.485,58763
2023-03-16 20:00:00+00:00,133.477,133.784,133.345,133.372,22352
2023-03-17 00:00:00+00:00,133.416,133.568,133.052,133.212,42622
2023-03-17 04:00:00+00:00,133.208,133.335,132.796,133.015,45903
2023-03-17 08:00:00+00:00,132.997,133.347,132.531,132.637,60714
2023-03-17 12:00:00+00:00,132.682,132.724,131.841,132.022,75784
2023-03-17 16:00:00+00:00,132.04,132.304,131.593,131.986,49622
2023-03-17 20:00:00+00:00,131.964,132.034,131.765,131.84,7779
2023-03-18 04:00:00+00:00,131.8,131.83,131.8,131.83,2
2023-03-18 12:00:00+00:00,131.8,131.83,131.8,131.83,2
2023-03-19 16:00:00+00:00,132.3,132.345,132.12,132.12,4
2023-03-19 20:00:00+00:00,131.793,132.344,131.65,132.27,13990
2023-03-20 00:00:00+00:00,132.323,132.63,131.927,132.024,44995
2023-03-20 04:00:00+00:00,132.029,132.075,130.729,131.049,59541
2023-03-20 08:00:00+00:00,131.155,131.426,130.56,131.05,74885
2023-03-20 12:00:00+00:00,131.002,131.832,130.997,131.593,70908
2023-03-20 16:00:00+00:00,131.658,131.723,131.306,131.432,42719
2023-03-20 20:00:00+00:00,131.419,131.461,131.222,131.398,20946
2023-03-21 00:00:00+00:00,131.394,131.555,131.04,131.214,34745
2023-03-21 04:00:00+00:00,131.217,131.893,131.186,131.869,42013
2023-03-21 08:00:00+00:00,131.824,132.387,131.824,132.278,55048
2023-03-21 12:00:00+00:00,132.267,132.436,131.818,132.268,55464
2023-03-21 16:00:00+00:00,132.248,132.612,132.221,132.446,32873
2023-03-21 20:00:00+00:00,132.476,132.541,132.25,132.4,21502
2023-03-22 00:00:00+00:00,132.349,132.761,132.265,132.377,39446
2023-03-22 04:00:00+00:00,132.398,132.596,132.324,132.596,37394
2023-03-22 08:00:00+00:00,132.592,132.934,132.352,132.895,45533
2023-03-22 12:00:00+00:00,132.895,132.993,132.438,132.666,41541
2023-03-22 16:00:00+00:00,132.643,132.711,131.082,131.192,55155
2023-03-22 20:00:00+00:00,131.201,131.509,131.053,131.185,28605
2023-03-23 00:00:00+00:00,131.114,131.237,130.447,130.618,49894
2023-03-23 04:00:00+00:00,130.632,131.03,130.569,130.951,46944
2023-03-23 08:00:00+00:00,130.976,131.423,130.859,131.285,50017
2023-03-23 12:00:00+00:00,131.258,131.636,130.972,130.995,55493
2023-03-23 16:00:00+00:00,130.987,131.008,130.329,130.563,52988
2023-03-23 20:00:00+00:00,130.536,130.902,130.536,130.854,19920
2023-03-24 00:00:00+00:00,130.844,130.916,130.182,130.332,47119
2023-03-24 04:00:00+00:00,130.365,130.463,130.064,130.255,44447
2023-03-24 08:00:00+00:00,130.253,130.26,129.672,130.009,68112
2023-03-24 12:00:00+00:00,130.037,130.647,129.869,130.636,63811
2023-03-24 16:00:00+00:00,130.631,130.881,130.592,130.748,33910
2023-03-24 20:00:00+00:00,130.754,130.779,130.69,130.745,3899
2023-03-26 16:00:00+00:00,130.399,130.494,130.399,130.46,4
2023-03-26 20:00:00+00:00,130.459,130.954,130.459,130.846,8909
2023-03-27 00:00:00+00:00,130.861,131.04,130.535,130.584,39631
2023-03-27 04:00:00+00:00,130.585,131.344,130.507,130.921,47449
2023-03-27 08:00:00+00:00,130.998,131.562,130.9,131.467,44477
2023-03-27 12:00:00+00:00,131.442,131.743,131.329,131.502,43572
2023-03-27 16:00:00+00:00,131.487,131.75,131.441,131.59,25359
2023-03-27 20:00:00+00:00,131.581,131.601,131.195,131.24,18343
2023-03-28 00:00:00+00:00,131.228,131.228,130.569,130.579,43291
2023-03-28 04:00:00+00:00,130.558,131.211,130.508,131.158,46004
2023-03-28 08:00:00+00:00,131.149,131.276,130.779,130.807,41673
2023-03-28 12:00:00+00:00,130.785,131.173,130.445,130.97,47660
2023-03-28 16:00:00+00:00,130.949,131.023,130.573,130.798,23070
2023-03-28 20:00:00+00:00,130.817,131.057,130.76,131.046,20317
2023-03-29 00:00:00+00:00,130.973,131.759,130.928,131.677,36523
2023-03-29 04:00:00+00:00,131.643,132.035,131.55,131.961,41081
2023-03-29 08:00:00+00:00,131.993,132.191,131.605,132.19,41548
2023-03-29 12:00:00+00:00,132.175,132.697,132.172,132.697,50784
2023-03-29 16:00:00+00:00,132.673,132.84,132.55,132.823,24189
2023-03-29 20:00:00+00:00,132.829,132.881,132.544,132.545,18730
2023-03-30 00:00:00+00:00,132.541,132.787,132.487,132.672,35567
2023-03-30 04:00:00+00:00,132.654,132.687,132.222,132.4,45131
2023-03-30 08:00:00+00:00,132.422,132.867,132.396,132.571,45610
2023-03-30 12:00:00+00:00,132.618,132.93,132.589,132.71,45462
2023-03-30 16:00:00+00:00,132.68,132.68,132.331,132.615,25108
2023-03-30 20:00:00+00:00,132.639,133.236,132.578,133.201,19193
2023-03-31 00:00:00+00:00,133.209,133.474,132.759,132.759,41181
2023-03-31 04:00:00+00:00,132.76,133.196,132.726,133.13,41351
2023-03-31 08:00:00+00:00,133.207,133.561,132.87,133.182,47536
2023-03-31 12:00:00+00:00,133.168,133.282,132.751,132.751,57571
2023-03-31 16:00:00+00:00,132.789,132.947,132.622,132.758,25991
2023-03-31 20:00:00+00:00,132.771,132.831,132.094,132.77,4402
2023-04-02 16:00:00+00:00,132.705,132.922,132.705,132.922,2
2023-04-02 20:00:00+00:00,132.907,133.518,132.907,133.351,14216
2023-04-03 00:00:00+00:00,133.309,133.447,132.822,133.442,43599
2023-04-03 04:00:00+00:00,133.44,133.731,133.336,133.536,45138
2023-04-03 08:00:00+00:00,133.573,133.63,132.877,132.891,42012
2023-04-03 12:00:00+00:00,132.912,133.124,132.221,132.356,51864
2023-04-03 16:00:00+00:00,132.39,132.562,132.283,132.45,26000
2023-04-03 20:00:00+00:00,132.436,132.436,132.173,132.319,21265
2023-04-04 00:00:00+00:00,132.272,132.877,132.22,132.852,33514
2023-04-04 04:00:00+00:00,132.871,132.959,132.52,132.609,42697
2023-04-04 08:00:00+00:00,132.647,133.14,132.612,133.035,42046
2023-04-04 12:00:00+00:00,133.049,133.058,131.568,131.6,56675
2023-04-04 16:00:00+00:00,131.583,131.752,131.535,131.646,24858
2023-04-04 20:00:00+00:00,131.65,131.769,131.382,131.433,17027
2023-04-05 00:00:00+00:00,131.369,131.839,131.322,131.677,36241
2023-04-05 04:00:00+00:00,131.676,131.772,131.327,131.404,40653
2023-04-05 08:00:00+00:00,131.411,131.77,131.252,131.477,44713
2023-04-05 12:00:00+00:00,131.433,131.519,130.677,131.109,57887
2023-04-05 16:00:00+00:00,131.129,131.307,131.064,131.307,26069
2023-04-05 20:00:00+00:00,131.278,131.402,130.819,130.935,19187
2023-04-06 00:00:00+00:00,130.911,131.269,130.798,131.203,31634
2023-04-06 04:00:00+00:00,131.203,131.487,131.12,131.368,35529
2023-04-06 08:00:00+00:00,131.408,131.563,131.183,131.475,36540
2023-04-06 12:00:00+00:00,131.477,131.861,131.263,131.673,45995
2023-04-06 16:00:00+00:00,131.663,131.844,131.581,131.782,17056
2023-04-06 20:00:00+00:00,131.781,131.904,131.657,131.677,10986
2023-04-07 00:00:00+00:00,131.707,131.807,131.569,131.711,29052
2023-04-07 04:00:00+00:00,131.702,131.938,131.647,131.887,25173
2023-04-07 08:00:00+00:00,131.878,131.88,131.525,131.655,22112
2023-04-07 12:00:00+00:00,131.655,132.325,131.648,132.127,26715
2023-04-07 16:00:00+00:00,132.151,132.261,132.1,132.239,4935
2023-04-07 20:00:00+00:00,132.212,132.239,132.132,132.15,819
2023-04-08 04:00:00+00:00,131.71,132.14,131.71,132.14,2
2023-04-09 16:00:00+00:00,131.975,131.983,131.975,131.983,2
2023-04-09 20:00:00+00:00,132.0,132.155,131.826,132.098,7764
2023-04-10 00:00:00+00:00,132.155,132.72,132.155,132.706,34980
2023-04-10 04:00:00+00:00,132.71,132.772,132.06,132.069,34508
2023-04-10 08:00:00+00:00,132.098,132.859,132.016,132.859,39836
2023-04-10 12:00:00+00:00,132.874,133.847,132.874,133.75,41933
2023-04-10 16:00:00+00:00,133.735,133.746,133.551,133.56,17232
2023-04-10 20:00:00+00:00,133.585,133.628,133.46,133.469,16585
2023-04-11 00:00:00+00:00,133.413,133.672,133.249,133.41,34702
2023-04-11 04:00:00+00:00,133.408,133.534,133.047,133.143,40163
2023-04-11 08:00:00+00:00,133.134,133.319,132.981,133.26,41019
2023-04-11 12:00:00+00:00,133.232,133.649,133.056,133.633,39947
2023-04-11 16:00:00+00:00,133.646,133.806,133.62,133.684,21009
2023-04-11 20:00:00+00:00,133.693,133.747,133.558,133.594,23343
2023-04-12 00:00:00+00:00,133.581,134.024,133.581,133.845,33832
2023-04-12 04:00:00+00:00,133.879,133.89,133.58,133.846,32408
2023-04-12 08:00:00+00:00,133.835,133.964,133.605,133.734,33769
2023-04-12 12:00:00+00:00,133.756,133.877,132.782,133.246,57179
2023-04-12 16:00:00+00:00,133.239,133.387,133.061,133.188,30956
2023-04-12 20:00:00+00:00,133.204,133.234,132.944,133.083,16310
2023-04-13 00:00:00+00:00,133.045,133.297,132.991,133.268,35048
2023-04-13 04:00:00+00:00,133.252,133.35,133.005,133.022,35439
2023-04-13 08:00:00+00:00,133.019,133.367,132.907,133.336,32845
2023-04-13 12:00:00+00:00,133.349,133.362,132.03,132.377,54068
2023-04-13 16:00:00+00:00,132.369,132.788,132.368,132.73,23731
2023-04-13 20:00:00+00:00,132.731,132.731,132.466,132.487,17612
2023-04-14 00:00:00+00:00,132.526,132.633,132.301,132.399,37221
2023-04-14 04:00:00+00:00,132.418,132.585,132.208,132.23,35301
2023-04-14 08:00:00+00:00,132.202,132.732,132.18,132.609,37760
2023-04-14 12:00:00+00:00,132.596,133.756,132.423,133.739,55262
2023-04-14 16:00:00+00:00,133.754,133.828,133.625,133.759,19372
2023-04-14 20:00:00+00:00,133.776,133.82,133.725,133.82,3259
2023-04-15 12:00:00+00:00,133.77,133.8,133.77,133.8,2
2023-04-16 16:00:00+00:00,133.407,133.712,133.407,133.712,2
2023-04-16 20:00:00+00:00,133.801,133.98,133.752,133.98,9046
2023-04-17 00:00:00+00:00,133.943,134.068,133.714,133.983,32224
2023-04-17 04:00:00+00:00,133.989,134.192,133.864,134.049,40090
2023-04-17 08:00:00+00:00,134.031,134.169,133.773,133.774,38204
2023-04-17 12:00:00+00:00,133.807,134.564,133.75,134.518,46283
2023-04-17 16:00:00+00:00,134.522,134.524,134.384,134.427,17017
2023-04-17 20:00:00+00:00,134.444,134.498,134.412,134.454,20529
2023-04-18 00:00:00+00:00,134.392,134.694,134.285,134.446,39977
2023-04-18 04:00:00+00:00,134.432,134.536,134.229,134.229,41102
2023-04-18 08:00:00+00:00,134.22,134.282,133.871,133.891,40126
2023-04-18 12:00:00+00:00,133.929,134.318,133.867,134.117,39751
2023-04-18 16:00:00+00:00,134.117,134.192,134.017,134.08,16345
2023-04-18 20:00:00+00:00,134.078,134.12,133.986,134.041,19195
2023-04-19 00:00:00+00:00,134.001,134.383,133.961,134.291,36605
2023-04-19 04:00:00+00:00,134.297,134.794,134.279,134.735,40641
2023-04-19 08:00:00+00:00,134.734,135.046,134.665,134.672,42709
2023-04-19 12:00:00+00:00,134.682,134.801,134.301,134.793,42186
2023-04-19 16:00:00+00:00,134.805,134.837,134.652,134.796,20903
2023-04-19 20:00:00+00:00,134.802,134.823,134.594,134.711,19346
2023-04-20 00:00:00+00:00,134.747,134.961,134.621,134.738,38800
2023-04-20 04:00:00+00:00,134.734,134.826,134.399,134.609,40970
2023-04-20 08:00:00+00:00,134.604,134.855,134.511,134.663,37592
2023-04-20 12:00:00+00:00,134.667,134.823,134.026,134.101,46111
2023-04-20 16:00:00+00:00,134.106,134.351,134.055,134.277,21208
2023-04-20 20:00:00+00:00,134.235,134.275,133.961,133.997,18702
2023-04-21 00:00:00+00:00,134.033,134.22,133.824,133.857,30149
2023-04-21 04:00:00+00:00,133.854,134.08,133.711,133.936,34472
2023-04-21 08:00:00+00:00,133.887,134.039,133.687,133.76,34434
2023-04-21 12:00:00+00:00,133.761,134.465,133.554,134.283,49414
2023-04-21 16:00:00+00:00,134.259,134.265,134.067,134.074,20810
2023-04-21 20:00:00+00:00,134.093,134.16,134.077,134.16,3441
2023-04-23 16:00:00+00:00,133.757,133.879,133.757,133.879,2
2023-04-23 20:00:00+00:00,133.926,134.107,133.926,133.962,6192
2023-04-24 00:00:00+00:00,134.002,134.454,133.899,134.361,35394
2023-04-24 04:00:00+00:00,134.389,134.461,134.131,134.225,37023
2023-04-24 08:00:00+00:00,134.215,134.692,134.19,134.626,35994
2023-04-24 12:00:00+00:00,134.632,134.72,134.35,134.405,36773
2023-04-24 16:00:00+00:00,134.391,134.43,134.23,134.302,18097
2023-04-24 20:00:00+00:00,134.31,134.31,133.978,134.085,16593
2023-04-25 00:00:00+00:00,134.112,134.405,134.023,134.361,35271
2023-04-25 04:00:00+00:00,134.356,134.452,134.07,134.147,38145
2023-04-25 08:00:00+00:00,134.125,134.206,133.821,134.194,37934
2023-04-25 12:00:00+00:00,134.21,134.24,133.744,133.968,46149
2023-04-25 16:00:00+00:00,133.978,134.002,133.371,133.503,30763
2023-04-25 20:00:00+00:00,133.554,133.905,133.551,133.704,17637
2023-04-26 00:00:00+00:00,133.665,133.748,133.438,133.531,42215
2023-04-26 04:00:00+00:00,133.53,133.784,133.406,133.449,42530
2023-04-26 08:00:00+00:00,133.446,133.811,133.278,133.735,47958
2023-04-26 12:00:00+00:00,133.796,133.876,133.026,133.724,55763
2023-04-26 16:00:00+00:00,133.737,133.876,133.481,133.629,29863
2023-04-26 20:00:00+00:00,133.638,133.692,133.412,133.461,14215
2023-04-27 00:00:00+00:00,133.42,133.699,133.42,133.687,37519
2023-04-27 04:00:00+00:00,133.701,133.831,133.625,133.785,40546
2023-04-27 08:00:00+00:00,133.803,133.916,133.425,133.485,37327
2023-04-27 12:00:00+00:00,133.484,134.182,133.293,134.049,51211
2023-04-27 16:00:00+00:00,134.033,134.058,133.821,133.909,25243
2023-04-27 20:00:00+00:00,133.901,134.028,133.737,133.802,20008
2023-04-28 00:00:00+00:00,133.858,134.269,133.719,133.81,47788
2023-04-28 04:00:00+00:00,134.409,135.833,134.342,135.722,65710
2023-04-28 08:00:00+00:00,135.672,136.171,135.532,136.129,42649
2023-04-28 12:00:00+00:00,136.085,136.529,135.864,135.992,57597
2023-04-28 16:00:00+00:00,136.005,136.278,135.973,136.239,29740
2023-04-28 20:00:00+00:00,136.239,136.345,136.209,136.304,6235
2023-04-29 08:00:00+00:00,136.28,136.32,136.28,136.32,2
2023-04-30 16:00:00+00:00,136.204,136.204,136.057,136.057,2
2023-04-30 20:00:00+00:00,136.11,136.43,136.075,136.401,9187
2023-05-01 00:00:00+00:00,136.391,136.936,136.264,136.877,38465
2023-05-01 04:00:00+00:00,136.885,136.974,136.693,136.713,30835
2023-05-01 08:00:00+00:00,136.764,136.882,136.582,136.817,30507
2023-05-01 12:00:00+00:00,136.826,137.404,136.705,137.353,41687
2023-05-01 16:00:00+00:00,137.356,137.531,137.31,137.497,24925
2023-05-01 20:00:00+00:00,137.489,137.567,137.409,137.522,18769
2023-05-02 00:00:00+00:00,137.497,137.51,137.309,137.495,35938
2023-05-02 04:00:00+00:00,137.507,137.763,137.501,137.592,45332
2023-05-02 08:00:00+00:00,137.578,137.59,137.253,137.337,20657
2023-05-02 12:00:00+00:00,137.34,137.572,136.394,136.465,52123
2023-05-02 16:00:00+00:00,136.468,136.69,136.321,136.499,30492
2023-05-02 20:00:00+00:00,136.481,136.596,136.337,136.47,17297
2023-05-03 00:00:00+00:00,136.43,136.561,135.918,136.054,35182
2023-05-03 04:00:00+00:00,136.073,136.108,135.74,135.791,35755
2023-05-03 08:00:00+00:00,135.793,135.793,135.448,135.494,43561
2023-05-03 12:00:00+00:00,135.482,135.791,135.067,135.315,49785
2023-05-03 16:00:00+00:00,135.3,135.655,134.863,135.013,52933
2023-05-03 20:00:00+00:00,135.04,135.254,134.395,134.553,32153
2023-05-04 00:00:00+00:00,134.57,134.613,134.37,134.51,37831
2023-05-04 04:00:00+00:00,134.51,134.798,134.159,134.674,43137
2023-05-04 08:00:00+00:00,134.634,134.735,134.356,134.417,43129
2023-05-04 12:00:00+00:00,134.438,134.875,133.685,133.763,72679
2023-05-04 16:00:00+00:00,133.718,134.22,133.505,134.144,44642
2023-05-04 20:00:00+00:00,134.139,134.338,134.123,134.162,19232
2023-05-05 00:00:00+00:00,134.179,134.248,133.987,134.039,32245
2023-05-05 04:00:00+00:00,134.042,134.204,133.887,134.053,39130
2023-05-05 08:00:00+00:00,134.031,134.282,133.967,134.249,35029
2023-05-05 12:00:00+00:00,134.258,135.094,134.178,134.861,58113
2023-05-05 16:00:00+00:00,134.883,134.883,134.628,134.854,24773
2023-05-05 20:00:00+00:00,134.85,134.877,134.798,134.83,4068
2023-05-07 16:00:00+00:00,134.695,134.695,134.683,134.683,2
2023-05-07 20:00:00+00:00,134.715,135.265,134.697,135.192,8236
2023-05-08 00:00:00+00:00,135.138,135.138,134.769,134.862,36211
2023-05-08 04:00:00+00:00,134.832,135.025,134.666,135.025,33679
2023-05-08 08:00:00+00:00,134.996,135.198,134.927,135.188,38108
2023-05-08 12:00:00+00:00,135.182,135.205,134.769,134.828,39536
2023-05-08 16:00:00+00:00,134.828,135.17,134.651,135.123,27657
2023-05-08 20:00:00+00:00,135.141,135.141,134.976,135.082,22606
2023-05-09 00:00:00+00:00,135.126,135.308,134.928,134.935,34538
2023-05-09 04:00:00+00:00,134.929,135.037,134.732,134.797,38434
2023-05-09 08:00:00+00:00,134.842,135.098,134.778,134.931,36554
2023-05-09 12:00:00+00:00,134.953,135.326,134.941,135.151,41557
2023-05-09 16:00:00+00:00,135.152,135.271,135.111,135.223,25732
2023-05-09 20:00:00+00:00,135.21,135.336,134.911,135.29,27374
2023-05-10 00:00:00+00:00,135.262,135.289,135.09,135.146,33504
2023-05-10 04:00:00+00:00,135.156,135.459,135.133,135.235,40972
2023-05-10 08:00:00+00:00,135.233,135.334,135.125,135.311,36439
2023-05-10 12:00:00+00:00,135.297,135.377,134.312,134.527,57592
2023-05-10 16:00:00+00:00,134.518,134.518,134.123,134.349,33634
2023-05-10 20:00:00+00:00,134.341,134.38,134.03,134.098,22565
2023-05-11 00:00:00+00:00,134.042,134.241,133.903,134.189,36692
2023-05-11 04:00:00+00:00,134.18,134.554,134.155,134.554,42099
2023-05-11 08:00:00+00:00,134.602,134.831,134.104,134.146,46884
2023-05-11 12:00:00+00:00,134.165,134.534,133.756,134.462,58279
2023-05-11 16:00:00+00:00,134.466,134.57,134.342,134.556,29694
2023-05-11 20:00:00+00:00,134.553,134.581,134.429,134.489,19677
2023-05-12 00:00:00+00:00,134.514,134.688,134.403,134.544,36150
2023-05-12 04:00:00+00:00,134.546,134.901,134.525,134.862,39435
2023-05-12 08:00:00+00:00,134.819,134.943,134.634,134.927,32279
2023-05-12 12:00:00+00:00,134.946,135.627,134.745,135.627,47940
2023-05-12 16:00:00+00:00,135.629,135.736,135.607,135.698,26458
2023-05-12 20:00:00+00:00,135.68,135.746,135.677,135.74,3847
2023-05-13 20:00:00+00:00,135.71,135.73,135.71,135.73,2
2023-05-14 16:00:00+00:00,135.493,135.493,135.458,135.458,2
2023-05-14 20:00:00+00:00,135.559,135.88,135.559,135.823,8366
2023-05-15 00:00:00+00:00,135.852,136.146,135.731,136.13,34541
2023-05-15 04:00:00+00:00,136.129,136.244,135.829,135.958,38862
2023-05-15 08:00:00+00:00,135.995,136.313,135.947,136.138,32755
2023-05-15 12:00:00+00:00,136.155,136.231,135.719,136.077,42014
2023-05-15 16:00:00+00:00,136.068,136.131,136.01,136.056,24531
2023-05-15 20:00:00+00:00,136.053,136.115,135.955,136.029,18837
2023-05-16 00:00:00+00:00,136.019,136.085,135.909,135.96,33684
2023-05-16 04:00:00+00:00,135.956,136.028,135.759,135.793,34916
2023-05-16 08:00:00+00:00,135.779,135.884,135.684,135.855,31780
2023-05-16 12:00:00+00:00,135.858,136.673,135.858,136.617,47712
2023-05-16 16:00:00+00:00,136.618,136.655,136.269,136.322,27464
2023-05-16 20:00:00+00:00,136.314,136.456,136.275,136.428,19215
2023-05-17 00:00:00+00:00,136.448,136.523,136.31,136.461,31024
2023-05-17 04:00:00+00:00,136.474,136.992,136.474,136.984,36647
2023-05-17 08:00:00+00:00,136.972,137.147,136.855,137.004,37094
2023-05-17 12:00:00+00:00,137.017,137.564,136.923,137.515,42851
2023-05-17 16:00:00+00:00,137.528,137.653,137.407,137.619,27825
2023-05-17 20:00:00+00:00,137.607,137.703,137.544,137.602,20038
2023-05-18 00:00:00+00:00,137.625,137.697,137.311,137.586,34898
2023-05-18 04:00:00+00:00,137.592,137.867,137.395,137.811,39522
2023-05-18 08:00:00+00:00,137.853,137.937,137.7,137.817,34817
2023-05-18 12:00:00+00:00,137.816,138.658,137.749,138.5,47231
2023-05-18 16:00:00+00:00,138.472,138.742,138.374,138.686,28534
2023-05-18 20:00:00+00:00,138.703,138.725,138.519,138.628,20902
2023-05-19 00:00:00+00:00,138.637,138.637,138.284,138.426,39404
2023-05-19 04:00:00+00:00,138.423,138.484,138.001,138.108,39048
2023-05-19 08:00:00+00:00,138.151,138.48,138.017,138.405,37324
2023-05-19 12:00:00+00:00,138.43,138.647,137.429,137.681,53227
2023-05-19 16:00:00+00:00,137.672,138.13,137.636,137.965,33030
2023-05-19 20:00:00+00:00,137.986,137.986,136.776,137.96,4956
2023-05-21 16:00:00+00:00,137.851,137.877,137.851,137.877,2
2023-05-21 20:00:00+00:00,137.965,138.011,137.577,137.691,6218
2023-05-22 00:00:00+00:00,137.683,137.841,137.508,137.698,35614
2023-05-22 04:00:00+00:00,137.69,138.026,137.649,137.832,37838
2023-05-22 08:00:00+00:00,137.833,138.334,137.801,138.234,34488
2023-05-22 12:00:00+00:00,138.222,138.68,138.157,138.68,47185
2023-05-22 16:00:00+00:00,138.646,138.671,138.325,138.583,29617
2023-05-22 20:00:00+00:00,138.609,138.777,138.513,138.663,21244
2023-05-23 00:00:00+00:00,138.625,138.856,138.434,138.623,38852
2023-05-23 04:00:00+00:00,138.615,138.664,138.335,138.359,42078
2023-05-23 08:00:00+00:00,138.422,138.588,138.255,138.412,36484
2023-05-23 12:00:00+00:00,138.431,138.875,138.324,138.738,50224
2023-05-23 16:00:00+00:00,138.75,138.808,138.403,138.581,35042
2023-05-23 20:00:00+00:00,138.611,138.618,138.513,138.611,23110
2023-05-24 00:00:00+00:00,138.55,138.636,138.362,138.417,35158
2023-05-24 04:00:00+00:00,138.419,138.717,138.236,138.65,42276
2023-05-24 08:00:00+00:00,138.619,138.666,138.354,138.375,36312
2023-05-24 12:00:00+00:00,138.419,139.174,138.374,139.144,48564
2023-05-24 16:00:00+00:00,139.152,139.383,138.979,139.324,38849
2023-05-24 20:00:00+00:00,139.323,139.468,138.93,139.292,27100
2023-05-25 00:00:00+00:00,139.322,139.697,139.276,139.659,39813
2023-05-25 04:00:00+00:00,139.665,139.685,139.32,139.388,42918
2023-05-25 08:00:00+00:00,139.375,139.633,139.301,139.57,33292
2023-05-25 12:00:00+00:00,139.51,139.871,139.202,139.818,58886
2023-05-25 16:00:00+00:00,139.827,140.209,139.827,140.165,30488
2023-05-25 20:00:00+00:00,140.17,140.18,139.876,140.024,21907
2023-05-26 00:00:00+00:00,140.008,140.103,139.78,139.834,34086
2023-05-26 04:00:00+00:00,139.818,139.832,139.51,139.533,36906
2023-05-26 08:00:00+00:00,139.539,139.816,139.53,139.752,29417
2023-05-26 12:00:00+00:00,139.754,140.677,139.694,140.537,19654
2023-05-26 16:00:00+00:00,140.527,140.714,140.507,140.571,24729
2023-05-26 20:00:00+00:00,140.58,140.65,140.544,140.65,4018
2023-05-28 16:00:00+00:00,140.62,140.632,140.508,140.632,3
2023-05-28 20:00:00+00:00,140.68,140.882,140.511,140.882,10779
2023-05-29 00:00:00+00:00,140.801,140.9,140.388,140.589,30363
2023-05-29 04:00:00+00:00,140.602,140.623,140.243,140.466,27275
2023-05-29 08:00:00+00:00,140.442,140.522,140.18,140.286,27572
2023-05-29 12:00:00+00:00,140.281,140.367,140.124,140.286,20335
2023-05-29 16:00:00+00:00,140.299,140.439,140.285,140.439,10208
2023-05-29 20:00:00+00:00,140.446,140.509,140.345,140.47,13806
2023-05-30 00:00:00+00:00,140.464,140.522,140.005,140.242,33751
2023-05-30 04:00:00+00:00,140.252,140.922,140.126,140.254,46727
2023-05-30 08:00:00+00:00,140.28,140.644,139.659,139.659,46038
2023-05-30 12:00:00+00:00,139.685,140.091,139.573,139.834,47367
2023-05-30 16:00:00+00:00,139.841,139.944,139.728,139.755,29019
2023-05-30 20:00:00+00:00,139.784,139.84,139.717,139.795,13985
2023-05-31 00:00:00+00:00,139.741,139.909,139.615,139.788,34638
2023-05-31 04:00:00+00:00,139.791,139.859,139.317,139.745,42205
2023-05-31 08:00:00+00:00,139.745,140.039,139.661,139.694,29224
2023-05-31 12:00:00+00:00,139.686,140.355,139.524,139.773,48262
2023-05-31 16:00:00+00:00,139.794,139.928,139.235,139.347,33657
2023-05-31 20:00:00+00:00,139.318,139.38,138.99,139.135,18912
2023-06-01 00:00:00+00:00,139.112,139.545,139.112,139.498,34532
2023-06-01 04:00:00+00:00,139.51,139.944,139.407,139.914,33948
2023-06-01 08:00:00+00:00,139.938,139.938,139.356,139.39,33280
2023-06-01 12:00:00+00:00,139.419,139.757,138.528,138.743,53669
2023-06-01 16:00:00+00:00,138.734,138.859,138.709,138.796,22002
2023-06-01 20:00:00+00:00,138.798,138.864,138.709,138.743,11009
2023-06-02 00:00:00+00:00,138.685,139.042,138.621,138.738,32852
2023-06-02 04:00:00+00:00,138.743,139.012,138.73,139.005,32973
2023-06-02 08:00:00+00:00,139.044,139.099,138.744,138.929,29370
2023-06-02 12:00:00+00:00,138.908,139.802,138.811,139.758,49238
2023-06-02 16:00:00+00:00,139.766,140.065,139.758,139.973,22355
2023-06-02 20:00:00+00:00,139.941,139.986,139.94,139.94,3912
2023-06-03 12:00:00+00:00,139.94,139.94,139.94,139.94,1
2023-06-04 16:00:00+00:00,139.764,139.801,139.764,139.801,2
2023-06-04 20:00:00+00:00,139.81,140.239,139.796,140.211,5654
2023-06-05 00:00:00+00:00,140.17,140.245,140.005,140.041,30505
2023-06-05 04:00:00+00:00,140.041,140.441,139.991,140.407,32297
2023-06-05 08:00:00+00:00,140.427,140.441,140.203,140.268,27910
2023-06-05 12:00:00+00:00,140.282,140.289,139.262,139.642,42140
2023-06-05 16:00:00+00:00,139.64,139.799,139.487,139.548,23255
2023-06-05 20:00:00+00:00,139.567,139.615,139.321,139.413,14541
2023-06-06 00:00:00+00:00,139.428,139.647,139.428,139.549,27275
2023-06-06 04:00:00+00:00,139.545,139.634,139.119,139.304,38218
2023-06-06 08:00:00+00:00,139.188,139.616,139.133,139.593,32546
2023-06-06 12:00:00+00:00,139.609,139.96,139.538,139.668,42416
2023-06-06 16:00:00+00:00,139.695,139.751,139.594,139.682,26400
2023-06-06 20:00:00+00:00,139.671,139.688,139.523,139.523,13270
2023-06-07 00:00:00+00:00,139.535,139.554,139.174,139.307,34343
2023-06-07 04:00:00+00:00,139.3,139.471,139.136,139.437,33722
2023-06-07 08:00:00+00:00,139.461,139.494,139.253,139.371,36023
2023-06-07 12:00:00+00:00,139.386,140.019,139.042,139.978,52670
2023-06-07 16:00:00+00:00,139.986,140.238,139.968,140.238,34356
2023-06-07 20:00:00+00:00,140.221,140.221,139.863,139.915,19320
2023-06-08 00:00:00+00:00,139.914,140.092,139.796,139.803,32300
2023-06-08 04:00:00+00:00,139.795,139.95,139.669,139.725,36458
2023-06-08 08:00:00+00:00,139.731,139.835,139.641,139.688,33487
2023-06-08 12:00:00+00:00,139.693,139.734,138.829,138.841,56107
2023-06-08 16:00:00+00:00,138.861,139.0,138.861,138.917,29293
2023-06-08 20:00:00+00:00,138.925,138.925,138.783,138.881,13768
2023-06-09 00:00:00+00:00,138.918,139.292,138.899,139.268,32457
2023-06-09 04:00:00+00:00,139.241,139.578,139.231,139.56,34797
2023-06-09 08:00:00+00:00,139.586,139.711,139.373,139.373,34588
2023-06-09 12:00:00+00:00,139.366,139.579,139.067,139.353,48410
2023-06-09 16:00:00+00:00,139.373,139.469,139.287,139.441,18572
2023-06-09 20:00:00+00:00,139.421,139.425,139.354,139.4,3506
2023-06-10 00:00:00+00:00,139.34,139.39,139.34,139.39,2
2023-06-10 08:00:00+00:00,139.34,139.39,139.34,139.39,2
2023-06-11 04:00:00+00:00,139.34,139.34,139.34,139.34,1
2023-06-11 08:00:00+00:00,139.39,139.39,139.39,139.39,1
2023-06-11 16:00:00+00:00,139.102,139.152,139.102,139.152,2
2023-06-11 20:00:00+00:00,139.25,139.472,139.224,139.372,5199
2023-06-12 00:00:00+00:00,139.334,139.636,139.265,139.433,27226
2023-06-12 04:00:00+00:00,139.449,139.607,139.35,139.504,32908
2023-06-12 08:00:00+00:00,139.503,139.517,139.07,139.383,38810
2023-06-12 12:00:00+00:00,139.373,139.726,139.13,139.721,48611
2023-06-12 16:00:00+00:00,139.717,139.748,139.557,139.567,28057
2023-06-12 20:00:00+00:00,139.551,139.653,139.42,139.458,14066
2023-06-13 00:00:00+00:00,139.409,139.657,139.334,139.395,28744
2023-06-13 04:00:00+00:00,139.403,139.632,139.384,139.488,36047
2023-06-13 08:00:00+00:00,139.518,139.625,139.476,139.513,35800
2023-06-13 12:00:00+00:00,139.516,140.099,139.019,140.001,60992
2023-06-13 16:00:00+00:00,139.959,140.3,139.86,140.206,34037
2023-06-13 20:00:00+00:00,140.2,140.251,140.119,140.148,14264
2023-06-14 00:00:00+00:00,140.141,140.177,139.941,140.007,29817
2023-06-14 04:00:00+00:00,140.013,140.19,139.889,139.984,34321
2023-06-14 08:00:00+00:00,139.968,140.048,139.857,139.978,35684
2023-06-14 12:00:00+00:00,139.963,139.963,139.3,139.338,49799
2023-06-14 16:00:00+00:00,139.344,140.134,139.337,139.941,54282
2023-06-14 20:00:00+00:00,139.966,140.113,139.907,139.966,19291
2023-06-15 00:00:00+00:00,139.974,141.079,139.959,141.074,41528
2023-06-15 04:00:00+00:00,141.135,141.497,141.135,141.269,48225
2023-06-15 08:00:00+00:00,141.277,141.331,140.866,141.248,44006
2023-06-15 12:00:00+00:00,141.244,141.294,140.158,140.486,64313
2023-06-15 16:00:00+00:00,140.487,140.487,140.229,140.262,31797
2023-06-15 20:00:00+00:00,140.262,140.329,140.095,140.263,14202
2023-06-16 00:00:00+00:00,140.261,140.74,139.858,140.527,40990
2023-06-16 04:00:00+00:00,140.549,141.384,140.482,141.139,47628
2023-06-16 08:00:00+00:00,141.152,141.33,140.797,140.97,48750
2023-06-16 12:00:00+00:00,140.958,141.869,140.943,141.825,60976
2023-06-16 16:00:00+00:00,141.808,141.881,141.668,141.829,33336
2023-06-16 20:00:00+00:00,141.829,141.91,141.814,141.84,5495
2023-06-18 08:00:00+00:00,141.82,141.84,141.82,141.84,2
2023-06-18 16:00:00+00:00,141.403,141.6,141.403,141.6,2
2023-06-18 20:00:00+00:00,141.707,141.938,141.642,141.86,494
2023-06-19 00:00:00+00:00,141.813,141.954,141.522,141.53,21134
2023-06-19 04:00:00+00:00,141.515,141.942,141.457,141.848,25654
2023-06-19 08:00:00+00:00,141.819,141.997,141.757,141.846,27773
2023-06-19 12:00:00+00:00,141.834,141.92,141.672,141.905,33523
2023-06-19 16:00:00+00:00,141.906,142.02,141.895,141.97,12120
2023-06-19 20:00:00+00:00,141.965,141.99,141.847,141.897,12656
2023-06-20 00:00:00+00:00,141.925,142.224,141.605,141.725,48476
2023-06-20 04:00:00+00:00,141.679,142.135,141.626,141.764,46885
2023-06-20 08:00:00+00:00,141.756,141.785,141.368,141.378,43423
2023-06-20 12:00:00+00:00,141.374,141.736,141.254,141.47,53952
2023-06-20 16:00:00+00:00,141.479,141.501,141.216,141.447,29959
2023-06-20 20:00:00+00:00,141.436,141.46,141.285,141.339,16023
2023-06-21 00:00:00+00:00,141.375,141.707,141.375,141.634,37585
2023-06-21 04:00:00+00:00,141.636,142.09,141.618,142.09,42492
2023-06-21 08:00:00+00:00,142.113,142.155,141.712,141.816,41653
2023-06-21 12:00:00+00:00,141.847,142.331,141.754,142.087,56556
2023-06-21 16:00:00+00:00,142.076,142.122,141.694,141.782,35052
2023-06-21 20:00:00+00:00,141.78,141.906,141.66,141.687,18148
2023-06-22 00:00:00+00:00,141.707,141.884,141.631,141.746,30098
2023-06-22 04:00:00+00:00,141.736,141.941,141.642,141.782,36994
2023-06-22 08:00:00+00:00,141.822,142.153,141.817,142.129,40038
2023-06-22 12:00:00+00:00,142.139,142.886,141.816,142.886,55504
2023-06-22 16:00:00+00:00,142.925,143.221,142.872,143.155,32523
2023-06-22 20:00:00+00:00,143.142,143.155,142.953,143.03,19369
2023-06-23 00:00:00+00:00,143.058,143.151,142.831,143.054,39579
2023-06-23 04:00:00+00:00,143.069,143.437,142.815,142.882,46385
2023-06-23 08:00:00+00:00,142.956,143.308,142.889,143.262,42543
2023-06-23 12:00:00+00:00,143.278,143.86,142.769,143.786,58014
2023-06-23 16:00:00+00:00,143.797,143.867,143.692,143.784,32126
2023-06-23 20:00:00+00:00,143.804,143.804,143.69,143.69,4823
2023-06-24 16:00:00+00:00,143.68,143.68,143.68,143.68,1
2023-06-25 16:00:00+00:00,143.496,143.496,143.43,143.43,2
2023-06-25 20:00:00+00:00,143.476,143.699,143.46,143.536,6875
2023-06-26 00:00:00+00:00,143.481,143.65,143.254,143.438,40302
2023-06-26 04:00:00+00:00,143.425,143.536,142.959,143.182,40665
2023-06-26 08:00:00+00:00,143.195,143.245,143.013,143.2,40507
2023-06-26 12:00:00+00:00,143.205,143.683,143.066,143.552,49091
2023-06-26 16:00:00+00:00,143.554,143.588,143.435,143.502,30411
2023-06-26 20:00:00+00:00,143.506,143.526,143.373,143.46,13836
2023-06-27 00:00:00+00:00,143.48,143.568,143.295,143.43,37641
2023-06-27 04:00:00+00:00,143.451,143.651,143.425,143.52,36881
2023-06-27 08:00:00+00:00,143.553,143.928,143.496,143.55,41658
2023-06-27 12:00:00+00:00,143.518,144.157,143.391,144.008,42382
2023-06-27 16:00:00+00:00,144.007,144.074,143.88,144.001,28769
2023-06-27 20:00:00+00:00,144.01,144.077,143.799,143.876,18036
2023-06-28 00:00:00+00:00,143.893,144.034,143.747,143.987,36268
2023-06-28 04:00:00+00:00,143.983,144.192,143.872,144.074,39469
2023-06-28 08:00:00+00:00,144.057,144.25,143.849,144.19,41825
2023-06-28 12:00:00+00:00,144.157,144.59,144.107,144.225,56229
2023-06-28 16:00:00+00:00,144.239,144.424,144.126,144.424,36224
2023-06-28 20:00:00+00:00,144.427,144.522,144.322,144.388,20272
2023-06-29 00:00:00+00:00,144.369,144.483,144.137,144.43,38475
2023-06-29 04:00:00+00:00,144.436,144.685,144.29,144.347,41799
2023-06-29 08:00:00+00:00,144.375,144.396,144.159,144.293,40089
2023-06-29 12:00:00+00:00,144.293,144.891,144.173,144.723,58527
2023-06-29 16:00:00+00:00,144.75,144.891,144.731,144.831,30717
2023-06-29 20:00:00+00:00,144.831,144.834,144.685,144.795,14555
2023-06-30 00:00:00+00:00,144.776,145.036,144.714,144.773,40159
2023-06-30 04:00:00+00:00,144.74,144.861,144.469,144.847,39573
2023-06-30 08:00:00+00:00,144.822,144.898,144.598,144.725,38777
2023-06-30 12:00:00+00:00,144.722,144.722,144.242,144.469,55742
2023-06-30 16:00:00+00:00,144.471,144.544,144.23,144.271,35680
2023-06-30 20:00:00+00:00,144.301,144.346,144.267,144.29,6239
2023-07-02 08:00:00+00:00,144.32,144.32,144.32,144.32,1
2023-07-02 16:00:00+00:00,144.31,144.31,144.197,144.197,2
2023-07-02 20:00:00+00:00,144.197,144.402,144.197,144.395,4766
2023-07-03 00:00:00+00:00,144.418,144.688,144.233,144.616,37325
2023-07-03 04:00:00+00:00,144.615,144.833,144.375,144.828,40349
2023-07-03 08:00:00+00:00,144.798,144.91,144.552,144.859,41476
2023-07-03 12:00:00+00:00,144.868,144.868,144.054,144.508,50883
2023-07-03 16:00:00+00:00,144.509,144.81,144.501,144.744,22049
2023-07-03 20:00:00+00:00,144.733,144.744,144.578,144.598,11793
2023-07-04 00:00:00+00:00,144.598,144.663,144.436,144.663,27430
2023-07-04 04:00:00+00:00,144.666,144.67,144.343,144.498,32261
2023-07-04 08:00:00+00:00,144.496,144.496,144.298,144.414,28358
2023-07-04 12:00:00+00:00,144.43,144.478,144.21,144.41,30755
2023-07-04 16:00:00+00:00,144.403,144.541,144.388,144.482,18680
2023-07-04 20:00:00+00:00,144.467,144.494,144.403,144.406,13108
2023-07-05 00:00:00+00:00,144.415,144.63,144.391,144.528,25895
2023-07-05 04:00:00+00:00,144.524,144.723,144.484,144.569,30436
2023-07-05 08:00:00+00:00,144.447,144.498,144.424,144.498,3754
2023-07-05 12:00:00+00:00,144.495,144.581,144.093,144.56,47487
2023-07-05 16:00:00+00:00,144.571,144.694,144.515,144.664,29372
2023-07-05 20:00:00+00:00,144.662,144.691,144.416,144.498,15720
2023-07-06 00:00:00+00:00,144.469,144.508,144.168,144.234,34101
2023-07-06 04:00:00+00:00,144.219,144.219,143.572,143.572,36862
2023-07-06 08:00:00+00:00,143.956,143.956,143.677,143.683,14411
2023-07-06 12:00:00+00:00,143.692,144.641,143.638,144.093,63351
2023-07-06 16:00:00+00:00,144.081,144.22,143.978,144.105,29299
2023-07-06 20:00:00+00:00,144.102,144.13,143.893,143.972,15234
2023-07-07 00:00:00+00:00,143.964,144.193,143.819,143.914,31814
2023-07-07 04:00:00+00:00,143.905,143.947,143.15,143.232,40851
2023-07-07 08:00:00+00:00,143.239,143.351,142.901,143.238,41407
2023-07-07 12:00:00+00:00,143.231,143.399,142.111,142.216,63954
2023-07-07 16:00:00+00:00,142.202,142.218,142.089,142.132,31165
2023-07-07 20:00:00+00:00,142.115,142.124,142.076,142.09,6114
2023-07-08 00:00:00+00:00,142.07,142.1,142.07,142.1,4
2023-07-08 04:00:00+00:00,142.07,142.1,142.07,142.1,2
2023-07-09 12:00:00+00:00,142.07,142.07,142.07,142.07,1
2023-07-09 16:00:00+00:00,142.096,142.096,142.096,142.096,2
2023-07-09 20:00:00+00:00,142.12,142.279,142.112,142.209,6588
2023-07-10 00:00:00+00:00,142.133,142.88,142.133,142.768,39955
2023-07-10 04:00:00+00:00,142.783,143.007,142.239,142.294,41050
2023-07-10 08:00:00+00:00,142.325,142.594,142.133,142.133,35858
2023-07-10 12:00:00+00:00,142.112,142.507,141.531,141.562,50031
2023-07-10 16:00:00+00:00,141.58,141.608,141.278,141.298,28776
2023-07-10 20:00:00+00:00,141.304,141.355,141.214,141.303,15597
2023-07-11 00:00:00+00:00,141.303,141.446,140.617,140.795,39685
2023-07-11 04:00:00+00:00,140.785,140.943,140.439,140.531,46130
2023-07-11 08:00:00+00:00,140.509,140.622,140.163,140.391,42700
2023-07-11 12:00:00+00:00,140.374,140.942,140.324,140.518,48619
2023-07-11 16:00:00+00:00,140.526,140.549,140.301,140.385,25933
2023-07-11 20:00:00+00:00,140.388,140.388,140.08,140.122,15730
2023-07-12 00:00:00+00:00,140.074,140.074,139.402,139.652,43779
2023-07-12 04:00:00+00:00,139.661,139.734,139.312,139.57,39534
2023-07-12 08:00:00+00:00,139.58,139.726,139.471,139.519,36204
2023-07-12 12:00:00+00:00,139.523,139.637,138.209,138.215,64135
2023-07-12 16:00:00+00:00,138.216,138.475,138.216,138.452,30780
2023-07-12 20:00:00+00:00,138.468,138.546,138.303,138.32,18537
2023-07-13 00:00:00+00:00,138.33,138.665,138.085,138.503,40797
2023-07-13 04:00:00+00:00,138.498,138.825,138.288,138.372,43315
2023-07-13 08:00:00+00:00,138.343,138.615,138.251,138.498,39444
2023-07-13 12:00:00+00:00,138.497,138.923,138.053,138.144,57033
2023-07-13 16:00:00+00:00,138.155,138.165,137.944,138.025,31790
2023-07-13 20:00:00+00:00,138.022,138.075,137.897,138.065,17505
2023-07-14 00:00:00+00:00,138.056,138.073,137.321,137.433,45654
2023-07-14 04:00:00+00:00,137.446,138.455,137.433,138.225,44585
2023-07-14 08:00:00+00:00,138.22,138.836,138.168,138.543,43369
2023-07-14 12:00:00+00:00,138.493,139.091,138.411,138.746,63490
2023-07-14 16:00:00+00:00,138.729,138.899,138.583,138.899,33143
2023-07-14 20:00:00+00:00,138.871,138.886,138.643,138.69,4323
2023-07-15 08:00:00+00:00,138.73,138.73,138.7,138.7,4
2023-07-16 16:00:00+00:00,138.447,138.521,138.447,138.521,2
2023-07-16 20:00:00+00:00,138.594,138.82,138.554,138.683,5197
2023-07-17 00:00:00+00:00,138.704,138.712,138.38,138.661,32285
2023-07-17 04:00:00+00:00,138.662,138.752,138.422,138.665,35288
2023-07-17 08:00:00+00:00,138.651,138.661,138.011,138.359,38663
2023-07-17 12:00:00+00:00,138.368,139.396,138.313,138.927,54883
2023-07-17 16:00:00+00:00,138.922,139.025,138.608,138.647,30149
2023-07-17 20:00:00+00:00,138.66,138.772,138.619,138.723,16506
2023-07-18 00:00:00+00:00,138.79,138.91,138.524,138.57,36224
2023-07-18 04:00:00+00:00,138.569,138.587,138.2,138.229,39483
2023-07-18 08:00:00+00:00,138.228,138.389,138.09,138.277,42723
2023-07-18 12:00:00+00:00,138.253,138.956,137.847,138.941,65541
2023-07-18 16:00:00+00:00,138.923,139.12,138.775,138.934,33457
2023-07-18 20:00:00+00:00,138.89,139.166,138.775,139.025,17038
2023-07-19 00:00:00+00:00,139.01,139.313,138.871,139.282,38281
2023-07-19 04:00:00+00:00,139.277,139.654,139.223,139.5,48290
2023-07-19 08:00:00+00:00,139.501,139.99,139.417,139.796,45181
2023-07-19 12:00:00+00:00,139.801,139.982,139.44,139.763,57563
2023-07-19 16:00:00+00:00,139.746,139.793,139.528,139.699,33505
2023-07-19 20:00:00+00:00,139.683,139.744,139.543,139.607,18741
2023-07-20 00:00:00+00:00,139.605,139.69,139.109,139.186,39630
2023-07-20 04:00:00+00:00,139.198,139.673,139.182,139.628,40902
2023-07-20 08:00:00+00:00,139.617,139.656,139.345,139.529,44307
2023-07-20 12:00:00+00:00,139.551,140.393,139.551,140.393,57257
2023-07-20 16:00:00+00:00,140.407,140.495,140.054,140.092,31724
2023-07-20 20:00:00+00:00,140.09,140.097,139.777,139.851,17349
2023-07-21 00:00:00+00:00,139.85,140.304,139.755,140.177,37428
2023-07-21 04:00:00+00:00,140.203,141.367,140.027,141.367,42108
2023-07-21 08:00:00+00:00,141.288,141.929,141.288,141.774,50516
2023-07-21 12:00:00+00:00,141.784,141.845,141.229,141.744,53136
2023-07-21 16:00:00+00:00,141.731,141.819,141.628,141.759,29564
2023-07-21 20:00:00+00:00,141.752,141.842,141.713,141.775,5250
2023-07-22 00:00:00+00:00,141.79,141.79,141.785,141.79,3
2023-07-22 04:00:00+00:00,141.785,141.79,141.785,141.79,6
2023-07-22 08:00:00+00:00,141.785,141.79,141.785,141.785,3
2023-07-22 12:00:00+00:00,141.79,141.79,141.785,141.785,2
2023-07-23 08:00:00+00:00,141.79,141.79,141.79,141.79,1
2023-07-23 16:00:00+00:00,141.74,141.74,141.74,141.74,1
2023-07-23 20:00:00+00:00,141.51,141.773,141.51,141.751,5707
2023-07-24 00:00:00+00:00,141.735,141.778,141.349,141.409,37362
2023-07-24 04:00:00+00:00,141.407,141.621,141.253,141.415,40220
2023-07-24 08:00:00+00:00,141.514,141.578,140.88,140.995,48005
2023-07-24 12:00:00+00:00,140.972,141.394,140.876,141.192,54860
2023-07-24 16:00:00+00:00,141.204,141.537,141.204,141.514,30899
2023-07-24 20:00:00+00:00,141.517,141.591,141.41,141.542,15556
2023-07-25 00:00:00+00:00,141.561,141.59,141.212,141.284,37827
2023-07-25 04:00:00+00:00,141.289,141.547,141.259,141.371,39131
2023-07-25 08:00:00+00:00,141.333,141.703,141.25,141.37,42562
2023-07-25 12:00:00+00:00,141.352,141.585,140.915,140.917,43343
2023-07-25 16:00:00+00:00,140.929,141.2,140.855,140.966,28157
2023-07-25 20:00:00+00:00,140.915,141.081,140.864,140.905,18082
2023-07-26 00:00:00+00:00,140.97,141.186,140.863,140.982,34945
2023-07-26 04:00:00+00:00,140.997,141.092,140.612,140.656,41339
2023-07-26 08:00:00+00:00,140.67,140.688,140.196,140.373,45483
2023-07-26 12:00:00+00:00,140.379,140.557,140.181,140.416,50896
2023-07-26 16:00:00+00:00,140.417,140.686,139.972,140.202,51119
2023-07-26 20:00:00+00:00,140.229,140.478,140.182,140.371,20499
2023-07-27 00:00:00+00:00,140.336,140.477,139.398,139.823,42311
2023-07-27 04:00:00+00:00,139.826,140.239,139.812,139.977,47976
2023-07-27 08:00:00+00:00,139.957,140.271,139.849,140.124,48351
2023-07-27 12:00:00+00:00,140.18,141.277,140.137,141.035,70988
2023-07-27 16:00:00+00:00,141.018,141.14,138.782,139.061,56383
2023-07-27 20:00:00+00:00,139.136,139.541,138.731,138.869,28084
2023-07-28 00:00:00+00:00,138.846,141.0,138.807,139.72,59797
2023-07-28 04:00:00+00:00,139.714,139.781,138.089,139.767,79413
2023-07-28 08:00:00+00:00,139.782,140.009,138.853,139.284,51449
2023-07-28 12:00:00+00:00,139.266,140.751,139.194,140.723,65277
2023-07-28 16:00:00+00:00,140.67,141.141,140.67,141.09,46940
2023-07-28 20:00:00+00:00,141.056,141.175,141.056,141.14,6336
2023-07-30 16:00:00+00:00,140.646,140.679,140.646,140.679,2
2023-07-30 20:00:00+00:00,140.957,141.095,140.754,140.754,8596
2023-07-31 00:00:00+00:00,140.802,141.856,140.691,141.742,53156
2023-07-31 04:00:00+00:00,141.718,142.196,141.602,142.175,51273
2023-07-31 08:00:00+00:00,142.179,142.481,142.114,142.192,46777
2023-07-31 12:00:00+00:00,142.214,142.656,142.024,142.187,56110
2023-07-31 16:00:00+00:00,142.159,142.296,142.049,142.266,34451
2023-07-31 20:00:00+00:00,142.263,142.402,142.223,142.325,18585
2023-08-01 00:00:00+00:00,142.356,142.777,142.293,142.67,45547
2023-08-01 04:00:00+00:00,142.71,142.826,142.534,142.714,46833
2023-08-01 08:00:00+00:00,142.729,142.975,142.624,142.975,41741
2023-08-01 12:00:00+00:00,142.975,143.467,142.967,143.337,57426
2023-08-01 16:00:00+00:00,143.303,143.535,143.26,143.378,30507
2023-08-01 20:00:00+00:00,143.399,143.416,142.756,142.963,24287
2023-08-02 00:00:00+00:00,143.003,143.342,142.95,143.146,45815
2023-08-02 04:00:00+00:00,143.152,143.229,142.555,142.643,50412
2023-08-02 08:00:00+00:00,142.622,142.928,142.256,142.807,44874
2023-08-02 12:00:00+00:00,142.761,143.454,142.735,143.206,61578
2023-08-02 16:00:00+00:00,143.237,143.381,143.064,143.381,40685
2023-08-02 20:00:00+00:00,143.384,143.419,143.193,143.357,15818
2023-08-03 00:00:00+00:00,143.367,143.403,143.175,143.249,42342
2023-08-03 04:00:00+00:00,143.321,143.873,142.872,142.906,56694
2023-08-03 08:00:00+00:00,142.897,143.136,142.801,142.935,57852
2023-08-03 12:00:00+00:00,142.964,142.964,142.083,142.415,67987
2023-08-03 16:00:00+00:00,142.446,142.74,142.365,142.554,36401
2023-08-03 20:00:00+00:00,142.559,142.648,142.454,142.606,20114
2023-08-04 00:00:00+00:00,142.616,142.867,142.339,142.543,47121
2023-08-04 04:00:00+00:00,142.476,142.69,142.353,142.651,48410
2023-08-04 08:00:00+00:00,142.639,142.832,142.611,142.695,45500
2023-08-04 12:00:00+00:00,142.751,142.751,141.549,141.797,67787
2023-08-04 16:00:00+00:00,141.801,141.884,141.787,141.813,41929
2023-08-04 20:00:00+00:00,141.818,141.832,141.738,141.75,5749
2023-08-06 20:00:00+00:00,141.758,141.932,141.649,141.871,7567
2023-08-07 00:00:00+00:00,141.865,142.182,141.553,142.182,38441
2023-08-07 04:00:00+00:00,142.19,142.343,142.068,142.115,42679
2023-08-07 08:00:00+00:00,142.129,142.431,142.113,142.182,40272
2023-08-07 12:00:00+00:00,142.213,142.455,141.816,142.445,49503
2023-08-07 16:00:00+00:00,142.486,142.561,142.413,142.477,34541
2023-08-07 20:00:00+00:00,142.457,142.538,142.404,142.538,15700
2023-08-08 00:00:00+00:00,142.566,143.376,142.566,143.333,43481
2023-08-08 04:00:00+00:00,143.354,143.418,142.833,143.091,47219
2023-08-08 08:00:00+00:00,143.13,143.269,142.886,143.121,51107
2023-08-08 12:00:00+00:00,143.108,143.328,142.919,143.179,60923
2023-08-08 16:00:00+00:00,143.187,143.483,143.187,143.453,37522
2023-08-08 20:00:00+00:00,143.42,143.455,143.212,143.257,20708
2023-08-09 00:00:00+00:00,143.222,143.392,143.106,143.213,37279
2023-08-09 04:00:00+00:00,143.222,143.243,143.009,143.243,37479
2023-08-09 08:00:00+00:00,143.266,143.442,143.239,143.435,40591
2023-08-09 12:00:00+00:00,143.429,143.718,143.32,143.587,48548
2023-08-09 16:00:00+00:00,143.573,143.739,143.419,143.706,36689
2023-08-09 20:00:00+00:00,143.681,143.757,143.628,143.719,15898
2023-08-10 00:00:00+00:00,143.743,143.882,143.714,143.879,35249
2023-08-10 04:00:00+00:00,143.877,144.098,143.805,143.809,40859
2023-08-10 08:00:00+00:00,143.78,143.892,143.73,143.786,40224
2023-08-10 12:00:00+00:00,143.77,144.481,143.368,144.407,66378
2023-08-10 16:00:00+00:00,144.417,144.791,144.4,144.791,46354
2023-08-10 20:00:00+00:00,144.79,144.863,144.696,144.851,18065
2023-08-11 00:00:00+00:00,144.877,144.892,144.632,144.679,34880
2023-08-11 04:00:00+00:00,144.67,144.79,144.562,144.621,41183
2023-08-11 08:00:00+00:00,144.619,144.642,144.479,144.481,40380
2023-08-11 12:00:00+00:00,144.487,144.963,144.434,144.94,62438
2023-08-11 16:00:00+00:00,144.935,144.99,144.824,144.94,39221
2023-08-11 20:00:00+00:00,144.955,144.961,144.897,144.9,5128
2023-08-13 16:00:00+00:00,144.526,144.565,144.526,144.565,2
2023-08-13 20:00:00+00:00,144.653,144.986,144.645,144.849,6884
2023-08-14 00:00:00+00:00,144.842,145.211,144.747,144.917,39856
2023-08-14 04:00:00+00:00,144.917,144.968,144.752,144.794,39558
2023-08-14 08:00:00+00:00,144.796,145.104,144.763,145.068,40388
2023-08-14 12:00:00+00:00,145.077,145.559,145.077,145.298,54778
2023-08-14 16:00:00+00:00,145.284,145.507,145.191,145.452,36019
2023-08-14 20:00:00+00:00,145.477,145.564,145.416,145.437,15060
2023-08-15 00:00:00+00:00,145.454,145.574,145.331,145.494,35510
2023-08-15 04:00:00+00:00,145.508,145.824,145.357,145.8,43699
2023-08-15 08:00:00+00:00,145.825,145.862,145.463,145.531,46286
2023-08-15 12:00:00+00:00,145.531,145.776,145.109,145.396,61534
2023-08-15 16:00:00+00:00,145.396,145.663,145.396,145.546,32368
2023-08-15 20:00:00+00:00,145.541,145.637,145.513,145.618,16886
2023-08-16 00:00:00+00:00,145.574,145.68,145.455,145.504,35964
2023-08-16 04:00:00+00:00,145.484,145.515,145.313,145.369,40911
2023-08-16 08:00:00+00:00,145.374,145.77,145.374,145.76,39679
2023-08-16 12:00:00+00:00,145.75,145.893,145.661,145.817,53498
2023-08-16 16:00:00+00:00,145.805,146.401,145.799,146.369,47270
2023-08-16 20:00:00+00:00,146.363,146.371,146.234,146.331,18145
2023-08-17 00:00:00+00:00,146.362,146.534,146.361,146.424,39163
2023-08-17 04:00:00+00:00,146.395,146.428,146.205,146.22,42032
2023-08-17 08:00:00+00:00,146.221,146.284,145.817,145.822,46601
2023-08-17 12:00:00+00:00,145.845,146.187,145.645,146.167,59099
2023-08-17 16:00:00+00:00,146.156,146.294,145.633,145.722,37723
2023-08-17 20:00:00+00:00,145.764,145.851,145.587,145.712,16704
2023-08-18 00:00:00+00:00,145.68,145.775,145.331,145.368,39213
2023-08-18 04:00:00+00:00,145.373,145.504,145.172,145.297,44095
2023-08-18 08:00:00+00:00,145.274,145.621,145.274,145.388,42877
2023-08-18 12:00:00+00:00,145.427,145.748,145.134,145.147,56228
2023-08-18 16:00:00+00:00,145.154,145.386,144.948,145.337,38950
2023-08-18 20:00:00+00:00,145.335,145.41,145.297,145.41,6310
2023-08-20 20:00:00+00:00,145.197,145.469,145.189,145.323,4163
2023-08-21 00:00:00+00:00,145.311,145.615,145.146,145.42,24092
2023-08-21 04:00:00+00:00,145.433,145.529,145.324,145.453,24709
2023-08-21 08:00:00+00:00,145.441,145.957,145.441,145.834,26666
2023-08-21 12:00:00+00:00,145.836,146.391,145.836,146.26,32494
2023-08-21 16:00:00+00:00,146.269,146.278,146.073,146.227,17651
2023-08-21 20:00:00+00:00,146.204,146.244,146.135,146.244,8693
2023-08-22 00:00:00+00:00,146.271,146.385,145.854,146.01,21170
2023-08-22 04:00:00+00:00,146.01,146.083,145.757,145.765,23375
2023-08-22 08:00:00+00:00,145.748,145.833,145.502,145.773,23819
2023-08-22 12:00:00+00:00,145.733,146.112,145.721,145.792,37584
2023-08-22 16:00:00+00:00,145.779,145.892,145.707,145.881,19264
2023-08-22 20:00:00+00:00,145.882,145.926,145.73,145.775,8145
2023-08-23 00:00:00+00:00,145.788,145.812,145.576,145.65,20760
2023-08-23 04:00:00+00:00,145.669,145.754,145.374,145.393,25020
2023-08-23 08:00:00+00:00,145.395,145.534,145.251,145.43,28459
2023-08-23 12:00:00+00:00,145.422,145.58,144.579,144.617,39783
2023-08-23 16:00:00+00:00,144.604,144.901,144.547,144.866,20391
2023-08-23 20:00:00+00:00,144.879,144.912,144.605,144.676,10417
2023-08-24 00:00:00+00:00,144.701,145.052,144.621,145.001,22534
2023-08-24 04:00:00+00:00,145.024,145.335,144.95,145.326,26460
2023-08-24 08:00:00+00:00,145.343,145.67,145.201,145.657,24534
2023-08-24 12:00:00+00:00,145.675,145.946,145.444,145.748,35535
2023-08-24 16:00:00+00:00,145.77,145.929,145.764,145.848,23810
2023-08-24 20:00:00+00:00,145.853,146.063,145.793,146.047,10626
2023-08-25 00:00:00+00:00,146.019,146.205,145.914,146.087,21463
2023-08-25 04:00:00+00:00,146.055,146.241,145.904,146.052,26459
2023-08-25 08:00:00+00:00,146.013,146.144,145.925,145.993,25360
2023-08-25 12:00:00+00:00,145.99,146.604,145.774,146.378,42279
2023-08-25 16:00:00+00:00,146.379,146.39,146.202,146.372,25246
2023-08-25 20:00:00+00:00,146.368,146.449,146.358,146.43,3210
2023-08-27 16:00:00+00:00,146.266,146.266,146.229,146.229,2
2023-08-27 20:00:00+00:00,146.339,146.607,146.339,146.544,4860
2023-08-28 00:00:00+00:00,146.537,146.557,146.415,146.468,32820
2023-08-28 04:00:00+00:00,146.467,146.545,146.279,146.545,32955
2023-08-28 08:00:00+00:00,146.512,146.593,146.481,146.544,33407
2023-08-28 12:00:00+00:00,146.53,146.713,146.375,146.403,42933
2023-08-28 16:00:00+00:00,146.402,146.576,146.377,146.502,32586
2023-08-28 20:00:00+00:00,146.509,146.55,146.38,146.463,13322
2023-08-29 00:00:00+00:00,146.469,146.48,146.313,146.404,32574
2023-08-29 04:00:00+00:00,146.404,146.552,146.345,146.454,35941
2023-08-29 08:00:00+00:00,146.449,147.143,146.406,147.139,38336
2023-08-29 12:00:00+00:00,147.169,147.345,145.863,146.01,62748
2023-08-29 16:00:00+00:00,145.984,146.077,145.679,145.814,39807
2023-08-29 20:00:00+00:00,145.801,145.993,145.765,145.982,16251
2023-08-30 00:00:00+00:00,145.986,146.247,145.872,146.161,36090
2023-08-30 04:00:00+00:00,146.159,146.494,146.159,146.393,20069
2023-08-30 08:00:00+00:00,146.398,146.525,146.263,146.338,42931
2023-08-30 12:00:00+00:00,146.342,146.342,145.567,145.945,64037
2023-08-30 16:00:00+00:00,145.946,146.284,145.946,146.27,37362
2023-08-30 20:00:00+00:00,146.26,146.28,145.95,146.086,13606
2023-08-31 00:00:00+00:00,146.083,146.124,145.754,145.95,33830
2023-08-31 04:00:00+00:00,145.947,146.044,145.744,145.911,31822
2023-08-31 08:00:00+00:00,145.869,145.965,145.757,145.819,42995
2023-08-31 12:00:00+00:00,145.802,146.192,145.543,145.689,62224
2023-08-31 16:00:00+00:00,145.675,145.675,145.355,145.455,31843
2023-08-31 20:00:00+00:00,145.489,145.549,145.452,145.484,20172
2023-09-01 00:00:00+00:00,145.478,145.69,145.251,145.454,32740
2023-09-01 04:00:00+00:00,145.451,145.625,145.368,145.422,33999
2023-09-01 08:00:00+00:00,145.399,145.512,145.219,145.229,31066
2023-09-01 12:00:00+00:00,145.226,146.207,144.501,146.207,62795
2023-09-01 16:00:00+00:00,146.247,146.288,146.075,146.187,31545
2023-09-01 20:00:00+00:00,146.178,146.273,146.143,146.199,4341
2023-09-03 20:00:00+00:00,146.199,146.199,146.199,146.199,1
2023-09-04 00:00:00+00:00,146.093,146.232,146.081,146.155,23788
2023-09-04 04:00:00+00:00,146.158,146.447,146.142,146.405,16818
2023-09-04 08:00:00+00:00,146.395,146.454,146.313,146.391,30497
2023-09-04 12:00:00+00:00,146.386,146.488,146.384,146.457,26124
2023-09-04 16:00:00+00:00,146.457,146.492,146.454,146.483,10411
2023-09-04 20:00:00+00:00,146.489,146.551,146.397,146.538,6625
2023-09-05 00:00:00+00:00,146.529,146.773,146.496,146.739,27288
2023-09-05 04:00:00+00:00,146.741,147.07,146.642,146.913,35410
2023-09-05 08:00:00+00:00,146.948,147.341,146.845,147.34,40510
2023-09-05 12:00:00+00:00,147.341,147.717,147.152,147.63,53641
2023-09-05 16:00:00+00:00,147.625,147.784,147.564,147.723,29860
2023-09-05 20:00:00+00:00,147.721,147.731,147.369,147.459,10984
2023-09-06 00:00:00+00:00,147.484,147.792,147.451,147.566,29956
2023-09-06 04:00:00+00:00,147.563,147.563,147.235,147.372,12290
2023-09-06 08:00:00+00:00,147.374,147.582,147.302,147.376,36510
2023-09-06 12:00:00+00:00,147.352,147.703,147.139,147.649,54837
2023-09-06 16:00:00+00:00,147.669,147.739,147.488,147.684,31872
2023-09-06 20:00:00+00:00,147.653,147.712,147.572,147.709,14627
2023-09-07 00:00:00+00:00,147.709,147.866,147.525,147.565,27713
2023-09-07 04:00:00+00:00,147.566,147.566,147.415,147.436,8776
2023-09-07 08:00:00+00:00,147.454,147.497,147.278,147.282,36032
2023-09-07 12:00:00+00:00,147.258,147.601,147.064,147.135,54437
2023-09-07 16:00:00+00:00,147.113,147.261,147.051,147.224,27388
2023-09-07 20:00:00+00:00,147.201,147.376,147.198,147.336,9785
2023-09-08 00:00:00+00:00,147.347,147.357,146.707,147.235,38485
2023-09-08 04:00:00+00:00,147.233,147.441,147.06,147.393,25147
2023-09-08 08:00:00+00:00,147.397,147.483,147.244,147.453,37971
2023-09-08 12:00:00+00:00,147.449,147.742,147.302,147.698,46771
2023-09-08 16:00:00+00:00,147.701,147.865,147.665,147.848,29150
2023-09-08 20:00:00+00:00,147.851,147.852,147.762,147.78,5365
2023-09-10 16:00:00+00:00,146.621,146.621,146.618,146.618,2
2023-09-10 20:00:00+00:00,146.887,147.262,146.666,147.121,8712
2023-09-11 00:00:00+00:00,147.088,147.088,146.395,146.464,42522
2023-09-11 04:00:00+00:00,146.435,146.695,145.922,146.177,46110
2023-09-11 08:00:00+00:00,146.193,146.979,146.14,146.773,40014
2023-09-11 12:00:00+00:00,146.787,146.787,146.205,146.469,51243
2023-09-11 16:00:00+00:00,146.433,146.592,146.345,146.533,28524
2023-09-11 20:00:00+00:00,146.541,146.68,146.471,146.673,14389
2023-09-12 00:00:00+00:00,146.701,146.789,146.48,146.68,32724
2023-09-12 04:00:00+00:00,146.648,146.932,146.626,146.8,34992
2023-09-12 08:00:00+00:00,146.833,146.971,146.672,146.896,32745
2023-09-12 12:00:00+00:00,146.91,147.219,146.898,147.125,43703
2023-09-12 16:00:00+00:00,147.112,147.217,147.058,147.128,25881
2023-09-12 20:00:00+00:00,147.14,147.16,146.985,147.16,15441
2023-09-13 00:00:00+00:00,147.148,147.438,147.12,147.35,37735
2023-09-13 04:00:00+00:00,147.362,147.4,147.215,147.247,40004
2023-09-13 08:00:00+00:00,147.282,147.434,147.225,147.361,39328
2023-09-13 12:00:00+00:00,147.456,147.618,147.262,147.461,56840
2023-09-13 16:00:00+00:00,147.438,147.505,147.174,147.447,37933
2023-09-13 20:00:00+00:00,147.465,147.477,147.272,147.33,14738
2023-09-14 00:00:00+00:00,147.352,147.382,147.027,147.082,31646
2023-09-14 04:00:00+00:00,147.1,147.291,147.043,147.279,32674
2023-09-14 08:00:00+00:00,147.283,147.39,147.248,147.341,34206
2023-09-14 12:00:00+00:00,147.353,147.545,147.037,147.169,63766
2023-09-14 16:00:00+00:00,147.153,147.483,147.054,147.452,28320
2023-09-14 20:00:00+00:00,147.449,147.506,147.413,147.463,16414
2023-09-15 00:00:00+00:00,147.441,147.503,147.34,147.467,33490
2023-09-15 04:00:00+00:00,147.457,147.786,147.373,147.75,38770
2023-09-15 08:00:00+00:00,147.732,147.947,147.704,147.793,35712
2023-09-15 12:00:00+00:00,147.786,147.939,147.638,147.836,53490
2023-09-15 16:00:00+00:00,147.824,147.884,147.727,147.853,25243
2023-09-15 20:00:00+00:00,147.858,147.881,147.77,147.77,4221
2023-09-17 16:00:00+00:00,147.546,147.546,147.54,147.54,2
2023-09-17 20:00:00+00:00,147.56,147.87,147.56,147.862,3721
2023-09-18 00:00:00+00:00,147.859,147.867,147.715,147.735,26700
2023-09-18 04:00:00+00:00,147.736,147.736,147.561,147.713,30336
2023-09-18 08:00:00+00:00,147.715,147.742,147.577,147.615,31608
2023-09-18 12:00:00+00:00,147.636,147.755,147.606,147.629,44074
2023-09-18 16:00:00+00:00,147.629,147.747,147.595,147.604,24841
2023-09-18 20:00:00+00:00,147.6,147.644,147.547,147.613,13719
2023-09-19 00:00:00+00:00,147.584,147.771,147.516,147.763,28429
2023-09-19 04:00:00+00:00,147.766,147.891,147.644,147.644,29713
2023-09-19 08:00:00+00:00,147.623,147.738,147.57,147.688,33090
2023-09-19 12:00:00+00:00,147.677,147.834,147.638,147.804,43478
2023-09-19 16:00:00+00:00,147.816,147.91,147.788,147.844,24353
2023-09-19 20:00:00+00:00,147.827,147.877,147.691,147.757,15794
2023-09-20 00:00:00+00:00,147.757,147.835,147.717,147.817,26969
2023-09-20 04:00:00+00:00,147.813,148.164,147.802,148.141,35061
2023-09-20 08:00:00+00:00,148.101,148.145,147.835,147.879,35276
2023-09-20 12:00:00+00:00,147.85,147.921,147.623,147.736,42827
2023-09-20 16:00:00+00:00,147.729,148.198,147.477,148.174,48819
2023-09-20 20:00:00+00:00,148.187,148.358,148.176,148.321,22023
2023-09-21 00:00:00+00:00,148.35,148.44,148.206,148.284,31840
2023-09-21 04:00:00+00:00,148.305,148.397,148.238,148.253,33616
2023-09-21 08:00:00+00:00,148.252,148.263,147.709,147.957,41680
2023-09-21 12:00:00+00:00,147.962,148.047,147.324,147.421,54260
2023-09-21 16:00:00+00:00,147.43,147.569,147.404,147.569,26261
2023-09-21 20:00:00+00:00,147.557,147.654,147.503,147.645,16831
2023-09-22 00:00:00+00:00,147.672,148.17,147.529,148.109,39772
2023-09-22 04:00:00+00:00,148.122,148.411,147.911,148.263,45894
2023-09-22 08:00:00+00:00,148.253,148.366,148.137,148.254,41527
2023-09-22 12:00:00+00:00,148.242,148.351,147.967,148.238,48516
2023-09-22 16:00:00+00:00,148.247,148.396,148.243,148.388,31084
2023-09-22 20:00:00+00:00,148.372,148.407,148.28,148.28,4969
2023-09-24 16:00:00+00:00,148.182,148.182,148.182,148.182,1
2023-09-24 20:00:00+00:00,148.232,148.433,148.224,148.429,5751
2023-09-25 00:00:00+00:00,148.426,148.471,148.302,148.368,27211
2023-09-25 04:00:00+00:00,148.371,148.445,148.333,148.437,30245
2023-09-25 08:00:00+00:00,148.465,148.689,148.435,148.671,34023
2023-09-25 12:00:00+00:00,148.674,148.952,148.647,148.736,44174
2023-09-25 16:00:00+00:00,148.743,148.863,148.728,148.823,23971
2023-09-25 20:00:00+00:00,148.826,148.89,148.782,148.823,16257
2023-09-26 00:00:00+00:00,148.801,148.944,148.712,148.873,31072
2023-09-26 04:00:00+00:00,148.869,149.179,148.829,148.88,34813
2023-09-26 08:00:00+00:00,148.825,148.987,148.766,148.893,38946
2023-09-26 12:00:00+00:00,148.892,148.98,148.795,148.906,47058
2023-09-26 16:00:00+00:00,148.939,149.085,148.866,149.038,25998
2023-09-26 20:00:00+00:00,149.051,149.088,148.996,149.053,15913
2023-09-27 00:00:00+00:00,148.982,149.065,148.863,149.015,30095
2023-09-27 04:00:00+00:00,149.026,149.145,148.999,149.031,31554
2023-09-27 08:00:00+00:00,149.001,149.246,148.976,149.183,31472
2023-09-27 12:00:00+00:00,149.184,149.495,149.153,149.487,47252
2023-09-27 16:00:00+00:00,149.494,149.705,149.478,149.592,35340
2023-09-27 20:00:00+00:00,149.594,149.653,149.42,149.492,16831
2023-09-28 00:00:00+00:00,149.469,149.538,149.375,149.421,30059
2023-09-28 04:00:00+00:00,149.419,149.445,149.214,149.314,36382
2023-09-28 08:00:00+00:00,149.311,149.428,149.214,149.33,38461
2023-09-28 12:00:00+00:00,149.329,149.483,149.164,149.184,56452
2023-09-28 16:00:00+00:00,149.197,149.382,149.176,149.227,33453
2023-09-28 20:00:00+00:00,149.235,149.374,149.199,149.338,14149
2023-09-29 00:00:00+00:00,149.327,149.451,149.285,149.383,25911
2023-09-29 04:00:00+00:00,149.444,149.455,148.534,148.77,39597
2023-09-29 08:00:00+00:00,148.789,149.243,148.789,149.239,40156
2023-09-29 12:00:00+00:00,149.272,149.434,149.038,149.429,56421
2023-09-29 16:00:00+00:00,149.429,149.485,149.347,149.437,37604
2023-09-29 20:00:00+00:00,149.423,149.442,149.342,149.37,7163
2023-10-01 16:00:00+00:00,149.519,149.519,149.467,149.467,2
2023-10-01 20:00:00+00:00,149.481,149.625,149.457,149.53,5531
2023-10-02 00:00:00+00:00,149.506,149.791,149.462,149.776,18560
2023-10-02 04:00:00+00:00,149.792,149.807,149.565,149.746,22356
2023-10-02 08:00:00+00:00,149.734,149.787,149.642,149.737,34488
2023-10-02 12:00:00+00:00,149.738,149.864,149.713,149.804,49529
2023-10-02 16:00:00+00:00,149.814,149.838,149.707,149.795,32127
2023-10-02 20:00:00+00:00,149.822,149.869,149.78,149.858,15561
2023-10-03 00:00:00+00:00,149.852,149.886,149.79,149.866,30024
2023-10-03 04:00:00+00:00,149.866,149.93,149.658,149.794,36023
2023-10-03 08:00:00+00:00,149.779,149.975,149.749,149.975,37836
2023-10-03 12:00:00+00:00,149.974,150.145,148.731,149.171,60151
2023-10-03 16:00:00+00:00,149.155,149.192,148.713,148.762,39573
2023-10-03 20:00:00+00:00,148.753,149.191,148.741,149.175,21455
2023-10-04 00:00:00+00:00,149.156,149.311,149.089,149.275,34766
2023-10-04 04:00:00+00:00,149.254,149.28,148.75,148.846,40757
2023-10-04 08:00:00+00:00,148.84,149.17,148.84,149.004,40784
2023-10-04 12:00:00+00:00,149.031,149.121,148.763,148.829,57051
2023-10-04 16:00:00+00:00,148.819,149.125,148.819,149.044,40828
2023-10-04 20:00:00+00:00,149.036,149.123,148.925,148.98,17393
2023-10-05 00:00:00+00:00,148.973,148.998,148.307,148.519,33100
2023-10-05 04:00:00+00:00,148.517,149.067,148.444,149.056,37633
2023-10-05 08:00:00+00:00,149.087,149.087,148.808,148.821,41614
2023-10-05 12:00:00+00:00,148.829,149.101,148.433,148.492,61265
2023-10-05 16:00:00+00:00,148.515,148.515,148.307,148.446,40528
2023-10-05 20:00:00+00:00,148.456,148.514,148.361,148.468,12408
2023-10-06 00:00:00+00:00,148.477,148.687,148.465,148.687,28887
2023-10-06 04:00:00+00:00,148.689,148.981,148.658,148.885,31722
2023-10-06 08:00:00+00:00,148.882,149.091,148.84,149.051,35019
2023-10-06 12:00:00+00:00,149.045,149.488,148.971,149.085,67411
2023-10-06 16:00:00+00:00,149.08,149.357,149.072,149.331,34467
2023-10-06 20:00:00+00:00,149.305,149.336,149.22,149.22,6277
2023-10-08 16:00:00+00:00,149.022,149.04,149.022,149.04,2
2023-10-08 20:00:00+00:00,149.031,149.229,148.998,149.149,9721
2023-10-09 00:00:00+00:00,149.161,149.195,149.084,149.154,29418
2023-10-09 04:00:00+00:00,149.153,149.218,149.112,149.168,37544
2023-10-09 08:00:00+00:00,149.158,149.172,149.085,149.146,32339
2023-10-09 12:00:00+00:00,149.16,149.166,148.523,148.701,47860
2023-10-09 16:00:00+00:00,148.7,148.776,148.437,148.439,31954
2023-10-09 20:00:00+00:00,148.447,148.55,148.291,148.33,16531
2023-10-10 00:00:00+00:00,148.281,148.644,148.186,148.611,34188
2023-10-10 04:00:00+00:00,148.622,149.066,148.572,148.962,38235
2023-10-10 08:00:00+00:00,148.991,149.093,148.736,149.069,39018
2023-10-10 12:00:00+00:00,149.066,149.083,148.586,148.621,50330
2023-10-10 16:00:00+00:00,148.622,148.776,148.553,148.682,33221
2023-10-10 20:00:00+00:00,148.675,148.732,148.557,148.622,13075
2023-10-11 00:00:00+00:00,148.621,148.835,148.431,148.82,28558
2023-10-11 04:00:00+00:00,148.809,148.951,148.603,148.76,32658
2023-10-11 08:00:00+00:00,148.801,148.836,148.617,148.83,40243
2023-10-11 12:00:00+00:00,148.85,149.181,148.819,149.001,55438
2023-10-11 16:00:00+00:00,149.022,149.309,149.014,149.197,34229
2023-10-11 20:00:00+00:00,149.219,149.219,148.978,149.033,13295
2023-10-12 00:00:00+00:00,149.04,149.272,149.026,149.129,31164
2023-10-12 04:00:00+00:00,149.138,149.191,148.958,149.177,33202
2023-10-12 08:00:00+00:00,149.175,149.198,149.061,149.15,32427
2023-10-12 12:00:00+00:00,149.139,149.786,149.073,149.716,58790
2023-10-12 16:00:00+00:00,149.7,149.825,149.666,149.814,34649
2023-10-12 20:00:00+00:00,149.814,149.815,149.743,149.783,12459
2023-10-13 00:00:00+00:00,149.758,149.827,149.73,149.763,26802
2023-10-13 04:00:00+00:00,149.765,149.765,149.58,149.655,33945
2023-10-13 08:00:00+00:00,149.655,149.769,149.562,149.609,40197
2023-10-13 12:00:00+00:00,149.602,149.69,149.455,149.619,52862
2023-10-13 16:00:00+00:00,149.616,149.624,149.474,149.505,32920
2023-10-13 20:00:00+00:00,149.516,149.587,149.516,149.555,6162
2023-10-15 16:00:00+00:00,149.427,149.427,149.385,149.389,4
2023-10-15 20:00:00+00:00,149.432,149.626,149.276,149.558,6037
2023-10-16 00:00:00+00:00,149.515,149.56,149.432,149.479,26382
2023-10-16 04:00:00+00:00,149.474,149.609,149.373,149.573,32879
2023-10-16 08:00:00+00:00,149.569,149.584,149.459,149.509,30707
2023-10-16 12:00:00+00:00,149.517,149.754,149.42,149.574,44750
2023-10-16 16:00:00+00:00,149.573,149.606,149.509,149.521,24059
2023-10-16 20:00:00+00:00,149.515,149.591,149.494,149.582,13806
2023-10-17 00:00:00+00:00,149.588,149.63,149.487,149.544,24110
2023-10-17 04:00:00+00:00,149.546,149.657,149.501,149.6,27024
2023-10-17 08:00:00+00:00,149.615,149.691,149.33,149.46,34864
2023-10-17 12:00:00+00:00,149.465,149.788,149.465,149.716,51469
2023-10-17 16:00:00+00:00,149.704,149.845,149.69,149.778,28457
2023-10-17 20:00:00+00:00,149.774,149.84,149.744,149.759,12191
2023-10-18 00:00:00+00:00,149.766,149.786,149.537,149.662,25007
2023-10-18 04:00:00+00:00,149.663,149.747,149.601,149.747,31545
2023-10-18 08:00:00+00:00,149.745,149.782,149.628,149.678,31430
2023-10-18 12:00:00+00:00,149.682,149.878,149.637,149.866,39030
2023-10-18 16:00:00+00:00,149.842,149.915,149.736,149.874,27566
2023-10-18 20:00:00+00:00,149.893,149.931,149.747,149.771,13821
2023-10-19 00:00:00+00:00,149.731,149.838,149.71,149.808,25809
2023-10-19 04:00:00+00:00,149.797,149.824,149.732,149.798,25785
2023-10-19 08:00:00+00:00,149.795,149.869,149.783,149.859,29165
2023-10-19 12:00:00+00:00,149.853,149.931,149.775,149.919,39487
2023-10-19 16:00:00+00:00,149.829,149.913,149.679,149.797,40931
2023-10-19 20:00:00+00:00,149.794,149.833,149.741,149.801,13192
2023-10-20 00:00:00+00:00,149.811,149.932,149.807,149.846,24305
2023-10-20 04:00:00+00:00,149.848,149.966,149.84,149.964,27174
2023-10-20 08:00:00+00:00,149.962,149.992,149.821,149.939,30726
2023-10-20 12:00:00+00:00,149.94,149.985,149.807,149.85,38399
2023-10-20 16:00:00+00:00,149.841,149.887,149.779,149.862,26088
2023-10-20 20:00:00+00:00,149.844,149.871,149.832,149.85,3862
2023-10-22 20:00:00+00:00,149.858,149.883,149.813,149.883,2548
2023-10-23 00:00:00+00:00,149.853,149.939,149.824,149.938,18360
2023-10-23 04:00:00+00:00,149.937,149.947,149.893,149.897,21624
2023-10-23 08:00:00+00:00,149.91,149.985,149.871,149.921,26869
2023-10-23 12:00:00+00:00,149.94,149.96,149.744,149.791,35852
2023-10-23 16:00:00+00:00,149.798,149.813,149.555,149.644,26117
2023-10-23 20:00:00+00:00,149.643,149.78,149.63,149.778,12361
2023-10-24 00:00:00+00:00,149.764,149.78,149.501,149.611,23656
2023-10-24 04:00:00+00:00,149.612,149.741,149.336,149.489,27722
2023-10-24 08:00:00+00:00,149.467,149.843,149.425,149.754,30148
2023-10-24 12:00:00+00:00,149.769,149.921,149.769,149.842,38598
2023-10-24 16:00:00+00:00,149.827,149.906,149.748,149.892,24786
2023-10-24 20:00:00+00:00,149.877,149.917,149.834,149.857,10895
2023-10-25 00:00:00+00:00,149.857,149.921,149.792,149.846,19921
2023-10-25 04:00:00+00:00,149.843,149.912,149.819,149.901,20786
2023-10-25 08:00:00+00:00,149.889,149.946,149.868,149.93,23527
2023-10-25 12:00:00+00:00,149.922,149.962,149.886,149.938,35358
2023-10-25 16:00:00+00:00,149.934,150.058,149.931,150.058,25001
2023-10-25 20:00:00+00:00,150.066,150.308,150.05,150.096,16175
2023-10-26 00:00:00+00:00,150.076,150.476,150.044,150.416,25966
2023-10-26 04:00:00+00:00,150.425,150.773,150.381,150.478,31229
2023-10-26 08:00:00+00:00,150.447,150.455,150.208,150.432,28299
2023-10-26 12:00:00+00:00,150.411,150.49,150.091,150.442,46011
2023-10-26 16:00:00+00:00,150.447,150.453,150.235,150.39,28703
2023-10-26 20:00:00+00:00,150.436,150.436,150.313,150.361,15978
2023-10-27 00:00:00+00:00,150.366,150.41,150.145,150.216,20953
2023-10-27 04:00:00+00:00,150.216,150.275,150.086,150.157,25709
2023-10-27 08:00:00+00:00,150.166,150.168,150.0,150.084,26067
2023-10-27 12:00:00+00:00,150.057,150.057,149.553,149.61,43179
2023-10-27 16:00:00+00:00,149.601,149.695,149.461,149.559,27644
2023-10-27 20:00:00+00:00,149.551,149.68,149.531,149.667,5080
2023-10-29 16:00:00+00:00,149.495,149.495,149.404,149.404,4
2023-10-29 20:00:00+00:00,149.416,149.757,149.401,149.733,3309
2023-10-30 00:00:00+00:00,149.722,149.8,149.563,149.579,16135
2023-10-30 04:00:00+00:00,149.593,149.658,149.31,149.521,21594
2023-10-30 08:00:00+00:00,149.514,149.775,149.495,149.754,28788
2023-10-30 12:00:00+00:00,149.768,149.846,148.814,149.008,40060
2023-10-30 16:00:00+00:00,148.994,149.158,148.962,149.055,25649
2023-10-30 20:00:00+00:00,149.064,149.153,149.028,149.098,12019
2023-10-31 00:00:00+00:00,149.132,150.046,149.132,149.895,34980
2023-10-31 04:00:00+00:00,149.853,150.301,149.853,150.282,32992
2023-10-31 08:00:00+00:00,150.315,150.762,150.269,150.735,37369
2023-10-31 12:00:00+00:00,150.727,151.53,150.637,151.456,42600
2023-10-31 16:00:00+00:00,151.42,151.703,151.236,151.577,32958
2023-10-31 20:00:00+00:00,151.572,151.707,151.204,151.321,17667
2023-11-01 00:00:00+00:00,151.311,151.432,151.146,151.241,24261
2023-11-01 04:00:00+00:00,151.304,151.387,151.205,151.379,22187
2023-11-01 08:00:00+00:00,151.34,151.354,151.142,151.233,27126
2023-11-01 12:00:00+00:00,151.237,151.369,150.824,150.965,41656
2023-11-01 16:00:00+00:00,150.986,151.192,150.682,150.866,40880
2023-11-01 20:00:00+00:00,150.866,150.965,150.574,150.574,16464
2023-11-02 00:00:00+00:00,150.546,150.588,150.156,150.349,29752
2023-11-02 04:00:00+00:00,150.348,150.574,150.278,150.385,24045
2023-11-02 08:00:00+00:00,150.391,150.545,150.241,150.365,31863
2023-11-02 12:00:00+00:00,150.346,150.49,149.852,150.483,43500
2023-11-02 16:00:00+00:00,150.47,150.54,150.37,150.458,26477
2023-11-02 20:00:00+00:00,150.472,150.529,150.415,150.49,11478
2023-11-03 00:00:00+00:00,150.482,150.494,150.313,150.346,19155
2023-11-03 04:00:00+00:00,150.336,150.342,150.238,150.342,18010
2023-11-03 08:00:00+00:00,150.334,150.424,150.148,150.178,25521
2023-11-03 12:00:00+00:00,150.192,150.224,149.26,149.366,52166
2023-11-03 16:00:00+00:00,149.361,149.47,149.252,149.47,30072
2023-11-03 20:00:00+00:00,149.46,149.464,149.336,149.365,4325
2023-11-05 16:00:00+00:00,149.187,149.206,149.175,149.206,4
2023-11-05 20:00:00+00:00,149.195,149.471,149.166,149.45,1884
2023-11-06 00:00:00+00:00,149.461,149.67,149.442,149.576,20183
2023-11-06 04:00:00+00:00,149.57,149.728,149.472,149.728,23270
2023-11-06 08:00:00+00:00,149.681,149.691,149.381,149.622,29527
2023-11-06 12:00:00+00:00,149.605,149.829,149.605,149.729,33598
2023-11-06 16:00:00+00:00,149.73,149.975,149.693,149.975,24907
2023-11-06 20:00:00+00:00,149.969,150.077,149.939,149.984,15213
2023-11-07 00:00:00+00:00,149.997,150.214,149.97,150.197,21915
2023-11-07 04:00:00+00:00,150.207,150.486,150.201,150.486,21574
2023-11-07 08:00:00+00:00,150.463,150.49,150.253,150.404,30227
2023-11-07 12:00:00+00:00,150.4,150.687,150.384,150.497,35778
2023-11-07 16:00:00+00:00,150.487,150.613,150.312,150.44,28217
2023-11-07 20:00:00+00:00,150.438,150.474,150.318,150.397,13867
2023-11-08 00:00:00+00:00,150.4,150.603,150.352,150.498,22912
2023-11-08 04:00:00+00:00,150.503,150.753,150.46,150.678,22037
2023-11-08 08:00:00+00:00,150.667,150.786,150.614,150.743,27456
2023-11-08 12:00:00+00:00,150.74,150.983,150.74,150.85,34028
2023-11-08 16:00:00+00:00,150.847,151.05,150.742,151.035,27948
2023-11-08 20:00:00+00:00,151.041,151.051,150.849,150.85,17518
2023-11-09 00:00:00+00:00,150.852,150.995,150.839,150.94,20755
2023-11-09 04:00:00+00:00,150.918,151.088,150.799,150.914,20294
2023-11-09 08:00:00+00:00,150.89,151.176,150.88,151.139,27055
2023-11-09 12:00:00+00:00,151.125,151.16,150.852,150.948,36335
2023-11-09 16:00:00+00:00,150.952,151.382,150.945,151.324,34950
2023-11-09 20:00:00+00:00,151.312,151.378,151.267,151.344,18823
2023-11-10 00:00:00+00:00,151.371,151.371,151.225,151.327,23032
2023-11-10 04:00:00+00:00,151.329,151.446,151.292,151.374,22230
2023-11-10 08:00:00+00:00,151.38,151.486,151.328,151.478,27383
2023-11-10 12:00:00+00:00,151.466,151.53,151.331,151.474,34634
2023-11-10 16:00:00+00:00,151.479,151.598,151.452,151.582,25663
2023-11-10 20:00:00+00:00,151.588,151.598,151.433,151.52,9881
2023-11-12 16:00:00+00:00,151.374,151.448,151.374,151.448,4
2023-11-12 20:00:00+00:00,151.471,151.503,151.359,151.459,1609
2023-11-13 00:00:00+00:00,151.475,151.695,151.447,151.668,17462
2023-11-13 04:00:00+00:00,151.665,151.794,151.665,151.746,19292
2023-11-13 08:00:00+00:00,151.732,151.853,151.694,151.726,24831
2023-11-13 12:00:00+00:00,151.732,151.904,151.238,151.689,32666
2023-11-13 16:00:00+00:00,151.665,151.676,151.508,151.597,23326
2023-11-13 20:00:00+00:00,151.597,151.724,151.597,151.646,11946
2023-11-14 00:00:00+00:00,151.628,151.778,151.628,151.7,17549
2023-11-14 04:00:00+00:00,151.697,151.73,151.571,151.632,15667
2023-11-14 08:00:00+00:00,151.643,151.736,151.6,151.733,23810
2023-11-14 12:00:00+00:00,151.742,151.742,150.7,150.819,45498
2023-11-14 16:00:00+00:00,150.818,150.861,150.349,150.349,29625
2023-11-14 20:00:00+00:00,150.345,150.486,150.159,150.486,17948
2023-11-15 00:00:00+00:00,150.472,150.771,150.444,150.576,26486
2023-11-15 04:00:00+00:00,150.575,150.744,150.523,150.689,22810
2023-11-15 08:00:00+00:00,150.669,150.69,150.26,150.274,31229
2023-11-15 12:00:00+00:00,150.264,151.232,150.264,150.902,39957
2023-11-15 16:00:00+00:00,150.896,151.402,150.869,151.381,26132
2023-11-15 20:00:00+00:00,151.381,151.416,151.206,151.206,13781
2023-11-16 00:00:00+00:00,151.219,151.31,151.124,151.253,22584
2023-11-16 04:00:00+00:00,151.263,151.42,151.252,151.375,19352
2023-11-16 08:00:00+00:00,151.383,151.419,151.149,151.222,27814
2023-11-16 12:00:00+00:00,151.219,151.296,150.295,150.408,42926
2023-11-16 16:00:00+00:00,150.398,150.645,150.312,150.61,28423
2023-11-16 20:00:00+00:00,150.598,150.768,150.581,150.706,13066
2023-11-17 00:00:00+00:00,150.665,150.769,150.431,150.556,24455
2023-11-17 04:00:00+00:00,150.542,150.693,150.435,150.444,22448
2023-11-17 08:00:00+00:00,150.452,150.452,149.252,149.506,41959
2023-11-17 12:00:00+00:00,149.528,149.781,149.216,149.557,43015
2023-11-17 16:00:00+00:00,149.534,149.868,149.534,149.645,27328
2023-11-17 20:00:00+00:00,149.653,149.716,149.529,149.53,8761
2023-11-19 16:00:00+00:00,149.524,149.549,149.524,149.549,3
2023-11-19 20:00:00+00:00,149.528,149.958,149.487,149.957,2127
2023-11-20 00:00:00+00:00,149.936,149.969,148.853,148.906,33245
2023-11-20 04:00:00+00:00,148.85,149.205,148.717,148.905,32697
2023-11-20 08:00:00+00:00,148.917,148.955,148.107,148.207,38460
2023-11-20 12:00:00+00:00,148.223,148.683,148.206,148.37,38599
2023-11-20 16:00:00+00:00,148.345,148.423,148.149,148.317,29401
2023-11-20 20:00:00+00:00,148.314,148.443,148.224,148.383,15516
2023-11-21 00:00:00+00:00,148.385,148.417,147.348,147.377,37402
2023-11-21 04:00:00+00:00,147.338,147.828,147.274,147.518,34078
2023-11-21 08:00:00+00:00,147.567,147.795,147.169,147.716,35170
2023-11-21 12:00:00+00:00,147.704,147.805,147.361,147.792,43143
2023-11-21 16:00:00+00:00,147.76,148.581,147.751,148.317,33961
2023-11-21 20:00:00+00:00,148.329,148.42,148.02,148.149,17839
2023-11-22 00:00:00+00:00,148.109,148.345,148.09,148.21,31097
2023-11-22 04:00:00+00:00,148.21,149.053,148.21,148.962,31136
2023-11-22 08:00:00+00:00,148.946,149.332,148.706,148.765,36071
2023-11-22 12:00:00+00:00,148.793,149.734,148.615,149.68,47305
2023-11-22 16:00:00+00:00,149.664,149.744,149.55,149.58,26864
2023-11-22 20:00:00+00:00,149.58,149.615,149.458,149.46,11911
2023-11-23 00:00:00+00:00,149.421,149.421,149.04,149.122,24632
2023-11-23 04:00:00+00:00,149.123,149.193,148.888,149.148,23500
2023-11-23 08:00:00+00:00,149.234,149.339,149.061,149.245,30587
2023-11-23 12:00:00+00:00,149.249,149.68,149.239,149.498,28908
2023-11-23 16:00:00+00:00,149.515,149.636,149.515,149.562,12382
2023-11-23 20:00:00+00:00,149.56,149.641,149.478,149.638,12612
2023-11-24 00:00:00+00:00,149.633,149.699,149.452,149.503,26132
2023-11-24 04:00:00+00:00,149.485,149.49,149.199,149.426,25331
2023-11-24 08:00:00+00:00,149.423,149.643,149.378,149.563,28940
2023-11-24 12:00:00+00:00,149.556,149.655,149.442,149.498,34548
2023-11-24 16:00:00+00:00,149.501,149.623,149.448,149.484,20462
2023-11-24 20:00:00+00:00,149.489,149.491,149.387,149.46,7765
2023-11-26 16:00:00+00:00,149.328,149.413,149.328,149.413,3
2023-11-26 20:00:00+00:00,149.404,149.584,149.4,149.574,2073
2023-11-27 00:00:00+00:00,149.54,149.656,148.899,148.977,29376
2023-11-27 04:00:00+00:00,148.997,149.136,148.788,149.022,30570
2023-11-27 08:00:00+00:00,149.047,149.317,148.944,149.028,32817
2023-11-27 12:00:00+00:00,149.027,149.046,148.674,148.918,42113
2023-11-27 16:00:00+00:00,148.939,149.062,148.552,148.607,30143
2023-11-27 20:00:00+00:00,148.61,148.692,148.369,148.415,16314
2023-11-28 00:00:00+00:00,148.361,148.361,148.023,148.208,33627
2023-11-28 04:00:00+00:00,148.202,148.531,148.13,148.51,28313
2023-11-28 08:00:00+00:00,148.499,148.796,148.424,148.585,32946
2023-11-28 12:00:00+00:00,148.588,148.691,147.729,147.871,48316
2023-11-28 16:00:00+00:00,147.873,147.906,147.326,147.425,39907
2023-11-28 20:00:00+00:00,147.425,147.528,147.026,147.066,19650
2023-11-29 00:00:00+00:00,147.03,147.307,146.7,147.291,40077
2023-11-29 04:00:00+00:00,147.29,147.354,146.96,147.349,37458
2023-11-29 08:00:00+00:00,147.34,147.805,147.198,147.614,41350
2023-11-29 12:00:00+00:00,147.624,147.887,147.125,147.39,52777
2023-11-29 16:00:00+00:00,147.411,147.448,147.084,147.241,35393
2023-11-29 20:00:00+00:00,147.273,147.36,146.851,147.053,18066
2023-11-30 00:00:00+00:00,147.105,147.182,146.9,147.092,33086
2023-11-30 04:00:00+00:00,147.103,147.245,146.886,147.062,30072
2023-11-30 08:00:00+00:00,147.05,147.742,146.968,147.708,42302
2023-11-30 12:00:00+00:00,147.739,148.46,147.342,147.829,53067
2023-11-30 16:00:00+00:00,147.821,148.267,147.767,148.211,36464
2023-11-30 20:00:00+00:00,148.194,148.296,147.942,148.0,20867
2023-12-01 00:00:00+00:00,148.012,148.143,147.628,148.124,37797
2023-12-01 04:00:00+00:00,148.118,148.303,147.994,148.3,30883
2023-12-01 08:00:00+00:00,148.278,148.278,147.697,148.128,36991
2023-12-01 12:00:00+00:00,148.13,148.31,147.374,147.593,48322
2023-12-01 16:00:00+00:00,147.685,147.689,146.689,146.846,48514
2023-12-01 20:00:00+00:00,146.87,146.895,146.776,146.81,12378
2023-12-02 00:00:00+00:00,146.82,146.82,146.82,146.82,1
2023-12-03 16:00:00+00:00,146.711,146.778,146.705,146.715,4
2023-12-03 20:00:00+00:00,146.703,146.726,146.264,146.36,5391
2023-12-04 00:00:00+00:00,146.343,146.746,146.255,146.734,35661
2023-12-04 04:00:00+00:00,146.74,146.967,146.582,146.967,34135
2023-12-04 08:00:00+00:00,147.029,147.078,146.468,146.541,40261
2023-12-04 12:00:00+00:00,146.576,147.147,146.487,147.104,51019
2023-12-04 16:00:00+00:00,147.085,147.441,146.957,147.294,36438
2023-12-04 20:00:00+00:00,147.306,147.348,147.107,147.306,19221
2023-12-05 00:00:00+00:00,147.322,147.369,146.991,147.165,34128
2023-12-05 04:00:00+00:00,147.151,147.162,146.745,146.837,31685
2023-12-05 08:00:00+00:00,146.816,147.168,146.703,147.023,39752
2023-12-05 12:00:00+00:00,147.048,147.252,146.591,147.104,51544
2023-12-05 16:00:00+00:00,147.084,147.375,147.001,147.255,37329
2023-12-05 20:00:00+00:00,147.261,147.265,147.073,147.185,17469
2023-12-06 00:00:00+00:00,147.19,147.395,147.103,147.272,31779
2023-12-06 04:00:00+00:00,147.287,147.321,146.939,146.969,29110
2023-12-06 08:00:00+00:00,146.937,147.487,146.906,147.398,38020
2023-12-06 12:00:00+00:00,147.422,147.422,147.035,147.218,47295
2023-12-06 16:00:00+00:00,147.201,147.378,147.103,147.346,30976
2023-12-06 20:00:00+00:00,147.36,147.409,147.108,147.184,16404
2023-12-07 00:00:00+00:00,147.146,147.178,146.704,146.86,37182
2023-12-07 04:00:00+00:00,146.869,146.894,145.535,145.713,41586
2023-12-07 08:00:00+00:00,145.64,145.653,144.583,145.024,54077
2023-12-07 12:00:00+00:00,144.99,145.286,143.963,144.032,58020
2023-12-07 16:00:00+00:00,144.036,144.311,142.262,143.455,50567
2023-12-07 20:00:00+00:00,143.473,144.312,143.462,144.233,24115
2023-12-08 00:00:00+00:00,144.215,144.215,142.53,143.776,51670
2023-12-08 04:00:00+00:00,143.748,144.392,143.606,144.091,43174
2023-12-08 08:00:00+00:00,144.017,144.635,143.74,144.447,47206
2023-12-08 12:00:00+00:00,144.442,145.15,143.824,144.503,59541
2023-12-08 16:00:00+00:00,144.517,144.964,144.41,144.964,39516
2023-12-08 20:00:00+00:00,144.971,144.993,144.859,144.859,11049
2023-12-10 16:00:00+00:00,144.607,144.767,144.607,144.767,3
2023-12-10 20:00:00+00:00,144.757,145.045,144.693,144.984,3661
2023-12-11 00:00:00+00:00,144.937,145.56,144.903,145.418,33890
2023-12-11 04:00:00+00:00,145.425,146.413,145.332,146.373,35541
2023-12-11 08:00:00+00:00,146.401,146.445,146.034,146.158,40990
2023-12-11 12:00:00+00:00,146.169,146.495,146.051,146.418,43901
2023-12-11 16:00:00+00:00,146.384,146.554,146.083,146.153,36578
2023-12-11 20:00:00+00:00,146.163,146.233,146.048,146.048,17816
2023-12-12 00:00:00+00:00,146.021,146.116,145.547,145.6,37011
2023-12-12 04:00:00+00:00,145.628,145.675,145.265,145.439,31500
2023-12-12 08:00:00+00:00,145.506,145.616,145.063,145.172,37481
2023-12-12 12:00:00+00:00,145.178,145.797,144.802,145.646,49306
2023-12-12 16:00:00+00:00,145.658,145.729,145.423,145.594,34132
2023-12-12 20:00:00+00:00,145.609,145.609,145.206,145.292,18621
2023-12-13 00:00:00+00:00,145.337,145.658,145.335,145.624,34680
2023-12-13 04:00:00+00:00,145.603,145.977,145.495,145.814,32740
2023-12-13 08:00:00+00:00,145.773,145.944,145.612,145.624,37991
2023-12-13 12:00:00+00:00,145.629,145.73,145.061,145.152,46169
2023-12-13 16:00:00+00:00,145.146,145.26,142.921,143.14,46650
2023-12-13 20:00:00+00:00,143.176,143.261,142.088,142.791,39318
2023-12-14 00:00:00+00:00,142.84,142.868,141.047,141.411,54708
2023-12-14 04:00:00+00:00,141.39,142.135,141.357,142.009,51037
2023-12-14 08:00:00+00:00,142.009,142.024,141.246,141.423,53194
2023-12-14 12:00:00+00:00,141.379,142.269,141.379,141.678,60881
2023-12-14 16:00:00+00:00,141.665,142.009,141.431,141.92,47119
2023-12-14 20:00:00+00:00,141.949,142.297,141.77,142.275,25570
2023-12-15 00:00:00+00:00,142.224,142.448,141.802,141.893,40453
2023-12-15 04:00:00+00:00,141.905,142.118,141.595,141.975,39919
2023-12-15 08:00:00+00:00,141.952,142.06,141.51,141.747,45502
2023-12-15 12:00:00+00:00,141.75,142.43,141.469,141.744,56073
2023-12-15 16:00:00+00:00,141.75,142.293,141.67,142.181,42766
2023-12-15 20:00:00+00:00,142.191,142.294,142.042,142.12,15633
2023-12-16 00:00:00+00:00,142.11,142.11,142.11,142.11,1
2023-12-17 16:00:00+00:00,141.946,141.946,141.85,141.85,4
2023-12-17 20:00:00+00:00,141.856,142.351,141.856,142.313,2684
2023-12-18 00:00:00+00:00,142.319,142.443,142.076,142.169,30385
2023-12-18 04:00:00+00:00,142.188,142.397,142.12,142.385,31131
2023-12-18 08:00:00+00:00,142.35,142.813,142.244,142.744,41255
2023-12-18 12:00:00+00:00,142.723,143.127,142.706,143.115,45009
2023-12-18 16:00:00+00:00,143.111,143.111,142.839,142.884,33409
2023-12-18 20:00:00+00:00,142.902,142.955,142.659,142.687,19577
2023-12-19 00:00:00+00:00,142.653,143.691,142.266,143.522,42292
2023-12-19 04:00:00+00:00,143.511,144.217,143.038,144.165,39577
2023-12-19 08:00:00+00:00,144.209,144.932,144.168,144.785,43068
2023-12-19 12:00:00+00:00,144.778,144.778,143.711,143.803,49639
2023-12-19 16:00:00+00:00,143.833,143.92,143.542,143.906,34641
2023-12-19 20:00:00+00:00,143.9,143.96,143.772,143.916,18231
2023-12-20 00:00:00+00:00,143.92,144.07,143.651,143.693,36351
2023-12-20 04:00:00+00:00,143.69,143.749,143.333,143.542,38330
2023-12-20 08:00:00+00:00,143.583,143.642,143.302,143.37,39772
2023-12-20 12:00:00+00:00,143.395,143.711,143.323,143.68,43956
2023-12-20 16:00:00+00:00,143.671,143.931,143.663,143.803,35245
2023-12-20 20:00:00+00:00,143.839,143.868,143.396,143.527,26010
2023-12-21 00:00:00+00:00,143.515,143.546,142.809,142.912,36182
2023-12-21 04:00:00+00:00,142.925,143.262,142.813,143.258,32351
2023-12-21 08:00:00+00:00,143.267,143.339,142.656,142.729,37835
2023-12-21 12:00:00+00:00,142.704,142.803,142.098,142.161,50126
2023-12-21 16:00:00+00:00,142.2,142.429,142.061,142.236,40660
2023-12-21 20:00:00+00:00,142.259,142.291,142.012,142.072,21056
2023-12-22 00:00:00+00:00,141.963,142.539,141.883,142.53,37451
2023-12-22 04:00:00+00:00,142.534,142.539,142.129,142.233,34078
2023-12-22 08:00:00+00:00,142.274,142.367,141.954,141.999,36968
2023-12-22 12:00:00+00:00,142.007,142.425,141.894,142.361,46429
2023-12-22 16:00:00+00:00,142.337,142.648,142.337,142.491,33150
2023-12-22 20:00:00+00:00,142.493,142.546,142.39,142.39,9877
2023-12-24 20:00:00+00:00,142.351,142.351,142.301,142.342,4
2023-12-25 00:00:00+00:00,142.394,142.443,142.156,142.156,3396
2023-12-25 04:00:00+00:00,142.153,142.48,142.139,142.418,4621
2023-12-25 08:00:00+00:00,142.447,142.455,142.298,142.37,641
2023-12-25 12:00:00+00:00,142.366,142.366,142.366,142.366,6
2023-12-25 16:00:00+00:00,142.37,142.46,142.348,142.43,336
2023-12-25 20:00:00+00:00,142.43,142.43,142.127,142.244,5782
2023-12-26 00:00:00+00:00,142.241,142.344,142.109,142.197,20701
2023-12-26 04:00:00+00:00,142.216,142.389,142.189,142.326,18831
2023-12-26 08:00:00+00:00,142.318,142.516,142.317,142.374,21652
2023-12-26 12:00:00+00:00,142.383,142.595,142.247,142.595,29160
2023-12-26 16:00:00+00:00,142.598,142.621,142.406,142.471,22344
2023-12-26 20:00:00+00:00,142.47,142.485,142.311,142.485,15551
2023-12-27 00:00:00+00:00,142.497,142.831,142.444,142.569,31776
2023-12-27 04:00:00+00:00,142.567,142.832,142.539,142.785,26032
2023-12-27 08:00:00+00:00,142.665,142.743,142.464,142.547,30900
2023-12-27 12:00:00+00:00,142.555,142.62,142.206,142.206,36542
2023-12-27 16:00:00+00:00,142.208,142.218,141.558,141.884,35509
2023-12-27 20:00:00+00:00,141.894,141.894,141.393,141.442,19481
2023-12-28 00:00:00+00:00,141.444,141.655,141.216,141.312,33533
2023-12-28 04:00:00+00:00,141.303,141.316,140.732,140.821,32345
2023-12-28 08:00:00+00:00,140.749,141.06,140.659,140.816,35727
2023-12-28 12:00:00+00:00,140.811,141.122,140.29,140.877,43601
2023-12-28 16:00:00+00:00,141.059,141.576,140.967,141.451,35688
2023-12-28 20:00:00+00:00,141.442,141.456,141.246,141.44,19671
2023-12-29 00:00:00+00:00,141.477,141.654,141.352,141.485,29230
2023-12-29 04:00:00+00:00,141.485,141.485,141.145,141.412,26403
2023-12-29 08:00:00+00:00,141.388,141.899,141.334,141.542,34992
2023-12-29 12:00:00+00:00,141.526,141.872,140.899,140.994,43218
2023-12-29 16:00:00+00:00,141.029,141.079,140.803,141.025,37124
2023-12-29 20:00:00+00:00,141.028,141.051,140.961,141.026,10426
2023-12-31 20:00:00+00:00,140.952,140.952,140.952,140.952,1
2024-01-01 00:00:00+00:00,141.02,141.02,140.952,140.952,2
2024-01-01 04:00:00+00:00,141.025,141.025,141.025,141.025,7
2024-01-01 16:00:00+00:00,141.11,141.173,140.607,140.89,8265
2024-01-01 20:00:00+00:00,140.89,141.128,140.811,141.114,10630
2024-01-02 00:00:00+00:00,141.121,141.665,141.107,141.503,29177
2024-01-02 04:00:00+00:00,141.495,141.586,141.351,141.547,29649
2024-01-02 08:00:00+00:00,141.521,141.881,141.294,141.826,43035
2024-01-02 12:00:00+00:00,141.815,142.186,141.528,141.924,51079
2024-01-02 16:00:00+00:00,141.924,141.997,141.747,141.949,34063
2024-01-02 20:00:00+00:00,141.948,142.176,141.814,142.176,21340
2024-01-03 00:00:00+00:00,142.15,142.159,141.875,141.89,28913
2024-01-03 04:00:00+00:00,141.871,142.453,141.871,142.42,29991
2024-01-03 08:00:00+00:00,142.44,142.979,142.414,142.933,39944
2024-01-03 12:00:00+00:00,142.903,143.692,142.809,143.596,46104
2024-01-03 16:00:00+00:00,143.567,143.719,143.142,143.241,45751
2024-01-03 20:00:00+00:00,143.255,143.304,142.962,142.999,24937
2024-01-04 00:00:00+00:00,143.002,143.485,142.872,143.343,33819
2024-01-04 04:00:00+00:00,143.352,143.839,143.191,143.377,37622
2024-01-04 08:00:00+00:00,143.417,144.288,143.368,144.256,43201
2024-01-04 12:00:00+00:00,144.258,144.831,144.079,144.659,47771
2024-01-04 16:00:00+00:00,144.614,144.694,144.479,144.579,29497
2024-01-04 20:00:00+00:00,144.564,144.774,144.522,144.774,17993
2024-01-05 00:00:00+00:00,144.81,144.945,144.669,144.922,32332
2024-01-05 04:00:00+00:00,144.919,145.346,144.667,145.077,34840
2024-01-05 08:00:00+00:00,144.992,145.346,144.869,145.271,38597
2024-01-05 12:00:00+00:00,145.268,145.965,143.844,144.128,54507
2024-01-05 16:00:00+00:00,144.138,144.888,144.097,144.661,45483
2024-01-05 20:00:00+00:00,144.669,144.778,144.603,144.616,12935
2024-01-07 20:00:00+00:00,144.56,144.906,144.483,144.716,2117
2024-01-08 00:00:00+00:00,144.751,144.793,144.318,144.488,27961
2024-01-08 04:00:00+00:00,144.475,144.53,144.096,144.418,34337
2024-01-08 08:00:00+00:00,144.395,144.609,144.206,144.579,43212
2024-01-08 12:00:00+00:00,144.617,144.678,143.87,143.935,47377
2024-01-08 16:00:00+00:00,143.859,144.168,143.668,144.101,38062
2024-01-08 20:00:00+00:00,144.092,144.266,144.08,144.217,19376
2024-01-09 00:00:00+00:00,144.247,144.247,143.453,143.62,37468
2024-01-09 04:00:00+00:00,143.619,144.154,143.582,144.066,33430
2024-01-09 08:00:00+00:00,144.059,144.286,143.766,144.073,41573
2024-01-09 12:00:00+00:00,144.094,144.346,143.678,144.308,48246
2024-01-09 16:00:00+00:00,144.333,144.613,144.277,144.547,38489
2024-01-09 20:00:00+00:00,144.509,144.522,144.313,144.429,18211
2024-01-10 00:00:00+00:00,144.461,144.918,144.447,144.85,31537
2024-01-10 04:00:00+00:00,144.848,145.116,144.671,144.941,31998
2024-01-10 08:00:00+00:00,144.943,145.117,144.782,144.995,37067
2024-01-10 12:00:00+00:00,145.042,145.675,145.002,145.612,44043
2024-01-10 16:00:00+00:00,145.565,145.811,145.541,145.687,34136
2024-01-10 20:00:00+00:00,145.677,145.805,145.593,145.728,19183
2024-01-11 00:00:00+00:00,145.768,145.768,145.31,145.31,28626
2024-01-11 04:00:00+00:00,145.315,145.528,145.29,145.408,28175
2024-01-11 08:00:00+00:00,145.41,145.586,145.344,145.397,30331
2024-01-11 12:00:00+00:00,145.383,146.364,145.319,145.951,26287
2024-01-11 16:00:00+00:00,145.945,146.162,145.442,145.484,40257
2024-01-11 20:00:00+00:00,145.49,145.532,144.945,145.102,25879
2024-01-12 00:00:00+00:00,145.113,145.402,144.853,144.913,37274
2024-01-12 04:00:00+00:00,144.911,145.274,144.907,145.151,31851
2024-01-12 08:00:00+00:00,145.161,145.279,144.89,145.237,37697
2024-01-12 12:00:00+00:00,145.203,145.514,144.37,144.708,54329
2024-01-12 16:00:00+00:00,144.715,145.011,144.569,144.869,36733
2024-01-12 20:00:00+00:00,144.861,144.937,144.81,144.81,12144
2024-01-14 20:00:00+00:00,144.814,145.166,144.814,145.148,1944
2024-01-15 00:00:00+00:00,145.14,145.216,144.943,145.134,28758
2024-01-15 04:00:00+00:00,145.133,145.506,145.105,145.445,28495
2024-01-15 08:00:00+00:00,145.441,145.822,145.325,145.672,35120
2024-01-15 12:00:00+00:00,145.677,145.936,145.677,145.79,36319
2024-01-15 16:00:00+00:00,145.802,145.846,145.684,145.792,16537
2024-01-15 20:00:00+00:00,145.786,145.864,145.71,145.788,9115
2024-01-16 00:00:00+00:00,145.783,146.183,145.588,146.096,40315
2024-01-16 04:00:00+00:00,146.112,146.268,146.017,146.16,31831
2024-01-16 08:00:00+00:00,146.18,146.739,146.055,146.605,44214
2024-01-16 12:00:00+00:00,146.613,146.782,146.327,146.706,49780
2024-01-16 16:00:00+00:00,146.966,147.3,146.776,147.249,43302
2024-01-16 20:00:00+00:00,147.226,147.281,147.074,147.247,17529
2024-01-17 00:00:00+00:00,147.292,147.475,147.123,147.326,37030
2024-01-17 04:00:00+00:00,147.326,147.941,147.291,147.868,39802
2024-01-17 08:00:00+00:00,147.773,147.923,147.567,147.664,41441
2024-01-17 12:00:00+00:00,147.641,148.503,147.596,148.445,47919
2024-01-17 16:00:00+00:00,148.403,148.495,148.174,148.27,40939
2024-01-17 20:00:00+00:00,148.272,148.283,148.05,148.137,18728
2024-01-18 00:00:00+00:00,148.153,148.236,147.907,148.021,35560
2024-01-18 04:00:00+00:00,147.99,148.053,147.696,147.788,34539
2024-01-18 08:00:00+00:00,147.817,147.956,147.667,147.816,38858
2024-01-18 12:00:00+00:00,147.798,148.299,147.755,148.174,51149
2024-01-18 16:00:00+00:00,148.179,148.259,148.019,148.228,39967
2024-01-18 20:00:00+00:00,148.228,148.27,148.035,148.119,19172
2024-01-19 00:00:00+00:00,148.13,148.448,147.959,148.22,34704
2024-01-19 04:00:00+00:00,148.221,148.781,148.221,148.268,33679
2024-01-19 08:00:00+00:00,148.285,148.319,147.85,147.978,38485
2024-01-19 12:00:00+00:00,147.993,148.501,147.964,148.102,46747
2024-01-19 16:00:00+00:00,148.098,148.288,148.038,148.191,36203
2024-01-19 20:00:00+00:00,148.183,148.198,148.084,148.09,13096
2024-01-21 20:00:00+00:00,148.257,148.257,148.08,148.121,2458
2024-01-22 00:00:00+00:00,148.122,148.212,147.742,147.918,32258
2024-01-22 04:00:00+00:00,147.921,148.123,147.842,148.039,34142
2024-01-22 08:00:00+00:00,148.065,148.276,147.866,147.886,38036
2024-01-22 12:00:00+00:00,147.866,147.915,147.641,147.845,45820
2024-01-22 16:00:00+00:00,147.851,148.14,147.848,148.033,32319
2024-01-22 20:00:00+00:00,148.041,148.146,147.938,148.143,17435
2024-01-23 00:00:00+00:00,148.164,148.532,147.879,147.892,34861
2024-01-23 04:00:00+00:00,147.936,148.196,147.024,147.583,43396
2024-01-23 08:00:00+00:00,147.591,148.064,147.268,148.026,40836
2024-01-23 12:00:00+00:00,148.054,148.526,147.879,148.479,43982
2024-01-23 16:00:00+00:00,148.47,148.692,148.304,148.379,32193
2024-01-23 20:00:00+00:00,148.392,148.44,148.211,148.245,15725
2024-01-24 00:00:00+00:00,148.213,148.238,147.784,147.803,36499
2024-01-24 04:00:00+00:00,147.822,148.007,147.725,147.793,32990
2024-01-24 08:00:00+00:00,147.747,147.747,147.391,147.52,39416
2024-01-24 12:00:00+00:00,147.5,147.5,146.678,146.944,53143
2024-01-24 16:00:00+00:00,146.974,147.586,146.974,147.56,39080
2024-01-24 20:00:00+00:00,147.551,147.632,147.417,147.583,18221
2024-01-25 00:00:00+00:00,147.582,147.849,147.555,147.648,32588
2024-01-25 04:00:00+00:00,147.65,147.858,147.553,147.671,29497
2024-01-25 08:00:00+00:00,147.686,147.82,147.483,147.516,36120
2024-01-25 12:00:00+00:00,147.517,147.76,147.109,147.578,54162
2024-01-25 16:00:00+00:00,147.581,147.873,147.51,147.838,37350
2024-01-25 20:00:00+00:00,147.828,147.834,147.5,147.722,17313
2024-01-26 00:00:00+00:00,147.733,147.838,147.508,147.66,32311
2024-01-26 04:00:00+00:00,147.662,147.863,147.653,147.769,29434
2024-01-26 08:00:00+00:00,147.78,148.08,147.604,147.713,37544
2024-01-26 12:00:00+00:00,147.745,148.141,147.576,148.075,48185
2024-01-26 16:00:00+00:00,148.07,148.182,147.89,148.098,29799
2024-01-26 20:00:00+00:00,148.108,148.156,148.049,148.156,9988
2024-01-28 20:00:00+00:00,148.096,148.177,148.016,148.177,2593
2024-01-29 00:00:00+00:00,148.181,148.321,148.032,148.134,23831
2024-01-29 04:00:00+00:00,148.116,148.116,147.757,147.805,29076
2024-01-29 08:00:00+00:00,147.793,147.924,147.709,147.876,37291
2024-01-29 12:00:00+00:00,147.884,148.071,147.651,147.664,39737
2024-01-29 16:00:00+00:00,147.682,147.734,147.589,147.648,28962
2024-01-29 20:00:00+00:00,147.542,147.542,147.255,147.487,21077
2024-01-30 00:00:00+00:00,147.444,147.48,147.194,147.395,28907
2024-01-30 04:00:00+00:00,147.372,147.407,147.174,147.225,28759
2024-01-30 08:00:00+00:00,147.284,147.535,147.212,147.382,37165
2024-01-30 12:00:00+00:00,147.374,147.879,147.109,147.847,47186
2024-01-30 16:00:00+00:00,147.861,147.903,147.576,147.602,32244
2024-01-30 20:00:00+00:00,147.599,147.662,147.335,147.335,16361
2024-01-31 00:00:00+00:00,147.349,147.745,147.202,147.729,33426
2024-01-31 04:00:00+00:00,147.756,147.889,147.579,147.656,28771
2024-01-31 08:00:00+00:00,147.61,147.881,147.413,147.845,40784
2024-01-31 12:00:00+00:00,147.814,147.866,146.181,146.181,57190
2024-01-31 16:00:00+00:00,146.08,146.761,146.022,146.379,54384
2024-01-31 20:00:00+00:00,146.378,147.43,146.378,147.005,35141
2024-02-01 00:00:00+00:00,147.009,147.06,146.915,146.915,4676
2024-02-01 12:00:00+00:00,146.501,146.501,146.278,146.31,3963
2024-02-01 16:00:00+00:00,146.236,146.479,145.925,146.266,51949
2024-02-01 20:00:00+00:00,146.276,146.505,146.271,146.457,19089
2024-02-02 00:00:00+00:00,146.46,146.46,146.246,146.378,28876
2024-02-02 04:00:00+00:00,146.354,146.633,146.329,146.626,31262
2024-02-02 08:00:00+00:00,146.619,146.791,146.459,146.528,35570
2024-02-02 12:00:00+00:00,146.55,148.314,146.513,148.277,56021
2024-02-02 16:00:00+00:00,148.313,148.563,148.227,148.328,40795
2024-02-02 20:00:00+00:00,148.309,148.395,148.252,148.371,13578
2024-02-04 20:00:00+00:00,148.36,148.66,148.314,148.505,3174
2024-02-05 00:00:00+00:00,148.535,148.797,148.359,148.399,32211
2024-02-05 04:00:00+00:00,148.405,148.497,148.281,148.48,33600
2024-02-05 08:00:00+00:00,148.511,148.603,148.309,148.436,38645
2024-02-05 12:00:00+00:00,148.445,148.876,148.395,148.876,45792
2024-02-05 16:00:00+00:00,148.879,148.879,148.505,148.697,33821
2024-02-05 20:00:00+00:00,148.703,148.764,148.605,148.66,16350
2024-02-06 00:00:00+00:00,148.644,148.657,148.465,148.627,28187
2024-02-06 04:00:00+00:00,148.607,148.607,148.366,148.515,33092
2024-02-06 08:00:00+00:00,148.516,148.78,148.511,148.683,36681
2024-02-06 12:00:00+00:00,148.686,148.773,148.005,148.094,48356
2024-02-06 16:00:00+00:00,148.089,148.19,147.85,147.963,42531
2024-02-06 20:00:00+00:00,147.939,147.949,147.76,147.816,17506
2024-02-07 00:00:00+00:00,147.857,147.979,147.735,147.902,31343
2024-02-07 04:00:00+00:00,147.911,148.054,147.768,147.823,30189
2024-02-07 08:00:00+00:00,147.862,148.15,147.82,148.086,39122
2024-02-07 12:00:00+00:00,148.106,148.245,147.663,147.946,50422
2024-02-07 16:00:00+00:00,147.935,148.187,147.889,148.133,37548
2024-02-07 20:00:00+00:00,148.134,148.192,147.991,148.088,17701
2024-02-08 00:00:00+00:00,148.065,148.386,147.936,148.35,33605
2024-02-08 04:00:00+00:00,148.344,148.798,148.33,148.731,33282
2024-02-08 08:00:00+00:00,148.76,149.25,148.658,149.157,41189
2024-02-08 12:00:00+00:00,149.176,149.478,149.109,149.431,49579
2024-02-08 16:00:00+00:00,149.437,149.449,149.121,149.387,38371
2024-02-08 20:00:00+00:00,149.366,149.387,149.256,149.264,17626
2024-02-09 00:00:00+00:00,149.245,149.475,149.245,149.433,28469
2024-02-09 04:00:00+00:00,149.412,149.459,149.235,149.395,26499
2024-02-09 08:00:00+00:00,149.393,149.568,149.27,149.4,39342
2024-02-09 12:00:00+00:00,149.406,149.536,149.058,149.32,50827
2024-02-09 16:00:00+00:00,149.345,149.412,149.281,149.354,31344
2024-02-09 20:00:00+00:00,149.351,149.351,149.235,149.274,11095
2024-02-11 20:00:00+00:00,149.202,149.242,149.135,149.175,2848
2024-02-12 00:00:00+00:00,149.15,149.25,149.106,149.25,19612
2024-02-12 04:00:00+00:00,149.248,149.249,149.066,149.097,26573
2024-02-12 08:00:00+00:00,149.098,149.19,149.006,149.024,39183
2024-02-12 12:00:00+00:00,149.027,149.468,148.925,149.459,41250
2024-02-12 16:00:00+00:00,149.461,149.471,149.24,149.412,34226
2024-02-12 20:00:00+00:00,149.397,149.407,149.266,149.407,16923
2024-02-13 00:00:00+00:00,149.415,149.531,149.286,149.531,26581
2024-02-13 04:00:00+00:00,149.536,149.639,149.448,149.589,28114
2024-02-13 08:00:00+00:00,149.609,149.691,149.377,149.377,36131
2024-02-13 12:00:00+00:00,149.353,150.603,149.285,150.594,54311
2024-02-13 16:00:00+00:00,150.584,150.874,150.522,150.871,37189
2024-02-13 20:00:00+00:00,150.873,150.873,150.58,150.72,20119
2024-02-14 00:00:00+00:00,150.702,150.77,150.503,150.514,32769
2024-02-14 04:00:00+00:00,150.511,150.545,150.361,150.453,30647
2024-02-14 08:00:00+00:00,150.46,150.685,150.402,150.58,39723
2024-02-14 12:00:00+00:00,150.562,150.746,150.507,150.617,46723
2024-02-14 16:00:00+00:00,150.612,150.613,150.37,150.56,34689
2024-02-14 20:00:00+00:00,150.559,150.62,150.421,150.559,17708
2024-02-15 00:00:00+00:00,150.539,150.545,150.146,150.268,31672
2024-02-15 04:00:00+00:00,150.257,150.269,150.058,150.205,30411
2024-02-15 08:00:00+00:00,150.207,150.207,149.951,150.075,35501
2024-02-15 12:00:00+00:00,150.083,150.131,149.752,150.052,50117
2024-02-15 16:00:00+00:00,150.074,150.236,149.858,149.946,39587
2024-02-15 20:00:00+00:00,149.952,150.005,149.827,149.958,17729
2024-02-16 00:00:00+00:00,149.944,150.359,149.928,150.313,33030
2024-02-16 04:00:00+00:00,150.313,150.344,150.137,150.234,29671
2024-02-16 08:00:00+00:00,150.256,150.297,150.147,150.179,32348
2024-02-16 12:00:00+00:00,150.176,150.638,150.144,150.242,48180
2024-02-16 16:00:00+00:00,150.231,150.392,150.09,150.232,36990
2024-02-16 20:00:00+00:00,150.247,150.284,150.166,150.196,11937
2024-02-18 20:00:00+00:00,150.105,150.139,150.039,150.139,2172
2024-02-19 00:00:00+00:00,150.126,150.126,149.883,149.934,22255
2024-02-19 04:00:00+00:00,149.93,150.03,149.926,149.977,23819
2024-02-19 08:00:00+00:00,149.977,149.994,149.895,149.987,30208
2024-02-19 12:00:00+00:00,149.989,150.161,149.938,150.161,32816
2024-02-19 16:00:00+00:00,150.164,150.188,150.126,150.136,11937
2024-02-19 20:00:00+00:00,150.143,150.296,150.094,150.27,10202
2024-02-20 00:00:00+00:00,150.25,150.351,150.2,150.319,33276
2024-02-20 04:00:00+00:00,150.323,150.433,150.291,150.358,28289
2024-02-20 08:00:00+00:00,150.376,150.386,150.164,150.227,24887
2024-02-20 12:00:00+00:00,150.191,150.201,149.697,149.786,44515
2024-02-20 16:00:00+00:00,149.779,150.023,149.756,150.018,34719
2024-02-20 20:00:00+00:00,150.024,150.07,149.89,149.965,19300
2024-02-21 00:00:00+00:00,149.965,150.083,149.857,149.872,29817
2024-02-21 04:00:00+00:00,149.897,150.146,149.87,150.146,28081
2024-02-21 08:00:00+00:00,150.158,150.183,149.982,150.069,33526
2024-02-21 12:00:00+00:00,150.076,150.253,149.94,150.247,40837
2024-02-21 16:00:00+00:00,150.25,150.385,150.17,150.197,40159
2024-02-21 20:00:00+00:00,150.184,150.376,150.176,150.344,21485
2024-02-22 00:00:00+00:00,150.358,150.45,150.299,150.426,31872
2024-02-22 04:00:00+00:00,150.43,150.448,150.087,150.135,32025
2024-02-22 08:00:00+00:00,150.156,150.281,150.016,150.22,40079
2024-02-22 12:00:00+00:00,150.223,150.633,150.218,150.504,48947
2024-02-22 16:00:00+00:00,150.498,150.672,150.484,150.554,37769
2024-02-22 20:00:00+00:00,150.541,150.564,150.448,150.47,18936
2024-02-23 00:00:00+00:00,150.456,150.544,150.385,150.483,26597
2024-02-23 04:00:00+00:00,150.481,150.644,150.46,150.555,23232
2024-02-23 08:00:00+00:00,150.545,150.764,150.537,150.657,34680
2024-02-23 12:00:00+00:00,150.639,150.639,150.326,150.53,44741
2024-02-23 16:00:00+00:00,150.529,150.529,150.306,150.455,34292
2024-02-23 20:00:00+00:00,150.456,150.54,150.454,150.51,11992
2024-02-25 20:00:00+00:00,150.414,150.546,150.32,150.497,2738
2024-02-26 00:00:00+00:00,150.463,150.492,150.297,150.474,25779
2024-02-26 04:00:00+00:00,150.481,150.515,150.366,150.455,28739
2024-02-26 08:00:00+00:00,150.49,150.692,150.407,150.687,31983
2024-02-26 12:00:00+00:00,150.688,150.8,150.536,150.749,43276
2024-02-26 16:00:00+00:00,150.75,150.835,150.727,150.762,37534
2024-02-26 20:00:00+00:00,150.746,150.754,150.515,150.57,18814
2024-02-27 00:00:00+00:00,150.567,150.605,150.421,150.421,25029
2024-02-27 04:00:00+00:00,150.416,150.532,150.324,150.351,23646
2024-02-27 08:00:00+00:00,150.345,150.372,150.129,150.313,33395
2024-02-27 12:00:00+00:00,150.291,150.542,150.129,150.436,42853
2024-02-27 16:00:00+00:00,150.409,150.581,150.309,150.53,35627
2024-02-27 20:00:00+00:00,150.526,150.529,150.454,150.514,14916
2024-02-28 00:00:00+00:00,150.513,150.536,150.374,150.528,29253
2024-02-28 04:00:00+00:00,150.523,150.746,150.517,150.741,27826
2024-02-28 08:00:00+00:00,150.741,150.793,150.619,150.633,33789
2024-02-28 12:00:00+00:00,150.629,150.838,150.56,150.809,45242
2024-02-28 16:00:00+00:00,150.81,150.81,150.641,150.689,35819
2024-02-28 20:00:00+00:00,150.696,150.72,150.554,150.66,18453
2024-02-29 00:00:00+00:00,150.64,150.64,149.722,149.812,36114
2024-02-29 04:00:00+00:00,149.823,150.051,149.643,149.664,35487
2024-02-29 08:00:00+00:00,149.639,150.096,149.62,149.972,42712
2024-02-29 12:00:00+00:00,149.976,150.14,149.216,149.641,50321
2024-02-29 16:00:00+00:00,149.659,150.036,149.659,149.966,39738
2024-02-29 20:00:00+00:00,149.927,150.173,149.906,150.066,20144
2024-03-01 00:00:00+00:00,150.091,150.394,150.091,150.326,32417
2024-03-01 04:00:00+00:00,150.333,150.494,150.333,150.494,26437
2024-03-01 08:00:00+00:00,150.502,150.676,150.332,150.388,40391
2024-03-01 12:00:00+00:00,150.395,150.698,150.097,150.124,50178
2024-03-01 16:00:00+00:00,150.1,150.262,150.064,150.113,39781
2024-03-01 20:00:00+00:00,150.121,150.157,150.091,150.12,11650
2024-03-03 20:00:00+00:00,149.948,150.144,149.948,150.127,2012
2024-03-04 00:00:00+00:00,150.131,150.198,149.855,150.161,22140
2024-03-04 04:00:00+00:00,150.17,150.393,150.145,150.309,23584
2024-03-04 08:00:00+00:00,150.318,150.464,150.184,150.424,36636
2024-03-04 12:00:00+00:00,150.424,150.566,150.333,150.485,39600
2024-03-04 16:00:00+00:00,150.475,150.556,150.429,150.55,29735
2024-03-04 20:00:00+00:00,150.552,150.552,150.385,150.45,16351
2024-03-05 00:00:00+00:00,150.453,150.532,150.363,150.5,25724
2024-03-05 04:00:00+00:00,150.497,150.541,150.364,150.419,25293
2024-03-05 08:00:00+00:00,150.393,150.481,150.349,150.414,29761
2024-03-05 12:00:00+00:00,150.41,150.439,149.733,149.98,45349
2024-03-05 16:00:00+00:00,150.002,150.216,149.928,149.933,37603
2024-03-05 20:00:00+00:00,149.928,150.064,149.818,150.051,18892
2024-03-06 00:00:00+00:00,150.012,150.076,149.895,149.976,24564
2024-03-06 04:00:00+00:00,150.009,150.012,149.344,149.531,27367
2024-03-06 08:00:00+00:00,149.601,149.863,149.532,149.712,34759
2024-03-06 12:00:00+00:00,149.707,149.735,149.274,149.367,48525
2024-03-06 16:00:00+00:00,149.375,149.439,149.107,149.342,41099
2024-03-06 20:00:00+00:00,149.352,149.46,149.198,149.261,18619
2024-03-07 00:00:00+00:00,149.231,149.231,148.573,148.666,40700
2024-03-07 04:00:00+00:00,148.658,148.66,147.938,147.938,36039
2024-03-07 08:00:00+00:00,148.002,148.103,147.774,147.836,39250
2024-03-07 12:00:00+00:00,147.823,148.281,147.58,148.138,51863
2024-03-07 16:00:00+00:00,148.113,148.215,147.89,148.001,38591
2024-03-07 20:00:00+00:00,147.993,148.105,147.835,147.864,17374
2024-03-08 00:00:00+00:00,147.877,148.099,147.56,147.81,35246
2024-03-08 04:00:00+00:00,147.804,148.037,147.78,147.878,31768
2024-03-08 08:00:00+00:00,147.87,147.96,146.875,147.096,39459
2024-03-08 12:00:00+00:00,147.15,147.284,146.496,147.028,51169
2024-03-08 16:00:00+00:00,147.069,147.249,146.991,147.046,44419
2024-03-08 20:00:00+00:00,147.046,147.097,147.035,147.05,12241
2024-03-10 20:00:00+00:00,146.993,147.116,146.71,146.794,4376
2024-03-11 00:00:00+00:00,146.827,147.073,146.539,146.933,26900
2024-03-11 04:00:00+00:00,146.934,147.077,146.737,146.747,28267
2024-03-11 08:00:00+00:00,146.726,146.856,146.495,146.642,35956
2024-03-11 12:00:00+00:00,146.664,147.124,146.625,146.857,41241
2024-03-11 16:00:00+00:00,146.852,147.047,146.749,146.966,31344
2024-03-11 20:00:00+00:00,146.952,146.972,146.718,146.732,16945
2024-03-12 00:00:00+00:00,146.687,147.423,146.647,147.388,33289
2024-03-12 04:00:00+00:00,147.412,147.575,147.283,147.335,32738
2024-03-12 08:00:00+00:00,147.364,147.528,147.29,147.436,31184
2024-03-12 12:00:00+00:00,147.471,147.955,147.116,147.693,49526
2024-03-12 16:00:00+00:00,147.69,147.788,147.641,147.676,30935
2024-03-12 20:00:00+00:00,147.674,147.687,147.552,147.62,14196
2024-03-13 00:00:00+00:00,147.601,147.601,147.252,147.375,29519
2024-03-13 04:00:00+00:00,147.412,147.765,147.385,147.676,29654
2024-03-13 08:00:00+00:00,147.643,148.021,147.643,147.969,33762
2024-03-13 12:00:00+00:00,147.985,148.007,147.683,147.731,38998
2024-03-13 16:00:00+00:00,147.75,147.844,147.465,147.84,33475
2024-03-13 20:00:00+00:00,147.833,147.836,147.589,147.589,13928
2024-03-14 00:00:00+00:00,147.585,147.918,147.552,147.853,27734
2024-03-14 04:00:00+00:00,147.864,147.964,147.815,147.865,25630
2024-03-14 08:00:00+00:00,147.829,147.911,147.679,147.696,30187
2024-03-14 12:00:00+00:00,147.693,148.305,147.506,148.188,56446
2024-03-14 16:00:00+00:00,148.177,148.351,148.111,148.231,32200
2024-03-14 20:00:00+00:00,148.254,148.333,148.211,148.301,12585
2024-03-15 00:00:00+00:00,148.337,148.651,148.295,148.373,30244
2024-03-15 04:00:00+00:00,148.385,148.58,148.056,148.567,32135
2024-03-15 08:00:00+00:00,148.606,148.817,148.595,148.648,34797
2024-03-15 12:00:00+00:00,148.648,149.134,148.629,149.134,41610
2024-03-15 16:00:00+00:00,149.156,149.156,148.976,149.075,29506
2024-03-15 20:00:00+00:00,149.048,149.095,149.002,149.041,4542
2024-03-17 20:00:00+00:00,149.086,149.086,148.936,148.954,3895
2024-03-18 00:00:00+00:00,148.944,149.324,148.915,149.089,23928
2024-03-18 04:00:00+00:00,149.086,149.286,149.077,149.119,25170
2024-03-18 08:00:00+00:00,149.136,149.234,149.02,149.026,28397
2024-03-18 12:00:00+00:00,149.019,149.295,149.011,149.133,34847
2024-03-18 16:00:00+00:00,149.147,149.203,148.97,149.188,26964
2024-03-18 20:00:00+00:00,149.176,149.18,149.036,149.154,12556
2024-03-19 00:00:00+00:00,149.14,149.887,149.117,149.697,29877
2024-03-19 04:00:00+00:00,149.677,150.463,149.677,150.256,41798
2024-03-19 08:00:00+00:00,150.264,150.692,150.2,150.385,38606
2024-03-19 12:00:00+00:00,150.355,150.839,150.355,150.726,37175
2024-03-19 16:00:00+00:00,150.736,150.955,150.727,150.889,24035
2024-03-19 20:00:00+00:00,150.879,151.05,150.739,151.021,13737
2024-03-20 00:00:00+00:00,151.047,151.318,151.047,151.315,28752
2024-03-20 04:00:00+00:00,151.333,151.571,151.331,151.48,29180
2024-03-20 08:00:00+00:00,151.482,151.762,151.423,151.705,31238
2024-03-20 12:00:00+00:00,151.687,151.791,151.542,151.659,32414
2024-03-20 16:00:00+00:00,151.672,151.685,150.777,151.202,47203
2024-03-20 20:00:00+00:00,151.241,151.394,150.705,150.736,24811
2024-03-21 00:00:00+00:00,150.747,150.846,150.272,150.486,38489
2024-03-21 04:00:00+00:00,150.48,151.219,150.443,151.219,32283
2024-03-21 08:00:00+00:00,151.232,151.437,150.882,151.107,42021
2024-03-21 12:00:00+00:00,151.067,151.652,151.016,151.591,47135
2024-03-21 16:00:00+00:00,151.588,151.741,151.581,151.684,24046
2024-03-21 20:00:00+00:00,151.679,151.69,151.541,151.634,12502
2024-03-22 00:00:00+00:00,151.629,151.843,151.443,151.567,33651
2024-03-22 04:00:00+00:00,151.543,151.601,151.258,151.417,29929
2024-03-22 08:00:00+00:00,151.419,151.643,151.312,151.47,32192
2024-03-22 12:00:00+00:00,151.438,151.476,151.029,151.347,45383
2024-03-22 16:00:00+00:00,151.344,151.474,151.332,151.425,26898
2024-03-22 20:00:00+00:00,151.425,151.456,151.343,151.413,4320
2024-03-24 20:00:00+00:00,151.383,151.427,151.088,151.31,3691
2024-03-25 00:00:00+00:00,151.339,151.421,151.058,151.229,29289
2024-03-25 04:00:00+00:00,151.249,151.372,151.174,151.319,24403
2024-03-25 08:00:00+00:00,151.312,151.43,151.232,151.293,29811
2024-03-25 12:00:00+00:00,151.293,151.428,151.135,151.419,30475
2024-03-25 16:00:00+00:00,151.427,151.537,151.42,151.443,20966
2024-03-25 20:00:00+00:00,151.453,151.457,151.349,151.378,11370
2024-03-26 00:00:00+00:00,151.376,151.421,151.234,151.403,26289
2024-03-26 04:00:00+00:00,151.409,151.418,151.266,151.318,22970
2024-03-26 08:00:00+00:00,151.332,151.386,151.219,151.386,28632
2024-03-26 12:00:00+00:00,151.372,151.591,151.325,151.578,33246
2024-03-26 16:00:00+00:00,151.564,151.58,151.443,151.578,24419
2024-03-26 20:00:00+00:00,151.575,151.579,151.495,151.522,11962
2024-03-27 00:00:00+00:00,151.533,151.943,151.453,151.694,29092
2024-03-27 04:00:00+00:00,151.694,151.78,151.605,151.704,25344
2024-03-27 08:00:00+00:00,151.691,151.829,151.038,151.228,41644
2024-03-27 12:00:00+00:00,151.196,151.368,151.172,151.345,34096
2024-03-27 16:00:00+00:00,151.344,151.419,151.293,151.321,23854
2024-03-27 20:00:00+00:00,151.316,151.392,151.237,151.292,16288
2024-03-28 00:00:00+00:00,151.302,151.538,151.273,151.356,26859
2024-03-28 04:00:00+00:00,151.364,151.44,151.254,151.435,21849
2024-03-28 08:00:00+00:00,151.426,151.485,151.34,151.364,27324
2024-03-28 12:00:00+00:00,151.382,151.382,151.152,151.34,38886
2024-03-28 16:00:00+00:00,151.353,151.42,151.244,151.382,24323
2024-03-28 20:00:00+00:00,151.38,151.459,151.347,151.439,11697
2024-03-29 00:00:00+00:00,151.44,151.489,151.255,151.287,17362
2024-03-29 04:00:00+00:00,151.295,151.436,151.264,151.34,12523
2024-03-29 08:00:00+00:00,151.335,151.365,151.273,151.355,9342
2024-03-29 12:00:00+00:00,151.358,151.363,151.169,151.23,16003
2024-03-29 16:00:00+00:00,151.227,151.393,151.227,151.336,10706
2024-03-29 20:00:00+00:00,151.329,151.37,151.315,151.34,1544
2024-03-31 20:00:00+00:00,151.297,151.421,151.216,151.4,3916
2024-04-01 00:00:00+00:00,151.42,151.42,151.258,151.345,23017
2024-04-01 04:00:00+00:00,151.342,151.399,151.3,151.339,20134
2024-04-01 08:00:00+00:00,151.348,151.393,151.326,151.387,17205
2024-04-01 12:00:00+00:00,151.387,151.755,151.387,151.721,32118
2024-04-01 16:00:00+00:00,151.74,151.74,151.576,151.644,20819
2024-04-01 20:00:00+00:00,151.65,151.691,151.578,151.588,12126
2024-04-02 00:00:00+00:00,151.579,151.777,151.524,151.762,24577
2024-04-02 04:00:00+00:00,151.747,151.787,151.662,151.667,24784
2024-04-02 08:00:00+00:00,151.662,151.711,151.557,151.651,25824
2024-04-02 12:00:00+00:00,151.648,151.713,151.478,151.547,32625
2024-04-02 16:00:00+00:00,151.547,151.612,151.539,151.567,16791
2024-04-02 20:00:00+00:00,151.569,151.594,151.497,151.543,11890
2024-04-03 00:00:00+00:00,151.509,151.634,151.459,151.56,21812
2024-04-03 04:00:00+00:00,151.558,151.731,151.534,151.677,20883
2024-04-03 08:00:00+00:00,151.681,151.79,151.679,151.77,22679
2024-04-03 12:00:00+00:00,151.765,151.948,151.676,151.676,38461
2024-04-03 16:00:00+00:00,151.679,151.72,151.578,151.679,23457
2024-04-03 20:00:00+00:00,151.675,151.7,151.567,151.58,12858
2024-04-04 00:00:00+00:00,151.575,151.718,151.541,151.667,21397
2024-04-04 04:00:00+00:00,151.67,151.737,151.607,151.685,23271
2024-04-04 08:00:00+00:00,151.694,151.755,151.664,151.74,20972
2024-04-04 12:00:00+00:00,151.741,151.763,151.512,151.66,31272
2024-04-04 16:00:00+00:00,151.664,151.681,151.126,151.23,31127
2024-04-04 20:00:00+00:00,151.251,151.345,151.187,151.295,20884
2024-04-05 00:00:00+00:00,151.289,151.326,150.854,151.26,33148
2024-04-05 04:00:00+00:00,151.275,151.345,151.099,151.335,25950
2024-04-05 08:00:00+00:00,151.358,151.448,151.309,151.371,24918
2024-04-05 12:00:00+00:00,151.38,151.742,151.27,151.589,44732
2024-04-05 16:00:00+00:00,151.575,151.643,151.532,151.643,24367
2024-04-05 20:00:00+00:00,151.643,151.643,151.579,151.6,3240
2024-04-07 20:00:00+00:00,151.662,151.708,151.621,151.677,3547
2024-04-08 00:00:00+00:00,151.692,151.793,151.677,151.77,26387
2024-04-08 04:00:00+00:00,151.769,151.872,151.752,151.868,23607
2024-04-08 08:00:00+00:00,151.871,151.919,151.825,151.916,22553
2024-04-08 12:00:00+00:00,151.916,151.933,151.725,151.784,30174
2024-04-08 16:00:00+00:00,151.783,151.842,151.716,151.833,17585
2024-04-08 20:00:00+00:00,151.84,151.854,151.735,151.831,10843
2024-04-09 00:00:00+00:00,151.827,151.919,151.79,151.85,21207
2024-04-09 04:00:00+00:00,151.854,151.93,151.851,151.902,18256
2024-04-09 08:00:00+00:00,151.903,151.907,151.755,151.825,23522
2024-04-09 12:00:00+00:00,151.829,151.829,151.578,151.73,33029
2024-04-09 16:00:00+00:00,151.725,151.778,151.657,151.737,21805
2024-04-09 20:00:00+00:00,151.75,151.783,151.64,151.777,10526
2024-04-10 00:00:00+00:00,151.761,151.78,151.683,151.755,24264
2024-04-10 04:00:00+00:00,151.753,151.839,151.744,151.839,19704
2024-04-10 08:00:00+00:00,151.834,151.872,151.811,151.834,12500
2024-04-10 12:00:00+00:00,152.058,152.924,152.058,152.901,39524
2024-04-10 16:00:00+00:00,152.906,152.972,152.643,152.956,36706
2024-04-10 20:00:00+00:00,152.96,153.174,152.8,152.949,17594
2024-04-11 00:00:00+00:00,152.975,152.978,152.767,152.941,27633
2024-04-11 04:00:00+00:00,152.95,153.204,152.861,153.135,27050
2024-04-11 08:00:00+00:00,153.129,153.272,153.025,153.086,30879
2024-04-11 12:00:00+00:00,153.062,153.309,152.829,153.191,46850
2024-04-11 16:00:00+00:00,153.224,153.297,153.105,153.2,29401
2024-04-11 20:00:00+00:00,153.213,153.273,153.164,153.191,11855
2024-04-12 00:00:00+00:00,153.229,153.274,152.969,153.202,26371
2024-04-12 04:00:00+00:00,153.212,153.38,153.135,153.245,26989
2024-04-12 08:00:00+00:00,153.245,153.348,153.16,153.16,28556
2024-04-12 12:00:00+00:00,153.153,153.176,152.617,153.118,47931
2024-04-12 16:00:00+00:00,153.101,153.237,153.046,153.229,32189
2024-04-12 20:00:00+00:00,153.241,153.287,153.11,153.27,4394
2024-04-14 20:00:00+00:00,153.156,153.302,153.108,153.302,4318
2024-04-15 00:00:00+00:00,153.298,153.73,153.286,153.671,26750
2024-04-15 04:00:00+00:00,153.679,153.958,153.679,153.903,31229
2024-04-15 08:00:00+00:00,153.919,153.94,153.724,153.913,30491
2024-04-15 12:00:00+00:00,153.899,154.435,153.892,154.257,46464
2024-04-15 16:00:00+00:00,154.267,154.306,154.118,154.22,32492
2024-04-15 20:00:00+00:00,154.235,154.27,154.142,154.227,13160
2024-04-16 00:00:00+00:00,154.193,154.412,154.148,154.349,28783
2024-04-16 04:00:00+00:00,154.34,154.591,154.242,154.39,29803
2024-04-16 08:00:00+00:00,154.398,154.694,154.383,154.619,28889
2024-04-16 12:00:00+00:00,154.621,154.761,154.323,154.569,42812
2024-04-16 16:00:00+00:00,154.541,154.778,154.541,154.624,34240
2024-04-16 20:00:00+00:00,154.643,154.728,154.635,154.699,14093
2024-04-17 00:00:00+00:00,154.699,154.728,154.605,154.645,22883
2024-04-17 04:00:00+00:00,154.647,154.671,154.464,154.609,26779
2024-04-17 08:00:00+00:00,154.612,154.649,154.47,154.626,26045
2024-04-17 12:00:00+00:00,154.629,154.702,154.521,154.611,33534
2024-04-17 16:00:00+00:00,154.597,154.598,154.169,154.334,36449
2024-04-17 20:00:00+00:00,154.31,154.397,154.206,154.338,13693
2024-04-18 00:00:00+00:00,154.335,154.392,153.998,154.235,29476
2024-04-18 04:00:00+00:00,154.246,154.344,154.07,154.266,25803
2024-04-18 08:00:00+00:00,154.273,154.505,154.266,154.373,26236
2024-04-18 12:00:00+00:00,154.391,154.641,154.329,154.611,40680
2024-04-18 16:00:00+00:00,154.614,154.674,154.552,154.616,22692
2024-04-18 20:00:00+00:00,154.618,154.671,154.537,154.608,12686
2024-04-19 00:00:00+00:00,154.614,154.661,153.617,154.305,51737
2024-04-19 04:00:00+00:00,154.336,154.516,154.226,154.473,39519
2024-04-19 08:00:00+00:00,154.454,154.605,154.351,154.597,30000
2024-04-19 12:00:00+00:00,154.593,154.623,154.459,154.547,35885
2024-04-19 16:00:00+00:00,154.563,154.635,154.551,154.601,24256
2024-04-19 20:00:00+00:00,154.608,154.646,154.608,154.62,4430
2024-04-21 20:00:00+00:00,154.671,154.671,154.497,154.632,2928
2024-04-22 00:00:00+00:00,154.635,154.724,154.589,154.686,24799
2024-04-22 04:00:00+00:00,154.695,154.756,154.599,154.654,24148
2024-04-22 08:00:00+00:00,154.651,154.776,154.627,154.763,23204
2024-04-22 12:00:00+00:00,154.759,154.783,154.692,154.77,27372
2024-04-22 16:00:00+00:00,154.765,154.843,154.758,154.831,18519
2024-04-22 20:00:00+00:00,154.828,154.842,154.771,154.814,9783
2024-04-23 00:00:00+00:00,154.822,154.822,154.669,154.751,22912
2024-04-23 04:00:00+00:00,154.741,154.847,154.719,154.818,23284
2024-04-23 08:00:00+00:00,154.826,154.855,154.765,154.799,22870
2024-04-23 12:00:00+00:00,154.812,154.87,154.592,154.816,34815
2024-04-23 16:00:00+00:00,154.809,154.83,154.593,154.817,23274
2024-04-23 20:00:00+00:00,154.817,154.832,154.732,154.746,11743
2024-04-24 00:00:00+00:00,154.756,154.851,154.739,154.848,20532
2024-04-24 04:00:00+00:00,154.85,154.943,154.827,154.884,21052
2024-04-24 08:00:00+00:00,154.908,154.941,154.869,154.925,19142
2024-04-24 12:00:00+00:00,154.93,155.124,154.86,155.111,23199
2024-04-24 16:00:00+00:00,155.108,155.347,155.061,155.287,20809
2024-04-24 20:00:00+00:00,155.296,155.359,155.188,155.268,11007
2024-04-25 00:00:00+00:00,155.283,155.481,155.26,155.458,20951
2024-04-25 04:00:00+00:00,155.454,155.725,155.449,155.626,24846
2024-04-25 08:00:00+00:00,155.625,155.69,155.493,155.555,22633
2024-04-25 12:00:00+00:00,155.546,155.735,155.439,155.517,43438
2024-04-25 16:00:00+00:00,155.542,155.635,155.481,155.628,26055
2024-04-25 20:00:00+00:00,155.615,155.65,155.541,155.619,11638
2024-04-26 00:00:00+00:00,155.629,156.128,155.496,155.94,23920
2024-04-26 04:00:00+00:00,156.006,156.808,155.932,156.7,30333
2024-04-26 08:00:00+00:00,156.202,156.853,155.582,156.813,34257
2024-04-26 12:00:00+00:00,156.774,157.667,156.774,157.612,43699
2024-04-26 16:00:00+00:00,157.644,157.886,157.584,157.883,20354
2024-04-26 20:00:00+00:00,157.907,158.391,157.856,158.05,5078
2024-04-28 20:00:00+00:00,157.795,158.335,157.795,158.193,3174
2024-04-29 00:00:00+00:00,158.18,159.956,158.057,159.397,28235
2024-04-29 04:00:00+00:00,159.407,159.559,154.542,155.573,49620
2024-04-29 08:00:00+00:00,155.618,156.357,155.195,156.225,31664
2024-04-29 12:00:00+00:00,156.267,156.877,156.131,156.711,32684
2024-04-29 16:00:00+00:00,156.729,156.729,155.103,156.032,27823
2024-04-29 20:00:00+00:00,156.023,156.374,156.023,156.329,13389
2024-04-30 00:00:00+00:00,156.268,156.96,156.204,156.732,27675
2024-04-30 04:00:00+00:00,156.748,156.937,156.719,156.864,25381
2024-04-30 08:00:00+00:00,156.874,156.944,156.823,156.944,23463
2024-04-30 12:00:00+00:00,156.926,157.559,156.926,157.543,36752
2024-04-30 16:00:00+00:00,157.502,157.741,157.429,157.699,17669
2024-04-30 20:00:00+00:00,157.704,157.85,157.638,157.741,12815
2024-05-01 00:00:00+00:00,157.702,157.935,157.702,157.927,17751
2024-05-01 04:00:00+00:00,157.91,157.982,157.85,157.877,10251
2024-05-01 08:00:00+00:00,157.884,157.972,157.859,157.871,13829
2024-05-01 12:00:00+00:00,157.859,157.914,157.402,157.638,26847
2024-05-01 16:00:00+00:00,157.649,157.658,157.025,157.476,30032
2024-05-01 20:00:00+00:00,157.519,157.579,153.088,155.263,12989
2024-05-02 00:00:00+00:00,156.116,156.116,155.721,155.943,12106
2024-05-02 04:00:00+00:00,155.891,156.048,155.214,155.492,30121
2024-05-02 08:00:00+00:00,155.464,155.523,154.717,154.738,27730
2024-05-02 12:00:00+00:00,154.787,154.841,153.496,153.778,42281
2024-05-02 16:00:00+00:00,153.837,153.907,153.054,153.188,28899
2024-05-02 20:00:00+00:00,153.213,153.734,152.878,153.137,13638
2024-05-03 00:00:00+00:00,153.071,153.41,152.757,153.007,26589
2024-05-03 04:00:00+00:00,153.006,153.304,152.82,153.294,22703
2024-05-03 08:00:00+00:00,153.264,153.306,152.963,153.201,25795
2024-05-03 12:00:00+00:00,153.2,153.303,151.885,152.854,48429
2024-05-03 16:00:00+00:00,152.871,152.969,152.757,152.884,21659
2024-05-03 20:00:00+00:00,152.89,153.053,152.848,153.053,2996
2024-05-05 20:00:00+00:00,153.04,153.673,152.78,153.651,2811
2024-05-06 00:00:00+00:00,153.68,153.953,153.325,153.91,23699
2024-05-06 04:00:00+00:00,153.926,153.971,153.666,153.799,20689
2024-05-06 08:00:00+00:00,153.823,153.87,153.679,153.747,20373
2024-05-06 12:00:00+00:00,153.736,153.985,153.41,153.851,26530
2024-05-06 16:00:00+00:00,153.836,153.961,153.817,153.934,20678
2024-05-06 20:00:00+00:00,153.929,153.946,153.848,153.875,3788
2024-05-07 00:00:00+00:00,154.085,154.573,153.884,154.549,22014
2024-05-07 04:00:00+00:00,154.55,154.642,154.082,154.114,22780
2024-05-07 08:00:00+00:00,154.098,154.621,153.999,154.524,24155
2024-05-07 12:00:00+00:00,154.531,154.607,154.251,154.582,27923
2024-05-07 16:00:00+00:00,154.584,154.74,154.467,154.635,20188
2024-05-07 20:00:00+00:00,154.655,154.831,154.581,154.773,10298
2024-05-08 00:00:00+00:00,154.828,155.258,154.694,155.158,23139
2024-05-08 04:00:00+00:00,155.159,155.343,155.086,155.326,21651
2024-05-08 08:00:00+00:00,155.34,155.513,155.26,155.488,23467
2024-05-08 12:00:00+00:00,155.5,155.65,155.414,155.423,25649
2024-05-08 16:00:00+00:00,155.432,155.655,155.432,155.63,18027
2024-05-08 20:00:00+00:00,155.615,155.642,155.369,155.377,10452
2024-05-09 00:00:00+00:00,155.392,155.658,155.221,155.548,22458
2024-05-09 04:00:00+00:00,155.55,155.835,155.538,155.821,18137
2024-05-09 08:00:00+00:00,155.835,155.947,155.808,155.877,19335
2024-05-09 12:00:00+00:00,155.871,155.911,155.476,155.681,30056
2024-05-09 16:00:00+00:00,155.68,155.703,155.408,155.424,19360
2024-05-09 20:00:00+00:00,155.433,155.539,155.262,155.393,9940
2024-05-10 00:00:00+00:00,155.395,155.76,155.381,155.727,20185
2024-05-10 04:00:00+00:00,155.729,155.764,155.52,155.684,19505
2024-05-10 08:00:00+00:00,155.697,155.766,155.622,155.74,20235
2024-05-10 12:00:00+00:00,155.736,155.887,155.605,155.853,28030
2024-05-10 16:00:00+00:00,155.87,155.887,155.75,155.771,16395
2024-05-10 20:00:00+00:00,155.782,155.795,155.735,155.772,2525
2024-05-12 20:00:00+00:00,155.632,155.85,155.632,155.828,2364
2024-05-13 00:00:00+00:00,155.826,155.94,155.601,155.756,18442
2024-05-13 04:00:00+00:00,155.757,155.92,155.754,155.881,17305
2024-05-13 08:00:00+00:00,155.877,155.91,155.825,155.874,18116
2024-05-13 12:00:00+00:00,155.859,156.21,155.699,156.171,23849
2024-05-13 16:00:00+00:00,156.163,156.246,156.141,156.213,15417
2024-05-13 20:00:00+00:00,156.208,156.275,156.174,156.227,8736
2024-05-14 00:00:00+00:00,156.234,156.471,156.234,156.41,17211
2024-05-14 04:00:00+00:00,156.415,156.529,156.374,156.461,14761
2024-05-14 08:00:00+00:00,156.46,156.484,156.284,156.45,15445
2024-05-14 12:00:00+00:00,156.439,156.671,156.277,156.503,30017
2024-05-14 16:00:00+00:00,156.504,156.531,156.39,156.46,14541
2024-05-14 20:00:00+00:00,156.45,156.518,156.397,156.517,8006
2024-05-15 00:00:00+00:00,156.531,156.553,156.311,156.393,16384
2024-05-15 04:00:00+00:00,156.378,156.382,155.971,156.096,20167
2024-05-15 08:00:00+00:00,156.103,156.115,155.586,155.673,24520
2024-05-15 12:00:00+00:00,155.651,155.79,154.759,155.023,44235
2024-05-15 16:00:00+00:00,155.061,155.12,154.692,154.965,24159
2024-05-15 20:00:00+00:00,154.952,154.952,154.147,154.297,15181
2024-05-16 00:00:00+00:00,154.397,154.497,153.604,153.966,34130
2024-05-16 04:00:00+00:00,153.965,154.444,153.816,154.412,26536
2024-05-16 08:00:00+00:00,154.39,154.942,154.346,154.875,25236
2024-05-16 12:00:00+00:00,154.887,155.514,154.777,155.249,34111
2024-05-16 16:00:00+00:00,155.305,155.418,155.209,155.413,19577
2024-05-16 20:00:00+00:00,155.396,155.424,155.315,155.396,9535
2024-05-17 00:00:00+00:00,155.375,155.921,155.358,155.791,22164
2024-05-17 04:00:00+00:00,155.814,155.85,155.604,155.819,18747
2024-05-17 08:00:00+00:00,155.828,155.975,155.775,155.851,18202
2024-05-17 12:00:00+00:00,155.841,155.882,155.27,155.573,26848
2024-05-17 16:00:00+00:00,155.556,155.683,155.478,155.673,17820
2024-05-17 20:00:00+00:00,155.666,155.705,155.645,155.67,3001
2024-05-19 20:00:00+00:00,155.524,155.818,155.498,155.762,3016
2024-05-20 00:00:00+00:00,155.769,155.932,155.68,155.722,17853
2024-05-20 04:00:00+00:00,155.732,155.791,155.514,155.727,19140
2024-05-20 08:00:00+00:00,155.71,155.78,155.635,155.747,16721
2024-05-20 12:00:00+00:00,155.733,156.214,155.733,156.091,27331
2024-05-20 16:00:00+00:00,156.08,156.292,156.048,156.287,13819
2024-05-20 20:00:00+00:00,156.271,156.4,156.179,156.4,8496
2024-05-21 00:00:00+00:00,156.396,156.494,156.345,156.473,19793
2024-05-21 04:00:00+00:00,156.481,156.524,156.037,156.234,22812
2024-05-21 08:00:00+00:00,156.209,156.313,156.081,156.225,21136
2024-05-21 12:00:00+00:00,156.252,156.395,155.871,156.079,31694
2024-05-21 16:00:00+00:00,156.077,156.248,156.077,156.164,16045
2024-05-21 20:00:00+00:00,156.175,156.266,156.115,156.266,8160
2024-05-22 00:00:00+00:00,156.253,156.338,156.147,156.308,17978
2024-05-22 04:00:00+00:00,156.305,156.458,156.281,156.4,18108
2024-05-22 08:00:00+00:00,156.399,156.605,156.387,156.582,20214
2024-05-22 12:00:00+00:00,156.566,156.595,156.349,156.5,27125
2024-05-22 16:00:00+00:00,156.5,156.718,156.451,156.703,19376
2024-05-22 20:00:00+00:00,156.709,156.831,156.658,156.732,10775
2024-05-23 00:00:00+00:00,156.733,156.878,156.657,156.752,18107
2024-05-23 04:00:00+00:00,156.765,156.783,156.567,156.747,18838
2024-05-23 08:00:00+00:00,156.741,156.79,156.576,156.586,19702
2024-05-23 12:00:00+00:00,156.584,157.163,156.529,157.054,35236
2024-05-23 16:00:00+00:00,157.039,157.061,156.83,156.874,19756
2024-05-23 20:00:00+00:00,156.879,157.006,156.863,156.99,9743
2024-05-24 00:00:00+00:00,156.935,157.137,156.933,157.052,18506
2024-05-24 04:00:00+00:00,157.041,157.112,157.0,157.045,16589
2024-05-24 08:00:00+00:00,157.025,157.082,156.933,157.025,17022
2024-05-24 12:00:00+00:00,157.026,157.118,156.871,156.903,25829
2024-05-24 16:00:00+00:00,156.904,156.986,156.831,156.927,14968
2024-05-24 20:00:00+00:00,156.926,156.994,156.899,156.994,2061
2024-05-26 20:00:00+00:00,156.967,156.967,156.789,156.86,2771
2024-05-27 00:00:00+00:00,156.841,156.922,156.676,156.7,15386
2024-05-27 04:00:00+00:00,156.707,156.955,156.699,156.905,14313
2024-05-27 08:00:00+00:00,156.905,156.946,156.818,156.873,11799
2024-05-27 12:00:00+00:00,156.863,156.888,156.707,156.865,14549
2024-05-27 16:00:00+00:00,156.867,156.91,156.84,156.876,7358
2024-05-27 20:00:00+00:00,156.882,156.946,156.818,156.835,7290
2024-05-28 00:00:00+00:00,156.827,156.907,156.626,156.654,17909
2024-05-28 04:00:00+00:00,156.652,156.91,156.627,156.891,17617
2024-05-28 08:00:00+00:00,156.884,156.99,156.775,156.805,18418
2024-05-28 12:00:00+00:00,156.783,156.954,156.612,156.9,25557
2024-05-28 16:00:00+00:00,156.904,157.149,156.88,157.133,17555
2024-05-28 20:00:00+00:00,157.138,157.28,157.109,157.273,8293
2024-05-29 00:00:00+00:00,157.274,157.388,157.208,157.309,17589
2024-05-29 04:00:00+00:00,157.325,157.339,157.017,157.146,19819
2024-05-29 08:00:00+00:00,157.104,157.285,157.07,157.266,21311
2024-05-29 12:00:00+00:00,157.256,157.636,157.157,157.627,27596
2024-05-29 16:00:00+00:00,157.639,157.704,157.621,157.685,16673
2024-05-29 20:00:00+00:00,157.687,157.696,157.569,157.627,9322
2024-05-30 00:00:00+00:00,157.606,157.606,157.266,157.375,19570
2024-05-30 04:00:00+00:00,157.358,157.369,156.546,156.966,27330
2024-05-30 08:00:00+00:00,156.977,157.101,156.693,156.727,24693
2024-05-30 12:00:00+00:00,156.724,156.847,156.427,156.639,34191
2024-05-30 16:00:00+00:00,156.644,156.848,156.643,156.839,15971
2024-05-30 20:00:00+00:00,156.839,156.985,156.747,156.985,9856
2024-05-31 00:00:00+00:00,156.993,157.005,156.575,156.803,25134
2024-05-31 04:00:00+00:00,156.803,157.142,156.673,157.139,23520
2024-05-31 08:00:00+00:00,157.144,157.36,157.064,157.166,22533
2024-05-31 12:00:00+00:00,157.174,157.258,156.57,157.185,37328
2024-05-31 16:00:00+00:00,157.212,157.34,157.152,157.263,19674
2024-05-31 20:00:00+00:00,157.256,157.333,157.233,157.267,3422
2024-06-02 20:00:00+00:00,157.135,157.323,157.126,157.18,3075
2024-06-03 00:00:00+00:00,157.203,157.442,157.004,157.42,19658
2024-06-03 04:00:00+00:00,157.404,157.451,157.132,157.135,19721
2024-06-03 08:00:00+00:00,157.103,157.146,156.644,156.856,26188
2024-06-03 12:00:00+00:00,156.886,156.931,155.973,156.038,36352
2024-06-03 16:00:00+00:00,156.041,156.28,156.036,156.232,22462
2024-06-03 20:00:00+00:00,156.233,156.236,156.002,156.088,11091
2024-06-04 00:00:00+00:00,156.003,156.481,156.003,156.387,22136
2024-06-04 04:00:00+00:00,156.4,156.411,155.376,155.386,26104
2024-06-04 08:00:00+00:00,155.357,155.464,154.705,154.864,38105
2024-06-04 12:00:00+00:00,154.846,155.221,154.601,154.869,41827
2024-06-04 16:00:00+00:00,154.829,154.862,154.548,154.767,23427
2024-06-04 20:00:00+00:00,154.783,155.159,154.769,155.113,9335
2024-06-05 00:00:00+00:00,155.164,155.586,155.164,155.484,24559
2024-06-05 04:00:00+00:00,155.507,156.171,155.446,156.14,24578
2024-06-05 08:00:00+00:00,156.15,156.287,155.98,156.143,24207
2024-06-05 12:00:00+00:00,156.142,156.475,155.74,156.208,40499
2024-06-05 16:00:00+00:00,156.226,156.239,156.071,156.083,20847
2024-06-05 20:00:00+00:00,156.087,156.154,155.807,155.913,11479
2024-06-06 00:00:00+00:00,155.892,155.898,155.407,155.564,24474
2024-06-06 04:00:00+00:00,155.572,156.294,155.572,156.278,24913
2024-06-06 08:00:00+00:00,156.269,156.377,155.901,156.191,23440
2024-06-06 12:00:00+00:00,156.17,156.392,155.918,155.977,37133
2024-06-06 16:00:00+00:00,155.988,156.055,155.488,155.606,22466
2024-06-06 20:00:00+00:00,155.614,155.704,155.55,155.675,10716
2024-06-07 00:00:00+00:00,155.71,155.918,155.611,155.75,21174
2024-06-07 04:00:00+00:00,155.749,155.751,155.142,155.415,24851
2024-06-07 08:00:00+00:00,155.454,155.606,155.313,155.587,24147
2024-06-07 12:00:00+00:00,155.619,157.066,155.54,156.594,43601
2024-06-07 16:00:00+00:00,156.557,156.75,156.517,156.746,24108
2024-06-07 20:00:00+00:00,156.749,156.761,156.644,156.644,3605
2024-06-09 20:00:00+00:00,156.8,156.92,156.691,156.824,3913
2024-06-10 00:00:00+00:00,156.848,157.186,156.723,157.15,21444
2024-06-10 04:00:00+00:00,157.158,157.174,156.944,156.999,24803
2024-06-10 08:00:00+00:00,157.029,157.029,156.745,156.88,26077
2024-06-10 12:00:00+00:00,156.882,157.0,156.8,156.934,25991
2024-06-10 16:00:00+00:00,156.931,157.091,156.918,157.011,18784
2024-06-10 20:00:00+00:00,157.003,157.07,156.956,157.04,10109
2024-06-11 00:00:00+00:00,157.058,157.32,157.058,157.219,18675
2024-06-11 04:00:00+00:00,157.223,157.36,157.2,157.339,18833
2024-06-11 08:00:00+00:00,157.325,157.388,157.049,157.101,24961
2024-06-11 12:00:00+00:00,157.089,157.379,156.811,157.322,32344
2024-06-11 16:00:00+00:00,157.325,157.386,156.933,157.085,19643
2024-06-11 20:00:00+00:00,157.071,157.172,157.054,157.113,8900
2024-06-12 00:00:00+00:00,157.126,157.205,157.061,157.177,19204
2024-06-12 04:00:00+00:00,157.179,157.349,157.129,157.263,16962
2024-06-12 08:00:00+00:00,157.264,157.365,157.251,157.332,18183
2024-06-12 12:00:00+00:00,157.344,157.345,155.729,155.881,44140
2024-06-12 16:00:00+00:00,155.889,156.861,155.73,156.835,35540
2024-06-12 20:00:00+00:00,156.845,156.886,156.559,156.797,13502
2024-06-13 00:00:00+00:00,156.788,157.045,156.714,157.005,23536
2024-06-13 04:00:00+00:00,157.001,157.297,156.992,157.269,20969
2024-06-13 08:00:00+00:00,157.273,157.297,157.124,157.208,19355
2024-06-13 12:00:00+00:00,157.215,157.256,156.587,156.771,39335
2024-06-13 16:00:00+00:00,156.749,157.059,156.704,157.056,23761
2024-06-13 20:00:00+00:00,157.073,157.137,156.952,157.12,10356
2024-06-14 00:00:00+00:00,157.136,157.959,157.04,157.82,24718
2024-06-14 04:00:00+00:00,157.841,158.243,157.667,157.667,32454
2024-06-14 08:00:00+00:00,157.746,157.748,156.9,157.062,43165
2024-06-14 12:00:00+00:00,157.073,157.465,156.952,157.286,40393
2024-06-14 16:00:00+00:00,157.302,157.342,157.228,157.303,18265
2024-06-14 20:00:00+00:00,157.287,157.426,157.286,157.31,2885
2024-06-16 20:00:00+00:00,157.33,157.632,157.316,157.552,3889
2024-06-17 00:00:00+00:00,157.492,157.526,157.301,157.364,18389
2024-06-17 04:00:00+00:00,157.387,157.549,157.17,157.549,21750
2024-06-17 08:00:00+00:00,157.578,157.856,157.552,157.845,21050
2024-06-17 12:00:00+00:00,157.857,157.953,157.782,157.806,26242
2024-06-17 16:00:00+00:00,157.803,157.81,157.679,157.726,15699
2024-06-17 20:00:00+00:00,157.73,157.738,157.629,157.697,7957
2024-06-18 00:00:00+00:00,157.682,157.718,157.521,157.638,17686
2024-06-18 04:00:00+00:00,157.638,158.124,157.578,158.123,19171
2024-06-18 08:00:00+00:00,158.147,158.228,158.0,158.082,19849
2024-06-18 12:00:00+00:00,158.067,158.106,157.624,157.809,33621
2024-06-18 16:00:00+00:00,157.821,157.892,157.658,157.86,19609
2024-06-18 20:00:00+00:00,157.863,157.878,157.791,157.858,8272
2024-06-19 00:00:00+00:00,157.881,157.92,157.731,157.856,14707
2024-06-19 04:00:00+00:00,157.856,157.864,157.612,157.742,16557
2024-06-19 08:00:00+00:00,157.746,157.902,157.731,157.901,13622
2024-06-19 12:00:00+00:00,157.916,157.944,157.869,157.928,12291
2024-06-19 16:00:00+00:00,157.932,158.039,157.891,158.005,6373
2024-06-19 20:00:00+00:00,158.008,158.086,157.927,157.955,8449
2024-06-20 00:00:00+00:00,157.966,158.13,157.966,158.081,14626
2024-06-20 04:00:00+00:00,158.086,158.27,158.071,158.27,14803
2024-06-20 08:00:00+00:00,158.282,158.464,158.282,158.428,16370
2024-06-20 12:00:00+00:00,158.435,158.774,158.27,158.774,19830
2024-06-20 16:00:00+00:00,158.761,158.903,158.696,158.903,13600
2024-06-20 20:00:00+00:00,158.868,158.99,158.823,158.937,8565
2024-06-21 00:00:00+00:00,158.957,159.11,158.834,158.881,13787
2024-06-21 04:00:00+00:00,158.891,158.994,158.695,158.772,14600
2024-06-21 08:00:00+00:00,158.8,159.013,158.685,158.896,14813
2024-06-21 12:00:00+00:00,158.899,159.604,158.853,159.45,21336
2024-06-21 16:00:00+00:00,159.471,159.603,159.42,159.603,13622
2024-06-21 20:00:00+00:00,159.594,159.815,159.571,159.746,2505
2024-06-23 20:00:00+00:00,159.668,159.896,159.654,159.896,3771
2024-06-24 00:00:00+00:00,159.913,159.913,159.621,159.699,17310
2024-06-24 04:00:00+00:00,159.694,159.809,159.651,159.688,17945
2024-06-24 08:00:00+00:00,159.693,159.784,159.048,159.461,27160
2024-06-24 12:00:00+00:00,159.511,159.743,159.326,159.706,27318
2024-06-24 16:00:00+00:00,159.704,159.746,159.543,159.639,15917
2024-06-24 20:00:00+00:00,159.637,159.702,159.563,159.699,10209
2024-06-25 00:00:00+00:00,159.67,159.67,159.247,159.478,22250
2024-06-25 04:00:00+00:00,159.47,159.543,159.293,159.484,18251
2024-06-25 08:00:00+00:00,159.497,159.516,159.298,159.459,18273
2024-06-25 12:00:00+00:00,159.45,159.749,159.429,159.682,24599
2024-06-25 16:00:00+00:00,159.688,159.744,159.602,159.62,15211
2024-06-25 20:00:00+00:00,159.624,159.703,159.612,159.703,9130
2024-06-26 00:00:00+00:00,159.675,159.868,159.663,159.832,17334
2024-06-26 04:00:00+00:00,159.83,159.921,159.74,159.894,15581
2024-06-26 08:00:00+00:00,159.896,160.38,159.872,160.301,25470
2024-06-26 12:00:00+00:00,160.317,160.805,160.107,160.673,33928
2024-06-26 16:00:00+00:00,160.675,160.839,160.591,160.787,18581
2024-06-26 20:00:00+00:00,160.775,160.865,160.597,160.628,9843
2024-06-27 00:00:00+00:00,160.618,160.708,160.385,160.428,20898
2024-06-27 04:00:00+00:00,160.421,160.557,160.315,160.548,20285
2024-06-27 08:00:00+00:00,160.552,160.597,160.405,160.545,18059
2024-06-27 12:00:00+00:00,160.5,160.724,160.316,160.698,29894
2024-06-27 16:00:00+00:00,160.703,160.817,160.67,160.817,15129
2024-06-27 20:00:00+00:00,160.8,160.8,160.662,160.696,9575
2024-06-28 00:00:00+00:00,160.696,161.238,160.657,160.984,26597
2024-06-28 04:00:00+00:00,160.996,161.119,160.836,160.924,21376
2024-06-28 08:00:00+00:00,160.9,160.954,160.441,160.646,23984
2024-06-28 12:00:00+00:00,160.617,160.944,160.277,160.883,36923
2024-06-28 16:00:00+00:00,160.88,160.896,160.703,160.858,19714
2024-06-28 20:00:00+00:00,160.891,160.932,160.856,160.874,3204
2024-06-30 20:00:00+00:00,160.694,160.922,160.694,160.92,3712
2024-07-01 00:00:00+00:00,160.909,161.178,160.818,161.052,21251
2024-07-01 04:00:00+00:00,161.044,161.118,160.883,161.01,20516
2024-07-01 08:00:00+00:00,161.046,161.141,160.953,161.101,17881
2024-07-01 12:00:00+00:00,161.114,161.715,161.113,161.555,30256
2024-07-01 16:00:00+00:00,161.563,161.589,161.407,161.469,11550
2024-07-01 20:00:00+00:00,161.45,161.567,161.399,161.506,7572
2024-07-02 00:00:00+00:00,161.542,161.676,161.463,161.661,18951
2024-07-02 04:00:00+00:00,161.659,161.73,161.602,161.654,19311
2024-07-02 08:00:00+00:00,161.658,161.692,161.557,161.62,16894
2024-07-02 12:00:00+00:00,161.601,161.602,161.284,161.531,28302
2024-07-02 16:00:00+00:00,161.548,161.597,161.423,161.452,12705
2024-07-02 20:00:00+00:00,161.442,161.522,161.396,161.495,8845
2024-07-03 00:00:00+00:00,161.453,161.649,161.453,161.629,14683
2024-07-03 04:00:00+00:00,161.621,161.938,161.612,161.768,19215
2024-07-03 08:00:00+00:00,161.773,161.942,161.772,161.919,5116
2024-07-03 12:00:00+00:00,161.919,161.921,160.87,161.474,36254
2024-07-03 16:00:00+00:00,161.453,161.725,161.399,161.697,17041
2024-07-03 20:00:00+00:00,161.712,161.737,161.536,161.586,8033
2024-07-04 00:00:00+00:00,161.56,161.575,161.161,161.531,19504
2024-07-04 04:00:00+00:00,161.53,161.557,161.268,161.281,16068
2024-07-04 08:00:00+00:00,161.28,161.325,160.956,160.993,18195
2024-07-04 12:00:00+00:00,160.984,161.192,160.955,161.138,17793
2024-07-04 16:00:00+00:00,161.133,161.249,161.111,161.216,8872
2024-07-04 20:00:00+00:00,161.242,161.394,161.18,161.358,9535
2024-07-05 00:00:00+00:00,161.374,161.374,160.544,160.611,26839
2024-07-05 04:00:00+00:00,160.627,160.847,160.551,160.77,19426
2024-07-05 08:00:00+00:00,160.756,160.871,160.623,160.818,18090
2024-07-05 12:00:00+00:00,160.816,161.317,160.46,160.728,42333
2024-07-05 16:00:00+00:00,160.715,160.937,160.708,160.764,18454
2024-07-05 20:00:00+00:00,160.77,160.831,160.72,160.72,2790
2024-07-07 20:00:00+00:00,160.727,160.806,160.586,160.636,3820
2024-07-08 00:00:00+00:00,160.637,160.72,160.276,160.486,23605
2024-07-08 04:00:00+00:00,160.513,160.947,160.471,160.895,21477
2024-07-08 08:00:00+00:00,160.908,161.104,160.869,161.009,17433
2024-07-08 12:00:00+00:00,161.005,161.005,160.501,160.776,29270
2024-07-08 16:00:00+00:00,160.764,160.806,160.687,160.79,14862
2024-07-08 20:00:00+00:00,160.78,160.905,160.729,160.857,7466
2024-07-09 00:00:00+00:00,160.817,161.118,160.768,161.05,16961
2024-07-09 04:00:00+00:00,161.046,161.048,160.747,160.92,17871
2024-07-09 08:00:00+00:00,160.906,161.164,160.884,161.116,14316
2024-07-09 12:00:00+00:00,161.151,161.495,160.988,161.396,30940
2024-07-09 16:00:00+00:00,161.389,161.389,161.237,161.285,18349
2024-07-09 20:00:00+00:00,161.279,161.357,161.247,161.326,7701
2024-07-10 00:00:00+00:00,161.309,161.587,161.309,161.428,16416
2024-07-10 04:00:00+00:00,161.436,161.56,161.344,161.495,16225
2024-07-10 08:00:00+00:00,161.485,161.6,161.429,161.477,18165
2024-07-10 12:00:00+00:00,161.47,161.74,161.429,161.736,23577
2024-07-10 16:00:00+00:00,161.734,161.799,161.657,161.734,14914
2024-07-10 20:00:00+00:00,161.732,161.748,161.558,161.594,7920
2024-07-11 00:00:00+00:00,161.565,161.681,161.479,161.631,15522
2024-07-11 04:00:00+00:00,161.63,161.747,161.546,161.632,14008
2024-07-11 08:00:00+00:00,161.619,161.619,161.473,161.536,15492
2024-07-11 12:00:00+00:00,161.522,161.612,157.474,158.579,48026
2024-07-11 16:00:00+00:00,158.574,158.865,158.529,158.821,25177
2024-07-11 20:00:00+00:00,158.822,159.44,158.017,158.277,17670
2024-07-12 00:00:00+00:00,158.498,159.376,158.006,159.224,30657
2024-07-12 04:00:00+00:00,159.202,159.312,158.879,159.214,26576
2024-07-12 08:00:00+00:00,159.243,159.245,158.937,158.97,22305
2024-07-12 12:00:00+00:00,158.987,159.072,157.379,157.897,45564
2024-07-12 16:00:00+00:00,157.924,158.007,157.796,157.828,18309
2024-07-12 20:00:00+00:00,157.828,157.937,157.785,157.799,2834
2024-07-14 20:00:00+00:00,158.078,158.402,158.078,158.282,4342
2024-07-15 00:00:00+00:00,158.248,158.36,157.923,157.969,23851
2024-07-15 04:00:00+00:00,157.956,158.22,157.847,157.93,21149
2024-07-15 08:00:00+00:00,157.906,158.171,157.754,158.112,21832
2024-07-15 12:00:00+00:00,158.088,158.142,157.815,157.886,27670
2024-07-15 16:00:00+00:00,157.892,157.991,157.381,157.917,21820
2024-07-15 20:00:00+00:00,157.91,158.234,157.884,158.149,9818
2024-07-16 00:00:00+00:00,158.128,158.704,158.113,158.632,22339
2024-07-16 04:00:00+00:00,158.633,158.784,158.396,158.492,20473
2024-07-16 08:00:00+00:00,158.467,158.577,158.322,158.34,19365
2024-07-16 12:00:00+00:00,158.328,158.841,158.251,158.569,30346
2024-07-16 16:00:00+00:00,158.564,158.628,158.319,158.386,17953
2024-07-16 20:00:00+00:00,158.382,158.402,158.294,158.345,8406
2024-07-17 04:00:00+00:00,158.357,158.377,157.009,157.072,29768
2024-07-17 08:00:00+00:00,156.993,157.015,156.132,156.504,40746
2024-07-17 12:00:00+00:00,156.512,156.726,156.181,156.562,39993
2024-07-17 16:00:00+00:00,156.563,156.59,156.069,156.182,26029
2024-07-17 20:00:00+00:00,156.181,156.338,155.39,155.671,19097
2024-07-18 00:00:00+00:00,155.646,156.573,155.504,156.437,30993
2024-07-18 04:00:00+00:00,156.445,156.533,155.946,156.247,31262
2024-07-18 08:00:00+00:00,156.262,156.577,156.179,156.492,28474
2024-07-18 12:00:00+00:00,156.496,156.976,156.252,156.972,38466
2024-07-18 16:00:00+00:00,156.985,157.392,156.873,157.361,22855
2024-07-18 20:00:00+00:00,157.361,157.39,157.112,157.176,11889
2024-07-19 00:00:00+00:00,157.171,157.518,157.071,157.374,26819
2024-07-19 04:00:00+00:00,157.375,157.855,156.978,157.315,27172
2024-07-19 08:00:00+00:00,157.353,157.562,157.166,157.462,19263
2024-07-19 12:00:00+00:00,157.438,157.689,157.26,157.386,28755
2024-07-19 16:00:00+00:00,157.381,157.52,157.35,157.496,16418
2024-07-19 20:00:00+00:00,157.501,157.512,157.43,157.43,2021
2024-07-21 20:00:00+00:00,157.319,157.5,157.158,157.422,4298
2024-07-22 00:00:00+00:00,157.395,157.605,157.336,157.477,21253
2024-07-22 04:00:00+00:00,157.426,157.506,156.299,156.807,32999
2024-07-22 08:00:00+00:00,156.803,156.95,156.559,156.852,29363
2024-07-22 12:00:00+00:00,156.902,157.141,156.737,157.085,32205
2024-07-22 16:00:00+00:00,157.113,157.162,157.032,157.075,16568
2024-07-22 20:00:00+00:00,157.085,157.094,156.883,156.902,9215
2024-07-23 00:00:00+00:00,156.841,156.871,156.205,156.279,31381
2024-07-23 04:00:00+00:00,156.285,156.615,155.975,156.038,30845
2024-07-23 08:00:00+00:00,156.051,156.173,155.832,156.151,31272
2024-07-23 12:00:00+00:00,156.164,156.249,155.949,156.019,31215
2024-07-23 16:00:00+00:00,156.029,156.038,155.579,155.635,21275
2024-07-23 20:00:00+00:00,155.633,155.811,155.548,155.76,10930
2024-07-24 00:00:00+00:00,155.842,155.979,155.051,155.051,32315
2024-07-24 04:00:00+00:00,154.999,154.999,154.374,154.59,37984
2024-07-24 08:00:00+00:00,154.565,154.938,154.099,154.186,29022
2024-07-24 12:00:00+00:00,154.206,154.206,153.111,153.385,48207
2024-07-24 16:00:00+00:00,153.417,154.088,153.371,154.015,26259
2024-07-24 20:00:00+00:00,153.97,154.001,153.564,153.914,15843
2024-07-25 00:00:00+00:00,153.94,153.94,152.226,152.311,38847
2024-07-25 04:00:00+00:00,152.379,152.926,152.072,152.193,37089
2024-07-25 08:00:00+00:00,152.251,152.735,151.967,152.718,34714
2024-07-25 12:00:00+00:00,152.675,154.151,152.576,153.973,48573
2024-07-25 16:00:00+00:00,153.994,154.289,153.758,153.912,34259
2024-07-25 20:00:00+00:00,153.85,154.018,153.432,153.699,16242
2024-07-26 00:00:00+00:00,153.719,154.103,153.465,153.752,31109
2024-07-26 04:00:00+00:00,153.761,154.154,153.54,153.914,29551
2024-07-26 08:00:00+00:00,153.921,154.731,153.892,154.606,31995
2024-07-26 12:00:00+00:00,154.592,154.718,153.262,153.87,45217
2024-07-26 16:00:00+00:00,153.826,153.865,153.675,153.749,22998
2024-07-26 20:00:00+00:00,153.776,153.792,153.736,153.755,2174
2024-07-28 20:00:00+00:00,153.668,154.208,153.668,154.141,7359
2024-07-29 00:00:00+00:00,154.128,154.336,153.061,153.508,35174
2024-07-29 04:00:00+00:00,153.546,153.679,153.167,153.618,33844
2024-07-29 08:00:00+00:00,153.631,153.888,153.589,153.827,31986
2024-07-29 12:00:00+00:00,153.835,154.195,153.747,153.962,37568
2024-07-29 16:00:00+00:00,153.988,154.079,153.89,153.997,21113
2024-07-29 20:00:00+00:00,153.971,154.07,153.766,153.834,12345
2024-07-30 00:00:00+00:00,153.793,154.241,153.657,154.071,28293
2024-07-30 04:00:00+00:00,154.079,155.19,154.065,154.889,33005
2024-07-30 08:00:00+00:00,154.827,154.895,154.604,154.883,22883
2024-07-30 12:00:00+00:00,154.877,154.99,153.657,153.719,46090
2024-07-30 16:00:00+00:00,153.836,153.836,152.991,153.273,37024
2024-07-30 20:00:00+00:00,153.248,153.248,152.434,152.655,21696
2024-07-31 00:00:00+00:00,152.572,153.571,151.72,153.571,33901
2024-07-31 04:00:00+00:00,153.629,153.629,150.693,150.917,41536
2024-07-31 08:00:00+00:00,150.844,150.933,150.079,150.18,44022
2024-07-31 12:00:00+00:00,150.161,150.65,149.672,150.373,49415
2024-07-31 16:00:00+00:00,150.437,151.23,149.625,149.789,46299
2024-07-31 20:00:00+00:00,149.813,150.309,149.677,149.784,18811
2024-08-01 00:00:00+00:00,149.592,149.85,148.505,149.561,45137
2024-08-01 04:00:00+00:00,149.605,150.269,149.341,149.861,43435
2024-08-01 08:00:00+00:00,149.842,150.598,149.464,150.521,38537
2024-08-01 12:00:00+00:00,150.582,150.855,149.872,150.058,51208
2024-08-01 16:00:00+00:00,150.093,150.093,149.485,149.768,38080
2024-08-01 20:00:00+00:00,149.751,149.751,148.891,149.206,20990
2024-08-02 00:00:00+00:00,149.153,149.75,148.973,149.489,36710
2024-08-02 04:00:00+00:00,149.548,149.574,148.645,149.207,39988
2024-08-02 08:00:00+00:00,149.292,149.292,148.734,149.005,32580
2024-08-02 12:00:00+00:00,149.026,149.079,146.424,146.977,66365
2024-08-02 16:00:00+00:00,147.031,147.429,146.451,146.577,41354
2024-08-02 20:00:00+00:00,146.577,146.602,146.506,146.546,4398
2024-08-04 20:00:00+00:00,146.428,146.54,145.38,145.585,11014
2024-08-05 00:00:00+00:00,145.589,145.918,144.3,144.358,47700
2024-08-05 04:00:00+00:00,144.337,144.363,141.697,143.475,51508
2024-08-05 08:00:00+00:00,143.36,143.36,141.796,142.304,44642
2024-08-05 12:00:00+00:00,142.359,143.951,141.865,143.947,54386
2024-08-05 16:00:00+00:00,143.958,144.862,143.459,143.744,39566
2024-08-05 20:00:00+00:00,143.778,145.798,143.708,145.79,22174
2024-08-06 00:00:00+00:00,145.942,146.298,144.393,145.344,42094
2024-08-06 04:00:00+00:00,145.351,146.186,145.115,145.291,46146
2024-08-06 08:00:00+00:00,145.362,145.401,144.415,145.15,50403
2024-08-06 12:00:00+00:00,145.105,145.19,144.063,145.109,54384
2024-08-06 16:00:00+00:00,145.144,145.389,144.727,144.728,35586
2024-08-06 20:00:00+00:00,144.595,144.803,144.264,144.726,20973
2024-08-07 00:00:00+00:00,144.729,147.325,144.554,147.119,41316
2024-08-07 04:00:00+00:00,147.107,147.822,146.174,146.684,38245
2024-08-07 08:00:00+00:00,146.781,147.604,146.633,147.195,42397
2024-08-07 12:00:00+00:00,147.018,147.659,146.676,147.416,46840
2024-08-07 16:00:00+00:00,147.43,147.459,146.689,146.834,43779
2024-08-07 20:00:00+00:00,146.887,146.897,145.606,146.272,21867
2024-08-08 00:00:00+00:00,146.164,146.854,145.468,146.373,45183
2024-08-08 04:00:00+00:00,146.348,146.348,145.641,145.863,47610
2024-08-08 08:00:00+00:00,145.854,146.432,145.767,146.157,44368
2024-08-08 12:00:00+00:00,146.197,147.471,145.964,147.088,53411
2024-08-08 16:00:00+00:00,147.107,147.415,147.081,147.143,36548
2024-08-08 20:00:00+00:00,147.164,147.736,147.103,147.688,18591
2024-08-09 00:00:00+00:00,147.708,147.708,147.027,147.224,36917
2024-08-09 04:00:00+00:00,147.218,147.244,146.74,147.2,37832
2024-08-09 08:00:00+00:00,147.278,147.279,146.844,147.009,38961
2024-08-09 12:00:00+00:00,147.004,147.008,146.312,146.492,46040
2024-08-09 16:00:00+00:00,146.515,146.759,146.492,146.64,27714
2024-08-09 20:00:00+00:00,146.648,146.685,146.6,146.616,3620
2024-08-11 20:00:00+00:00,146.4,147.105,146.361,147.068,6348
2024-08-12 00:00:00+00:00,147.053,147.205,146.699,147.198,24717
2024-08-12 04:00:00+00:00,147.191,147.299,147.022,147.218,29594
2024-08-12 08:00:00+00:00,147.196,147.657,147.196,147.568,28970
2024-08-12 12:00:00+00:00,147.555,148.204,147.318,147.54,43352
2024-08-12 16:00:00+00:00,147.538,147.538,147.044,147.182,34139
2024-08-12 20:00:00+00:00,147.18,147.273,146.937,147.018,13982
2024-08-13 00:00:00+00:00,147.06,147.506,147.03,147.478,31593
2024-08-13 04:00:00+00:00,147.467,147.931,147.446,147.852,31176
2024-08-13 08:00:00+00:00,147.819,147.907,147.311,147.346,33072
2024-08-13 12:00:00+00:00,147.356,147.505,146.911,146.971,47796
2024-08-13 16:00:00+00:00,146.933,146.952,146.603,146.827,32972
2024-08-13 20:00:00+00:00,146.85,146.979,146.729,146.937,15707
2024-08-14 00:00:00+00:00,146.925,147.175,146.078,146.773,39025
2024-08-14 04:00:00+00:00,146.815,147.407,146.756,147.404,33688
2024-08-14 08:00:00+00:00,147.414,147.47,146.828,146.888,28675
2024-08-14 12:00:00+00:00,146.887,147.549,146.595,146.866,49050
2024-08-14 16:00:00+00:00,146.842,147.367,146.826,147.337,27862
2024-08-14 20:00:00+00:00,147.358,147.432,147.146,147.269,13239
2024-08-15 00:00:00+00:00,147.297,147.58,147.19,147.398,30250
2024-08-15 04:00:00+00:00,147.401,147.401,147.057,147.212,26479
2024-08-15 08:00:00+00:00,147.239,147.432,147.19,147.216,26534
2024-08-15 12:00:00+00:00,147.206,149.26,147.189,148.909,49681
2024-08-15 16:00:00+00:00,148.897,149.172,148.849,149.039,22820
2024-08-15 20:00:00+00:00,149.037,149.368,149.023,149.225,14585
2024-08-16 00:00:00+00:00,149.231,149.231,148.75,148.931,31338
2024-08-16 04:00:00+00:00,148.935,149.084,148.836,149.013,24611
2024-08-16 08:00:00+00:00,149.037,149.037,148.007,148.042,33805
2024-08-16 12:00:00+00:00,147.977,148.266,147.632,148.129,43367
2024-08-16 16:00:00+00:00,148.148,148.181,147.641,147.695,25469
2024-08-16 20:00:00+00:00,147.689,147.689,147.574,147.64,3444
2024-08-18 20:00:00+00:00,147.545,148.044,147.525,147.956,5140
2024-08-19 00:00:00+00:00,147.933,147.959,146.33,146.455,35247
2024-08-19 04:00:00+00:00,146.483,146.605,145.225,146.101,42650
2024-08-19 08:00:00+00:00,146.161,146.489,145.912,146.036,38804
2024-08-19 12:00:00+00:00,145.988,146.689,145.95,146.422,44985
2024-08-19 16:00:00+00:00,146.413,146.664,146.392,146.633,24094
2024-08-19 20:00:00+00:00,146.613,146.84,146.531,146.706,12303
2024-08-20 00:00:00+00:00,146.646,147.117,145.9,147.064,38596
2024-08-20 04:00:00+00:00,147.085,147.319,146.331,146.556,35275
2024-08-20 08:00:00+00:00,146.476,146.559,146.251,146.372,37031
2024-08-20 12:00:00+00:00,146.348,146.482,145.56,145.693,35936
2024-08-20 16:00:00+00:00,145.695,145.735,145.326,145.335,27056
2024-08-20 20:00:00+00:00,145.348,145.356,144.936,145.317,17924
2024-08-21 00:00:00+00:00,145.289,145.567,144.985,145.478,36588
2024-08-21 04:00:00+00:00,145.45,146.217,145.402,146.138,35763
2024-08-21 08:00:00+00:00,146.128,146.223,145.896,146.058,32959
2024-08-21 12:00:00+00:00,146.027,146.318,145.037,145.192,52264
2024-08-21 16:00:00+00:00,145.184,145.229,144.461,145.002,36041
2024-08-21 20:00:00+00:00,145.024,145.279,144.854,145.121,15964
2024-08-22 00:00:00+00:00,145.069,145.626,144.951,145.262,31378
2024-08-22 04:00:00+00:00,145.26,145.454,145.005,145.239,32236
2024-08-22 08:00:00+00:00,145.285,146.146,145.285,145.988,32873
2024-08-22 12:00:00+00:00,146.03,146.47,145.833,145.964,49435
2024-08-22 16:00:00+00:00,145.963,146.479,145.963,146.292,31926
2024-08-22 20:00:00+00:00,146.316,146.369,146.023,146.206,12697
2024-08-23 00:00:00+00:00,146.256,146.322,145.341,145.665,36444
2024-08-23 04:00:00+00:00,145.621,145.94,145.319,145.82,31792
2024-08-23 08:00:00+00:00,145.842,146.175,145.75,146.03,30492
2024-08-23 12:00:00+00:00,146.059,146.473,144.605,144.861,53159
2024-08-23 16:00:00+00:00,144.851,144.962,144.054,144.227,35709
2024-08-23 20:00:00+00:00,144.285,144.405,144.212,144.3,4250
2024-08-25 20:00:00+00:00,144.237,144.327,143.567,143.917,8153
2024-08-26 00:00:00+00:00,144.003,144.022,143.462,143.965,37523
2024-08-26 04:00:00+00:00,143.936,144.208,143.603,143.881,32978
2024-08-26 08:00:00+00:00,143.923,144.212,143.78,144.131,29517
2024-08-26 12:00:00+00:00,144.145,144.579,143.872,144.509,43154
2024-08-26 16:00:00+00:00,144.53,144.646,144.331,144.595,25709
2024-08-26 20:00:00+00:00,144.6,144.604,144.243,144.505,12855
2024-08-27 00:00:00+00:00,144.536,144.963,144.471,144.832,28204
2024-08-27 04:00:00+00:00,144.799,145.154,144.574,144.996,32203
2024-08-27 08:00:00+00:00,145.015,145.136,144.506,144.531,34268
2024-08-27 12:00:00+00:00,144.523,144.594,144.159,144.263,45237
2024-08-27 16:00:00+00:00,144.251,144.28,143.926,143.972,27150
2024-08-27 20:00:00+00:00,143.975,144.023,143.69,143.964,14508
2024-08-28 00:00:00+00:00,143.977,144.48,143.914,144.407,31045
2024-08-28 04:00:00+00:00,144.429,144.591,144.319,144.558,31397
2024-08-28 08:00:00+00:00,144.562,144.566,144.085,144.323,30647
2024-08-28 12:00:00+00:00,144.341,145.027,144.341,144.473,42390
2024-08-28 16:00:00+00:00,144.495,144.795,144.495,144.698,29294
2024-08-28 20:00:00+00:00,144.684,144.757,144.231,144.433,19584
2024-08-29 00:00:00+00:00,144.384,144.691,144.284,144.524,31388
2024-08-29 04:00:00+00:00,144.559,144.839,144.475,144.718,30434
2024-08-29 08:00:00+00:00,144.7,144.712,144.44,144.584,34871
2024-08-29 12:00:00+00:00,144.55,145.528,144.55,144.987,45793
2024-08-29 16:00:00+00:00,144.971,145.04,144.742,144.915,33457
2024-08-29 20:00:00+00:00,144.924,145.041,144.852,144.89,14243
2024-08-30 00:00:00+00:00,144.869,144.918,144.688,144.791,26591
2024-08-30 04:00:00+00:00,144.789,145.067,144.772,144.93,25859
2024-08-30 08:00:00+00:00,144.924,145.436,144.849,145.424,27181
2024-08-30 12:00:00+00:00,145.408,145.962,145.267,145.952,45883
2024-08-30 16:00:00+00:00,145.933,146.242,145.927,146.185,28291
2024-08-30 20:00:00+00:00,146.168,146.205,146.091,146.177,4462
2024-09-01 20:00:00+00:00,145.902,146.588,145.902,146.396,5181
2024-09-02 00:00:00+00:00,146.411,146.528,145.832,145.947,30725
2024-09-02 04:00:00+00:00,145.937,146.467,145.796,146.467,27864
2024-09-02 08:00:00+00:00,146.468,146.987,146.445,146.983,27860
2024-09-02 12:00:00+00:00,146.979,147.12,146.9,146.948,23226
2024-09-02 16:00:00+00:00,146.947,146.98,146.814,146.878,8518
2024-09-02 20:00:00+00:00,146.869,146.958,146.7,146.749,8914
2024-09-03 00:00:00+00:00,146.809,147.187,146.46,146.532,38572
2024-09-03 04:00:00+00:00,146.519,146.582,145.918,145.948,37491
2024-09-03 08:00:00+00:00,145.982,146.216,145.61,146.173,34841
2024-09-03 12:00:00+00:00,146.19,146.269,145.168,145.819,49469
2024-09-03 16:00:00+00:00,145.827,145.922,145.569,145.639,31012
2024-09-03 20:00:00+00:00,145.635,145.702,145.116,145.36,18667
2024-09-04 00:00:00+00:00,145.414,145.536,144.914,145.31,39553
2024-09-04 04:00:00+00:00,145.331,145.493,144.776,144.984,38036
2024-09-04 08:00:00+00:00,144.988,145.249,144.867,144.889,32751
2024-09-04 12:00:00+00:00,144.9,145.204,144.024,144.303,52076
2024-09-04 16:00:00+00:00,144.334,144.334,143.8,143.817,36252
2024-09-04 20:00:00+00:00,143.847,143.869,143.186,143.325,18217
2024-09-05 00:00:00+00:00,143.361,143.901,143.361,143.755,37999
2024-09-05 04:00:00+00:00,143.816,143.829,143.068,143.609,37200
2024-09-05 08:00:00+00:00,143.63,143.735,143.414,143.45,33943
2024-09-05 12:00:00+00:00,143.404,144.2,142.853,143.429,54252
2024-09-05 16:00:00+00:00,143.467,143.523,143.196,143.455,35153
2024-09-05 20:00:00+00:00,143.438,143.486,143.319,143.379,13929
2024-09-06 00:00:00+00:00,143.318,143.372,143.0,143.031,29772
2024-09-06 04:00:00+00:00,143.001,143.015,142.076,142.52,39313
2024-09-06 08:00:00+00:00,142.501,143.114,142.501,143.055,34341
2024-09-06 12:00:00+00:00,143.067,143.848,141.759,142.138,57561
2024-09-06 16:00:00+00:00,142.177,142.657,142.177,142.411,44798
2024-09-06 20:00:00+00:00,142.419,142.419,142.233,142.274,5255
2024-09-08 20:00:00+00:00,142.044,142.496,141.944,142.485,7258
2024-09-09 00:00:00+00:00,142.538,142.97,142.444,142.758,35652
2024-09-09 04:00:00+00:00,142.785,143.326,142.748,143.148,38632
2024-09-09 08:00:00+00:00,143.121,143.786,143.12,143.609,34224
2024-09-09 12:00:00+00:00,143.602,143.684,142.66,142.924,44954
2024-09-09 16:00:00+00:00,142.883,142.954,142.725,142.954,27284
2024-09-09 20:00:00+00:00,142.992,143.34,142.852,143.176,13715
2024-09-10 00:00:00+00:00,143.141,143.531,143.141,143.232,33896
2024-09-10 04:00:00+00:00,143.231,143.601,143.042,143.601,29570
2024-09-10 08:00:00+00:00,143.651,143.676,142.978,143.124,34361
2024-09-10 12:00:00+00:00,143.168,143.184,142.288,142.288,47664
2024-09-10 16:00:00+00:00,142.262,142.558,142.212,142.307,29662
2024-09-10 20:00:00+00:00,142.333,142.482,142.228,142.228,14216
2024-09-11 00:00:00+00:00,142.152,142.41,141.27,141.391,38667
2024-09-11 04:00:00+00:00,141.363,141.527,140.717,141.386,41864
2024-09-11 08:00:00+00:00,141.35,141.805,141.292,141.687,35064
2024-09-11 12:00:00+00:00,141.707,142.477,141.269,141.725,59984
2024-09-11 16:00:00+00:00,141.768,142.381,141.76,142.371,41209
2024-09-11 20:00:00+00:00,142.386,142.667,142.234,142.632,16181
2024-09-12 00:00:00+00:00,142.645,142.942,142.25,142.592,37865
2024-09-12 04:00:00+00:00,142.583,143.011,142.485,142.762,35004
2024-09-12 08:00:00+00:00,142.628,142.769,142.38,142.565,33855
2024-09-12 12:00:00+00:00,142.578,142.632,141.913,142.234,55916
2024-09-12 16:00:00+00:00,142.239,142.633,141.755,141.878,42325
2024-09-12 20:00:00+00:00,141.893,141.914,141.439,141.512,18589
2024-09-13 00:00:00+00:00,141.487,141.522,140.774,140.97,35492
2024-09-13 04:00:00+00:00,140.96,141.389,140.657,140.91,34700
2024-09-13 08:00:00+00:00,140.935,140.958,140.386,140.84,38958
2024-09-13 12:00:00+00:00,140.917,140.958,140.356,140.664,47862
2024-09-13 16:00:00+00:00,140.725,140.989,140.595,140.925,30588
2024-09-13 20:00:00+00:00,140.912,140.932,140.803,140.827,4314
2024-09-15 20:00:00+00:00,140.666,140.886,140.46,140.841,5357
2024-09-16 00:00:00+00:00,140.803,140.803,140.044,140.117,27045
2024-09-16 04:00:00+00:00,140.13,140.275,139.586,139.874,33870
2024-09-16 08:00:00+00:00,139.886,140.262,139.737,139.882,35163
2024-09-16 12:00:00+00:00,139.85,140.898,139.766,140.799,48002
2024-09-16 16:00:00+00:00,140.763,140.867,140.599,140.704,26539
2024-09-16 20:00:00+00:00,140.672,141.122,140.57,140.79,15223
2024-09-17 00:00:00+00:00,140.801,140.801,140.323,140.597,33043
2024-09-17 04:00:00+00:00,140.615,140.789,140.376,140.6,31598
2024-09-17 08:00:00+00:00,140.638,140.723,140.457,140.605,29552
2024-09-17 12:00:00+00:00,140.614,141.849,140.614,141.768,51864
2024-09-17 16:00:00+00:00,141.784,142.239,141.69,142.219,36765
2024-09-17 20:00:00+00:00,142.246,142.442,141.897,142.002,16380
2024-09-18 00:00:00+00:00,141.981,141.981,141.313,141.394,31919
2024-09-18 04:00:00+00:00,141.419,141.901,141.238,141.882,30968
2024-09-18 08:00:00+00:00,141.895,141.985,141.554,141.837,31133
2024-09-18 12:00:00+00:00,141.861,142.051,141.692,141.931,39439
2024-09-18 16:00:00+00:00,141.922,142.682,140.474,142.433,48552
2024-09-18 20:00:00+00:00,142.398,142.721,141.898,142.696,22063
2024-09-19 00:00:00+00:00,142.804,143.931,142.72,143.16,43909
2024-09-19 04:00:00+00:00,143.134,143.288,142.068,142.503,38576
2024-09-19 08:00:00+00:00,142.473,143.219,142.473,142.918,40206
2024-09-19 12:00:00+00:00,143.001,143.757,142.721,142.879,54867
2024-09-19 16:00:00+00:00,142.886,143.1,142.531,142.631,31973
2024-09-19 20:00:00+00:00,142.647,142.92,142.516,142.858,15793
2024-09-20 00:00:00+00:00,142.846,142.875,142.01,142.288,33217
2024-09-20 04:00:00+00:00,142.249,143.624,141.764,143.624,36363
2024-09-20 08:00:00+00:00,143.699,144.419,143.524,144.215,37102
2024-09-20 12:00:00+00:00,144.153,144.476,143.491,143.907,47806
2024-09-20 16:00:00+00:00,143.851,144.093,143.653,143.914,31850
2024-09-20 20:00:00+00:00,143.935,144.035,143.877,143.911,5709
2024-09-22 20:00:00+00:00,143.878,144.073,143.715,144.073,5222
2024-09-23 00:00:00+00:00,144.033,144.439,144.033,144.306,25493
2024-09-23 04:00:00+00:00,144.299,144.343,143.556,143.662,31890
2024-09-23 08:00:00+00:00,143.602,143.736,143.2,143.608,37357
2024-09-23 12:00:00+00:00,143.547,144.337,143.462,143.589,48000
2024-09-23 16:00:00+00:00,143.517,143.61,143.259,143.488,32349
2024-09-23 20:00:00+00:00,143.535,143.772,143.524,143.628,14018
2024-09-24 00:00:00+00:00,143.557,143.889,143.412,143.77,34302
2024-09-24 04:00:00+00:00,143.778,144.665,143.755,144.45,34415
2024-09-24 08:00:00+00:00,144.486,144.6,143.832,143.973,33792
2024-09-24 12:00:00+00:00,144.012,144.183,143.443,143.775,46275
2024-09-24 16:00:00+00:00,143.768,143.787,143.223,143.235,26593
2024-09-24 20:00:00+00:00,143.252,143.262,142.923,142.947,13994
2024-09-25 00:00:00+00:00,142.939,143.475,142.92,143.296,33417
2024-09-25 04:00:00+00:00,143.301,143.901,143.187,143.869,31040
2024-09-25 08:00:00+00:00,143.936,144.433,143.907,144.301,31951
2024-09-25 12:00:00+00:00,144.309,144.59,143.886,144.4,43879
2024-09-25 16:00:00+00:00,144.409,144.76,144.371,144.759,15423
2024-09-25 20:00:00+00:00,144.757,144.836,144.556,144.714,5907
2024-09-26 00:00:00+00:00,144.642,145.014,144.45,144.916,7737
2024-09-26 04:00:00+00:00,144.917,145.144,144.631,145.022,8031
2024-09-26 08:00:00+00:00,145.001,145.186,144.163,144.163,19600
2024-09-26 12:00:00+00:00,144.15,145.145,144.118,144.675,48180
2024-09-26 16:00:00+00:00,144.747,144.879,144.519,144.657,28911
2024-09-26 20:00:00+00:00,144.687,145.141,144.687,145.076,14014
2024-09-27 00:00:00+00:00,145.039,145.542,144.983,145.246,34366
2024-09-27 04:00:00+00:00,145.289,146.453,142.888,143.188,44540
2024-09-27 08:00:00+00:00,143.229,143.686,142.979,143.104,39342
2024-09-27 12:00:00+00:00,143.03,143.177,142.454,142.598,49167
2024-09-27 16:00:00+00:00,142.545,142.692,142.077,142.151,34952
2024-09-27 20:00:00+00:00,142.23,142.268,142.121,142.139,4999
2024-09-29 20:00:00+00:00,142.141,142.926,142.115,142.784,6374
2024-09-30 00:00:00+00:00,142.792,142.833,142.284,142.446,30957
2024-09-30 04:00:00+00:00,142.435,142.481,141.656,142.362,33526
2024-09-30 08:00:00+00:00,142.391,142.776,142.347,142.559,32595
2024-09-30 12:00:00+00:00,142.591,143.354,142.591,143.259,45290
2024-09-30 16:00:00+00:00,143.247,143.894,142.955,143.722,38392
2024-09-30 20:00:00+00:00,143.689,143.716,143.374,143.711,16619
2024-10-01 00:00:00+00:00,143.765,144.308,143.681,144.277,31778
2024-10-01 04:00:00+00:00,144.253,144.498,143.923,144.169,35007
2024-10-01 08:00:00+00:00,144.17,144.182,143.591,143.75,38027
2024-10-01 12:00:00+00:00,143.749,144.051,143.023,143.659,51016
2024-10-01 16:00:00+00:00,143.647,143.877,143.376,143.552,39028
2024-10-01 20:00:00+00:00,143.569,143.743,143.422,143.726,17591
2024-10-02 00:00:00+00:00,143.745,144.162,143.58,144.129,29942
2024-10-02 04:00:00+00:00,144.134,144.168,143.532,144.064,36303
2024-10-02 08:00:00+00:00,144.013,144.864,143.946,144.696,33971
2024-10-02 12:00:00+00:00,144.716,146.247,144.716,146.044,47114
2024-10-02 16:00:00+00:00,146.044,146.472,145.914,146.438,25333
2024-10-02 20:00:00+00:00,146.449,146.744,146.284,146.574,17156
2024-10-03 00:00:00+00:00,146.517,147.21,146.517,146.849,32236
2024-10-03 04:00:00+00:00,146.862,146.881,146.333,146.447,34940
2024-10-03 08:00:00+00:00,146.458,146.982,146.439,146.643,31553
2024-10-03 12:00:00+00:00,146.673,147.136,146.497,146.823,48512
2024-10-03 16:00:00+00:00,146.863,146.901,146.588,146.856,26510
2024-10-03 20:00:00+00:00,146.876,146.96,146.728,146.841,11355
2024-10-04 00:00:00+00:00,146.874,146.916,146.362,146.376,27474
2024-10-04 04:00:00+00:00,146.353,146.377,145.941,146.299,32522
2024-10-04 08:00:00+00:00,146.321,146.622,146.253,146.582,28518
2024-10-04 12:00:00+00:00,146.603,148.746,146.517,148.694,53504
2024-10-04 16:00:00+00:00,148.673,148.986,148.673,148.762,30898
2024-10-04 20:00:00+00:00,148.758,148.758,148.638,148.716,4173
2024-10-06 20:00:00+00:00,148.635,149.092,148.635,148.788,6309
2024-10-07 00:00:00+00:00,148.764,148.768,148.252,148.403,30386
2024-10-07 04:00:00+00:00,148.428,148.601,148.177,148.27,31865
2024-10-07 08:00:00+00:00,148.296,148.679,148.067,148.27,41276
2024-10-07 12:00:00+00:00,148.193,148.268,147.861,148.124,53654
2024-10-07 16:00:00+00:00,148.124,148.171,147.893,148.074,25990
2024-10-07 20:00:00+00:00,148.101,148.2,147.69,148.126,14821
2024-10-08 00:00:00+00:00,148.156,148.156,147.552,147.915,34105
2024-10-08 04:00:00+00:00,147.914,148.154,147.383,147.589,35034
2024-10-08 08:00:00+00:00,147.643,147.99,147.544,147.85,31133
2024-10-08 12:00:00+00:00,147.875,148.354,147.875,148.225,38921
2024-10-08 16:00:00+00:00,148.25,148.372,148.048,148.279,26107
2024-10-08 20:00:00+00:00,148.279,148.318,148.122,148.139,12956
2024-10-09 00:00:00+00:00,148.161,148.425,148.03,148.319,28714
2024-10-09 04:00:00+00:00,148.311,148.635,148.272,148.536,27858
2024-10-09 08:00:00+00:00,148.557,148.733,148.495,148.721,27264
2024-10-09 12:00:00+00:00,148.736,149.261,148.672,149.197,32262
2024-10-09 16:00:00+00:00,149.213,149.359,149.172,149.311,23101
2024-10-09 20:00:00+00:00,149.32,149.352,149.148,149.163,9104
2024-10-10 00:00:00+00:00,149.109,149.277,149.017,149.218,25144
2024-10-10 04:00:00+00:00,149.221,149.502,148.923,149.012,23708
2024-10-10 08:00:00+00:00,149.007,149.19,148.791,148.952,26812
2024-10-10 12:00:00+00:00,148.946,149.004,148.415,148.565,53118
2024-10-10 16:00:00+00:00,148.555,149.061,148.439,148.562,31978
2024-10-10 20:00:00+00:00,148.536,148.718,148.504,148.704,10447
2024-10-11 00:00:00+00:00,148.728,148.785,148.399,148.712,26705
2024-10-11 04:00:00+00:00,148.71,148.848,148.611,148.771,21436
2024-10-11 08:00:00+00:00,148.771,149.15,148.668,149.004,21908
2024-10-11 12:00:00+00:00,148.98,149.263,148.843,149.12,36637
2024-10-11 16:00:00+00:00,149.11,149.145,148.961,149.139,17190
2024-10-11 20:00:00+00:00,149.139,149.17,149.013,149.013,2648
2024-10-13 20:00:00+00:00,149.14,149.14,149.14,149.14,1
2024-10-14 00:00:00+00:00,149.292,149.338,149.146,149.325,18455
2024-10-14 04:00:00+00:00,149.323,149.375,149.168,149.354,17645
2024-10-14 08:00:00+00:00,149.357,149.723,149.324,149.634,22292
2024-10-14 12:00:00+00:00,149.661,149.949,149.64,149.822,27302
2024-10-14 16:00:00+00:00,149.816,149.98,149.721,149.759,15909
2024-10-14 20:00:00+00:00,149.77,149.831,149.67,149.713,6040
2024-10-15 00:00:00+00:00,149.676,149.707,149.44,149.706,22116
2024-10-15 04:00:00+00:00,149.708,149.74,149.182,149.23,26196
2024-10-15 08:00:00+00:00,149.189,149.36,148.848,149.35,28534
2024-10-15 12:00:00+00:00,149.385,149.39,148.942,149.215,38484
2024-10-15 16:00:00+00:00,149.246,149.525,149.171,149.237,24423
2024-10-15 20:00:00+00:00,149.204,149.324,149.075,149.079,10131
2024-10-16 00:00:00+00:00,149.068,149.278,148.936,149.168,27705
2024-10-16 04:00:00+00:00,149.164,149.476,149.135,149.447,25957
2024-10-16 08:00:00+00:00,149.43,149.475,149.147,149.169,24587
2024-10-16 12:00:00+00:00,149.175,149.736,149.148,149.712,32255
2024-10-16 16:00:00+00:00,149.701,149.799,149.701,149.716,17618
2024-10-16 20:00:00+00:00,149.657,149.711,149.512,149.551,10258
2024-10-17 00:00:00+00:00,149.535,149.601,149.254,149.551,26097
2024-10-17 04:00:00+00:00,149.555,149.786,149.405,149.77,21414
2024-10-17 08:00:00+00:00,149.763,149.859,149.494,149.524,20416
2024-10-17 12:00:00+00:00,149.533,150.136,149.475,150.124,44087
2024-10-17 16:00:00+00:00,150.138,150.316,150.138,150.219,21746
2024-10-17 20:00:00+00:00,150.218,150.271,150.066,150.091,9800
2024-10-18 00:00:00+00:00,150.103,150.124,149.865,149.888,27152
2024-10-18 04:00:00+00:00,149.889,150.128,149.776,150.086,23614
2024-10-18 08:00:00+00:00,150.083,150.144,149.648,150.003,24737
2024-10-18 12:00:00+00:00,150.054,150.063,149.512,149.577,30148
2024-10-18 16:00:00+00:00,149.6,149.639,149.361,149.515,19971
2024-10-18 20:00:00+00:00,149.545,149.556,149.449,149.524,3335
2024-10-20 20:00:00+00:00,149.52,149.629,149.498,149.597,2897
2024-10-21 00:00:00+00:00,149.597,149.597,149.096,149.225,24771
2024-10-21 04:00:00+00:00,149.218,149.844,149.207,149.835,24356
2024-10-21 08:00:00+00:00,149.83,150.076,149.829,149.918,22614
2024-10-21 12:00:00+00:00,149.873,150.474,149.765,150.469,30938
2024-10-21 16:00:00+00:00,150.489,150.835,150.443,150.771,20504
2024-10-21 20:00:00+00:00,150.789,150.88,150.6,150.616,10250
2024-10-22 00:00:00+00:00,150.613,150.971,150.506,150.925,25611
2024-10-22 04:00:00+00:00,150.925,151.055,150.683,151.0,26333
2024-10-22 08:00:00+00:00,150.996,151.013,150.756,150.858,27521
2024-10-22 12:00:00+00:00,150.853,151.134,150.632,151.109,34582
2024-10-22 16:00:00+00:00,151.104,151.184,150.9,151.115,22306
2024-10-22 20:00:00+00:00,151.134,151.154,150.997,151.154,10002
2024-10-23 00:00:00+00:00,151.174,151.809,151.174,151.751,27923
2024-10-23 04:00:00+00:00,151.744,152.546,151.744,152.369,27195
2024-10-23 08:00:00+00:00,152.329,153.048,152.325,153.048,28930
2024-10-23 12:00:00+00:00,153.048,153.167,152.764,152.818,36285
2024-10-23 16:00:00+00:00,152.832,152.924,152.475,152.591,26500
2024-10-23 20:00:00+00:00,152.596,152.8,152.567,152.769,12152
2024-10-24 00:00:00+00:00,152.683,152.768,152.353,152.397,30495
2024-10-24 04:00:00+00:00,152.396,152.396,152.047,152.125,30542
2024-10-24 08:00:00+00:00,152.163,152.241,151.784,152.048,31586
2024-10-24 12:00:00+00:00,152.067,152.27,151.789,151.87,44682
2024-10-24 16:00:00+00:00,151.863,151.895,151.565,151.83,27184
2024-10-24 20:00:00+00:00,151.857,151.863,151.72,151.783,5538
2024-10-25 00:00:00+00:00,151.749,152.104,151.746,151.846,25623
2024-10-25 04:00:00+00:00,151.846,152.02,151.492,151.952,27160
2024-10-25 08:00:00+00:00,151.998,152.088,151.715,151.789,25736
2024-10-25 12:00:00+00:00,151.824,152.138,151.814,152.082,35725
2024-10-25 16:00:00+00:00,152.086,152.374,152.067,152.252,24869
2024-10-25 20:00:00+00:00,152.227,152.332,152.192,152.229,4417
2024-10-27 20:00:00+00:00,153.131,153.137,152.669,152.945,5935
2024-10-28 00:00:00+00:00,152.926,153.863,152.815,153.626,24237
2024-10-28 04:00:00+00:00,153.632,153.74,153.177,153.326,22281
2024-10-28 08:00:00+00:00,153.321,153.404,152.478,152.729,30195
2024-10-28 12:00:00+00:00,152.717,153.222,152.412,153.214,31816
2024-10-28 16:00:00+00:00,153.222,153.362,153.145,153.227,20855
2024-10-28 20:00:00+00:00,153.227,153.353,153.133,153.133,8969
2024-10-29 00:00:00+00:00,153.072,153.236,152.871,153.037,26743
2024-10-29 04:00:00+00:00,153.001,153.246,152.768,153.164,24434
2024-10-29 08:00:00+00:00,153.236,153.67,153.17,153.67,29608
2024-10-29 12:00:00+00:00,153.666,153.84,153.235,153.491,40232
2024-10-29 16:00:00+00:00,153.475,153.59,153.308,153.424,28151
2024-10-29 20:00:00+00:00,153.43,153.434,153.101,153.268,10784
2024-10-30 00:00:00+00:00,153.276,153.425,153.085,153.341,26043
2024-10-30 04:00:00+00:00,153.336,153.42,153.193,153.325,22966
2024-10-30 08:00:00+00:00,153.343,153.343,152.799,153.029,32342
2024-10-30 12:00:00+00:00,153.058,153.464,152.874,153.155,43387
2024-10-30 16:00:00+00:00,153.155,153.422,153.005,153.296,26608
2024-10-30 20:00:00+00:00,153.27,153.419,153.208,153.239,11203
2024-10-31 00:00:00+00:00,153.205,153.579,152.971,153.052,25195
2024-10-31 04:00:00+00:00,152.987,153.054,152.054,152.248,29594
2024-10-31 08:00:00+00:00,152.2,152.83,151.922,152.716,32149
2024-10-31 12:00:00+00:00,152.694,153.042,152.111,152.352,45877
2024-10-31 16:00:00+00:00,152.357,152.492,151.838,151.935,32389
2024-10-31 20:00:00+00:00,151.929,152.131,151.788,151.98,15037
2024-11-01 00:00:00+00:00,152.003,152.415,151.918,152.411,28136
2024-11-01 04:00:00+00:00,152.451,152.647,152.245,152.546,24824
2024-11-01 08:00:00+00:00,152.652,152.839,152.536,152.671,26978
2024-11-01 12:00:00+00:00,152.647,153.002,151.834,152.941,48781
2024-11-01 16:00:00+00:00,152.956,153.048,152.829,152.964,26771
2024-11-01 20:00:00+00:00,152.963,153.082,152.961,152.983,3693
2024-11-03 20:00:00+00:00,152.173,152.519,152.173,152.287,3612
2024-11-04 00:00:00+00:00,152.264,152.264,151.605,151.738,25372
2024-11-04 04:00:00+00:00,151.744,152.259,151.693,152.174,24459
2024-11-04 08:00:00+00:00,152.103,152.126,151.548,151.548,30523
2024-11-04 12:00:00+00:00,151.555,152.097,151.555,151.988,32703
2024-11-04 16:00:00+00:00,152.012,152.185,151.889,152.14,25351
2024-11-04 20:00:00+00:00,152.154,152.281,152.08,152.281,11033
2024-11-05 00:00:00+00:00,152.17,152.422,152.118,152.383,24113
2024-11-05 04:00:00+00:00,152.388,152.531,152.182,152.27,22228
2024-11-05 08:00:00+00:00,152.257,152.372,152.091,152.152,23172
2024-11-05 12:00:00+00:00,152.139,152.314,151.796,152.041,32132
2024-11-05 16:00:00+00:00,151.99,152.082,151.361,151.449,29636
2024-11-05 20:00:00+00:00,151.461,151.892,151.399,151.421,16269
2024-11-06 00:00:00+00:00,151.434,154.308,151.347,153.932,56020
2024-11-06 04:00:00+00:00,153.909,154.337,153.146,153.931,53701
2024-11-06 08:00:00+00:00,154.016,154.237,153.827,154.212,42892
2024-11-06 12:00:00+00:00,154.175,154.462,153.984,154.35,47917
2024-11-06 16:00:00+00:00,154.32,154.691,154.219,154.438,34007
2024-11-06 20:00:00+00:00,154.433,154.658,154.299,154.315,14142
2024-11-07 00:00:00+00:00,154.325,154.7,154.227,154.315,32208
2024-11-07 04:00:00+00:00,154.326,154.362,153.698,153.998,31455
2024-11-07 08:00:00+00:00,154.039,154.116,153.828,154.059,31005
2024-11-07 12:00:00+00:00,154.025,154.097,152.861,152.961,43337
2024-11-07 16:00:00+00:00,152.959,153.433,152.88,153.079,35281
2024-11-07 20:00:00+00:00,153.109,153.18,152.724,153.169,19306
2024-11-08 00:00:00+00:00,153.156,153.352,152.756,152.814,29437
2024-11-08 04:00:00+00:00,152.789,152.938,152.556,152.635,28405
2024-11-08 08:00:00+00:00,152.638,152.733,152.174,152.421,36091
2024-11-08 12:00:00+00:00,152.421,152.844,152.336,152.417,39465
2024-11-08 16:00:00+00:00,152.419,152.81,152.418,152.67,29319
2024-11-08 20:00:00+00:00,152.714,152.738,152.43,152.626,9389
2024-11-10 20:00:00+00:00,152.663,152.94,152.622,152.905,2297
2024-11-11 00:00:00+00:00,152.977,153.451,152.872,153.445,20579
2024-11-11 04:00:00+00:00,153.459,153.653,153.34,153.634,22787
2024-11-11 08:00:00+00:00,153.636,153.851,153.563,153.754,27827
2024-11-11 12:00:00+00:00,153.749,153.944,153.653,153.849,27327
2024-11-11 16:00:00+00:00,153.867,153.903,153.728,153.762,18595
2024-11-11 20:00:00+00:00,153.763,153.767,153.476,153.51,11649
2024-11-12 00:00:00+00:00,153.53,154.05,153.514,153.653,28621
2024-11-12 04:00:00+00:00,153.613,153.884,153.411,153.817,25521
2024-11-12 08:00:00+00:00,153.787,154.154,153.729,154.07,30375
2024-11-12 12:00:00+00:00,154.076,154.53,154.012,154.518,32584
2024-11-12 16:00:00+00:00,154.527,154.914,154.465,154.746,26009
2024-11-12 20:00:00+00:00,154.733,154.782,154.495,154.653,13528
2024-11-13 00:00:00+00:00,154.708,154.932,154.548,154.803,27702
2024-11-13 04:00:00+00:00,154.827,155.134,154.753,155.113,26322
2024-11-13 08:00:00+00:00,155.134,155.228,154.805,154.809,28101
2024-11-13 12:00:00+00:00,154.768,155.109,154.35,154.985,45873
2024-11-13 16:00:00+00:00,155.003,155.623,155.003,155.544,27754
2024-11-13 20:00:00+00:00,155.503,155.59,155.167,155.426,14637
2024-11-14 00:00:00+00:00,155.506,156.047,155.506,155.944,26579
2024-11-14 04:00:00+00:00,155.97,156.131,155.716,155.835,23342
2024-11-14 08:00:00+00:00,155.855,156.238,155.748,155.917,27395
2024-11-14 12:00:00+00:00,155.903,156.159,155.521,155.95,38457
2024-11-14 16:00:00+00:00,155.972,156.024,155.676,155.92,25040
2024-11-14 20:00:00+00:00,156.154,156.507,156.112,156.475,21789
2024-11-15 00:00:00+00:00,156.534,156.746,156.274,156.499,27087
2024-11-15 04:00:00+00:00,156.52,156.52,155.769,155.776,25320
2024-11-15 08:00:00+00:00,155.731,155.765,155.225,155.491,30904
2024-11-15 12:00:00+00:00,155.478,155.735,154.853,154.948,44276
2024-11-15 16:00:00+00:00,154.996,154.996,153.864,154.211,38279
2024-11-15 20:00:00+00:00,154.213,154.47,154.188,154.28,11408
2024-11-17 20:00:00+00:00,154.28,154.737,154.271,154.641,3242
2024-11-18 00:00:00+00:00,154.526,155.096,153.86,154.654,27539
2024-11-18 04:00:00+00:00,154.675,154.758,154.31,154.564,30072
2024-11-18 08:00:00+00:00,154.539,155.096,154.539,155.056,33278
2024-11-18 12:00:00+00:00,155.064,155.341,154.606,154.992,35768
2024-11-18 16:00:00+00:00,154.959,155.062,154.57,154.742,27920
2024-11-18 20:00:00+00:00,154.703,154.72,154.427,154.615,12752
2024-11-19 00:00:00+00:00,154.551,154.614,153.988,154.176,29820
2024-11-19 04:00:00+00:00,154.151,154.645,154.15,154.525,25415
2024-11-19 08:00:00+00:00,154.484,154.552,153.397,154.083,46299
2024-11-19 12:00:00+00:00,154.087,154.185,153.455,153.957,46317
2024-11-19 16:00:00+00:00,153.93,154.781,153.93,154.692,27510
2024-11-19 20:00:00+00:00,154.709,154.743,154.522,154.716,12276
2024-11-20 00:00:00+00:00,154.679,154.986,154.612,154.953,26764
2024-11-20 04:00:00+00:00,154.957,155.67,154.952,155.654,24799
2024-11-20 08:00:00+00:00,155.69,155.845,155.583,155.83,26073
2024-11-20 12:00:00+00:00,155.843,155.876,155.077,155.529,32733
2024-11-20 16:00:00+00:00,155.608,155.608,155.189,155.365,25353
2024-11-20 20:00:00+00:00,155.37,155.518,155.233,155.275,13245
2024-11-21 00:00:00+00:00,155.204,155.204,154.884,154.92,24767
2024-11-21 04:00:00+00:00,154.898,155.252,154.61,154.904,29398
2024-11-21 08:00:00+00:00,154.971,155.014,154.094,154.532,38361
2024-11-21 12:00:00+00:00,154.493,154.691,153.956,154.318,42737
2024-11-21 16:00:00+00:00,154.362,154.69,154.337,154.504,35557
2024-11-21 20:00:00+00:00,154.489,154.584,154.12,154.153,16292
2024-11-22 00:00:00+00:00,154.122,154.477,153.997,154.261,26940
2024-11-22 04:00:00+00:00,154.301,154.943,154.273,154.725,25873
2024-11-22 08:00:00+00:00,154.748,154.864,154.269,154.311,40785
2024-11-22 12:00:00+00:00,154.307,154.979,154.201,154.897,44165
2024-11-22 16:00:00+00:00,154.906,154.906,154.665,154.801,28810
2024-11-22 20:00:00+00:00,154.795,154.875,154.696,154.758,9009
2024-11-25 12:00:00+00:00,153.936,154.373,153.638,154.373,23383
2024-11-25 16:00:00+00:00,154.345,154.482,154.007,154.134,32918
2024-11-25 20:00:00+00:00,154.16,154.407,153.874,154.378,17369
2024-11-26 00:00:00+00:00,154.367,154.375,153.74,153.74,32230
2024-11-26 04:00:00+00:00,153.683,154.211,153.549,154.035,26810
2024-11-26 08:00:00+00:00,154.001,154.099,153.715,153.777,34328
2024-11-26 12:00:00+00:00,153.792,153.792,153.025,153.464,45101
2024-11-26 16:00:00+00:00,153.46,153.669,153.088,153.1,34528
2024-11-26 20:00:00+00:00,153.1,153.216,152.929,152.929,16983
2024-11-27 00:00:00+00:00,152.877,153.003,152.418,152.446,29728
2024-11-27 04:00:00+00:00,152.468,152.468,151.842,151.95,28855
2024-11-27 08:00:00+00:00,151.85,151.883,151.278,151.485,39146
2024-11-27 12:00:00+00:00,151.45,151.776,150.948,151.1,43510
2024-11-27 16:00:00+00:00,151.177,151.354,150.518,151.022,34774
2024-11-27 20:00:00+00:00,151.074,151.371,150.921,151.332,15502
2024-11-28 00:00:00+00:00,151.379,151.739,151.289,151.62,26576
2024-11-28 04:00:00+00:00,151.644,151.764,151.36,151.749,22684
2024-11-28 08:00:00+00:00,151.787,151.941,151.704,151.833,26917
2024-11-28 12:00:00+00:00,151.828,151.839,151.414,151.515,21408
2024-11-28 16:00:00+00:00,151.53,151.565,151.45,151.489,9596
2024-11-28 20:00:00+00:00,151.487,151.58,150.988,151.179,8340
2024-11-29 00:00:00+00:00,151.179,151.179,149.87,150.097,35374
2024-11-29 04:00:00+00:00,150.028,150.258,149.59,149.987,28859
2024-11-29 08:00:00+00:00,150.009,150.353,149.843,150.032,31113
2024-11-29 12:00:00+00:00,150.08,150.317,149.891,150.175,32749
2024-11-29 16:00:00+00:00,150.238,150.515,149.46,149.597,30534
2024-11-29 20:00:00+00:00,149.605,149.736,149.527,149.724,12102
2024-12-01 20:00:00+00:00,149.594,150.045,149.486,149.852,3290
2024-12-02 00:00:00+00:00,149.897,150.73,149.897,150.527,25815
2024-12-02 04:00:00+00:00,150.562,150.741,149.995,150.248,29998
2024-12-02 08:00:00+00:00,150.22,150.429,150.055,150.144,30764
2024-12-02 12:00:00+00:00,150.135,150.325,149.742,149.869,37866
2024-12-02 16:00:00+00:00,149.921,149.921,149.146,149.52,31350
2024-12-02 20:00:00+00:00,149.529,149.796,149.244,149.516,17778
2024-12-03 00:00:00+00:00,149.575,150.129,149.575,150.093,29785
2024-12-03 04:00:00+00:00,150.101,150.205,149.896,150.009,23511
2024-12-03 08:00:00+00:00,149.929,150.176,149.684,149.726,29801
2024-12-03 12:00:00+00:00,149.7,149.855,148.649,149.148,42017
2024-12-03 16:00:00+00:00,149.17,149.526,148.968,149.502,32116
2024-12-03 20:00:00+00:00,149.492,149.692,149.402,149.612,13394
2024-12-04 00:00:00+00:00,149.651,150.033,149.527,149.935,31316
2024-12-04 04:00:00+00:00,150.012,150.41,149.864,150.38,29831
2024-12-04 08:00:00+00:00,150.375,151.03,150.299,150.885,33626
2024-12-04 12:00:00+00:00,150.901,151.207,150.302,150.402,39323
2024-12-04 16:00:00+00:00,150.427,150.588,150.007,150.437,31024
2024-12-04 20:00:00+00:00,150.471,150.749,150.455,150.546,16405
2024-12-05 00:00:00+00:00,150.502,150.626,150.19,150.287,28838
2024-12-05 04:00:00+00:00,150.287,150.416,149.679,149.787,27557
2024-12-05 08:00:00+00:00,149.793,150.342,149.654,150.159,28855
2024-12-05 12:00:00+00:00,150.188,150.681,150.16,150.251,40014
2024-12-05 16:00:00+00:00,150.211,150.338,149.929,150.017,26680
2024-12-05 20:00:00+00:00,150.04,150.23,149.956,150.12,13697
2024-12-06 00:00:00+00:00,150.168,150.273,149.77,149.879,26789
2024-12-06 04:00:00+00:00,149.874,150.146,149.769,150.089,21861
2024-12-06 08:00:00+00:00,150.136,150.683,150.136,150.507,26132
2024-12-06 12:00:00+00:00,150.525,150.657,149.404,149.863,46236
2024-12-06 16:00:00+00:00,149.938,150.121,149.689,149.972,27856
2024-12-06 20:00:00+00:00,149.981,150.058,149.953,150.002,8617
2024-12-08 20:00:00+00:00,149.741,150.035,149.741,149.887,2347
2024-12-09 00:00:00+00:00,149.821,150.037,149.703,149.974,21059
2024-12-09 04:00:00+00:00,149.989,150.341,149.846,150.341,22447
2024-12-09 08:00:00+00:00,150.359,150.495,150.319,150.488,25864
2024-12-09 12:00:00+00:00,150.493,151.242,150.447,151.02,30507
2024-12-09 16:00:00+00:00,151.013,151.338,150.978,151.239,20538
2024-12-09 20:00:00+00:00,151.222,151.42,151.135,151.393,13002
2024-12-10 00:00:00+00:00,151.376,151.537,151.038,151.071,27664
2024-12-10 04:00:00+00:00,151.057,151.577,150.9,151.556,24886
2024-12-10 08:00:00+00:00,151.58,151.771,151.415,151.701,28113
2024-12-10 12:00:00+00:00,151.698,152.157,151.555,152.125,31716
2024-12-10 16:00:00+00:00,152.113,152.152,151.848,151.929,23505
2024-12-10 20:00:00+00:00,151.909,151.976,151.78,151.833,12577
2024-12-11 00:00:00+00:00,151.829,151.853,151.425,151.543,22509
2024-12-11 04:00:00+00:00,151.537,151.783,151.45,151.652,22859
2024-12-11 08:00:00+00:00,151.65,152.762,151.32,152.552,36160
2024-12-11 12:00:00+00:00,152.543,152.692,151.958,152.457,42087
2024-12-11 16:00:00+00:00,152.486,152.707,152.243,152.639,28497
2024-12-11 20:00:00+00:00,152.632,152.632,152.249,152.255,11843
2024-12-12 00:00:00+00:00,152.279,152.405,151.955,152.348,24141
2024-12-12 04:00:00+00:00,152.341,152.762,152.188,152.568,25155
2024-12-12 08:00:00+00:00,152.584,152.645,152.165,152.185,29278
2024-12-12 12:00:00+00:00,152.194,152.372,151.838,152.285,43289
2024-12-12 16:00:00+00:00,152.276,152.536,152.045,152.536,27950
2024-12-12 20:00:00+00:00,152.549,152.682,152.468,152.588,11091
2024-12-13 00:00:00+00:00,152.673,153.032,152.649,152.899,23719
2024-12-13 04:00:00+00:00,152.9,153.07,152.688,152.796,21243
2024-12-13 08:00:00+00:00,152.826,153.623,152.818,153.623,26117
2024-12-13 12:00:00+00:00,153.623,153.679,153.269,153.66,29877
2024-12-13 16:00:00+00:00,153.66,153.759,153.564,153.685,12151
2024-12-13 20:00:00+00:00,153.703,153.726,153.597,153.696,6375
2024-12-15 20:00:00+00:00,153.619,153.673,153.429,153.451,2394
2024-12-16 00:00:00+00:00,153.429,153.971,153.323,153.817,18861
2024-12-16 04:00:00+00:00,153.82,153.879,153.478,153.525,17522
2024-12-16 08:00:00+00:00,153.534,153.853,153.427,153.801,24612
2024-12-16 12:00:00+00:00,153.814,154.471,153.788,154.229,28577
2024-12-16 16:00:00+00:00,154.216,154.302,154.002,154.124,21693
2024-12-16 20:00:00+00:00,154.108,154.256,154.078,154.093,9493
2024-12-17 00:00:00+00:00,154.049,154.339,153.816,154.041,23149
2024-12-17 04:00:00+00:00,154.02,154.238,153.935,154.066,22185
2024-12-17 08:00:00+00:00,154.068,154.136,153.696,153.908,26831
2024-12-17 12:00:00+00:00,153.914,153.981,153.432,153.508,33669
2024-12-17 16:00:00+00:00,153.52,153.635,153.16,153.34,25530
2024-12-17 20:00:00+00:00,153.345,153.607,153.336,153.569,11306
2024-12-18 00:00:00+00:00,153.544,153.769,153.544,153.616,20254
2024-12-18 04:00:00+00:00,153.588,153.648,153.341,153.577,18907
2024-12-18 08:00:00+00:00,153.587,153.739,153.526,153.659,21158
2024-12-18 12:00:00+00:00,153.698,154.048,153.637,154.013,28046
2024-12-18 16:00:00+00:00,154.06,154.65,153.704,154.65,31895
2024-12-18 20:00:00+00:00,154.573,154.84,154.354,154.659,26045
2024-12-19 00:00:00+00:00,154.709,155.408,154.469,155.251,29572
2024-12-19 04:00:00+00:00,155.249,156.743,155.014,156.473,29735
2024-12-19 08:00:00+00:00,156.539,157.134,156.458,156.693,34437
2024-12-19 12:00:00+00:00,156.713,157.71,156.592,157.71,41123
2024-12-19 16:00:00+00:00,157.686,157.788,157.355,157.423,31059
2024-12-19 20:00:00+00:00,157.383,157.66,157.31,157.645,15469
2024-12-20 00:00:00+00:00,157.697,157.91,156.872,157.063,32034
2024-12-20 04:00:00+00:00,157.094,157.311,156.766,156.826,28393
2024-12-20 08:00:00+00:00,156.855,156.946,156.628,156.773,30739
2024-12-20 12:00:00+00:00,156.77,156.812,156.341,156.502,40237
2024-12-20 16:00:00+00:00,156.518,156.573,155.954,156.002,30265
2024-12-20 20:00:00+00:00,156.022,156.451,156.013,156.406,9268
2024-12-22 20:00:00+00:00,156.29,156.56,156.29,156.56,2506
2024-12-23 00:00:00+00:00,156.547,156.682,156.339,156.515,18183
2024-12-23 04:00:00+00:00,156.516,156.802,156.496,156.792,17846
2024-12-23 08:00:00+00:00,156.74,156.873,156.472,156.843,24318
2024-12-23 12:00:00+00:00,156.879,157.256,156.879,157.126,29255
2024-12-23 16:00:00+00:00,157.128,157.206,156.985,157.099,21506
2024-12-23 20:00:00+00:00,157.051,157.216,157.051,157.171,11738
2024-12-24 00:00:00+00:00,157.16,157.379,157.053,157.086,17896
2024-12-24 04:00:00+00:00,157.079,157.138,156.9,157.138,18254
2024-12-24 08:00:00+00:00,157.149,157.157,156.988,157.14,16438
2024-12-24 12:00:00+00:00,157.13,157.34,157.081,157.331,19038
2024-12-24 16:00:00+00:00,157.333,157.374,157.229,157.311,11954
2024-12-24 20:00:00+00:00,157.31,157.321,156.986,157.104,2324
2024-12-25 00:00:00+00:00,157.097,157.308,156.964,157.13,2547
2024-12-25 04:00:00+00:00,157.094,157.4,156.966,157.101,2130
2024-12-25 08:00:00+00:00,157.125,157.249,147.285,155.369,132
2024-12-25 12:00:00+00:00,155.371,157.383,155.371,157.38,62
2024-12-25 16:00:00+00:00,157.37,157.39,157.222,157.229,193
2024-12-25 20:00:00+00:00,157.226,157.28,155.941,157.116,3688
2024-12-26 00:00:00+00:00,157.113,157.47,157.075,157.367,14568
2024-12-26 04:00:00+00:00,157.376,157.457,157.312,157.371,13684
2024-12-26 08:00:00+00:00,157.346,157.581,157.315,157.58,14678
2024-12-26 12:00:00+00:00,157.592,158.063,157.586,158.063,17648
2024-12-26 16:00:00+00:00,158.065,158.069,157.872,157.983,19637
2024-12-26 20:00:00+00:00,157.961,158.025,157.67,157.757,10832
2024-12-27 00:00:00+00:00,157.772,157.928,157.516,157.645,20359
2024-12-27 04:00:00+00:00,157.648,157.839,157.553,157.812,16995
2024-12-27 08:00:00+00:00,157.79,157.906,157.622,157.645,20036
2024-12-27 12:00:00+00:00,157.664,157.885,157.554,157.571,26797
2024-12-27 16:00:00+00:00,157.563,157.94,157.354,157.94,20903
2024-12-27 20:00:00+00:00,157.927,157.94,157.82,157.82,6596
2024-12-29 20:00:00+00:00,157.66,157.896,157.654,157.896,1605
2024-12-30 00:00:00+00:00,157.854,157.968,157.702,157.809,11920
2024-12-30 04:00:00+00:00,157.814,158.036,157.761,157.887,16387
2024-12-30 08:00:00+00:00,157.892,157.978,157.569,157.633,19393
2024-12-30 12:00:00+00:00,157.61,157.638,156.692,157.172,31589
2024-12-30 16:00:00+00:00,157.164,157.333,156.929,157.09,20381
2024-12-30 20:00:00+00:00,157.106,157.106,156.754,156.996,10139
2024-12-31 00:00:00+00:00,157.032,157.032,156.374,156.438,18845
2024-12-31 04:00:00+00:00,156.437,156.455,156.07,156.199,16621
2024-12-31 08:00:00+00:00,156.214,156.936,156.027,156.793,23790
2024-12-31 12:00:00+00:00,156.76,157.17,156.554,157.157,30774
2024-12-31 16:00:00+00:00,157.171,157.541,157.139,157.334,15064
2024-12-31 20:00:00+00:00,157.334,157.334,157.334,157.334,1
2025-01-01 20:00:00+00:00,157.195,157.746,157.093,157.702,4064
2025-01-02 00:00:00+00:00,157.709,157.729,157.147,157.154,18586
2025-01-02 04:00:00+00:00,157.133,157.205,156.452,156.667,18550
2025-01-02 08:00:00+00:00,156.752,157.26,156.459,157.195,25175
2025-01-02 12:00:00+00:00,157.182,157.196,156.636,157.146,34736
2025-01-02 16:00:00+00:00,157.181,157.83,157.181,157.616,28176
2025-01-02 20:00:00+00:00,157.638,157.638,157.349,157.35,10273
2025-01-03 00:00:00+00:00,157.359,157.448,157.186,157.305,19957
2025-01-03 04:00:00+00:00,157.297,157.378,157.042,157.136,19291
2025-01-03 08:00:00+00:00,157.143,157.409,157.102,157.243,23500
2025-01-03 12:00:00+00:00,157.228,157.467,157.038,157.392,28921
2025-01-03 16:00:00+00:00,157.35,157.387,156.896,157.201,19193
2025-01-03 20:00:00+00:00,157.226,157.366,157.138,157.149,5739
2025-01-05 20:00:00+00:00,157.131,157.522,157.131,157.502,2255
2025-01-06 00:00:00+00:00,157.55,157.807,157.495,157.713,18216
2025-01-06 04:00:00+00:00,157.704,157.803,157.544,157.661,16991
2025-01-06 08:00:00+00:00,157.671,157.951,157.197,157.198,27705
2025-01-06 12:00:00+00:00,157.119,157.637,156.264,157.531,41426
2025-01-06 16:00:00+00:00,157.509,157.664,157.35,157.545,21578
2025-01-06 20:00:00+00:00,157.509,157.791,157.492,157.738,9785
2025-01-07 00:00:00+00:00,157.822,158.401,157.822,158.122,23874
2025-01-07 04:00:00+00:00,158.123,158.146,157.482,157.495,21905
2025-01-07 08:00:00+00:00,157.523,157.836,157.398,157.71,25687
2025-01-07 12:00:00+00:00,157.708,158.389,157.541,157.938,32201
2025-01-07 16:00:00+00:00,157.92,158.031,157.601,157.777,32007
2025-01-07 20:00:00+00:00,157.761,158.235,157.742,158.219,11994
2025-01-08 00:00:00+00:00,158.217,158.217,157.917,158.195,21695
2025-01-08 04:00:00+00:00,158.182,158.256,157.932,158.112,17565
2025-01-08 08:00:00+00:00,158.125,158.547,158.062,158.37,23560
2025-01-08 12:00:00+00:00,158.354,158.543,158.144,158.368,34346
2025-01-08 16:00:00+00:00,158.385,158.495,158.276,158.461,24550
2025-01-08 20:00:00+00:00,158.396,158.45,158.189,158.191,11360
2025-01-09 00:00:00+00:00,158.152,158.317,157.919,157.97,17614
2025-01-09 04:00:00+00:00,157.971,158.194,157.763,158.194,19705
2025-01-09 08:00:00+00:00,158.239,158.286,157.827,157.903,21975
2025-01-09 12:00:00+00:00,157.926,157.971,157.58,157.971,22623
2025-01-09 16:00:00+00:00,157.958,158.155,157.918,158.108,13539
2025-01-09 20:00:00+00:00,158.108,158.178,158.001,158.042,6524
2025-01-10 00:00:00+00:00,158.076,158.275,157.932,158.23,19639
2025-01-10 04:00:00+00:00,158.227,158.441,158.227,158.387,17312
2025-01-10 08:00:00+00:00,158.419,158.423,157.641,157.991,26181
2025-01-10 12:00:00+00:00,157.981,158.829,157.25,157.553,45346
2025-01-10 16:00:00+00:00,157.587,157.966,157.567,157.87,28306
2025-01-10 20:00:00+00:00,157.873,157.918,157.631,157.631,7157
2025-01-12 20:00:00+00:00,157.702,157.907,157.672,157.904,2206
2025-01-13 00:00:00+00:00,157.919,157.951,157.297,157.41,18032
2025-01-13 04:00:00+00:00,157.437,157.593,157.256,157.459,20666
2025-01-13 08:00:00+00:00,157.474,157.637,157.014,157.313,28350
2025-01-13 12:00:00+00:00,157.365,157.554,156.921,157.516,32070
2025-01-13 16:00:00+00:00,157.474,157.798,157.29,157.798,21089
2025-01-13 20:00:00+00:00,157.787,157.787,157.127,157.307,12057
2025-01-14 00:00:00+00:00,157.229,157.897,157.154,157.557,24958
2025-01-14 04:00:00+00:00,157.553,157.708,157.32,157.522,20876
2025-01-14 08:00:00+00:00,157.454,157.986,157.399,157.935,24396
2025-01-14 12:00:00+00:00,157.936,158.126,157.52,157.962,36669
2025-01-14 16:00:00+00:00,157.934,158.183,157.841,157.939,22443
2025-01-14 20:00:00+00:00,157.899,158.059,157.872,158.047,9918
2025-01-15 00:00:00+00:00,158.007,158.06,157.845,157.882,19668
2025-01-15 04:00:00+00:00,157.89,157.929,156.86,156.88,23985
2025-01-15 08:00:00+00:00,156.866,157.178,156.714,157.01,25583
2025-01-15 12:00:00+00:00,157.048,157.073,155.955,156.292,40877
2025-01-15 16:00:00+00:00,156.404,156.726,156.378,156.462,24917
2025-01-15 20:00:00+00:00,156.482,156.546,156.216,156.216,10222
2025-01-16 00:00:00+00:00,156.243,156.481,155.314,155.771,29088
2025-01-16 04:00:00+00:00,155.725,156.297,155.616,156.182,21246
2025-01-16 08:00:00+00:00,156.205,156.205,155.631,155.781,24040
2025-01-16 12:00:00+00:00,155.809,156.337,155.403,155.424,38925
2025-01-16 16:00:00+00:00,155.38,155.537,155.119,155.29,28118
2025-01-16 20:00:00+00:00,155.304,155.372,155.1,155.367,9541
2025-01-17 00:00:00+00:00,155.408,155.471,155.009,155.441,22504
2025-01-17 04:00:00+00:00,155.469,155.745,155.372,155.61,18581
2025-01-17 08:00:00+00:00,155.602,155.833,155.418,155.689,22991
2025-01-17 12:00:00+00:00,155.68,156.167,155.554,156.103,33020
2025-01-17 16:00:00+00:00,156.165,156.368,156.128,156.143,21726
2025-01-17 20:00:00+00:00,156.12,156.309,156.117,156.293,6075
2025-01-19 20:00:00+00:00,156.19,156.559,156.19,156.305,2393
2025-01-20 00:00:00+00:00,156.337,156.337,155.711,155.738,17926
2025-01-20 04:00:00+00:00,155.739,156.258,155.735,155.988,17193
2025-01-20 08:00:00+00:00,156.03,156.449,155.958,156.339,19792
2025-01-20 12:00:00+00:00,156.327,156.44,155.417,155.686,36535
2025-01-20 16:00:00+00:00,155.702,155.978,155.59,155.631,18017
2025-01-20 20:00:00+00:00,155.61,155.7,155.179,155.272,12914
2025-01-21 00:00:00+00:00,155.21,156.105,154.779,155.182,32763
2025-01-21 04:00:00+00:00,155.106,155.723,154.966,155.674,20342
2025-01-21 08:00:00+00:00,155.653,156.035,155.627,155.905,25532
2025-01-21 12:00:00+00:00,155.912,155.93,155.27,155.324,34083
2025-01-21 16:00:00+00:00,155.336,155.582,155.327,155.555,23089
2025-01-21 20:00:00+00:00,155.59,155.811,155.41,155.737,10350
2025-01-22 00:00:00+00:00,155.701,155.949,155.373,155.919,23958
2025-01-22 04:00:00+00:00,155.907,156.07,155.68,156.044,20807
2025-01-22 08:00:00+00:00,156.093,156.093,155.55,155.868,25500
2025-01-22 12:00:00+00:00,155.888,156.418,155.775,156.402,30904
2025-01-22 16:00:00+00:00,156.417,156.705,156.387,156.521,23362
2025-01-22 20:00:00+00:00,156.522,156.578,156.163,156.433,10065
2025-01-23 00:00:00+00:00,156.408,156.547,156.287,156.495,20575
2025-01-23 04:00:00+00:00,156.49,156.745,156.473,156.607,19006
2025-01-23 08:00:00+00:00,156.585,156.626,156.205,156.548,23126
2025-01-23 12:00:00+00:00,156.567,156.593,156.114,156.165,31141
2025-01-23 16:00:00+00:00,156.134,156.346,155.756,155.794,27703
2025-01-23 20:00:00+00:00,155.82,156.173,155.755,156.132,10197
2025-01-24 00:00:00+00:00,156.115,156.372,155.443,155.475,25857
2025-01-24 04:00:00+00:00,155.479,155.587,154.892,155.383,33314
2025-01-24 08:00:00+00:00,155.361,156.096,154.95,156.096,33662
2025-01-24 12:00:00+00:00,156.126,156.56,155.667,155.729,39076
2025-01-24 16:00:00+00:00,155.717,156.016,155.518,155.815,24417
2025-01-24 20:00:00+00:00,155.851,156.012,155.842,156.012,5855
2025-01-26 20:00:00+00:00,155.611,155.774,155.567,155.717,3026
2025-01-27 00:00:00+00:00,155.719,155.862,155.308,155.79,21547
2025-01-27 04:00:00+00:00,155.807,156.226,155.7,155.878,23045
2025-01-27 08:00:00+00:00,155.86,155.86,153.74,153.966,45144
2025-01-27 12:00:00+00:00,153.945,154.667,153.866,154.342,47858
2025-01-27 16:00:00+00:00,154.356,154.705,154.099,154.542,32866
2025-01-27 20:00:00+00:00,154.562,154.978,154.448,154.919,17008
2025-01-28 00:00:00+00:00,154.862,155.733,154.845,155.733,31806
2025-01-28 04:00:00+00:00,155.737,155.968,155.517,155.863,22538
2025-01-28 08:00:00+00:00,155.894,155.928,155.213,155.435,27057
2025-01-28 12:00:00+00:00,155.433,155.733,155.061,155.715,35199
2025-01-28 16:00:00+00:00,155.736,155.736,155.519,155.531,25236
2025-01-28 20:00:00+00:00,155.544,155.602,155.49,155.557,10063
2025-01-29 00:00:00+00:00,155.546,155.784,155.331,155.425,19653
2025-01-29 04:00:00+00:00,155.409,155.409,155.013,155.286,21295
2025-01-29 08:00:00+00:00,155.233,155.513,155.025,155.418,24860
2025-01-29 12:00:00+00:00,155.403,155.485,154.95,155.007,33955
2025-01-29 16:00:00+00:00,155.009,155.559,155.003,155.241,33534
2025-01-29 20:00:00+00:00,155.254,155.38,155.044,155.178,17654
2025-01-30 00:00:00+00:00,155.154,155.154,154.306,154.523,22280
2025-01-30 04:00:00+00:00,154.54,154.72,154.367,154.49,20383
2025-01-30 08:00:00+00:00,154.509,154.64,154.327,154.591,28558
2025-01-30 12:00:00+00:00,154.555,154.591,153.809,154.135,43572
2025-01-30 16:00:00+00:00,154.127,154.485,154.092,154.108,28548
2025-01-30 20:00:00+00:00,154.134,154.483,153.996,154.082,17220
2025-01-31 00:00:00+00:00,154.108,154.416,153.929,154.353,21911
2025-01-31 04:00:00+00:00,154.358,154.895,154.321,154.652,25626
2025-01-31 08:00:00+00:00,154.706,154.842,154.49,154.842,27073
2025-01-31 12:00:00+00:00,154.824,154.984,154.53,154.82,38604
2025-01-31 16:00:00+00:00,154.846,155.19,154.672,155.141,35083
2025-01-31 20:00:00+00:00,155.15,155.198,155.02,155.167,10938
2025-02-02 20:00:00+00:00,154.752,155.417,154.752,155.344,4940
2025-02-03 00:00:00+00:00,155.457,155.853,155.416,155.648,27777
2025-02-03 04:00:00+00:00,155.633,155.738,155.292,155.622,27190
2025-02-03 08:00:00+00:00,155.666,155.697,154.599,154.604,32777
2025-02-03 12:00:00+00:00,154.613,154.829,154.033,154.679,43152
2025-02-03 16:00:00+00:00,154.78,155.009,154.58,154.895,37145
2025-02-03 20:00:00+00:00,154.821,155.283,154.571,155.266,15035
2025-02-04 00:00:00+00:00,155.244,155.39,155.076,155.211,20435
2025-02-04 04:00:00+00:00,155.206,155.373,154.894,155.325,26230
2025-02-04 08:00:00+00:00,155.393,155.486,155.085,155.312,26415
2025-02-04 12:00:00+00:00,155.344,155.392,154.549,154.668,34860
2025-02-04 16:00:00+00:00,154.624,154.624,154.171,154.286,28888
2025-02-04 20:00:00+00:00,154.232,154.447,154.039,154.127,11388
2025-02-05 00:00:00+00:00,154.141,154.344,153.103,153.216,26826
2025-02-05 04:00:00+00:00,153.205,153.536,153.092,153.302,25785
2025-02-05 08:00:00+00:00,153.346,153.375,152.56,152.869,30597
2025-02-05 12:00:00+00:00,152.88,153.184,152.119,152.136,42594
2025-02-05 16:00:00+00:00,152.165,152.529,152.128,152.526,28978
2025-02-05 20:00:00+00:00,152.563,152.762,152.456,152.644,11986
2025-02-06 00:00:00+00:00,152.553,152.676,151.817,152.237,22238
2025-02-06 04:00:00+00:00,152.239,152.662,152.137,152.579,21964
2025-02-06 08:00:00+00:00,152.5,152.863,152.37,152.431,27603
2025-02-06 12:00:00+00:00,152.413,152.521,151.671,151.685,40358
2025-02-06 16:00:00+00:00,151.702,152.045,151.247,151.388,30688
2025-02-06 20:00:00+00:00,151.389,151.525,151.161,151.161,10403
2025-02-07 00:00:00+00:00,151.221,151.729,150.965,151.583,22172
2025-02-07 04:00:00+00:00,151.541,151.867,151.541,151.824,20160
2025-02-07 08:00:00+00:00,151.88,152.166,151.674,152.154,24908
2025-02-07 12:00:00+00:00,152.149,152.308,151.318,151.385,46777
2025-02-07 16:00:00+00:00,151.414,151.758,150.952,151.378,40261
2025-02-07 20:00:00+00:00,151.34,151.448,151.264,151.403,8962
2025-02-09 20:00:00+00:00,151.481,151.872,151.262,151.872,3292
2025-02-10 00:00:00+00:00,151.847,152.179,151.651,151.919,21824
2025-02-10 04:00:00+00:00,151.933,152.171,151.785,152.167,22138
2025-02-10 08:00:00+00:00,152.168,152.528,152.032,152.118,26830
2025-02-10 12:00:00+00:00,152.089,152.239,151.595,151.608,31519
2025-02-10 16:00:00+00:00,151.575,152.061,151.575,151.976,22571
2025-02-10 20:00:00+00:00,151.971,152.03,151.769,151.788,9490
2025-02-11 00:00:00+00:00,151.749,152.035,151.704,151.979,16105
2025-02-11 04:00:00+00:00,152.0,152.038,151.846,151.95,15764
2025-02-11 08:00:00+00:00,151.965,152.374,151.686,152.336,25065
2025-02-11 12:00:00+00:00,152.327,152.583,152.234,152.492,33216
2025-02-11 16:00:00+00:00,152.499,152.542,152.257,152.488,24453
2025-02-11 20:00:00+00:00,152.492,152.757,152.363,152.732,11160
2025-02-12 00:00:00+00:00,152.779,153.669,152.779,153.628,20663
2025-02-12 04:00:00+00:00,153.64,153.72,153.421,153.679,21634
2025-02-12 08:00:00+00:00,153.788,153.846,153.424,153.548,23710
2025-02-12 12:00:00+00:00,153.547,154.61,153.49,154.44,41517
2025-02-12 16:00:00+00:00,154.445,154.782,154.295,154.426,29056
2025-02-12 20:00:00+00:00,154.433,154.455,154.211,154.231,11112
2025-02-13 00:00:00+00:00,154.251,154.649,154.123,154.241,21272
2025-02-13 04:00:00+00:00,154.256,154.478,153.968,154.277,25001
2025-02-13 08:00:00+00:00,154.256,154.323,153.732,153.842,27490
2025-02-13 12:00:00+00:00,153.802,153.999,153.076,153.135,41107
2025-02-13 16:00:00+00:00,153.133,153.335,152.801,152.931,29867
2025-02-13 20:00:00+00:00,152.963,153.151,152.71,152.979,11531
2025-02-14 00:00:00+00:00,152.96,153.071,152.477,152.836,19568
2025-02-14 04:00:00+00:00,152.811,152.884,152.408,152.727,20612
2025-02-14 08:00:00+00:00,152.706,152.837,152.488,152.705,26727
2025-02-14 12:00:00+00:00,152.683,152.817,152.088,152.14,37437
2025-02-14 16:00:00+00:00,152.177,152.382,152.027,152.209,22797
2025-02-14 20:00:00+00:00,152.24,152.347,152.24,152.299,6595
2025-02-16 20:00:00+00:00,152.231,152.37,151.989,152.003,2528
2025-02-17 00:00:00+00:00,151.99,152.111,151.515,151.617,19139
2025-02-17 04:00:00+00:00,151.61,151.877,151.49,151.863,23414
2025-02-17 08:00:00+00:00,151.864,151.937,151.5,151.5,27856
2025-02-17 12:00:00+00:00,151.484,151.535,151.351,151.367,27633
2025-02-17 16:00:00+00:00,151.369,151.448,151.355,151.399,19143
2025-02-17 20:00:00+00:00,151.402,151.615,151.275,151.436,13774
2025-02-18 00:00:00+00:00,151.446,152.081,151.446,152.08,23795
2025-02-18 04:00:00+00:00,152.139,152.204,151.803,152.052,29768
2025-02-18 08:00:00+00:00,152.095,152.095,151.683,151.782,28310
2025-02-18 12:00:00+00:00,151.78,151.872,151.529,151.656,35450
2025-02-18 16:00:00+00:00,151.661,152.032,151.65,151.919,28572
2025-02-18 20:00:00+00:00,151.942,152.122,151.918,151.919,14053
2025-02-19 00:00:00+00:00,151.902,152.312,151.76,151.891,24401
2025-02-19 04:00:00+00:00,151.886,151.932,151.591,151.663,29471
2025-02-19 08:00:00+00:00,151.634,151.941,151.566,151.841,32529
2025-02-19 12:00:00+00:00,151.862,151.918,151.256,151.415,39795
2025-02-19 16:00:00+00:00,151.461,151.83,151.401,151.521,30312
2025-02-19 20:00:00+00:00,151.533,151.567,151.127,151.218,13306
2025-02-20 00:00:00+00:00,151.21,151.211,150.399,150.43,31051
2025-02-20 04:00:00+00:00,150.379,150.47,149.963,150.171,32977
2025-02-20 08:00:00+00:00,150.236,150.413,149.999,150.221,30878
2025-02-20 12:00:00+00:00,150.213,150.213,149.478,149.511,48317
2025-02-20 16:00:00+00:00,149.555,149.802,149.396,149.774,35053
2025-02-20 20:00:00+00:00,149.794,149.821,149.328,149.474,16024
2025-02-21 00:00:00+00:00,149.602,150.715,149.508,150.305,26693
2025-02-21 04:00:00+00:00,150.306,150.635,150.128,150.544,28212
2025-02-21 08:00:00+00:00,150.548,150.588,150.205,150.27,34900
2025-02-21 12:00:00+00:00,150.278,150.498,149.509,149.549,43154
2025-02-21 16:00:00+00:00,149.52,149.61,148.95,149.073,45226
2025-02-21 20:00:00+00:00,149.073,149.333,149.008,149.277,16520
2025-02-23 20:00:00+00:00,149.181,149.402,149.099,149.402,3139
2025-02-24 00:00:00+00:00,149.376,149.49,148.851,149.156,29460
2025-02-24 04:00:00+00:00,149.136,149.54,149.129,149.456,34089
2025-02-24 08:00:00+00:00,149.482,149.76,149.247,149.732,38231
2025-02-24 12:00:00+00:00,149.744,149.855,149.196,149.295,47831
2025-02-24 16:00:00+00:00,149.377,149.782,149.342,149.678,42163
2025-02-24 20:00:00+00:00,149.641,149.904,149.596,149.901,18031
2025-02-25 00:00:00+00:00,149.93,150.289,149.619,149.667,25534
2025-02-25 04:00:00+00:00,149.659,149.843,149.217,149.279,34726
2025-02-25 08:00:00+00:00,149.282,149.921,149.282,149.809,43812
2025-02-25 12:00:00+00:00,149.771,149.808,148.577,149.073,53743
2025-02-25 16:00:00+00:00,149.058,149.243,148.79,149.076,50481
2025-02-25 20:00:00+00:00,149.081,149.175,148.868,149.047,20220
2025-02-26 00:00:00+00:00,149.032,149.488,148.654,149.394,27785
2025-02-26 04:00:00+00:00,149.423,149.603,149.305,149.529,34219
2025-02-26 08:00:00+00:00,149.505,149.575,149.232,149.542,38411
2025-02-26 12:00:00+00:00,149.534,149.879,149.331,149.486,49661
2025-02-26 16:00:00+00:00,149.505,149.516,148.822,148.835,48870
2025-02-26 20:00:00+00:00,148.866,149.178,148.758,148.871,19037
2025-02-27 00:00:00+00:00,148.85,149.386,148.795,149.22,25809
2025-02-27 04:00:00+00:00,149.201,149.409,149.086,149.264,32469
2025-02-27 08:00:00+00:00,149.208,149.968,149.173,149.794,36497
2025-02-27 12:00:00+00:00,149.786,150.121,149.51,149.941,58834
2025-02-27 16:00:00+00:00,149.979,150.151,149.778,149.864,49353
2025-02-27 20:00:00+00:00,149.834,150.084,149.546,150.084,21702
2025-02-28 00:00:00+00:00,150.121,150.121,149.126,149.604,30914
2025-02-28 04:00:00+00:00,149.586,150.529,149.528,150.432,36328
2025-02-28 08:00:00+00:00,150.428,150.678,150.208,150.391,38414
2025-02-28 12:00:00+00:00,150.419,150.972,150.324,150.676,58802
2025-02-28 16:00:00+00:00,150.709,150.791,150.244,150.541,60439
2025-02-28 20:00:00+00:00,150.58,150.618,150.448,150.618,17880
2025-03-02 20:00:00+00:00,150.785,151.011,150.643,150.804,3862
2025-03-03 00:00:00+00:00,150.905,150.905,150.254,150.453,31288
2025-03-03 04:00:00+00:00,150.432,150.517,150.165,150.172,33997
2025-03-03 08:00:00+00:00,150.107,151.224,149.952,151.205,43984
2025-03-03 12:00:00+00:00,151.186,151.298,150.092,150.235,55772
2025-03-03 16:00:00+00:00,150.311,150.348,150.077,150.247,55608
2025-03-03 20:00:00+00:00,150.221,150.221,149.109,149.301,31119
2025-03-04 00:00:00+00:00,149.476,149.48,148.618,149.162,34844
2025-03-04 04:00:00+00:00,149.147,149.546,148.967,149.35,45103
2025-03-04 08:00:00+00:00,149.356,149.411,148.326,148.365,57555
2025-03-04 12:00:00+00:00,148.294,148.683,148.102,148.355,69366
2025-03-04 16:00:00+00:00,148.38,149.354,148.308,149.319,65670
2025-03-04 20:00:00+00:00,149.28,149.962,149.043,149.814,29531
2025-03-05 00:00:00+00:00,149.8,150.168,149.611,149.967,34800
2025-03-05 04:00:00+00:00,149.911,149.911,149.432,149.451,39791
2025-03-05 08:00:00+00:00,149.496,149.593,149.113,149.396,53196
2025-03-05 12:00:00+00:00,149.377,149.716,148.406,148.918,69257
2025-03-05 16:00:00+00:00,148.896,149.133,148.496,148.789,63494
2025-03-05 20:00:00+00:00,148.766,148.991,148.721,148.882,22055
2025-03-06 00:00:00+00:00,148.944,149.301,148.944,149.226,28576
2025-03-06 04:00:00+00:00,149.241,149.279,148.283,148.375,41510
2025-03-06 08:00:00+00:00,148.37,148.37,147.707,147.827,57475
2025-03-06 12:00:00+00:00,147.839,148.293,147.33,148.236,68342
2025-03-06 16:00:00+00:00,148.213,148.375,147.588,147.691,63953
2025-03-06 20:00:00+00:00,147.716,148.149,147.716,148.149,22572
2025-03-07 00:00:00+00:00,148.068,148.094,147.451,147.605,29193
2025-03-07 04:00:00+00:00,147.571,147.738,147.402,147.654,37175
2025-03-07 08:00:00+00:00,147.604,147.752,147.204,147.692,48524
2025-03-07 12:00:00+00:00,147.688,147.947,146.999,147.516,68465
2025-03-07 16:00:00+00:00,147.501,148.181,146.971,148.03,65595
2025-03-07 20:00:00+00:00,147.996,148.111,147.841,148.027,18367
2025-03-09 20:00:00+00:00,147.874,147.874,147.4,147.584,7641
2025-03-10 00:00:00+00:00,147.609,147.747,147.087,147.641,28179
2025-03-10 04:00:00+00:00,147.631,147.779,147.509,147.564,34751
2025-03-10 08:00:00+00:00,147.628,147.628,146.879,147.128,52579
2025-03-10 12:00:00+00:00,147.136,147.282,146.645,147.15,65788
2025-03-10 16:00:00+00:00,147.131,147.456,147.054,147.295,57490
2025-03-10 20:00:00+00:00,147.259,147.354,146.786,147.07,15805
2025-03-11 00:00:00+00:00,147.033,147.164,146.556,147.118,36276
2025-03-11 04:00:00+00:00,147.093,147.381,146.79,146.94,41100
2025-03-11 08:00:00+00:00,146.931,147.717,146.928,147.606,50843
2025-03-11 12:00:00+00:00,147.602,148.087,147.278,147.493,71424
2025-03-11 16:00:00+00:00,147.449,147.896,147.028,147.755,65262
2025-03-11 20:00:00+00:00,147.787,148.053,147.643,148.049,12415
2025-03-12 00:00:00+00:00,148.024,148.14,147.847,148.074,24923
2025-03-12 04:00:00+00:00,148.067,148.601,147.989,148.592,34388
2025-03-12 08:00:00+00:00,148.635,148.765,148.271,148.734,40888
2025-03-12 12:00:00+00:00,148.73,149.187,148.213,148.315,65299
2025-03-12 16:00:00+00:00,148.308,148.416,148.123,148.351,50713
2025-03-12 20:00:00+00:00,148.365,148.365,148.062,148.288,10871
2025-03-13 00:00:00+00:00,148.264,148.359,148.039,148.042,23035
2025-03-13 04:00:00+00:00,148.045,148.111,147.588,147.786,38285
2025-03-13 08:00:00+00:00,147.763,148.222,147.694,147.992,44156
2025-03-13 12:00:00+00:00,147.98,148.331,147.667,147.708,61795
2025-03-13 16:00:00+00:00,147.72,147.808,147.419,147.697,50433
2025-03-13 20:00:00+00:00,147.725,147.967,147.697,147.932,9391
2025-03-14 00:00:00+00:00,147.94,148.405,147.848,148.338,21738
2025-03-14 04:00:00+00:00,148.346,149.002,148.328,148.752,31543
2025-03-14 08:00:00+00:00,148.706,148.974,148.62,148.728,42760
2025-03-14 12:00:00+00:00,148.686,148.862,148.382,148.517,52959
2025-03-14 16:00:00+00:00,148.519,148.653,148.277,148.642,34253
2025-03-14 20:00:00+00:00,148.633,148.643,148.564,148.63,4536
2025-03-16 20:00:00+00:00,148.626,148.84,148.479,148.602,5812
2025-03-17 00:00:00+00:00,148.526,148.873,148.485,148.728,22032
2025-03-17 04:00:00+00:00,148.72,149.077,148.72,148.833,29905
2025-03-17 08:00:00+00:00,148.851,148.969,148.425,148.457,37620
2025-03-17 12:00:00+00:00,148.446,149.05,148.408,148.558,55869
2025-03-17 16:00:00+00:00,148.531,149.277,148.531,149.156,35509
2025-03-17 20:00:00+00:00,149.122,149.392,149.072,149.392,9339
2025-03-18 00:00:00+00:00,149.391,149.725,149.257,149.687,20284
2025-03-18 04:00:00+00:00,149.672,149.872,149.512,149.831,23809
2025-03-18 08:00:00+00:00,149.834,149.899,149.574,149.745,32719
2025-03-18 12:00:00+00:00,149.714,149.932,149.421,149.492,51103
2025-03-18 16:00:00+00:00,149.483,149.636,149.107,149.272,40501
2025-03-18 20:00:00+00:00,149.331,149.462,149.179,149.434,8229
2025-03-19 00:00:00+00:00,149.403,149.639,149.251,149.322,18263
2025-03-19 04:00:00+00:00,149.315,149.998,149.249,149.275,27498
2025-03-19 08:00:00+00:00,149.339,149.874,149.325,149.828,29635
2025-03-19 12:00:00+00:00,149.837,150.133,149.601,150.03,39627
2025-03-19 16:00:00+00:00,150.019,150.024,148.719,148.842,44486
2025-03-19 20:00:00+00:00,148.894,148.894,148.458,148.458,11846
2025-03-20 00:00:00+00:00,148.44,148.507,148.201,148.364,20023
2025-03-20 04:00:00+00:00,148.35,148.637,148.183,148.589,23765
2025-03-20 08:00:00+00:00,148.556,148.771,148.403,148.457,39483
2025-03-20 12:00:00+00:00,148.42,148.945,148.406,148.85,50762
2025-03-20 16:00:00+00:00,148.882,148.944,148.714,148.788,39394
2025-03-20 20:00:00+00:00,148.817,148.817,148.597,148.617,8230
2025-03-21 00:00:00+00:00,148.632,149.244,148.58,149.215,20739
2025-03-21 04:00:00+00:00,149.246,149.635,149.218,149.313,27555
2025-03-21 08:00:00+00:00,149.349,149.532,148.876,148.887,33426
2025-03-21 12:00:00+00:00,148.887,148.984,148.633,148.984,50035
2025-03-21 16:00:00+00:00,149.046,149.336,148.959,149.332,35156
2025-03-21 20:00:00+00:00,149.323,149.357,149.291,149.307,2857
2025-03-23 20:00:00+00:00,149.221,149.681,149.221,149.66,4805
2025-03-24 00:00:00+00:00,149.696,149.94,149.476,149.81,18653
2025-03-24 04:00:00+00:00,149.807,149.867,149.54,149.648,24632
2025-03-24 08:00:00+00:00,149.628,149.789,149.495,149.747,33006
2025-03-24 12:00:00+00:00,149.739,150.739,149.707,150.739,41491
2025-03-24 16:00:00+00:00,150.737,150.749,150.495,150.645,31879
2025-03-24 20:00:00+00:00,150.654,150.844,150.636,150.774,9247
2025-03-25 00:00:00+00:00,150.835,150.937,150.597,150.623,19611
2025-03-25 04:00:00+00:00,150.623,150.734,150.421,150.723,23371
2025-03-25 08:00:00+00:00,150.762,150.762,150.061,150.177,32144
2025-03-25 12:00:00+00:00,150.141,150.141,149.546,149.768,43779
2025-03-25 16:00:00+00:00,149.764,149.926,149.71,149.858,26986
2025-03-25 20:00:00+00:00,149.862,149.991,149.847,149.939,7494
2025-03-26 00:00:00+00:00,149.927,150.458,149.837,150.432,19058
2025-03-26 04:00:00+00:00,150.448,150.616,150.385,150.397,25253
2025-03-26 08:00:00+00:00,150.377,150.381,150.018,150.208,28454
2025-03-26 12:00:00+00:00,150.171,150.742,150.118,150.684,44946
2025-03-26 16:00:00+00:00,150.624,150.705,150.351,150.573,37970
2025-03-26 20:00:00+00:00,150.568,150.602,150.285,150.468,11116
2025-03-27 00:00:00+00:00,150.512,150.619,150.086,150.149,20930
2025-03-27 04:00:00+00:00,150.163,150.546,150.059,150.534,28600
2025-03-27 08:00:00+00:00,150.522,151.019,150.522,151.019,33737
2025-03-27 12:00:00+00:00,151.041,151.085,150.593,150.967,51555
2025-03-27 16:00:00+00:00,151.002,151.144,150.932,151.038,36443
2025-03-27 20:00:00+00:00,151.042,151.111,150.771,150.85,8853
2025-03-28 00:00:00+00:00,150.861,151.199,150.717,150.81,21698
2025-03-28 04:00:00+00:00,150.778,150.935,150.398,150.398,25586
2025-03-28 08:00:00+00:00,150.442,150.857,150.368,150.804,30982
2025-03-28 12:00:00+00:00,150.79,150.853,149.917,150.26,57137
2025-03-28 16:00:00+00:00,150.269,150.28,149.748,149.755,37874
2025-03-28 20:00:00+00:00,149.725,149.866,149.687,149.838,4023
2025-03-30 20:00:00+00:00,149.726,149.726,149.322,149.617,7031
2025-03-31 00:00:00+00:00,149.564,149.564,148.744,148.922,36839
2025-03-31 04:00:00+00:00,148.931,149.221,148.711,149.136,42140
2025-03-31 08:00:00+00:00,149.164,149.418,148.979,149.381,42332
2025-03-31 12:00:00+00:00,149.388,149.951,149.362,149.906,56074
2025-03-31 16:00:00+00:00,149.928,150.262,149.814,149.96,39131
2025-03-31 20:00:00+00:00,149.985,150.127,149.836,149.943,10500
2025-04-01 00:00:00+00:00,149.898,149.98,149.649,149.663,27797
2025-04-01 04:00:00+00:00,149.601,149.976,149.533,149.617,35661
2025-04-01 08:00:00+00:00,149.618,149.711,149.121,149.197,39853
2025-04-01 12:00:00+00:00,149.212,149.533,148.977,149.403,56131
2025-04-01 16:00:00+00:00,149.426,149.739,149.233,149.617,43240
2025-04-01 20:00:00+00:00,149.603,149.873,149.52,149.749,9695
2025-04-02 00:00:00+00:00,149.743,149.94,149.712,149.75,25118
2025-04-02 04:00:00+00:00,149.746,149.98,149.649,149.675,28446
2025-04-02 08:00:00+00:00,149.625,149.712,149.205,149.216,36687
2025-04-02 12:00:00+00:00,149.2,150.074,149.111,149.988,55102
2025-04-02 16:00:00+00:00,150.009,150.245,149.925,150.021,44256
2025-04-02 20:00:00+00:00,149.972,150.318,147.743,147.88,28190
2025-04-03 00:00:00+00:00,147.901,148.318,147.127,147.268,43849
2025-04-03 04:00:00+00:00,147.233,147.611,146.837,147.259,45478
2025-04-03 08:00:00+00:00,147.22,147.352,146.04,146.04,27061
2025-04-03 12:00:00+00:00,146.048,146.325,145.338,146.042,38258
2025-04-03 16:00:00+00:00,146.092,146.489,145.967,146.244,31597
2025-04-03 20:00:00+00:00,146.174,146.3,145.555,146.252,13057
2025-04-04 00:00:00+00:00,146.253,146.39,145.642,145.663,24297
2025-04-04 04:00:00+00:00,145.707,146.269,145.326,146.269,27769
2025-04-04 08:00:00+00:00,146.337,146.5,144.602,145.394,38016
2025-04-04 12:00:00+00:00,145.333,146.174,145.057,145.921,47455
2025-04-04 16:00:00+00:00,145.881,147.374,145.881,146.823,37586
2025-04-04 20:00:00+00:00,146.955,146.985,146.784,146.984,4845
2025-04-06 20:00:00+00:00,145.482,145.608,144.885,145.436,13839
2025-04-07 00:00:00+00:00,145.413,146.782,145.178,146.289,55150
2025-04-07 04:00:00+00:00,146.323,146.433,145.095,145.786,67162
2025-04-07 08:00:00+00:00,145.72,146.612,145.72,146.381,71164
2025-04-07 12:00:00+00:00,146.553,147.961,146.406,147.961,81319
2025-04-07 16:00:00+00:00,147.967,148.134,147.544,147.939,69790
2025-04-07 20:00:00+00:00,148.032,148.119,147.693,147.789,17831
2025-04-08 00:00:00+00:00,147.636,147.934,147.27,147.596,46020
2025-04-08 04:00:00+00:00,147.611,147.784,146.992,147.393,52024
2025-04-08 08:00:00+00:00,147.449,147.505,146.798,146.907,58056
2025-04-08 12:00:00+00:00,146.851,147.625,146.68,147.021,73315
2025-04-08 16:00:00+00:00,147.031,147.095,145.971,146.274,76071
2025-04-08 20:00:00+00:00,146.289,146.456,145.628,145.85,20269
2025-04-09 00:00:00+00:00,145.809,145.886,145.149,145.33,55746
2025-04-09 04:00:00+00:00,145.19,145.609,144.589,145.51,70050
2025-04-09 08:00:00+00:00,145.501,145.749,144.655,144.655,62434
2025-04-09 12:00:00+00:00,144.601,145.098,144.045,145.098,74550
2025-04-09 16:00:00+00:00,145.112,148.184,144.743,147.938,67642
2025-04-09 20:00:00+00:00,147.971,148.016,147.3,147.399,19078
2025-04-10 00:00:00+00:00,147.416,147.432,146.621,146.826,46390
2025-04-10 04:00:00+00:00,146.836,147.115,146.271,146.271,53417
2025-04-10 08:00:00+00:00,146.232,146.411,145.332,145.521,56815
2025-04-10 12:00:00+00:00,145.522,145.581,144.067,144.342,73863
2025-04-10 16:00:00+00:00,144.407,145.116,144.109,144.657,72038
2025-04-10 20:00:00+00:00,144.662,144.831,143.727,143.747,19635
2025-04-11 00:00:00+00:00,143.646,143.697,142.916,143.191,50357
2025-04-11 04:00:00+00:00,143.194,144.106,142.83,142.83,56754
2025-04-11 08:00:00+00:00,142.67,143.204,142.1,142.615,67190
2025-04-11 12:00:00+00:00,142.621,143.696,142.25,143.576,71095
2025-04-11 16:00:00+00:00,143.656,144.183,143.526,143.598,54406
2025-04-11 20:00:00+00:00,143.59,143.72,143.501,143.72,4694
2025-04-13 20:00:00+00:00,143.855,144.024,143.531,143.696,9270
2025-04-14 00:00:00+00:00,143.591,143.591,142.285,143.023,43252
2025-04-14 04:00:00+00:00,143.054,143.266,142.253,143.076,46176
2025-04-14 08:00:00+00:00,143.06,143.336,142.781,143.24,46178
2025-04-14 12:00:00+00:00,143.241,144.049,142.933,142.972,63658
2025-04-14 16:00:00+00:00,142.922,143.22,142.807,143.026,48264
2025-04-14 20:00:00+00:00,143.107,143.319,142.922,143.215,12864
2025-04-15 00:00:00+00:00,143.212,143.582,143.079,143.126,28883
2025-04-15 04:00:00+00:00,143.114,143.503,142.859,143.302,37158
2025-04-15 08:00:00+00:00,143.218,143.251,142.689,142.901,43453
2025-04-15 12:00:00+00:00,142.893,143.238,142.617,143.096,58696
2025-04-15 16:00:00+00:00,143.114,143.241,143.047,143.191,35838
2025-04-15 20:00:00+00:00,143.175,143.27,142.915,143.158,11721
2025-04-16 00:00:00+00:00,143.085,143.097,142.504,142.523,28197
2025-04-16 04:00:00+00:00,142.511,142.652,142.07,142.095,40182
2025-04-16 08:00:00+00:00,142.143,142.888,142.076,142.657,45709
2025-04-16 12:00:00+00:00,142.678,142.811,142.329,142.577,53858
2025-04-16 16:00:00+00:00,142.541,142.673,141.658,142.108,47279
2025-04-16 20:00:00+00:00,142.141,142.192,141.626,141.924,12635
2025-04-17 00:00:00+00:00,141.938,142.842,141.938,142.609,33884
2025-04-17 04:00:00+00:00,142.602,142.91,142.495,142.892,34627
2025-04-17 08:00:00+00:00,142.841,143.03,142.462,142.592,39098
2025-04-17 12:00:00+00:00,142.596,142.667,141.91,142.332,61167
2025-04-17 16:00:00+00:00,142.339,142.696,142.211,142.382,41206
2025-04-17 20:00:00+00:00,142.382,142.382,142.382,142.382,1
2025-04-20 20:00:00+00:00,142.084,142.084,141.504,141.587,7408
2025-04-21 00:00:00+00:00,141.453,141.467,140.618,140.758,36714
2025-04-21 04:00:00+00:00,140.837,140.976,140.553,140.553,35041
2025-04-21 08:00:00+00:00,140.567,141.063,140.508,140.793,36247
2025-04-21 12:00:00+00:00,140.75,141.02,140.572,140.813,50966
2025-04-21 16:00:00+00:00,140.815,140.956,140.557,140.862,38892
2025-04-21 20:00:00+00:00,140.856,140.965,140.659,140.867,9991
2025-04-22 00:00:00+00:00,140.883,141.149,140.107,140.202,37058
2025-04-22 04:00:00+00:00,140.186,140.504,139.901,140.284,47849
2025-04-22 08:00:00+00:00,140.269,140.62,140.186,140.254,44373
2025-04-22 12:00:00+00:00,140.253,140.909,140.209,140.872,53365
2025-04-22 16:00:00+00:00,141.056,141.626,140.81,141.608,51955
2025-04-22 20:00:00+00:00,141.658,143.174,141.484,142.694,17486
2025-04-23 00:00:00+00:00,142.604,142.631,141.677,142.192,43242
2025-04-23 04:00:00+00:00,142.185,142.243,141.538,141.867,46497
2025-04-23 08:00:00+00:00,141.788,142.147,141.58,141.647,45750
2025-04-23 12:00:00+00:00,141.624,142.753,141.598,142.646,65948
2025-04-23 16:00:00+00:00,142.609,143.487,142.59,143.392,52261
2025-04-23 20:00:00+00:00,143.406,143.53,142.879,143.195,13634
2025-04-24 00:00:00+00:00,143.212,143.317,142.611,142.866,35255
2025-04-24 04:00:00+00:00,142.827,142.924,142.582,142.582,39444
2025-04-24 08:00:00+00:00,142.581,142.706,142.317,142.595,42182
2025-04-24 12:00:00+00:00,142.599,142.738,142.299,142.658,55761
2025-04-24 16:00:00+00:00,142.674,142.829,142.497,142.695,38259
2025-04-24 20:00:00+00:00,142.707,142.915,142.528,142.847,10578
2025-04-25 00:00:00+00:00,142.847,143.644,142.839,143.644,35037
2025-04-25 04:00:00+00:00,143.775,143.83,143.261,143.395,45778
2025-04-25 08:00:00+00:00,143.411,143.715,143.242,143.373,43767
2025-04-25 12:00:00+00:00,143.375,144.023,143.302,143.75,52767
2025-04-25 16:00:00+00:00,143.755,143.842,143.47,143.645,36568
2025-04-25 20:00:00+00:00,143.638,143.774,143.637,143.657,3908
2025-04-27 20:00:00+00:00,143.61,143.848,143.535,143.846,5525
2025-04-28 00:00:00+00:00,143.759,143.823,143.346,143.572,29100
2025-04-28 04:00:00+00:00,143.615,143.876,143.322,143.632,35751
2025-04-28 08:00:00+00:00,143.654,143.684,143.33,143.37,37104
2025-04-28 12:00:00+00:00,143.34,143.421,142.648,142.703,51298
2025-04-28 16:00:00+00:00,142.697,142.697,142.05,142.066,39750
2025-04-28 20:00:00+00:00,142.064,142.302,141.962,142.181,9483
2025-04-29 00:00:00+00:00,142.156,142.485,142.076,142.43,29844
2025-04-29 04:00:00+00:00,142.432,142.575,142.321,142.385,34569
2025-04-29 08:00:00+00:00,142.367,142.751,142.338,142.74,35669
2025-04-29 12:00:00+00:00,142.721,142.749,142.025,142.296,55800
2025-04-29 16:00:00+00:00,142.288,142.375,141.985,142.313,38147
2025-04-29 20:00:00+00:00,142.324,142.442,142.155,142.255,8633
2025-04-30 00:00:00+00:00,142.263,142.539,142.188,142.51,27828
2025-04-30 04:00:00+00:00,142.514,142.869,142.42,142.795,30453
2025-04-30 08:00:00+00:00,142.797,143.147,142.725,143.012,33361
2025-04-30 12:00:00+00:00,142.992,143.046,142.576,142.634,61840
2025-04-30 16:00:00+00:00,142.663,142.964,142.597,142.911,42039
2025-04-30 20:00:00+00:00,142.969,143.186,142.863,143.017,12908
2025-05-01 00:00:00+00:00,142.957,143.735,142.889,143.692,24699
2025-05-01 04:00:00+00:00,143.715,144.727,143.715,144.362,38397
2025-05-01 08:00:00+00:00,144.33,144.54,144.131,144.476,33398
2025-05-01 12:00:00+00:00,144.527,145.636,144.165,145.476,57158
2025-05-01 16:00:00+00:00,145.516,145.724,145.36,145.535,40216
2025-05-01 20:00:00+00:00,145.535,145.603,145.256,145.405,11026
2025-05-02 00:00:00+00:00,145.342,145.903,145.157,145.22,33895
2025-05-02 04:00:00+00:00,145.246,145.412,145.05,145.131,40696
2025-05-02 08:00:00+00:00,145.126,145.194,144.368,144.559,43378
2025-05-02 12:00:00+00:00,144.527,144.882,143.74,144.527,65093
2025-05-02 16:00:00+00:00,144.537,145.07,144.497,144.979,46308
2025-05-02 20:00:00+00:00,144.998,145.054,144.856,144.959,4868
2025-05-04 20:00:00+00:00,144.664,144.983,144.518,144.645,5261
2025-05-05 00:00:00+00:00,144.669,144.776,144.07,144.291,28545
2025-05-05 04:00:00+00:00,144.289,144.403,143.992,144.353,34349
2025-05-05 08:00:00+00:00,144.337,144.351,143.787,143.849,39552
2025-05-05 12:00:00+00:00,143.85,143.993,143.549,143.979,50052
2025-05-05 16:00:00+00:00,144.015,144.23,143.705,143.76,33527
2025-05-05 20:00:00+00:00,143.754,143.792,143.559,143.701,9257
2025-05-06 00:00:00+00:00,143.721,144.253,143.696,143.788,29550
2025-05-06 04:00:00+00:00,143.791,143.925,143.216,143.327,33910
2025-05-06 08:00:00+00:00,143.325,143.34,142.751,142.78,40893
2025-05-06 12:00:00+00:00,142.811,142.954,142.355,142.771,49136
2025-05-06 16:00:00+00:00,142.782,143.006,142.358,142.394,37681
2025-05-06 20:00:00+00:00,142.402,143.287,142.387,143.086,14077
2025-05-07 00:00:00+00:00,143.035,143.273,142.767,143.11,37884
2025-05-07 04:00:00+00:00,143.098,143.321,142.839,143.172,35359
2025-05-07 08:00:00+00:00,143.192,143.441,143.162,143.389,34489
2025-05-07 12:00:00+00:00,143.418,143.472,143.134,143.472,45364
2025-05-07 16:00:00+00:00,143.503,143.94,142.922,143.809,50525
2025-05-07 20:00:00+00:00,143.838,143.984,143.671,143.861,10953
2025-05-08 00:00:00+00:00,143.931,143.938,143.447,143.605,32925
2025-05-08 04:00:00+00:00,143.605,144.489,143.558,144.322,40273
2025-05-08 08:00:00+00:00,144.295,144.959,144.278,144.642,39805
2025-05-08 12:00:00+00:00,144.631,145.585,144.455,145.462,57859
2025-05-08 16:00:00+00:00,145.493,146.165,145.474,145.918,44315
2025-05-08 20:00:00+00:00,145.929,146.043,145.764,145.945,10368
2025-05-09 00:00:00+00:00,145.925,146.184,145.464,145.659,34167
2025-05-09 04:00:00+00:00,145.632,145.632,145.152,145.17,34006
2025-05-09 08:00:00+00:00,145.188,145.386,144.999,145.127,33857
2025-05-09 12:00:00+00:00,145.139,145.348,144.856,145.149,46638
2025-05-09 16:00:00+00:00,145.122,145.365,145.071,145.293,30101
2025-05-09 20:00:00+00:00,145.313,145.372,145.292,145.354,2621
2025-05-11 20:00:00+00:00,146.112,146.163,145.703,145.835,6408
2025-05-12 00:00:00+00:00,145.824,146.266,145.722,145.728,31980
2025-05-12 04:00:00+00:00,145.746,147.985,145.72,147.918,41890
2025-05-12 08:00:00+00:00,147.874,148.579,147.654,147.874,58508
2025-05-12 12:00:00+00:00,147.963,148.323,147.818,148.095,58533
2025-05-12 16:00:00+00:00,148.105,148.638,148.07,148.384,36718
2025-05-12 20:00:00+00:00,148.396,148.469,148.2,148.254,9236
2025-05-13 00:00:00+00:00,148.201,148.214,147.736,147.751,31871
2025-05-13 04:00:00+00:00,147.747,148.033,147.651,147.849,38172
2025-05-13 08:00:00+00:00,147.868,148.13,147.762,148.116,34737
2025-05-13 12:00:00+00:00,148.086,148.204,147.691,147.751,57754
2025-05-13 16:00:00+00:00,147.717,147.797,147.388,147.422,35252
2025-05-13 20:00:00+00:00,147.401,147.528,147.318,147.518,8350
2025-05-14 00:00:00+00:00,147.499,147.646,147.019,147.081,32000
2025-05-14 04:00:00+00:00,147.075,147.211,146.83,146.977,35700
2025-05-14 08:00:00+00:00,146.984,146.984,145.643,146.176,51417
2025-05-14 12:00:00+00:00,146.18,146.628,145.78,146.549,55878
2025-05-14 16:00:00+00:00,146.547,147.054,146.453,146.821,40380
2025-05-14 20:00:00+00:00,146.793,146.876,146.434,146.635,9276
2025-05-15 00:00:00+00:00,146.68,146.729,145.979,146.088,31257
2025-05-15 04:00:00+00:00,146.058,146.157,145.517,145.884,38893
2025-05-15 08:00:00+00:00,145.965,146.08,145.672,146.08,38343
2025-05-15 12:00:00+00:00,146.046,146.16,145.426,145.619,56945
2025-05-15 16:00:00+00:00,145.62,145.756,145.532,145.6,32113
2025-05-15 20:00:00+00:00,145.594,145.722,145.426,145.564,8727
2025-05-16 00:00:00+00:00,145.557,145.557,144.984,145.258,29174
2025-05-16 04:00:00+00:00,145.291,145.384,144.922,145.232,31435
2025-05-16 08:00:00+00:00,145.288,145.671,145.242,145.639,34703
2025-05-16 12:00:00+00:00,145.682,146.058,145.432,146.02,45901
2025-05-16 16:00:00+00:00,146.001,146.069,145.834,145.958,26369
2025-05-16 20:00:00+00:00,145.916,145.952,145.563,145.578,4607
2025-05-18 20:00:00+00:00,145.181,145.436,145.137,145.233,2432
2025-05-19 00:00:00+00:00,145.279,145.31,144.828,145.243,34718
2025-05-19 04:00:00+00:00,145.243,145.336,144.674,144.849,38275
2025-05-19 08:00:00+00:00,144.891,145.037,144.711,144.896,41006
2025-05-19 12:00:00+00:00,144.886,145.19,144.813,144.989,51323
2025-05-19 16:00:00+00:00,145.009,145.098,144.801,144.846,29525
2025-05-19 20:00:00+00:00,144.854,144.984,144.778,144.973,8448
2025-05-20 00:00:00+00:00,145.005,145.457,144.738,144.807,31622
2025-05-20 04:00:00+00:00,144.766,144.837,144.102,144.126,40316
2025-05-20 08:00:00+00:00,144.149,144.656,144.149,144.59,34901
2025-05-20 12:00:00+00:00,144.584,144.973,144.519,144.723,48076
2025-05-20 16:00:00+00:00,144.706,144.881,144.433,144.541,30208
2025-05-20 20:00:00+00:00,144.557,144.616,144.163,144.317,9836
2025-05-21 00:00:00+00:00,144.303,144.336,143.735,143.784,33138
2025-05-21 04:00:00+00:00,143.774,143.929,143.462,143.9,40131
2025-05-21 08:00:00+00:00,143.862,144.179,143.47,143.752,42917
2025-05-21 12:00:00+00:00,143.749,143.87,143.597,143.684,52888
2025-05-21 16:00:00+00:00,143.712,143.765,143.288,143.681,45910
2025-05-21 20:00:00+00:00,143.756,144.315,143.55,143.691,12372
2025-05-22 00:00:00+00:00,143.651,143.716,143.148,143.319,33752
2025-05-22 04:00:00+00:00,143.297,143.405,143.019,143.054,38105
2025-05-22 08:00:00+00:00,143.048,143.754,142.831,143.36,43556
2025-05-22 12:00:00+00:00,143.359,144.04,143.275,143.895,58334
2025-05-22 16:00:00+00:00,143.92,144.31,143.884,143.997,34841
2025-05-22 20:00:00+00:00,144.007,144.123,143.761,143.854,9012
2025-05-23 00:00:00+00:00,143.852,143.991,143.424,143.435,28779
2025-05-23 04:00:00+00:00,143.404,143.577,143.236,143.311,32370
2025-05-23 08:00:00+00:00,143.34,143.416,142.516,142.625,41038
2025-05-23 12:00:00+00:00,142.528,142.876,142.463,142.612,63876
2025-05-23 16:00:00+00:00,142.65,142.76,142.448,142.49,36489
2025-05-23 20:00:00+00:00,142.512,142.573,142.483,142.52,4055
2025-05-25 20:00:00+00:00,142.436,143.052,142.349,142.823,6306
2025-05-26 00:00:00+00:00,142.774,142.853,142.228,142.452,31524
2025-05-26 04:00:00+00:00,142.472,142.913,142.472,142.89,34796
2025-05-26 08:00:00+00:00,142.871,142.982,142.758,142.928,26059
2025-05-26 12:00:00+00:00,142.898,143.023,142.752,142.845,24227
2025-05-26 16:00:00+00:00,142.864,142.864,142.707,142.775,8960
2025-05-26 20:00:00+00:00,142.771,142.97,142.617,142.626,6454
2025-05-27 00:00:00+00:00,142.574,142.596,142.128,142.442,27716
2025-05-27 04:00:00+00:00,142.44,143.86,142.384,143.739,44965
2025-05-27 08:00:00+00:00,143.715,144.17,143.636,144.099,38828
2025-05-27 12:00:00+00:00,144.104,144.449,143.89,144.382,49553
2025-05-27 16:00:00+00:00,144.392,144.433,144.238,144.327,27590
2025-05-27 20:00:00+00:00,144.307,144.406,144.132,144.132,8412
2025-05-28 00:00:00+00:00,144.084,144.736,143.87,144.363,37111
2025-05-28 04:00:00+00:00,144.331,144.66,144.087,144.15,39206
2025-05-28 08:00:00+00:00,144.157,144.427,144.002,144.427,35254
2025-05-28 12:00:00+00:00,144.45,145.067,144.328,145.048,49107
2025-05-28 16:00:00+00:00,145.043,145.044,144.827,144.903,31095
2025-05-28 20:00:00+00:00,144.871,146.005,144.74,145.717,14347
2025-05-29 00:00:00+00:00,145.841,146.268,145.607,145.742,37907
2025-05-29 04:00:00+00:00,145.767,146.086,145.213,145.258,39672
2025-05-29 08:00:00+00:00,145.264,145.33,144.881,145.084,41050
2025-05-29 12:00:00+00:00,145.068,145.068,144.086,144.096,58317
2025-05-29 16:00:00+00:00,144.097,144.243,143.973,144.13,37733
2025-05-29 20:00:00+00:00,144.137,144.231,143.749,143.749,10463
2025-05-30 00:00:00+00:00,143.712,144.012,143.44,143.858,33936
2025-05-30 04:00:00+00:00,143.817,144.136,143.703,144.028,39728
2025-05-30 08:00:00+00:00,144.059,144.185,143.789,143.845,39810
2025-05-30 12:00:00+00:00,143.855,144.403,143.512,144.185,58199
2025-05-30 16:00:00+00:00,144.161,144.161,143.791,143.865,38965
2025-05-30 20:00:00+00:00,143.882,144.076,143.88,143.99,4533
2025-06-01 20:00:00+00:00,143.851,143.977,143.73,143.79,4592
2025-06-02 00:00:00+00:00,143.744,143.744,143.331,143.526,31223
2025-06-02 04:00:00+00:00,143.546,143.598,142.825,142.902,38868
2025-06-02 08:00:00+00:00,142.928,142.964,142.622,142.754,42685
2025-06-02 12:00:00+00:00,142.806,143.058,142.548,142.771,53989
2025-06-02 16:00:00+00:00,142.789,142.996,142.667,142.71,37488
2025-06-02 20:00:00+00:00,142.738,142.744,142.41,142.423,10635
2025-06-03 00:00:00+00:00,142.455,143.258,142.455,143.161,30012
2025-06-03 04:00:00+00:00,143.163,143.188,142.624,142.829,34243
2025-06-03 08:00:00+00:00,142.829,143.158,142.683,143.081,35953
2025-06-03 12:00:00+00:00,143.086,143.986,143.054,143.939,47916
2025-06-03 16:00:00+00:00,143.924,144.098,143.839,144.072,29948
2025-06-03 20:00:00+00:00,144.056,144.075,143.806,143.818,8383
2025-06-04 00:00:00+00:00,143.824,144.257,143.682,144.059,29560
2025-06-04 04:00:00+00:00,144.067,144.349,143.805,144.086,34912
2025-06-04 08:00:00+00:00,144.1,144.312,143.862,144.268,33144
2025-06-04 12:00:00+00:00,144.205,144.262,142.918,142.918,53686
2025-06-04 16:00:00+00:00,142.913,142.924,142.624,142.882,30425
2025-06-04 20:00:00+00:00,142.889,142.891,142.543,142.722,8796
2025-06-05 00:00:00+00:00,142.7,142.992,142.596,142.992,31079
2025-06-05 04:00:00+00:00,143.021,143.375,142.908,143.347,33053
2025-06-05 08:00:00+00:00,143.324,143.385,143.055,143.27,34861
2025-06-05 12:00:00+00:00,143.28,143.933,142.795,143.86,63526
2025-06-05 16:00:00+00:00,143.958,143.958,143.485,143.682,43410
2025-06-05 20:00:00+00:00,143.723,143.723,143.43,143.551,11612
2025-06-06 00:00:00+00:00,143.597,143.894,143.547,143.753,26117
2025-06-06 04:00:00+00:00,143.761,144.119,143.737,143.906,31575
2025-06-06 08:00:00+00:00,143.944,144.178,143.888,144.154,32536
2025-06-06 12:00:00+00:00,144.159,145.086,144.102,144.877,61285
2025-06-06 16:00:00+00:00,144.872,144.976,144.775,144.785,35964
2025-06-06 20:00:00+00:00,144.79,144.878,144.781,144.844,4005
2025-06-08 20:00:00+00:00,144.799,144.799,144.605,144.689,3544
2025-06-09 00:00:00+00:00,144.678,144.934,144.359,144.496,29683
2025-06-09 04:00:00+00:00,144.489,144.494,144.114,144.141,29224
2025-06-09 08:00:00+00:00,144.116,144.511,143.984,144.491,32897
2025-06-09 12:00:00+00:00,144.485,144.762,144.35,144.371,41875
2025-06-09 16:00:00+00:00,144.383,144.595,144.364,144.563,25983
2025-06-09 20:00:00+00:00,144.576,144.647,144.466,144.56,10951
2025-06-10 00:00:00+00:00,144.581,145.266,144.4,144.83,36459
2025-06-10 04:00:00+00:00,144.836,144.945,144.445,144.742,39928
2025-06-10 08:00:00+00:00,144.702,144.755,144.487,144.583,31905
2025-06-10 12:00:00+00:00,144.547,144.945,144.443,144.914,40724
2025-06-10 16:00:00+00:00,144.891,145.034,144.794,144.905,26435
2025-06-10 20:00:00+00:00,144.914,145.137,144.799,144.838,16822
2025-06-11 00:00:00+00:00,144.855,145.122,144.661,145.007,34088
2025-06-11 04:00:00+00:00,145.033,145.242,144.938,145.123,31119
2025-06-11 08:00:00+00:00,145.138,145.324,144.932,145.284,31255
2025-06-11 12:00:00+00:00,145.277,145.413,144.355,144.487,54008
2025-06-11 16:00:00+00:00,144.492,144.64,144.337,144.629,36786
2025-06-11 20:00:00+00:00,144.626,144.687,144.123,144.183,17419
2025-06-12 00:00:00+00:00,144.136,144.325,143.772,143.892,38943
2025-06-12 04:00:00+00:00,143.901,144.124,143.649,143.876,35179
2025-06-12 08:00:00+00:00,143.894,143.921,143.402,143.619,44553
2025-06-12 12:00:00+00:00,143.687,143.895,143.2,143.646,55523
2025-06-12 16:00:00+00:00,143.71,143.732,143.486,143.576,32349
2025-06-12 20:00:00+00:00,143.578,143.586,143.09,143.09,15002
2025-06-13 00:00:00+00:00,143.177,143.703,142.842,143.485,55639
2025-06-13 04:00:00+00:00,143.492,143.854,143.419,143.794,45701
2025-06-13 08:00:00+00:00,143.812,144.412,143.679,144.127,46333
2025-06-13 12:00:00+00:00,144.135,144.446,143.97,144.042,51516
2025-06-13 16:00:00+00:00,144.02,144.191,143.857,143.936,39145
2025-06-13 20:00:00+00:00,143.97,144.128,143.97,144.01,6576
2025-06-15 20:00:00+00:00,144.091,144.091,144.091,144.091,1
2025-06-16 00:00:00+00:00,144.53,144.579,144.17,144.476,32815
2025-06-16 04:00:00+00:00,144.456,144.467,143.979,144.178,36949
2025-06-16 08:00:00+00:00,144.199,144.338,143.983,144.115,32882
2025-06-16 12:00:00+00:00,144.131,144.266,143.664,144.132,48640
2025-06-16 16:00:00+00:00,144.105,144.878,144.084,144.858,32917
2025-06-16 20:00:00+00:00,144.836,144.836,144.434,144.683,18826
2025-06-17 00:00:00+00:00,144.77,145.108,144.667,144.667,33564
2025-06-17 04:00:00+00:00,144.648,144.999,144.409,144.526,37967
2025-06-17 08:00:00+00:00,144.524,144.927,144.489,144.611,37754
2025-06-17 12:00:00+00:00,144.612,145.279,144.573,145.036,49058
2025-06-17 16:00:00+00:00,145.031,145.368,144.918,145.216,39940
2025-06-17 20:00:00+00:00,145.237,145.428,145.059,145.387,15738
2025-06-18 00:00:00+00:00,145.421,145.424,145.05,145.072,34380
2025-06-18 04:00:00+00:00,145.086,145.101,144.859,144.953,33640
2025-06-18 08:00:00+00:00,144.971,145.117,144.804,144.847,33531
2025-06-18 12:00:00+00:00,144.846,144.958,144.573,144.573,46537
2025-06-18 16:00:00+00:00,144.572,145.202,144.486,145.117,47156
2025-06-18 20:00:00+00:00,145.171,145.171,144.899,144.95,17333
2025-06-19 00:00:00+00:00,144.964,145.215,144.778,145.073,34199
2025-06-19 04:00:00+00:00,145.079,145.386,145.024,145.386,34234
2025-06-19 08:00:00+00:00,145.348,145.767,145.253,145.669,34467
2025-06-19 12:00:00+00:00,145.683,145.744,145.365,145.633,34229
2025-06-19 16:00:00+00:00,145.645,145.728,145.347,145.408,18588
2025-06-19 20:00:00+00:00,145.44,145.538,145.202,145.228,16481
2025-06-20 00:00:00+00:00,145.221,145.35,145.138,145.276,33131
2025-06-20 04:00:00+00:00,145.287,145.473,145.245,145.411,31042
2025-06-20 08:00:00+00:00,145.402,145.605,145.252,145.59,29671
2025-06-20 12:00:00+00:00,145.591,145.953,145.46,145.926,46563
2025-06-20 16:00:00+00:00,145.914,146.178,145.784,146.176,30169
2025-06-20 20:00:00+00:00,146.199,146.199,146.059,146.092,5525
2025-06-22 20:00:00+00:00,146.575,146.638,146.207,146.208,6206
2025-06-23 00:00:00+00:00,146.176,146.752,146.152,146.701,33963
2025-06-23 04:00:00+00:00,146.707,147.393,146.707,147.33,39780
2025-06-23 08:00:00+00:00,147.343,147.993,147.343,147.589,42410
2025-06-23 12:00:00+00:00,147.579,147.628,146.345,146.469,55193
2025-06-23 16:00:00+00:00,146.453,146.524,146.022,146.141,49645
2025-06-23 20:00:00+00:00,146.122,146.195,145.707,145.917,23096
2025-06-24 00:00:00+00:00,145.859,145.916,145.295,145.417,40176
2025-06-24 04:00:00+00:00,145.419,145.513,145.013,145.311,40181
2025-06-24 08:00:00+00:00,145.285,145.285,144.858,144.964,39569
2025-06-24 12:00:00+00:00,145.021,145.172,144.517,144.899,51751
2025-06-24 16:00:00+00:00,144.89,144.949,144.592,144.772,30765
2025-06-24 20:00:00+00:00,144.804,144.962,144.769,144.929,13060
2025-06-25 00:00:00+00:00,144.901,145.037,144.616,144.973,35294
2025-06-25 04:00:00+00:00,144.969,145.366,144.869,145.306,32066
2025-06-25 08:00:00+00:00,145.287,145.796,145.245,145.752,32582
2025-06-25 12:00:00+00:00,145.764,145.944,145.533,145.589,43794
2025-06-25 16:00:00+00:00,145.557,145.557,145.127,145.237,32552
2025-06-25 20:00:00+00:00,145.233,145.331,144.888,144.911,15706
2025-06-26 00:00:00+00:00,144.894,144.924,144.591,144.787,34434
2025-06-26 04:00:00+00:00,144.833,144.931,143.941,144.065,37536
2025-06-26 08:00:00+00:00,144.067,144.433,143.776,144.391,41137
2025-06-26 12:00:00+00:00,144.368,144.5,144.169,144.343,54742
2025-06-26 16:00:00+00:00,144.357,144.397,144.063,144.368,34634
2025-06-26 20:00:00+00:00,144.349,144.686,144.303,144.682,15534
2025-06-27 00:00:00+00:00,144.637,144.79,144.212,144.45,36199
2025-06-27 04:00:00+00:00,144.455,144.584,144.219,144.482,35647
2025-06-27 08:00:00+00:00,144.484,144.675,144.26,144.493,34040
2025-06-27 12:00:00+00:00,144.533,144.941,144.368,144.735,51000
2025-06-27 16:00:00+00:00,144.736,144.854,144.544,144.753,39630
2025-06-27 20:00:00+00:00,144.742,144.742,144.62,144.651,6779
2025-06-29 20:00:00+00:00,144.315,144.654,144.315,144.501,4922
2025-06-30 00:00:00+00:00,144.512,144.729,144.101,144.222,32965
2025-06-30 04:00:00+00:00,144.213,144.213,143.786,144.12,38182
2025-06-30 08:00:00+00:00,144.086,144.334,144.036,144.331,37045
2025-06-30 12:00:00+00:00,144.332,144.49,144.163,144.163,49147
2025-06-30 16:00:00+00:00,144.177,144.377,144.001,144.038,33880
2025-06-30 20:00:00+00:00,143.968,144.16,143.793,143.802,14828
2025-07-01 00:00:00+00:00,143.752,143.882,143.482,143.879,33254
2025-07-01 04:00:00+00:00,143.893,143.923,143.068,143.068,34303
2025-07-01 08:00:00+00:00,143.045,143.148,142.712,142.735,44070
2025-07-01 12:00:00+00:00,142.712,143.632,142.712,143.579,55690
2025-07-01 16:00:00+00:00,143.637,143.791,143.595,143.767,37567
2025-07-01 20:00:00+00:00,143.731,143.731,143.29,143.37,13190
2025-07-02 00:00:00+00:00,143.423,143.73,143.423,143.526,30972
2025-07-02 04:00:00+00:00,143.521,144.02,143.466,143.9,32170
2025-07-02 08:00:00+00:00,143.922,144.229,143.788,144.183,33963
2025-07-02 12:00:00+00:00,144.187,144.206,143.529,143.762,56486
2025-07-02 16:00:00+00:00,143.756,143.792,143.58,143.613,31329
2025-07-02 20:00:00+00:00,143.616,143.765,143.484,143.52,11897
2025-07-03 00:00:00+00:00,143.494,143.87,143.462,143.849,30344
2025-07-03 04:00:00+00:00,143.816,143.922,143.688,143.857,29562
2025-07-03 08:00:00+00:00,143.891,143.897,143.738,143.863,32888
2025-07-03 12:00:00+00:00,143.86,145.189,143.817,144.972,59643
2025-07-03 16:00:00+00:00,144.957,145.206,144.957,145.036,21534
2025-07-03 20:00:00+00:00,145.077,145.077,144.695,144.706,11295
2025-07-04 00:00:00+00:00,144.759,144.783,144.471,144.52,26201
2025-07-04 04:00:00+00:00,144.512,144.512,144.189,144.408,29202
2025-07-04 08:00:00+00:00,144.402,144.402,144.286,144.395,27708
2025-07-04 12:00:00+00:00,144.382,144.557,144.363,144.528,24902
2025-07-04 16:00:00+00:00,144.538,144.576,144.435,144.563,24642
2025-07-04 20:00:00+00:00,144.554,144.575,144.434,144.468,3889
2025-07-06 20:00:00+00:00,144.386,144.62,144.363,144.483,3778
2025-07-07 00:00:00+00:00,144.457,144.843,144.226,144.835,27767
2025-07-07 04:00:00+00:00,144.843,145.198,144.781,145.198,32555
2025-07-07 08:00:00+00:00,145.207,145.51,145.124,145.492,34360
2025-07-07 12:00:00+00:00,145.498,145.894,145.498,145.866,38680
2025-07-07 16:00:00+00:00,145.885,146.241,145.753,146.054,41893
2025-07-07 20:00:00+00:00,146.041,146.149,145.83,145.875,11108
2025-07-08 00:00:00+00:00,145.916,146.443,145.829,146.072,30628
2025-07-08 04:00:00+00:00,146.082,146.272,145.889,146.038,41150
2025-07-08 08:00:00+00:00,146.05,146.648,146.05,146.585,38050
2025-07-08 12:00:00+00:00,146.587,146.975,146.463,146.816,50177
2025-07-08 16:00:00+00:00,146.815,146.859,146.616,146.623,42921
2025-07-08 20:00:00+00:00,146.613,146.869,146.472,146.865,11315
2025-07-09 00:00:00+00:00,146.879,147.171,146.742,147.099,32000
2025-07-09 04:00:00+00:00,147.113,147.139,146.693,146.84,35649
2025-07-09 08:00:00+00:00,146.863,146.863,146.542,146.763,36159
2025-07-09 12:00:00+00:00,146.746,146.746,146.28,146.53,49070
2025-07-09 16:00:00+00:00,146.517,146.517,146.255,146.314,35106
2025-07-09 20:00:00+00:00,146.347,146.484,146.085,146.104,9553
2025-07-10 00:00:00+00:00,146.088,146.252,145.758,146.252,29173
2025-07-10 04:00:00+00:00,146.255,146.455,146.086,146.283,32994
2025-07-10 08:00:00+00:00,146.288,146.393,146.088,146.249,33258
2025-07-10 12:00:00+00:00,146.264,146.756,146.212,146.462,49633
2025-07-10 16:00:00+00:00,146.47,146.498,146.179,146.235,38853
2025-07-10 20:00:00+00:00,146.253,146.282,146.139,146.275,9306
2025-07-11 00:00:00+00:00,146.257,147.034,146.257,146.95,34094
2025-07-11 04:00:00+00:00,146.948,147.161,146.737,146.856,37710
2025-07-11 08:00:00+00:00,146.894,147.078,146.761,147.026,40267
2025-07-11 12:00:00+00:00,147.036,147.512,146.836,147.288,50508
2025-07-11 16:00:00+00:00,147.29,147.47,147.255,147.373,34249
2025-07-11 20:00:00+00:00,147.371,147.46,147.349,147.415,5131
2025-07-13 20:00:00+00:00,147.128,147.558,147.128,147.292,6150
2025-07-14 00:00:00+00:00,147.267,147.384,146.872,147.299,27116
2025-07-14 04:00:00+00:00,147.365,147.455,147.213,147.367,32464
2025-07-14 08:00:00+00:00,147.362,147.46,147.163,147.408,31503
2025-07-14 12:00:00+00:00,147.361,147.691,147.232,147.691,40471
2025-07-14 16:00:00+00:00,147.716,147.764,147.668,147.718,25385
2025-07-14 20:00:00+00:00,147.743,147.879,147.676,147.781,7601
2025-07-15 00:00:00+00:00,147.771,147.811,147.555,147.675,25428
2025-07-15 04:00:00+00:00,147.674,147.785,147.556,147.731,28004
2025-07-15 08:00:00+00:00,147.71,147.944,147.611,147.91,29231
2025-07-15 12:00:00+00:00,147.92,149.015,147.761,148.757,54699
2025-07-15 16:00:00+00:00,148.744,148.989,148.735,148.845,33879
2025-07-15 20:00:00+00:00,148.855,148.928,148.732,148.775,9964
2025-07-16 00:00:00+00:00,148.781,149.078,148.726,149.042,23494
2025-07-16 04:00:00+00:00,149.045,149.169,148.626,148.882,31793
2025-07-16 08:00:00+00:00,148.879,148.893,148.637,148.761,28549
2025-07-16 12:00:00+00:00,148.738,148.921,146.986,148.099,60130
2025-07-16 16:00:00+00:00,148.253,148.309,147.498,147.841,44924
2025-07-16 20:00:00+00:00,147.88,148.045,147.723,147.991,11257
2025-07-17 00:00:00+00:00,148.003,148.656,148.003,148.548,27597
2025-07-17 04:00:00+00:00,148.544,148.78,148.372,148.718,34098
2025-07-17 08:00:00+00:00,148.734,148.827,148.551,148.768,33268
2025-07-17 12:00:00+00:00,148.754,149.007,148.398,148.555,53369
2025-07-17 16:00:00+00:00,148.545,148.746,148.478,148.581,32833
2025-07-17 20:00:00+00:00,148.568,148.62,148.292,148.44,9800
2025-07-18 00:00:00+00:00,148.436,148.67,148.33,148.67,25086
2025-07-18 04:00:00+00:00,148.666,148.857,148.635,148.785,28833
2025-07-18 08:00:00+00:00,148.726,148.726,148.464,148.501,30829
2025-07-18 12:00:00+00:00,148.514,148.558,148.215,148.55,43790
2025-07-18 16:00:00+00:00,148.545,148.805,148.533,148.745,30232
2025-07-18 20:00:00+00:00,148.715,148.834,148.696,148.827,5107
2025-07-20 20:00:00+00:00,147.9,148.648,147.9,148.45,5222
2025-07-21 00:00:00+00:00,148.42,148.544,148.259,148.463,21546
2025-07-21 04:00:00+00:00,148.469,148.522,147.781,148.106,29967
2025-07-21 08:00:00+00:00,148.078,148.121,147.512,147.545,31355
2025-07-21 12:00:00+00:00,147.53,147.713,147.26,147.27,41220
2025-07-21 16:00:00+00:00,147.291,147.368,147.102,147.356,25888
2025-07-21 20:00:00+00:00,147.376,147.487,147.173,147.396,7655
2025-07-22 00:00:00+00:00,147.457,147.697,147.407,147.575,22812
2025-07-22 04:00:00+00:00,147.586,147.941,147.547,147.71,26247
2025-07-22 08:00:00+00:00,147.649,147.755,147.161,147.195,29612
2025-07-22 12:00:00+00:00,147.152,147.239,146.35,146.371,48907
2025-07-22 16:00:00+00:00,146.428,146.597,146.329,146.558,27304
2025-07-22 20:00:00+00:00,146.567,146.919,146.328,146.758,11321
2025-07-23 00:00:00+00:00,146.735,147.171,146.204,146.931,35499
2025-07-23 04:00:00+00:00,146.948,147.198,146.618,146.749,35810
2025-07-23 08:00:00+00:00,146.742,146.882,146.122,146.21,33011
2025-07-23 12:00:00+00:00,146.174,146.728,146.166,146.551,42612
2025-07-23 16:00:00+00:00,146.564,146.613,146.379,146.524,32733
2025-07-23 20:00:00+00:00,146.496,146.52,146.245,146.343,9372
2025-07-24 00:00:00+00:00,146.336,146.478,145.852,146.009,30453
2025-07-24 04:00:00+00:00,146.061,146.446,145.957,146.419,34613
2025-07-24 08:00:00+00:00,146.444,146.65,146.312,146.479,32298
2025-07-24 12:00:00+00:00,146.49,146.922,146.372,146.922,51192
2025-07-24 16:00:00+00:00,146.923,146.958,146.758,146.934,29497
2025-07-24 20:00:00+00:00,146.943,147.218,146.886,147.003,11718
2025-07-25 00:00:00+00:00,147.02,147.48,147.02,147.216,27570
2025-07-25 04:00:00+00:00,147.204,147.413,146.865,147.38,34344
2025-07-25 08:00:00+00:00,147.382,147.921,147.368,147.676,34397
2025-07-25 12:00:00+00:00,147.683,147.902,147.534,147.78,48494
2025-07-25 16:00:00+00:00,147.769,147.829,147.537,147.615,27888
2025-07-25 20:00:00+00:00,147.643,147.685,147.631,147.664,4279
2025-07-27 20:00:00+00:00,147.688,147.87,147.63,147.778,4787
2025-07-28 00:00:00+00:00,147.756,148.011,147.521,147.719,27114
2025-07-28 04:00:00+00:00,147.694,148.332,147.633,148.289,35476
2025-07-28 08:00:00+00:00,148.306,148.443,148.096,148.142,37865
2025-07-28 12:00:00+00:00,148.13,148.486,147.958,148.459,47277
2025-07-28 16:00:00+00:00,148.486,148.567,148.397,148.548,27964
2025-07-28 20:00:00+00:00,148.552,148.629,148.45,148.455,7781
2025-07-29 00:00:00+00:00,148.47,148.682,148.295,148.355,26084
2025-07-29 04:00:00+00:00,148.398,148.727,148.155,148.58,34578
2025-07-29 08:00:00+00:00,148.581,148.735,148.368,148.713,33509
2025-07-29 12:00:00+00:00,148.719,148.779,148.376,148.577,47444
2025-07-29 16:00:00+00:00,148.584,148.589,148.341,148.499,35090
2025-07-29 20:00:00+00:00,148.489,148.522,148.395,148.419,8319
2025-07-30 00:00:00+00:00,148.383,148.435,147.859,147.975,28018
2025-07-30 04:00:00+00:00,148.009,148.162,147.822,148.078,34153
2025-07-30 08:00:00+00:00,148.059,148.356,147.865,148.311,36056
2025-07-30 12:00:00+00:00,148.274,149.098,148.274,149.075,52222
2025-07-30 16:00:00+00:00,149.087,149.435,148.537,149.41,48460
2025-07-30 20:00:00+00:00,149.393,149.524,149.212,149.219,12418
2025-07-31 00:00:00+00:00,149.211,149.383,148.616,148.748,27516
2025-07-31 04:00:00+00:00,148.747,149.715,148.694,149.393,38143
2025-07-31 08:00:00+00:00,149.429,150.086,149.313,149.873,39116
2025-07-31 12:00:00+00:00,149.862,150.609,149.81,150.6,54567
2025-07-31 16:00:00+00:00,150.631,150.793,150.579,150.793,35973
2025-07-31 20:00:00+00:00,150.821,150.865,150.644,150.806,12521
2025-08-01 00:00:00+00:00,150.843,150.904,150.566,150.584,32549
2025-08-01 04:00:00+00:00,150.576,150.657,150.436,150.54,33620
2025-08-01 08:00:00+00:00,150.553,150.621,150.291,150.52,39651
2025-08-01 12:00:00+00:00,150.518,150.597,147.581,148.058,74317
2025-08-01 16:00:00+00:00,148.048,148.084,147.334,147.437,52252
2025-08-01 20:00:00+00:00,147.404,147.428,147.298,147.36,7032
2025-08-03 20:00:00+00:00,147.233,147.363,147.056,147.344,6022
2025-08-04 00:00:00+00:00,147.29,147.889,147.29,147.694,31757
2025-08-04 04:00:00+00:00,147.687,148.017,147.536,147.881,36294
2025-08-04 08:00:00+00:00,147.874,148.074,147.342,147.342,39376
2025-08-04 12:00:00+00:00,147.345,147.415,146.915,147.096,51272
2025-08-04 16:00:00+00:00,147.058,147.211,146.914,147.024,32947
2025-08-04 20:00:00+00:00,147.055,147.143,146.717,146.79,10446
2025-08-05 00:00:00+00:00,146.737,147.253,146.61,147.212,27170
2025-08-05 04:00:00+00:00,147.241,147.469,147.012,147.385,31166
2025-08-05 08:00:00+00:00,147.372,147.764,147.337,147.628,32434
2025-08-05 12:00:00+00:00,147.644,147.824,147.313,147.492,53911
2025-08-05 16:00:00+00:00,147.502,147.694,147.436,147.604,29781
2025-08-05 20:00:00+00:00,147.59,147.636,147.485,147.525,8943
2025-08-06 00:00:00+00:00,147.52,147.738,147.35,147.397,24448
2025-08-06 04:00:00+00:00,147.398,147.685,147.312,147.561,27841
2025-08-06 08:00:00+00:00,147.571,147.873,147.439,147.54,33779
2025-08-06 12:00:00+00:00,147.529,147.59,147.225,147.259,45605
2025-08-06 16:00:00+00:00,147.261,147.406,146.979,147.18,36035
2025-08-06 20:00:00+00:00,147.178,147.547,147.159,147.197,10906
2025-08-07 00:00:00+00:00,147.26,147.694,147.26,147.514,26025
2025-08-07 04:00:00+00:00,147.528,147.528,146.701,146.807,34798
2025-08-07 08:00:00+00:00,146.817,147.476,146.817,147.31,40469
2025-08-07 12:00:00+00:00,147.286,147.549,147.03,147.362,54161
2025-08-07 16:00:00+00:00,147.343,147.564,146.957,147.077,38576
2025-08-07 20:00:00+00:00,147.076,147.14,146.765,146.8,12225
2025-08-08 00:00:00+00:00,146.739,147.351,146.739,147.186,24878
2025-08-08 04:00:00+00:00,147.19,147.439,147.122,147.323,31791
2025-08-08 08:00:00+00:00,147.315,147.842,147.173,147.814,35625
2025-08-08 12:00:00+00:00,147.822,147.887,147.643,147.706,45374
2025-08-08 16:00:00+00:00,147.697,147.824,147.632,147.75,33003
2025-08-08 20:00:00+00:00,147.743,147.795,147.723,147.728,5069
2025-08-10 20:00:00+00:00,147.477,147.784,147.477,147.652,3189
2025-08-11 00:00:00+00:00,147.647,147.725,147.445,147.48,19343
2025-08-11 04:00:00+00:00,147.465,147.646,147.371,147.385,25079
2025-08-11 08:00:00+00:00,147.394,147.932,147.353,147.862,29314
2025-08-11 12:00:00+00:00,147.878,148.092,147.793,147.999,40894
2025-08-11 16:00:00+00:00,148.011,148.238,147.916,148.23,29699
2025-08-11 20:00:00+00:00,148.248,148.251,148.062,148.148,8051
2025-08-12 00:00:00+00:00,148.182,148.438,148.144,148.414,22702
2025-08-12 04:00:00+00:00,148.415,148.443,148.153,148.266,32641
2025-08-12 08:00:00+00:00,148.289,148.487,148.274,148.443,27740
2025-08-12 12:00:00+00:00,148.45,148.508,147.585,147.803,60718
2025-08-12 16:00:00+00:00,147.815,147.854,147.672,147.756,33260
2025-08-12 20:00:00+00:00,147.748,147.871,147.73,147.768,8145
2025-08-13 00:00:00+00:00,147.78,148.154,147.701,148.004,25620
2025-08-13 04:00:00+00:00,147.985,148.094,147.409,147.527,30666
2025-08-13 08:00:00+00:00,147.503,147.555,147.18,147.281,33414
2025-08-13 12:00:00+00:00,147.294,147.469,147.104,147.248,44936
2025-08-13 16:00:00+00:00,147.253,147.501,147.218,147.446,27700
2025-08-13 20:00:00+00:00,147.441,147.446,147.115,147.115,7988
2025-08-14 00:00:00+00:00,147.069,147.069,146.387,146.546,30580
2025-08-14 04:00:00+00:00,146.563,146.576,146.233,146.549,36270
2025-08-14 08:00:00+00:00,146.589,146.654,146.43,146.498,34763
2025-08-14 12:00:00+00:00,146.513,147.791,146.44,147.69,54575
2025-08-14 16:00:00+00:00,147.716,147.951,147.706,147.779,32472
2025-08-14 20:00:00+00:00,147.75,147.865,147.66,147.678,8381
2025-08-15 00:00:00+00:00,147.667,147.706,147.182,147.224,25001
2025-08-15 04:00:00+00:00,147.224,147.224,146.997,147.004,28755
2025-08-15 08:00:00+00:00,146.947,147.045,146.759,146.98,28487
2025-08-15 12:00:00+00:00,146.964,147.202,146.798,147.003,48396
2025-08-15 16:00:00+00:00,147.032,147.314,147.017,147.232,28978
2025-08-15 20:00:00+00:00,147.217,147.25,147.14,147.14,3885
2025-08-17 20:00:00+00:00,147.148,147.366,147.074,147.226,5808
2025-08-18 00:00:00+00:00,147.268,147.565,147.268,147.38,33047
2025-08-18 04:00:00+00:00,147.37,147.503,147.139,147.451,42065
2025-08-18 08:00:00+00:00,147.435,147.56,147.26,147.546,43298
2025-08-18 12:00:00+00:00,147.572,147.982,147.514,147.761,53407
2025-08-18 16:00:00+00:00,147.749,147.875,147.66,147.819,35751
2025-08-18 20:00:00+00:00,147.824,147.974,147.698,147.916,12033
2025-08-19 00:00:00+00:00,147.907,148.096,147.672,147.824,39472
2025-08-19 04:00:00+00:00,147.863,147.864,147.547,147.699,40272
2025-08-19 08:00:00+00:00,147.729,147.813,147.599,147.708,39220
2025-08-19 12:00:00+00:00,147.713,147.897,147.563,147.722,54988
2025-08-19 16:00:00+00:00,147.686,147.686,147.446,147.578,39548
2025-08-19 20:00:00+00:00,147.599,147.744,147.537,147.733,12399
2025-08-20 00:00:00+00:00,147.706,147.805,147.447,147.522,40383
2025-08-20 04:00:00+00:00,147.526,147.673,147.17,147.623,40720
2025-08-20 08:00:00+00:00,147.624,147.624,147.376,147.541,33855
2025-08-20 12:00:00+00:00,147.505,147.517,146.883,147.19,61100
2025-08-20 16:00:00+00:00,147.184,147.343,147.014,147.333,37138
2025-08-20 20:00:00+00:00,147.374,147.487,147.237,147.297,12454
2025-08-21 00:00:00+00:00,147.256,147.487,147.256,147.415,36836
2025-08-21 04:00:00+00:00,147.413,147.624,147.343,147.596,36614
2025-08-21 08:00:00+00:00,147.587,147.926,147.485,147.922,40694
2025-08-21 12:00:00+00:00,147.91,148.36,147.582,148.36,64512
2025-08-21 16:00:00+00:00,148.356,148.399,148.197,148.378,39584
2025-08-21 20:00:00+00:00,148.372,148.436,148.211,148.383,12307
2025-08-22 00:00:00+00:00,148.421,148.705,148.302,148.666,37558
2025-08-22 04:00:00+00:00,148.684,148.772,148.412,148.598,40625
2025-08-22 08:00:00+00:00,148.608,148.73,148.549,148.706,40469
2025-08-22 12:00:00+00:00,148.664,148.712,146.576,146.827,69842
2025-08-22 16:00:00+00:00,146.818,146.978,146.581,146.958,50731
2025-08-22 20:00:00+00:00,146.947,146.968,146.862,146.904,4674
2025-08-24 20:00:00+00:00,146.842,147.292,146.825,147.263,7419
2025-08-25 00:00:00+00:00,147.332,147.501,147.259,147.332,33680
2025-08-25 04:00:00+00:00,147.338,147.371,147.098,147.331,34731
2025-08-25 08:00:00+00:00,147.301,147.436,147.226,147.32,33652
2025-08-25 12:00:00+00:00,147.334,147.663,147.299,147.611,52517
2025-08-25 16:00:00+00:00,147.608,147.915,147.499,147.818,48903
2025-08-25 20:00:00+00:00,147.819,147.842,147.637,147.809,13839
2025-08-26 00:00:00+00:00,147.827,147.867,147.0,147.791,49741
2025-08-26 04:00:00+00:00,147.771,147.9,147.642,147.692,51522
2025-08-26 08:00:00+00:00,147.647,147.699,147.402,147.46,50161
2025-08-26 12:00:00+00:00,147.398,147.711,147.291,147.31,63525
2025-08-26 16:00:00+00:00,147.298,147.536,147.098,147.426,44169
2025-08-26 20:00:00+00:00,147.432,147.491,147.247,147.467,12832
2025-08-27 00:00:00+00:00,147.476,147.841,147.421,147.831,36996
2025-08-27 04:00:00+00:00,147.835,147.964,147.657,147.751,42163
2025-08-27 08:00:00+00:00,147.756,148.164,147.756,148.136,46021
2025-08-27 12:00:00+00:00,148.113,148.13,147.688,147.744,62392
2025-08-27 16:00:00+00:00,147.738,147.75,147.291,147.474,47873
2025-08-27 20:00:00+00:00,147.454,147.513,147.199,147.33,17948
2025-08-28 00:00:00+00:00,147.329,147.469,147.084,147.089,37544
2025-08-28 04:00:00+00:00,147.094,147.396,147.016,147.162,42303
2025-08-28 08:00:00+00:00,147.139,147.354,146.806,146.923,46293
2025-08-28 12:00:00+00:00,146.892,147.213,146.856,146.992,69009
2025-08-28 16:00:00+00:00,146.99,146.99,146.662,146.919,53750
2025-08-28 20:00:00+00:00,146.917,147.064,146.795,146.827,14446
2025-08-29 00:00:00+00:00,146.877,147.098,146.782,146.986,46387
2025-08-29 04:00:00+00:00,147.0,147.186,146.898,147.0,49814
2025-08-29 08:00:00+00:00,146.973,147.262,146.874,147.245,54013
2025-08-29 12:00:00+00:00,147.262,147.391,146.782,146.903,74113
2025-08-29 16:00:00+00:00,146.908,147.04,146.867,146.955,48303
2025-08-29 20:00:00+00:00,146.943,147.075,146.943,147.04,6338
2025-08-31 20:00:00+00:00,147.022,147.175,146.954,147.112,5454
2025-09-01 00:00:00+00:00,147.152,147.375,146.841,146.88,43461
2025-09-01 04:00:00+00:00,146.911,147.179,146.783,147.065,49012
2025-09-01 08:00:00+00:00,147.052,147.176,146.958,147.152,47867
2025-09-01 12:00:00+00:00,147.168,147.298,147.155,147.265,45476
2025-09-01 16:00:00+00:00,147.278,147.278,147.152,147.182,23709
2025-09-01 20:00:00+00:00,147.166,147.2,147.049,147.085,11525
2025-09-02 00:00:00+00:00,147.106,147.745,147.106,147.699,46963
2025-09-02 04:00:00+00:00,147.698,148.717,147.688,148.655,56898
2025-09-02 08:00:00+00:00,148.618,148.756,148.263,148.622,67431
2025-09-02 12:00:00+00:00,148.612,148.924,147.949,148.233,81905
2025-09-02 16:00:00+00:00,148.209,148.52,148.205,148.353,54634
2025-09-02 20:00:00+00:00,148.346,148.582,148.259,148.582,16042
2025-09-03 00:00:00+00:00,148.57,148.91,148.516,148.906,42606
2025-09-03 04:00:00+00:00,148.905,149.087,148.491,148.734,54201
2025-09-03 08:00:00+00:00,148.715,148.755,148.43,148.611,57124
2025-09-03 12:00:00+00:00,148.622,148.792,147.957,147.97,74972
2025-09-03 16:00:00+00:00,147.995,148.127,147.891,148.127,55500
2025-09-03 20:00:00+00:00,148.154,148.154,147.945,147.973,14120
2025-09-04 00:00:00+00:00,147.983,148.248,147.838,148.244,50966
2025-09-04 04:00:00+00:00,148.249,148.409,148.135,148.363,51360
2025-09-04 08:00:00+00:00,148.391,148.398,148.174,148.346,52982
2025-09-04 12:00:00+00:00,148.326,148.777,148.185,148.626,75486
2025-09-04 16:00:00+00:00,148.629,148.739,148.453,148.48,48080
2025-09-04 20:00:00+00:00,148.468,148.555,148.336,148.416,16473
2025-09-05 00:00:00+00:00,148.406,148.429,148.095,148.172,42150
2025-09-05 04:00:00+00:00,148.17,148.257,148.146,148.206,43866
2025-09-05 08:00:00+00:00,148.197,148.242,148.084,148.192,46225
2025-09-05 12:00:00+00:00,148.173,148.179,146.812,146.838,84892
2025-09-05 16:00:00+00:00,146.849,147.49,146.821,147.465,60131
2025-09-05 20:00:00+00:00,147.452,147.494,147.335,147.392,8739
2025-09-07 20:00:00+00:00,148.095,148.452,147.89,148.313,13171
2025-09-08 00:00:00+00:00,148.385,148.544,148.001,148.199,49564
2025-09-08 04:00:00+00:00,148.194,148.243,147.53,147.53,52306
2025-09-08 08:00:00+00:00,147.494,147.872,147.471,147.773,52580
2025-09-08 12:00:00+00:00,147.756,147.865,147.54,147.585,65367
2025-09-08 16:00:00+00:00,147.577,147.765,147.338,147.418,50457
2025-09-08 20:00:00+00:00,147.376,147.539,147.221,147.368,14386
2025-09-09 00:00:00+00:00,147.355,147.417,147.159,147.365,43201
2025-09-09 04:00:00+00:00,147.348,147.376,146.844,147.201,51027
2025-09-09 08:00:00+00:00,147.225,147.306,146.307,146.726,55267
2025-09-09 12:00:00+00:00,146.773,147.318,146.687,147.231,76114
2025-09-09 16:00:00+00:00,147.221,147.452,147.177,147.44,52776
2025-09-09 20:00:00+00:00,147.441,147.467,147.269,147.389,14377
2025-09-10 00:00:00+00:00,147.393,147.545,147.276,147.391,39309
2025-09-10 04:00:00+00:00,147.412,147.566,147.288,147.495,49342
2025-09-10 08:00:00+00:00,147.488,147.547,147.396,147.508,50210
2025-09-10 12:00:00+00:00,147.483,147.609,147.193,147.371,72119
2025-09-10 16:00:00+00:00,147.372,147.463,147.247,147.407,45397
2025-09-10 20:00:00+00:00,147.412,147.456,147.281,147.345,12163
2025-09-11 00:00:00+00:00,147.389,147.47,147.344,147.447,33229
2025-09-11 04:00:00+00:00,147.452,147.825,147.41,147.773,43240
2025-09-11 08:00:00+00:00,147.789,147.984,147.771,147.969,45874
2025-09-11 12:00:00+00:00,147.95,147.958,147.003,147.162,75757
2025-09-11 16:00:00+00:00,147.138,147.302,147.005,147.159,52048
2025-09-11 20:00:00+00:00,147.162,147.24,147.117,147.223,14737
2025-09-12 00:00:00+00:00,147.226,147.478,147.168,147.448,34299
2025-09-12 04:00:00+00:00,147.451,147.543,147.246,147.454,44112
2025-09-12 08:00:00+00:00,147.458,147.97,147.458,147.838,54279
2025-09-12 12:00:00+00:00,147.841,148.059,147.593,147.854,63748
2025-09-12 16:00:00+00:00,147.848,147.862,147.468,147.585,45686
2025-09-12 20:00:00+00:00,147.579,147.708,147.579,147.663,6083
2025-09-14 20:00:00+00:00,147.562,147.84,147.556,147.67,5328
2025-09-15 00:00:00+00:00,147.643,147.682,147.405,147.425,32806
2025-09-15 04:00:00+00:00,147.4,147.601,147.341,147.463,43193
2025-09-15 08:00:00+00:00,147.463,147.469,147.246,147.415,49253
2025-09-15 12:00:00+00:00,147.407,147.455,147.235,147.272,64441
2025-09-15 16:00:00+00:00,147.274,147.408,147.238,147.388,46459
2025-09-15 20:00:00+00:00,147.393,147.425,147.255,147.395,13231
2025-09-16 00:00:00+00:00,147.4,147.535,147.019,147.099,43900
2025-09-16 04:00:00+00:00,147.098,147.125,146.698,146.885,55227
2025-09-16 08:00:00+00:00,146.896,147.105,146.867,146.956,58591
2025-09-16 12:00:00+00:00,146.944,147.194,146.518,146.553,75836
2025-09-16 16:00:00+00:00,146.533,146.533,146.276,146.491,55914
2025-09-16 20:00:00+00:00,146.48,146.52,146.314,146.406,14761
2025-09-17 00:00:00+00:00,146.394,146.596,146.238,146.528,38163
2025-09-17 04:00:00+00:00,146.534,146.667,146.381,146.662,41038
2025-09-17 08:00:00+00:00,146.655,146.664,146.216,146.333,46975
2025-09-17 12:00:00+00:00,146.331,146.463,146.216,146.363,58139
2025-09-17 16:00:00+00:00,146.341,146.831,145.559,146.775,69354
2025-09-17 20:00:00+00:00,146.761,147.036,146.761,146.876,19474
2025-09-18 00:00:00+00:00,146.931,147.131,146.848,147.05,41979
2025-09-18 04:00:00+00:00,147.063,147.519,147.032,147.111,54070
2025-09-18 08:00:00+00:00,147.129,147.464,147.129,147.385,57901
2025-09-18 12:00:00+00:00,147.405,148.264,147.376,148.022,75839
2025-09-18 16:00:00+00:00,148.007,148.033,147.802,147.941,49935
2025-09-18 20:00:00+00:00,148.0,148.009,147.852,147.957,13462
2025-09-19 00:00:00+00:00,147.926,148.099,147.484,147.619,43466
2025-09-19 04:00:00+00:00,147.524,147.945,147.225,147.93,68043
2025-09-19 08:00:00+00:00,147.916,148.182,147.758,148.163,49854
2025-09-19 12:00:00+00:00,148.137,148.266,147.797,147.831,68822
2025-09-19 16:00:00+00:00,147.796,147.981,147.796,147.934,41781
2025-09-19 20:00:00+00:00,147.949,147.988,147.935,147.935,7274
2025-09-21 20:00:00+00:00,147.863,148.104,147.863,148.095,5021
2025-09-22 00:00:00+00:00,148.122,148.375,148.116,148.331,39229
2025-09-22 04:00:00+00:00,148.331,148.362,147.912,148.11,45322
2025-09-22 08:00:00+00:00,148.063,148.063,147.747,147.842,49947
2025-09-22 12:00:00+00:00,147.822,147.966,147.733,147.836,61968
2025-09-22 16:00:00+00:00,147.835,147.872,147.659,147.732,46405
2025-09-22 20:00:00+00:00,147.727,147.821,147.654,147.727,11752
2025-09-23 00:00:00+00:00,147.728,147.854,147.601,147.759,33755
2025-09-23 04:00:00+00:00,147.752,147.831,147.645,147.724,42923
2025-09-23 08:00:00+00:00,147.752,147.788,147.516,147.757,49729
2025-09-23 12:00:00+00:00,147.782,147.912,147.627,147.835,64427
2025-09-23 16:00:00+00:00,147.836,147.879,147.459,147.623,55309
2025-09-23 20:00:00+00:00,147.611,147.67,147.546,147.599,15358
2025-09-24 00:00:00+00:00,147.541,147.869,147.524,147.869,36737
2025-09-24 04:00:00+00:00,147.872,148.1,147.82,148.037,43264
2025-09-24 08:00:00+00:00,148.072,148.495,148.022,148.495,47189
2025-09-24 12:00:00+00:00,148.492,148.771,148.439,148.707,61406
2025-09-24 16:00:00+00:00,148.727,148.879,148.693,148.859,43255
2025-09-24 20:00:00+00:00,148.856,148.905,148.722,148.778,13383
2025-09-25 00:00:00+00:00,148.705,148.854,148.566,148.674,35668
2025-09-25 04:00:00+00:00,148.66,148.853,148.6,148.815,43437
2025-09-25 08:00:00+00:00,148.8,148.885,148.665,148.83,49860
2025-09-25 12:00:00+00:00,148.825,149.819,148.802,149.787,73705
2025-09-25 16:00:00+00:00,149.778,149.92,149.712,149.769,52378
2025-09-25 20:00:00+00:00,149.772,149.939,149.724,149.873,14746
2025-09-26 00:00:00+00:00,149.827,149.932,149.62,149.7,34960
2025-09-26 04:00:00+00:00,149.707,149.871,149.619,149.844,43095
2025-09-26 08:00:00+00:00,149.824,149.935,149.652,149.782,48260
2025-09-26 12:00:00+00:00,149.767,149.772,149.426,149.517,71508
2025-09-26 16:00:00+00:00,149.531,149.586,149.413,149.504,45891
2025-09-26 20:00:00+00:00,149.494,149.544,149.472,149.492,5870
2025-09-28 20:00:00+00:00,149.422,149.503,149.334,149.411,5811
2025-09-29 00:00:00+00:00,149.347,149.347,148.887,148.935,38909
2025-09-29 04:00:00+00:00,148.94,148.975,148.535,148.575,45596
2025-09-29 08:00:00+00:00,148.581,148.791,148.472,148.624,46991
2025-09-29 12:00:00+00:00,148.616,148.812,148.5,148.568,63234
2025-09-29 16:00:00+00:00,148.589,148.665,148.548,148.627,39219
2025-09-29 20:00:00+00:00,148.637,148.68,148.502,148.613,11567
2025-09-30 00:00:00+00:00,148.611,148.826,148.516,148.517,40267
2025-09-30 04:00:00+00:00,148.519,148.576,147.944,148.05,52706
2025-09-30 08:00:00+00:00,148.037,148.081,147.834,147.97,51316
2025-09-30 12:00:00+00:00,147.947,148.048,147.661,147.968,69905
2025-09-30 16:00:00+00:00,147.946,147.946,147.657,147.863,47202
2025-09-30 20:00:00+00:00,147.877,148.022,147.78,148.022,12995
2025-10-01 00:00:00+00:00,148.066,148.207,147.872,147.924,35268
2025-10-01 04:00:00+00:00,147.925,147.951,147.045,147.122,55093
2025-10-01 08:00:00+00:00,147.074,147.244,146.934,146.997,56417
2025-10-01 12:00:00+00:00,147.035,147.186,146.616,147.15,77914
2025-10-01 16:00:00+00:00,147.206,147.242,147.024,147.092,42497
2025-10-01 20:00:00+00:00,147.097,147.161,146.995,147.105,12909
2025-10-02 00:00:00+00:00,147.149,147.311,146.952,147.081,34855
2025-10-02 04:00:00+00:00,147.075,147.355,146.983,147.082,46121
2025-10-02 08:00:00+00:00,147.07,147.07,146.6,146.794,49870
2025-10-02 12:00:00+00:00,146.769,147.507,146.746,147.344,67258
2025-10-02 16:00:00+00:00,147.35,147.359,147.133,147.237,36749
2025-10-02 20:00:00+00:00,147.259,147.284,147.088,147.153,10156
2025-10-03 00:00:00+00:00,147.185,147.763,147.185,147.623,35822
2025-10-03 04:00:00+00:00,147.615,147.794,147.409,147.409,40205
2025-10-03 08:00:00+00:00,147.385,147.424,147.215,147.278,39025
2025-10-03 12:00:00+00:00,147.247,147.494,147.192,147.337,64277
2025-10-03 16:00:00+00:00,147.34,147.533,147.339,147.46,41258
2025-10-03 20:00:00+00:00,147.432,147.497,147.39,147.437,5744
2025-10-05 20:00:00+00:00,149.495,149.639,149.042,149.58,13113
2025-10-06 00:00:00+00:00,149.519,150.095,149.447,150.062,50354
2025-10-06 04:00:00+00:00,150.054,150.432,149.906,150.025,62613
2025-10-06 08:00:00+00:00,150.046,150.469,150.035,150.368,55031
2025-10-06 12:00:00+00:00,150.051,150.189,149.753,150.02,69823
2025-10-06 16:00:00+00:00,150.001,150.325,149.959,150.321,38600
2025-10-06 20:00:00+00:00,150.325,150.393,150.183,150.36,13547
2025-10-07 00:00:00+00:00,150.389,150.604,150.364,150.365,34603
2025-10-07 04:00:00+00:00,150.354,150.69,150.269,150.623,45253
2025-10-07 08:00:00+00:00,150.597,150.941,150.532,150.891,44703
2025-10-07 12:00:00+00:00,150.881,151.182,150.751,151.174,65881
2025-10-07 16:00:00+00:00,151.142,151.95,151.115,151.907,52594
2025-10-07 20:00:00+00:00,151.924,152.069,151.73,152.053,16276
2025-10-08 00:00:00+00:00,152.135,152.625,152.135,152.407,42688
2025-10-08 04:00:00+00:00,152.405,152.55,152.265,152.538,49471
2025-10-08 08:00:00+00:00,152.526,152.991,152.393,152.689,49980
2025-10-08 12:00:00+00:00,152.653,152.782,152.377,152.717,63459
2025-10-08 16:00:00+00:00,152.716,152.929,152.646,152.706,43697
2025-10-08 20:00:00+00:00,152.695,152.75,152.464,152.706,16011
2025-10-09 00:00:00+00:00,152.675,152.755,152.413,152.51,42528
2025-10-09 04:00:00+00:00,152.511,153.192,152.459,153.064,49390
2025-10-09 08:00:00+00:00,153.032,153.106,152.497,152.791,51748
2025-10-09 12:00:00+00:00,152.8,153.191,152.335,153.05,71065
2025-10-09 16:00:00+00:00,153.017,153.203,152.91,153.062,55745
2025-10-09 20:00:00+00:00,153.075,153.267,152.931,153.02,15343
2025-10-10 00:00:00+00:00,153.053,153.154,152.649,152.666,40845
2025-10-10 04:00:00+00:00,152.7,152.918,152.479,152.847,52574
2025-10-10 08:00:00+00:00,152.876,152.929,152.559,152.625,53908
2025-10-10 12:00:00+00:00,152.619,152.686,151.518,151.942,74694
2025-10-10 16:00:00+00:00,151.956,152.171,151.535,151.588,70066
2025-10-10 20:00:00+00:00,151.595,151.719,151.152,151.152,8796
2025-10-12 20:00:00+00:00,151.823,152.231,151.752,152.063,15101
2025-10-13 00:00:00+00:00,152.041,152.041,151.814,151.924,44604
2025-10-13 04:00:00+00:00,151.944,152.352,151.728,152.299,48139
2025-10-13 08:00:00+00:00,152.294,152.424,151.988,152.102,48292
2025-10-13 12:00:00+00:00,152.099,152.432,152.056,152.258,58012
2025-10-13 16:00:00+00:00,152.23,152.344,152.203,152.319,39884
2025-10-13 20:00:00+00:00,152.311,152.451,152.12,152.451,13402
2025-10-14 00:00:00+00:00,152.488,152.592,152.067,152.143,45322
2025-10-14 04:00:00+00:00,152.11,152.11,151.63,151.95,73684
2025-10-14 08:00:00+00:00,151.979,152.146,151.917,152.086,61395
2025-10-14 12:00:00+00:00,152.107,152.136,151.743,151.776,77426
2025-10-14 16:00:00+00:00,151.753,151.88,151.617,151.686,57932
2025-10-14 20:00:00+00:00,151.692,151.863,151.671,151.707,15408
2025-10-15 00:00:00+00:00,151.646,151.811,151.01,151.137,48009
2025-10-15 04:00:00+00:00,151.117,151.268,150.92,151.247,50393
2025-10-15 08:00:00+00:00,151.237,151.507,151.13,151.495,53597
2025-10-15 12:00:00+00:00,151.5,151.715,151.05,151.216,72914
2025-10-15 16:00:00+00:00,151.267,151.382,151.089,151.255,54020
2025-10-15 20:00:00+00:00,151.263,151.265,150.801,150.983,16770
2025-10-16 00:00:00+00:00,151.067,151.067,150.512,150.871,46695
2025-10-16 04:00:00+00:00,150.877,151.304,150.867,151.241,52180
2025-10-16 08:00:00+00:00,151.256,151.391,151.066,151.237,48136
2025-10-16 12:00:00+00:00,151.243,151.282,150.732,150.754,73510
2025-10-16 16:00:00+00:00,150.738,150.779,150.232,150.395,76052
2025-10-16 20:00:00+00:00,150.384,150.434,150.05,150.143,19572
2025-10-17 00:00:00+00:00,150.094,150.368,149.924,150.012,52104
2025-10-17 04:00:00+00:00,150.0,150.132,149.415,149.697,66553
2025-10-17 08:00:00+00:00,149.678,150.327,149.59,150.23,72514
2025-10-17 12:00:00+00:00,150.261,150.576,150.163,150.337,80818
2025-10-17 16:00:00+00:00,150.387,150.528,150.346,150.468,57449
2025-10-17 20:00:00+00:00,150.483,150.632,150.469,150.632,6670
2025-10-19 20:00:00+00:00,150.392,150.938,150.367,150.914,10010
2025-10-20 00:00:00+00:00,150.916,151.189,150.69,150.723,46536
2025-10-20 04:00:00+00:00,150.722,150.823,150.512,150.739,57388
2025-10-20 08:00:00+00:00,150.736,150.837,150.283,150.696,60456
2025-10-20 12:00:00+00:00,150.649,150.819,150.422,150.581,69535
2025-10-20 16:00:00+00:00,150.595,150.827,150.525,150.696,42079
2025-10-20 20:00:00+00:00,150.695,150.805,150.633,150.805,12447
2025-10-21 00:00:00+00:00,150.828,151.14,150.503,151.047,47160
2025-10-21 04:00:00+00:00,151.061,151.598,151.036,151.138,64390
2025-10-21 08:00:00+00:00,151.157,152.027,151.113,151.947,63391
2025-10-21 12:00:00+00:00,151.955,152.162,151.463,151.728,77114
2025-10-21 16:00:00+00:00,151.685,151.962,151.685,151.917,50029
2025-10-21 20:00:00+00:00,151.934,151.947,151.858,151.873,11641
2025-10-22 00:00:00+00:00,151.843,151.843,151.495,151.792,43510
2025-10-22 04:00:00+00:00,151.792,151.93,151.644,151.827,50252
2025-10-22 08:00:00+00:00,151.841,151.892,151.641,151.787,59778
2025-10-22 12:00:00+00:00,151.774,152.026,151.75,151.794,74352
2025-10-22 16:00:00+00:00,151.789,151.999,151.524,151.976,61437
2025-10-22 20:00:00+00:00,151.974,151.995,151.823,151.976,13836
2025-10-23 00:00:00+00:00,151.984,152.486,151.984,152.471,37310
2025-10-23 04:00:00+00:00,152.476,152.637,152.317,152.497,48372
2025-10-23 08:00:00+00:00,152.477,152.781,152.459,152.669,49965
2025-10-23 12:00:00+00:00,152.658,152.761,152.452,152.727,67229
2025-10-23 16:00:00+00:00,152.705,152.795,152.51,152.553,42243
2025-10-23 20:00:00+00:00,152.559,152.655,152.507,152.598,12342
2025-10-24 00:00:00+00:00,152.585,152.909,152.488,152.772,38215
2025-10-24 04:00:00+00:00,152.763,153.057,152.763,152.83,46460
2025-10-24 08:00:00+00:00,152.827,153.012,152.827,152.932,43646
2025-10-24 12:00:00+00:00,152.925,152.955,152.363,152.822,71195
2025-10-24 16:00:00+00:00,152.82,152.89,152.751,152.823,36317
2025-10-24 20:00:00+00:00,152.82,152.873,152.752,152.864,4979
2025-10-26 20:00:00+00:00,152.727,153.17,152.727,153.061,8935
2025-10-27 00:00:00+00:00,152.984,153.136,152.666,153.045,31835
2025-10-27 04:00:00+00:00,153.055,153.243,152.849,153.013,47524
2025-10-27 08:00:00+00:00,153.039,153.05,152.609,152.632,56268
2025-10-27 12:00:00+00:00,152.604,153.176,152.582,153.083,61722
2025-10-27 16:00:00+00:00,153.066,153.085,152.775,152.904,42899
2025-10-27 20:00:00+00:00,152.851,152.904,152.633,152.692,12279
2025-10-28 00:00:00+00:00,152.66,152.729,152.212,152.277,35225
2025-10-28 04:00:00+00:00,152.27,152.296,151.756,152.138,57676
2025-10-28 08:00:00+00:00,152.042,152.158,151.825,152.03,55804
2025-10-28 12:00:00+00:00,152.041,152.351,151.858,152.136,67990
2025-10-28 16:00:00+00:00,152.152,152.254,151.95,152.049,51105
2025-10-28 20:00:00+00:00,152.049,152.177,151.729,151.729,13980
2025-10-29 00:00:00+00:00,151.706,152.129,151.549,152.052,38886
2025-10-29 04:00:00+00:00,152.074,152.52,151.964,152.06,46558
2025-10-29 08:00:00+00:00,152.069,152.462,152.069,152.243,49882
2025-10-29 12:00:00+00:00,152.217,152.29,151.871,151.91,60402
2025-10-29 16:00:00+00:00,151.947,153.018,151.903,152.817,65914
2025-10-29 20:00:00+00:00,152.818,152.855,152.59,152.722,19821
2025-10-30 00:00:00+00:00,152.765,153.11,152.185,152.958,44048
2025-10-30 04:00:00+00:00,153.003,153.534,152.582,153.403,66768
2025-10-30 08:00:00+00:00,153.451,154.162,153.451,154.117,55126
2025-10-30 12:00:00+00:00,154.09,154.435,154.057,154.162,71153
2025-10-30 16:00:00+00:00,154.157,154.219,154.022,154.07,45288
2025-10-30 20:00:00+00:00,154.068,154.152,153.854,153.904,15191
2025-10-31 00:00:00+00:00,153.878,154.066,153.656,154.039,32741
2025-10-31 04:00:00+00:00,154.045,154.361,153.836,154.305,45519
2025-10-31 08:00:00+00:00,154.28,154.376,154.066,154.101,49851
2025-10-31 12:00:00+00:00,154.115,154.204,153.912,154.042,66623
2025-10-31 16:00:00+00:00,154.032,154.175,153.972,154.102,47390
2025-10-31 20:00:00+00:00,154.1,154.114,153.938,153.968,6412
2025-11-02 20:00:00+00:00,154.0750000000001,154.236,153.991,154.195,4346
2025-11-03 00:00:00+00:00,154.182,154.205,154.035,154.067,23002
2025-11-03 04:00:00+00:00,154.051,154.254,153.992,154.105,32481
2025-11-03 08:00:00+00:00,154.142,154.196,154.057,154.152,41478
2025-11-03 12:00:00+00:00,154.167,154.285,153.945,154.094,52443
2025-11-03 16:00:00+00:00,154.104,154.244,154.059,154.19,42084
2025-11-03 20:00:00+00:00,154.196,154.252,154.172,154.21,17920
2025-11-04 00:00:00+00:00,154.241,154.461,154.058,154.084,34620
2025-11-04 04:00:00+00:00,154.075,154.091,153.335,153.582,53443
2025-11-04 08:00:00+00:00,153.587,153.752,153.322,153.566,59479
2025-11-04 12:00:00+00:00,153.57,153.622,153.318,153.379,63470
2025-11-04 16:00:00+00:00,153.406,153.653,153.352,153.631,50652
2025-11-04 20:00:00+00:00,153.655,153.689,153.52,153.544,23634
2025-11-05 00:00:00+00:00,153.529,153.735,152.98,153.512,50256
2025-11-05 04:00:00+00:00,153.511,153.723,153.393,153.554,50708
2025-11-05 08:00:00+00:00,153.523,153.815,153.414,153.616,51952
2025-11-05 12:00:00+00:00,153.588,154.305,153.563,154.305,64820
2025-11-05 16:00:00+00:00,154.26,154.345,154.012,154.103,46281
2025-11-05 20:00:00+00:00,154.107,154.135,153.994,154.086,20327
2025-11-06 00:00:00+00:00,154.097,154.132,153.799,153.87,31659
2025-11-06 04:00:00+00:00,153.862,154.016,153.783,153.869,38801
2025-11-06 08:00:00+00:00,153.762,153.78,153.533,153.639,43816
2025-11-06 12:00:00+00:00,153.622,153.731,153.039,153.039,62244
2025-11-06 16:00:00+00:00,153.093,153.154,152.834,153.142,61452
2025-11-06 20:00:00+00:00,153.128,153.142,152.851,152.948,22707
2025-11-07 00:00:00+00:00,152.908,153.285,152.855,153.059,39953
2025-11-07 04:00:00+00:00,153.043,153.509,153.024,153.385,44934
2025-11-07 08:00:00+00:00,153.393,153.517,153.011,153.13,52681
2025-11-07 12:00:00+00:00,153.144,153.464,153.009,153.133,70524
2025-11-07 16:00:00+00:00,153.132,153.569,153.014,153.557,62652
2025-11-07 20:00:00+00:00,153.577,153.579,153.355,153.422,21633
2025-11-09 20:00:00+00:00,153.765,153.842,153.617,153.817,5068
2025-11-10 00:00:00+00:00,153.546,154.006,153.546,153.93,39095
2025-11-10 04:00:00+00:00,153.931,154.124,153.788,154.04,49783
2025-11-10 08:00:00+00:00,154.064,154.239,153.949,154.124,52507
2025-11-10 12:00:00+00:00,154.137,154.158,153.987,154.032,51477
2025-11-10 16:00:00+00:00,154.012,154.069,153.915,154.055,46137
2025-11-10 20:00:00+00:00,154.063,154.158,154.007,154.148,21969
2025-11-11 00:00:00+00:00,154.169,154.458,154.117,154.264,34501
2025-11-11 04:00:00+00:00,154.254,154.347,154.088,154.188,42331
2025-11-11 08:00:00+00:00,154.195,154.428,154.179,154.252,45473
2025-11-11 12:00:00+00:00,154.232,154.26,153.675,153.969,60609
2025-11-11 16:00:00+00:00,154.003,154.142,153.947,154.12,48280
2025-11-11 20:00:00+00:00,154.12,154.171,154.042,154.075,19030
2025-11-12 00:00:00+00:00,154.053,154.404,154.053,154.345,32505
2025-11-12 04:00:00+00:00,154.344,154.777,154.338,154.615,47538
2025-11-12 08:00:00+00:00,154.657,154.895,154.646,154.798,52057
2025-11-12 12:00:00+00:00,154.797,155.022,154.708,154.74,62285
2025-11-12 16:00:00+00:00,154.719,154.765,154.511,154.712,52472
2025-11-12 20:00:00+00:00,154.728,154.844,154.688,154.701,16246
2025-11-13 00:00:00+00:00,154.717,154.985,154.625,154.729,25606
2025-11-13 04:00:00+00:00,154.722,154.977,154.64,154.71,22013
2025-11-13 08:00:00+00:00,154.686,154.765,154.359,154.735,28096
2025-11-13 12:00:00+00:00,154.731,154.743,154.147,154.194,34854
2025-11-13 16:00:00+00:00,154.227,154.469,154.159,154.465,35879
2025-11-13 20:00:00+00:00,154.488,154.676,154.22,154.626,16803
2025-11-14 00:00:00+00:00,154.622,154.734,154.319,154.542,36925
2025-11-14 04:00:00+00:00,154.535,154.674,154.377,154.674,49516
2025-11-14 08:00:00+00:00,154.661,154.745,154.466,154.659,58799
2025-11-14 12:00:00+00:00,154.657,154.657,153.65,154.427,74447
2025-11-14 16:00:00+00:00,154.422,154.739,154.357,154.56,43470
2025-11-14 20:00:00+00:00,154.563,154.595,154.506,154.541,15848
2025-11-16 20:00:00+00:00,154.02,154.623,154.02,154.59,4258
2025-11-17 00:00:00+00:00,154.609,154.767,154.414,154.715,34745
2025-11-17 04:00:00+00:00,154.72,154.796,154.585,154.687,36235
2025-11-17 08:00:00+00:00,154.702,154.857,154.624,154.789,47594
2025-11-17 12:00:00+00:00,154.792,155.292,154.74,155.197,60364
2025-11-17 16:00:00+00:00,155.174,155.241,155.07,155.241,52387
2025-11-17 20:00:00+00:00,155.24,155.276,155.173,155.273,25065
2025-11-18 00:00:00+00:00,155.25,155.346,155.117,155.177,39196
2025-11-18 04:00:00+00:00,155.176,155.186,154.832,154.997,62689
2025-11-18 08:00:00+00:00,155.047,155.439,154.928,155.421,59125
2025-11-18 12:00:00+00:00,155.428,155.428,155.072,155.269,74195
2025-11-18 16:00:00+00:00,155.295,155.722,155.267,155.517,59181
2025-11-18 20:00:00+00:00,155.501,155.568,155.438,155.524,26599
2025-11-19 00:00:00+00:00,155.566,155.566,155.221,155.286,43371
2025-11-19 04:00:00+00:00,155.311,155.517,155.268,155.516,48868
2025-11-19 08:00:00+00:00,155.499,156.286,155.487,156.101,60836
2025-11-19 12:00:00+00:00,156.08,156.702,156.042,156.501,64165
2025-11-19 16:00:00+00:00,156.506,157.029,156.462,157.026,66730
2025-11-19 20:00:00+00:00,157.037,157.17,156.942,156.99,31162
2025-11-20 00:00:00+00:00,156.965,157.461,156.878,157.417,43388
2025-11-20 04:00:00+00:00,157.402,157.772,157.266,157.45,49877
2025-11-20 08:00:00+00:00,157.446,157.53,157.106,157.508,54851
2025-11-20 12:00:00+00:00,157.532,157.877,157.329,157.68,73920
2025-11-20 16:00:00+00:00,157.624,157.687,157.287,157.534,81062
2025-11-20 20:00:00+00:00,157.535,157.639,157.197,157.381,33018
2025-11-21 00:00:00+00:00,157.46,157.523,157.224,157.301,41236
2025-11-21 04:00:00+00:00,157.255,157.302,156.627,156.73,56990
2025-11-21 08:00:00+00:00,156.766,156.94,156.557,156.854,65201
2025-11-21 12:00:00+00:00,156.782,156.962,156.246,156.531,78606
2025-11-21 16:00:00+00:00,156.57,156.734,156.271,156.324,66911
2025-11-21 20:00:00+00:00,156.332,156.477,156.322,156.38,21291
2025-11-23 20:00:00+00:00,156.561,156.689,156.315,156.679,3834
2025-11-24 00:00:00+00:00,156.663,156.792,156.59,156.638,28804
2025-11-24 04:00:00+00:00,156.639,156.881,156.499,156.835,38635
2025-11-24 08:00:00+00:00,156.779,156.927,156.667,156.83,52554
2025-11-24 12:00:00+00:00,156.842,157.174,156.757,156.787,56074
2025-11-24 16:00:00+00:00,156.797,156.977,156.73,156.73,46157
2025-11-24 20:00:00+00:00,156.798,156.947,156.777,156.902,22847
2025-11-25 00:00:00+00:00,156.89,156.959,156.558,156.777,35784
2025-11-25 04:00:00+00:00,156.777,156.844,156.527,156.611,38359
2025-11-25 08:00:00+00:00,156.682,156.682,156.151,156.439,52491
2025-11-25 12:00:00+00:00,156.424,156.476,155.92,156.141,60080
2025-11-25 16:00:00+00:00,156.141,156.304,155.802,155.825,50334
2025-11-25 20:00:00+00:00,155.835,156.215,155.835,156.191,22413
2025-11-26 00:00:00+00:00,156.155,156.365,155.661,155.875,43631
2025-11-26 04:00:00+00:00,155.885,156.446,155.885,156.383,49226
2025-11-26 08:00:00+00:00,156.4,156.571,156.33,156.475,54072
2025-11-26 12:00:00+00:00,156.517,156.727,156.346,156.415,61386
2025-11-26 16:00:00+00:00,156.399,156.503,156.298,156.454,39975
2025-11-26 20:00:00+00:00,156.467,156.491,156.217,156.217,18796
2025-11-27 00:00:00+00:00,156.209,156.209,155.728,156.079,32407
2025-11-27 04:00:00+00:00,156.068,156.289,155.817,156.108,38221
2025-11-27 08:00:00+00:00,156.11,156.396,156.082,156.309,41407
2025-11-27 12:00:00+00:00,156.316,156.378,156.246,156.302,37471
2025-11-27 16:00:00+00:00,156.32,156.367,156.264,156.329,19703
2025-11-27 20:00:00+00:00,156.317,156.345,156.208,156.282,12638
2025-11-28 00:00:00+00:00,156.276,156.574,156.046,156.046,43677
2025-11-28 04:00:00+00:00,156.188,156.412,156.173,156.292,56385
2025-11-28 08:00:00+00:00,156.301,156.358,156.147,156.188,46151
2025-11-28 12:00:00+00:00,156.23,156.366,155.99,156.026,57779
2025-11-28 16:00:00+00:00,156.03,156.255,156.015,156.114,47159
2025-11-28 20:00:00+00:00,156.089,156.175,156.079,156.122,12523
2025-11-30 20:00:00+00:00,156.039,156.116,155.901,155.901,4377
2025-12-01 00:00:00+00:00,155.88,155.909,155.414,155.455,41685
2025-12-01 04:00:00+00:00,155.457,155.677,155.312,155.362,46158
2025-12-01 08:00:00+00:00,155.372,155.556,155.098,155.1,56032
2025-12-01 12:00:00+00:00,155.101,155.176,154.683,155.096,66480
2025-12-01 16:00:00+00:00,155.144,155.517,155.107,155.481,49609
2025-12-01 20:00:00+00:00,155.45,155.571,155.3770000000001,155.556,19170
2025-12-02 00:00:00+00:00,155.522,155.763,155.46,155.625,30424
2025-12-02 04:00:00+00:00,155.632,155.832,155.564,155.761,40904
2025-12-02 08:00:00+00:00,155.773,156.08,155.773,155.926,49477
2025-12-02 12:00:00+00:00,155.926,156.169,155.83,155.87,59902
2025-12-02 16:00:00+00:00,155.899,156.076,155.756,155.897,56556
2025-12-02 20:00:00+00:00,155.852,155.901,155.756,155.756,22019
2025-12-03 00:00:00+00:00,155.765,155.799,155.603,155.648,27547
2025-12-03 04:00:00+00:00,155.647,155.741,155.515,155.679,37955
2025-12-03 08:00:00+00:00,155.685,155.747,155.415,155.415,46411
2025-12-03 12:00:00+00:00,155.385,155.575,155.211,155.211,66891
2025-12-03 16:00:00+00:00,155.234,155.234,155.012,155.149,48145
2025-12-03 20:00:00+00:00,155.172,155.304,155.09,155.111,17935
2025-12-04 00:00:00+00:00,155.056,155.529,155.021,155.387,34215
2025-12-04 04:00:00+00:00,155.387,155.497,155.202,155.235,44928
2025-12-04 08:00:00+00:00,155.215,155.215,154.529,154.529,59303
2025-12-04 12:00:00+00:00,154.53,154.922,154.523,154.634,67904
2025-12-04 16:00:00+00:00,154.662,155.024,154.662,155.019,54539
2025-12-04 20:00:00+00:00,155.048,155.156,154.944,155.126,22955
2025-12-05 00:00:00+00:00,155.141,155.203,154.913,155.115,32496
2025-12-05 04:00:00+00:00,155.092,155.117,154.364,154.629,53132
2025-12-05 08:00:00+00:00,154.659,155.217,154.659,155.14,53515
2025-12-05 12:00:00+00:00,155.141,155.343,155.079,155.261,64176
2025-12-05 16:00:00+00:00,155.267,155.47,155.242,155.289,46847
2025-12-05 20:00:00+00:00,155.307,155.36,155.27,155.359,13911
2025-12-07 20:00:00+00:00,155.235,155.371,155.141,155.306,3863
2025-12-08 00:00:00+00:00,155.258,155.258,154.895,155.102,33808
2025-12-08 04:00:00+00:00,155.107,155.346,155.053,155.346,42028
2025-12-08 08:00:00+00:00,155.335,155.587,155.279,155.587,44931
2025-12-08 12:00:00+00:00,155.565,155.975,155.409,155.853,57374
2025-12-08 16:00:00+00:00,155.859,155.944,155.706,155.905,50206
2025-12-08 20:00:00+00:00,155.852,155.97,155.805,155.838,18720
2025-12-09 00:00:00+00:00,155.811,156.007,155.745,155.822,32106
2025-12-09 04:00:00+00:00,155.808,156.192,155.808,156.192,44716
2025-12-09 08:00:00+00:00,156.186,156.421,155.99,156.181,56342
2025-12-09 12:00:00+00:00,156.215,156.909,156.214,156.866,65059
2025-12-09 16:00:00+00:00,156.856,156.95,156.812,156.834,48593
2025-12-09 20:00:00+00:00,156.827,156.94,156.772,156.814,18740
2025-12-10 00:00:00+00:00,156.79,156.932,156.563,156.588,30353
2025-12-10 04:00:00+00:00,156.585,156.756,156.585,156.652,36059
2025-12-10 08:00:00+00:00,156.665,156.877,156.599,156.704,50146
2025-12-10 12:00:00+00:00,156.69,156.755,156.355,156.477,55470
2025-12-10 16:00:00+00:00,156.455,156.67,156.16,156.259,58189
2025-12-10 20:00:00+00:00,156.294,156.294,155.635,155.744,32108
2025-12-11 00:00:00+00:00,155.765,155.868,155.494,155.696,42391
2025-12-11 04:00:00+00:00,155.687,156.15,155.621,156.024,47300
2025-12-11 08:00:00+00:00,156.031,156.051,155.757,155.759,58982
2025-12-11 12:00:00+00:00,155.766,155.804,154.951,155.169,71772
2025-12-11 16:00:00+00:00,155.156,155.589,155.075,155.589,57677
2025-12-11 20:00:00+00:00,155.597,155.665,155.461,155.496,26903
2025-12-12 00:00:00+00:00,155.466,155.745,155.454,155.708,33313
2025-12-12 04:00:00+00:00,155.704,155.805,155.551,155.647,39742
2025-12-12 08:00:00+00:00,155.652,155.984,155.643,155.908,48282
2025-12-12 12:00:00+00:00,155.91,156.117,155.809,155.879,62470
2025-12-12 16:00:00+00:00,155.859,155.932,155.684,155.902,55117
2025-12-12 20:00:00+00:00,155.868,155.882,155.784,155.822,17176
2025-12-14 20:00:00+00:00,155.864,155.904,155.752,155.859,2573
2025-12-15 00:00:00+00:00,155.882,155.971,155.301,155.413,37113
2025-12-15 04:00:00+00:00,155.387,155.387,154.95,155.256,44949
2025-12-15 08:00:00+00:00,155.254,155.263,154.861,154.922,51126
2025-12-15 12:00:00+00:00,154.889,155.177,154.858,155.15,62184
2025-12-15 16:00:00+00:00,155.16,155.395,155.157,155.242,45959
2025-12-15 20:00:00+00:00,155.253,155.267,154.98,155.024,21260
2025-12-16 00:00:00+00:00,154.998,155.109,154.702,154.891,47943
2025-12-16 04:00:00+00:00,154.861,154.975,154.691,154.88,46219
2025-12-16 08:00:00+00:00,154.922,154.931,154.771,154.81,54763
2025-12-16 12:00:00+00:00,154.796,154.977,154.473,154.769,76558
2025-12-16 16:00:00+00:00,154.81,154.894,154.563,154.663,62105
2025-12-16 20:00:00+00:00,154.634,154.827,154.567,154.776,24769
2025-12-17 00:00:00+00:00,154.712,155.008,154.514,154.885,42919
2025-12-17 04:00:00+00:00,154.897,155.559,154.87,155.499,52321
2025-12-17 08:00:00+00:00,155.469,155.585,155.429,155.547,54181
2025-12-17 12:00:00+00:00,155.543,155.636,155.35,155.4,66905
2025-12-17 16:00:00+00:00,155.41,155.679,155.384,155.634,58483
2025-12-17 20:00:00+00:00,155.621,155.741,155.472,155.48,22629
2025-12-18 00:00:00+00:00,155.483,155.798,155.422,155.755,38185
2025-12-18 04:00:00+00:00,155.755,155.947,155.698,155.924,43763
2025-12-18 08:00:00+00:00,155.916,155.965,155.719,155.785,47671
2025-12-18 12:00:00+00:00,155.77,155.852,155.29,155.524,72796
2025-12-18 16:00:00+00:00,155.54,155.696,155.382,155.51,53171
2025-12-18 20:00:00+00:00,155.514,155.633,155.438,155.567,21468
2025-12-19 00:00:00+00:00,155.608,156.098,155.595,155.877,39578
2025-12-19 04:00:00+00:00,155.842,156.731,155.745,156.731,61750
2025-12-19 08:00:00+00:00,156.775,157.39,156.735,157.319,64486
2025-12-19 12:00:00+00:00,157.32,157.482,157.003,157.47,68458
2025-12-19 16:00:00+00:00,157.439,157.611,157.398,157.526,53566
2025-12-19 20:00:00+00:00,157.49,157.769,157.475,157.75,19808
2025-12-21 20:00:00+00:00,157.674,157.682,157.386,157.609,4212
2025-12-22 00:00:00+00:00,157.61,157.641,157.235,157.331,37509
2025-12-22 04:00:00+00:00,157.353,157.515,157.256,157.489,41915
2025-12-22 08:00:00+00:00,157.434,157.557,157.338,157.41,48162
2025-12-22 12:00:00+00:00,157.401,157.423,156.916,156.973,63978
2025-12-22 16:00:00+00:00,156.972,157.027,156.717,156.897,51839
2025-12-22 20:00:00+00:00,156.923,157.039,156.826,156.911,21901
2025-12-23 00:00:00+00:00,156.866,156.866,156.182,156.182,39708
2025-12-23 04:00:00+00:00,156.143,156.186,155.914,156.075,53421
2025-12-23 08:00:00+00:00,156.062,156.089,155.666,155.964,56893
2025-12-23 12:00:00+00:00,155.948,156.527,155.881,156.384,63384
2025-12-23 16:00:00+00:00,156.361,156.421,156.173,156.194,44048
2025-12-23 20:00:00+00:00,156.174,156.31,156.095,156.162,21723
2025-12-24 00:00:00+00:00,156.076,156.252,155.575,155.971,40709
2025-12-24 04:00:00+00:00,155.974,156.05,155.661,155.822,43963
2025-12-24 08:00:00+00:00,155.752,155.963,155.708,155.924,45618
2025-12-24 12:00:00+00:00,155.908,156.048,155.677,155.815,50946
2025-12-24 16:00:00+00:00,155.785,156.011,155.757,156.011,25388
2025-12-24 20:00:00+00:00,156.011,156.011,156.011,156.011,1
2025-12-25 20:00:00+00:00,155.69,156.117,155.65,156.099,7348
2025-12-26 00:00:00+00:00,156.163,156.467,156.047,156.056,36139
2025-12-26 04:00:00+00:00,156.015,156.428,156.005,156.364,40273
2025-12-26 08:00:00+00:00,156.355,156.465,156.306,156.4,39146
2025-12-26 12:00:00+00:00,156.396,156.526,156.237,156.424,48125
2025-12-26 16:00:00+00:00,156.403,156.712,156.368,156.493,49394
2025-12-26 20:00:00+00:00,156.475,156.593,156.449,156.573,15109
2025-12-28 20:00:00+00:00,156.5,156.526,156.407,156.474,3153
2025-12-29 00:00:00+00:00,156.276,156.507,156.062,156.377,38841
2025-12-29 04:00:00+00:00,156.377,156.463,156.059,156.08,47177
2025-12-29 08:00:00+00:00,156.091,156.408,156.091,156.394,49133
2025-12-29 12:00:00+00:00,156.405,156.41,155.934,155.934,57517
2025-12-29 16:00:00+00:00,155.937,156.242,155.935,156.03,41380
2025-12-29 20:00:00+00:00,156.016,156.123,155.943,156.015,19656
2025-12-30 00:00:00+00:00,155.951,156.335,155.951,156.27,35199
2025-12-30 04:00:00+00:00,156.265,156.28,155.927,155.976,42050
2025-12-30 08:00:00+00:00,155.891,156.0,155.739,155.885,45290
2025-12-30 12:00:00+00:00,155.883,156.551,155.883,156.325,54632
2025-12-30 16:00:00+00:00,156.31,156.512,156.225,156.494,43214
2025-12-30 20:00:00+00:00,156.476,156.492,156.304,156.394,18616
2025-12-31 00:00:00+00:00,156.371,156.495,156.324,156.489,25298
2025-12-31 04:00:00+00:00,156.493,156.641,156.493,156.567,31737
2025-12-31 08:00:00+00:00,156.548,156.674,156.512,156.603,40568
2025-12-31 12:00:00+00:00,156.596,156.986,156.563,156.743,56947
2025-12-31 16:00:00+00:00,156.703,156.874,156.656,156.874,27542
2025-12-31 20:00:00+00:00,156.874,156.874,156.874,156.874,1
2026-01-01 20:00:00+00:00,156.701,156.871,156.547,156.719,4541
