time,open,high,low,close,volume
2018-01-01 00:00:00+00:00,112.648,112.789,112.576,112.772,18613
2018-01-02 00:00:00+00:00,112.77,112.784,112.075,112.256,170203
2018-01-03 00:00:00+00:00,112.262,112.621,112.193,112.608,175622
2018-01-04 00:00:00+00:00,112.623,112.859,112.509,112.802,196574
2018-01-05 00:00:00+00:00,112.788,113.294,112.738,113.018,191942
2018-01-07 00:00:00+00:00,113.116,113.177,113.035,113.16,15535
2018-01-08 00:00:00+00:00,113.154,113.382,112.884,113.148,158501
2018-01-09 00:00:00+00:00,113.168,113.168,112.372,112.775,221240
2018-01-10 00:00:00+00:00,112.759,112.759,111.294,111.461,297625
2018-01-11 00:00:00+00:00,111.424,111.865,111.05,111.285,253816
2018-01-12 00:00:00+00:00,111.266,111.685,110.921,110.996,272130
2018-01-14 00:00:00+00:00,111.075,111.158,111.0,111.144,14689
2018-01-15 00:00:00+00:00,111.13,111.13,110.33,110.619,242278
2018-01-16 00:00:00+00:00,110.631,110.972,110.249,110.394,262942
2018-01-17 00:00:00+00:00,110.338,111.376,110.211,111.356,296632
2018-01-18 00:00:00+00:00,111.304,111.474,110.712,111.043,281613
2018-01-19 00:00:00+00:00,111.015,111.11,110.505,110.814,255989
2018-01-21 00:00:00+00:00,110.543,110.799,110.517,110.688,23079
2018-01-22 00:00:00+00:00,110.668,111.204,110.611,110.984,206507
2018-01-23 00:00:00+00:00,110.952,111.173,110.07,110.125,261759
2018-01-24 00:00:00+00:00,110.101,110.285,108.981,109.321,320230
2018-01-25 00:00:00+00:00,109.302,109.712,108.503,109.671,465346
2018-01-26 00:00:00+00:00,109.616,109.763,108.292,108.589,376436
2018-01-28 00:00:00+00:00,108.685,108.77,108.607,108.607,24753
2018-01-29 00:00:00+00:00,108.645,109.192,108.518,108.945,299371
2018-01-30 00:00:00+00:00,108.939,109.179,108.425,108.743,340341
2018-01-31 00:00:00+00:00,108.784,109.409,108.604,109.195,371566
2018-02-01 00:00:00+00:00,109.155,109.749,109.1,109.399,316231
2018-02-02 00:00:00+00:00,109.389,110.456,109.281,110.152,385507
2018-02-04 00:00:00+00:00,110.2,110.28,110.034,110.034,24793
2018-02-05 00:00:00+00:00,110.052,110.248,109.026,109.053,473856
2018-02-06 00:00:00+00:00,109.069,109.701,108.464,109.628,736420
2018-02-07 00:00:00+00:00,109.637,109.696,108.928,109.154,424615
2018-02-08 00:00:00+00:00,109.135,109.777,108.511,108.558,565028
2018-02-09 00:00:00+00:00,108.605,109.285,108.048,108.77,659675
2018-02-11 00:00:00+00:00,108.858,108.881,108.717,108.805,16473
2018-02-12 00:00:00+00:00,108.774,108.801,108.456,108.72,359047
2018-02-13 00:00:00+00:00,108.687,108.767,107.433,107.766,366381
2018-02-14 00:00:00+00:00,107.774,107.892,106.457,106.551,472029
2018-02-15 00:00:00+00:00,106.604,106.89,106.035,106.106,416487
2018-02-16 00:00:00+00:00,106.065,106.386,105.593,106.272,338547
2018-02-18 00:00:00+00:00,106.304,106.366,106.145,106.267,21872
2018-02-19 00:00:00+00:00,106.279,106.737,106.101,106.717,194961
2018-02-20 00:00:00+00:00,106.727,107.393,106.652,107.393,259360
2018-02-21 00:00:00+00:00,107.372,107.895,107.305,107.58,323885
2018-02-22 00:00:00+00:00,107.635,107.754,106.606,106.84,301373
2018-02-23 00:00:00+00:00,106.846,107.12,106.535,106.858,216630
2018-02-25 00:00:00+00:00,107.106,107.135,106.926,107.078,21981
2018-02-26 00:00:00+00:00,107.056,107.084,106.381,107.07,257695
2018-02-27 00:00:00+00:00,107.091,107.675,106.79,107.428,285304
2018-02-28 00:00:00+00:00,107.453,107.522,106.575,106.636,277741
2018-03-01 00:00:00+00:00,106.634,107.188,106.084,106.172,320287
2018-03-02 00:00:00+00:00,106.186,106.287,105.258,105.712,310521
2018-03-04 00:00:00+00:00,105.5,105.675,105.485,105.563,20722
2018-03-05 00:00:00+00:00,105.564,106.276,105.357,106.256,269049
2018-03-06 00:00:00+00:00,106.268,106.444,105.46,105.58,277392
2018-03-07 00:00:00+00:00,105.654,106.203,105.51,106.182,289617
2018-03-08 00:00:00+00:00,106.173,106.432,105.903,106.42,245130
2018-03-09 00:00:00+00:00,106.393,107.024,106.36,106.814,242911
2018-03-11 00:00:00+00:00,106.635,106.959,106.635,106.902,9297
2018-03-12 00:00:00+00:00,106.936,106.963,106.273,106.294,192897
2018-03-13 00:00:00+00:00,106.313,107.277,106.256,106.528,336335
2018-03-14 00:00:00+00:00,106.554,106.742,106.079,106.163,292462
2018-03-15 00:00:00+00:00,106.142,106.414,105.795,106.309,306443
2018-03-16 00:00:00+00:00,106.296,106.296,105.612,105.953,237235
2018-03-18 00:00:00+00:00,105.915,106.053,105.911,105.96,12965
2018-03-19 00:00:00+00:00,105.971,106.302,105.677,106.016,327354
2018-03-20 00:00:00+00:00,106.046,106.597,105.996,106.48,286386
2018-03-21 00:00:00+00:00,106.49,106.628,105.893,105.942,320058
2018-03-22 00:00:00+00:00,105.942,105.962,104.681,104.96,494892
2018-03-23 00:00:00+00:00,104.978,105.275,104.676,104.712,455863
2018-03-25 00:00:00+00:00,104.642,104.861,104.642,104.837,16082
2018-03-26 00:00:00+00:00,104.848,105.547,104.742,105.547,321774
2018-03-27 00:00:00+00:00,105.546,105.898,105.326,105.48,344860
2018-03-28 00:00:00+00:00,105.529,107.002,105.427,106.806,431619
2018-03-29 00:00:00+00:00,106.797,106.925,106.27,106.487,306922
2018-03-30 00:00:00+00:00,106.473,106.505,106.124,106.26,144640
2018-04-01 00:00:00+00:00,106.237,106.401,106.207,106.32,19444
2018-04-02 00:00:00+00:00,106.311,106.448,105.668,105.798,267723
2018-04-03 00:00:00+00:00,105.81,106.655,105.709,106.443,333259
2018-04-04 00:00:00+00:00,106.434,106.84,106.01,106.786,436472
2018-04-05 00:00:00+00:00,106.797,107.486,106.723,107.107,381967
2018-04-06 00:00:00+00:00,107.105,107.457,106.792,106.915,469766
2018-04-08 00:00:00+00:00,106.944,107.033,106.812,106.958,27005
2018-04-09 00:00:00+00:00,106.949,107.198,106.624,106.754,339399
2018-04-10 00:00:00+00:00,106.712,107.397,106.628,107.131,416537
2018-04-11 00:00:00+00:00,107.124,107.147,106.651,106.828,378674
2018-04-12 00:00:00+00:00,106.815,107.421,106.703,107.253,372640
2018-04-13 00:00:00+00:00,107.272,107.774,107.26,107.338,330809
2018-04-15 00:00:00+00:00,107.462,107.582,107.462,107.523,14925
2018-04-16 00:00:00+00:00,107.494,107.504,107.042,107.055,308614
2018-04-17 00:00:00+00:00,107.013,107.202,106.887,107.023,283839
2018-04-18 00:00:00+00:00,107.023,107.381,107.01,107.356,296132
2018-04-19 00:00:00+00:00,107.346,107.511,107.247,107.445,341424
2018-04-20 00:00:00+00:00,107.464,107.853,107.408,107.616,311741
2018-04-22 00:00:00+00:00,107.766,107.886,107.684,107.881,29000
2018-04-23 00:00:00+00:00,107.858,108.786,107.737,108.774,326444
2018-04-24 00:00:00+00:00,108.758,109.196,108.56,108.804,390931
2018-04-25 00:00:00+00:00,108.801,109.459,108.794,109.375,404841
2018-04-26 00:00:00+00:00,109.381,109.447,109.07,109.303,363368
2018-04-27 00:00:00+00:00,109.309,109.526,108.99,109.022,326378
2018-04-29 00:00:00+00:00,109.055,109.179,109.029,109.097,15913
2018-04-30 00:00:00+00:00,109.102,109.436,109.028,109.312,306540
2018-05-01 00:00:00+00:00,109.32,109.914,109.26,109.871,304319
2018-05-02 00:00:00+00:00,109.845,109.989,109.618,109.842,375359
2018-05-03 00:00:00+00:00,109.833,109.855,108.935,109.106,395735
2018-05-04 00:00:00+00:00,109.123,109.269,108.669,109.056,307706
2018-05-06 00:00:00+00:00,109.109,109.189,109.044,109.142,17154
2018-05-07 00:00:00+00:00,109.138,109.394,108.761,108.945,286257
2018-05-08 00:00:00+00:00,108.926,109.341,108.859,109.035,358680
2018-05-09 00:00:00+00:00,109.042,109.868,109.011,109.842,356513
2018-05-10 00:00:00+00:00,109.815,109.988,109.324,109.456,384444
2018-05-11 00:00:00+00:00,109.469,109.558,109.168,109.358,271506
2018-05-13 00:00:00+00:00,109.346,109.403,109.276,109.315,19304
2018-05-14 00:00:00+00:00,109.325,109.745,109.216,109.732,292579
2018-05-15 00:00:00+00:00,109.74,110.45,109.667,110.293,378718
2018-05-16 00:00:00+00:00,110.29,110.399,110.05,110.369,362060
2018-05-17 00:00:00+00:00,110.383,110.859,110.089,110.848,352775
2018-05-18 00:00:00+00:00,110.844,111.072,110.618,110.736,286048
2018-05-20 00:00:00+00:00,110.869,110.899,110.825,110.894,11642
2018-05-21 00:00:00+00:00,110.92,111.386,110.909,110.998,289047
2018-05-22 00:00:00+00:00,111.003,111.177,110.726,110.738,315284
2018-05-23 00:00:00+00:00,110.728,110.873,109.577,109.88,499662
2018-05-24 00:00:00+00:00,109.906,109.928,108.971,109.314,446997
2018-05-25 00:00:00+00:00,109.321,109.732,109.144,109.362,367661
2018-05-27 00:00:00+00:00,109.738,109.82,109.611,109.613,21458
2018-05-28 00:00:00+00:00,109.634,109.74,109.248,109.402,293503
2018-05-29 00:00:00+00:00,109.391,109.391,108.123,108.407,595449
2018-05-30 00:00:00+00:00,108.474,109.068,108.401,108.728,477503
2018-05-31 00:00:00+00:00,108.726,108.998,108.4,108.786,447567
2018-06-01 00:00:00+00:00,108.767,109.718,108.767,109.488,355326
2018-06-03 00:00:00+00:00,109.454,109.605,109.45,109.605,11299
2018-06-04 00:00:00+00:00,109.588,109.987,109.384,109.966,278016
2018-06-05 00:00:00+00:00,109.972,109.99,109.488,109.887,319278
2018-06-06 00:00:00+00:00,109.874,110.256,109.806,110.136,313016
2018-06-07 00:00:00+00:00,110.122,110.216,109.488,109.72,357708
2018-06-08 00:00:00+00:00,109.734,109.849,109.207,109.509,334892
2018-06-10 00:00:00+00:00,109.292,109.482,109.292,109.459,9717
2018-06-11 00:00:00+00:00,109.505,110.42,109.393,110.392,282595
2018-06-12 00:00:00+00:00,110.37,110.54,110.112,110.453,330506
2018-06-13 00:00:00+00:00,110.47,110.827,110.104,110.239,291095
2018-06-14 00:00:00+00:00,110.247,110.689,109.924,110.64,283928
2018-06-15 00:00:00+00:00,110.64,110.9,110.399,110.644,225850
2018-06-17 00:00:00+00:00,110.665,110.716,110.581,110.642,19117
2018-06-18 00:00:00+00:00,110.618,110.655,110.11,110.134,178379
2018-06-19 00:00:00+00:00,110.16,110.202,109.56,110.089,294151
2018-06-20 00:00:00+00:00,110.081,110.447,109.868,110.378,218373
2018-06-21 00:00:00+00:00,110.344,110.752,109.845,109.954,289399
2018-06-22 00:00:00+00:00,109.933,110.212,109.823,109.976,162818
2018-06-24 00:00:00+00:00,109.841,110.006,109.835,109.944,15267
2018-06-25 00:00:00+00:00,109.923,110.034,109.383,109.639,235846
2018-06-26 00:00:00+00:00,109.621,110.185,109.38,110.125,224206
2018-06-27 00:00:00+00:00,110.143,110.485,109.696,110.221,338815
2018-06-28 00:00:00+00:00,110.234,110.645,109.978,110.489,315210
2018-06-29 00:00:00+00:00,110.451,110.917,110.39,110.666,296684
2018-07-01 00:00:00+00:00,110.68,110.811,110.595,110.737,42025
2018-07-02 00:00:00+00:00,110.737,111.053,110.613,110.88,282440
2018-07-03 00:00:00+00:00,110.901,111.127,110.398,110.414,301139
2018-07-04 00:00:00+00:00,110.403,110.548,110.282,110.503,329823
2018-07-05 00:00:00+00:00,110.498,110.707,110.297,110.567,280416
2018-07-06 00:00:00+00:00,110.53,110.782,110.388,110.449,228290
2018-07-08 00:00:00+00:00,110.423,110.474,110.392,110.439,25249
2018-07-09 00:00:00+00:00,110.428,110.977,110.375,110.956,222333
2018-07-10 00:00:00+00:00,110.947,111.346,110.806,110.852,251351
2018-07-11 00:00:00+00:00,110.859,112.165,110.785,111.978,374159
2018-07-12 00:00:00+00:00,111.994,112.69,111.994,112.673,285958
2018-07-13 00:00:00+00:00,112.662,112.797,112.278,112.33,233862
2018-07-15 00:00:00+00:00,112.2,112.462,112.2,112.401,23031
2018-07-16 00:00:00+00:00,112.401,112.558,112.233,112.385,206764
2018-07-17 00:00:00+00:00,112.379,113.073,112.236,113.02,285106
2018-07-18 00:00:00+00:00,113.006,113.134,112.727,112.801,240104
2018-07-19 00:00:00+00:00,112.8,113.151,112.112,112.363,325290
2018-07-20 00:00:00+00:00,112.382,112.611,111.386,111.422,373424
2018-07-22 00:00:00+00:00,111.38,111.497,111.058,111.06,33486
2018-07-23 00:00:00+00:00,111.065,111.522,110.783,111.465,305268
2018-07-24 00:00:00+00:00,111.439,111.443,110.969,111.276,262792
2018-07-25 00:00:00+00:00,111.262,111.373,110.687,110.859,343160
2018-07-26 00:00:00+00:00,110.86,111.246,110.61,111.157,250208
2018-07-27 00:00:00+00:00,111.144,111.213,110.802,110.972,230349
2018-07-29 00:00:00+00:00,110.934,111.008,110.916,110.946,27109
2018-07-30 00:00:00+00:00,110.927,111.164,110.896,111.0,224942
2018-07-31 00:00:00+00:00,110.988,111.951,110.833,111.834,379021
2018-08-01 00:00:00+00:00,111.821,112.141,111.417,111.639,278857
2018-08-02 00:00:00+00:00,111.661,111.731,111.341,111.702,249394
2018-08-03 00:00:00+00:00,111.698,111.856,111.108,111.225,197068
2018-08-05 00:00:00+00:00,111.214,111.261,111.164,111.237,13254
2018-08-06 00:00:00+00:00,111.222,111.526,111.172,111.336,186954
2018-08-07 00:00:00+00:00,111.317,111.475,110.997,111.35,165217
2018-08-08 00:00:00+00:00,111.339,111.425,110.844,110.909,184917
2018-08-09 00:00:00+00:00,110.878,111.181,110.711,111.084,190195
2018-08-10 00:00:00+00:00,111.066,111.13,110.525,110.819,309348
2018-08-12 00:00:00+00:00,110.438,110.717,110.438,110.63,21337
2018-08-13 00:00:00+00:00,110.655,110.918,110.129,110.63,295205
2018-08-14 00:00:00+00:00,110.607,111.31,110.607,111.256,251217
2018-08-15 00:00:00+00:00,111.26,111.429,110.442,110.575,312722
2018-08-16 00:00:00+00:00,110.588,111.106,110.462,111.017,272711
2018-08-17 00:00:00+00:00,110.994,111.046,110.33,110.463,187203
2018-08-19 00:00:00+00:00,110.588,110.588,110.481,110.481,16995
2018-08-20 00:00:00+00:00,110.478,110.677,109.92,109.953,192346
2018-08-21 00:00:00+00:00,109.921,110.538,109.781,110.117,215013
2018-08-22 00:00:00+00:00,110.116,110.671,110.033,110.59,218711
2018-08-23 00:00:00+00:00,110.562,111.394,110.555,111.366,242901
2018-08-24 00:00:00+00:00,111.335,111.482,111.107,111.225,163066
2018-08-26 00:00:00+00:00,111.318,111.345,111.229,111.292,14039
2018-08-27 00:00:00+00:00,111.291,111.329,110.94,111.135,167422
2018-08-28 00:00:00+00:00,111.14,111.351,110.999,111.149,199203
2018-08-29 00:00:00+00:00,111.159,111.821,111.129,111.682,210688
2018-08-30 00:00:00+00:00,111.701,111.752,110.954,111.011,215029
2018-08-31 00:00:00+00:00,110.997,111.12,110.687,111.047,214039
2018-09-02 00:00:00+00:00,111.056,111.186,111.056,111.143,21324
2018-09-03 00:00:00+00:00,111.145,111.169,110.856,111.084,170117
2018-09-04 00:00:00+00:00,111.081,111.533,110.911,111.464,226914
2018-09-05 00:00:00+00:00,111.441,111.755,111.402,111.45,237231
2018-09-06 00:00:00+00:00,111.418,111.424,110.467,110.489,246532
2018-09-07 00:00:00+00:00,110.498,111.24,110.406,111.043,237426
2018-09-09 00:00:00+00:00,111.024,111.079,110.88,110.919,12662
2018-09-10 00:00:00+00:00,110.921,111.247,110.876,111.142,156233
2018-09-11 00:00:00+00:00,111.16,111.643,111.157,111.633,172589
2018-09-12 00:00:00+00:00,111.601,111.612,111.124,111.215,187541
2018-09-13 00:00:00+00:00,111.174,112.044,111.174,112.027,195703
2018-09-14 00:00:00+00:00,112.043,112.161,111.759,112.051,167450
2018-09-16 00:00:00+00:00,112.01,112.031,111.941,111.966,9928
2018-09-17 00:00:00+00:00,111.954,112.117,111.678,111.689,157273
2018-09-18 00:00:00+00:00,111.686,112.382,111.686,112.282,242567
2018-09-19 00:00:00+00:00,112.291,112.427,112.164,112.334,214027
2018-09-20 00:00:00+00:00,112.328,112.581,112.058,112.495,196871
2018-09-21 00:00:00+00:00,112.509,112.865,112.48,112.553,171144
2018-09-23 00:00:00+00:00,112.422,112.567,112.408,112.532,6104
2018-09-24 00:00:00+00:00,112.528,112.841,112.448,112.778,158736
2018-09-25 00:00:00+00:00,112.796,112.994,112.742,112.982,168031
2018-09-26 00:00:00+00:00,112.978,113.128,112.642,112.714,201495
2018-09-27 00:00:00+00:00,112.698,113.468,112.564,113.392,205218
2018-09-28 00:00:00+00:00,113.405,113.692,113.33,113.678,175486
2018-09-30 00:00:00+00:00,113.704,113.844,113.692,113.798,13462
2018-10-01 00:00:00+00:00,113.792,114.062,113.742,113.954,159876
2018-10-02 00:00:00+00:00,113.972,114.011,113.543,113.566,190526
2018-10-03 00:00:00+00:00,113.572,114.544,113.533,114.511,196521
2018-10-04 00:00:00+00:00,114.505,114.518,113.638,113.898,263662
2018-10-05 00:00:00+00:00,113.901,114.091,113.566,113.701,244344
2018-10-07 00:00:00+00:00,113.796,113.796,113.653,113.711,15711
2018-10-08 00:00:00+00:00,113.7,113.937,112.826,113.122,207100
2018-10-09 00:00:00+00:00,113.108,113.389,112.88,113.02,308529
2018-10-10 00:00:00+00:00,113.006,113.275,112.071,112.087,340887
2018-10-11 00:00:00+00:00,112.138,112.529,111.847,112.083,563385
2018-10-12 00:00:00+00:00,112.106,112.491,111.89,112.206,340190
2018-10-14 00:00:00+00:00,112.125,112.234,112.125,112.209,11940
2018-10-15 00:00:00+00:00,112.202,112.202,111.63,111.842,325067
2018-10-16 00:00:00+00:00,111.847,112.372,111.81,112.343,259940
2018-10-17 00:00:00+00:00,112.316,112.714,112.027,112.625,296142
2018-10-18 00:00:00+00:00,112.6,112.728,111.976,112.199,373110
2018-10-19 00:00:00+00:00,112.197,112.627,112.197,112.511,327049
2018-10-21 00:00:00+00:00,112.574,112.599,112.42,112.462,16424
2018-10-22 00:00:00+00:00,112.446,112.876,112.358,112.758,292990
2018-10-23 00:00:00+00:00,112.734,112.792,111.964,112.454,418542
2018-10-24 00:00:00+00:00,112.448,112.737,111.997,112.0,469445
2018-10-25 00:00:00+00:00,112.034,112.667,111.83,112.354,450202
2018-10-26 00:00:00+00:00,112.323,112.432,111.396,111.873,590870
2018-10-28 00:00:00+00:00,111.86,111.969,111.803,111.921,28862
2018-10-29 00:00:00+00:00,111.912,112.552,111.79,112.324,426309
2018-10-30 00:00:00+00:00,112.312,113.155,112.312,113.067,419760
2018-10-31 00:00:00+00:00,113.046,113.378,112.811,112.855,323843
2018-11-01 00:00:00+00:00,112.843,112.998,112.562,112.734,275048
2018-11-02 00:00:00+00:00,112.73,113.313,112.668,113.191,343978
2018-11-04 00:00:00+00:00,113.152,113.219,113.125,113.138,23521
2018-11-05 00:00:00+00:00,113.116,113.322,113.082,113.264,225860
2018-11-06 00:00:00+00:00,113.262,113.493,113.105,113.341,217835
2018-11-07 00:00:00+00:00,113.349,113.808,112.954,113.567,368405
2018-11-08 00:00:00+00:00,113.564,114.082,113.551,113.963,234230
2018-11-09 00:00:00+00:00,113.963,114.006,113.666,113.799,235683
2018-11-11 00:00:00+00:00,113.845,113.885,113.817,113.846,44258
2018-11-12 00:00:00+00:00,113.843,114.189,113.666,113.692,266921
2018-11-13 00:00:00+00:00,113.687,114.14,113.594,113.795,315632
2018-11-14 00:00:00+00:00,113.798,114.003,113.302,113.563,325686
2018-11-15 00:00:00+00:00,113.555,113.7,113.103,113.561,347277
2018-11-16 00:00:00+00:00,113.56,113.605,112.647,112.821,290902
2018-11-18 00:00:00+00:00,112.756,112.843,112.614,112.725,40846
2018-11-19 00:00:00+00:00,112.73,112.866,112.4,112.454,309116
2018-11-20 00:00:00+00:00,112.455,112.815,112.31,112.708,325547
2018-11-21 00:00:00+00:00,112.716,113.136,112.715,113.03,262630
2018-11-22 00:00:00+00:00,113.014,113.128,112.888,112.984,209685
2018-11-23 00:00:00+00:00,112.998,113.012,112.67,112.952,200701
2018-11-25 00:00:00+00:00,112.898,112.933,112.88,112.917,36724
2018-11-26 00:00:00+00:00,112.914,113.641,112.907,113.504,226991
2018-11-27 00:00:00+00:00,113.507,113.84,113.416,113.797,223038
2018-11-28 00:00:00+00:00,113.787,114.032,113.47,113.566,229624
2018-11-29 00:00:00+00:00,113.576,113.611,113.206,113.414,221281
2018-11-30 00:00:00+00:00,113.429,113.696,113.347,113.453,175546
2018-12-02 00:00:00+00:00,113.642,113.817,113.624,113.771,31932
2018-12-03 00:00:00+00:00,113.764,113.764,113.378,113.588,183397
2018-12-04 00:00:00+00:00,113.592,113.616,112.591,112.691,303532
2018-12-05 00:00:00+00:00,112.702,113.24,112.696,113.045,156946
2018-12-06 00:00:00+00:00,113.069,113.149,112.256,112.723,439117
2018-12-07 00:00:00+00:00,112.713,112.925,112.567,112.689,307554
2018-12-09 00:00:00+00:00,112.606,112.67,112.425,112.518,18931
2018-12-10 00:00:00+00:00,112.522,113.366,112.247,113.197,368569
2018-12-11 00:00:00+00:00,113.208,113.458,113.013,113.375,320563
2018-12-12 00:00:00+00:00,113.379,113.515,113.145,113.285,280018
2018-12-13 00:00:00+00:00,113.292,113.706,113.292,113.571,267437
2018-12-14 00:00:00+00:00,113.576,113.673,113.215,113.377,245284
2018-12-16 00:00:00+00:00,113.338,113.408,113.316,113.408,26671
2018-12-17 00:00:00+00:00,113.391,113.519,112.686,112.838,278405
2018-12-18 00:00:00+00:00,112.832,112.832,112.251,112.52,292712
2018-12-19 00:00:00+00:00,112.485,112.645,112.103,112.405,360446
2018-12-20 00:00:00+00:00,112.435,112.602,110.815,111.174,513012
2018-12-21 00:00:00+00:00,111.197,111.453,110.934,111.204,423281
2018-12-23 00:00:00+00:00,110.975,111.187,110.972,111.077,34508
2018-12-24 00:00:00+00:00,111.101,111.148,110.281,110.33,405972
2018-12-26 00:00:00+00:00,110.444,111.399,110.287,111.219,282512
2018-12-27 00:00:00+00:00,111.211,111.221,110.458,110.841,551898
2018-12-28 00:00:00+00:00,110.862,110.937,110.158,110.251,347760
2018-12-30 00:00:00+00:00,110.318,110.417,110.25,110.321,10382
2018-12-31 00:00:00+00:00,110.323,110.471,109.643,109.684,222996
2019-01-02 00:00:00+00:00,109.417,109.455,105.058,107.425,389739
2019-01-03 00:00:00+00:00,107.483,108.276,106.759,107.851,582955
2019-01-04 00:00:00+00:00,107.815,108.574,107.519,108.504,448713
2019-01-06 00:00:00+00:00,108.494,108.615,108.365,108.549,25031
2019-01-07 00:00:00+00:00,108.499,108.747,108.045,108.626,311969
2019-01-08 00:00:00+00:00,108.643,109.083,108.445,108.753,320649
2019-01-09 00:00:00+00:00,108.746,108.974,107.998,108.186,354180
2019-01-10 00:00:00+00:00,108.156,108.495,107.772,108.283,339000
2019-01-11 00:00:00+00:00,108.302,108.58,108.151,108.554,241940
2019-01-13 00:00:00+00:00,108.541,108.541,108.4,108.453,11560
2019-01-14 00:00:00+00:00,108.459,108.482,108.004,108.239,237548
2019-01-15 00:00:00+00:00,108.245,108.742,108.202,108.653,313496
2019-01-16 00:00:00+00:00,108.664,109.188,108.373,109.04,268145
2019-01-17 00:00:00+00:00,109.033,109.396,108.695,109.145,290651
2019-01-18 00:00:00+00:00,109.133,109.881,109.133,109.768,249567
2019-01-20 00:00:00+00:00,109.707,109.758,109.661,109.683,23574
2019-01-21 00:00:00+00:00,109.634,109.703,109.479,109.674,161344
2019-01-22 00:00:00+00:00,109.667,109.685,109.152,109.36,231916
2019-01-23 00:00:00+00:00,109.369,109.974,109.369,109.501,256665
2019-01-24 00:00:00+00:00,109.473,109.798,109.424,109.597,271257
2019-01-25 00:00:00+00:00,109.597,109.948,109.465,109.539,248440
2019-01-27 00:00:00+00:00,109.538,109.583,109.404,109.413,18101
2019-01-28 00:00:00+00:00,109.412,109.522,109.166,109.259,253845
2019-01-29 00:00:00+00:00,109.277,109.535,109.137,109.427,230660
2019-01-30 00:00:00+00:00,109.425,109.736,108.812,108.977,266314
2019-01-31 00:00:00+00:00,108.955,108.998,108.498,108.846,244055
2019-02-01 00:00:00+00:00,108.847,109.577,108.725,109.526,214627
2019-02-03 00:00:00+00:00,109.497,109.532,109.433,109.443,29894
2019-02-04 00:00:00+00:00,109.472,110.15,109.472,109.977,212260
2019-02-05 00:00:00+00:00,109.978,110.036,109.787,109.943,182621
2019-02-06 00:00:00+00:00,109.942,110.041,109.561,109.988,201512
2019-02-07 00:00:00+00:00,109.997,110.078,109.616,109.755,253783
2019-02-08 00:00:00+00:00,109.772,109.894,109.656,109.727,177780
2019-02-10 00:00:00+00:00,109.769,109.864,109.769,109.814,19667
2019-02-11 00:00:00+00:00,109.813,110.467,109.774,110.394,246334
2019-02-12 00:00:00+00:00,110.379,110.648,110.348,110.514,200454
2019-02-13 00:00:00+00:00,110.514,111.054,110.508,110.931,177034
2019-02-14 00:00:00+00:00,110.952,111.117,110.421,110.541,261273
2019-02-15 00:00:00+00:00,110.537,110.638,110.266,110.456,210791
2019-02-17 00:00:00+00:00,110.444,110.574,110.444,110.574,22229
2019-02-18 00:00:00+00:00,110.538,110.655,110.463,110.596,197188
2019-02-19 00:00:00+00:00,110.59,110.815,110.46,110.581,195505
2019-02-20 00:00:00+00:00,110.596,110.942,110.596,110.75,200455
2019-02-21 00:00:00+00:00,110.78,110.855,110.592,110.705,226406
2019-02-22 00:00:00+00:00,110.712,110.903,110.566,110.642,176561
2019-02-24 00:00:00+00:00,110.648,110.796,110.648,110.775,28106
2019-02-25 00:00:00+00:00,110.781,111.233,110.587,111.041,198285
2019-02-26 00:00:00+00:00,111.05,111.075,110.432,110.553,184306
2019-02-27 00:00:00+00:00,110.545,111.072,110.357,110.863,207347
2019-02-28 00:00:00+00:00,110.894,111.493,110.67,111.361,209560
2019-03-01 00:00:00+00:00,111.384,112.074,111.384,111.898,183536
2019-03-03 00:00:00+00:00,111.842,111.959,111.755,111.935,25718
2019-03-04 00:00:00+00:00,111.936,112.011,111.644,111.78,210250
2019-03-05 00:00:00+00:00,111.788,112.109,111.786,111.869,193278
2019-03-06 00:00:00+00:00,111.869,111.915,111.622,111.624,174313
2019-03-07 00:00:00+00:00,111.628,111.843,111.494,111.643,185228
2019-03-08 00:00:00+00:00,111.637,111.642,110.821,111.154,203746
2019-03-10 00:00:00+00:00,111.0,111.146,111.0,111.082,11128
2019-03-11 00:00:00+00:00,111.07,111.355,110.885,111.33,181798
2019-03-12 00:00:00+00:00,111.316,111.462,111.111,111.315,183948
2019-03-13 00:00:00+00:00,111.31,111.457,111.008,111.211,186745
2019-03-14 00:00:00+00:00,111.204,111.827,111.148,111.754,207221
2019-03-15 00:00:00+00:00,111.792,111.897,111.391,111.451,165175
2019-03-17 00:00:00+00:00,111.448,111.564,111.448,111.553,10847
2019-03-18 00:00:00+00:00,111.55,111.623,111.3,111.384,162331
2019-03-19 00:00:00+00:00,111.384,111.475,111.16,111.417,159132
2019-03-20 00:00:00+00:00,111.432,111.682,110.562,110.664,239214
2019-03-21 00:00:00+00:00,110.655,110.95,110.299,110.815,203343
2019-03-22 00:00:00+00:00,110.825,110.892,109.766,109.903,307661
2019-03-24 00:00:00+00:00,109.913,110.137,109.913,110.093,12116
2019-03-25 00:00:00+00:00,110.126,110.233,109.73,110.057,308189
2019-03-26 00:00:00+00:00,110.058,110.678,110.008,110.571,269647
2019-03-27 00:00:00+00:00,110.561,110.707,110.241,110.501,314735
2019-03-28 00:00:00+00:00,110.48,110.828,110.02,110.632,303424
2019-03-29 00:00:00+00:00,110.686,110.946,110.554,110.853,240270
2019-03-31 00:00:00+00:00,110.994,111.044,110.878,110.988,19326
2019-04-01 00:00:00+00:00,110.997,111.453,110.855,111.449,227721
2019-04-02 00:00:00+00:00,111.437,111.437,111.257,111.309,180125
2019-04-03 00:00:00+00:00,111.322,111.574,111.219,111.397,207158
2019-04-04 00:00:00+00:00,111.379,111.672,111.341,111.654,173333
2019-04-05 00:00:00+00:00,111.66,111.82,111.618,111.7,151965
2019-04-07 00:00:00+00:00,111.655,111.738,111.65,111.714,20055
2019-04-08 00:00:00+00:00,111.706,111.706,111.291,111.451,181962
2019-04-09 00:00:00+00:00,111.451,111.564,110.996,111.092,167802
2019-04-10 00:00:00+00:00,111.1,111.242,110.845,110.987,200498
2019-04-11 00:00:00+00:00,110.995,111.696,110.995,111.646,192473
2019-04-12 00:00:00+00:00,111.638,112.089,111.638,112.005,167100
2019-04-14 00:00:00+00:00,111.944,112.054,111.944,112.039,16293
2019-04-15 00:00:00+00:00,112.039,112.09,111.891,111.951,157185
2019-04-16 00:00:00+00:00,111.953,112.041,111.852,111.995,186985
2019-04-17 00:00:00+00:00,111.989,112.163,111.93,112.034,174712
2019-04-18 00:00:00+00:00,112.045,112.045,111.784,111.993,237592
2019-04-19 00:00:00+00:00,111.991,112.004,111.903,111.916,211830
2019-04-21 00:00:00+00:00,111.852,111.941,111.842,111.916,14854
2019-04-22 00:00:00+00:00,111.917,111.989,111.893,111.934,141482
2019-04-23 00:00:00+00:00,111.932,112.026,111.666,111.882,171943
2019-04-24 00:00:00+00:00,111.867,112.399,111.698,112.12,193874
2019-04-25 00:00:00+00:00,112.144,112.232,111.411,111.545,211200
2019-04-26 00:00:00+00:00,111.51,111.903,111.433,111.536,210226
2019-04-28 00:00:00+00:00,111.549,111.612,111.54,111.601,5237
2019-04-29 00:00:00+00:00,111.604,111.893,111.578,111.679,132012
2019-04-30 00:00:00+00:00,111.68,111.682,111.238,111.399,170679
2019-05-01 00:00:00+00:00,111.41,111.602,111.06,111.448,169454
2019-05-02 00:00:00+00:00,111.451,111.66,111.383,111.497,195553
2019-05-03 00:00:00+00:00,111.491,111.622,111.071,111.079,149984
2019-05-05 00:00:00+00:00,110.62,110.842,110.536,110.638,38804
2019-05-06 00:00:00+00:00,110.605,110.956,110.304,110.802,239836
2019-05-07 00:00:00+00:00,110.805,110.805,110.174,110.266,268638
2019-05-08 00:00:00+00:00,110.244,110.244,109.911,110.031,309917
2019-05-09 00:00:00+00:00,110.024,110.071,109.478,109.826,323239
2019-05-10 00:00:00+00:00,109.86,110.042,109.508,109.94,352119
2019-05-12 00:00:00+00:00,109.749,109.834,109.645,109.646,24407
2019-05-13 00:00:00+00:00,109.649,109.802,109.032,109.16,313487
2019-05-14 00:00:00+00:00,109.177,109.771,109.155,109.676,228692
2019-05-15 00:00:00+00:00,109.684,109.702,109.161,109.471,255150
2019-05-16 00:00:00+00:00,109.451,109.958,109.352,109.881,222139
2019-05-17 00:00:00+00:00,109.849,110.149,109.51,110.058,291465
2019-05-19 00:00:00+00:00,110.124,110.201,110.016,110.174,12705
2019-05-20 00:00:00+00:00,110.157,110.303,109.818,110.087,274221
2019-05-21 00:00:00+00:00,110.103,110.671,110.064,110.565,242522
2019-05-22 00:00:00+00:00,110.543,110.626,110.21,110.218,210128
2019-05-23 00:00:00+00:00,110.229,110.351,109.465,109.558,255269
2019-05-24 00:00:00+00:00,109.566,109.725,109.276,109.276,163641
2019-05-26 00:00:00+00:00,109.334,109.419,109.286,109.399,12434
2019-05-27 00:00:00+00:00,109.403,109.579,109.383,109.512,134480
2019-05-28 00:00:00+00:00,109.506,109.626,109.215,109.357,222166
2019-05-29 00:00:00+00:00,109.375,109.695,109.157,109.561,265490
2019-05-30 00:00:00+00:00,109.558,109.919,109.337,109.337,212711
2019-05-31 00:00:00+00:00,109.305,109.392,108.282,108.282,300091
2019-06-02 00:00:00+00:00,108.272,108.342,108.174,108.224,21188
2019-06-03 00:00:00+00:00,108.231,108.436,107.897,108.038,294450
2019-06-04 00:00:00+00:00,108.062,108.359,107.858,108.259,245425
2019-06-05 00:00:00+00:00,108.234,108.482,107.826,108.322,294999
2019-06-06 00:00:00+00:00,108.345,108.562,108.039,108.457,250746
2019-06-07 00:00:00+00:00,108.466,108.602,107.897,108.16,228223
2019-06-09 00:00:00+00:00,108.463,108.551,108.419,108.452,18017
2019-06-10 00:00:00+00:00,108.451,108.71,108.352,108.358,187979
2019-06-11 00:00:00+00:00,108.368,108.8,108.366,108.478,187215
2019-06-12 00:00:00+00:00,108.486,108.56,108.225,108.493,211855
2019-06-13 00:00:00+00:00,108.508,108.527,108.169,108.323,187573
2019-06-14 00:00:00+00:00,108.317,108.584,108.162,108.563,162778
2019-06-16 00:00:00+00:00,108.483,108.587,108.472,108.574,15329
2019-06-17 00:00:00+00:00,108.565,108.721,108.519,108.546,145168
2019-06-18 00:00:00+00:00,108.54,108.675,108.094,108.583,270498
2019-06-19 00:00:00+00:00,108.577,108.608,107.903,108.114,261129
2019-06-20 00:00:00+00:00,108.107,108.109,107.221,107.3,332657
2019-06-21 00:00:00+00:00,107.302,107.73,107.05,107.31,260420
2019-06-23 00:00:00+00:00,107.299,107.377,107.283,107.302,13500
2019-06-24 00:00:00+00:00,107.324,107.519,107.254,107.335,220595
2019-06-25 00:00:00+00:00,107.346,107.403,106.787,107.174,323058
2019-06-26 00:00:00+00:00,107.184,107.846,107.165,107.746,218339
2019-06-27 00:00:00+00:00,107.742,108.157,107.659,107.754,226819
2019-06-28 00:00:00+00:00,107.76,107.927,107.569,107.912,190661
2019-06-30 00:00:00+00:00,108.18,108.494,108.165,108.378,32421
2019-07-01 00:00:00+00:00,108.347,108.528,108.104,108.376,236557
2019-07-02 00:00:00+00:00,108.379,108.467,107.787,107.835,196048
2019-07-03 00:00:00+00:00,107.832,107.885,107.54,107.769,194060
2019-07-04 00:00:00+00:00,107.777,107.833,107.708,107.821,96097
2019-07-05 00:00:00+00:00,107.805,108.633,107.805,108.457,185988
2019-07-07 00:00:00+00:00,108.41,108.584,108.401,108.489,13389
2019-07-08 00:00:00+00:00,108.485,108.799,108.281,108.724,155036
2019-07-09 00:00:00+00:00,108.742,108.957,108.717,108.933,151478
2019-07-10 00:00:00+00:00,108.946,108.985,108.318,108.336,188882
2019-07-11 00:00:00+00:00,108.324,108.604,107.866,108.592,211048
2019-07-12 00:00:00+00:00,108.591,108.591,107.804,107.892,163316
2019-07-14 00:00:00+00:00,107.869,107.917,107.803,107.832,29869
2019-07-15 00:00:00+00:00,107.838,108.096,107.814,107.907,191422
2019-07-16 00:00:00+00:00,107.892,108.367,107.882,108.198,194550
2019-07-17 00:00:00+00:00,108.209,108.328,107.864,107.933,164361
2019-07-18 00:00:00+00:00,107.928,108.006,107.214,107.404,247046
2019-07-19 00:00:00+00:00,107.413,107.967,107.334,107.689,205396
2019-07-21 00:00:00+00:00,107.717,107.825,107.699,107.822,18139
2019-07-22 00:00:00+00:00,107.814,108.055,107.728,107.904,188715
2019-07-23 00:00:00+00:00,107.89,108.284,107.836,108.235,170208
2019-07-24 00:00:00+00:00,108.237,108.267,107.966,108.191,153775
2019-07-25 00:00:00+00:00,108.174,108.75,108.047,108.676,207441
2019-07-26 00:00:00+00:00,108.684,108.799,108.565,108.633,127818
2019-07-28 00:00:00+00:00,108.664,108.68,108.594,108.638,5309
2019-07-29 00:00:00+00:00,108.63,108.898,108.428,108.855,123214
2019-07-30 00:00:00+00:00,108.86,108.935,108.465,108.565,197091
2019-07-31 00:00:00+00:00,108.563,108.979,108.491,108.821,256019
2019-08-01 00:00:00+00:00,108.818,109.292,107.231,107.444,361808
2019-08-02 00:00:00+00:00,107.351,107.492,106.51,106.569,432390
2019-08-04 00:00:00+00:00,106.565,106.68,106.532,106.569,23026
2019-08-05 00:00:00+00:00,106.611,106.611,105.524,105.607,512101
2019-08-06 00:00:00+00:00,105.641,107.01,105.576,106.326,435125
2019-08-07 00:00:00+00:00,106.313,106.369,105.516,106.112,497748
2019-08-08 00:00:00+00:00,106.1,106.296,105.725,105.884,325542
2019-08-09 00:00:00+00:00,105.921,106.05,105.269,105.684,226740
2019-08-11 00:00:00+00:00,105.558,105.689,105.327,105.389,12392
2019-08-12 00:00:00+00:00,105.402,105.575,105.052,105.382,240800
2019-08-13 00:00:00+00:00,105.391,106.962,105.08,106.605,377332
2019-08-14 00:00:00+00:00,106.596,106.609,105.691,105.914,369747
2019-08-15 00:00:00+00:00,105.905,106.571,105.709,106.093,459637
2019-08-16 00:00:00+00:00,106.072,106.485,106.03,106.339,253116
2019-08-18 00:00:00+00:00,106.25,106.467,106.244,106.431,11071
2019-08-19 00:00:00+00:00,106.416,106.682,106.246,106.564,190046
2019-08-20 00:00:00+00:00,106.555,106.686,106.196,106.272,193607
2019-08-21 00:00:00+00:00,106.287,106.645,106.281,106.601,175207
2019-08-22 00:00:00+00:00,106.609,106.638,106.263,106.479,218658
2019-08-23 00:00:00+00:00,106.496,106.731,105.267,105.352,334689
2019-08-25 00:00:00+00:00,104.944,104.986,104.511,104.846,53408
2019-08-26 00:00:00+00:00,104.904,106.279,104.904,105.965,469120
2019-08-27 00:00:00+00:00,105.99,106.066,105.598,105.749,288760
2019-08-28 00:00:00+00:00,105.738,106.202,105.654,106.082,271135
2019-08-29 00:00:00+00:00,106.101,106.678,105.84,106.457,254415
2019-08-30 00:00:00+00:00,106.477,106.536,106.115,106.249,241931
2019-09-01 00:00:00+00:00,106.024,106.158,105.949,106.134,19999
2019-09-02 00:00:00+00:00,106.158,106.399,106.06,106.194,153843
2019-09-03 00:00:00+00:00,106.218,106.381,105.742,105.851,270294
2019-09-04 00:00:00+00:00,105.88,106.427,105.839,106.338,235151
2019-09-05 00:00:00+00:00,106.337,107.199,106.336,107.072,274097
2019-09-06 00:00:00+00:00,107.081,107.096,106.629,106.897,239218
2019-09-08 00:00:00+00:00,106.801,106.967,106.801,106.943,17845
2019-09-09 00:00:00+00:00,106.951,107.35,106.818,107.341,201648
2019-09-10 00:00:00+00:00,107.322,107.621,107.21,107.6,235795
2019-09-11 00:00:00+00:00,107.581,108.026,107.564,108.014,213939
2019-09-12 00:00:00+00:00,108.028,108.188,107.524,108.183,337344
2019-09-13 00:00:00+00:00,108.179,108.256,107.935,108.062,194717
2019-10-06 00:00:00+00:00,106.674,106.852,106.671,106.76,20675
2019-10-07 00:00:00+00:00,106.776,107.442,106.707,107.254,185859
2019-10-08 00:00:00+00:00,107.268,107.439,106.829,106.942,283480
2019-10-09 00:00:00+00:00,106.95,107.601,106.95,107.234,232692
2019-10-10 00:00:00+00:00,107.231,107.984,107.174,107.868,318442
2019-10-11 00:00:00+00:00,107.877,108.605,107.856,108.437,281197
2019-10-13 00:00:00+00:00,108.329,108.516,108.321,108.476,17439
2019-10-14 00:00:00+00:00,108.449,108.455,108.051,108.398,165403
2019-10-15 00:00:00+00:00,108.384,108.896,108.158,108.8,211551
2019-10-16 00:00:00+00:00,108.83,108.846,108.604,108.682,243191
2019-10-17 00:00:00+00:00,108.676,108.917,108.497,108.593,238504
2019-10-18 00:00:00+00:00,108.581,108.719,108.381,108.383,173086
2019-10-20 00:00:00+00:00,108.43,108.477,108.322,108.408,30514
2019-10-21 00:00:00+00:00,108.419,108.648,108.376,108.605,168914
2019-10-22 00:00:00+00:00,108.605,108.719,108.441,108.488,174207
2019-10-23 00:00:00+00:00,108.471,108.703,108.272,108.638,181547
2019-10-24 00:00:00+00:00,108.62,108.745,108.506,108.615,177441
2019-10-25 00:00:00+00:00,108.62,108.772,108.515,108.663,138663
2019-10-27 00:00:00+00:00,108.753,108.763,108.671,108.738,8105
2019-10-28 00:00:00+00:00,108.725,109.037,108.661,108.978,145452
2019-10-29 00:00:00+00:00,108.971,109.048,108.816,108.877,147250
2019-10-30 00:00:00+00:00,108.873,109.278,108.744,108.798,182087
2019-10-31 00:00:00+00:00,108.794,108.861,107.949,108.001,213939
2019-11-01 00:00:00+00:00,108.023,108.312,107.898,108.162,171072
2019-11-03 00:00:00+00:00,108.228,108.236,108.199,108.218,20736
2019-11-04 00:00:00+00:00,108.216,108.735,108.207,108.704,137235
2019-11-05 00:00:00+00:00,108.703,109.236,108.661,109.145,177178
2019-11-06 00:00:00+00:00,109.128,109.175,108.834,108.917,180244
2019-11-07 00:00:00+00:00,108.918,109.483,108.656,109.275,225614
2019-11-08 00:00:00+00:00,109.279,109.469,109.085,109.213,181461
2019-11-10 00:00:00+00:00,109.197,109.253,109.193,109.206,9871
2019-11-11 00:00:00+00:00,109.217,109.238,108.902,109.043,120030
2019-11-12 00:00:00+00:00,109.047,109.289,108.933,108.997,187849
2019-11-13 00:00:00+00:00,109.0,109.146,108.664,108.802,193806
2019-11-14 00:00:00+00:00,108.777,108.859,108.267,108.498,199610
2019-11-15 00:00:00+00:00,108.485,108.854,108.455,108.744,142647
2019-11-17 00:00:00+00:00,108.778,108.796,108.672,108.699,7596
2019-11-18 00:00:00+00:00,108.707,109.067,108.521,108.666,186207
2019-11-19 00:00:00+00:00,108.682,108.835,108.392,108.473,178710
2019-11-20 00:00:00+00:00,108.48,108.739,108.352,108.472,235558
2019-11-21 00:00:00+00:00,108.494,108.669,108.282,108.579,243625
2019-11-22 00:00:00+00:00,108.576,108.709,108.48,108.627,175273
2019-11-24 00:00:00+00:00,108.633,108.75,108.633,108.724,17132
2019-11-25 00:00:00+00:00,108.731,109.009,108.697,108.998,132149
2019-11-26 00:00:00+00:00,108.986,109.206,108.88,109.097,154698
2019-11-27 00:00:00+00:00,109.092,109.599,109.084,109.372,142143
2019-11-28 00:00:00+00:00,109.374,109.543,109.344,109.521,112542
2019-11-29 00:00:00+00:00,109.522,109.663,109.403,109.488,130482
2019-12-01 00:00:00+00:00,109.516,109.563,109.476,109.531,13234
2019-12-02 00:00:00+00:00,109.542,109.725,108.928,109.024,169946
2019-12-03 00:00:00+00:00,108.993,109.206,108.492,108.664,210540
2019-12-04 00:00:00+00:00,108.669,108.96,108.438,108.831,197649
2019-12-05 00:00:00+00:00,108.842,108.992,108.658,108.728,165202
2019-12-06 00:00:00+00:00,108.77,108.89,108.536,108.558,156273
2019-12-08 00:00:00+00:00,108.632,108.657,108.587,108.641,7270
2019-12-09 00:00:00+00:00,108.613,108.675,108.434,108.586,117897
2019-12-10 00:00:00+00:00,108.587,108.83,108.526,108.768,155549
2019-12-11 00:00:00+00:00,108.774,108.787,108.479,108.555,139742
2019-12-12 00:00:00+00:00,108.547,109.547,108.463,109.405,242765
2019-12-13 00:00:00+00:00,109.428,109.698,109.209,109.317,271648
2019-12-15 00:00:00+00:00,109.275,109.439,109.268,109.383,12141
2019-12-16 00:00:00+00:00,109.401,109.67,109.355,109.582,119575
2019-12-17 00:00:00+00:00,109.575,109.629,109.445,109.523,107819
2019-12-18 00:00:00+00:00,109.53,109.623,109.401,109.548,118482
2019-12-19 00:00:00+00:00,109.56,109.676,109.186,109.387,122751
2019-12-20 00:00:00+00:00,109.4,109.522,109.261,109.434,101493
2019-12-22 00:00:00+00:00,109.402,109.538,109.402,109.499,8183
2019-12-23 00:00:00+00:00,109.49,109.49,109.341,109.392,113378
2019-12-24 00:00:00+00:00,109.377,109.436,109.328,109.354,88238
2019-12-26 00:00:00+00:00,109.543,109.68,109.507,109.529,114548
2019-12-27 00:00:00+00:00,109.541,109.586,109.39,109.407,139387
2019-12-29 00:00:00+00:00,109.444,109.476,109.424,109.435,6378
2019-12-30 00:00:00+00:00,109.433,109.45,108.776,108.872,150806
2019-12-31 00:00:00+00:00,108.865,108.876,108.471,108.623,110381
2020-01-02 00:00:00+00:00,108.714,108.861,108.216,108.544,110158
2020-01-03 00:00:00+00:00,108.539,108.561,107.863,108.075,246234
2020-01-05 00:00:00+00:00,107.832,107.977,107.784,107.969,20534
2020-01-06 00:00:00+00:00,107.968,108.505,107.926,108.412,190458
2020-01-07 00:00:00+00:00,108.405,108.627,107.834,107.996,222798
2020-01-08 00:00:00+00:00,107.959,109.242,107.663,109.036,425863
2020-01-09 00:00:00+00:00,109.053,109.577,109.053,109.495,193101
2020-01-10 00:00:00+00:00,109.508,109.68,109.438,109.44,129501
2020-01-12 00:00:00+00:00,109.524,109.589,109.504,109.552,15908
2020-01-13 00:00:00+00:00,109.541,110.013,109.541,110.011,117059
2020-01-14 00:00:00+00:00,110.014,110.19,109.82,109.853,187843
2020-01-15 00:00:00+00:00,109.878,109.995,109.792,109.883,160129
2020-01-16 00:00:00+00:00,109.878,110.23,109.878,110.181,129938
2020-01-17 00:00:00+00:00,110.179,110.276,110.065,110.13,119628
2020-01-19 00:00:00+00:00,110.068,110.192,110.068,110.189,11374
2020-01-20 00:00:00+00:00,110.188,110.213,110.119,110.175,98892
2020-01-21 00:00:00+00:00,110.172,110.215,109.761,109.913,191005
2020-01-22 00:00:00+00:00,109.919,110.072,109.691,109.737,159145
2020-01-23 00:00:00+00:00,109.754,109.756,109.273,109.567,201786
2020-01-24 00:00:00+00:00,109.566,109.647,109.175,109.248,177999
2020-01-26 00:00:00+00:00,108.932,109.027,108.746,108.802,33649
2020-01-27 00:00:00+00:00,108.843,109.124,108.832,108.931,256726
2020-01-28 00:00:00+00:00,108.925,109.261,108.772,109.137,213109
2020-01-29 00:00:00+00:00,109.14,109.232,108.951,108.987,211494
2020-01-30 00:00:00+00:00,109.01,109.039,108.594,108.893,305014
2020-01-31 00:00:00+00:00,108.904,109.126,108.322,108.331,281026
2020-02-02 00:00:00+00:00,108.426,108.469,108.319,108.388,17532
2020-02-03 00:00:00+00:00,108.382,108.795,108.368,108.618,280856
2020-02-04 00:00:00+00:00,108.614,109.543,108.552,109.443,218918
2020-02-05 00:00:00+00:00,109.451,109.843,109.304,109.819,250033
2020-02-06 00:00:00+00:00,109.807,110.018,109.783,109.965,188139
2020-02-07 00:00:00+00:00,109.955,109.98,109.534,109.751,211620
2020-02-09 00:00:00+00:00,109.679,109.77,109.571,109.619,17454
2020-02-10 00:00:00+00:00,109.635,109.87,109.607,109.768,204069
2020-02-11 00:00:00+00:00,109.755,109.944,109.733,109.843,160761
2020-02-12 00:00:00+00:00,109.848,110.129,109.802,109.871,174423
2020-02-13 00:00:00+00:00,109.883,109.978,109.628,109.771,224186
2020-02-14 00:00:00+00:00,109.785,109.894,109.708,109.763,148614
2020-02-16 00:00:00+00:00,109.79,109.832,109.76,109.794,11687
2020-02-17 00:00:00+00:00,109.772,109.956,109.72,109.837,102803
2020-02-18 00:00:00+00:00,109.82,109.942,109.66,109.921,173231
2020-02-19 00:00:00+00:00,109.924,111.581,109.869,111.198,186665
2020-02-20 00:00:00+00:00,111.201,112.194,111.116,111.971,315422
2020-02-21 00:00:00+00:00,111.972,112.179,111.487,111.526,265176
2020-02-23 00:00:00+00:00,111.32,111.595,111.32,111.548,31022
2020-02-24 00:00:00+00:00,111.564,111.671,110.345,110.854,358217
2020-02-25 00:00:00+00:00,110.856,111.035,109.902,110.292,464074
2020-02-26 00:00:00+00:00,110.27,110.697,110.134,110.385,537403
2020-02-27 00:00:00+00:00,110.35,110.392,109.339,109.621,644840
2020-02-28 00:00:00+00:00,109.655,109.655,107.514,108.071,842291
2020-03-01 00:00:00+00:00,107.456,107.757,107.369,107.674,35677
2020-03-02 00:00:00+00:00,107.702,108.566,107.407,108.525,692262
2020-03-03 00:00:00+00:00,108.452,108.481,106.859,107.067,775426
2020-03-04 00:00:00+00:00,107.038,107.714,107.038,107.714,512607
2020-03-05 00:00:00+00:00,107.643,107.643,105.993,106.264,465130
2020-03-06 00:00:00+00:00,106.269,106.34,104.999,105.341,787716
2020-03-08 00:00:00+00:00,104.237,104.585,103.586,103.934,98411
2020-03-09 00:00:00+00:00,103.964,104.243,101.202,103.082,1160146
2020-03-10 00:00:00+00:00,103.13,105.868,102.735,105.042,1211020
2020-03-11 00:00:00+00:00,105.037,105.32,104.152,104.535,903307
2020-03-12 00:00:00+00:00,104.599,106.078,103.132,104.665,1382814
2020-03-13 00:00:00+00:00,104.796,108.456,104.693,107.96,1311174
2020-03-15 00:00:00+00:00,107.216,107.216,105.746,106.497,129676
2020-03-16 00:00:00+00:00,106.61,107.558,105.179,106.218,1331452
2020-03-17 00:00:00+00:00,106.248,107.857,106.122,107.384,1757616
2020-03-18 00:00:00+00:00,107.351,108.645,106.771,108.358,1540623
2020-03-19 00:00:00+00:00,108.414,111.349,108.208,111.311,1872685
2020-03-20 00:00:00+00:00,111.285,111.489,109.352,110.753,1790359
2020-03-22 00:00:00+00:00,110.805,111.239,110.31,110.392,77934
2020-03-23 00:00:00+00:00,110.368,111.577,109.686,110.813,1513811
2020-03-24 00:00:00+00:00,110.871,111.697,110.091,111.121,1203266
2020-03-25 00:00:00+00:00,111.152,111.668,110.77,110.837,1008588
2020-03-26 00:00:00+00:00,110.831,110.94,109.123,109.133,1010262
2020-03-27 00:00:00+00:00,109.123,109.39,107.774,107.91,712594
2020-03-29 00:00:00+00:00,107.682,107.97,107.398,107.457,55710
2020-03-30 00:00:00+00:00,107.446,108.29,107.151,108.074,609466
2020-03-31 00:00:00+00:00,108.05,108.71,107.41,107.508,717304
2020-04-01 00:00:00+00:00,107.46,107.905,106.939,107.294,507969
2020-04-02 00:00:00+00:00,107.264,108.194,107.029,108.031,494422
2020-04-03 00:00:00+00:00,108.044,108.664,107.821,108.382,375237
2020-04-05 00:00:00+00:00,108.356,108.712,108.35,108.712,30547
2020-04-06 00:00:00+00:00,108.672,109.35,108.672,109.129,407656
2020-04-07 00:00:00+00:00,109.089,109.132,108.621,108.674,392389
2020-04-08 00:00:00+00:00,108.664,109.077,108.514,108.933,335525
2020-04-09 00:00:00+00:00,108.897,109.062,108.211,108.551,324945
2020-04-10 00:00:00+00:00,108.54,108.563,108.334,108.359,101140
2020-04-12 00:00:00+00:00,108.414,108.522,108.261,108.342,30723
2020-04-13 00:00:00+00:00,108.35,108.37,107.503,107.627,229397
2020-04-14 00:00:00+00:00,107.647,107.756,106.988,107.112,244722
2020-04-15 00:00:00+00:00,107.099,107.838,106.931,107.618,315105
2020-04-16 00:00:00+00:00,107.618,108.079,107.167,107.932,369426
2020-04-17 00:00:00+00:00,107.938,107.941,107.309,107.515,306729
2020-04-19 00:00:00+00:00,107.484,107.694,107.47,107.694,11923
2020-04-20 00:00:00+00:00,107.686,107.945,107.582,107.675,228444
2020-04-21 00:00:00+00:00,107.672,107.89,107.295,107.718,297941
2020-04-22 00:00:00+00:00,107.748,107.927,107.53,107.828,218820
2020-04-23 00:00:00+00:00,107.805,107.979,107.349,107.658,291324
2020-04-24 00:00:00+00:00,107.647,107.744,107.368,107.442,201144
2020-04-26 00:00:00+00:00,107.573,107.597,107.406,107.509,13887
2020-04-27 00:00:00+00:00,107.505,107.62,107.0,107.296,249137
2020-04-28 00:00:00+00:00,107.286,107.338,106.561,106.758,243876
2020-04-29 00:00:00+00:00,106.755,106.757,106.366,106.612,218761
2020-04-30 00:00:00+00:00,106.601,107.483,106.42,107.282,329299
2020-05-01 00:00:00+00:00,107.3,107.404,106.614,106.882,227627
2020-05-03 00:00:00+00:00,106.8,106.931,106.72,106.731,16339
2020-05-04 00:00:00+00:00,106.756,107.063,106.648,106.697,202601
2020-05-05 00:00:00+00:00,106.682,106.889,106.422,106.45,189212
2020-05-06 00:00:00+00:00,106.428,106.432,105.995,106.216,196445
2020-05-07 00:00:00+00:00,106.202,106.644,106.141,106.369,212268
2020-05-08 00:00:00+00:00,106.396,106.739,106.232,106.615,188622
2020-05-10 00:00:00+00:00,106.506,106.947,106.506,106.922,18826
2020-05-11 00:00:00+00:00,106.909,107.767,106.778,107.596,224295
2020-05-12 00:00:00+00:00,107.594,107.671,107.108,107.171,193310
2020-05-13 00:00:00+00:00,107.167,107.258,106.756,106.932,241909
2020-05-14 00:00:00+00:00,106.899,107.368,106.785,107.356,211881
2020-05-15 00:00:00+00:00,107.36,107.43,106.872,107.075,193669
2020-05-17 00:00:00+00:00,107.074,107.282,107.061,107.211,12512
2020-05-18 00:00:00+00:00,107.225,107.496,107.073,107.383,200341
2020-05-19 00:00:00+00:00,107.376,108.07,107.305,107.823,222586
2020-05-20 00:00:00+00:00,107.823,107.972,107.346,107.593,170606
2020-05-21 00:00:00+00:00,107.595,107.841,107.55,107.643,189730
2020-05-22 00:00:00+00:00,107.63,107.759,107.33,107.601,159322
2020-05-24 00:00:00+00:00,107.581,107.772,107.569,107.748,11728
2020-05-25 00:00:00+00:00,107.751,107.775,107.628,107.689,107228
2020-05-26 00:00:00+00:00,107.692,107.919,107.408,107.496,197019
2020-05-27 00:00:00+00:00,107.489,107.93,107.367,107.81,279303
2020-05-28 00:00:00+00:00,107.803,107.893,107.572,107.642,246439
2020-05-29 00:00:00+00:00,107.63,107.89,107.087,107.773,314325
2020-05-31 00:00:00+00:00,107.662,107.814,107.655,107.71,13463
2020-06-01 00:00:00+00:00,107.718,107.849,107.399,107.559,222491
2020-06-02 00:00:00+00:00,107.548,108.831,107.52,108.831,268232
2020-06-03 00:00:00+00:00,108.814,109.032,108.425,109.0,268816
2020-06-04 00:00:00+00:00,108.981,109.197,108.625,109.145,319378
2020-06-05 00:00:00+00:00,109.117,109.846,109.056,109.562,302649
2020-06-07 00:00:00+00:00,109.553,109.691,109.552,109.621,17112
2020-06-08 00:00:00+00:00,109.587,109.606,108.238,108.421,256643
2020-06-09 00:00:00+00:00,108.361,108.361,107.621,107.798,326093
2020-06-10 00:00:00+00:00,107.822,107.867,106.901,107.0,358811
2020-06-11 00:00:00+00:00,107.01,107.227,106.6,106.806,362469
2020-06-12 00:00:00+00:00,106.82,107.545,106.601,107.358,332287
2020-06-14 00:00:00+00:00,107.32,107.558,107.28,107.325,22475
2020-06-15 00:00:00+00:00,107.31,107.497,107.002,107.485,301349
2020-06-16 00:00:00+00:00,107.462,107.619,107.231,107.397,320639
2020-06-17 00:00:00+00:00,107.375,107.437,106.877,106.877,237922
2020-06-18 00:00:00+00:00,106.854,107.125,106.671,107.004,290428
2020-06-19 00:00:00+00:00,106.998,107.025,106.772,106.845,185588
2020-06-21 00:00:00+00:00,106.775,106.879,106.738,106.838,25065
2020-06-22 00:00:00+00:00,106.828,107.004,106.774,106.897,186632
2020-06-23 00:00:00+00:00,106.881,107.218,106.084,106.425,300189
2020-06-24 00:00:00+00:00,106.405,107.133,106.394,107.028,246343
2020-06-25 00:00:00+00:00,107.046,107.436,107.02,107.159,247814
2020-06-26 00:00:00+00:00,107.141,107.341,106.806,107.193,196922
2020-06-28 00:00:00+00:00,107.1,107.23,107.1,107.23,9376
2020-06-29 00:00:00+00:00,107.223,107.874,107.06,107.583,212254
2020-06-30 00:00:00+00:00,107.601,107.993,107.52,107.993,225586
2020-07-01 00:00:00+00:00,107.971,108.157,107.339,107.372,204711
2020-07-02 00:00:00+00:00,107.353,107.719,107.346,107.498,160692
2020-07-03 00:00:00+00:00,107.508,107.569,107.439,107.486,95742
2020-07-05 00:00:00+00:00,107.428,107.595,107.428,107.585,5615
2020-07-06 00:00:00+00:00,107.577,107.77,107.263,107.36,127781
2020-07-07 00:00:00+00:00,107.356,107.789,107.251,107.573,144148
2020-07-08 00:00:00+00:00,107.572,107.707,107.204,107.284,123156
2020-07-09 00:00:00+00:00,107.269,107.393,107.103,107.237,190624
2020-07-10 00:00:00+00:00,107.231,107.264,106.64,106.892,130792
2020-07-12 00:00:00+00:00,106.852,106.932,106.852,106.915,7888
2020-07-13 00:00:00+00:00,106.914,107.315,106.792,107.28,150341
2020-07-14 00:00:00+00:00,107.292,107.414,107.12,107.246,171068
2020-07-15 00:00:00+00:00,107.245,107.303,106.674,106.9,169882
2020-07-16 00:00:00+00:00,106.871,107.398,106.834,107.286,176021
2020-07-17 00:00:00+00:00,107.297,107.355,106.941,107.014,127120
2020-07-19 00:00:00+00:00,107.039,107.102,107.015,107.102,10395
2020-07-20 00:00:00+00:00,107.092,107.501,107.036,107.189,164983
2020-07-21 00:00:00+00:00,107.168,107.366,106.691,106.826,169707
2020-07-22 00:00:00+00:00,106.826,107.288,106.72,107.174,173343
2020-07-23 00:00:00+00:00,107.169,107.228,106.714,106.844,159347
2020-07-24 00:00:00+00:00,106.835,106.835,105.684,106.076,211351
2020-07-26 00:00:00+00:00,106.022,106.097,105.876,105.994,21802
2020-07-27 00:00:00+00:00,105.973,106.05,105.123,105.277,226098
2020-07-28 00:00:00+00:00,105.293,105.684,104.963,105.111,215203
2020-07-29 00:00:00+00:00,105.111,105.232,104.775,105.046,241056
2020-07-30 00:00:00+00:00,105.03,105.285,104.661,104.688,255043
2020-07-31 00:00:00+00:00,104.668,106.035,104.203,105.85,365741
2020-08-02 00:00:00+00:00,105.752,105.897,105.715,105.869,28791
2020-08-03 00:00:00+00:00,105.836,106.438,105.585,106.033,346885
2020-08-04 00:00:00+00:00,106.04,106.191,105.616,105.63,207703
2020-08-05 00:00:00+00:00,105.613,105.867,105.325,105.562,252624
2020-08-06 00:00:00+00:00,105.542,105.694,105.303,105.581,247653
2020-08-07 00:00:00+00:00,105.568,106.035,105.486,105.904,239078
2020-08-09 00:00:00+00:00,105.853,105.942,105.823,105.856,14321
2020-08-10 00:00:00+00:00,105.862,106.196,105.714,105.995,154086
2020-08-11 00:00:00+00:00,106.006,106.679,105.944,106.491,247078
2020-08-12 00:00:00+00:00,106.465,106.999,106.465,106.843,241719
2020-08-13 00:00:00+00:00,106.809,107.047,106.572,106.979,216591
2020-08-14 00:00:00+00:00,106.966,107.031,106.446,106.541,154521
2020-08-16 00:00:00+00:00,106.565,106.632,106.541,106.559,8643
2020-08-17 00:00:00+00:00,106.566,106.648,105.948,106.003,175926
2020-08-18 00:00:00+00:00,105.986,105.989,105.213,105.233,208931
2020-08-19 00:00:00+00:00,105.21,106.148,105.104,106.085,250956
2020-08-20 00:00:00+00:00,106.107,106.208,105.66,105.678,241880
2020-08-21 00:00:00+00:00,105.675,106.058,105.449,105.758,199596
2020-08-23 00:00:00+00:00,105.767,105.92,105.739,105.876,12015
2020-08-24 00:00:00+00:00,105.907,106.008,105.693,105.999,171442
2020-08-25 00:00:00+00:00,105.969,106.562,105.873,106.397,191683
2020-08-26 00:00:00+00:00,106.453,106.545,105.84,105.867,206767
2020-08-27 00:00:00+00:00,105.869,106.698,105.625,106.655,313775
2020-08-28 00:00:00+00:00,106.669,106.941,105.205,105.339,347214
2020-08-30 00:00:00+00:00,105.427,105.792,105.349,105.537,22080
2020-08-31 00:00:00+00:00,105.498,106.09,105.299,105.997,236557
2020-09-01 00:00:00+00:00,105.986,106.152,105.599,105.897,251681
2020-09-02 00:00:00+00:00,105.867,106.3,105.867,106.209,203696
2020-09-03 00:00:00+00:00,106.211,106.547,106.004,106.089,209010
2020-09-04 00:00:00+00:00,106.104,106.495,106.101,106.208,182218
2020-09-06 00:00:00+00:00,106.252,106.316,106.214,106.316,8937
2020-09-07 00:00:00+00:00,106.297,106.377,106.137,106.304,122716
2020-09-08 00:00:00+00:00,106.281,106.378,105.858,105.971,203160
2020-09-09 00:00:00+00:00,105.961,106.273,105.812,106.236,176271
2020-09-10 00:00:00+00:00,106.235,106.283,106.004,106.147,191372
2020-09-11 00:00:00+00:00,106.137,106.244,106.062,106.137,130863
2020-09-13 00:00:00+00:00,106.06,106.151,106.06,106.151,5810
2020-09-14 00:00:00+00:00,106.133,106.165,105.551,105.726,128181
2020-09-15 00:00:00+00:00,105.736,105.807,105.301,105.401,160762
2020-09-16 00:00:00+00:00,105.385,105.397,104.813,105.061,233353
2020-09-17 00:00:00+00:00,105.049,105.156,104.529,104.694,203583
2020-09-18 00:00:00+00:00,104.694,104.867,104.276,104.55,160635
2020-09-20 00:00:00+00:00,104.489,104.542,104.431,104.534,10512
2020-09-21 00:00:00+00:00,104.553,104.836,104.008,104.693,224453
2020-09-22 00:00:00+00:00,104.713,105.071,104.407,105.057,202111
2020-09-23 00:00:00+00:00,105.047,105.477,104.928,105.31,210305
2020-09-24 00:00:00+00:00,105.324,105.521,105.205,105.439,205179
2020-09-25 00:00:00+00:00,105.45,105.696,105.245,105.551,174335
2020-09-27 00:00:00+00:00,105.498,105.693,105.47,105.581,7774
2020-09-28 00:00:00+00:00,105.576,105.651,105.267,105.443,177458
2020-09-29 00:00:00+00:00,105.437,105.732,105.346,105.677,205345
2020-09-30 00:00:00+00:00,105.655,105.792,105.404,105.451,255057
2020-10-01 00:00:00+00:00,105.452,105.721,105.421,105.55,255200
2020-10-02 00:00:00+00:00,105.567,105.664,104.944,105.314,245434
2020-10-04 00:00:00+00:00,105.234,105.585,105.234,105.515,23194
2020-10-05 00:00:00+00:00,105.53,105.793,105.5,105.709,183538
2020-10-06 00:00:00+00:00,105.722,105.737,105.478,105.642,217195
2020-10-07 00:00:00+00:00,105.641,106.104,105.634,105.969,205083
2020-10-08 00:00:00+00:00,105.987,106.092,105.928,106.027,149775
2020-10-09 00:00:00+00:00,106.019,106.019,105.584,105.594,170390
2020-10-11 00:00:00+00:00,105.736,105.781,105.599,105.624,14028
2020-10-12 00:00:00+00:00,105.642,105.652,105.243,105.339,190804
2020-11-15 00:00:00+00:00,104.715,104.717,104.49,104.547,40336
2020-11-16 00:00:00+00:00,104.558,105.084,104.364,104.493,223399
2020-11-17 00:00:00+00:00,104.493,104.563,104.046,104.08,188240
2020-11-18 00:00:00+00:00,104.09,104.091,103.668,103.771,177551
2020-11-19 00:00:00+00:00,103.78,104.2,103.732,103.813,204193
2020-11-20 00:00:00+00:00,103.814,103.884,103.703,103.824,113537
2020-11-22 00:00:00+00:00,103.758,103.862,103.719,103.748,39366
2020-11-23 00:00:00+00:00,103.749,104.637,103.69,104.512,236898
2020-11-24 00:00:00+00:00,104.509,104.742,104.158,104.462,213423
2020-11-25 00:00:00+00:00,104.471,104.547,104.262,104.305,194917
2020-11-26 00:00:00+00:00,104.299,104.355,103.922,103.948,182243
2020-11-27 00:00:00+00:00,103.948,104.201,103.908,104.041,94222
2020-11-29 00:00:00+00:00,104.012,104.158,103.839,103.881,40485
2020-11-30 00:00:00+00:00,103.88,104.454,103.843,104.374,209739
2020-12-01 00:00:00+00:00,104.389,104.568,104.194,104.388,196587
2020-12-02 00:00:00+00:00,104.386,104.747,104.381,104.468,230941
2020-12-03 00:00:00+00:00,104.461,104.485,103.675,103.912,199260
2020-12-04 00:00:00+00:00,103.919,104.237,103.828,104.17,182695
2020-12-06 00:00:00+00:00,104.12,104.235,103.944,104.017,46362
2020-12-07 00:00:00+00:00,104.017,104.311,103.925,104.041,245634
2020-12-08 00:00:00+00:00,104.04,104.2,103.97,104.135,202307
2020-12-09 00:00:00+00:00,104.137,104.492,104.059,104.421,217139
2020-12-10 00:00:00+00:00,104.419,104.578,103.934,104.02,242402
2020-12-11 00:00:00+00:00,104.021,104.147,103.83,103.964,152800
2020-12-13 00:00:00+00:00,104.01,104.051,103.848,104.051,50016
2020-12-14 00:00:00+00:00,104.054,104.15,103.52,104.125,196569
2020-12-15 00:00:00+00:00,104.125,104.127,103.425,103.434,173621
2020-12-16 00:00:00+00:00,103.441,103.899,103.257,103.324,199989
2020-12-17 00:00:00+00:00,103.32,103.478,102.882,103.448,202221
2020-12-18 00:00:00+00:00,103.439,103.588,103.197,103.236,146411
2020-12-20 00:00:00+00:00,103.49,103.537,103.262,103.392,56597
2020-12-21 00:00:00+00:00,103.397,103.886,103.281,103.449,260127
2020-12-22 00:00:00+00:00,103.444,103.723,103.322,103.452,210772
2020-12-23 00:00:00+00:00,103.462,103.648,103.366,103.573,192524
2020-12-24 00:00:00+00:00,103.579,103.757,103.551,103.665,75770
2020-12-27 00:00:00+00:00,103.52,103.632,103.456,103.54,39376
2020-12-28 00:00:00+00:00,103.542,103.897,103.407,103.677,155447
2020-12-29 00:00:00+00:00,103.682,103.752,103.274,103.29,153359
2020-12-30 00:00:00+00:00,103.298,103.384,102.967,103.156,156472
2020-12-31 00:00:00+00:00,103.157,103.293,103.002,103.252,114200
2021-01-03 00:00:00+00:00,103.122,103.31,103.116,103.246,11359
2021-01-04 00:00:00+00:00,103.226,103.242,102.714,103.134,226229
2021-01-05 00:00:00+00:00,103.136,103.184,102.607,102.685,208875
2021-01-06 00:00:00+00:00,102.692,103.437,102.601,103.022,294414
2021-01-07 00:00:00+00:00,103.042,103.952,102.958,103.802,236466
2021-01-08 00:00:00+00:00,103.814,104.089,103.615,103.866,113965
2021-01-09 00:00:00+00:00,103.93,103.93,103.926,103.926,4
2021-01-10 00:00:00+00:00,103.713,104.094,103.713,104.085,2831
2021-01-11 00:00:00+00:00,104.063,104.388,104.02,104.14,87222
2021-01-12 00:00:00+00:00,104.141,104.321,103.725,103.75,90268
2021-01-13 00:00:00+00:00,103.725,103.988,103.531,103.828,87315
2021-01-14 00:00:00+00:00,103.828,104.192,103.565,103.841,97848
2021-01-15 00:00:00+00:00,103.838,103.907,103.62,103.899,77042
2021-01-16 00:00:00+00:00,103.78,103.87,103.78,103.79,9
2021-01-17 00:00:00+00:00,103.725,103.921,103.722,103.915,2316
2021-01-18 00:00:00+00:00,103.917,103.929,103.636,103.706,80329
2021-01-19 00:00:00+00:00,103.695,104.081,103.652,103.898,82750
2021-01-20 00:00:00+00:00,103.891,103.925,103.457,103.557,83121
2021-01-21 00:00:00+00:00,103.551,103.663,103.332,103.51,87403
2021-01-22 00:00:00+00:00,103.528,103.879,103.492,103.75,75952
2021-01-24 00:00:00+00:00,103.753,103.825,103.714,103.789,2906
2021-01-25 00:00:00+00:00,103.78,103.927,103.663,103.763,73584
2021-01-26 00:00:00+00:00,103.757,103.821,103.557,103.599,74127
2021-01-27 00:00:00+00:00,103.604,104.196,103.589,104.14,89879
2021-01-28 00:00:00+00:00,104.151,104.458,104.151,104.302,95764
2021-01-29 00:00:00+00:00,104.305,104.933,104.298,104.69,94440
2021-01-30 00:00:00+00:00,104.69,104.69,104.68,104.68,2
2021-01-31 00:00:00+00:00,104.69,104.806,104.678,104.716,6785
2021-02-01 00:00:00+00:00,104.72,105.034,104.62,104.882,73903
2021-02-02 00:00:00+00:00,104.874,105.164,104.829,105.028,82526
2021-02-03 00:00:00+00:00,105.027,105.096,104.924,104.999,68103
2021-02-04 00:00:00+00:00,104.99,105.592,104.97,105.575,75263
2021-02-05 00:00:00+00:00,105.593,105.766,105.245,105.305,76239
2021-02-07 00:00:00+00:00,105.329,105.432,105.324,105.387,5935
2021-02-08 00:00:00+00:00,105.405,105.661,105.141,105.206,74693
2021-02-09 00:00:00+00:00,105.199,105.205,104.503,104.581,58314
2021-02-10 00:00:00+00:00,104.586,104.821,104.415,104.618,75746
2021-02-11 00:00:00+00:00,104.617,104.797,104.551,104.75,59281
2021-02-12 00:00:00+00:00,104.75,105.16,104.733,104.93,59811
2021-02-13 00:00:00+00:00,104.951,104.951,104.93,104.951,3
2021-02-14 00:00:00+00:00,104.926,105.071,104.884,105.063,5288
2021-02-15 00:00:00+00:00,105.041,105.409,104.983,105.372,63041
2021-02-16 00:00:00+00:00,105.416,106.207,105.196,106.117,91559
2021-02-17 00:00:00+00:00,106.114,106.212,105.783,105.852,94847
2021-02-18 00:00:00+00:00,105.857,105.919,105.608,105.652,78348
2021-02-19 00:00:00+00:00,105.659,105.732,105.208,105.548,73927
2021-02-20 00:00:00+00:00,105.43,105.43,105.4,105.4,2
2021-02-21 00:00:00+00:00,105.396,105.616,105.335,105.535,2248
2021-02-22 00:00:00+00:00,105.535,105.835,104.931,105.004,91891
2021-02-23 00:00:00+00:00,105.002,105.412,104.93,105.296,77736
2021-02-24 00:00:00+00:00,105.3,106.089,105.272,105.932,104689
2021-02-25 00:00:00+00:00,105.939,106.409,105.853,106.39,129737
2021-02-26 00:00:00+00:00,106.345,106.687,105.858,106.53,133019
2021-02-28 00:00:00+00:00,106.499,106.579,106.47,106.48,2686
2021-03-01 00:00:00+00:00,106.472,106.887,106.372,106.845,88424
2021-03-02 00:00:00+00:00,106.84,106.952,106.669,106.755,77459
2021-03-03 00:00:00+00:00,106.751,107.145,106.694,107.066,93231
2021-03-04 00:00:00+00:00,107.05,107.993,106.976,107.952,107206
2021-03-05 00:00:00+00:00,107.936,108.586,107.824,108.39,119082
2021-03-07 00:00:00+00:00,108.326,108.472,108.305,108.403,3840
2021-03-08 00:00:00+00:00,108.377,108.948,108.317,108.925,60071
2021-03-09 00:00:00+00:00,108.92,109.225,108.417,108.574,71614
2021-03-10 00:00:00+00:00,108.571,108.915,108.339,108.444,79104
2021-03-11 00:00:00+00:00,108.457,108.8,108.36,108.57,105939
2021-03-12 00:00:00+00:00,108.568,109.146,108.519,108.93,100926
2021-03-14 00:00:00+00:00,109.0,109.139,108.95,109.115,4622
2021-03-15 00:00:00+00:00,109.113,109.352,108.924,109.123,92708
2021-03-16 00:00:00+00:00,109.12,109.284,108.777,109.025,91581
2021-03-17 00:00:00+00:00,109.026,109.315,108.7,108.899,108506
2021-03-18 00:00:00+00:00,108.909,109.285,108.715,108.932,134059
2021-03-19 00:00:00+00:00,108.939,109.097,108.606,108.919,113264
2021-03-21 00:00:00+00:00,108.589,108.926,108.566,108.872,3856
2021-03-22 00:00:00+00:00,108.881,108.949,108.619,108.776,93459
2021-03-23 00:00:00+00:00,108.771,108.868,108.411,108.518,101981
2021-03-24 00:00:00+00:00,108.546,108.936,108.453,108.782,103346
2021-03-25 00:00:00+00:00,108.803,109.231,108.803,109.178,104186
2021-03-26 00:00:00+00:00,109.166,109.84,109.138,109.599,88123
2021-03-28 00:00:00+00:00,109.703,109.795,109.652,109.79,5048
2021-03-29 00:00:00+00:00,109.778,109.881,109.373,109.836,100883
2021-03-30 00:00:00+00:00,109.83,110.418,109.788,110.305,72241
2021-03-31 00:00:00+00:00,110.294,110.953,110.278,110.75,114108
2021-04-01 00:00:00+00:00,110.735,110.844,110.529,110.611,98482
2021-04-02 00:00:00+00:00,110.613,110.744,110.382,110.69,51253
2021-04-04 00:00:00+00:00,110.649,110.728,110.586,110.677,5437
2021-04-05 00:00:00+00:00,110.67,110.712,109.967,110.188,72768
2021-04-06 00:00:00+00:00,110.194,110.548,109.675,109.778,103028
2021-04-07 00:00:00+00:00,109.783,109.935,109.592,109.853,99909
2021-04-08 00:00:00+00:00,109.878,109.894,108.998,109.327,95699
2021-04-09 00:00:00+00:00,109.325,109.953,109.222,109.659,86532
2021-04-10 00:00:00+00:00,109.65,109.65,109.63,109.65,7
2021-04-11 00:00:00+00:00,109.65,109.752,109.573,109.719,2044
2021-04-12 00:00:00+00:00,109.714,109.761,109.247,109.382,82074
2021-04-13 00:00:00+00:00,109.377,109.747,108.89,108.92,102226
2021-04-14 00:00:00+00:00,108.917,109.084,108.765,108.892,91849
2021-04-15 00:00:00+00:00,108.886,108.951,108.625,108.681,87708
2021-04-16 00:00:00+00:00,108.653,108.961,108.625,108.788,77133
2021-04-17 00:00:00+00:00,108.77,108.78,108.77,108.77,69
2021-04-18 00:00:00+00:00,108.78,108.832,108.67,108.718,3024
2021-04-19 00:00:00+00:00,108.694,108.758,108.01,108.106,99414
2021-04-20 00:00:00+00:00,108.121,108.522,107.98,108.133,98810
2021-04-21 00:00:00+00:00,108.132,108.27,107.892,108.039,86385
2021-04-22 00:00:00+00:00,108.027,108.228,107.824,107.986,94470
2021-04-23 00:00:00+00:00,107.943,108.121,107.482,107.86,79559
2021-04-24 00:00:00+00:00,107.91,107.91,107.89,107.89,4
2021-04-25 00:00:00+00:00,107.857,107.958,107.857,107.874,2235
2021-04-26 00:00:00+00:00,107.881,108.197,107.652,108.194,82924
2021-04-27 00:00:00+00:00,108.188,108.775,108.101,108.75,90204
2021-04-28 00:00:00+00:00,108.738,109.07,108.495,108.503,98836
2021-04-29 00:00:00+00:00,108.505,109.219,108.438,108.905,91871
2021-04-30 00:00:00+00:00,108.915,109.341,108.712,109.171,87960
2021-05-01 00:00:00+00:00,109.27,109.27,109.211,109.211,2
2021-05-02 00:00:00+00:00,109.326,109.349,109.121,109.283,1572
2021-05-03 00:00:00+00:00,109.299,109.692,108.91,109.086,82268
2021-05-04 00:00:00+00:00,109.101,109.481,109.049,109.33,89646
2021-05-05 00:00:00+00:00,109.326,109.466,109.15,109.219,85398
2021-05-06 00:00:00+00:00,109.19,109.421,108.999,109.048,100897
2021-05-07 00:00:00+00:00,109.015,109.278,108.344,108.585,100943
2021-05-08 00:00:00+00:00,108.6,108.6,108.57,108.57,6
2021-05-09 00:00:00+00:00,108.568,108.609,108.469,108.572,2635
2021-05-10 00:00:00+00:00,108.597,109.044,108.586,108.845,100827
2021-05-11 00:00:00+00:00,108.835,108.965,108.377,108.715,103104
2021-05-12 00:00:00+00:00,108.72,109.7,108.664,109.662,116178
2021-05-13 00:00:00+00:00,109.723,109.772,109.4,109.513,110944
2021-05-14 00:00:00+00:00,109.526,109.644,109.237,109.35,86591
2021-05-16 00:00:00+00:00,109.328,109.416,109.151,109.416,1734
2021-05-17 00:00:00+00:00,109.412,109.497,109.07,109.223,86182
2021-05-18 00:00:00+00:00,109.221,109.258,108.824,108.861,70923
2021-05-19 00:00:00+00:00,108.857,109.323,108.579,109.261,118909
2021-05-20 00:00:00+00:00,109.274,109.283,108.729,108.859,97650
2021-05-21 00:00:00+00:00,108.832,108.998,108.609,108.89,87190
2021-05-24 00:00:00+00:00,108.883,108.933,108.701,108.851,31486
2021-05-25 00:00:00+00:00,108.821,109.057,108.57,108.79,100533
2021-05-26 00:00:00+00:00,108.818,109.174,108.726,109.17,96745
2021-05-27 00:00:00+00:00,109.188,109.913,109.042,109.807,101638
2021-05-28 00:00:00+00:00,109.842,110.198,109.751,109.839,93304
2021-05-30 00:00:00+00:00,109.76,109.93,109.725,109.907,1668
2021-05-31 00:00:00+00:00,109.919,109.928,109.367,109.489,71537
2021-06-01 00:00:00+00:00,109.474,109.693,109.333,109.488,87586
2021-06-02 00:00:00+00:00,109.483,109.882,109.483,109.596,84800
2021-06-03 00:00:00+00:00,109.593,110.325,109.583,110.285,85937
2021-06-04 00:00:00+00:00,110.295,110.323,109.371,109.52,84344
2021-06-06 00:00:00+00:00,109.515,109.627,109.431,109.617,1681
2021-06-07 00:00:00+00:00,109.632,109.632,109.185,109.274,86743
2021-06-08 00:00:00+00:00,109.288,109.553,109.205,109.462,85490
2021-06-09 00:00:00+00:00,109.488,109.654,109.233,109.61,77336
2021-06-10 00:00:00+00:00,109.651,109.783,109.305,109.394,83837
2021-06-11 00:00:00+00:00,109.353,109.836,109.31,109.646,78458
2021-06-13 00:00:00+00:00,109.603,109.733,109.596,109.709,2018
2021-06-14 00:00:00+00:00,109.744,110.096,109.611,110.035,78024
2021-06-15 00:00:00+00:00,110.025,110.162,109.988,110.077,82105
2021-06-16 00:00:00+00:00,110.075,110.794,109.812,110.769,94229
2021-06-17 00:00:00+00:00,110.78,110.821,110.175,110.322,111783
2021-06-18 00:00:00+00:00,110.305,110.471,109.947,110.22,114582
2021-06-20 00:00:00+00:00,110.206,110.222,110.154,110.201,2334
2021-06-21 00:00:00+00:00,110.192,110.375,109.736,110.374,114880
2021-06-22 00:00:00+00:00,110.386,110.788,110.221,110.654,89434
2021-06-23 00:00:00+00:00,110.684,111.095,110.684,111.004,96427
2021-06-24 00:00:00+00:00,110.986,111.096,110.71,110.921,89208
2021-06-25 00:00:00+00:00,110.918,110.972,110.482,110.76,78293
2021-06-27 00:00:00+00:00,110.78,110.834,110.696,110.804,2097
2021-06-28 00:00:00+00:00,110.818,110.818,110.498,110.604,37412
2021-06-29 00:00:00+00:00,110.576,110.746,110.442,110.533,89506
2021-06-30 00:00:00+00:00,110.529,111.137,110.433,111.124,94107
2021-07-01 00:00:00+00:00,111.129,111.634,111.026,111.573,86981
2021-07-02 00:00:00+00:00,111.583,111.656,110.952,111.04,86597
2021-07-03 00:00:00+00:00,111.02,111.02,111.02,111.02,1
2021-07-04 00:00:00+00:00,111.011,111.153,110.925,111.135,2839
2021-07-05 00:00:00+00:00,111.138,111.181,110.798,110.917,79709
2021-07-06 00:00:00+00:00,110.907,110.912,110.529,110.599,100020
2021-07-07 00:00:00+00:00,110.571,110.807,110.402,110.635,101512
2021-07-08 00:00:00+00:00,110.622,110.622,109.535,109.801,126758
2021-07-09 00:00:00+00:00,109.788,110.249,109.767,110.07,95016
2021-07-10 00:00:00+00:00,110.14,110.14,110.09,110.09,4
2021-07-11 00:00:00+00:00,110.084,110.233,110.084,110.221,858
2021-07-12 00:00:00+00:00,110.215,110.398,110.002,110.324,53360
2021-07-13 00:00:00+00:00,110.328,110.644,110.204,110.595,92923
2021-07-14 00:00:00+00:00,110.594,110.694,109.93,109.993,96212
2021-07-15 00:00:00+00:00,109.991,110.081,109.716,109.778,96166
2021-07-16 00:00:00+00:00,109.762,110.336,109.73,110.075,87570
2021-07-17 00:00:00+00:00,110.08,110.08,110.03,110.03,4
2021-07-18 00:00:00+00:00,110.064,110.095,109.849,109.874,2910
2021-07-19 00:00:00+00:00,109.903,110.024,109.072,109.527,113648
2021-07-20 00:00:00+00:00,109.549,109.955,109.334,109.918,121945
2021-07-21 00:00:00+00:00,109.926,110.387,109.807,110.246,105117
2021-07-22 00:00:00+00:00,110.243,110.348,110.023,110.14,93110
2021-07-23 00:00:00+00:00,110.129,110.583,110.115,110.485,77165
2021-07-24 00:00:00+00:00,110.54,110.54,110.525,110.525,6
2021-07-25 00:00:00+00:00,110.535,110.561,110.36,110.546,2305
2021-07-26 00:00:00+00:00,110.543,110.578,110.125,110.304,93286
2021-07-27 00:00:00+00:00,110.307,110.319,109.595,109.806,106654
2021-07-28 00:00:00+00:00,109.787,110.255,109.746,109.891,113547
2021-07-29 00:00:00+00:00,109.869,109.886,109.4,109.409,102639
2021-07-30 00:00:00+00:00,109.389,109.824,109.368,109.67,89873
2021-08-01 00:00:00+00:00,109.678,109.766,109.365,109.706,2037
2021-08-02 00:00:00+00:00,109.694,109.744,109.192,109.266,91625
2021-08-03 00:00:00+00:00,109.272,109.331,108.879,108.991,92193
2021-08-04 00:00:00+00:00,108.986,109.646,108.729,109.533,101380
2021-08-05 00:00:00+00:00,109.522,109.784,109.405,109.749,97123
2021-08-06 00:00:00+00:00,109.751,110.345,109.699,110.216,85443
2021-08-07 00:00:00+00:00,110.21,110.21,110.2,110.2,14
2021-08-08 00:00:00+00:00,110.21,110.303,110.146,110.261,3448
2021-08-09 00:00:00+00:00,110.264,110.349,110.028,110.318,81812
2021-08-10 00:00:00+00:00,110.311,110.598,110.303,110.598,83962
2021-08-11 00:00:00+00:00,110.599,110.797,110.319,110.375,89090
2021-08-12 00:00:00+00:00,110.365,110.525,110.316,110.394,78353
2021-08-13 00:00:00+00:00,110.412,110.455,109.499,109.57,71594
2021-08-15 00:00:00+00:00,109.593,109.736,109.563,109.624,2548
2021-08-16 00:00:00+00:00,109.594,109.594,109.113,109.297,91937
2021-08-17 00:00:00+00:00,109.292,109.647,109.138,109.539,105851
2021-08-18 00:00:00+00:00,109.541,110.052,109.483,109.839,105336
2021-08-19 00:00:00+00:00,109.852,110.21,109.492,109.77,122910
2021-08-20 00:00:00+00:00,109.783,109.878,109.57,109.77,97428
2021-08-21 00:00:00+00:00,109.8,109.8,109.78,109.78,2
2021-08-22 00:00:00+00:00,109.8,109.876,109.64,109.84,2875
2021-08-23 00:00:00+00:00,109.864,110.144,109.647,109.674,101074
2021-08-24 00:00:00+00:00,109.672,109.874,109.419,109.731,91435
2021-08-25 00:00:00+00:00,109.741,110.123,109.685,109.976,96629
2021-08-26 00:00:00+00:00,110.0,110.22,109.926,110.047,91914
2021-08-27 00:00:00+00:00,110.038,110.26,109.734,109.774,87967
2021-08-29 00:00:00+00:00,109.84,109.875,109.782,109.865,1672
2021-08-30 00:00:00+00:00,109.841,109.977,109.705,109.944,65237
2021-08-31 00:00:00+00:00,109.946,110.067,109.603,110.056,102513
2021-09-01 00:00:00+00:00,110.062,110.41,109.883,110.096,95493
2021-09-02 00:00:00+00:00,110.106,110.106,109.9,109.945,76717
2021-09-03 00:00:00+00:00,109.946,110.067,109.602,109.689,85696
2021-09-05 00:00:00+00:00,109.681,109.778,109.623,109.778,1809
2021-09-06 00:00:00+00:00,109.762,109.931,109.749,109.82,69961
2021-09-07 00:00:00+00:00,109.819,110.313,109.688,110.298,95050
2021-09-08 00:00:00+00:00,110.288,110.438,110.14,110.218,83338
2021-09-09 00:00:00+00:00,110.22,110.269,109.617,109.773,91399
2021-09-10 00:00:00+00:00,109.764,109.984,109.7,109.89,73638
2021-09-12 00:00:00+00:00,109.896,109.922,109.804,109.914,2183
2021-09-13 00:00:00+00:00,110.001,110.031,109.9,109.994,26330
2021-09-14 00:00:00+00:00,109.991,110.144,109.533,109.712,87169
2021-09-15 00:00:00+00:00,109.717,109.717,109.114,109.383,92885
2021-09-16 00:00:00+00:00,109.392,109.824,109.212,109.71,86260
2021-09-17 00:00:00+00:00,109.686,110.072,109.668,109.818,81649
2021-09-19 00:00:00+00:00,109.971,109.996,109.87,109.971,1414
2021-09-20 00:00:00+00:00,109.98,110.034,109.316,109.435,91441
2021-09-21 00:00:00+00:00,109.434,109.695,109.137,109.154,101162
2021-09-22 00:00:00+00:00,109.136,109.898,109.13,109.822,111161
2021-09-23 00:00:00+00:00,109.809,110.344,109.773,110.326,89867
2021-09-24 00:00:00+00:00,110.323,110.791,110.313,110.743,85956
2021-09-26 00:00:00+00:00,110.738,110.791,110.616,110.762,1687
2021-09-27 00:00:00+00:00,110.75,111.055,110.534,110.964,98597
2021-09-28 00:00:00+00:00,110.962,111.629,110.937,111.528,118659
2021-09-29 00:00:00+00:00,111.513,112.044,111.219,111.935,115784
2021-09-30 00:00:00+00:00,111.922,112.068,111.238,111.463,116989
2021-10-01 00:00:00+00:00,111.447,111.479,110.912,111.041,123536
2021-10-03 00:00:00+00:00,110.936,111.016,110.867,110.947,3040
2021-10-04 00:00:00+00:00,110.963,111.296,110.834,110.967,125028
2021-10-05 00:00:00+00:00,110.969,111.553,110.876,111.484,113721
2021-10-06 00:00:00+00:00,111.52,111.773,111.205,111.408,129597
2021-10-07 00:00:00+00:00,111.411,111.674,111.242,111.662,101225
2021-10-08 00:00:00+00:00,111.673,112.25,111.525,112.178,106227
2021-10-09 00:00:00+00:00,112.22,112.22,112.19,112.19,10
2021-10-10 00:00:00+00:00,112.085,112.323,112.085,112.27,3024
2021-10-11 00:00:00+00:00,112.272,113.409,112.183,113.389,94578
2021-10-12 00:00:00+00:00,113.408,113.777,113.017,113.537,126608
2021-10-13 00:00:00+00:00,113.542,113.709,113.204,113.301,88214
2021-10-14 00:00:00+00:00,113.296,113.862,113.278,113.83,98579
2021-10-15 00:00:00+00:00,113.837,114.447,113.816,114.258,106789
2021-10-17 00:00:00+00:00,114.245,114.363,114.164,114.329,4911
2021-10-18 00:00:00+00:00,114.309,114.436,114.02,114.285,99961
2021-10-19 00:00:00+00:00,114.303,114.57,113.883,114.543,82924
2021-10-20 00:00:00+00:00,114.527,114.685,114.082,114.389,87861
2021-10-21 00:00:00+00:00,114.383,114.391,113.666,113.84,116715
2021-10-22 00:00:00+00:00,113.848,114.187,113.176,113.236,108264
2021-10-23 00:00:00+00:00,113.46,113.46,113.336,113.336,4
2021-10-24 00:00:00+00:00,113.55,113.687,113.468,113.664,3224
2021-10-25 00:00:00+00:00,113.64,113.895,113.49,113.763,99652
2021-10-26 00:00:00+00:00,113.753,114.297,113.725,114.183,91724
2021-10-27 00:00:00+00:00,114.178,114.216,113.413,113.77,124066
2021-10-28 00:00:00+00:00,113.758,113.857,113.255,113.614,132800
2021-10-29 00:00:00+00:00,113.643,114.094,113.406,113.835,122861
2021-10-31 00:00:00+00:00,114.081,114.244,114.035,114.236,2835
2021-11-01 00:00:00+00:00,114.218,114.434,113.939,114.089,104781
2021-11-02 00:00:00+00:00,114.084,114.129,113.466,113.965,117625
2021-11-03 00:00:00+00:00,113.964,114.183,113.722,114.071,111608
2021-11-04 00:00:00+00:00,114.067,114.273,113.52,113.825,119632
2021-11-05 00:00:00+00:00,113.809,114.017,113.299,113.41,117692
2021-11-07 00:00:00+00:00,113.342,113.518,113.337,113.475,2210
2021-11-08 00:00:00+00:00,113.461,113.662,113.082,113.25,101854
2021-11-09 00:00:00+00:00,113.243,113.249,112.727,112.911,99168
2021-11-10 00:00:00+00:00,112.913,113.996,112.777,113.905,128390
2021-11-11 00:00:00+00:00,113.93,114.127,113.814,114.042,89713
2021-11-12 00:00:00+00:00,114.048,114.3,113.767,113.829,101898
2021-11-13 00:00:00+00:00,113.929,113.929,113.929,113.929,1
2021-11-14 00:00:00+00:00,113.836,114.043,113.836,113.982,2133
2021-11-15 00:00:00+00:00,113.991,114.194,113.761,114.131,98915
2021-11-16 00:00:00+00:00,114.144,114.963,114.11,114.904,114325
2021-11-17 00:00:00+00:00,114.916,114.942,113.964,114.19,122362
2021-11-18 00:00:00+00:00,114.214,114.468,113.884,114.282,118533
2021-11-19 00:00:00+00:00,114.321,114.522,113.604,113.753,135703
2021-11-22 00:00:00+00:00,114.136,114.952,114.073,114.791,100874
2021-11-23 00:00:00+00:00,114.802,115.208,114.546,115.142,137477
2021-11-24 00:00:00+00:00,115.159,115.499,114.829,115.407,136017
2021-11-25 00:00:00+00:00,115.413,115.436,115.041,115.069,95392
2021-11-26 00:00:00+00:00,115.102,115.102,113.05,113.35,198112
2021-11-28 00:00:00+00:00,113.45,113.855,113.34,113.718,7802
2021-11-29 00:00:00+00:00,113.705,113.935,113.031,113.805,161411
2021-11-30 00:00:00+00:00,113.807,113.885,112.543,113.299,196050
2021-12-01 00:00:00+00:00,113.267,113.613,112.683,112.882,164281
2021-12-02 00:00:00+00:00,112.863,113.309,112.722,113.022,159771
2021-12-03 00:00:00+00:00,113.025,113.604,112.559,112.793,138147
2021-12-04 00:00:00+00:00,112.8,112.8,112.79,112.79,2
2021-12-06 00:00:00+00:00,113.243,113.546,113.088,113.46,47663
2021-12-07 00:00:00+00:00,113.486,113.773,113.41,113.525,107374
2021-12-08 00:00:00+00:00,113.516,113.93,113.324,113.685,121229
2021-12-09 00:00:00+00:00,113.714,113.806,113.284,113.438,100444
2021-12-10 00:00:00+00:00,113.466,113.786,113.237,113.37,106005
2021-12-11 00:00:00+00:00,113.38,113.38,113.38,113.38,1
2021-12-13 00:00:00+00:00,113.688,113.701,113.383,113.578,50442
2021-12-14 00:00:00+00:00,113.573,113.752,113.437,113.742,102283
2021-12-15 00:00:00+00:00,113.74,114.253,113.631,114.136,120266
2021-12-16 00:00:00+00:00,114.156,114.245,113.564,113.663,128312
2021-12-17 00:00:00+00:00,113.679,113.842,113.148,113.706,126424
2021-12-18 00:00:00+00:00,113.67,113.7,113.67,113.7,2
2021-12-19 00:00:00+00:00,113.252,113.698,113.252,113.517,3799
2021-12-20 00:00:00+00:00,113.551,113.728,113.332,113.664,116272
2021-12-21 00:00:00+00:00,113.659,114.215,113.566,113.993,55627
2021-12-22 00:00:00+00:00,114.011,114.362,114.001,114.121,98181
2021-12-23 00:00:00+00:00,114.123,114.473,114.108,114.458,92240
2021-12-24 00:00:00+00:00,114.46,114.504,114.297,114.4,113558
2021-12-26 00:00:00+00:00,114.276,114.389,114.276,114.338,2323
2021-12-27 00:00:00+00:00,114.354,114.91,114.319,114.791,72610
2021-12-28 00:00:00+00:00,114.788,114.937,114.709,114.767,77034
2021-12-29 00:00:00+00:00,114.781,115.032,114.673,114.947,84092
2021-12-30 00:00:00+00:00,114.958,115.196,114.947,115.064,81571
2021-12-31 00:00:00+00:00,115.059,115.196,115.005,115.103,66686
2022-01-02 00:00:00+00:00,115.011,115.153,115.011,115.141,1906
2022-01-03 00:00:00+00:00,115.136,115.359,114.975,115.328,85904
2022-01-04 00:00:00+00:00,115.316,116.34,115.299,116.171,110776
2022-01-05 00:00:00+00:00,116.165,116.235,115.627,116.127,110349
2022-01-06 00:00:00+00:00,116.129,116.179,115.652,115.862,124627
2022-01-07 00:00:00+00:00,115.87,116.03,115.502,115.528,82105
2022-01-08 00:00:00+00:00,115.55,115.55,115.51,115.51,2
2022-01-09 00:00:00+00:00,115.541,115.657,115.541,115.618,4550
2022-01-10 00:00:00+00:00,115.622,115.842,115.045,115.276,107882
2022-01-11 00:00:00+00:00,115.283,115.676,115.137,115.331,110280
2022-01-12 00:00:00+00:00,115.331,115.459,114.384,114.673,110840
2022-01-13 00:00:00+00:00,114.64,114.694,113.998,114.117,105192
2022-01-14 00:00:00+00:00,114.101,114.257,113.505,114.22,125217
2022-01-17 00:00:00+00:00,114.467,114.637,114.307,114.574,73124
2022-01-18 00:00:00+00:00,114.58,115.031,114.45,114.556,134989
2022-01-19 00:00:00+00:00,114.557,114.767,114.209,114.345,130031
2022-01-20 00:00:00+00:00,114.37,114.536,113.887,113.986,126162
2022-01-21 00:00:00+00:00,113.953,114.018,113.617,113.657,133636
2022-01-23 00:00:00+00:00,113.652,113.794,113.632,113.786,4235
2022-01-24 00:00:00+00:00,113.784,114.089,113.489,114.013,141965
2022-01-25 00:00:00+00:00,114.012,114.144,113.675,113.891,137639
2022-01-26 00:00:00+00:00,113.892,114.74,113.783,114.718,108896
2022-01-27 00:00:00+00:00,114.713,115.481,114.486,115.35,154681
2022-01-28 00:00:00+00:00,115.362,115.672,115.137,115.2,126469
2022-01-30 00:00:00+00:00,115.24,115.373,115.232,115.262,5438
2022-01-31 00:00:00+00:00,115.24,115.577,114.925,115.119,131780
2022-02-01 00:00:00+00:00,115.149,115.189,114.568,114.735,127018
2022-02-02 00:00:00+00:00,114.722,114.796,114.192,114.38,111029
2022-02-03 00:00:00+00:00,114.368,114.984,114.328,114.956,135090
2022-02-04 00:00:00+00:00,114.966,115.426,114.816,115.21,80987
2022-02-06 00:00:00+00:00,115.185,115.315,115.185,115.224,5820
2022-02-07 00:00:00+00:00,115.245,115.373,114.921,115.063,118960
2022-02-08 00:00:00+00:00,115.068,115.631,115.068,115.534,124408
2022-02-09 00:00:00+00:00,115.532,115.599,115.324,115.599,113375
2022-02-10 00:00:00+00:00,115.601,116.296,115.485,116.05,100318
2022-02-11 00:00:00+00:00,116.05,116.169,114.66,115.0,137803
2022-02-12 00:00:00+00:00,115.41,115.66,115.41,115.66,4
2022-02-13 00:00:00+00:00,115.285,115.587,115.155,115.584,6571
2022-02-14 00:00:00+00:00,115.559,115.738,115.022,115.535,167881
2022-02-15 00:00:00+00:00,115.539,115.872,115.261,115.64,143135
2022-02-16 00:00:00+00:00,115.623,115.773,115.352,115.39,127652
2022-02-17 00:00:00+00:00,115.364,115.528,114.817,114.854,166148
2022-02-18 00:00:00+00:00,114.849,115.263,114.79,114.974,129409
2022-02-20 00:00:00+00:00,114.909,115.038,114.87,114.956,4597
2022-02-21 00:00:00+00:00,114.939,115.105,114.5,114.608,108620
2022-02-22 00:00:00+00:00,114.583,115.233,114.521,115.098,171935
2022-02-23 00:00:00+00:00,115.099,115.184,114.885,114.896,112288
2022-02-24 00:00:00+00:00,114.916,115.691,114.414,115.547,249272
2022-02-25 00:00:00+00:00,115.555,115.756,115.152,115.531,166095
2022-02-26 00:00:00+00:00,115.56,115.56,115.53,115.53,2
2022-02-27 00:00:00+00:00,115.56,115.732,114.997,115.586,8849
2022-02-28 00:00:00+00:00,115.588,115.649,114.863,115.083,171061
2022-03-01 00:00:00+00:00,115.092,115.265,114.701,114.833,154942
2022-03-02 00:00:00+00:00,114.818,115.68,114.795,115.515,162108
2022-03-03 00:00:00+00:00,115.497,115.8,115.384,115.478,138347
2022-03-04 00:00:00+00:00,115.475,115.531,114.653,114.8,170703
2022-03-05 00:00:00+00:00,114.78,114.8,114.78,114.8,2
2022-03-06 00:00:00+00:00,114.762,114.953,114.762,114.952,7383
2022-03-07 00:00:00+00:00,114.939,115.47,114.839,115.368,169117
2022-03-08 00:00:00+00:00,115.383,115.776,115.328,115.722,162130
2022-03-09 00:00:00+00:00,115.742,115.947,115.579,115.908,126613
2022-03-10 00:00:00+00:00,115.91,116.209,115.825,116.175,128009
2022-03-11 00:00:00+00:00,116.16,117.35,116.15,117.278,122977
2022-03-13 00:00:00+00:00,117.35,117.591,117.312,117.532,4327
2022-03-14 00:00:00+00:00,117.505,118.296,117.467,118.216,109412
2022-03-15 00:00:00+00:00,118.218,118.433,117.742,118.311,126355
2022-03-16 00:00:00+00:00,118.313,119.048,118.178,118.87,144543
2022-03-17 00:00:00+00:00,118.89,118.998,118.376,118.484,128505
2022-03-18 00:00:00+00:00,118.49,119.387,118.49,119.208,99497
2022-03-20 00:00:00+00:00,118.936,119.302,118.936,119.263,4573
2022-03-21 00:00:00+00:00,119.261,119.622,119.1,119.591,95498
2022-03-22 00:00:00+00:00,119.594,121.376,119.594,121.339,150409
2022-03-23 00:00:00+00:00,121.265,121.3,120.628,121.123,136926
2022-03-24 00:00:00+00:00,121.135,122.43,120.98,122.35,141317
2022-03-25 00:00:00+00:00,122.295,122.295,121.202,122.07,156135
2022-03-26 00:00:00+00:00,122.04,122.08,122.04,122.08,4
2022-03-27 00:00:00+00:00,121.937,122.353,121.937,122.27,4668
2022-03-28 00:00:00+00:00,122.293,125.025,122.157,123.608,196088
2022-03-29 00:00:00+00:00,123.646,124.197,122.053,123.126,205355
2022-03-30 00:00:00+00:00,123.023,123.023,121.331,122.019,197873
2022-03-31 00:00:00+00:00,122.058,122.419,121.292,121.744,210285
2022-04-01 00:00:00+00:00,121.773,122.991,121.773,122.362,95187
2022-04-02 00:00:00+00:00,122.49,122.49,122.402,122.402,2
2022-04-03 00:00:00+00:00,122.43,122.724,122.43,122.633,5465
2022-04-04 00:00:00+00:00,122.565,122.925,122.286,122.801,134132
2022-04-05 00:00:00+00:00,122.766,123.704,122.419,123.657,157164
2022-04-06 00:00:00+00:00,123.677,124.047,123.546,123.726,173119
2022-04-07 00:00:00+00:00,123.679,124.211,123.514,124.099,149320
2022-04-08 00:00:00+00:00,124.119,124.649,123.683,124.285,134626
2022-04-10 00:00:00+00:00,124.358,124.413,124.344,124.399,2261
2022-04-11 00:00:00+00:00,124.389,125.743,124.292,125.485,156385
2022-04-12 00:00:00+00:00,125.497,125.731,124.81,125.43,164645
2022-04-13 00:00:00+00:00,125.355,126.261,125.355,125.363,164906
2022-04-14 00:00:00+00:00,125.248,126.188,125.118,126.173,167729
2022-04-15 00:00:00+00:00,126.167,126.657,126.091,126.41,174410
2022-04-17 00:00:00+00:00,126.349,126.697,126.335,126.612,7880
2022-04-18 00:00:00+00:00,126.603,127.209,126.271,127.143,114728
2022-04-19 00:00:00+00:00,127.134,129.392,127.026,129.33,184051
2022-04-20 00:00:00+00:00,129.242,129.39,127.506,127.977,207522
2022-04-21 00:00:00+00:00,128.032,128.697,127.84,128.438,180439
2022-04-22 00:00:00+00:00,128.482,129.057,127.809,128.281,176691
2022-04-23 00:00:00+00:00,128.321,128.56,128.321,128.321,6
2022-04-24 00:00:00+00:00,128.375,128.849,128.375,128.607,7377
2022-04-25 00:00:00+00:00,128.652,128.833,127.539,127.775,203762
2022-04-26 00:00:00+00:00,127.798,128.196,127.009,127.264,203713
2022-04-27 00:00:00+00:00,127.294,128.564,127.278,128.438,186175
2022-04-28 00:00:00+00:00,128.463,131.229,128.385,130.786,218100
2022-04-29 00:00:00+00:00,130.703,130.793,129.318,129.682,184155
2022-05-01 00:00:00+00:00,129.39,130.292,129.39,130.002,8020
2022-05-02 00:00:00+00:00,130.028,130.47,129.636,130.099,169278
2022-05-03 00:00:00+00:00,130.047,130.282,129.717,130.125,153478
2022-05-04 00:00:00+00:00,130.16,130.29,128.692,129.235,174758
2022-05-05 00:00:00+00:00,129.215,130.54,128.758,130.32,209782
2022-05-06 00:00:00+00:00,130.326,130.795,130.211,130.463,194032
2022-05-08 00:00:00+00:00,130.141,130.771,130.138,130.737,5875
2022-05-09 00:00:00+00:00,130.78,131.333,130.138,130.381,189433
2022-05-10 00:00:00+00:00,130.405,130.527,129.815,130.366,197085
2022-05-11 00:00:00+00:00,130.381,130.805,129.502,129.845,211570
2022-05-12 00:00:00+00:00,129.748,129.9,127.543,128.602,261070
2022-05-13 00:00:00+00:00,128.582,129.444,128.353,129.25,193870
2022-05-15 00:00:00+00:00,129.125,129.498,129.125,129.409,8018
2022-05-16 00:00:00+00:00,129.407,129.603,128.728,128.947,179067
2022-05-17 00:00:00+00:00,128.861,129.756,128.846,129.422,186994
2022-05-18 00:00:00+00:00,129.399,129.441,127.912,127.93,195128
2022-05-19 00:00:00+00:00,127.976,128.934,127.068,127.851,244635
2022-05-20 00:00:00+00:00,127.783,128.273,127.57,127.92,202333
2022-05-22 00:00:00+00:00,127.721,128.045,127.721,127.891,4696
2022-05-23 00:00:00+00:00,127.808,127.95,127.166,127.819,175184
2022-05-24 00:00:00+00:00,127.805,128.063,126.366,126.735,193546
2022-05-25 00:00:00+00:00,126.695,127.486,126.664,127.151,197230
2022-05-26 00:00:00+00:00,127.167,127.576,126.569,127.104,191162
2022-05-27 00:00:00+00:00,127.004,127.219,126.684,127.08,154973
2022-05-29 00:00:00+00:00,126.921,127.334,126.921,127.269,3984
2022-05-30 00:00:00+00:00,127.279,127.852,126.868,127.784,125286
2022-05-31 00:00:00+00:00,127.794,128.873,127.656,128.735,176583
2022-06-01 00:00:00+00:00,128.797,130.222,128.797,130.125,167495
2022-06-02 00:00:00+00:00,130.111,130.205,129.524,129.937,146215
2022-06-03 00:00:00+00:00,129.953,130.971,129.691,130.817,124773
2022-06-04 00:00:00+00:00,130.86,130.86,130.83,130.83,2
2022-06-05 00:00:00+00:00,130.895,130.981,130.729,130.734,6030
2022-06-06 00:00:00+00:00,130.686,132.288,130.444,132.173,141247
2022-06-07 00:00:00+00:00,132.144,132.998,132.094,132.823,151325
2022-06-08 00:00:00+00:00,132.848,134.511,132.732,134.454,192542
2022-06-09 00:00:00+00:00,134.429,134.499,133.215,134.392,202102
2022-06-10 00:00:00+00:00,134.36,134.479,133.383,134.37,180973
2022-06-11 00:00:00+00:00,134.42,134.42,134.4,134.4,2
2022-06-12 00:00:00+00:00,134.12,134.843,134.081,134.787,9917
2022-06-13 00:00:00+00:00,134.808,135.151,133.601,134.236,235313
2022-06-14 00:00:00+00:00,134.192,135.561,133.87,135.275,246911
2022-06-15 00:00:00+00:00,135.27,135.293,133.509,134.05,260015
2022-06-16 00:00:00+00:00,134.046,134.673,131.543,132.419,274910
2022-06-17 00:00:00+00:00,132.331,135.38,132.183,134.945,244325
2022-06-18 00:00:00+00:00,134.96,134.96,134.955,134.955,6
2022-06-19 00:00:00+00:00,134.81,135.375,134.81,135.294,9487
2022-06-20 00:00:00+00:00,135.326,135.42,134.563,135.098,194399
2022-06-21 00:00:00+00:00,134.988,136.703,134.957,136.325,217132
2022-06-22 00:00:00+00:00,136.259,136.611,135.71,135.989,225445
2022-06-23 00:00:00+00:00,135.954,136.185,134.303,134.818,255347
2022-06-24 00:00:00+00:00,134.742,135.389,134.384,135.161,202722
2022-06-26 00:00:00+00:00,134.655,135.211,134.655,135.056,6543
2022-06-27 00:00:00+00:00,134.981,135.519,134.538,135.437,213282
2022-06-28 00:00:00+00:00,135.459,136.359,135.138,136.044,218918
2022-06-29 00:00:00+00:00,136.021,136.988,135.821,136.623,237808
2022-06-30 00:00:00+00:00,136.62,136.8,135.532,135.797,226366
2022-07-01 00:00:00+00:00,135.776,135.972,134.773,135.08,224636
2022-07-03 00:00:00+00:00,135.049,135.322,135.002,135.002,8297
2022-07-04 00:00:00+00:00,135.047,135.932,134.804,135.865,172410
2022-07-05 00:00:00+00:00,135.836,136.345,135.434,135.539,221841
2022-07-06 00:00:00+00:00,135.544,136.077,135.002,135.953,237982
2022-07-07 00:00:00+00:00,135.993,136.2,135.553,135.919,193122
2022-07-08 00:00:00+00:00,135.942,136.55,135.336,136.1,206549
2022-07-09 00:00:00+00:00,136.08,136.08,136.06,136.06,2
2022-07-10 00:00:00+00:00,135.834,136.343,135.834,136.296,5155
2022-07-11 00:00:00+00:00,136.33,137.733,136.28,137.414,194153
2022-07-12 00:00:00+00:00,137.333,137.513,136.504,136.732,222391
2022-07-13 00:00:00+00:00,136.696,137.838,136.696,137.629,229878
2022-07-14 00:00:00+00:00,137.687,139.377,137.589,138.977,256116
2022-07-15 00:00:00+00:00,139.005,139.082,138.24,138.346,187372
2022-07-16 00:00:00+00:00,138.446,138.446,138.446,138.446,2
2022-07-17 00:00:00+00:00,138.34,138.566,138.295,138.295,5418
2022-07-18 00:00:00+00:00,138.3,138.429,137.897,138.246,181197
2022-07-19 00:00:00+00:00,138.231,138.387,137.408,138.187,187127
2022-07-20 00:00:00+00:00,138.157,138.457,137.919,138.416,182965
2022-07-21 00:00:00+00:00,138.454,138.876,137.038,137.075,239477
2022-07-22 00:00:00+00:00,137.071,137.949,135.49,136.08,207849
2022-07-23 00:00:00+00:00,136.05,136.08,136.05,136.08,4
2022-07-24 00:00:00+00:00,135.825,136.403,135.825,136.335,6163
2022-07-25 00:00:00+00:00,136.368,136.787,135.932,136.412,179221
2022-07-26 00:00:00+00:00,136.44,136.978,136.294,136.962,169944
2022-07-27 00:00:00+00:00,136.962,137.411,136.102,136.115,194712
2022-07-28 00:00:00+00:00,136.139,136.396,134.207,134.404,228486
2022-07-29 00:00:00+00:00,134.299,134.665,132.544,133.23,234593
2022-07-31 00:00:00+00:00,133.245,133.553,133.198,133.369,5406
2022-08-01 00:00:00+00:00,133.387,133.387,131.403,131.403,225930
2022-08-02 00:00:00+00:00,131.45,133.569,130.45,133.344,266480
2022-08-03 00:00:00+00:00,133.32,134.491,132.312,133.92,249816
2022-08-04 00:00:00+00:00,133.878,134.402,132.534,132.62,225960
2022-08-05 00:00:00+00:00,132.674,135.485,132.674,134.805,201785
2022-08-06 00:00:00+00:00,134.97,134.98,134.97,134.98,10
2022-08-07 00:00:00+00:00,134.834,135.305,134.816,135.061,9365
2022-08-08 00:00:00+00:00,135.153,135.535,134.406,134.837,210852
2022-08-09 00:00:00+00:00,134.89,135.197,134.679,135.193,179596
2022-08-10 00:00:00+00:00,135.195,135.285,132.05,132.815,162364
2022-08-11 00:00:00+00:00,132.692,133.286,131.822,132.997,173787
2022-08-12 00:00:00+00:00,132.963,133.879,132.944,133.433,150894
2022-08-14 00:00:00+00:00,133.246,133.592,133.231,133.311,4763
2022-08-15 00:00:00+00:00,133.328,133.528,132.581,133.135,164150
2022-08-16 00:00:00+00:00,133.143,134.651,132.967,134.285,157484
2022-08-17 00:00:00+00:00,134.329,135.492,133.923,134.954,162287
2022-08-18 00:00:00+00:00,135.012,135.9,134.658,135.807,149078
2022-08-19 00:00:00+00:00,135.859,137.21,135.859,136.857,142240
2022-08-20 00:00:00+00:00,136.93,136.93,136.897,136.897,2
2022-08-21 00:00:00+00:00,136.897,136.897,136.897,136.897,1
2022-08-22 00:00:00+00:00,137.276,137.641,136.708,137.568,104840
2022-08-23 00:00:00+00:00,137.541,137.703,135.831,136.744,162885
2022-08-24 00:00:00+00:00,136.81,137.222,136.185,137.099,156480
2022-08-25 00:00:00+00:00,137.152,137.18,136.33,136.564,164772
2022-08-26 00:00:00+00:00,136.512,137.568,136.4,137.49,144877
2022-08-27 00:00:00+00:00,137.52,137.55,137.52,137.55,2
2022-08-28 00:00:00+00:00,137.607,138.192,137.548,138.159,6381
2022-08-29 00:00:00+00:00,138.115,138.991,138.101,138.631,171036
2022-08-30 00:00:00+00:00,138.638,139.038,138.057,138.759,195109
2022-08-31 00:00:00+00:00,138.747,139.415,138.291,139.33,185352
2022-09-01 00:00:00+00:00,139.305,140.252,139.085,140.083,187898
2022-09-02 00:00:00+00:00,139.998,140.775,139.888,140.202,167914
2022-09-04 00:00:00+00:00,140.077,140.538,139.922,140.538,5850
2022-09-05 00:00:00+00:00,140.504,140.645,140.13,140.432,171363
2022-09-06 00:00:00+00:00,140.439,143.468,140.259,143.141,221416
2022-09-07 00:00:00+00:00,143.15,144.973,142.965,144.093,257456
2022-09-08 00:00:00+00:00,144.03,144.512,143.357,143.874,224646
2022-09-09 00:00:00+00:00,143.917,143.936,141.537,142.5,234452
2022-09-10 00:00:00+00:00,142.52,142.52,142.5,142.5,3
2022-09-11 00:00:00+00:00,142.157,142.735,142.047,142.555,5832
2022-09-12 00:00:00+00:00,142.527,143.486,142.178,142.582,209692
2022-09-13 00:00:00+00:00,142.651,144.933,141.837,144.458,256423
2022-09-14 00:00:00+00:00,144.483,144.814,142.576,142.911,247988
2022-09-15 00:00:00+00:00,142.961,143.789,142.949,143.337,230555
2022-09-16 00:00:00+00:00,143.356,143.671,142.676,142.686,180499
2022-09-17 00:00:00+00:00,143.72,143.72,142.786,142.786,2
2022-09-18 00:00:00+00:00,142.851,143.113,142.65,142.758,6961
2022-09-19 00:00:00+00:00,142.758,143.627,142.687,143.183,187912
2022-09-20 00:00:00+00:00,143.091,143.914,142.963,143.583,197857
2022-09-21 00:00:00+00:00,143.528,144.592,143.379,144.246,256621
2022-09-22 00:00:00+00:00,144.316,145.895,140.403,142.25,298197
2022-09-23 00:00:00+00:00,142.21,143.455,141.792,143.273,252681
2022-09-24 00:00:00+00:00,143.32,143.373,143.32,143.373,4
2022-09-25 00:00:00+00:00,143.077,143.77,143.077,143.527,11067
2022-09-26 00:00:00+00:00,143.52,144.785,143.433,144.466,295762
2022-09-27 00:00:00+00:00,144.464,144.889,144.092,144.707,266111
2022-09-28 00:00:00+00:00,144.677,144.835,143.922,144.413,272736
2022-09-29 00:00:00+00:00,144.403,144.796,144.206,144.425,258118
2022-09-30 00:00:00+00:00,144.411,144.801,144.211,144.684,227679
2022-10-02 00:00:00+00:00,144.467,144.88,144.467,144.801,8262
2022-10-03 00:00:00+00:00,144.786,145.178,144.205,144.525,243155
2022-10-04 00:00:00+00:00,144.47,144.929,143.831,143.853,223931
2022-10-05 00:00:00+00:00,143.805,144.837,143.559,144.438,232829
2022-10-06 00:00:00+00:00,144.427,145.135,144.399,145.036,198448
2022-10-07 00:00:00+00:00,145.057,145.434,144.746,145.38,183431
2022-10-08 00:00:00+00:00,145.33,145.35,145.33,145.35,2
2022-10-09 00:00:00+00:00,145.057,145.482,145.057,145.465,7135
2022-10-10 00:00:00+00:00,145.467,145.799,145.238,145.671,170692
2022-10-11 00:00:00+00:00,145.66,145.942,145.441,145.891,213413
2022-10-12 00:00:00+00:00,145.912,146.98,145.912,146.767,217240
2022-10-13 00:00:00+00:00,146.768,147.651,146.64,147.309,210618
2022-10-14 00:00:00+00:00,147.304,148.853,147.094,148.77,210909
2022-10-16 00:00:00+00:00,148.389,148.704,148.389,148.634,10836
2022-10-17 00:00:00+00:00,148.631,149.073,148.445,148.973,185938
2022-10-18 00:00:00+00:00,148.926,149.286,148.684,149.211,193676
2022-10-19 00:00:00+00:00,149.166,149.9,149.128,149.823,194304
2022-10-20 00:00:00+00:00,149.821,150.276,149.565,150.169,200834
2022-10-21 00:00:00+00:00,150.173,151.933,145.656,147.65,264549
2022-10-22 00:00:00+00:00,147.64,147.68,147.64,147.68,9
2022-10-23 00:00:00+00:00,147.457,149.669,145.592,147.614,14464
2022-10-24 00:00:00+00:00,147.847,149.457,147.779,148.888,198357
2022-10-25 00:00:00+00:00,148.819,149.016,147.542,147.98,184531
2022-10-26 00:00:00+00:00,147.961,148.396,146.079,146.079,200206
2022-10-27 00:00:00+00:00,146.192,146.898,145.147,146.277,233289
2022-10-28 00:00:00+00:00,146.353,147.851,146.045,147.43,243282
2022-10-30 00:00:00+00:00,147.296,147.822,147.296,147.812,8373
2022-10-31 00:00:00+00:00,147.763,148.842,147.75,148.734,207010
2022-11-01 00:00:00+00:00,148.699,148.81,146.988,147.913,251064
2022-11-02 00:00:00+00:00,147.814,147.996,145.77,147.889,261724
2022-11-03 00:00:00+00:00,147.869,148.436,147.108,148.39,241295
2022-11-04 00:00:00+00:00,148.389,148.389,146.478,146.6,237402
2022-11-05 00:00:00+00:00,146.59,146.59,146.59,146.59,1
2022-11-06 00:00:00+00:00,146.654,147.18,146.59,146.841,4445
2022-11-07 00:00:00+00:00,146.88,147.556,146.113,146.627,230073
2022-11-08 00:00:00+00:00,146.63,146.927,145.205,145.295,231537
2022-11-09 00:00:00+00:00,145.373,146.765,145.219,146.199,256285
2022-11-10 00:00:00+00:00,146.229,146.581,140.25,141.736,242712
2022-11-11 00:00:00+00:00,141.579,142.471,138.481,138.795,289835
2022-11-12 00:00:00+00:00,138.79,138.8,138.79,138.8,8
2022-11-13 00:00:00+00:00,138.447,139.867,138.381,139.609,7365
2022-11-14 00:00:00+00:00,139.61,140.771,138.857,140.093,265120
2022-11-15 00:00:00+00:00,140.008,140.574,137.804,138.961,316079
2022-11-16 00:00:00+00:00,138.976,140.285,138.899,139.324,287880
2022-11-17 00:00:00+00:00,139.277,140.718,138.909,140.421,266294
2022-11-18 00:00:00+00:00,140.409,140.47,139.65,140.34,229101
2022-11-20 00:00:00+00:00,140.285,140.397,140.15,140.257,5268
2022-11-21 00:00:00+00:00,140.238,142.209,140.203,142.098,222191
2022-11-22 00:00:00+00:00,142.153,142.243,141.089,141.155,215135
2022-11-23 00:00:00+00:00,141.054,141.574,139.195,139.248,226498
2022-11-24 00:00:00+00:00,139.246,139.486,138.097,138.602,197315
2022-11-25 00:00:00+00:00,138.605,139.591,138.39,139.12,205451
2022-11-27 00:00:00+00:00,138.797,139.417,138.797,139.373,3837
2022-11-28 00:00:00+00:00,139.345,139.345,137.508,138.72,240007
2022-11-29 00:00:00+00:00,138.694,139.321,137.882,138.746,256511
2022-11-30 00:00:00+00:00,138.776,139.883,137.287,137.361,279651
2022-12-01 00:00:00+00:00,137.518,137.518,135.058,135.149,200690
2022-12-02 00:00:00+00:00,135.2,135.975,133.67,134.31,265374
2022-12-03 00:00:00+00:00,134.3,134.32,134.3,134.31,3
2022-12-04 00:00:00+00:00,134.375,134.6,134.295,134.478,7039
2022-12-05 00:00:00+00:00,134.422,136.832,134.135,136.585,248707
2022-12-06 00:00:00+00:00,136.587,137.415,136.012,136.886,255079
2022-12-07 00:00:00+00:00,136.847,137.835,136.231,136.37,273635
2022-12-08 00:00:00+00:00,136.398,137.224,136.293,136.64,235976
2022-12-09 00:00:00+00:00,136.622,136.866,135.616,136.56,235594
2022-12-10 00:00:00+00:00,136.56,136.56,136.56,136.56,1
2022-12-11 00:00:00+00:00,136.034,136.796,136.034,136.714,5347
2022-12-12 00:00:00+00:00,136.762,137.844,136.633,137.515,214665
2022-12-13 00:00:00+00:00,137.506,137.945,134.689,135.574,266469
2022-12-14 00:00:00+00:00,135.525,135.973,134.681,135.362,273660
2022-12-15 00:00:00+00:00,135.376,138.168,135.286,137.75,257562
2022-12-16 00:00:00+00:00,137.751,137.751,136.304,136.7,232941
2022-12-17 00:00:00+00:00,136.69,136.7,136.69,136.7,2
2022-12-18 00:00:00+00:00,135.872,136.59,135.762,136.568,6018
2022-12-19 00:00:00+00:00,136.515,137.151,135.773,136.973,230387
2022-12-20 00:00:00+00:00,136.978,137.454,130.65,131.888,321181
2022-12-21 00:00:00+00:00,131.922,132.481,131.519,132.394,262158
2022-12-22 00:00:00+00:00,132.422,132.68,131.659,132.377,224204
2022-12-23 00:00:00+00:00,132.416,133.114,132.291,132.76,199145
2022-12-25 00:00:00+00:00,132.589,132.79,132.337,132.736,13
2022-12-26 00:00:00+00:00,132.8,133.237,132.314,132.764,34001
2022-12-27 00:00:00+00:00,132.761,133.587,132.647,133.487,180945
2022-12-28 00:00:00+00:00,133.492,134.496,133.406,134.029,218215
2022-12-29 00:00:00+00:00,133.961,134.189,132.871,132.914,213049
2022-12-30 00:00:00+00:00,132.916,132.916,130.783,131.11,227824
2023-01-01 00:00:00+00:00,130.952,130.952,130.732,130.845,12
2023-01-02 00:00:00+00:00,130.858,131.396,130.55,130.795,81379
2023-01-03 00:00:00+00:00,130.849,131.402,129.534,131.293,276808
2023-01-04 00:00:00+00:00,131.224,132.697,129.964,132.252,272444
2023-01-05 00:00:00+00:00,132.312,133.99,131.73,133.317,272141
2023-01-06 00:00:00+00:00,133.356,134.741,132.005,132.08,260547
2023-01-08 00:00:00+00:00,131.967,132.273,131.761,131.802,7836
2023-01-09 00:00:00+00:00,131.771,132.645,131.327,131.73,258141
2023-01-10 00:00:00+00:00,131.751,132.463,131.43,132.102,267656
2023-01-11 00:00:00+00:00,132.152,132.855,131.77,131.901,245193
2023-01-12 00:00:00+00:00,131.923,132.015,128.921,129.168,306199
2023-01-13 00:00:00+00:00,129.178,129.334,127.465,127.89,271885
2023-01-15 00:00:00+00:00,127.352,128.145,127.352,128.05,6343
2023-01-16 00:00:00+00:00,128.303,128.757,128.131,128.336,90820
2023-01-17 00:00:00+00:00,128.597,128.77,128.017,128.284,110708
2023-01-18 00:00:00+00:00,129.176,129.237,127.609,128.552,143678
2023-01-19 00:00:00+00:00,128.49,128.77,128.241,128.369,128001
2023-01-20 00:00:00+00:00,128.528,130.598,128.526,129.55,234983
2023-01-22 00:00:00+00:00,129.407,129.62,129.28,129.385,5186
2023-01-23 00:00:00+00:00,129.31,130.876,129.062,130.593,228333
2023-01-24 00:00:00+00:00,130.168,131.067,129.744,130.21,197904
2023-01-25 00:00:00+00:00,130.507,130.561,129.237,129.258,188638
2023-01-26 00:00:00+00:00,129.363,130.583,129.222,129.805,196921
2023-01-27 00:00:00+00:00,129.758,130.035,129.594,129.88,128171
2023-01-28 00:00:00+00:00,129.85,129.87,129.85,129.87,2
2023-01-29 00:00:00+00:00,129.84,129.869,129.741,129.833,6225
2023-01-30 00:00:00+00:00,129.869,130.565,129.205,130.481,230176
2023-01-31 00:00:00+00:00,130.141,130.48,129.768,130.112,197781
2023-02-01 00:00:00+00:00,130.116,130.394,128.454,128.596,240047
2023-02-02 00:00:00+00:00,128.468,129.092,128.091,128.757,200641
2023-02-03 00:00:00+00:00,128.771,131.196,128.336,131.19,229024
2023-02-04 00:00:00+00:00,131.17,131.18,131.17,131.18,4
2023-02-05 00:00:00+00:00,131.913,132.532,131.509,132.059,5941
2023-02-06 00:00:00+00:00,132.042,132.885,131.595,132.626,240859
2023-02-07 00:00:00+00:00,132.551,132.583,130.519,131.057,276411
2023-02-08 00:00:00+00:00,131.072,131.51,130.61,131.389,243741
2023-02-09 00:00:00+00:00,131.408,131.82,130.345,131.515,250073
2023-02-10 00:00:00+00:00,131.558,131.832,129.835,131.42,256830
2023-02-11 00:00:00+00:00,131.41,131.41,131.41,131.41,2
2023-02-13 00:00:00+00:00,132.166,132.864,132.033,132.333,175370
2023-02-14 00:00:00+00:00,132.371,133.278,131.67,132.992,275470
2023-02-15 00:00:00+00:00,133.001,134.352,132.554,133.906,240830
2023-02-16 00:00:00+00:00,133.891,134.443,133.612,134.07,247790
2023-02-17 00:00:00+00:00,134.072,135.08,134.062,134.1,211291
2023-02-18 00:00:00+00:00,134.15,134.15,134.11,134.11,2
2023-02-19 00:00:00+00:00,134.036,134.316,134.036,134.307,4868
2023-02-20 00:00:00+00:00,134.318,134.53,133.921,134.332,168960
2023-02-21 00:00:00+00:00,134.337,135.191,134.156,134.988,213109
2023-02-22 00:00:00+00:00,135.048,135.048,134.383,134.932,235380
2023-02-23 00:00:00+00:00,134.942,135.341,134.331,134.624,193191
2023-02-24 00:00:00+00:00,134.614,136.513,134.129,136.47,241217
2023-02-25 00:00:00+00:00,136.46,136.47,136.46,136.47,6
2023-02-26 00:00:00+00:00,136.152,136.513,136.152,136.424,3318
2023-02-27 00:00:00+00:00,136.442,136.476,135.93,136.319,200274
2023-02-28 00:00:00+00:00,136.35,136.903,135.775,136.342,209487
2023-03-01 00:00:00+00:00,136.364,136.462,135.265,136.19,225311
2023-03-02 00:00:00+00:00,136.203,137.06,136.086,136.72,237813
2023-03-03 00:00:00+00:00,136.692,136.745,135.744,135.84,208600
2023-03-05 00:00:00+00:00,135.734,136.017,135.734,136.017,6559
2023-03-06 00:00:00+00:00,136.037,136.183,135.389,135.995,198386
2023-03-07 00:00:00+00:00,136.001,137.39,135.574,137.383,213374
2023-03-08 00:00:00+00:00,137.417,137.896,136.503,137.224,212114
2023-03-09 00:00:00+00:00,137.231,137.251,135.99,136.37,200626
2023-03-10 00:00:00+00:00,136.417,136.979,134.162,134.99,287353
2023-03-11 00:00:00+00:00,134.98,135.0,134.98,135.0,2
2023-03-12 00:00:00+00:00,134.814,134.966,133.574,134.959,11377
2023-03-13 00:00:00+00:00,134.852,134.877,132.295,133.088,357136
2023-03-14 00:00:00+00:00,133.093,134.876,133.067,134.434,305558
2023-03-15 00:00:00+00:00,134.408,135.06,132.257,132.902,344291
2023-03-16 00:00:00+00:00,132.913,133.8,131.747,133.372,346431
2023-03-17 00:00:00+00:00,133.416,133.568,131.593,131.84,282424
2023-03-18 00:00:00+00:00,131.8,131.83,131.8,131.83,4
2023-03-19 00:00:00+00:00,132.3,132.345,131.65,132.27,13994
2023-03-20 00:00:00+00:00,132.323,132.63,130.56,131.398,313994
2023-03-21 00:00:00+00:00,131.394,132.612,131.04,132.4,241645
2023-03-22 00:00:00+00:00,132.349,132.993,131.053,131.185,247674
2023-03-23 00:00:00+00:00,131.114,131.636,130.329,130.854,275256
2023-03-24 00:00:00+00:00,130.844,130.916,129.672,130.745,261298
2023-03-26 00:00:00+00:00,130.399,130.954,130.399,130.846,8913
2023-03-27 00:00:00+00:00,130.861,131.75,130.507,131.24,218831
2023-03-28 00:00:00+00:00,131.228,131.276,130.445,131.046,222015
2023-03-29 00:00:00+00:00,130.973,132.881,130.928,132.545,212855
2023-03-30 00:00:00+00:00,132.541,133.236,132.222,133.201,216071
2023-03-31 00:00:00+00:00,133.209,133.561,132.094,132.77,218032
2023-04-02 00:00:00+00:00,132.705,133.518,132.705,133.351,14218
2023-04-03 00:00:00+00:00,133.309,133.731,132.173,132.319,229878
2023-04-04 00:00:00+00:00,132.272,133.14,131.382,131.433,216817
2023-04-05 00:00:00+00:00,131.369,131.839,130.677,130.935,224750
2023-04-06 00:00:00+00:00,130.911,131.904,130.798,131.677,177740
2023-04-07 00:00:00+00:00,131.707,132.325,131.525,132.15,108806
2023-04-08 00:00:00+00:00,131.71,132.14,131.71,132.14,2
2023-04-09 00:00:00+00:00,131.975,132.155,131.826,132.098,7766
2023-04-10 00:00:00+00:00,132.155,133.847,132.016,133.469,185074
2023-04-11 00:00:00+00:00,133.413,133.806,132.981,133.594,200183
2023-04-12 00:00:00+00:00,133.581,134.024,132.782,133.083,204454
2023-04-13 00:00:00+00:00,133.045,133.367,132.03,132.487,198743
2023-04-14 00:00:00+00:00,132.526,133.828,132.18,133.82,188175
2023-04-15 00:00:00+00:00,133.77,133.8,133.77,133.8,2
2023-04-16 00:00:00+00:00,133.407,133.98,133.407,133.98,9048
2023-04-17 00:00:00+00:00,133.943,134.564,133.714,134.454,194347
2023-04-18 00:00:00+00:00,134.392,134.694,133.867,134.041,196496
2023-04-19 00:00:00+00:00,134.001,135.046,133.961,134.711,202390
2023-04-20 00:00:00+00:00,134.747,134.961,133.961,133.997,203383
2023-04-21 00:00:00+00:00,134.033,134.465,133.554,134.16,172720
2023-04-23 00:00:00+00:00,133.757,134.107,133.757,133.962,6194
2023-04-24 00:00:00+00:00,134.002,134.72,133.899,134.085,179874
2023-04-25 00:00:00+00:00,134.112,134.452,133.371,133.704,205899
2023-04-26 00:00:00+00:00,133.665,133.876,133.026,133.461,232544
2023-04-27 00:00:00+00:00,133.42,134.182,133.293,133.802,211854
2023-04-28 00:00:00+00:00,133.858,136.529,133.719,136.304,249719
2023-04-29 00:00:00+00:00,136.28,136.32,136.28,136.32,2
2023-04-30 00:00:00+00:00,136.204,136.43,136.057,136.401,9189
2023-05-01 00:00:00+00:00,136.391,137.567,136.264,137.522,185188
2023-05-02 00:00:00+00:00,137.497,137.763,136.321,136.47,201839
2023-05-03 00:00:00+00:00,136.43,136.561,134.395,134.553,249369
2023-05-04 00:00:00+00:00,134.57,134.875,133.505,134.162,260650
2023-05-05 00:00:00+00:00,134.179,135.094,133.887,134.83,193358
2023-05-07 00:00:00+00:00,134.695,135.265,134.683,135.192,8238
2023-05-08 00:00:00+00:00,135.138,135.205,134.651,135.082,197797
2023-05-09 00:00:00+00:00,135.126,135.336,134.732,135.29,204189
2023-05-10 00:00:00+00:00,135.262,135.459,134.03,134.098,224706
2023-05-11 00:00:00+00:00,134.042,134.831,133.756,134.489,233325
2023-05-12 00:00:00+00:00,134.514,135.746,134.403,135.74,186109
2023-05-13 00:00:00+00:00,135.71,135.73,135.71,135.73,2
2023-05-14 00:00:00+00:00,135.493,135.88,135.458,135.823,8368
2023-05-15 00:00:00+00:00,135.852,136.313,135.719,136.029,191540
2023-05-16 00:00:00+00:00,136.019,136.673,135.684,136.428,194771
2023-05-17 00:00:00+00:00,136.448,137.703,136.31,137.602,195479
2023-05-18 00:00:00+00:00,137.625,138.742,137.311,138.628,205904
2023-05-19 00:00:00+00:00,138.637,138.647,136.776,137.96,206989
2023-05-21 00:00:00+00:00,137.851,138.011,137.577,137.691,6220
2023-05-22 00:00:00+00:00,137.683,138.777,137.508,138.663,205986
2023-05-23 00:00:00+00:00,138.625,138.875,138.255,138.611,225790
2023-05-24 00:00:00+00:00,138.55,139.468,138.236,139.292,228259
2023-05-25 00:00:00+00:00,139.322,140.209,139.202,140.024,227304
2023-05-26 00:00:00+00:00,140.008,140.714,139.51,140.65,148810
2023-05-28 00:00:00+00:00,140.62,140.882,140.508,140.882,10782
2023-05-29 00:00:00+00:00,140.801,140.9,140.124,140.47,129559
2023-05-30 00:00:00+00:00,140.464,140.922,139.573,139.795,216887
2023-05-31 00:00:00+00:00,139.741,140.355,138.99,139.135,206898
2023-06-01 00:00:00+00:00,139.112,139.944,138.528,138.743,188440
2023-06-02 00:00:00+00:00,138.685,140.065,138.621,139.94,170700
2023-06-03 00:00:00+00:00,139.94,139.94,139.94,139.94,1
2023-06-04 00:00:00+00:00,139.764,140.239,139.764,140.211,5656
2023-06-05 00:00:00+00:00,140.17,140.441,139.262,139.413,170648
2023-06-06 00:00:00+00:00,139.428,139.96,139.119,139.523,180125
2023-06-07 00:00:00+00:00,139.535,140.238,139.042,139.915,210434
2023-06-08 00:00:00+00:00,139.914,140.092,138.783,138.881,201413
2023-06-09 00:00:00+00:00,138.918,139.711,138.899,139.4,172330
2023-06-10 00:00:00+00:00,139.34,139.39,139.34,139.39,4
2023-06-11 00:00:00+00:00,139.34,139.472,139.102,139.372,5203
2023-06-12 00:00:00+00:00,139.334,139.748,139.07,139.458,189678
2023-06-13 00:00:00+00:00,139.409,140.3,139.019,140.148,209884
2023-06-14 00:00:00+00:00,140.141,140.19,139.3,139.966,223194
2023-06-15 00:00:00+00:00,139.974,141.497,139.959,140.263,244071
2023-06-16 00:00:00+00:00,140.261,141.91,139.858,141.84,237175
2023-06-18 00:00:00+00:00,141.82,141.938,141.403,141.86,498
2023-06-19 00:00:00+00:00,141.813,142.02,141.457,141.897,132860
2023-06-20 00:00:00+00:00,141.925,142.224,141.216,141.339,238718
2023-06-21 00:00:00+00:00,141.375,142.331,141.375,141.687,231486
2023-06-22 00:00:00+00:00,141.707,143.221,141.631,143.03,214526
2023-06-23 00:00:00+00:00,143.058,143.867,142.769,143.69,223470
2023-06-24 00:00:00+00:00,143.68,143.68,143.68,143.68,1
2023-06-25 00:00:00+00:00,143.496,143.699,143.43,143.536,6877
2023-06-26 00:00:00+00:00,143.481,143.683,142.959,143.46,214812
2023-06-27 00:00:00+00:00,143.48,144.157,143.295,143.876,205367
2023-06-28 00:00:00+00:00,143.893,144.59,143.747,144.388,230287
2023-06-29 00:00:00+00:00,144.369,144.891,144.137,144.795,224162
2023-06-30 00:00:00+00:00,144.776,145.036,144.23,144.29,216170
2023-07-02 00:00:00+00:00,144.32,144.402,144.197,144.395,4769
2023-07-03 00:00:00+00:00,144.418,144.91,144.054,144.598,203875
2023-07-04 00:00:00+00:00,144.598,144.67,144.21,144.406,150592
2023-07-05 00:00:00+00:00,144.415,144.723,144.093,144.498,152664
2023-07-06 00:00:00+00:00,144.469,144.641,143.572,143.972,193258
2023-07-07 00:00:00+00:00,143.964,144.193,142.076,142.09,215305
2023-07-08 00:00:00+00:00,142.07,142.1,142.07,142.1,6
2023-07-09 00:00:00+00:00,142.07,142.279,142.07,142.209,6591
2023-07-10 00:00:00+00:00,142.133,143.007,141.214,141.303,211267
2023-07-11 00:00:00+00:00,141.303,141.446,140.08,140.122,218797
2023-07-12 00:00:00+00:00,140.074,140.074,138.209,138.32,232969
2023-07-13 00:00:00+00:00,138.33,138.923,137.897,138.065,229884
2023-07-14 00:00:00+00:00,138.056,139.091,137.321,138.69,234564
2023-07-15 00:00:00+00:00,138.73,138.73,138.7,138.7,4
2023-07-16 00:00:00+00:00,138.447,138.82,138.447,138.683,5199
2023-07-17 00:00:00+00:00,138.704,139.396,138.011,138.723,207774
2023-07-18 00:00:00+00:00,138.79,139.166,137.847,139.025,234466
2023-07-19 00:00:00+00:00,139.01,139.99,138.871,139.607,241561
2023-07-20 00:00:00+00:00,139.605,140.495,139.109,139.851,231169
2023-07-21 00:00:00+00:00,139.85,141.929,139.755,141.775,218002
2023-07-22 00:00:00+00:00,141.79,141.79,141.785,141.785,14
2023-07-23 00:00:00+00:00,141.79,141.79,141.51,141.751,5709
2023-07-24 00:00:00+00:00,141.735,141.778,140.876,141.542,226902
2023-07-25 00:00:00+00:00,141.561,141.703,140.855,140.905,209102
2023-07-26 00:00:00+00:00,140.97,141.186,139.972,140.371,244281
2023-07-27 00:00:00+00:00,140.336,141.277,138.731,138.869,294093
2023-07-28 00:00:00+00:00,138.846,141.175,138.089,141.14,309212
2023-07-30 00:00:00+00:00,140.646,141.095,140.646,140.754,8598
2023-07-31 00:00:00+00:00,140.802,142.656,140.691,142.325,260352
2023-08-01 00:00:00+00:00,142.356,143.535,142.293,142.963,246341
2023-08-02 00:00:00+00:00,143.003,143.454,142.256,143.357,259182
2023-08-03 00:00:00+00:00,143.367,143.873,142.083,142.606,281390
2023-08-04 00:00:00+00:00,142.616,142.867,141.549,141.75,256496
2023-08-06 00:00:00+00:00,141.758,141.932,141.649,141.871,7567
2023-08-07 00:00:00+00:00,141.865,142.561,141.553,142.538,221136
2023-08-08 00:00:00+00:00,142.566,143.483,142.566,143.257,260960
2023-08-09 00:00:00+00:00,143.222,143.757,143.009,143.719,216484
2023-08-10 00:00:00+00:00,143.743,144.863,143.368,144.851,247129
2023-08-11 00:00:00+00:00,144.877,144.99,144.434,144.9,223230
2023-08-13 00:00:00+00:00,144.526,144.986,144.526,144.849,6886
2023-08-14 00:00:00+00:00,144.842,145.564,144.747,145.437,225659
2023-08-15 00:00:00+00:00,145.454,145.862,145.109,145.618,236283
2023-08-16 00:00:00+00:00,145.574,146.401,145.313,146.331,235467
2023-08-17 00:00:00+00:00,146.362,146.534,145.587,145.712,241322
2023-08-18 00:00:00+00:00,145.68,145.775,144.948,145.41,227673
2023-08-20 00:00:00+00:00,145.197,145.469,145.189,145.323,4163
2023-08-21 00:00:00+00:00,145.311,146.391,145.146,146.244,134305
2023-08-22 00:00:00+00:00,146.271,146.385,145.502,145.775,133357
2023-08-23 00:00:00+00:00,145.788,145.812,144.547,144.676,144830
2023-08-24 00:00:00+00:00,144.701,146.063,144.621,146.047,143499
2023-08-25 00:00:00+00:00,146.019,146.604,145.774,146.43,144017
2023-08-27 00:00:00+00:00,146.266,146.607,146.229,146.544,4862
2023-08-28 00:00:00+00:00,146.537,146.713,146.279,146.463,188023
2023-08-29 00:00:00+00:00,146.469,147.345,145.679,145.982,225657
2023-08-30 00:00:00+00:00,145.986,146.525,145.567,146.086,214095
2023-08-31 00:00:00+00:00,146.083,146.192,145.355,145.484,222886
2023-09-01 00:00:00+00:00,145.478,146.288,144.501,146.199,196486
2023-09-03 00:00:00+00:00,146.199,146.199,146.199,146.199,1
2023-09-04 00:00:00+00:00,146.093,146.551,146.081,146.538,114263
2023-09-05 00:00:00+00:00,146.529,147.784,146.496,147.459,197693
2023-09-06 00:00:00+00:00,147.484,147.792,147.139,147.709,180092
2023-09-07 00:00:00+00:00,147.709,147.866,147.051,147.336,164131
2023-09-08 00:00:00+00:00,147.347,147.865,146.707,147.78,182889
2023-09-10 00:00:00+00:00,146.621,147.262,146.618,147.121,8714
2023-09-11 00:00:00+00:00,147.088,147.088,145.922,146.673,222802
2023-09-12 00:00:00+00:00,146.701,147.219,146.48,147.16,185486
2023-09-13 00:00:00+00:00,147.148,147.618,147.12,147.33,226578
2023-09-14 00:00:00+00:00,147.352,147.545,147.027,147.463,207026
2023-09-15 00:00:00+00:00,147.441,147.947,147.34,147.77,190926
2023-09-17 00:00:00+00:00,147.546,147.87,147.54,147.862,3723
2023-09-18 00:00:00+00:00,147.859,147.867,147.547,147.613,171278
2023-09-19 00:00:00+00:00,147.584,147.91,147.516,147.757,174857
2023-09-20 00:00:00+00:00,147.757,148.358,147.477,148.321,210975
2023-09-21 00:00:00+00:00,148.35,148.44,147.324,147.645,204488
2023-09-22 00:00:00+00:00,147.672,148.411,147.529,148.28,211762
2023-09-24 00:00:00+00:00,148.182,148.433,148.182,148.429,5752
2023-09-25 00:00:00+00:00,148.426,148.952,148.302,148.823,175881
2023-09-26 00:00:00+00:00,148.801,149.179,148.712,149.053,193800
2023-09-27 00:00:00+00:00,148.982,149.705,148.863,149.492,192544
2023-09-28 00:00:00+00:00,149.469,149.538,149.164,149.338,208956
2023-09-29 00:00:00+00:00,149.327,149.485,148.534,149.37,206852
2023-10-01 00:00:00+00:00,149.519,149.625,149.457,149.53,5533
2023-10-02 00:00:00+00:00,149.506,149.869,149.462,149.858,172621
2023-10-03 00:00:00+00:00,149.852,150.145,148.713,149.175,225062
2023-10-04 00:00:00+00:00,149.156,149.311,148.75,148.98,231579
2023-10-05 00:00:00+00:00,148.973,149.101,148.307,148.468,226548
2023-10-06 00:00:00+00:00,148.477,149.488,148.465,149.22,203783
2023-10-08 00:00:00+00:00,149.022,149.229,148.998,149.149,9723
2023-10-09 00:00:00+00:00,149.161,149.218,148.291,148.33,195646
2023-10-10 00:00:00+00:00,148.281,149.093,148.186,148.622,208067
2023-10-11 00:00:00+00:00,148.621,149.309,148.431,149.033,204421
2023-10-12 00:00:00+00:00,149.04,149.825,148.958,149.783,202691
2023-10-13 00:00:00+00:00,149.758,149.827,149.455,149.555,192888
2023-10-15 00:00:00+00:00,149.427,149.626,149.276,149.558,6041
2023-10-16 00:00:00+00:00,149.515,149.754,149.373,149.582,172583
2023-10-17 00:00:00+00:00,149.588,149.845,149.33,149.759,178115
2023-10-18 00:00:00+00:00,149.766,149.931,149.537,149.771,168399
2023-10-19 00:00:00+00:00,149.731,149.931,149.679,149.801,174369
2023-10-20 00:00:00+00:00,149.811,149.992,149.779,149.85,150554
2023-10-22 00:00:00+00:00,149.858,149.883,149.813,149.883,2548
2023-10-23 00:00:00+00:00,149.853,149.985,149.555,149.778,141183
2023-10-24 00:00:00+00:00,149.764,149.921,149.336,149.857,155805
2023-10-25 00:00:00+00:00,149.857,150.308,149.792,150.096,140768
2023-10-26 00:00:00+00:00,150.076,150.773,150.044,150.361,176186
2023-10-27 00:00:00+00:00,150.366,150.41,149.461,149.667,148632
2023-10-29 00:00:00+00:00,149.495,149.757,149.401,149.733,3313
2023-10-30 00:00:00+00:00,149.722,149.846,148.814,149.098,144245
2023-10-31 00:00:00+00:00,149.132,151.707,149.132,151.321,198566
2023-11-01 00:00:00+00:00,151.311,151.432,150.574,150.574,172574
2023-11-02 00:00:00+00:00,150.546,150.588,149.852,150.49,167115
2023-11-03 00:00:00+00:00,150.482,150.494,149.252,149.365,149249
2023-11-05 00:00:00+00:00,149.187,149.471,149.166,149.45,1888
2023-11-06 00:00:00+00:00,149.461,150.077,149.381,149.984,146698
2023-11-07 00:00:00+00:00,149.997,150.687,149.97,150.397,151578
2023-11-08 00:00:00+00:00,150.4,151.051,150.352,150.85,151899
2023-11-09 00:00:00+00:00,150.852,151.382,150.799,151.344,158212
2023-11-10 00:00:00+00:00,151.371,151.598,151.225,151.52,142823
2023-11-12 00:00:00+00:00,151.374,151.503,151.359,151.459,1613
2023-11-13 00:00:00+00:00,151.475,151.904,151.238,151.646,129523
2023-11-14 00:00:00+00:00,151.628,151.778,150.159,150.486,150097
2023-11-15 00:00:00+00:00,150.472,151.416,150.26,151.206,160395
2023-11-16 00:00:00+00:00,151.219,151.42,150.295,150.706,154165
2023-11-17 00:00:00+00:00,150.665,150.769,149.216,149.53,167966
2023-11-19 00:00:00+00:00,149.524,149.958,149.487,149.957,2130
2023-11-20 00:00:00+00:00,149.936,149.969,148.107,148.383,187918
2023-11-21 00:00:00+00:00,148.385,148.581,147.169,148.149,201593
2023-11-22 00:00:00+00:00,148.109,149.744,148.09,149.46,184384
2023-11-23 00:00:00+00:00,149.421,149.68,148.888,149.638,132621
2023-11-24 00:00:00+00:00,149.633,149.699,149.199,149.46,143178
2023-11-26 00:00:00+00:00,149.328,149.584,149.328,149.574,2076
2023-11-27 00:00:00+00:00,149.54,149.656,148.369,148.415,181333
2023-11-28 00:00:00+00:00,148.361,148.796,147.026,147.066,202759
2023-11-29 00:00:00+00:00,147.03,147.887,146.7,147.053,225121
2023-11-30 00:00:00+00:00,147.105,148.46,146.886,148.0,215858
2023-12-01 00:00:00+00:00,148.012,148.31,146.689,146.81,214885
2023-12-02 00:00:00+00:00,146.82,146.82,146.82,146.82,1
2023-12-03 00:00:00+00:00,146.711,146.778,146.264,146.36,5395
2023-12-04 00:00:00+00:00,146.343,147.441,146.255,147.306,216735
2023-12-05 00:00:00+00:00,147.322,147.375,146.591,147.185,211907
2023-12-06 00:00:00+00:00,147.19,147.487,146.906,147.184,193584
2023-12-07 00:00:00+00:00,147.146,147.178,142.262,144.233,265547
2023-12-08 00:00:00+00:00,144.215,145.15,142.53,144.859,252156
2023-12-10 00:00:00+00:00,144.607,145.045,144.607,144.984,3664
2023-12-11 00:00:00+00:00,144.937,146.554,144.903,146.048,208716
2023-12-12 00:00:00+00:00,146.021,146.116,144.802,145.292,208051
2023-12-13 00:00:00+00:00,145.337,145.977,142.088,142.791,237548
2023-12-14 00:00:00+00:00,142.84,142.868,141.047,142.275,292509
2023-12-15 00:00:00+00:00,142.224,142.448,141.469,142.12,240346
2023-12-16 00:00:00+00:00,142.11,142.11,142.11,142.11,1
2023-12-17 00:00:00+00:00,141.946,142.351,141.85,142.313,2688
2023-12-18 00:00:00+00:00,142.319,143.127,142.076,142.687,200766
2023-12-19 00:00:00+00:00,142.653,144.932,142.266,143.916,227448
2023-12-20 00:00:00+00:00,143.92,144.07,143.302,143.527,219664
2023-12-21 00:00:00+00:00,143.515,143.546,142.012,142.072,218210
2023-12-22 00:00:00+00:00,141.963,142.648,141.883,142.39,197953
2023-12-24 00:00:00+00:00,142.351,142.351,142.301,142.342,4
2023-12-25 00:00:00+00:00,142.394,142.48,142.127,142.244,14782
2023-12-26 00:00:00+00:00,142.241,142.621,142.109,142.485,128239
2023-12-27 00:00:00+00:00,142.497,142.832,141.393,141.442,180240
2023-12-28 00:00:00+00:00,141.444,141.655,140.29,141.44,200565
2023-12-29 00:00:00+00:00,141.477,141.899,140.803,141.026,181393
2023-12-31 00:00:00+00:00,140.952,140.952,140.952,140.952,1
2024-01-01 00:00:00+00:00,141.02,141.173,140.607,141.114,18904
2024-01-02 00:00:00+00:00,141.121,142.186,141.107,142.176,208343
2024-01-03 00:00:00+00:00,142.15,143.719,141.871,142.999,215640
2024-01-04 00:00:00+00:00,143.002,144.831,142.872,144.774,209903
2024-01-05 00:00:00+00:00,144.81,145.965,143.844,144.616,218694
2024-01-07 00:00:00+00:00,144.56,144.906,144.483,144.716,2117
2024-01-08 00:00:00+00:00,144.751,144.793,143.668,144.217,210325
2024-01-09 00:00:00+00:00,144.247,144.613,143.453,144.429,217417
2024-01-10 00:00:00+00:00,144.461,145.811,144.447,145.728,197964
2024-01-11 00:00:00+00:00,145.768,146.364,144.945,145.102,179555
2024-01-12 00:00:00+00:00,145.113,145.514,144.37,144.81,210028
2024-01-14 00:00:00+00:00,144.814,145.166,144.814,145.148,1944
2024-01-15 00:00:00+00:00,145.14,145.936,144.943,145.788,154344
2024-01-16 00:00:00+00:00,145.783,147.3,145.588,147.247,226971
2024-01-17 00:00:00+00:00,147.292,148.503,147.123,148.137,225859
2024-01-18 00:00:00+00:00,148.153,148.299,147.667,148.119,219245
2024-01-19 00:00:00+00:00,148.13,148.781,147.85,148.09,202914
2024-01-21 00:00:00+00:00,148.257,148.257,148.08,148.121,2458
2024-01-22 00:00:00+00:00,148.122,148.276,147.641,148.143,200010
2024-01-23 00:00:00+00:00,148.164,148.692,147.024,148.245,210993
2024-01-24 00:00:00+00:00,148.213,148.238,146.678,147.583,219349
2024-01-25 00:00:00+00:00,147.582,147.873,147.109,147.722,207030
2024-01-26 00:00:00+00:00,147.733,148.182,147.508,148.156,187261
2024-01-28 00:00:00+00:00,148.096,148.177,148.016,148.177,2593
2024-01-29 00:00:00+00:00,148.181,148.321,147.255,147.487,179974
2024-01-30 00:00:00+00:00,147.444,147.903,147.109,147.335,190622
2024-01-31 00:00:00+00:00,147.349,147.889,146.022,147.005,249696
2024-02-01 00:00:00+00:00,147.009,147.06,145.925,146.457,79677
2024-02-02 00:00:00+00:00,146.46,148.563,146.246,148.371,206102
2024-02-04 00:00:00+00:00,148.36,148.66,148.314,148.505,3174
2024-02-05 00:00:00+00:00,148.535,148.879,148.281,148.66,200419
2024-02-06 00:00:00+00:00,148.644,148.78,147.76,147.816,206353
2024-02-07 00:00:00+00:00,147.857,148.245,147.663,148.088,206325
2024-02-08 00:00:00+00:00,148.065,149.478,147.936,149.264,213652
2024-02-09 00:00:00+00:00,149.245,149.568,149.058,149.274,187576
2024-02-11 00:00:00+00:00,149.202,149.242,149.135,149.175,2848
2024-02-12 00:00:00+00:00,149.15,149.471,148.925,149.407,177767
2024-02-13 00:00:00+00:00,149.415,150.874,149.285,150.72,202445
2024-02-14 00:00:00+00:00,150.702,150.77,150.361,150.559,202259
2024-02-15 00:00:00+00:00,150.539,150.545,149.752,149.958,205017
2024-02-16 00:00:00+00:00,149.944,150.638,149.928,150.196,192156
2024-02-18 00:00:00+00:00,150.105,150.139,150.039,150.139,2172
2024-02-19 00:00:00+00:00,150.126,150.296,149.883,150.27,131237
2024-02-20 00:00:00+00:00,150.25,150.433,149.697,149.965,184986
2024-02-21 00:00:00+00:00,149.965,150.385,149.857,150.344,193905
2024-02-22 00:00:00+00:00,150.358,150.672,150.016,150.47,209628
2024-02-23 00:00:00+00:00,150.456,150.764,150.306,150.51,175534
2024-02-25 00:00:00+00:00,150.414,150.546,150.32,150.497,2738
2024-02-26 00:00:00+00:00,150.463,150.835,150.297,150.57,186125
2024-02-27 00:00:00+00:00,150.567,150.605,150.129,150.514,175466
2024-02-28 00:00:00+00:00,150.513,150.838,150.374,150.66,190382
2024-02-29 00:00:00+00:00,150.64,150.64,149.216,150.066,224516
2024-03-01 00:00:00+00:00,150.091,150.698,150.064,150.12,200854
2024-03-03 00:00:00+00:00,149.948,150.144,149.948,150.127,2012
2024-03-04 00:00:00+00:00,150.131,150.566,149.855,150.45,168046
2024-03-05 00:00:00+00:00,150.453,150.541,149.733,150.051,182622
2024-03-06 00:00:00+00:00,150.012,150.076,149.107,149.261,194933
2024-03-07 00:00:00+00:00,149.231,149.231,147.58,147.864,223817
2024-03-08 00:00:00+00:00,147.877,148.099,146.496,147.05,214302
2024-03-10 00:00:00+00:00,146.993,147.116,146.71,146.794,4376
2024-03-11 00:00:00+00:00,146.827,147.124,146.495,146.732,180653
2024-03-12 00:00:00+00:00,146.687,147.955,146.647,147.62,191868
2024-03-13 00:00:00+00:00,147.601,148.021,147.252,147.589,179336
2024-03-14 00:00:00+00:00,147.585,148.351,147.506,148.301,184782
2024-03-15 00:00:00+00:00,148.337,149.156,148.056,149.041,172834
2024-03-17 00:00:00+00:00,149.086,149.086,148.936,148.954,3895
2024-03-18 00:00:00+00:00,148.944,149.324,148.915,149.154,151862
2024-03-19 00:00:00+00:00,149.14,151.05,149.117,151.021,185228
2024-03-20 00:00:00+00:00,151.047,151.791,150.705,150.736,193598
2024-03-21 00:00:00+00:00,150.747,151.741,150.272,151.634,196476
2024-03-22 00:00:00+00:00,151.629,151.843,151.029,151.413,172373
2024-03-24 00:00:00+00:00,151.383,151.427,151.088,151.31,3691
2024-03-25 00:00:00+00:00,151.339,151.537,151.058,151.378,146314
2024-03-26 00:00:00+00:00,151.376,151.591,151.219,151.522,147518
2024-03-27 00:00:00+00:00,151.533,151.943,151.038,151.292,170318
2024-03-28 00:00:00+00:00,151.302,151.538,151.152,151.439,150938
2024-03-29 00:00:00+00:00,151.44,151.489,151.169,151.34,67480
2024-03-31 00:00:00+00:00,151.297,151.421,151.216,151.4,3916
2024-04-01 00:00:00+00:00,151.42,151.755,151.258,151.588,125419
2024-04-02 00:00:00+00:00,151.579,151.787,151.478,151.543,136491
2024-04-03 00:00:00+00:00,151.509,151.948,151.459,151.58,140150
2024-04-04 00:00:00+00:00,151.575,151.763,151.126,151.295,148923
2024-04-05 00:00:00+00:00,151.289,151.742,150.854,151.6,156355
2024-04-07 00:00:00+00:00,151.662,151.708,151.621,151.677,3547
2024-04-08 00:00:00+00:00,151.692,151.933,151.677,151.831,131149
2024-04-09 00:00:00+00:00,151.827,151.93,151.578,151.777,128345
2024-04-10 00:00:00+00:00,151.761,153.174,151.683,152.949,150292
2024-04-11 00:00:00+00:00,152.975,153.309,152.767,153.191,173668
2024-04-12 00:00:00+00:00,153.229,153.38,152.617,153.27,166430
2024-04-14 00:00:00+00:00,153.156,153.302,153.108,153.302,4318
2024-04-15 00:00:00+00:00,153.298,154.435,153.286,154.227,180586
2024-04-16 00:00:00+00:00,154.193,154.778,154.148,154.699,178620
2024-04-17 00:00:00+00:00,154.699,154.728,154.169,154.338,159383
2024-04-18 00:00:00+00:00,154.335,154.674,153.998,154.608,157573
2024-04-19 00:00:00+00:00,154.614,154.661,153.617,154.62,185827
2024-04-21 00:00:00+00:00,154.671,154.671,154.497,154.632,2928
2024-04-22 00:00:00+00:00,154.635,154.843,154.589,154.814,127825
2024-04-23 00:00:00+00:00,154.822,154.87,154.592,154.746,138898
2024-04-24 00:00:00+00:00,154.756,155.359,154.739,155.268,115741
2024-04-25 00:00:00+00:00,155.283,155.735,155.26,155.619,149561
2024-04-26 00:00:00+00:00,155.629,158.391,155.496,158.05,157641
2024-04-28 00:00:00+00:00,157.795,158.335,157.795,158.193,3174
2024-04-29 00:00:00+00:00,158.18,159.956,154.542,156.329,183415
2024-04-30 00:00:00+00:00,156.268,157.85,156.204,157.741,143755
2024-05-01 00:00:00+00:00,157.702,157.982,153.088,155.263,111699
2024-05-02 00:00:00+00:00,156.116,156.116,152.878,153.137,154775
2024-05-03 00:00:00+00:00,153.071,153.41,151.885,153.053,148171
2024-05-05 00:00:00+00:00,153.04,153.673,152.78,153.651,2811
2024-05-06 00:00:00+00:00,153.68,153.985,153.325,153.875,115757
2024-05-07 00:00:00+00:00,154.085,154.831,153.884,154.773,127358
2024-05-08 00:00:00+00:00,154.828,155.655,154.694,155.377,122385
2024-05-09 00:00:00+00:00,155.392,155.947,155.221,155.393,119286
2024-05-10 00:00:00+00:00,155.395,155.887,155.381,155.772,106875
2024-05-12 00:00:00+00:00,155.632,155.85,155.632,155.828,2364
2024-05-13 00:00:00+00:00,155.826,156.275,155.601,156.227,101865
2024-05-14 00:00:00+00:00,156.234,156.671,156.234,156.517,99981
2024-05-15 00:00:00+00:00,156.531,156.553,154.147,154.297,144646
2024-05-16 00:00:00+00:00,154.397,155.514,153.604,155.396,149125
2024-05-17 00:00:00+00:00,155.375,155.975,155.27,155.67,106782
2024-05-19 00:00:00+00:00,155.524,155.818,155.498,155.762,3016
2024-05-20 00:00:00+00:00,155.769,156.4,155.514,156.4,103360
2024-05-21 00:00:00+00:00,156.396,156.524,155.871,156.266,119640
2024-05-22 00:00:00+00:00,156.253,156.831,156.147,156.732,113576
2024-05-23 00:00:00+00:00,156.733,157.163,156.529,156.99,121382
2024-05-24 00:00:00+00:00,156.935,157.137,156.831,156.994,94975
2024-05-26 00:00:00+00:00,156.967,156.967,156.789,156.86,2771
2024-05-27 00:00:00+00:00,156.841,156.955,156.676,156.835,70695
2024-05-28 00:00:00+00:00,156.827,157.28,156.612,157.273,105349
2024-05-29 00:00:00+00:00,157.274,157.704,157.017,157.627,112310
2024-05-30 00:00:00+00:00,157.606,157.606,156.427,156.985,131611
2024-05-31 00:00:00+00:00,156.993,157.36,156.57,157.267,131611
2024-06-02 00:00:00+00:00,157.135,157.323,157.126,157.18,3075
2024-06-03 00:00:00+00:00,157.203,157.451,155.973,156.088,135472
2024-06-04 00:00:00+00:00,156.003,156.481,154.548,155.113,160934
2024-06-05 00:00:00+00:00,155.164,156.475,155.164,155.913,146169
2024-06-06 00:00:00+00:00,155.892,156.392,155.407,155.675,143142
2024-06-07 00:00:00+00:00,155.71,157.066,155.142,156.644,141486
2024-06-09 00:00:00+00:00,156.8,156.92,156.691,156.824,3913
2024-06-10 00:00:00+00:00,156.848,157.186,156.723,157.04,127208
2024-06-11 00:00:00+00:00,157.058,157.388,156.811,157.113,123356
2024-06-12 00:00:00+00:00,157.126,157.365,155.729,156.797,147531
2024-06-13 00:00:00+00:00,156.788,157.297,156.587,157.12,137312
2024-06-14 00:00:00+00:00,157.136,158.243,156.9,157.31,161880
2024-06-16 00:00:00+00:00,157.33,157.632,157.316,157.552,3889
2024-06-17 00:00:00+00:00,157.492,157.953,157.17,157.697,111087
2024-06-18 00:00:00+00:00,157.682,158.228,157.521,157.858,118208
2024-06-19 00:00:00+00:00,157.881,158.086,157.612,157.955,71999
2024-06-20 00:00:00+00:00,157.966,158.99,157.966,158.937,87794
2024-06-21 00:00:00+00:00,158.957,159.815,158.685,159.746,80663
2024-06-23 00:00:00+00:00,159.668,159.896,159.654,159.896,3771
2024-06-24 00:00:00+00:00,159.913,159.913,159.048,159.699,115859
2024-06-25 00:00:00+00:00,159.67,159.749,159.247,159.703,107714
2024-06-26 00:00:00+00:00,159.675,160.865,159.663,160.628,120737
2024-06-27 00:00:00+00:00,160.618,160.817,160.315,160.696,113840
2024-06-28 00:00:00+00:00,160.696,161.238,160.277,160.874,131798
2024-06-30 00:00:00+00:00,160.694,160.922,160.694,160.92,3712
2024-07-01 00:00:00+00:00,160.909,161.715,160.818,161.506,109026
2024-07-02 00:00:00+00:00,161.542,161.73,161.284,161.495,105008
2024-07-03 00:00:00+00:00,161.453,161.942,160.87,161.586,100342
2024-07-04 00:00:00+00:00,161.56,161.575,160.955,161.358,89967
2024-07-05 00:00:00+00:00,161.374,161.374,160.46,160.72,127932
2024-07-07 00:00:00+00:00,160.727,160.806,160.586,160.636,3820
2024-07-08 00:00:00+00:00,160.637,161.104,160.276,160.857,114113
2024-07-09 00:00:00+00:00,160.817,161.495,160.747,161.326,106138
2024-07-10 00:00:00+00:00,161.309,161.799,161.309,161.594,97217
2024-07-11 00:00:00+00:00,161.565,161.747,157.474,158.277,135895
2024-07-12 00:00:00+00:00,158.498,159.376,157.379,157.799,146245
2024-07-14 00:00:00+00:00,158.078,158.402,158.078,158.282,4342
2024-07-15 00:00:00+00:00,158.248,158.36,157.381,158.149,126140
2024-07-16 00:00:00+00:00,158.128,158.841,158.113,158.345,118882
2024-07-17 00:00:00+00:00,158.357,158.377,155.39,155.671,155633
2024-07-18 00:00:00+00:00,155.646,157.392,155.504,157.176,163939
2024-07-19 00:00:00+00:00,157.171,157.855,156.978,157.43,120448
2024-07-21 00:00:00+00:00,157.319,157.5,157.158,157.422,4298
2024-07-22 00:00:00+00:00,157.395,157.605,156.299,156.902,141603
2024-07-23 00:00:00+00:00,156.841,156.871,155.548,155.76,156918
2024-07-24 00:00:00+00:00,155.842,155.979,153.111,153.914,189630
2024-07-25 00:00:00+00:00,153.94,154.289,151.967,153.699,209724
2024-07-26 00:00:00+00:00,153.719,154.731,153.262,153.755,163044
2024-07-28 00:00:00+00:00,153.668,154.208,153.668,154.141,7359
2024-07-29 00:00:00+00:00,154.128,154.336,153.061,153.834,172030
2024-07-30 00:00:00+00:00,153.793,155.19,152.434,152.655,188991
2024-07-31 00:00:00+00:00,152.572,153.629,149.625,149.784,233984
2024-08-01 00:00:00+00:00,149.592,150.855,148.505,149.206,237387
2024-08-02 00:00:00+00:00,149.153,149.75,146.424,146.546,221395
2024-08-04 00:00:00+00:00,146.428,146.54,145.38,145.585,11014
2024-08-05 00:00:00+00:00,145.589,145.918,141.697,145.79,259976
2024-08-06 00:00:00+00:00,145.942,146.298,144.063,144.726,249586
2024-08-07 00:00:00+00:00,144.729,147.822,144.554,146.272,234444
2024-08-08 00:00:00+00:00,146.164,147.736,145.468,147.688,245711
2024-08-09 00:00:00+00:00,147.708,147.708,146.312,146.616,191084
2024-08-11 00:00:00+00:00,146.4,147.105,146.361,147.068,6348
2024-08-12 00:00:00+00:00,147.053,148.204,146.699,147.018,174754
2024-08-13 00:00:00+00:00,147.06,147.931,146.603,146.937,192316
2024-08-14 00:00:00+00:00,146.925,147.549,146.078,147.269,191539
2024-08-15 00:00:00+00:00,147.297,149.368,147.057,149.225,170349
2024-08-16 00:00:00+00:00,149.231,149.231,147.574,147.64,162034
2024-08-18 00:00:00+00:00,147.545,148.044,147.525,147.956,5140
2024-08-19 00:00:00+00:00,147.933,147.959,145.225,146.706,198083
2024-08-20 00:00:00+00:00,146.646,147.319,144.936,145.317,191818
2024-08-21 00:00:00+00:00,145.289,146.318,144.461,145.121,209579
2024-08-22 00:00:00+00:00,145.069,146.479,144.951,146.206,190545
2024-08-23 00:00:00+00:00,146.256,146.473,144.054,144.3,191846
2024-08-25 00:00:00+00:00,144.237,144.327,143.567,143.917,8153
2024-08-26 00:00:00+00:00,144.003,144.646,143.462,144.505,181736
2024-08-27 00:00:00+00:00,144.536,145.154,143.69,143.964,181570
2024-08-28 00:00:00+00:00,143.977,145.027,143.914,144.433,184357
2024-08-29 00:00:00+00:00,144.384,145.528,144.284,144.89,190186
2024-08-30 00:00:00+00:00,144.869,146.242,144.688,146.177,158267
2024-09-01 00:00:00+00:00,145.902,146.588,145.902,146.396,5181
2024-09-02 00:00:00+00:00,146.411,147.12,145.796,146.749,127107
2024-09-03 00:00:00+00:00,146.809,147.187,145.116,145.36,210052
2024-09-04 00:00:00+00:00,145.414,145.536,143.186,143.325,216885
2024-09-05 00:00:00+00:00,143.361,144.2,142.853,143.379,212476
2024-09-06 00:00:00+00:00,143.318,143.848,141.759,142.274,211040
2024-09-08 00:00:00+00:00,142.044,142.496,141.944,142.485,7258
2024-09-09 00:00:00+00:00,142.538,143.786,142.444,143.176,194461
2024-09-10 00:00:00+00:00,143.141,143.676,142.212,142.228,189369
2024-09-11 00:00:00+00:00,142.152,142.667,140.717,142.632,232969
2024-09-12 00:00:00+00:00,142.645,143.011,141.439,141.512,223554
2024-09-13 00:00:00+00:00,141.487,141.522,140.356,140.827,191914
2024-09-15 00:00:00+00:00,140.666,140.886,140.46,140.841,5357
2024-09-16 00:00:00+00:00,140.803,141.122,139.586,140.79,185842
2024-09-17 00:00:00+00:00,140.801,142.442,140.323,142.002,199202
2024-09-18 00:00:00+00:00,141.981,142.721,140.474,142.696,204074
2024-09-19 00:00:00+00:00,142.804,143.931,142.068,142.858,225324
2024-09-20 00:00:00+00:00,142.846,144.476,141.764,143.911,192047
2024-09-22 00:00:00+00:00,143.878,144.073,143.715,144.073,5222
2024-09-23 00:00:00+00:00,144.033,144.439,143.2,143.628,189107
2024-09-24 00:00:00+00:00,143.557,144.665,142.923,142.947,189371
2024-09-25 00:00:00+00:00,142.939,144.836,142.92,144.714,161617
2024-09-26 00:00:00+00:00,144.642,145.186,144.118,145.076,126473
2024-09-27 00:00:00+00:00,145.039,146.453,142.077,142.139,207366
2024-09-29 00:00:00+00:00,142.141,142.926,142.115,142.784,6374
2024-09-30 00:00:00+00:00,142.792,143.894,141.656,143.711,197379
2024-10-01 00:00:00+00:00,143.765,144.498,143.023,143.726,212447
2024-10-02 00:00:00+00:00,143.745,146.744,143.532,146.574,189819
2024-10-03 00:00:00+00:00,146.517,147.21,146.333,146.841,185106
2024-10-04 00:00:00+00:00,146.874,148.986,145.941,148.716,177089
2024-10-06 00:00:00+00:00,148.635,149.092,148.635,148.788,6309
2024-10-07 00:00:00+00:00,148.764,148.768,147.69,148.126,197992
2024-10-08 00:00:00+00:00,148.156,148.372,147.383,148.139,178256
2024-10-09 00:00:00+00:00,148.161,149.359,148.03,149.163,148303
2024-10-10 00:00:00+00:00,149.109,149.502,148.415,148.704,171207
2024-10-11 00:00:00+00:00,148.728,149.263,148.399,149.013,126524
2024-10-13 00:00:00+00:00,149.14,149.14,149.14,149.14,1
2024-10-14 00:00:00+00:00,149.292,149.98,149.146,149.713,107643
2024-10-15 00:00:00+00:00,149.676,149.74,148.848,149.079,149884
2024-10-16 00:00:00+00:00,149.068,149.799,148.936,149.551,138380
2024-10-17 00:00:00+00:00,149.535,150.316,149.254,150.091,143560
2024-10-18 00:00:00+00:00,150.103,150.144,149.361,149.524,128957
2024-10-20 00:00:00+00:00,149.52,149.629,149.498,149.597,2897
2024-10-21 00:00:00+00:00,149.597,150.88,149.096,150.616,133433
2024-10-22 00:00:00+00:00,150.613,151.184,150.506,151.154,146355
2024-10-23 00:00:00+00:00,151.174,153.167,151.174,152.769,158985
2024-10-24 00:00:00+00:00,152.683,152.768,151.565,151.783,170027
2024-10-25 00:00:00+00:00,151.749,152.374,151.492,152.229,143530
2024-10-27 00:00:00+00:00,153.131,153.137,152.669,152.945,5935
2024-10-28 00:00:00+00:00,152.926,153.863,152.412,153.133,138353
2024-10-29 00:00:00+00:00,153.072,153.84,152.768,153.268,159952
2024-10-30 00:00:00+00:00,153.276,153.464,152.799,153.239,162549
2024-10-31 00:00:00+00:00,153.205,153.579,151.788,151.98,180241
2024-11-01 00:00:00+00:00,152.003,153.082,151.834,152.983,159183
2024-11-03 00:00:00+00:00,152.173,152.519,152.173,152.287,3612
2024-11-04 00:00:00+00:00,152.264,152.281,151.548,152.281,149441
2024-11-05 00:00:00+00:00,152.17,152.531,151.361,151.421,147550
2024-11-06 00:00:00+00:00,151.434,154.691,151.347,154.315,248679
2024-11-07 00:00:00+00:00,154.325,154.7,152.724,153.169,192592
2024-11-08 00:00:00+00:00,153.156,153.352,152.174,152.626,172106
2024-11-10 00:00:00+00:00,152.663,152.94,152.622,152.905,2297
2024-11-11 00:00:00+00:00,152.977,153.944,152.872,153.51,128764
2024-11-12 00:00:00+00:00,153.53,154.914,153.411,154.653,156638
2024-11-13 00:00:00+00:00,154.708,155.623,154.35,155.426,170389
2024-11-14 00:00:00+00:00,155.506,156.507,155.506,156.475,162602
2024-11-15 00:00:00+00:00,156.534,156.746,153.864,154.28,177274
2024-11-17 00:00:00+00:00,154.28,154.737,154.271,154.641,3242
2024-11-18 00:00:00+00:00,154.526,155.341,153.86,154.615,167329
2024-11-19 00:00:00+00:00,154.551,154.781,153.397,154.716,187637
2024-11-20 00:00:00+00:00,154.679,155.876,154.612,155.275,148967
2024-11-21 00:00:00+00:00,155.204,155.252,153.956,154.153,187112
2024-11-22 00:00:00+00:00,154.122,154.979,153.997,154.758,175582
2024-11-25 00:00:00+00:00,153.936,154.482,153.638,154.378,73670
2024-11-26 00:00:00+00:00,154.367,154.375,152.929,152.929,189980
2024-11-27 00:00:00+00:00,152.877,153.003,150.518,151.332,191515
2024-11-28 00:00:00+00:00,151.379,151.941,150.988,151.179,115521
2024-11-29 00:00:00+00:00,151.179,151.179,149.46,149.724,170731
2024-12-01 00:00:00+00:00,149.594,150.045,149.486,149.852,3290
2024-12-02 00:00:00+00:00,149.897,150.741,149.146,149.516,173571
2024-12-03 00:00:00+00:00,149.575,150.205,148.649,149.612,170624
2024-12-04 00:00:00+00:00,149.651,151.207,149.527,150.546,181525
2024-12-05 00:00:00+00:00,150.502,150.681,149.654,150.12,165641
2024-12-06 00:00:00+00:00,150.168,150.683,149.404,150.002,157491
2024-12-08 00:00:00+00:00,149.741,150.035,149.741,149.887,2347
2024-12-09 00:00:00+00:00,149.821,151.42,149.703,151.393,133417
2024-12-10 00:00:00+00:00,151.376,152.157,150.9,151.833,148461
2024-12-11 00:00:00+00:00,151.829,152.762,151.32,152.255,163955
2024-12-12 00:00:00+00:00,152.279,152.762,151.838,152.588,160904
2024-12-13 00:00:00+00:00,152.673,153.759,152.649,153.696,119482
2024-12-15 00:00:00+00:00,153.619,153.673,153.429,153.451,2394
2024-12-16 00:00:00+00:00,153.429,154.471,153.323,154.093,120758
2024-12-17 00:00:00+00:00,154.049,154.339,153.16,153.569,142670
2024-12-18 00:00:00+00:00,153.544,154.84,153.341,154.659,146305
2024-12-19 00:00:00+00:00,154.709,157.788,154.469,157.645,181395
2024-12-20 00:00:00+00:00,157.697,157.91,155.954,156.406,170936
2024-12-22 00:00:00+00:00,156.29,156.56,156.29,156.56,2506
2024-12-23 00:00:00+00:00,156.547,157.256,156.339,157.171,122846
2024-12-24 00:00:00+00:00,157.16,157.379,156.9,157.104,85904
2024-12-25 00:00:00+00:00,157.097,157.4,147.285,157.116,8752
2024-12-26 00:00:00+00:00,157.113,158.069,157.075,157.757,91047
2024-12-27 00:00:00+00:00,157.772,157.94,157.354,157.82,111686
2024-12-29 00:00:00+00:00,157.66,157.896,157.654,157.896,1605
2024-12-30 00:00:00+00:00,157.854,158.036,156.692,156.996,109809
2024-12-31 00:00:00+00:00,157.032,157.541,156.027,157.334,105095
2025-01-01 00:00:00+00:00,157.195,157.746,157.093,157.702,4064
2025-01-02 00:00:00+00:00,157.709,157.83,156.452,157.35,135496
2025-01-03 00:00:00+00:00,157.359,157.467,156.896,157.149,116601
2025-01-05 00:00:00+00:00,157.131,157.522,157.131,157.502,2255
2025-01-06 00:00:00+00:00,157.55,157.951,156.264,157.738,135701
2025-01-07 00:00:00+00:00,157.822,158.401,157.398,158.219,147668
2025-01-08 00:00:00+00:00,158.217,158.547,157.917,158.191,133076
2025-01-09 00:00:00+00:00,158.152,158.317,157.58,158.042,101980
2025-01-10 00:00:00+00:00,158.076,158.829,157.25,157.631,143941
2025-01-12 00:00:00+00:00,157.702,157.907,157.672,157.904,2206
2025-01-13 00:00:00+00:00,157.919,157.951,156.921,157.307,132264
2025-01-14 00:00:00+00:00,157.229,158.183,157.154,158.047,139260
2025-01-15 00:00:00+00:00,158.007,158.06,155.955,156.216,145252
2025-01-16 00:00:00+00:00,156.243,156.481,155.1,155.367,150958
2025-01-17 00:00:00+00:00,155.408,156.368,155.009,156.293,124897
2025-01-19 00:00:00+00:00,156.19,156.559,156.19,156.305,2393
2025-01-20 00:00:00+00:00,156.337,156.449,155.179,155.272,122377
2025-01-21 00:00:00+00:00,155.21,156.105,154.779,155.737,146159
2025-01-22 00:00:00+00:00,155.701,156.705,155.373,156.433,134596
2025-01-23 00:00:00+00:00,156.408,156.745,155.755,156.132,131748
2025-01-24 00:00:00+00:00,156.115,156.56,154.892,156.012,162181
2025-01-26 00:00:00+00:00,155.611,155.774,155.567,155.717,3026
2025-01-27 00:00:00+00:00,155.719,156.226,153.74,154.919,187468
2025-01-28 00:00:00+00:00,154.862,155.968,154.845,155.557,151899
2025-01-29 00:00:00+00:00,155.546,155.784,154.95,155.178,150951
2025-01-30 00:00:00+00:00,155.154,155.154,153.809,154.082,160561
2025-01-31 00:00:00+00:00,154.108,155.198,153.929,155.167,159235
2025-02-02 00:00:00+00:00,154.752,155.417,154.752,155.344,4940
2025-02-03 00:00:00+00:00,155.457,155.853,154.033,155.266,183076
2025-02-04 00:00:00+00:00,155.244,155.486,154.039,154.127,148216
2025-02-05 00:00:00+00:00,154.141,154.344,152.119,152.644,166766
2025-02-06 00:00:00+00:00,152.553,152.863,151.161,151.161,153254
2025-02-07 00:00:00+00:00,151.221,152.308,150.952,151.403,163240
2025-02-09 00:00:00+00:00,151.481,151.872,151.262,151.872,3292
2025-02-10 00:00:00+00:00,151.847,152.528,151.575,151.788,134372
2025-02-11 00:00:00+00:00,151.749,152.757,151.686,152.732,125763
2025-02-12 00:00:00+00:00,152.779,154.782,152.779,154.231,147692
2025-02-13 00:00:00+00:00,154.251,154.649,152.71,152.979,156268
2025-02-14 00:00:00+00:00,152.96,153.071,152.027,152.299,133736
2025-02-16 00:00:00+00:00,152.231,152.37,151.989,152.003,2528
2025-02-17 00:00:00+00:00,151.99,152.111,151.275,151.436,130959
2025-02-18 00:00:00+00:00,151.446,152.204,151.446,151.919,159948
2025-02-19 00:00:00+00:00,151.902,152.312,151.127,151.218,169814
2025-02-20 00:00:00+00:00,151.21,151.211,149.328,149.474,194300
2025-02-21 00:00:00+00:00,149.602,150.715,148.95,149.277,194705
2025-02-23 00:00:00+00:00,149.181,149.402,149.099,149.402,3139
2025-02-24 00:00:00+00:00,149.376,149.904,148.851,149.901,209805
2025-02-25 00:00:00+00:00,149.93,150.289,148.577,149.047,228516
2025-02-26 00:00:00+00:00,149.032,149.879,148.654,148.871,217983
2025-02-27 00:00:00+00:00,148.85,150.151,148.795,150.084,224664
2025-02-28 00:00:00+00:00,150.121,150.972,149.126,150.618,242777
2025-03-02 00:00:00+00:00,150.785,151.011,150.643,150.804,3862
2025-03-03 00:00:00+00:00,150.905,151.298,149.109,149.301,251768
2025-03-04 00:00:00+00:00,149.476,149.962,148.102,149.814,302069
2025-03-05 00:00:00+00:00,149.8,150.168,148.406,148.882,282593
2025-03-06 00:00:00+00:00,148.944,149.301,147.33,148.149,282428
2025-03-07 00:00:00+00:00,148.068,148.181,146.971,148.027,267319
2025-03-09 00:00:00+00:00,147.874,147.874,147.4,147.584,7641
2025-03-10 00:00:00+00:00,147.609,147.779,146.645,147.07,254592
2025-03-11 00:00:00+00:00,147.033,148.087,146.556,148.049,277320
2025-03-12 00:00:00+00:00,148.024,149.187,147.847,148.288,227082
2025-03-13 00:00:00+00:00,148.264,148.359,147.419,147.932,227095
2025-03-14 00:00:00+00:00,147.94,149.002,147.848,148.63,187789
2025-03-16 00:00:00+00:00,148.626,148.84,148.479,148.602,5812
2025-03-17 00:00:00+00:00,148.526,149.392,148.408,149.392,190274
2025-03-18 00:00:00+00:00,149.391,149.932,149.107,149.434,176645
2025-03-19 00:00:00+00:00,149.403,150.133,148.458,148.458,171355
2025-03-20 00:00:00+00:00,148.44,148.945,148.183,148.617,181657
2025-03-21 00:00:00+00:00,148.632,149.635,148.58,149.307,169768
2025-03-23 00:00:00+00:00,149.221,149.681,149.221,149.66,4805
2025-03-24 00:00:00+00:00,149.696,150.844,149.476,150.774,158908
2025-03-25 00:00:00+00:00,150.835,150.937,149.546,149.939,153385
2025-03-26 00:00:00+00:00,149.927,150.742,149.837,150.468,166797
2025-03-27 00:00:00+00:00,150.512,151.144,150.059,150.85,180118
2025-03-28 00:00:00+00:00,150.861,151.199,149.687,149.838,177300
2025-03-30 00:00:00+00:00,149.726,149.726,149.322,149.617,7031
2025-03-31 00:00:00+00:00,149.564,150.262,148.711,149.943,227016
2025-04-01 00:00:00+00:00,149.898,149.98,148.977,149.749,212377
2025-04-02 00:00:00+00:00,149.743,150.318,147.743,147.88,217799
2025-04-03 00:00:00+00:00,147.901,148.318,145.338,146.252,199300
2025-04-04 00:00:00+00:00,146.253,147.374,144.602,146.984,179968
2025-04-06 00:00:00+00:00,145.482,145.608,144.885,145.436,13839
2025-04-07 00:00:00+00:00,145.413,148.134,145.095,147.789,362416
2025-04-08 00:00:00+00:00,147.636,147.934,145.628,145.85,325755
2025-04-09 00:00:00+00:00,145.809,148.184,144.045,147.399,349500
2025-04-10 00:00:00+00:00,147.416,147.432,143.727,143.747,322158
2025-04-11 00:00:00+00:00,143.646,144.183,142.1,143.72,304496
2025-04-13 00:00:00+00:00,143.855,144.024,143.531,143.696,9270
2025-04-14 00:00:00+00:00,143.591,144.049,142.253,143.215,260392
2025-04-15 00:00:00+00:00,143.212,143.582,142.617,143.158,215749
2025-04-16 00:00:00+00:00,143.085,143.097,141.626,141.924,227860
2025-04-17 00:00:00+00:00,141.938,143.03,141.91,142.382,209983
2025-04-20 00:00:00+00:00,142.084,142.084,141.504,141.587,7408
2025-04-21 00:00:00+00:00,141.453,141.467,140.508,140.867,207851
2025-04-22 00:00:00+00:00,140.883,143.174,139.901,142.694,252086
2025-04-23 00:00:00+00:00,142.604,143.53,141.538,143.195,267332
2025-04-24 00:00:00+00:00,143.212,143.317,142.299,142.847,221479
2025-04-25 00:00:00+00:00,142.847,144.023,142.839,143.657,217825
2025-04-27 00:00:00+00:00,143.61,143.848,143.535,143.846,5525
2025-04-28 00:00:00+00:00,143.759,143.876,141.962,142.181,202486
2025-04-29 00:00:00+00:00,142.156,142.751,141.985,142.255,202662
2025-04-30 00:00:00+00:00,142.263,143.186,142.188,143.017,208429
2025-05-01 00:00:00+00:00,142.957,145.724,142.889,145.405,204894
2025-05-02 00:00:00+00:00,145.342,145.903,143.74,144.959,234238
2025-05-04 00:00:00+00:00,144.664,144.983,144.518,144.645,5261
2025-05-05 00:00:00+00:00,144.669,144.776,143.549,143.701,195282
2025-05-06 00:00:00+00:00,143.721,144.253,142.355,143.086,205247
2025-05-07 00:00:00+00:00,143.035,143.984,142.767,143.861,214574
2025-05-08 00:00:00+00:00,143.931,146.165,143.447,145.945,225545
2025-05-09 00:00:00+00:00,145.925,146.184,144.856,145.354,181390
2025-05-11 00:00:00+00:00,146.112,146.163,145.703,145.835,6408
2025-05-12 00:00:00+00:00,145.824,148.638,145.72,148.254,236865
2025-05-13 00:00:00+00:00,148.201,148.214,147.318,147.518,206136
2025-05-14 00:00:00+00:00,147.499,147.646,145.643,146.635,224651
2025-05-15 00:00:00+00:00,146.68,146.729,145.426,145.564,206278
2025-05-16 00:00:00+00:00,145.557,146.069,144.922,145.578,172189
2025-05-18 00:00:00+00:00,145.181,145.436,145.137,145.233,2432
2025-05-19 00:00:00+00:00,145.279,145.336,144.674,144.973,203295
2025-05-20 00:00:00+00:00,145.005,145.457,144.102,144.317,194959
2025-05-21 00:00:00+00:00,144.303,144.336,143.288,143.691,227356
2025-05-22 00:00:00+00:00,143.651,144.31,142.831,143.854,217600
2025-05-23 00:00:00+00:00,143.852,143.991,142.448,142.52,206607
2025-05-25 00:00:00+00:00,142.436,143.052,142.349,142.823,6306
2025-05-26 00:00:00+00:00,142.774,143.023,142.228,142.626,132020
2025-05-27 00:00:00+00:00,142.574,144.449,142.128,144.132,197064
2025-05-28 00:00:00+00:00,144.084,146.005,143.87,145.717,206120
2025-05-29 00:00:00+00:00,145.841,146.268,143.749,143.749,225142
2025-05-30 00:00:00+00:00,143.712,144.403,143.44,143.99,215171
2025-06-01 00:00:00+00:00,143.851,143.977,143.73,143.79,4592
2025-06-02 00:00:00+00:00,143.744,143.744,142.41,142.423,214888
2025-06-03 00:00:00+00:00,142.455,144.098,142.455,143.818,186455
2025-06-04 00:00:00+00:00,143.824,144.349,142.543,142.722,190523
2025-06-05 00:00:00+00:00,142.7,143.958,142.596,143.551,217541
2025-06-06 00:00:00+00:00,143.597,145.086,143.547,144.844,191482
2025-06-08 00:00:00+00:00,144.799,144.799,144.605,144.689,3544
2025-06-09 00:00:00+00:00,144.678,144.934,143.984,144.56,170613
2025-06-10 00:00:00+00:00,144.581,145.266,144.4,144.838,192273
2025-06-11 00:00:00+00:00,144.855,145.413,144.123,144.183,204675
2025-06-12 00:00:00+00:00,144.136,144.325,143.09,143.09,221549
2025-06-13 00:00:00+00:00,143.177,144.446,142.842,144.01,244910
2025-06-15 00:00:00+00:00,144.091,144.091,144.091,144.091,1
2025-06-16 00:00:00+00:00,144.53,144.878,143.664,144.683,203029
2025-06-17 00:00:00+00:00,144.77,145.428,144.409,145.387,214021
2025-06-18 00:00:00+00:00,145.421,145.424,144.486,144.95,212577
2025-06-19 00:00:00+00:00,144.964,145.767,144.778,145.228,172198
2025-06-20 00:00:00+00:00,145.221,146.199,145.138,146.092,176101
2025-06-22 00:00:00+00:00,146.575,146.638,146.207,146.208,6206
2025-06-23 00:00:00+00:00,146.176,147.993,145.707,145.917,244087
2025-06-24 00:00:00+00:00,145.859,145.916,144.517,144.929,215502
2025-06-25 00:00:00+00:00,144.901,145.944,144.616,144.911,191994
2025-06-26 00:00:00+00:00,144.894,144.931,143.776,144.682,218017
2025-06-27 00:00:00+00:00,144.637,144.941,144.212,144.651,203295
2025-06-29 00:00:00+00:00,144.315,144.654,144.315,144.501,4922
2025-06-30 00:00:00+00:00,144.512,144.729,143.786,143.802,206047
2025-07-01 00:00:00+00:00,143.752,143.923,142.712,143.37,218074
2025-07-02 00:00:00+00:00,143.423,144.229,143.423,143.52,196817
2025-07-03 00:00:00+00:00,143.494,145.206,143.462,144.706,185266
2025-07-04 00:00:00+00:00,144.759,144.783,144.189,144.468,136544
2025-07-06 00:00:00+00:00,144.386,144.62,144.363,144.483,3778
2025-07-07 00:00:00+00:00,144.457,146.241,144.226,145.875,186363
2025-07-08 00:00:00+00:00,145.916,146.975,145.829,146.865,214241
2025-07-09 00:00:00+00:00,146.879,147.171,146.085,146.104,197537
2025-07-10 00:00:00+00:00,146.088,146.756,145.758,146.275,193217
2025-07-11 00:00:00+00:00,146.257,147.512,146.257,147.415,201959
2025-07-13 00:00:00+00:00,147.128,147.558,147.128,147.292,6150
2025-07-14 00:00:00+00:00,147.267,147.879,146.872,147.781,164540
2025-07-15 00:00:00+00:00,147.771,149.015,147.555,148.775,181205
2025-07-16 00:00:00+00:00,148.781,149.169,146.986,147.991,200147
2025-07-17 00:00:00+00:00,148.003,149.007,148.003,148.44,190965
2025-07-18 00:00:00+00:00,148.436,148.857,148.215,148.827,163877
2025-07-20 00:00:00+00:00,147.9,148.648,147.9,148.45,5222
2025-07-21 00:00:00+00:00,148.42,148.544,147.102,147.396,157631
2025-07-22 00:00:00+00:00,147.457,147.941,146.328,146.758,166203
2025-07-23 00:00:00+00:00,146.735,147.198,146.122,146.343,189037
2025-07-24 00:00:00+00:00,146.336,147.218,145.852,147.003,189771
2025-07-25 00:00:00+00:00,147.02,147.921,146.865,147.664,176972
2025-07-27 00:00:00+00:00,147.688,147.87,147.63,147.778,4787
2025-07-28 00:00:00+00:00,147.756,148.629,147.521,148.455,183477
2025-07-29 00:00:00+00:00,148.47,148.779,148.155,148.419,185024
2025-07-30 00:00:00+00:00,148.383,149.524,147.822,149.219,211327
2025-07-31 00:00:00+00:00,149.211,150.865,148.616,150.806,207836
2025-08-01 00:00:00+00:00,150.843,150.904,147.298,147.36,239421
2025-08-03 00:00:00+00:00,147.233,147.363,147.056,147.344,6022
2025-08-04 00:00:00+00:00,147.29,148.074,146.717,146.79,202092
2025-08-05 00:00:00+00:00,146.737,147.824,146.61,147.525,183405
2025-08-06 00:00:00+00:00,147.52,147.873,146.979,147.197,178614
2025-08-07 00:00:00+00:00,147.26,147.694,146.701,146.8,206254
2025-08-08 00:00:00+00:00,146.739,147.887,146.739,147.728,175740
2025-08-10 00:00:00+00:00,147.477,147.784,147.477,147.652,3189
2025-08-11 00:00:00+00:00,147.647,148.251,147.353,148.148,152380
2025-08-12 00:00:00+00:00,148.182,148.508,147.585,147.768,185206
2025-08-13 00:00:00+00:00,147.78,148.154,147.104,147.115,170324
2025-08-14 00:00:00+00:00,147.069,147.951,146.233,147.678,197041
2025-08-15 00:00:00+00:00,147.667,147.706,146.759,147.14,163502
2025-08-17 00:00:00+00:00,147.148,147.366,147.074,147.226,5808
2025-08-18 00:00:00+00:00,147.268,147.982,147.139,147.916,219601
2025-08-19 00:00:00+00:00,147.907,148.096,147.446,147.733,225899
2025-08-20 00:00:00+00:00,147.706,147.805,146.883,147.297,225650
2025-08-21 00:00:00+00:00,147.256,148.436,147.256,148.383,230547
2025-08-22 00:00:00+00:00,148.421,148.772,146.576,146.904,243899
2025-08-24 00:00:00+00:00,146.842,147.292,146.825,147.263,7419
2025-08-25 00:00:00+00:00,147.332,147.915,147.098,147.809,217322
2025-08-26 00:00:00+00:00,147.827,147.9,147.0,147.467,271950
2025-08-27 00:00:00+00:00,147.476,148.164,147.199,147.33,253393
2025-08-28 00:00:00+00:00,147.329,147.469,146.662,146.827,263345
2025-08-29 00:00:00+00:00,146.877,147.391,146.782,147.04,278968
2025-08-31 00:00:00+00:00,147.022,147.175,146.954,147.112,5454
2025-09-01 00:00:00+00:00,147.152,147.375,146.783,147.085,221050
2025-09-02 00:00:00+00:00,147.106,148.924,147.106,148.582,323873
2025-09-03 00:00:00+00:00,148.57,149.087,147.891,147.973,298523
2025-09-04 00:00:00+00:00,147.983,148.777,147.838,148.416,295347
2025-09-05 00:00:00+00:00,148.406,148.429,146.812,147.392,286003
2025-09-07 00:00:00+00:00,148.095,148.452,147.89,148.313,13171
2025-09-08 00:00:00+00:00,148.385,148.544,147.221,147.368,284660
2025-09-09 00:00:00+00:00,147.355,147.467,146.307,147.389,292762
2025-09-10 00:00:00+00:00,147.393,147.609,147.193,147.345,268540
2025-09-11 00:00:00+00:00,147.389,147.984,147.003,147.223,264885
2025-09-12 00:00:00+00:00,147.226,148.059,147.168,147.663,248207
2025-09-14 00:00:00+00:00,147.562,147.84,147.556,147.67,5328
2025-09-15 00:00:00+00:00,147.643,147.682,147.235,147.395,249383
2025-09-16 00:00:00+00:00,147.4,147.535,146.276,146.406,304229
2025-09-17 00:00:00+00:00,146.394,147.036,145.559,146.876,273143
2025-09-18 00:00:00+00:00,146.931,148.264,146.848,147.957,293186
2025-09-19 00:00:00+00:00,147.926,148.266,147.225,147.935,279240
2025-09-21 00:00:00+00:00,147.863,148.104,147.863,148.095,5021
2025-09-22 00:00:00+00:00,148.122,148.375,147.654,147.727,254623
2025-09-23 00:00:00+00:00,147.728,147.912,147.459,147.599,261501
2025-09-24 00:00:00+00:00,147.541,148.905,147.524,148.778,245234
2025-09-25 00:00:00+00:00,148.705,149.939,148.566,149.873,269794
2025-09-26 00:00:00+00:00,149.827,149.935,149.413,149.492,249584
2025-09-28 00:00:00+00:00,149.422,149.503,149.334,149.411,5811
2025-09-29 00:00:00+00:00,149.347,149.347,148.472,148.613,245516
2025-09-30 00:00:00+00:00,148.611,148.826,147.657,148.022,274391
2025-10-01 00:00:00+00:00,148.066,148.207,146.616,147.105,280098
2025-10-02 00:00:00+00:00,147.149,147.507,146.6,147.153,245009
2025-10-03 00:00:00+00:00,147.185,147.794,147.185,147.437,226331
2025-10-05 00:00:00+00:00,149.495,149.639,149.042,149.58,13113
2025-10-06 00:00:00+00:00,149.519,150.469,149.447,150.36,289968
2025-10-07 00:00:00+00:00,150.389,152.069,150.269,152.053,259310
2025-10-08 00:00:00+00:00,152.135,152.991,152.135,152.706,265306
2025-10-09 00:00:00+00:00,152.675,153.267,152.335,153.02,285819
2025-10-10 00:00:00+00:00,153.053,153.154,151.152,151.152,300883
2025-10-12 00:00:00+00:00,151.823,152.231,151.752,152.063,15101
2025-10-13 00:00:00+00:00,152.041,152.451,151.728,152.451,252333
2025-10-14 00:00:00+00:00,152.488,152.592,151.617,151.707,331167
2025-10-15 00:00:00+00:00,151.646,151.811,150.801,150.983,295703
2025-10-16 00:00:00+00:00,151.067,151.391,150.05,150.143,316145
2025-10-17 00:00:00+00:00,150.094,150.632,149.415,150.632,336108
2025-10-19 00:00:00+00:00,150.392,150.938,150.367,150.914,10010
2025-10-20 00:00:00+00:00,150.916,151.189,150.283,150.805,288441
2025-10-21 00:00:00+00:00,150.828,152.162,150.503,151.873,313725
2025-10-22 00:00:00+00:00,151.843,152.026,151.495,151.976,303165
2025-10-23 00:00:00+00:00,151.984,152.795,151.984,152.598,257461
2025-10-24 00:00:00+00:00,152.585,153.057,152.363,152.864,240812
2025-10-26 00:00:00+00:00,152.727,153.17,152.727,153.061,8935
2025-10-27 00:00:00+00:00,152.984,153.243,152.582,152.692,252527
2025-10-28 00:00:00+00:00,152.66,152.729,151.729,151.729,281780
2025-10-29 00:00:00+00:00,151.706,153.018,151.549,152.722,281463
2025-10-30 00:00:00+00:00,152.765,154.435,152.185,153.904,297574
2025-10-31 00:00:00+00:00,153.878,154.376,153.656,153.968,248536
2025-11-02 00:00:00+00:00,154.0750000000001,154.236,153.991,154.195,4346
2025-11-03 00:00:00+00:00,154.182,154.285,153.945,154.21,209408
2025-11-04 00:00:00+00:00,154.241,154.461,153.318,153.544,285298
2025-11-05 00:00:00+00:00,153.529,154.345,152.98,154.086,284344
2025-11-06 00:00:00+00:00,154.097,154.132,152.834,152.948,260679
2025-11-07 00:00:00+00:00,152.908,153.579,152.855,153.422,292377
2025-11-09 00:00:00+00:00,153.765,153.842,153.617,153.817,5068
2025-11-10 00:00:00+00:00,153.546,154.239,153.546,154.148,260968
2025-11-11 00:00:00+00:00,154.169,154.458,153.675,154.075,250224
2025-11-12 00:00:00+00:00,154.053,155.022,154.053,154.701,263103
2025-11-13 00:00:00+00:00,154.717,154.985,154.147,154.626,163251
2025-11-14 00:00:00+00:00,154.622,154.745,153.65,154.541,279005
2025-11-16 00:00:00+00:00,154.02,154.623,154.02,154.59,4258
2025-11-17 00:00:00+00:00,154.609,155.292,154.414,155.273,256390
2025-11-18 00:00:00+00:00,155.25,155.722,154.832,155.524,320985
2025-11-19 00:00:00+00:00,155.566,157.17,155.221,156.99,315132
2025-11-20 00:00:00+00:00,156.965,157.877,156.878,157.381,336116
2025-11-21 00:00:00+00:00,157.46,157.523,156.246,156.38,330235
2025-11-23 00:00:00+00:00,156.561,156.689,156.315,156.679,3834
2025-11-24 00:00:00+00:00,156.663,157.174,156.499,156.902,245071
2025-11-25 00:00:00+00:00,156.89,156.959,155.802,156.191,259461
2025-11-26 00:00:00+00:00,156.155,156.727,155.661,156.217,267086
2025-11-27 00:00:00+00:00,156.209,156.396,155.728,156.282,181847
2025-11-28 00:00:00+00:00,156.276,156.574,155.99,156.122,263674
2025-11-30 00:00:00+00:00,156.039,156.116,155.901,155.901,4377
2025-12-01 00:00:00+00:00,155.88,155.909,154.683,155.556,279134
2025-12-02 00:00:00+00:00,155.522,156.169,155.46,155.756,259282
2025-12-03 00:00:00+00:00,155.765,155.799,155.012,155.111,244884
2025-12-04 00:00:00+00:00,155.056,155.529,154.523,155.126,283844
2025-12-05 00:00:00+00:00,155.141,155.47,154.364,155.359,264077
2025-12-07 00:00:00+00:00,155.235,155.371,155.141,155.306,3863
2025-12-08 00:00:00+00:00,155.258,155.975,154.895,155.838,247067
2025-12-09 00:00:00+00:00,155.811,156.95,155.745,156.814,265556
2025-12-10 00:00:00+00:00,156.79,156.932,155.635,155.744,262325
2025-12-11 00:00:00+00:00,155.765,156.15,154.951,155.496,305025
2025-12-12 00:00:00+00:00,155.466,156.117,155.454,155.822,256100
2025-12-14 00:00:00+00:00,155.864,155.904,155.752,155.859,2573
2025-12-15 00:00:00+00:00,155.882,155.971,154.858,155.024,262591
2025-12-16 00:00:00+00:00,154.998,155.109,154.473,154.776,312357
2025-12-17 00:00:00+00:00,154.712,155.741,154.514,155.48,297438
2025-12-18 00:00:00+00:00,155.483,155.965,155.29,155.567,277054
2025-12-19 00:00:00+00:00,155.608,157.769,155.595,157.75,307646
2025-12-21 00:00:00+00:00,157.674,157.682,157.386,157.609,4212
2025-12-22 00:00:00+00:00,157.61,157.641,156.717,156.911,265304
2025-12-23 00:00:00+00:00,156.866,156.866,155.666,156.162,279177
2025-12-24 00:00:00+00:00,156.076,156.252,155.575,156.011,206625
2025-12-25 00:00:00+00:00,155.69,156.117,155.65,156.099,7348
2025-12-26 00:00:00+00:00,156.163,156.712,156.005,156.573,228186
2025-12-28 00:00:00+00:00,156.5,156.526,156.407,156.474,3153
2025-12-29 00:00:00+00:00,156.276,156.507,155.934,156.015,253704
2025-12-30 00:00:00+00:00,155.951,156.551,155.739,156.394,239001
2025-12-31 00:00:00+00:00,156.371,156.986,156.324,156.874,182093
2026-01-01 00:00:00+00:00,156.701,156.871,156.547,156.719,4541
